# Blender 4.0.0
# www.blender.org
o GlassCup022_Clear
v 0.009023 -0.024049 -0.047201
v 0.017539 -0.018765 -0.047201
v 0.023385 -0.010625 -0.047201
v 0.033820 -0.001077 0.037010
v 0.030833 -0.013937 0.037010
v 0.023153 -0.024676 0.037010
v 0.011947 -0.031658 0.037010
v 0.011764 -0.031262 0.036059
v 0.030424 -0.013788 0.036059
v 0.022832 -0.024381 0.036059
v 0.009220 -0.024501 -0.045569
v 0.023844 -0.010806 -0.045569
v 0.017894 -0.019108 -0.045569
v 0.001654 -0.025632 -0.047201
v 0.004158 -0.025347 -0.047201
v 0.006622 -0.024817 -0.047201
v 0.011337 -0.023048 -0.047201
v 0.013541 -0.021826 -0.047201
v 0.015615 -0.020394 -0.047201
v 0.019294 -0.016955 -0.047201
v 0.020863 -0.014983 -0.047201
v 0.022231 -0.012866 -0.047201
v 0.024314 -0.008281 -0.047201
v 0.025009 -0.005858 -0.047201
v 0.025462 -0.003379 -0.047201
v 0.008787 -0.032676 0.037010
v 0.005541 -0.033380 0.037010
v 0.002243 -0.033763 0.037010
v 0.020622 -0.026826 0.037010
v 0.017894 -0.028719 0.037010
v 0.014993 -0.030334 0.037010
v 0.029319 -0.016893 0.037010
v 0.027522 -0.019685 0.037010
v 0.025460 -0.022288 0.037010
v 0.033551 -0.004387 0.037010
v 0.032960 -0.007654 0.037010
v 0.032051 -0.010848 0.037010
v 0.011072 -0.031400 0.036059
v 0.005323 -0.032255 0.036059
v -0.000396 -0.033292 0.036059
v 0.022245 -0.024773 0.036059
v 0.017261 -0.027762 0.036059
v 0.012375 -0.030909 0.036059
v 0.030032 -0.014374 0.036059
v 0.026571 -0.019044 0.036059
v 0.023261 -0.023821 0.036059
v 0.033247 -0.001787 0.036059
v 0.031837 -0.007426 0.036059
v 0.030607 -0.013106 0.036059
v 0.008677 -0.024609 -0.045569
v 0.004172 -0.025279 -0.045569
v -0.000310 -0.026092 -0.045569
v 0.017434 -0.019415 -0.045569
v 0.013528 -0.021758 -0.045569
v 0.009698 -0.024225 -0.045569
v 0.023537 -0.011265 -0.045569
v 0.020825 -0.014925 -0.045569
v 0.018230 -0.018669 -0.045569
v 0.026056 -0.001401 -0.045569
v 0.024951 -0.005820 -0.045569
v 0.023987 -0.010272 -0.045569
v -0.003379 -0.025462 -0.047201
v -0.005858 -0.025009 -0.047201
v -0.005820 -0.024951 -0.045569
v -0.001401 -0.026056 -0.045569
v -0.012866 -0.022231 -0.047201
v -0.014983 -0.020863 -0.047201
v -0.014925 -0.020825 -0.045569
v -0.011265 -0.023537 -0.045569
v -0.020394 -0.015615 -0.047201
v -0.021826 -0.013541 -0.047201
v -0.021758 -0.013528 -0.045569
v -0.019415 -0.017434 -0.045569
v -0.024817 -0.006622 -0.047201
v -0.025347 -0.004158 -0.047201
v -0.025279 -0.004172 -0.045569
v -0.024609 -0.008677 -0.045569
v -0.007654 -0.032960 0.037010
v -0.010848 -0.032051 0.037010
v -0.019685 -0.027522 0.037010
v -0.022288 -0.025460 0.037010
v -0.028719 -0.017894 0.037010
v -0.030334 -0.014993 0.037010
v -0.033380 -0.005541 0.037010
v -0.033763 -0.002243 0.037010
v -0.007426 -0.031837 0.036059
v -0.013106 -0.030607 0.036059
v -0.019044 -0.026571 0.036059
v -0.023821 -0.023261 0.036059
v -0.027763 -0.017261 0.036059
v -0.030910 -0.012375 0.036059
v -0.032255 -0.005323 0.036059
v -0.033292 0.000396 0.036059
v -0.010272 -0.023987 -0.045569
v -0.018669 -0.018230 -0.045569
v -0.024225 -0.009698 -0.045569
v -0.026092 0.000310 -0.045569
v -0.008281 -0.024314 -0.047201
v -0.010625 -0.023385 -0.047201
v -0.010806 -0.023844 -0.045569
v -0.000858 -0.026164 -0.045569
v -0.000867 -0.025671 -0.047201
v -0.016955 -0.019294 -0.047201
v -0.018765 -0.017539 -0.047201
v -0.019108 -0.017894 -0.045569
v -0.023048 -0.011337 -0.047201
v -0.024049 -0.009023 -0.047201
v -0.024501 -0.009220 -0.045569
v -0.025632 -0.001654 -0.047201
v -0.026164 0.000858 -0.045569
v -0.001077 -0.033820 0.037010
v -0.004387 -0.033551 0.037010
v -0.013937 -0.030833 0.037010
v -0.016893 -0.029319 0.037010
v -0.024676 -0.023153 0.037010
v -0.026826 -0.020622 0.037010
v -0.031658 -0.011947 0.037010
v -0.032676 -0.008787 0.037010
v -0.033820 0.001077 0.037010
v -0.001095 -0.033385 0.036059
v -0.001787 -0.033247 0.036059
v -0.013788 -0.030424 0.036059
v -0.014374 -0.030032 0.036059
v -0.024381 -0.022832 0.036059
v -0.024773 -0.022245 0.036059
v -0.031262 -0.011764 0.036059
v -0.031400 -0.011072 0.036059
v 0.003379 0.025462 -0.047201
v 0.005858 0.025009 -0.047201
v 0.005820 0.024951 -0.045569
v 0.001401 0.026056 -0.045569
v 0.012866 0.022231 -0.047201
v 0.014983 0.020863 -0.047201
v 0.014925 0.020825 -0.045569
v 0.011265 0.023537 -0.045569
v 0.020394 0.015615 -0.047201
v 0.021826 0.013541 -0.047201
v 0.021758 0.013528 -0.045569
v 0.019415 0.017434 -0.045569
v 0.024817 0.006622 -0.047201
v 0.025347 0.004158 -0.047201
v 0.025279 0.004172 -0.045569
v 0.024609 0.008677 -0.045569
v 0.007654 0.032960 0.037010
v 0.010848 0.032051 0.037010
v 0.019685 0.027522 0.037010
v 0.022288 0.025460 0.037010
v 0.028719 0.017894 0.037010
v 0.030334 0.014993 0.037010
v 0.033380 0.005541 0.037010
v 0.033763 0.002243 0.037010
v 0.007426 0.031837 0.036059
v 0.013106 0.030607 0.036059
v 0.019044 0.026571 0.036059
v 0.023821 0.023261 0.036059
v 0.027763 0.017261 0.036059
v 0.030910 0.012375 0.036059
v 0.032255 0.005323 0.036059
v 0.033292 -0.000396 0.036059
v 0.010272 0.023987 -0.045569
v 0.018669 0.018230 -0.045569
v 0.024225 0.009698 -0.045569
v 0.026092 -0.000310 -0.045569
v 0.008281 0.024314 -0.047201
v 0.010625 0.023385 -0.047201
v 0.010806 0.023844 -0.045569
v 0.000858 0.026164 -0.045569
v 0.000867 0.025671 -0.047201
v 0.016955 0.019294 -0.047201
v 0.018765 0.017539 -0.047201
v 0.019108 0.017894 -0.045569
v 0.023048 0.011337 -0.047201
v 0.024049 0.009023 -0.047201
v 0.024501 0.009220 -0.045569
v 0.025632 0.001654 -0.047201
v 0.025671 -0.000867 -0.047201
v 0.026164 -0.000858 -0.045569
v 0.001077 0.033820 0.037010
v 0.004387 0.033551 0.037010
v 0.013937 0.030833 0.037010
v 0.016893 0.029319 0.037010
v 0.024676 0.023153 0.037010
v 0.026826 0.020622 0.037010
v 0.031658 0.011947 0.037010
v 0.032676 0.008787 0.037010
v 0.001095 0.033385 0.036059
v 0.001787 0.033247 0.036059
v 0.013788 0.030424 0.036059
v 0.014374 0.030032 0.036059
v 0.024381 0.022832 0.036059
v 0.024773 0.022245 0.036059
v 0.031262 0.011764 0.036059
v 0.031400 0.011072 0.036059
v 0.033385 -0.001095 0.036059
v -0.001654 0.025632 -0.047201
v 0.000310 0.026092 -0.045569
v -0.004172 0.025279 -0.045569
v -0.004158 0.025347 -0.047201
v -0.011337 0.023048 -0.047201
v -0.009698 0.024225 -0.045569
v -0.013528 0.021758 -0.045569
v -0.013541 0.021826 -0.047201
v -0.019294 0.016955 -0.047201
v -0.018230 0.018669 -0.045569
v -0.020825 0.014925 -0.045569
v -0.020863 0.014983 -0.047201
v -0.024314 0.008281 -0.047201
v -0.023987 0.010272 -0.045569
v -0.024951 0.005820 -0.045569
v -0.025009 0.005858 -0.047201
v -0.008787 0.032676 0.037010
v -0.005541 0.033380 0.037010
v -0.020622 0.026826 0.037010
v -0.017894 0.028719 0.037010
v -0.029319 0.016893 0.037010
v -0.027522 0.019685 0.037010
v -0.033551 0.004387 0.037010
v -0.032960 0.007654 0.037010
v -0.011072 0.031400 0.036059
v -0.005323 0.032255 0.036059
v -0.022245 0.024773 0.036059
v -0.017261 0.027762 0.036059
v -0.030032 0.014374 0.036059
v -0.026571 0.019044 0.036059
v -0.033247 0.001787 0.036059
v -0.031837 0.007426 0.036059
v -0.008677 0.024609 -0.045569
v -0.017434 0.019415 -0.045569
v -0.023537 0.011265 -0.045569
v -0.026056 0.001401 -0.045569
v -0.006622 0.024817 -0.047201
v -0.009220 0.024501 -0.045569
v -0.009023 0.024049 -0.047201
v -0.015615 0.020394 -0.047201
v -0.017894 0.019108 -0.045569
v -0.017539 0.018765 -0.047201
v -0.022231 0.012866 -0.047201
v -0.023844 0.010806 -0.045569
v -0.023385 0.010625 -0.047201
v -0.025462 0.003379 -0.047201
v -0.025671 0.000867 -0.047201
v -0.002243 0.033763 0.037010
v -0.011947 0.031658 0.037010
v -0.014993 0.030334 0.037010
v -0.023153 0.024676 0.037010
v -0.025460 0.022288 0.037010
v -0.030833 0.013937 0.037010
v -0.032051 0.010848 0.037010
v 0.000396 0.033292 0.036059
v -0.011764 0.031262 0.036059
v -0.012375 0.030909 0.036059
v -0.022832 0.024381 0.036059
v -0.023261 0.023821 0.036059
v -0.030424 0.013788 0.036059
v -0.030607 0.013106 0.036059
v -0.033385 0.001095 0.036059
v 0.023584 0.023030 0.032308
v 0.018854 0.026307 0.032308
v 0.014231 0.029734 0.032308
v 0.013651 0.030122 0.032308
v 0.012976 0.030302 0.032308
v 0.007352 0.031520 0.032308
v 0.001769 0.032916 0.032308
v 0.001084 0.033053 0.032308
v 0.000392 0.032961 0.032308
v -0.005270 0.031934 0.032308
v -0.010962 0.031088 0.032308
v -0.011647 0.030952 0.032308
v -0.012252 0.030602 0.032308
v -0.017090 0.027487 0.032308
v -0.022024 0.024526 0.032308
v -0.022605 0.024139 0.032308
v -0.023030 0.023584 0.032308
v -0.026307 0.018854 0.032308
v -0.029734 0.014231 0.032308
v -0.030122 0.013651 0.032308
v -0.030302 0.012976 0.032308
v -0.031520 0.007352 0.032308
v -0.032916 0.001769 0.032308
v -0.033053 0.001084 0.032308
v -0.032961 0.000392 0.032308
v -0.031934 -0.005270 0.032308
v -0.031088 -0.010962 0.032308
v -0.030952 -0.011647 0.032308
v -0.030602 -0.012252 0.032308
v -0.027487 -0.017090 0.032308
v -0.024526 -0.022024 0.032308
v -0.024139 -0.022605 0.032308
v -0.023584 -0.023030 0.032308
v -0.018854 -0.026307 0.032308
v -0.014231 -0.029734 0.032308
v -0.013651 -0.030122 0.032308
v -0.012976 -0.030302 0.032308
v -0.007352 -0.031520 0.032308
v -0.001769 -0.032916 0.032308
v -0.001084 -0.033053 0.032308
v -0.000392 -0.032961 0.032308
v 0.005270 -0.031934 0.032308
v 0.010962 -0.031088 0.032308
v 0.011647 -0.030952 0.032308
v 0.012252 -0.030602 0.032308
v 0.017090 -0.027487 0.032308
v 0.022024 -0.024526 0.032308
v 0.022605 -0.024139 0.032308
v 0.023030 -0.023584 0.032308
v 0.026307 -0.018854 0.032308
v 0.029734 -0.014231 0.032308
v 0.030122 -0.013651 0.032308
v 0.030302 -0.012976 0.032308
v 0.031520 -0.007352 0.032308
v 0.032916 -0.001769 0.032308
v 0.033053 -0.001084 0.032308
v 0.032961 -0.000392 0.032308
v 0.031934 0.005270 0.032308
v 0.031088 0.010962 0.032308
v 0.030952 0.011647 0.032308
v 0.030602 0.012252 0.032308
v 0.027487 0.017090 0.032308
v 0.024526 0.022024 0.032308
v 0.024139 0.022605 0.032308
v 0.022331 0.025509 0.037745
v 0.019723 0.027575 0.037745
v 0.016925 0.029376 0.037745
v 0.013965 0.030893 0.037745
v 0.010869 0.032113 0.037745
v 0.007669 0.033024 0.037745
v 0.004395 0.033617 0.037745
v 0.001079 0.033886 0.037745
v -0.002247 0.033828 0.037745
v -0.005552 0.033445 0.037745
v -0.008804 0.032740 0.037745
v -0.011970 0.031719 0.037745
v -0.015022 0.030393 0.037745
v -0.017929 0.028774 0.037745
v -0.020663 0.026879 0.037745
v -0.023198 0.024724 0.037745
v -0.025509 0.022331 0.037745
v -0.027575 0.019723 0.037745
v -0.029376 0.016925 0.037745
v -0.030893 0.013965 0.037745
v -0.032113 0.010869 0.037745
v -0.033024 0.007669 0.037745
v -0.033617 0.004395 0.037745
v -0.033886 0.001079 0.037745
v -0.033828 -0.002247 0.037745
v -0.033445 -0.005552 0.037745
v -0.032740 -0.008804 0.037745
v -0.031719 -0.011970 0.037745
v -0.030393 -0.015022 0.037745
v -0.028774 -0.017929 0.037745
v -0.026879 -0.020663 0.037745
v -0.024724 -0.023198 0.037745
v -0.022331 -0.025509 0.037745
v -0.019723 -0.027575 0.037745
v -0.016925 -0.029376 0.037745
v -0.013965 -0.030893 0.037745
v -0.010869 -0.032113 0.037745
v -0.007669 -0.033024 0.037745
v -0.004395 -0.033617 0.037745
v -0.001079 -0.033886 0.037745
v 0.002247 -0.033828 0.037745
v 0.005552 -0.033445 0.037745
v 0.008804 -0.032740 0.037745
v 0.011970 -0.031719 0.037745
v 0.015022 -0.030393 0.037745
v 0.017929 -0.028774 0.037745
v 0.020663 -0.026879 0.037745
v 0.023198 -0.024724 0.037745
v 0.025509 -0.022331 0.037745
v 0.027575 -0.019723 0.037745
v 0.029376 -0.016925 0.037745
v 0.030893 -0.013965 0.037745
v 0.032113 -0.010869 0.037745
v 0.033024 -0.007669 0.037745
v 0.033617 -0.004395 0.037745
v 0.033886 -0.001079 0.037745
v 0.033828 0.002247 0.037745
v 0.033445 0.005552 0.037745
v 0.032740 0.008804 0.037745
v 0.031719 0.011970 0.037745
v 0.030393 0.015022 0.037745
v 0.028775 0.017929 0.037745
v 0.026879 0.020663 0.037745
v 0.024724 0.023198 0.037745
v 0.008699 -0.023186 -0.048848
v 0.016910 -0.018092 -0.048848
v 0.022546 -0.010243 -0.048848
v 0.001594 -0.024713 -0.048848
v 0.004009 -0.024437 -0.048848
v 0.006385 -0.023927 -0.048848
v 0.010930 -0.022221 -0.048848
v 0.013056 -0.021043 -0.048848
v 0.015055 -0.019662 -0.048848
v 0.018602 -0.016347 -0.048848
v 0.020115 -0.014445 -0.048848
v 0.021434 -0.012404 -0.048848
v 0.023442 -0.007984 -0.048848
v 0.024111 -0.005648 -0.048848
v 0.024549 -0.003258 -0.048848
v -0.003258 -0.024549 -0.048848
v -0.005648 -0.024111 -0.048848
v -0.012404 -0.021434 -0.048848
v -0.014445 -0.020115 -0.048848
v -0.019662 -0.015055 -0.048848
v -0.021043 -0.013056 -0.048848
v -0.023927 -0.006385 -0.048848
v -0.024437 -0.004009 -0.048848
v -0.007984 -0.023442 -0.048848
v -0.010243 -0.022546 -0.048848
v -0.000836 -0.024750 -0.048848
v -0.016347 -0.018602 -0.048848
v -0.018092 -0.016910 -0.048848
v -0.022221 -0.010930 -0.048848
v -0.023186 -0.008699 -0.048848
v -0.024713 -0.001594 -0.048848
v 0.003258 0.024549 -0.048848
v 0.005648 0.024111 -0.048848
v 0.012404 0.021434 -0.048848
v 0.014445 0.020115 -0.048848
v 0.019662 0.015055 -0.048848
v 0.021043 0.013056 -0.048848
v 0.023927 0.006385 -0.048848
v 0.024437 0.004009 -0.048848
v 0.007984 0.023442 -0.048848
v 0.010243 0.022546 -0.048848
v 0.000836 0.024750 -0.048848
v 0.016347 0.018602 -0.048848
v 0.018092 0.016910 -0.048848
v 0.022221 0.010930 -0.048848
v 0.023186 0.008699 -0.048848
v 0.024713 0.001594 -0.048848
v 0.024750 -0.000836 -0.048848
v -0.001594 0.024713 -0.048848
v -0.004009 0.024437 -0.048848
v -0.010930 0.022221 -0.048848
v -0.013056 0.021043 -0.048848
v -0.018602 0.016347 -0.048848
v -0.020115 0.014445 -0.048848
v -0.023442 0.007984 -0.048848
v -0.024111 0.005648 -0.048848
v -0.006385 0.023927 -0.048848
v -0.008699 0.023186 -0.048848
v -0.015055 0.019662 -0.048848
v -0.016910 0.018092 -0.048848
v -0.021434 0.012404 -0.048848
v -0.022546 0.010243 -0.048848
v -0.024549 0.003258 -0.048848
v -0.024750 0.000836 -0.048848
v 0.007267 -0.019369 -0.050000
v 0.014127 -0.015114 -0.050000
v 0.018835 -0.008557 -0.050000
v 0.001332 -0.020645 -0.050000
v 0.003349 -0.020415 -0.050000
v 0.005334 -0.019988 -0.050000
v 0.009131 -0.018564 -0.050000
v 0.010907 -0.017579 -0.050000
v 0.012577 -0.016426 -0.050000
v 0.015540 -0.013656 -0.050000
v 0.016804 -0.012067 -0.050000
v 0.017906 -0.010362 -0.050000
v 0.019583 -0.006670 -0.050000
v 0.020143 -0.004718 -0.050000
v 0.020508 -0.002721 -0.050000
v -0.002721 -0.020508 -0.050000
v -0.004718 -0.020143 -0.050000
v -0.010362 -0.017906 -0.050000
v -0.012067 -0.016804 -0.050000
v -0.016426 -0.012577 -0.050000
v -0.017579 -0.010907 -0.050000
v -0.019988 -0.005334 -0.050000
v -0.020415 -0.003349 -0.050000
v -0.006670 -0.019583 -0.050000
v -0.008557 -0.018835 -0.050000
v -0.000698 -0.020676 -0.050000
v -0.013656 -0.015540 -0.050000
v -0.015114 -0.014127 -0.050000
v -0.018564 -0.009131 -0.050000
v -0.019369 -0.007267 -0.050000
v -0.020645 -0.001332 -0.050000
v 0.002721 0.020508 -0.050000
v 0.004718 0.020143 -0.050000
v 0.010362 0.017906 -0.050000
v 0.012067 0.016804 -0.050000
v 0.016426 0.012577 -0.050000
v 0.017579 0.010907 -0.050000
v 0.019988 0.005334 -0.050000
v 0.020415 0.003349 -0.050000
v 0.006670 0.019583 -0.050000
v 0.008557 0.018835 -0.050000
v 0.000698 0.020676 -0.050000
v 0.013656 0.015540 -0.050000
v 0.015114 0.014127 -0.050000
v 0.018564 0.009131 -0.050000
v 0.019369 0.007267 -0.050000
v 0.020645 0.001332 -0.050000
v 0.020676 -0.000698 -0.050000
v -0.001332 0.020645 -0.050000
v -0.003349 0.020415 -0.050000
v -0.009131 0.018564 -0.050000
v -0.010907 0.017579 -0.050000
v -0.015540 0.013656 -0.050000
v -0.016804 0.012067 -0.050000
v -0.019583 0.006670 -0.050000
v -0.020143 0.004718 -0.050000
v -0.005334 0.019988 -0.050000
v -0.007267 0.019369 -0.050000
v -0.012577 0.016426 -0.050000
v -0.014127 0.015114 -0.050000
v -0.017906 0.010362 -0.050000
v -0.018835 0.008557 -0.050000
v -0.020508 0.002721 -0.050000
v -0.020676 0.000698 -0.050000
v 0.024139 -0.010336 -0.043701
v 0.025109 -0.005856 -0.043701
v 0.026221 -0.001409 -0.043701
v 0.026330 -0.000864 -0.043701
v 0.026257 -0.000312 -0.043701
v 0.025439 0.004198 -0.043701
v 0.024764 0.008732 -0.043701
v 0.024656 0.009278 -0.043701
v 0.024378 0.009760 -0.043701
v 0.021896 0.013613 -0.043701
v 0.019538 0.017544 -0.043701
v 0.019229 0.018007 -0.043701
v 0.018787 0.018346 -0.043701
v 0.015019 0.020956 -0.043701
v 0.011336 0.023685 -0.043701
v 0.010874 0.023995 -0.043701
v 0.010336 0.024139 -0.043701
v 0.005856 0.025109 -0.043701
v 0.001409 0.026221 -0.043701
v 0.000864 0.026330 -0.043701
v 0.000312 0.026257 -0.043701
v -0.004198 0.025439 -0.043701
v -0.008732 0.024764 -0.043701
v -0.009278 0.024656 -0.043701
v -0.009760 0.024378 -0.043701
v -0.013613 0.021896 -0.043701
v -0.017544 0.019537 -0.043701
v -0.018007 0.019229 -0.043701
v -0.018346 0.018787 -0.043701
v -0.020956 0.015019 -0.043701
v -0.023685 0.011336 -0.043701
v -0.023995 0.010874 -0.043701
v -0.024139 0.010336 -0.043701
v -0.025109 0.005856 -0.043701
v -0.026221 0.001409 -0.043701
v -0.026330 0.000864 -0.043701
v -0.026257 0.000312 -0.043701
v -0.025439 -0.004198 -0.043701
v -0.024764 -0.008732 -0.043701
v -0.024656 -0.009278 -0.043701
v -0.024378 -0.009760 -0.043701
v -0.021896 -0.013613 -0.043701
v -0.019538 -0.017544 -0.043701
v -0.019229 -0.018007 -0.043701
v -0.018787 -0.018346 -0.043701
v -0.015019 -0.020956 -0.043701
v -0.011336 -0.023685 -0.043701
v -0.010874 -0.023995 -0.043701
v -0.010336 -0.024139 -0.043701
v -0.005856 -0.025109 -0.043701
v -0.001409 -0.026221 -0.043701
v -0.000864 -0.026330 -0.043701
v -0.000312 -0.026257 -0.043701
v 0.004198 -0.025439 -0.043701
v 0.008732 -0.024764 -0.043701
v 0.009278 -0.024656 -0.043701
v 0.009760 -0.024378 -0.043701
v 0.013613 -0.021896 -0.043701
v 0.017544 -0.019537 -0.043701
v 0.018007 -0.019229 -0.043701
v 0.018346 -0.018787 -0.043701
v 0.020956 -0.015019 -0.043701
v 0.023685 -0.011336 -0.043701
v 0.023995 -0.010874 -0.043701
v 0.007267 -0.019369 -0.048713
v 0.014127 -0.015114 -0.048713
v 0.018835 -0.008557 -0.048713
v 0.001332 -0.020645 -0.048713
v 0.003349 -0.020415 -0.048713
v 0.005334 -0.019988 -0.048713
v 0.009131 -0.018564 -0.048713
v 0.010907 -0.017579 -0.048713
v 0.012577 -0.016426 -0.048713
v 0.015540 -0.013656 -0.048713
v 0.016804 -0.012067 -0.048713
v 0.017906 -0.010362 -0.048713
v 0.019583 -0.006670 -0.048713
v 0.020143 -0.004718 -0.048713
v 0.020508 -0.002721 -0.048713
v -0.002721 -0.020508 -0.048713
v -0.004718 -0.020143 -0.048713
v -0.010362 -0.017906 -0.048713
v -0.012067 -0.016804 -0.048713
v -0.016426 -0.012577 -0.048713
v -0.017579 -0.010907 -0.048713
v -0.019988 -0.005334 -0.048713
v -0.020415 -0.003349 -0.048713
v -0.006670 -0.019583 -0.048713
v -0.008557 -0.018835 -0.048713
v -0.000698 -0.020676 -0.048713
v -0.013656 -0.015540 -0.048713
v -0.015114 -0.014127 -0.048713
v -0.018564 -0.009131 -0.048713
v -0.019369 -0.007267 -0.048713
v -0.020645 -0.001332 -0.048713
v 0.002721 0.020508 -0.048713
v 0.004718 0.020143 -0.048713
v 0.010362 0.017906 -0.048713
v 0.012067 0.016804 -0.048713
v 0.016426 0.012577 -0.048713
v 0.017579 0.010907 -0.048713
v 0.019988 0.005334 -0.048713
v 0.020415 0.003349 -0.048713
v 0.006670 0.019583 -0.048713
v 0.008557 0.018835 -0.048713
v 0.000698 0.020676 -0.048713
v 0.013656 0.015540 -0.048713
v 0.015114 0.014127 -0.048713
v 0.018564 0.009131 -0.048713
v 0.019369 0.007267 -0.048713
v 0.020645 0.001332 -0.048713
v 0.020676 -0.000698 -0.048713
v -0.001332 0.020645 -0.048713
v -0.003349 0.020415 -0.048713
v -0.009131 0.018564 -0.048713
v -0.010907 0.017579 -0.048713
v -0.015540 0.013656 -0.048713
v -0.016804 0.012067 -0.048713
v -0.019583 0.006670 -0.048713
v -0.020143 0.004718 -0.048713
v -0.005334 0.019988 -0.048713
v -0.007267 0.019369 -0.048713
v -0.012577 0.016426 -0.048713
v -0.014127 0.015114 -0.048713
v -0.017906 0.010362 -0.048713
v -0.018835 0.008557 -0.048713
v -0.020508 0.002721 -0.048713
v -0.020676 0.000698 -0.048713
v 0.008007 -0.010457 -0.048713
v 0.008993 -0.009622 -0.048713
v 0.009893 -0.008694 -0.048713
v 0.010697 -0.007682 -0.048713
v 0.011399 -0.006597 -0.048713
v 0.011991 -0.005448 -0.048713
v 0.012467 -0.004246 -0.048713
v 0.012823 -0.003004 -0.048713
v 0.013056 -0.001732 -0.048713
v 0.013163 -0.000444 -0.048713
v 0.013143 0.000848 -0.048713
v 0.012996 0.002132 -0.048713
v 0.012725 0.003396 -0.048713
v 0.012331 0.004627 -0.048713
v 0.011818 0.005813 -0.048713
v 0.011191 0.006943 -0.048713
v 0.010457 0.008007 -0.048713
v 0.009622 0.008993 -0.048713
v 0.008694 0.009893 -0.048713
v 0.007682 0.010697 -0.048713
v 0.006597 0.011399 -0.048713
v 0.005448 0.011991 -0.048713
v 0.004246 0.012467 -0.048713
v 0.003004 0.012823 -0.048713
v 0.001732 0.013056 -0.048713
v 0.000444 0.013163 -0.048713
v -0.000848 0.013143 -0.048713
v -0.002132 0.012996 -0.048713
v -0.003396 0.012725 -0.048713
v -0.004627 0.012331 -0.048713
v -0.005813 0.011818 -0.048713
v -0.006943 0.011191 -0.048713
v -0.008007 0.010457 -0.048713
v -0.008993 0.009622 -0.048713
v -0.009893 0.008694 -0.048713
v -0.010697 0.007682 -0.048713
v -0.011399 0.006597 -0.048713
v -0.011991 0.005448 -0.048713
v -0.012467 0.004246 -0.048713
v -0.012823 0.003004 -0.048713
v -0.013056 0.001732 -0.048713
v -0.013163 0.000444 -0.048713
v -0.013143 -0.000848 -0.048713
v -0.012996 -0.002132 -0.048713
v -0.012725 -0.003396 -0.048713
v -0.012331 -0.004627 -0.048713
v -0.011818 -0.005813 -0.048713
v -0.011191 -0.006943 -0.048713
v -0.010457 -0.008007 -0.048713
v -0.009622 -0.008993 -0.048713
v -0.008694 -0.009893 -0.048713
v -0.007682 -0.010697 -0.048713
v -0.006597 -0.011399 -0.048713
v -0.005448 -0.011991 -0.048713
v -0.004246 -0.012467 -0.048713
v -0.003004 -0.012823 -0.048713
v -0.001732 -0.013056 -0.048713
v -0.000444 -0.013163 -0.048713
v 0.000848 -0.013143 -0.048713
v 0.002132 -0.012996 -0.048713
v 0.003396 -0.012725 -0.048713
v 0.004627 -0.012331 -0.048713
v 0.005813 -0.011818 -0.048713
v 0.006943 -0.011191 -0.048713
v 0.008157 -0.021741 -0.050000
v 0.015856 -0.016964 -0.050000
v 0.021141 -0.009605 -0.050000
v 0.001495 -0.023173 -0.050000
v 0.003759 -0.022915 -0.050000
v 0.005987 -0.022436 -0.050000
v 0.010249 -0.020837 -0.050000
v 0.012242 -0.019732 -0.050000
v 0.014117 -0.018437 -0.050000
v 0.017443 -0.015329 -0.050000
v 0.018861 -0.013545 -0.050000
v 0.020098 -0.011631 -0.050000
v 0.021981 -0.007487 -0.050000
v 0.022609 -0.005296 -0.050000
v 0.023019 -0.003055 -0.050000
v -0.003055 -0.023019 -0.050000
v -0.005296 -0.022609 -0.050000
v -0.011631 -0.020098 -0.050000
v -0.013545 -0.018861 -0.050000
v -0.018437 -0.014117 -0.050000
v -0.019732 -0.012242 -0.050000
v -0.022436 -0.005987 -0.050000
v -0.022915 -0.003759 -0.050000
v -0.007487 -0.021981 -0.050000
v -0.009605 -0.021141 -0.050000
v -0.000784 -0.023208 -0.050000
v -0.015329 -0.017443 -0.050000
v -0.016964 -0.015856 -0.050000
v -0.020837 -0.010249 -0.050000
v -0.021741 -0.008157 -0.050000
v -0.023173 -0.001495 -0.050000
v 0.003055 0.023019 -0.050000
v 0.005296 0.022609 -0.050000
v 0.011631 0.020098 -0.050000
v 0.013545 0.018861 -0.050000
v 0.018437 0.014117 -0.050000
v 0.019732 0.012242 -0.050000
v 0.022436 0.005987 -0.050000
v 0.022915 0.003759 -0.050000
v 0.007487 0.021981 -0.050000
v 0.009605 0.021141 -0.050000
v 0.000784 0.023208 -0.050000
v 0.015329 0.017443 -0.050000
v 0.016964 0.015856 -0.050000
v 0.020837 0.010249 -0.050000
v 0.021741 0.008157 -0.050000
v 0.023173 0.001495 -0.050000
v 0.023208 -0.000784 -0.050000
v -0.001495 0.023173 -0.050000
v -0.003759 0.022915 -0.050000
v -0.010249 0.020837 -0.050000
v -0.012242 0.019732 -0.050000
v -0.017443 0.015329 -0.050000
v -0.018861 0.013545 -0.050000
v -0.021981 0.007487 -0.050000
v -0.022609 0.005296 -0.050000
v -0.005987 0.022436 -0.050000
v -0.008157 0.021741 -0.050000
v -0.014117 0.018437 -0.050000
v -0.015856 0.016964 -0.050000
v -0.020098 0.011631 -0.050000
v -0.021141 0.009605 -0.050000
v -0.023019 0.003055 -0.050000
v -0.023208 0.000784 -0.050000
v 0.004339 -0.011563 -0.048713
v 0.008433 -0.009023 -0.048713
v 0.011244 -0.005109 -0.048713
v 0.000795 -0.012325 -0.048713
v 0.001999 -0.012187 -0.048713
v 0.003184 -0.011933 -0.048713
v 0.005451 -0.011082 -0.048713
v 0.006511 -0.010495 -0.048713
v 0.007508 -0.009806 -0.048713
v 0.009277 -0.008153 -0.048713
v 0.010032 -0.007204 -0.048713
v 0.010689 -0.006186 -0.048713
v 0.011691 -0.003982 -0.048713
v 0.012025 -0.002817 -0.048713
v 0.012243 -0.001625 -0.048713
v -0.001625 -0.012243 -0.048713
v -0.002817 -0.012025 -0.048713
v -0.006186 -0.010689 -0.048713
v -0.007204 -0.010032 -0.048713
v -0.009806 -0.007508 -0.048713
v -0.010495 -0.006511 -0.048713
v -0.011933 -0.003184 -0.048713
v -0.012187 -0.001999 -0.048713
v -0.003982 -0.011691 -0.048713
v -0.005109 -0.011244 -0.048713
v -0.000417 -0.012343 -0.048713
v -0.008153 -0.009277 -0.048713
v -0.009023 -0.008433 -0.048713
v -0.011082 -0.005451 -0.048713
v -0.011563 -0.004339 -0.048713
v -0.012325 -0.000795 -0.048713
v 0.001625 0.012243 -0.048713
v 0.002817 0.012025 -0.048713
v 0.006186 0.010689 -0.048713
v 0.007204 0.010032 -0.048713
v 0.009806 0.007508 -0.048713
v 0.010495 0.006511 -0.048713
v 0.011933 0.003184 -0.048713
v 0.012187 0.001999 -0.048713
v 0.003982 0.011691 -0.048713
v 0.005109 0.011244 -0.048713
v 0.000417 0.012343 -0.048713
v 0.008153 0.009277 -0.048713
v 0.009023 0.008433 -0.048713
v 0.011082 0.005451 -0.048713
v 0.011563 0.004339 -0.048713
v 0.012325 0.000795 -0.048713
v 0.012343 -0.000417 -0.048713
v -0.000795 0.012325 -0.048713
v -0.001999 0.012187 -0.048713
v -0.005451 0.011082 -0.048713
v -0.006511 0.010495 -0.048713
v -0.009277 0.008153 -0.048713
v -0.010032 0.007204 -0.048713
v -0.011691 0.003982 -0.048713
v -0.012025 0.002817 -0.048713
v -0.003184 0.011933 -0.048713
v -0.004339 0.011563 -0.048713
v -0.007508 0.009806 -0.048713
v -0.008433 0.009023 -0.048713
v -0.010689 0.006186 -0.048713
v -0.011244 0.005109 -0.048713
v -0.012243 0.001625 -0.048713
v -0.012343 0.000417 -0.048713
v 0.008007 -0.010457 -0.048713
v 0.008993 -0.009622 -0.048713
v 0.009893 -0.008694 -0.048713
v 0.010697 -0.007682 -0.048713
v 0.011399 -0.006597 -0.048713
v 0.011991 -0.005448 -0.048713
v 0.012467 -0.004246 -0.048713
v 0.012823 -0.003004 -0.048713
v 0.013056 -0.001732 -0.048713
v 0.013163 -0.000444 -0.048713
v 0.013143 0.000848 -0.048713
v 0.012996 0.002132 -0.048713
v 0.012725 0.003396 -0.048713
v 0.012331 0.004627 -0.048713
v 0.011818 0.005813 -0.048713
v 0.011191 0.006943 -0.048713
v 0.010457 0.008007 -0.048713
v 0.009622 0.008993 -0.048713
v 0.008694 0.009893 -0.048713
v 0.007682 0.010697 -0.048713
v 0.006597 0.011399 -0.048713
v 0.005448 0.011991 -0.048713
v 0.004246 0.012467 -0.048713
v 0.003004 0.012823 -0.048713
v 0.001732 0.013056 -0.048713
v 0.000444 0.013163 -0.048713
v -0.000848 0.013143 -0.048713
v -0.002132 0.012996 -0.048713
v -0.003396 0.012725 -0.048713
v -0.004627 0.012331 -0.048713
v -0.005813 0.011818 -0.048713
v -0.006943 0.011191 -0.048713
v -0.008007 0.010457 -0.048713
v -0.008993 0.009622 -0.048713
v -0.009893 0.008694 -0.048713
v -0.010697 0.007682 -0.048713
v -0.011399 0.006597 -0.048713
v -0.011991 0.005448 -0.048713
v -0.012467 0.004246 -0.048713
v -0.012823 0.003004 -0.048713
v -0.013056 0.001732 -0.048713
v -0.013163 0.000444 -0.048713
v -0.013143 -0.000848 -0.048713
v -0.012996 -0.002132 -0.048713
v -0.012725 -0.003396 -0.048713
v -0.012331 -0.004627 -0.048713
v -0.011818 -0.005813 -0.048713
v -0.011191 -0.006943 -0.048713
v -0.010457 -0.008007 -0.048713
v -0.009622 -0.008993 -0.048713
v -0.008694 -0.009893 -0.048713
v -0.007682 -0.010697 -0.048713
v -0.006597 -0.011399 -0.048713
v -0.005448 -0.011991 -0.048713
v -0.004246 -0.012467 -0.048713
v -0.003004 -0.012823 -0.048713
v -0.001732 -0.013056 -0.048713
v -0.000444 -0.013163 -0.048713
v 0.000848 -0.013143 -0.048713
v 0.002132 -0.012996 -0.048713
v 0.003396 -0.012725 -0.048713
v 0.004627 -0.012331 -0.048713
v 0.005813 -0.011818 -0.048713
v 0.006943 -0.011191 -0.048713
v 0.004339 -0.011563 -0.048713
v 0.008433 -0.009023 -0.048713
v 0.011244 -0.005109 -0.048713
v 0.000795 -0.012325 -0.048713
v 0.001999 -0.012187 -0.048713
v 0.003184 -0.011933 -0.048713
v 0.005451 -0.011082 -0.048713
v 0.006511 -0.010495 -0.048713
v 0.007508 -0.009806 -0.048713
v 0.009277 -0.008153 -0.048713
v 0.010032 -0.007204 -0.048713
v 0.010689 -0.006186 -0.048713
v 0.011691 -0.003982 -0.048713
v 0.012025 -0.002817 -0.048713
v 0.012243 -0.001625 -0.048713
v -0.001625 -0.012243 -0.048713
v -0.002817 -0.012025 -0.048713
v -0.006186 -0.010689 -0.048713
v -0.007204 -0.010032 -0.048713
v -0.009806 -0.007508 -0.048713
v -0.010495 -0.006511 -0.048713
v -0.011933 -0.003184 -0.048713
v -0.012187 -0.001999 -0.048713
v -0.003982 -0.011691 -0.048713
v -0.005109 -0.011244 -0.048713
v -0.000417 -0.012343 -0.048713
v -0.008153 -0.009277 -0.048713
v -0.009023 -0.008433 -0.048713
v -0.011082 -0.005451 -0.048713
v -0.011563 -0.004339 -0.048713
v -0.012325 -0.000795 -0.048713
v 0.001625 0.012243 -0.048713
v 0.002817 0.012025 -0.048713
v 0.006186 0.010689 -0.048713
v 0.007204 0.010032 -0.048713
v 0.009806 0.007508 -0.048713
v 0.010495 0.006511 -0.048713
v 0.011933 0.003184 -0.048713
v 0.012187 0.001999 -0.048713
v 0.003982 0.011691 -0.048713
v 0.005109 0.011244 -0.048713
v 0.000417 0.012343 -0.048713
v 0.008153 0.009277 -0.048713
v 0.009023 0.008433 -0.048713
v 0.011082 0.005451 -0.048713
v 0.011563 0.004339 -0.048713
v 0.012325 0.000795 -0.048713
v 0.012343 -0.000417 -0.048713
v -0.000795 0.012325 -0.048713
v -0.001999 0.012187 -0.048713
v -0.005451 0.011082 -0.048713
v -0.006511 0.010495 -0.048713
v -0.009277 0.008153 -0.048713
v -0.010032 0.007204 -0.048713
v -0.011691 0.003982 -0.048713
v -0.012025 0.002817 -0.048713
v -0.003184 0.011933 -0.048713
v -0.004339 0.011563 -0.048713
v -0.007508 0.009806 -0.048713
v -0.008433 0.009023 -0.048713
v -0.010689 0.006186 -0.048713
v -0.011244 0.005109 -0.048713
v -0.012243 0.001625 -0.048713
v -0.012343 0.000417 -0.048713
v 0.001431 -0.003813 -0.048713
v 0.002781 -0.002975 -0.048713
v 0.003707 -0.001684 -0.048713
v 0.000262 -0.004064 -0.048713
v 0.000659 -0.004018 -0.048713
v 0.001050 -0.003934 -0.048713
v 0.001797 -0.003654 -0.048713
v 0.002147 -0.003460 -0.048713
v 0.002476 -0.003233 -0.048713
v 0.003059 -0.002688 -0.048713
v 0.003308 -0.002375 -0.048713
v 0.003524 -0.002040 -0.048713
v 0.003855 -0.001313 -0.048713
v 0.003965 -0.000929 -0.048713
v 0.004037 -0.000536 -0.048713
v -0.000536 -0.004037 -0.048713
v -0.000929 -0.003965 -0.048713
v -0.002040 -0.003524 -0.048713
v -0.002375 -0.003308 -0.048713
v -0.003233 -0.002476 -0.048713
v -0.003460 -0.002147 -0.048713
v -0.003934 -0.001050 -0.048713
v -0.004018 -0.000659 -0.048713
v -0.001313 -0.003855 -0.048713
v -0.001684 -0.003707 -0.048713
v -0.000137 -0.004070 -0.048713
v -0.002688 -0.003059 -0.048713
v -0.002975 -0.002781 -0.048713
v -0.003654 -0.001797 -0.048713
v -0.003813 -0.001431 -0.048713
v -0.004064 -0.000262 -0.048713
v 0.000536 0.004037 -0.048713
v 0.000929 0.003965 -0.048713
v 0.002040 0.003524 -0.048713
v 0.002375 0.003308 -0.048713
v 0.003233 0.002476 -0.048713
v 0.003460 0.002147 -0.048713
v 0.003934 0.001050 -0.048713
v 0.004018 0.000659 -0.048713
v 0.001313 0.003855 -0.048713
v 0.001684 0.003707 -0.048713
v 0.000137 0.004070 -0.048713
v 0.002688 0.003059 -0.048713
v 0.002975 0.002781 -0.048713
v 0.003654 0.001797 -0.048713
v 0.003813 0.001431 -0.048713
v 0.004064 0.000262 -0.048713
v 0.004070 -0.000137 -0.048713
v -0.000262 0.004064 -0.048713
v -0.000659 0.004018 -0.048713
v -0.001797 0.003654 -0.048713
v -0.002147 0.003460 -0.048713
v -0.003059 0.002688 -0.048713
v -0.003308 0.002375 -0.048713
v -0.003855 0.001313 -0.048713
v -0.003965 0.000929 -0.048713
v -0.001050 0.003934 -0.048713
v -0.001431 0.003813 -0.048713
v -0.002476 0.003233 -0.048713
v -0.002781 0.002975 -0.048713
v -0.003524 0.002040 -0.048713
v -0.003707 0.001684 -0.048713
v -0.004037 0.000536 -0.048713
v -0.004070 0.000137 -0.048713
v 0.000000 -0.000000 -0.048713
v 0.012358 -0.032746 0.050000
v 0.023948 -0.025524 0.050000
v 0.031893 -0.014416 0.050000
v 0.009089 -0.033799 0.050000
v 0.005732 -0.034527 0.050000
v 0.002320 -0.034923 0.050000
v 0.021331 -0.027748 0.050000
v 0.018509 -0.029706 0.050000
v 0.015508 -0.031377 0.050000
v 0.030326 -0.017473 0.050000
v 0.028468 -0.020362 0.050000
v 0.026335 -0.023054 0.050000
v 0.034705 -0.004538 0.050000
v 0.034093 -0.007917 0.050000
v 0.033153 -0.011221 0.050000
v -0.011221 -0.033153 0.050000
v -0.007917 -0.034093 0.050000
v -0.023054 -0.026335 0.050000
v -0.020362 -0.028468 0.050000
v -0.031377 -0.015508 0.050000
v -0.029706 -0.018509 0.050000
v -0.034923 -0.002320 0.050000
v -0.034527 -0.005732 0.050000
v -0.004538 -0.034705 0.050000
v -0.001114 -0.034982 0.050000
v -0.014416 -0.031893 0.050000
v -0.017473 -0.030326 0.050000
v -0.025524 -0.023948 0.050000
v -0.027748 -0.021331 0.050000
v -0.032746 -0.012358 0.050000
v -0.033799 -0.009089 0.050000
v 0.011221 0.033153 0.050000
v 0.007917 0.034093 0.050000
v 0.023054 0.026335 0.050000
v 0.020362 0.028468 0.050000
v 0.031377 0.015508 0.050000
v 0.029706 0.018509 0.050000
v 0.034923 0.002320 0.050000
v 0.034527 0.005732 0.050000
v 0.004538 0.034705 0.050000
v 0.001114 0.034982 0.050000
v 0.014416 0.031893 0.050000
v 0.017473 0.030326 0.050000
v 0.025524 0.023948 0.050000
v 0.027748 0.021331 0.050000
v 0.032746 0.012358 0.050000
v 0.033799 0.009089 0.050000
v 0.034982 -0.001114 0.050000
v -0.009089 0.033799 0.050000
v -0.005732 0.034527 0.050000
v -0.021331 0.027748 0.050000
v -0.018509 0.029706 0.050000
v -0.030326 0.017473 0.050000
v -0.028468 0.020362 0.050000
v -0.034705 0.004538 0.050000
v -0.034093 0.007917 0.050000
v -0.002320 0.034923 0.050000
v -0.012358 0.032746 0.050000
v -0.015508 0.031377 0.050000
v -0.023948 0.025524 0.050000
v -0.026335 0.023054 0.050000
v -0.031893 0.014416 0.050000
v -0.033153 0.011221 0.050000
v -0.034982 0.001114 0.050000
v 0.022331 0.025509 0.037745
v 0.019723 0.027575 0.037745
v 0.016925 0.029376 0.037745
v 0.013965 0.030893 0.037745
v 0.010869 0.032113 0.037745
v 0.007669 0.033024 0.037745
v 0.004395 0.033617 0.037745
v 0.001079 0.033886 0.037745
v -0.002247 0.033828 0.037745
v -0.005552 0.033445 0.037745
v -0.008804 0.032740 0.037745
v -0.011970 0.031719 0.037745
v -0.015022 0.030393 0.037745
v -0.017929 0.028774 0.037745
v -0.020663 0.026879 0.037745
v -0.023198 0.024724 0.037745
v -0.025509 0.022331 0.037745
v -0.027575 0.019723 0.037745
v -0.029376 0.016925 0.037745
v -0.030893 0.013965 0.037745
v -0.032113 0.010869 0.037745
v -0.033024 0.007669 0.037745
v -0.033617 0.004395 0.037745
v -0.033886 0.001079 0.037745
v -0.033828 -0.002247 0.037745
v -0.033445 -0.005552 0.037745
v -0.032740 -0.008804 0.037745
v -0.031719 -0.011970 0.037745
v -0.030393 -0.015022 0.037745
v -0.028774 -0.017929 0.037745
v -0.026879 -0.020663 0.037745
v -0.024724 -0.023198 0.037745
v -0.022331 -0.025509 0.037745
v -0.019723 -0.027575 0.037745
v -0.016925 -0.029376 0.037745
v -0.013965 -0.030893 0.037745
v -0.010869 -0.032113 0.037745
v -0.007669 -0.033024 0.037745
v -0.004395 -0.033617 0.037745
v -0.001079 -0.033886 0.037745
v 0.002247 -0.033828 0.037745
v 0.005552 -0.033445 0.037745
v 0.008804 -0.032740 0.037745
v 0.011970 -0.031719 0.037745
v 0.015022 -0.030393 0.037745
v 0.017929 -0.028774 0.037745
v 0.020663 -0.026879 0.037745
v 0.023198 -0.024724 0.037745
v 0.025509 -0.022331 0.037745
v 0.027575 -0.019723 0.037745
v 0.029376 -0.016925 0.037745
v 0.030893 -0.013965 0.037745
v 0.032113 -0.010869 0.037745
v 0.033024 -0.007669 0.037745
v 0.033617 -0.004395 0.037745
v 0.033886 -0.001079 0.037745
v 0.033828 0.002247 0.037745
v 0.033445 0.005552 0.037745
v 0.032740 0.008804 0.037745
v 0.031719 0.011970 0.037745
v 0.030393 0.015022 0.037745
v 0.028775 0.017929 0.037745
v 0.026879 0.020663 0.037745
v 0.024724 0.023198 0.037745
v 0.017338 0.030091 0.046969
v 0.020204 0.028247 0.046969
v 0.022875 0.026131 0.046969
v 0.025326 0.023763 0.046969
v 0.027533 0.021166 0.046969
v 0.029475 0.018365 0.046969
v 0.031134 0.015388 0.046969
v 0.032492 0.012262 0.046969
v 0.033537 0.009018 0.046969
v 0.034260 0.005688 0.046969
v 0.034652 0.002302 0.046969
v 0.034711 -0.001106 0.046969
v 0.034436 -0.004502 0.046969
v 0.033828 -0.007856 0.046969
v 0.032896 -0.011134 0.046969
v 0.031646 -0.014305 0.046969
v 0.030091 -0.017338 0.046969
v 0.028247 -0.020204 0.046969
v 0.026131 -0.022875 0.046969
v 0.023763 -0.025326 0.046969
v 0.021166 -0.027533 0.046969
v 0.018365 -0.029475 0.046969
v 0.015388 -0.031134 0.046969
v 0.012262 -0.032492 0.046969
v 0.009018 -0.033537 0.046969
v 0.005688 -0.034260 0.046969
v 0.002302 -0.034652 0.046969
v -0.001106 -0.034711 0.046969
v -0.004502 -0.034436 0.046969
v -0.007856 -0.033828 0.046969
v -0.011134 -0.032896 0.046969
v -0.014305 -0.031646 0.046969
v -0.017338 -0.030091 0.046969
v -0.020204 -0.028247 0.046969
v -0.022875 -0.026131 0.046969
v -0.025326 -0.023763 0.046969
v -0.027533 -0.021166 0.046969
v -0.029475 -0.018365 0.046969
v -0.031134 -0.015388 0.046969
v -0.032492 -0.012262 0.046969
v -0.033537 -0.009018 0.046969
v -0.034260 -0.005688 0.046969
v -0.034652 -0.002302 0.046969
v -0.034711 0.001106 0.046969
v -0.034436 0.004502 0.046969
v -0.033828 0.007856 0.046969
v -0.032896 0.011134 0.046969
v -0.031646 0.014305 0.046969
v -0.030091 0.017338 0.046969
v -0.028247 0.020204 0.046969
v -0.026131 0.022875 0.046969
v -0.023763 0.025326 0.046969
v -0.021166 0.027533 0.046969
v -0.018365 0.029475 0.046969
v -0.015388 0.031134 0.046969
v -0.012262 0.032492 0.046969
v -0.009018 0.033537 0.046969
v -0.005688 0.034260 0.046969
v -0.002302 0.034652 0.046969
v 0.001106 0.034711 0.046969
v 0.004502 0.034436 0.046969
v 0.007856 0.033828 0.046969
v 0.011134 0.032896 0.046969
v 0.014305 0.031646 0.046969
v 0.012358 -0.032746 0.050000
v 0.023948 -0.025524 0.050000
v 0.031893 -0.014416 0.050000
v 0.009089 -0.033799 0.050000
v 0.005732 -0.034527 0.050000
v 0.002320 -0.034923 0.050000
v 0.021331 -0.027748 0.050000
v 0.018509 -0.029706 0.050000
v 0.015508 -0.031377 0.050000
v 0.030326 -0.017473 0.050000
v 0.028468 -0.020362 0.050000
v 0.026335 -0.023054 0.050000
v 0.034705 -0.004538 0.050000
v 0.034093 -0.007917 0.050000
v 0.033153 -0.011221 0.050000
v -0.011221 -0.033153 0.050000
v -0.007917 -0.034093 0.050000
v -0.023054 -0.026335 0.050000
v -0.020362 -0.028468 0.050000
v -0.031377 -0.015508 0.050000
v -0.029706 -0.018509 0.050000
v -0.034923 -0.002320 0.050000
v -0.034527 -0.005732 0.050000
v -0.004538 -0.034705 0.050000
v -0.001114 -0.034982 0.050000
v -0.014416 -0.031893 0.050000
v -0.017473 -0.030326 0.050000
v -0.025524 -0.023948 0.050000
v -0.027748 -0.021331 0.050000
v -0.032746 -0.012358 0.050000
v -0.033799 -0.009089 0.050000
v 0.011221 0.033153 0.050000
v 0.007917 0.034093 0.050000
v 0.023054 0.026335 0.050000
v 0.020362 0.028468 0.050000
v 0.031377 0.015508 0.050000
v 0.029706 0.018509 0.050000
v 0.034923 0.002320 0.050000
v 0.034527 0.005732 0.050000
v 0.004538 0.034705 0.050000
v 0.001114 0.034982 0.050000
v 0.014416 0.031893 0.050000
v 0.017473 0.030326 0.050000
v 0.025524 0.023948 0.050000
v 0.027748 0.021331 0.050000
v 0.032746 0.012358 0.050000
v 0.033799 0.009089 0.050000
v 0.034982 -0.001114 0.050000
v -0.009089 0.033799 0.050000
v -0.005732 0.034527 0.050000
v -0.021331 0.027748 0.050000
v -0.018509 0.029706 0.050000
v -0.030326 0.017473 0.050000
v -0.028468 0.020362 0.050000
v -0.034705 0.004538 0.050000
v -0.034093 0.007917 0.050000
v -0.002320 0.034923 0.050000
v -0.012358 0.032746 0.050000
v -0.015508 0.031377 0.050000
v -0.023948 0.025524 0.050000
v -0.026335 0.023054 0.050000
v -0.031893 0.014416 0.050000
v -0.033153 0.011221 0.050000
v -0.034982 0.001114 0.050000
v 0.011268 -0.029857 0.050000
v 0.021836 -0.023272 0.050000
v 0.029080 -0.013145 0.050000
v 0.008287 -0.030818 0.050000
v 0.005226 -0.031482 0.050000
v 0.002115 -0.031842 0.050000
v 0.019450 -0.025301 0.050000
v 0.016876 -0.027085 0.050000
v 0.014140 -0.028609 0.050000
v 0.027651 -0.015932 0.050000
v 0.025956 -0.018565 0.050000
v 0.024012 -0.021020 0.050000
v 0.031643 -0.004137 0.050000
v 0.031085 -0.007219 0.050000
v 0.030228 -0.010231 0.050000
v -0.010231 -0.030228 0.050000
v -0.007219 -0.031085 0.050000
v -0.021020 -0.024012 0.050000
v -0.018565 -0.025956 0.050000
v -0.028609 -0.014140 0.050000
v -0.027085 -0.016876 0.050000
v -0.031842 -0.002115 0.050000
v -0.031482 -0.005226 0.050000
v -0.004137 -0.031643 0.050000
v -0.001016 -0.031896 0.050000
v -0.013145 -0.029080 0.050000
v -0.015932 -0.027651 0.050000
v -0.023272 -0.021836 0.050000
v -0.025301 -0.019450 0.050000
v -0.029857 -0.011268 0.050000
v -0.030818 -0.008287 0.050000
v 0.010231 0.030228 0.050000
v 0.007219 0.031085 0.050000
v 0.021020 0.024012 0.050000
v 0.018565 0.025956 0.050000
v 0.028609 0.014140 0.050000
v 0.027085 0.016876 0.050000
v 0.031842 0.002115 0.050000
v 0.031482 0.005226 0.050000
v 0.004137 0.031643 0.050000
v 0.001016 0.031896 0.050000
v 0.013145 0.029080 0.050000
v 0.015932 0.027651 0.050000
v 0.023272 0.021836 0.050000
v 0.025301 0.019450 0.050000
v 0.029857 0.011268 0.050000
v 0.030818 0.008287 0.050000
v 0.031896 -0.001016 0.050000
v -0.008287 0.030818 0.050000
v -0.005226 0.031482 0.050000
v -0.019450 0.025301 0.050000
v -0.016876 0.027085 0.050000
v -0.027651 0.015932 0.050000
v -0.025956 0.018565 0.050000
v -0.031643 0.004137 0.050000
v -0.031085 0.007219 0.050000
v -0.002115 0.031842 0.050000
v -0.011268 0.029857 0.050000
v -0.014140 0.028609 0.050000
v -0.021836 0.023272 0.050000
v -0.024012 0.021020 0.050000
v -0.029080 0.013145 0.050000
v -0.030228 0.010231 0.050000
v -0.031896 0.001016 0.050000
v 0.011268 -0.029857 0.050000
v 0.021836 -0.023272 0.050000
v 0.029080 -0.013145 0.050000
v 0.008287 -0.030818 0.050000
v 0.005226 -0.031482 0.050000
v 0.002115 -0.031842 0.050000
v 0.019450 -0.025301 0.050000
v 0.016876 -0.027085 0.050000
v 0.014140 -0.028609 0.050000
v 0.027651 -0.015932 0.050000
v 0.025956 -0.018565 0.050000
v 0.024012 -0.021020 0.050000
v 0.031643 -0.004137 0.050000
v 0.031085 -0.007219 0.050000
v 0.030228 -0.010231 0.050000
v -0.010231 -0.030228 0.050000
v -0.007219 -0.031085 0.050000
v -0.021020 -0.024012 0.050000
v -0.018565 -0.025956 0.050000
v -0.028609 -0.014140 0.050000
v -0.027085 -0.016876 0.050000
v -0.031842 -0.002115 0.050000
v -0.031482 -0.005226 0.050000
v -0.004137 -0.031643 0.050000
v -0.001016 -0.031896 0.050000
v -0.013145 -0.029080 0.050000
v -0.015932 -0.027651 0.050000
v -0.023272 -0.021836 0.050000
v -0.025301 -0.019450 0.050000
v -0.029857 -0.011268 0.050000
v -0.030818 -0.008287 0.050000
v 0.010231 0.030228 0.050000
v 0.007219 0.031085 0.050000
v 0.021020 0.024012 0.050000
v 0.018565 0.025956 0.050000
v 0.028609 0.014140 0.050000
v 0.027085 0.016876 0.050000
v 0.031842 0.002115 0.050000
v 0.031482 0.005226 0.050000
v 0.004137 0.031643 0.050000
v 0.001016 0.031896 0.050000
v 0.013145 0.029080 0.050000
v 0.015932 0.027651 0.050000
v 0.023272 0.021836 0.050000
v 0.025301 0.019450 0.050000
v 0.029857 0.011268 0.050000
v 0.030818 0.008287 0.050000
v 0.031896 -0.001016 0.050000
v -0.008287 0.030818 0.050000
v -0.005226 0.031482 0.050000
v -0.019450 0.025301 0.050000
v -0.016876 0.027085 0.050000
v -0.027651 0.015932 0.050000
v -0.025956 0.018565 0.050000
v -0.031643 0.004137 0.050000
v -0.031085 0.007219 0.050000
v -0.002115 0.031842 0.050000
v -0.011268 0.029857 0.050000
v -0.014140 0.028609 0.050000
v -0.021836 0.023272 0.050000
v -0.024012 0.021020 0.050000
v -0.029080 0.013145 0.050000
v -0.030228 0.010231 0.050000
v -0.031896 0.001016 0.050000
v 0.008541 -0.022631 -0.043179
v 0.016551 -0.017640 -0.043179
v 0.022042 -0.009964 -0.043179
v 0.006281 -0.023360 -0.043179
v 0.003961 -0.023863 -0.043179
v 0.001603 -0.024136 -0.043179
v 0.014743 -0.019178 -0.043179
v 0.012792 -0.020530 -0.043179
v 0.010718 -0.021685 -0.043179
v 0.020959 -0.012076 -0.043179
v 0.019675 -0.014072 -0.043179
v 0.018201 -0.015933 -0.043179
v 0.023985 -0.003136 -0.043179
v 0.023562 -0.005472 -0.043179
v 0.022913 -0.007755 -0.043179
v -0.007755 -0.022913 -0.043179
v -0.005472 -0.023562 -0.043179
v -0.015933 -0.018201 -0.043179
v -0.014072 -0.019675 -0.043179
v -0.021685 -0.010718 -0.043179
v -0.020530 -0.012792 -0.043179
v -0.024136 -0.001603 -0.043179
v -0.023863 -0.003961 -0.043179
v -0.003136 -0.023985 -0.043179
v -0.000770 -0.024177 -0.043179
v -0.009964 -0.022042 -0.043179
v -0.012076 -0.020959 -0.043179
v -0.017640 -0.016551 -0.043179
v -0.019178 -0.014743 -0.043179
v -0.022631 -0.008541 -0.043179
v -0.023360 -0.006281 -0.043179
v 0.007755 0.022913 -0.043179
v 0.005472 0.023562 -0.043179
v 0.015933 0.018201 -0.043179
v 0.014072 0.019675 -0.043179
v 0.021685 0.010718 -0.043179
v 0.020530 0.012792 -0.043179
v 0.024136 0.001603 -0.043179
v 0.023863 0.003961 -0.043179
v 0.003136 0.023985 -0.043179
v 0.000770 0.024177 -0.043179
v 0.009964 0.022042 -0.043179
v 0.012076 0.020959 -0.043179
v 0.017640 0.016551 -0.043179
v 0.019178 0.014743 -0.043179
v 0.022631 0.008541 -0.043179
v 0.023360 0.006281 -0.043179
v 0.024177 -0.000770 -0.043179
v -0.006281 0.023360 -0.043179
v -0.003961 0.023863 -0.043179
v -0.014743 0.019178 -0.043179
v -0.012792 0.020530 -0.043179
v -0.020959 0.012076 -0.043179
v -0.019675 0.014072 -0.043179
v -0.023985 0.003136 -0.043179
v -0.023562 0.005472 -0.043179
v -0.001603 0.024136 -0.043179
v -0.008541 0.022631 -0.043179
v -0.010718 0.021685 -0.043179
v -0.016551 0.017640 -0.043179
v -0.018201 0.015933 -0.043179
v -0.022042 0.009964 -0.043179
v -0.022913 0.007755 -0.043179
v -0.024177 0.000770 -0.043179
v 0.016654 0.019024 -0.029971
v 0.018439 0.017300 -0.029971
v 0.020046 0.015410 -0.029971
v 0.021459 0.013371 -0.029971
v 0.022667 0.011203 -0.029971
v 0.023656 0.008927 -0.029971
v 0.024417 0.006566 -0.029971
v 0.024943 0.004141 -0.029971
v 0.025228 0.001676 -0.029971
v 0.025271 -0.000805 -0.029971
v 0.025071 -0.003278 -0.029971
v 0.024629 -0.005720 -0.029971
v 0.023949 -0.008106 -0.029971
v 0.023040 -0.010414 -0.029971
v 0.021908 -0.012623 -0.029971
v 0.020565 -0.014709 -0.029971
v 0.019024 -0.016654 -0.029971
v 0.017300 -0.018439 -0.029971
v 0.015410 -0.020046 -0.029971
v 0.013371 -0.021459 -0.029971
v 0.011203 -0.022667 -0.029971
v 0.008927 -0.023656 -0.029971
v 0.006566 -0.024417 -0.029971
v 0.004141 -0.024943 -0.029971
v 0.001676 -0.025228 -0.029971
v -0.000805 -0.025271 -0.029971
v -0.003278 -0.025071 -0.029971
v -0.005720 -0.024629 -0.029971
v -0.008106 -0.023949 -0.029971
v -0.010415 -0.023040 -0.029971
v -0.012623 -0.021908 -0.029971
v -0.014709 -0.020565 -0.029971
v -0.016654 -0.019024 -0.029971
v -0.018439 -0.017300 -0.029971
v -0.020046 -0.015410 -0.029971
v -0.021459 -0.013371 -0.029971
v -0.022667 -0.011203 -0.029971
v -0.023656 -0.008927 -0.029971
v -0.024417 -0.006566 -0.029971
v -0.024943 -0.004141 -0.029971
v -0.025228 -0.001676 -0.029971
v -0.025271 0.000805 -0.029971
v -0.025071 0.003278 -0.029971
v -0.024629 0.005720 -0.029971
v -0.023949 0.008106 -0.029971
v -0.023040 0.010415 -0.029971
v -0.021908 0.012623 -0.029971
v -0.020565 0.014709 -0.029971
v -0.019024 0.016654 -0.029971
v -0.017300 0.018439 -0.029971
v -0.015410 0.020046 -0.029971
v -0.013371 0.021459 -0.029971
v -0.011203 0.022667 -0.029971
v -0.008927 0.023656 -0.029971
v -0.006566 0.024417 -0.029971
v -0.004141 0.024943 -0.029971
v -0.001676 0.025228 -0.029971
v 0.000805 0.025271 -0.029971
v 0.003278 0.025071 -0.029971
v 0.005720 0.024629 -0.029971
v 0.008106 0.023949 -0.029971
v 0.010414 0.023040 -0.029971
v 0.012623 0.021908 -0.029971
v 0.014709 0.020565 -0.029971
v 0.008541 -0.022631 -0.043179
v 0.016551 -0.017640 -0.043179
v 0.022042 -0.009964 -0.043179
v 0.006281 -0.023360 -0.043179
v 0.003961 -0.023863 -0.043179
v 0.001603 -0.024136 -0.043179
v 0.014743 -0.019178 -0.043179
v 0.012792 -0.020530 -0.043179
v 0.010718 -0.021685 -0.043179
v 0.020959 -0.012076 -0.043179
v 0.019675 -0.014072 -0.043179
v 0.018201 -0.015933 -0.043179
v 0.023985 -0.003136 -0.043179
v 0.023562 -0.005472 -0.043179
v 0.022913 -0.007755 -0.043179
v -0.007755 -0.022913 -0.043179
v -0.005472 -0.023562 -0.043179
v -0.015933 -0.018201 -0.043179
v -0.014072 -0.019675 -0.043179
v -0.021685 -0.010718 -0.043179
v -0.020530 -0.012792 -0.043179
v -0.024136 -0.001603 -0.043179
v -0.023863 -0.003961 -0.043179
v -0.003136 -0.023985 -0.043179
v -0.000770 -0.024177 -0.043179
v -0.009964 -0.022042 -0.043179
v -0.012076 -0.020959 -0.043179
v -0.017640 -0.016551 -0.043179
v -0.019178 -0.014743 -0.043179
v -0.022631 -0.008541 -0.043179
v -0.023360 -0.006281 -0.043179
v 0.007755 0.022913 -0.043179
v 0.005472 0.023562 -0.043179
v 0.015933 0.018201 -0.043179
v 0.014072 0.019675 -0.043179
v 0.021685 0.010718 -0.043179
v 0.020530 0.012792 -0.043179
v 0.024136 0.001603 -0.043179
v 0.023863 0.003961 -0.043179
v 0.003136 0.023985 -0.043179
v 0.000770 0.024177 -0.043179
v 0.009964 0.022042 -0.043179
v 0.012076 0.020959 -0.043179
v 0.017640 0.016551 -0.043179
v 0.019178 0.014743 -0.043179
v 0.022631 0.008541 -0.043179
v 0.023360 0.006281 -0.043179
v 0.024177 -0.000770 -0.043179
v -0.006281 0.023360 -0.043179
v -0.003961 0.023863 -0.043179
v -0.014743 0.019178 -0.043179
v -0.012792 0.020530 -0.043179
v -0.020959 0.012076 -0.043179
v -0.019675 0.014072 -0.043179
v -0.023985 0.003136 -0.043179
v -0.023562 0.005472 -0.043179
v -0.001603 0.024136 -0.043179
v -0.008541 0.022631 -0.043179
v -0.010718 0.021685 -0.043179
v -0.016551 0.017640 -0.043179
v -0.018201 0.015933 -0.043179
v -0.022042 0.009964 -0.043179
v -0.022913 0.007755 -0.043179
v -0.024177 0.000770 -0.043179
v 0.002288 -0.006062 -0.043179
v 0.004434 -0.004725 -0.043179
v 0.005905 -0.002669 -0.043179
v 0.001683 -0.006258 -0.043179
v 0.001061 -0.006392 -0.043179
v 0.000430 -0.006466 -0.043179
v 0.003949 -0.005137 -0.043179
v 0.003427 -0.005500 -0.043179
v 0.002871 -0.005809 -0.043179
v 0.005615 -0.003235 -0.043179
v 0.005270 -0.003770 -0.043179
v 0.004876 -0.004268 -0.043179
v 0.006425 -0.000840 -0.043179
v 0.006312 -0.001466 -0.043179
v 0.006138 -0.002077 -0.043179
v -0.002077 -0.006138 -0.043179
v -0.001466 -0.006312 -0.043179
v -0.004268 -0.004876 -0.043179
v -0.003770 -0.005270 -0.043179
v -0.005809 -0.002871 -0.043179
v -0.005500 -0.003427 -0.043179
v -0.006466 -0.000430 -0.043179
v -0.006392 -0.001061 -0.043179
v -0.000840 -0.006425 -0.043179
v -0.000206 -0.006477 -0.043179
v -0.002669 -0.005905 -0.043179
v -0.003235 -0.005615 -0.043179
v -0.004725 -0.004434 -0.043179
v -0.005137 -0.003949 -0.043179
v -0.006062 -0.002288 -0.043179
v -0.006258 -0.001683 -0.043179
v 0.002077 0.006138 -0.043179
v 0.001466 0.006312 -0.043179
v 0.004268 0.004876 -0.043179
v 0.003770 0.005270 -0.043179
v 0.005809 0.002871 -0.043179
v 0.005500 0.003427 -0.043179
v 0.006466 0.000430 -0.043179
v 0.006392 0.001061 -0.043179
v 0.000840 0.006425 -0.043179
v 0.000206 0.006477 -0.043179
v 0.002669 0.005905 -0.043179
v 0.003235 0.005615 -0.043179
v 0.004725 0.004434 -0.043179
v 0.005137 0.003949 -0.043179
v 0.006062 0.002288 -0.043179
v 0.006258 0.001683 -0.043179
v 0.006477 -0.000206 -0.043179
v -0.001683 0.006258 -0.043179
v -0.001061 0.006392 -0.043179
v -0.003949 0.005137 -0.043179
v -0.003427 0.005500 -0.043179
v -0.005615 0.003235 -0.043179
v -0.005270 0.003770 -0.043179
v -0.006425 0.000840 -0.043179
v -0.006312 0.001466 -0.043179
v -0.000430 0.006466 -0.043179
v -0.002288 0.006062 -0.043179
v -0.002871 0.005809 -0.043179
v -0.004434 0.004725 -0.043179
v -0.004876 0.004268 -0.043179
v -0.005905 0.002669 -0.043179
v -0.006138 0.002077 -0.043179
v -0.006477 0.000206 -0.043179
v 0.000000 0.000000 -0.043179
vn 0.1552 -0.9876 -0.0241
vn 0.0762 -0.9463 -0.3142
vn 0.1567 -0.9535 -0.2574
vn 0.5213 -0.8530 -0.0241
vn 0.4325 -0.8451 -0.3142
vn 0.5097 -0.8210 -0.2574
vn 0.8081 -0.5886 -0.0241
vn 0.7230 -0.6153 -0.3142
vn 0.7850 -0.5634 -0.2574
vn 0.9718 -0.2346 -0.0241
vn 0.9034 -0.2918 -0.3142
vn 0.9409 -0.2201 -0.2574
vn 0.1170 -0.6771 -0.7266
vn 0.2330 -0.9015 -0.3646
vn 0.1464 -0.8852 -0.4416
vn 0.3672 -0.5808 -0.7266
vn 0.5603 -0.7437 -0.3646
vn 0.4740 -0.7617 -0.4416
vn 0.5615 -0.3961 -0.7266
vn 0.8023 -0.4727 -0.3646
vn 0.7295 -0.5224 -0.4416
vn 0.6703 -0.1510 -0.7266
vn 0.9221 -0.1297 -0.3646
vn 0.8738 -0.2034 -0.4416
vn 0.9854 0.1466 -0.0863
vn -0.9737 0.2108 -0.0863
vn -0.5674 -0.8189 -0.0863
vn -0.8543 -0.5125 -0.0863
vn 0.3261 -0.8678 -0.3749
vn 0.2755 -0.9258 -0.2590
vn 0.2284 -0.9194 -0.3204
vn 0.2306 -0.9212 -0.3134
vn 0.1696 -0.9852 -0.0225
vn 0.0350 -0.9649 -0.2604
vn -0.0317 -0.9265 -0.3749
vn 0.0777 -0.9438 -0.3212
vn 0.6334 -0.6769 -0.3749
vn 0.6088 -0.7499 -0.2590
vn 0.5628 -0.7620 -0.3204
vn 0.5656 -0.7628 -0.3134
vn 0.5338 -0.8453 -0.0225
vn 0.4016 -0.8780 -0.2604
vn 0.3253 -0.8681 -0.3749
vn 0.4330 -0.8422 -0.3211
vn 0.8443 -0.3830 -0.3749
vn 0.8494 -0.4598 -0.2590
vn 0.8115 -0.4886 -0.3204
vn 0.8144 -0.4883 -0.3134
vn 0.8166 -0.5767 -0.0225
vn 0.7070 -0.6575 -0.2604
vn 0.6328 -0.6775 -0.3749
vn 0.7224 -0.6124 -0.3211
vn 0.9266 -0.0308 -0.3749
vn 0.9607 -0.0997 -0.2590
vn 0.9367 -0.1409 -0.3204
vn 0.9393 -0.1395 -0.3134
vn 0.9752 -0.2203 -0.0225
vn 0.9048 -0.3369 -0.2604
vn 0.8439 -0.3838 -0.3749
vn 0.9017 -0.2894 -0.3212
vn -0.7468 -0.5628 -0.3543
vn -0.8453 -0.5267 -0.0893
vn -0.7657 -0.4768 -0.4318
vn -0.9938 -0.0660 -0.0893
vn -0.9598 0.0310 -0.2789
vn -0.9320 -0.0715 -0.3555
vn -0.8985 -0.3390 -0.2790
vn -0.9619 -0.2586 -0.0892
vn -0.9057 -0.2328 -0.3543
vn -0.0314 -0.9572 -0.2876
vn 0.0331 -0.8838 -0.4667
vn 0.0718 -0.9287 -0.3638
vn 0.0705 -0.9281 -0.3656
vn 0.1071 -0.6774 -0.7278
vn 0.1471 -0.8851 -0.4416
vn 0.3393 -0.8959 -0.2869
vn 0.2550 -0.8488 -0.4632
vn 0.3373 -0.8964 -0.2876
vn 0.3688 -0.8039 -0.4667
vn 0.4217 -0.8305 -0.3638
vn 0.4203 -0.8305 -0.3656
vn 0.3582 -0.5849 -0.7278
vn 0.4746 -0.7614 -0.4416
vn 0.6563 -0.6978 -0.2869
vn 0.5604 -0.6866 -0.4632
vn 0.6547 -0.6991 -0.2876
vn 0.6483 -0.6015 -0.4667
vn 0.7075 -0.6059 -0.3638
vn 0.7061 -0.6064 -0.3656
vn 0.5547 -0.4033 -0.7278
vn 0.7299 -0.5218 -0.4416
vn 0.8734 -0.3936 -0.2869
vn 0.7805 -0.4198 -0.4632
vn 0.8724 -0.3953 -0.2876
vn 0.8292 -0.3077 -0.4667
vn 0.8855 -0.2891 -0.3638
vn 0.8844 -0.2900 -0.3656
vn 0.6668 -0.1603 -0.7278
vn 0.8740 -0.2028 -0.4416
vn 0.9575 -0.0294 -0.2869
vn 0.8818 -0.0892 -0.4632
vn 0.4985 -0.8625 -0.0870
vn -0.2108 -0.9737 -0.0863
vn -0.9770 0.1949 -0.0870
vn 0.8286 0.5530 -0.0870
vn -0.5125 0.8543 -0.0863
vn -0.1949 -0.9770 -0.0870
vn -0.9876 -0.1304 -0.0870
vn -0.1778 0.9803 -0.0863
vn -0.4985 0.8625 -0.0870
vn 0.5612 -0.7610 -0.3256
vn 0.5149 -0.5488 -0.6586
vn 0.6320 -0.6757 -0.3795
vn 0.9803 0.1778 -0.0863
vn 0.9772 0.1938 -0.0870
vn -0.2204 -0.9751 -0.0250
vn -0.1411 -0.9382 -0.3162
vn -0.2202 -0.9751 -0.0252
vn -0.5768 -0.8165 -0.0250
vn -0.4894 -0.8128 -0.3162
vn -0.5766 -0.8166 -0.0251
vn -0.8454 -0.5336 -0.0250
vn -0.7631 -0.5636 -0.3162
vn -0.8452 -0.5338 -0.0252
vn -0.9852 -0.1695 -0.0250
vn -0.9207 -0.2287 -0.3162
vn -0.9852 -0.1697 -0.0252
vn -0.1609 -0.6665 -0.7279
vn -0.2895 -0.8846 -0.3657
vn -0.1610 -0.6665 -0.7279
vn -0.4037 -0.5542 -0.7279
vn -0.6060 -0.7065 -0.3657
vn -0.4038 -0.5542 -0.7279
vn -0.5850 -0.3576 -0.7279
vn -0.8302 -0.4208 -0.3657
vn -0.5851 -0.3575 -0.7279
vn -0.6774 -0.1065 -0.7279
vn -0.9280 -0.0711 -0.3657
vn -0.6774 -0.1064 -0.7279
vn -0.1466 0.9854 -0.0863
vn -0.9854 -0.1466 -0.0863
vn -0.3369 -0.9048 -0.2604
vn -0.3838 -0.8439 -0.3749
vn -0.2894 -0.9017 -0.3211
vn -0.2346 -0.9718 -0.0241
vn -0.2918 -0.9034 -0.3142
vn -0.2201 -0.9409 -0.2574
vn -0.0994 -0.9605 -0.2598
vn -0.0307 -0.9263 -0.3754
vn -0.0994 -0.9605 -0.2599
vn -0.6575 -0.7070 -0.2604
vn -0.6775 -0.6328 -0.3749
vn -0.6124 -0.7224 -0.3212
vn -0.5886 -0.8081 -0.0241
vn -0.6153 -0.7230 -0.3142
vn -0.5634 -0.7850 -0.2574
vn -0.4594 -0.8494 -0.2598
vn -0.3828 -0.8441 -0.3754
vn -0.4594 -0.8494 -0.2599
vn -0.8780 -0.4016 -0.2604
vn -0.8681 -0.3253 -0.3749
vn -0.8422 -0.4330 -0.3211
vn -0.8530 -0.5213 -0.0241
vn -0.8451 -0.4325 -0.3142
vn -0.8210 -0.5097 -0.2574
vn -0.7495 -0.6089 -0.2598
vn -0.6767 -0.6334 -0.3754
vn -0.7495 -0.6089 -0.2599
vn -0.9649 -0.0350 -0.2604
vn -0.9265 0.0317 -0.3749
vn -0.9438 -0.0777 -0.3212
vn -0.9876 -0.1552 -0.0241
vn -0.9463 -0.0762 -0.3142
vn -0.9535 -0.1567 -0.2574
vn -0.9255 -0.2757 -0.2598
vn -0.8676 -0.3262 -0.3754
vn -0.9254 -0.2757 -0.2599
vn 0.5932 0.8004 -0.0863
vn 0.4972 0.8630 -0.0892
vn 0.5249 0.7335 -0.4318
vn 0.4746 0.8058 -0.3543
vn -0.0897 -0.8811 -0.4643
vn -0.0297 -0.9573 -0.2875
vn -0.1311 -0.9226 -0.3627
vn -0.1510 -0.6703 -0.7266
vn -0.1297 -0.9221 -0.3646
vn -0.2034 -0.8738 -0.4416
vn -0.3953 -0.8724 -0.2876
vn -0.3077 -0.8292 -0.4667
vn -0.2891 -0.8855 -0.3638
vn -0.4201 -0.7797 -0.4643
vn -0.3938 -0.8731 -0.2875
vn -0.4742 -0.8022 -0.3627
vn -0.3961 -0.5615 -0.7266
vn -0.4727 -0.8023 -0.3646
vn -0.5224 -0.7295 -0.4416
vn -0.6991 -0.6547 -0.2876
vn -0.6015 -0.6483 -0.4667
vn -0.6059 -0.7075 -0.3638
vn -0.6865 -0.5596 -0.4643
vn -0.6980 -0.6559 -0.2875
vn -0.7451 -0.5597 -0.3627
vn -0.5808 -0.3672 -0.7266
vn -0.7437 -0.5603 -0.3646
vn -0.7617 -0.4740 -0.4416
vn -0.8964 -0.3373 -0.2876
vn -0.8039 -0.3688 -0.4667
vn -0.8305 -0.4217 -0.3638
vn -0.8484 -0.2543 -0.4643
vn -0.8958 -0.3389 -0.2875
vn -0.9026 -0.2319 -0.3627
vn -0.6771 -0.1170 -0.7266
vn -0.9015 -0.2330 -0.3646
vn -0.8852 -0.1464 -0.4416
vn -0.9572 0.0314 -0.2876
vn -0.8838 -0.0331 -0.4667
vn -0.9287 -0.0718 -0.3638
vn -0.2574 -0.9624 -0.0870
vn 0.1304 -0.9876 -0.0870
vn -0.9772 -0.1938 -0.0870
vn 0.8376 0.5394 -0.0863
vn 0.1778 -0.9803 -0.0863
vn -0.1938 0.9772 -0.0870
vn 0.2204 0.9751 -0.0250
vn 0.1411 0.9381 -0.3162
vn 0.2202 0.9751 -0.0252
vn 0.5768 0.8165 -0.0250
vn 0.4894 0.8128 -0.3162
vn 0.5766 0.8166 -0.0251
vn 0.8454 0.5336 -0.0250
vn 0.7631 0.5636 -0.3162
vn 0.8452 0.5338 -0.0251
vn 0.9852 0.1695 -0.0250
vn 0.9207 0.2287 -0.3162
vn 0.9852 0.1697 -0.0251
vn 0.1609 0.6665 -0.7279
vn 0.2895 0.8846 -0.3657
vn 0.1610 0.6665 -0.7279
vn 0.4037 0.5542 -0.7279
vn 0.6060 0.7065 -0.3657
vn 0.4038 0.5542 -0.7279
vn 0.5850 0.3576 -0.7279
vn 0.8302 0.4208 -0.3657
vn 0.5851 0.3575 -0.7279
vn 0.6774 0.1065 -0.7279
vn 0.9280 0.0711 -0.3657
vn 0.6774 0.1064 -0.7279
vn 0.8543 0.5125 -0.0863
vn 0.9737 -0.2108 -0.0863
vn 0.2417 0.9665 -0.0863
vn 0.3369 0.9048 -0.2604
vn 0.3838 0.8439 -0.3749
vn 0.2894 0.9017 -0.3212
vn 0.2346 0.9718 -0.0241
vn 0.2918 0.9034 -0.3142
vn 0.2201 0.9409 -0.2574
vn 0.0994 0.9605 -0.2598
vn 0.0307 0.9263 -0.3754
vn 0.0994 0.9605 -0.2599
vn 0.6575 0.7070 -0.2604
vn 0.6775 0.6328 -0.3749
vn 0.6124 0.7224 -0.3212
vn 0.5886 0.8081 -0.0241
vn 0.6153 0.7230 -0.3142
vn 0.5634 0.7850 -0.2574
vn 0.4594 0.8494 -0.2598
vn 0.3828 0.8441 -0.3754
vn 0.4594 0.8494 -0.2599
vn 0.8780 0.4016 -0.2604
vn 0.8681 0.3253 -0.3749
vn 0.8422 0.4330 -0.3211
vn 0.8530 0.5213 -0.0241
vn 0.8451 0.4325 -0.3142
vn 0.8210 0.5097 -0.2574
vn 0.7495 0.6089 -0.2598
vn 0.6767 0.6333 -0.3754
vn 0.7495 0.6089 -0.2599
vn 0.9649 0.0350 -0.2604
vn 0.9265 -0.0317 -0.3749
vn 0.9438 0.0777 -0.3212
vn 0.9876 0.1552 -0.0241
vn 0.9463 0.0762 -0.3142
vn 0.9535 0.1567 -0.2574
vn 0.9255 0.2757 -0.2598
vn 0.8676 0.3262 -0.3754
vn 0.9254 0.2757 -0.2599
vn 0.4972 0.8630 -0.0893
vn 0.3951 0.8753 -0.2788
vn 0.4103 0.9076 -0.0892
vn 0.8897 0.1488 -0.4317
vn 0.9938 0.0660 -0.0893
vn 0.9320 0.0714 -0.3554
vn 0.7343 -0.5239 -0.4317
vn 0.7494 -0.6561 -0.0893
vn 0.7095 -0.6085 -0.3554
vn 0.0897 0.8811 -0.4643
vn 0.0297 0.9573 -0.2875
vn 0.1311 0.9226 -0.3627
vn 0.1510 0.6703 -0.7266
vn 0.1297 0.9221 -0.3646
vn 0.2034 0.8738 -0.4416
vn 0.3953 0.8724 -0.2876
vn 0.3077 0.8292 -0.4667
vn 0.2891 0.8855 -0.3638
vn 0.4201 0.7797 -0.4643
vn 0.3938 0.8730 -0.2875
vn 0.4742 0.8022 -0.3627
vn 0.3961 0.5615 -0.7266
vn 0.4727 0.8023 -0.3646
vn 0.5224 0.7295 -0.4416
vn 0.6991 0.6547 -0.2876
vn 0.6015 0.6483 -0.4667
vn 0.6059 0.7075 -0.3638
vn 0.6865 0.5596 -0.4643
vn 0.6980 0.6559 -0.2875
vn 0.7451 0.5597 -0.3627
vn 0.5808 0.3672 -0.7266
vn 0.7437 0.5603 -0.3646
vn 0.7617 0.4740 -0.4416
vn 0.8964 0.3373 -0.2876
vn 0.8039 0.3688 -0.4667
vn 0.8305 0.4217 -0.3638
vn 0.8484 0.2543 -0.4643
vn 0.8958 0.3389 -0.2875
vn 0.9026 0.2319 -0.3627
vn 0.6771 0.1170 -0.7266
vn 0.9015 0.2330 -0.3646
vn 0.8852 0.1464 -0.4416
vn 0.9572 -0.0314 -0.2876
vn 0.8838 0.0331 -0.4667
vn 0.9287 0.0718 -0.3638
vn 0.5674 0.8189 -0.0863
vn -0.1304 0.9876 -0.0870
vn 0.9876 0.1304 -0.0870
vn -0.5932 -0.8004 -0.0863
vn 0.6061 0.7906 -0.0870
vn -0.8004 0.5932 -0.0863
vn 0.9770 -0.1949 -0.0870
vn -0.8286 -0.5530 -0.0870
vn 0.8280 -0.5539 -0.0870
vn -0.1552 0.9876 -0.0241
vn -0.0762 0.9463 -0.3142
vn -0.1567 0.9535 -0.2574
vn -0.5213 0.8530 -0.0241
vn -0.4325 0.8451 -0.3142
vn -0.5097 0.8210 -0.2574
vn -0.8081 0.5886 -0.0241
vn -0.7230 0.6153 -0.3142
vn -0.7850 0.5634 -0.2574
vn -0.9718 0.2346 -0.0241
vn -0.9034 0.2918 -0.3142
vn -0.9409 0.2201 -0.2574
vn -0.1170 0.6771 -0.7266
vn -0.2330 0.9015 -0.3646
vn -0.1464 0.8852 -0.4416
vn -0.3672 0.5808 -0.7266
vn -0.5603 0.7437 -0.3646
vn -0.4740 0.7618 -0.4416
vn -0.5615 0.3961 -0.7266
vn -0.8023 0.4727 -0.3646
vn -0.7295 0.5224 -0.4416
vn -0.6703 0.1510 -0.7266
vn -0.9221 0.1297 -0.3646
vn -0.8738 0.2034 -0.4416
vn 0.1466 -0.9854 -0.0863
vn -0.3261 0.8678 -0.3749
vn -0.2755 0.9258 -0.2590
vn -0.2283 0.9193 -0.3204
vn -0.2306 0.9212 -0.3134
vn -0.1696 0.9852 -0.0225
vn -0.0350 0.9649 -0.2604
vn 0.0317 0.9265 -0.3749
vn -0.0777 0.9438 -0.3212
vn -0.6334 0.6769 -0.3749
vn -0.6088 0.7498 -0.2590
vn -0.5628 0.7620 -0.3204
vn -0.5656 0.7628 -0.3134
vn -0.5338 0.8453 -0.0225
vn -0.4016 0.8780 -0.2604
vn -0.3253 0.8681 -0.3749
vn -0.4330 0.8422 -0.3211
vn -0.8442 0.3830 -0.3749
vn -0.8494 0.4598 -0.2590
vn -0.8115 0.4886 -0.3204
vn -0.8144 0.4883 -0.3134
vn -0.8166 0.5767 -0.0225
vn -0.7070 0.6575 -0.2604
vn -0.6328 0.6775 -0.3749
vn -0.7224 0.6124 -0.3212
vn -0.9266 0.0308 -0.3749
vn -0.9607 0.0997 -0.2590
vn -0.9368 0.1408 -0.3204
vn -0.9393 0.1395 -0.3134
vn -0.9752 0.2203 -0.0225
vn -0.9048 0.3369 -0.2604
vn -0.8439 0.3838 -0.3749
vn -0.9017 0.2894 -0.3211
vn -0.4972 -0.8630 -0.0892
vn -0.5249 -0.7335 -0.4318
vn -0.4746 -0.8058 -0.3543
vn 0.5628 -0.7468 -0.3543
vn 0.5267 -0.8453 -0.0893
vn 0.4768 -0.7657 -0.4318
vn -0.9955 0.0317 -0.0893
vn -0.9258 0.1315 -0.3543
vn -0.9598 0.0307 -0.2790
vn 0.7468 0.5628 -0.3543
vn 0.8453 0.5267 -0.0893
vn 0.7656 0.4768 -0.4318
vn 0.0314 0.9572 -0.2876
vn -0.0331 0.8838 -0.4667
vn -0.0718 0.9287 -0.3638
vn -0.0705 0.9281 -0.3656
vn -0.1071 0.6774 -0.7278
vn -0.1471 0.8851 -0.4416
vn -0.3393 0.8959 -0.2869
vn -0.2550 0.8488 -0.4632
vn -0.3373 0.8964 -0.2876
vn -0.3688 0.8039 -0.4667
vn -0.4217 0.8305 -0.3638
vn -0.4203 0.8305 -0.3656
vn -0.3582 0.5849 -0.7278
vn -0.4746 0.7614 -0.4416
vn -0.6563 0.6978 -0.2869
vn -0.5604 0.6866 -0.4632
vn -0.6547 0.6991 -0.2876
vn -0.6483 0.6015 -0.4667
vn -0.7075 0.6059 -0.3638
vn -0.7061 0.6064 -0.3656
vn -0.5547 0.4033 -0.7278
vn -0.7299 0.5218 -0.4416
vn -0.8734 0.3936 -0.2869
vn -0.7805 0.4198 -0.4632
vn -0.8724 0.3953 -0.2876
vn -0.8292 0.3077 -0.4667
vn -0.8855 0.2891 -0.3638
vn -0.8844 0.2900 -0.3656
vn -0.6668 0.1603 -0.7278
vn -0.8740 0.2028 -0.4416
vn -0.9575 0.0294 -0.2869
vn -0.8818 0.0892 -0.4632
vn 0.8625 0.4985 -0.0870
vn -0.8625 -0.4985 -0.0870
vn -0.9665 0.2417 -0.0863
vn -0.5539 -0.8280 -0.0870
vn 0.5530 -0.8286 -0.0870
vn 0.2108 0.9737 -0.0863
vn 0.8189 -0.5674 -0.0863
vn -0.8376 -0.5394 -0.0863
vn -0.5394 0.8376 -0.0863
vn -0.5530 0.8286 -0.0870
vn -0.8189 0.5674 -0.0863
vn 0.7906 -0.6061 -0.0870
vn 0.1938 -0.9772 -0.0870
vn -0.9803 -0.1778 -0.0863
vn -0.8280 0.5539 -0.0870
vn -0.2417 -0.9665 -0.0863
vn 0.5125 -0.8543 -0.0863
vn 0.1949 0.9770 -0.0870
vn 0.5539 0.8280 -0.0870
vn -0.6061 -0.7906 -0.0870
vn -0.9624 0.2574 -0.0870
vn 0.8004 -0.5932 -0.0863
vn 0.9665 -0.2417 -0.0863
vn 0.5394 -0.8376 -0.0863
vn 0.9624 -0.2574 -0.0870
vn 0.8339 0.4223 -0.3554
vn 0.8929 0.4413 -0.0892
vn -0.7264 -0.6815 -0.0893
vn -0.6078 -0.7102 -0.3553
vn -0.6561 -0.7494 -0.0892
vn 0.9598 -0.0310 -0.2789
vn 0.9955 -0.0317 -0.0892
vn 0.8785 -0.2043 -0.4318
vn 0.9876 -0.1291 -0.0892
vn 0.9702 -0.2253 -0.0893
vn -0.9826 -0.1631 -0.0893
vn -0.9320 -0.0710 -0.3554
vn -0.8898 -0.1476 -0.4318
vn 0.3517 -0.9319 -0.0893
vn 0.4235 -0.8333 -0.3553
vn 0.4413 -0.8929 -0.0892
vn -0.7473 -0.5620 -0.3544
vn -0.7264 -0.6815 -0.0892
vn -0.7897 -0.6070 -0.0892
vn 0.9955 -0.0317 -0.0893
vn 0.9258 -0.1315 -0.3543
vn 0.9598 -0.0306 -0.2790
vn -0.8784 0.2048 -0.4318
vn -0.9876 0.1291 -0.0893
vn -0.9702 0.2253 -0.0892
vn 0.3390 -0.8985 -0.2790
vn 0.2586 -0.9618 -0.0892
vn 0.2328 -0.9057 -0.3543
vn -0.2030 -0.8789 -0.4317
vn -0.3193 -0.9434 -0.0892
vn -0.2906 -0.8884 -0.3554
vn -0.8630 0.4972 -0.0892
vn -0.8750 0.3956 -0.2790
vn -0.9076 0.4102 -0.0893
vn 0.8983 0.3396 -0.2788
vn 0.9618 0.2586 -0.0893
vn 0.9055 0.2332 -0.3544
vn -0.0300 -0.9599 -0.2788
vn -0.1291 -0.9876 -0.0892
vn -0.1311 -0.9259 -0.3544
vn -0.6561 -0.7494 -0.0893
vn -0.5239 -0.7343 -0.4317
vn -0.5794 -0.8101 -0.0892
vn -0.8884 0.2907 -0.3554
vn -0.9434 0.3193 -0.0892
vn -0.4780 0.7650 -0.4317
vn -0.4413 0.8929 -0.0893
vn -0.4227 0.8337 -0.3554
vn 0.8750 -0.3956 -0.2790
vn 0.8630 -0.4972 -0.0892
vn 0.8050 -0.4758 -0.3543
vn 0.6999 0.6575 -0.2788
vn 0.7897 0.6070 -0.0893
vn 0.7473 0.5620 -0.3544
vn -0.0710 0.9320 -0.3554
vn -0.1631 0.9826 -0.0893
vn -0.0660 0.9938 -0.0892
vn 0.0317 0.9955 -0.0893
vn 0.1315 0.9258 -0.3543
vn 0.0306 0.9598 -0.2790
vn -0.3517 0.9319 -0.0893
vn -0.2328 0.9057 -0.3543
vn -0.3390 0.8985 -0.2790
vn 0.2333 -0.9055 -0.3544
vn 0.1631 -0.9826 -0.0892
vn 0.1469 -0.8900 -0.4317
vn -0.8887 0.2897 -0.3553
vn -0.9076 0.4103 -0.0893
vn -0.8750 0.3957 -0.2790
vn -0.6575 0.6999 -0.2788
vn -0.6070 0.7897 -0.0893
vn -0.5620 0.7473 -0.3544
vn 0.9053 0.2342 -0.3543
vn 0.9826 0.1631 -0.0893
vn 0.8898 0.1475 -0.4318
vn -0.7650 -0.4780 -0.4317
vn -0.8929 -0.4413 -0.0893
vn -0.8337 -0.4227 -0.3554
vn -0.8058 0.4746 -0.3543
vn -0.8101 0.5794 -0.0893
vn -0.7335 0.5249 -0.4318
vn -0.7092 0.6088 -0.3554
vn -0.7494 0.6561 -0.0892
vn 0.1475 -0.8898 -0.4318
vn 0.0660 -0.9938 -0.0892
vn 0.0710 -0.9320 -0.3554
vn -0.5628 0.7468 -0.3543
vn -0.5267 0.8453 -0.0893
vn -0.4768 0.7656 -0.4318
vn 0.8887 -0.2897 -0.3553
vn 0.9076 -0.4103 -0.0893
vn 0.8750 -0.3957 -0.2790
vn -0.4103 -0.9076 -0.0893
vn -0.2897 -0.8887 -0.3553
vn -0.1571 0.9501 -0.2695
vn -0.0474 0.7510 -0.6586
vn -0.1221 0.7424 -0.6587
vn 0.8664 0.3242 -0.3797
vn 0.6746 0.3335 -0.6586
vn 0.8408 0.4321 -0.3260
vn -0.9505 -0.1547 -0.2696
vn -0.7267 -0.1954 -0.6586
vn -0.9176 -0.2286 -0.3253
vn -0.2429 -0.7121 -0.6587
vn -0.2192 -0.9378 -0.2694
vn -0.2904 -0.8996 -0.3262
vn 0.8996 -0.2904 -0.3262
vn 0.7330 -0.1702 -0.6586
vn 0.9378 -0.2191 -0.2694
vn -0.7509 -0.0499 -0.6586
vn -0.9245 0.0320 -0.3797
vn -0.7519 0.0257 -0.6587
vn 0.4587 -0.5966 -0.6586
vn 0.5067 -0.8189 -0.2696
vn 0.3964 -0.6395 -0.6587
vn -0.3772 -0.6510 -0.6587
vn -0.3824 -0.8425 -0.3795
vn -0.4883 -0.8097 -0.3256
vn -0.1936 0.7270 -0.6587
vn -0.3253 0.8661 -0.3795
vn -0.2272 0.9178 -0.3256
vn -0.8177 -0.5087 -0.2695
vn -0.6757 -0.3312 -0.6586
vn -0.6391 -0.3969 -0.6587
vn -0.9352 0.1395 -0.3254
vn -0.7324 0.1726 -0.6586
vn -0.7459 0.0986 -0.6587
vn 0.6395 0.3964 -0.6587
vn 0.7603 0.5623 -0.3253
vn 0.8189 0.5067 -0.2696
vn 0.1936 -0.7270 -0.6587
vn 0.3253 -0.8661 -0.3795
vn 0.2272 -0.9178 -0.3256
vn -0.8107 0.4868 -0.3254
vn -0.6106 0.4398 -0.6586
vn -0.6514 0.3766 -0.6587
vn 0.8423 -0.3828 -0.3795
vn 0.7123 -0.2422 -0.6587
vn 0.9002 -0.2885 -0.3262
vn 0.1395 0.9352 -0.3254
vn 0.1726 0.7324 -0.6586
vn 0.0986 0.7459 -0.6587
vn 0.7610 0.5612 -0.3256
vn 0.5488 0.5149 -0.6586
vn 0.6757 0.6320 -0.3795
vn -0.2885 -0.9002 -0.3262
vn -0.3122 -0.6846 -0.6586
vn -0.2422 -0.7123 -0.6587
vn -0.8664 -0.3242 -0.3797
vn -0.6746 -0.3335 -0.6586
vn -0.8408 -0.4321 -0.3260
vn -0.7610 -0.5612 -0.3256
vn -0.5488 -0.5149 -0.6586
vn -0.6757 -0.6320 -0.3795
vn -0.9349 0.1413 -0.3256
vn -0.7521 0.0239 -0.6586
vn -0.9247 0.0309 -0.3795
vn 0.7458 -0.1000 -0.6586
vn 0.9246 -0.0305 -0.3797
vn 0.9351 -0.1404 -0.3253
vn -0.0239 -0.7521 -0.6586
vn -0.1413 -0.9349 -0.3256
vn -0.0993 -0.7458 -0.6587
vn 0.9501 0.1571 -0.2695
vn 0.7510 0.0474 -0.6586
vn 0.7424 0.1221 -0.6587
vn 0.3756 0.6521 -0.6586
vn 0.5627 0.7815 -0.2696
vn 0.4391 0.6109 -0.6587
vn 0.0314 0.9246 -0.3795
vn -0.0488 0.7508 -0.6587
vn -0.0779 0.9421 -0.3262
vn 0.8659 0.3256 -0.3797
vn 0.7273 0.1930 -0.6586
vn 0.7043 0.2646 -0.6587
vn -0.1547 0.9505 -0.2696
vn -0.1954 0.7267 -0.6586
vn -0.2286 0.9176 -0.3253
vn -0.5663 0.4956 -0.6586
vn -0.6311 0.6764 -0.3797
vn -0.5135 0.5499 -0.6587
vn 0.9352 -0.1395 -0.3254
vn 0.7324 -0.1726 -0.6586
vn 0.7459 -0.0986 -0.6587
vn 0.1413 0.9349 -0.3256
vn 0.0239 0.7521 -0.6586
vn 0.0309 0.9247 -0.3795
vn 0.6521 -0.3756 -0.6586
vn 0.7815 -0.5627 -0.2696
vn 0.6109 -0.4391 -0.6587
vn -0.5616 -0.7823 -0.2694
vn -0.3765 -0.6514 -0.6587
vn -0.4868 -0.8107 -0.3254
vn -0.8097 0.4883 -0.3256
vn -0.6857 0.3099 -0.6586
vn -0.8425 0.3824 -0.3795
vn 0.7207 -0.6118 -0.3261
vn 0.6113 -0.4386 -0.6587
vn 0.7829 -0.5607 -0.2695
vn -0.5612 0.7610 -0.3256
vn -0.5149 0.5488 -0.6586
vn -0.6320 0.6757 -0.3795
vn 0.2904 0.8996 -0.3262
vn 0.1702 0.7330 -0.6586
vn 0.2191 0.9378 -0.2694
vn -0.9002 0.2885 -0.3262
vn -0.6846 0.3122 -0.6586
vn -0.7123 0.2422 -0.6587
vn -0.4308 0.8414 -0.3262
vn -0.3980 0.6387 -0.6586
vn -0.5081 0.8181 -0.2694
vn -0.9379 0.2185 -0.2695
vn -0.7120 0.2436 -0.6586
vn -0.7326 0.1713 -0.6587
vn -0.7270 -0.1936 -0.6587
vn -0.8661 -0.3253 -0.3795
vn -0.9178 -0.2272 -0.3256
vn 0.1547 -0.9505 -0.2696
vn 0.1954 -0.7267 -0.6586
vn 0.2286 -0.9176 -0.3253
vn -0.2926 0.0990 -0.9511
vn -0.6839 0.3112 -0.6599
vn -0.2808 0.1287 -0.9511
vn 0.4308 -0.8414 -0.3262
vn 0.3980 -0.6387 -0.6586
vn 0.5081 -0.8181 -0.2694
vn -0.7200 0.6125 -0.3262
vn -0.6121 0.4378 -0.6586
vn -0.7825 0.5613 -0.2694
vn 0.6387 0.3980 -0.6586
vn 0.8414 0.4308 -0.3262
vn 0.6753 0.3318 -0.6587
vn 0.9245 -0.0320 -0.3797
vn 0.7509 0.0499 -0.6586
vn 0.9422 0.0774 -0.3260
vn 0.9505 0.1547 -0.2696
vn 0.7267 0.1954 -0.6586
vn 0.9176 0.2286 -0.3253
vn -0.5504 -0.5131 -0.6586
vn -0.6110 -0.7213 -0.3262
vn -0.6760 -0.6316 -0.3795
vn 0.6764 0.6311 -0.3797
vn 0.4957 0.5662 -0.6586
vn 0.6115 0.7209 -0.3260
vn -0.6125 -0.7200 -0.3262
vn -0.4378 -0.6121 -0.6586
vn -0.5613 -0.7825 -0.2694
vn 0.2885 0.9002 -0.3262
vn 0.3122 0.6846 -0.6586
vn 0.2422 0.7123 -0.6587
vn -0.3242 0.8664 -0.3797
vn -0.3335 0.6746 -0.6586
vn -0.4321 0.8408 -0.3260
vn -0.5078 0.8183 -0.2694
vn -0.4577 0.5972 -0.6587
vn -0.5627 0.7599 -0.3254
vn -0.0320 -0.9245 -0.3797
vn 0.0499 -0.7509 -0.6586
vn 0.0774 -0.9422 -0.3260
vn 0.6125 0.7200 -0.3262
vn 0.4378 0.6121 -0.6586
vn 0.5613 0.7825 -0.2694
vn 0.3100 0.6857 -0.6586
vn 0.4883 0.8097 -0.3256
vn 0.3771 0.6510 -0.6587
vn -0.2415 -0.7114 -0.6599
vn -0.1287 -0.2808 -0.9511
vn -0.0991 -0.2926 -0.9511
vn 0.8426 -0.3820 -0.3797
vn 0.6508 -0.3778 -0.6586
vn 0.6851 -0.3109 -0.6587
vn -0.7599 -0.5627 -0.3254
vn -0.6399 -0.3958 -0.6586
vn -0.5972 -0.4577 -0.6587
vn -0.7508 -0.0481 -0.6587
vn -0.9503 -0.1564 -0.2694
vn -0.9422 -0.0760 -0.3262
vn -0.2195 -0.9377 -0.2694
vn -0.0986 -0.7459 -0.6587
vn -0.1395 -0.9352 -0.3254
vn 0.3242 -0.8664 -0.3797
vn 0.3335 -0.6746 -0.6586
vn 0.4321 -0.8408 -0.3260
vn 0.1571 -0.9501 -0.2695
vn 0.0474 -0.7510 -0.6586
vn 0.1221 -0.7424 -0.6587
vn 0.1952 -0.2550 -0.9470
vn -0.0000 -0.0000 -1.0000
vn 0.2193 -0.2346 -0.9470
vn 0.2608 -0.1873 -0.9470
vn 0.3127 -0.0733 -0.9470
vn 0.3184 -0.0422 -0.9470
vn 0.3205 0.0206 -0.9470
vn 0.3169 0.0520 -0.9470
vn -0.1035 -0.3040 -0.9470
vn -0.1608 -0.2780 -0.9470
vn -0.2882 -0.1417 -0.9470
vn -0.2729 -0.1693 -0.9470
vn -0.0520 0.3169 -0.9470
vn -0.0207 0.3205 -0.9470
vn 0.1874 0.2608 -0.9470
vn 0.1608 0.2780 -0.9470
vn -0.7906 0.6061 -0.0870
vn 0.2574 0.9624 -0.0870
vn 0.6316 -0.6760 -0.3795
vn 0.5654 -0.4964 -0.6587
vn 0.7213 -0.6110 -0.3262
vn -0.9613 0.2756 -0.0000
vn -0.3685 -0.9296 -0.0000
vn 0.6962 0.7179 -0.0000
vn 0.4578 0.8890 -0.0000
vn -0.2101 0.9777 -0.0000
vn 0.3685 0.9296 -0.0000
vn 0.9524 0.3049 -0.0000
vn 0.6462 -0.7632 -0.0000
vn -0.0827 -0.9966 -0.0000
vn -0.6225 -0.7827 -0.0000
vn 0.9936 0.1133 -0.0000
vn 0.9296 -0.3685 -0.0000
vn -0.1133 0.9936 -0.0000
vn 0.5683 -0.8229 -0.0000
vn -0.6462 0.7632 -0.0000
vn 0.8890 -0.4578 -0.0000
vn -0.5683 0.8229 -0.0000
vn 0.3049 -0.9524 -0.0000
vn 0.9966 -0.0827 -0.0000
vn -0.9777 -0.2101 -0.0000
vn -0.8229 -0.5683 -0.0000
vn 0.6225 0.7827 -0.0000
vn 0.8746 0.4849 -0.0000
vn -0.4849 0.8746 -0.0000
vn -0.7632 -0.6462 -0.0000
vn -0.9296 0.3685 -0.0000
vn -0.7826 0.6225 -0.0000
vn -0.9966 0.0827 -0.0000
vn -0.9179 -0.3968 -0.0000
vn 0.0827 0.9966 -0.0000
vn 0.7826 -0.6225 -0.0000
vn 0.4849 -0.8746 -0.0000
vn 0.8399 -0.5428 -0.0000
vn -0.9837 0.1800 -0.0000
vn 0.9777 0.2101 -0.0000
vn 0.9837 -0.1800 -0.0000
vn -0.8746 -0.4849 -0.0000
vn 0.7179 -0.6962 -0.0000
vn -0.1800 -0.9837 -0.0000
vn 0.3968 -0.9179 -0.0000
vn -0.6962 -0.7179 -0.0000
vn -0.3968 0.9179 -0.0000
vn -0.5428 -0.8399 -0.0000
vn 0.0153 -0.9999 -0.0000
vn -0.2756 -0.9613 -0.0000
vn -0.9524 -0.3049 -0.0000
vn -0.0153 0.9999 -0.0000
vn 0.1800 0.9837 -0.0000
vn 0.2101 -0.9777 -0.0000
vn -0.9936 -0.1133 -0.0000
vn -0.8399 0.5428 -0.0000
vn 0.5428 0.8399 -0.0000
vn 0.1133 -0.9936 -0.0000
vn -0.3049 0.9524 -0.0000
vn -0.9999 -0.0153 -0.0000
vn -0.7179 0.6962 -0.0000
vn 0.7632 0.6462 -0.0000
vn -0.4578 -0.8890 -0.0000
vn 0.9999 0.0153 -0.0000
vn 0.2756 0.9613 -0.0000
vn 0.9613 -0.2756 -0.0000
vn -0.8890 0.4578 -0.0000
vn -0.2120 -0.2412 -0.9470
vn -0.1873 -0.2609 -0.9470
vn -0.3184 0.0423 -0.9470
vn -0.3210 0.0108 -0.9470
vn -0.1036 -0.3040 -0.9470
vn -0.0732 -0.3127 -0.9470
vn 0.2346 0.2193 -0.9470
vn 0.2550 0.1952 -0.9470
vn -0.3103 -0.0829 -0.9470
vn -0.2347 -0.2193 -0.9470
vn -0.2119 -0.2413 -0.9470
vn -0.0208 0.3205 -0.9470
vn 0.3007 0.1129 -0.9470
vn 0.3103 0.0828 -0.9470
vn -0.2550 -0.1952 -0.9470
vn -0.3184 0.0422 -0.9470
vn -0.0519 0.3169 -0.9470
vn -0.0828 0.3103 -0.9470
vn 0.0519 -0.3169 -0.9470
vn 0.0828 -0.3103 -0.9470
vn 0.1418 -0.2881 -0.9470
vn -0.1609 -0.2779 -0.9470
vn -0.1328 -0.2924 -0.9470
vn 0.0423 0.3183 -0.9470
vn 0.0108 0.3210 -0.9470
vn 0.1953 -0.2549 -0.9470
vn 0.2882 0.1417 -0.9470
vn 0.2729 0.1693 -0.9470
vn 0.2459 0.1870 -0.9511
vn 0.5484 0.5136 -0.6599
vn 0.5968 0.4564 -0.6599
vn 0.2629 -0.7038 -0.6600
vn 0.1376 -0.2766 -0.9511
vn 0.3320 -0.6740 -0.6599
vn 0.2415 0.7114 -0.6599
vn 0.1287 0.2808 -0.9511
vn 0.0991 0.2926 -0.9511
vn 0.0691 0.3011 -0.9511
vn 0.2432 0.7108 -0.6600
vn 0.1002 0.2922 -0.9511
vn -0.2102 0.2264 -0.9511
vn -0.5649 0.4954 -0.6599
vn -0.5127 0.5492 -0.6599
vn -0.3049 -0.0494 -0.9511
vn -0.7258 -0.1942 -0.6599
vn -0.7416 -0.1206 -0.6600
vn -0.1265 -0.2819 -0.9511
vn -0.3772 -0.6497 -0.6600
vn -0.1552 -0.2670 -0.9511
vn 0.7416 0.1206 -0.6600
vn 0.2981 0.0810 -0.9511
vn 0.7258 0.1942 -0.6599
vn 0.2113 -0.2253 -0.9511
vn 0.4564 -0.5968 -0.6599
vn 0.1870 -0.2459 -0.9511
vn -0.0490 0.3050 -0.9511
vn -0.1944 0.7257 -0.6599
vn -0.1212 0.7415 -0.6599
vn -0.2987 -0.0787 -0.9511
vn -0.7032 -0.2646 -0.6599
vn -0.7261 -0.1933 -0.6599
vn -0.0787 0.2987 -0.9511
vn -0.2646 0.7032 -0.6599
vn -0.1933 0.7261 -0.6599
vn 0.0981 0.7449 -0.6599
vn 0.0715 0.3005 -0.9511
vn 0.0401 0.3063 -0.9511
vn -0.2630 -0.1620 -0.9511
vn -0.5961 -0.4574 -0.6599
vn -0.6387 -0.3957 -0.6599
vn 0.7038 0.2629 -0.6600
vn 0.2766 0.1376 -0.9511
vn 0.6740 0.3320 -0.6599
vn 0.1810 0.2503 -0.9511
vn 0.3757 0.6507 -0.6599
vn 0.4386 0.6100 -0.6599
vn 0.0412 0.3061 -0.9511
vn 0.0249 0.7509 -0.6599
vn 0.0998 0.7446 -0.6600
vn 0.2314 -0.2047 -0.9511
vn 0.6107 -0.4376 -0.6599
vn 0.5641 -0.4963 -0.6599
vn -0.2047 -0.2314 -0.9511
vn -0.4376 -0.6107 -0.6599
vn -0.4963 -0.5641 -0.6599
vn 0.1206 -0.7416 -0.6600
vn 0.0810 -0.2981 -0.9511
vn 0.1942 -0.7258 -0.6599
vn 0.2261 0.2105 -0.9511
vn 0.4956 0.5647 -0.6599
vn 0.5496 0.5123 -0.6600
vn 0.3083 0.0189 -0.9511
vn 0.7413 0.1224 -0.6599
vn 0.7498 0.0479 -0.6599
vn -0.2819 0.1265 -0.9511
vn -0.6497 0.3772 -0.6600
vn -0.2670 0.1552 -0.9511
vn 0.2324 -0.2035 -0.9511
vn 0.5127 -0.5492 -0.6599
vn 0.2102 -0.2264 -0.9511
vn 0.2819 -0.1265 -0.9511
vn 0.6497 -0.3772 -0.6600
vn 0.2671 -0.1552 -0.9511
vn -0.7317 0.1706 -0.6599
vn -0.2921 0.1006 -0.9511
vn -0.3009 0.0699 -0.9511
vn -0.1870 0.2459 -0.9511
vn -0.5136 0.5484 -0.6599
vn -0.4564 0.5968 -0.6599
vn 0.2987 0.0787 -0.9511
vn 0.7032 0.2646 -0.6599
vn 0.7261 0.1933 -0.6599
vn -0.2253 -0.2113 -0.9511
vn -0.5968 -0.4564 -0.6599
vn -0.2459 -0.1870 -0.9511
vn -0.7446 0.0999 -0.6600
vn -0.3088 0.0090 -0.9511
vn -0.7509 0.0249 -0.6599
vn 0.0787 -0.2987 -0.9511
vn 0.2646 -0.7032 -0.6599
vn 0.1933 -0.7261 -0.6599
vn -0.1724 -0.7313 -0.6600
vn -0.0392 -0.3065 -0.9511
vn -0.0984 -0.7449 -0.6599
vn 0.0189 -0.3083 -0.9511
vn 0.1224 -0.7413 -0.6599
vn 0.0479 -0.7498 -0.6599
vn -0.7038 -0.2629 -0.6600
vn -0.2766 -0.1376 -0.9511
vn -0.6740 -0.3320 -0.6599
vn -0.2512 0.1797 -0.9511
vn -0.5641 0.4963 -0.6599
vn -0.2314 0.2047 -0.9511
vn -0.1001 -0.2922 -0.9511
vn -0.1709 -0.7317 -0.6599
vn -0.2432 -0.7108 -0.6600
vn 0.7446 -0.0999 -0.6600
vn 0.3088 -0.0090 -0.9511
vn 0.7509 -0.0249 -0.6599
vn 0.1272 0.2815 -0.9511
vn 0.3767 0.6501 -0.6599
vn 0.1556 0.2669 -0.9511
vn -0.0205 0.3082 -0.9511
vn 0.0258 0.7509 -0.6599
vn 0.0114 0.3087 -0.9511
vn -0.6507 0.3757 -0.6599
vn -0.2503 0.1810 -0.9511
vn -0.2676 0.1542 -0.9511
vn -0.0264 -0.7508 -0.6600
vn 0.0213 -0.3082 -0.9511
vn 0.0488 -0.7498 -0.6599
vn -0.3082 -0.0213 -0.9511
vn -0.7508 0.0264 -0.6600
vn -0.3087 0.0110 -0.9511
vn -0.0246 -0.7509 -0.6599
vn -0.0417 -0.3061 -0.9511
vn -0.0099 -0.3087 -0.9511
vn 0.2618 0.1641 -0.9511
vn 0.6746 0.3307 -0.6600
vn 0.2774 0.1359 -0.9511
vn 0.7508 -0.0264 -0.6600
vn 0.3082 0.0213 -0.9511
vn 0.7498 0.0488 -0.6599
vn 0.2630 0.1620 -0.9511
vn 0.5961 0.4574 -0.6599
vn 0.6387 0.3957 -0.6599
vn -0.7449 0.0981 -0.6599
vn -0.3005 0.0715 -0.9511
vn -0.3063 0.0401 -0.9511
vn -0.1224 0.7413 -0.6599
vn -0.0189 0.3083 -0.9511
vn -0.0506 0.3047 -0.9511
vn 0.2047 0.2314 -0.9511
vn 0.4376 0.6107 -0.6599
vn 0.4963 0.5641 -0.6599
vn 0.6096 -0.4391 -0.6600
vn 0.2681 -0.1535 -0.9511
vn 0.6505 -0.3759 -0.6599
vn -0.2618 -0.1641 -0.9511
vn -0.6746 -0.3307 -0.6600
vn -0.2774 -0.1359 -0.9511
vn 0.1641 -0.2618 -0.9511
vn 0.3307 -0.6746 -0.6600
vn 0.1359 -0.2774 -0.9511
vn 0.1620 -0.2630 -0.9511
vn 0.4574 -0.5961 -0.6599
vn 0.3957 -0.6387 -0.6599
vn -0.3307 0.6746 -0.6600
vn -0.1641 0.2618 -0.9511
vn -0.3965 0.6382 -0.6599
vn -0.1810 -0.2503 -0.9511
vn -0.3757 -0.6507 -0.6599
vn -0.4386 -0.6100 -0.6599
vn -0.2629 0.7038 -0.6600
vn -0.1376 0.2766 -0.9511
vn -0.3320 0.6740 -0.6599
vn 0.3006 -0.0710 -0.9511
vn 0.7449 -0.0984 -0.6599
vn 0.7313 -0.1724 -0.6600
vn -0.2264 -0.2102 -0.9511
vn -0.4954 -0.5649 -0.6599
vn -0.5492 -0.5127 -0.6599
vn 0.2921 -0.1005 -0.9511
vn 0.7317 -0.1706 -0.6599
vn 0.7111 -0.2427 -0.6599
vn 0.2808 -0.1287 -0.9511
vn 0.7114 -0.2415 -0.6599
vn 0.6839 -0.3112 -0.6599
vn -0.3083 -0.0189 -0.9511
vn -0.7413 -0.1224 -0.6599
vn -0.7498 -0.0479 -0.6599
vn -0.1620 0.2630 -0.9511
vn -0.4574 0.5961 -0.6599
vn -0.3957 0.6387 -0.6599
vn 0.1554 -0.9875 -0.0267
vn 0.1551 -0.9875 -0.0269
vn 0.0778 -0.9452 -0.3170
vn 0.5214 -0.8529 -0.0267
vn 0.5212 -0.8530 -0.0269
vn 0.4336 -0.8435 -0.3170
vn 0.8081 -0.5884 -0.0267
vn 0.8080 -0.5886 -0.0269
vn 0.7234 -0.6133 -0.3170
vn 0.9718 -0.2344 -0.0267
vn 0.9717 -0.2346 -0.0269
vn 0.9031 -0.2898 -0.3170
vn 0.1175 -0.6768 -0.7267
vn 0.1176 -0.6768 -0.7267
vn 0.2324 -0.9017 -0.3646
vn 0.3676 -0.5803 -0.7267
vn 0.3677 -0.5803 -0.7267
vn 0.5598 -0.7441 -0.3646
vn 0.5617 -0.3955 -0.7267
vn 0.5618 -0.3954 -0.7267
vn 0.8019 -0.4733 -0.3646
vn 0.6703 -0.1504 -0.7267
vn 0.6703 -0.1503 -0.7267
vn 0.9220 -0.1304 -0.3646
vn 0.3262 -0.8676 -0.3754
vn 0.2757 -0.9254 -0.2599
vn 0.2757 -0.9255 -0.2598
vn 0.2287 -0.9207 -0.3162
vn 0.1697 -0.9852 -0.0251
vn 0.1695 -0.9852 -0.0250
vn 0.0348 -0.9646 -0.2613
vn 0.0347 -0.9646 -0.2614
vn -0.0318 -0.9263 -0.3754
vn 0.6334 -0.6767 -0.3754
vn 0.6089 -0.7495 -0.2599
vn 0.6089 -0.7495 -0.2598
vn 0.5636 -0.7631 -0.3162
vn 0.5338 -0.8452 -0.0251
vn 0.5336 -0.8454 -0.0250
vn 0.4013 -0.8779 -0.2613
vn 0.4012 -0.8779 -0.2614
vn 0.3251 -0.8680 -0.3754
vn 0.8441 -0.3828 -0.3754
vn 0.8494 -0.4594 -0.2599
vn 0.8494 -0.4594 -0.2598
vn 0.8128 -0.4894 -0.3162
vn 0.8166 -0.5766 -0.0251
vn 0.8165 -0.5768 -0.0250
vn 0.7067 -0.6575 -0.2613
vn 0.7066 -0.6575 -0.2614
vn 0.6325 -0.6775 -0.3754
vn 0.9263 -0.0306 -0.3754
vn 0.9605 -0.0994 -0.2599
vn 0.9605 -0.0994 -0.2598
vn 0.9382 -0.1411 -0.3162
vn 0.9751 -0.2202 -0.0252
vn 0.9751 -0.2204 -0.0250
vn 0.9045 -0.3370 -0.2613
vn 0.9045 -0.3370 -0.2614
vn 0.8436 -0.3839 -0.3754
vn -0.0317 -0.9574 -0.2869
vn 0.0325 -0.8844 -0.4656
vn 0.0326 -0.8844 -0.4657
vn 0.0711 -0.9280 -0.3657
vn 0.1064 -0.6774 -0.7279
vn 0.1065 -0.6774 -0.7279
vn 0.3389 -0.8958 -0.2875
vn 0.2319 -0.9026 -0.3627
vn 0.2543 -0.8484 -0.4643
vn 0.3371 -0.8967 -0.2869
vn 0.3685 -0.8046 -0.4656
vn 0.3685 -0.8046 -0.4657
vn 0.4208 -0.8302 -0.3657
vn 0.3575 -0.5851 -0.7279
vn 0.3576 -0.5850 -0.7279
vn 0.6559 -0.6980 -0.2875
vn 0.5597 -0.7451 -0.3627
vn 0.5596 -0.6865 -0.4643
vn 0.6546 -0.6994 -0.2869
vn 0.6484 -0.6024 -0.4656
vn 0.6484 -0.6023 -0.4657
vn 0.7065 -0.6060 -0.3657
vn 0.5542 -0.4038 -0.7279
vn 0.5542 -0.4037 -0.7279
vn 0.8731 -0.3938 -0.2875
vn 0.8022 -0.4742 -0.3627
vn 0.7797 -0.4201 -0.4643
vn 0.8724 -0.3957 -0.2869
vn 0.8295 -0.3084 -0.4656
vn 0.8295 -0.3083 -0.4657
vn 0.8846 -0.2895 -0.3657
vn 0.6665 -0.1610 -0.7279
vn 0.6665 -0.1609 -0.7279
vn 0.9573 -0.0297 -0.2875
vn 0.9226 -0.1311 -0.3627
vn 0.8811 -0.0897 -0.4643
vn -0.2203 -0.9752 -0.0225
vn -0.1395 -0.9393 -0.3134
vn -0.5767 -0.8166 -0.0225
vn -0.4883 -0.8144 -0.3134
vn -0.8453 -0.5338 -0.0225
vn -0.7628 -0.5656 -0.3134
vn -0.9852 -0.1696 -0.0225
vn -0.9212 -0.2306 -0.3134
vn -0.1603 -0.6668 -0.7278
vn -0.2028 -0.8740 -0.4416
vn -0.2900 -0.8844 -0.3656
vn -0.4033 -0.5547 -0.7278
vn -0.5218 -0.7299 -0.4416
vn -0.6064 -0.7061 -0.3656
vn -0.5849 -0.3582 -0.7278
vn -0.7614 -0.4746 -0.4416
vn -0.8305 -0.4203 -0.3656
vn -0.6774 -0.1071 -0.7278
vn -0.8851 -0.1471 -0.4416
vn -0.9281 -0.0705 -0.3656
vn -0.3370 -0.9045 -0.2613
vn -0.3370 -0.9045 -0.2614
vn -0.3839 -0.8436 -0.3754
vn -0.2344 -0.9718 -0.0267
vn -0.2346 -0.9717 -0.0269
vn -0.2898 -0.9031 -0.3170
vn -0.0997 -0.9607 -0.2590
vn -0.1409 -0.9367 -0.3204
vn -0.0308 -0.9266 -0.3749
vn -0.6575 -0.7067 -0.2613
vn -0.6575 -0.7066 -0.2614
vn -0.6775 -0.6325 -0.3754
vn -0.5884 -0.8081 -0.0267
vn -0.5886 -0.8080 -0.0269
vn -0.6133 -0.7234 -0.3170
vn -0.4598 -0.8494 -0.2590
vn -0.4886 -0.8115 -0.3204
vn -0.3830 -0.8442 -0.3749
vn -0.8779 -0.4013 -0.2613
vn -0.8779 -0.4012 -0.2614
vn -0.8680 -0.3251 -0.3755
vn -0.8529 -0.5214 -0.0267
vn -0.8530 -0.5212 -0.0269
vn -0.8435 -0.4336 -0.3170
vn -0.7498 -0.6088 -0.2590
vn -0.7620 -0.5628 -0.3204
vn -0.6769 -0.6334 -0.3749
vn -0.9646 -0.0347 -0.2613
vn -0.9646 -0.0347 -0.2614
vn -0.9263 0.0318 -0.3754
vn -0.9875 -0.1554 -0.0267
vn -0.9875 -0.1551 -0.0269
vn -0.9452 -0.0778 -0.3170
vn -0.9258 -0.2755 -0.2590
vn -0.9193 -0.2283 -0.3204
vn -0.8678 -0.3261 -0.3749
vn -0.0892 -0.8818 -0.4632
vn -0.0294 -0.9575 -0.2869
vn -0.1504 -0.6703 -0.7267
vn -0.1503 -0.6703 -0.7267
vn -0.1304 -0.9220 -0.3646
vn -0.3957 -0.8724 -0.2869
vn -0.3084 -0.8295 -0.4656
vn -0.3083 -0.8295 -0.4657
vn -0.4198 -0.7805 -0.4632
vn -0.3936 -0.8734 -0.2869
vn -0.3955 -0.5617 -0.7267
vn -0.3954 -0.5618 -0.7267
vn -0.4733 -0.8019 -0.3646
vn -0.6994 -0.6546 -0.2869
vn -0.6024 -0.6484 -0.4656
vn -0.6023 -0.6484 -0.4657
vn -0.6866 -0.5604 -0.4632
vn -0.6978 -0.6563 -0.2869
vn -0.5803 -0.3676 -0.7267
vn -0.5803 -0.3677 -0.7267
vn -0.7441 -0.5598 -0.3646
vn -0.8967 -0.3371 -0.2869
vn -0.8046 -0.3685 -0.4656
vn -0.8046 -0.3685 -0.4657
vn -0.8488 -0.2550 -0.4632
vn -0.8488 -0.2551 -0.4632
vn -0.8959 -0.3393 -0.2869
vn -0.6768 -0.1175 -0.7267
vn -0.6768 -0.1176 -0.7267
vn -0.9017 -0.2324 -0.3646
vn -0.9574 0.0317 -0.2869
vn -0.8844 -0.0325 -0.4656
vn -0.8844 -0.0326 -0.4657
vn 0.2203 0.9752 -0.0225
vn 0.1395 0.9393 -0.3134
vn 0.5767 0.8166 -0.0225
vn 0.4883 0.8144 -0.3134
vn 0.8453 0.5338 -0.0225
vn 0.7628 0.5656 -0.3134
vn 0.9852 0.1696 -0.0225
vn 0.9212 0.2306 -0.3134
vn 0.1603 0.6668 -0.7278
vn 0.2028 0.8740 -0.4416
vn 0.2900 0.8844 -0.3656
vn 0.4033 0.5547 -0.7278
vn 0.5218 0.7299 -0.4416
vn 0.6064 0.7061 -0.3656
vn 0.5849 0.3582 -0.7278
vn 0.7614 0.4746 -0.4416
vn 0.8305 0.4203 -0.3656
vn 0.6774 0.1071 -0.7278
vn 0.8851 0.1471 -0.4416
vn 0.9281 0.0705 -0.3656
vn 0.3370 0.9045 -0.2613
vn 0.3371 0.9045 -0.2614
vn 0.3839 0.8436 -0.3754
vn 0.2344 0.9718 -0.0267
vn 0.2346 0.9717 -0.0269
vn 0.2898 0.9031 -0.3170
vn 0.0997 0.9607 -0.2590
vn 0.1408 0.9368 -0.3204
vn 0.0308 0.9266 -0.3749
vn 0.6575 0.7067 -0.2613
vn 0.6575 0.7066 -0.2614
vn 0.6775 0.6325 -0.3754
vn 0.5884 0.8081 -0.0267
vn 0.5886 0.8080 -0.0269
vn 0.6133 0.7234 -0.3170
vn 0.4598 0.8494 -0.2590
vn 0.4886 0.8116 -0.3204
vn 0.3830 0.8442 -0.3749
vn 0.8779 0.4013 -0.2613
vn 0.8779 0.4012 -0.2614
vn 0.8680 0.3251 -0.3755
vn 0.8529 0.5214 -0.0267
vn 0.8530 0.5212 -0.0269
vn 0.8435 0.4336 -0.3170
vn 0.7499 0.6088 -0.2590
vn 0.7620 0.5628 -0.3204
vn 0.6769 0.6334 -0.3749
vn 0.9646 0.0348 -0.2613
vn 0.9646 0.0347 -0.2614
vn 0.9263 -0.0318 -0.3754
vn 0.9875 0.1554 -0.0267
vn 0.9875 0.1551 -0.0269
vn 0.9452 0.0779 -0.3170
vn 0.9258 0.2755 -0.2590
vn 0.9193 0.2283 -0.3204
vn 0.8678 0.3261 -0.3749
vn 0.0892 0.8818 -0.4632
vn 0.0294 0.9575 -0.2869
vn 0.1504 0.6703 -0.7267
vn 0.1503 0.6703 -0.7267
vn 0.1304 0.9220 -0.3646
vn 0.3957 0.8724 -0.2869
vn 0.3084 0.8295 -0.4656
vn 0.3083 0.8295 -0.4657
vn 0.4198 0.7805 -0.4632
vn 0.3936 0.8734 -0.2869
vn 0.3955 0.5617 -0.7267
vn 0.3954 0.5618 -0.7267
vn 0.4733 0.8019 -0.3646
vn 0.6994 0.6546 -0.2869
vn 0.6024 0.6484 -0.4656
vn 0.6023 0.6484 -0.4657
vn 0.6866 0.5604 -0.4632
vn 0.6978 0.6563 -0.2869
vn 0.5803 0.3676 -0.7267
vn 0.5803 0.3677 -0.7267
vn 0.7441 0.5598 -0.3646
vn 0.8967 0.3371 -0.2869
vn 0.8046 0.3685 -0.4656
vn 0.8046 0.3685 -0.4657
vn 0.8488 0.2550 -0.4632
vn 0.8959 0.3393 -0.2869
vn 0.6768 0.1175 -0.7267
vn 0.6768 0.1176 -0.7267
vn 0.9017 0.2324 -0.3646
vn 0.9574 -0.0317 -0.2869
vn 0.8844 0.0325 -0.4656
vn 0.8844 0.0326 -0.4657
vn -0.0423 -0.3183 -0.9470
vn -0.0108 -0.3210 -0.9470
vn -0.1554 0.9875 -0.0267
vn -0.1551 0.9875 -0.0269
vn -0.0778 0.9452 -0.3170
vn -0.5214 0.8529 -0.0267
vn -0.5212 0.8530 -0.0269
vn -0.4336 0.8435 -0.3170
vn -0.8081 0.5884 -0.0267
vn -0.8080 0.5886 -0.0269
vn -0.7234 0.6133 -0.3170
vn -0.9718 0.2344 -0.0267
vn -0.9717 0.2346 -0.0269
vn -0.9031 0.2898 -0.3170
vn -0.1175 0.6768 -0.7267
vn -0.1176 0.6768 -0.7267
vn -0.2324 0.9017 -0.3646
vn -0.3676 0.5803 -0.7267
vn -0.3677 0.5803 -0.7267
vn -0.5598 0.7441 -0.3646
vn -0.5617 0.3955 -0.7267
vn -0.5618 0.3954 -0.7267
vn -0.8019 0.4733 -0.3646
vn -0.6703 0.1504 -0.7267
vn -0.6703 0.1503 -0.7267
vn -0.9220 0.1304 -0.3646
vn -0.3262 0.8676 -0.3754
vn -0.2757 0.9254 -0.2599
vn -0.2757 0.9255 -0.2598
vn -0.2287 0.9207 -0.3162
vn -0.1697 0.9852 -0.0251
vn -0.1695 0.9852 -0.0250
vn -0.0348 0.9646 -0.2613
vn -0.0347 0.9646 -0.2614
vn 0.0318 0.9263 -0.3754
vn -0.6334 0.6767 -0.3754
vn -0.6089 0.7495 -0.2599
vn -0.6089 0.7495 -0.2598
vn -0.5636 0.7631 -0.3162
vn -0.5338 0.8452 -0.0251
vn -0.5336 0.8454 -0.0250
vn -0.4013 0.8779 -0.2613
vn -0.4012 0.8779 -0.2614
vn -0.3251 0.8680 -0.3754
vn -0.8441 0.3828 -0.3754
vn -0.8494 0.4594 -0.2599
vn -0.8494 0.4594 -0.2598
vn -0.8128 0.4894 -0.3162
vn -0.8166 0.5766 -0.0251
vn -0.8165 0.5768 -0.0250
vn -0.7067 0.6575 -0.2613
vn -0.7066 0.6575 -0.2614
vn -0.6325 0.6775 -0.3754
vn -0.9263 0.0306 -0.3754
vn -0.9605 0.0994 -0.2599
vn -0.9605 0.0994 -0.2598
vn -0.9382 0.1411 -0.3162
vn -0.9751 0.2202 -0.0252
vn -0.9751 0.2204 -0.0250
vn -0.9045 0.3370 -0.2613
vn -0.9045 0.3370 -0.2614
vn -0.8436 0.3839 -0.3754
vn 0.0317 0.9574 -0.2869
vn -0.0325 0.8844 -0.4656
vn -0.0326 0.8844 -0.4657
vn -0.0711 0.9280 -0.3657
vn -0.1064 0.6774 -0.7279
vn -0.1065 0.6774 -0.7279
vn -0.3389 0.8958 -0.2875
vn -0.2319 0.9026 -0.3627
vn -0.2543 0.8484 -0.4643
vn -0.3371 0.8967 -0.2869
vn -0.3685 0.8046 -0.4656
vn -0.3685 0.8046 -0.4657
vn -0.4208 0.8302 -0.3657
vn -0.3575 0.5851 -0.7279
vn -0.3576 0.5850 -0.7279
vn -0.6559 0.6980 -0.2875
vn -0.5597 0.7451 -0.3627
vn -0.5596 0.6865 -0.4643
vn -0.6546 0.6994 -0.2869
vn -0.6484 0.6024 -0.4656
vn -0.6484 0.6023 -0.4657
vn -0.7065 0.6060 -0.3657
vn -0.5542 0.4038 -0.7279
vn -0.5542 0.4037 -0.7279
vn -0.8731 0.3938 -0.2875
vn -0.8022 0.4742 -0.3627
vn -0.7797 0.4200 -0.4643
vn -0.8724 0.3957 -0.2869
vn -0.8295 0.3084 -0.4656
vn -0.8295 0.3083 -0.4657
vn -0.8846 0.2895 -0.3657
vn -0.6665 0.1610 -0.7279
vn -0.6665 0.1609 -0.7279
vn -0.9573 0.0297 -0.2875
vn -0.9226 0.1311 -0.3627
vn -0.8811 0.0897 -0.4643
vn -0.2609 0.1873 -0.9470
vn -0.2412 0.2120 -0.9470
vn -0.7102 0.6078 -0.3553
vn -0.6815 0.7264 -0.0893
vn -0.6570 0.7004 -0.2790
vn 0.0207 -0.3205 -0.9470
vn -0.0109 -0.3210 -0.9470
vn 0.1416 -0.2882 -0.9470
vn 0.1129 -0.3007 -0.9470
vn 0.2030 0.8789 -0.4317
vn 0.3193 0.9434 -0.0893
vn 0.2906 0.8884 -0.3555
vn 0.6078 0.7102 -0.3553
vn 0.7263 0.6815 -0.0893
vn 0.7004 0.6570 -0.2790
vn 0.8333 0.4235 -0.3553
vn 0.9319 0.3517 -0.0893
vn 0.8985 0.3389 -0.2790
vn -0.4754 -0.8052 -0.3544
vn -0.4103 -0.9076 -0.0892
vn -0.4972 -0.8630 -0.0893
vn 0.0317 0.9955 -0.0892
vn -0.0715 0.9320 -0.3554
vn -0.0660 0.9938 -0.0893
vn -0.8986 -0.3387 -0.2789
vn -0.9319 -0.3517 -0.0892
vn 0.6561 0.7494 -0.0892
vn 0.5239 0.7343 -0.4317
vn 0.5794 0.8101 -0.0892
vn 0.8058 -0.4746 -0.3543
vn 0.8101 -0.5794 -0.0893
vn 0.7335 -0.5249 -0.4318
vn 0.6570 -0.7004 -0.2790
vn 0.7494 -0.6561 -0.0892
vn 0.6815 -0.7264 -0.0892
vn 0.9179 0.3968 -0.0000
vn 0.0520 -0.3169 -0.9470
vn -0.0733 -0.3127 -0.9470
vn -0.0422 -0.3184 -0.9470
vn 0.2549 0.1953 -0.9470
vn 0.6070 -0.7897 -0.0893
vn 0.6575 -0.7000 -0.2788
vn 0.6815 -0.7263 -0.0892
vn -0.1417 0.2882 -0.9470
vn -0.1693 0.2729 -0.9470
vn -0.2586 0.9618 -0.0893
vn -0.1469 0.8899 -0.4318
vn -0.2333 0.9055 -0.3544
vn -0.9053 -0.2342 -0.3543
vn -0.9618 -0.2586 -0.0892
vn -0.3127 0.0732 -0.9470
vn -0.3040 0.1036 -0.9470
vn -0.1953 0.2550 -0.9470
vn 0.2897 0.8887 -0.3553
vn 0.4103 0.9076 -0.0893
vn 0.3957 0.8750 -0.2790
vn -0.1129 0.3007 -0.9470
vn 0.8789 -0.2030 -0.4317
vn 0.9434 -0.3193 -0.0893
vn 0.8884 -0.2906 -0.3554
vn 0.3040 -0.1035 -0.9470
vn 0.2924 -0.1329 -0.9470
vn -0.1301 -0.9260 -0.3543
vn -0.2253 -0.9702 -0.0893
vn -0.2043 -0.8785 -0.4318
vn 0.1301 0.9260 -0.3543
vn 0.2253 0.9702 -0.0893
vn 0.2043 0.8785 -0.4318
vn 0.0724 -0.9320 -0.3553
vn -0.0317 -0.9955 -0.0893
vn -0.0307 -0.9598 -0.2790
vn -0.4235 0.8333 -0.3553
vn -0.4413 0.8929 -0.0892
vn 0.5267 -0.8454 -0.0892
vn 0.4226 -0.8337 -0.3555
vn 0.4779 -0.7650 -0.4317
vn 0.3127 -0.0732 -0.9470
vn 0.3183 -0.0423 -0.9470
vn 0.3210 -0.0108 -0.9470
vn -0.2608 0.1873 -0.9470
vn -0.3210 0.0109 -0.9470
vn -0.3205 -0.0207 -0.9470
vn 0.2779 -0.1609 -0.9470
vn 0.2924 -0.1328 -0.9470
vn 0.1328 0.2924 -0.9470
vn 0.1609 0.2779 -0.9470
vn -0.2924 0.1329 -0.9470
vn -0.2924 0.1328 -0.9470
vn -0.2779 0.1609 -0.9470
vn 0.1873 0.2609 -0.9470
vn 0.0422 0.3184 -0.9470
vn -0.3169 -0.0520 -0.9470
vn -0.2549 -0.1953 -0.9470
vn 0.3210 -0.0109 -0.9470
vn 0.3205 0.0207 -0.9470
vn 0.2882 0.1418 -0.9470
vn 0.3007 0.1128 -0.9470
vn 0.0732 0.3127 -0.9470
vn -0.2193 0.2346 -0.9470
vn -0.1952 0.2550 -0.9470
vn -0.3007 -0.1128 -0.9470
vn -0.2882 -0.1418 -0.9470
vn 0.2609 -0.1873 -0.9470
vn 0.2412 -0.2120 -0.9470
vn -0.2413 0.2119 -0.9470
vn 0.2120 0.2412 -0.9470
vn 0.1035 0.3040 -0.9470
vn -0.1418 0.2881 -0.9470
vn -0.3007 -0.1129 -0.9470
vn 0.8229 0.5683 -0.0000
vn -0.9955 0.0317 -0.0892
vn -0.9319 -0.3517 -0.0893
vn 0.5611 -0.7610 -0.3256
vn 0.4571 -0.5976 -0.6587
vn 0.5794 0.8101 -0.0893
vn 0.4754 0.8052 -0.3544
vn 0.9826 0.1631 -0.0892
vn 0.8101 -0.5794 -0.0892
vn -0.5794 -0.8101 -0.0893
vn 0.6070 -0.7897 -0.0892
vn -0.9876 0.1291 -0.0892
vn 0.7897 0.6070 -0.0892
vn 0.8454 0.5267 -0.0893
vn -0.7004 -0.6570 -0.2790
vn 0.9320 0.0715 -0.3555
vn 0.9260 -0.1301 -0.3543
vn -0.9938 -0.0660 -0.0892
vn 0.3389 -0.8985 -0.2790
vn -0.7000 -0.6575 -0.2788
vn -0.7263 -0.6815 -0.0892
vn -0.9259 0.1310 -0.3544
vn 0.2586 -0.9619 -0.0892
vn -0.2253 -0.9702 -0.0892
vn -0.3193 -0.9434 -0.0893
vn -0.8050 0.4758 -0.3543
vn 0.9319 0.3517 -0.0891
vn -0.0317 -0.9955 -0.0892
vn -0.1291 -0.9876 -0.0893
vn -0.6085 -0.7095 -0.3554
vn -0.8884 0.2906 -0.3554
vn -0.8789 0.2030 -0.4317
vn -0.4779 0.7650 -0.4317
vn -0.5267 0.8453 -0.0892
vn 0.9076 -0.4102 -0.0893
vn 0.7264 0.6815 -0.0892
vn -0.1476 0.8898 -0.4318
vn 0.1291 0.9876 -0.0892
vn -0.2586 0.9619 -0.0892
vn 0.2586 -0.9618 -0.0893
vn -0.6815 0.7263 -0.0892
vn 0.9618 0.2586 -0.0892
vn -0.7650 -0.4779 -0.4317
vn -0.8454 -0.5267 -0.0892
vn 0.1631 -0.9826 -0.0893
vn -0.6070 0.7897 -0.0892
vn 0.9434 -0.3193 -0.0892
vn -0.3957 -0.8750 -0.2790
vn -0.0770 0.9422 -0.3261
vn 0.7045 0.2640 -0.6587
vn -0.7425 -0.1215 -0.6587
vn -0.1702 -0.7330 -0.6586
vn 0.7121 -0.2429 -0.6587
vn -0.9422 -0.0774 -0.3260
vn 0.5623 -0.7602 -0.3253
vn -0.3099 -0.6857 -0.6586
vn -0.2657 0.7040 -0.6586
vn -0.8410 -0.4317 -0.3261
vn -0.9377 0.2195 -0.2694
vn 0.5966 0.4587 -0.6586
vn 0.7602 0.5623 -0.3253
vn 0.2657 -0.7040 -0.6586
vn -0.7823 0.5617 -0.2694
vn -0.6106 0.4397 -0.6586
vn 0.6846 -0.3122 -0.6586
vn 0.2195 0.9377 -0.2694
vn 0.7610 0.5611 -0.3256
vn 0.5976 0.4571 -0.6587
vn -0.3828 -0.8423 -0.3795
vn -0.3122 -0.6847 -0.6586
vn -0.7045 -0.2640 -0.6587
vn -0.7610 -0.5611 -0.3256
vn -0.5976 -0.4571 -0.6587
vn -0.7458 0.0993 -0.6587
vn 0.7520 -0.0250 -0.6587
vn -0.0309 -0.9247 -0.3795
vn 0.9422 0.0770 -0.3260
vn 0.3757 0.6521 -0.6586
vn 0.4872 0.8104 -0.3253
vn 0.0264 0.7520 -0.6586
vn 0.9177 0.2281 -0.3253
vn -0.1215 0.7425 -0.6587
vn -0.1955 0.7267 -0.6586
vn -0.5662 0.4957 -0.6586
vn -0.7209 0.6115 -0.3260
vn 0.9377 -0.2195 -0.2694
vn 0.0993 0.7458 -0.6587
vn 0.6521 -0.3757 -0.6586
vn 0.8104 -0.4872 -0.3253
vn -0.4398 -0.6106 -0.6586
vn -0.3766 -0.6514 -0.6587
vn -0.6510 0.3771 -0.6587
vn -0.6857 0.3100 -0.6586
vn 0.5645 -0.4975 -0.6586
vn -0.5611 0.7610 -0.3256
vn -0.4571 0.5976 -0.6587
vn 0.2429 0.7121 -0.6587
vn -0.8423 0.3828 -0.3795
vn -0.3318 0.6753 -0.6587
vn -0.9379 0.2184 -0.2695
vn -0.8999 0.2895 -0.3261
vn -0.7040 -0.2657 -0.6586
vn 0.1215 -0.7425 -0.6587
vn 0.1955 -0.7267 -0.6586
vn -0.7114 0.2415 -0.6599
vn 0.3318 -0.6753 -0.6587
vn -0.5649 0.4969 -0.6587
vn 0.8181 0.5081 -0.2694
vn 0.7519 -0.0257 -0.6587
vn 0.7425 0.1215 -0.6587
vn 0.7267 0.1955 -0.6586
vn -0.4964 -0.5654 -0.6587
vn 0.5499 0.5135 -0.6587
vn -0.4969 -0.5649 -0.6587
vn 0.3828 0.8423 -0.3795
vn 0.3122 0.6847 -0.6586
vn -0.2640 0.7045 -0.6587
vn -0.3958 0.6399 -0.6586
vn -0.0257 -0.7519 -0.6587
vn 0.4969 0.5649 -0.6587
vn 0.3099 0.6857 -0.6586
vn 0.3824 0.8425 -0.3795
vn -0.3112 -0.6839 -0.6599
vn 0.8102 -0.4876 -0.3253
vn -0.8183 -0.5078 -0.2694
vn -0.7424 -0.1233 -0.6586
vn -0.1726 -0.7324 -0.6586
vn 0.2640 -0.7045 -0.6587
vn 0.0770 -0.9422 -0.3261
vn 0.2780 -0.1608 -0.9470
vn 0.2608 -0.1874 -0.9470
vn -0.1329 -0.2924 -0.9470
vn -0.1873 -0.2608 -0.9470
vn -0.0521 0.3169 -0.9470
vn 0.1873 0.2608 -0.9470
vn 0.5131 -0.5504 -0.6586
vn 0.5683 -0.8228 -0.0000
vn -0.5683 0.8228 -0.0000
vn 0.6225 0.7826 -0.0000
vn -0.7827 0.6225 -0.0000
vn -0.3103 -0.0828 -0.9470
vn -0.2346 -0.2193 -0.9470
vn 0.0109 0.3210 -0.9470
vn -0.3127 0.0733 -0.9470
vn 0.1418 -0.2882 -0.9470
vn 0.1127 -0.3007 -0.9470
vn 0.0423 0.3184 -0.9470
vn 0.3103 0.0829 -0.9470
vn 0.3169 0.0519 -0.9470
vn 0.1953 -0.2550 -0.9470
vn 0.1693 -0.2729 -0.9470
vn 0.2253 0.2113 -0.9511
vn 0.2630 -0.7038 -0.6600
vn 0.1080 -0.2894 -0.9511
vn 0.3112 0.6839 -0.6599
vn 0.1709 0.7317 -0.6599
vn -0.2324 0.2035 -0.9511
vn -0.2981 -0.0810 -0.9511
vn -0.3104 -0.6842 -0.6599
vn 0.3049 0.0495 -0.9511
vn 0.5136 -0.5484 -0.6599
vn -0.0802 0.2983 -0.9511
vn -0.2890 -0.1090 -0.9511
vn -0.1090 0.2890 -0.9511
vn 0.1718 0.7314 -0.6599
vn 0.0714 0.3006 -0.9511
vn -0.2449 -0.1882 -0.9511
vn 0.7038 0.2630 -0.6600
vn 0.2894 0.1080 -0.9511
vn 0.1542 0.2676 -0.9511
vn 0.0090 0.3088 -0.9511
vn 0.2512 -0.1797 -0.9511
vn -0.1797 -0.2512 -0.9511
vn 0.0494 -0.3049 -0.9511
vn 0.0810 -0.2982 -0.9511
vn 0.2029 0.2330 -0.9511
vn 0.3047 0.0506 -0.9511
vn -0.6842 0.3104 -0.6599
vn 0.5649 -0.4954 -0.6599
vn 0.6843 -0.3104 -0.6599
vn -0.7111 0.2427 -0.6599
vn -0.2921 0.1005 -0.9511
vn -0.2113 0.2253 -0.9511
vn 0.2890 0.1090 -0.9511
vn -0.5484 -0.5136 -0.6599
vn -0.7446 0.0998 -0.6600
vn -0.3061 0.0412 -0.9511
vn 0.1090 -0.2890 -0.9511
vn -0.0710 -0.3006 -0.9511
vn 0.0189 -0.3084 -0.9511
vn 0.0506 -0.3047 -0.9511
vn -0.7038 -0.2630 -0.6600
vn -0.2894 -0.1080 -0.9511
vn -0.6107 0.4376 -0.6599
vn -0.0691 -0.3011 -0.9511
vn 0.7446 -0.0998 -0.6600
vn 0.3061 -0.0412 -0.9511
vn 0.3101 0.6843 -0.6599
vn 0.3768 0.6501 -0.6599
vn -0.0491 0.7497 -0.6599
vn -0.6100 0.4386 -0.6599
vn -0.0110 -0.3087 -0.9511
vn -0.7498 -0.0488 -0.6599
vn -0.0993 -0.7448 -0.6599
vn -0.0416 -0.3061 -0.9511
vn 0.6382 0.3965 -0.6599
vn 0.3087 -0.0110 -0.9511
vn 0.2449 0.1882 -0.9511
vn -0.7314 0.1718 -0.6599
vn -0.3006 0.0714 -0.9511
vn -0.0479 0.7498 -0.6599
vn 0.1797 0.2512 -0.9511
vn 0.2506 -0.1806 -0.9511
vn -0.6382 -0.3965 -0.6599
vn 0.3965 -0.6382 -0.6599
vn 0.1882 -0.2449 -0.9511
vn -0.1358 0.2774 -0.9511
vn -0.1542 -0.2676 -0.9511
vn -0.2630 0.7038 -0.6600
vn -0.1080 0.2894 -0.9511
vn 0.3065 -0.0392 -0.9511
vn -0.2035 -0.2324 -0.9511
vn 0.2921 -0.1006 -0.9511
vn 0.3009 -0.0699 -0.9511
vn 0.2926 -0.0991 -0.9511
vn -0.3047 -0.0506 -0.9511
vn -0.1882 0.2449 -0.9511
vn -0.0423 -0.3184 -0.9470
vn -0.6815 0.7263 -0.0893
vn 0.2253 0.9702 -0.0892
vn 0.6560 0.7494 -0.0892
vn -0.3951 -0.8753 -0.2788
vn 0.0310 0.9598 -0.2789
vn -0.0715 0.9320 -0.3555
vn -0.8986 -0.3386 -0.2789
vn -0.8336 -0.4227 -0.3555
vn 0.6561 0.7494 -0.0893
vn 0.6085 0.7095 -0.3554
vn 0.5238 0.7343 -0.4317
vn 0.7102 -0.6078 -0.3553
vn 0.0521 -0.3169 -0.9470
vn 0.2550 0.1953 -0.9470
vn 0.2730 0.1692 -0.9470
vn 0.5620 -0.7473 -0.3544
vn -0.1631 0.9826 -0.0892
vn -0.1469 0.8899 -0.4317
vn -0.8898 -0.1475 -0.4318
vn -0.1953 0.2549 -0.9470
vn 0.3193 0.9434 -0.0892
vn -0.0826 0.3103 -0.9470
vn 0.9702 -0.2253 -0.0892
vn -0.3389 0.8985 -0.2790
vn 0.5267 -0.8453 -0.0892
vn 0.4413 -0.8929 -0.0893
vn 0.4227 -0.8337 -0.3554
vn 0.3040 -0.1036 -0.9470
vn 0.3184 -0.0423 -0.9470
vn -0.2780 0.1608 -0.9470
vn -0.2608 0.1874 -0.9470
vn -0.3040 0.1035 -0.9470
vn 0.2413 -0.2120 -0.9470
vn 0.0733 0.3127 -0.9470
vn -0.3169 -0.0521 -0.9470
vn -0.2550 -0.1953 -0.9470
vn 0.2881 0.1418 -0.9470
vn 0.1036 0.3040 -0.9470
vn -0.2413 0.2120 -0.9470
vn 0.1329 0.2924 -0.9470
vn -0.1418 0.2882 -0.9470
vn -0.1128 0.3007 -0.9470
vn 0.8228 0.5683 -0.0000
vn -0.9076 0.4103 -0.0888
vn -0.9434 0.3193 -0.0895
vn -0.9076 0.4103 -0.0892
vn -0.8101 0.5794 -0.0890
vn -0.7494 0.6560 -0.0894
vn -0.8453 -0.5267 -0.0894
vn -0.8929 -0.4413 -0.0889
vn -0.8454 -0.5267 -0.0890
vn -0.8929 -0.4413 -0.0894
vn -0.8929 -0.4413 -0.0892
vn -0.9826 -0.1631 -0.0892
vn -0.9938 -0.0660 -0.0894
vn -0.1291 -0.9876 -0.0894
vn -0.0317 -0.9955 -0.0890
vn -0.9618 -0.2586 -0.0894
vn 0.1291 0.9876 -0.0890
vn 0.2586 -0.9619 -0.0889
vn 0.3517 -0.9318 -0.0894
vn -0.9955 0.0317 -0.0891
vn 0.7896 0.6070 -0.0895
vn 0.8454 0.5267 -0.0888
vn -0.6560 -0.7494 -0.0895
vn -0.7264 -0.6815 -0.0888
vn -0.7897 -0.6071 -0.0890
vn -0.6560 -0.7494 -0.0894
vn -0.5794 -0.8101 -0.0890
vn -0.9955 0.0317 -0.0890
vn -0.6815 0.7263 -0.0895
vn -0.6071 0.7897 -0.0888
vn -0.6815 0.7264 -0.0892
vn 0.9876 -0.1291 -0.0891
vn 0.8630 -0.4972 -0.0894
vn 0.9076 -0.4103 -0.0890
vn 0.9076 -0.4103 -0.0892
vn 0.6070 -0.7897 -0.0889
vn 0.6815 -0.7263 -0.0894
vn 0.7896 0.6070 -0.0894
vn 0.8454 0.5267 -0.0889
vn 0.8630 -0.4973 -0.0889
vn 0.9076 -0.4102 -0.0894
vn -0.8630 0.4972 -0.0895
vn -0.8101 0.5795 -0.0888
vn 0.9826 0.1631 -0.0888
vn 0.9618 0.2586 -0.0895
vn -0.4413 0.8929 -0.0895
vn -0.3517 0.9319 -0.0888
vn -0.1631 0.9825 -0.0894
vn -0.0660 0.9938 -0.0889
vn 0.6560 0.7494 -0.0894
vn 0.5794 0.8101 -0.0890
vn -0.9076 0.4103 -0.0890
vn 0.9076 -0.4103 -0.0894
vn 0.9435 -0.3193 -0.0890
vn -0.2586 0.9618 -0.0892
vn -0.9076 0.4103 -0.0889
vn -0.9434 0.3193 -0.0894
vn 0.5267 -0.8454 -0.0890
vn 0.4413 -0.8929 -0.0894
vn 0.7263 0.6815 -0.0895
vn -0.0317 -0.9955 -0.0891
vn 0.4413 -0.8929 -0.0891
vn 0.3517 -0.9319 -0.0892
vn -0.4103 -0.9076 -0.0891
vn -0.7494 0.6560 -0.0895
vn -0.6815 0.7264 -0.0888
vn 0.9938 0.0660 -0.0892
vn 0.9938 0.0660 -0.0894
vn 0.5794 0.8101 -0.0894
vn 0.1631 -0.9826 -0.0888
vn 0.2586 -0.9618 -0.0895
vn 0.0660 -0.9938 -0.0893
vn -0.3517 0.9319 -0.0889
vn -0.4413 0.8929 -0.0894
vn -0.3517 0.9319 -0.0892
vn 0.4102 0.9076 -0.0894
vn 0.4973 0.8630 -0.0889
vn 0.4972 0.8630 -0.0891
vn -0.4103 -0.9076 -0.0894
vn -0.3193 -0.9435 -0.0890
vn 0.8454 0.5267 -0.0891
vn 0.8929 0.4413 -0.0893
vn -0.8101 0.5794 -0.0892
vn -0.9876 0.1291 -0.0891
vn -0.9702 0.2253 -0.0893
vn 0.4413 -0.8929 -0.0890
vn 0.3517 -0.9319 -0.0894
vn -0.9319 -0.3517 -0.0888
vn -0.8929 -0.4413 -0.0895
vn -0.0660 0.9939 -0.0888
vn -0.1631 0.9825 -0.0895
vn -0.2586 0.9619 -0.0890
vn -0.5794 -0.8101 -0.0894
vn 0.9619 0.2586 -0.0892
vn 0.9319 0.3517 -0.0892
vn -0.5267 0.8454 -0.0892
vn 0.1291 0.9876 -0.0888
vn 0.0317 0.9955 -0.0895
vn 0.9435 -0.3193 -0.0891
vn 0.1631 -0.9825 -0.0895
vn 0.0660 -0.9939 -0.0888
vn -0.5795 -0.8101 -0.0889
vn -0.4972 -0.8630 -0.0894
vn 0.4103 0.9076 -0.0888
vn 0.3193 0.9434 -0.0895
vn 0.7264 0.6815 -0.0889
vn -0.2253 -0.9702 -0.0889
vn 0.6070 -0.7896 -0.0894
vn 0.6815 -0.7264 -0.0890
vn 0.9938 0.0660 -0.0891
vn -0.2253 -0.9702 -0.0891
vn 0.9319 0.3517 -0.0888
vn 0.8929 0.4413 -0.0895
vn -0.2253 -0.9702 -0.0890
vn -0.3193 -0.9434 -0.0894
vn -0.9876 0.1291 -0.0895
vn -0.9702 0.2253 -0.0888
vn -0.8630 0.4972 -0.0893
vn -0.9076 0.4103 -0.0891
vn 0.9318 0.3517 -0.0895
vn 0.3193 0.9435 -0.0888
vn 0.2253 0.9702 -0.0895
vn -0.9938 -0.0660 -0.0891
vn -0.3193 -0.9435 -0.0891
vn 0.7494 -0.6561 -0.0888
vn 0.8101 -0.5794 -0.0895
vn 0.3517 -0.9319 -0.0890
vn 0.6815 -0.7264 -0.0889
vn 0.7494 -0.6560 -0.0894
vn 0.9619 0.2586 -0.0891
vn -0.7264 -0.6815 -0.0891
vn -0.7897 -0.6070 -0.0893
vn 0.0317 0.9955 -0.0891
vn 0.1291 0.9876 -0.0893
vn -0.9619 -0.2586 -0.0889
vn -0.9702 0.2253 -0.0890
vn 0.8929 0.4413 -0.0891
vn -0.7263 -0.6815 -0.0895
vn -0.7897 -0.6071 -0.0888
vn -0.0660 0.9938 -0.0895
vn 0.0317 0.9955 -0.0888
vn -0.9826 -0.1631 -0.0894
vn 0.9876 -0.1291 -0.0890
vn 0.9702 -0.2253 -0.0894
vn -0.6815 0.7264 -0.0889
vn -0.9955 0.0317 -0.0894
vn -0.1291 -0.9876 -0.0890
vn -0.2253 -0.9702 -0.0894
vn 0.7494 -0.6561 -0.0889
vn 0.8101 -0.5794 -0.0894
vn 0.9826 0.1631 -0.0891
vn 0.8454 0.5267 -0.0890
vn 0.8929 0.4413 -0.0894
vn 0.6561 0.7494 -0.0889
vn 0.8101 -0.5795 -0.0889
vn -0.6070 0.7897 -0.0889
vn -0.6815 0.7263 -0.0894
vn -0.6561 -0.7494 -0.0891
vn 0.9876 -0.1291 -0.0894
vn 0.9955 -0.0317 -0.0890
vn -0.9702 0.2253 -0.0891
vn -0.9434 0.3193 -0.0893
vn 0.8630 -0.4972 -0.0895
vn 0.8101 -0.5795 -0.0888
vn 0.4972 0.8630 -0.0894
vn -0.6070 0.7896 -0.0895
vn -0.9319 -0.3517 -0.0889
vn -0.9938 -0.0660 -0.0889
vn -0.9825 -0.1631 -0.0894
vn 0.6561 0.7494 -0.0890
vn 0.7263 0.6815 -0.0894
vn -0.9319 -0.3517 -0.0890
vn 0.6070 -0.7896 -0.0895
vn 0.5267 -0.8454 -0.0888
vn 0.7897 0.6070 -0.0889
vn 0.7263 0.6815 -0.0892
vn 0.2586 -0.9619 -0.0891
vn 0.0660 -0.9938 -0.0891
vn 0.1291 0.9876 -0.0891
vn -0.0660 0.9938 -0.0894
vn 0.0317 0.9955 -0.0889
vn -0.6070 0.7897 -0.0891
vn -0.7494 0.6561 -0.0893
vn -0.0317 -0.9955 -0.0894
vn 0.0660 -0.9938 -0.0890
vn 0.9435 -0.3193 -0.0889
vn -0.2586 0.9619 -0.0889
vn 0.9938 0.0660 -0.0895
vn 0.9955 -0.0317 -0.0888
vn 0.9876 -0.1291 -0.0889
vn 0.9955 -0.0317 -0.0894
vn 0.2253 0.9702 -0.0891
vn -0.3517 0.9319 -0.0890
vn -0.2586 0.9618 -0.0894
vn 0.9435 -0.3193 -0.0888
vn 0.9702 -0.2253 -0.0895
vn 0.3193 0.9435 -0.0891
vn -0.8453 -0.5267 -0.0892
vn -0.9826 -0.1631 -0.0890
vn -0.9826 -0.1631 -0.0889
vn 0.2253 0.9702 -0.0894
vn 0.8454 0.5267 -0.0892
vn -0.7897 -0.6070 -0.0890
vn -0.9876 0.1291 -0.0894
vn -0.5794 -0.8101 -0.0891
vn -0.8630 0.4972 -0.0894
vn -0.2586 0.9619 -0.0891
vn 0.7897 0.6071 -0.0888
vn 0.9826 0.1631 -0.0890
vn 0.4972 0.8630 -0.0890
vn 0.1631 -0.9826 -0.0891
vn 0.8453 0.5267 -0.0892
vn -0.8630 0.4972 -0.0891
vn -0.1631 0.9826 -0.0894
vn -0.4972 -0.8630 -0.0890
vn -0.5267 0.8454 -0.0890
vn 0.7494 -0.6561 -0.0890
vn 0.9619 0.2586 -0.0888
vn 0.5267 -0.8454 -0.0891
vn 0.2586 -0.9618 -0.0894
vn -0.9318 -0.3517 -0.0894
vn -0.9619 -0.2586 -0.0890
vn -0.9938 -0.0660 -0.0890
vn -0.7897 -0.6070 -0.0891
vn -0.7263 -0.6815 -0.0893
vn -0.4103 -0.9076 -0.0890
vn 0.4103 0.9076 -0.0890
vn -0.5267 0.8454 -0.0888
vn 0.6070 -0.7897 -0.0891
vn -0.8101 0.5794 -0.0891
vn -0.3517 0.9318 -0.0894
vn -0.5267 0.8454 -0.0891
vn -0.0000 -0.0000 1.0000
vn 0.4976 0.8635 0.0824
vn 0.4105 0.9081 0.0828
vn 0.4105 0.9081 0.0824
vn -0.7499 0.6564 0.0825
vn -0.6819 0.7268 0.0826
vn -0.6819 0.7268 0.0824
vn 0.9081 -0.4105 0.0825
vn 0.8635 -0.4975 0.0826
vn 0.8635 -0.4976 0.0824
vn -0.8635 0.4976 0.0824
vn -0.9081 0.4105 0.0824
vn 0.8934 0.4416 0.0824
vn 0.9324 0.3519 0.0824
vn 0.8934 0.4416 0.0828
vn -0.4976 -0.8635 0.0826
vn -0.4105 -0.9081 0.0825
vn -0.4105 -0.9081 0.0824
vn -0.2255 -0.9708 0.0824
vn -0.1292 -0.9882 0.0824
vn -0.2255 -0.9707 0.0826
vn 0.9324 0.3519 0.0828
vn 0.9624 0.2588 0.0824
vn -0.9961 0.0317 0.0824
vn -0.9944 -0.0661 0.0824
vn -0.9961 0.0317 0.0826
vn 0.6564 0.7499 0.0828
vn 0.7268 0.6819 0.0824
vn 0.3195 0.9440 0.0824
vn 0.4105 0.9081 0.0826
vn 0.5270 -0.8458 0.0828
vn 0.4416 -0.8934 0.0824
vn -0.0660 0.9944 0.0824
vn -0.1632 0.9831 0.0824
vn -0.8458 -0.5270 0.0826
vn -0.7901 -0.6074 0.0825
vn -0.7901 -0.6074 0.0824
vn -0.7268 -0.6819 0.0824
vn -0.7268 -0.6819 0.0826
vn 0.9081 -0.4105 0.0828
vn 0.9081 -0.4105 0.0824
vn -0.7901 -0.6074 0.0828
vn -0.8459 -0.5270 0.0824
vn -0.0661 0.9944 0.0825
vn 0.0318 0.9961 0.0826
vn 0.0318 0.9961 0.0824
vn -0.2254 -0.9707 0.0828
vn -0.3195 -0.9440 0.0824
vn -0.2588 0.9624 0.0828
vn -0.8106 0.5797 0.0828
vn -0.7498 0.6565 0.0824
vn -0.4975 -0.8635 0.0825
vn -0.5798 -0.8106 0.0826
vn -0.5798 -0.8106 0.0824
vn 0.9944 0.0661 0.0828
vn 0.9961 -0.0317 0.0824
vn 0.8635 -0.4975 0.0825
vn 0.8106 -0.5798 0.0826
vn 0.8106 -0.5798 0.0824
vn -0.9882 0.1292 0.0828
vn -0.9708 0.2255 0.0824
vn -0.9624 -0.2588 0.0828
vn -0.9831 -0.1632 0.0824
vn 0.9440 -0.3195 0.0828
vn 0.9440 -0.3195 0.0824
vn -0.9081 0.4105 0.0825
vn -0.8635 0.4976 0.0826
vn -0.3519 0.9324 0.0824
vn -0.4416 0.8934 0.0828
vn -0.4416 0.8934 0.0824
vn 0.2588 -0.9624 0.0824
vn 0.1632 -0.9831 0.0824
vn 0.2588 -0.9624 0.0828
vn -0.6819 0.7268 0.0825
vn -0.6074 0.7901 0.0826
vn -0.6074 0.7901 0.0824
vn 0.6074 -0.7901 0.0828
vn 0.5270 -0.8459 0.0824
vn -0.8635 0.4975 0.0825
vn -0.8106 0.5798 0.0826
vn -0.8106 0.5798 0.0824
vn -0.9440 0.3195 0.0824
vn -0.9707 0.2254 0.0828
vn -0.9708 0.2254 0.0824
vn 0.9624 0.2588 0.0826
vn 0.9324 0.3519 0.0825
vn 0.6819 -0.7267 0.0828
vn 0.6074 -0.7901 0.0824
vn -0.9624 -0.2588 0.0824
vn -0.9324 -0.3519 0.0828
vn -0.9324 -0.3519 0.0824
vn -0.9324 -0.3519 0.0825
vn -0.9624 -0.2588 0.0826
vn 0.1292 0.9882 0.0824
vn 0.0317 0.9961 0.0824
vn 0.1292 0.9882 0.0826
vn 0.2254 0.9708 0.0825
vn 0.3195 0.9440 0.0826
vn 0.3195 0.9440 0.0828
vn -0.0318 -0.9961 0.0824
vn 0.0661 -0.9944 0.0824
vn -0.0318 -0.9961 0.0826
vn 0.0660 -0.9944 0.0824
vn 0.1632 -0.9831 0.0828
vn -0.8458 -0.5270 0.0825
vn -0.8934 -0.4415 0.0826
vn -0.8934 -0.4416 0.0824
vn -0.1292 -0.9882 0.0825
vn -0.6074 0.7901 0.0828
vn -0.5270 0.8459 0.0824
vn -0.9440 0.3195 0.0825
vn -0.9081 0.4105 0.0826
vn -0.8934 -0.4416 0.0828
vn 0.1292 0.9882 0.0828
vn 0.2255 0.9708 0.0824
vn -0.2254 -0.9708 0.0824
vn -0.2254 -0.9708 0.0825
vn -0.7498 0.6564 0.0826
vn 0.6564 0.7499 0.0825
vn 0.7268 0.6819 0.0826
vn -0.5270 0.8458 0.0825
vn -0.4415 0.8934 0.0826
vn 0.2254 0.9708 0.0826
vn 0.2254 0.9708 0.0824
vn -0.8934 -0.4416 0.0825
vn -0.9324 -0.3519 0.0826
vn -0.8458 -0.5270 0.0828
vn 0.9961 -0.0317 0.0825
vn 0.9882 -0.1292 0.0826
vn 0.9882 -0.1292 0.0824
vn 0.2588 -0.9624 0.0825
vn 0.1632 -0.9831 0.0826
vn 0.9831 0.1632 0.0826
vn 0.9961 -0.0317 0.0828
vn 0.5797 0.8106 0.0828
vn 0.6565 0.7498 0.0824
vn 0.4105 0.9081 0.0825
vn 0.4976 0.8635 0.0826
vn -0.9944 -0.0660 0.0824
vn -0.7901 -0.6074 0.0826
vn -0.7268 -0.6819 0.0825
vn -0.0317 -0.9961 0.0828
vn 0.8458 0.5270 0.0824
vn 0.8934 0.4415 0.0826
vn 0.7901 0.6074 0.0828
vn 0.8459 0.5270 0.0824
vn 0.9944 0.0660 0.0824
vn 0.9831 0.1632 0.0828
vn 0.9831 0.1632 0.0824
vn 0.7499 -0.6564 0.0828
vn 0.6819 -0.7268 0.0824
vn -0.3195 -0.9440 0.0828
vn 0.8635 -0.4975 0.0828
vn 0.9440 -0.3195 0.0825
vn 0.9081 -0.4105 0.0826
vn -0.0317 -0.9961 0.0824
vn -0.1292 -0.9882 0.0826
vn -0.7499 0.6564 0.0824
vn 0.7498 -0.6565 0.0824
vn 0.8106 -0.5797 0.0828
vn -0.6564 -0.7499 0.0824
vn -0.6564 -0.7499 0.0826
vn 0.9624 0.2588 0.0825
vn 0.9882 -0.1292 0.0828
vn 0.9708 -0.2255 0.0824
vn 0.5270 -0.8458 0.0826
vn 0.6074 -0.7901 0.0825
vn 0.7499 -0.6564 0.0825
vn 0.6819 -0.7268 0.0826
vn 0.4416 -0.8934 0.0825
vn 0.3519 -0.9324 0.0826
vn 0.3519 -0.9324 0.0824
vn -0.0660 0.9944 0.0826
vn -0.4105 -0.9081 0.0826
vn -0.9708 0.2254 0.0825
vn -0.9440 0.3195 0.0826
vn -0.5270 0.8458 0.0826
vn -0.6074 0.7901 0.0825
vn -0.4976 -0.8635 0.0824
vn -0.9624 -0.2588 0.0825
vn -0.9831 -0.1632 0.0826
vn 0.9708 -0.2254 0.0824
vn -0.9882 0.1292 0.0824
vn -0.9707 0.2255 0.0826
vn -0.4416 0.8934 0.0825
vn -0.3519 0.9324 0.0826
vn 0.8934 0.4416 0.0825
vn 0.9324 0.3519 0.0826
vn 0.6819 -0.7268 0.0825
vn 0.6074 -0.7901 0.0826
vn 0.5270 -0.8458 0.0825
vn 0.4415 -0.8934 0.0826
vn 0.8459 0.5270 0.0826
vn 0.7901 0.6074 0.0825
vn 0.7901 0.6074 0.0824
vn 0.0317 0.9961 0.0828
vn -0.5797 -0.8106 0.0828
vn -0.6565 -0.7498 0.0824
vn 0.7268 0.6819 0.0825
vn 0.7901 0.6074 0.0826
vn -0.5270 0.8458 0.0828
vn -0.5270 0.8458 0.0824
vn 0.5798 0.8106 0.0826
vn 0.4975 0.8635 0.0825
vn 0.4975 0.8635 0.0824
vn 0.6565 0.7498 0.0826
vn 0.5798 0.8106 0.0825
vn 0.5798 0.8106 0.0824
vn -0.9831 -0.1632 0.0825
vn -0.9944 -0.0660 0.0826
vn -0.2588 0.9624 0.0825
vn -0.1632 0.9831 0.0826
vn 0.3519 -0.9324 0.0828
vn -0.5798 -0.8106 0.0825
vn -0.6564 -0.7498 0.0826
vn -0.3519 0.9324 0.0828
vn -0.2588 0.9624 0.0824
vn -0.0661 0.9944 0.0828
vn -0.6819 0.7267 0.0828
vn -0.9882 0.1292 0.0826
vn -0.9961 0.0317 0.0825
vn 0.9831 0.1632 0.0825
vn 0.9944 0.0660 0.0826
vn 0.9708 -0.2254 0.0825
vn 0.9440 -0.3195 0.0826
vn 0.4975 0.8635 0.0828
vn -0.6564 -0.7499 0.0825
vn 0.7267 0.6819 0.0828
vn -0.9961 0.0317 0.0828
vn 0.9882 -0.1292 0.0825
vn 0.9707 -0.2255 0.0826
vn 0.9944 0.0661 0.0824
vn 0.9961 -0.0317 0.0826
vn -0.4975 -0.8635 0.0828
vn -0.4975 -0.8635 0.0824
vn 0.3519 -0.9324 0.0825
vn 0.2588 -0.9624 0.0826
vn 0.4416 -0.8934 0.0828
vn -0.8635 0.4975 0.0828
vn -0.8635 0.4975 0.0824
vn 0.1632 -0.9831 0.0825
vn 0.0660 -0.9944 0.0826
vn 0.8458 0.5270 0.0825
vn -0.3519 0.9324 0.0825
vn -0.2588 0.9624 0.0826
vn 0.2255 0.9707 0.0826
vn 0.8106 -0.5798 0.0825
vn 0.7498 -0.6565 0.0826
vn -0.9081 0.4105 0.0828
vn -0.4975 -0.8635 0.0826
vn -0.9944 -0.0661 0.0825
vn 0.6564 0.7499 0.0824
vn 0.3195 0.9440 0.0825
vn 0.5270 -0.8458 0.0824
vn -0.1632 0.9831 0.0828
vn -0.0661 0.9944 0.0824
vn 0.0317 0.9961 0.0826
vn 0.8635 -0.4975 0.0824
vn 0.0317 0.9961 0.0825
vn 0.0661 -0.9944 0.0825
vn -0.8458 -0.5270 0.0824
vn -0.3195 -0.9440 0.0826
vn -0.8106 0.5798 0.0825
vn -0.9324 -0.3518 0.0826
vn 0.4975 0.8635 0.0826
vn -0.9831 -0.1632 0.0828
vn 0.0661 -0.9944 0.0828
vn 0.8458 0.5270 0.0826
vn -0.9944 -0.0661 0.0826
vn 0.7499 -0.6564 0.0824
vn -0.0317 -0.9961 0.0825
vn -0.7499 0.6564 0.0828
vn 0.3518 -0.9324 0.0826
vn -0.1632 0.9831 0.0825
vn -0.3195 -0.9440 0.0825
vn 0.9707 -0.2254 0.0828
vn -0.9882 0.1292 0.0825
vn 0.9324 0.3518 0.0826
vn 0.9944 0.0661 0.0825
vn 0.1292 0.9882 0.0825
vn 0.7498 -0.6564 0.0826
vt 0.531250 0.016872
vt 0.515625 0.000000
vt 0.531250 0.000000
vt 0.593750 0.016872
vt 0.578125 0.000000
vt 0.593750 0.000000
vt 0.656250 0.016872
vt 0.640625 0.000000
vt 0.656250 0.000000
vt 0.718750 0.016872
vt 0.703125 0.000000
vt 0.718750 0.000000
vt 0.531250 0.860426
vt 0.546875 0.865762
vt 0.531250 0.865762
vt 0.593750 0.860426
vt 0.609375 0.865762
vt 0.593750 0.865762
vt 0.656250 0.860426
vt 0.671875 0.865762
vt 0.656250 0.865762
vt 0.718750 0.860426
vt 0.734375 0.865762
vt 0.718750 0.865762
vt 0.703125 0.036945
vt 0.718750 0.853725
vt 0.718750 0.036945
vt 0.703125 0.853725
vt 0.703125 0.860426
vt 0.609375 0.036945
vt 0.593750 0.853725
vt 0.609375 0.853725
vt 0.640625 0.036945
vt 0.656250 0.853725
vt 0.656250 0.036945
vt 0.562500 0.000000
vt 0.546875 0.016872
vt 0.546875 0.000000
vt 0.515625 0.016872
vt 0.500000 0.000000
vt 0.625000 0.000000
vt 0.609375 0.016872
vt 0.609375 0.000000
vt 0.578125 0.016872
vt 0.687500 0.000000
vt 0.671875 0.016872
vt 0.671875 0.000000
vt 0.640625 0.016872
vt 0.750000 0.000000
vt 0.734375 0.016872
vt 0.734375 0.000000
vt 0.703125 0.016872
vt 0.640625 0.865762
vt 0.656250 0.873357
vt 0.734375 0.873357
vt 0.750000 0.865762
vt 0.687500 0.865762
vt 0.703125 0.873357
vt 0.703125 0.865762
vt 0.500000 0.865762
vt 0.515625 0.860426
vt 0.515625 0.865762
vt 0.562500 0.865762
vt 0.546875 0.860426
vt 0.562500 0.860426
vt 0.578125 0.860426
vt 0.578125 0.865762
vt 0.625000 0.865762
vt 0.609375 0.860426
vt 0.625000 0.860426
vt 0.640625 0.860426
vt 0.671875 0.860426
vt 0.687500 0.860426
vt 0.734375 0.860426
vt 0.750000 0.860426
vt 0.562500 0.016872
vt 0.578125 0.036945
vt 0.562500 0.036945
vt 0.546875 0.036945
vt 0.531250 0.853725
vt 0.546875 0.853725
vt 0.750000 0.853725
vt 0.734375 0.853725
vt 0.625000 0.016872
vt 0.625000 0.036945
vt 0.593750 0.036945
vt 0.515625 0.036945
vt 0.500000 0.016872
vt 0.500000 0.036945
vt 0.734375 0.036945
vt 0.750000 0.016872
vt 0.515625 0.853725
vt 0.562500 0.853725
vt 0.578125 0.853725
vt 0.687500 0.853725
vt 0.531250 0.036945
vt 0.687500 0.016872
vt 0.578125 0.873357
vt 0.687500 0.036945
vt 0.671875 0.853725
vt 0.640625 0.853725
vt 0.562500 0.873357
vt 0.640625 0.873357
vt 0.500000 0.853725
vt 0.625000 0.853725
vt 0.671875 0.036945
vt 0.593750 0.873357
vt 0.750000 0.873357
vt 0.718750 0.853725
vt 0.750000 0.036945
vt 0.500000 0.860426
vt 0.671875 0.873357
vt 0.625000 0.873357
vt 0.609375 0.873357
vt 0.718750 0.873357
vt 0.546875 0.873357
vt 0.687500 0.873357
vt 0.515625 0.873357
vt 0.531250 0.873357
vt 0.500000 0.873357
vt 0.718750 0.000000
vt 0.625000 0.000000
vt 0.687500 0.968682
vt 0.703125 1.000000
vt 0.687500 1.000000
vt 0.546875 0.968682
vt 0.562500 0.968682
vt 0.656250 0.968682
vt 0.640625 1.000000
vt 0.640625 0.968682
vt 0.671875 1.000000
vt 0.671875 0.968682
vt 0.734375 0.968682
vt 0.718750 1.000000
vt 0.734375 1.000000
vt 0.515625 1.000000
vt 0.500000 0.968682
vt 0.500000 1.000000
vt 0.718750 0.968682
vt 0.703125 0.968682
vt 0.531250 0.968682
vt 0.515625 0.968682
vt 0.750000 0.968682
vt 0.609375 1.000000
vt 0.625000 0.968682
vt 0.609375 0.968682
vt 0.656250 1.000000
vt 0.593750 0.968682
vt 0.593750 1.000000
vt 0.750000 1.000000
vt 0.625000 1.000000
vt 0.578125 1.000000
vt 0.578125 0.968682
vt 0.546875 1.000000
vt 0.531250 1.000000
vt 0.562500 1.000000
vt 0.625000 1.000000
s 0
f 51/1/1 14/2/2 15/3/3
f 54/4/4 17/5/5 18/6/6
f 57/7/7 20/8/8 21/9/9
f 60/10/10 23/11/11 24/12/12
f 39/13/13 26/14/14 27/15/15
f 42/16/16 29/17/17 30/18/18
f 45/19/19 32/20/20 33/21/21
f 48/22/22 35/23/23 36/24/24
f 519/25/25 314/26/25 518/27/25
f 277/28/26 226/22/26 255/29/26
f 557/30/27 290/31/27 289/32/27
f 555/33/28 286/34/28 554/35/28
f 1/36/29 50/37/30 16/38/31
f 16/38/32 51/1/33 15/3/3
f 52/39/34 102/40/35 14/2/36
f 2/41/37 53/42/38 19/43/39
f 19/43/40 54/4/41 18/6/6
f 55/44/42 1/36/43 17/5/44
f 3/45/45 56/46/46 22/47/47
f 22/47/48 57/7/49 21/9/9
f 58/48/50 2/41/51 20/8/52
f 176/49/53 59/50/54 25/51/55
f 25/51/56 60/10/57 24/12/12
f 61/52/58 3/45/59 23/11/60
f 116/53/61 350/54/62 82/21/63
f 345/55/64 119/56/65 85/23/66
f 117/57/67 347/58/68 118/59/69
f 111/60/70 40/61/71 28/62/72
f 28/62/73 39/13/74 27/15/75
f 7/63/76 38/64/77 8/65/77
f 7/63/78 43/66/79 31/67/80
f 31/67/81 42/16/82 30/18/83
f 6/68/84 41/69/85 10/70/85
f 6/68/86 46/71/87 34/53/88
f 34/53/89 45/19/90 33/21/91
f 5/57/92 44/72/93 9/73/93
f 5/57/94 49/29/95 37/59/96
f 37/59/97 48/22/98 36/24/99
f 4/56/100 47/74/101 194/75/101
f 11/76/102 569/77/102 568/78/102
f 561/79/103 294/80/103 293/81/103
f 280/82/104 225/74/104 279/83/104
f 523/33/105 171/84/105 524/85/105
f 539/30/106 270/31/106 538/86/106
f 563/87/107 101/88/107 564/89/107
f 549/90/108 110/91/108 97/50/108
f 533/87/109 266/80/109 265/92/109
f 251/66/110 268/93/110 269/94/110
f 19/43/111 386/41/112 2/41/113
f 163/50/114 518/27/114 517/90/114
f 193/29/115 316/95/115 192/73/115
f 64/1/116 62/2/117 65/39/118
f 68/4/119 66/5/120 69/44/121
f 72/7/122 70/8/123 73/48/124
f 76/10/125 74/11/126 77/52/127
f 86/13/128 79/14/129 87/64/130
f 88/16/131 81/17/132 89/69/133
f 90/19/134 83/20/135 91/72/136
f 92/22/137 85/23/138 93/74/139
f 313/83/114 158/22/114 159/74/114
f 535/79/140 266/80/140 534/96/140
f 534/96/140 227/37/140 535/79/140
f 283/28/141 92/22/141 282/26/141
f 94/37/142 99/36/143 98/38/144
f 64/1/145 98/38/146 63/3/147
f 65/39/148 102/40/149 101/88/150
f 95/42/151 104/41/152 103/43/153
f 68/4/154 103/43/155 67/6/156
f 69/44/157 99/36/158 100/76/159
f 96/46/160 107/45/161 106/47/162
f 72/7/163 106/47/164 71/9/165
f 73/48/166 104/41/167 105/84/168
f 97/50/169 241/49/170 109/51/171
f 76/10/172 109/51/173 75/12/174
f 77/52/175 107/45/176 108/97/177
f 259/94/178 154/16/178 258/31/178
f 323/98/179 146/18/180 181/67/181
f 121/61/182 111/60/183 112/62/184
f 86/13/185 112/62/186 78/15/187
f 113/63/188 87/64/189 79/14/190
f 123/66/191 113/63/192 114/67/193
f 88/16/194 114/67/195 80/18/196
f 115/68/197 89/69/198 81/17/199
f 125/71/200 115/68/201 116/53/202
f 90/19/203 116/53/204 82/21/205
f 117/57/206 91/72/207 83/20/208
f 127/29/209 117/57/210 118/59/211
f 92/22/212 118/59/213 84/24/214
f 119/56/215 93/74/216 85/23/217
f 561/79/218 100/76/218 94/37/218
f 538/86/106 228/42/106 539/30/106
f 520/99/115 315/28/115 519/25/115
f 101/88/219 565/87/219 564/89/219
f 95/42/27 558/86/27 557/30/27
f 87/64/218 292/93/218 293/81/218
f 127/29/220 284/95/220 126/73/220
f 317/100/221 156/19/221 157/72/221
f 564/89/107 295/92/107 563/87/107
f 93/74/108 280/82/108 281/83/108
f 52/39/222 566/96/222 565/87/222
f 267/81/223 536/78/223 268/93/223
f 130/1/224 128/2/225 131/39/226
f 134/4/227 132/5/228 135/44/229
f 138/7/230 136/8/231 139/48/232
f 142/10/233 140/11/234 143/52/235
f 152/13/236 145/14/237 153/64/238
f 154/16/239 147/17/240 155/69/241
f 156/19/242 149/20/243 157/72/244
f 158/22/245 151/23/246 159/74/247
f 319/101/248 156/19/248 318/34/248
f 309/28/249 48/22/249 49/29/249
f 551/25/141 282/26/141 550/27/141
f 531/87/250 262/80/250 530/96/250
f 160/37/251 165/36/252 164/38/253
f 130/1/254 164/38/255 129/3/256
f 131/39/257 168/40/258 167/88/259
f 161/42/260 170/41/261 169/43/262
f 134/4/263 169/43/264 133/6/265
f 135/44/266 165/36/267 166/76/268
f 162/46/269 173/45/270 172/47/271
f 138/7/272 172/47/273 137/9/274
f 139/48/275 170/41/276 171/84/277
f 163/50/278 176/49/279 175/51/280
f 142/10/281 175/51/282 141/12/283
f 143/52/284 173/45/285 174/97/286
f 323/98/287 180/63/288 324/102/289
f 150/24/290 377/55/291 151/23/292
f 33/21/293 369/103/294 34/53/295
f 187/61/296 178/60/297 179/62/298
f 152/13/299 179/62/300 144/15/301
f 180/63/302 153/64/303 145/14/304
f 189/66/305 180/63/306 181/67/307
f 154/16/308 181/67/309 146/18/310
f 182/68/311 155/69/312 147/17/313
f 191/71/314 182/68/315 183/53/316
f 156/19/317 183/53/318 148/21/319
f 184/57/320 157/72/321 149/20/322
f 193/29/323 184/57/324 185/59/325
f 158/22/326 185/59/327 150/24/328
f 4/56/329 159/74/330 151/23/331
f 552/99/220 283/28/220 551/25/220
f 525/30/332 258/31/332 257/32/332
f 532/89/333 265/92/333 264/104/333
f 159/74/334 312/82/334 313/83/334
f 291/94/335 88/16/335 290/31/335
f 525/30/336 171/84/336 161/42/336
f 191/71/105 320/105/105 190/70/105
f 543/106/337 274/34/337 542/35/337
f 177/91/338 515/90/338 59/50/338
f 556/85/339 287/101/339 555/33/339
f 315/28/25 158/22/25 314/26/25
f 307/100/340 576/99/340 308/95/340
f 197/1/341 195/2/342 198/3/343
f 201/4/344 199/5/345 202/6/346
f 205/7/347 203/8/348 206/9/349
f 209/10/350 207/11/351 210/12/352
f 220/13/353 211/14/354 212/15/355
f 222/16/356 213/17/357 214/18/358
f 224/19/359 215/20/360 216/21/361
f 226/22/362 217/23/363 218/24/364
f 222/16/106 271/32/106 221/69/106
f 257/32/332 154/16/332 155/69/332
f 566/96/365 50/37/365 567/79/365
f 220/13/140 267/81/140 219/64/140
f 233/36/366 227/37/367 231/38/368
f 231/38/369 197/1/370 198/3/343
f 196/39/371 168/40/372 195/2/373
f 236/41/374 228/42/375 234/43/376
f 234/43/377 201/4/378 202/6/346
f 200/44/379 233/36/380 199/5/381
f 239/45/382 229/46/383 237/47/384
f 237/47/385 205/7/386 206/9/349
f 204/48/387 236/41/388 203/8/389
f 241/49/390 230/50/391 240/51/392
f 240/51/393 209/10/394 210/12/352
f 208/52/395 239/45/396 207/11/397
f 355/98/398 80/18/399 114/67/400
f 29/17/401 366/107/402 30/18/403
f 344/108/404 217/23/405 119/56/406
f 183/53/407 382/54/408 148/21/409
f 178/60/410 249/61/411 242/62/412
f 242/62/413 220/13/414 212/15/415
f 243/63/416 219/64/417 250/65/417
f 243/63/418 251/66/419 244/67/420
f 244/67/421 222/16/422 214/18/423
f 245/68/424 221/69/425 252/70/425
f 245/68/426 253/71/427 246/53/428
f 246/53/429 224/19/430 216/21/431
f 247/57/432 223/72/433 254/73/433
f 247/57/434 255/29/435 248/59/436
f 248/59/437 226/22/438 218/24/439
f 119/56/440 225/74/441 256/75/441
f 317/100/442 520/99/442 521/106/442
f 513/25/249 310/109/249 309/28/249
f 285/100/443 552/99/443 553/106/443
f 555/33/339 105/84/339 556/85/339
f 547/90/444 278/109/444 546/27/444
f 43/66/102 300/93/102 301/94/102
f 123/66/445 292/93/445 122/65/445
f 196/39/109 534/96/109 533/87/109
f 517/90/334 177/91/334 163/50/334
f 524/85/105 319/101/105 523/33/105
f 530/96/250 131/39/250 531/87/250
f 304/105/446 41/69/446 303/32/446
f 160/37/447 530/96/447 529/79/447
f 305/101/448 45/19/448 46/71/448
f 285/100/449 90/19/449 91/72/449
f 527/77/178 258/31/178 526/86/178
f 281/83/108 548/110/108 549/90/108
f 269/94/450 222/16/450 251/66/450
f 271/32/451 540/85/451 272/105/451
f 12/97/340 575/106/340 56/46/340
f 541/33/452 274/34/452 273/101/452
f 13/84/453 573/33/453 572/85/453
f 11/76/454 567/79/454 50/37/454
f 549/90/455 282/26/455 281/83/455
f 308/95/340 44/72/340 307/100/340
f 238/97/456 543/106/456 229/46/456
f 208/52/26 546/27/26 545/25/26
f 268/93/223 219/64/223 267/81/223
f 521/106/221 318/34/221 317/100/221
f 563/87/457 294/80/457 562/96/457
f 559/77/335 290/31/335 558/86/335
f 571/30/458 302/31/458 570/86/458
f 532/89/459 263/92/459 531/87/459
f 293/81/103 86/13/103 87/64/103
f 560/78/445 291/94/445 559/77/445
f 528/78/460 259/94/460 527/77/460
f 567/79/365 298/80/365 566/96/365
f 557/30/461 105/84/461 95/42/461
f 255/29/462 276/95/462 277/28/462
f 265/92/109 220/13/109 249/61/109
f 299/81/454 568/78/454 300/93/454
f 232/76/110 537/77/110 536/78/110
f 523/33/248 318/34/248 522/35/248
f 521/106/442 174/97/442 162/46/442
f 574/35/463 56/46/463 575/106/463
f 48/22/464 311/83/464 47/74/464
f 537/77/450 270/31/450 269/94/450
f 297/92/222 39/13/222 40/61/222
f 551/25/220 108/97/220 552/99/220
f 261/81/447 152/13/447 153/64/447
f 568/78/102 301/94/102 300/93/102
f 289/32/461 556/85/461 557/30/461
f 289/32/27 88/16/27 89/69/27
f 110/91/104 547/90/104 230/50/104
f 155/69/336 320/105/336 257/32/336
f 42/16/458 303/32/458 41/69/458
f 40/61/219 296/104/219 297/92/219
f 157/72/442 316/95/442 317/100/442
f 575/106/463 306/34/463 574/35/463
f 559/77/445 100/76/445 560/78/445
f 529/79/447 262/80/447 261/81/447
f 522/35/248 139/48/248 523/33/248
f 301/94/465 42/16/465 43/66/465
f 545/25/26 278/109/26 277/28/26
f 121/61/107 296/104/107 120/111/107
f 39/13/365 299/81/365 38/64/365
f 276/95/456 223/72/456 275/100/456
f 576/99/466 309/28/466 308/95/466
f 542/35/337 229/46/337 543/106/337
f 13/84/446 571/30/446 53/42/446
f 279/83/104 548/110/104 280/82/104
f 553/106/449 286/34/449 285/100/449
f 544/99/462 277/28/462 276/95/462
f 572/85/453 305/101/453 304/105/453
f 517/90/114 314/26/114 313/83/114
f 272/105/451 221/69/451 271/32/451
f 149/20/467 382/54/408 381/112/468
f 352/113/469 81/17/470 353/114/471
f 4/56/472 377/55/291 376/108/473
f 36/24/474 375/55/475 374/115/476
f 346/115/477 85/23/478 84/24/479
f 364/102/480 31/67/481 365/98/482
f 116/53/483 352/113/484 351/103/485
f 376/108/486 35/23/487 4/56/488
f 218/24/489 343/55/490 342/115/491
f 7/63/492 363/116/493 26/14/494
f 78/15/495 357/116/496 79/14/497
f 339/112/498 247/57/499 340/117/500
f 184/57/501 379/58/502 185/59/503
f 111/60/504 359/118/505 112/62/506
f 353/114/507 80/18/508 354/107/509
f 248/59/510 342/115/491 341/58/511
f 214/18/512 333/98/513 244/67/514
f 5/57/515 371/112/516 32/20/517
f 182/68/518 383/103/519 183/53/520
f 242/62/521 330/119/522 329/118/523
f 328/120/524 179/62/525 178/60/526
f 332/102/527 211/14/528 243/63/529
f 26/14/530 362/119/531 27/15/532
f 248/59/533 340/117/534 247/57/535
f 224/19/337 275/100/337 223/72/337
f 245/68/536 335/114/537 213/17/538
f 185/59/539 378/115/540 150/24/541
f 82/21/542 349/112/543 83/20/544
f 215/20/545 338/54/546 216/21/547
f 246/53/548 338/54/546 337/103/549
f 27/15/550 361/118/551 28/62/552
f 213/17/553 334/107/554 214/18/555
f 37/59/556 372/117/557 5/57/558
f 356/102/559 79/14/560 357/116/496
f 198/3/561 433/2/562 434/3/563
f 173/45/564 429/47/565 172/47/566
f 75/12/567 406/11/568 74/11/569
f 408/38/570 63/3/571 98/38/572
f 23/11/573 398/12/574 24/12/575
f 415/51/576 241/49/577 448/49/578
f 393/43/579 18/6/580 392/6/581
f 402/5/582 99/36/583 66/5/584
f 441/38/585 233/36/586 231/38/587
f 71/9/588 413/47/589 405/9/590
f 240/51/591 440/12/592 447/51/593
f 421/9/594 136/8/595 137/9/596
f 390/38/597 1/36/598 16/38/599
f 237/47/600 438/9/601 445/47/602
f 3/45/603 397/11/604 23/11/605
f 128/2/606 417/3/607 416/2/608
f 136/8/609 428/41/610 170/41/611
f 98/38/612 409/36/613 408/38/614
f 107/45/615 413/47/616 106/47/617
f 70/8/618 412/41/619 104/41/620
f 240/51/621 448/49/622 241/49/623
f 399/51/624 176/49/625 25/51/626
f 410/40/627 62/2/628 400/2/629
f 141/12/630 431/51/631 423/12/632
f 418/5/633 133/6/634 419/6/635
f 168/40/636 433/2/637 195/2/638
f 173/45/639 422/11/640 430/45/641
f 198/3/642 441/38/643 231/38/644
f 437/8/645 236/41/646 444/41/647
f 25/51/648 398/12/649 399/51/650
f 128/2/651 426/40/652 168/40/653
f 396/47/654 21/9/655 395/9/656
f 67/6/657 402/5/658 66/5/659
f 237/47/660 446/45/661 239/45/662
f 20/8/663 395/9/664 21/9/665
f 234/43/666 444/41/667 236/41/668
f 164/38/669 417/3/670 129/3/671
f 207/11/672 446/45/673 439/11/674
f 199/5/675 436/6/676 202/6/677
f 210/12/678 439/11/679 440/12/680
f 406/11/681 107/45/682 74/11/683
f 15/3/684 390/38/685 16/38/686
f 759/11/687 446/45/688 766/45/689
f 17/5/690 392/6/691 18/6/692
f 203/8/693 438/9/694 206/9/695
f 421/9/696 172/47/697 429/47/698
f 176/49/699 431/51/700 175/51/701
f 141/12/702 422/11/703 140/11/704
f 412/41/705 103/43/706 104/41/707
f 170/41/708 427/43/709 169/43/710
f 103/43/711 403/6/712 67/6/713
f 164/38/714 425/36/715 424/38/716
f 233/36/717 435/5/718 199/5/719
f 202/6/720 443/43/721 234/43/722
f 102/40/723 388/2/724 14/2/725
f 169/43/726 419/6/727 133/6/728
f 425/36/729 132/5/730 418/5/731
f 408/38/732 729/36/733 728/38/734
f 3/45/735 396/47/736 387/45/737
f 70/8/738 405/9/739 404/8/740
f 415/51/741 75/12/742 109/51/743
f 63/3/744 400/2/745 62/2/746
f 1/36/747 391/5/748 17/5/749
f 15/3/750 388/2/751 389/3/752
f 713/43/753 450/41/754 706/41/755
f 460/47/754 715/9/756 459/9/754
f 718/12/757 463/51/754 719/51/758
f 751/51/759 487/12/754 743/12/760
f 704/6/754 583/5/754 703/5/754
f 728/38/761 473/36/754 472/38/754
f 722/5/762 467/6/754 466/5/754
f 733/47/763 469/9/754 725/9/764
f 595/6/754 693/5/754 594/5/754
f 675/8/754 630/9/754 629/8/754
f 652/121/754 623/51/754 651/51/754
f 497/2/754 754/3/765 753/2/766
f 739/6/767 482/5/754 738/5/768
f 659/43/754 611/6/754 619/43/754
f 311/83/338 516/110/338 312/82/338
f 540/85/769 273/101/769 272/105/769
f 529/79/770 166/76/770 160/37/770
f 527/77/460 166/76/460 528/78/460
f 303/32/446 572/85/446 304/105/446
f 153/64/770 260/93/770 261/81/770
f 293/81/218 560/78/218 561/79/218
f 238/97/462 545/25/462 544/99/462
f 232/76/223 535/79/223 227/37/223
f 49/29/466 308/95/466 309/28/466
f 257/32/336 524/85/336 525/30/336
f 275/100/456 544/99/456 276/95/456
f 261/81/770 528/78/770 529/79/770
f 189/66/460 260/93/460 188/65/460
f 300/93/454 38/64/454 299/81/454
f 553/106/443 108/97/443 96/46/443
f 161/42/332 526/86/332 525/30/332
f 514/27/464 59/50/464 515/90/464
f 570/86/458 53/42/458 571/30/458
f 562/96/457 65/39/457 563/87/457
f 91/72/443 284/95/443 285/100/443
f 273/101/452 224/19/452 253/71/452
f 235/84/769 541/33/769 540/85/769
f 313/83/334 516/110/334 517/90/334
f 536/78/110 269/94/110 268/93/110
f 281/83/455 92/22/455 93/74/455
f 253/71/769 272/105/769 273/101/769
f 200/44/450 538/86/450 537/77/450
f 263/92/250 152/13/250 262/80/250
f 94/37/103 562/96/103 561/79/103
f 554/35/28 73/48/28 555/33/28
f 58/48/448 574/35/448 573/33/448
f 12/97/466 513/25/466 576/99/466
f 162/46/221 522/35/221 521/106/221
f 531/87/459 167/88/459 532/89/459
f 550/27/141 77/52/141 551/25/141
f 564/89/219 297/92/219 296/104/219
f 546/27/444 230/50/444 547/90/444
f 89/69/461 288/105/461 289/32/461
f 55/44/465 570/86/465 569/77/465
f 515/90/464 310/109/464 514/27/464
f 295/92/457 86/13/457 294/80/457
f 226/22/444 279/83/444 225/74/444
f 526/86/178 135/44/178 527/77/178
f 235/84/451 539/30/451 228/42/451
f 204/48/452 542/35/452 541/33/452
f 125/71/339 288/105/339 124/70/339
f 61/52/249 514/27/249 513/25/249
f 46/71/453 304/105/453 305/101/453
f 573/33/448 306/34/448 305/101/448
f 2/41/771 394/8/772 20/8/773
f 312/82/338 47/74/338 311/83/338
f 287/101/28 90/19/28 286/34/28
f 45/19/463 307/100/463 44/72/463
f 569/77/465 302/31/465 301/94/465
f 97/50/455 550/27/455 549/90/455
f 167/88/333 533/87/333 532/89/333
f 558/86/335 69/44/335 559/77/335
f 249/61/333 264/104/333 265/92/333
f 518/27/25 143/52/25 519/25/25
f 519/25/115 174/97/115 520/99/115
f 96/46/449 554/35/449 553/106/449
f 187/61/459 264/104/459 186/111/459
f 565/87/222 298/80/222 297/92/222
f 461/11/774 590/12/774 462/12/774
f 616/38/775 489/36/775 617/36/775
f 603/43/776 476/41/776 604/41/776
f 601/36/777 466/5/777 594/5/777
f 582/38/778 453/3/778 581/3/778
f 600/38/779 473/36/779 601/36/779
f 606/45/780 470/11/780 598/11/780
f 636/41/781 507/43/781 635/43/781
f 618/40/782 480/2/782 608/2/782
f 611/6/783 491/43/783 619/43/783
f 599/12/784 479/51/784 607/51/784
f 631/11/785 510/45/785 638/45/785
f 581/3/786 452/2/786 580/2/786
f 635/43/787 500/6/787 628/6/787
f 578/41/788 457/43/788 585/43/788
f 638/45/789 509/47/789 637/47/789
f 585/43/790 456/6/790 584/6/790
f 634/36/791 505/38/791 633/38/791
f 640/49/792 511/51/792 639/51/792
f 614/11/793 487/12/793 615/12/793
f 612/8/794 485/9/794 613/9/794
f 595/6/795 475/43/795 603/43/795
f 597/9/796 477/47/796 605/47/796
f 584/6/797 455/5/797 583/5/797
f 620/41/798 484/8/798 612/8/798
f 589/11/799 451/45/799 579/45/799
f 587/9/800 458/8/800 586/8/800
f 624/49/801 463/51/801 591/51/801
f 621/47/802 494/45/802 622/45/802
f 602/40/803 464/2/803 592/2/803
f 630/9/804 501/8/804 629/8/804
f 628/6/805 499/5/805 627/5/805
f 637/47/806 502/9/806 630/9/806
f 591/51/807 462/12/807 590/12/807
f 471/12/808 598/11/808 470/11/808
f 511/51/809 632/12/809 639/51/809
f 613/9/810 493/47/810 621/47/810
f 629/8/811 508/41/811 636/41/811
f 608/2/812 481/3/812 609/3/812
f 627/5/813 506/36/813 634/36/813
f 619/43/814 492/41/814 620/41/814
f 583/5/815 449/36/815 577/36/815
f 610/5/816 483/6/816 611/6/816
f 618/40/817 497/2/817 490/40/817
f 609/3/818 488/38/818 616/38/818
f 622/45/819 486/11/819 614/11/819
f 580/2/820 474/40/820 602/40/820
f 592/2/821 465/3/821 593/3/821
f 633/38/822 498/3/822 626/3/822
f 495/51/823 615/12/823 487/12/823
f 588/47/824 459/9/824 587/9/824
f 594/5/825 467/6/825 595/6/825
f 625/2/826 498/3/826 497/2/826
f 577/36/827 454/38/827 582/38/827
f 624/49/828 495/51/828 496/49/828
f 586/8/829 450/41/829 578/41/829
f 604/41/830 468/8/830 596/8/830
f 617/36/831 482/5/831 610/5/831
f 512/49/832 607/51/832 479/51/832
f 593/3/833 472/38/833 600/38/833
f 504/12/834 631/11/834 632/12/834
f 579/45/835 460/47/835 588/47/835
f 702/36/754 583/5/754 577/36/754
f 731/43/836 467/6/754 723/6/837
f 767/51/838 512/49/754 768/49/839
f 645/47/754 579/45/754 588/47/754
f 590/12/754 649/51/754 591/51/754
f 677/47/754 630/9/754 676/9/754
f 728/38/840 465/3/754 721/3/841
f 484/8/754 748/41/842 740/8/843
f 726/11/844 471/12/754 470/11/754
f 666/40/754 625/2/754 618/40/754
f 635/43/754 672/6/754 673/43/754
f 732/41/845 475/43/754 731/43/846
f 674/41/754 629/8/754 636/41/754
f 753/2/847 490/40/754 497/2/754
f 656/9/754 612/8/754 613/9/754
f 620/41/754 657/8/754 658/41/754
f 486/11/754 750/45/848 742/11/849
f 595/6/754 691/43/754 692/6/754
f 476/41/754 724/8/850 468/8/754
f 767/51/851 504/12/754 511/51/754
f 596/8/754 690/41/754 604/41/754
f 670/36/754 627/5/754 634/36/754
f 599/12/754 685/11/754 598/11/754
f 620/41/754 659/43/754 619/43/754
f 754/3/852 505/38/754 761/38/853
f 694/36/754 594/5/754 693/5/754
f 609/3/754 665/2/754 608/2/754
f 709/3/854 454/38/754 710/38/855
f 681/51/754 632/12/754 680/121/754
f 711/5/856 449/36/754 455/5/754
f 722/5/857 473/36/754 729/36/858
f 662/36/754 616/38/754 617/36/754
f 736/2/859 490/40/754 746/40/860
f 690/41/754 603/43/754 604/41/754
f 486/11/754 743/12/760 487/12/754
f 639/51/754 682/49/754 640/49/754
f 585/43/754 642/41/754 578/41/754
f 713/43/861 456/6/754 457/43/754
f 749/47/862 485/9/754 741/9/863
f 701/38/754 581/3/754 700/3/754
f 740/8/864 428/41/865 420/8/866
f 385/36/867 711/5/868 391/5/869
f 424/38/870 745/36/871 744/38/872
f 737/3/873 424/38/874 744/38/875
f 764/41/876 437/8/877 444/41/878
f 727/12/879 406/11/880 407/12/881
f 729/36/882 402/5/883 722/5/884
f 423/12/885 742/11/886 422/11/887
f 706/41/888 393/43/889 713/43/890
f 754/3/891 441/38/892 434/3/893
f 726/11/894 414/45/895 406/11/896
f 761/38/897 442/36/898 441/38/899
f 416/2/900 737/3/901 736/2/902
f 725/9/903 404/8/904 405/9/905
f 430/45/906 749/47/907 429/47/908
f 739/6/909 418/5/910 419/6/911
f 736/2/912 426/40/913 416/2/914
f 714/8/915 395/9/916 394/8/917
f 731/43/918 403/6/919 411/43/920
f 389/3/921 710/38/922 390/38/923
f 748/41/924 427/43/925 428/41/926
f 751/51/927 423/12/928 431/51/929
f 766/45/930 445/47/931 765/47/932
f 714/8/933 386/41/934 706/41/935
f 707/45/936 396/47/937 716/47/938
f 440/12/939 759/11/940 760/12/941
f 763/43/942 444/41/943 443/43/944
f 742/11/945 430/45/946 422/11/947
f 732/41/948 404/8/949 724/8/950
f 447/51/951 768/49/952 448/49/953
f 710/38/954 385/36/955 390/38/956
f 401/3/957 720/2/958 400/2/959
f 708/2/960 389/3/961 388/2/962
f 414/45/963 733/47/964 413/47/965
f 758/9/966 437/8/967 757/8/968
f 728/38/969 401/3/970 408/38/971
f 399/51/972 752/49/973 432/49/974
f 745/36/975 418/5/976 738/5/977
f 753/2/978 426/40/979 746/40/980
f 445/47/981 758/9/982 765/47/983
f 410/40/984 708/2/985 388/2/986
f 735/51/987 448/49/988 768/49/989
f 410/40/990 720/2/991 730/40/992
f 741/9/993 429/47/994 749/47/995
f 432/49/996 751/51/997 431/51/998
f 741/9/999 420/8/1000 421/9/1001
f 447/51/1002 760/12/1003 767/51/1004
f 434/3/1005 753/2/1006 754/3/1007
f 747/43/1008 419/6/1009 427/43/1010
f 395/9/1011 716/47/1012 396/47/1013
f 725/9/1014 413/47/1015 733/47/1016
f 712/6/1017 391/5/1018 711/5/1019
f 712/6/1020 393/43/1021 392/6/1022
f 435/5/1023 756/6/1024 436/6/1025
f 723/6/1026 402/5/1027 403/6/1028
f 442/36/1029 755/5/1030 435/5/1031
f 718/12/1032 399/51/1033 398/12/1034
f 732/41/1035 411/43/1036 412/41/1037
f 717/11/1038 398/12/1039 397/11/1040
f 707/45/1041 397/11/1042 387/45/1043
f 735/51/1044 407/12/1045 415/51/1046
f 756/6/1047 443/43/1048 436/6/1049
f 51/1/1050 52/39/1051 14/2/1052
f 54/4/1053 55/44/1054 17/5/1055
f 57/7/1056 58/48/1057 20/8/1058
f 60/10/1059 61/52/1060 23/11/1061
f 39/13/1062 38/64/1063 26/14/1064
f 42/16/1065 41/69/1066 29/17/1067
f 45/19/1068 44/72/1069 32/20/1070
f 48/22/1071 47/74/1072 35/23/1073
f 1/36/1074 11/76/1075 50/37/1076
f 16/38/1077 50/37/1078 51/1/1079
f 52/39/1080 101/88/1081 102/40/1082
f 2/41/1083 13/84/1084 53/42/1085
f 19/43/1086 53/42/1087 54/4/1088
f 55/44/1089 11/76/1090 1/36/1091
f 3/45/1092 12/97/1093 56/46/1094
f 22/47/1095 56/46/1096 57/7/1097
f 58/48/1098 13/84/1099 2/41/1100
f 176/49/1101 177/91/1102 59/50/1103
f 25/51/1104 59/50/1105 60/10/1106
f 61/52/1107 12/97/1108 3/45/1109
f 111/60/1110 120/111/1111 40/61/1112
f 28/62/1113 40/61/1114 39/13/1115
f 7/63/1116 26/14/1117 38/64/1118
f 7/63/1119 8/65/1120 43/66/1121
f 31/67/1122 43/66/1123 42/16/1124
f 6/68/1125 29/17/1126 41/69/1127
f 6/68/1128 10/70/1129 46/71/1130
f 34/53/1131 46/71/1132 45/19/1133
f 5/57/1134 32/20/1135 44/72/1136
f 5/57/1137 9/73/1138 49/29/1139
f 37/59/1140 49/29/1141 48/22/1142
f 4/56/1143 35/23/1144 47/74/1145
f 64/1/1146 63/3/147 62/2/1147
f 68/4/1148 67/6/156 66/5/1149
f 72/7/1150 71/9/165 70/8/1151
f 76/10/1152 75/12/174 74/11/1153
f 86/13/1154 78/15/1155 79/14/1156
f 88/16/1157 80/18/1158 81/17/1159
f 90/19/1160 82/21/1161 83/20/1162
f 92/22/1163 84/24/1164 85/23/1165
f 94/37/1166 100/76/1167 99/36/1168
f 64/1/1169 94/37/1170 98/38/1171
f 65/39/1172 62/2/1173 102/40/1174
f 95/42/1175 105/84/1176 104/41/1177
f 68/4/1178 95/42/1179 103/43/1180
f 69/44/1181 66/5/1182 99/36/1183
f 96/46/1184 108/97/1185 107/45/1186
f 72/7/1187 96/46/1188 106/47/1189
f 73/48/1190 70/8/1191 104/41/1192
f 97/50/1193 110/91/1194 241/49/1195
f 76/10/1196 97/50/1197 109/51/1198
f 77/52/1199 74/11/1200 107/45/1201
f 121/61/1202 120/111/1202 111/60/1203
f 86/13/1204 121/61/1205 112/62/1206
f 113/63/1207 122/65/1208 87/64/1209
f 123/66/1210 122/65/1210 113/63/1211
f 88/16/1212 123/66/1213 114/67/1214
f 115/68/1215 124/70/1216 89/69/1217
f 125/71/1218 124/70/1218 115/68/1219
f 90/19/1220 125/71/1221 116/53/1222
f 117/57/1223 126/73/1224 91/72/1225
f 127/29/1226 126/73/1227 117/57/1228
f 92/22/1229 127/29/1230 118/59/1231
f 119/56/1232 256/75/1233 93/74/1234
f 130/1/1235 129/3/256 128/2/1236
f 134/4/1237 133/6/265 132/5/1238
f 138/7/1239 137/9/274 136/8/1240
f 142/10/1241 141/12/283 140/11/1242
f 152/13/1243 144/15/1244 145/14/1245
f 154/16/1246 146/18/1247 147/17/1248
f 156/19/1249 148/21/1250 149/20/1251
f 158/22/1252 150/24/1253 151/23/1254
f 160/37/1255 166/76/1256 165/36/1257
f 130/1/1258 160/37/1259 164/38/1260
f 131/39/1261 128/2/1262 168/40/1263
f 161/42/1264 171/84/1265 170/41/1266
f 134/4/1267 161/42/1268 169/43/1269
f 135/44/1270 132/5/1271 165/36/1272
f 162/46/1273 174/97/1274 173/45/1275
f 138/7/1276 162/46/1277 172/47/1278
f 139/48/1279 136/8/1280 170/41/1281
f 163/50/1282 177/91/1283 176/49/1284
f 142/10/1285 163/50/1286 175/51/1287
f 143/52/1288 140/11/1289 173/45/1290
f 187/61/1291 186/111/1291 178/60/1292
f 152/13/1293 187/61/1294 179/62/1295
f 180/63/1296 188/65/1297 153/64/1298
f 189/66/1299 188/65/1299 180/63/1300
f 154/16/1301 189/66/1302 181/67/1303
f 182/68/1304 190/70/1305 155/69/1306
f 191/71/1307 190/70/1307 182/68/1308
f 156/19/1309 191/71/1310 183/53/1311
f 184/57/1312 192/73/1313 157/72/1314
f 193/29/1315 192/73/1315 184/57/1316
f 158/22/1317 193/29/1318 185/59/1319
f 4/56/1320 194/75/1321 159/74/1322
f 720/2/1323 474/40/754 730/40/1324
f 197/1/1325 196/39/1326 195/2/1327
f 201/4/1328 200/44/1329 199/5/1330
f 205/7/1331 204/48/1332 203/8/1333
f 209/10/1334 208/52/1335 207/11/1336
f 220/13/1337 219/64/1338 211/14/1339
f 222/16/1340 221/69/1341 213/17/1342
f 224/19/1343 223/72/1344 215/20/1345
f 226/22/1346 225/74/1347 217/23/1348
f 233/36/1349 232/76/1350 227/37/1351
f 231/38/1352 227/37/1353 197/1/1354
f 196/39/1355 167/88/1356 168/40/1357
f 236/41/1358 235/84/1359 228/42/1360
f 234/43/1361 228/42/1362 201/4/1363
f 200/44/1364 232/76/1365 233/36/1366
f 239/45/1367 238/97/1368 229/46/1369
f 237/47/1370 229/46/1371 205/7/1372
f 204/48/1373 235/84/1374 236/41/1375
f 241/49/1376 110/91/1377 230/50/1378
f 240/51/1379 230/50/1380 209/10/1381
f 208/52/1382 238/97/1383 239/45/1384
f 600/38/754 694/36/754 695/38/754
f 178/60/1385 186/111/1386 249/61/1387
f 242/62/1388 249/61/1389 220/13/1390
f 243/63/1391 211/14/1392 219/64/1393
f 243/63/1394 250/65/1395 251/66/1396
f 244/67/1397 251/66/1398 222/16/1399
f 245/68/1400 213/17/1401 221/69/1402
f 245/68/1403 252/70/1404 253/71/1405
f 246/53/1406 253/71/1407 224/19/1408
f 247/57/1409 215/20/1410 223/72/1411
f 247/57/1412 254/73/1413 255/29/1414
f 248/59/1415 255/29/1416 226/22/1417
f 119/56/1418 217/23/1419 225/74/1420
f 501/8/754 758/9/1421 757/8/1422
f 246/53/1423 336/113/1424 245/68/1425
f 621/47/754 656/9/754 613/9/754
f 654/45/754 621/47/754 622/45/754
f 646/45/754 589/11/754 579/45/754
f 645/47/754 587/9/754 644/9/754
f 474/40/754 708/2/1426 730/40/1427
f 456/6/754 711/5/1428 455/5/754
f 581/3/754 699/2/754 700/3/754
f 454/38/754 705/36/1429 710/38/855
f 144/15/1430 325/116/1431 145/14/1432
f 147/17/1433 384/113/1434 182/68/1435
f 149/20/1436 380/117/1437 184/57/1438
f 114/67/1439 356/102/1440 355/98/1441
f 328/120/1442 242/62/1443 329/118/1444
f 117/57/1445 349/112/543 348/117/1446
f 321/114/1447 146/18/1448 322/107/1449
f 32/20/1450 370/54/1451 33/21/1452
f 6/68/1453 369/103/1454 368/113/1455
f 605/47/1456 478/45/1456 606/45/1456
f 452/2/754 709/3/1457 708/2/1426
f 626/3/754 669/38/754 633/38/754
f 721/3/1458 464/2/754 720/2/1459
f 740/8/1460 485/9/754 484/8/754
f 367/114/1461 6/68/1462 368/113/1463
f 602/40/754 697/2/754 698/40/754
f 755/5/1464 500/6/754 756/6/1465
f 331/116/1466 212/15/1467 211/14/1468
f 346/115/477 118/59/1469 347/58/1470
f 503/11/754 760/12/1471 759/11/1472
f 500/6/754 763/43/1473 756/6/1465
f 650/49/754 591/51/754 649/51/754
f 145/14/1474 324/102/1475 180/63/1476
f 762/36/1477 505/38/754 506/36/754
f 611/6/754 661/5/754 610/5/754
f 634/36/754 669/38/754 670/36/754
f 580/2/754 698/40/754 699/2/754
f 36/24/1478 373/58/1479 37/59/1480
f 451/45/754 717/11/1481 707/45/1482
f 112/62/1483 358/119/1484 78/15/1485
f 179/62/1486 326/119/1487 144/15/1488
f 653/11/754 622/45/754 614/11/754
f 624/49/754 651/51/754 623/51/754
f 704/6/754 585/43/754 584/6/754
f 28/62/1489 360/120/1490 111/60/1491
f 332/102/527 244/67/1492 333/98/1493
f 366/107/1494 31/67/1495 30/18/1496
f 599/12/754 683/51/754 684/121/754
f 668/3/754 625/2/754 667/2/754
f 718/12/1497 461/11/754 462/12/754
f 719/51/1498 496/49/754 752/49/1499
f 638/45/754 677/47/754 678/45/754
f 606/45/754 687/47/754 605/47/754
f 627/5/754 672/6/754 628/6/754
f 688/9/754 596/8/754 597/9/754
f 509/47/754 758/9/1500 502/9/754
f 768/49/1501 479/51/754 735/51/1502
f 716/47/1503 451/45/754 707/45/1504
f 482/5/754 745/36/1505 738/5/1506
f 503/11/754 766/45/1507 510/45/754
f 665/2/754 618/40/754 608/2/754
f 577/36/754 701/38/754 702/36/754
f 458/8/754 706/41/755 450/41/754
f 509/47/754 766/45/1508 765/47/1509
f 739/6/1510 491/43/754 483/6/754
f 736/2/1511 481/3/754 480/2/754
f 479/51/754 727/12/1512 735/51/1502
f 586/8/754 642/41/754 643/8/754
f 661/5/754 617/36/754 610/5/754
f 724/8/1513 469/9/754 468/8/754
f 752/49/1514 495/51/754 751/51/1515
f 592/2/754 696/3/754 697/2/754
f 494/45/754 749/47/1516 750/45/1517
f 653/11/754 615/12/754 652/121/754
f 737/3/1518 488/38/754 481/3/754
f 647/11/754 590/12/754 589/11/754
f 683/51/754 640/49/754 682/49/754
f 507/43/754 764/41/1519 763/43/1520
f 643/8/754 587/9/754 586/8/754
f 734/45/1521 477/47/754 733/47/1522
f 458/8/754 715/9/1523 714/8/1524
f 757/8/1525 508/41/754 501/8/754
f 631/11/754 678/45/754 679/11/754
f 685/11/754 606/45/754 598/11/754
f 748/41/842 491/43/754 747/43/1526
f 744/38/1527 489/36/754 488/38/754
f 663/38/754 609/3/754 616/38/754
f 755/5/1528 506/36/754 499/5/754
f 679/11/754 632/12/754 631/11/754
f 734/45/1529 470/11/754 478/45/754
f 673/43/754 636/41/754 635/43/754
f 605/47/754 688/9/754 597/9/754
f 593/3/754 695/38/754 696/3/754
f 596/8/1530 469/9/1530 597/9/1530
f 519/25/25 315/28/25 314/26/25
f 277/28/26 278/109/26 226/22/26
f 557/30/27 558/86/27 290/31/27
f 555/33/28 287/101/28 286/34/28
f 116/53/61 351/103/485 350/54/62
f 345/55/64 344/108/1531 119/56/65
f 117/57/67 348/117/1532 347/58/68
f 11/76/102 55/44/102 569/77/102
f 561/79/103 562/96/103 294/80/103
f 280/82/104 256/75/104 225/74/104
f 523/33/105 139/48/105 171/84/105
f 539/30/106 271/32/106 270/31/106
f 563/87/107 65/39/107 101/88/107
f 549/90/108 548/110/108 110/91/108
f 533/87/109 534/96/109 266/80/109
f 251/66/110 250/65/110 268/93/110
f 19/43/1533 393/43/1534 386/41/112
f 163/50/114 142/10/114 518/27/114
f 193/29/115 315/28/115 316/95/115
f 313/83/114 314/26/114 158/22/114
f 535/79/140 267/81/140 266/80/140
f 534/96/140 197/1/140 227/37/140
f 283/28/141 127/29/141 92/22/141
f 259/94/178 189/66/178 154/16/178
f 323/98/179 322/107/1535 146/18/180
f 561/79/218 560/78/218 100/76/218
f 538/86/106 201/4/106 228/42/106
f 520/99/115 316/95/115 315/28/115
f 101/88/219 52/39/219 565/87/219
f 95/42/27 68/4/27 558/86/27
f 87/64/218 122/65/218 292/93/218
f 127/29/220 283/28/220 284/95/220
f 317/100/221 318/34/221 156/19/221
f 564/89/107 296/104/107 295/92/107
f 93/74/108 256/75/108 280/82/108
f 52/39/222 51/1/222 566/96/222
f 267/81/223 535/79/223 536/78/223
f 319/101/248 191/71/248 156/19/248
f 309/28/249 310/109/249 48/22/249
f 551/25/141 283/28/141 282/26/141
f 531/87/250 263/92/250 262/80/250
f 323/98/287 181/67/1536 180/63/288
f 150/24/290 378/115/1537 377/55/291
f 33/21/293 370/54/1538 369/103/294
f 552/99/220 284/95/220 283/28/220
f 525/30/332 526/86/332 258/31/332
f 532/89/333 533/87/333 265/92/333
f 159/74/334 194/75/334 312/82/334
f 291/94/335 123/66/335 88/16/335
f 525/30/336 524/85/336 171/84/336
f 191/71/105 319/101/105 320/105/105
f 543/106/337 275/100/337 274/34/337
f 177/91/338 516/110/338 515/90/338
f 556/85/339 288/105/339 287/101/339
f 315/28/25 193/29/25 158/22/25
f 307/100/340 575/106/340 576/99/340
f 222/16/106 270/31/106 271/32/106
f 257/32/332 258/31/332 154/16/332
f 566/96/365 51/1/365 50/37/365
f 220/13/140 266/80/140 267/81/140
f 355/98/398 354/107/1539 80/18/399
f 29/17/401 367/114/1540 366/107/402
f 344/108/404 343/55/1541 217/23/405
f 183/53/407 383/103/1542 382/54/1543
f 317/100/442 316/95/442 520/99/442
f 513/25/249 514/27/249 310/109/249
f 285/100/443 284/95/443 552/99/443
f 555/33/339 73/48/339 105/84/339
f 547/90/444 279/83/444 278/109/444
f 43/66/102 8/65/102 300/93/102
f 123/66/445 291/94/445 292/93/445
f 196/39/109 197/1/109 534/96/109
f 517/90/334 516/110/334 177/91/334
f 524/85/105 320/105/105 319/101/105
f 530/96/250 130/1/250 131/39/250
f 304/105/446 10/70/446 41/69/446
f 160/37/447 130/1/447 530/96/447
f 305/101/448 306/34/448 45/19/448
f 285/100/449 286/34/449 90/19/449
f 527/77/178 259/94/178 258/31/178
f 281/83/108 280/82/108 548/110/108
f 269/94/450 270/31/450 222/16/450
f 271/32/451 539/30/451 540/85/451
f 12/97/340 576/99/340 575/106/340
f 541/33/452 542/35/452 274/34/452
f 13/84/453 58/48/453 573/33/453
f 11/76/454 568/78/454 567/79/454
f 549/90/455 550/27/455 282/26/455
f 308/95/340 9/73/340 44/72/340
f 238/97/456 544/99/456 543/106/456
f 208/52/26 209/10/26 546/27/26
f 268/93/223 250/65/223 219/64/223
f 521/106/221 522/35/221 318/34/221
f 563/87/457 295/92/457 294/80/457
f 559/77/335 291/94/335 290/31/335
f 571/30/458 303/32/458 302/31/458
f 532/89/459 264/104/459 263/92/459
f 293/81/103 294/80/103 86/13/103
f 560/78/445 292/93/445 291/94/445
f 528/78/460 260/93/460 259/94/460
f 567/79/365 299/81/365 298/80/365
f 557/30/461 556/85/461 105/84/461
f 255/29/462 254/73/462 276/95/462
f 265/92/109 266/80/109 220/13/109
f 299/81/454 567/79/454 568/78/454
f 232/76/110 200/44/110 537/77/110
f 523/33/248 319/101/248 318/34/248
f 521/106/442 520/99/442 174/97/442
f 574/35/463 57/7/463 56/46/463
f 48/22/464 310/109/464 311/83/464
f 537/77/450 538/86/450 270/31/450
f 297/92/222 298/80/222 39/13/222
f 551/25/220 77/52/220 108/97/220
f 261/81/447 262/80/447 152/13/447
f 568/78/102 569/77/102 301/94/102
f 289/32/461 288/105/461 556/85/461
f 289/32/27 290/31/27 88/16/27
f 110/91/104 548/110/104 547/90/104
f 155/69/336 190/70/336 320/105/336
f 42/16/458 302/31/458 303/32/458
f 40/61/219 120/111/219 296/104/219
f 157/72/442 192/73/442 316/95/442
f 575/106/463 307/100/463 306/34/463
f 559/77/445 69/44/445 100/76/445
f 529/79/447 530/96/447 262/80/447
f 522/35/248 138/7/248 139/48/248
f 301/94/465 302/31/465 42/16/465
f 545/25/26 546/27/26 278/109/26
f 121/61/107 295/92/107 296/104/107
f 39/13/365 298/80/365 299/81/365
f 276/95/456 254/73/456 223/72/456
f 576/99/466 513/25/466 309/28/466
f 542/35/337 205/7/337 229/46/337
f 13/84/446 572/85/446 571/30/446
f 279/83/104 547/90/104 548/110/104
f 553/106/449 554/35/449 286/34/449
f 544/99/462 545/25/462 277/28/462
f 572/85/453 573/33/453 305/101/453
f 517/90/114 518/27/114 314/26/114
f 272/105/451 252/70/451 221/69/451
f 149/20/467 148/21/409 382/54/408
f 352/113/469 115/68/1544 81/17/470
f 4/56/472 151/23/1545 377/55/291
f 36/24/474 35/23/1546 375/55/475
f 346/115/477 345/55/1547 85/23/478
f 364/102/480 7/63/1548 31/67/481
f 116/53/483 115/68/1549 352/113/1550
f 376/108/486 375/55/475 35/23/487
f 218/24/489 217/23/1551 343/55/490
f 7/63/492 364/102/480 363/116/1552
f 78/15/495 358/119/1553 357/116/1554
f 339/112/498 215/20/1555 247/57/499
f 184/57/501 380/117/1556 379/58/502
f 111/60/504 360/120/1557 359/118/1558
f 353/114/507 81/17/1559 80/18/508
f 248/59/1560 218/24/1561 342/115/491
f 214/18/1562 334/107/1563 333/98/513
f 5/57/515 372/117/1564 371/112/516
f 182/68/518 384/113/1565 383/103/519
f 242/62/521 212/15/1566 330/119/522
f 328/120/524 327/118/1567 179/62/525
f 332/102/527 331/116/1568 211/14/528
f 26/14/530 363/116/1569 362/119/531
f 248/59/533 341/58/511 340/117/534
f 224/19/337 274/34/337 275/100/337
f 245/68/536 336/113/1570 335/114/537
f 185/59/539 379/58/1571 378/115/540
f 82/21/1572 350/54/1573 349/112/543
f 215/20/545 339/112/498 338/54/546
f 246/53/548 216/21/547 338/54/546
f 27/15/550 362/119/1574 361/118/551
f 213/17/553 335/114/1575 334/107/554
f 37/59/556 373/58/1576 372/117/557
f 356/102/559 113/63/1577 79/14/560
f 198/3/561 195/2/1578 433/2/562
f 173/45/564 430/45/1579 429/47/565
f 75/12/567 407/12/1580 406/11/568
f 408/38/570 401/3/1581 63/3/571
f 23/11/573 397/11/1582 398/12/574
f 415/51/576 109/51/1583 241/49/577
f 393/43/579 19/43/1584 18/6/580
f 402/5/582 409/36/1585 99/36/583
f 441/38/585 442/36/1586 233/36/586
f 71/9/588 106/47/1587 413/47/589
f 240/51/591 210/12/1588 440/12/592
f 421/9/594 420/8/1589 136/8/1590
f 390/38/597 385/36/1591 1/36/598
f 237/47/600 206/9/1592 438/9/1593
f 3/45/603 387/45/1594 397/11/604
f 128/2/606 129/3/1595 417/3/607
f 136/8/1596 420/8/1597 428/41/610
f 98/38/612 99/36/1598 409/36/1599
f 107/45/615 414/45/1600 413/47/616
f 70/8/1601 404/8/1602 412/41/619
f 240/51/621 447/51/1603 448/49/622
f 399/51/624 432/49/1604 176/49/625
f 410/40/627 102/40/1605 62/2/628
f 141/12/630 175/51/1606 431/51/631
f 418/5/1607 132/5/1608 133/6/634
f 168/40/636 426/40/1609 433/2/637
f 173/45/639 140/11/1610 422/11/640
f 198/3/642 434/3/1611 441/38/1612
f 437/8/1613 203/8/1614 236/41/646
f 25/51/648 24/12/1615 398/12/649
f 128/2/651 416/2/1616 426/40/652
f 396/47/1617 22/47/1618 21/9/655
f 67/6/657 403/6/1619 402/5/1620
f 237/47/660 445/47/1621 446/45/1622
f 20/8/663 394/8/1623 395/9/664
f 234/43/1624 443/43/1625 444/41/667
f 164/38/669 424/38/1626 417/3/670
f 207/11/672 239/45/1627 446/45/673
f 199/5/675 435/5/1628 436/6/676
f 210/12/1629 207/11/1630 439/11/679
f 406/11/681 414/45/1631 107/45/682
f 15/3/684 389/3/1632 390/38/1633
f 759/11/687 439/11/1634 446/45/688
f 17/5/690 391/5/1635 392/6/691
f 203/8/693 437/8/1636 438/9/694
f 421/9/696 137/9/1637 172/47/697
f 176/49/699 432/49/1638 431/51/700
f 141/12/702 423/12/1639 422/11/1640
f 412/41/705 411/43/1641 103/43/706
f 170/41/708 428/41/1642 427/43/709
f 103/43/711 411/43/1643 403/6/712
f 164/38/714 165/36/1644 425/36/1645
f 233/36/717 442/36/1646 435/5/718
f 202/6/720 436/6/1647 443/43/721
f 102/40/723 410/40/1648 388/2/724
f 169/43/726 427/43/1649 419/6/727
f 425/36/1650 165/36/1651 132/5/730
f 408/38/732 409/36/1652 729/36/733
f 3/45/735 22/47/1653 396/47/736
f 70/8/738 71/9/1654 405/9/739
f 415/51/741 407/12/1655 75/12/742
f 63/3/744 401/3/1656 400/2/745
f 1/36/747 385/36/1657 391/5/748
f 15/3/750 14/2/1658 388/2/751
f 713/43/753 457/43/754 450/41/754
f 460/47/754 716/47/1659 715/9/1660
f 718/12/757 462/12/754 463/51/754
f 751/51/1515 495/51/754 487/12/754
f 704/6/754 584/6/754 583/5/754
f 728/38/761 729/36/1661 473/36/754
f 722/5/762 723/6/1662 467/6/754
f 733/47/763 477/47/754 469/9/754
f 595/6/754 692/6/754 693/5/754
f 675/8/754 676/9/754 630/9/754
f 652/121/754 615/12/754 623/51/754
f 497/2/754 498/3/754 754/3/1663
f 739/6/1664 483/6/754 482/5/754
f 659/43/754 660/6/754 611/6/754
f 311/83/338 515/90/338 516/110/338
f 540/85/769 541/33/769 273/101/769
f 529/79/770 528/78/770 166/76/770
f 527/77/460 135/44/460 166/76/460
f 303/32/446 571/30/446 572/85/446
f 153/64/770 188/65/770 260/93/770
f 293/81/218 292/93/218 560/78/218
f 238/97/462 208/52/462 545/25/462
f 232/76/223 536/78/223 535/79/223
f 49/29/466 9/73/466 308/95/466
f 257/32/336 320/105/336 524/85/336
f 275/100/456 543/106/456 544/99/456
f 261/81/770 260/93/770 528/78/770
f 189/66/460 259/94/460 260/93/460
f 300/93/454 8/65/454 38/64/454
f 553/106/443 552/99/443 108/97/443
f 161/42/332 134/4/332 526/86/332
f 514/27/464 60/10/464 59/50/464
f 570/86/458 54/4/458 53/42/458
f 562/96/457 64/1/457 65/39/457
f 91/72/443 126/73/443 284/95/443
f 273/101/452 274/34/452 224/19/452
f 235/84/769 204/48/769 541/33/769
f 313/83/334 312/82/334 516/110/334
f 536/78/110 537/77/110 269/94/110
f 281/83/455 282/26/455 92/22/455
f 253/71/769 252/70/769 272/105/769
f 200/44/450 201/4/450 538/86/450
f 263/92/250 187/61/250 152/13/250
f 94/37/103 64/1/103 562/96/103
f 554/35/28 72/7/28 73/48/28
f 58/48/448 57/7/448 574/35/448
f 12/97/466 61/52/466 513/25/466
f 162/46/221 138/7/221 522/35/221
f 531/87/459 131/39/459 167/88/459
f 550/27/141 76/10/141 77/52/141
f 564/89/219 565/87/219 297/92/219
f 546/27/444 209/10/444 230/50/444
f 89/69/461 124/70/461 288/105/461
f 55/44/465 54/4/465 570/86/465
f 515/90/464 311/83/464 310/109/464
f 295/92/457 121/61/457 86/13/457
f 226/22/444 278/109/444 279/83/444
f 526/86/178 134/4/178 135/44/178
f 235/84/451 540/85/451 539/30/451
f 204/48/452 205/7/452 542/35/452
f 125/71/339 287/101/339 288/105/339
f 61/52/249 60/10/249 514/27/249
f 46/71/453 10/70/453 304/105/453
f 573/33/448 574/35/448 306/34/448
f 2/41/771 386/41/1665 394/8/772
f 312/82/338 194/75/338 47/74/338
f 287/101/28 125/71/28 90/19/28
f 45/19/463 306/34/463 307/100/463
f 569/77/465 570/86/465 302/31/465
f 97/50/455 76/10/455 550/27/455
f 167/88/333 196/39/333 533/87/333
f 558/86/335 68/4/335 69/44/335
f 249/61/333 186/111/333 264/104/333
f 518/27/25 142/10/25 143/52/25
f 519/25/115 143/52/115 174/97/115
f 96/46/449 72/7/449 554/35/449
f 187/61/459 263/92/459 264/104/459
f 565/87/222 566/96/222 298/80/222
f 461/11/774 589/11/774 590/12/774
f 616/38/775 488/38/775 489/36/775
f 603/43/776 475/43/776 476/41/776
f 601/36/777 473/36/777 466/5/777
f 582/38/778 454/38/778 453/3/778
f 600/38/779 472/38/779 473/36/779
f 606/45/780 478/45/780 470/11/780
f 636/41/781 508/41/781 507/43/781
f 618/40/782 490/40/782 480/2/782
f 611/6/783 483/6/783 491/43/783
f 599/12/784 471/12/784 479/51/784
f 631/11/785 503/11/785 510/45/785
f 581/3/786 453/3/786 452/2/786
f 635/43/1666 507/43/1666 500/6/1666
f 578/41/788 450/41/788 457/43/788
f 638/45/789 510/45/789 509/47/789
f 585/43/1667 457/43/1667 456/6/1667
f 634/36/791 506/36/791 505/38/791
f 640/49/792 512/49/792 511/51/792
f 614/11/793 486/11/793 487/12/793
f 612/8/794 484/8/794 485/9/794
f 595/6/1668 467/6/1668 475/43/1668
f 597/9/796 469/9/796 477/47/796
f 584/6/797 456/6/797 455/5/797
f 620/41/798 492/41/798 484/8/798
f 589/11/799 461/11/799 451/45/799
f 587/9/1669 459/9/1669 458/8/1669
f 624/49/801 496/49/801 463/51/801
f 621/47/802 493/47/802 494/45/802
f 602/40/803 474/40/803 464/2/803
f 630/9/804 502/9/804 501/8/804
f 628/6/805 500/6/805 499/5/805
f 637/47/806 509/47/806 502/9/806
f 591/51/807 463/51/807 462/12/807
f 471/12/808 599/12/808 598/11/808
f 511/51/809 504/12/809 632/12/809
f 613/9/810 485/9/810 493/47/810
f 629/8/811 501/8/811 508/41/811
f 608/2/812 480/2/812 481/3/812
f 627/5/813 499/5/813 506/36/813
f 619/43/814 491/43/814 492/41/814
f 583/5/815 455/5/815 449/36/815
f 610/5/816 482/5/816 483/6/816
f 618/40/817 625/2/817 497/2/817
f 609/3/818 481/3/818 488/38/818
f 622/45/819 494/45/819 486/11/819
f 580/2/820 452/2/820 474/40/820
f 592/2/821 464/2/821 465/3/821
f 633/38/822 505/38/822 498/3/822
f 495/51/823 623/51/823 615/12/823
f 588/47/824 460/47/824 459/9/824
f 594/5/825 466/5/825 467/6/825
f 625/2/826 626/3/826 498/3/826
f 577/36/827 449/36/827 454/38/827
f 624/49/828 623/51/828 495/51/828
f 586/8/829 458/8/829 450/41/829
f 604/41/830 476/41/830 468/8/830
f 617/36/831 489/36/831 482/5/831
f 512/49/832 640/49/832 607/51/832
f 593/3/833 465/3/833 472/38/833
f 504/12/834 503/11/834 631/11/834
f 579/45/835 451/45/835 460/47/835
f 702/36/754 703/5/754 583/5/754
f 731/43/836 475/43/754 467/6/754
f 767/51/838 511/51/754 512/49/754
f 645/47/754 646/45/754 579/45/754
f 590/12/754 648/121/754 649/51/754
f 677/47/754 637/47/754 630/9/754
f 728/38/840 472/38/754 465/3/754
f 484/8/754 492/41/754 748/41/842
f 726/11/1670 727/12/1512 471/12/754
f 666/40/754 667/2/754 625/2/754
f 635/43/754 628/6/754 672/6/754
f 732/41/1671 476/41/754 475/43/754
f 674/41/754 675/8/754 629/8/754
f 753/2/766 746/40/1672 490/40/754
f 656/9/754 657/8/754 612/8/754
f 620/41/754 612/8/754 657/8/754
f 486/11/754 494/45/754 750/45/848
f 595/6/754 603/43/754 691/43/754
f 476/41/754 732/41/1671 724/8/850
f 767/51/851 760/12/1673 504/12/754
f 596/8/754 689/8/754 690/41/754
f 670/36/754 671/5/754 627/5/754
f 599/12/754 684/121/754 685/11/754
f 620/41/754 658/41/754 659/43/754
f 754/3/765 498/3/754 505/38/754
f 694/36/754 601/36/754 594/5/754
f 609/3/754 664/3/754 665/2/754
f 709/3/854 453/3/754 454/38/754
f 681/51/754 639/51/754 632/12/754
f 711/5/1674 705/36/1675 449/36/754
f 722/5/857 466/5/754 473/36/754
f 662/36/754 663/38/754 616/38/754
f 736/2/1676 480/2/754 490/40/754
f 690/41/754 691/43/754 603/43/754
f 486/11/754 742/11/1677 743/12/1678
f 639/51/754 681/51/754 682/49/754
f 585/43/754 641/43/754 642/41/754
f 713/43/1679 712/6/1680 456/6/754
f 749/47/862 493/47/754 485/9/754
f 701/38/754 582/38/754 581/3/754
f 740/8/864 748/41/1681 428/41/865
f 385/36/1682 705/36/1683 711/5/868
f 424/38/870 425/36/1684 745/36/871
f 737/3/873 417/3/1685 424/38/874
f 764/41/876 757/8/1686 437/8/877
f 727/12/879 726/11/1687 406/11/880
f 729/36/882 409/36/1688 402/5/883
f 423/12/885 743/12/1689 742/11/886
f 706/41/888 386/41/1690 393/43/889
f 754/3/891 761/38/1691 441/38/892
f 726/11/894 734/45/1692 414/45/895
f 761/38/897 762/36/1693 442/36/898
f 416/2/900 417/3/1694 737/3/1695
f 725/9/903 724/8/1696 404/8/904
f 430/45/1697 750/45/1698 749/47/907
f 739/6/909 738/5/1699 418/5/910
f 736/2/912 746/40/1700 426/40/913
f 714/8/915 715/9/1701 395/9/916
f 731/43/918 723/6/1702 403/6/919
f 389/3/921 709/3/1703 710/38/1704
f 748/41/924 747/43/1705 427/43/925
f 751/51/927 743/12/1706 423/12/928
f 766/45/930 446/45/1707 445/47/931
f 714/8/933 394/8/1708 386/41/934
f 707/45/936 387/45/1709 396/47/937
f 440/12/939 439/11/1710 759/11/1711
f 763/43/942 764/41/1712 444/41/943
f 742/11/945 750/45/1713 430/45/946
f 732/41/948 412/41/1714 404/8/949
f 447/51/1715 767/51/1716 768/49/952
f 710/38/954 705/36/1717 385/36/955
f 401/3/957 721/3/1718 720/2/958
f 708/2/1719 709/3/1720 389/3/961
f 414/45/1721 734/45/1722 733/47/964
f 758/9/966 438/9/1723 437/8/967
f 728/38/969 721/3/1724 401/3/970
f 399/51/1725 719/51/1726 752/49/973
f 745/36/975 425/36/1727 418/5/1728
f 753/2/978 433/2/1729 426/40/979
f 445/47/981 438/9/1730 758/9/982
f 410/40/984 730/40/1731 708/2/985
f 735/51/987 415/51/1732 448/49/988
f 410/40/990 400/2/1733 720/2/1734
f 741/9/993 421/9/1735 429/47/994
f 432/49/996 752/49/1736 751/51/997
f 741/9/999 740/8/1737 420/8/1000
f 447/51/1002 440/12/1738 760/12/1739
f 434/3/1005 433/2/1740 753/2/1006
f 747/43/1008 739/6/1741 419/6/1009
f 395/9/1011 715/9/1742 716/47/1012
f 725/9/1014 405/9/1743 413/47/1015
f 712/6/1017 392/6/1744 391/5/1018
f 712/6/1020 713/43/1745 393/43/1021
f 435/5/1023 755/5/1746 756/6/1024
f 723/6/1026 722/5/1747 402/5/1027
f 442/36/1748 762/36/1749 755/5/1030
f 718/12/1032 719/51/1750 399/51/1033
f 732/41/1035 731/43/1751 411/43/1036
f 717/11/1752 718/12/1753 398/12/1039
f 707/45/1041 717/11/1754 397/11/1042
f 735/51/1044 727/12/1755 407/12/1045
f 756/6/1047 763/43/1756 443/43/1048
f 720/2/1757 464/2/754 474/40/754
f 600/38/754 601/36/754 694/36/754
f 501/8/754 502/9/754 758/9/1421
f 246/53/1423 337/103/549 336/113/1758
f 621/47/754 655/47/754 656/9/754
f 654/45/754 655/47/754 621/47/754
f 646/45/754 647/11/754 589/11/754
f 645/47/754 588/47/754 587/9/754
f 474/40/754 452/2/754 708/2/1426
f 456/6/754 712/6/1680 711/5/1428
f 581/3/754 580/2/754 699/2/754
f 454/38/754 449/36/754 705/36/1429
f 144/15/1430 326/119/1759 325/116/1431
f 147/17/1433 321/114/1760 384/113/1434
f 149/20/1436 381/112/468 380/117/1437
f 114/67/1439 113/63/1761 356/102/1440
f 328/120/1442 178/60/1762 242/62/1763
f 117/57/1764 83/20/1765 349/112/543
f 321/114/1766 147/17/1767 146/18/1768
f 32/20/1450 371/112/516 370/54/1451
f 6/68/1453 34/53/1769 369/103/1454
f 605/47/1456 477/47/1456 478/45/1456
f 452/2/754 453/3/754 709/3/1770
f 626/3/754 668/3/754 669/38/754
f 721/3/1458 465/3/754 464/2/754
f 740/8/1771 741/9/1772 485/9/754
f 367/114/1461 29/17/1773 6/68/1462
f 602/40/754 592/2/754 697/2/754
f 755/5/1464 499/5/754 500/6/754
f 331/116/1466 330/119/1774 212/15/1775
f 346/115/477 84/24/1776 118/59/1469
f 503/11/754 504/12/754 760/12/1471
f 500/6/754 507/43/754 763/43/1777
f 650/49/754 624/49/754 591/51/754
f 145/14/1474 325/116/1778 324/102/1475
f 762/36/1477 761/38/1779 505/38/754
f 611/6/754 660/6/754 661/5/754
f 634/36/754 633/38/754 669/38/754
f 580/2/754 602/40/754 698/40/754
f 36/24/1478 374/115/1780 373/58/1479
f 451/45/754 461/11/754 717/11/1481
f 112/62/1483 359/118/505 358/119/1484
f 179/62/1486 327/118/1567 326/119/1487
f 653/11/754 654/45/754 622/45/754
f 624/49/754 650/49/754 651/51/754
f 704/6/754 641/43/754 585/43/754
f 28/62/1489 361/118/551 360/120/1490
f 332/102/527 243/63/1781 244/67/1492
f 366/107/1782 365/98/1783 31/67/1784
f 599/12/754 607/51/754 683/51/754
f 668/3/754 626/3/754 625/2/754
f 718/12/1497 717/11/1785 461/11/754
f 719/51/1786 463/51/754 496/49/754
f 638/45/754 637/47/754 677/47/754
f 606/45/754 686/45/754 687/47/754
f 627/5/754 671/5/754 672/6/754
f 688/9/754 689/8/754 596/8/754
f 509/47/754 765/47/1787 758/9/1788
f 768/49/1501 512/49/754 479/51/754
f 716/47/1503 460/47/754 451/45/754
f 482/5/754 489/36/754 745/36/1505
f 503/11/754 759/11/1789 766/45/1507
f 665/2/754 666/40/754 618/40/754
f 577/36/754 582/38/754 701/38/754
f 458/8/754 714/8/1790 706/41/755
f 509/47/754 510/45/754 766/45/1508
f 739/6/1510 747/43/1526 491/43/754
f 736/2/1511 737/3/1791 481/3/754
f 479/51/754 471/12/754 727/12/1792
f 586/8/754 578/41/754 642/41/754
f 661/5/754 662/36/754 617/36/754
f 724/8/1793 725/9/764 469/9/754
f 752/49/1514 496/49/754 495/51/754
f 592/2/754 593/3/754 696/3/754
f 494/45/754 493/47/754 749/47/1794
f 653/11/754 614/11/754 615/12/754
f 737/3/1518 744/38/1795 488/38/754
f 647/11/754 648/121/754 590/12/754
f 683/51/754 607/51/754 640/49/754
f 507/43/754 508/41/754 764/41/1519
f 643/8/754 644/9/754 587/9/754
f 734/45/1521 478/45/754 477/47/754
f 458/8/754 459/9/754 715/9/1523
f 757/8/1796 764/41/1519 508/41/754
f 631/11/754 638/45/754 678/45/754
f 685/11/754 686/45/754 606/45/754
f 748/41/842 492/41/754 491/43/754
f 744/38/1527 745/36/1797 489/36/754
f 663/38/754 664/3/754 609/3/754
f 755/5/1798 762/36/1799 506/36/754
f 679/11/754 680/121/754 632/12/754
f 734/45/1529 726/11/1670 470/11/754
f 673/43/754 674/41/754 636/41/754
f 605/47/754 687/47/754 688/9/754
f 593/3/754 600/38/754 695/38/754
f 596/8/1800 468/8/1800 469/9/1800
f 840/121/754 781/11/754 782/12/754
f 806/11/754 844/121/754 807/12/754
f 780/47/754 838/45/754 837/47/754
f 820/6/754 863/5/754 819/5/754
f 822/9/754 867/8/754 821/8/754
f 848/9/754 804/8/754 849/8/754
f 784/2/754 888/3/754 785/3/754
f 793/36/754 885/5/754 786/5/754
f 781/11/754 838/45/754 771/45/754
f 846/45/754 806/11/754 814/45/754
f 789/9/754 879/47/754 797/47/754
f 893/38/754 769/36/754 894/36/754
f 794/40/754 889/2/754 784/2/754
f 843/51/754 807/12/754 844/121/754
f 818/3/754 859/2/754 817/2/754
f 826/36/754 863/5/754 862/36/754
f 792/38/754 888/3/754 887/38/754
f 776/6/754 833/43/754 896/6/754
f 776/6/754 895/5/754 775/5/754
f 881/8/754 789/9/754 788/8/754
f 796/41/754 883/43/754 882/41/754
f 832/49/754 875/51/754 874/49/754
f 780/47/754 836/9/754 779/9/754
f 812/41/754 849/8/754 804/8/754
f 816/49/754 843/51/754 842/49/754
f 794/40/754 891/2/754 890/40/754
f 867/8/754 828/41/754 821/8/754
f 831/51/754 872/121/754 824/12/754
f 891/2/754 773/3/754 892/3/754
f 825/38/754 860/3/754 818/3/754
f 829/47/754 868/9/754 822/9/754
f 770/41/754 835/8/754 834/41/754
f 811/43/754 852/6/754 851/43/754
f 800/2/754 856/3/754 801/3/754
f 881/8/754 796/41/754 882/41/754
f 791/12/754 877/11/754 876/121/754
f 809/36/754 855/38/754 854/36/754
f 769/36/754 895/5/754 894/36/754
f 885/5/754 787/6/754 786/5/754
f 795/43/754 884/6/754 883/43/754
f 774/38/754 892/3/754 773/3/754
f 816/49/754 841/51/754 783/51/754
f 810/40/754 859/2/754 858/40/754
f 814/45/754 847/47/754 846/45/754
f 861/38/754 826/36/754 862/36/754
f 805/9/754 847/47/754 813/47/754
f 832/49/754 873/51/754 831/51/754
f 783/51/754 840/121/754 782/12/754
f 810/40/754 857/2/754 800/2/754
f 802/5/754 852/6/754 803/6/754
f 791/12/754 875/51/754 799/51/754
f 790/11/754 878/45/754 877/11/754
f 878/45/754 797/47/754 879/47/754
f 793/36/754 887/38/754 886/36/754
f 850/41/754 811/43/754 851/43/754
f 827/43/754 864/6/754 820/6/754
f 808/38/754 856/3/754 855/38/754
f 836/9/754 778/8/754 779/9/754
f 802/5/754 854/36/754 853/5/754
f 830/45/754 869/47/754 829/47/754
f 823/11/754 872/121/754 871/11/754
f 833/43/754 770/41/754 834/41/754
f 871/11/754 830/45/754 823/11/754
f 828/41/754 865/43/754 827/43/754
f 840/121/754 839/11/754 781/11/754
f 806/11/754 845/11/754 844/121/754
f 780/47/754 771/45/754 838/45/754
f 820/6/754 864/6/754 863/5/754
f 822/9/754 868/9/754 867/8/754
f 848/9/754 805/9/754 804/8/754
f 784/2/754 889/2/754 888/3/754
f 793/36/754 886/36/754 885/5/754
f 781/11/754 839/11/754 838/45/754
f 846/45/754 845/11/754 806/11/754
f 789/9/754 880/9/754 879/47/754
f 893/38/754 774/38/754 769/36/754
f 794/40/754 890/40/754 889/2/754
f 843/51/754 815/51/754 807/12/754
f 818/3/754 860/3/754 859/2/754
f 826/36/754 819/5/754 863/5/754
f 792/38/754 785/3/754 888/3/754
f 776/6/754 777/43/754 833/43/754
f 776/6/754 896/6/754 895/5/754
f 881/8/754 880/9/754 789/9/754
f 796/41/754 795/43/754 883/43/754
f 832/49/754 799/51/754 875/51/754
f 780/47/754 837/47/754 836/9/754
f 812/41/754 850/41/754 849/8/754
f 816/49/754 815/51/754 843/51/754
f 794/40/754 772/2/754 891/2/754
f 867/8/754 866/41/754 828/41/754
f 831/51/754 873/51/754 872/121/754
f 891/2/754 772/2/754 773/3/754
f 825/38/754 861/38/754 860/3/754
f 829/47/754 869/47/754 868/9/754
f 770/41/754 778/8/754 835/8/754
f 811/43/754 803/6/754 852/6/754
f 800/2/754 857/2/754 856/3/754
f 881/8/754 788/8/754 796/41/754
f 791/12/754 790/11/754 877/11/754
f 809/36/754 808/38/754 855/38/754
f 769/36/754 775/5/754 895/5/754
f 885/5/754 884/6/754 787/6/754
f 795/43/754 787/6/754 884/6/754
f 774/38/754 893/38/754 892/3/754
f 816/49/754 842/49/754 841/51/754
f 810/40/754 817/2/754 859/2/754
f 814/45/754 813/47/754 847/47/754
f 861/38/754 825/38/754 826/36/754
f 805/9/754 848/9/754 847/47/754
f 832/49/754 874/49/754 873/51/754
f 783/51/754 841/51/754 840/121/754
f 810/40/754 858/40/754 857/2/754
f 802/5/754 853/5/754 852/6/754
f 791/12/754 876/121/754 875/51/754
f 790/11/754 798/45/754 878/45/754
f 878/45/754 798/45/754 797/47/754
f 793/36/754 792/38/754 887/38/754
f 850/41/754 812/41/754 811/43/754
f 827/43/754 865/43/754 864/6/754
f 808/38/754 801/3/754 856/3/754
f 836/9/754 835/8/754 778/8/754
f 802/5/754 809/36/754 854/36/754
f 830/45/754 870/45/754 869/47/754
f 823/11/754 824/12/754 872/121/754
f 833/43/754 777/43/754 770/41/754
f 871/11/754 870/45/754 830/45/754
f 828/41/754 866/41/754 865/43/754
f 1020/41/754 949/8/754 956/41/754
f 931/6/754 994/5/754 930/5/754
f 903/5/754 968/6/754 904/6/754
f 929/3/754 992/2/754 928/2/754
f 972/47/754 899/45/754 908/47/754
f 924/41/754 987/43/754 923/43/754
f 911/51/754 974/12/754 975/51/754
f 943/51/754 1008/49/754 1007/51/754
f 903/5/754 961/36/754 967/5/754
f 920/38/754 977/3/754 913/3/754
f 921/36/754 984/38/754 920/38/754
f 976/2/754 922/40/754 912/2/754
f 999/12/754 934/11/754 935/12/754
f 905/43/754 968/6/754 969/43/754
f 1003/43/754 931/6/754 939/43/754
f 933/9/754 996/8/754 932/8/754
f 913/3/754 976/2/754 912/2/754
f 901/3/754 966/38/754 902/38/754
f 934/11/754 1006/45/754 942/45/754
f 987/43/754 915/6/754 923/43/754
f 950/9/754 1021/47/754 957/47/754
f 969/43/754 898/41/754 905/43/754
f 1001/36/754 930/5/754 994/5/754
f 1012/6/754 955/43/754 948/6/754
f 966/38/754 897/36/754 902/38/754
f 982/11/754 926/45/754 918/11/754
f 911/51/754 1008/49/754 944/49/754
f 996/8/754 940/41/754 932/8/754
f 938/40/754 1009/2/754 945/2/754
f 974/12/754 909/11/754 973/11/754
f 914/5/754 985/36/754 921/36/754
f 914/5/754 979/6/754 978/5/754
f 900/2/754 965/3/754 901/3/754
f 946/3/754 1017/38/754 953/38/754
f 936/38/754 1001/36/754 1000/38/754
f 1023/51/754 960/49/754 959/51/754
f 1003/43/754 940/41/754 1004/41/754
f 980/8/754 917/9/754 981/9/754
f 919/12/754 991/51/754 983/12/754
f 983/12/754 918/11/754 919/12/754
f 1015/11/754 958/45/754 1022/45/754
f 1018/36/754 953/38/754 1017/38/754
f 899/45/754 973/11/754 909/11/754
f 955/43/754 1020/41/754 956/41/754
f 1015/11/754 952/12/754 951/11/754
f 1006/45/754 941/47/754 942/45/754
f 941/47/754 997/9/754 933/9/754
f 908/47/754 971/9/754 972/47/754
f 949/8/754 1014/9/754 950/9/754
f 947/5/754 1018/36/754 1011/5/754
f 959/51/754 1016/12/754 1023/51/754
f 927/51/754 1024/49/754 991/51/754
f 938/40/754 992/2/754 1002/40/754
f 980/8/754 924/41/754 916/8/754
f 925/47/754 981/9/754 917/9/754
f 1000/38/754 929/3/754 936/38/754
f 926/45/754 989/47/754 925/47/754
f 947/5/754 1012/6/754 948/6/754
f 1007/51/754 935/12/754 943/51/754
f 986/40/754 1025/122/754 964/2/754
f 961/36/754 1025/122/754 967/5/754
f 962/41/754 1025/122/754 970/8/754
f 963/45/754 1025/122/754 973/11/754
f 965/3/754 1025/122/754 966/38/754
f 968/6/754 1025/122/754 969/43/754
f 971/9/754 1025/122/754 972/47/754
f 974/12/754 1025/122/754 975/51/754
f 977/3/754 1025/122/754 976/2/754
f 979/6/754 1025/122/754 978/5/754
f 981/9/754 1025/122/754 980/8/754
f 983/12/754 1025/122/754 982/11/754
f 985/36/754 1025/122/754 984/38/754
f 988/41/754 1025/122/754 987/43/754
f 990/45/754 1025/122/754 989/47/754
f 1024/49/754 1025/122/754 991/51/754
f 993/3/754 1025/122/754 992/2/754
f 995/6/754 1025/122/754 994/5/754
f 997/9/754 1025/122/754 996/8/754
f 999/12/754 1025/122/754 998/11/754
f 1001/36/754 1025/122/754 1000/38/754
f 1004/41/754 1025/122/754 1003/43/754
f 1006/45/754 1025/122/754 1005/47/754
f 1008/49/754 1025/122/754 1007/51/754
f 1010/3/754 1025/122/754 1017/38/754
f 1002/40/754 1025/122/754 1009/2/754
f 1012/6/754 1025/122/754 1019/43/754
f 1018/36/754 1025/122/754 1011/5/754
f 1014/9/754 1025/122/754 1021/47/754
f 1020/41/754 1025/122/754 1013/8/754
f 1016/12/754 1025/122/754 1023/51/754
f 1022/45/754 1025/122/754 1015/11/754
f 986/40/754 900/2/754 922/40/754
f 986/40/754 976/2/754 1025/122/754
f 961/36/754 966/38/754 1025/122/754
f 962/41/754 969/43/754 1025/122/754
f 963/45/754 972/47/754 1025/122/754
f 965/3/754 964/2/754 1025/122/754
f 968/6/754 967/5/754 1025/122/754
f 971/9/754 970/8/754 1025/122/754
f 974/12/754 973/11/754 1025/122/754
f 977/3/754 984/38/754 1025/122/754
f 979/6/754 987/43/754 1025/122/754
f 981/9/754 989/47/754 1025/122/754
f 983/12/754 991/51/754 1025/122/754
f 985/36/754 978/5/754 1025/122/754
f 988/41/754 980/8/754 1025/122/754
f 990/45/754 982/11/754 1025/122/754
f 1024/49/754 1023/51/754 1025/122/754
f 993/3/754 1000/38/754 1025/122/754
f 995/6/754 1003/43/754 1025/122/754
f 997/9/754 1005/47/754 1025/122/754
f 999/12/754 1007/51/754 1025/122/754
f 1001/36/754 994/5/754 1025/122/754
f 1004/41/754 996/8/754 1025/122/754
f 1006/45/754 998/11/754 1025/122/754
f 1008/49/754 975/51/754 1025/122/754
f 1010/3/754 1009/2/754 1025/122/754
f 1002/40/754 992/2/754 1025/122/754
f 1012/6/754 1011/5/754 1025/122/754
f 1018/36/754 1017/38/754 1025/122/754
f 1014/9/754 1013/8/754 1025/122/754
f 1020/41/754 1019/43/754 1025/122/754
f 1016/12/754 1015/11/754 1025/122/754
f 1022/45/754 1021/47/754 1025/122/754
f 945/2/754 1010/3/754 946/3/754
f 958/45/754 1021/47/754 1022/45/754
f 906/8/754 962/41/754 970/8/754
f 970/8/754 907/9/754 906/8/754
f 1020/41/754 1013/8/754 949/8/754
f 931/6/754 995/6/754 994/5/754
f 903/5/754 967/5/754 968/6/754
f 929/3/754 993/3/754 992/2/754
f 972/47/754 963/45/754 899/45/754
f 924/41/754 988/41/754 987/43/754
f 911/51/754 910/12/754 974/12/754
f 943/51/754 944/49/754 1008/49/754
f 903/5/754 897/36/754 961/36/754
f 920/38/754 984/38/754 977/3/754
f 921/36/754 985/36/754 984/38/754
f 976/2/754 986/40/754 922/40/754
f 999/12/754 998/11/754 934/11/754
f 905/43/754 904/6/754 968/6/754
f 1003/43/754 995/6/754 931/6/754
f 933/9/754 997/9/754 996/8/754
f 913/3/754 977/3/754 976/2/754
f 901/3/754 965/3/754 966/38/754
f 934/11/754 998/11/754 1006/45/754
f 987/43/754 979/6/754 915/6/754
f 950/9/754 1014/9/754 1021/47/754
f 969/43/754 962/41/754 898/41/754
f 1001/36/754 937/36/754 930/5/754
f 1012/6/754 1019/43/754 955/43/754
f 966/38/754 961/36/754 897/36/754
f 982/11/754 990/45/754 926/45/754
f 911/51/754 975/51/754 1008/49/754
f 996/8/754 1004/41/754 940/41/754
f 938/40/754 1002/40/754 1009/2/754
f 974/12/754 910/12/754 909/11/754
f 914/5/754 978/5/754 985/36/754
f 914/5/754 915/6/754 979/6/754
f 900/2/754 964/2/754 965/3/754
f 946/3/754 1010/3/754 1017/38/754
f 936/38/754 937/36/754 1001/36/754
f 1023/51/754 1024/49/754 960/49/754
f 1003/43/754 939/43/754 940/41/754
f 980/8/754 916/8/754 917/9/754
f 919/12/754 927/51/754 991/51/754
f 983/12/754 982/11/754 918/11/754
f 1015/11/754 951/11/754 958/45/754
f 1018/36/754 954/36/754 953/38/754
f 899/45/754 963/45/754 973/11/754
f 955/43/754 1019/43/754 1020/41/754
f 1015/11/754 1016/12/754 952/12/754
f 1006/45/754 1005/47/754 941/47/754
f 941/47/754 1005/47/754 997/9/754
f 908/47/754 907/9/754 971/9/754
f 949/8/754 1013/8/754 1014/9/754
f 947/5/754 954/36/754 1018/36/754
f 959/51/754 952/12/754 1016/12/754
f 927/51/754 960/49/754 1024/49/754
f 938/40/754 928/2/754 992/2/754
f 980/8/754 988/41/754 924/41/754
f 925/47/754 989/47/754 981/9/754
f 1000/38/754 993/3/754 929/3/754
f 926/45/754 990/45/754 989/47/754
f 947/5/754 1011/5/754 1012/6/754
f 1007/51/754 999/12/754 935/12/754
f 986/40/754 964/2/754 900/2/754
f 945/2/754 1009/2/754 1010/3/754
f 958/45/754 957/47/754 1021/47/754
f 906/8/754 898/41/754 962/41/754
f 970/8/754 971/9/754 907/9/754
f 1201/123/1801 1088/124/1802 1087/125/1803
f 1093/102/289 1216/126/1778 1217/127/1475
f 1203/128/1804 1086/129/1805 1204/130/549
f 1191/128/1806 1118/112/1807 1119/54/1573
f 1191/128/1808 1045/131/1809 1192/132/1810
f 1196/133/1547 1048/134/1811 1047/135/1812
f 1049/136/1813 1181/137/1814 1050/138/1557
f 1195/139/1811 1116/58/1470 1194/140/1815
f 1065/136/1567 1215/141/1759 1214/142/1816
f 1132/116/1817 1177/127/1818 1178/126/1552
f 1198/133/490 1113/108/1819 1197/143/1531
f 1070/129/1820 1159/128/1821 1158/130/1542
f 1043/144/1822 1189/145/1823 1188/146/471
f 1190/130/1824 1046/147/1806 1191/128/1573
f 1043/144/1825 1187/148/1826 1044/149/509
f 1089/150/1531 1198/133/1541 1197/143/1827
f 1122/114/471 1187/148/509 1188/146/507
f 1085/151/1828 1206/146/1829 1205/145/1830
f 1144/55/1831 1167/139/476 1143/115/1780
f 1035/131/1832 1169/123/1833 1028/125/1834
f 1136/114/1835 1173/145/1836 1174/146/1540
f 1158/130/1837 1151/54/1838 1152/103/1542
f 1140/112/1839 1169/123/1840 1170/132/516
f 1078/131/1841 1203/128/1842 1202/132/498
f 1163/139/1843 1072/124/1844 1064/134/1537
f 1084/152/1845 1209/127/1846 1208/153/1493
f 1211/141/1847 1098/118/1848 1099/119/1774
f 1059/144/1849 1155/148/1850 1060/149/1449
f 1087/125/1803 1202/132/498 1201/123/1851
f 1028/125/1852 1168/140/1853 1040/124/1576
f 1099/119/1774 1210/126/1854 1211/141/522
f 1109/117/1855 1200/140/1856 1201/123/1803
f 1175/148/1857 1034/152/1858 1176/153/482
f 1070/129/1542 1157/145/1565 1069/151/1859
f 1182/142/1558 1129/120/1860 1181/137/1557
f 1134/98/1861 1177/127/480 1133/102/1862
f 1125/102/1863 1186/153/1441 1124/98/398
f 1086/129/1864 1205/145/1865 1204/130/549
f 1164/133/1866 1064/134/1537 1063/135/1867
f 1155/148/1449 1068/152/179 1060/149/1868
f 1179/141/1869 1029/154/1870 1030/155/531
f 1130/118/551 1179/141/531 1180/142/1871
f 1101/102/1872 1208/153/1873 1209/127/1874
f 1217/127/1875 1092/98/1876 1093/102/289
f 1092/98/1877 1155/148/1535 1091/107/1449
f 1051/156/1878 1184/126/1879 1041/154/496
f 1151/54/1880 1160/132/1881 1150/112/468
f 1107/54/1882 1202/132/498 1203/128/546
f 1112/55/1883 1199/139/1884 1111/115/491
f 1176/153/1885 1026/156/1886 1177/127/1862
f 1193/123/1887 1045/131/1888 1055/125/1446
f 1212/142/1889 1075/155/1890 1082/136/523
f 1075/155/522 1210/126/1891 1074/154/1854
f 1187/148/509 1052/152/398 1044/149/1892
f 1148/58/1893 1161/123/1894 1162/140/502
f 1208/153/1493 1077/149/1895 1084/152/1873
f 1214/142/1896 1066/138/1897 1065/136/1567
f 1168/140/1576 1141/117/1834 1142/58/1898
f 1030/155/1899 1180/142/1900 1179/141/531
f 1123/107/1901 1186/153/1902 1187/148/509
f 1217/127/1903 1057/154/1904 1067/156/289
f 1153/113/1905 1156/146/1849 1157/145/1565
f 1127/119/1906 1182/142/1813 1183/141/1553
f 1032/144/1907 1173/145/1908 1027/151/1455
f 1165/143/486 1146/55/1909 1164/133/1866
f 1127/119/1910 1184/126/1554 1126/116/496
f 1161/123/1911 1061/131/1912 1071/125/1894
f 1183/141/1913 1041/154/1914 1184/126/496
f 1080/135/1915 1199/139/1916 1198/133/1541
f 1173/145/1455 1037/129/1454 1027/151/1836
f 1202/132/1917 1109/117/1918 1201/123/1803
f 1072/124/1571 1161/123/1894 1071/125/1919
f 1134/98/482 1175/148/1494 1176/153/1783
f 1216/126/1920 1058/155/1921 1057/154/1778
f 1197/143/404 1114/55/1922 1196/133/1547
f 1184/126/496 1125/102/1440 1126/116/1923
f 1172/130/1924 1036/147/1925 1037/129/1454
f 1026/156/1862 1178/126/1552 1177/127/1926
f 1137/113/1927 1172/130/1928 1173/145/1455
f 1162/140/1571 1147/115/1537 1148/58/1929
f 1121/113/1930 1190/130/1931 1120/103/485
f 1097/120/1932 1214/142/1933 1096/118/1567
f 1117/117/1446 1194/140/68 1116/58/1934
f 1199/139/1935 1088/124/1856 1200/140/511
f 1161/123/1437 1150/112/1936 1160/132/468
f 1053/151/1937 1190/130/1938 1189/145/1550
f 1082/136/1939 1213/137/1940 1212/142/523
f 1195/139/1811 1056/124/1470 1048/134/1941
f 1166/133/1942 1039/134/1943 1167/139/1780
f 1105/113/1944 1204/130/1805 1205/145/1830
f 1197/143/1531 1047/135/1547 1089/150/1945
f 1182/142/1946 1042/155/1947 1183/141/1553
f 1138/103/1948 1171/128/1949 1172/130/1454
f 1147/115/1950 1164/133/291 1146/55/1866
f 1159/128/1951 1061/131/1952 1160/132/468
f 1090/114/1953 1155/148/1868 1156/146/1447
f 1170/132/1832 1139/54/1954 1140/112/516
f 1104/114/1955 1205/145/1956 1206/146/1575
f 1119/54/1573 1190/130/485 1191/128/62
f 1188/146/471 1121/113/484 1122/114/1957
f 1038/135/1958 1165/143/1959 1073/150/473
f 1111/115/1960 1200/140/1961 1110/58/511
f 1186/153/398 1051/156/1440 1052/152/1902
f 1035/131/1962 1171/128/1963 1170/132/516
f 1154/153/179 1067/156/289 1068/152/1964
f 1077/149/1895 1206/146/1575 1076/144/1965
f 1192/132/1809 1117/117/1966 1118/112/1810
f 1135/107/1494 1174/146/1540 1175/148/402
f 1114/55/1967 1195/139/1968 1196/133/1547
f 1156/146/1969 1069/151/1970 1157/145/1565
f 1056/124/1815 1193/123/1971 1055/125/1446
f 1032/144/1972 1175/148/1973 1174/146/1540
f 1157/145/1970 1152/103/1974 1153/113/1975
f 1132/116/1976 1179/141/1574 1131/119/531
f 1130/118/1977 1181/137/1490 1129/120/1557
f 1096/118/1978 1215/141/1487 1095/119/1759
f 1212/142/1979 1097/120/1980 1098/118/523
f 1104/114/1981 1207/148/554 1103/107/1895
f 1106/103/549 1203/128/1882 1204/130/1982
f 1050/138/1983 1180/142/1984 1031/136/551
f 1142/58/1985 1167/139/1943 1168/140/1576
f 1101/102/1874 1210/126/1854 1100/116/1986
f 1063/135/1987 1165/143/1988 1164/133/1866
f 1144/55/1989 1165/143/1990 1166/133/475
f 1095/119/1991 1216/126/1431 1094/116/1778
f 1102/98/1493 1207/148/1895 1208/153/513
f 1209/127/1992 1074/154/1993 1210/126/1568
f 1168/140/1994 1039/134/1995 1040/124/1576
f 1201/123/1801 1200/140/511 1088/124/1802
f 1093/102/289 1094/116/1996 1216/126/1778
f 1203/128/1804 1079/147/1882 1086/129/1805
f 1191/128/1806 1192/132/1810 1118/112/1807
f 1191/128/1808 1046/147/1997 1045/131/1809
f 1196/133/1547 1195/139/1998 1048/134/1811
f 1049/136/1813 1182/142/505 1181/137/1814
f 1195/139/1811 1115/115/1999 1116/58/1470
f 1065/136/1567 1058/155/2000 1215/141/1759
f 1132/116/1817 1133/102/1862 1177/127/1818
f 1198/133/490 1112/55/1541 1113/108/1819
f 1070/129/1820 1062/147/2001 1159/128/1821
f 1043/144/1822 1053/151/484 1189/145/1823
f 1190/130/2002 1054/129/485 1046/147/1806
f 1043/144/1825 1188/146/471 1187/148/1826
f 1089/150/1531 1080/135/2003 1198/133/1541
f 1122/114/471 1123/107/2004 1187/148/509
f 1085/151/1828 1076/144/1575 1206/146/1829
f 1144/55/1831 1166/133/475 1167/139/476
f 1035/131/1832 1170/132/516 1169/123/1833
f 1136/114/1835 1137/113/1463 1173/145/1836
f 1158/130/1837 1159/128/2001 1151/54/1838
f 1140/112/1839 1141/117/1834 1169/123/1840
f 1078/131/1841 1079/147/1882 1203/128/1842
f 1163/139/1843 1162/140/1571 1072/124/1844
f 1084/152/1845 1083/156/1874 1209/127/1846
f 1211/141/1847 1212/142/523 1098/118/1848
f 1059/144/1849 1156/146/1447 1155/148/1850
f 1087/125/1803 1078/131/2005 1202/132/498
f 1028/125/1852 1169/123/1834 1168/140/1853
f 1099/119/1774 1100/116/2006 1210/126/1854
f 1109/117/1855 1110/58/511 1200/140/1856
f 1175/148/1857 1033/149/1494 1034/152/1858
f 1070/129/1542 1158/130/2007 1157/145/1975
f 1182/142/1558 1128/118/505 1129/120/1860
f 1134/98/1861 1176/153/482 1177/127/480
f 1125/102/1863 1185/127/1440 1186/153/1441
f 1086/129/1864 1085/151/1830 1205/145/1865
f 1164/133/1866 1163/139/2008 1064/134/1537
f 1155/148/1449 1154/153/2009 1068/152/179
f 1179/141/1869 1178/126/493 1029/154/1870
f 1130/118/551 1131/119/2010 1179/141/531
f 1101/102/1872 1102/98/1493 1208/153/1873
f 1217/127/1875 1154/153/179 1092/98/1876
f 1092/98/1877 1154/153/179 1155/148/1535
f 1051/156/1878 1185/127/1440 1184/126/1879
f 1151/54/1880 1159/128/2011 1160/132/1881
f 1107/54/1882 1108/112/2012 1202/132/498
f 1112/55/1883 1198/133/1541 1199/139/1884
f 1176/153/1885 1034/152/482 1026/156/1886
f 1193/123/1887 1192/132/1810 1045/131/1888
f 1212/142/1889 1211/141/1774 1075/155/1890
f 1075/155/2013 1211/141/1774 1210/126/1891
f 1187/148/509 1186/153/2014 1052/152/398
f 1148/58/1893 1149/117/1556 1161/123/1894
f 1208/153/1493 1207/148/2015 1077/149/1563
f 1214/142/1896 1213/137/1442 1066/138/1897
f 1168/140/1576 1169/123/557 1141/117/1834
f 1030/155/1899 1031/136/551 1180/142/1900
f 1123/107/1901 1124/98/398 1186/153/1902
f 1217/127/1903 1216/126/1778 1057/154/1904
f 1153/113/1905 1090/114/1447 1156/146/1849
f 1127/119/1906 1128/118/505 1182/142/1813
f 1032/144/1907 1174/146/1540 1173/145/1908
f 1165/143/486 1145/108/473 1146/55/1909
f 1127/119/1910 1183/141/1553 1184/126/1554
f 1161/123/1911 1160/132/468 1061/131/1912
f 1183/141/1913 1042/155/1553 1041/154/1914
f 1080/135/1915 1081/134/491 1199/139/1916
f 1173/145/1455 1172/130/2016 1037/129/1454
f 1202/132/1917 1108/112/498 1109/117/1918
f 1072/124/1571 1162/140/2017 1161/123/1894
f 1134/98/482 1135/107/2018 1175/148/1782
f 1216/126/1920 1215/141/1759 1058/155/1921
f 1197/143/404 1113/108/1531 1114/55/1922
f 1184/126/496 1185/127/559 1125/102/1440
f 1172/130/1924 1171/128/1538 1036/147/1925
f 1026/156/1862 1029/154/2019 1178/126/493
f 1137/113/1927 1138/103/1454 1172/130/1928
f 1162/140/1571 1163/139/540 1147/115/1537
f 1121/113/1930 1189/145/1550 1190/130/1931
f 1097/120/1932 1213/137/1442 1214/142/1933
f 1117/117/1446 1193/123/2020 1194/140/1470
f 1199/139/1935 1081/134/491 1088/124/1856
f 1161/123/1437 1149/117/1894 1150/112/1936
f 1053/151/1937 1054/129/485 1190/130/1938
f 1082/136/1939 1066/138/1442 1213/137/1940
f 1195/139/1811 1194/140/2021 1056/124/1470
f 1166/133/1942 1038/135/475 1039/134/1943
f 1105/113/1944 1106/103/549 1204/130/1805
f 1197/143/1531 1196/133/2022 1047/135/1547
f 1182/142/1946 1049/136/505 1042/155/1947
f 1138/103/1948 1139/54/1538 1171/128/1949
f 1147/115/1950 1163/139/1537 1164/133/291
f 1159/128/1951 1062/147/2001 1061/131/1952
f 1090/114/1953 1091/107/1449 1155/148/1868
f 1170/132/1832 1171/128/1538 1139/54/1954
f 1104/114/1955 1105/113/1570 1205/145/1956
f 1119/54/1573 1120/103/2023 1190/130/485
f 1188/146/471 1189/145/2024 1121/113/484
f 1038/135/1958 1166/133/475 1165/143/1959
f 1111/115/1960 1199/139/491 1200/140/1961
f 1186/153/398 1185/127/2025 1051/156/1440
f 1035/131/1962 1036/147/1538 1171/128/1963
f 1154/153/179 1217/127/2026 1067/156/289
f 1077/149/1895 1207/148/2027 1206/146/1575
f 1192/132/1809 1193/123/1446 1117/117/1966
f 1135/107/1494 1136/114/2028 1174/146/1540
f 1114/55/1967 1115/115/1811 1195/139/1968
f 1156/146/1969 1059/144/1447 1069/151/1970
f 1056/124/1815 1194/140/68 1193/123/1971
f 1032/144/1972 1033/149/1494 1175/148/1973
f 1157/145/1970 1158/130/1542 1152/103/1974
f 1132/116/1976 1178/126/493 1179/141/1574
f 1130/118/1977 1180/142/551 1181/137/1490
f 1096/118/1978 1214/142/1567 1215/141/1487
f 1212/142/1979 1213/137/1442 1097/120/1980
f 1104/114/1981 1206/146/1575 1207/148/554
f 1106/103/549 1107/54/2029 1203/128/1882
f 1050/138/1983 1181/137/1557 1180/142/1984
f 1142/58/1985 1143/115/1780 1167/139/1943
f 1101/102/1874 1209/127/2030 1210/126/1854
f 1063/135/1987 1073/150/473 1165/143/1988
f 1144/55/1989 1145/108/473 1165/143/1990
f 1095/119/1991 1215/141/1759 1216/126/1431
f 1102/98/1493 1103/107/2031 1207/148/1563
f 1209/127/1992 1083/156/1874 1074/154/1993
f 1168/140/1994 1167/139/1780 1039/134/1995
f 1263/125/2032 1328/124/2032 1264/124/2032
f 1229/129/2032 1292/147/2032 1293/129/2032
f 1301/131/2032 1247/125/2032 1237/131/2032
f 1267/155/2032 1338/136/2032 1274/136/2032
f 1227/131/2032 1292/147/2032 1228/147/2032
f 1304/134/2032 1248/124/2032 1312/124/2032
f 1241/136/2032 1306/138/2032 1305/136/2032
f 1229/129/2032 1283/151/2032 1219/151/2032
f 1252/149/2032 1324/152/2032 1316/149/2032
f 1345/150/2032 1272/135/2032 1281/150/2032
f 1277/151/2032 1332/144/2032 1268/144/2032
f 1265/150/2032 1294/135/2032 1230/135/2032
f 1260/152/2032 1323/156/2032 1324/152/2032
f 1241/136/2032 1298/155/2032 1234/155/2032
f 1320/134/2032 1264/124/2032 1328/124/2032
f 1238/147/2032 1301/131/2032 1237/131/2032
f 1242/138/2032 1287/136/2032 1306/138/2032
f 1278/129/2032 1341/151/2032 1277/151/2032
f 1313/154/2032 1259/156/2032 1249/154/2032
f 1298/155/2032 1233/154/2032 1234/155/2032
f 1265/150/2032 1319/135/2032 1329/150/2032
f 1308/152/2032 1243/156/2032 1307/156/2032
f 1276/152/2032 1339/156/2032 1275/156/2032
f 1337/134/2032 1272/135/2032 1336/135/2032
f 1218/156/2032 1285/154/2032 1221/154/2032
f 1295/134/2032 1232/124/2032 1231/134/2032
f 1224/144/2032 1283/151/2032 1288/144/2032
f 1294/135/2032 1231/134/2032 1230/135/2032
f 1270/131/2032 1335/147/2032 1271/147/2032
f 1300/149/2032 1235/144/2032 1236/149/2032
f 1333/149/2032 1276/152/2032 1269/149/2032
f 1222/155/2032 1287/136/2032 1223/136/2032
f 1239/135/2032 1345/150/2032 1281/150/2032
f 1338/136/2032 1258/138/2032 1274/136/2032
f 1310/129/2032 1245/151/2032 1309/151/2032
f 1251/144/2032 1325/151/2032 1261/151/2032
f 1266/154/2032 1331/155/2032 1267/155/2032
f 1290/152/2032 1218/156/2032 1226/152/2032
f 1255/135/2032 1320/134/2032 1319/135/2032
f 1304/134/2032 1239/135/2032 1240/134/2032
f 1317/131/2032 1254/147/2032 1318/147/2032
f 1289/149/2032 1226/152/2032 1225/149/2032
f 1262/129/2032 1325/151/2032 1326/129/2032
f 1321/136/2032 1258/138/2032 1322/138/2032
f 1279/125/2032 1334/131/2032 1270/131/2032
f 1227/131/2032 1284/125/2032 1291/131/2032
f 1222/155/2032 1285/154/2032 1286/155/2032
f 1309/151/2032 1235/144/2032 1299/144/2032
f 1289/149/2032 1224/144/2032 1288/144/2032
f 1262/129/2032 1318/147/2032 1254/147/2032
f 1246/129/2032 1302/147/2032 1238/147/2032
f 1233/154/2032 1307/156/2032 1243/156/2032
f 1314/155/2032 1249/154/2032 1250/155/2032
f 1280/124/2032 1337/134/2032 1344/124/2032
f 1344/124/2032 1279/125/2032 1280/124/2032
f 1248/124/2032 1311/125/2032 1312/124/2032
f 1251/144/2032 1316/149/2032 1315/144/2032
f 1339/156/2032 1266/154/2032 1275/156/2032
f 1321/136/2032 1250/155/2032 1257/136/2032
f 1232/124/2032 1284/125/2032 1220/125/2032
f 1268/144/2032 1333/149/2032 1269/149/2032
f 1244/152/2032 1300/149/2032 1236/149/2032
f 1278/129/2032 1335/147/2032 1342/129/2032
f 1263/125/2032 1317/131/2032 1327/125/2032
f 1263/125/2032 1327/125/2032 1328/124/2032
f 1229/129/2032 1228/147/2032 1292/147/2032
f 1301/131/2032 1311/125/2032 1247/125/2032
f 1267/155/2032 1331/155/2032 1338/136/2032
f 1227/131/2032 1291/131/2032 1292/147/2032
f 1304/134/2032 1240/134/2032 1248/124/2032
f 1241/136/2032 1242/138/2032 1306/138/2032
f 1229/129/2032 1293/129/2032 1283/151/2032
f 1252/149/2032 1260/152/2032 1324/152/2032
f 1345/150/2032 1336/135/2032 1272/135/2032
f 1277/151/2032 1341/151/2032 1332/144/2032
f 1265/150/2032 1329/150/2032 1294/135/2032
f 1260/152/2032 1259/156/2032 1323/156/2032
f 1241/136/2032 1305/136/2032 1298/155/2032
f 1320/134/2032 1256/134/2032 1264/124/2032
f 1238/147/2032 1302/147/2032 1301/131/2032
f 1242/138/2032 1223/136/2032 1287/136/2032
f 1278/129/2032 1342/129/2032 1341/151/2032
f 1313/154/2032 1323/156/2032 1259/156/2032
f 1298/155/2032 1297/154/2032 1233/154/2032
f 1265/150/2032 1255/135/2032 1319/135/2032
f 1308/152/2032 1244/152/2032 1243/156/2032
f 1276/152/2032 1340/152/2032 1339/156/2032
f 1337/134/2032 1273/134/2032 1272/135/2032
f 1218/156/2032 1282/156/2032 1285/154/2032
f 1295/134/2032 1296/124/2032 1232/124/2032
f 1224/144/2032 1219/151/2032 1283/151/2032
f 1294/135/2032 1295/134/2032 1231/134/2032
f 1270/131/2032 1334/131/2032 1335/147/2032
f 1300/149/2032 1299/144/2032 1235/144/2032
f 1333/149/2032 1340/152/2032 1276/152/2032
f 1222/155/2032 1286/155/2032 1287/136/2032
f 1239/135/2032 1303/135/2032 1345/150/2032
f 1338/136/2032 1322/138/2032 1258/138/2032
f 1310/129/2032 1246/129/2032 1245/151/2032
f 1251/144/2032 1315/144/2032 1325/151/2032
f 1266/154/2032 1330/154/2032 1331/155/2032
f 1290/152/2032 1282/156/2032 1218/156/2032
f 1255/135/2032 1256/134/2032 1320/134/2032
f 1304/134/2032 1303/135/2032 1239/135/2032
f 1317/131/2032 1253/131/2032 1254/147/2032
f 1289/149/2032 1290/152/2032 1226/152/2032
f 1262/129/2032 1261/151/2032 1325/151/2032
f 1321/136/2032 1257/136/2032 1258/138/2032
f 1279/125/2032 1343/125/2032 1334/131/2032
f 1227/131/2032 1220/125/2032 1284/125/2032
f 1222/155/2032 1221/154/2032 1285/154/2032
f 1309/151/2032 1245/151/2032 1235/144/2032
f 1289/149/2032 1225/149/2032 1224/144/2032
f 1262/129/2032 1326/129/2032 1318/147/2032
f 1246/129/2032 1310/129/2032 1302/147/2032
f 1233/154/2032 1297/154/2032 1307/156/2032
f 1314/155/2032 1313/154/2032 1249/154/2032
f 1280/124/2032 1273/134/2032 1337/134/2032
f 1344/124/2032 1343/125/2032 1279/125/2032
f 1248/124/2032 1247/125/2032 1311/125/2032
f 1251/144/2032 1252/149/2032 1316/149/2032
f 1339/156/2032 1330/154/2032 1266/154/2032
f 1321/136/2032 1314/155/2032 1250/155/2032
f 1232/124/2032 1296/124/2032 1284/125/2032
f 1268/144/2032 1332/144/2032 1333/149/2032
f 1244/152/2032 1308/152/2032 1300/149/2032
f 1278/129/2032 1271/147/2032 1335/147/2032
f 1263/125/2032 1253/131/2032 1317/131/2032
f 1436/152/2033 1503/156/2034 1435/156/2035
f 1357/129/2036 1491/157/2037 1347/151/2038
f 1407/125/2039 1520/131/2040 1398/131/2041
f 1488/131/2042 1412/125/2043 1419/131/2042
f 1429/131/2044 1511/125/2045 1510/131/2046
f 1536/152/2047 1387/156/2048 1535/156/2049
f 1533/155/2050 1449/136/2051 1442/155/2052
f 1511/125/2053 1440/124/2054 1512/124/2054
f 1393/150/2055 1482/135/2056 1483/150/2057
f 1506/144/2058 1437/151/2059 1507/157/2059
f 1371/156/2035 1502/154/2060 1503/156/2061
f 1525/149/2062 1468/152/2063 1526/152/2063
f 1498/136/2064 1414/155/2065 1415/136/2064
f 1477/147/2066 1390/129/2067 1476/129/2068
f 1453/151/2069 1476/129/2068 1475/157/2070
f 1462/131/2041 1519/125/2071 1471/125/2072
f 1476/129/2073 1446/147/2074 1477/147/2074
f 1351/136/2075 1499/138/2076 1370/138/2077
f 1533/155/2078 1441/154/2079 1534/154/2079
f 1496/154/2080 1414/155/2065 1497/155/2065
f 1489/147/2081 1421/129/2082 1490/129/2082
f 1388/152/2083 1537/149/2084 1380/149/2085
f 1514/135/2086 1473/150/2087 1515/150/2087
f 1398/131/2088 1521/147/2089 1399/147/2090
f 1484/135/2091 1423/134/2092 1485/134/2092
f 1480/124/2093 1448/134/2094 1481/134/2094
f 1471/125/2072 1518/124/2095 1472/124/2096
f 1348/125/2097 1488/131/2098 1355/131/2042
f 1410/156/2099 1494/152/2100 1418/152/2101
f 1458/154/2102 1529/155/2103 1528/154/2104
f 1347/151/2105 1492/144/2106 1352/144/2107
f 1524/144/2108 1461/149/2109 1525/149/2109
f 1355/131/2110 1489/147/2111 1356/147/2112
f 1424/124/2113 1485/134/2114 1423/134/2115
f 1512/124/2116 1375/125/2117 1511/125/2045
f 1523/157/2118 1460/144/2119 1524/144/2119
f 1456/124/2120 1479/125/2121 1455/125/2122
f 1391/125/2123 1480/124/2124 1392/124/2120
f 1369/136/2125 1499/138/2126 1500/136/2127
f 1362/155/2128 1502/154/2129 1361/154/2060
f 1502/154/2130 1435/156/2035 1503/156/2035
f 1386/138/2131 1530/136/2132 1531/138/2133
f 1466/136/2134 1529/155/2135 1459/155/2103
f 1382/147/2136 1478/131/2137 1381/131/2138
f 1385/136/2139 1533/155/2052 1378/155/2050
f 1492/144/2140 1417/149/2141 1493/149/2141
f 1360/124/2142 1487/125/2143 1348/125/2043
f 1478/131/2144 1455/125/2122 1479/125/2122
f 1500/136/2145 1426/155/2146 1501/155/2146
f 1533/155/2147 1377/154/2079 1378/155/2148
f 1357/129/2082 1489/147/2112 1490/129/2149
f 1363/144/2150 1507/157/2151 1373/151/2059
f 1353/149/2152 1494/152/2153 1354/152/2101
f 1425/154/2129 1501/155/2154 1426/155/2155
f 1381/131/2156 1479/125/2157 1391/125/2122
f 1477/147/2158 1445/131/2138 1478/131/2138
f 1409/150/2159 1516/135/2160 1400/135/2161
f 1394/154/2162 1529/155/2163 1395/155/2103
f 1432/134/2164 1512/124/2116 1440/124/2054
f 1515/150/2165 1464/135/2161 1516/135/2161
f 1505/149/2166 1427/144/2167 1506/144/2167
f 1371/156/2168 1504/152/2169 1372/152/2033
f 1482/135/2170 1448/134/2094 1447/135/2170
f 1476/129/2171 1389/151/2172 1475/157/2069
f 1531/138/2131 1466/136/2132 1450/138/2131
f 1531/138/2173 1449/136/2051 1532/136/2051
f 1510/131/2044 1430/147/2174 1429/131/2175
f 1508/129/2176 1430/147/2177 1509/147/2177
f 1431/135/2178 1513/134/2179 1432/134/2180
f 1483/150/2055 1447/135/2056 1457/150/2057
f 1522/129/2181 1469/151/2182 1523/157/2182
f 1441/154/2079 1535/156/2049 1534/154/2183
f 1520/131/2184 1463/147/2090 1521/147/2090
f 1408/124/2185 1519/125/2186 1407/125/2072
f 1385/136/2051 1531/138/2187 1532/136/2188
f 1491/157/2038 1421/129/2189 1411/151/2038
f 1470/129/2190 1521/147/2191 1463/147/2090
f 1443/144/2192 1475/157/2069 1474/144/2193
f 1513/134/2164 1376/124/2194 1512/124/2054
f 1516/135/2195 1465/134/2196 1517/134/2196
f 1525/149/2197 1396/144/2198 1524/144/2119
f 1406/129/2199 1523/157/2200 1405/151/2182
f 1404/152/2201 1527/156/2202 1403/156/2203
f 1351/136/2064 1497/155/2065 1498/136/2204
f 1387/156/2049 1534/154/2079 1535/156/2205
f 1359/134/2206 1486/124/2207 1360/124/2113
f 1487/125/2043 1424/124/2113 1412/125/2143
f 1493/149/2208 1352/144/2209 1492/144/2107
f 1536/152/2210 1451/156/2049 1452/152/2047
f 1392/124/2211 1481/134/2212 1384/134/2094
f 1518/124/2096 1465/134/2213 1472/124/2096
f 1359/134/2092 1484/135/2214 1485/134/2215
f 1354/152/2216 1495/156/2217 1346/156/2099
f 1365/131/2218 1511/125/2219 1375/125/2045
f 1405/151/2220 1524/144/2221 1396/144/2119
f 1397/149/2222 1526/152/2223 1404/152/2063
f 1509/147/2224 1374/129/2225 1508/129/2226
f 1499/138/2227 1433/136/2125 1500/136/2125
f 1537/149/2228 1443/144/2229 1474/144/2229
f 1373/151/2230 1508/129/2231 1374/129/2226
f 1418/152/2101 1493/149/2232 1417/149/2233
f 1505/149/2234 1372/152/2235 1504/152/2236
f 1506/144/2237 1364/149/2238 1505/149/2239
f 1384/134/2240 1482/135/2241 1383/135/2170
f 1349/154/2242 1497/155/2243 1350/155/2065
f 1527/156/2244 1458/154/2102 1528/154/2102
f 1380/149/2245 1474/144/2246 1379/144/2229
f 1495/156/2247 1413/154/2248 1496/154/2248
f 1498/136/2249 1434/138/2077 1499/138/2126
f 1491/157/2250 1416/144/2107 1492/144/2107
f 1484/135/2251 1393/150/2252 1483/150/2055
f 1368/134/2253 1514/135/2254 1367/135/2178
f 1401/134/2255 1518/124/2256 1408/124/2096
f 1504/152/2257 1428/149/2239 1505/149/2239
f 1379/144/2258 1475/157/2070 1389/151/2069
f 1507/157/2259 1438/129/2226 1508/129/2226
f 1422/135/2214 1483/150/2260 1457/150/2055
f 1400/135/2261 1517/134/2262 1401/134/2196
f 1409/150/2087 1514/135/2263 1515/150/2264
f 1444/149/2085 1536/152/2265 1452/152/2266
f 1403/156/2267 1528/154/2268 1394/154/2102
f 1467/156/2203 1526/152/2269 1468/152/2063
f 1420/147/2112 1488/131/2270 1419/131/2271
f 1395/155/2272 1530/136/2273 1402/136/2134
f 1366/147/2274 1510/131/2175 1365/131/2044
f 1346/156/2275 1496/154/2276 1349/154/2248
f 1362/155/2146 1500/136/2125 1501/155/2277
f 1399/147/2278 1522/129/2279 1406/129/2190
f 1436/152/2033 1504/152/2033 1503/156/2034
f 1357/129/2036 1490/129/2189 1491/157/2037
f 1407/125/2039 1519/125/2072 1520/131/2040
f 1488/131/2042 1487/125/2280 1412/125/2043
f 1429/131/2044 1439/125/2045 1511/125/2045
f 1536/152/2281 1388/152/2210 1387/156/2048
f 1533/155/2050 1532/136/2188 1449/136/2051
f 1511/125/2053 1439/125/2045 1440/124/2054
f 1393/150/2055 1383/135/2282 1482/135/2056
f 1506/144/2058 1427/144/2283 1437/151/2059
f 1371/156/2035 1361/154/2284 1502/154/2060
f 1525/149/2062 1461/149/2285 1468/152/2063
f 1498/136/2064 1497/155/2286 1414/155/2065
f 1477/147/2066 1382/147/2074 1390/129/2067
f 1453/151/2069 1454/129/2171 1476/129/2068
f 1462/131/2041 1520/131/2041 1519/125/2071
f 1476/129/2073 1454/129/2068 1446/147/2074
f 1351/136/2075 1498/136/2287 1499/138/2288
f 1533/155/2078 1442/155/2147 1441/154/2079
f 1496/154/2080 1413/154/2248 1414/155/2065
f 1489/147/2081 1420/147/2112 1421/129/2082
f 1388/152/2083 1536/152/2266 1537/149/2084
f 1514/135/2086 1431/135/2263 1473/150/2087
f 1398/131/2088 1520/131/2289 1521/147/2089
f 1484/135/2091 1422/135/2214 1423/134/2092
f 1480/124/2093 1456/124/2120 1448/134/2094
f 1471/125/2072 1519/125/2072 1518/124/2095
f 1348/125/2097 1487/125/2043 1488/131/2098
f 1410/156/2099 1495/156/2099 1494/152/2100
f 1458/154/2102 1459/155/2103 1529/155/2103
f 1347/151/2105 1491/157/2038 1492/144/2106
f 1524/144/2108 1460/144/2119 1461/149/2109
f 1355/131/2110 1488/131/2271 1489/147/2111
f 1424/124/2113 1486/124/2113 1485/134/2114
f 1512/124/2116 1376/124/2054 1375/125/2117
f 1523/157/2118 1469/151/2182 1460/144/2119
f 1456/124/2120 1480/124/2120 1479/125/2121
f 1391/125/2123 1479/125/2122 1480/124/2124
f 1369/136/2125 1370/138/2290 1499/138/2126
f 1362/155/2128 1501/155/2155 1502/154/2129
f 1502/154/2130 1425/154/2060 1435/156/2035
f 1386/138/2131 1402/136/2291 1530/136/2132
f 1466/136/2134 1530/136/2134 1529/155/2135
f 1382/147/2136 1477/147/2292 1478/131/2137
f 1385/136/2139 1532/136/2051 1533/155/2052
f 1492/144/2140 1416/144/2107 1417/149/2141
f 1360/124/2142 1486/124/2113 1487/125/2143
f 1478/131/2144 1445/131/2138 1455/125/2122
f 1500/136/2145 1433/136/2125 1426/155/2146
f 1533/155/2147 1534/154/2293 1377/154/2079
f 1357/129/2082 1356/147/2294 1489/147/2112
f 1363/144/2150 1506/144/2283 1507/157/2151
f 1353/149/2152 1493/149/2233 1494/152/2153
f 1425/154/2129 1502/154/2060 1501/155/2154
f 1381/131/2156 1478/131/2138 1479/125/2295
f 1477/147/2158 1446/147/2292 1445/131/2138
f 1409/150/2159 1515/150/2087 1516/135/2160
f 1394/154/2162 1528/154/2102 1529/155/2163
f 1432/134/2164 1513/134/2180 1512/124/2116
f 1515/150/2165 1473/150/2087 1464/135/2161
f 1505/149/2166 1428/149/2239 1427/144/2167
f 1371/156/2168 1503/156/2035 1504/152/2296
f 1482/135/2170 1481/134/2297 1448/134/2094
f 1476/129/2171 1390/129/2068 1389/151/2172
f 1531/138/2131 1530/136/2298 1466/136/2132
f 1531/138/2173 1450/138/2187 1449/136/2051
f 1510/131/2044 1509/147/2299 1430/147/2174
f 1508/129/2176 1438/129/2226 1430/147/2177
f 1431/135/2178 1514/135/2178 1513/134/2179
f 1483/150/2055 1482/135/2300 1447/135/2056
f 1522/129/2181 1470/129/2301 1469/151/2182
f 1441/154/2079 1451/156/2049 1535/156/2049
f 1520/131/2184 1462/131/2289 1463/147/2090
f 1408/124/2185 1518/124/2096 1519/125/2186
f 1385/136/2051 1386/138/2302 1531/138/2187
f 1491/157/2038 1490/129/2303 1421/129/2189
f 1470/129/2190 1522/129/2190 1521/147/2191
f 1443/144/2192 1453/151/2070 1475/157/2069
f 1513/134/2164 1368/134/2180 1376/124/2194
f 1516/135/2195 1464/135/2161 1465/134/2196
f 1525/149/2197 1397/149/2109 1396/144/2198
f 1406/129/2199 1522/129/2301 1523/157/2200
f 1404/152/2201 1526/152/2063 1527/156/2304
f 1351/136/2064 1350/155/2305 1497/155/2065
f 1387/156/2049 1377/154/2306 1534/154/2079
f 1359/134/2206 1485/134/2115 1486/124/2207
f 1487/125/2043 1486/124/2207 1424/124/2113
f 1493/149/2208 1353/149/2141 1352/144/2209
f 1536/152/2210 1535/156/2205 1451/156/2049
f 1392/124/2211 1480/124/2120 1481/134/2212
f 1518/124/2096 1517/134/2307 1465/134/2213
f 1359/134/2092 1358/135/2308 1484/135/2214
f 1354/152/2216 1494/152/2101 1495/156/2217
f 1365/131/2218 1510/131/2044 1511/125/2309
f 1405/151/2220 1523/157/2182 1524/144/2221
f 1397/149/2222 1525/149/2285 1526/152/2223
f 1509/147/2299 1366/147/2177 1374/129/2225
f 1499/138/2227 1434/138/2126 1433/136/2125
f 1537/149/2228 1444/149/2085 1443/144/2229
f 1373/151/2230 1507/157/2059 1508/129/2231
f 1418/152/2101 1494/152/2101 1493/149/2232
f 1505/149/2234 1364/149/2239 1372/152/2235
f 1506/144/2237 1363/144/2167 1364/149/2238
f 1384/134/2240 1481/134/2094 1482/135/2241
f 1349/154/2242 1496/154/2248 1497/155/2243
f 1527/156/2244 1467/156/2203 1458/154/2102
f 1380/149/2245 1537/149/2085 1474/144/2246
f 1495/156/2247 1410/156/2099 1413/154/2248
f 1498/136/2249 1415/136/2287 1434/138/2126
f 1491/157/2250 1411/151/2038 1416/144/2107
f 1484/135/2251 1358/135/2214 1393/150/2252
f 1368/134/2253 1513/134/2180 1514/135/2254
f 1401/134/2255 1517/134/2213 1518/124/2256
f 1504/152/2257 1436/152/2236 1428/149/2239
f 1379/144/2258 1474/144/2192 1475/157/2070
f 1507/157/2259 1437/151/2059 1438/129/2226
f 1422/135/2214 1484/135/2214 1483/150/2260
f 1400/135/2261 1516/135/2161 1517/134/2262
f 1409/150/2087 1367/135/2310 1514/135/2263
f 1444/149/2085 1537/149/2085 1536/152/2265
f 1403/156/2267 1527/156/2203 1528/154/2268
f 1467/156/2203 1527/156/2203 1526/152/2269
f 1420/147/2112 1489/147/2112 1488/131/2270
f 1395/155/2272 1529/155/2103 1530/136/2273
f 1366/147/2274 1509/147/2174 1510/131/2175
f 1346/156/2275 1495/156/2099 1496/154/2276
f 1362/155/2146 1369/136/2311 1500/136/2125
f 1399/147/2278 1521/147/2090 1522/129/2312
f 1559/135/2032 1665/150/2032 1601/150/2032
f 1641/136/2032 1570/155/2032 1577/136/2032
f 1663/125/2032 1590/131/2032 1599/125/2032
f 1664/124/2032 1599/125/2032 1600/124/2032
f 1630/129/2032 1558/147/2032 1566/129/2032
f 1614/135/2032 1585/150/2032 1649/150/2032
f 1631/125/2032 1557/131/2032 1621/131/2032
f 1632/124/2032 1560/134/2032 1568/124/2032
f 1571/144/2032 1636/149/2032 1635/144/2032
f 1554/155/2032 1625/136/2032 1618/155/2032
f 1613/129/2032 1548/147/2032 1612/147/2032
f 1655/147/2032 1590/131/2032 1654/131/2032
f 1624/134/2032 1559/135/2032 1560/134/2032
f 1648/124/2032 1576/134/2032 1584/124/2032
f 1633/154/2032 1570/155/2032 1634/155/2032
f 1580/152/2032 1636/149/2032 1572/149/2032
f 1538/156/2032 1610/152/2032 1602/156/2032
f 1543/136/2032 1626/138/2032 1562/138/2032
f 1605/154/2032 1542/155/2032 1541/154/2032
f 1597/151/2032 1662/129/2032 1661/151/2032
f 1658/136/2032 1587/155/2032 1651/155/2032
f 1645/151/2032 1571/144/2032 1635/144/2032
f 1612/147/2032 1547/131/2032 1611/131/2032
f 1629/151/2032 1555/144/2032 1619/144/2032
f 1592/135/2032 1665/150/2032 1656/135/2032
f 1556/149/2032 1628/152/2032 1620/149/2032
f 1613/129/2032 1539/151/2032 1549/129/2032
f 1616/124/2032 1540/125/2032 1552/124/2032
f 1649/150/2032 1575/135/2032 1639/135/2032
f 1614/135/2032 1551/134/2032 1550/135/2032
f 1646/129/2032 1574/147/2032 1582/129/2032
f 1593/134/2032 1664/124/2032 1600/124/2032
f 1544/144/2032 1609/149/2032 1545/149/2032
f 1604/125/2032 1547/131/2032 1540/125/2032
f 1657/134/2032 1592/135/2032 1656/135/2032
f 1602/156/2032 1666/157/2032 1605/154/2032
f 1603/151/2032 1666/157/2032 1608/144/2032
f 1604/125/2032 1666/157/2032 1611/131/2032
f 1649/150/2032 1666/157/2032 1614/135/2032
f 1606/155/2032 1666/157/2032 1607/136/2032
f 1609/149/2032 1666/157/2032 1610/152/2032
f 1612/147/2032 1666/157/2032 1613/129/2032
f 1615/134/2032 1666/157/2032 1616/124/2032
f 1618/155/2032 1666/157/2032 1617/154/2032
f 1620/149/2032 1666/157/2032 1619/144/2032
f 1622/147/2032 1666/157/2032 1621/131/2032
f 1624/134/2032 1666/157/2032 1623/135/2032
f 1626/138/2032 1666/157/2032 1625/136/2032
f 1627/156/2032 1666/157/2032 1628/152/2032
f 1629/151/2032 1666/157/2032 1630/129/2032
f 1631/125/2032 1666/157/2032 1632/124/2032
f 1634/155/2032 1666/157/2032 1633/154/2032
f 1636/149/2032 1666/157/2032 1635/144/2032
f 1638/147/2032 1666/157/2032 1637/131/2032
f 1640/134/2032 1666/157/2032 1639/135/2032
f 1642/138/2032 1666/157/2032 1641/136/2032
f 1643/156/2032 1666/157/2032 1644/152/2032
f 1645/151/2032 1666/157/2032 1646/129/2032
f 1647/125/2032 1666/157/2032 1648/124/2032
f 1651/155/2032 1666/157/2032 1658/136/2032
f 1659/156/2032 1666/157/2032 1650/154/2032
f 1653/149/2032 1666/157/2032 1660/152/2032
f 1661/151/2032 1666/157/2032 1652/144/2032
f 1655/147/2032 1666/157/2032 1662/129/2032
f 1663/125/2032 1666/157/2032 1654/131/2032
f 1657/134/2032 1666/157/2032 1664/124/2032
f 1665/150/2032 1666/157/2032 1656/135/2032
f 1633/154/2032 1579/156/2032 1569/154/2032
f 1573/131/2032 1647/125/2032 1583/125/2032
f 1640/134/2032 1575/135/2032 1576/134/2032
f 1660/152/2032 1595/156/2032 1596/152/2032
f 1653/149/2032 1596/152/2032 1589/149/2032
f 1579/156/2032 1644/152/2032 1580/152/2032
f 1602/156/2032 1610/152/2032 1666/157/2032
f 1603/151/2032 1613/129/2032 1666/157/2032
f 1604/125/2032 1616/124/2032 1666/157/2032
f 1649/150/2032 1639/135/2032 1666/157/2032
f 1606/155/2032 1605/154/2032 1666/157/2032
f 1609/149/2032 1608/144/2032 1666/157/2032
f 1612/147/2032 1611/131/2032 1666/157/2032
f 1615/134/2032 1614/135/2032 1666/157/2032
f 1618/155/2032 1625/136/2032 1666/157/2032
f 1620/149/2032 1628/152/2032 1666/157/2032
f 1622/147/2032 1630/129/2032 1666/157/2032
f 1624/134/2032 1632/124/2032 1666/157/2032
f 1626/138/2032 1607/136/2032 1666/157/2032
f 1627/156/2032 1617/154/2032 1666/157/2032
f 1629/151/2032 1619/144/2032 1666/157/2032
f 1631/125/2032 1621/131/2032 1666/157/2032
f 1634/155/2032 1641/136/2032 1666/157/2032
f 1636/149/2032 1644/152/2032 1666/157/2032
f 1638/147/2032 1646/129/2032 1666/157/2032
f 1640/134/2032 1648/124/2032 1666/157/2032
f 1642/138/2032 1658/136/2032 1666/157/2032
f 1643/156/2032 1633/154/2032 1666/157/2032
f 1645/151/2032 1635/144/2032 1666/157/2032
f 1647/125/2032 1637/131/2032 1666/157/2032
f 1651/155/2032 1650/154/2032 1666/157/2032
f 1659/156/2032 1660/152/2032 1666/157/2032
f 1653/149/2032 1652/144/2032 1666/157/2032
f 1661/151/2032 1662/129/2032 1666/157/2032
f 1655/147/2032 1654/131/2032 1666/157/2032
f 1663/125/2032 1664/124/2032 1666/157/2032
f 1657/134/2032 1656/135/2032 1666/157/2032
f 1665/150/2032 1623/135/2032 1666/157/2032
f 1588/144/2032 1661/151/2032 1652/144/2032
f 1553/154/2032 1627/156/2032 1563/156/2032
f 1586/154/2032 1651/155/2032 1587/155/2032
f 1609/149/2032 1546/152/2032 1545/149/2032
f 1638/147/2032 1573/131/2032 1574/147/2032
f 1658/136/2032 1578/138/2032 1594/136/2032
f 1606/155/2032 1543/136/2032 1542/155/2032
f 1541/154/2032 1602/156/2032 1605/154/2032
f 1642/138/2032 1577/136/2032 1578/138/2032
f 1565/151/2032 1630/129/2032 1566/129/2032
f 1618/155/2032 1553/154/2032 1554/155/2032
f 1659/156/2032 1586/154/2032 1595/156/2032
f 1583/125/2032 1648/124/2032 1584/124/2032
f 1582/129/2032 1645/151/2032 1646/129/2032
f 1615/134/2032 1552/124/2032 1551/134/2032
f 1589/149/2032 1652/144/2032 1653/149/2032
f 1598/129/2032 1655/147/2032 1662/129/2032
f 1622/147/2032 1557/131/2032 1558/147/2032
f 1625/136/2032 1562/138/2032 1626/138/2032
f 1555/144/2032 1620/149/2032 1619/144/2032
f 1567/125/2032 1632/124/2032 1568/124/2032
f 1564/152/2032 1627/156/2032 1628/152/2032
f 1603/151/2032 1544/144/2032 1539/151/2032
f 1559/135/2032 1623/135/2032 1665/150/2032
f 1641/136/2032 1634/155/2032 1570/155/2032
f 1663/125/2032 1654/131/2032 1590/131/2032
f 1664/124/2032 1663/125/2032 1599/125/2032
f 1630/129/2032 1622/147/2032 1558/147/2032
f 1614/135/2032 1550/135/2032 1585/150/2032
f 1631/125/2032 1567/125/2032 1557/131/2032
f 1632/124/2032 1624/134/2032 1560/134/2032
f 1571/144/2032 1572/149/2032 1636/149/2032
f 1554/155/2032 1561/136/2032 1625/136/2032
f 1613/129/2032 1549/129/2032 1548/147/2032
f 1655/147/2032 1591/147/2032 1590/131/2032
f 1624/134/2032 1623/135/2032 1559/135/2032
f 1648/124/2032 1640/134/2032 1576/134/2032
f 1633/154/2032 1569/154/2032 1570/155/2032
f 1580/152/2032 1644/152/2032 1636/149/2032
f 1538/156/2032 1546/152/2032 1610/152/2032
f 1543/136/2032 1607/136/2032 1626/138/2032
f 1605/154/2032 1606/155/2032 1542/155/2032
f 1597/151/2032 1598/129/2032 1662/129/2032
f 1658/136/2032 1594/136/2032 1587/155/2032
f 1645/151/2032 1581/151/2032 1571/144/2032
f 1612/147/2032 1548/147/2032 1547/131/2032
f 1629/151/2032 1565/151/2032 1555/144/2032
f 1592/135/2032 1601/150/2032 1665/150/2032
f 1556/149/2032 1564/152/2032 1628/152/2032
f 1613/129/2032 1603/151/2032 1539/151/2032
f 1616/124/2032 1604/125/2032 1540/125/2032
f 1649/150/2032 1585/150/2032 1575/135/2032
f 1614/135/2032 1615/134/2032 1551/134/2032
f 1646/129/2032 1638/147/2032 1574/147/2032
f 1593/134/2032 1657/134/2032 1664/124/2032
f 1544/144/2032 1608/144/2032 1609/149/2032
f 1604/125/2032 1611/131/2032 1547/131/2032
f 1657/134/2032 1593/134/2032 1592/135/2032
f 1633/154/2032 1643/156/2032 1579/156/2032
f 1573/131/2032 1637/131/2032 1647/125/2032
f 1640/134/2032 1639/135/2032 1575/135/2032
f 1660/152/2032 1659/156/2032 1595/156/2032
f 1653/149/2032 1660/152/2032 1596/152/2032
f 1579/156/2032 1643/156/2032 1644/152/2032
f 1588/144/2032 1597/151/2032 1661/151/2032
f 1553/154/2032 1617/154/2032 1627/156/2032
f 1586/154/2032 1650/154/2032 1651/155/2032
f 1609/149/2032 1610/152/2032 1546/152/2032
f 1638/147/2032 1637/131/2032 1573/131/2032
f 1658/136/2032 1642/138/2032 1578/138/2032
f 1606/155/2032 1607/136/2032 1543/136/2032
f 1541/154/2032 1538/156/2032 1602/156/2032
f 1642/138/2032 1641/136/2032 1577/136/2032
f 1565/151/2032 1629/151/2032 1630/129/2032
f 1618/155/2032 1617/154/2032 1553/154/2032
f 1659/156/2032 1650/154/2032 1586/154/2032
f 1583/125/2032 1647/125/2032 1648/124/2032
f 1582/129/2032 1581/151/2032 1645/151/2032
f 1615/134/2032 1616/124/2032 1552/124/2032
f 1589/149/2032 1588/144/2032 1652/144/2032
f 1598/129/2032 1591/147/2032 1655/147/2032
f 1622/147/2032 1621/131/2032 1557/131/2032
f 1625/136/2032 1561/136/2032 1562/138/2032
f 1555/144/2032 1556/149/2032 1620/149/2032
f 1567/125/2032 1631/125/2032 1632/124/2032
f 1564/152/2032 1563/156/2032 1627/156/2032
f 1603/151/2032 1608/144/2032 1544/144/2032
