# Blender 4.0.0
# www.blender.org
o GlassCup013_Clear
v -0.044638 -0.000000 0.057148
v -0.030740 0.000000 -0.054652
v -0.030619 0.000000 -0.055223
v -0.030449 -0.000000 -0.055773
v -0.030098 -0.000023 -0.056578
v -0.029666 0.000000 -0.057272
v -0.029162 -0.000030 -0.057905
v -0.028355 -0.000000 -0.058651
v -0.027612 0.000000 -0.059144
v -0.026807 -0.000000 -0.059544
v -0.026043 0.000000 -0.059797
v -0.024899 -0.001036 -0.060001
v -0.044423 -0.004375 0.057148
v -0.030529 -0.003007 -0.055008
v -0.030196 -0.002951 -0.056065
v -0.029673 -0.002949 -0.057059
v -0.028985 -0.002829 -0.057948
v -0.028178 -0.002783 -0.058682
v -0.027255 -0.002735 -0.059271
v -0.026215 -0.002535 -0.059717
v -0.025195 -0.003961 -0.059924
v -0.043781 -0.008709 0.057148
v -0.030099 -0.005984 -0.054958
v -0.029779 -0.005874 -0.056039
v -0.029246 -0.005870 -0.057041
v -0.028760 -0.005721 -0.057715
v -0.028193 -0.005608 -0.058320
v -0.027546 -0.005479 -0.058842
v -0.026837 -0.005354 -0.059286
v -0.025802 -0.005173 -0.059723
v -0.024231 -0.005862 -0.060000
v -0.022802 -0.009052 -0.060027
v -0.042716 -0.012958 0.057148
v -0.029378 -0.008887 -0.054929
v -0.029137 -0.008839 -0.055773
v -0.028795 -0.008759 -0.056578
v -0.028259 -0.008544 -0.057476
v -0.027698 -0.008402 -0.058126
v -0.027116 -0.008154 -0.058682
v -0.026423 -0.008015 -0.059144
v -0.025740 -0.007743 -0.059513
v -0.024922 -0.007560 -0.059797
v -0.023965 -0.008653 -0.059927
v -0.041240 -0.017082 0.057148
v -0.028400 -0.011764 -0.054652
v -0.028288 -0.011717 -0.055223
v -0.028042 -0.011617 -0.056039
v -0.027558 -0.011418 -0.057041
v -0.026903 -0.011206 -0.057928
v -0.026359 -0.010918 -0.058502
v -0.025699 -0.010680 -0.059018
v -0.024850 -0.010175 -0.059526
v -0.024061 -0.009966 -0.059797
v -0.022607 -0.010486 -0.060001
v -0.039367 -0.021042 0.057148
v -0.027054 -0.014461 -0.055008
v -0.026768 -0.014282 -0.056065
v -0.026306 -0.014064 -0.057041
v -0.025861 -0.013823 -0.057715
v -0.025351 -0.013550 -0.058320
v -0.024770 -0.013240 -0.058842
v -0.024177 -0.012820 -0.059286
v -0.023195 -0.012492 -0.059712
v -0.022471 -0.012011 -0.059923
v -0.037115 -0.024800 0.057148
v -0.025559 -0.017078 -0.054652
v -0.025403 -0.016946 -0.055528
v -0.025136 -0.016796 -0.056299
v -0.024802 -0.016543 -0.057064
v -0.024382 -0.016291 -0.057715
v -0.023936 -0.015918 -0.058322
v -0.023157 -0.015523 -0.058987
v -0.022543 -0.015063 -0.059405
v -0.021859 -0.014653 -0.059723
v -0.020353 -0.015371 -0.059924
v -0.020144 -0.014689 -0.060000
v -0.034506 -0.028318 0.057148
v -0.023724 -0.019466 -0.054958
v -0.023537 -0.019316 -0.055773
v -0.023276 -0.019105 -0.056553
v -0.022774 -0.018760 -0.057500
v -0.022374 -0.018362 -0.058126
v -0.021844 -0.018016 -0.058682
v -0.021174 -0.017308 -0.059296
v -0.020353 -0.016638 -0.059730
v -0.031564 -0.031564 0.057148
v -0.021702 -0.021698 -0.054958
v -0.021530 -0.021530 -0.055773
v -0.021291 -0.021294 -0.056553
v -0.020825 -0.020902 -0.057500
v -0.020467 -0.020467 -0.058126
v -0.019973 -0.020070 -0.058682
v -0.019525 -0.019525 -0.059144
v -0.018963 -0.019051 -0.059513
v -0.018415 -0.018415 -0.059797
v -0.017121 -0.018891 -0.059924
v -0.017588 -0.017305 -0.060020
v -0.028318 -0.034506 0.057148
v -0.019470 -0.023720 -0.054959
v -0.019316 -0.023537 -0.055773
v -0.019102 -0.023279 -0.056553
v -0.018676 -0.022842 -0.057500
v -0.018362 -0.022374 -0.058126
v -0.017949 -0.021928 -0.058663
v -0.017517 -0.021344 -0.059144
v -0.017051 -0.020709 -0.059536
v -0.016521 -0.020131 -0.059797
v -0.014845 -0.020043 -0.060000
v -0.024800 -0.037115 0.057148
v -0.017072 -0.025507 -0.054929
v -0.016916 -0.025317 -0.055773
v -0.016796 -0.025136 -0.056299
v -0.016650 -0.024919 -0.056800
v -0.016361 -0.024531 -0.057522
v -0.016081 -0.024066 -0.058126
v -0.015725 -0.023548 -0.058682
v -0.015128 -0.022804 -0.059286
v -0.014653 -0.021859 -0.059723
v -0.013118 -0.021886 -0.059924
v -0.011485 -0.021487 -0.060027
v -0.021042 -0.039367 0.057148
v -0.014491 -0.027110 -0.054652
v -0.014434 -0.027003 -0.055223
v -0.014292 -0.026789 -0.056011
v -0.014128 -0.026431 -0.056800
v -0.013941 -0.026023 -0.057476
v -0.013644 -0.025527 -0.058126
v -0.013341 -0.024976 -0.058682
v -0.012820 -0.024177 -0.059286
v -0.012492 -0.023195 -0.059712
v -0.010625 -0.022532 -0.060001
v -0.017082 -0.041240 0.057148
v -0.011739 -0.028341 -0.055008
v -0.011632 -0.028022 -0.056065
v -0.011413 -0.027560 -0.057041
v -0.011222 -0.027091 -0.057715
v -0.010967 -0.026548 -0.058341
v -0.010748 -0.025948 -0.058842
v -0.010389 -0.025317 -0.059286
v -0.010199 -0.024259 -0.059722
v -0.008383 -0.024088 -0.059923
v -0.012958 -0.042716 0.057148
v -0.008911 -0.029376 -0.054907
v -0.008839 -0.029137 -0.055773
v -0.008721 -0.028835 -0.056526
v -0.008612 -0.028389 -0.057272
v -0.008479 -0.027861 -0.057948
v -0.008212 -0.027098 -0.058682
v -0.008015 -0.026423 -0.059144
v -0.007862 -0.025704 -0.059513
v -0.007560 -0.024921 -0.059797
v -0.006224 -0.024134 -0.060001
v -0.003088 -0.024512 -0.060021
v -0.008708 -0.043781 0.057148
v -0.006006 -0.030087 -0.054988
v -0.005940 -0.029863 -0.055773
v -0.005895 -0.029515 -0.056578
v -0.005733 -0.028960 -0.057476
v -0.005647 -0.028388 -0.058126
v -0.005484 -0.027763 -0.058695
v -0.005297 -0.026822 -0.059298
v -0.005270 -0.025783 -0.059722
v -0.003570 -0.025268 -0.059920
v -0.004375 -0.044423 0.057148
v -0.003013 -0.030592 -0.054652
v -0.003001 -0.030471 -0.055223
v -0.002975 -0.030204 -0.056038
v -0.002938 -0.029825 -0.056800
v -0.002889 -0.029333 -0.057538
v -0.002788 -0.028588 -0.058341
v -0.002774 -0.027740 -0.058987
v -0.002637 -0.026770 -0.059506
v -0.002553 -0.025917 -0.059797
v 0.000000 -0.044638 0.057148
v -0.000003 -0.030688 -0.054958
v -0.000000 -0.030449 -0.055773
v 0.000050 -0.030112 -0.056553
v -0.000027 -0.029522 -0.057476
v -0.000000 -0.028944 -0.058126
v 0.000036 -0.028338 -0.058663
v -0.000000 -0.027612 -0.059144
v -0.000043 -0.026825 -0.059536
v -0.000000 -0.026043 -0.059797
v -0.000000 -0.025479 -0.059923
v 0.001193 -0.024882 -0.060001
v 0.004375 -0.044423 0.057148
v 0.003005 -0.030540 -0.054958
v 0.002984 -0.030302 -0.055773
v 0.002963 -0.030086 -0.056299
v 0.002898 -0.029671 -0.057065
v 0.002874 -0.029182 -0.057715
v 0.002880 -0.028601 -0.058322
v 0.002753 -0.027951 -0.058842
v 0.002772 -0.027225 -0.059286
v 0.002487 -0.026179 -0.059729
v 0.003741 -0.025219 -0.059924
v 0.008709 -0.043781 0.057148
v 0.005984 -0.030099 -0.054958
v 0.005920 -0.029770 -0.056039
v 0.005769 -0.029266 -0.057041
v 0.005721 -0.028760 -0.057715
v 0.005608 -0.028192 -0.058320
v 0.005479 -0.027546 -0.058842
v 0.005428 -0.026822 -0.059286
v 0.005095 -0.025818 -0.059723
v 0.004476 -0.024308 -0.060020
v 0.008228 -0.022996 -0.060027
v 0.012958 -0.042716 0.057148
v 0.008887 -0.029378 -0.054929
v 0.008839 -0.029137 -0.055773
v 0.008789 -0.028801 -0.056553
v 0.008612 -0.028389 -0.057272
v 0.008464 -0.027887 -0.057928
v 0.008282 -0.027302 -0.058502
v 0.008086 -0.026655 -0.059001
v 0.007870 -0.025945 -0.059405
v 0.007568 -0.025234 -0.059712
v 0.008596 -0.024025 -0.059924
v 0.008420 -0.023445 -0.060001
v 0.017082 -0.041240 0.057148
v 0.011701 -0.028369 -0.054958
v 0.011652 -0.028131 -0.055773
v 0.011569 -0.027930 -0.056299
v 0.011387 -0.027552 -0.057064
v 0.011157 -0.026923 -0.057928
v 0.010843 -0.026157 -0.058682
v 0.010528 -0.025287 -0.059271
v 0.010036 -0.024350 -0.059717
v 0.021042 -0.039367 0.057148
v 0.014491 -0.027110 -0.054652
v 0.014434 -0.027003 -0.055223
v 0.014353 -0.026853 -0.055773
v 0.014223 -0.026556 -0.056526
v 0.013937 -0.026022 -0.057484
v 0.013545 -0.025354 -0.058322
v 0.013062 -0.024602 -0.059003
v 0.012780 -0.023911 -0.059405
v 0.012348 -0.023208 -0.059730
v 0.013302 -0.021761 -0.059924
v 0.011737 -0.021959 -0.060001
v 0.024800 -0.037115 0.057148
v 0.017047 -0.025518 -0.054958
v 0.016916 -0.025317 -0.055773
v 0.016731 -0.025037 -0.056553
v 0.016437 -0.024503 -0.057500
v 0.015965 -0.023905 -0.058322
v 0.015410 -0.023203 -0.059003
v 0.015009 -0.022266 -0.059526
v 0.014469 -0.021654 -0.059797
v 0.014863 -0.019991 -0.060001
v 0.015233 -0.019035 -0.060027
v 0.028318 -0.034506 0.057148
v 0.019453 -0.023741 -0.054929
v 0.019316 -0.023537 -0.055773
v 0.019088 -0.023259 -0.056597
v 0.018717 -0.022807 -0.057498
v 0.018362 -0.022374 -0.058126
v 0.017925 -0.021889 -0.058698
v 0.017517 -0.021344 -0.059144
v 0.017100 -0.020739 -0.059513
v 0.016521 -0.020131 -0.059797
v 0.017292 -0.018748 -0.059923
v 0.031564 -0.031564 0.057148
v 0.021736 -0.021736 -0.054652
v 0.021651 -0.021651 -0.055223
v 0.021530 -0.021530 -0.055773
v 0.021284 -0.021319 -0.056526
v 0.020977 -0.020977 -0.057272
v 0.020735 -0.020735 -0.057715
v 0.020330 -0.020291 -0.058341
v 0.019641 -0.019751 -0.059003
v 0.019004 -0.018970 -0.059526
v 0.018415 -0.018415 -0.059797
v 0.018337 -0.016891 -0.060000
v 0.034506 -0.028318 0.057148
v 0.023711 -0.019490 -0.054929
v 0.023537 -0.019316 -0.055773
v 0.023369 -0.019179 -0.056299
v 0.023091 -0.018884 -0.057041
v 0.022491 -0.018533 -0.057927
v 0.021893 -0.017957 -0.058682
v 0.021206 -0.017338 -0.059271
v 0.020553 -0.016867 -0.059623
v 0.019927 -0.016279 -0.059878
v 0.037115 -0.024800 0.057148
v 0.025559 -0.017078 -0.054652
v 0.025459 -0.017011 -0.055223
v 0.025214 -0.016875 -0.056065
v 0.024831 -0.016529 -0.057041
v 0.024200 -0.016239 -0.057927
v 0.023551 -0.015691 -0.058695
v 0.022718 -0.015179 -0.059308
v 0.021842 -0.014594 -0.059737
v 0.021868 -0.013107 -0.059924
v 0.020533 -0.013720 -0.060020
v 0.039367 -0.021042 0.057148
v 0.027063 -0.014469 -0.054958
v 0.026853 -0.014353 -0.055773
v 0.026533 -0.014239 -0.056553
v 0.026049 -0.013893 -0.057476
v 0.025526 -0.013644 -0.058126
v 0.025009 -0.013326 -0.058663
v 0.024352 -0.013016 -0.059144
v 0.023733 -0.012561 -0.059526
v 0.022968 -0.012277 -0.059797
v 0.022625 -0.010461 -0.060001
v 0.041240 -0.017082 0.057148
v 0.028351 -0.011746 -0.054958
v 0.028023 -0.011660 -0.056039
v 0.027688 -0.011469 -0.056800
v 0.027233 -0.011307 -0.057522
v 0.026581 -0.010943 -0.058322
v 0.025948 -0.010748 -0.058842
v 0.025273 -0.010428 -0.059298
v 0.024297 -0.010107 -0.059723
v 0.023938 -0.008801 -0.059924
v 0.023416 -0.006789 -0.060027
v 0.042716 -0.012958 0.057148
v 0.029376 -0.008911 -0.054907
v 0.029137 -0.008839 -0.055773
v 0.028821 -0.008769 -0.056526
v 0.028389 -0.008612 -0.057272
v 0.027890 -0.008456 -0.057928
v 0.027128 -0.008191 -0.058663
v 0.026423 -0.008015 -0.059144
v 0.025740 -0.007743 -0.059513
v 0.024921 -0.007560 -0.059797
v 0.024170 -0.006054 -0.060001
v 0.043781 -0.008708 0.057148
v 0.030149 -0.005997 -0.054652
v 0.029957 -0.005959 -0.055499
v 0.029650 -0.005898 -0.056299
v 0.029235 -0.005840 -0.057064
v 0.028584 -0.005681 -0.057928
v 0.027773 -0.005516 -0.058682
v 0.027082 -0.005387 -0.059144
v 0.026301 -0.005275 -0.059536
v 0.025542 -0.005081 -0.059797
v 0.025191 -0.003885 -0.059927
v 0.044423 -0.004375 0.057148
v 0.030544 -0.002962 -0.054958
v 0.030214 -0.003000 -0.056011
v 0.029825 -0.002938 -0.056800
v 0.029347 -0.002866 -0.057522
v 0.028607 -0.002823 -0.058322
v 0.027740 -0.002774 -0.058986
v 0.026981 -0.002657 -0.059405
v 0.026185 -0.002619 -0.059723
v 0.024907 -0.001224 -0.060001
v 0.044638 0.000000 0.057148
v 0.030685 -0.000000 -0.054959
v 0.030448 -0.000000 -0.055773
v 0.030098 0.000023 -0.056578
v 0.029505 -0.000003 -0.057500
v 0.028767 -0.000032 -0.058302
v 0.028086 -0.000000 -0.058842
v 0.027391 0.000050 -0.059271
v 0.026337 0.000046 -0.059717
v 0.025496 0.001075 -0.059920
v 0.044423 0.004375 0.057148
v 0.030544 0.002962 -0.054958
v 0.030302 0.002984 -0.055773
v 0.029982 0.002928 -0.056526
v 0.029374 0.002918 -0.057484
v 0.028613 0.002756 -0.058322
v 0.027712 0.002808 -0.059003
v 0.026756 0.002573 -0.059513
v 0.025917 0.002553 -0.059797
v 0.024624 0.003871 -0.060001
v 0.024396 0.001198 -0.060027
v 0.043781 0.008709 0.057148
v 0.030149 0.005997 -0.054652
v 0.030030 0.005973 -0.055223
v 0.029750 0.005918 -0.056085
v 0.029230 0.005814 -0.057082
v 0.028568 0.005656 -0.057948
v 0.027983 0.005566 -0.058502
v 0.027319 0.005434 -0.059001
v 0.026591 0.005289 -0.059405
v 0.025773 0.005178 -0.059730
v 0.024990 0.004971 -0.059923
v 0.042716 0.012958 0.057148
v 0.029378 0.008887 -0.054929
v 0.029137 0.008839 -0.055773
v 0.028929 0.008776 -0.056299
v 0.028546 0.008657 -0.057041
v 0.027905 0.008405 -0.057927
v 0.027076 0.008285 -0.058682
v 0.026192 0.007929 -0.059286
v 0.025194 0.007601 -0.059723
v 0.024088 0.008383 -0.059924
v 0.023395 0.008601 -0.060001
v 0.022638 0.009052 -0.060027
v 0.041240 0.017082 0.057148
v 0.028400 0.011764 -0.054652
v 0.028207 0.011684 -0.055548
v 0.027799 0.011515 -0.056597
v 0.027252 0.011261 -0.057522
v 0.026741 0.011076 -0.058126
v 0.026159 0.010835 -0.058679
v 0.025510 0.010567 -0.059144
v 0.024799 0.010298 -0.059526
v 0.024060 0.009966 -0.059797
v 0.039367 0.021042 0.057148
v 0.027110 0.014491 -0.054652
v 0.027003 0.014434 -0.055223
v 0.026767 0.014307 -0.056037
v 0.026330 0.014074 -0.056998
v 0.025861 0.013823 -0.057715
v 0.025319 0.013565 -0.058341
v 0.024572 0.013084 -0.059015
v 0.023678 0.012607 -0.059536
v 0.022681 0.012210 -0.059873
v 0.021280 0.012989 -0.060000
v 0.037115 0.024800 0.057148
v 0.025514 0.017048 -0.054959
v 0.025317 0.016916 -0.055773
v 0.025036 0.016729 -0.056552
v 0.024667 0.016482 -0.057272
v 0.024204 0.016173 -0.057963
v 0.023540 0.015693 -0.058698
v 0.022703 0.015279 -0.059286
v 0.021958 0.014505 -0.059722
v 0.020420 0.015275 -0.059925
v 0.034506 0.028318 0.057148
v 0.023762 0.019501 -0.054652
v 0.023669 0.019424 -0.055223
v 0.023537 0.019316 -0.055773
v 0.023369 0.019179 -0.056299
v 0.023030 0.018931 -0.057064
v 0.022531 0.018485 -0.057928
v 0.021931 0.017910 -0.058682
v 0.021142 0.017416 -0.059271
v 0.020388 0.016672 -0.059717
v 0.018419 0.016543 -0.060017
v 0.031564 0.031564 0.057148
v 0.021709 0.021679 -0.054988
v 0.021530 0.021530 -0.055773
v 0.021328 0.021257 -0.056553
v 0.020861 0.020866 -0.057500
v 0.020318 0.020364 -0.058302
v 0.019860 0.019860 -0.058842
v 0.019339 0.019361 -0.059286
v 0.018580 0.018636 -0.059723
v 0.017048 0.018965 -0.059925
v 0.014288 0.019838 -0.060027
v 0.028318 0.034506 0.057148
v 0.019504 0.023693 -0.054958
v 0.019243 0.023486 -0.056011
v 0.019013 0.023167 -0.056800
v 0.018725 0.022778 -0.057522
v 0.018232 0.022225 -0.058322
v 0.017654 0.021577 -0.058987
v 0.017200 0.020958 -0.059405
v 0.016716 0.020289 -0.059730
v 0.015796 0.019247 -0.060001
v 0.024800 0.037115 0.057148
v 0.017078 0.025559 -0.054652
v 0.017011 0.025459 -0.055223
v 0.016916 0.025317 -0.055773
v 0.016731 0.025037 -0.056553
v 0.016437 0.024503 -0.057500
v 0.015965 0.023905 -0.058322
v 0.015604 0.023353 -0.058842
v 0.015158 0.022753 -0.059298
v 0.014736 0.021804 -0.059722
v 0.013091 0.021841 -0.059930
v 0.011795 0.021983 -0.060002
v 0.021042 0.039367 0.057148
v 0.014461 0.027054 -0.055008
v 0.014353 0.026853 -0.055773
v 0.014223 0.026556 -0.056526
v 0.013985 0.026163 -0.057272
v 0.013742 0.025700 -0.057928
v 0.013355 0.024968 -0.058682
v 0.012956 0.024134 -0.059271
v 0.012533 0.023449 -0.059623
v 0.012277 0.022968 -0.059797
v 0.017082 0.041240 0.057148
v 0.011763 0.028400 -0.054652
v 0.011714 0.028219 -0.055471
v 0.011569 0.027930 -0.056299
v 0.011367 0.027578 -0.057041
v 0.011222 0.027091 -0.057715
v 0.010995 0.026560 -0.058322
v 0.010630 0.025773 -0.058987
v 0.010375 0.025048 -0.059405
v 0.009942 0.024366 -0.059722
v 0.009750 0.023540 -0.059923
v 0.005935 0.023692 -0.060027
v 0.012958 0.042716 0.057148
v 0.008864 0.029380 -0.054958
v 0.008839 0.029137 -0.055773
v 0.008759 0.028795 -0.056578
v 0.008612 0.028389 -0.057272
v 0.008464 0.027887 -0.057928
v 0.008282 0.027302 -0.058502
v 0.008074 0.026615 -0.059029
v 0.007746 0.025682 -0.059536
v 0.007560 0.024921 -0.059797
v 0.006160 0.024776 -0.059920
v 0.006266 0.024126 -0.060001
v 0.008708 0.043781 0.057148
v 0.005942 0.030107 -0.054958
v 0.005969 0.029760 -0.056039
v 0.005769 0.029266 -0.057041
v 0.005721 0.028760 -0.057715
v 0.005580 0.028220 -0.058302
v 0.005406 0.027343 -0.058993
v 0.005305 0.026351 -0.059513
v 0.005081 0.025542 -0.059797
v 0.004375 0.044423 0.057148
v 0.003013 0.030592 -0.054652
v 0.002994 0.030397 -0.055499
v 0.002963 0.030086 -0.056299
v 0.002872 0.029691 -0.057041
v 0.002874 0.029182 -0.057715
v 0.002812 0.028608 -0.058322
v 0.002691 0.027749 -0.058986
v 0.002657 0.026981 -0.059405
v 0.002540 0.026193 -0.059723
v 0.001176 0.025452 -0.059927
v 0.001439 0.024884 -0.060001
v -0.000000 0.044638 0.057148
v 0.000024 0.030693 -0.054929
v -0.000000 0.030449 -0.055773
v -0.000000 0.030231 -0.056299
v -0.000024 0.029813 -0.057064
v -0.000000 0.029324 -0.057715
v 0.000028 0.028724 -0.058341
v -0.000011 0.027854 -0.059004
v -0.000000 0.027112 -0.059405
v -0.000000 0.026269 -0.059737
v -0.002091 0.024291 -0.060027
v -0.004375 0.044423 0.057148
v -0.003013 0.030592 -0.054652
v -0.003001 0.030471 -0.055223
v -0.002975 0.030204 -0.056037
v -0.002938 0.029825 -0.056800
v -0.002915 0.029342 -0.057522
v -0.002756 0.028613 -0.058322
v -0.002741 0.027719 -0.059004
v -0.002697 0.026744 -0.059513
v -0.002530 0.025688 -0.059861
v -0.003659 0.024667 -0.060001
v -0.008709 0.043781 0.057148
v -0.005997 0.030149 -0.054652
v -0.005973 0.030030 -0.055223
v -0.005940 0.029863 -0.055773
v -0.005924 0.029524 -0.056553
v -0.005733 0.028960 -0.057476
v -0.005647 0.028388 -0.058126
v -0.005549 0.027742 -0.058698
v -0.005324 0.026843 -0.059286
v -0.005041 0.025809 -0.059729
v -0.006119 0.024734 -0.059927
v -0.012958 0.042716 0.057148
v -0.008952 0.029353 -0.054958
v -0.008839 0.029137 -0.055773
v -0.008789 0.028801 -0.056553
v -0.008612 0.028389 -0.057272
v -0.008479 0.027861 -0.057948
v -0.008212 0.027098 -0.058682
v -0.007904 0.026227 -0.059271
v -0.007690 0.025190 -0.059717
v -0.008394 0.023460 -0.060001
v -0.009337 0.022542 -0.060027
v -0.017082 0.041240 0.057148
v -0.011760 0.028337 -0.054988
v -0.011652 0.028131 -0.055773
v -0.011569 0.027930 -0.056299
v -0.011415 0.027557 -0.057039
v -0.011222 0.027091 -0.057715
v -0.011039 0.026565 -0.058302
v -0.010748 0.025948 -0.058842
v -0.010389 0.025317 -0.059286
v -0.010199 0.024259 -0.059722
v -0.009750 0.023540 -0.059923
v -0.021042 0.039367 0.057148
v -0.014448 0.027080 -0.054929
v -0.014353 0.026853 -0.055773
v -0.014168 0.026555 -0.056578
v -0.013985 0.026163 -0.057272
v -0.013789 0.025675 -0.057928
v -0.013326 0.025009 -0.058663
v -0.012878 0.024168 -0.059277
v -0.012492 0.023195 -0.059712
v -0.013164 0.021875 -0.059920
v -0.012628 0.021490 -0.060001
v -0.024800 0.037115 0.057148
v -0.017011 0.025541 -0.054958
v -0.016903 0.025210 -0.056039
v -0.016529 0.024831 -0.057041
v -0.016226 0.024231 -0.057905
v -0.015851 0.023723 -0.058502
v -0.015540 0.023117 -0.059003
v -0.014882 0.022384 -0.059513
v -0.014469 0.021654 -0.059797
v -0.028318 0.034506 0.057148
v -0.019501 0.023762 -0.054652
v -0.019424 0.023669 -0.055223
v -0.019265 0.023439 -0.056065
v -0.019013 0.023167 -0.056800
v -0.018750 0.022804 -0.057476
v -0.018362 0.022374 -0.058126
v -0.017969 0.021883 -0.058682
v -0.017416 0.021142 -0.059271
v -0.016672 0.020388 -0.059717
v -0.017166 0.018829 -0.059927
v -0.016578 0.018614 -0.060001
v -0.014665 0.019418 -0.060027
v -0.031564 0.031564 0.057148
v -0.021709 0.021679 -0.054988
v -0.021461 0.021464 -0.056039
v -0.021056 0.021129 -0.057041
v -0.020735 0.020735 -0.057715
v -0.020301 0.020301 -0.058355
v -0.019702 0.019655 -0.059018
v -0.018910 0.019065 -0.059526
v -0.018415 0.018415 -0.059797
v -0.034506 0.028318 0.057148
v -0.023711 0.019490 -0.054929
v -0.023537 0.019316 -0.055773
v -0.023259 0.019088 -0.056597
v -0.022809 0.018687 -0.057522
v -0.022217 0.018241 -0.058322
v -0.021524 0.017718 -0.058987
v -0.020958 0.017200 -0.059405
v -0.020353 0.016638 -0.059730
v -0.020533 0.015173 -0.059920
v -0.018956 0.015806 -0.060020
v -0.037115 0.024800 0.057148
v -0.025559 0.017078 -0.054652
v -0.025459 0.017011 -0.055223
v -0.025214 0.016875 -0.056065
v -0.024808 0.016544 -0.057059
v -0.024200 0.016201 -0.057948
v -0.023581 0.015674 -0.058682
v -0.022745 0.015217 -0.059286
v -0.021859 0.014705 -0.059712
v -0.021280 0.012989 -0.060000
v -0.039367 0.021042 0.057148
v -0.027063 0.014469 -0.054958
v -0.026745 0.014351 -0.056039
v -0.026331 0.014016 -0.057041
v -0.025675 0.013789 -0.057927
v -0.025004 0.013287 -0.058682
v -0.024352 0.013016 -0.059144
v -0.023735 0.012616 -0.059513
v -0.022968 0.012277 -0.059797
v -0.023150 0.010704 -0.059923
v -0.022997 0.008228 -0.060027
v -0.041240 0.017082 0.057148
v -0.028347 0.011767 -0.054929
v -0.028131 0.011652 -0.055773
v -0.027930 0.011569 -0.056299
v -0.027582 0.011397 -0.057015
v -0.026927 0.011153 -0.057928
v -0.026150 0.010799 -0.058698
v -0.025287 0.010528 -0.059271
v -0.024315 0.010122 -0.059717
v -0.023400 0.008571 -0.060001
v -0.042716 0.012958 0.057148
v -0.029353 0.008952 -0.054958
v -0.029137 0.008839 -0.055773
v -0.028930 0.008776 -0.056299
v -0.028519 0.008651 -0.057082
v -0.027887 0.008460 -0.057926
v -0.027121 0.008197 -0.058670
v -0.026161 0.008030 -0.059286
v -0.025194 0.007601 -0.059723
v -0.024794 0.005982 -0.059924
v -0.043781 0.008708 0.057148
v -0.030149 0.005997 -0.054652
v -0.030031 0.005973 -0.055223
v -0.029864 0.005940 -0.055773
v -0.029544 0.005826 -0.056553
v -0.028950 0.005786 -0.057476
v -0.028388 0.005647 -0.058126
v -0.027754 0.005490 -0.058698
v -0.026812 0.005388 -0.059296
v -0.025773 0.005178 -0.059730
v -0.024630 0.003857 -0.060000
v -0.044423 0.004375 0.057148
v -0.030530 0.003028 -0.054988
v -0.030211 0.002926 -0.056039
v -0.029680 0.002975 -0.057041
v -0.029009 0.002799 -0.057927
v -0.028178 0.002783 -0.058682
v -0.027232 0.002698 -0.059286
v -0.026175 0.002718 -0.059722
v -0.025484 0.001030 -0.059924
v -0.024378 0.000300 -0.060027
v -0.044525 -0.000000 0.059533
v -0.043965 -0.000000 0.059929
v -0.043322 -0.000000 0.060027
v -0.043113 -0.004246 0.060027
v -0.043754 -0.004309 0.059930
v -0.044827 -0.000000 0.057556
v -0.045019 -0.000000 0.058276
v -0.044908 -0.000000 0.058946
v -0.044311 -0.004364 0.059533
v -0.044692 -0.004402 0.058946
v -0.044611 -0.004394 0.057556
v -0.044803 -0.004413 0.058276
v -0.042489 -0.008452 0.060027
v -0.043120 -0.008577 0.059929
v -0.043670 -0.008686 0.059533
v -0.044045 -0.008761 0.058946
v -0.043966 -0.008745 0.057556
v -0.044154 -0.008783 0.058276
v -0.041456 -0.012576 0.060027
v -0.042072 -0.012762 0.059929
v -0.042608 -0.012925 0.059533
v -0.042974 -0.013036 0.058946
v -0.042897 -0.013013 0.057556
v -0.043081 -0.013068 0.058276
v -0.040024 -0.016579 0.060027
v -0.040619 -0.016825 0.059929
v -0.041136 -0.017039 0.059533
v -0.041490 -0.017186 0.058946
v -0.041415 -0.017155 0.057556
v -0.041592 -0.017228 0.058276
v -0.038206 -0.020422 0.060027
v -0.038774 -0.020725 0.059929
v -0.039268 -0.020989 0.059533
v -0.039605 -0.021170 0.058946
v -0.039534 -0.021131 0.057556
v -0.039704 -0.021222 0.058276
v -0.036021 -0.024068 0.060027
v -0.036556 -0.024426 0.059929
v -0.037022 -0.024737 0.059533
v -0.037340 -0.024950 0.058946
v -0.037272 -0.024905 0.057556
v -0.037432 -0.025011 0.058276
v -0.033488 -0.027483 0.060027
v -0.033986 -0.027891 0.059929
v -0.034419 -0.028247 0.059533
v -0.034714 -0.028489 0.058946
v -0.034652 -0.028438 0.057556
v -0.034800 -0.028560 0.058276
v -0.030633 -0.030633 0.060027
v -0.031088 -0.031088 0.059930
v -0.031484 -0.031484 0.059533
v -0.031755 -0.031755 0.058946
v -0.031698 -0.031698 0.057556
v -0.031833 -0.031834 0.058276
v -0.027483 -0.033488 0.060027
v -0.027891 -0.033986 0.059929
v -0.028247 -0.034419 0.059533
v -0.028489 -0.034714 0.058946
v -0.028438 -0.034652 0.057556
v -0.028560 -0.034800 0.058276
v -0.024068 -0.036021 0.060027
v -0.024426 -0.036556 0.059929
v -0.024737 -0.037022 0.059533
v -0.024950 -0.037340 0.058946
v -0.024905 -0.037272 0.057556
v -0.025011 -0.037432 0.058276
v -0.020422 -0.038206 0.060027
v -0.020725 -0.038774 0.059929
v -0.020989 -0.039268 0.059533
v -0.021170 -0.039605 0.058946
v -0.021131 -0.039534 0.057556
v -0.021222 -0.039704 0.058276
v -0.016579 -0.040024 0.060027
v -0.016825 -0.040619 0.059929
v -0.017039 -0.041136 0.059533
v -0.017186 -0.041490 0.058946
v -0.017155 -0.041415 0.057556
v -0.017228 -0.041592 0.058276
v -0.012576 -0.041456 0.060027
v -0.012762 -0.042072 0.059929
v -0.012925 -0.042608 0.059533
v -0.013036 -0.042974 0.058946
v -0.013013 -0.042897 0.057556
v -0.013068 -0.043081 0.058276
v -0.008452 -0.042489 0.060027
v -0.008577 -0.043120 0.059929
v -0.008686 -0.043670 0.059533
v -0.008761 -0.044045 0.058946
v -0.008745 -0.043966 0.057556
v -0.008783 -0.044154 0.058276
v -0.004246 -0.043113 0.060027
v -0.004309 -0.043754 0.059929
v -0.004364 -0.044311 0.059533
v -0.004402 -0.044692 0.058946
v -0.004394 -0.044611 0.057556
v -0.004413 -0.044803 0.058276
v 0.000000 -0.043322 0.060027
v 0.000000 -0.043965 0.059929
v 0.000000 -0.044525 0.059533
v 0.000000 -0.044908 0.058946
v 0.000000 -0.044827 0.057556
v 0.000000 -0.045019 0.058276
v 0.004246 -0.043113 0.060027
v 0.004309 -0.043754 0.059929
v 0.004364 -0.044311 0.059533
v 0.004402 -0.044692 0.058946
v 0.004394 -0.044611 0.057556
v 0.004413 -0.044803 0.058276
v 0.008452 -0.042489 0.060027
v 0.008577 -0.043120 0.059929
v 0.008686 -0.043670 0.059533
v 0.008761 -0.044045 0.058946
v 0.008745 -0.043966 0.057556
v 0.008783 -0.044154 0.058276
v 0.012576 -0.041456 0.060027
v 0.012762 -0.042072 0.059929
v 0.012925 -0.042608 0.059533
v 0.013036 -0.042974 0.058946
v 0.013013 -0.042897 0.057556
v 0.013068 -0.043081 0.058276
v 0.016579 -0.040024 0.060027
v 0.016825 -0.040619 0.059929
v 0.017039 -0.041136 0.059533
v 0.017186 -0.041490 0.058946
v 0.017155 -0.041415 0.057556
v 0.017228 -0.041592 0.058276
v 0.020422 -0.038206 0.060027
v 0.020725 -0.038774 0.059929
v 0.020989 -0.039268 0.059533
v 0.021170 -0.039605 0.058946
v 0.021131 -0.039534 0.057556
v 0.021222 -0.039704 0.058276
v 0.024068 -0.036021 0.060027
v 0.024426 -0.036556 0.059929
v 0.024737 -0.037022 0.059533
v 0.024950 -0.037340 0.058946
v 0.024905 -0.037272 0.057556
v 0.025011 -0.037432 0.058276
v 0.027483 -0.033488 0.060027
v 0.027891 -0.033986 0.059929
v 0.028247 -0.034419 0.059533
v 0.028489 -0.034714 0.058946
v 0.028438 -0.034652 0.057556
v 0.028560 -0.034800 0.058276
v 0.030633 -0.030633 0.060027
v 0.031088 -0.031088 0.059929
v 0.031484 -0.031484 0.059533
v 0.031755 -0.031755 0.058946
v 0.031698 -0.031698 0.057556
v 0.031834 -0.031833 0.058276
v 0.033488 -0.027483 0.060027
v 0.033986 -0.027891 0.059929
v 0.034419 -0.028247 0.059533
v 0.034714 -0.028489 0.058946
v 0.034652 -0.028438 0.057556
v 0.034800 -0.028560 0.058276
v 0.036021 -0.024068 0.060027
v 0.036556 -0.024426 0.059929
v 0.037022 -0.024737 0.059533
v 0.037340 -0.024950 0.058946
v 0.037272 -0.024905 0.057556
v 0.037432 -0.025011 0.058276
v 0.038206 -0.020422 0.060027
v 0.038774 -0.020725 0.059929
v 0.039268 -0.020989 0.059533
v 0.039605 -0.021170 0.058946
v 0.039534 -0.021131 0.057556
v 0.039704 -0.021222 0.058276
v 0.040024 -0.016579 0.060027
v 0.040619 -0.016825 0.059929
v 0.041136 -0.017039 0.059533
v 0.041490 -0.017186 0.058946
v 0.041415 -0.017155 0.057556
v 0.041592 -0.017228 0.058276
v 0.041456 -0.012576 0.060027
v 0.042072 -0.012762 0.059929
v 0.042608 -0.012925 0.059533
v 0.042974 -0.013036 0.058946
v 0.042897 -0.013013 0.057556
v 0.043081 -0.013068 0.058276
v 0.042489 -0.008452 0.060027
v 0.043120 -0.008577 0.059929
v 0.043670 -0.008686 0.059533
v 0.044045 -0.008761 0.058946
v 0.043966 -0.008745 0.057556
v 0.044154 -0.008783 0.058276
v 0.043113 -0.004246 0.060027
v 0.043754 -0.004309 0.059929
v 0.044311 -0.004364 0.059533
v 0.044692 -0.004402 0.058946
v 0.044611 -0.004394 0.057556
v 0.044803 -0.004413 0.058276
v 0.043322 0.000000 0.060027
v 0.043965 0.000000 0.059929
v 0.044525 0.000000 0.059533
v 0.044908 0.000000 0.058946
v 0.044827 0.000000 0.057556
v 0.045019 0.000000 0.058276
v 0.043113 0.004246 0.060027
v 0.043754 0.004309 0.059929
v 0.044311 0.004364 0.059533
v 0.044692 0.004402 0.058946
v 0.044611 0.004394 0.057556
v 0.044803 0.004413 0.058276
v 0.042489 0.008452 0.060027
v 0.043120 0.008577 0.059929
v 0.043670 0.008686 0.059533
v 0.044045 0.008761 0.058946
v 0.043966 0.008745 0.057556
v 0.044154 0.008783 0.058276
v 0.041456 0.012576 0.060027
v 0.042072 0.012762 0.059929
v 0.042608 0.012925 0.059533
v 0.042974 0.013036 0.058946
v 0.042897 0.013013 0.057556
v 0.043081 0.013068 0.058276
v 0.040024 0.016579 0.060027
v 0.040619 0.016825 0.059929
v 0.041136 0.017039 0.059533
v 0.041490 0.017186 0.058946
v 0.041415 0.017155 0.057556
v 0.041592 0.017228 0.058276
v 0.038206 0.020422 0.060027
v 0.038774 0.020725 0.059929
v 0.039268 0.020989 0.059533
v 0.039605 0.021170 0.058946
v 0.039534 0.021131 0.057556
v 0.039704 0.021222 0.058276
v 0.036021 0.024068 0.060027
v 0.036556 0.024426 0.059929
v 0.037022 0.024737 0.059533
v 0.037340 0.024950 0.058946
v 0.037272 0.024905 0.057556
v 0.037432 0.025011 0.058276
v 0.033488 0.027483 0.060027
v 0.033986 0.027891 0.059929
v 0.034419 0.028247 0.059533
v 0.034714 0.028489 0.058946
v 0.034652 0.028438 0.057556
v 0.034800 0.028560 0.058276
v 0.030633 0.030633 0.060027
v 0.031088 0.031088 0.059929
v 0.031484 0.031484 0.059533
v 0.031755 0.031755 0.058946
v 0.031698 0.031698 0.057556
v 0.031834 0.031833 0.058276
v 0.027483 0.033488 0.060027
v 0.027891 0.033986 0.059929
v 0.028247 0.034419 0.059533
v 0.028489 0.034714 0.058946
v 0.028438 0.034652 0.057556
v 0.028560 0.034800 0.058276
v 0.024068 0.036021 0.060027
v 0.024426 0.036556 0.059929
v 0.024737 0.037022 0.059533
v 0.024950 0.037340 0.058946
v 0.024905 0.037272 0.057556
v 0.025011 0.037432 0.058276
v 0.020422 0.038206 0.060027
v 0.020725 0.038774 0.059929
v 0.020989 0.039268 0.059533
v 0.021170 0.039605 0.058946
v 0.021131 0.039534 0.057556
v 0.021222 0.039704 0.058276
v 0.016579 0.040024 0.060027
v 0.016825 0.040619 0.059929
v 0.017039 0.041136 0.059533
v 0.017186 0.041490 0.058946
v 0.017155 0.041415 0.057556
v 0.017228 0.041592 0.058276
v 0.012576 0.041456 0.060027
v 0.012762 0.042072 0.059929
v 0.012925 0.042608 0.059533
v 0.013036 0.042974 0.058946
v 0.013013 0.042897 0.057556
v 0.013068 0.043081 0.058276
v 0.008452 0.042489 0.060027
v 0.008577 0.043120 0.059929
v 0.008686 0.043670 0.059533
v 0.008761 0.044045 0.058946
v 0.008745 0.043966 0.057556
v 0.008783 0.044154 0.058276
v 0.004246 0.043113 0.060027
v 0.004309 0.043753 0.059929
v 0.004364 0.044311 0.059533
v 0.004402 0.044692 0.058946
v 0.004394 0.044611 0.057556
v 0.004413 0.044803 0.058276
v -0.000000 0.043322 0.060027
v -0.000000 0.043965 0.059929
v -0.000000 0.044525 0.059533
v -0.000000 0.044908 0.058946
v -0.000000 0.044827 0.057556
v -0.000000 0.045019 0.058276
v -0.004246 0.043113 0.060027
v -0.004309 0.043753 0.059929
v -0.004364 0.044311 0.059533
v -0.004402 0.044692 0.058946
v -0.004394 0.044611 0.057556
v -0.004413 0.044803 0.058276
v -0.008452 0.042489 0.060027
v -0.008577 0.043120 0.059929
v -0.008686 0.043670 0.059533
v -0.008761 0.044045 0.058946
v -0.008745 0.043966 0.057556
v -0.008783 0.044154 0.058276
v -0.012576 0.041456 0.060027
v -0.012762 0.042072 0.059929
v -0.012925 0.042608 0.059533
v -0.013036 0.042974 0.058946
v -0.013013 0.042897 0.057556
v -0.013068 0.043081 0.058276
v -0.016579 0.040024 0.060027
v -0.016825 0.040619 0.059929
v -0.017039 0.041136 0.059533
v -0.017186 0.041490 0.058946
v -0.017155 0.041415 0.057556
v -0.017228 0.041592 0.058276
v -0.020422 0.038206 0.060027
v -0.020725 0.038774 0.059929
v -0.020989 0.039268 0.059533
v -0.021170 0.039605 0.058946
v -0.021131 0.039534 0.057556
v -0.021222 0.039704 0.058276
v -0.024068 0.036021 0.060027
v -0.024426 0.036556 0.059929
v -0.024737 0.037021 0.059533
v -0.024950 0.037340 0.058946
v -0.024905 0.037272 0.057556
v -0.025011 0.037432 0.058276
v -0.027483 0.033488 0.060027
v -0.027891 0.033986 0.059929
v -0.028247 0.034419 0.059533
v -0.028489 0.034714 0.058946
v -0.028438 0.034652 0.057556
v -0.028560 0.034800 0.058276
v -0.030633 0.030633 0.060027
v -0.031088 0.031088 0.059929
v -0.031484 0.031484 0.059533
v -0.031755 0.031755 0.058946
v -0.031698 0.031698 0.057556
v -0.031834 0.031833 0.058276
v -0.033488 0.027483 0.060027
v -0.033986 0.027891 0.059929
v -0.034419 0.028247 0.059533
v -0.034715 0.028489 0.058946
v -0.034652 0.028438 0.057556
v -0.034800 0.028560 0.058276
v -0.036021 0.024068 0.060027
v -0.036556 0.024426 0.059929
v -0.037022 0.024737 0.059533
v -0.037340 0.024950 0.058946
v -0.037272 0.024905 0.057556
v -0.037432 0.025011 0.058276
v -0.038206 0.020422 0.060027
v -0.038774 0.020725 0.059929
v -0.039268 0.020989 0.059533
v -0.039605 0.021170 0.058946
v -0.039534 0.021131 0.057556
v -0.039704 0.021222 0.058276
v -0.040024 0.016579 0.060027
v -0.040619 0.016825 0.059929
v -0.041136 0.017039 0.059533
v -0.041490 0.017186 0.058946
v -0.041415 0.017155 0.057556
v -0.041592 0.017228 0.058276
v -0.041456 0.012576 0.060027
v -0.042072 0.012762 0.059929
v -0.042608 0.012925 0.059533
v -0.042974 0.013036 0.058946
v -0.042897 0.013013 0.057556
v -0.043081 0.013068 0.058276
v -0.042489 0.008452 0.060027
v -0.043120 0.008577 0.059929
v -0.043670 0.008686 0.059533
v -0.044045 0.008761 0.058946
v -0.043966 0.008745 0.057556
v -0.044154 0.008783 0.058276
v -0.043113 0.004246 0.060027
v -0.043754 0.004309 0.059929
v -0.044311 0.004364 0.059533
v -0.044692 0.004402 0.058946
v -0.044611 0.004394 0.057556
v -0.044803 0.004413 0.058276
v -0.006950 -0.000295 -0.051321
v -0.011298 -0.000511 -0.050570
v -0.013514 0.000000 -0.049978
v -0.018594 -0.000041 -0.048036
v -0.019061 0.000028 -0.047870
v -0.019542 -0.000964 -0.047763
v -0.019753 -0.003099 -0.047743
v -0.022652 -0.002199 -0.047871
v -0.023146 -0.000936 -0.047840
v -0.023676 -0.000031 -0.047745
v -0.024339 -0.000035 -0.047513
v -0.024926 0.000046 -0.047191
v -0.025458 0.000003 -0.046767
v -0.025799 0.000000 -0.046393
v -0.026084 0.000015 -0.045991
v -0.026321 0.000000 -0.045520
v -0.026492 0.000016 -0.045031
v -0.041737 -0.000000 0.057513
v -0.004580 -0.001322 -0.051530
v -0.013359 -0.002100 -0.049980
v -0.015662 -0.001543 -0.049225
v -0.018500 -0.001864 -0.048036
v -0.018982 -0.001855 -0.047866
v -0.023538 -0.002421 -0.047748
v -0.024046 -0.002368 -0.047584
v -0.024541 -0.002417 -0.047353
v -0.025080 -0.002470 -0.046989
v -0.025452 -0.002507 -0.046647
v -0.025799 -0.002541 -0.046235
v -0.026128 -0.002573 -0.045675
v -0.026368 -0.002582 -0.045027
v -0.041536 -0.004091 0.057513
v -0.006577 -0.002285 -0.051325
v -0.008729 -0.002694 -0.051011
v -0.011101 -0.002208 -0.050565
v -0.015435 -0.003070 -0.049225
v -0.018233 -0.003636 -0.048036
v -0.018709 -0.003707 -0.047866
v -0.018968 -0.004791 -0.047763
v -0.022480 -0.005631 -0.047840
v -0.023208 -0.004616 -0.047746
v -0.023698 -0.004714 -0.047584
v -0.024148 -0.004781 -0.047376
v -0.024719 -0.004917 -0.046991
v -0.025199 -0.005012 -0.046522
v -0.025590 -0.005073 -0.045987
v -0.025876 -0.005178 -0.045360
v -0.026019 -0.005175 -0.044857
v -0.040935 -0.008142 0.057513
v -0.010673 -0.003790 -0.050567
v -0.012932 -0.003923 -0.049978
v -0.015060 -0.004568 -0.049225
v -0.017804 -0.005378 -0.048034
v -0.018256 -0.005523 -0.047866
v -0.021737 -0.006489 -0.047870
v -0.022480 -0.006819 -0.047783
v -0.022969 -0.007015 -0.047641
v -0.023589 -0.007134 -0.047363
v -0.024123 -0.007340 -0.046979
v -0.024597 -0.007425 -0.046523
v -0.024971 -0.007573 -0.045977
v -0.025242 -0.007672 -0.045376
v -0.025386 -0.007701 -0.044857
v -0.039940 -0.012116 0.057513
v -0.012207 -0.005864 -0.049973
v -0.014231 -0.006657 -0.049241
v -0.017191 -0.007097 -0.048034
v -0.017638 -0.007274 -0.047863
v -0.018053 -0.007478 -0.047764
v -0.017544 -0.009510 -0.047744
v -0.020767 -0.009814 -0.047862
v -0.021877 -0.008985 -0.047751
v -0.022476 -0.009297 -0.047521
v -0.023007 -0.009551 -0.047200
v -0.023520 -0.009720 -0.046776
v -0.023835 -0.009873 -0.046393
v -0.024121 -0.009974 -0.045961
v -0.024380 -0.010098 -0.045360
v -0.024509 -0.010152 -0.044857
v -0.038560 -0.015972 0.057513
v -0.007843 -0.004725 -0.051005
v -0.009764 -0.005770 -0.050562
v -0.016399 -0.008777 -0.048034
v -0.016841 -0.008951 -0.047866
v -0.016797 -0.010027 -0.047763
v -0.020063 -0.012263 -0.047783
v -0.021156 -0.011330 -0.047648
v -0.021720 -0.011619 -0.047369
v -0.022224 -0.011884 -0.046991
v -0.022659 -0.012114 -0.046523
v -0.023028 -0.012272 -0.045976
v -0.023273 -0.012439 -0.045360
v -0.023396 -0.012506 -0.044857
v -0.036809 -0.019675 0.057513
v -0.003262 -0.003500 -0.051531
v -0.005400 -0.004432 -0.051319
v -0.010873 -0.007996 -0.049987
v -0.013085 -0.008743 -0.049225
v -0.015455 -0.010363 -0.048029
v -0.015876 -0.010590 -0.047863
v -0.018439 -0.013326 -0.047869
v -0.018614 -0.013805 -0.047840
v -0.019956 -0.013299 -0.047653
v -0.020353 -0.013599 -0.047445
v -0.020729 -0.013843 -0.047191
v -0.021170 -0.014141 -0.046767
v -0.021521 -0.014420 -0.046259
v -0.021830 -0.014588 -0.045676
v -0.022032 -0.014720 -0.045014
v -0.034703 -0.023188 0.057513
v -0.006395 -0.006554 -0.051008
v -0.008750 -0.007181 -0.050565
v -0.012165 -0.009984 -0.049225
v -0.014359 -0.011784 -0.048043
v -0.014745 -0.012082 -0.047868
v -0.014707 -0.012924 -0.047761
v -0.013930 -0.014278 -0.047743
v -0.018315 -0.015031 -0.047739
v -0.018824 -0.015448 -0.047508
v -0.019288 -0.015829 -0.047174
v -0.019702 -0.016143 -0.046755
v -0.020004 -0.016460 -0.046259
v -0.020232 -0.016604 -0.045829
v -0.020413 -0.016733 -0.045342
v -0.020507 -0.016830 -0.044857
v -0.032263 -0.026478 0.057513
v -0.007604 -0.008390 -0.050566
v -0.009556 -0.009555 -0.049978
v -0.010473 -0.011759 -0.049229
v -0.013166 -0.013136 -0.048034
v -0.013646 -0.013518 -0.047825
v -0.016292 -0.015804 -0.047871
v -0.015940 -0.016977 -0.047825
v -0.017024 -0.016915 -0.047648
v -0.017391 -0.017422 -0.047376
v -0.017798 -0.017830 -0.046999
v -0.018084 -0.018084 -0.046647
v -0.018313 -0.018337 -0.046244
v -0.018565 -0.018566 -0.045676
v -0.018737 -0.018735 -0.045014
v -0.029512 -0.029512 0.057513
v -0.003551 -0.006003 -0.051323
v -0.008076 -0.010843 -0.049981
v -0.011828 -0.014365 -0.048029
v -0.012118 -0.014743 -0.047863
v -0.012306 -0.015180 -0.047763
v -0.013344 -0.018398 -0.047871
v -0.014974 -0.018345 -0.047742
v -0.015328 -0.018678 -0.047584
v -0.015633 -0.019036 -0.047369
v -0.015965 -0.019482 -0.047001
v -0.016225 -0.019770 -0.046647
v -0.016433 -0.020027 -0.046259
v -0.016662 -0.020280 -0.045692
v -0.016804 -0.020476 -0.045044
v -0.026478 -0.032263 0.057513
v -0.004251 -0.008127 -0.051005
v -0.005863 -0.009676 -0.050570
v -0.008092 -0.013501 -0.049229
v -0.010365 -0.015437 -0.048036
v -0.010596 -0.016021 -0.047825
v -0.010105 -0.017008 -0.047743
v -0.011896 -0.019847 -0.047843
v -0.013165 -0.019641 -0.047751
v -0.013498 -0.020201 -0.047533
v -0.013767 -0.020603 -0.047280
v -0.014027 -0.020954 -0.046979
v -0.014266 -0.021379 -0.046514
v -0.014505 -0.021709 -0.045950
v -0.014676 -0.021938 -0.045342
v -0.014739 -0.022058 -0.044857
v -0.023188 -0.034703 0.057513
v -0.006370 -0.011918 -0.049978
v -0.008777 -0.016399 -0.048034
v -0.008978 -0.016827 -0.047866
v -0.008458 -0.017488 -0.047788
v -0.009709 -0.020530 -0.047871
v -0.011074 -0.020718 -0.047783
v -0.011327 -0.021191 -0.047637
v -0.011612 -0.021724 -0.047367
v -0.011815 -0.022104 -0.047091
v -0.011968 -0.022470 -0.046767
v -0.012220 -0.022830 -0.046273
v -0.012338 -0.023083 -0.045829
v -0.012467 -0.023258 -0.045360
v -0.012506 -0.023396 -0.044857
v -0.019675 -0.036809 0.057513
v -0.001157 -0.004618 -0.051530
v -0.004332 -0.010457 -0.050565
v -0.004495 -0.012726 -0.049987
v -0.006023 -0.014540 -0.049225
v -0.007108 -0.017161 -0.048043
v -0.007308 -0.017606 -0.047868
v -0.005665 -0.019120 -0.047744
v -0.008786 -0.021596 -0.047819
v -0.009120 -0.022018 -0.047697
v -0.009347 -0.022473 -0.047513
v -0.009525 -0.023046 -0.047185
v -0.009742 -0.023520 -0.046766
v -0.009873 -0.023835 -0.046393
v -0.009984 -0.024108 -0.045976
v -0.010127 -0.024368 -0.045360
v -0.010152 -0.024509 -0.044857
v -0.015972 -0.038560 0.057513
v -0.001323 -0.006833 -0.051322
v -0.001749 -0.008986 -0.051008
v -0.002744 -0.010956 -0.050574
v -0.003810 -0.015211 -0.049253
v -0.005389 -0.017802 -0.048034
v -0.005560 -0.018232 -0.047870
v -0.006175 -0.018550 -0.047763
v -0.005245 -0.022128 -0.047870
v -0.006831 -0.022637 -0.047751
v -0.007061 -0.023277 -0.047522
v -0.007216 -0.023874 -0.047181
v -0.007426 -0.024351 -0.046767
v -0.007508 -0.024802 -0.046250
v -0.007638 -0.025127 -0.045660
v -0.007661 -0.025365 -0.045014
v -0.012116 -0.039940 0.057513
v -0.001991 -0.013424 -0.049965
v -0.003587 -0.018245 -0.048036
v -0.003751 -0.018707 -0.047863
v -0.003797 -0.019180 -0.047762
v -0.005125 -0.022733 -0.047825
v -0.004663 -0.023541 -0.047648
v -0.004857 -0.024149 -0.047368
v -0.004901 -0.024731 -0.046983
v -0.004997 -0.025214 -0.046509
v -0.005103 -0.025580 -0.045991
v -0.005135 -0.025815 -0.045520
v -0.005169 -0.025986 -0.045012
v -0.008142 -0.040935 0.057513
v -0.001109 -0.011264 -0.050565
v -0.001543 -0.015662 -0.049225
v -0.001823 -0.018513 -0.048031
v -0.001882 -0.019113 -0.047827
v -0.001011 -0.019759 -0.047743
v -0.001120 -0.022788 -0.047867
v -0.001311 -0.023135 -0.047839
v -0.002290 -0.023564 -0.047745
v -0.002351 -0.024225 -0.047513
v -0.002429 -0.024660 -0.047280
v -0.002451 -0.025068 -0.047001
v -0.002507 -0.025452 -0.046647
v -0.002539 -0.025780 -0.046258
v -0.002565 -0.026047 -0.045829
v -0.002602 -0.026266 -0.045342
v -0.002600 -0.026401 -0.044857
v -0.004091 -0.041536 0.057513
v 0.000696 -0.004694 -0.051531
v 0.001326 -0.006841 -0.051326
v 0.000448 -0.009110 -0.051010
v 0.000554 -0.011281 -0.050574
v -0.000000 -0.013513 -0.049978
v -0.000000 -0.015738 -0.049225
v -0.000032 -0.018578 -0.048042
v 0.000024 -0.019195 -0.047828
v 0.000102 -0.023662 -0.047748
v -0.000025 -0.024306 -0.047527
v 0.000000 -0.024901 -0.047207
v -0.000000 -0.025329 -0.046880
v 0.000035 -0.025694 -0.046523
v 0.000001 -0.026094 -0.045976
v -0.000000 -0.026321 -0.045520
v 0.000016 -0.026492 -0.045031
v 0.000000 -0.041737 0.057513
v 0.002068 -0.013384 -0.049973
v 0.001543 -0.015662 -0.049225
v 0.001794 -0.018522 -0.048029
v 0.001856 -0.018994 -0.047863
v 0.002564 -0.019407 -0.047761
v 0.003650 -0.019611 -0.047743
v 0.003247 -0.022512 -0.047869
v 0.002268 -0.023029 -0.047840
v 0.002319 -0.023549 -0.047746
v 0.002368 -0.024046 -0.047584
v 0.002387 -0.024532 -0.047359
v 0.002489 -0.025089 -0.046983
v 0.002518 -0.025569 -0.046522
v 0.002548 -0.025873 -0.046120
v 0.002559 -0.026137 -0.045660
v 0.002598 -0.026369 -0.045014
v 0.004091 -0.041536 0.057513
v 0.002694 -0.008775 -0.051005
v 0.002208 -0.011101 -0.050565
v 0.003825 -0.015268 -0.049229
v 0.003625 -0.018223 -0.048042
v 0.003721 -0.018831 -0.047828
v 0.005823 -0.022421 -0.047840
v 0.004516 -0.023227 -0.047748
v 0.004714 -0.023698 -0.047584
v 0.004754 -0.024169 -0.047368
v 0.004932 -0.024700 -0.047001
v 0.004989 -0.025084 -0.046647
v 0.005056 -0.025408 -0.046259
v 0.005106 -0.025670 -0.045829
v 0.005147 -0.025882 -0.045360
v 0.005175 -0.026019 -0.044857
v 0.008142 -0.040935 0.057513
v 0.003769 -0.010663 -0.050570
v 0.003923 -0.012932 -0.049978
v 0.005437 -0.017781 -0.048035
v 0.005506 -0.018248 -0.047870
v 0.005672 -0.018697 -0.047763
v 0.007208 -0.021569 -0.047870
v 0.006771 -0.022673 -0.047748
v 0.007087 -0.023280 -0.047516
v 0.007263 -0.023860 -0.047181
v 0.007393 -0.024361 -0.046768
v 0.007522 -0.024790 -0.046259
v 0.007598 -0.025046 -0.045829
v 0.007647 -0.025262 -0.045342
v 0.007701 -0.025386 -0.044857
v 0.012116 -0.039940 0.057513
v 0.002595 -0.003999 -0.051530
v 0.005864 -0.012207 -0.049973
v 0.006023 -0.014540 -0.049225
v 0.007124 -0.017173 -0.048036
v 0.007274 -0.017638 -0.047863
v 0.008371 -0.017526 -0.047789
v 0.008476 -0.017884 -0.047743
v 0.010840 -0.019696 -0.047863
v 0.009939 -0.020904 -0.047842
v 0.008961 -0.021900 -0.047748
v 0.009325 -0.022447 -0.047527
v 0.009483 -0.022893 -0.047280
v 0.009640 -0.023285 -0.046991
v 0.009787 -0.023628 -0.046647
v 0.009895 -0.023930 -0.046273
v 0.010016 -0.024181 -0.045829
v 0.010070 -0.024392 -0.045360
v 0.010152 -0.024509 -0.044857
v 0.015972 -0.038560 0.057513
v 0.003796 -0.005836 -0.051322
v 0.004755 -0.007820 -0.051005
v 0.005336 -0.009982 -0.050565
v 0.008189 -0.013482 -0.049217
v 0.008748 -0.016412 -0.048034
v 0.008960 -0.016823 -0.047870
v 0.011086 -0.020891 -0.047751
v 0.011455 -0.021456 -0.047521
v 0.011681 -0.021853 -0.047280
v 0.011867 -0.022248 -0.046979
v 0.012110 -0.022661 -0.046523
v 0.012256 -0.022929 -0.046120
v 0.012376 -0.023154 -0.045675
v 0.012491 -0.023369 -0.045015
v 0.019675 -0.036809 0.057513
v 0.006772 -0.009058 -0.050570
v 0.008027 -0.010824 -0.049994
v 0.010313 -0.015489 -0.048029
v 0.010686 -0.015992 -0.047819
v 0.011845 -0.015845 -0.047743
v 0.012612 -0.019162 -0.047865
v 0.013103 -0.019724 -0.047742
v 0.013503 -0.020230 -0.047521
v 0.013886 -0.020700 -0.047191
v 0.014147 -0.021166 -0.046767
v 0.014333 -0.021451 -0.046393
v 0.014488 -0.021712 -0.045961
v 0.014686 -0.021924 -0.045360
v 0.014739 -0.022058 -0.044857
v 0.023188 -0.034703 0.057513
v 0.006168 -0.006737 -0.051009
v 0.010501 -0.011685 -0.049241
v 0.011787 -0.014362 -0.048042
v 0.012098 -0.014742 -0.047866
v 0.013040 -0.014388 -0.047788
v 0.014932 -0.018356 -0.047748
v 0.015421 -0.018810 -0.047521
v 0.015819 -0.019244 -0.047200
v 0.016161 -0.019660 -0.046776
v 0.016416 -0.020027 -0.046273
v 0.016604 -0.020232 -0.045829
v 0.016748 -0.020384 -0.045376
v 0.016830 -0.020507 -0.044857
v 0.026478 -0.032263 0.057513
v 0.005379 -0.004442 -0.051321
v 0.008373 -0.007626 -0.050567
v 0.009999 -0.009100 -0.049981
v 0.013177 -0.013119 -0.048035
v 0.013454 -0.013517 -0.047866
v 0.015004 -0.012920 -0.047743
v 0.016681 -0.015451 -0.047871
v 0.016175 -0.016771 -0.047824
v 0.017014 -0.016950 -0.047641
v 0.017424 -0.017412 -0.047369
v 0.017815 -0.017840 -0.046983
v 0.018168 -0.018168 -0.046522
v 0.018384 -0.018384 -0.046120
v 0.018581 -0.018559 -0.045659
v 0.018727 -0.018750 -0.045002
v 0.029512 -0.029512 0.057513
v 0.004412 -0.001902 -0.051531
v 0.007341 -0.005445 -0.051007
v 0.012165 -0.009984 -0.049225
v 0.014378 -0.011787 -0.048036
v 0.014821 -0.012218 -0.047825
v 0.018072 -0.014729 -0.047819
v 0.018564 -0.015209 -0.047648
v 0.019046 -0.015620 -0.047369
v 0.019374 -0.015900 -0.047091
v 0.019679 -0.016150 -0.046766
v 0.019943 -0.016366 -0.046393
v 0.020170 -0.016555 -0.045977
v 0.020398 -0.016742 -0.045360
v 0.020507 -0.016830 -0.044857
v 0.032263 -0.026478 0.057513
v 0.009411 -0.006288 -0.050565
v 0.011236 -0.007508 -0.049978
v 0.013510 -0.008020 -0.049241
v 0.015452 -0.010350 -0.048034
v 0.015833 -0.010633 -0.047866
v 0.016313 -0.010773 -0.047762
v 0.019438 -0.011750 -0.047870
v 0.019767 -0.012282 -0.047829
v 0.019924 -0.013348 -0.047653
v 0.020353 -0.013599 -0.047445
v 0.020751 -0.013836 -0.047181
v 0.021166 -0.014163 -0.046759
v 0.021557 -0.014384 -0.046244
v 0.021831 -0.014586 -0.045676
v 0.022031 -0.014722 -0.045014
v 0.034703 -0.023188 0.057513
v 0.006538 -0.002339 -0.051326
v 0.008231 -0.003981 -0.051007
v 0.010282 -0.004754 -0.050566
v 0.012234 -0.005756 -0.049981
v 0.016416 -0.008774 -0.048028
v 0.016964 -0.009040 -0.047822
v 0.017922 -0.008668 -0.047743
v 0.020820 -0.011244 -0.047748
v 0.021480 -0.011411 -0.047521
v 0.021960 -0.011760 -0.047200
v 0.022339 -0.011940 -0.046880
v 0.022661 -0.012133 -0.046509
v 0.023012 -0.012302 -0.045977
v 0.023272 -0.012440 -0.045360
v 0.023396 -0.012506 -0.044857
v 0.036809 -0.019675 0.057513
v 0.014540 -0.006023 -0.049225
v 0.017173 -0.007124 -0.048036
v 0.017638 -0.007274 -0.047863
v 0.017842 -0.008071 -0.047760
v 0.021531 -0.007336 -0.047870
v 0.021802 -0.007801 -0.047840
v 0.021823 -0.009116 -0.047751
v 0.022495 -0.009250 -0.047521
v 0.022893 -0.009483 -0.047280
v 0.023283 -0.009644 -0.046989
v 0.023628 -0.009787 -0.046647
v 0.023918 -0.009924 -0.046273
v 0.024181 -0.010016 -0.045829
v 0.024380 -0.010099 -0.045360
v 0.024509 -0.010152 -0.044857
v 0.038560 -0.015972 0.057513
v 0.008996 -0.001821 -0.051004
v 0.010981 -0.002705 -0.050570
v 0.012932 -0.003923 -0.049978
v 0.015224 -0.003882 -0.049241
v 0.017779 -0.005393 -0.048042
v 0.018238 -0.005547 -0.047868
v 0.018714 -0.005581 -0.047765
v 0.019579 -0.003895 -0.047743
v 0.022969 -0.007015 -0.047641
v 0.023563 -0.007125 -0.047376
v 0.023984 -0.007276 -0.047091
v 0.024380 -0.007375 -0.046755
v 0.024781 -0.007552 -0.046259
v 0.025134 -0.007592 -0.045676
v 0.025355 -0.007708 -0.045002
v 0.039940 -0.012116 0.057513
v 0.013342 -0.002035 -0.049987
v 0.018245 -0.003587 -0.048036
v 0.018697 -0.003764 -0.047866
v 0.019322 -0.003167 -0.047761
v 0.022419 -0.006389 -0.047823
v 0.023200 -0.004651 -0.047748
v 0.023844 -0.004717 -0.047527
v 0.024303 -0.004834 -0.047280
v 0.024717 -0.004921 -0.046990
v 0.025207 -0.004978 -0.046523
v 0.025586 -0.005122 -0.045977
v 0.025878 -0.005133 -0.045376
v 0.026019 -0.005176 -0.044857
v 0.040935 -0.008142 0.057513
v 0.006986 0.000000 -0.051319
v 0.011311 -0.000583 -0.050567
v 0.015662 -0.001543 -0.049225
v 0.018508 -0.001781 -0.048036
v 0.019120 -0.001952 -0.047822
v 0.022700 -0.001902 -0.047869
v 0.023120 -0.001290 -0.047842
v 0.023560 -0.002384 -0.047742
v 0.024204 -0.002396 -0.047521
v 0.024810 -0.002397 -0.047191
v 0.025207 -0.002483 -0.046880
v 0.025559 -0.002501 -0.046536
v 0.025873 -0.002548 -0.046120
v 0.026122 -0.002558 -0.045692
v 0.026370 -0.002597 -0.045015
v 0.041536 -0.004091 0.057513
v 0.004686 0.000932 -0.051530
v 0.009129 0.000475 -0.051007
v 0.013534 0.000629 -0.049973
v 0.015738 -0.000000 -0.049225
v 0.018594 0.000041 -0.048035
v 0.019208 -0.000090 -0.047825
v 0.019655 0.000955 -0.047753
v 0.019832 0.002083 -0.047744
v 0.023650 -0.000070 -0.047751
v 0.024162 -0.000000 -0.047584
v 0.024648 -0.000029 -0.047359
v 0.025212 0.000018 -0.046983
v 0.025705 -0.000018 -0.046509
v 0.026093 0.000032 -0.045977
v 0.026394 -0.000014 -0.045348
v 0.026529 -0.000000 -0.044857
v 0.041737 0.000000 0.057513
v 0.011264 0.001109 -0.050565
v 0.015662 0.001543 -0.049225
v 0.018513 0.001823 -0.048031
v 0.018991 0.001885 -0.047863
v 0.019185 0.002907 -0.047791
v 0.022819 0.002398 -0.047864
v 0.023572 0.002258 -0.047742
v 0.024046 0.002368 -0.047584
v 0.024519 0.002362 -0.047368
v 0.024943 0.002457 -0.047091
v 0.025346 0.002516 -0.046755
v 0.025790 0.002525 -0.046249
v 0.026137 0.002559 -0.045660
v 0.026366 0.002629 -0.045014
v 0.041536 0.004091 0.057513
v 0.006735 0.001713 -0.051322
v 0.008861 0.002247 -0.051007
v 0.010980 0.002778 -0.050567
v 0.013108 0.003312 -0.049981
v 0.015435 0.003070 -0.049225
v 0.018223 0.003625 -0.048042
v 0.018704 0.003720 -0.047866
v 0.019071 0.004756 -0.047754
v 0.022766 0.004959 -0.047824
v 0.023538 0.004682 -0.047646
v 0.024008 0.004775 -0.047445
v 0.024447 0.004863 -0.047190
v 0.024948 0.004962 -0.046788
v 0.025303 0.005033 -0.046393
v 0.025580 0.005103 -0.045991
v 0.025871 0.005146 -0.045388
v 0.026019 0.005175 -0.044857
v 0.040935 0.008142 0.057513
v 0.015060 0.004568 -0.049225
v 0.017788 0.005406 -0.048036
v 0.018407 0.005489 -0.047825
v 0.018400 0.007726 -0.047743
v 0.021259 0.008176 -0.047869
v 0.022653 0.006835 -0.047748
v 0.023122 0.007014 -0.047584
v 0.023595 0.007127 -0.047359
v 0.024105 0.007355 -0.046990
v 0.024597 0.007425 -0.046523
v 0.024971 0.007573 -0.045976
v 0.025253 0.007659 -0.045360
v 0.025386 0.007701 -0.044857
v 0.039940 0.012116 0.057513
v 0.006119 0.003271 -0.051325
v 0.008042 0.004298 -0.051014
v 0.010242 0.004795 -0.050570
v 0.012485 0.005171 -0.049978
v 0.014540 0.006023 -0.049225
v 0.017190 0.007097 -0.048034
v 0.017637 0.007258 -0.047866
v 0.017698 0.008332 -0.047763
v 0.020998 0.009761 -0.047842
v 0.021874 0.009022 -0.047748
v 0.022447 0.009325 -0.047527
v 0.022893 0.009483 -0.047280
v 0.023288 0.009669 -0.046979
v 0.023751 0.009800 -0.046523
v 0.024020 0.009949 -0.046120
v 0.024254 0.010031 -0.045692
v 0.024481 0.010140 -0.045015
v 0.038560 0.015972 0.057513
v 0.003389 0.003389 -0.051531
v 0.011658 0.006892 -0.049973
v 0.013879 0.007419 -0.049225
v 0.016412 0.008748 -0.048034
v 0.016841 0.008951 -0.047866
v 0.020717 0.011074 -0.047783
v 0.021156 0.011330 -0.047648
v 0.021720 0.011585 -0.047376
v 0.022104 0.011815 -0.047091
v 0.022454 0.011998 -0.046767
v 0.022831 0.012241 -0.046259
v 0.023170 0.012349 -0.045676
v 0.023353 0.012519 -0.045014
v 0.036809 0.019675 0.057513
v 0.009157 0.006669 -0.050566
v 0.013085 0.008743 -0.049225
v 0.015476 0.010315 -0.048034
v 0.015882 0.010559 -0.047866
v 0.015902 0.011422 -0.047761
v 0.014807 0.013420 -0.047743
v 0.018023 0.013873 -0.047870
v 0.018715 0.013663 -0.047839
v 0.018764 0.014171 -0.047783
v 0.019956 0.013299 -0.047653
v 0.020353 0.013599 -0.047445
v 0.020751 0.013836 -0.047181
v 0.021170 0.014141 -0.046767
v 0.021522 0.014399 -0.046273
v 0.021762 0.014541 -0.045829
v 0.021941 0.014662 -0.045360
v 0.022058 0.014739 -0.044857
v 0.034703 0.023188 0.057513
v 0.004940 0.004940 -0.051319
v 0.006544 0.006427 -0.051005
v 0.010063 0.009072 -0.049973
v 0.012165 0.009984 -0.049225
v 0.014390 0.011782 -0.048034
v 0.014905 0.012115 -0.047825
v 0.018600 0.015165 -0.047648
v 0.019015 0.015634 -0.047376
v 0.019374 0.015900 -0.047091
v 0.019701 0.016143 -0.046755
v 0.020022 0.016451 -0.046249
v 0.020311 0.016649 -0.045660
v 0.020468 0.016819 -0.045031
v 0.032263 0.026478 0.057513
v 0.008004 0.008004 -0.050565
v 0.010570 0.011663 -0.049229
v 0.013166 0.013136 -0.048034
v 0.013497 0.013476 -0.047866
v 0.013139 0.014487 -0.047764
v 0.014023 0.017961 -0.047869
v 0.016700 0.016789 -0.047742
v 0.017085 0.017085 -0.047584
v 0.017424 0.017412 -0.047369
v 0.017791 0.017850 -0.046990
v 0.018171 0.018148 -0.046536
v 0.018440 0.018440 -0.046002
v 0.018652 0.018652 -0.045388
v 0.018759 0.018759 -0.044857
v 0.029512 0.029512 0.057513
v 0.006746 0.009095 -0.050566
v 0.008573 0.010446 -0.049978
v 0.011808 0.014389 -0.048028
v 0.012111 0.014758 -0.047860
v 0.013637 0.018725 -0.047840
v 0.015383 0.017477 -0.047827
v 0.015255 0.018511 -0.047652
v 0.015633 0.019036 -0.047369
v 0.015956 0.019507 -0.046990
v 0.016327 0.019839 -0.046523
v 0.016555 0.020170 -0.045976
v 0.016742 0.020398 -0.045360
v 0.016830 0.020507 -0.044857
v 0.026478 0.032263 0.057513
v 0.003566 0.005950 -0.051323
v 0.004735 0.007811 -0.051009
v 0.006891 0.011605 -0.049987
v 0.008743 0.013085 -0.049225
v 0.010294 0.015464 -0.048042
v 0.010603 0.015842 -0.047868
v 0.010786 0.016295 -0.047763
v 0.010383 0.016986 -0.047743
v 0.013103 0.019724 -0.047742
v 0.013424 0.020090 -0.047584
v 0.013692 0.020477 -0.047369
v 0.013979 0.020953 -0.047001
v 0.014209 0.021265 -0.046647
v 0.014365 0.021558 -0.046259
v 0.014586 0.021831 -0.045676
v 0.014722 0.022031 -0.045014
v 0.023188 0.034703 0.057513
v 0.004877 0.010245 -0.050562
v 0.007419 0.013879 -0.049225
v 0.008729 0.016418 -0.048036
v 0.009092 0.016920 -0.047825
v 0.010573 0.020356 -0.047863
v 0.011123 0.020885 -0.047748
v 0.011455 0.021456 -0.047521
v 0.011760 0.021960 -0.047200
v 0.011940 0.022339 -0.046880
v 0.012121 0.022677 -0.046500
v 0.012319 0.023012 -0.045961
v 0.012429 0.023284 -0.045348
v 0.012506 0.023396 -0.044857
v 0.019675 0.036809 0.057513
v 0.000472 0.004794 -0.051531
v 0.002054 0.006650 -0.051322
v 0.003139 0.008597 -0.051005
v 0.005171 0.012485 -0.049978
v 0.005402 0.014820 -0.049217
v 0.007106 0.017180 -0.048036
v 0.007328 0.017616 -0.047863
v 0.008059 0.017843 -0.047761
v 0.006025 0.019016 -0.047743
v 0.008502 0.021693 -0.047824
v 0.009202 0.022164 -0.047648
v 0.009378 0.022777 -0.047368
v 0.009640 0.023285 -0.046991
v 0.009787 0.023628 -0.046647
v 0.009895 0.023930 -0.046273
v 0.010016 0.024181 -0.045829
v 0.010070 0.024392 -0.045360
v 0.010152 0.024509 -0.044857
v 0.015972 0.038560 0.057513
v 0.002696 0.010988 -0.050570
v 0.003333 0.013079 -0.049987
v 0.005389 0.017802 -0.048034
v 0.005579 0.018238 -0.047866
v 0.005574 0.018737 -0.047762
v 0.004918 0.022243 -0.047870
v 0.006798 0.022652 -0.047751
v 0.007080 0.023253 -0.047527
v 0.007193 0.023712 -0.047280
v 0.007329 0.024098 -0.047001
v 0.007424 0.024474 -0.046647
v 0.007522 0.024790 -0.046259
v 0.007598 0.025046 -0.045829
v 0.007647 0.025262 -0.045342
v 0.007701 0.025386 -0.044857
v 0.012116 0.039940 0.057513
v 0.001420 0.009032 -0.051007
v 0.003070 0.015435 -0.049225
v 0.003587 0.018245 -0.048036
v 0.003789 0.018831 -0.047825
v 0.002716 0.019478 -0.047754
v 0.004514 0.022695 -0.047840
v 0.004558 0.023237 -0.047742
v 0.004714 0.023698 -0.047584
v 0.004754 0.024169 -0.047368
v 0.004890 0.024582 -0.047091
v 0.004988 0.024978 -0.046755
v 0.005033 0.025303 -0.046393
v 0.005103 0.025580 -0.045991
v 0.005135 0.025815 -0.045520
v 0.005169 0.025986 -0.045012
v 0.008142 0.040935 0.057513
v 0.000066 0.006971 -0.051321
v 0.000511 0.011298 -0.050570
v 0.000664 0.013512 -0.049980
v 0.001543 0.015662 -0.049225
v 0.001781 0.018508 -0.048036
v 0.001884 0.018979 -0.047866
v 0.001012 0.019378 -0.047791
v -0.000846 0.019996 -0.047744
v 0.001183 0.023116 -0.047842
v 0.002284 0.023551 -0.047748
v 0.002446 0.024199 -0.047521
v 0.002422 0.024793 -0.047200
v 0.002483 0.025207 -0.046880
v 0.002502 0.025583 -0.046509
v 0.002589 0.025965 -0.045976
v 0.002556 0.026265 -0.045360
v 0.002600 0.026401 -0.044857
v 0.004091 0.041536 0.057513
v -0.000449 0.009136 -0.051007
v -0.000681 0.015759 -0.049217
v -0.000041 0.018594 -0.048036
v 0.000029 0.019080 -0.047863
v -0.000146 0.022706 -0.047870
v -0.000000 0.023491 -0.047783
v 0.000045 0.024016 -0.047641
v -0.000000 0.024478 -0.047445
v 0.000024 0.024941 -0.047181
v 0.000003 0.025458 -0.046767
v 0.000002 0.025906 -0.046259
v -0.000000 0.026173 -0.045829
v -0.000000 0.026387 -0.045359
v -0.000000 0.026529 -0.044857
v -0.000000 0.041737 0.057513
v -0.001693 0.011219 -0.050562
v -0.002068 0.013384 -0.049973
v -0.001864 0.018500 -0.048036
v -0.001825 0.018985 -0.047866
v -0.001410 0.019501 -0.047763
v -0.002417 0.022827 -0.047863
v -0.002384 0.023560 -0.047742
v -0.002368 0.024046 -0.047584
v -0.002467 0.024509 -0.047368
v -0.002475 0.025080 -0.046991
v -0.002501 0.025559 -0.046536
v -0.002548 0.025873 -0.046120
v -0.002605 0.026126 -0.045676
v -0.002582 0.026374 -0.045002
v -0.004091 0.041536 0.057513
v -0.001939 0.006687 -0.051322
v -0.002766 0.008729 -0.051008
v -0.003070 0.015435 -0.049225
v -0.003636 0.018233 -0.048036
v -0.003691 0.018700 -0.047870
v -0.004719 0.018984 -0.047763
v -0.004583 0.023040 -0.047783
v -0.004663 0.023541 -0.047648
v -0.004857 0.024149 -0.047368
v -0.004890 0.024582 -0.047091
v -0.005004 0.024962 -0.046767
v -0.005033 0.025303 -0.046393
v -0.005103 0.025580 -0.045991
v -0.005132 0.025881 -0.045372
v -0.005176 0.026019 -0.044857
v -0.008142 0.040935 0.057513
v -0.002243 0.004197 -0.051531
v -0.003815 0.010662 -0.050566
v -0.004540 0.012688 -0.049994
v -0.005283 0.014764 -0.049253
v -0.005409 0.017796 -0.048034
v -0.005511 0.018266 -0.047863
v -0.007492 0.018481 -0.047743
v -0.007521 0.021451 -0.047870
v -0.006207 0.022439 -0.047826
v -0.006948 0.022971 -0.047648
v -0.007201 0.023556 -0.047368
v -0.007276 0.023984 -0.047091
v -0.007390 0.024362 -0.046766
v -0.007520 0.024791 -0.046260
v -0.007638 0.025127 -0.045660
v -0.007675 0.025356 -0.045031
v -0.012116 0.039940 0.057513
v -0.007149 0.017180 -0.048029
v -0.007290 0.017637 -0.047863
v -0.008103 0.017824 -0.047761
v -0.009722 0.021026 -0.047840
v -0.009149 0.021822 -0.047748
v -0.009279 0.022466 -0.047527
v -0.009483 0.022893 -0.047280
v -0.009622 0.023278 -0.047001
v -0.009787 0.023628 -0.046647
v -0.009933 0.023937 -0.046244
v -0.010049 0.024256 -0.045676
v -0.010127 0.024489 -0.045002
v -0.015972 0.038560 0.057513
v -0.003816 0.005811 -0.051323
v -0.005112 0.007571 -0.051011
v -0.005769 0.009732 -0.050570
v -0.006370 0.011918 -0.049978
v -0.007419 0.013879 -0.049225
v -0.008756 0.016401 -0.048036
v -0.009121 0.016918 -0.047822
v -0.011603 0.019526 -0.047870
v -0.011074 0.020718 -0.047783
v -0.011281 0.021201 -0.047641
v -0.011658 0.021699 -0.047368
v -0.011844 0.022245 -0.046990
v -0.012110 0.022661 -0.046523
v -0.012299 0.023013 -0.045976
v -0.012467 0.023258 -0.045360
v -0.012506 0.023396 -0.044857
v -0.019675 0.036809 0.057513
v -0.008133 0.010828 -0.049973
v -0.008743 0.013085 -0.049225
v -0.010325 0.015471 -0.048034
v -0.010624 0.015848 -0.047863
v -0.010856 0.016247 -0.047764
v -0.013340 0.014920 -0.047744
v -0.013670 0.018690 -0.047842
v -0.014171 0.018764 -0.047783
v -0.013269 0.019997 -0.047648
v -0.013695 0.020456 -0.047376
v -0.013925 0.020840 -0.047091
v -0.014147 0.021166 -0.046767
v -0.014374 0.021539 -0.046273
v -0.014541 0.021762 -0.045829
v -0.014676 0.021938 -0.045342
v -0.014739 0.022058 -0.044857
v -0.023188 0.034703 0.057513
v -0.007181 0.008750 -0.050565
v -0.009984 0.012165 -0.049225
v -0.011787 0.014378 -0.048036
v -0.012111 0.014734 -0.047866
v -0.012928 0.014704 -0.047761
v -0.015540 0.016612 -0.047870
v -0.015165 0.018600 -0.047648
v -0.015529 0.018922 -0.047445
v -0.015841 0.019264 -0.047181
v -0.016129 0.019680 -0.046779
v -0.016367 0.019943 -0.046393
v -0.016555 0.020170 -0.045976
v -0.016725 0.020403 -0.045376
v -0.016830 0.020507 -0.044857
v -0.026478 0.032263 0.057513
v -0.003972 0.002654 -0.051530
v -0.005133 0.004685 -0.051322
v -0.006756 0.006159 -0.051007
v -0.008409 0.007562 -0.050570
v -0.010046 0.009021 -0.049987
v -0.011128 0.011128 -0.049225
v -0.013114 0.013159 -0.048042
v -0.013582 0.013582 -0.047824
v -0.016487 0.016487 -0.047817
v -0.016852 0.016852 -0.047697
v -0.017205 0.017169 -0.047527
v -0.017522 0.017522 -0.047280
v -0.017820 0.017820 -0.046989
v -0.018176 0.018149 -0.046533
v -0.018434 0.018455 -0.045991
v -0.018646 0.018668 -0.045372
v -0.018759 0.018759 -0.044857
v -0.029512 0.029512 0.057513
v -0.012659 0.009305 -0.049241
v -0.014385 0.011792 -0.048034
v -0.014734 0.012111 -0.047866
v -0.015733 0.011625 -0.047763
v -0.018513 0.013227 -0.047869
v -0.018282 0.015043 -0.047745
v -0.018792 0.015468 -0.047513
v -0.019155 0.015720 -0.047280
v -0.019455 0.016020 -0.046990
v -0.019862 0.016280 -0.046536
v -0.020097 0.016493 -0.046120
v -0.020296 0.016655 -0.045676
v -0.020482 0.016810 -0.045014
v -0.032263 0.026478 0.057513
v -0.006117 0.003344 -0.051321
v -0.008055 0.004349 -0.051008
v -0.009747 0.005809 -0.050562
v -0.011658 0.006892 -0.049973
v -0.015483 0.010296 -0.048035
v -0.015850 0.010608 -0.047866
v -0.017645 0.009322 -0.047743
v -0.018984 0.013452 -0.047829
v -0.019980 0.013318 -0.047644
v -0.020481 0.013685 -0.047367
v -0.020840 0.013925 -0.047091
v -0.021189 0.014135 -0.046755
v -0.021541 0.014391 -0.046259
v -0.021815 0.014594 -0.045692
v -0.022038 0.014707 -0.045027
v -0.034703 0.023188 0.057513
v -0.013879 0.007419 -0.049225
v -0.016425 0.008745 -0.048029
v -0.016964 0.009040 -0.047822
v -0.020341 0.010638 -0.047863
v -0.020914 0.011107 -0.047742
v -0.021425 0.011480 -0.047527
v -0.021854 0.011681 -0.047280
v -0.022224 0.011884 -0.046990
v -0.022555 0.012056 -0.046647
v -0.022830 0.012220 -0.046273
v -0.023083 0.012338 -0.045829
v -0.023285 0.012429 -0.045342
v -0.023396 0.012506 -0.044857
v -0.036809 0.019675 0.057513
v -0.010702 0.003754 -0.050562
v -0.012739 0.004529 -0.049981
v -0.014540 0.006023 -0.049225
v -0.017173 0.007124 -0.048036
v -0.017637 0.007258 -0.047866
v -0.017827 0.008087 -0.047761
v -0.021851 0.007681 -0.047841
v -0.021874 0.009022 -0.047748
v -0.022447 0.009366 -0.047521
v -0.023046 0.009496 -0.047191
v -0.023522 0.009739 -0.046768
v -0.023921 0.009945 -0.046259
v -0.024256 0.010049 -0.045676
v -0.024492 0.010110 -0.045014
v -0.038560 0.015972 0.057513
v -0.004694 0.000696 -0.051531
v -0.006808 0.001410 -0.051323
v -0.008861 0.002247 -0.051007
v -0.015060 0.004568 -0.049225
v -0.017780 0.005393 -0.048042
v -0.018249 0.005536 -0.047866
v -0.018716 0.005659 -0.047762
v -0.019611 0.003650 -0.047743
v -0.021741 0.006524 -0.047870
v -0.022617 0.006896 -0.047751
v -0.023277 0.007061 -0.047522
v -0.023852 0.007236 -0.047190
v -0.024239 0.007353 -0.046880
v -0.024593 0.007479 -0.046509
v -0.024965 0.007558 -0.045991
v -0.025253 0.007644 -0.045372
v -0.025386 0.007701 -0.044857
v -0.039940 0.012116 0.057513
v -0.011207 0.001635 -0.050567
v -0.013378 0.001957 -0.049981
v -0.015435 0.003070 -0.049225
v -0.018245 0.003629 -0.048031
v -0.018715 0.003737 -0.047863
v -0.019322 0.003166 -0.047761
v -0.022521 0.003042 -0.047871
v -0.022920 0.004156 -0.047825
v -0.023538 0.004682 -0.047646
v -0.024008 0.004775 -0.047445
v -0.024438 0.004908 -0.047191
v -0.024960 0.004948 -0.046779
v -0.025303 0.005033 -0.046393
v -0.025598 0.005108 -0.045961
v -0.025878 0.005133 -0.045376
v -0.026019 0.005176 -0.044857
v -0.040935 0.008142 0.057513
v -0.000000 -0.000000 -0.051706
v -0.009179 -0.000031 -0.051004
v -0.015721 0.000772 -0.049229
v -0.018490 0.001821 -0.048042
v -0.019115 0.001883 -0.047824
v -0.023378 0.002303 -0.047783
v -0.023875 0.002429 -0.047648
v -0.024519 0.002362 -0.047368
v -0.025081 0.002466 -0.046991
v -0.025570 0.002516 -0.046523
v -0.025974 0.002573 -0.045966
v -0.026266 0.002602 -0.045342
v -0.026401 0.002600 -0.044857
v -0.041536 0.004091 0.057513
v -0.042681 -0.000000 0.059822
v -0.042141 -0.000000 0.059382
v -0.041713 -0.000000 0.058025
v -0.041800 -0.000000 0.058773
v -0.041512 -0.004089 0.058025
v -0.041599 -0.004097 0.058773
v -0.041938 -0.004131 0.059382
v -0.043322 -0.000000 0.060027
v -0.042476 -0.004183 0.059822
v -0.043113 -0.004246 0.060027
v -0.040911 -0.008138 0.058025
v -0.040997 -0.008155 0.058773
v -0.041331 -0.008221 0.059382
v -0.041861 -0.008327 0.059822
v -0.042489 -0.008452 0.060027
v -0.039916 -0.012109 0.058025
v -0.040000 -0.012134 0.058773
v -0.040327 -0.012233 0.059382
v -0.040843 -0.012390 0.059822
v -0.041456 -0.012576 0.060027
v -0.038537 -0.015963 0.058025
v -0.038618 -0.015996 0.058773
v -0.038933 -0.016127 0.059382
v -0.039432 -0.016333 0.059822
v -0.040024 -0.016579 0.060027
v -0.036787 -0.019663 0.058025
v -0.036865 -0.019705 0.058773
v -0.037165 -0.019865 0.059382
v -0.037641 -0.020120 0.059822
v -0.038206 -0.020422 0.060027
v -0.034683 -0.023174 0.058025
v -0.034756 -0.023223 0.058773
v -0.035039 -0.023412 0.059382
v -0.035488 -0.023712 0.059822
v -0.036021 -0.024068 0.060027
v -0.032244 -0.026462 0.058025
v -0.032312 -0.026518 0.058773
v -0.032576 -0.026734 0.059382
v -0.032993 -0.027077 0.059822
v -0.033488 -0.027483 0.060027
v -0.029495 -0.029495 0.058025
v -0.029557 -0.029557 0.058773
v -0.029798 -0.029798 0.059382
v -0.030180 -0.030180 0.059822
v -0.030633 -0.030633 0.060027
v -0.026462 -0.032244 0.058025
v -0.026518 -0.032312 0.058773
v -0.026734 -0.032576 0.059382
v -0.027077 -0.032993 0.059822
v -0.027483 -0.033488 0.060027
v -0.023174 -0.034683 0.058025
v -0.023223 -0.034756 0.058773
v -0.023412 -0.035039 0.059382
v -0.023712 -0.035488 0.059822
v -0.024068 -0.036021 0.060027
v -0.019663 -0.036787 0.058025
v -0.019705 -0.036865 0.058773
v -0.019865 -0.037165 0.059382
v -0.020120 -0.037641 0.059822
v -0.020422 -0.038206 0.060027
v -0.015963 -0.038537 0.058025
v -0.015996 -0.038618 0.058773
v -0.016127 -0.038933 0.059382
v -0.016333 -0.039432 0.059822
v -0.016579 -0.040024 0.060027
v -0.012109 -0.039916 0.058025
v -0.012134 -0.040000 0.058773
v -0.012233 -0.040327 0.059382
v -0.012390 -0.040843 0.059822
v -0.012576 -0.041456 0.060027
v -0.008138 -0.040911 0.058025
v -0.008155 -0.040997 0.058773
v -0.008221 -0.041331 0.059382
v -0.008327 -0.041861 0.059822
v -0.008452 -0.042489 0.060027
v -0.004089 -0.041512 0.058025
v -0.004097 -0.041599 0.058773
v -0.004131 -0.041938 0.059382
v -0.004183 -0.042476 0.059822
v -0.004246 -0.043113 0.060027
v 0.000000 -0.041713 0.058025
v 0.000000 -0.041800 0.058773
v 0.000000 -0.042141 0.059382
v 0.000000 -0.042681 0.059822
v 0.000000 -0.043322 0.060027
v 0.004089 -0.041512 0.058025
v 0.004097 -0.041599 0.058773
v 0.004131 -0.041938 0.059382
v 0.004183 -0.042476 0.059822
v 0.004246 -0.043113 0.060027
v 0.008138 -0.040911 0.058025
v 0.008155 -0.040997 0.058773
v 0.008221 -0.041331 0.059382
v 0.008327 -0.041861 0.059822
v 0.008452 -0.042489 0.060027
v 0.012109 -0.039916 0.058025
v 0.012134 -0.040000 0.058773
v 0.012233 -0.040327 0.059382
v 0.012390 -0.040843 0.059822
v 0.012576 -0.041456 0.060027
v 0.015963 -0.038537 0.058025
v 0.015996 -0.038618 0.058773
v 0.016127 -0.038933 0.059382
v 0.016333 -0.039432 0.059822
v 0.016579 -0.040024 0.060027
v 0.019663 -0.036787 0.058025
v 0.019705 -0.036865 0.058773
v 0.019865 -0.037165 0.059382
v 0.020120 -0.037641 0.059822
v 0.020422 -0.038206 0.060027
v 0.023174 -0.034683 0.058025
v 0.023223 -0.034756 0.058773
v 0.023412 -0.035039 0.059382
v 0.023712 -0.035488 0.059822
v 0.024068 -0.036021 0.060027
v 0.026462 -0.032244 0.058025
v 0.026518 -0.032312 0.058773
v 0.026734 -0.032576 0.059382
v 0.027077 -0.032993 0.059822
v 0.027483 -0.033488 0.060027
v 0.029495 -0.029495 0.058025
v 0.029557 -0.029557 0.058773
v 0.029798 -0.029798 0.059382
v 0.030180 -0.030180 0.059822
v 0.030633 -0.030633 0.060027
v 0.032244 -0.026462 0.058025
v 0.032312 -0.026518 0.058773
v 0.032576 -0.026734 0.059382
v 0.032993 -0.027077 0.059822
v 0.033488 -0.027483 0.060027
v 0.034683 -0.023174 0.058025
v 0.034756 -0.023223 0.058773
v 0.035039 -0.023412 0.059382
v 0.035488 -0.023712 0.059822
v 0.036021 -0.024068 0.060027
v 0.036787 -0.019663 0.058025
v 0.036865 -0.019705 0.058773
v 0.037165 -0.019865 0.059382
v 0.037641 -0.020120 0.059822
v 0.038206 -0.020422 0.060027
v 0.038537 -0.015963 0.058025
v 0.038618 -0.015996 0.058773
v 0.038933 -0.016127 0.059382
v 0.039432 -0.016333 0.059822
v 0.040024 -0.016579 0.060027
v 0.039916 -0.012109 0.058025
v 0.040000 -0.012134 0.058773
v 0.040327 -0.012233 0.059382
v 0.040843 -0.012390 0.059822
v 0.041456 -0.012576 0.060027
v 0.040911 -0.008138 0.058025
v 0.040997 -0.008155 0.058773
v 0.041331 -0.008221 0.059382
v 0.041861 -0.008327 0.059822
v 0.042489 -0.008452 0.060027
v 0.041512 -0.004089 0.058025
v 0.041599 -0.004097 0.058773
v 0.041938 -0.004131 0.059382
v 0.042476 -0.004183 0.059822
v 0.043113 -0.004246 0.060027
v 0.041713 0.000000 0.058025
v 0.041800 0.000000 0.058773
v 0.042141 0.000000 0.059382
v 0.042681 0.000000 0.059822
v 0.043322 0.000000 0.060027
v 0.041512 0.004089 0.058025
v 0.041599 0.004097 0.058773
v 0.041938 0.004131 0.059382
v 0.042476 0.004183 0.059822
v 0.043113 0.004246 0.060027
v 0.040911 0.008138 0.058025
v 0.040997 0.008155 0.058773
v 0.041331 0.008221 0.059382
v 0.041861 0.008327 0.059822
v 0.042489 0.008452 0.060027
v 0.039916 0.012109 0.058025
v 0.040000 0.012134 0.058773
v 0.040327 0.012233 0.059382
v 0.040843 0.012390 0.059822
v 0.041456 0.012576 0.060027
v 0.038537 0.015963 0.058025
v 0.038618 0.015996 0.058773
v 0.038933 0.016127 0.059382
v 0.039432 0.016333 0.059822
v 0.040024 0.016579 0.060027
v 0.036787 0.019663 0.058025
v 0.036865 0.019705 0.058773
v 0.037165 0.019865 0.059382
v 0.037641 0.020120 0.059822
v 0.038206 0.020422 0.060027
v 0.034683 0.023174 0.058025
v 0.034756 0.023223 0.058773
v 0.035039 0.023412 0.059382
v 0.035488 0.023712 0.059822
v 0.036021 0.024068 0.060027
v 0.032244 0.026462 0.058025
v 0.032312 0.026518 0.058773
v 0.032576 0.026734 0.059382
v 0.032993 0.027077 0.059822
v 0.033488 0.027483 0.060027
v 0.029495 0.029495 0.058025
v 0.029557 0.029557 0.058773
v 0.029798 0.029798 0.059382
v 0.030180 0.030180 0.059822
v 0.030633 0.030633 0.060027
v 0.026462 0.032244 0.058025
v 0.026518 0.032312 0.058773
v 0.026734 0.032576 0.059382
v 0.027077 0.032993 0.059822
v 0.027483 0.033488 0.060027
v 0.023174 0.034683 0.058025
v 0.023223 0.034756 0.058773
v 0.023412 0.035039 0.059382
v 0.023712 0.035488 0.059822
v 0.024068 0.036021 0.060027
v 0.019663 0.036787 0.058025
v 0.019705 0.036865 0.058773
v 0.019865 0.037165 0.059382
v 0.020120 0.037641 0.059822
v 0.020422 0.038206 0.060027
v 0.015963 0.038537 0.058025
v 0.015996 0.038618 0.058773
v 0.016127 0.038933 0.059382
v 0.016333 0.039432 0.059822
v 0.016579 0.040024 0.060027
v 0.012108 0.039916 0.058025
v 0.012134 0.040000 0.058773
v 0.012233 0.040327 0.059382
v 0.012390 0.040843 0.059822
v 0.012576 0.041456 0.060027
v 0.008138 0.040911 0.058025
v 0.008155 0.040997 0.058773
v 0.008221 0.041331 0.059382
v 0.008327 0.041861 0.059822
v 0.008452 0.042489 0.060027
v 0.004089 0.041512 0.058025
v 0.004097 0.041599 0.058773
v 0.004131 0.041938 0.059382
v 0.004183 0.042476 0.059822
v 0.004246 0.043113 0.060027
v -0.000000 0.041713 0.058025
v -0.000000 0.041800 0.058773
v -0.000000 0.042141 0.059382
v -0.000000 0.042681 0.059822
v -0.000000 0.043322 0.060027
v -0.004089 0.041512 0.058025
v -0.004097 0.041599 0.058773
v -0.004131 0.041938 0.059382
v -0.004184 0.042476 0.059822
v -0.004246 0.043113 0.060027
v -0.008138 0.040911 0.058025
v -0.008155 0.040997 0.058773
v -0.008221 0.041331 0.059382
v -0.008327 0.041861 0.059822
v -0.008452 0.042489 0.060027
v -0.012109 0.039916 0.058025
v -0.012134 0.040000 0.058773
v -0.012233 0.040327 0.059382
v -0.012390 0.040843 0.059822
v -0.012576 0.041456 0.060027
v -0.015963 0.038537 0.058025
v -0.015996 0.038618 0.058773
v -0.016127 0.038933 0.059382
v -0.016333 0.039432 0.059822
v -0.016579 0.040024 0.060027
v -0.019663 0.036787 0.058025
v -0.019705 0.036865 0.058773
v -0.019865 0.037165 0.059382
v -0.020120 0.037641 0.059822
v -0.020422 0.038206 0.060027
v -0.023174 0.034683 0.058025
v -0.023223 0.034756 0.058773
v -0.023412 0.035039 0.059382
v -0.023712 0.035488 0.059822
v -0.024068 0.036021 0.060027
v -0.026462 0.032244 0.058025
v -0.026518 0.032312 0.058773
v -0.026734 0.032576 0.059382
v -0.027077 0.032993 0.059822
v -0.027483 0.033488 0.060027
v -0.029495 0.029495 0.058025
v -0.029557 0.029557 0.058773
v -0.029798 0.029798 0.059382
v -0.030180 0.030180 0.059822
v -0.030633 0.030633 0.060027
v -0.032244 0.026462 0.058025
v -0.032312 0.026518 0.058773
v -0.032576 0.026734 0.059382
v -0.032993 0.027077 0.059822
v -0.033488 0.027483 0.060027
v -0.034683 0.023174 0.058025
v -0.034756 0.023223 0.058773
v -0.035039 0.023412 0.059382
v -0.035488 0.023712 0.059822
v -0.036021 0.024068 0.060027
v -0.036787 0.019663 0.058025
v -0.036865 0.019704 0.058773
v -0.037165 0.019865 0.059382
v -0.037641 0.020120 0.059822
v -0.038206 0.020422 0.060027
v -0.038537 0.015963 0.058025
v -0.038618 0.015996 0.058773
v -0.038933 0.016127 0.059382
v -0.039432 0.016333 0.059822
v -0.040024 0.016579 0.060027
v -0.039916 0.012108 0.058025
v -0.040000 0.012134 0.058773
v -0.040327 0.012233 0.059382
v -0.040843 0.012390 0.059822
v -0.041456 0.012576 0.060027
v -0.040911 0.008138 0.058025
v -0.040997 0.008155 0.058773
v -0.041331 0.008221 0.059382
v -0.041861 0.008327 0.059822
v -0.042489 0.008452 0.060027
v -0.041512 0.004089 0.058025
v -0.041599 0.004097 0.058773
v -0.041938 0.004131 0.059382
v -0.042476 0.004183 0.059822
v -0.043113 0.004246 0.060027
vn -0.9874 -0.0981 -0.1245
vn -0.9473 -0.0155 -0.3199
vn -0.9921 0.0001 -0.1252
vn -0.9923 0.0001 -0.1236
vn -0.9869 -0.0993 -0.1268
vn -0.9640 0.0165 -0.2652
vn -0.9392 -0.0146 -0.3430
vn -0.9180 -0.0841 -0.3876
vn -0.8858 0.0002 -0.4641
vn -0.8345 -0.0855 -0.5444
vn -0.8114 0.0100 -0.5844
vn -0.7401 -0.0105 -0.6724
vn -0.6417 0.0001 -0.7669
vn -0.7199 -0.0689 -0.6907
vn -0.5144 -0.0001 -0.8575
vn -0.5989 -0.0588 -0.7987
vn -0.4676 -0.0472 -0.8827
vn -0.3855 0.0003 -0.9227
vn -0.3082 -0.0316 -0.9508
vn -0.2763 0.0010 -0.9611
vn -0.1868 0.0065 -0.9824
vn -0.9706 -0.2054 -0.1253
vn -0.9412 -0.1083 -0.3199
vn -0.9770 -0.1728 -0.1249
vn -0.9072 -0.1712 -0.3843
vn -0.7514 -0.1461 -0.6435
vn -0.8326 -0.1740 -0.5259
vn -0.6600 -0.1287 -0.7402
vn -0.5557 -0.1039 -0.8249
vn -0.4413 -0.0899 -0.8928
vn -0.1865 -0.0287 -0.9820
vn -0.3131 -0.0635 -0.9476
vn -0.0709 -0.0046 -0.9975
vn -0.0016 -0.0009 -1.0000
vn -0.0873 -0.0214 -0.9960
vn -0.0001 -0.0000 -1.0000
vn -0.0031 -0.0000 -1.0000
vn -0.9033 -0.2666 -0.3361
vn -0.9317 -0.1969 -0.3053
vn -0.9556 -0.2673 -0.1243
vn -0.9056 -0.2709 -0.3264
vn -0.8441 -0.2561 -0.4712
vn -0.7637 -0.2346 -0.6014
vn -0.6758 -0.2049 -0.7080
vn -0.5715 -0.1692 -0.8030
vn -0.3695 -0.1067 -0.9231
vn -0.4696 -0.1483 -0.8703
vn -0.2541 -0.0768 -0.9641
vn -0.1613 -0.0553 -0.9854
vn -0.9461 -0.2989 -0.1248
vn -0.8812 -0.3482 -0.3199
vn -0.9167 -0.3800 -0.1236
vn -0.8934 -0.3587 -0.2705
vn -0.6928 -0.2924 -0.6592
vn -0.5913 -0.2442 -0.7686
vn -0.4876 -0.2005 -0.8497
vn -0.3641 -0.1485 -0.9194
vn -0.2431 -0.1033 -0.9645
vn -0.0920 -0.0426 -0.9948
vn -0.9166 -0.3798 -0.1252
vn -0.8408 -0.4442 -0.3094
vn -0.8750 -0.4678 -0.1245
vn -0.8530 -0.3576 -0.3803
vn -0.8749 -0.4675 -0.1265
vn -0.7841 -0.3269 -0.5275
vn -0.8111 -0.4300 -0.3965
vn -0.7466 -0.3966 -0.5342
vn -0.5137 -0.2772 -0.8120
vn -0.5985 -0.3126 -0.7376
vn -0.4009 -0.2135 -0.8909
vn -0.2895 -0.1555 -0.9445
vn -0.1636 -0.0908 -0.9823
vn -0.7854 -0.5300 -0.3199
vn -0.8365 -0.5337 -0.1239
vn -0.7527 -0.4997 -0.4287
vn -0.6671 -0.3708 -0.6461
vn -0.6928 -0.4666 -0.5498
vn -0.5549 -0.3652 -0.7475
vn -0.6277 -0.4275 -0.6506
vn -0.3500 -0.2276 -0.9087
vn -0.4531 -0.3044 -0.8378
vn -0.2485 -0.1697 -0.9536
vn -0.0610 -0.0410 -0.9973
vn -0.1438 -0.1131 -0.9831
vn -0.8173 -0.5625 -0.1247
vn -0.7296 -0.6044 -0.3200
vn -0.7789 -0.6146 -0.1247
vn -0.7961 -0.5285 -0.2947
vn -0.7308 -0.5893 -0.3446
vn -0.6154 -0.5155 -0.5963
vn -0.5516 -0.4444 -0.7059
vn -0.4615 -0.3824 -0.8005
vn -0.3501 -0.2845 -0.8925
vn -0.2452 -0.2039 -0.9478
vn -0.0024 -0.0023 -1.0000
vn -0.7590 -0.6390 -0.1248
vn -0.6630 -0.6630 -0.3477
vn -0.7158 -0.6871 -0.1245
vn -0.6760 -0.6543 -0.3390
vn -0.6826 -0.5619 -0.4673
vn -0.6214 -0.6202 -0.4787
vn -0.5063 -0.4907 -0.7091
vn -0.5577 -0.5778 -0.5960
vn -0.3654 -0.3557 -0.8602
vn -0.4220 -0.4373 -0.7942
vn -0.1888 -0.1881 -0.9638
vn -0.2790 -0.2779 -0.9192
vn -0.1120 -0.1233 -0.9860
vn -0.6200 -0.7746 -0.1248
vn -0.6928 -0.7103 -0.1244
vn -0.6453 -0.7537 -0.1245
vn -0.6087 -0.7173 -0.3390
vn -0.5564 -0.6785 -0.4797
vn -0.4565 -0.5385 -0.7083
vn -0.4981 -0.6253 -0.6007
vn -0.3224 -0.3916 -0.8618
vn -0.3869 -0.4829 -0.7855
vn -0.2365 -0.2910 -0.9270
vn -0.1573 -0.1970 -0.9677
vn -0.5418 -0.8312 -0.1248
vn -0.6044 -0.7296 -0.3200
vn -0.5691 -0.8128 -0.1243
vn -0.5322 -0.7822 -0.3240
vn -0.4739 -0.7037 -0.5294
vn -0.4911 -0.7583 -0.4288
vn -0.4007 -0.5795 -0.7096
vn -0.4279 -0.6548 -0.6230
vn -0.3301 -0.4975 -0.8022
vn -0.1787 -0.2647 -0.9476
vn -0.2519 -0.3869 -0.8870
vn -0.0969 -0.1659 -0.9814
vn -0.0504 -0.0697 -0.9963
vn -0.0005 -0.0008 -1.0000
vn -0.4677 -0.8749 -0.1258
vn -0.5300 -0.7853 -0.3199
vn -0.4675 -0.8753 -0.1236
vn -0.4634 -0.8442 -0.2695
vn -0.4335 -0.8245 -0.3638
vn -0.4075 -0.7728 -0.4865
vn -0.3779 -0.7051 -0.6000
vn -0.3380 -0.6224 -0.7060
vn -0.2773 -0.5167 -0.8100
vn -0.1628 -0.2942 -0.9418
vn -0.2105 -0.4080 -0.8884
vn -0.0313 -0.0687 -0.9971
vn -0.3692 -0.8683 -0.3313
vn -0.4589 -0.8344 -0.3053
vn -0.3791 -0.9170 -0.1242
vn -0.3783 -0.9170 -0.1268
vn -0.3521 -0.8485 -0.3951
vn -0.2920 -0.7047 -0.6466
vn -0.2551 -0.6212 -0.7410
vn -0.2210 -0.5179 -0.8264
vn -0.1213 -0.2807 -0.9521
vn -0.1710 -0.4305 -0.8862
vn -0.0612 -0.1767 -0.9824
vn -0.2881 -0.9494 -0.1253
vn -0.2882 -0.9495 -0.1240
vn -0.2778 -0.9058 -0.3200
vn -0.3245 -0.7846 -0.5283
vn -0.2605 -0.8531 -0.4520
vn -0.2350 -0.7851 -0.5731
vn -0.1807 -0.5875 -0.7888
vn -0.1121 -0.3674 -0.9233
vn -0.1402 -0.4897 -0.8605
vn -0.0836 -0.2704 -0.9591
vn 0.0001 -0.0021 -1.0000
vn -0.0261 -0.0968 -0.9950
vn -0.1943 -0.9730 -0.1245
vn -0.2716 -0.9113 -0.3094
vn -0.1951 -0.9727 -0.1255
vn -0.1827 -0.9202 -0.3463
vn -0.1706 -0.8603 -0.4804
vn -0.2099 -0.6956 -0.6871
vn -0.1368 -0.6913 -0.7095
vn -0.1562 -0.7879 -0.5957
vn -0.1131 -0.5772 -0.8087
vn -0.0600 -0.2934 -0.9541
vn -0.0889 -0.4515 -0.8879
vn -0.0289 -0.1805 -0.9831
vn -0.0838 -0.9886 -0.1247
vn -0.1696 -0.9321 -0.3199
vn -0.1182 -0.9853 -0.1237
vn -0.0941 -0.9570 -0.2745
vn -0.0835 -0.8523 -0.5163
vn -0.0906 -0.9176 -0.3870
vn -0.0753 -0.7647 -0.6399
vn -0.0655 -0.6665 -0.7426
vn -0.0533 -0.5373 -0.8417
vn -0.0403 -0.4039 -0.9139
vn -0.0254 -0.2889 -0.9570
vn 0.0124 -0.9920 -0.1252
vn -0.0774 -0.9443 -0.3199
vn -0.0191 -0.9920 -0.1246
vn -0.0086 -0.9425 -0.3341
vn 0.0037 -0.8855 -0.4646
vn -0.0013 -0.8069 -0.5906
vn -0.0021 -0.7151 -0.6990
vn -0.0012 -0.4976 -0.8674
vn -0.0013 -0.6094 -0.7929
vn 0.0015 -0.3752 -0.9269
vn -0.0042 -0.2603 -0.9655
vn 0.0015 -0.1712 -0.9852
vn 0.0001 -0.0028 -1.0000
vn 0.0774 -0.9443 -0.3199
vn -0.0000 -0.9474 -0.3201
vn 0.0770 -0.9892 -0.1246
vn 0.0754 -0.9417 -0.3280
vn 0.0758 -0.7626 -0.6424
vn 0.0717 -0.6688 -0.7400
vn 0.0514 -0.5658 -0.8229
vn 0.0277 -0.3019 -0.9529
vn 0.0483 -0.4429 -0.8953
vn 0.0041 -0.0981 -0.9952
vn 0.0297 -0.1804 -0.9831
vn 0.1097 -0.9861 -0.1248
vn 0.1810 -0.9336 -0.3094
vn 0.1733 -0.9769 -0.1248
vn 0.1771 -0.9115 -0.3711
vn 0.1011 -0.8887 -0.4472
vn 0.1603 -0.8345 -0.5272
vn 0.0720 -0.8385 -0.5401
vn 0.1484 -0.7459 -0.6493
vn 0.1085 -0.5662 -0.8171
vn 0.1385 -0.6613 -0.7372
vn 0.0585 -0.2987 -0.9525
vn 0.0916 -0.4311 -0.8976
vn -0.0001 -0.0003 -1.0000
vn 0.2055 -0.9707 -0.1248
vn 0.2792 -0.9054 -0.3199
vn 0.2679 -0.9554 -0.1241
vn 0.2725 -0.9074 -0.3200
vn 0.2294 -0.7815 -0.5803
vn 0.2597 -0.8504 -0.4576
vn 0.1899 -0.6156 -0.7648
vn 0.1578 -0.5119 -0.8444
vn 0.1265 -0.3977 -0.9087
vn 0.0879 -0.3115 -0.9462
vn 0.0627 -0.1768 -0.9822
vn 0.0314 -0.0889 -0.9955
vn 0.2997 -0.9458 -0.1248
vn 0.3539 -0.8728 -0.3361
vn 0.3596 -0.9248 -0.1246
vn 0.3577 -0.8726 -0.3326
vn 0.2197 -0.7118 -0.6671
vn 0.3157 -0.7681 -0.5571
vn 0.2802 -0.6723 -0.6852
vn 0.1783 -0.4317 -0.8842
vn 0.1291 -0.3126 -0.9411
vn 0.0004 -0.0000 -1.0000
vn 0.3901 -0.9123 -0.1248
vn 0.4466 -0.8356 -0.3199
vn 0.4493 -0.8848 -0.1237
vn 0.4543 -0.8510 -0.2636
vn 0.3554 -0.8292 -0.4315
vn 0.4338 -0.8264 -0.3589
vn 0.3800 -0.6959 -0.6094
vn 0.4181 -0.7799 -0.4657
vn 0.3136 -0.5854 -0.7476
vn 0.2332 -0.5606 -0.7946
vn 0.2546 -0.4871 -0.8354
vn 0.2001 -0.3720 -0.9064
vn 0.1308 -0.2469 -0.9602
vn 0.0353 -0.0674 -0.9971
vn 0.0950 -0.1570 -0.9830
vn 0.5612 -0.8182 -0.1248
vn 0.4797 -0.8686 -0.1243
vn 0.5350 -0.8356 -0.1246
vn 0.5112 -0.7879 -0.3432
vn 0.4875 -0.7306 -0.4782
vn 0.3766 -0.5703 -0.7300
vn 0.4508 -0.6542 -0.6073
vn 0.2968 -0.4541 -0.8401
vn 0.1553 -0.2314 -0.9604
vn 0.2204 -0.3252 -0.9196
vn 0.0028 -0.0030 -1.0000
vn 0.0604 -0.0790 -0.9950
vn 0.6381 -0.7598 -0.1248
vn 0.5392 -0.7790 -0.3199
vn 0.6126 -0.7805 -0.1243
vn 0.5940 -0.7279 -0.3424
vn 0.5485 -0.6718 -0.4978
vn 0.4506 -0.5523 -0.7014
vn 0.5107 -0.6149 -0.6009
vn 0.3068 -0.3840 -0.8709
vn 0.1723 -0.2123 -0.9619
vn 0.2621 -0.3075 -0.9148
vn 0.1137 -0.1282 -0.9852
vn 0.7109 -0.6921 -0.1248
vn 0.6130 -0.7224 -0.3199
vn 0.6867 -0.7163 -0.1236
vn 0.6820 -0.6826 -0.2628
vn 0.6291 -0.6307 -0.4544
vn 0.6649 -0.6550 -0.3589
vn 0.5825 -0.5823 -0.5671
vn 0.5232 -0.5362 -0.6624
vn 0.3847 -0.4702 -0.7943
vn 0.3730 -0.3747 -0.8488
vn 0.4689 -0.4670 -0.7497
vn 0.2756 -0.2757 -0.9209
vn 0.1996 -0.1952 -0.9602
vn 0.0675 -0.0617 -0.9958
vn 0.7741 -0.6207 -0.1248
vn 0.6710 -0.6609 -0.3361
vn 0.7540 -0.6450 -0.1244
vn 0.7359 -0.5996 -0.3147
vn 0.6922 -0.5802 -0.4292
vn 0.6532 -0.5245 -0.5461
vn 0.5668 -0.4748 -0.6733
vn 0.3773 -0.3078 -0.8735
vn 0.2694 -0.2179 -0.9380
vn 0.1532 -0.1229 -0.9805
vn 0.0148 -0.0102 -0.9998
vn 0.8324 -0.5399 -0.1252
vn 0.7296 -0.6044 -0.3199
vn 0.8135 -0.5683 -0.1236
vn 0.7991 -0.5348 -0.2746
vn 0.7574 -0.5112 -0.4062
vn 0.6081 -0.4153 -0.6765
vn 0.7032 -0.4615 -0.5409
vn 0.4796 -0.3910 -0.7856
vn 0.4972 -0.3295 -0.8027
vn 0.3722 -0.2485 -0.8942
vn 0.1488 -0.0884 -0.9849
vn 0.8365 -0.4524 -0.3093
vn 0.7854 -0.5384 -0.3053
vn 0.8659 -0.4844 -0.1247
vn 0.8265 -0.4528 -0.3344
vn 0.7773 -0.4176 -0.4706
vn 0.6230 -0.3327 -0.7080
vn 0.7090 -0.3805 -0.5937
vn 0.4502 -0.2427 -0.8593
vn 0.5413 -0.2821 -0.7921
vn 0.2585 -0.1725 -0.9505
vn 0.2264 -0.1171 -0.9670
vn 0.3381 -0.1809 -0.9236
vn 0.8808 -0.4567 -0.1248
vn 0.8662 -0.3588 -0.3477
vn 0.9086 -0.3987 -0.1248
vn 0.8589 -0.3632 -0.3611
vn 0.7916 -0.3308 -0.5137
vn 0.7158 -0.2967 -0.6321
vn 0.6299 -0.2586 -0.7324
vn 0.5217 -0.2156 -0.8255
vn 0.4137 -0.1707 -0.8942
vn 0.2956 -0.1215 -0.9476
vn 0.1701 -0.0641 -0.9833
vn 0.0785 -0.0356 -0.9963
vn 0.0166 -0.0045 -0.9999
vn 0.9494 -0.2881 -0.1252
vn 0.9213 -0.3685 -0.1243
vn 0.9493 -0.2889 -0.1241
vn 0.9019 -0.2774 -0.3312
vn 0.8484 -0.2577 -0.4624
vn 0.7838 -0.2459 -0.5702
vn 0.7073 -0.2121 -0.6743
vn 0.4930 -0.1485 -0.8572
vn 0.6053 -0.1797 -0.7754
vn 0.2545 -0.0724 -0.9644
vn 0.3774 -0.1147 -0.9189
vn 0.0919 -0.0232 -0.9955
vn 0.9704 -0.2066 -0.1247
vn 0.9054 -0.2792 -0.3199
vn 0.9387 -0.1846 -0.2911
vn 0.8887 -0.1768 -0.4231
vn 0.8116 -0.1670 -0.5598
vn 0.7111 -0.1418 -0.6886
vn 0.5981 -0.1183 -0.7926
vn 0.4779 -0.0952 -0.8732
vn 0.3644 -0.0726 -0.9284
vn 0.1805 -0.0274 -0.9832
vn 0.2702 -0.0547 -0.9612
vn 0.9862 -0.1085 -0.1248
vn 0.9336 -0.1810 -0.3094
vn 0.9772 -0.1727 -0.1238
vn 0.9250 -0.0906 -0.3690
vn 0.9893 -0.0755 -0.1250
vn 0.8587 -0.0826 -0.5057
vn 0.7707 -0.0761 -0.6326
vn 0.6634 -0.0665 -0.7453
vn 0.5452 -0.0534 -0.8366
vn 0.4199 -0.0398 -0.9067
vn 0.2792 -0.0264 -0.9599
vn 0.0779 -0.0043 -0.9970
vn 0.9922 -0.0000 -0.1249
vn 0.9443 -0.0774 -0.3199
vn 0.9431 0.0036 -0.3325
vn 0.9922 -0.0000 -0.1247
vn 0.8745 0.0017 -0.4850
vn 0.7885 0.0014 -0.6151
vn 0.6976 -0.0085 -0.7165
vn 0.5880 0.0001 -0.8089
vn 0.4568 0.0005 -0.8896
vn 0.3321 -0.0009 -0.9432
vn 0.1857 0.0020 -0.9826
vn 0.9443 0.0774 -0.3199
vn 0.9474 -0.0000 -0.3201
vn 0.9893 0.0755 -0.1246
vn 0.8814 0.0878 -0.4641
vn 0.9376 0.1015 -0.3326
vn 0.7968 0.0766 -0.5993
vn 0.6765 0.0603 -0.7340
vn 0.5344 0.0564 -0.8433
vn 0.3924 0.0382 -0.9190
vn 0.2637 0.0284 -0.9642
vn 0.0807 0.0139 -0.9966
vn 0.9862 0.1085 -0.1248
vn 0.9321 0.1696 -0.3199
vn 0.9772 0.1727 -0.1237
vn 0.9429 0.1875 -0.2751
vn 0.8169 0.1627 -0.5534
vn 0.6275 0.1258 -0.7684
vn 0.4147 0.0815 -0.9063
vn 0.5259 0.1123 -0.8431
vn 0.2834 0.0569 -0.9573
vn 0.1876 0.0360 -0.9816
vn 0.9704 0.2067 -0.1247
vn 0.9110 0.2601 -0.3199
vn 0.9552 0.2686 -0.1245
vn 0.9105 0.2642 -0.3181
vn 0.8941 0.1819 -0.4093
vn 0.8625 0.2756 -0.4243
vn 0.8073 0.2425 -0.5379
vn 0.7089 0.2083 -0.6739
vn 0.7296 0.1365 -0.6701
vn 0.4430 0.1340 -0.8864
vn 0.5792 0.1796 -0.7952
vn 0.3159 0.0949 -0.9440
vn 0.1731 0.0552 -0.9834
vn 0.0138 0.0056 -0.9999
vn 0.0957 0.0388 -0.9946
vn 0.9461 0.2989 -0.1248
vn 0.8751 0.3529 -0.3312
vn 0.9171 0.3789 -0.1238
vn 0.8780 0.3590 -0.3165
vn 0.6479 0.2666 -0.7135
vn 0.4735 0.1888 -0.8603
vn 0.5583 0.2398 -0.7942
vn 0.2571 0.1116 -0.9599
vn 0.8809 0.4567 -0.1247
vn 0.9167 0.3797 -0.1246
vn 0.8513 0.4539 -0.2633
vn 0.8646 0.4871 -0.1237
vn 0.8163 0.3401 -0.4669
vn 0.7506 0.3988 -0.5269
vn 0.8119 0.4310 -0.3938
vn 0.7388 0.3038 -0.6016
vn 0.6735 0.3609 -0.6451
vn 0.4649 0.2468 -0.8503
vn 0.5824 0.3131 -0.7502
vn 0.3683 0.1540 -0.9169
vn 0.3309 0.1777 -0.9268
vn 0.1825 0.0970 -0.9784
vn 0.0768 0.0448 -0.9960
vn 0.8250 0.5512 -0.1248
vn 0.8365 0.4524 -0.3093
vn 0.8249 0.5512 -0.1251
vn 0.7823 0.5252 -0.3349
vn 0.7374 0.4904 -0.4644
vn 0.6714 0.4512 -0.5879
vn 0.2618 0.1721 -0.9497
vn 0.3814 0.2598 -0.8872
vn 0.1471 0.1165 -0.9822
vn 0.7421 0.5890 -0.3199
vn 0.7877 0.5263 -0.3201
vn 0.7671 0.6295 -0.1236
vn 0.7549 0.6026 -0.2587
vn 0.7044 0.5635 -0.4317
vn 0.7141 0.6124 -0.3392
vn 0.6456 0.5316 -0.5482
vn 0.5723 0.4700 -0.6720
vn 0.5915 0.3973 -0.7016
vn 0.4755 0.3824 -0.7923
vn 0.5051 0.3314 -0.7969
vn 0.2664 0.2185 -0.9388
vn 0.3640 0.3039 -0.8804
vn 0.7669 0.6295 -0.1252
vn 0.6699 0.6700 -0.3199
vn 0.7012 0.7021 -0.1242
vn 0.7006 0.7024 -0.1253
vn 0.6282 0.6236 -0.4652
vn 0.6591 0.6756 -0.3303
vn 0.4060 0.4072 -0.8181
vn 0.4894 0.4904 -0.7211
vn 0.3115 0.3108 -0.8980
vn 0.2123 0.2108 -0.9542
vn 0.0148 0.0127 -0.9998
vn 0.1251 0.1407 -0.9821
vn 0.0006 0.0007 -1.0000
vn 0.6208 0.7740 -0.1248
vn 0.6464 0.7527 -0.1249
vn 0.5442 0.6619 -0.5156
vn 0.5875 0.7217 -0.3661
vn 0.5644 0.5640 -0.6028
vn 0.4950 0.5905 -0.6374
vn 0.4275 0.5260 -0.7353
vn 0.3479 0.4310 -0.8325
vn 0.2598 0.3165 -0.9123
vn 0.1927 0.2340 -0.9530
vn 0.0621 0.0798 -0.9949
vn 0.5512 0.8249 -0.1258
vn 0.5890 0.7421 -0.3199
vn 0.5513 0.8251 -0.1236
vn 0.5498 0.7924 -0.2644
vn 0.4874 0.7284 -0.4815
vn 0.5056 0.7886 -0.3499
vn 0.4432 0.6511 -0.6162
vn 0.3737 0.5582 -0.7408
vn 0.2471 0.3683 -0.8963
vn 0.1693 0.2465 -0.9542
vn 0.0980 0.1522 -0.9835
vn 0.0319 0.0642 -0.9974
vn 0.4420 0.8269 -0.3477
vn 0.5196 0.7980 -0.3053
vn 0.4678 0.8751 -0.1242
vn 0.4677 0.8749 -0.1257
vn 0.4205 0.7854 -0.4542
vn 0.4343 0.8315 -0.3463
vn 0.3901 0.7225 -0.5707
vn 0.3442 0.6386 -0.6882
vn 0.2862 0.5385 -0.7925
vn 0.3074 0.4714 -0.8266
vn 0.2296 0.4286 -0.8738
vn 0.1751 0.3233 -0.9300
vn 0.1161 0.2219 -0.9681
vn 0.3797 0.9165 -0.1257
vn 0.3798 0.9168 -0.1238
vn 0.3653 0.8844 -0.2905
vn 0.3485 0.8420 -0.4118
vn 0.3157 0.7749 -0.5477
vn 0.2999 0.7065 -0.6410
vn 0.1620 0.3967 -0.9035
vn 0.2132 0.5132 -0.8313
vn 0.0662 0.1617 -0.9846
vn 0.1084 0.2693 -0.9569
vn 0.0010 0.0038 -1.0000
vn 0.2750 0.9067 -0.3199
vn 0.3749 0.8754 -0.3053
vn 0.2987 0.9462 -0.1243
vn 0.2813 0.8951 -0.3459
vn 0.2669 0.9556 -0.1249
vn 0.2539 0.8481 -0.4651
vn 0.2211 0.7081 -0.6706
vn 0.2288 0.7808 -0.5814
vn 0.2566 0.6154 -0.7453
vn 0.1812 0.6007 -0.7787
vn 0.1446 0.4822 -0.8640
vn 0.1105 0.3664 -0.9239
vn 0.0795 0.2680 -0.9601
vn 0.0397 0.1784 -0.9832
vn 0.0267 0.0921 -0.9954
vn 0.2054 0.9707 -0.1248
vn 0.1868 0.9101 -0.3698
vn 0.1743 0.9768 -0.1246
vn 0.1598 0.8344 -0.5275
vn 0.1565 0.7523 -0.6400
vn 0.1035 0.5407 -0.8348
vn 0.1304 0.6620 -0.7381
vn 0.0819 0.4002 -0.9127
vn 0.0607 0.2849 -0.9566
vn 0.0972 0.9874 -0.1248
vn 0.1696 0.9321 -0.3199
vn 0.0938 0.9004 -0.4248
vn 0.0963 0.9511 -0.2935
vn 0.0868 0.7593 -0.6449
vn 0.0680 0.8393 -0.5394
vn 0.0650 0.6583 -0.7500
vn 0.0446 0.4393 -0.8972
vn 0.0484 0.5622 -0.8256
vn 0.0297 0.2919 -0.9560
vn 0.0064 0.0793 -0.9968
vn 0.0084 0.1799 -0.9837
vn 0.0155 0.9473 -0.3199
vn 0.0929 0.9428 -0.3201
vn 0.0204 0.9920 -0.1244
vn 0.0971 0.9875 -0.1241
vn -0.0001 0.9453 -0.3263
vn -0.0003 0.8938 -0.4485
vn 0.0038 0.7574 -0.6530
vn -0.0087 0.8396 -0.5432
vn 0.0066 0.6489 -0.7608
vn -0.0026 0.5516 -0.8341
vn -0.0025 0.4216 -0.9068
vn -0.0038 0.3012 -0.9535
vn -0.0005 0.0072 -1.0000
vn -0.0114 0.9921 -0.1248
vn -0.0774 0.9443 -0.3199
vn -0.0756 0.9894 -0.1238
vn -0.0905 0.9572 -0.2749
vn -0.0934 0.9187 -0.3839
vn -0.0870 0.8585 -0.5055
vn -0.0600 0.6651 -0.7443
vn -0.0761 0.7736 -0.6291
vn -0.0529 0.5277 -0.8478
vn -0.0218 0.2233 -0.9745
vn -0.0381 0.3827 -0.9231
vn -0.0121 0.0917 -0.9957
vn -0.1097 0.9861 -0.1247
vn -0.1848 0.9292 -0.3199
vn -0.1948 0.9730 -0.1236
vn -0.1924 0.9488 -0.2507
vn -0.1727 0.9222 -0.3459
vn -0.1780 0.8649 -0.4694
vn -0.1567 0.7886 -0.5946
vn -0.1366 0.6910 -0.7098
vn -0.1138 0.5757 -0.8097
vn -0.0885 0.4397 -0.8938
vn -0.0594 0.3081 -0.9495
vn -0.0454 0.1797 -0.9827
vn -0.2773 0.9526 -0.1252
vn -0.1936 0.9731 -0.1246
vn -0.2604 0.9024 -0.3434
vn -0.3092 0.9428 -0.1246
vn -0.2348 0.7846 -0.5739
vn -0.2710 0.8478 -0.4557
vn -0.2098 0.6957 -0.6870
vn -0.1786 0.5807 -0.7943
vn -0.1332 0.4594 -0.8782
vn -0.0952 0.3107 -0.9457
vn -0.0074 0.0197 -0.9998
vn -0.0310 0.0880 -0.9956
vn -0.3482 0.8811 -0.3199
vn -0.2750 0.9066 -0.3201
vn -0.3798 0.9166 -0.1245
vn -0.3449 0.8790 -0.3294
vn -0.3800 0.9165 -0.1253
vn -0.2951 0.7119 -0.6373
vn -0.3229 0.7799 -0.5362
vn -0.2224 0.5212 -0.8239
vn -0.2582 0.6226 -0.7387
vn -0.1646 0.4217 -0.8917
vn -0.0704 0.1726 -0.9825
vn -0.1265 0.2868 -0.9496
vn -0.4370 0.8362 -0.3312
vn -0.4490 0.8849 -0.1242
vn -0.4443 0.8335 -0.3285
vn -0.3560 0.8296 -0.4301
vn -0.3768 0.7208 -0.5818
vn -0.3516 0.6410 -0.6823
vn -0.2869 0.5366 -0.7936
vn -0.2153 0.4093 -0.8866
vn -0.1004 0.1606 -0.9819
vn -0.1547 0.2853 -0.9459
vn -0.0419 0.0732 -0.9964
vn -0.5605 0.8187 -0.1252
vn -0.4785 0.8693 -0.1244
vn -0.5331 0.8368 -0.1249
vn -0.4200 0.7799 -0.4641
vn -0.4609 0.6980 -0.5481
vn -0.5176 0.7651 -0.3830
vn -0.3602 0.5436 -0.7581
vn -0.4207 0.6184 -0.6638
vn -0.2935 0.4399 -0.8487
vn -0.2214 0.3308 -0.9174
vn -0.1573 0.2360 -0.9589
vn -0.5920 0.7325 -0.3361
vn -0.5306 0.7941 -0.2963
vn -0.6296 0.7670 -0.1236
vn -0.6085 0.7419 -0.2815
vn -0.5426 0.6805 -0.4925
vn -0.5905 0.7004 -0.4009
vn -0.5011 0.6146 -0.6092
vn -0.4484 0.5454 -0.7081
vn -0.3801 0.4593 -0.8028
vn -0.1882 0.2328 -0.9541
vn -0.2942 0.3587 -0.8859
vn -0.0598 0.0731 -0.9955
vn -0.1185 0.1308 -0.9843
vn -0.6295 0.7669 -0.1252
vn -0.6609 0.6734 -0.3312
vn -0.7021 0.7012 -0.1242
vn -0.7026 0.7003 -0.1260
vn -0.6548 0.6560 -0.3753
vn -0.6011 0.6056 -0.5215
vn -0.5346 0.5313 -0.6572
vn -0.4607 0.4584 -0.7600
vn -0.3722 0.3733 -0.8498
vn -0.2769 0.2780 -0.9198
vn -0.1827 0.1773 -0.9671
vn -0.7741 0.6206 -0.1252
vn -0.7530 0.6462 -0.1243
vn -0.7288 0.6013 -0.3275
vn -0.6125 0.5009 -0.6116
vn -0.5257 0.4311 -0.7333
vn -0.4321 0.3557 -0.8287
vn -0.3267 0.2700 -0.9058
vn -0.2349 0.1967 -0.9519
vn -0.1477 0.1095 -0.9829
vn -0.0321 0.0265 -0.9991
vn -0.7790 0.5392 -0.3199
vn -0.7288 0.6128 -0.3053
vn -0.8135 0.5683 -0.1236
vn -0.8001 0.5316 -0.2779
vn -0.3858 0.2584 -0.8856
vn -0.5101 0.3357 -0.7919
vn -0.2731 0.1830 -0.9444
vn -0.8325 0.5398 -0.1247
vn -0.8279 0.4525 -0.3313
vn -0.8657 0.4847 -0.1249
vn -0.8090 0.4433 -0.3860
vn -0.7031 0.4610 -0.5414
vn -0.7581 0.5155 -0.3994
vn -0.6427 0.3570 -0.6778
vn -0.7460 0.3849 -0.5435
vn -0.6066 0.4124 -0.6796
vn -0.4467 0.2467 -0.8600
vn -0.5507 0.2806 -0.7861
vn -0.2243 0.1248 -0.9665
vn -0.3398 0.1820 -0.9227
vn -0.0705 0.0411 -0.9967
vn -0.1705 0.0750 -0.9825
vn -0.0080 0.0032 -1.0000
vn -0.9212 0.3684 -0.1253
vn -0.8808 0.4570 -0.1243
vn -0.9085 0.3990 -0.1241
vn -0.8770 0.3619 -0.3160
vn -0.8228 0.3553 -0.4437
vn -0.6793 0.2817 -0.6776
vn -0.7803 0.3138 -0.5409
vn -0.4358 0.1866 -0.8805
vn -0.5516 0.2222 -0.8040
vn -0.3112 0.1262 -0.9419
vn -0.0931 0.0337 -0.9951
vn -0.9067 0.2750 -0.3199
vn -0.8753 0.3749 -0.3054
vn -0.9430 0.3087 -0.1246
vn -0.8611 0.2655 -0.4336
vn -0.9095 0.2683 -0.3176
vn -0.7913 0.2402 -0.5622
vn -0.5883 0.1763 -0.7892
vn -0.7058 0.2090 -0.6769
vn -0.4406 0.1420 -0.8864
vn -0.2911 0.0878 -0.9526
vn -0.1859 0.0434 -0.9816
vn -0.9730 0.1937 -0.1252
vn -0.9527 0.2773 -0.1243
vn -0.9732 0.1938 -0.1236
vn -0.9447 0.2015 -0.2587
vn -0.9217 0.1760 -0.3457
vn -0.7823 0.1553 -0.6032
vn -0.8639 0.1697 -0.4742
vn -0.6808 0.1349 -0.7199
vn -0.4415 0.0927 -0.8924
vn -0.5696 0.1074 -0.8149
vn -0.3131 0.0629 -0.9476
vn -0.0769 0.0119 -0.9970
vn -0.9874 0.0973 -0.1245
vn -0.9321 0.1696 -0.3199
vn -0.9872 0.0973 -0.1260
vn -0.9215 0.0862 -0.3787
vn -0.8388 0.0840 -0.5379
vn -0.7315 0.0667 -0.6786
vn -0.6050 0.0604 -0.7939
vn -0.4697 0.0494 -0.8815
vn -0.3047 0.0347 -0.9518
vn -0.9443 0.0774 -0.3199
vn -0.1718 -0.0158 0.9850
vn -0.3493 -0.0044 0.9370
vn -0.3779 -0.0372 0.9251
vn -0.7224 -0.0024 0.6915
vn -0.9263 -0.0923 0.3653
vn -0.6994 -0.0750 0.7108
vn -0.9309 -0.0011 0.3653
vn -0.9950 -0.0816 -0.0581
vn -0.9982 0.0163 -0.0581
vn -0.3746 -0.0681 0.9247
vn -0.1490 -0.0200 0.9886
vn -0.9128 -0.1827 0.3653
vn -0.7061 -0.1525 0.6914
vn -0.9822 -0.1787 -0.0581
vn -0.3661 -0.1045 0.9247
vn -0.1463 -0.0345 0.9886
vn -0.8905 -0.2713 0.3653
vn -0.6878 -0.2210 0.6914
vn -0.9551 -0.2827 -0.0885
vn -0.3541 -0.1399 0.9247
vn -0.1422 -0.0487 0.9886
vn -0.8596 -0.3572 0.3653
vn -0.6628 -0.2874 0.6914
vn -0.9221 -0.3826 -0.0581
vn -0.3387 -0.1739 0.9247
vn -0.1368 -0.0624 0.9886
vn -0.8205 -0.4398 0.3653
vn -0.6315 -0.3509 0.6914
vn -0.8863 -0.4629 -0.0148
vn -0.2929 -0.1904 0.9370
vn -0.1534 -0.0377 0.9874
vn -0.7734 -0.5181 0.3653
vn -0.5940 -0.4111 0.6914
vn -0.8390 -0.5410 -0.0581
vn -0.1426 -0.1161 0.9829
vn -0.2967 -0.2385 0.9247
vn -0.7125 -0.5738 0.4039
vn -0.5509 -0.4674 0.6914
vn -0.7773 -0.6285 -0.0272
vn -0.0994 -0.1127 0.9886
vn -0.2905 -0.2919 0.9113
vn -0.6689 -0.6474 0.3653
vn -0.5228 -0.5348 0.6638
vn -0.6996 -0.7091 -0.0885
vn -0.1016 -0.1099 0.9887
vn -0.2639 -0.3310 0.9060
vn -0.6022 -0.7098 0.3653
vn -0.4565 -0.5599 0.6915
vn -0.6206 -0.7820 -0.0581
vn -0.1877 -0.2783 0.9420
vn -0.0912 -0.1195 0.9886
vn -0.5167 -0.7607 0.3928
vn -0.3760 -0.5627 0.7362
vn -0.5410 -0.8390 -0.0581
vn -0.1950 -0.3627 0.9113
vn -0.0790 -0.1279 0.9886
vn -0.3601 -0.6556 0.6637
vn -0.4384 -0.8331 0.3372
vn -0.4601 -0.8821 -0.1006
vn -0.1170 -0.2824 0.9521
vn -0.0666 -0.1341 0.9887
vn -0.2748 -0.6475 0.7108
vn -0.3423 -0.8484 0.4039
vn -0.3758 -0.9263 -0.0272
vn -0.0345 -0.1463 0.9886
vn -0.1142 -0.3632 0.9247
vn -0.2113 -0.7103 0.6715
vn -0.2838 -0.9017 0.3261
vn -0.2811 -0.9596 -0.0148
vn -0.0326 -0.1694 0.9850
vn -0.0885 -0.4139 0.9060
vn -0.1965 -0.9099 0.3653
vn -0.1293 -0.7108 0.6914
vn -0.1953 -0.9790 -0.0581
vn -0.0435 -0.3782 0.9247
vn 0.0262 -0.1516 0.9881
vn -0.0971 -0.9145 0.3928
vn -0.0625 -0.6924 0.7188
vn -0.0984 -0.9934 -0.0581
vn -0.0000 -0.3812 0.9245
vn -0.0102 -0.1494 0.9887
vn -0.0000 -0.7645 0.6446
vn -0.0098 -0.9453 0.3262
vn 0.0067 -0.9961 -0.0885
vn 0.0241 -0.1484 0.9886
vn 0.0435 -0.3782 0.9247
vn 0.0761 -0.9278 0.3653
vn 0.0732 -0.7187 0.6915
vn 0.1141 -0.9918 -0.0581
vn 0.0347 -0.1690 0.9850
vn 0.0741 -0.3724 0.9251
vn 0.1777 -0.9245 0.3372
vn 0.1432 -0.6886 0.7108
vn 0.1948 -0.9791 -0.0582
vn 0.1045 -0.3661 0.9247
vn 0.0534 -0.1419 0.9884
vn 0.2713 -0.8905 0.3653
vn 0.2210 -0.6878 0.6914
vn 0.2741 -0.9599 -0.0581
vn 0.1566 -0.3808 0.9113
vn 0.0946 -0.1213 0.9881
vn 0.3457 -0.8346 0.4289
vn 0.2763 -0.6670 0.6920
vn 0.3820 -0.9223 -0.0581
vn 0.1570 -0.2968 0.9419
vn 0.0624 -0.1368 0.9886
vn 0.3406 -0.6373 0.6913
vn 0.4370 -0.8383 0.3261
vn 0.4797 -0.8773 -0.0148
vn 0.2063 -0.3200 0.9247
vn 0.1028 -0.1525 0.9829
vn 0.5045 -0.7824 0.3653
vn 0.4111 -0.5940 0.6914
vn 0.5542 -0.8304 -0.0581
vn 0.2367 -0.2982 0.9247
vn 0.1036 -0.1106 0.9884
vn 0.5787 -0.7292 0.3653
vn 0.4674 -0.5509 0.6914
vn 0.6329 -0.7721 -0.0581
vn 0.2695 -0.2695 0.9245
vn 0.0440 -0.1615 0.9859
vn 0.6453 -0.6552 0.3928
vn 0.5105 -0.5105 0.6919
vn 0.7091 -0.6996 -0.0885
vn 0.1417 -0.1172 0.9829
vn 0.2982 -0.2367 0.9247
vn 0.5703 -0.4732 0.6715
vn 0.7245 -0.6072 0.3261
vn 0.7820 -0.6206 -0.0581
vn 0.1193 -0.0904 0.9887
vn 0.3160 -0.2111 0.9250
vn 0.7655 -0.5298 0.3653
vn 0.5882 -0.3857 0.7108
vn 0.8390 -0.5410 -0.0581
vn 0.3627 -0.1950 0.9113
vn 0.1279 -0.0790 0.9886
vn 0.8077 -0.4396 0.3928
vn 0.6367 -0.3403 0.6920
vn 0.8863 -0.4629 -0.0148
vn 0.3244 -0.1297 0.9370
vn 0.1340 -0.0666 0.9887
vn 0.6628 -0.2874 0.6914
vn 0.8721 -0.3547 0.3372
vn 0.9163 -0.3795 -0.1283
vn 0.1300 -0.0822 0.9881
vn 0.3661 -0.1045 0.9247
vn 0.6878 -0.2210 0.6914
vn 0.8778 -0.2575 0.4039
vn 0.9587 -0.2832 -0.0272
vn 0.2095 -0.0417 0.9769
vn 0.4163 -0.0767 0.9060
vn 0.7061 -0.1525 0.6914
vn 0.9128 -0.1827 0.3653
vn 0.9825 -0.1857 -0.0148
vn 0.3792 -0.0335 0.9247
vn 0.1515 -0.0050 0.9884
vn 0.7177 -0.0826 0.6914
vn 0.9375 -0.0862 0.3372
vn 0.9891 -0.1075 -0.1006
vn 0.3807 0.0039 0.9247
vn 0.1512 0.0099 0.9884
vn 0.7410 -0.0040 0.6714
vn 0.9308 -0.0000 0.3656
vn 0.9983 -0.0000 -0.0581
vn 0.3785 0.0412 0.9247
vn 0.1436 0.0553 0.9881
vn 0.9278 0.0761 0.3653
vn 0.7187 0.0732 0.6915
vn 0.9918 0.1141 -0.0581
vn 0.2999 0.0596 0.9521
vn 0.1485 0.0191 0.9887
vn 0.9159 0.1667 0.3653
vn 0.6887 0.1432 0.7108
vn 0.9758 0.2107 -0.0581
vn 0.1538 0.0039 0.9881
vn 0.3938 0.1205 0.9113
vn 0.8951 0.2556 0.3653
vn 0.7132 0.2252 0.6637
vn 0.9505 0.3054 -0.0581
vn 0.1435 0.0487 0.9884
vn 0.3493 0.1515 0.9247
vn 0.8658 0.3421 0.3653
vn 0.6665 0.2786 0.6915
vn 0.9159 0.3971 -0.0581
vn 0.1381 0.0626 0.9884
vn 0.3328 0.1850 0.9247
vn 0.8331 0.4384 0.3372
vn 0.6360 0.3427 0.6915
vn 0.8804 0.4706 -0.0582
vn 0.1533 0.1016 0.9829
vn 0.3131 0.2167 0.9247
vn 0.7607 0.5167 0.3928
vn 0.5812 0.3815 0.7188
vn 0.8319 0.5478 -0.0885
vn 0.1406 0.0624 0.9881
vn 0.2903 0.2463 0.9247
vn 0.5754 0.4670 0.6715
vn 0.7245 0.6072 0.3261
vn 0.7713 0.6338 -0.0581
vn 0.1510 0.1510 0.9769
vn 0.2685 0.2685 0.9251
vn 0.6575 0.6590 0.3653
vn 0.4930 0.5017 0.7108
vn 0.7137 0.7003 -0.0148
vn 0.2463 0.2903 0.9247
vn 0.0883 0.1232 0.9884
vn 0.5780 0.7153 0.3928
vn 0.4366 0.5410 0.7188
vn 0.6459 0.7612 -0.0581
vn 0.2118 0.3169 0.9245
vn 0.1498 0.0747 0.9859
vn 0.4226 0.6171 0.6638
vn 0.5044 0.7824 0.3653
vn 0.5681 0.8209 -0.0581
vn 0.0823 0.1516 0.9850
vn 0.1942 0.3761 0.9060
vn 0.3529 0.6516 0.6715
vn 0.4387 0.8208 0.3657
vn 0.4706 0.8804 -0.0581
vn 0.1298 0.3096 0.9420
vn 0.0661 0.1350 0.9886
vn 0.3703 0.8541 0.3653
vn 0.2635 0.6521 0.7108
vn 0.3669 0.9284 -0.0581
vn 0.1165 0.3625 0.9247
vn 0.0527 0.1762 0.9829
vn 0.2702 0.8909 0.3651
vn 0.1964 0.6669 0.7188
vn 0.2898 0.9553 -0.0582
vn 0.0804 0.3722 0.9247
vn 0.0198 0.1503 0.9884
vn 0.1432 0.7081 0.6915
vn 0.1667 0.9159 0.3653
vn 0.2107 0.9758 -0.0581
vn 0.0414 0.4097 0.9113
vn 0.0050 0.1515 0.9884
vn 0.0818 0.7435 0.6638
vn 0.0812 0.9112 0.4039
vn 0.0979 0.9935 -0.0581
vn -0.0039 0.3807 0.9247
vn -0.0099 0.1512 0.9884
vn 0.0118 0.7223 0.6914
vn -0.0061 0.9414 0.3372
vn -0.0100 0.9949 -0.1006
vn -0.0300 0.3042 0.9521
vn -0.0682 0.1425 0.9874
vn -0.0628 0.7005 0.7108
vn -0.1064 0.9248 0.3653
vn -0.0984 0.9934 -0.0581
vn 0.0112 0.1535 0.9881
vn -0.0705 0.3741 0.9247
vn -0.1485 0.7260 0.6715
vn -0.1940 0.9252 0.3262
vn -0.1857 0.9825 -0.0148
vn -0.0527 0.1762 0.9829
vn -0.1205 0.3938 0.9113
vn -0.2622 0.8644 0.4289
vn -0.2096 0.6909 0.6919
vn -0.2898 0.9553 -0.0581
vn -0.0189 0.1527 0.9881
vn -0.1514 0.3493 0.9247
vn -0.2799 0.6862 0.6715
vn -0.3527 0.8771 0.3261
vn -0.3970 0.9160 -0.0581
vn -0.0804 0.1527 0.9850
vn -0.1789 0.3347 0.9252
vn -0.4384 0.8331 0.3372
vn -0.3370 0.6174 0.7108
vn -0.4778 0.8727 -0.1006
vn -0.1905 0.2929 0.9370
vn -0.0745 0.1299 0.9887
vn -0.5012 0.7653 0.4039
vn -0.4111 0.5940 0.6914
vn -0.5555 0.8314 0.0145
vn -0.1103 0.1326 0.9850
vn -0.2638 0.3310 0.9060
vn -0.5925 0.7316 0.3372
vn -0.4674 0.5509 0.6914
vn -0.6291 0.7666 -0.1283
vn -0.2439 0.2501 0.9370
vn -0.1431 0.0670 0.9874
vn -0.6552 0.6453 0.3928
vn -0.4956 0.4876 0.7188
vn -0.7063 0.7055 -0.0581
vn -0.1099 0.1016 0.9887
vn -0.3488 0.2863 0.8924
vn -0.5727 0.4810 0.6638
vn -0.7125 0.5738 0.4039
vn -0.7773 0.6285 -0.0272
vn -0.3187 0.2083 0.9247
vn -0.1195 0.0912 0.9886
vn -0.6139 0.4150 0.6715
vn -0.7805 0.5333 0.3261
vn -0.8390 0.5410 -0.0581
vn -0.2696 0.1441 0.9521
vn -0.1056 0.1175 0.9874
vn -0.8137 0.4522 0.3653
vn -0.6232 0.3262 0.7108
vn -0.8880 0.4561 -0.0581
vn -0.1696 0.0711 0.9829
vn -0.3502 0.1492 0.9247
vn -0.8541 0.3703 0.3653
vn -0.6719 0.2655 0.6914
vn -0.9284 0.3669 -0.0581
vn -0.1463 0.0346 0.9886
vn -0.3632 0.1142 0.9247
vn -0.8991 0.2791 0.3372
vn -0.6947 0.1984 0.6914
vn -0.9553 0.2898 -0.0582
vn -0.1448 0.0378 0.9887
vn -0.4139 0.0885 0.9060
vn -0.9033 0.1726 0.3928
vn -0.6830 0.1301 0.7188
vn -0.9758 0.2107 -0.0581
vn -0.4097 0.0414 0.9113
vn -0.1555 0.0079 0.9878
vn -0.7608 0.0749 0.6446
vn -0.9918 0.1141 -0.0581
vn -0.9417 0.0829 0.3262
vn -0.1865 0.0390 0.9817
vn -0.6795 0.5583 -0.4760
vn 0.0585 -0.0080 0.9983
vn 0.0565 0.0172 0.9983
vn -0.0001 -0.0001 1.0000
vn 0.1123 0.0066 0.9937
vn 0.2897 0.0008 0.9571
vn 0.3551 0.0252 0.9345
vn 0.2847 0.0483 0.9574
vn 0.3770 0.0033 0.9262
vn 0.3560 -0.0180 0.9343
vn 0.2879 0.0027 0.9577
vn 0.3751 0.0414 0.9260
vn 0.1557 0.0071 0.9878
vn 0.2854 0.0314 0.9579
vn 0.3652 0.0358 0.9302
vn 0.2695 0.0007 0.9630
vn 0.4062 -0.0006 0.9138
vn 0.5026 0.0507 0.8631
vn 0.5555 0.0002 0.8315
vn 0.6780 -0.0019 0.7350
vn 0.6111 0.0532 0.7897
vn 0.7755 0.0075 0.6313
vn 0.7155 0.0725 0.6948
vn 0.8122 0.0818 0.5777
vn 0.8491 -0.0006 0.5283
vn 0.9211 0.0004 0.3893
vn 0.8981 0.0904 0.4305
vn 0.9862 0.0744 0.1482
vn 0.9889 0.0013 0.1483
vn 0.9893 0.0007 0.1461
vn 0.9954 0.0816 0.0503
vn 0.9994 -0.0083 0.0338
vn 0.1687 0.0052 0.9857
vn 0.1120 0.0415 0.9928
vn 0.2145 0.0397 0.9759
vn 0.1663 0.0467 0.9850
vn 0.2352 0.0092 0.9719
vn 0.3611 0.0719 0.9298
vn 0.3677 0.0722 0.9271
vn 0.2693 0.0527 0.9616
vn -0.0336 -0.0058 0.9994
vn 0.1502 0.0391 0.9879
vn 0.2231 0.0265 0.9744
vn 0.1184 0.0288 0.9925
vn 0.1197 0.0035 0.9928
vn 0.3561 0.0732 0.9316
vn 0.2451 0.0520 0.9681
vn 0.4732 0.0900 0.8764
vn 0.6085 0.1227 0.7840
vn 0.8345 0.1665 0.5253
vn 0.7392 0.1412 0.6586
vn 0.9138 0.1877 0.3601
vn 0.9742 0.1709 0.1473
vn 0.9834 0.1078 0.1459
vn 0.9817 0.1865 0.0386
vn 0.2175 0.0799 0.9728
vn 0.3391 0.1082 0.9345
vn 0.2821 0.0921 0.9550
vn 0.3626 0.1039 0.9261
vn 0.2740 0.0863 0.9579
vn -0.0328 -0.0122 0.9994
vn -0.0309 -0.0006 0.9995
vn 0.3202 0.0978 0.9423
vn 0.4667 0.1380 0.8736
vn 0.7207 0.2104 0.6606
vn 0.5948 0.1859 0.7821
vn 0.8246 0.2468 0.5091
vn 0.9465 0.2871 0.1474
vn 0.8835 0.2782 0.3768
vn 0.9679 0.2044 0.1462
vn 0.9468 0.2871 0.1455
vn 0.3230 0.1490 0.9346
vn 0.2587 0.1315 0.9570
vn 0.3508 0.1401 0.9259
vn 0.2447 0.1034 0.9641
vn -0.0308 -0.0172 0.9994
vn 0.1424 0.0590 0.9881
vn 0.0834 0.0390 0.9958
vn 0.2045 0.0864 0.9750
vn 0.6278 0.2602 0.7336
vn 0.5107 0.2114 0.8334
vn 0.7309 0.3022 0.6120
vn 0.8131 0.3259 0.4824
vn 0.8613 0.3580 0.3605
vn 0.9184 0.3677 0.1459
vn 0.9535 0.2950 0.0613
vn 0.1480 0.0877 0.9851
vn 0.2039 0.1176 0.9719
vn 0.3317 0.1805 0.9259
vn 0.1418 0.0837 0.9864
vn 0.2520 0.1382 0.9578
vn -0.0255 -0.0145 0.9996
vn 0.2990 0.1594 0.9408
vn 0.1716 0.1015 0.9799
vn 0.3719 0.1542 0.9154
vn 0.4247 0.2261 0.8767
vn 0.5495 0.2936 0.7822
vn 0.6605 0.3550 0.6616
vn 0.7617 0.4012 0.5087
vn 0.9054 0.3982 0.1474
vn 0.8270 0.4438 0.3451
vn 0.8780 0.4560 0.1459
vn 0.9163 0.3973 0.0503
vn 0.0455 0.0436 0.9980
vn 0.0940 0.0760 0.9927
vn 0.3007 0.1877 0.9351
vn 0.2353 0.1687 0.9572
vn 0.3092 0.2123 0.9270
vn 0.2143 0.1463 0.9657
vn 0.0953 0.0722 0.9928
vn 0.3608 0.2352 0.9025
vn 0.2685 0.1844 0.9455
vn 0.7526 0.5006 0.4277
vn 0.6672 0.4512 0.5927
vn 0.8103 0.5670 0.1481
vn 0.8616 0.4857 0.1473
vn 0.8286 0.5405 0.1459
vn 0.8730 0.4852 0.0503
vn 0.1752 0.1440 0.9739
vn 0.1159 0.1264 0.9852
vn 0.2745 0.2332 0.9329
vn 0.2257 0.1860 0.9563
vn 0.2921 0.2397 0.9259
vn 0.1115 0.0929 0.9894
vn -0.0211 -0.0181 0.9996
vn -0.0244 -0.0251 0.9994
vn 0.3239 0.2627 0.9089
vn 0.4582 0.3066 0.8343
vn 0.5651 0.3778 0.7335
vn 0.4399 0.3594 0.8230
vn 0.5433 0.4422 0.7136
vn 0.6842 0.5486 0.4805
vn 0.6128 0.5213 0.5939
vn 0.7726 0.6180 0.1455
vn 0.8263 0.5621 0.0338
vn 0.2090 0.2039 0.9564
vn 0.1539 0.1759 0.9723
vn 0.2690 0.2624 0.9267
vn 0.2338 0.2732 0.9331
vn 0.1918 0.1580 0.9686
vn 0.2266 0.2254 0.9476
vn 0.0998 0.1080 0.9891
vn 0.4291 0.4346 0.7918
vn 0.3343 0.3326 0.8818
vn 0.5199 0.5177 0.6795
vn 0.6418 0.6387 0.4244
vn 0.5783 0.5919 0.5614
vn 0.7261 0.5959 0.3430
vn 0.6832 0.7151 0.1479
vn 0.7509 0.6438 0.1473
vn 0.7072 0.6918 0.1463
vn 0.7126 0.7005 0.0386
vn 0.7784 0.6243 0.0655
vn 0.0594 0.1055 0.9926
vn 0.1736 0.2345 0.9565
vn 0.1893 0.1945 0.9624
vn 0.2348 0.2853 0.9292
vn 0.0941 0.1133 0.9891
vn 0.1741 0.2121 0.9616
vn -0.0155 -0.0221 0.9996
vn 0.2412 0.2855 0.9275
vn 0.1704 0.2114 0.9624
vn 0.3192 0.3856 0.8657
vn 0.4471 0.5476 0.7073
vn 0.3776 0.4674 0.7993
vn 0.5115 0.6265 0.5882
vn 0.5686 0.6923 0.4443
vn 0.6285 0.7633 0.1494
vn 0.6281 0.7643 0.1459
vn 0.1223 0.1894 0.9742
vn 0.0775 0.1568 0.9846
vn 0.2132 0.3085 0.9270
vn 0.1878 0.3031 0.9343
vn 0.1357 0.2013 0.9701
vn -0.0111 -0.0189 0.9998
vn 0.1274 0.1887 0.9737
vn 0.0623 0.0977 0.9933
vn 0.2144 0.3190 0.9232
vn 0.2941 0.4370 0.8500
vn 0.3584 0.5355 0.7647
vn 0.5278 0.7708 0.3567
vn 0.5502 0.8219 0.1473
vn 0.5591 0.8268 0.0613
vn 0.6417 0.7642 0.0656
vn 0.1345 0.2587 0.9566
vn 0.1441 0.2613 0.9544
vn 0.1743 0.3352 0.9259
vn 0.0864 0.1783 0.9802
vn -0.0115 -0.0241 0.9996
vn 0.1601 0.2973 0.9413
vn 0.2204 0.4148 0.8828
vn 0.2799 0.5125 0.8118
vn 0.4178 0.6281 0.6564
vn 0.3227 0.6131 0.7211
vn 0.3797 0.7062 0.5976
vn 0.4777 0.7214 0.5013
vn 0.4077 0.7859 0.4650
vn 0.4574 0.8180 0.3488
vn 0.4765 0.8670 0.1459
vn 0.5496 0.8227 0.1455
vn 0.4784 0.8775 0.0337
vn 0.0158 0.0629 0.9979
vn 0.0918 0.2159 0.9721
vn 0.1388 0.3319 0.9330
vn 0.0926 0.2753 0.9569
vn 0.1095 0.2645 0.9582
vn 0.1446 0.3491 0.9259
vn -0.0109 -0.0334 0.9994
vn 0.1010 0.1937 0.9759
vn 0.0473 0.1193 0.9917
vn 0.1090 0.2681 0.9572
vn 0.2127 0.5196 0.8275
vn 0.2938 0.7102 0.6398
vn 0.2589 0.6251 0.7363
vn 0.3289 0.7987 0.5039
vn 0.3617 0.8628 0.3532
vn 0.4473 0.8821 0.1475
vn 0.3893 0.9094 0.1462
vn 0.3903 0.9199 0.0386
vn 0.0342 0.1664 0.9855
vn 0.0183 0.1194 0.9927
vn 0.0589 0.2198 0.9738
vn 0.1137 0.3606 0.9258
vn 0.0863 0.3441 0.9350
vn 0.0531 0.1552 0.9865
vn 0.0802 0.2756 0.9579
vn -0.0029 -0.0271 0.9996
vn 0.1213 0.3894 0.9131
vn 0.0762 0.2501 0.9652
vn 0.1637 0.3853 0.9081
vn 0.2032 0.6577 0.7253
vn 0.1568 0.5322 0.8319
vn 0.3576 0.9222 0.1473
vn 0.2657 0.9526 0.1482
vn 0.2976 0.9435 0.1459
vn 0.0444 0.2902 0.9559
vn 0.0705 0.3712 0.9259
vn 0.0527 0.2679 0.9620
vn 0.0275 0.1461 0.9889
vn 0.0630 0.3187 0.9458
vn 0.0299 0.1443 0.9891
vn 0.0946 0.4700 0.8776
vn 0.2338 0.7752 0.5868
vn 0.1485 0.7375 0.6588
vn 0.1685 0.8346 0.5244
vn 0.2641 0.8635 0.4296
vn 0.1832 0.9053 0.3832
vn 0.1935 0.9702 0.1462
vn 0.2844 0.9567 0.0613
vn 0.0212 0.2337 0.9721
vn 0.0407 0.3645 0.9303
vn 0.0360 0.3662 0.9299
vn -0.0014 -0.0256 0.9997
vn 0.0251 0.2307 0.9727
vn 0.0032 0.0485 0.9988
vn 0.0591 0.5226 0.8505
vn 0.0386 0.4058 0.9131
vn 0.1196 0.6138 0.7803
vn 0.0716 0.7078 0.7028
vn 0.0545 0.6174 0.7848
vn 0.0873 0.8817 0.4636
vn 0.0784 0.8034 0.5903
vn 0.0967 0.9844 0.1472
vn 0.1938 0.9698 0.1483
vn 0.1788 0.9826 0.0503
vn 0.0970 0.9847 0.1451
vn -0.0088 0.0538 0.9985
vn -0.0207 0.1117 0.9935
vn -0.0064 0.1631 0.9866
vn -0.0119 0.2208 0.9753
vn -0.0018 0.2897 0.9571
vn -0.0004 0.3560 0.9345
vn 0.0053 0.3773 0.9261
vn -0.0021 0.2579 0.9662
vn 0.0007 -0.0322 0.9995
vn 0.0255 0.2619 0.9648
vn 0.0007 0.3900 0.9208
vn -0.0030 0.2468 0.9691
vn 0.0014 0.5350 0.8449
vn 0.0059 0.6583 0.7528
vn -0.0007 0.8510 0.5252
vn -0.0065 0.7565 0.6540
vn 0.0090 0.9196 0.3927
vn -0.0016 0.9889 0.1489
vn 0.0926 0.9367 0.3375
vn -0.0007 0.9893 0.1461
vn 0.0164 0.9986 0.0503
vn 0.0979 0.9939 0.0503
vn -0.0419 0.3538 0.9344
vn -0.0433 0.2883 0.9566
vn -0.0319 0.3717 0.9278
vn -0.0169 0.1438 0.9895
vn -0.0264 0.2687 0.9629
vn 0.0070 -0.0335 0.9994
vn -0.0122 0.1279 0.9917
vn 0.0074 0.1397 0.9902
vn -0.0371 0.3574 0.9332
vn -0.0238 0.2417 0.9701
vn -0.0432 0.4898 0.8707
vn -0.0625 0.6247 0.7783
vn -0.0795 0.8280 0.5551
vn -0.0793 0.7389 0.6691
vn -0.0835 0.9102 0.4057
vn -0.0747 0.9862 0.1479
vn -0.0816 0.9954 0.0503
vn -0.0514 0.1645 0.9850
vn -0.0474 0.2295 0.9721
vn -0.0700 0.3713 0.9259
vn -0.0863 0.3461 0.9342
vn -0.0560 0.2760 0.9595
vn -0.0420 0.2314 0.9719
vn -0.0344 0.1234 0.9918
vn -0.0929 0.4851 0.8695
vn -0.0730 0.3475 0.9348
vn -0.1413 0.7061 0.6938
vn -0.1255 0.5983 0.7914
vn -0.1594 0.7971 0.5825
vn -0.1633 0.8633 0.4775
vn -0.1798 0.9174 0.3550
vn -0.1079 0.9834 0.1459
vn -0.1924 0.9702 0.1473
vn -0.1893 0.9800 0.0613
vn -0.0866 0.2786 0.9565
vn -0.0809 0.2220 0.9717
vn -0.1125 0.3599 0.9262
vn -0.0469 0.1520 0.9873
vn -0.0863 0.2753 0.9575
vn 0.0093 -0.0265 0.9996
vn -0.0762 0.2606 0.9624
vn -0.1600 0.5316 0.8317
vn -0.2061 0.6648 0.7180
vn -0.2335 0.7644 0.6010
vn -0.2515 0.8496 0.4635
vn -0.2646 0.9067 0.3284
vn -0.2761 0.9500 0.1459
vn -0.1931 0.9703 0.1455
vn -0.2929 0.9548 0.0503
vn -0.0362 0.0518 0.9980
vn -0.1372 0.3326 0.9330
vn -0.1289 0.2611 0.9567
vn -0.1425 0.3466 0.9271
vn -0.1085 0.2591 0.9597
vn 0.0091 -0.0208 0.9997
vn -0.0884 0.2266 0.9700
vn -0.0490 0.1090 0.9928
vn -0.1198 0.3849 0.9151
vn -0.1906 0.4634 0.8654
vn -0.1457 0.3427 0.9281
vn -0.3017 0.7348 0.6074
vn -0.2803 0.6550 0.7018
vn -0.3339 0.8067 0.4876
vn -0.3556 0.8691 0.3438
vn -0.3075 0.9401 0.1474
vn -0.3791 0.9137 0.1461
vn -0.3850 0.9215 0.0503
vn -0.0633 0.1065 0.9923
vn -0.1084 0.2016 0.9734
vn -0.0882 0.1502 0.9847
vn -0.1739 0.3356 0.9258
vn -0.1919 0.3023 0.9337
vn -0.0787 0.1686 0.9825
vn -0.1438 0.2615 0.9544
vn -0.0462 0.0675 0.9967
vn -0.1148 0.2173 0.9693
vn -0.1816 0.3415 0.9222
vn -0.2336 0.5683 0.7889
vn -0.2454 0.4574 0.8547
vn -0.3030 0.5642 0.7681
vn -0.3926 0.7356 0.5521
vn -0.4662 0.8722 0.1478
vn -0.4307 0.8016 0.4147
vn -0.3797 0.9132 0.1476
vn -0.4735 0.8794 0.0502
vn -0.1721 0.2301 0.9578
vn -0.1358 0.1766 0.9749
vn -0.2047 0.3069 0.9295
vn -0.1188 0.1792 0.9766
vn 0.0219 -0.0343 0.9992
vn 0.0162 -0.0211 0.9996
vn -0.1400 0.2165 0.9662
vn -0.2223 0.3328 0.9164
vn -0.3855 0.5739 0.7226
vn -0.3132 0.4586 0.8316
vn -0.3497 0.6551 0.6698
vn -0.4302 0.6565 0.6196
vn -0.5229 0.7756 0.3537
vn -0.5665 0.8108 0.1472
vn -0.5394 0.8293 0.1459
vn -0.4665 0.8725 0.1456
vn -0.5574 0.8287 0.0502
vn -0.1140 0.1256 0.9855
vn -0.2348 0.2973 0.9255
vn -0.2346 0.2660 0.9350
vn -0.1950 0.2385 0.9514
vn -0.1174 0.1290 0.9847
vn 0.0142 -0.0166 0.9998
vn -0.1532 0.1920 0.9694
vn -0.1121 0.1157 0.9869
vn -0.2619 0.3216 0.9099
vn -0.4297 0.5239 0.7354
vn -0.3538 0.4235 0.8340
vn -0.4983 0.6156 0.6106
vn -0.4809 0.7194 0.5012
vn -0.5576 0.6835 0.4711
vn -0.6280 0.7640 0.1479
vn -0.6052 0.7182 0.3433
vn -0.6279 0.7644 0.1464
vn -0.6405 0.7670 0.0386
vn -0.0917 0.0726 0.9931
vn -0.1654 0.1610 0.9730
vn -0.2131 0.1968 0.9570
vn -0.2693 0.2650 0.9259
vn -0.2162 0.2108 0.9533
vn 0.0186 -0.0144 0.9997
vn -0.2391 0.2370 0.9416
vn -0.3461 0.3460 0.8721
vn -0.4413 0.4425 0.7806
vn -0.5890 0.5901 0.5521
vn -0.5230 0.5257 0.6709
vn -0.6451 0.6415 0.4150
vn -0.6993 0.6994 0.1477
vn -0.6995 0.6997 0.1456
vn -0.0570 0.0229 0.9981
vn -0.1403 0.1051 0.9845
vn -0.2789 0.2274 0.9330
vn -0.2865 0.2367 0.9284
vn -0.1852 0.1513 0.9710
vn -0.2425 0.2000 0.9493
vn -0.1397 0.1109 0.9840
vn -0.3542 0.2908 0.8888
vn -0.4560 0.3734 0.8078
vn -0.6019 0.4912 0.6297
vn -0.5274 0.4443 0.7242
vn -0.7569 0.6372 0.1455
vn -0.7177 0.6945 0.0503
vn -0.1956 0.1288 0.9722
vn -0.2448 0.1663 0.9552
vn -0.3107 0.2128 0.9264
vn -0.3060 0.1826 0.9344
vn -0.1329 0.0856 0.9874
vn -0.2397 0.1560 0.9582
vn -0.1077 0.0643 0.9921
vn 0.0264 -0.0168 0.9995
vn -0.2449 0.1632 0.9557
vn -0.3674 0.2443 0.8974
vn -0.5741 0.3883 0.7208
vn -0.4759 0.3171 0.8204
vn -0.6708 0.5481 0.4996
vn -0.6741 0.4488 0.5866
vn -0.7513 0.5021 0.4283
vn -0.7230 0.5933 0.3541
vn -0.8339 0.5317 0.1481
vn -0.7779 0.6108 0.1473
vn -0.8165 0.5586 0.1459
vn -0.8268 0.5591 0.0613
vn -0.7720 0.6336 0.0502
vn -0.1507 0.0741 0.9858
vn -0.1149 0.0409 0.9925
vn -0.2682 0.1239 0.9554
vn -0.2093 0.0869 0.9740
vn -0.3310 0.1729 0.9276
vn 0.0320 -0.0157 0.9994
vn -0.1220 0.0546 0.9910
vn -0.3508 0.1837 0.9183
vn -0.4725 0.2518 0.8446
vn -0.5758 0.3095 0.7567
vn -0.8665 0.4773 0.1462
vn -0.8817 0.4713 0.0220
vn -0.3367 0.1395 0.9312
vn -0.2482 0.1040 0.9631
vn -0.3467 0.1425 0.9271
vn 0.0238 -0.0079 0.9997
vn -0.2243 0.0954 0.9698
vn -0.1099 0.0484 0.9928
vn -0.2392 0.1297 0.9623
vn -0.4744 0.1973 0.8579
vn -0.3616 0.1458 0.9209
vn -0.5758 0.2381 0.7822
vn -0.6685 0.2743 0.6912
vn -0.6699 0.3607 0.6490
vn -0.7417 0.3184 0.5903
vn -0.7560 0.4057 0.5137
vn -0.8134 0.3377 0.4737
vn -0.8194 0.4411 0.3662
vn -0.8818 0.4481 0.1474
vn -0.8725 0.3584 0.3322
vn -0.9141 0.3783 0.1461
vn -0.1688 0.0359 0.9850
vn -0.2700 0.0843 0.9592
vn -0.2266 0.0556 0.9724
vn -0.3404 0.0886 0.9361
vn -0.3626 0.1141 0.9249
vn -0.2728 0.0806 0.9587
vn -0.1565 0.0493 0.9864
vn 0.0324 -0.0061 0.9995
vn -0.3092 0.0939 0.9464
vn -0.5563 0.1690 0.8136
vn -0.4457 0.1346 0.8850
vn -0.6676 0.2005 0.7170
vn -0.7721 0.2376 0.5894
vn -0.8661 0.2611 0.4263
vn -0.9464 0.2871 0.1477
vn -0.9141 0.3776 0.1476
vn -0.9243 0.3768 0.0613
vn -0.9467 0.2873 0.1456
vn -0.2875 0.0399 0.9569
vn -0.3712 0.0707 0.9259
vn -0.1495 0.0238 0.9885
vn -0.2792 0.0513 0.9588
vn -0.1396 0.0354 0.9896
vn 0.0302 0.0011 0.9995
vn -0.3713 0.0743 0.9255
vn -0.5024 0.0985 0.8590
vn -0.8416 0.1689 0.5131
vn -0.7380 0.1438 0.6593
vn -0.9700 0.1931 0.1476
vn -0.9169 0.1820 0.3553
vn -0.9702 0.1931 0.1461
vn -0.9604 0.2742 0.0503
vn -0.1178 0.0030 0.9930
vn -0.2287 0.0146 0.9734
vn -0.3512 0.0405 0.9354
vn -0.3733 0.0326 0.9271
vn -0.2283 0.0447 0.9726
vn -0.1343 0.0113 0.9909
vn -0.2720 0.0307 0.9618
vn -0.4016 0.0385 0.9150
vn -0.6211 0.1234 0.7739
vn -0.5429 0.0524 0.8381
vn -0.6595 0.0735 0.7481
vn -0.8188 0.0808 0.5684
vn -0.7335 0.0626 0.6768
vn -0.9031 0.0886 0.4202
vn -0.9843 0.0969 0.1478
vn -0.9818 0.1868 0.0338
vn -0.9846 0.0971 0.1456
vn -0.0585 -0.0120 0.9982
vn -0.1774 -0.0092 0.9841
vn -0.2939 -0.0137 0.9557
vn -0.3644 0.0046 0.9312
vn -0.2651 0.0223 0.9640
vn -0.3737 -0.0040 0.9275
vn -0.1199 -0.0014 0.9928
vn -0.2612 -0.0058 0.9653
vn 0.0424 0.0051 0.9991
vn -0.2319 0.0016 0.9727
vn -0.4927 0.0047 0.8702
vn -0.6263 0.0002 0.7795
vn -0.7584 -0.0007 0.6518
vn -0.8609 -0.0019 0.5087
vn -0.9349 0.0002 0.3548
vn -0.9893 0.0123 0.1455
vn -0.9936 0.1009 0.0502
vn -0.2360 -0.0269 0.9714
vn -0.3665 -0.0362 0.9297
vn -0.3688 -0.0364 0.9288
vn -0.1875 -0.0276 0.9819
vn -0.0732 -0.0073 0.9973
vn -0.3659 -0.0053 0.9306
vn -0.2366 -0.0237 0.9713
vn -0.4857 -0.0424 0.8731
vn -0.3681 -0.0395 0.9289
vn -0.8067 -0.0781 0.5857
vn -0.7040 -0.0683 0.7069
vn -0.9855 -0.0863 0.1459
vn -0.9889 -0.0218 0.1473
vn -0.9954 -0.0816 0.0503
vn -0.9978 0.0112 0.0655
vn -0.1642 -0.0450 0.9854
vn -0.1197 -0.0341 0.9922
vn -0.2200 -0.0590 0.9737
vn -0.2846 -0.0681 0.9562
vn -0.3398 -0.0633 0.9384
vn -0.3734 -0.0742 0.9247
vn -0.3024 -0.0604 0.9513
vn -0.2948 -0.0289 0.9551
vn -0.1070 -0.0282 0.9939
vn 0.0281 0.0075 0.9996
vn -0.3014 -0.0597 0.9516
vn -0.4262 -0.0846 0.9007
vn -0.5939 -0.0658 0.8019
vn -0.5491 -0.1105 0.8284
vn -0.6578 -0.1330 0.7414
vn -0.7576 -0.1410 0.6373
vn -0.8991 -0.0885 0.4286
vn -0.9098 -0.1810 0.3734
vn -0.8391 -0.1668 0.5177
vn -0.9819 -0.1181 0.1480
vn -0.9702 -0.1921 0.1479
vn -0.9703 -0.1927 0.1461
vn -0.9826 -0.1788 0.0503
vn -0.3522 -0.1069 0.9298
vn -0.3562 -0.1066 0.9283
vn -0.2453 -0.0763 0.9664
vn 0.0317 0.0155 0.9994
vn -0.1448 -0.0336 0.9889
vn -0.3460 -0.1058 0.9322
vn -0.5990 -0.1862 0.7788
vn -0.7281 -0.2106 0.6523
vn -0.8223 -0.2510 0.5107
vn -0.8975 -0.2736 0.3458
vn -0.9523 -0.2674 0.1473
vn -0.9557 -0.2899 0.0503
vn -0.1445 -0.0816 0.9861
vn -0.0955 -0.0529 0.9940
vn -0.2061 -0.0948 0.9739
vn -0.2628 -0.1057 0.9590
vn -0.3228 -0.1371 0.9365
vn -0.3497 -0.1385 0.9266
vn -0.1433 -0.0649 0.9875
vn -0.2654 -0.1121 0.9576
vn -0.2092 -0.0637 0.9758
vn -0.0996 -0.0441 0.9940
vn -0.2481 -0.1019 0.9634
vn -0.4697 -0.1427 0.8712
vn -0.4881 -0.2002 0.8495
vn -0.3644 -0.1513 0.9189
vn -0.6912 -0.2791 0.6666
vn -0.5868 -0.2483 0.7707
vn -0.8437 -0.3392 0.4161
vn -0.7705 -0.3309 0.5448
vn -0.9134 -0.3793 0.1479
vn -0.9430 -0.2990 0.1462
vn -0.9141 -0.3785 0.1456
vn -0.0409 -0.0431 0.9982
vn -0.2503 -0.1498 0.9565
vn -0.3355 -0.1726 0.9261
vn -0.3190 -0.1758 0.9313
vn -0.2374 -0.1318 0.9624
vn -0.3035 -0.1621 0.9390
vn -0.1783 -0.1024 0.9786
vn -0.4131 -0.2215 0.8833
vn -0.5160 -0.2700 0.8129
vn -0.7055 -0.3843 0.5954
vn -0.8029 -0.4205 0.4225
vn -0.8779 -0.4561 0.1460
vn -0.9163 -0.3973 0.0503
vn -0.1855 -0.1328 0.9736
vn -0.3169 -0.2046 0.9261
vn -0.2903 -0.2019 0.9354
vn -0.1193 -0.0828 0.9894
vn -0.2340 -0.1606 0.9589
vn 0.0216 0.0145 0.9997
vn 0.0257 0.0232 0.9994
vn -0.0926 -0.0669 0.9935
vn -0.2524 -0.1660 0.9533
vn -0.1609 -0.1245 0.9791
vn -0.3560 -0.2376 0.9038
vn -0.4754 -0.3127 0.8223
vn -0.6066 -0.3244 0.7258
vn -0.5781 -0.3829 0.7206
vn -0.7251 -0.4845 0.4893
vn -0.6493 -0.4440 0.6174
vn -0.7811 -0.5214 0.3435
vn -0.8623 -0.4843 0.1479
vn -0.8099 -0.5678 0.1473
vn -0.8293 -0.5394 0.1459
vn -0.8730 -0.4852 0.0503
vn -0.0925 -0.0886 0.9918
vn -0.1264 -0.1220 0.9845
vn -0.2228 -0.1918 0.9558
vn -0.2936 -0.2331 0.9271
vn -0.2742 -0.2380 0.9318
vn -0.2647 -0.2162 0.9398
vn -0.4556 -0.3732 0.8082
vn -0.3576 -0.2921 0.8870
vn -0.5486 -0.4490 0.7053
vn -0.6294 -0.5174 0.5798
vn -0.7648 -0.6275 0.1461
vn -0.8212 -0.5684 0.0503
vn -0.1658 -0.1677 0.9718
vn -0.2696 -0.2630 0.9263
vn -0.2399 -0.2637 0.9343
vn -0.2107 -0.1793 0.9610
vn -0.0979 -0.1032 0.9898
vn -0.0969 -0.1046 0.9898
vn 0.0177 0.0291 0.9994
vn -0.2683 -0.2604 0.9275
vn -0.1756 -0.1712 0.9695
vn -0.3428 -0.3440 0.8742
vn -0.5343 -0.5246 0.6628
vn -0.4371 -0.4460 0.7811
vn -0.6004 -0.6004 0.5283
vn -0.6972 -0.5747 0.4286
vn -0.6556 -0.6558 0.3743
vn -0.7644 -0.6273 0.1490
vn -0.7150 -0.6834 0.1475
vn -0.7615 -0.6462 0.0503
vn -0.6913 -0.7078 0.1455
vn -0.1840 -0.2262 0.9566
vn -0.1330 -0.1839 0.9739
vn -0.2023 -0.2056 0.9575
vn -0.2355 -0.2926 0.9268
vn -0.1630 -0.2016 0.9658
vn -0.2107 -0.2532 0.9442
vn -0.3090 -0.3723 0.8752
vn -0.4826 -0.5768 0.6590
vn -0.3858 -0.4843 0.7852
vn -0.5498 -0.6682 0.5013
vn -0.5945 -0.7263 0.3451
vn -0.6270 -0.7650 0.1472
vn -0.6462 -0.7615 0.0503
vn -0.7062 -0.7062 0.0502
vn -0.0883 -0.1417 0.9860
vn -0.0525 -0.0926 0.9943
vn -0.2059 -0.2906 0.9344
vn -0.1483 -0.2469 0.9576
vn -0.1636 -0.2464 0.9553
vn -0.2065 -0.3187 0.9251
vn -0.0893 -0.1342 0.9869
vn 0.0159 0.0252 0.9996
vn -0.1436 -0.2140 0.9662
vn -0.2125 -0.3086 0.9272
vn -0.2802 -0.4169 0.8647
vn -0.3964 -0.5899 0.7035
vn -0.3341 -0.5086 0.7935
vn -0.4532 -0.6774 0.5794
vn -0.5020 -0.7512 0.4287
vn -0.5317 -0.8339 0.1481
vn -0.5585 -0.8165 0.1459
vn -0.6275 -0.7649 0.1455
vn -0.5684 -0.8212 0.0503
vn -0.0962 -0.2113 0.9727
vn -0.1662 -0.3160 0.9341
vn -0.1704 -0.3341 0.9270
vn -0.0545 -0.1173 0.9916
vn -0.0744 -0.1144 0.9906
vn -0.0303 -0.0589 0.9978
vn -0.1044 -0.1960 0.9750
vn -0.1870 -0.3482 0.9186
vn -0.2552 -0.4787 0.8401
vn -0.3131 -0.5855 0.7477
vn -0.3599 -0.6737 0.6454
vn -0.4668 -0.8722 0.1461
vn -0.4852 -0.8730 0.0503
vn -0.0084 -0.0610 0.9981
vn -0.0374 -0.1192 0.9922
vn -0.0603 -0.1659 0.9843
vn -0.1156 -0.2729 0.9551
vn -0.1254 -0.3375 0.9329
vn -0.1267 -0.2396 0.9626
vn -0.1436 -0.3446 0.9277
vn 0.0141 0.0394 0.9991
vn 0.0072 0.0263 0.9996
vn -0.2357 -0.5721 0.7856
vn -0.1847 -0.4518 0.8728
vn -0.2802 -0.6589 0.6981
vn -0.4060 -0.7570 0.5120
vn -0.3397 -0.8122 0.4743
vn -0.3090 -0.7391 0.5985
vn -0.4376 -0.8270 0.3530
vn -0.3982 -0.9054 0.1474
vn -0.3447 -0.8737 0.3433
vn -0.4676 -0.8715 0.1475
vn -0.3973 -0.9163 0.0503
vn -0.0716 -0.2800 0.9573
vn -0.0512 -0.2253 0.9729
vn -0.0992 -0.2495 0.9633
vn -0.1066 -0.3626 0.9258
vn -0.0434 -0.1452 0.9884
vn -0.0795 -0.2758 0.9579
vn -0.0527 -0.1367 0.9892
vn -0.1234 -0.2986 0.9463
vn -0.0712 -0.2417 0.9677
vn -0.1147 -0.3762 0.9194
vn -0.1452 -0.4974 0.8553
vn -0.1786 -0.5847 0.7913
vn -0.2197 -0.6844 0.6952
vn -0.2301 -0.7728 0.5914
vn -0.2585 -0.8505 0.4580
vn -0.2864 -0.9467 0.1473
vn -0.2636 -0.9029 0.3396
vn -0.3677 -0.9184 0.1459
vn -0.3055 -0.9509 0.0503
vn -0.0254 -0.1681 0.9854
vn -0.0747 -0.3454 0.9355
vn -0.0691 -0.3685 0.9271
vn -0.0140 -0.1053 0.9943
vn -0.0283 -0.1387 0.9899
vn -0.0736 -0.3477 0.9347
vn -0.0462 -0.2591 0.9647
vn -0.0922 -0.4687 0.8786
vn -0.1143 -0.5786 0.8076
vn -0.1418 -0.6852 0.7145
vn -0.1752 -0.8382 0.5164
vn -0.1436 -0.7733 0.6176
vn -0.1762 -0.8994 0.4000
vn -0.1930 -0.9702 0.1464
vn -0.2871 -0.9468 0.1456
vn -0.1948 -0.9795 0.0503
vn -0.0023 -0.1227 0.9924
vn -0.0157 -0.2868 0.9579
vn -0.0105 -0.2235 0.9746
vn -0.0346 -0.3621 0.9315
vn -0.0463 -0.2501 0.9671
vn -0.0293 -0.3749 0.9266
vn -0.0137 -0.2105 0.9775
vn -0.0017 0.0384 0.9993
vn -0.0238 -0.2411 0.9702
vn -0.0070 -0.1071 0.9942
vn -0.0404 -0.3905 0.9197
vn -0.0623 -0.6446 0.7620
vn -0.0519 -0.5293 0.8468
vn -0.0724 -0.7545 0.6523
vn -0.0894 -0.8535 0.5133
vn -0.1929 -0.9699 0.1486
vn -0.0977 -0.9843 0.1472
vn -0.0860 -0.9319 0.3523
vn -0.0971 -0.9846 0.1455
vn 0.0130 -0.1694 0.9855
vn 0.0131 -0.3579 0.9337
vn -0.0261 -0.3031 0.9526
vn -0.0004 -0.3750 0.9270
vn 0.0030 -0.2783 0.9605
vn 0.0089 -0.1404 0.9901
vn -0.0026 0.0319 0.9995
vn -0.0021 -0.4479 0.8941
vn 0.0011 -0.5713 0.8207
vn -0.0031 -0.8837 0.4680
vn 0.0008 -0.9890 0.1479
vn 0.0126 -0.9389 0.3440
vn 0.0004 -0.9893 0.1458
vn -0.0816 -0.9954 0.0503
vn 0.0352 -0.2314 0.9722
vn 0.0481 -0.2942 0.9545
vn 0.0405 -0.3758 0.9258
vn 0.0322 -0.2716 0.9619
vn 0.0032 -0.1959 0.9806
vn 0.0111 -0.0915 0.9957
vn -0.0013 -0.3230 0.9464
vn 0.0330 -0.3689 0.9289
vn 0.0227 -0.2346 0.9718
vn 0.0601 -0.6212 0.7813
vn 0.0520 -0.4844 0.8733
vn 0.0009 -0.6915 0.7224
vn 0.0707 -0.7370 0.6722
vn -0.0021 -0.7986 0.6018
vn 0.0812 -0.8286 0.5539
vn 0.0969 -0.9843 0.1477
vn 0.0913 -0.9049 0.4158
vn 0.0816 -0.9954 0.0503
vn -0.0000 -0.9987 0.0502
vn 0.0284 -0.1118 0.9933
vn 0.0572 -0.1630 0.9850
vn 0.0705 -0.3573 0.9313
vn 0.0724 -0.3680 0.9270
vn 0.0361 -0.1542 0.9874
vn 0.0590 -0.2819 0.9576
vn -0.0068 0.0284 0.9996
vn 0.0339 -0.1885 0.9815
vn 0.0435 -0.1509 0.9876
vn 0.0635 -0.3287 0.9423
vn 0.1069 -0.5703 0.8145
vn 0.0985 -0.4533 0.8859
vn 0.1450 -0.7684 0.6233
vn 0.1405 -0.6788 0.7207
vn 0.1717 -0.8485 0.5006
vn 0.1818 -0.9164 0.3565
vn 0.1809 -0.9726 0.1459
vn 0.0971 -0.9846 0.1456
vn 0.1788 -0.9826 0.0503
vn 0.0252 -0.0527 0.9983
vn 0.0903 -0.2632 0.9605
vn 0.0767 -0.2150 0.9736
vn 0.1165 -0.3298 0.9368
vn 0.1056 -0.3627 0.9259
vn 0.0832 -0.2583 0.9625
vn -0.0136 0.0318 0.9994
vn 0.0947 -0.3180 0.9434
vn 0.1622 -0.5667 0.8078
vn 0.1460 -0.4562 0.8778
vn 0.2366 -0.7703 0.5921
vn 0.2080 -0.6658 0.7165
vn 0.2657 -0.8700 0.4153
vn 0.2878 -0.9461 0.1486
vn 0.2140 -0.9657 0.1473
vn 0.2875 -0.9465 0.1464
vn 0.2819 -0.9587 0.0386
vn 0.1467 -0.3446 0.9272
vn 0.0621 -0.1389 0.9884
vn 0.1039 -0.2483 0.9631
vn 0.0936 -0.2314 0.9684
vn 0.1505 -0.3632 0.9195
vn 0.2069 -0.4798 0.8527
vn 0.2251 -0.5698 0.7904
vn 0.2748 -0.6660 0.6935
vn 0.3431 -0.8296 0.4405
vn 0.3200 -0.7510 0.5776
vn 0.3776 -0.9141 0.1479
vn 0.3785 -0.9141 0.1456
vn 0.0620 -0.0994 0.9931
vn 0.1107 -0.2019 0.9731
vn 0.0948 -0.1396 0.9857
vn 0.1400 -0.2643 0.9542
vn 0.1682 -0.3249 0.9307
vn 0.1265 -0.2387 0.9628
vn 0.1763 -0.3268 0.9285
vn 0.0477 -0.1025 0.9936
vn -0.0162 0.0266 0.9995
vn 0.2273 -0.4173 0.8799
vn 0.2912 -0.5526 0.7809
vn 0.4842 -0.8625 0.1473
vn 0.4441 -0.8233 0.3536
vn 0.4554 -0.8783 0.1455
vn 0.3794 -0.9239 0.0503
vn 0.1921 -0.2912 0.9372
vn 0.1798 -0.2302 0.9564
vn 0.2108 -0.3145 0.9256
vn 0.1511 -0.2273 0.9620
vn -0.0209 0.0245 0.9995
vn 0.0925 -0.1447 0.9851
vn 0.1030 -0.1788 0.9785
vn 0.0610 -0.0869 0.9943
vn 0.1797 -0.2789 0.9434
vn 0.1336 -0.1751 0.9755
vn 0.1571 -0.3004 0.9408
vn 0.3266 -0.4880 0.8094
vn 0.2600 -0.3777 0.8887
vn 0.3903 -0.5866 0.7097
vn 0.3555 -0.6629 0.6589
vn 0.4435 -0.6669 0.5988
vn 0.4030 -0.7569 0.5145
vn 0.4939 -0.7395 0.4574
vn 0.5670 -0.8104 0.1474
vn 0.5332 -0.7796 0.3286
vn 0.5399 -0.8290 0.1462
vn 0.5480 -0.8356 0.0386
vn 0.4605 -0.8853 0.0655
vn 0.1489 -0.1749 0.9733
vn 0.2335 -0.2848 0.9297
vn 0.1778 -0.2205 0.9590
vn 0.2375 -0.2881 0.9277
vn 0.0931 -0.1043 0.9902
vn -0.0177 0.0162 0.9997
vn 0.2154 -0.2666 0.9394
vn 0.3572 -0.4352 0.8264
vn 0.4283 -0.5185 0.7401
vn 0.4943 -0.6011 0.6280
vn 0.5547 -0.6717 0.4910
vn 0.5830 -0.7224 0.3718
vn 0.6274 -0.7645 0.1482
vn 0.6275 -0.7648 0.1461
vn 0.0533 -0.0368 0.9979
vn 0.0882 -0.0861 0.9924
vn 0.1254 -0.1140 0.9855
vn 0.2140 -0.1898 0.9582
vn 0.1693 -0.1416 0.9754
vn 0.2544 -0.2460 0.9353
vn 0.2630 -0.2702 0.9262
vn 0.2035 -0.2000 0.9584
vn 0.1055 -0.1054 0.9888
vn 0.1878 -0.1939 0.9629
vn 0.2874 -0.3437 0.8940
vn 0.2732 -0.2720 0.9227
vn 0.3658 -0.3604 0.8581
vn 0.5310 -0.5230 0.6667
vn 0.4436 -0.4527 0.7735
vn 0.6030 -0.6030 0.5222
vn 0.6555 -0.6636 0.3604
vn 0.6998 -0.6990 0.1472
vn 0.6312 -0.7740 0.0502
vn 0.6996 -0.6996 0.1451
vn 0.2886 -0.2421 0.9263
vn 0.2849 -0.2108 0.9351
vn 0.1200 -0.0893 0.9887
vn 0.1186 -0.0843 0.9894
vn -0.0242 0.0140 0.9996
vn 0.2066 -0.1724 0.9631
vn 0.3119 -0.2559 0.9150
vn 0.4887 -0.4082 0.7710
vn 0.4069 -0.3278 0.8526
vn 0.6435 -0.5277 0.5545
vn 0.5774 -0.4637 0.6720
vn 0.7079 -0.5797 0.4036
vn 0.7785 -0.6100 0.1479
vn 0.7579 -0.6359 0.1459
vn 0.7615 -0.6462 0.0503
vn 0.6976 -0.7135 0.0656
vn 0.1072 -0.0609 0.9924
vn 0.1528 -0.0818 0.9849
vn 0.2061 -0.1223 0.9709
vn 0.2558 -0.1491 0.9552
vn 0.2251 -0.1812 0.9573
vn 0.3162 -0.2070 0.9258
vn 0.2406 -0.1558 0.9580
vn -0.0316 0.0187 0.9993
vn 0.3871 -0.2586 0.8850
vn 0.4840 -0.3238 0.8129
vn 0.5872 -0.3887 0.7100
vn 0.6759 -0.4505 0.5832
vn 0.7479 -0.4993 0.4375
vn 0.8334 -0.5324 0.1483
vn 0.8161 -0.5591 0.1459
vn 0.8268 -0.5591 0.0613
vn 0.3157 -0.1792 0.9318
vn 0.3307 -0.1713 0.9281
vn 0.2326 -0.1278 0.9641
vn 0.1352 -0.0620 0.9889
vn 0.2667 -0.1786 0.9471
vn 0.2192 -0.1171 0.9686
vn 0.3443 -0.1887 0.9197
vn 0.4521 -0.2403 0.8590
vn 0.6957 -0.3831 0.6077
vn 0.6458 -0.3344 0.6864
vn 0.7696 -0.4115 0.4883
vn 0.8282 -0.4424 0.3441
vn 0.8824 -0.4469 0.1473
vn 0.8665 -0.4772 0.1462
vn 0.8853 -0.4635 0.0386
vn 0.2732 -0.0973 0.9570
vn 0.2177 -0.0728 0.9733
vn 0.3306 -0.1397 0.9334
vn 0.2601 -0.1119 0.9591
vn 0.3468 -0.1423 0.9271
vn 0.0835 -0.0422 0.9956
vn -0.0283 0.0112 0.9995
vn 0.2287 -0.0935 0.9690
vn 0.1178 -0.0415 0.9922
vn 0.3671 -0.1578 0.9167
vn 0.5518 -0.2929 0.7808
vn 0.5105 -0.2067 0.8347
vn 0.6372 -0.2635 0.7242
vn 0.7451 -0.3124 0.5892
vn 0.9098 -0.3886 0.1459
vn 0.1175 -0.0297 0.9926
vn 0.1690 -0.0425 0.9847
vn 0.3643 -0.1104 0.9247
vn 0.3415 -0.1036 0.9342
vn 0.2601 -0.0788 0.9624
vn 0.1322 -0.0409 0.9904
vn -0.0349 0.0049 0.9994
vn 0.3921 -0.1208 0.9119
vn 0.2402 -0.0695 0.9682
vn 0.6173 -0.1873 0.7641
vn 0.5150 -0.1562 0.8428
vn 0.8357 -0.3440 0.4281
vn 0.8155 -0.2494 0.5223
vn 0.8944 -0.2654 0.3601
vn 0.9216 -0.3588 0.1480
vn 0.9523 -0.2671 0.1473
vn 0.9431 -0.2989 0.1459
vn 0.9289 -0.3670 0.0503
vn 0.2855 -0.0490 0.9571
vn 0.2257 -0.0294 0.9738
vn 0.3516 -0.0682 0.9337
vn 0.3636 -0.0723 0.9287
vn 0.1513 -0.0238 0.9882
vn 0.2642 -0.0517 0.9631
vn 0.1479 -0.0264 0.9886
vn -0.0180 0.0018 0.9998
vn 0.3011 -0.0632 0.9515
vn 0.4256 -0.0794 0.9014
vn 0.5455 -0.1119 0.8306
vn 0.7237 -0.2215 0.6536
vn 0.7753 -0.1537 0.6127
vn 0.6692 -0.1320 0.7312
vn 0.8563 -0.1808 0.4838
vn 0.9740 -0.1720 0.1476
vn 0.9110 -0.1709 0.3754
vn 0.9679 -0.2045 0.1459
vn 0.9604 -0.2742 0.0503
vn 0.3755 -0.0407 0.9259
vn 0.2833 -0.0255 0.9587
vn 0.3311 -0.0343 0.9430
vn 0.1885 -0.0152 0.9820
vn 0.6198 -0.0614 0.7824
vn 0.4791 -0.0469 0.8765
vn 0.7537 -0.0698 0.6535
vn 0.8616 -0.0910 0.4994
vn 0.9351 -0.0932 0.3418
vn 0.9834 -0.1086 0.1455
vn 0.9818 -0.1868 0.0338
vn 0.9863 -0.0746 0.1473
vn 0.9924 -0.0977 0.0751
vn 0.9616 0.0060 0.2745
vn 0.9472 0.1090 0.3015
vn 0.7867 0.0688 0.6135
vn 0.4999 0.0471 0.8648
vn 0.3408 -0.0368 0.9394
vn 0.3245 0.0309 0.9454
vn 0.7476 -0.0062 0.6641
vn 0.4453 -0.0030 0.8954
vn 0.9320 0.2013 0.3015
vn 0.7532 0.1371 0.6434
vn 0.4690 0.0961 0.8780
vn 0.3013 0.0505 0.9522
vn 0.9125 0.2768 0.3012
vn 0.7503 0.2228 0.6224
vn 0.4573 0.1416 0.8780
vn 0.2949 0.0798 0.9522
vn 0.8753 0.3546 0.3288
vn 0.6683 0.2768 0.6905
vn 0.4126 0.1676 0.8954
vn 0.2857 0.1083 0.9522
vn 0.8555 0.4457 0.2634
vn 0.6881 0.3730 0.6224
vn 0.4258 0.2188 0.8780
vn 0.2737 0.1358 0.9522
vn 0.7927 0.5297 0.3018
vn 0.6123 0.4168 0.6718
vn 0.4023 0.2595 0.8780
vn 0.2854 0.1267 0.9500
vn 0.7270 0.6169 0.3015
vn 0.6159 0.4943 0.6134
vn 0.3697 0.3034 0.8782
vn 0.2608 0.2131 0.9416
vn 0.6630 0.6852 0.3015
vn 0.5501 0.5324 0.6433
vn 0.2094 0.2225 0.9522
vn 0.3330 0.3440 0.8780
vn 0.6041 0.7522 0.2634
vn 0.5001 0.6021 0.6224
vn 0.2001 0.2301 0.9524
vn 0.3199 0.3998 0.8590
vn 0.5297 0.7773 0.3395
vn 0.4102 0.6250 0.6641
vn 0.2499 0.3686 0.8954
vn 0.1774 0.2488 0.9522
vn 0.4586 0.8452 0.2745
vn 0.3498 0.6810 0.6434
vn 0.2325 0.4185 0.8780
vn 0.1521 0.2649 0.9522
vn 0.3546 0.8753 0.3288
vn 0.2776 0.6867 0.6718
vn 0.1781 0.4182 0.8907
vn 0.1260 0.2778 0.9523
vn 0.2768 0.9125 0.3012
vn 0.2337 0.7703 0.5933
vn 0.0798 0.2949 0.9522
vn 0.1437 0.4811 0.8648
vn 0.2013 0.9320 0.3015
vn 0.1398 0.7344 0.6641
vn 0.0626 0.3199 0.9454
vn 0.0839 0.4374 0.8954
vn 0.0934 0.9488 0.3017
vn 0.0662 0.7377 0.6719
vn -0.0102 0.3089 0.9510
vn 0.0565 0.5088 0.8590
vn -0.0102 0.9646 0.2634
vn -0.0000 0.8049 0.5934
vn -0.0000 0.4784 0.8782
vn 0.0101 0.3048 0.9523
vn -0.0950 0.9487 0.3016
vn -0.0769 0.7617 0.6434
vn -0.0392 0.3030 0.9522
vn -0.0547 0.4756 0.8780
vn -0.1816 0.9132 0.3649
vn -0.1382 0.7277 0.6718
vn -0.0646 0.3195 0.9454
vn -0.1010 0.4680 0.8780
vn -0.2702 0.9261 0.2634
vn -0.2228 0.7503 0.6224
vn -0.0982 0.2905 0.9518
vn -0.1464 0.4558 0.8780
vn -0.3504 0.8868 0.3015
vn -0.2918 0.6883 0.6641
vn -0.1546 0.2676 0.9510
vn -0.1835 0.4430 0.8776
vn -0.4356 0.8481 0.3015
vn -0.3719 0.6692 0.6434
vn -0.2188 0.4258 0.8780
vn -0.1358 0.2737 0.9522
vn -0.5166 0.8014 0.3015
vn -0.4459 0.6518 0.6134
vn -0.2657 0.3977 0.8782
vn -0.1877 0.2797 0.9416
vn -0.5927 0.7469 0.3015
vn -0.4871 0.5906 0.6434
vn -0.2019 0.2308 0.9518
vn -0.3097 0.3651 0.8780
vn -0.6626 0.6730 0.3288
vn -0.5115 0.5115 0.6905
vn -0.1590 0.2752 0.9481
vn -0.3390 0.3390 0.8776
vn -0.7471 0.6054 0.2745
vn -0.6049 0.5077 0.6134
vn -0.3697 0.3034 0.8782
vn -0.2599 0.2142 0.9416
vn -0.7928 0.5298 0.3012
vn -0.6363 0.4252 0.6436
vn -0.2486 0.1766 0.9524
vn -0.3987 0.2664 0.8776
vn -0.8452 0.4586 0.2745
vn -0.6810 0.3498 0.6433
vn -0.4185 0.2325 0.8780
vn -0.2649 0.1521 0.9522
vn -0.8602 0.3563 0.3649
vn -0.7077 0.2931 0.6429
vn -0.4419 0.1830 0.8782
vn -0.2777 0.1261 0.9524
vn -0.9120 0.2782 0.3016
vn -0.7136 0.2229 0.6641
vn -0.2815 0.1277 0.9510
vn -0.4588 0.1392 0.8776
vn -0.9443 0.1817 0.2745
vn -0.7504 0.1512 0.6434
vn -0.4449 0.0931 0.8907
vn -0.3578 0.0712 0.9311
vn -0.9503 0.0779 0.3015
vn -0.7850 0.0860 0.6134
vn -0.3060 0.0204 0.9518
vn -0.4999 0.0471 0.8648
vn -0.9533 -0.0157 0.3015
vn -0.7655 0.0126 0.6433
vn -0.3065 -0.0096 0.9518
vn -0.4787 -0.0078 0.8780
vn -0.9472 -0.1090 0.3015
vn -0.7630 -0.0626 0.6434
vn -0.3010 -0.0703 0.9510
vn -0.5089 -0.0565 0.8590
vn -0.9320 -0.2013 0.3015
vn -0.7532 -0.1371 0.6434
vn -0.4449 -0.0931 0.8907
vn -0.3010 -0.0495 0.9523
vn -0.8976 -0.2812 0.3394
vn -0.7172 -0.2111 0.6641
vn -0.3050 -0.0502 0.9510
vn -0.4588 -0.1392 0.8776
vn -0.8951 -0.3597 0.2634
vn -0.7214 -0.3037 0.6224
vn -0.4452 -0.1760 0.8780
vn -0.2869 -0.1084 0.9518
vn -0.8481 -0.4356 0.3015
vn -0.6692 -0.3719 0.6434
vn -0.4258 -0.2188 0.8780
vn -0.2748 -0.1360 0.9518
vn -0.8014 -0.5166 0.3015
vn -0.6295 -0.4357 0.6434
vn -0.3804 -0.2487 0.8907
vn -0.2804 -0.1865 0.9416
vn -0.7347 -0.5934 0.3288
vn -0.5921 -0.4859 0.6429
vn -0.2625 -0.1631 0.9510
vn -0.4121 -0.3382 0.8460
vn -0.6757 -0.6842 0.2745
vn -0.5501 -0.5324 0.6433
vn -0.3182 -0.3246 0.8907
vn -0.2580 -0.2580 0.9311
vn -0.5927 -0.7469 0.3015
vn -0.4953 -0.5838 0.6433
vn -0.1870 -0.2430 0.9518
vn -0.2976 -0.3750 0.8779
vn -0.5166 -0.8014 0.3015
vn -0.4357 -0.6295 0.6433
vn -0.2389 -0.2096 0.9482
vn -0.2791 -0.4292 0.8590
vn -0.4356 -0.8481 0.3015
vn -0.3719 -0.6692 0.6433
vn -0.2232 -0.4235 0.8780
vn -0.1545 -0.2869 0.9454
vn -0.3504 -0.8868 0.3015
vn -0.2918 -0.6883 0.6641
vn -0.1732 -0.4103 0.8954
vn -0.1254 -0.2786 0.9522
vn -0.2618 -0.9168 0.3015
vn -0.2375 -0.7532 0.6134
vn -0.1388 -0.4577 0.8782
vn -0.0971 -0.3225 0.9416
vn -0.1751 -0.9242 0.3395
vn -0.1616 -0.7483 0.6433
vn -0.0503 -0.3025 0.9518
vn -0.0857 -0.4710 0.8780
vn -0.0950 -0.9487 0.3016
vn -0.0875 -0.7606 0.6433
vn -0.0204 -0.3060 0.9518
vn -0.0391 -0.4771 0.8780
vn -0.0000 -0.9712 0.2384
vn -0.0046 -0.7827 0.6224
vn 0.0096 -0.3065 0.9518
vn 0.0078 -0.4787 0.8780
vn 0.0950 -0.9487 0.3016
vn 0.0769 -0.7617 0.6434
vn 0.0831 -0.3010 0.9500
vn 0.0547 -0.4756 0.8780
vn 0.1915 -0.9248 0.3288
vn 0.1411 -0.7094 0.6905
vn 0.0201 -0.3084 0.9510
vn 0.0935 -0.4703 0.8776
vn 0.2898 -0.9201 0.2634
vn 0.2316 -0.7476 0.6224
vn 0.1276 -0.4362 0.8907
vn 0.0971 -0.3224 0.9416
vn 0.3663 -0.8803 0.3016
vn 0.3045 -0.7024 0.6433
vn 0.0799 -0.2985 0.9511
vn 0.1900 -0.4754 0.8590
vn 0.4508 -0.8401 0.3016
vn 0.3719 -0.6692 0.6434
vn 0.2188 -0.4258 0.8780
vn 0.1528 -0.2879 0.9454
vn 0.5308 -0.7811 0.3288
vn 0.4168 -0.6123 0.6718
vn 0.2487 -0.3804 0.8907
vn 0.1609 -0.2591 0.9524
vn 0.6199 -0.7392 0.2634
vn 0.5001 -0.6021 0.6224
vn 0.2076 -0.2513 0.9454
vn 0.3015 -0.3718 0.8780
vn 0.6730 -0.6625 0.3288
vn 0.5282 -0.5192 0.6719
vn 0.2552 -0.1799 0.9500
vn 0.3365 -0.3405 0.8780
vn 0.7469 -0.5927 0.3015
vn 0.6049 -0.5077 0.6134
vn 0.2301 -0.2001 0.9524
vn 0.4121 -0.3382 0.8461
vn 0.7868 -0.5155 0.3394
vn 0.6182 -0.4205 0.6641
vn 0.3686 -0.2499 0.8954
vn 0.2487 -0.1774 0.9522
vn 0.8459 -0.4637 0.2634
vn 0.6924 -0.3649 0.6224
vn 0.4185 -0.2325 0.8780
vn 0.2463 -0.1919 0.9500
vn 0.8748 -0.3792 0.3015
vn 0.7120 -0.2814 0.6433
vn 0.4182 -0.1781 0.8907
vn 0.3109 -0.1295 0.9416
vn 0.9077 -0.2917 0.3015
vn 0.7362 -0.2102 0.6433
vn 0.2949 -0.0798 0.9522
vn 0.4573 -0.1416 0.8780
vn 0.9419 -0.1935 0.2745
vn 0.7532 -0.1371 0.6434
vn 0.2972 -0.0680 0.9524
vn 0.5008 -0.1061 0.8590
vn 0.9266 -0.0913 0.3649
vn 0.4994 -0.0514 0.8648
vn 0.3094 -0.0234 0.9506
vn 0.7623 -0.0751 0.6429
vn 0.2148 0.0643 0.9745
vn -0.2263 0.1225 0.9663
vn -0.1020 -0.7145 0.6922
vt 0.515625 0.459336
vt 0.500000 0.460938
vt 0.500000 0.459336
vt 0.500000 0.021071
vt 0.515625 0.019685
vt 0.500000 0.018832
vt 0.500000 0.016676
vt 0.515625 0.015546
vt 0.500000 0.013539
vt 0.515625 0.011664
vt 0.500000 0.010799
vt 0.500000 0.008346
vt 0.500000 0.005430
vt 0.515625 0.008179
vt 0.500000 0.003462
vt 0.515625 0.005310
vt 0.515625 0.003001
vt 0.500000 0.001934
vt 0.515625 0.001265
vt 0.500000 0.000903
vt 0.493572 0.000407
vt 0.531250 0.459336
vt 0.515625 0.460938
vt 0.531250 0.019879
vt 0.531250 0.015653
vt 0.531250 0.009063
vt 0.531250 0.011732
vt 0.531250 0.006719
vt 0.531250 0.004645
vt 0.531250 0.002947
vt 0.524822 0.000407
vt 0.531250 0.001239
vt 0.506615 0.000103
vt 0.560154 0.000000
vt 0.537777 0.000103
vt 0.352945 -0.000000
vt 0.498047 0.000000
vt 0.546875 0.460938
vt 0.531250 0.460938
vt 0.546875 0.019995
vt 0.546875 0.016676
vt 0.546875 0.013539
vt 0.546875 0.010027
vt 0.546875 0.007453
vt 0.546875 0.005310
vt 0.546875 0.002052
vt 0.546875 0.003462
vt 0.546875 0.000903
vt 0.555151 0.000407
vt 0.546875 0.459336
vt 0.562500 0.460938
vt 0.562501 0.021071
vt 0.562500 0.018832
vt 0.562501 0.008261
vt 0.562501 0.005978
vt 0.562501 0.003991
vt 0.562501 0.002007
vt 0.562501 0.000903
vt 0.569117 0.000103
vt 0.562500 0.459336
vt 0.578126 0.460938
vt 0.578126 0.459336
vt 0.562501 0.015653
vt 0.578126 0.019685
vt 0.562500 0.011732
vt 0.578126 0.015546
vt 0.578126 0.011732
vt 0.578126 0.004645
vt 0.578126 0.006719
vt 0.578126 0.002947
vt 0.578126 0.001275
vt 0.578126 0.000407
vt 0.593751 0.460938
vt 0.593751 0.021071
vt 0.593751 0.014614
vt 0.578126 0.009063
vt 0.593751 0.011636
vt 0.593751 0.006716
vt 0.593751 0.009063
vt 0.593751 0.002439
vt 0.593751 0.004113
vt 0.593751 0.001239
vt 0.600277 0.000103
vt 0.602951 0.000407
vt 0.593751 0.459336
vt 0.609376 0.460938
vt 0.609376 0.019879
vt 0.593751 0.017650
vt 0.609376 0.016676
vt 0.609376 0.009936
vt 0.609376 0.007453
vt 0.609376 0.005310
vt 0.609376 0.002910
vt 0.609376 0.001205
vt 0.624995 0.000056
vt 0.609376 0.459336
vt 0.625001 0.460938
vt 0.625001 0.019879
vt 0.625001 0.016676
vt 0.609376 0.013641
vt 0.625001 0.013641
vt 0.625001 0.007453
vt 0.625001 0.009936
vt 0.625001 0.003462
vt 0.625001 0.005310
vt 0.625001 0.000903
vt 0.625001 0.002053
vt 0.632815 0.000407
vt 0.640626 0.459336
vt 0.625001 0.459336
vt 0.640626 0.019879
vt 0.640626 0.016676
vt 0.640626 0.013641
vt 0.640626 0.007453
vt 0.640626 0.009936
vt 0.640626 0.003462
vt 0.640626 0.005380
vt 0.640626 0.001964
vt 0.640626 0.000903
vt 0.656251 0.459336
vt 0.640626 0.460938
vt 0.656251 0.019995
vt 0.656251 0.016676
vt 0.656251 0.012651
vt 0.656251 0.014614
vt 0.656251 0.007453
vt 0.656251 0.009847
vt 0.656251 0.005310
vt 0.656251 0.001239
vt 0.656251 0.002947
vt 0.664064 0.000407
vt 0.648538 0.000103
vt 0.671866 0.000000
vt 0.671876 0.459336
vt 0.656251 0.460938
vt 0.671876 0.021071
vt 0.671876 0.018832
vt 0.671876 0.015761
vt 0.671876 0.012651
vt 0.671876 0.010027
vt 0.671876 0.007454
vt 0.671876 0.005310
vt 0.671876 0.001275
vt 0.671876 0.002947
vt 0.679874 0.000103
vt 0.687501 0.460938
vt 0.671876 0.460938
vt 0.687501 0.459336
vt 0.687501 0.019686
vt 0.687501 0.015546
vt 0.687501 0.009063
vt 0.687501 0.006641
vt 0.687501 0.004645
vt 0.687501 0.001239
vt 0.687501 0.002947
vt 0.696699 0.000407
vt 0.703126 0.459336
vt 0.703126 0.020080
vt 0.703126 0.016676
vt 0.687501 0.011732
vt 0.703126 0.013743
vt 0.703126 0.010799
vt 0.703126 0.005310
vt 0.703126 0.002052
vt 0.703126 0.003462
vt 0.703126 0.000903
vt 0.729941 0.000074
vt 0.709828 0.000103
vt 0.718751 0.459336
vt 0.703126 0.460938
vt 0.718751 0.019764
vt 0.718751 0.016676
vt 0.718751 0.013540
vt 0.703126 0.008179
vt 0.718751 0.007454
vt 0.718751 0.010027
vt 0.718751 0.005262
vt 0.718751 0.001239
vt 0.718751 0.002895
vt 0.727668 0.000407
vt 0.734376 0.459336
vt 0.718751 0.460938
vt 0.734376 0.021071
vt 0.734376 0.018832
vt 0.734376 0.012651
vt 0.734376 0.015654
vt 0.734376 0.009784
vt 0.734376 0.006641
vt 0.734376 0.004114
vt 0.734376 0.002085
vt 0.734376 0.000903
vt 0.750001 0.459336
vt 0.734376 0.460938
vt 0.750001 0.019879
vt 0.750001 0.016676
vt 0.750001 0.013640
vt 0.750001 0.010027
vt 0.750001 0.007454
vt 0.750001 0.003462
vt 0.750001 0.005381
vt 0.750001 0.001963
vt 0.750001 0.000903
vt 0.750001 0.000407
vt 0.778792 0.000092
vt 0.765626 0.460938
vt 0.750001 0.460938
vt 0.765626 0.019879
vt 0.765626 0.016676
vt 0.765626 0.009063
vt 0.765626 0.006716
vt 0.765626 0.004645
vt 0.765626 0.001215
vt 0.765626 0.002947
vt 0.757627 0.000103
vt 0.773439 0.000407
vt 0.765626 0.459336
vt 0.781251 0.460938
vt 0.781251 0.019879
vt 0.781251 0.015653
vt 0.765626 0.014614
vt 0.781251 0.011731
vt 0.765626 0.011636
vt 0.781251 0.009063
vt 0.781251 0.004645
vt 0.781251 0.006718
vt 0.781251 0.001239
vt 0.781251 0.002947
vt 0.804687 0.000000
vt 0.781251 0.459336
vt 0.796876 0.460938
vt 0.796876 0.019995
vt 0.796876 0.016676
vt 0.796876 0.010799
vt 0.796876 0.013640
vt 0.796876 0.005978
vt 0.796876 0.004053
vt 0.796876 0.002439
vt 0.796876 0.001275
vt 0.804689 0.000407
vt 0.804874 0.000103
vt 0.796876 0.459336
vt 0.812501 0.460938
vt 0.812501 0.019881
vt 0.812501 0.016676
vt 0.796876 0.008262
vt 0.812501 0.011636
vt 0.812501 0.008262
vt 0.812501 0.003001
vt 0.812501 0.001265
vt 0.992188 0.000000
vt 0.812501 0.459336
vt 0.828126 0.460938
vt 0.828126 0.021071
vt 0.828126 0.018832
vt 0.812501 0.014614
vt 0.828126 0.016676
vt 0.828126 0.010000
vt 0.828126 0.013743
vt 0.828126 0.006716
vt 0.812501 0.005310
vt 0.828126 0.004051
vt 0.828126 0.002439
vt 0.828126 0.001205
vt 0.828126 0.000103
vt 0.837323 0.000407
vt 0.843750 0.459336
vt 0.828126 0.459336
vt 0.843751 0.019879
vt 0.843750 0.016676
vt 0.843751 0.013640
vt 0.843751 0.006716
vt 0.843751 0.009935
vt 0.843751 0.004051
vt 0.843751 0.000903
vt 0.843751 0.002007
vt 0.857423 0.000000
vt 0.851751 0.000103
vt 0.859375 0.459336
vt 0.843751 0.460938
vt 0.859375 0.019995
vt 0.859375 0.016676
vt 0.859375 0.013468
vt 0.859375 0.007454
vt 0.859375 0.009938
vt 0.859375 0.003462
vt 0.859376 0.000903
vt 0.859376 0.002052
vt 0.868573 0.000407
vt 0.875000 0.459336
vt 0.859375 0.460938
vt 0.875000 0.021071
vt 0.875000 0.018832
vt 0.875000 0.013743
vt 0.875000 0.016676
vt 0.875000 0.010799
vt 0.875000 0.009063
vt 0.859375 0.005242
vt 0.875000 0.004051
vt 0.875000 0.006641
vt 0.875000 0.002007
vt 0.875001 0.000903
vt 0.881529 0.000103
vt 0.890625 0.459336
vt 0.875000 0.460938
vt 0.890625 0.019995
vt 0.890625 0.016676
vt 0.890625 0.014614
vt 0.890625 0.011732
vt 0.890625 0.008261
vt 0.890625 0.003001
vt 0.890625 0.001583
vt 0.890625 0.000627
vt 0.906244 0.000061
vt 0.906250 0.459336
vt 0.890625 0.460938
vt 0.906250 0.021071
vt 0.906250 0.018832
vt 0.906250 0.015547
vt 0.906250 0.008261
vt 0.906250 0.011732
vt 0.890625 0.005310
vt 0.906250 0.005262
vt 0.906250 0.002859
vt 0.914062 0.000407
vt 0.921875 0.460938
vt 0.906250 0.460938
vt 0.921875 0.019879
vt 0.921875 0.016676
vt 0.921875 0.013640
vt 0.921875 0.007453
vt 0.921875 0.010027
vt 0.921875 0.003462
vt 0.921875 0.005380
vt 0.906250 0.001181
vt 0.921875 0.000903
vt 0.921875 0.002007
vt 0.921875 0.459336
vt 0.937500 0.460938
vt 0.937500 0.019879
vt 0.937500 0.015653
vt 0.937500 0.012651
vt 0.937500 0.009846
vt 0.937500 0.006716
vt 0.937500 0.004645
vt 0.937500 0.002895
vt 0.937500 0.001239
vt 0.943928 0.000407
vt 0.931072 0.000103
vt 0.955078 0.000000
vt 0.953125 0.459336
vt 0.937500 0.459336
vt 0.953125 0.020080
vt 0.953125 0.016676
vt 0.953125 0.013743
vt 0.953125 0.010799
vt 0.953125 0.008261
vt 0.953125 0.003462
vt 0.953125 0.005381
vt 0.953125 0.000903
vt 0.953125 0.002053
vt 0.960937 0.000103
vt 0.968750 0.459336
vt 0.953125 0.460938
vt 0.968750 0.017762
vt 0.968750 0.014613
vt 0.968750 0.011636
vt 0.968750 0.008261
vt 0.968750 0.005310
vt 0.968750 0.003462
vt 0.968750 0.001964
vt 0.975645 0.000407
vt 0.968750 0.000903
vt 0.984375 0.459336
vt 0.968750 0.460938
vt 0.968750 0.021071
vt 0.984375 0.015760
vt 0.984375 0.019881
vt 0.984375 0.012651
vt 0.984375 0.009847
vt 0.984375 0.006717
vt 0.984375 0.004114
vt 0.984375 0.002439
vt 0.984375 0.001238
vt 0.992187 0.000103
vt 1.000000 0.459336
vt 0.984375 0.460938
vt 1.000000 0.016676
vt 1.000000 0.019876
vt 1.000000 0.013539
vt 1.000000 0.009936
vt 1.000000 0.006794
vt 1.000000 0.004645
vt 1.000000 0.003001
vt 1.000000 0.001265
vt 1.000000 0.000407
vt 0.000000 0.459336
vt 0.015625 0.460938
vt 0.000000 0.460938
vt 0.015625 0.019881
vt 0.000000 0.019876
vt 0.000000 0.016676
vt 0.015625 0.013743
vt 0.015625 0.016676
vt 0.000000 0.013539
vt 0.015625 0.010000
vt 0.000000 0.009936
vt 0.015625 0.006717
vt 0.000000 0.004645
vt 0.000000 0.006794
vt 0.000000 0.003001
vt 0.015625 0.004051
vt 0.015625 0.002053
vt 0.000000 0.001265
vt 0.015625 0.000903
vt 0.006706 0.000407
vt 0.000000 0.000103
vt 0.026669 0.000000
vt 0.024821 0.000103
vt 0.015625 0.459336
vt 0.031250 0.460938
vt 0.031250 0.021071
vt 0.031250 0.018832
vt 0.031250 0.011569
vt 0.031250 0.005978
vt 0.031250 0.002439
vt 0.031250 0.004053
vt 0.031250 0.001205
vt 0.031250 0.000407
vt 0.031250 0.459336
vt 0.046875 0.460938
vt 0.046875 0.019995
vt 0.046875 0.016676
vt 0.031250 0.015470
vt 0.046875 0.014613
vt 0.046875 0.011732
vt 0.046875 0.008261
vt 0.031250 0.008179
vt 0.046875 0.002947
vt 0.046875 0.005310
vt 0.046875 0.001239
vt 0.053302 0.000407
vt 0.060547 0.000000
vt 0.056071 0.000103
vt 0.046875 0.459336
vt 0.062500 0.460938
vt 0.062500 0.021071
vt 0.062500 0.017570
vt 0.062500 0.007453
vt 0.062500 0.003462
vt 0.062500 0.005312
vt 0.062500 0.000903
vt 0.078125 0.459336
vt 0.062500 0.459336
vt 0.078125 0.018832
vt 0.078125 0.021071
vt 0.062500 0.013468
vt 0.078125 0.011897
vt 0.078125 0.015654
vt 0.062500 0.009847
vt 0.078125 0.009063
vt 0.078125 0.004009
vt 0.078125 0.006641
vt 0.062500 0.002007
vt 0.078125 0.001964
vt 0.078125 0.000651
vt 0.087220 0.000103
vt 0.093750 0.459336
vt 0.078125 0.460938
vt 0.093750 0.019876
vt 0.093750 0.016676
vt 0.093750 0.013642
vt 0.093750 0.010799
vt 0.093750 0.001239
vt 0.093750 0.002947
vt 0.102220 0.000407
vt 0.109375 0.460938
vt 0.093750 0.460938
vt 0.109375 0.021071
vt 0.109375 0.018832
vt 0.109375 0.014613
vt 0.109375 0.016676
vt 0.109375 0.011637
vt 0.109375 0.008261
vt 0.093750 0.008120
vt 0.109375 0.005310
vt 0.093750 0.005242
vt 0.109375 0.001265
vt 0.109375 0.003001
vt 0.109375 0.459336
vt 0.125000 0.460938
vt 0.125000 0.459336
vt 0.125000 0.019764
vt 0.125000 0.013640
vt 0.125000 0.016676
vt 0.125000 0.004645
vt 0.125000 0.006794
vt 0.125000 0.002947
vt 0.125000 0.001239
vt 0.116229 0.000098
vt 0.133466 0.000407
vt 0.150663 0.000000
vt 0.140625 0.459336
vt 0.140625 0.019881
vt 0.140625 0.012651
vt 0.140625 0.015760
vt 0.125000 0.009936
vt 0.140624 0.009847
vt 0.140624 0.006716
vt 0.140624 0.004113
vt 0.140624 0.002439
vt 0.140624 0.001205
vt 0.140624 0.000103
vt 0.156250 0.459336
vt 0.140625 0.460938
vt 0.156250 0.021071
vt 0.156250 0.018832
vt 0.156250 0.013641
vt 0.156250 0.016676
vt 0.156250 0.009936
vt 0.156249 0.006716
vt 0.156249 0.002895
vt 0.156249 0.001239
vt 0.164062 0.000407
vt 0.171614 0.000103
vt 0.171875 0.460938
vt 0.156250 0.460938
vt 0.171875 0.459336
vt 0.171874 0.019685
vt 0.171874 0.013743
vt 0.171874 0.016676
vt 0.171874 0.010799
vt 0.171874 0.008261
vt 0.171874 0.005310
vt 0.156249 0.004645
vt 0.171874 0.003001
vt 0.171874 0.001583
vt 0.171874 0.000903
vt 0.187500 0.459336
vt 0.187499 0.021071
vt 0.187499 0.017873
vt 0.187499 0.014613
vt 0.187499 0.011732
vt 0.187499 0.009063
vt 0.187499 0.002439
vt 0.187499 0.004113
vt 0.187499 0.000407
vt 0.187499 0.001239
vt 0.210934 0.000000
vt 0.203124 0.460938
vt 0.187500 0.460938
vt 0.203124 0.459336
vt 0.203124 0.016676
vt 0.203124 0.019881
vt 0.203124 0.013539
vt 0.203124 0.008261
vt 0.203124 0.010799
vt 0.187499 0.006717
vt 0.203124 0.005978
vt 0.203124 0.003949
vt 0.203124 0.001964
vt 0.203124 0.000903
vt 0.211217 0.000407
vt 0.209552 0.000103
vt 0.218749 0.459336
vt 0.218749 0.015653
vt 0.218749 0.019881
vt 0.218749 0.011732
vt 0.218749 0.009063
vt 0.218749 0.004096
vt 0.218749 0.006794
vt 0.218749 0.002052
vt 0.218749 0.000903
vt 0.234374 0.459336
vt 0.218749 0.460938
vt 0.234374 0.014613
vt 0.234374 0.017762
vt 0.234374 0.009063
vt 0.234374 0.011732
vt 0.234374 0.006717
vt 0.234374 0.002439
vt 0.234374 0.004114
vt 0.234374 0.001239
vt 0.240802 0.000103
vt 0.242652 0.000407
vt 0.249999 0.460938
vt 0.234374 0.460938
vt 0.249999 0.019995
vt 0.234374 0.021071
vt 0.249999 0.016676
vt 0.249999 0.014613
vt 0.249999 0.009063
vt 0.249999 0.011636
vt 0.249999 0.006641
vt 0.249999 0.004051
vt 0.249999 0.002439
vt 0.249999 0.001181
vt 0.263670 0.000000
vt 0.249999 0.459336
vt 0.265624 0.460938
vt 0.265624 0.021071
vt 0.265624 0.018832
vt 0.265624 0.015654
vt 0.265624 0.012651
vt 0.265624 0.006717
vt 0.265624 0.009847
vt 0.265624 0.004051
vt 0.265624 0.000697
vt 0.265624 0.002052
vt 0.273436 0.000103
vt 0.265624 0.459336
vt 0.281249 0.460938
vt 0.281249 0.021071
vt 0.281249 0.018832
vt 0.281249 0.016676
vt 0.281249 0.013640
vt 0.281249 0.010027
vt 0.281249 0.007453
vt 0.281249 0.005242
vt 0.281249 0.002947
vt 0.281249 0.001215
vt 0.288596 0.000407
vt 0.296874 0.459336
vt 0.281249 0.459336
vt 0.296874 0.016676
vt 0.296874 0.019881
vt 0.296874 0.010799
vt 0.296874 0.013640
vt 0.296874 0.008178
vt 0.296874 0.005310
vt 0.296874 0.003001
vt 0.296874 0.001265
vt 0.312513 0.000000
vt 0.304686 0.000103
vt 0.312499 0.460938
vt 0.296874 0.460938
vt 0.312499 0.459336
vt 0.312499 0.016676
vt 0.312499 0.019763
vt 0.312499 0.009063
vt 0.312499 0.011734
vt 0.312499 0.004645
vt 0.312499 0.006794
vt 0.312499 0.002947
vt 0.312499 0.000407
vt 0.312499 0.001239
vt 0.328124 0.460938
vt 0.328124 0.019995
vt 0.328124 0.016676
vt 0.312499 0.014613
vt 0.328124 0.010799
vt 0.328124 0.008261
vt 0.328124 0.005380
vt 0.328124 0.002986
vt 0.336217 0.000407
vt 0.328124 0.001275
vt 0.334551 0.000103
vt 0.343749 0.459336
vt 0.328124 0.459336
vt 0.343749 0.019881
vt 0.328124 0.013539
vt 0.343749 0.011731
vt 0.343749 0.015652
vt 0.343749 0.005978
vt 0.343749 0.008346
vt 0.343749 0.004051
vt 0.343749 0.002052
vt 0.343749 0.000903
vt 0.359374 0.460938
vt 0.343749 0.460938
vt 0.359374 0.021071
vt 0.359374 0.018832
vt 0.359374 0.012651
vt 0.359374 0.015546
vt 0.359374 0.010027
vt 0.359374 0.007453
vt 0.359374 0.005310
vt 0.359374 0.001265
vt 0.359374 0.003001
vt 0.365801 0.000103
vt 0.367652 0.000407
vt 0.359374 0.459336
vt 0.374999 0.460938
vt 0.374999 0.459336
vt 0.374999 0.019763
vt 0.374999 0.015653
vt 0.374999 0.011731
vt 0.374999 0.009063
vt 0.374999 0.006588
vt 0.374999 0.003991
vt 0.374999 0.002007
vt 0.374999 0.000903
vt 0.390624 0.459336
vt 0.390624 0.019995
vt 0.390624 0.016676
vt 0.390624 0.009847
vt 0.390624 0.006717
vt 0.390624 0.004113
vt 0.390624 0.002439
vt 0.390624 0.001205
vt 0.398714 0.000407
vt 0.390930 0.000087
vt 0.406249 0.460938
vt 0.390624 0.460938
vt 0.406249 0.021071
vt 0.406249 0.018832
vt 0.406249 0.002947
vt 0.406249 0.005310
vt 0.406249 0.001275
vt 0.406249 0.459336
vt 0.421874 0.460938
vt 0.421874 0.019879
vt 0.421874 0.015652
vt 0.406249 0.011664
vt 0.406249 0.015546
vt 0.421874 0.008261
vt 0.421874 0.011731
vt 0.406249 0.008179
vt 0.421874 0.003462
vt 0.421874 0.005310
vt 0.421874 0.000903
vt 0.421874 0.002053
vt 0.412776 0.000103
vt 0.431070 0.000407
vt 0.445314 0.000000
vt 0.437499 0.459336
vt 0.421874 0.459336
vt 0.437499 0.019995
vt 0.437499 0.016676
vt 0.437499 0.014613
vt 0.437499 0.008263
vt 0.437499 0.011828
vt 0.437499 0.003001
vt 0.437499 0.005242
vt 0.437499 0.001265
vt 0.444115 0.000103
vt 0.453125 0.460938
vt 0.437499 0.460938
vt 0.453124 0.019881
vt 0.453124 0.014613
vt 0.453124 0.016676
vt 0.453125 0.011569
vt 0.453124 0.005360
vt 0.453124 0.008263
vt 0.453124 0.002947
vt 0.453124 0.001239
vt 0.462322 0.000407
vt 0.468750 0.459336
vt 0.453125 0.459336
vt 0.468750 0.021071
vt 0.468750 0.018832
vt 0.468750 0.016676
vt 0.468750 0.010027
vt 0.468750 0.013640
vt 0.468750 0.007453
vt 0.468750 0.002910
vt 0.468750 0.005242
vt 0.468750 0.001205
vt 0.475277 0.000103
vt 0.484375 0.459336
vt 0.468750 0.460938
vt 0.484375 0.019763
vt 0.484375 0.015652
vt 0.484375 0.011731
vt 0.484375 0.008261
vt 0.484375 0.005310
vt 0.484375 0.002947
vt 0.484375 0.001239
vt 0.484375 0.460938
vt 0.515625 0.470623
vt 0.500000 0.470241
vt 0.515625 0.470241
vt 0.500000 0.468687
vt 0.515625 0.466385
vt 0.515625 0.468687
vt 0.500000 0.466385
vt 0.515625 0.463758
vt 0.500000 0.463758
vt 0.531250 0.470241
vt 0.531250 0.470623
vt 0.531250 0.466385
vt 0.531250 0.468687
vt 0.531250 0.463758
vt 0.546875 0.470241
vt 0.546875 0.470623
vt 0.546875 0.466385
vt 0.546875 0.468687
vt 0.546875 0.463758
vt 0.562500 0.470241
vt 0.562501 0.470623
vt 0.562501 0.466385
vt 0.562501 0.468687
vt 0.562500 0.463758
vt 0.578126 0.470241
vt 0.578126 0.470623
vt 0.578126 0.466385
vt 0.578126 0.468687
vt 0.578126 0.463758
vt 0.593751 0.470241
vt 0.593751 0.470623
vt 0.593751 0.466385
vt 0.593751 0.468687
vt 0.593751 0.463758
vt 0.609376 0.470623
vt 0.609376 0.470241
vt 0.609376 0.466385
vt 0.609376 0.468687
vt 0.609376 0.463758
vt 0.625001 0.470623
vt 0.625001 0.470241
vt 0.625001 0.466385
vt 0.625001 0.468687
vt 0.625001 0.463758
vt 0.640626 0.470623
vt 0.640626 0.470241
vt 0.640626 0.466385
vt 0.640626 0.468687
vt 0.640626 0.463758
vt 0.656251 0.470241
vt 0.656251 0.470623
vt 0.656251 0.466385
vt 0.656251 0.468687
vt 0.656251 0.463758
vt 0.671876 0.470241
vt 0.671876 0.470623
vt 0.671876 0.468687
vt 0.671876 0.466385
vt 0.671876 0.463758
vt 0.687501 0.470241
vt 0.687501 0.470623
vt 0.687501 0.468687
vt 0.687501 0.466385
vt 0.687501 0.463758
vt 0.703126 0.470623
vt 0.703126 0.470241
vt 0.703126 0.468687
vt 0.703126 0.466385
vt 0.703126 0.463758
vt 0.718751 0.470623
vt 0.718751 0.470241
vt 0.718751 0.466385
vt 0.718751 0.468687
vt 0.718751 0.463758
vt 0.734376 0.470241
vt 0.734376 0.470623
vt 0.734376 0.466385
vt 0.734376 0.468687
vt 0.734376 0.463758
vt 0.750001 0.470241
vt 0.750001 0.470623
vt 0.750001 0.468687
vt 0.750001 0.466385
vt 0.750001 0.463758
vt 0.765626 0.470623
vt 0.765626 0.470241
vt 0.765626 0.466385
vt 0.765626 0.468687
vt 0.765626 0.463758
vt 0.781251 0.470623
vt 0.781251 0.470241
vt 0.781251 0.466385
vt 0.781251 0.468687
vt 0.781251 0.463758
vt 0.796876 0.470241
vt 0.796876 0.470623
vt 0.796876 0.466385
vt 0.796876 0.468687
vt 0.796876 0.463758
vt 0.812501 0.470241
vt 0.812501 0.470623
vt 0.812501 0.466385
vt 0.812501 0.468687
vt 0.812501 0.463758
vt 0.828126 0.470241
vt 0.828126 0.470623
vt 0.828126 0.468687
vt 0.828126 0.466385
vt 0.828126 0.463758
vt 0.843750 0.470241
vt 0.843751 0.470623
vt 0.843750 0.466385
vt 0.843751 0.468687
vt 0.843750 0.463758
vt 0.859375 0.470241
vt 0.859375 0.470623
vt 0.859375 0.466385
vt 0.859375 0.468687
vt 0.859375 0.463758
vt 0.875000 0.470241
vt 0.875000 0.470623
vt 0.875000 0.466385
vt 0.875000 0.468687
vt 0.875000 0.463758
vt 0.890625 0.470623
vt 0.890625 0.470241
vt 0.890625 0.468687
vt 0.890625 0.466385
vt 0.890625 0.463758
vt 0.906250 0.470623
vt 0.906250 0.470241
vt 0.906250 0.466385
vt 0.906250 0.468687
vt 0.906250 0.463758
vt 0.921875 0.470241
vt 0.921875 0.470623
vt 0.921875 0.466385
vt 0.921875 0.468687
vt 0.921875 0.463758
vt 0.937500 0.470241
vt 0.937500 0.470623
vt 0.937500 0.468687
vt 0.937500 0.466385
vt 0.937500 0.463758
vt 0.953125 0.470623
vt 0.953125 0.470241
vt 0.953125 0.468687
vt 0.953125 0.466385
vt 0.953125 0.463758
vt 0.968750 0.470623
vt 0.968750 0.470241
vt 0.968750 0.468687
vt 0.968750 0.466385
vt 0.968750 0.463758
vt 0.984375 0.470241
vt 0.984375 0.470623
vt 0.984375 0.468687
vt 0.984375 0.466385
vt 0.984375 0.463758
vt 1.000000 0.470241
vt 1.000000 0.470623
vt 1.000000 0.468687
vt 1.000000 0.466385
vt 1.000000 0.463758
vt 0.000000 0.470623
vt 0.015625 0.470241
vt 0.015625 0.470623
vt 0.000000 0.468687
vt 0.015625 0.466385
vt 0.015625 0.468687
vt 0.000000 0.463758
vt 0.015625 0.463758
vt 0.000000 0.470241
vt 0.031250 0.470241
vt 0.031250 0.470623
vt 0.031250 0.466385
vt 0.031250 0.468687
vt 0.031250 0.463758
vt 0.046875 0.470623
vt 0.046875 0.470241
vt 0.046875 0.466385
vt 0.046875 0.468687
vt 0.046875 0.463758
vt 0.062500 0.470623
vt 0.062500 0.470241
vt 0.062500 0.466385
vt 0.062500 0.468687
vt 0.062500 0.463758
vt 0.078125 0.470623
vt 0.078125 0.470241
vt 0.078125 0.466385
vt 0.078125 0.468687
vt 0.078125 0.463758
vt 0.093750 0.470623
vt 0.093750 0.470241
vt 0.093750 0.466385
vt 0.093750 0.468687
vt 0.093750 0.463758
vt 0.109375 0.470623
vt 0.109375 0.470241
vt 0.109375 0.468687
vt 0.109375 0.466385
vt 0.109375 0.463758
vt 0.125000 0.470623
vt 0.125000 0.470241
vt 0.125000 0.466385
vt 0.125000 0.468687
vt 0.125000 0.463758
vt 0.140625 0.470241
vt 0.140625 0.470623
vt 0.140625 0.466385
vt 0.140625 0.468687
vt 0.140625 0.463758
vt 0.156250 0.470241
vt 0.156250 0.470623
vt 0.156250 0.468687
vt 0.156250 0.466385
vt 0.156250 0.463758
vt 0.171875 0.470623
vt 0.171875 0.470241
vt 0.171875 0.468687
vt 0.171875 0.466385
vt 0.171875 0.463758
vt 0.187499 0.470241
vt 0.187500 0.470623
vt 0.187500 0.466385
vt 0.187500 0.468687
vt 0.187500 0.463758
vt 0.203124 0.470241
vt 0.203124 0.470623
vt 0.203124 0.466385
vt 0.203124 0.468687
vt 0.203124 0.463758
vt 0.218749 0.470241
vt 0.218749 0.470623
vt 0.218749 0.468687
vt 0.218749 0.466385
vt 0.218749 0.463758
vt 0.234374 0.470241
vt 0.234374 0.470623
vt 0.234374 0.468687
vt 0.234374 0.466385
vt 0.234374 0.463758
vt 0.249999 0.470241
vt 0.249999 0.470623
vt 0.249999 0.468687
vt 0.249999 0.466385
vt 0.249999 0.463758
vt 0.265624 0.470241
vt 0.265624 0.470623
vt 0.265624 0.468687
vt 0.265624 0.466385
vt 0.265624 0.463758
vt 0.281249 0.470623
vt 0.281249 0.470241
vt 0.281249 0.468687
vt 0.281249 0.466385
vt 0.281249 0.463758
vt 0.296874 0.470623
vt 0.296874 0.470241
vt 0.296874 0.466385
vt 0.296874 0.468687
vt 0.296874 0.463758
vt 0.312499 0.470623
vt 0.312499 0.470241
vt 0.312499 0.468687
vt 0.312499 0.466385
vt 0.312499 0.463758
vt 0.328124 0.470623
vt 0.328124 0.470241
vt 0.328124 0.466385
vt 0.328124 0.468687
vt 0.328124 0.463758
vt 0.343749 0.470241
vt 0.343749 0.470623
vt 0.343749 0.466385
vt 0.343749 0.468687
vt 0.343749 0.463758
vt 0.359374 0.470623
vt 0.359374 0.470241
vt 0.359374 0.466385
vt 0.359374 0.468687
vt 0.359374 0.463758
vt 0.374999 0.470241
vt 0.374999 0.470623
vt 0.374999 0.466385
vt 0.374999 0.468687
vt 0.374999 0.463758
vt 0.390624 0.470623
vt 0.390624 0.470241
vt 0.390624 0.468687
vt 0.390624 0.466385
vt 0.390624 0.463758
vt 0.406249 0.470241
vt 0.406249 0.470623
vt 0.406249 0.468687
vt 0.406249 0.466385
vt 0.406249 0.463758
vt 0.421874 0.470241
vt 0.421874 0.470623
vt 0.421874 0.466385
vt 0.421874 0.468687
vt 0.421874 0.463758
vt 0.437499 0.470623
vt 0.437499 0.470241
vt 0.437499 0.466385
vt 0.437499 0.468687
vt 0.437500 0.463758
vt 0.453125 0.470623
vt 0.453125 0.470241
vt 0.453125 0.466385
vt 0.453125 0.468687
vt 0.453125 0.463758
vt 0.468750 0.470623
vt 0.468750 0.470241
vt 0.468750 0.466385
vt 0.468750 0.468687
vt 0.468750 0.463758
vt 0.484375 0.470241
vt 0.484375 0.470623
vt 0.484375 0.468687
vt 0.484375 0.463758
vt 0.484375 0.466385
vt 0.500000 0.470623
vt 1.000000 0.460938
vt 0.390624 0.013467
vt 0.000000 0.466385
vt 0.476556 0.033308
vt 0.544769 0.033308
vt 0.011844 0.032618
vt 0.506743 0.034126
vt 0.500000 0.039393
vt 0.515625 0.042344
vt 0.524822 0.039393
vt 0.500000 0.047004
vt 0.492186 0.042344
vt 0.500000 0.047646
vt 0.515625 0.047006
vt 0.507497 0.048028
vt 0.515625 0.047660
vt 0.515625 0.048777
vt 0.500000 0.048177
vt 0.500000 0.049079
vt 0.515625 0.049706
vt 0.500000 0.050341
vt 0.500000 0.051999
vt 0.515625 0.051128
vt 0.500000 0.053447
vt 0.515625 0.052452
vt 0.515625 0.054084
vt 0.500000 0.055036
vt 0.500000 0.056868
vt 0.515625 0.056271
vt 0.515625 0.058811
vt 0.500000 0.058794
vt 0.500000 0.460767
vt 0.515625 0.462776
vt 0.500000 0.462776
vt 0.500558 0.035361
vt 0.553227 0.034126
vt 0.531250 0.037091
vt 0.547654 0.035361
vt 0.507197 0.037091
vt 0.531250 0.042344
vt 0.531250 0.047002
vt 0.531250 0.047660
vt 0.524774 0.048153
vt 0.539215 0.048042
vt 0.515625 0.048164
vt 0.539062 0.047774
vt 0.506429 0.047774
vt 0.531250 0.048777
vt 0.531250 0.048165
vt 0.531250 0.049614
vt 0.531250 0.051128
vt 0.531250 0.055053
vt 0.531250 0.052957
vt 0.531250 0.057508
vt 0.531250 0.059467
vt 0.515625 0.460767
vt 0.531250 0.462776
vt 0.554306 0.037091
vt 0.546876 0.042344
vt 0.546876 0.039393
vt 0.546875 0.047012
vt 0.546876 0.047660
vt 0.546872 0.047672
vt 0.515256 0.047668
vt 0.546875 0.048578
vt 0.546875 0.049671
vt 0.546875 0.052955
vt 0.546875 0.051170
vt 0.546875 0.055095
vt 0.546875 0.059467
vt 0.546875 0.057442
vt 0.531250 0.460767
vt 0.546875 0.460767
vt 0.569640 0.042344
vt 0.571278 0.039393
vt 0.562501 0.047012
vt 0.562501 0.047668
vt 0.579073 0.048153
vt 0.562501 0.048054
vt 0.570324 0.047716
vt 0.562501 0.048152
vt 0.562501 0.051966
vt 0.562501 0.050303
vt 0.562501 0.053447
vt 0.562501 0.055154
vt 0.562501 0.057508
vt 0.562501 0.460767
vt 0.546875 0.462776
vt 0.586298 0.035361
vt 0.584946 0.037091
vt 0.578126 0.047015
vt 0.585782 0.048044
vt 0.578126 0.047659
vt 0.599583 0.047669
vt 0.578126 0.048554
vt 0.587322 0.047998
vt 0.562501 0.049050
vt 0.578126 0.049647
vt 0.578126 0.051127
vt 0.578126 0.052955
vt 0.578126 0.055095
vt 0.562501 0.059467
vt 0.578126 0.057508
vt 0.578126 0.460767
vt 0.562501 0.462776
vt 0.630589 0.033308
vt 0.609355 0.034126
vt 0.593751 0.042344
vt 0.600918 0.039393
vt 0.593751 0.047027
vt 0.593751 0.047673
vt 0.601564 0.047774
vt 0.593751 0.049324
vt 0.593751 0.048532
vt 0.593751 0.056270
vt 0.593751 0.053988
vt 0.593751 0.058862
vt 0.578126 0.059467
vt 0.593751 0.460767
vt 0.578126 0.462776
vt 0.609377 0.037091
vt 0.626955 0.035361
vt 0.609376 0.042344
vt 0.609376 0.047648
vt 0.609376 0.046974
vt 0.614735 0.048072
vt 0.622606 0.047672
vt 0.626954 0.048153
vt 0.609376 0.049100
vt 0.593751 0.050341
vt 0.593751 0.051999
vt 0.609376 0.050407
vt 0.609376 0.052047
vt 0.609376 0.055659
vt 0.609376 0.053988
vt 0.609376 0.460767
vt 0.593751 0.462776
vt 0.625002 0.039393
vt 0.632816 0.037091
vt 0.625001 0.047012
vt 0.634199 0.042344
vt 0.609376 0.048195
vt 0.625001 0.048554
vt 0.630072 0.047872
vt 0.625001 0.051097
vt 0.625001 0.049614
vt 0.625001 0.052452
vt 0.625001 0.056270
vt 0.625001 0.054044
vt 0.609376 0.057574
vt 0.625001 0.058863
vt 0.609376 0.059467
vt 0.625001 0.460767
vt 0.625001 0.462776
vt 0.609376 0.462776
vt 0.664987 0.034126
vt 0.648120 0.039393
vt 0.625001 0.047784
vt 0.640626 0.047028
vt 0.640626 0.048055
vt 0.640626 0.047673
vt 0.649663 0.047669
vt 0.640626 0.048777
vt 0.640626 0.048182
vt 0.640626 0.049647
vt 0.640626 0.052452
vt 0.640626 0.051084
vt 0.640626 0.053988
vt 0.640626 0.056207
vt 0.640626 0.058743
vt 0.640626 0.460767
vt 0.663293 0.037091
vt 0.673293 0.035361
vt 0.656252 0.047004
vt 0.664063 0.042344
vt 0.656251 0.047788
vt 0.665316 0.048130
vt 0.656251 0.048147
vt 0.664060 0.047774
vt 0.656251 0.049003
vt 0.656251 0.049970
vt 0.656251 0.051170
vt 0.656251 0.057575
vt 0.656251 0.059467
vt 0.656251 0.462776
vt 0.640626 0.462776
vt 0.671877 0.039393
vt 0.671877 0.047660
vt 0.671877 0.047015
vt 0.678305 0.047980
vt 0.679708 0.047671
vt 0.671876 0.048595
vt 0.671876 0.049648
vt 0.671876 0.050709
vt 0.656251 0.052992
vt 0.671876 0.051999
vt 0.671876 0.053933
vt 0.656251 0.055196
vt 0.671876 0.055659
vt 0.671876 0.057508
vt 0.671876 0.460767
vt 0.656251 0.460767
vt 0.671876 0.462776
vt 0.710951 0.033308
vt 0.687503 0.037091
vt 0.687502 0.042344
vt 0.695960 0.039393
vt 0.687502 0.047648
vt 0.687502 0.046975
vt 0.704151 0.048153
vt 0.671876 0.047998
vt 0.687501 0.047884
vt 0.687501 0.048334
vt 0.687501 0.050369
vt 0.687501 0.053447
vt 0.687501 0.052001
vt 0.687501 0.055095
vt 0.687501 0.057508
vt 0.671876 0.059467
vt 0.687501 0.460767
vt 0.687501 0.462776
vt 0.719403 0.035361
vt 0.719547 0.034126
vt 0.710940 0.037091
vt 0.703127 0.047014
vt 0.710941 0.042344
vt 0.698847 0.048051
vt 0.703127 0.047646
vt 0.712925 0.047672
vt 0.703126 0.049051
vt 0.703126 0.048147
vt 0.687501 0.049079
vt 0.703126 0.051999
vt 0.703126 0.050380
vt 0.687501 0.059467
vt 0.703126 0.058860
vt 0.703126 0.460767
vt 0.726564 0.039393
vt 0.718752 0.047004
vt 0.718752 0.047668
vt 0.718752 0.048061
vt 0.718751 0.048554
vt 0.714633 0.047892
vt 0.718751 0.049647
vt 0.703126 0.054028
vt 0.718751 0.053008
vt 0.718751 0.055036
vt 0.703126 0.056333
vt 0.718751 0.056868
vt 0.718751 0.460767
vt 0.703126 0.462776
vt 0.734378 0.037091
vt 0.734377 0.042344
vt 0.734377 0.047019
vt 0.741789 0.048131
vt 0.734377 0.047791
vt 0.742189 0.047667
vt 0.734376 0.049970
vt 0.734376 0.049079
vt 0.718751 0.051158
vt 0.734376 0.052452
vt 0.734376 0.051084
vt 0.734376 0.055659
vt 0.734376 0.053990
vt 0.734376 0.059467
vt 0.718751 0.058865
vt 0.718751 0.462776
vt 0.734376 0.460767
vt 0.773445 0.033308
vt 1.011844 0.032618
vt 0.780442 0.034126
vt 0.757817 0.035361
vt 0.757816 0.037091
vt 0.750002 0.039393
vt 0.750002 0.042344
vt 0.750002 0.046979
vt 0.750002 0.047780
vt 0.772741 0.047668
vt 0.734376 0.048177
vt 0.750001 0.049022
vt 0.750001 0.048164
vt 0.750001 0.050277
vt 0.750001 0.051538
vt 0.750001 0.055095
vt 0.750001 0.052955
vt 0.750001 0.056868
vt 0.750001 0.058794
vt 0.734376 0.057575
vt 0.750001 0.460767
vt 0.750001 0.462776
vt 0.734376 0.462776
vt 0.765627 0.042344
vt 0.774405 0.039393
vt 0.765627 0.047029
vt 0.770896 0.048069
vt 0.765626 0.047673
vt 0.779300 0.048153
vt 0.765626 0.047774
vt 0.740989 0.047774
vt 0.765626 0.048777
vt 0.765626 0.048165
vt 0.765626 0.049681
vt 0.765626 0.051157
vt 0.765626 0.054517
vt 0.765626 0.052957
vt 0.765626 0.056333
vt 0.765626 0.058862
vt 0.765626 0.462776
vt 0.797398 0.035361
vt 0.781252 0.037091
vt 0.781251 0.046981
vt 0.789065 0.042344
vt 0.781251 0.047778
vt 0.781251 0.048164
vt 0.790448 0.047774
vt 0.781251 0.049647
vt 0.781251 0.048777
vt 0.781251 0.052452
vt 0.781251 0.051084
vt 0.781251 0.053988
vt 0.781251 0.055659
vt 0.781251 0.057508
vt 0.765626 0.460767
vt 0.781251 0.059467
vt 0.781251 0.462776
vt 0.796877 0.039393
vt 0.804076 0.037091
vt 0.796876 0.047004
vt 0.796876 0.048053
vt 0.796876 0.047646
vt 0.801296 0.047669
vt 0.796876 0.048164
vt 0.796876 0.050380
vt 0.796876 0.051999
vt 0.796876 0.053988
vt 0.796876 0.055659
vt 0.796876 0.057574
vt 0.796876 0.460767
vt 0.781251 0.460767
vt 0.796876 0.462776
vt 0.841662 0.033308
vt 0.812502 0.042344
vt 0.821279 0.039393
vt 0.812501 0.047001
vt 0.812501 0.047668
vt 0.820818 0.048137
vt 0.812501 0.048164
vt 0.820641 0.047774
vt 0.796876 0.049071
vt 0.812501 0.049970
vt 0.812501 0.049022
vt 0.812501 0.053933
vt 0.812501 0.052452
vt 0.812501 0.055659
vt 0.812501 0.057508
vt 0.796876 0.059467
vt 0.812501 0.460767
vt 0.812501 0.462776
vt 0.841802 0.034126
vt 0.828127 0.037091
vt 0.836965 0.035361
vt 0.828126 0.047012
vt 0.836882 0.042344
vt 0.820918 0.047980
vt 0.828126 0.047646
vt 0.842522 0.047705
vt 0.828126 0.048152
vt 0.828126 0.049050
vt 0.812501 0.051126
vt 0.828126 0.049970
vt 0.828126 0.051170
vt 0.828126 0.054517
vt 0.828126 0.058859
vt 0.828126 0.056271
vt 0.812501 0.059467
vt 0.828126 0.462776
vt 0.851563 0.039393
vt 0.852178 0.037091
vt 0.843751 0.047028
vt 0.843751 0.047818
vt 0.830068 0.047682
vt 0.852592 0.048134
vt 0.843751 0.048182
vt 0.843751 0.049050
vt 0.843751 0.052000
vt 0.843751 0.050341
vt 0.828126 0.052955
vt 0.843751 0.053447
vt 0.843751 0.057508
vt 0.843751 0.059467
vt 0.843751 0.460767
vt 0.828126 0.460767
vt 0.843751 0.462776
vt 0.868001 0.035361
vt 0.859376 0.046981
vt 0.866517 0.042344
vt 0.859376 0.047657
vt 0.867190 0.047980
vt 0.881129 0.047672
vt 0.859376 0.048164
vt 0.871975 0.047911
vt 0.859376 0.049050
vt 0.859376 0.051966
vt 0.859376 0.050303
vt 0.859376 0.053934
vt 0.843751 0.055154
vt 0.859376 0.055659
vt 0.859376 0.059467
vt 0.859376 0.057442
vt 0.859375 0.460767
vt 0.859375 0.462776
vt 0.890131 0.034126
vt 0.882427 0.037091
vt 0.882491 0.039393
vt 0.875001 0.047004
vt 0.875001 0.047659
vt 0.886837 0.048132
vt 0.875001 0.048578
vt 0.875001 0.049647
vt 0.875001 0.051158
vt 0.875001 0.054517
vt 0.875001 0.052956
vt 0.875001 0.056334
vt 0.875001 0.058908
vt 0.875000 0.460767
vt 0.935291 0.033308
vt 0.898440 0.035361
vt 0.890626 0.042344
vt 0.890626 0.047000
vt 0.890626 0.047790
vt 0.890626 0.048554
vt 0.890626 0.047884
vt 0.890625 0.049647
vt 0.890626 0.050709
vt 0.890625 0.053447
vt 0.890625 0.052001
vt 0.890625 0.460767
vt 0.875000 0.462776
vt 0.906251 0.037091
vt 0.906251 0.039393
vt 0.906251 0.047012
vt 0.914737 0.042344
vt 0.906251 0.048059
vt 0.906251 0.047659
vt 0.911541 0.047846
vt 0.914176 0.047669
vt 0.906250 0.048532
vt 0.906250 0.049324
vt 0.906250 0.052033
vt 0.906250 0.050380
vt 0.890625 0.055094
vt 0.906250 0.054044
vt 0.906250 0.056270
vt 0.890625 0.057507
vt 0.906250 0.058862
vt 0.890625 0.059467
vt 0.906250 0.460767
vt 0.906250 0.462776
vt 0.890625 0.462776
vt 0.928301 0.035361
vt 0.945312 0.034126
vt 0.930010 0.039393
vt 0.931075 0.037091
vt 0.921876 0.047036
vt 0.928299 0.048153
vt 0.932377 0.048068
vt 0.921875 0.049050
vt 0.921875 0.050303
vt 0.921875 0.051538
vt 0.921875 0.460767
vt 0.921875 0.462776
vt 0.937501 0.042344
vt 0.937500 0.047668
vt 0.937500 0.047000
vt 0.947724 0.047671
vt 0.937500 0.048152
vt 0.945310 0.047774
vt 0.921875 0.048164
vt 0.937500 0.049970
vt 0.937500 0.049050
vt 0.937500 0.051128
vt 0.937500 0.052452
vt 0.921875 0.053007
vt 0.937500 0.053933
vt 0.921875 0.055095
vt 0.937500 0.055659
vt 0.921875 0.057508
vt 0.921875 0.059467
vt 0.937500 0.057508
vt 0.937500 0.460767
vt 0.968232 0.035361
vt 0.953126 0.039393
vt 0.961556 0.037091
vt 0.960264 0.042344
vt 0.953125 0.046981
vt 0.953125 0.047649
vt 0.953125 0.048048
vt 0.968762 0.048153
vt 0.953125 0.048578
vt 0.953125 0.050709
vt 0.953125 0.049614
vt 0.953125 0.052047
vt 0.953125 0.053988
vt 0.953125 0.056270
vt 0.953125 0.058908
vt 0.937500 0.059467
vt 0.937500 0.462776
vt 0.953125 0.460767
vt 0.975914 0.039393
vt 0.968750 0.047006
vt 0.974134 0.048073
vt 0.968750 0.047659
vt 0.955986 0.047957
vt 0.985554 0.047670
vt 0.968750 0.049022
vt 0.968750 0.049970
vt 0.968750 0.055094
vt 0.968750 0.052955
vt 0.968750 0.059467
vt 0.968750 0.057442
vt 0.968750 0.460767
vt 0.953125 0.462776
vt 0.991118 0.034126
vt 0.991804 0.037091
vt 0.984375 0.042344
vt 0.984375 0.047004
vt 0.968750 0.048164
vt 0.991127 0.047774
vt 0.984375 0.048182
vt 0.984375 0.049050
vt 0.968750 0.051127
vt 0.984375 0.050341
vt 0.984375 0.051538
vt 0.984375 0.054517
vt 0.984375 0.052904
vt 0.984375 0.056208
vt 0.984375 0.058859
vt 0.968750 0.462776
vt 0.984375 0.460767
vt 1.000000 0.033308
vt 1.000000 0.035361
vt 1.000000 0.039393
vt 1.000000 0.042344
vt 0.984375 0.047798
vt 1.000000 0.047006
vt 1.000000 0.048112
vt 1.000000 0.047785
vt 1.000000 0.048153
vt 1.000000 0.048152
vt 1.000000 0.049681
vt 1.000000 0.051157
vt 1.000000 0.053007
vt 1.000000 0.055094
vt 1.000000 0.057555
vt 1.000000 0.460767
vt 0.984375 0.462776
vt 0.007388 0.039393
vt 0.015625 0.037091
vt 0.000000 0.037091
vt 0.000000 0.047006
vt 0.015625 0.042344
vt 0.000000 0.042344
vt 0.000000 0.047785
vt 0.015625 0.047018
vt 0.007726 0.048112
vt 0.023932 0.047980
vt 0.000000 0.047774
vt 0.016972 0.047756
vt 0.000777 0.047670
vt 0.000000 0.048152
vt 0.000000 0.048777
vt 0.015625 0.048182
vt 0.015625 0.049647
vt 0.015625 0.048777
vt 0.000000 0.051157
vt 0.000000 0.049681
vt 0.000000 0.053007
vt 0.015625 0.054028
vt 0.015625 0.052048
vt 0.000000 0.055094
vt 0.015625 0.460767
vt 0.000000 0.059467
vt 0.000000 0.460767
vt 0.015625 0.462776
vt 0.000000 0.462776
vt 0.005648 0.034126
vt 0.039524 0.035361
vt 0.039629 0.034126
vt 0.008275 0.035361
vt 0.039447 0.037091
vt 0.039386 0.039393
vt 0.031250 0.042344
vt 0.031250 0.046982
vt 0.031250 0.047658
vt 0.015625 0.047673
vt 0.016672 0.048153
vt 0.038898 0.048112
vt 0.058040 0.047669
vt 0.031250 0.048555
vt 0.031250 0.049324
vt 0.015625 0.050709
vt 0.031250 0.050342
vt 0.031250 0.051920
vt 0.031250 0.053447
vt 0.015625 0.056333
vt 0.031250 0.057396
vt 0.031250 0.055036
vt 0.015625 0.058861
vt 0.031250 0.059467
vt 0.031250 0.460767
vt 0.031250 0.462776
vt 0.046875 0.042344
vt 0.046875 0.047001
vt 0.046875 0.047784
vt 0.063284 0.048153
vt 0.034277 0.047911
vt 0.046875 0.048777
vt 0.046875 0.051126
vt 0.046875 0.052955
vt 0.046875 0.055095
vt 0.046875 0.057508
vt 0.046875 0.059467
vt 0.046875 0.462776
vt 0.078128 0.035361
vt 0.078130 0.034126
vt 0.069689 0.037091
vt 0.062499 0.039393
vt 0.062500 0.042344
vt 0.062500 0.047011
vt 0.069801 0.048056
vt 0.062500 0.047659
vt 0.046875 0.048164
vt 0.069254 0.047774
vt 0.062500 0.048164
vt 0.046875 0.049681
vt 0.062500 0.049970
vt 0.062500 0.049022
vt 0.062500 0.052955
vt 0.062500 0.051170
vt 0.062500 0.056207
vt 0.062500 0.054517
vt 0.062500 0.058859
vt 0.046875 0.460767
vt 0.062500 0.460767
vt 0.031221 0.033308
vt 0.124958 0.033308
vt 0.084971 0.039393
vt 0.078125 0.047011
vt 0.078124 0.042344
vt 0.078125 0.047659
vt 0.078125 0.048554
vt 0.078125 0.047998
vt 0.078125 0.049614
vt 0.078125 0.050709
vt 0.078125 0.053988
vt 0.078125 0.056270
vt 0.078125 0.460767
vt 0.062500 0.462776
vt 0.100177 0.037091
vt 0.093749 0.047011
vt 0.093749 0.042344
vt 0.099131 0.048071
vt 0.093749 0.047659
vt 0.104330 0.047673
vt 0.117186 0.048153
vt 0.100363 0.047774
vt 0.093750 0.048532
vt 0.102948 0.047998
vt 0.093750 0.049324
vt 0.093750 0.050380
vt 0.078125 0.052000
vt 0.093750 0.051999
vt 0.093750 0.055659
vt 0.093750 0.053933
vt 0.093750 0.057508
vt 0.078125 0.058861
vt 0.093750 0.059467
vt 0.093750 0.460767
vt 0.078125 0.462776
vt 0.125023 0.034126
vt 0.123581 0.035361
vt 0.116761 0.039393
vt 0.109374 0.047012
vt 0.109374 0.042344
vt 0.109374 0.048554
vt 0.109375 0.050709
vt 0.109375 0.049615
vt 0.109375 0.052047
vt 0.109375 0.054028
vt 0.109375 0.460767
vt 0.093750 0.462776
vt 0.124998 0.037091
vt 0.124999 0.047012
vt 0.132811 0.042344
vt 0.109374 0.047785
vt 0.133285 0.048058
vt 0.135000 0.047917
vt 0.144477 0.047671
vt 0.124999 0.048777
vt 0.124999 0.048182
vt 0.124999 0.049647
vt 0.125000 0.052904
vt 0.125000 0.051127
vt 0.125000 0.054994
vt 0.109375 0.056333
vt 0.125000 0.057396
vt 0.109375 0.058794
vt 0.125000 0.059467
vt 0.109375 0.462776
vt 0.125000 0.460767
vt 0.140624 0.039393
vt 0.148435 0.037091
vt 0.124999 0.047660
vt 0.140624 0.047036
vt 0.140624 0.047681
vt 0.140624 0.048538
vt 0.140624 0.049647
vt 0.140624 0.052955
vt 0.140624 0.051126
vt 0.140624 0.055095
vt 0.140624 0.057508
vt 0.140624 0.059467
vt 0.140625 0.462776
vt 0.125000 0.462776
vt 0.163256 0.035361
vt 0.164060 0.034126
vt 0.156249 0.042344
vt 0.164710 0.039393
vt 0.156249 0.047649
vt 0.156249 0.046977
vt 0.156249 0.048055
vt 0.162677 0.048153
vt 0.156249 0.048182
vt 0.156249 0.048777
vt 0.156249 0.049647
vt 0.156249 0.052452
vt 0.156249 0.051084
vt 0.156249 0.053988
vt 0.156249 0.056269
vt 0.156249 0.058862
vt 0.156250 0.460767
vt 0.140625 0.460767
vt 0.156250 0.462776
vt 0.179288 0.037091
vt 0.171874 0.042344
vt 0.171874 0.047004
vt 0.182467 0.048065
vt 0.149820 0.047774
vt 0.174002 0.047739
vt 0.171874 0.048164
vt 0.171874 0.049050
vt 0.171874 0.050303
vt 0.171874 0.051538
vt 0.171874 0.053044
vt 0.171875 0.460767
vt 0.171875 0.462776
vt 0.234256 0.033308
vt 0.202326 0.034126
vt 0.194282 0.035361
vt 0.187498 0.039393
vt 0.194368 0.042343
vt 0.171874 0.047789
vt 0.187499 0.047001
vt 0.201171 0.048153
vt 0.215768 0.047670
vt 0.187499 0.051127
vt 0.187499 0.049647
vt 0.187499 0.052452
vt 0.171874 0.055155
vt 0.187499 0.055659
vt 0.187499 0.053933
vt 0.171874 0.057555
vt 0.187499 0.059467
vt 0.187499 0.057508
vt 0.171874 0.059467
vt 0.187499 0.462776
vt 0.210288 0.039393
vt 0.211702 0.037091
vt 0.187499 0.047668
vt 0.203124 0.047014
vt 0.203124 0.048059
vt 0.203124 0.047659
vt 0.190683 0.047907
vt 0.187499 0.048554
vt 0.203124 0.048152
vt 0.203124 0.049022
vt 0.203124 0.049970
vt 0.203124 0.051084
vt 0.203124 0.052452
vt 0.203124 0.053988
vt 0.203124 0.055659
vt 0.203124 0.059467
vt 0.203124 0.057574
vt 0.187500 0.460767
vt 0.203124 0.462776
vt 0.225174 0.035361
vt 0.218748 0.042344
vt 0.218748 0.047006
vt 0.227946 0.048112
vt 0.218749 0.047774
vt 0.218749 0.048777
vt 0.218749 0.048182
vt 0.218749 0.049647
vt 0.218749 0.050709
vt 0.218749 0.052048
vt 0.218749 0.055036
vt 0.218749 0.053447
vt 0.218749 0.056868
vt 0.218749 0.460767
vt 0.203124 0.460767
vt 0.218749 0.462776
vt 0.248503 0.034126
vt 0.242186 0.039393
vt 0.242800 0.037091
vt 0.234373 0.042344
vt 0.218749 0.047789
vt 0.234373 0.047006
vt 0.241691 0.047980
vt 0.256723 0.048153
vt 0.234374 0.048164
vt 0.241858 0.047774
vt 0.234374 0.049050
vt 0.234374 0.051538
vt 0.234374 0.050303
vt 0.234374 0.053007
vt 0.234374 0.055095
vt 0.218749 0.058865
vt 0.234374 0.059467
vt 0.234374 0.057508
vt 0.234374 0.460767
vt 0.257812 0.035361
vt 0.256869 0.042344
vt 0.234373 0.047660
vt 0.249998 0.047004
vt 0.249998 0.047668
vt 0.261470 0.048050
vt 0.251092 0.047669
vt 0.249999 0.049324
vt 0.249999 0.050379
vt 0.249999 0.055659
vt 0.249999 0.059467
vt 0.249999 0.057509
vt 0.249999 0.460767
vt 0.234374 0.462776
vt 0.273832 0.037091
vt 0.274399 0.039393
vt 0.265623 0.047006
vt 0.265623 0.047659
vt 0.249999 0.047998
vt 0.267051 0.047758
vt 0.249999 0.048578
vt 0.265624 0.048777
vt 0.265624 0.048182
vt 0.265624 0.051126
vt 0.265624 0.049647
vt 0.249999 0.051999
vt 0.265624 0.052904
vt 0.249999 0.053988
vt 0.265624 0.054517
vt 0.265624 0.058908
vt 0.265624 0.056270
vt 0.265624 0.462776
vt 0.249999 0.462776
vt 0.294917 0.034126
vt 0.298824 0.035361
vt 0.281248 0.042344
vt 0.281248 0.047001
vt 0.288646 0.048055
vt 0.281248 0.047646
vt 0.303725 0.047672
vt 0.281249 0.047998
vt 0.292856 0.047883
vt 0.281249 0.048554
vt 0.281249 0.050709
vt 0.281249 0.049647
vt 0.281249 0.053447
vt 0.281249 0.051999
vt 0.281249 0.055036
vt 0.281249 0.057461
vt 0.281249 0.460767
vt 0.265624 0.460767
vt 0.281249 0.462776
vt 0.328137 0.033308
vt 0.304686 0.039393
vt 0.304686 0.037091
vt 0.304686 0.042344
vt 0.296873 0.047014
vt 0.296873 0.047668
vt 0.311282 0.048153
vt 0.296874 0.048554
vt 0.296874 0.050709
vt 0.296874 0.049647
vt 0.296874 0.053989
vt 0.296874 0.052001
vt 0.296874 0.056333
vt 0.296874 0.058794
vt 0.281249 0.059467
vt 0.296874 0.460767
vt 0.296874 0.462776
vt 0.312498 0.047027
vt 0.317903 0.048071
vt 0.312498 0.047673
vt 0.312499 0.048164
vt 0.312499 0.049022
vt 0.312499 0.049970
vt 0.312499 0.051084
vt 0.312499 0.052452
vt 0.312499 0.056270
vt 0.312499 0.054045
vt 0.312499 0.058908
vt 0.312499 0.460767
vt 0.342489 0.034126
vt 0.335165 0.037091
vt 0.344520 0.035361
vt 0.328123 0.039393
vt 0.328123 0.042344
vt 0.328123 0.047798
vt 0.328123 0.047002
vt 0.318926 0.047774
vt 0.336021 0.047669
vt 0.328124 0.049647
vt 0.328124 0.051126
vt 0.328124 0.059467
vt 0.328124 0.057508
vt 0.328124 0.460767
vt 0.312499 0.462776
vt 0.343748 0.042344
vt 0.352527 0.039393
vt 0.343748 0.047014
vt 0.343748 0.047668
vt 0.366107 0.048153
vt 0.343748 0.048054
vt 0.328124 0.047998
vt 0.350505 0.047774
vt 0.343749 0.048554
vt 0.352946 0.047998
vt 0.328124 0.048578
vt 0.343749 0.050709
vt 0.343749 0.049614
vt 0.343749 0.051999
vt 0.328124 0.052955
vt 0.343749 0.053933
vt 0.328124 0.055095
vt 0.343749 0.055659
vt 0.343749 0.059467
vt 0.343749 0.057575
vt 0.343749 0.460767
vt 0.343749 0.462776
vt 0.328124 0.462776
vt 0.359373 0.037091
vt 0.359373 0.042344
vt 0.359373 0.047660
vt 0.359373 0.047001
vt 0.364779 0.048071
vt 0.369676 0.047671
vt 0.359374 0.048554
vt 0.359374 0.050380
vt 0.359374 0.051952
vt 0.359374 0.053447
vt 0.359374 0.055095
vt 0.359374 0.057443
vt 0.359374 0.059467
vt 0.359374 0.460767
vt 0.406189 0.033308
vt 0.382245 0.034126
vt 0.382349 0.035361
vt 0.383544 0.039393
vt 0.383426 0.037091
vt 0.374998 0.042344
vt 0.374998 0.046979
vt 0.374999 0.047789
vt 0.374999 0.047886
vt 0.374999 0.048334
vt 0.359374 0.049324
vt 0.374999 0.049022
vt 0.374999 0.049970
vt 0.374999 0.052919
vt 0.374999 0.051128
vt 0.374999 0.055036
vt 0.374999 0.057461
vt 0.374999 0.059467
vt 0.359374 0.462776
vt 0.374999 0.460767
vt 0.390624 0.047015
vt 0.399109 0.042344
vt 0.399534 0.048054
vt 0.401795 0.047875
vt 0.401299 0.047669
vt 0.390624 0.048177
vt 0.390624 0.049079
vt 0.390624 0.051127
vt 0.390624 0.049970
vt 0.390624 0.054517
vt 0.390624 0.052904
vt 0.390624 0.056270
vt 0.390624 0.058862
vt 0.390624 0.460767
vt 0.390624 0.462776
vt 0.374999 0.462776
vt 0.420392 0.034126
vt 0.421223 0.035361
vt 0.414462 0.037091
vt 0.415027 0.039393
vt 0.390624 0.047660
vt 0.406249 0.047004
vt 0.406249 0.047660
vt 0.422631 0.048153
vt 0.406249 0.049649
vt 0.406249 0.050709
vt 0.406249 0.052047
vt 0.406249 0.053988
vt 0.406249 0.056207
vt 0.406249 0.058812
vt 0.406249 0.460767
vt 0.406249 0.462776
vt 0.421874 0.042344
vt 0.421874 0.047027
vt 0.421874 0.047806
vt 0.432230 0.048069
vt 0.406249 0.048571
vt 0.421874 0.048182
vt 0.421874 0.049022
vt 0.421874 0.049970
vt 0.421874 0.053933
vt 0.421874 0.052452
vt 0.421874 0.055659
vt 0.421874 0.057574
vt 0.421874 0.059467
vt 0.421874 0.460767
vt 0.421874 0.462776
vt 0.445634 0.039393
vt 0.446305 0.037091
vt 0.437499 0.042344
vt 0.437499 0.047659
vt 0.437499 0.047001
vt 0.423554 0.047755
vt 0.453380 0.047667
vt 0.437499 0.048164
vt 0.446199 0.047774
vt 0.437499 0.049050
vt 0.421874 0.051127
vt 0.437499 0.050340
vt 0.437499 0.051999
vt 0.437499 0.053988
vt 0.437499 0.460767
vt 0.467491 0.034126
vt 0.460471 0.035361
vt 0.453124 0.046982
vt 0.453124 0.042344
vt 0.453124 0.047657
vt 0.453124 0.048061
vt 0.470709 0.048153
vt 0.453124 0.049051
vt 0.453124 0.048147
vt 0.453124 0.051538
vt 0.453124 0.050342
vt 0.437499 0.056270
vt 0.453124 0.055036
vt 0.453124 0.057461
vt 0.437499 0.058861
vt 0.453124 0.059467
vt 0.453125 0.460767
vt 0.437499 0.462776
vt 0.476885 0.039393
vt 0.476946 0.037091
vt 0.468749 0.042344
vt 0.468749 0.047019
vt 0.474138 0.048073
vt 0.468749 0.047673
vt 0.471615 0.047912
vt 0.478028 0.047667
vt 0.468750 0.048555
vt 0.468750 0.049324
vt 0.468750 0.050341
vt 0.453124 0.053007
vt 0.468750 0.053447
vt 0.468750 0.051953
vt 0.468750 0.055155
vt 0.468750 0.059467
vt 0.468750 0.057443
vt 0.468750 0.460767
vt 0.453125 0.462776
vt 0.484375 0.046981
vt 0.484375 0.047790
vt 0.484375 0.048554
vt 0.484375 0.047998
vt 0.484375 0.051126
vt 0.484375 0.049647
vt 0.484375 0.052955
vt 0.484375 0.055137
vt 0.484375 0.057574
vt 0.484375 0.460767
vt 0.468750 0.462776
vt 0.484375 0.059467
vt 0.484375 0.462776
vt 0.500000 0.465707
vt 0.515625 0.465707
vt 0.515625 0.468095
vt 0.515625 0.469821
vt 0.500000 0.468095
vt 0.500000 0.469821
vt 0.531250 0.465707
vt 0.531250 0.468095
vt 0.531250 0.469821
vt 0.546875 0.465707
vt 0.546875 0.468095
vt 0.546875 0.469821
vt 0.562500 0.465707
vt 0.562501 0.468095
vt 0.562501 0.469821
vt 0.578126 0.465707
vt 0.578126 0.468095
vt 0.578126 0.469821
vt 0.593751 0.465707
vt 0.593751 0.468095
vt 0.593751 0.469821
vt 0.609376 0.465707
vt 0.609376 0.468095
vt 0.609376 0.469821
vt 0.625001 0.465707
vt 0.625001 0.468095
vt 0.625001 0.469821
vt 0.640626 0.465707
vt 0.640626 0.468095
vt 0.640626 0.469821
vt 0.656251 0.465707
vt 0.656251 0.468095
vt 0.656251 0.469821
vt 0.671876 0.465707
vt 0.671876 0.468095
vt 0.671876 0.469821
vt 0.687501 0.465707
vt 0.687501 0.468095
vt 0.687501 0.469821
vt 0.703126 0.465707
vt 0.703126 0.468095
vt 0.703126 0.469821
vt 0.718751 0.465707
vt 0.718751 0.468095
vt 0.718751 0.469821
vt 0.734376 0.465707
vt 0.734376 0.468095
vt 0.734376 0.469821
vt 0.750001 0.465707
vt 0.750001 0.468095
vt 0.750001 0.469821
vt 0.765626 0.465707
vt 0.765626 0.468095
vt 0.765626 0.469821
vt 0.781251 0.465707
vt 0.781251 0.468095
vt 0.781251 0.469821
vt 0.796876 0.465707
vt 0.796876 0.468095
vt 0.796876 0.469821
vt 0.812501 0.465707
vt 0.812501 0.468095
vt 0.812501 0.469821
vt 0.828126 0.465707
vt 0.828126 0.468095
vt 0.828126 0.469821
vt 0.843751 0.465707
vt 0.843751 0.468095
vt 0.843751 0.469821
vt 0.859375 0.465707
vt 0.859375 0.468095
vt 0.859375 0.469821
vt 0.875000 0.465707
vt 0.875000 0.468095
vt 0.875000 0.469821
vt 0.890625 0.465707
vt 0.890625 0.468095
vt 0.890625 0.469821
vt 0.906250 0.465707
vt 0.906250 0.468095
vt 0.906250 0.469821
vt 0.921875 0.465707
vt 0.921875 0.468095
vt 0.921875 0.469821
vt 0.937500 0.465707
vt 0.937500 0.468095
vt 0.937500 0.469821
vt 0.953125 0.465707
vt 0.953125 0.468095
vt 0.953125 0.469821
vt 0.968750 0.465707
vt 0.968750 0.468095
vt 0.968750 0.469821
vt 0.984375 0.465707
vt 0.984375 0.468095
vt 0.984375 0.469821
vt 1.000000 0.462776
vt 1.000000 0.465707
vt 1.000000 0.468095
vt 1.000000 0.469821
vt 0.000000 0.465707
vt 0.015625 0.465707
vt 0.015625 0.468095
vt 0.000000 0.469821
vt 0.015625 0.469821
vt 0.000000 0.468095
vt 0.031250 0.465707
vt 0.031250 0.468095
vt 0.031250 0.469821
vt 0.046875 0.465707
vt 0.046875 0.468095
vt 0.046875 0.469821
vt 0.062500 0.465707
vt 0.062500 0.468095
vt 0.062500 0.469821
vt 0.078125 0.465707
vt 0.078125 0.468095
vt 0.078125 0.469821
vt 0.093750 0.465707
vt 0.093750 0.468095
vt 0.093750 0.469821
vt 0.109375 0.465707
vt 0.109375 0.468095
vt 0.109375 0.469821
vt 0.125000 0.465707
vt 0.125000 0.468095
vt 0.125000 0.469821
vt 0.140625 0.465707
vt 0.140625 0.468095
vt 0.140625 0.469821
vt 0.156250 0.465707
vt 0.156250 0.468095
vt 0.156250 0.469821
vt 0.171875 0.465707
vt 0.171875 0.468095
vt 0.171875 0.469821
vt 0.187500 0.465707
vt 0.187500 0.468095
vt 0.187499 0.469821
vt 0.203124 0.465707
vt 0.203124 0.468095
vt 0.203124 0.469821
vt 0.218749 0.465707
vt 0.218749 0.468095
vt 0.218749 0.469821
vt 0.234374 0.465707
vt 0.234374 0.468095
vt 0.234374 0.469821
vt 0.249999 0.465707
vt 0.249999 0.468095
vt 0.249999 0.469821
vt 0.265624 0.465707
vt 0.265624 0.468095
vt 0.265624 0.469821
vt 0.281249 0.465707
vt 0.281249 0.468095
vt 0.281249 0.469821
vt 0.296874 0.465707
vt 0.296874 0.468095
vt 0.296874 0.469821
vt 0.312499 0.465707
vt 0.312499 0.468095
vt 0.312499 0.469821
vt 0.328124 0.465707
vt 0.328124 0.468095
vt 0.328124 0.469821
vt 0.343749 0.465707
vt 0.343749 0.468095
vt 0.343749 0.469821
vt 0.359374 0.465707
vt 0.359374 0.468095
vt 0.359374 0.469821
vt 0.374999 0.465707
vt 0.374999 0.468095
vt 0.374999 0.469821
vt 0.390624 0.465707
vt 0.390624 0.468095
vt 0.390624 0.469821
vt 0.406249 0.465707
vt 0.406249 0.468095
vt 0.406249 0.469821
vt 0.421874 0.465707
vt 0.421874 0.468095
vt 0.421874 0.469821
vt 0.437499 0.465707
vt 0.437499 0.468095
vt 0.437499 0.469821
vt 0.453125 0.465707
vt 0.453125 0.468095
vt 0.453125 0.469821
vt 0.468750 0.465707
vt 0.468750 0.468095
vt 0.468750 0.469821
vt 0.484375 0.465707
vt 0.484375 0.469821
vt 0.484375 0.468095
vt 0.546875 0.047998
vt 0.921876 0.047806
vt 1.000000 0.048777
vt 1.000000 0.059467
vt 0.000000 0.057555
s 1
f 13/1/1 699/2/2 1/3/3
f 2/4/4 13/1/1 1/3/3
f 14/5/5 2/4/4 3/6/6
f 4/7/7 14/5/5 3/6/6
f 15/8/8 4/7/7 5/9/9
f 16/10/10 5/9/9 6/11/11
f 7/12/12 16/10/10 6/11/11
f 8/13/13 17/14/14 7/12/12
f 9/15/15 18/16/16 8/13/13
f 19/17/17 9/15/15 10/18/18
f 20/19/19 10/18/18 11/20/20
f 692/21/21 20/19/19 11/20/20
f 22/22/22 704/23/23 13/1/1
f 23/24/24 13/1/1 14/5/5
f 14/5/5 24/25/25 23/24/24
f 16/10/10 24/25/25 15/8/8
f 16/10/10 26/26/26 25/27/27
f 18/16/16 27/28/28 17/14/14
f 18/16/16 28/29/29 27/28/28
f 19/17/17 28/29/29 18/16/16
f 20/19/19 29/30/30 19/17/17
f 21/31/31 30/32/32 20/19/19
f 12/33/33 32/34/34 31/35/35
f 611/36/36 32/34/34 693/37/37
f 22/22/22 716/38/38 710/39/39
f 34/40/40 22/22/22 23/24/24
f 23/24/24 35/41/41 34/40/40
f 25/27/27 36/42/42 24/25/25
f 25/27/27 37/43/43 36/42/42
f 26/26/26 38/44/44 37/43/43
f 27/28/28 39/45/45 38/44/44
f 28/29/29 39/45/45 27/28/28
f 29/30/30 39/45/45 28/29/29
f 29/30/30 41/46/46 40/47/47
f 30/32/32 41/46/46 29/30/30
f 30/32/32 42/48/48 41/46/46
f 21/31/31 42/48/48 30/32/32
f 21/31/31 31/35/35 43/49/49
f 33/50/50 722/51/51 716/38/38
f 45/52/52 33/50/50 34/40/40
f 34/40/40 46/53/53 45/52/52
f 35/41/41 46/53/53 34/40/40
f 38/44/44 49/54/54 37/43/43
f 38/44/44 50/55/55 49/54/54
f 40/47/47 51/56/56 39/45/45
f 40/47/47 52/57/57 51/56/56
f 42/48/48 52/57/57 41/46/46
f 42/48/48 43/49/49 53/58/58
f 32/34/34 54/59/59 31/35/35
f 44/60/60 728/61/61 722/51/51
f 45/52/52 55/62/62 44/60/60
f 47/63/63 56/64/64 46/53/53
f 48/65/65 57/66/66 47/63/63
f 49/54/54 58/67/67 48/65/65
f 50/55/55 61/68/68 60/69/69
f 51/56/56 62/70/70 61/68/68
f 53/58/58 63/71/71 52/57/57
f 53/58/58 64/72/72 63/71/71
f 43/49/49 54/59/59 64/72/72
f 55/62/62 734/73/73 728/61/61
f 66/74/74 55/62/62 56/64/64
f 58/67/67 68/75/75 57/66/66
f 59/76/76 69/77/77 58/67/67
f 59/76/76 71/78/78 70/79/79
f 61/68/68 71/78/78 60/69/69
f 62/70/70 73/80/80 72/81/81
f 63/71/71 73/80/80 62/70/70
f 64/72/72 74/82/82 63/71/71
f 64/72/72 76/83/83 75/84/84
f 54/59/59 32/34/34 76/83/83
f 65/85/85 740/86/86 734/73/73
f 78/87/87 65/85/85 66/74/74
f 67/88/88 79/89/89 78/87/87
f 68/75/75 79/89/89 67/88/88
f 70/79/79 81/90/90 69/77/77
f 70/79/79 82/91/91 81/90/90
f 72/81/81 83/92/92 71/78/78
f 72/81/81 84/93/93 83/92/92
f 73/80/80 84/93/93 72/81/81
f 74/82/82 84/93/93 73/80/80
f 75/84/84 85/94/94 74/82/82
f 611/36/36 97/95/95 32/34/34
f 77/96/96 746/97/97 740/86/86
f 87/98/98 77/96/96 78/87/87
f 78/87/87 88/99/99 87/98/98
f 80/100/100 88/99/99 79/89/89
f 81/90/90 89/101/101 80/100/100
f 81/90/90 91/102/102 90/103/103
f 83/92/92 91/102/102 82/91/91
f 83/92/92 93/104/104 92/105/105
f 85/94/94 95/106/106 94/107/107
f 75/84/84 95/106/106 85/94/94
f 75/84/84 97/95/95 96/108/108
f 98/109/109 746/97/97 86/110/110
f 99/111/111 86/110/110 87/98/98
f 87/98/98 100/112/112 99/111/111
f 89/101/101 100/112/112 88/99/99
f 90/103/103 101/113/113 89/101/101
f 90/103/103 103/114/114 102/115/115
f 92/105/105 103/114/114 91/102/102
f 92/105/105 105/116/116 104/117/117
f 94/107/107 105/116/116 93/104/104
f 95/106/106 106/118/118 94/107/107
f 95/106/106 96/108/108 107/119/119
f 109/120/120 752/121/121 98/109/109
f 110/122/122 98/109/109 99/111/111
f 99/111/111 111/123/123 110/122/122
f 101/113/113 111/123/123 100/112/112
f 101/113/113 113/124/124 112/125/125
f 102/115/115 113/124/124 101/113/113
f 102/115/115 115/126/126 114/127/127
f 104/117/117 115/126/126 103/114/114
f 105/116/116 116/128/128 104/117/117
f 106/118/118 118/129/129 117/130/130
f 107/119/119 118/129/129 106/118/118
f 107/119/119 119/131/131 118/129/129
f 108/132/132 119/131/131 96/108/108
f 611/36/36 120/133/133 97/95/95
f 121/134/134 758/135/135 109/120/120
f 122/136/136 109/120/120 110/122/122
f 111/123/123 123/137/137 110/122/122
f 112/125/125 124/138/138 111/123/123
f 112/125/125 125/139/139 124/138/138
f 113/124/124 126/140/140 125/139/139
f 114/127/127 127/141/141 126/140/140
f 116/128/128 127/141/141 115/126/126
f 117/130/130 128/142/142 116/128/128
f 117/130/130 130/143/143 129/144/144
f 118/129/129 119/131/131 130/143/143
f 108/132/132 120/133/133 131/145/145
f 121/134/134 770/146/146 764/147/147
f 122/136/136 132/148/148 121/134/134
f 123/137/137 133/149/149 122/136/136
f 124/138/138 133/149/149 123/137/137
f 125/139/139 134/150/150 124/138/138
f 127/141/141 136/151/151 126/140/140
f 128/142/142 137/152/152 127/141/141
f 128/142/142 138/153/153 137/152/152
f 129/144/144 138/153/153 128/142/142
f 129/144/144 140/154/154 139/155/155
f 119/131/131 140/154/154 130/143/143
f 119/131/131 131/145/145 141/156/156
f 142/157/157 770/146/146 132/148/148
f 143/158/158 132/148/148 133/149/149
f 133/149/149 144/159/159 143/158/158
f 135/160/160 145/161/161 134/150/150
f 135/160/160 146/162/162 145/161/161
f 136/151/151 146/162/162 135/160/160
f 139/155/155 148/163/163 138/153/153
f 139/155/155 150/164/164 149/165/165
f 140/154/154 151/166/166 150/164/164
f 141/156/156 151/166/166 140/154/154
f 131/145/145 153/167/167 152/168/168
f 611/36/36 153/167/167 120/133/133
f 154/169/169 776/170/170 142/157/157
f 143/158/158 154/169/169 142/157/157
f 144/159/159 155/171/171 143/158/158
f 145/161/161 156/172/172 144/159/159
f 146/162/162 157/173/173 145/161/161
f 147/174/174 159/175/175 158/176/176
f 148/163/163 159/175/175 147/174/174
f 149/165/165 160/177/177 148/163/163
f 150/164/164 162/178/178 161/179/179
f 151/166/166 162/178/178 150/164/164
f 141/156/156 162/178/178 151/166/166
f 141/156/156 152/168/168 163/180/180
f 164/181/181 782/182/182 154/169/169
f 165/183/183 154/169/169 155/171/171
f 156/172/172 166/184/184 155/171/171
f 157/173/173 168/185/185 167/186/186
f 158/176/176 168/185/185 157/173/173
f 159/175/175 169/187/187 158/176/176
f 160/177/177 170/188/188 159/175/175
f 160/177/177 171/189/189 170/188/188
f 161/179/179 172/190/190 171/189/189
f 162/178/178 173/191/191 172/190/190
f 163/180/180 173/191/191 162/178/178
f 174/192/192 788/193/193 164/181/181
f 175/194/194 164/181/181 165/183/183
f 166/184/184 175/194/194 165/183/183
f 166/184/184 176/195/195 175/194/194
f 168/185/185 177/196/196 167/186/186
f 168/185/185 178/197/197 177/196/196
f 169/187/187 179/198/198 178/197/197
f 171/189/189 181/199/199 180/200/200
f 172/190/190 181/199/199 171/189/189
f 173/191/191 182/201/201 172/190/190
f 163/180/180 183/202/202 173/191/191
f 153/167/167 184/203/203 163/180/180
f 611/36/36 206/204/204 153/167/167
f 174/192/192 800/205/205 794/206/206
f 187/207/207 174/192/192 175/194/194
f 175/194/194 188/208/208 187/207/207
f 177/196/196 188/208/208 176/195/195
f 179/198/198 191/209/209 178/197/197
f 180/200/200 192/210/210 179/198/198
f 180/200/200 193/211/211 192/210/210
f 181/199/199 193/211/211 180/200/200
f 182/201/201 195/212/212 194/213/213
f 183/202/202 195/212/212 182/201/201
f 184/203/203 195/212/212 183/202/202
f 184/203/203 185/214/214 196/215/215
f 186/216/216 806/217/217 800/205/205
f 198/218/218 186/216/216 187/207/207
f 187/207/207 199/219/219 198/218/218
f 189/220/220 199/219/219 188/208/208
f 189/220/220 200/221/221 199/219/219
f 191/209/209 200/221/221 190/222/222
f 192/210/210 201/223/223 191/209/209
f 192/210/210 203/224/224 202/225/225
f 194/213/213 203/224/224 193/211/211
f 194/213/213 205/226/226 204/227/227
f 195/212/212 196/215/215 205/226/226
f 611/36/36 207/228/228 206/204/204
f 197/229/229 812/230/230 806/217/217
f 209/231/231 197/229/229 198/218/218
f 198/218/218 210/232/232 209/231/231
f 200/221/221 212/233/233 211/234/234
f 201/223/223 212/233/233 200/221/221
f 203/224/224 214/235/235 202/225/225
f 204/227/227 215/236/236 203/224/224
f 204/227/227 216/237/237 215/236/236
f 204/227/227 217/238/238 216/237/237
f 205/226/226 218/239/239 217/238/238
f 206/204/204 218/239/239 196/215/215
f 206/204/204 207/228/228 219/240/240
f 208/241/241 818/242/242 812/230/230
f 221/243/243 208/241/241 209/231/231
f 210/232/232 221/243/243 209/231/231
f 211/234/234 222/244/244 210/232/232
f 213/245/245 224/246/246 212/233/233
f 214/235/235 225/247/247 213/245/245
f 216/237/237 227/248/248 215/236/236
f 216/237/237 228/249/249 227/248/248
f 218/239/239 228/249/249 217/238/238
f 370/250/250 207/228/228 611/36/36
f 220/251/251 824/252/252 818/242/242
f 230/253/253 220/251/251 221/243/243
f 221/243/243 231/254/254 230/253/253
f 222/244/244 231/254/254 221/243/243
f 223/255/255 232/256/256 222/244/244
f 224/246/246 234/257/257 233/258/258
f 225/247/247 234/257/257 224/246/246
f 225/247/247 235/259/259 234/257/257
f 226/260/260 235/259/259 225/247/247
f 226/260/260 236/261/261 235/259/259
f 227/248/248 236/261/261 226/260/260
f 228/249/249 237/262/262 227/248/248
f 218/239/239 238/263/263 228/249/249
f 218/239/239 240/264/264 239/265/265
f 219/240/240 207/228/228 240/264/264
f 241/266/266 824/252/252 229/267/267
f 242/268/268 229/267/267 230/253/253
f 231/254/254 242/268/268 230/253/253
f 231/254/254 243/269/269 242/268/268
f 233/258/258 243/269/269 232/256/256
f 234/257/257 244/270/270 233/258/258
f 234/257/257 246/271/271 245/272/272
f 235/259/259 247/273/273 246/271/271
f 237/262/262 247/273/273 236/261/261
f 238/263/263 249/274/274 248/275/275
f 239/265/265 249/274/274 238/263/263
f 240/264/264 251/276/276 250/277/277
f 370/250/250 251/276/276 207/228/228
f 252/278/278 830/279/279 241/266/266
f 253/280/280 241/266/266 242/268/268
f 242/268/268 254/281/281 253/280/280
f 244/270/270 254/281/281 243/269/269
f 245/272/272 255/282/282 244/270/270
f 245/272/272 257/283/283 256/284/284
f 248/275/275 259/285/285 247/273/273
f 248/275/275 261/286/286 260/287/287
f 239/265/265 261/286/286 249/274/274
f 239/265/265 250/277/277 262/288/288
f 263/289/289 836/290/290 252/278/278
f 264/291/291 252/278/278 253/280/280
f 254/281/281 265/292/292 253/280/280
f 254/281/281 267/293/293 266/294/294
f 255/282/282 268/295/295 267/293/293
f 256/284/284 269/296/296 268/295/295
f 257/283/283 269/296/296 256/284/284
f 258/297/297 271/298/298 270/299/299
f 259/285/285 271/298/298 258/297/297
f 260/287/287 271/298/298 259/285/285
f 261/286/286 272/300/300 260/287/287
f 262/288/288 273/301/301 261/286/286
f 250/277/277 251/276/276 274/302/302
f 275/303/303 842/304/304 263/289/289
f 276/305/305 263/289/289 264/291/291
f 265/292/292 276/305/305 264/291/291
f 265/292/292 277/306/306 276/305/305
f 266/294/294 278/307/307 277/306/306
f 268/295/295 279/308/308 267/293/293
f 268/295/295 280/309/309 279/308/308
f 272/300/300 282/310/310 271/298/298
f 272/300/300 283/311/311 282/310/310
f 273/301/301 283/311/311 272/300/300
f 262/288/288 284/312/312 273/301/301
f 262/288/288 274/302/302 284/312/312
f 370/250/250 295/313/313 251/276/276
f 285/314/314 848/315/315 275/303/303
f 286/316/316 275/303/303 276/305/305
f 276/305/305 287/317/317 286/316/316
f 277/306/306 287/317/317 276/305/305
f 279/308/308 288/318/318 278/307/307
f 279/308/308 290/319/319 289/320/320
f 281/321/321 290/319/319 280/309/309
f 282/310/310 291/322/322 281/321/321
f 283/311/311 292/323/323 282/310/310
f 284/312/312 295/313/313 294/324/324
f 285/314/314 860/325/325 854/326/326
f 297/327/327 285/314/314 286/316/316
f 287/317/317 297/327/327 286/316/316
f 287/317/317 298/328/328 297/327/327
f 288/318/318 299/329/329 298/328/328
f 289/320/320 299/329/329 288/318/318
f 290/319/319 301/330/330 300/331/331
f 291/322/322 301/330/330 290/319/319
f 291/322/322 303/332/332 302/333/333
f 293/334/334 305/335/335 304/336/336
f 293/334/334 294/324/324 305/335/335
f 296/337/337 866/338/338 860/325/325
f 308/339/339 296/337/337 297/327/327
f 297/327/327 309/340/340 308/339/339
f 300/331/331 310/341/341 299/329/329
f 301/330/330 311/342/342 300/331/331
f 302/333/333 312/343/343 301/330/330
f 302/333/333 313/344/344 312/343/343
f 303/332/332 313/344/344 302/333/333
f 304/336/336 314/345/345 303/332/332
f 304/336/336 315/346/346 314/345/345
f 305/335/335 316/347/347 315/346/346
f 306/348/348 316/347/347 294/324/324
f 370/250/250 317/349/349 295/313/313
f 318/350/350 866/338/338 307/351/351
f 319/352/352 307/351/351 308/339/339
f 308/339/339 320/353/353 319/352/352
f 309/340/340 321/354/354 320/353/353
f 310/341/341 321/354/354 309/340/340
f 310/341/341 322/355/355 321/354/354
f 312/343/343 323/356/356 311/342/342
f 313/344/344 325/357/357 324/358/358
f 315/346/346 327/359/359 326/360/360
f 315/346/346 316/347/347 327/359/359
f 306/348/348 317/349/349 328/361/361
f 329/362/362 872/363/363 318/350/350
f 319/352/352 329/362/362 318/350/350
f 320/353/353 331/364/364 319/352/352
f 320/353/353 332/365/365 331/364/364
f 322/355/355 333/366/366 321/354/354
f 323/356/356 333/366/366 322/355/355
f 324/358/358 334/367/367 323/356/356
f 325/357/357 335/368/368 324/358/358
f 326/360/360 336/369/369 325/357/357
f 327/359/359 337/370/370 326/360/360
f 327/359/359 339/371/371 338/372/372
f 328/361/361 339/371/371 316/347/347
f 340/373/373 878/374/374 329/362/362
f 330/375/375 340/373/373 329/362/362
f 331/364/364 342/376/376 341/377/377
f 332/365/365 342/376/376 331/364/364
f 332/365/365 343/378/378 342/376/376
f 334/367/367 344/379/379 333/366/366
f 334/367/367 345/380/380 344/379/379
f 335/368/368 345/380/380 334/367/367
f 335/368/368 346/381/381 345/380/380
f 336/369/369 346/381/381 335/368/368
f 336/369/369 347/382/382 346/381/381
f 337/370/370 348/383/383 347/382/382
f 338/372/372 348/383/383 337/370/370
f 338/372/372 339/371/371 348/383/383
f 317/349/349 349/384/384 328/361/361
f 350/385/385 884/386/386 340/373/373
f 341/377/377 350/385/385 340/373/373
f 341/377/377 352/387/387 351/388/388
f 343/378/378 353/389/389 342/376/376
f 343/378/378 354/390/390 353/389/389
f 344/379/379 355/391/391 354/390/390
f 345/380/380 356/392/392 355/391/391
f 347/382/382 357/393/393 346/381/381
f 347/382/382 358/394/394 357/393/393
f 348/383/383 359/395/395 358/394/394
f 339/371/371 349/384/384 359/395/395
f 350/396/385 896/397/396 890/398/397
f 361/399/398 350/396/385 351/400/388
f 352/401/387 361/399/398 351/400/388
f 352/401/387 363/402/399 362/403/400
f 353/404/389 364/405/401 363/402/399
f 354/406/390 365/407/402 364/405/401
f 356/408/392 365/407/402 355/409/391
f 357/410/393 366/411/403 356/408/392
f 357/410/393 367/412/404 366/411/403
f 358/413/394 367/412/404 357/410/393
f 358/413/394 368/414/405 367/412/404
f 358/413/394 359/415/395 368/414/405
f 349/416/384 370/417/250 369/418/406
f 360/419/407 902/420/408 896/397/396
f 372/421/409 360/419/407 361/399/398
f 361/399/398 373/422/410 372/421/409
f 362/403/400 373/422/410 361/399/398
f 364/405/401 375/423/411 363/402/399
f 366/411/403 377/424/412 365/407/402
f 366/411/403 379/425/413 378/426/414
f 368/414/405 380/427/415 367/412/404
f 368/414/405 381/428/416 380/427/415
f 369/418/406 381/428/416 359/415/395
f 371/429/417 908/430/418 902/420/408
f 383/431/419 371/429/417 372/421/409
f 373/422/410 383/431/419 372/421/409
f 373/422/410 384/432/420 383/431/419
f 374/433/421 385/434/422 384/432/420
f 374/433/421 386/435/423 385/434/422
f 375/423/411 387/436/424 386/435/423
f 377/424/412 387/436/424 376/437/425
f 378/426/414 389/438/426 388/439/427
f 379/425/413 389/438/426 378/426/414
f 379/425/413 390/440/428 389/438/426
f 380/427/415 391/441/429 390/440/428
f 369/418/406 391/441/429 381/428/416
f 369/418/406 393/442/430 392/443/431
f 382/444/432 914/445/433 908/430/418
f 395/446/434 382/444/432 383/431/419
f 384/432/420 396/447/435 383/431/419
f 385/434/422 396/447/435 384/432/420
f 388/439/427 399/448/436 387/436/424
f 388/439/427 401/449/437 400/450/438
f 390/440/428 391/441/429 403/451/439
f 404/452/440 914/445/433 394/453/441
f 395/446/434 404/452/440 394/453/441
f 395/446/434 406/454/442 405/455/443
f 397/456/444 408/457/445 407/458/446
f 398/459/447 409/460/448 408/457/445
f 399/448/436 409/460/448 398/459/447
f 400/450/438 411/461/449 410/462/450
f 401/449/437 411/461/449 400/450/438
f 402/463/451 411/461/449 401/449/437
f 403/451/439 412/464/452 402/463/451
f 392/443/431 413/465/453 391/441/429
f 392/443/431 393/442/430 414/466/454
f 415/467/455 920/468/456 404/452/440
f 405/455/443 415/467/455 404/452/440
f 406/454/442 416/469/457 405/455/443
f 406/454/442 417/470/458 416/469/457
f 408/457/445 418/471/459 407/458/446
f 408/457/445 419/472/460 418/471/459
f 409/460/448 419/472/460 408/457/445
f 412/464/452 423/473/461 422/474/462
f 413/465/453 423/473/461 412/464/452
f 414/466/454 424/475/463 413/465/453
f 415/467/455 932/476/464 926/477/465
f 426/478/466 415/467/455 416/469/457
f 417/470/458 427/479/467 416/469/457
f 417/470/458 429/480/468 428/481/469
f 419/472/460 430/482/470 418/471/459
f 419/472/460 431/483/471 430/482/470
f 420/484/472 432/485/473 431/483/471
f 422/474/462 432/485/473 421/486/474
f 422/474/462 434/487/475 433/488/476
f 424/475/463 434/487/475 423/473/461
f 425/489/477 938/490/478 932/476/464
f 426/478/466 436/491/479 425/489/477
f 427/479/467 437/492/480 426/478/466
f 428/481/469 437/492/480 427/479/467
f 428/481/469 439/493/481 438/494/482
f 432/485/473 442/495/483 441/496/484
f 433/488/476 442/495/483 432/485/473
f 434/487/475 443/497/485 433/488/476
f 424/475/463 444/498/486 434/487/475
f 435/499/487 445/500/488 424/475/463
f 370/417/250 446/501/489 435/499/487
f 447/502/490 938/490/478 436/491/479
f 448/503/491 436/491/479 437/492/480
f 438/494/482 448/503/491 437/492/480
f 439/493/481 450/504/492 449/505/493
f 440/506/494 450/504/492 439/493/481
f 441/496/484 451/507/495 440/506/494
f 442/495/483 452/508/496 441/496/484
f 443/497/485 453/509/497 442/495/483
f 443/497/485 454/510/498 453/509/497
f 444/498/486 454/510/498 443/497/485
f 445/500/488 455/511/499 444/498/486
f 446/501/489 456/512/500 435/499/487
f 611/36/36 446/501/489 370/417/250
f 457/513/501 944/514/502 447/502/490
f 458/515/503 447/502/490 448/503/491
f 448/503/491 459/516/504 458/515/503
f 449/505/493 459/516/504 448/503/491
f 449/505/493 461/517/505 460/518/506
f 450/504/492 461/517/505 449/505/493
f 450/504/492 462/519/507 461/517/505
f 452/508/496 462/519/507 451/507/495
f 453/509/497 463/520/508 452/508/496
f 454/510/498 465/521/509 453/509/497
f 454/510/498 466/522/510 465/521/509
f 445/500/488 466/522/510 455/511/499
f 456/512/500 467/523/511 445/500/488
f 446/501/489 468/524/512 456/512/500
f 457/513/501 956/525/513 950/526/514
f 458/515/503 469/527/515 457/513/501
f 460/518/506 470/528/516 459/516/504
f 460/518/506 472/529/517 471/530/518
f 461/517/505 473/531/519 472/529/517
f 462/519/507 474/532/520 473/531/519
f 463/520/508 474/532/520 462/519/507
f 463/520/508 475/533/521 474/532/520
f 464/534/522 475/533/521 463/520/508
f 464/534/522 476/535/523 475/533/521
f 465/521/509 477/536/524 476/535/523
f 466/522/510 478/537/525 477/536/524
f 467/523/511 478/537/525 466/522/510
f 479/538/526 956/525/513 469/527/515
f 480/539/527 469/527/515 470/528/516
f 470/528/516 481/540/528 480/539/527
f 471/530/518 482/541/529 481/540/528
f 473/531/519 483/542/530 472/529/517
f 473/531/519 484/543/531 483/542/530
f 476/535/523 487/544/532 486/545/533
f 477/536/524 487/544/532 476/535/523
f 478/537/525 489/546/534 488/547/535
f 467/523/511 468/524/512 489/546/534
f 611/36/36 490/548/536 446/501/489
f 479/538/526 968/549/537 962/550/538
f 480/539/527 491/551/539 479/538/526
f 481/540/528 493/552/540 492/553/541
f 482/541/529 493/552/540 481/540/528
f 483/542/530 494/554/542 482/541/529
f 483/542/530 496/555/543 495/556/544
f 485/557/545 496/555/543 484/543/531
f 485/557/545 497/558/546 496/555/543
f 486/545/533 497/558/546 485/557/545
f 487/544/532 498/559/547 486/545/533
f 488/547/535 499/560/548 487/544/532
f 488/547/535 500/561/549 499/560/548
f 488/547/535 501/562/550 500/561/549
f 489/546/534 502/563/551 501/562/550
f 490/548/536 502/563/551 468/524/512
f 503/564/552 968/549/537 491/551/539
f 492/553/541 503/564/552 491/551/539
f 492/553/541 505/565/553 504/566/554
f 495/556/544 506/567/555 494/554/542
f 495/556/544 507/568/556 506/567/555
f 497/558/546 509/569/557 508/570/558
f 498/559/547 510/571/559 509/569/557
f 499/560/548 511/572/560 510/571/559
f 501/562/550 511/572/560 500/561/549
f 512/573/561 974/574/562 503/564/552
f 504/566/554 512/573/561 503/564/552
f 505/565/553 515/575/563 514/576/564
f 506/567/555 515/575/563 505/565/553
f 506/567/555 517/577/565 516/578/566
f 508/570/558 517/577/565 507/568/556
f 509/569/557 518/579/567 508/570/558
f 509/569/557 520/580/568 519/581/569
f 511/572/560 521/582/570 510/571/559
f 501/562/550 521/582/570 511/572/560
f 501/562/550 523/583/571 522/584/572
f 490/548/536 523/583/571 502/563/551
f 512/573/561 986/585/573 980/586/574
f 525/587/575 512/573/561 513/588/576
f 514/576/564 526/589/577 525/587/575
f 515/575/563 526/589/577 514/576/564
f 516/578/566 527/590/578 515/575/563
f 516/578/566 529/591/579 528/592/580
f 518/579/567 529/591/579 517/577/565
f 519/581/569 530/593/581 518/579/567
f 520/580/568 531/594/582 519/581/569
f 521/582/570 532/595/583 520/580/568
f 522/584/572 533/596/584 521/582/570
f 611/36/36 534/597/585 490/548/536
f 524/598/586 992/599/587 986/585/573
f 536/600/588 524/598/586 525/587/575
f 525/587/575 537/601/589 536/600/588
f 526/589/577 537/601/589 525/587/575
f 527/590/578 538/602/590 526/589/577
f 527/590/578 539/603/591 538/602/590
f 529/591/579 541/604/592 540/605/593
f 531/594/582 541/604/592 530/593/581
f 532/595/583 542/606/594 531/594/582
f 533/596/584 544/607/595 543/608/596
f 522/584/572 545/609/597 544/607/595
f 534/597/585 545/609/597 523/583/571
f 535/610/598 998/611/599 992/599/587
f 547/612/600 535/610/598 536/600/588
f 536/600/588 548/613/601 547/612/600
f 537/601/589 549/614/602 548/613/601
f 539/603/591 550/615/603 538/602/590
f 539/603/591 551/616/604 550/615/603
f 540/605/593 552/617/605 551/616/604
f 542/606/594 553/618/606 541/604/592
f 542/606/594 554/619/607 553/618/606
f 543/608/596 554/619/607 542/606/594
f 543/608/596 555/620/608 554/619/607
f 544/607/595 555/620/608 543/608/596
f 545/609/597 556/621/609 544/607/595
f 557/622/610 998/611/599 546/623/611
f 547/612/600 557/622/610 546/623/611
f 548/613/601 559/624/612 558/625/613
f 550/615/603 559/624/612 549/614/602
f 550/615/603 561/626/614 560/627/615
f 552/617/605 562/628/616 551/616/604
f 552/617/605 563/629/617 562/628/616
f 553/618/606 564/630/618 563/629/617
f 554/619/607 565/631/619 564/630/618
f 555/620/608 556/621/609 565/631/619
f 545/609/597 567/632/620 566/633/621
f 557/622/610 1010/634/622 1004/635/623
f 558/625/613 568/636/624 557/622/610
f 558/625/613 570/637/625 569/638/626
f 560/627/615 570/637/625 559/624/612
f 561/626/614 573/639/627 572/640/628
f 563/629/617 575/641/629 574/642/630
f 563/629/617 576/643/631 575/641/629
f 565/631/619 576/643/631 564/630/618
f 565/631/619 578/644/632 577/645/633
f 566/633/621 578/644/632 556/621/609
f 568/636/624 1016/646/634 1010/634/622
f 580/647/635 568/636/624 569/638/626
f 569/638/626 581/648/636 580/647/635
f 571/649/637 581/648/636 570/637/625
f 573/639/627 583/650/638 572/640/628
f 574/642/630 584/651/639 573/639/627
f 574/642/630 585/652/640 584/651/639
f 575/641/629 585/652/640 574/642/630
f 575/641/629 586/653/641 585/652/640
f 577/645/633 586/653/641 576/643/631
f 577/645/633 588/654/642 587/655/643
f 578/644/632 589/656/644 588/654/642
f 567/632/620 589/656/644 566/633/621
f 590/657/645 1016/646/634 579/658/646
f 591/659/647 579/658/646 580/647/635
f 581/648/636 591/659/647 580/647/635
f 582/660/648 593/661/649 592/662/650
f 583/650/638 593/661/649 582/660/648
f 584/651/639 593/661/649 583/650/638
f 584/651/639 595/663/651 594/664/652
f 586/653/641 596/665/653 585/652/640
f 586/653/641 597/666/654 596/665/653
f 587/655/643 597/666/654 586/653/641
f 587/655/643 598/667/655 597/666/654
f 588/654/642 598/667/655 587/655/643
f 590/657/645 1028/668/656 1022/669/657
f 600/670/658 590/657/645 591/659/647
f 591/659/647 601/671/659 600/670/658
f 592/662/650 601/671/659 591/659/647
f 592/662/650 603/672/660 602/673/661
f 594/664/652 604/674/662 593/661/649
f 594/664/652 605/675/663 604/674/662
f 595/663/651 605/675/663 594/664/652
f 596/665/653 606/676/664 595/663/651
f 597/666/654 608/677/665 607/678/666
f 598/667/655 608/677/665 597/666/654
f 588/654/642 608/677/665 598/667/655
f 588/654/642 610/679/667 609/680/668
f 611/36/36 610/679/667 589/656/644
f 599/681/669 1034/682/670 1028/668/656
f 600/670/658 612/683/671 599/681/669
f 601/671/659 613/684/672 600/670/658
f 601/671/659 614/685/673 613/684/672
f 602/673/661 615/686/674 614/685/673
f 604/674/662 615/686/674 603/672/660
f 605/675/663 616/687/675 604/674/662
f 606/676/664 617/688/676 605/675/663
f 607/678/666 618/689/677 606/676/664
f 607/678/666 619/690/678 618/689/677
f 608/677/665 619/690/678 607/678/666
f 609/680/668 620/691/679 608/677/665
f 621/692/680 1034/682/670 612/683/671
f 622/693/681 612/683/671 613/684/672
f 613/684/672 623/694/682 622/693/681
f 616/687/675 625/695/683 615/686/674
f 616/687/675 626/696/684 625/695/683
f 617/688/676 627/697/685 626/696/684
f 618/689/677 628/698/686 627/697/685
f 620/691/679 629/699/687 619/690/678
f 620/691/679 630/700/688 629/699/687
f 609/680/668 631/701/689 630/700/688
f 621/692/680 1046/702/690 1040/703/691
f 633/704/692 621/692/680 622/693/681
f 622/693/681 634/705/693 633/704/692
f 623/694/682 634/705/693 622/693/681
f 627/697/685 639/706/694 638/707/695
f 628/698/686 639/706/694 627/697/685
f 628/698/686 640/708/696 639/706/694
f 629/699/687 630/700/688 640/708/696
f 632/709/697 1052/710/698 1046/702/690
f 643/711/699 632/709/697 633/704/692
f 634/705/693 644/712/700 643/711/699
f 636/713/701 644/712/700 635/714/702
f 636/713/701 646/715/703 645/716/704
f 638/707/695 646/715/703 637/717/705
f 638/707/695 648/718/706 647/719/707
f 640/708/696 650/720/708 649/721/709
f 630/700/688 650/720/708 640/708/696
f 630/700/688 641/722/710 651/723/711
f 611/36/36 652/724/712 631/701/689
f 653/725/713 1052/710/698 642/726/714
f 654/727/715 642/726/714 643/711/699
f 643/711/699 655/728/716 654/727/715
f 645/716/704 656/729/717 644/712/700
f 645/716/704 658/730/718 657/731/719
f 647/719/707 658/730/718 646/715/703
f 647/719/707 660/732/720 659/733/721
f 649/721/709 660/732/720 648/718/706
f 649/721/709 661/734/722 660/732/720
f 650/720/708 661/734/722 649/721/709
f 651/723/711 661/734/722 650/720/708
f 652/724/712 662/735/723 641/722/710
f 653/725/713 1064/736/724 1058/737/725
f 664/738/726 653/725/713 654/727/715
f 655/728/716 664/738/726 654/727/715
f 655/728/716 666/739/727 665/740/728
f 657/731/719 666/739/727 656/729/717
f 658/730/718 667/741/729 657/731/719
f 658/730/718 669/742/730 668/743/731
f 659/733/721 670/744/732 669/742/730
f 661/734/722 670/744/732 660/732/720
f 651/723/711 671/745/733 661/734/722
f 651/723/711 662/735/723 672/746/734
f 673/747/735 1064/736/724 663/748/736
f 674/749/737 663/748/736 664/738/726
f 665/740/728 675/750/738 664/738/726
f 666/739/727 676/751/739 665/740/728
f 667/741/729 678/752/740 677/753/741
f 668/743/731 679/754/742 678/752/740
f 669/742/730 679/754/742 668/743/731
f 669/742/730 681/755/743 680/756/744
f 671/745/733 681/755/743 670/744/732
f 672/746/734 682/757/745 671/745/733
f 662/735/723 652/724/712 683/758/746
f 684/759/747 1070/760/748 673/747/735
f 674/749/737 684/759/747 673/747/735
f 675/750/738 685/761/749 674/749/737
f 676/751/739 685/761/749 675/750/738
f 677/753/741 686/762/750 676/751/739
f 677/753/741 687/763/751 686/762/750
f 679/754/742 688/764/752 678/752/740
f 679/754/742 689/765/753 688/764/752
f 680/756/744 690/766/754 689/765/753
f 681/755/743 691/767/755 690/766/754
f 672/746/734 691/767/755 682/757/745
f 672/746/734 683/758/746 692/21/21
f 1/3/3 1076/768/756 684/759/747
f 2/4/4 684/759/747 685/761/749
f 685/761/749 3/6/6 2/4/4
f 686/762/750 3/6/6 685/761/749
f 687/763/751 6/11/11 5/9/9
f 688/764/752 6/11/11 687/763/751
f 688/764/752 8/13/13 7/12/12
f 689/765/753 9/15/15 8/13/13
f 692/21/21 11/20/20 691/767/755
f 693/37/37 12/33/33 683/758/746
f 697/769/757 695/770/758 698/771/759
f 694/772/760 703/773/761 702/774/762
f 701/775/763 705/776/764 703/773/761
f 702/774/762 695/770/758 694/772/760
f 699/2/2 705/776/764 700/777/765
f 697/769/757 707/778/766 706/779/767
f 702/774/762 709/780/768 708/781/769
f 703/773/761 711/782/770 709/780/768
f 702/774/762 707/778/766 698/771/759
f 704/23/23 711/782/770 705/776/764
f 706/779/767 713/783/771 712/784/772
f 708/781/769 715/785/773 714/786/774
f 709/780/768 717/787/775 715/785/773
f 708/781/769 713/783/771 707/778/766
f 710/39/39 717/787/775 711/782/770
f 712/784/772 719/788/776 718/789/777
f 714/786/774 721/790/778 720/791/779
f 715/785/773 723/792/780 721/790/778
f 714/786/774 719/788/776 713/783/771
f 722/51/51 717/787/775 716/38/38
f 718/789/777 725/793/781 724/794/782
f 720/791/779 727/795/783 726/796/784
f 721/790/778 729/797/785 727/795/783
f 720/791/779 725/793/781 719/788/776
f 728/61/61 723/792/780 722/51/51
f 724/794/782 731/798/786 730/799/787
f 726/796/784 733/800/788 732/801/789
f 727/795/783 735/802/790 733/800/788
f 726/796/784 731/798/786 725/793/781
f 728/61/61 735/802/790 729/797/785
f 736/803/791 731/798/786 737/804/792
f 732/801/789 739/805/793 738/806/794
f 733/800/788 741/807/795 739/805/793
f 732/801/789 737/804/792 731/798/786
f 734/73/73 741/807/795 735/802/790
f 742/808/796 737/804/792 743/809/797
f 738/806/794 745/810/798 744/811/799
f 745/810/798 741/807/795 747/812/800
f 738/806/794 743/809/797 737/804/792
f 740/86/86 747/812/800 741/807/795
f 748/813/801 743/809/797 749/814/802
f 744/811/799 751/815/803 750/816/804
f 751/815/803 747/812/800 753/817/805
f 750/816/804 743/809/797 744/811/799
f 752/121/121 747/812/800 746/97/97
f 748/813/801 755/818/806 754/819/807
f 750/816/804 757/820/808 756/821/809
f 757/820/808 753/817/805 759/822/810
f 756/821/809 749/814/802 750/816/804
f 758/135/135 753/817/805 752/121/121
f 754/819/807 761/823/811 760/824/812
f 762/825/813 757/820/808 763/826/814
f 763/826/814 759/822/810 765/827/815
f 756/821/809 761/823/811 755/818/806
f 764/147/147 759/822/810 758/135/135
f 760/824/812 767/828/816 766/829/817
f 768/830/818 763/826/814 769/831/819
f 763/826/814 771/832/820 769/831/819
f 768/830/818 761/823/811 762/825/813
f 770/146/146 765/827/815 764/147/147
f 772/833/821 767/828/816 773/834/822
f 774/835/823 769/831/819 775/836/824
f 775/836/824 771/832/820 777/837/825
f 768/830/818 773/834/822 767/828/816
f 776/170/170 771/832/820 770/146/146
f 778/838/826 773/834/822 779/839/827
f 774/835/823 781/840/828 780/841/829
f 781/840/828 777/837/825 783/842/830
f 774/835/823 779/839/827 773/834/822
f 776/170/170 783/842/830 777/837/825
f 778/838/826 785/843/831 784/844/832
f 780/841/829 787/845/833 786/846/834
f 787/845/833 783/842/830 789/847/835
f 780/841/829 785/843/831 779/839/827
f 782/182/182 789/847/835 783/842/830
f 784/844/832 791/848/836 790/849/837
f 792/850/838 787/845/833 793/851/839
f 793/851/839 789/847/835 795/852/840
f 786/846/834 791/848/836 785/843/831
f 788/193/193 795/852/840 789/847/835
f 796/853/841 791/848/836 797/854/842
f 792/850/838 799/855/843 798/856/844
f 799/855/843 795/852/840 801/857/845
f 798/856/844 791/848/836 792/850/838
f 800/205/205 795/852/840 794/206/206
f 802/858/846 797/854/842 803/859/847
f 798/856/844 805/860/848 804/861/849
f 805/860/848 801/857/845 807/862/850
f 804/861/849 797/854/842 798/856/844
f 806/217/217 801/857/845 800/205/205
f 802/858/846 809/863/851 808/864/852
f 804/861/849 811/865/853 810/866/854
f 805/860/848 813/867/855 811/865/853
f 804/861/849 809/863/851 803/859/847
f 806/217/217 813/867/855 807/862/850
f 808/864/852 815/868/856 814/869/857
f 810/866/854 817/870/858 816/871/859
f 811/865/853 819/872/860 817/870/858
f 810/866/854 815/868/856 809/863/851
f 812/230/230 819/872/860 813/867/855
f 814/869/857 821/873/861 820/874/862
f 822/875/863 817/870/858 823/876/864
f 823/876/864 819/872/860 825/877/865
f 822/875/863 815/868/856 816/871/859
f 824/252/252 819/872/860 818/242/242
f 820/874/862 827/878/866 826/879/867
f 822/875/863 829/880/868 828/881/869
f 829/880/868 825/877/865 831/882/870
f 822/875/863 827/878/866 821/873/861
f 824/252/252 831/882/870 825/877/865
f 826/879/867 833/883/871 832/884/872
f 828/881/869 835/885/873 834/886/874
f 835/885/873 831/882/870 837/887/875
f 828/881/869 833/883/871 827/878/866
f 830/279/279 837/887/875 831/882/870
f 832/884/872 839/888/876 838/889/877
f 834/886/874 841/890/878 840/891/879
f 841/890/878 837/887/875 843/892/880
f 834/886/874 839/888/876 833/883/871
f 836/290/290 843/892/880 837/887/875
f 844/893/881 839/888/876 845/894/882
f 846/895/883 841/890/878 847/896/884
f 847/896/884 843/892/880 849/897/885
f 846/895/883 839/888/876 840/891/879
f 848/315/315 843/892/880 842/304/304
f 850/898/886 845/894/882 851/899/887
f 846/895/883 853/900/888 852/901/889
f 853/900/888 849/897/885 855/902/890
f 852/901/889 845/894/882 846/895/883
f 854/326/326 849/897/885 848/315/315
f 850/898/886 857/903/891 856/904/892
f 852/901/889 859/905/893 858/906/894
f 859/905/893 855/902/890 861/907/895
f 852/901/889 857/903/891 851/899/887
f 860/325/325 855/902/890 854/326/326
f 856/904/892 863/908/896 862/909/897
f 864/910/898 859/905/893 865/911/899
f 865/911/899 861/907/895 867/912/900
f 864/910/898 857/903/891 858/906/894
f 860/325/325 867/912/900 861/907/895
f 868/913/901 863/908/896 869/914/902
f 870/915/903 865/911/899 871/916/904
f 865/911/899 873/917/905 871/916/904
f 870/915/903 863/908/896 864/910/898
f 872/363/363 867/912/900 866/338/338
f 874/918/906 869/914/902 875/919/907
f 876/920/908 871/916/904 877/921/909
f 877/921/909 873/917/905 879/922/910
f 876/920/908 869/914/902 870/915/903
f 878/374/374 873/917/905 872/363/363
f 874/918/906 881/923/911 880/924/912
f 882/925/913 877/921/909 883/926/914
f 883/926/914 879/922/910 885/927/915
f 882/925/913 875/919/907 876/920/908
f 878/374/374 885/927/915 879/922/910
f 880/924/912 887/928/916 886/929/917
f 888/930/918 883/926/914 889/931/919
f 883/926/914 891/932/920 889/931/919
f 888/930/918 881/923/911 882/925/913
f 884/386/386 891/932/920 885/927/915
f 886/933/917 893/934/921 892/935/922
f 888/936/918 895/937/923 894/938/924
f 895/937/923 891/939/920 897/940/925
f 894/938/924 887/941/916 888/936/918
f 896/397/396 891/939/920 890/398/397
f 892/935/922 899/942/926 898/943/927
f 894/938/924 901/944/928 900/945/929
f 901/944/928 897/940/925 903/946/930
f 900/945/929 893/934/921 894/938/924
f 902/420/408 897/940/925 896/397/396
f 904/947/931 899/942/926 905/948/932
f 900/945/929 907/949/933 906/950/934
f 907/949/933 903/946/930 909/951/935
f 900/945/929 905/948/932 899/942/926
f 908/430/418 903/946/930 902/420/408
f 910/952/936 905/948/932 911/953/937
f 906/950/934 913/954/938 912/955/939
f 913/954/938 909/951/935 915/956/940
f 912/955/939 905/948/932 906/950/934
f 914/445/433 909/951/935 908/430/418
f 916/957/941 911/953/937 917/958/942
f 912/955/939 919/959/943 918/960/944
f 919/959/943 915/956/940 921/961/945
f 918/960/944 911/953/937 912/955/939
f 920/468/456 915/956/940 914/445/433
f 922/962/946 917/958/942 923/963/947
f 918/960/944 925/964/948 924/965/949
f 919/959/943 927/966/950 925/964/948
f 924/965/949 917/958/942 918/960/944
f 920/468/456 927/966/950 921/961/945
f 928/967/951 923/963/947 929/968/952
f 930/969/953 925/964/948 931/970/954
f 925/964/948 933/971/955 931/970/954
f 930/969/953 923/963/947 924/965/949
f 932/476/464 927/966/950 926/477/465
f 934/972/956 929/968/952 935/973/957
f 930/969/953 937/974/958 936/975/959
f 931/970/954 939/976/960 937/974/958
f 936/975/959 929/968/952 930/969/953
f 938/490/478 933/971/955 932/476/464
f 934/972/956 941/977/961 940/978/962
f 936/975/959 943/979/963 942/980/964
f 937/974/958 945/981/965 943/979/963
f 936/975/959 941/977/961 935/973/957
f 938/490/478 945/981/965 939/976/960
f 940/978/962 947/982/966 946/983/967
f 948/984/968 943/979/963 949/985/969
f 943/979/963 951/986/970 949/985/969
f 942/980/964 947/982/966 941/977/961
f 944/514/502 951/986/970 945/981/965
f 952/987/971 947/982/966 953/988/972
f 954/989/973 949/985/969 955/990/974
f 949/985/969 957/991/975 955/990/974
f 954/989/973 947/982/966 948/984/968
f 950/526/514 957/991/975 951/986/970
f 952/987/971 959/992/976 958/993/977
f 954/989/973 961/994/978 960/995/979
f 961/994/978 957/991/975 963/996/980
f 960/995/979 953/988/972 954/989/973
f 962/550/538 957/991/975 956/525/513
f 958/993/977 965/997/981 964/998/982
f 960/995/979 967/999/983 966/1000/984
f 967/999/983 963/996/980 969/1001/985
f 960/995/979 965/997/981 959/992/976
f 968/549/537 963/996/980 962/550/538
f 964/998/982 971/1002/986 970/1003/987
f 972/1004/988 967/999/983 973/1005/989
f 967/999/983 975/1006/990 973/1005/989
f 966/1000/984 971/1002/986 965/997/981
f 968/549/537 975/1006/990 969/1001/985
f 970/1003/987 977/1007/991 976/1008/992
f 978/1009/993 973/1005/989 979/1010/994
f 973/1005/989 981/1011/995 979/1010/994
f 972/1004/988 977/1007/991 971/1002/986
f 974/574/562 981/1011/995 975/1006/990
f 976/1008/992 983/1012/996 982/1013/997
f 984/1014/998 979/1010/994 985/1015/999
f 985/1015/999 981/1011/995 987/1016/1000
f 984/1014/998 977/1007/991 978/1009/993
f 986/585/573 981/1011/995 980/586/574
f 982/1013/997 989/1017/1001 988/1018/1002
f 990/1019/1003 985/1015/999 991/1020/1004
f 985/1015/999 993/1021/1005 991/1020/1004
f 990/1019/1003 983/1012/996 984/1014/998
f 992/599/587 987/1016/1000 986/585/573
f 994/1022/1006 989/1017/1001 995/1023/1007
f 996/1024/1008 991/1020/1004 997/1025/1009
f 991/1020/1004 999/1026/1010 997/1025/1009
f 990/1019/1003 995/1023/1007 989/1017/1001
f 998/611/599 993/1021/1005 992/599/587
f 1000/1027/1011 995/1023/1007 1001/1028/1012
f 996/1024/1008 1003/1029/1013 1002/1030/1014
f 997/1025/1009 1005/1031/1015 1003/1029/1013
f 996/1024/1008 1001/1028/1012 995/1023/1007
f 998/611/599 1005/1031/1015 999/1026/1010
f 1006/1032/1016 1001/1028/1012 1007/1033/1017
f 1008/1034/1018 1003/1029/1013 1009/1035/1019
f 1009/1035/1019 1005/1031/1015 1011/1036/1020
f 1008/1034/1018 1001/1028/1012 1002/1030/1014
f 1010/634/622 1005/1031/1015 1004/635/623
f 1012/1037/1021 1007/1033/1017 1013/1038/1022
f 1008/1034/1018 1015/1039/1023 1014/1040/1024
f 1015/1039/1023 1011/1036/1020 1017/1041/1025
f 1014/1040/1024 1007/1033/1017 1008/1034/1018
f 1016/646/634 1011/1036/1020 1010/634/622
f 1012/1037/1021 1019/1042/1026 1018/1043/1027
f 1014/1040/1024 1021/1044/1028 1020/1045/1029
f 1015/1039/1023 1023/1046/1030 1021/1044/1028
f 1014/1040/1024 1019/1042/1026 1013/1038/1022
f 1022/669/657 1017/1041/1025 1016/646/634
f 1024/1047/1031 1019/1042/1026 1025/1048/1032
f 1020/1045/1029 1027/1049/1033 1026/1050/1034
f 1027/1049/1033 1023/1046/1030 1029/1051/1035
f 1020/1045/1029 1025/1048/1032 1019/1042/1026
f 1022/669/657 1029/1051/1035 1023/1046/1030
f 1024/1047/1031 1031/1052/1036 1030/1053/1037
f 1026/1050/1034 1033/1054/1038 1032/1055/1039
f 1027/1049/1033 1035/1056/1040 1033/1054/1038
f 1026/1050/1034 1031/1052/1036 1025/1048/1032
f 1034/682/670 1029/1051/1035 1028/668/656
f 1036/1057/1041 1031/1052/1036 1037/1058/1042
f 1038/1059/1043 1033/1054/1038 1039/1060/1044
f 1033/1054/1038 1041/1061/1045 1039/1060/1044
f 1032/1055/1039 1037/1058/1042 1031/1052/1036
f 1040/703/691 1035/1056/1040 1034/682/670
f 1036/1057/1041 1043/1062/1046 1042/1063/1047
f 1044/1064/1048 1039/1060/1044 1045/1065/1049
f 1045/1065/1049 1041/1061/1045 1047/1066/1050
f 1044/1064/1048 1037/1058/1042 1038/1059/1043
f 1046/702/690 1041/1061/1045 1040/703/691
f 1042/1063/1047 1049/1067/1051 1048/1068/1052
f 1044/1064/1048 1051/1069/1053 1050/1070/1054
f 1051/1069/1053 1047/1066/1050 1053/1071/1055
f 1050/1070/1054 1043/1062/1046 1044/1064/1048
f 1052/710/698 1047/1066/1050 1046/702/690
f 1054/1072/1056 1049/1067/1051 1055/1073/1057
f 1050/1070/1054 1057/1074/1058 1056/1075/1059
f 1057/1074/1058 1053/1071/1055 1059/1076/1060
f 1050/1070/1054 1055/1073/1057 1049/1067/1051
f 1058/737/725 1053/1071/1055 1052/710/698
f 1060/1077/1061 1055/1073/1057 1061/1078/1062
f 1056/1075/1059 1063/1079/1063 1062/1080/1064
f 1063/1079/1063 1059/1076/1060 1065/1081/1065
f 1056/1075/1059 1061/1078/1062 1055/1073/1057
f 1064/736/724 1059/1076/1060 1058/737/725
f 1066/1082/1066 1061/1078/1062 1067/1083/1067
f 1062/1080/1064 1069/1084/1068 1068/1085/1069
f 1063/1079/1063 1071/1086/1070 1069/1084/1068
f 1062/1080/1064 1067/1083/1067 1061/1078/1062
f 1064/736/724 1071/1086/1070 1065/1081/1065
f 1066/1082/1066 1073/1087/1071 1072/1088/1072
f 1069/1084/1068 1074/1089/1073 1068/1085/1069
f 1069/1084/1068 1077/1090/1074 1075/1091/1075
f 1073/1087/1071 1068/1085/1069 1074/1089/1073
f 1077/1090/1074 1070/760/748 1076/768/756
f 1072/1088/1072 695/770/758 696/1092/1076
f 1074/1089/1073 701/775/763 694/772/760
f 1075/1091/1075 700/777/765 701/775/763
f 694/772/760 1073/1087/1071 1074/1089/1073
f 1076/768/756 700/777/765 1077/1090/1074
f 13/1/1 704/23/23 699/2/2
f 2/4/4 14/5/5 13/1/1
f 4/7/7 15/8/8 14/5/5
f 5/9/9 16/10/10 15/8/8
f 7/12/12 17/14/14 16/10/10
f 8/13/13 18/16/16 17/14/14
f 9/15/15 19/17/17 18/16/16
f 20/19/19 19/17/17 10/18/18
f 692/21/21 21/31/31 20/19/19
f 12/33/33 21/31/31 692/21/21
f 22/22/22 710/39/39 704/23/23
f 23/24/24 22/22/22 13/1/1
f 14/5/5 15/8/8 24/25/25
f 16/10/10 25/27/27 24/25/25
f 16/10/10 17/14/14 26/26/26
f 17/14/14 27/28/28 26/26/26
f 19/17/17 29/30/30 28/29/29
f 20/19/19 30/32/32 29/30/30
f 21/31/31 12/33/33 31/35/35
f 12/33/33 693/37/37 32/34/34
f 22/22/22 33/50/50 716/38/38
f 34/40/40 33/50/50 22/22/22
f 23/24/24 24/25/25 35/41/41
f 24/25/25 36/42/42 35/41/41
f 25/27/27 26/26/26 37/43/43
f 26/26/26 27/28/28 38/44/44
f 29/30/30 40/47/47 39/45/45
f 21/31/31 43/49/49 42/48/48
f 33/50/50 44/60/60 722/51/51
f 45/52/52 44/60/60 33/50/50
f 35/41/41 47/63/63 46/53/53
f 35/41/41 36/42/42 47/63/63
f 36/42/42 48/65/65 47/63/63
f 36/42/42 37/43/43 48/65/65
f 37/43/43 49/54/54 48/65/65
f 38/44/44 39/45/45 50/55/55
f 39/45/45 51/56/56 50/55/55
f 40/47/47 41/46/46 52/57/57
f 42/48/48 53/58/58 52/57/57
f 43/49/49 31/35/35 54/59/59
f 44/60/60 55/62/62 728/61/61
f 45/52/52 56/64/64 55/62/62
f 45/52/52 46/53/53 56/64/64
f 47/63/63 57/66/66 56/64/64
f 48/65/65 58/67/67 57/66/66
f 49/54/54 59/76/76 58/67/67
f 49/54/54 60/69/69 59/76/76
f 49/54/54 50/55/55 60/69/69
f 50/55/55 51/56/56 61/68/68
f 51/56/56 52/57/57 62/70/70
f 52/57/57 63/71/71 62/70/70
f 53/58/58 43/49/49 64/72/72
f 55/62/62 65/85/85 734/73/73
f 66/74/74 65/85/85 55/62/62
f 56/64/64 67/88/88 66/74/74
f 56/64/64 57/66/66 67/88/88
f 57/66/66 68/75/75 67/88/88
f 58/67/67 69/77/77 68/75/75
f 59/76/76 70/79/79 69/77/77
f 59/76/76 60/69/69 71/78/78
f 61/68/68 72/81/81 71/78/78
f 61/68/68 62/70/70 72/81/81
f 63/71/71 74/82/82 73/80/80
f 64/72/72 75/84/84 74/82/82
f 64/72/72 54/59/59 76/83/83
f 65/85/85 77/96/96 740/86/86
f 78/87/87 77/96/96 65/85/85
f 66/74/74 67/88/88 78/87/87
f 68/75/75 80/100/100 79/89/89
f 68/75/75 69/77/77 80/100/100
f 69/77/77 81/90/90 80/100/100
f 70/79/79 71/78/78 82/91/91
f 71/78/78 83/92/92 82/91/91
f 74/82/82 85/94/94 84/93/93
f 76/83/83 32/34/34 97/95/95
f 77/96/96 86/110/110 746/97/97
f 87/98/98 86/110/110 77/96/96
f 78/87/87 79/89/89 88/99/99
f 80/100/100 89/101/101 88/99/99
f 81/90/90 90/103/103 89/101/101
f 81/90/90 82/91/91 91/102/102
f 83/92/92 92/105/105 91/102/102
f 83/92/92 84/93/93 93/104/104
f 84/93/93 94/107/107 93/104/104
f 84/93/93 85/94/94 94/107/107
f 75/84/84 96/108/108 95/106/106
f 75/84/84 76/83/83 97/95/95
f 98/109/109 752/121/121 746/97/97
f 99/111/111 98/109/109 86/110/110
f 87/98/98 88/99/99 100/112/112
f 89/101/101 101/113/113 100/112/112
f 90/103/103 102/115/115 101/113/113
f 90/103/103 91/102/102 103/114/114
f 92/105/105 104/117/117 103/114/114
f 92/105/105 93/104/104 105/116/116
f 94/107/107 106/118/118 105/116/116
f 95/106/106 107/119/119 106/118/118
f 96/108/108 97/95/95 108/132/132
f 109/120/120 758/135/135 752/121/121
f 110/122/122 109/120/120 98/109/109
f 99/111/111 100/112/112 111/123/123
f 101/113/113 112/125/125 111/123/123
f 102/115/115 114/127/127 113/124/124
f 102/115/115 103/114/114 115/126/126
f 104/117/117 116/128/128 115/126/126
f 105/116/116 117/130/130 116/128/128
f 105/116/116 106/118/118 117/130/130
f 107/119/119 96/108/108 119/131/131
f 97/95/95 120/133/133 108/132/132
f 121/134/134 764/147/147 758/135/135
f 122/136/136 121/134/134 109/120/120
f 110/122/122 123/137/137 122/136/136
f 111/123/123 124/138/138 123/137/137
f 112/125/125 113/124/124 125/139/139
f 113/124/124 114/127/127 126/140/140
f 114/127/127 115/126/126 127/141/141
f 116/128/128 128/142/142 127/141/141
f 117/130/130 129/144/144 128/142/142
f 117/130/130 118/129/129 130/143/143
f 108/132/132 131/145/145 119/131/131
f 121/134/134 132/148/148 770/146/146
f 122/136/136 133/149/149 132/148/148
f 124/138/138 134/150/150 133/149/149
f 125/139/139 135/160/160 134/150/150
f 125/139/139 126/140/140 135/160/160
f 126/140/140 136/151/151 135/160/160
f 127/141/141 137/152/152 136/151/151
f 129/144/144 139/155/155 138/153/153
f 129/144/144 130/143/143 140/154/154
f 119/131/131 141/156/156 140/154/154
f 142/157/157 776/170/170 770/146/146
f 143/158/158 142/157/157 132/148/148
f 133/149/149 134/150/150 144/159/159
f 134/150/150 145/161/161 144/159/159
f 136/151/151 147/174/174 146/162/162
f 136/151/151 137/152/152 147/174/174
f 137/152/152 148/163/163 147/174/174
f 137/152/152 138/153/153 148/163/163
f 139/155/155 149/165/165 148/163/163
f 139/155/155 140/154/154 150/164/164
f 141/156/156 131/145/145 152/168/168
f 131/145/145 120/133/133 153/167/167
f 154/169/169 782/182/182 776/170/170
f 143/158/158 155/171/171 154/169/169
f 144/159/159 156/172/172 155/171/171
f 145/161/161 157/173/173 156/172/172
f 146/162/162 158/176/176 157/173/173
f 146/162/162 147/174/174 158/176/176
f 148/163/163 160/177/177 159/175/175
f 149/165/165 161/179/179 160/177/177
f 149/165/165 150/164/164 161/179/179
f 141/156/156 163/180/180 162/178/178
f 164/181/181 788/193/193 782/182/182
f 165/183/183 164/181/181 154/169/169
f 155/171/171 166/184/184 165/183/183
f 156/172/172 167/186/186 166/184/184
f 156/172/172 157/173/173 167/186/186
f 158/176/176 169/187/187 168/185/185
f 159/175/175 170/188/188 169/187/187
f 160/177/177 161/179/179 171/189/189
f 161/179/179 162/178/178 172/190/190
f 163/180/180 152/168/168 153/167/167
f 174/192/192 794/206/206 788/193/193
f 175/194/194 174/192/192 164/181/181
f 166/184/184 167/186/186 176/195/195
f 167/186/186 177/196/196 176/195/195
f 168/185/185 169/187/187 178/197/197
f 169/187/187 170/188/188 179/198/198
f 170/188/188 180/200/200 179/198/198
f 170/188/188 171/189/189 180/200/200
f 172/190/190 182/201/201 181/199/199
f 173/191/191 183/202/202 182/201/201
f 163/180/180 184/203/203 183/202/202
f 153/167/167 185/214/214 184/203/203
f 153/167/167 206/204/204 185/214/214
f 174/192/192 186/216/216 800/205/205
f 187/207/207 186/216/216 174/192/192
f 175/194/194 176/195/195 188/208/208
f 177/196/196 189/220/220 188/208/208
f 177/196/196 190/222/222 189/220/220
f 177/196/196 178/197/197 190/222/222
f 178/197/197 191/209/209 190/222/222
f 179/198/198 192/210/210 191/209/209
f 181/199/199 194/213/213 193/211/211
f 181/199/199 182/201/201 194/213/213
f 184/203/203 196/215/215 195/212/212
f 186/216/216 197/229/229 806/217/217
f 198/218/218 197/229/229 186/216/216
f 187/207/207 188/208/208 199/219/219
f 189/220/220 190/222/222 200/221/221
f 191/209/209 201/223/223 200/221/221
f 192/210/210 202/225/225 201/223/223
f 192/210/210 193/211/211 203/224/224
f 194/213/213 204/227/227 203/224/224
f 194/213/213 195/212/212 205/226/226
f 196/215/215 185/214/214 206/204/204
f 197/229/229 208/241/241 812/230/230
f 209/231/231 208/241/241 197/229/229
f 198/218/218 199/219/219 210/232/232
f 199/219/219 211/234/234 210/232/232
f 199/219/219 200/221/221 211/234/234
f 201/223/223 213/245/245 212/233/233
f 201/223/223 202/225/225 213/245/245
f 202/225/225 214/235/235 213/245/245
f 203/224/224 215/236/236 214/235/235
f 204/227/227 205/226/226 217/238/238
f 205/226/226 196/215/215 218/239/239
f 206/204/204 219/240/240 218/239/239
f 208/241/241 220/251/251 818/242/242
f 221/243/243 220/251/251 208/241/241
f 210/232/232 222/244/244 221/243/243
f 211/234/234 223/255/255 222/244/244
f 211/234/234 224/246/246 223/255/255
f 211/234/234 212/233/233 224/246/246
f 213/245/245 225/247/247 224/246/246
f 214/235/235 226/260/260 225/247/247
f 214/235/235 215/236/236 226/260/260
f 215/236/236 227/248/248 226/260/260
f 216/237/237 217/238/238 228/249/249
f 220/251/251 229/267/267 824/252/252
f 230/253/253 229/267/267 220/251/251
f 222/244/244 232/256/256 231/254/254
f 223/255/255 233/258/258 232/256/256
f 223/255/255 224/246/246 233/258/258
f 227/248/248 237/262/262 236/261/261
f 228/249/249 238/263/263 237/262/262
f 218/239/239 239/265/265 238/263/263
f 218/239/239 219/240/240 240/264/264
f 241/266/266 830/279/279 824/252/252
f 242/268/268 241/266/266 229/267/267
f 231/254/254 232/256/256 243/269/269
f 233/258/258 244/270/270 243/269/269
f 234/257/257 245/272/272 244/270/270
f 234/257/257 235/259/259 246/271/271
f 235/259/259 236/261/261 247/273/273
f 237/262/262 248/275/275 247/273/273
f 237/262/262 238/263/263 248/275/275
f 240/264/264 250/277/277 239/265/265
f 240/264/264 207/228/228 251/276/276
f 252/278/278 836/290/290 830/279/279
f 253/280/280 252/278/278 241/266/266
f 242/268/268 243/269/269 254/281/281
f 244/270/270 255/282/282 254/281/281
f 245/272/272 256/284/284 255/282/282
f 245/272/272 246/271/271 257/283/283
f 246/271/271 258/297/297 257/283/283
f 246/271/271 247/273/273 258/297/297
f 247/273/273 259/285/285 258/297/297
f 248/275/275 260/287/287 259/285/285
f 248/275/275 249/274/274 261/286/286
f 239/265/265 262/288/288 261/286/286
f 263/289/289 842/304/304 836/290/290
f 264/291/291 263/289/289 252/278/278
f 253/280/280 265/292/292 264/291/291
f 254/281/281 266/294/294 265/292/292
f 254/281/281 255/282/282 267/293/293
f 255/282/282 256/284/284 268/295/295
f 257/283/283 270/299/299 269/296/296
f 257/283/283 258/297/297 270/299/299
f 260/287/287 272/300/300 271/298/298
f 261/286/286 273/301/301 272/300/300
f 262/288/288 250/277/277 274/302/302
f 275/303/303 848/315/315 842/304/304
f 276/305/305 275/303/303 263/289/289
f 265/292/292 266/294/294 277/306/306
f 266/294/294 267/293/293 278/307/307
f 267/293/293 279/308/308 278/307/307
f 268/295/295 269/296/296 280/309/309
f 269/296/296 270/299/299 280/309/309
f 270/299/299 281/321/321 280/309/309
f 270/299/299 271/298/298 281/321/321
f 271/298/298 282/310/310 281/321/321
f 273/301/301 284/312/312 283/311/311
f 274/302/302 251/276/276 295/313/313
f 285/314/314 854/326/326 848/315/315
f 286/316/316 285/314/314 275/303/303
f 277/306/306 288/318/318 287/317/317
f 277/306/306 278/307/307 288/318/318
f 279/308/308 289/320/320 288/318/318
f 279/308/308 280/309/309 290/319/319
f 281/321/321 291/322/322 290/319/319
f 282/310/310 292/323/323 291/322/322
f 283/311/311 293/334/334 292/323/323
f 283/311/311 284/312/312 293/334/334
f 284/312/312 294/324/324 293/334/334
f 284/312/312 274/302/302 295/313/313
f 285/314/314 296/337/337 860/325/325
f 297/327/327 296/337/337 285/314/314
f 287/317/317 288/318/318 298/328/328
f 289/320/320 300/331/331 299/329/329
f 289/320/320 290/319/319 300/331/331
f 291/322/322 302/333/333 301/330/330
f 291/322/322 292/323/323 303/332/332
f 292/323/323 304/336/336 303/332/332
f 292/323/323 293/334/334 304/336/336
f 295/313/313 306/348/348 294/324/324
f 296/337/337 307/351/351 866/338/338
f 308/339/339 307/351/351 296/337/337
f 297/327/327 298/328/328 309/340/340
f 298/328/328 299/329/329 309/340/340
f 299/329/329 310/341/341 309/340/340
f 300/331/331 311/342/342 310/341/341
f 301/330/330 312/343/343 311/342/342
f 303/332/332 314/345/345 313/344/344
f 304/336/336 305/335/335 315/346/346
f 305/335/335 294/324/324 316/347/347
f 295/313/313 317/349/349 306/348/348
f 318/350/350 872/363/363 866/338/338
f 319/352/352 318/350/350 307/351/351
f 308/339/339 309/340/340 320/353/353
f 310/341/341 311/342/342 322/355/355
f 311/342/342 323/356/356 322/355/355
f 312/343/343 324/358/358 323/356/356
f 312/343/343 313/344/344 324/358/358
f 313/344/344 314/345/345 325/357/357
f 314/345/345 326/360/360 325/357/357
f 314/345/345 315/346/346 326/360/360
f 306/348/348 328/361/361 316/347/347
f 329/362/362 878/374/374 872/363/363
f 319/352/352 330/375/375 329/362/362
f 319/352/352 331/364/364 330/375/375
f 320/353/353 321/354/354 332/365/365
f 321/354/354 333/366/366 332/365/365
f 323/356/356 334/367/367 333/366/366
f 324/358/358 335/368/368 334/367/367
f 325/357/357 336/369/369 335/368/368
f 326/360/360 337/370/370 336/369/369
f 327/359/359 338/372/372 337/370/370
f 327/359/359 316/347/347 339/371/371
f 340/373/373 884/386/386 878/374/374
f 330/375/375 341/377/377 340/373/373
f 330/375/375 331/364/364 341/377/377
f 332/365/365 333/366/366 343/378/378
f 333/366/366 344/379/379 343/378/378
f 336/369/369 337/370/370 347/382/382
f 339/371/371 328/361/361 349/384/384
f 317/349/349 370/250/250 349/384/384
f 350/385/385 890/1093/397 884/386/386
f 341/377/377 351/388/388 350/385/385
f 341/377/377 342/376/376 352/387/387
f 342/376/376 353/389/389 352/387/387
f 343/378/378 344/379/379 354/390/390
f 344/379/379 345/380/380 355/391/391
f 345/380/380 346/381/381 356/392/392
f 346/381/381 357/393/393 356/392/392
f 347/382/382 348/383/383 358/394/394
f 348/383/383 339/371/371 359/395/395
f 350/396/385 360/419/407 896/397/396
f 361/399/398 360/419/407 350/396/385
f 352/401/387 362/403/400 361/399/398
f 352/401/387 353/404/389 363/402/399
f 353/404/389 354/406/390 364/405/401
f 354/406/390 355/409/391 365/407/402
f 356/408/392 366/411/403 365/407/402
f 349/416/384 369/418/406 359/415/395
f 360/419/407 371/429/417 902/420/408
f 372/421/409 371/429/417 360/419/407
f 362/403/400 374/433/421 373/422/410
f 362/403/400 363/402/399 374/433/421
f 363/402/399 375/423/411 374/433/421
f 364/405/401 376/437/425 375/423/411
f 364/405/401 365/407/402 376/437/425
f 365/407/402 377/424/412 376/437/425
f 366/411/403 378/426/414 377/424/412
f 366/411/403 367/412/404 379/425/413
f 367/412/404 380/427/415 379/425/413
f 368/414/405 359/415/395 381/428/416
f 371/429/417 382/444/432 908/430/418
f 383/431/419 382/444/432 371/429/417
f 373/422/410 374/433/421 384/432/420
f 374/433/421 375/423/411 386/435/423
f 375/423/411 376/437/425 387/436/424
f 377/424/412 388/439/427 387/436/424
f 377/424/412 378/426/414 388/439/427
f 379/425/413 380/427/415 390/440/428
f 380/427/415 381/428/416 391/441/429
f 369/418/406 392/443/431 391/441/429
f 369/418/406 370/417/250 393/442/430
f 382/444/432 394/453/441 914/445/433
f 395/446/434 394/453/441 382/444/432
f 383/431/419 396/447/435 395/446/434
f 385/434/422 397/456/444 396/447/435
f 385/434/422 386/435/423 397/456/444
f 386/435/423 398/459/447 397/456/444
f 386/435/423 387/436/424 398/459/447
f 387/436/424 399/448/436 398/459/447
f 388/439/427 400/450/438 399/448/436
f 388/439/427 389/438/426 401/449/437
f 389/438/426 402/463/451 401/449/437
f 389/438/426 390/440/428 402/463/451
f 390/440/428 403/451/439 402/463/451
f 404/452/440 920/468/456 914/445/433
f 395/446/434 405/455/443 404/452/440
f 395/446/434 396/447/435 406/454/442
f 396/447/435 407/458/446 406/454/442
f 396/447/435 397/456/444 407/458/446
f 397/456/444 398/459/447 408/457/445
f 399/448/436 410/462/450 409/460/448
f 399/448/436 400/450/438 410/462/450
f 402/463/451 412/464/452 411/461/449
f 403/451/439 413/465/453 412/464/452
f 403/451/439 391/441/429 413/465/453
f 392/443/431 414/466/454 413/465/453
f 415/467/455 926/477/465 920/468/456
f 405/455/443 416/469/457 415/467/455
f 406/454/442 407/458/446 417/470/458
f 407/458/446 418/471/459 417/470/458
f 409/460/448 420/484/472 419/472/460
f 409/460/448 410/462/450 420/484/472
f 410/462/450 421/486/474 420/484/472
f 410/462/450 411/461/449 421/486/474
f 411/461/449 422/474/462 421/486/474
f 411/461/449 412/464/452 422/474/462
f 413/465/453 424/475/463 423/473/461
f 414/466/454 393/442/430 435/499/487
f 370/417/250 435/499/487 393/442/430
f 415/467/455 425/489/477 932/476/464
f 426/478/466 425/489/477 415/467/455
f 416/469/457 427/479/467 426/478/466
f 417/470/458 428/481/469 427/479/467
f 417/470/458 418/471/459 429/480/468
f 418/471/459 430/482/470 429/480/468
f 419/472/460 420/484/472 431/483/471
f 420/484/472 421/486/474 432/485/473
f 422/474/462 433/488/476 432/485/473
f 422/474/462 423/473/461 434/487/475
f 414/466/454 435/499/487 424/475/463
f 425/489/477 436/491/479 938/490/478
f 426/478/466 437/492/480 436/491/479
f 428/481/469 438/494/482 437/492/480
f 428/481/469 429/480/468 439/493/481
f 429/480/468 430/482/470 439/493/481
f 430/482/470 440/506/494 439/493/481
f 430/482/470 431/483/471 440/506/494
f 431/483/471 441/496/484 440/506/494
f 431/483/471 432/485/473 441/496/484
f 433/488/476 443/497/485 442/495/483
f 434/487/475 444/498/486 443/497/485
f 424/475/463 445/500/488 444/498/486
f 447/502/490 944/514/502 938/490/478
f 448/503/491 447/502/490 436/491/479
f 438/494/482 449/505/493 448/503/491
f 438/494/482 439/493/481 449/505/493
f 440/506/494 451/507/495 450/504/492
f 441/496/484 452/508/496 451/507/495
f 442/495/483 453/509/497 452/508/496
f 444/498/486 455/511/499 454/510/498
f 445/500/488 435/499/487 456/512/500
f 457/513/501 950/526/514 944/514/502
f 458/515/503 457/513/501 447/502/490
f 449/505/493 460/518/506 459/516/504
f 450/504/492 451/507/495 462/519/507
f 452/508/496 463/520/508 462/519/507
f 453/509/497 464/534/522 463/520/508
f 453/509/497 465/521/509 464/534/522
f 454/510/498 455/511/499 466/522/510
f 445/500/488 467/523/511 466/522/510
f 456/512/500 468/524/512 467/523/511
f 457/513/501 469/527/515 956/525/513
f 458/515/503 470/528/516 469/527/515
f 458/515/503 459/516/504 470/528/516
f 460/518/506 471/530/518 470/528/516
f 460/518/506 461/517/505 472/529/517
f 461/517/505 462/519/507 473/531/519
f 464/534/522 465/521/509 476/535/523
f 465/521/509 466/522/510 477/536/524
f 479/538/526 962/550/538 956/525/513
f 480/539/527 479/538/526 469/527/515
f 470/528/516 471/530/518 481/540/528
f 471/530/518 472/529/517 482/541/529
f 472/529/517 483/542/530 482/541/529
f 473/531/519 474/532/520 484/543/531
f 474/532/520 485/557/545 484/543/531
f 474/532/520 475/533/521 485/557/545
f 475/533/521 486/545/533 485/557/545
f 475/533/521 476/535/523 486/545/533
f 477/536/524 488/547/535 487/544/532
f 477/536/524 478/537/525 488/547/535
f 478/537/525 467/523/511 489/546/534
f 446/501/489 490/548/536 468/524/512
f 479/538/526 491/551/539 968/549/537
f 480/539/527 492/553/541 491/551/539
f 480/539/527 481/540/528 492/553/541
f 482/541/529 494/554/542 493/552/540
f 483/542/530 495/556/544 494/554/542
f 483/542/530 484/543/531 496/555/543
f 486/545/533 498/559/547 497/558/546
f 487/544/532 499/560/548 498/559/547
f 488/547/535 489/546/534 501/562/550
f 489/546/534 468/524/512 502/563/551
f 503/564/552 974/574/562 968/549/537
f 492/553/541 504/566/554 503/564/552
f 492/553/541 493/552/540 505/565/553
f 493/552/540 494/554/542 505/565/553
f 494/554/542 506/567/555 505/565/553
f 495/556/544 496/555/543 507/568/556
f 496/555/543 508/570/558 507/568/556
f 496/555/543 497/558/546 508/570/558
f 497/558/546 498/559/547 509/569/557
f 498/559/547 499/560/548 510/571/559
f 499/560/548 500/561/549 511/572/560
f 512/573/561 980/586/574 974/574/562
f 504/566/554 513/588/576 512/573/561
f 504/566/554 514/576/564 513/588/576
f 504/566/554 505/565/553 514/576/564
f 506/567/555 516/578/566 515/575/563
f 506/567/555 507/568/556 517/577/565
f 508/570/558 518/579/567 517/577/565
f 509/569/557 519/581/569 518/579/567
f 509/569/557 510/571/559 520/580/568
f 510/571/559 521/582/570 520/580/568
f 501/562/550 522/584/572 521/582/570
f 501/562/550 502/563/551 523/583/571
f 512/573/561 524/598/586 986/585/573
f 525/587/575 524/598/586 512/573/561
f 513/588/576 514/576/564 525/587/575
f 515/575/563 527/590/578 526/589/577
f 516/578/566 528/592/580 527/590/578
f 516/578/566 517/577/565 529/591/579
f 518/579/567 530/593/581 529/591/579
f 519/581/569 531/594/582 530/593/581
f 520/580/568 532/595/583 531/594/582
f 521/582/570 533/596/584 532/595/583
f 523/583/571 490/548/536 534/597/585
f 524/598/586 535/610/598 992/599/587
f 536/600/588 535/610/598 524/598/586
f 526/589/577 538/602/590 537/601/589
f 527/590/578 528/592/580 539/603/591
f 528/592/580 540/605/593 539/603/591
f 528/592/580 529/591/579 540/605/593
f 529/591/579 530/593/581 541/604/592
f 531/594/582 542/606/594 541/604/592
f 532/595/583 543/608/596 542/606/594
f 532/595/583 533/596/584 543/608/596
f 533/596/584 522/584/572 544/607/595
f 522/584/572 523/583/571 545/609/597
f 535/610/598 546/623/611 998/611/599
f 547/612/600 546/623/611 535/610/598
f 536/600/588 537/601/589 548/613/601
f 537/601/589 538/602/590 549/614/602
f 538/602/590 550/615/603 549/614/602
f 539/603/591 540/605/593 551/616/604
f 540/605/593 541/604/592 552/617/605
f 541/604/592 553/618/606 552/617/605
f 544/607/595 556/621/609 555/620/608
f 557/622/610 1004/635/623 998/611/599
f 547/612/600 558/625/613 557/622/610
f 547/612/600 548/613/601 558/625/613
f 548/613/601 549/614/602 559/624/612
f 550/615/603 560/627/615 559/624/612
f 550/615/603 551/616/604 561/626/614
f 551/616/604 562/628/616 561/626/614
f 552/617/605 553/618/606 563/629/617
f 553/618/606 554/619/607 564/630/618
f 554/619/607 555/620/608 565/631/619
f 545/609/597 566/633/621 556/621/609
f 545/609/597 534/597/585 567/632/620
f 611/36/36 567/632/620 534/597/585
f 557/622/610 568/636/624 1010/634/622
f 558/625/613 569/638/626 568/636/624
f 558/625/613 559/624/612 570/637/625
f 560/627/615 571/649/637 570/637/625
f 560/627/615 572/640/628 571/649/637
f 560/627/615 561/626/614 572/640/628
f 561/626/614 562/628/616 573/639/627
f 562/628/616 574/642/630 573/639/627
f 562/628/616 563/629/617 574/642/630
f 563/629/617 564/630/618 576/643/631
f 565/631/619 577/645/633 576/643/631
f 565/631/619 556/621/609 578/644/632
f 568/636/624 579/658/646 1016/646/634
f 580/647/635 579/658/646 568/636/624
f 569/638/626 570/637/625 581/648/636
f 571/649/637 582/660/648 581/648/636
f 571/649/637 572/640/628 582/660/648
f 572/640/628 583/650/638 582/660/648
f 573/639/627 584/651/639 583/650/638
f 575/641/629 576/643/631 586/653/641
f 577/645/633 587/655/643 586/653/641
f 577/645/633 578/644/632 588/654/642
f 578/644/632 566/633/621 589/656/644
f 590/657/645 1022/669/657 1016/646/634
f 591/659/647 590/657/645 579/658/646
f 581/648/636 592/662/650 591/659/647
f 581/648/636 582/660/648 592/662/650
f 584/651/639 594/664/652 593/661/649
f 584/651/639 585/652/640 595/663/651
f 585/652/640 596/665/653 595/663/651
f 567/632/620 611/36/36 589/656/644
f 590/657/645 599/681/669 1028/668/656
f 600/670/658 599/681/669 590/657/645
f 592/662/650 602/673/661 601/671/659
f 592/662/650 593/661/649 603/672/660
f 593/661/649 604/674/662 603/672/660
f 595/663/651 606/676/664 605/675/663
f 596/665/653 607/678/666 606/676/664
f 596/665/653 597/666/654 607/678/666
f 588/654/642 609/680/668 608/677/665
f 588/654/642 589/656/644 610/679/667
f 599/681/669 612/683/671 1034/682/670
f 600/670/658 613/684/672 612/683/671
f 601/671/659 602/673/661 614/685/673
f 602/673/661 603/672/660 615/686/674
f 604/674/662 616/687/675 615/686/674
f 605/675/663 617/688/676 616/687/675
f 606/676/664 618/689/677 617/688/676
f 608/677/665 620/691/679 619/690/678
f 611/36/36 631/701/689 610/679/667
f 621/692/680 1040/703/691 1034/682/670
f 622/693/681 621/692/680 612/683/671
f 613/684/672 614/685/673 623/694/682
f 614/685/673 624/1094/1077 623/694/682
f 614/685/673 615/686/674 624/1094/1077
f 615/686/674 625/695/683 624/1094/1077
f 616/687/675 617/688/676 626/696/684
f 617/688/676 618/689/677 627/697/685
f 618/689/677 619/690/678 628/698/686
f 619/690/678 629/699/687 628/698/686
f 620/691/679 609/680/668 630/700/688
f 609/680/668 610/679/667 631/701/689
f 621/692/680 632/709/697 1046/702/690
f 633/704/692 632/709/697 621/692/680
f 623/694/682 635/714/702 634/705/693
f 623/694/682 624/1094/1077 635/714/702
f 624/1094/1077 636/713/701 635/714/702
f 624/1094/1077 625/695/683 636/713/701
f 625/695/683 637/717/705 636/713/701
f 625/695/683 626/696/684 637/717/705
f 626/696/684 638/707/695 637/717/705
f 626/696/684 627/697/685 638/707/695
f 628/698/686 629/699/687 640/708/696
f 630/700/688 631/701/689 641/722/710
f 632/709/697 642/726/714 1052/710/698
f 643/711/699 642/726/714 632/709/697
f 633/704/692 634/705/693 643/711/699
f 634/705/693 635/714/702 644/712/700
f 636/713/701 645/716/704 644/712/700
f 636/713/701 637/717/705 646/715/703
f 638/707/695 647/719/707 646/715/703
f 638/707/695 639/706/694 648/718/706
f 639/706/694 649/721/709 648/718/706
f 639/706/694 640/708/696 649/721/709
f 630/700/688 651/723/711 650/720/708
f 631/701/689 652/724/712 641/722/710
f 653/725/713 1058/737/725 1052/710/698
f 654/727/715 653/725/713 642/726/714
f 643/711/699 644/712/700 655/728/716
f 644/712/700 656/729/717 655/728/716
f 645/716/704 657/731/719 656/729/717
f 645/716/704 646/715/703 658/730/718
f 647/719/707 659/733/721 658/730/718
f 647/719/707 648/718/706 660/732/720
f 651/723/711 641/722/710 662/735/723
f 653/725/713 663/748/736 1064/736/724
f 664/738/726 663/748/736 653/725/713
f 655/728/716 665/740/728 664/738/726
f 655/728/716 656/729/717 666/739/727
f 657/731/719 667/741/729 666/739/727
f 658/730/718 668/743/731 667/741/729
f 658/730/718 659/733/721 669/742/730
f 659/733/721 660/732/720 670/744/732
f 661/734/722 671/745/733 670/744/732
f 651/723/711 672/746/734 671/745/733
f 673/747/735 1070/760/748 1064/736/724
f 674/749/737 673/747/735 663/748/736
f 664/738/726 675/750/738 674/749/737
f 665/740/728 676/751/739 675/750/738
f 666/739/727 677/753/741 676/751/739
f 666/739/727 667/741/729 677/753/741
f 667/741/729 668/743/731 678/752/740
f 669/742/730 680/756/744 679/754/742
f 669/742/730 670/744/732 681/755/743
f 671/745/733 682/757/745 681/755/743
f 672/746/734 662/735/723 683/758/746
f 684/759/747 1076/768/756 1070/760/748
f 674/749/737 685/761/749 684/759/747
f 676/751/739 686/762/750 685/761/749
f 677/753/741 678/752/740 687/763/751
f 678/752/740 688/764/752 687/763/751
f 679/754/742 680/756/744 689/765/753
f 680/756/744 681/755/743 690/766/754
f 681/755/743 682/757/745 691/767/755
f 672/746/734 692/21/21 691/767/755
f 683/758/746 652/724/712 693/37/37
f 611/36/36 693/37/37 652/724/712
f 1/3/3 699/2/2 1076/768/756
f 2/4/4 1/3/3 684/759/747
f 686/762/750 4/7/7 3/6/6
f 686/762/750 5/9/9 4/7/7
f 686/762/750 687/763/751 5/9/9
f 688/764/752 7/12/12 6/11/11
f 688/764/752 689/765/753 8/13/13
f 689/765/753 690/766/754 9/15/15
f 690/766/754 10/18/18 9/15/15
f 690/766/754 691/767/755 10/18/18
f 691/767/755 11/20/20 10/18/18
f 692/21/21 683/758/746 12/33/33
f 697/769/757 696/1092/1076 695/770/758
f 694/772/760 701/775/763 703/773/761
f 701/775/763 700/777/765 705/776/764
f 702/774/762 698/771/759 695/770/758
f 699/2/2 704/23/23 705/776/764
f 697/769/757 698/771/759 707/778/766
f 702/774/762 703/773/761 709/780/768
f 703/773/761 705/776/764 711/782/770
f 702/774/762 708/781/769 707/778/766
f 704/23/23 710/39/39 711/782/770
f 706/779/767 707/778/766 713/783/771
f 708/781/769 709/780/768 715/785/773
f 709/780/768 711/782/770 717/787/775
f 708/781/769 714/786/774 713/783/771
f 710/39/39 716/38/38 717/787/775
f 712/784/772 713/783/771 719/788/776
f 714/786/774 715/785/773 721/790/778
f 715/785/773 717/787/775 723/792/780
f 714/786/774 720/791/779 719/788/776
f 722/51/51 723/792/780 717/787/775
f 718/789/777 719/788/776 725/793/781
f 720/791/779 721/790/778 727/795/783
f 721/790/778 723/792/780 729/797/785
f 720/791/779 726/796/784 725/793/781
f 728/61/61 729/797/785 723/792/780
f 724/794/782 725/793/781 731/798/786
f 726/796/784 727/795/783 733/800/788
f 727/795/783 729/797/785 735/802/790
f 726/796/784 732/801/789 731/798/786
f 728/61/61 734/73/73 735/802/790
f 736/803/791 730/799/787 731/798/786
f 732/801/789 733/800/788 739/805/793
f 733/800/788 735/802/790 741/807/795
f 732/801/789 738/806/794 737/804/792
f 734/73/73 740/86/86 741/807/795
f 742/808/796 736/803/791 737/804/792
f 738/806/794 739/805/793 745/810/798
f 745/810/798 739/805/793 741/807/795
f 738/806/794 744/811/799 743/809/797
f 740/86/86 746/97/97 747/812/800
f 748/813/801 742/808/796 743/809/797
f 744/811/799 745/810/798 751/815/803
f 751/815/803 745/810/798 747/812/800
f 750/816/804 749/814/802 743/809/797
f 752/121/121 753/817/805 747/812/800
f 748/813/801 749/814/802 755/818/806
f 750/816/804 751/815/803 757/820/808
f 757/820/808 751/815/803 753/817/805
f 756/821/809 755/818/806 749/814/802
f 758/135/135 759/822/810 753/817/805
f 754/819/807 755/818/806 761/823/811
f 762/825/813 756/821/809 757/820/808
f 763/826/814 757/820/808 759/822/810
f 756/821/809 762/825/813 761/823/811
f 764/147/147 765/827/815 759/822/810
f 760/824/812 761/823/811 767/828/816
f 768/830/818 762/825/813 763/826/814
f 763/826/814 765/827/815 771/832/820
f 768/830/818 767/828/816 761/823/811
f 770/146/146 771/832/820 765/827/815
f 772/833/821 766/829/817 767/828/816
f 774/835/823 768/830/818 769/831/819
f 775/836/824 769/831/819 771/832/820
f 768/830/818 774/835/823 773/834/822
f 776/170/170 777/837/825 771/832/820
f 778/838/826 772/833/821 773/834/822
f 774/835/823 775/836/824 781/840/828
f 781/840/828 775/836/824 777/837/825
f 774/835/823 780/841/829 779/839/827
f 776/170/170 782/182/182 783/842/830
f 778/838/826 779/839/827 785/843/831
f 780/841/829 781/840/828 787/845/833
f 787/845/833 781/840/828 783/842/830
f 780/841/829 786/846/834 785/843/831
f 782/182/182 788/193/193 789/847/835
f 784/844/832 785/843/831 791/848/836
f 792/850/838 786/846/834 787/845/833
f 793/851/839 787/845/833 789/847/835
f 786/846/834 792/850/838 791/848/836
f 788/193/193 794/206/206 795/852/840
f 796/853/841 790/849/837 791/848/836
f 792/850/838 793/851/839 799/855/843
f 799/855/843 793/851/839 795/852/840
f 798/856/844 797/854/842 791/848/836
f 800/205/205 801/857/845 795/852/840
f 802/858/846 796/853/841 797/854/842
f 798/856/844 799/855/843 805/860/848
f 805/860/848 799/855/843 801/857/845
f 804/861/849 803/859/847 797/854/842
f 806/217/217 807/862/850 801/857/845
f 802/858/846 803/859/847 809/863/851
f 804/861/849 805/860/848 811/865/853
f 805/860/848 807/862/850 813/867/855
f 804/861/849 810/866/854 809/863/851
f 806/217/217 812/230/230 813/867/855
f 808/864/852 809/863/851 815/868/856
f 810/866/854 811/865/853 817/870/858
f 811/865/853 813/867/855 819/872/860
f 810/866/854 816/871/859 815/868/856
f 812/230/230 818/242/242 819/872/860
f 814/869/857 815/868/856 821/873/861
f 822/875/863 816/871/859 817/870/858
f 823/876/864 817/870/858 819/872/860
f 822/875/863 821/873/861 815/868/856
f 824/252/252 825/877/865 819/872/860
f 820/874/862 821/873/861 827/878/866
f 822/875/863 823/876/864 829/880/868
f 829/880/868 823/876/864 825/877/865
f 822/875/863 828/881/869 827/878/866
f 824/252/252 830/279/279 831/882/870
f 826/879/867 827/878/866 833/883/871
f 828/881/869 829/880/868 835/885/873
f 835/885/873 829/880/868 831/882/870
f 828/881/869 834/886/874 833/883/871
f 830/279/279 836/290/290 837/887/875
f 832/884/872 833/883/871 839/888/876
f 834/886/874 835/885/873 841/890/878
f 841/890/878 835/885/873 837/887/875
f 834/886/874 840/891/879 839/888/876
f 836/290/290 842/304/304 843/892/880
f 844/893/881 838/889/877 839/888/876
f 846/895/883 840/891/879 841/890/878
f 847/896/884 841/890/878 843/892/880
f 846/895/883 845/894/882 839/888/876
f 848/315/315 849/897/885 843/892/880
f 850/898/886 844/893/881 845/894/882
f 846/895/883 847/896/884 853/900/888
f 853/900/888 847/896/884 849/897/885
f 852/901/889 851/899/887 845/894/882
f 854/326/326 855/902/890 849/897/885
f 850/898/886 851/899/887 857/903/891
f 852/901/889 853/900/888 859/905/893
f 859/905/893 853/900/888 855/902/890
f 852/901/889 858/906/894 857/903/891
f 860/325/325 861/907/895 855/902/890
f 856/904/892 857/903/891 863/908/896
f 864/910/898 858/906/894 859/905/893
f 865/911/899 859/905/893 861/907/895
f 864/910/898 863/908/896 857/903/891
f 860/325/325 866/338/338 867/912/900
f 868/913/901 862/909/897 863/908/896
f 870/915/903 864/910/898 865/911/899
f 865/911/899 867/912/900 873/917/905
f 870/915/903 869/914/902 863/908/896
f 872/363/363 873/917/905 867/912/900
f 874/918/906 868/913/901 869/914/902
f 876/920/908 870/915/903 871/916/904
f 877/921/909 871/916/904 873/917/905
f 876/920/908 875/919/907 869/914/902
f 878/374/374 879/922/910 873/917/905
f 874/918/906 875/919/907 881/923/911
f 882/925/913 876/920/908 877/921/909
f 883/926/914 877/921/909 879/922/910
f 882/925/913 881/923/911 875/919/907
f 878/374/374 884/386/386 885/927/915
f 880/924/912 881/923/911 887/928/916
f 888/930/918 882/925/913 883/926/914
f 883/926/914 885/927/915 891/932/920
f 888/930/918 887/928/916 881/923/911
f 884/386/386 890/1093/397 891/932/920
f 886/933/917 887/941/916 893/934/921
f 888/936/918 889/1095/919 895/937/923
f 895/937/923 889/1095/919 891/939/920
f 894/938/924 893/934/921 887/941/916
f 896/397/396 897/940/925 891/939/920
f 892/935/922 893/934/921 899/942/926
f 894/938/924 895/937/923 901/944/928
f 901/944/928 895/937/923 897/940/925
f 900/945/929 899/942/926 893/934/921
f 902/420/408 903/946/930 897/940/925
f 904/947/931 898/943/927 899/942/926
f 900/945/929 901/944/928 907/949/933
f 907/949/933 901/944/928 903/946/930
f 900/945/929 906/950/934 905/948/932
f 908/430/418 909/951/935 903/946/930
f 910/952/936 904/947/931 905/948/932
f 906/950/934 907/949/933 913/954/938
f 913/954/938 907/949/933 909/951/935
f 912/955/939 911/953/937 905/948/932
f 914/445/433 915/956/940 909/951/935
f 916/957/941 910/952/936 911/953/937
f 912/955/939 913/954/938 919/959/943
f 919/959/943 913/954/938 915/956/940
f 918/960/944 917/958/942 911/953/937
f 920/468/456 921/961/945 915/956/940
f 922/962/946 916/957/941 917/958/942
f 918/960/944 919/959/943 925/964/948
f 919/959/943 921/961/945 927/966/950
f 924/965/949 923/963/947 917/958/942
f 920/468/456 926/477/465 927/966/950
f 928/967/951 922/962/946 923/963/947
f 930/969/953 924/965/949 925/964/948
f 925/964/948 927/966/950 933/971/955
f 930/969/953 929/968/952 923/963/947
f 932/476/464 933/971/955 927/966/950
f 934/972/956 928/967/951 929/968/952
f 930/969/953 931/970/954 937/974/958
f 931/970/954 933/971/955 939/976/960
f 936/975/959 935/973/957 929/968/952
f 938/490/478 939/976/960 933/971/955
f 934/972/956 935/973/957 941/977/961
f 936/975/959 937/974/958 943/979/963
f 937/974/958 939/976/960 945/981/965
f 936/975/959 942/980/964 941/977/961
f 938/490/478 944/514/502 945/981/965
f 940/978/962 941/977/961 947/982/966
f 948/984/968 942/980/964 943/979/963
f 943/979/963 945/981/965 951/986/970
f 942/980/964 948/984/968 947/982/966
f 944/514/502 950/526/514 951/986/970
f 952/987/971 946/983/967 947/982/966
f 954/989/973 948/984/968 949/985/969
f 949/985/969 951/986/970 957/991/975
f 954/989/973 953/988/972 947/982/966
f 950/526/514 956/525/513 957/991/975
f 952/987/971 953/988/972 959/992/976
f 954/989/973 955/990/974 961/994/978
f 961/994/978 955/990/974 957/991/975
f 960/995/979 959/992/976 953/988/972
f 962/550/538 963/996/980 957/991/975
f 958/993/977 959/992/976 965/997/981
f 960/995/979 961/994/978 967/999/983
f 967/999/983 961/994/978 963/996/980
f 960/995/979 966/1000/984 965/997/981
f 968/549/537 969/1001/985 963/996/980
f 964/998/982 965/997/981 971/1002/986
f 972/1004/988 966/1000/984 967/999/983
f 967/999/983 969/1001/985 975/1006/990
f 966/1000/984 972/1004/988 971/1002/986
f 968/549/537 974/574/562 975/1006/990
f 970/1003/987 971/1002/986 977/1007/991
f 978/1009/993 972/1004/988 973/1005/989
f 973/1005/989 975/1006/990 981/1011/995
f 972/1004/988 978/1009/993 977/1007/991
f 974/574/562 980/586/574 981/1011/995
f 976/1008/992 977/1007/991 983/1012/996
f 984/1014/998 978/1009/993 979/1010/994
f 985/1015/999 979/1010/994 981/1011/995
f 984/1014/998 983/1012/996 977/1007/991
f 986/585/573 987/1016/1000 981/1011/995
f 982/1013/997 983/1012/996 989/1017/1001
f 990/1019/1003 984/1014/998 985/1015/999
f 985/1015/999 987/1016/1000 993/1021/1005
f 990/1019/1003 989/1017/1001 983/1012/996
f 992/599/587 993/1021/1005 987/1016/1000
f 994/1022/1006 988/1018/1002 989/1017/1001
f 996/1024/1008 990/1019/1003 991/1020/1004
f 991/1020/1004 993/1021/1005 999/1026/1010
f 990/1019/1003 996/1024/1008 995/1023/1007
f 998/611/599 999/1026/1010 993/1021/1005
f 1000/1027/1011 994/1022/1006 995/1023/1007
f 996/1024/1008 997/1025/1009 1003/1029/1013
f 997/1025/1009 999/1026/1010 1005/1031/1015
f 996/1024/1008 1002/1030/1014 1001/1028/1012
f 998/611/599 1004/635/623 1005/1031/1015
f 1006/1032/1016 1000/1027/1011 1001/1028/1012
f 1008/1034/1018 1002/1030/1014 1003/1029/1013
f 1009/1035/1019 1003/1029/1013 1005/1031/1015
f 1008/1034/1018 1007/1033/1017 1001/1028/1012
f 1010/634/622 1011/1036/1020 1005/1031/1015
f 1012/1037/1021 1006/1032/1016 1007/1033/1017
f 1008/1034/1018 1009/1035/1019 1015/1039/1023
f 1015/1039/1023 1009/1035/1019 1011/1036/1020
f 1014/1040/1024 1013/1038/1022 1007/1033/1017
f 1016/646/634 1017/1041/1025 1011/1036/1020
f 1012/1037/1021 1013/1038/1022 1019/1042/1026
f 1014/1040/1024 1015/1039/1023 1021/1044/1028
f 1015/1039/1023 1017/1041/1025 1023/1046/1030
f 1014/1040/1024 1020/1045/1029 1019/1042/1026
f 1022/669/657 1023/1046/1030 1017/1041/1025
f 1024/1047/1031 1018/1043/1027 1019/1042/1026
f 1020/1045/1029 1021/1044/1028 1027/1049/1033
f 1027/1049/1033 1021/1044/1028 1023/1046/1030
f 1020/1045/1029 1026/1050/1034 1025/1048/1032
f 1022/669/657 1028/668/656 1029/1051/1035
f 1024/1047/1031 1025/1048/1032 1031/1052/1036
f 1026/1050/1034 1027/1049/1033 1033/1054/1038
f 1027/1049/1033 1029/1051/1035 1035/1056/1040
f 1026/1050/1034 1032/1055/1039 1031/1052/1036
f 1034/682/670 1035/1056/1040 1029/1051/1035
f 1036/1057/1041 1030/1053/1037 1031/1052/1036
f 1038/1059/1043 1032/1055/1039 1033/1054/1038
f 1033/1054/1038 1035/1056/1040 1041/1061/1045
f 1032/1055/1039 1038/1059/1043 1037/1058/1042
f 1040/703/691 1041/1061/1045 1035/1056/1040
f 1036/1057/1041 1037/1058/1042 1043/1062/1046
f 1044/1064/1048 1038/1059/1043 1039/1060/1044
f 1045/1065/1049 1039/1060/1044 1041/1061/1045
f 1044/1064/1048 1043/1062/1046 1037/1058/1042
f 1046/702/690 1047/1066/1050 1041/1061/1045
f 1042/1063/1047 1043/1062/1046 1049/1067/1051
f 1044/1064/1048 1045/1065/1049 1051/1069/1053
f 1051/1069/1053 1045/1065/1049 1047/1066/1050
f 1050/1070/1054 1049/1067/1051 1043/1062/1046
f 1052/710/698 1053/1071/1055 1047/1066/1050
f 1054/1072/1056 1048/1068/1052 1049/1067/1051
f 1050/1070/1054 1051/1069/1053 1057/1074/1058
f 1057/1074/1058 1051/1069/1053 1053/1071/1055
f 1050/1070/1054 1056/1075/1059 1055/1073/1057
f 1058/737/725 1059/1076/1060 1053/1071/1055
f 1060/1077/1061 1054/1072/1056 1055/1073/1057
f 1056/1075/1059 1057/1074/1058 1063/1079/1063
f 1063/1079/1063 1057/1074/1058 1059/1076/1060
f 1056/1075/1059 1062/1080/1064 1061/1078/1062
f 1064/736/724 1065/1081/1065 1059/1076/1060
f 1066/1082/1066 1060/1077/1061 1061/1078/1062
f 1062/1080/1064 1063/1079/1063 1069/1084/1068
f 1063/1079/1063 1065/1081/1065 1071/1086/1070
f 1062/1080/1064 1068/1085/1069 1067/1083/1067
f 1064/736/724 1070/760/748 1071/1086/1070
f 1066/1082/1066 1067/1083/1067 1073/1087/1071
f 1069/1084/1068 1075/1091/1075 1074/1089/1073
f 1069/1084/1068 1071/1086/1070 1077/1090/1074
f 1073/1087/1071 1067/1083/1067 1068/1085/1069
f 1077/1090/1074 1071/1086/1070 1070/760/748
f 1072/1088/1072 1073/1087/1071 695/770/758
f 1074/1089/1073 1075/1091/1075 701/775/763
f 1075/1091/1075 1077/1090/1074 700/777/765
f 694/772/760 695/770/758 1073/1087/1071
f 1076/768/756 699/2/2 700/777/765
f 2040/1096/1078 1096/1097/1079 2075/1098/1080
f 1078/1099/1081 1096/1097/1079 2040/1096/1078
f 1080/1100/1082 1098/1101/1083 1097/1102/1084
f 1081/1103/1085 1098/1101/1083 2077/1104/1086
f 1082/1105/1087 1099/1106/1088 1081/1103/1085
f 1083/1107/1089 1100/1108/1090 1082/1105/1087
f 1102/1109/1091 1087/1110/1092 1088/1111/1093
f 1103/1112/1094 1088/1111/1093 1089/1113/1095
f 1090/1114/1096 1104/1115/1097 1089/1113/1095
f 1091/1116/1098 1105/1117/1099 1090/1114/1096
f 1106/1118/1100 1091/1116/1098 1092/1119/1101
f 1093/1120/1102 1107/1121/1103 1092/1119/1101
f 1108/1122/1104 1093/1120/1102 1094/1123/1105
f 1095/1124/1106 1108/1122/1104 1094/1123/1105
f 2093/1125/1107 1095/1124/1106 2091/1126/1108
f 2076/1127/1109 1110/1128/1110 1078/1099/1081
f 2076/1127/1109 1112/1129/1111 1111/1130/1112
f 1097/1102/1084 1112/1129/1111 1079/1131/1113
f 1099/1106/1088 1113/1132/1114 1098/1101/1083
f 1100/1108/1090 1114/1133/1115 1099/1106/1088
f 1083/1107/1089 1115/1134/1116 1100/1108/1090
f 1084/1135/1117 1116/1136/1118 1083/1107/1089
f 1101/1137/1119 1117/1138/1120 1086/1139/1121
f 1101/1137/1119 1119/1140/1122 1118/1141/1123
f 1102/1109/1091 1120/1142/1124 1119/1140/1122
f 1103/1112/1094 1121/1143/1125 1120/1142/1124
f 1105/1117/1099 1121/1143/1125 1104/1115/1097
f 1106/1118/1100 1123/1144/1126 1122/1145/1127
f 1108/1122/1104 1124/1146/1128 1107/1121/1103
f 1108/1122/1104 1125/1147/1129 1124/1146/1128
f 1109/1148/1130 1125/1147/1129 1108/1122/1104
f 2099/1149/1131 1109/1148/1130 2093/1125/1107
f 1097/1102/1084 1127/1150/1132 1112/1129/1111
f 1097/1102/1084 1129/1151/1133 1128/1152/1134
f 1113/1132/1114 1130/1153/1135 1129/1151/1133
f 1115/1134/1116 1130/1153/1135 1114/1133/1115
f 1116/1136/1118 1131/1154/1136 1115/1134/1116
f 1117/1138/1120 1132/1155/1137 1085/1156/1138
f 1119/1140/1122 1134/1157/1139 1118/1141/1123
f 1119/1140/1122 1135/1158/1140 1134/1157/1139
f 1121/1143/1125 1135/1158/1140 1120/1142/1124
f 1121/1143/1125 1137/1159/1141 1136/1160/1142
f 1123/1144/1126 1137/1159/1141 1122/1145/1127
f 1124/1146/1128 1138/1161/1143 1123/1144/1126
f 1124/1146/1128 1140/1162/1144 1139/1163/1145
f 1126/1164/1146 1140/1162/1144 1125/1147/1129
f 2099/1149/1131 1141/1165/1147 1126/1164/1146
f 1128/1152/1134 1143/1166/1148 1142/1167/1149
f 1129/1151/1133 1144/1168/1150 1143/1166/1148
f 1131/1154/1136 1144/1168/1150 1130/1153/1135
f 1116/1136/1118 1145/1169/1151 1131/1154/1136
f 1116/1136/1118 1147/1170/1152 1146/1171/1153
f 1084/1135/1117 1132/1155/1137 1147/1170/1152
f 1117/1138/1120 1148/1172/1154 1132/1155/1137
f 1117/1138/1120 1149/1173/1155 1148/1172/1154
f 1136/1160/1142 1152/1174/1156 1151/1175/1157
f 1138/1161/1143 1153/1176/1158 1137/1159/1141
f 1139/1163/1145 1154/1177/1159 1138/1161/1143
f 1140/1162/1144 1155/1178/1160 1139/1163/1145
f 1157/1179/1161 1140/1162/1144 1141/1165/1147
f 2104/1180/1162 1157/1179/1161 1141/1165/1147
f 1127/1150/1132 1158/1181/1163 1111/1130/1112
f 1142/1167/1149 1159/1182/1164 1127/1150/1132
f 1145/1169/1151 1160/1183/1165 1144/1168/1150
f 1145/1169/1151 1162/1184/1166 1161/1185/1167
f 1147/1170/1152 1162/1184/1166 1146/1171/1153
f 1148/1172/1154 1178/1186/1168 1132/1155/1137
f 1149/1173/1155 1164/1187/1169 1163/1188/1170
f 1150/1189/1171 1164/1187/1169 1149/1173/1155
f 1150/1189/1171 1165/1190/1172 1164/1187/1169
f 1151/1175/1157 1165/1190/1172 1150/1189/1171
f 1151/1175/1157 1166/1191/1173 1165/1190/1172
f 1152/1174/1156 1166/1191/1173 1151/1175/1157
f 1152/1174/1156 1167/1192/1174 1166/1191/1173
f 1153/1176/1158 1167/1192/1174 1152/1174/1156
f 1153/1176/1158 1168/1193/1175 1167/1192/1174
f 1155/1178/1160 1168/1193/1175 1154/1177/1159
f 1156/1194/1176 1169/1195/1177 1155/1178/1160
f 1171/1196/1178 1156/1194/1176 1157/1179/1161
f 2109/1197/1179 1171/1196/1178 1157/1179/1161
f 1096/1097/1079 1172/1198/1180 2075/1098/1080
f 1110/1128/1110 1172/1198/1180 1096/1097/1079
f 1158/1181/1163 1173/1199/1181 1110/1128/1110
f 1142/1167/1149 1175/1200/1182 1174/1201/1183
f 1160/1183/1165 1175/1200/1182 1143/1166/1148
f 1161/1185/1167 1176/1202/1184 1160/1183/1165
f 1161/1185/1167 1162/1184/1166 1177/1203/1185
f 1148/1172/1154 1179/1204/1186 1178/1186/1168
f 1163/1188/1170 1179/1204/1186 1148/1172/1154
f 1164/1187/1169 1181/1205/1187 1180/1206/1188
f 1168/1193/1175 1185/1207/1189 1184/1208/1190
f 1169/1195/1177 1185/1207/1189 1168/1193/1175
f 1169/1195/1177 1186/1209/1191 1185/1207/1189
f 1170/1210/1192 1186/1209/1191 1169/1195/1177
f 1187/1211/1193 1170/1210/1192 1171/1196/1178
f 2114/1212/1194 1187/1211/1193 1171/1196/1178
f 1158/1181/1163 1189/1213/1195 1188/1214/1196
f 1174/1201/1183 1189/1213/1195 1159/1182/1164
f 1176/1202/1184 1190/1215/1197 1175/1200/1182
f 1176/1202/1184 1192/1216/1198 1191/1217/1199
f 1177/1203/1185 1193/1218/1200 1192/1216/1198
f 1147/1170/1152 1193/1218/1200 1162/1184/1166
f 1147/1170/1152 1209/1219/1201 1194/1220/1202
f 1181/1205/1187 1196/1221/1203 1180/1206/1188
f 1182/1222/1204 1196/1221/1203 1181/1205/1187
f 1183/1223/1205 1197/1224/1206 1182/1222/1204
f 1184/1208/1190 1198/1225/1207 1183/1223/1205
f 1184/1208/1190 1200/1226/1208 1199/1227/1209
f 1203/1228/1210 1186/1209/1191 1187/1211/1193
f 2119/1229/1211 1203/1228/1210 1187/1211/1193
f 1189/1213/1195 1205/1230/1212 1204/1231/1213
f 1190/1215/1197 1205/1230/1212 1174/1201/1183
f 1190/1215/1197 1207/1232/1214 1206/1233/1215
f 1192/1216/1198 1207/1232/1214 1191/1217/1199
f 1179/1204/1186 1209/1219/1201 1178/1186/1168
f 1195/1234/1216 1211/1235/1217 1210/1236/1218
f 1197/1224/1206 1213/1237/1219 1212/1238/1220
f 1198/1225/1207 1214/1239/1221 1213/1237/1219
f 1199/1227/1209 1214/1239/1221 1198/1225/1207
f 1199/1227/1209 1216/1240/1222 1215/1241/1223
f 1201/1242/1224 1217/1243/1225 1216/1240/1222
f 1202/1244/1226 1217/1243/1225 1201/1242/1224
f 1218/1245/1227 1202/1244/1226 1203/1228/1210
f 2129/1246/1228 1203/1228/1210 2124/1247/1229
f 1173/1199/1181 1188/1214/1196 1219/1248/1230
f 1206/1233/1215 1220/1249/1231 1205/1230/1212
f 1208/1250/1232 1221/1251/1233 1207/1232/1214
f 1208/1250/1232 1223/1252/1234 1222/1253/1235
f 1194/1220/1202 1223/1252/1234 1193/1218/1200
f 1209/1219/1201 1210/1236/1218 1224/1254/1236
f 1211/1235/1217 1226/1255/1237 1225/1256/1238
f 1212/1238/1220 1226/1255/1237 1211/1235/1217
f 1213/1237/1219 1227/1257/1239 1212/1238/1220
f 1213/1237/1219 1229/1258/1240 1228/1259/1241
f 1214/1239/1221 1230/1260/1242 1229/1258/1240
f 1215/1241/1223 1231/1261/1243 1230/1260/1242
f 1216/1240/1222 1232/1262/1244 1231/1261/1243
f 1233/1263/1245 1217/1243/1225 1218/1245/1227
f 2129/1246/1228 1233/1263/1245 1218/1245/1227
f 1188/1214/1196 1235/1264/1246 1234/1265/1247
f 1220/1249/1231 1235/1264/1246 1204/1231/1213
f 1206/1233/1215 1237/1266/1248 1236/1267/1249
f 1221/1251/1233 1238/1268/1250 1237/1266/1248
f 1194/1220/1202 1239/1269/1251 1223/1252/1234
f 1194/1220/1202 1224/1254/1236 1239/1269/1251
f 1210/1236/1218 1241/1270/1252 1240/1271/1253
f 1225/1256/1238 1242/1272/1254 1241/1270/1252
f 1227/1257/1239 1242/1272/1254 1226/1255/1237
f 1227/1257/1239 1243/1273/1255 1242/1272/1254
f 1228/1259/1241 1243/1273/1255 1227/1257/1239
f 1229/1258/1240 1244/1274/1256 1228/1259/1241
f 1232/1262/1244 1247/1275/1257 1231/1261/1243
f 1233/1263/1245 1248/1276/1258 1232/1262/1244
f 2139/1277/1259 1233/1263/1245 2134/1278/1260
f 1236/1267/1249 1250/1279/1261 1220/1249/1231
f 1237/1266/1248 1252/1280/1262 1251/1281/1263
f 1238/1268/1250 1253/1282/1264 1252/1280/1262
f 1239/1269/1251 1253/1282/1264 1238/1268/1250
f 1224/1254/1236 1240/1271/1253 1254/1283/1265
f 1242/1272/1254 1256/1284/1266 1241/1270/1252
f 1243/1273/1255 1257/1285/1267 1242/1272/1254
f 1243/1273/1255 1258/1286/1268 1257/1285/1267
f 1245/1287/1269 1259/1288/1270 1244/1274/1256
f 1245/1287/1269 1260/1289/1271 1259/1288/1270
f 1246/1290/1272 1261/1291/1273 1260/1289/1271
f 1246/1290/1272 1262/1292/1274 1261/1291/1273
f 1248/1276/1258 1262/1292/1274 1247/1275/1257
f 1264/1293/1275 1248/1276/1258 1249/1294/1276
f 2144/1295/1277 1249/1294/1276 2139/1277/1259
f 1172/1198/1180 1265/1296/1278 2075/1098/1080
f 1219/1248/1230 1265/1296/1278 1172/1198/1180
f 1250/1279/1261 1266/1297/1279 1235/1264/1246
f 1250/1279/1261 1268/1298/1280 1267/1299/1281
f 1251/1281/1263 1268/1298/1280 1236/1267/1249
f 1251/1281/1263 1270/1300/1282 1269/1301/1283
f 1252/1280/1262 1253/1282/1264 1270/1300/1282
f 1239/1269/1251 1254/1283/1265 1271/1302/1284
f 1255/1303/1285 1272/1304/1286 1240/1271/1253
f 1255/1303/1285 1273/1305/1287 1272/1304/1286
f 1258/1286/1268 1275/1306/1288 1257/1285/1267
f 1259/1288/1270 1275/1306/1288 1258/1286/1268
f 1259/1288/1270 1277/1307/1289 1276/1308/1290
f 1260/1289/1271 1278/1309/1291 1277/1307/1289
f 1261/1291/1273 1278/1309/1291 1260/1289/1271
f 1261/1291/1273 1279/1310/1292 1278/1309/1291
f 1263/1311/1293 1279/1310/1292 1262/1292/1274
f 1281/1312/1294 1263/1311/1293 1264/1293/1275
f 2149/1313/1295 1264/1293/1275 2144/1295/1277
f 1219/1248/1230 1283/1314/1296 1282/1315/1297
f 1234/1265/1247 1284/1316/1298 1283/1314/1296
f 1266/1297/1279 1267/1299/1281 1284/1316/1298
f 1268/1298/1280 1286/1317/1299 1285/1318/1300
f 1270/1300/1282 1286/1317/1299 1269/1301/1283
f 1270/1300/1282 1288/1319/1301 1287/1320/1302
f 1272/1304/1286 1289/1321/1303 1254/1283/1265
f 1273/1305/1287 1291/1322/1304 1290/1323/1305
f 1275/1306/1288 1291/1322/1304 1274/1324/1306
f 1275/1306/1288 1293/1325/1307 1292/1326/1308
f 1277/1307/1289 1293/1325/1307 1276/1308/1290
f 1280/1327/1309 1296/1328/1310 1279/1310/1292
f 1297/1329/1311 1280/1327/1309 1281/1312/1294
f 2149/1313/1295 1297/1329/1311 1281/1312/1294
f 1285/1318/1300 1298/1330/1312 1267/1299/1281
f 1287/1320/1302 1299/1331/1313 1286/1317/1299
f 1288/1319/1301 1300/1332/1314 1287/1320/1302
f 1271/1302/1284 1301/1333/1315 1288/1319/1301
f 1290/1323/1305 1303/1334/1316 1302/1335/1317
f 1291/1322/1304 1303/1334/1316 1290/1323/1305
f 1291/1322/1304 1304/1336/1318 1303/1334/1316
f 1294/1337/1319 1306/1338/1320 1293/1325/1307
f 1294/1337/1319 1307/1339/1321 1306/1338/1320
f 1295/1340/1322 1308/1341/1323 1307/1339/1321
f 1296/1328/1310 1308/1341/1323 1295/1340/1322
f 1310/1342/1324 1296/1328/1310 1297/1329/1311
f 2154/1343/1325 1310/1342/1324 1297/1329/1311
f 1298/1330/1312 1311/1344/1326 1284/1316/1298
f 1299/1331/1313 1312/1345/1327 1285/1318/1300
f 1300/1332/1314 1313/1346/1328 1299/1331/1313
f 1301/1333/1315 1315/1347/1329 1314/1348/1330
f 1271/1302/1284 1315/1347/1329 1301/1333/1315
f 1289/1321/1303 1315/1347/1329 1271/1302/1284
f 1302/1335/1317 1316/1349/1331 1289/1321/1303
f 1304/1336/1318 1320/1350/1332 1319/1351/1333
f 1305/1352/1334 1320/1350/1332 1304/1336/1318
f 1305/1352/1334 1322/1353/1335 1321/1354/1336
f 1307/1339/1321 1324/1355/1337 1323/1356/1338
f 1308/1341/1323 1324/1355/1337 1307/1339/1321
f 1310/1342/1324 1326/1357/1339 1309/1358/1340
f 2159/1359/1341 1327/1360/1342 1310/1342/1324
f 1265/1296/1278 1328/1361/1343 2075/1362/1080
f 1265/1296/1278 1329/1363/1344 1328/1361/1343
f 1282/1315/1297 1330/1364/1345 1329/1363/1344
f 1283/1314/1296 1331/1365/1346 1330/1364/1345
f 1311/1344/1326 1332/1366/1347 1331/1365/1346
f 1298/1330/1312 1333/1367/1348 1332/1366/1347
f 1312/1345/1327 1334/1368/1349 1333/1367/1348
f 1313/1346/1328 1335/1369/1350 1334/1368/1349
f 1315/1347/1329 1335/1369/1350 1314/1348/1330
f 1289/1321/1303 1316/1349/1331 1351/1370/1351
f 1318/1371/1352 1337/1372/1353 1336/1373/1354
f 1319/1351/1333 1338/1374/1355 1337/1372/1353
f 1321/1354/1336 1338/1374/1355 1320/1350/1332
f 1321/1354/1336 1339/1375/1356 1338/1374/1355
f 1322/1353/1335 1339/1375/1356 1321/1354/1336
f 1323/1356/1338 1341/1376/1357 1340/1377/1358
f 1324/1355/1337 1341/1376/1357 1323/1356/1338
f 1324/1355/1337 1342/1378/1359 1341/1376/1357
f 1326/1357/1339 1343/1379/1360 1325/1380/1361
f 1344/1381/1362 1326/1357/1339 1327/1360/1342
f 2169/1382/1363 1327/1360/1342 2164/1383/1364
f 1332/1366/1347 1346/1384/1365 1345/1385/1366
f 1333/1367/1348 1347/1386/1367 1346/1384/1365
f 1335/1369/1350 1347/1386/1367 1334/1368/1349
f 1335/1369/1350 1349/1387/1368 1348/1388/1369
f 1315/1347/1329 1349/1387/1368 1335/1369/1350
f 1315/1347/1329 1350/1389/1370 1349/1387/1368
f 1351/1370/1351 1350/1389/1370 1315/1347/1329
f 1316/1349/1331 1352/1390/1371 1351/1370/1351
f 1336/1373/1354 1352/1390/1371 1317/1391/1372
f 1336/1373/1354 1354/1392/1373 1353/1393/1374
f 1338/1374/1355 1355/1394/1375 1337/1372/1353
f 1339/1375/1356 1356/1395/1376 1338/1374/1355
f 1340/1377/1358 1356/1395/1376 1339/1375/1356
f 1340/1377/1358 1358/1396/1377 1357/1397/1378
f 1343/1379/1360 1359/1398/1379 1342/1378/1359
f 1344/1381/1362 1360/1399/1380 1343/1379/1360
f 2174/1400/1381 1344/1381/1362 2169/1382/1363
f 1331/1365/1346 1362/1401/1382 1330/1364/1345
f 1345/1385/1366 1363/1402/1383 1331/1365/1346
f 1346/1384/1365 1365/1403/1384 1364/1404/1385
f 1347/1386/1367 1366/1405/1386 1365/1403/1384
f 1352/1390/1371 1368/1406/1387 1367/1407/1388
f 1354/1392/1373 1368/1406/1387 1353/1393/1374
f 1354/1392/1373 1370/1408/1389 1369/1409/1390
f 1356/1395/1376 1370/1408/1389 1355/1394/1375
f 1356/1395/1376 1372/1410/1391 1371/1411/1392
f 1357/1397/1378 1373/1412/1393 1372/1410/1391
f 1358/1396/1377 1373/1412/1393 1357/1397/1378
f 1358/1396/1377 1374/1413/1394 1373/1412/1393
f 1360/1399/1380 1375/1414/1395 1359/1398/1379
f 1361/1415/1396 1376/1416/1397 1360/1399/1380
f 2179/1417/1398 1361/1415/1396 2174/1400/1381
f 1363/1402/1383 1379/1418/1399 1378/1419/1400
f 1345/1385/1366 1364/1404/1385 1379/1418/1399
f 1366/1405/1386 1380/1420/1401 1365/1403/1384
f 1366/1405/1386 1382/1421/1402 1381/1422/1403
f 1350/1389/1370 1382/1421/1402 1349/1387/1368
f 1367/1407/1388 1383/1423/1404 1351/1370/1351
f 1369/1409/1390 1384/1424/1405 1368/1406/1387
f 1371/1411/1392 1386/1425/1406 1370/1408/1389
f 1371/1411/1392 1387/1426/1407 1386/1425/1406
f 1372/1410/1391 1387/1426/1407 1371/1411/1392
f 1372/1410/1391 1388/1427/1408 1387/1426/1407
f 1373/1412/1393 1389/1428/1409 1388/1427/1408
f 1375/1414/1395 1389/1428/1409 1374/1413/1394
f 1376/1416/1397 1390/1429/1410 1375/1414/1395
f 1392/1430/1411 1376/1416/1397 1377/1431/1412
f 2184/1432/1413 1377/1431/1412 2179/1417/1398
f 1328/1361/1343 1393/1433/1414 2075/1362/1080
f 1329/1363/1344 1393/1433/1414 1328/1361/1343
f 1379/1418/1399 1395/1434/1415 1394/1435/1416
f 1380/1420/1401 1395/1434/1415 1364/1404/1385
f 1381/1422/1403 1396/1436/1417 1380/1420/1401
f 1382/1421/1402 1397/1437/1418 1381/1422/1403
f 1383/1423/1404 1399/1438/1419 1350/1389/1370
f 1367/1407/1388 1402/1439/1420 1401/1440/1421
f 1385/1441/1422 1402/1439/1420 1384/1424/1405
f 1385/1441/1422 1404/1442/1423 1403/1443/1424
f 1387/1426/1407 1407/1444/1425 1406/1445/1426
f 1388/1427/1408 1408/1446/1427 1407/1444/1425
f 1389/1428/1409 1409/1447/1428 1408/1446/1427
f 1391/1448/1429 1409/1447/1428 1390/1429/1410
f 1411/1449/1430 1391/1448/1429 1392/1430/1411
f 2189/1450/1431 1392/1430/1411 2184/1432/1413
f 1362/1401/1382 1412/1451/1432 1329/1363/1344
f 1362/1401/1382 1414/1452/1433 1413/1453/1434
f 1394/1435/1416 1414/1452/1433 1378/1419/1400
f 1395/1434/1415 1416/1454/1435 1415/1455/1436
f 1397/1437/1418 1416/1454/1435 1396/1436/1417
f 1397/1437/1418 1398/1456/1437 1417/1457/1438
f 1401/1440/1421 1432/1458/1439 1383/1423/1404
f 1403/1443/1424 1418/1459/1440 1402/1439/1420
f 1404/1442/1423 1419/1460/1441 1403/1443/1424
f 1405/1461/1442 1420/1462/1443 1404/1442/1423
f 1406/1445/1426 1421/1463/1444 1405/1461/1442
f 1408/1446/1427 1423/1464/1445 1407/1444/1425
f 1409/1447/1428 1425/1465/1446 1424/1466/1447
f 1410/1467/1448 1425/1465/1446 1409/1447/1428
f 1411/1449/1430 1425/1465/1446 1410/1467/1448
f 2194/1468/1449 1411/1449/1430 2189/1450/1431
f 1414/1452/1433 1428/1469/1450 1427/1470/1451
f 1394/1435/1416 1415/1455/1436 1428/1469/1450
f 1417/1457/1438 1429/1471/1452 1416/1454/1435
f 1398/1456/1437 1430/1472/1453 1417/1457/1438
f 1399/1438/1419 1430/1472/1453 1398/1456/1437
f 1399/1438/1419 1400/1473/1454 1431/1474/1455
f 1418/1459/1440 1432/1458/1439 1401/1440/1421
f 1419/1460/1441 1433/1475/1456 1418/1459/1440
f 1420/1462/1443 1434/1476/1457 1419/1460/1441
f 1421/1463/1444 1436/1477/1458 1435/1478/1459
f 1422/1479/1460 1436/1477/1458 1421/1463/1444
f 1422/1479/1460 1437/1480/1461 1436/1477/1458
f 1423/1464/1445 1437/1480/1461 1422/1479/1460
f 1425/1465/1446 1439/1481/1462 1424/1466/1447
f 1425/1465/1446 1440/1482/1463 1439/1481/1462
f 1441/1483/1464 1425/1465/1446 1426/1484/1465
f 2199/1485/1466 1426/1484/1465 2194/1468/1449
f 1413/1453/1434 1427/1470/1451 1442/1486/1467
f 1415/1455/1436 1444/1487/1468 1443/1488/1469
f 1429/1471/1452 1445/1489/1470 1444/1487/1468
f 1430/1472/1453 1431/1474/1455 1446/1490/1471
f 1400/1473/1454 1432/1458/1439 1462/1491/1472
f 1432/1458/1439 1447/1492/1473 1463/1493/1474
f 1434/1476/1457 1447/1492/1473 1433/1475/1456
f 1435/1478/1459 1448/1494/1475 1434/1476/1457
f 1435/1478/1459 1450/1495/1476 1449/1496/1477
f 1436/1477/1458 1451/1497/1478 1450/1495/1476
f 1438/1498/1479 1452/1499/1480 1451/1497/1478
f 1439/1481/1462 1452/1499/1480 1438/1498/1479
f 1439/1481/1462 1454/1500/1481 1453/1501/1482
f 1455/1502/1483 1440/1482/1463 1441/1483/1464
f 2204/1503/1484 1441/1483/1464 2199/1485/1466
f 1442/1486/1467 1456/1504/1485 1412/1451/1432
f 1428/1469/1450 1457/1505/1486 1427/1470/1451
f 1443/1488/1469 1458/1506/1487 1428/1469/1450
f 1445/1489/1470 1459/1507/1488 1444/1487/1468
f 1445/1489/1470 1446/1490/1471 1460/1508/1489
f 1431/1474/1455 1462/1491/1472 1461/1509/1490
f 1463/1493/1474 1462/1491/1472 1432/1458/1439
f 1448/1494/1475 1464/1510/1491 1447/1492/1473
f 1448/1494/1475 1465/1511/1492 1464/1510/1491
f 1449/1496/1477 1465/1511/1492 1448/1494/1475
f 1449/1496/1477 1466/1512/1493 1465/1511/1492
f 1450/1495/1476 1466/1512/1493 1449/1496/1477
f 1451/1497/1478 1468/1513/1494 1467/1514/1495
f 1452/1499/1480 1468/1513/1494 1451/1497/1478
f 1453/1501/1482 1469/1515/1496 1452/1499/1480
f 1453/1501/1482 1470/1516/1497 1469/1515/1496
f 1454/1500/1481 1470/1516/1497 1453/1501/1482
f 1455/1502/1483 1470/1516/1497 1454/1500/1481
f 2204/1503/1484 1471/1517/1498 1455/1502/1483
f 1393/1433/1414 1472/1518/1499 2075/1362/1080
f 1456/1504/1485 1472/1518/1499 1393/1433/1414
f 1442/1486/1467 1457/1505/1486 1473/1519/1500
f 1459/1507/1488 1474/1520/1501 1443/1488/1469
f 1460/1508/1489 1475/1521/1502 1459/1507/1488
f 1461/1509/1490 1476/1522/1503 1446/1490/1471
f 1463/1493/1474 1478/1523/1504 1477/1524/1505
f 1464/1510/1491 1479/1525/1506 1478/1523/1504
f 1465/1511/1492 1480/1526/1507 1479/1525/1506
f 1467/1514/1495 1482/1527/1508 1481/1528/1509
f 1468/1513/1494 1482/1527/1508 1467/1514/1495
f 1486/1529/1510 1470/1516/1497 1471/1517/1498
f 2209/1530/1511 1486/1529/1510 1471/1517/1498
f 1458/1506/1487 1487/1531/1512 1457/1505/1486
f 1474/1520/1501 1488/1532/1513 1458/1506/1487
f 1474/1520/1501 1490/1533/1514 1489/1534/1515
f 1476/1522/1503 1490/1533/1514 1475/1521/1502
f 1476/1522/1503 1492/1535/1516 1491/1536/1517
f 1461/1509/1490 1492/1535/1516 1476/1522/1503
f 1462/1491/1472 1494/1537/1518 1493/1538/1519
f 1477/1524/1505 1495/1539/1520 1494/1537/1518
f 1478/1523/1504 1496/1540/1521 1495/1539/1520
f 1480/1526/1507 1498/1541/1522 1497/1542/1523
f 1482/1527/1508 1498/1541/1522 1481/1528/1509
f 1483/1543/1524 1499/1544/1525 1482/1527/1508
f 1483/1543/1524 1500/1545/1526 1499/1544/1525
f 1484/1546/1527 1500/1545/1526 1483/1543/1524
f 1484/1546/1527 1501/1547/1528 1500/1545/1526
f 1485/1548/1529 1501/1547/1528 1484/1546/1527
f 1502/1549/1530 1485/1548/1529 1486/1529/1510
f 2219/1550/1531 1486/1529/1510 2214/1551/1532
f 1456/1504/1485 1504/1552/1533 1503/1553/1534
f 1487/1531/1512 1504/1552/1533 1473/1519/1500
f 1487/1531/1512 1506/1554/1535 1505/1555/1536
f 1488/1532/1513 1489/1534/1515 1506/1554/1535
f 1491/1536/1517 1507/1556/1537 1490/1533/1514
f 1492/1535/1516 1509/1557/1538 1522/1558/1539
f 1493/1538/1519 1509/1557/1538 1461/1509/1490
f 1496/1540/1521 1511/1559/1540 1495/1539/1520
f 1496/1540/1521 1512/1560/1541 1511/1559/1540
f 1497/1542/1523 1513/1561/1542 1512/1560/1541
f 1518/1562/1543 1501/1547/1528 1502/1549/1530
f 2224/1563/1544 1502/1549/1530 2219/1550/1531
f 1507/1556/1537 1519/1564/1545 1489/1534/1515
f 1507/1556/1537 1521/1565/1546 1520/1566/1547
f 1494/1537/1518 1523/1567/1548 1493/1538/1519
f 1494/1537/1518 1525/1568/1549 1524/1569/1550
f 1511/1559/1540 1525/1568/1549 1510/1570/1551
f 1511/1559/1540 1527/1571/1552 1526/1572/1553
f 1513/1561/1542 1528/1573/1554 1512/1560/1541
f 1513/1561/1542 1529/1574/1555 1528/1573/1554
f 1514/1575/1556 1530/1576/1557 1529/1574/1555
f 1515/1577/1558 1530/1576/1557 1514/1575/1556
f 1515/1577/1558 1531/1578/1559 1530/1576/1557
f 1516/1579/1560 1531/1578/1559 1515/1577/1558
f 1517/1580/1561 1532/1581/1562 1516/1579/1560
f 1534/1582/1563 1517/1580/1561 1518/1562/1543
f 2224/1563/1544 1534/1582/1563 1518/1562/1543
f 1505/1555/1536 1535/1583/1564 1504/1552/1533
f 1505/1555/1536 1537/1584/1565 1536/1585/1566
f 1506/1554/1535 1538/1586/1567 1537/1584/1565
f 1519/1564/1545 1539/1587/1568 1538/1586/1567
f 1520/1566/1547 1540/1588/1569 1539/1587/1568
f 1521/1565/1546 1541/1589/1570 1540/1588/1569
f 1522/1558/1539 1542/1590/1571 1541/1589/1570
f 1523/1567/1548 1542/1590/1571 1509/1557/1538
f 1526/1572/1553 1543/1591/1572 1525/1568/1549
f 1527/1571/1552 1545/1592/1573 1544/1593/1574
f 1529/1574/1555 1546/1594/1575 1528/1573/1554
f 1529/1574/1555 1547/1595/1576 1546/1594/1575
f 1531/1578/1559 1547/1595/1576 1530/1576/1557
f 1532/1581/1562 1548/1596/1577 1531/1578/1559
f 1532/1581/1562 1549/1597/1578 1548/1596/1577
f 1533/1598/1579 1549/1597/1578 1532/1581/1562
f 1534/1582/1563 1549/1597/1578 1533/1598/1579
f 2229/1599/1580 1550/1600/1581 1534/1582/1563
f 1537/1584/1565 1538/1586/1567 1551/1601/1582
f 1540/1588/1569 1552/1602/1583 1539/1587/1568
f 1540/1588/1569 1554/1603/1584 1553/1604/1585
f 1542/1590/1571 1554/1603/1584 1541/1589/1570
f 1523/1567/1548 1555/1605/1586 1570/1606/1587
f 1544/1593/1574 1557/1607/1588 1543/1591/1572
f 1544/1593/1574 1558/1608/1589 1557/1607/1588
f 1545/1592/1573 1558/1608/1589 1544/1593/1574
f 1547/1595/1576 1561/1609/1590 1560/1610/1591
f 1548/1596/1577 1561/1609/1590 1547/1595/1576
f 1549/1597/1578 1563/1611/1592 1562/1612/1593
f 1564/1613/1594 1549/1597/1578 1550/1600/1581
f 2234/1614/1595 1564/1613/1594 1550/1600/1581
f 1535/1583/1564 1565/1615/1596 1503/1553/1534
f 1551/1601/1582 1566/1616/1597 1536/1585/1566
f 1552/1602/1583 1567/1617/1598 1538/1586/1567
f 1553/1604/1585 1568/1618/1599 1552/1602/1583
f 1556/1619/1600 1571/1620/1601 1555/1605/1586
f 1557/1607/1588 1572/1621/1602 1556/1619/1600
f 1558/1608/1589 1573/1622/1603 1557/1607/1588
f 1559/1623/1604 1574/1624/1605 1558/1608/1589
f 1559/1623/1604 1575/1625/1606 1574/1624/1605
f 1560/1610/1591 1575/1625/1606 1559/1623/1604
f 1560/1610/1591 1577/1626/1607 1576/1627/1608
f 1562/1612/1593 1578/1628/1609 1561/1609/1590
f 1562/1612/1593 1579/1629/1610 1578/1628/1609
f 1563/1611/1592 1579/1629/1610 1562/1612/1593
f 1564/1613/1594 1579/1629/1610 1563/1611/1592
f 2239/1630/1611 1580/1631/1612 1564/1613/1594
f 1472/1518/1499 1581/1632/1613 2075/1362/1080
f 1565/1615/1596 1581/1632/1613 1472/1518/1499
f 1535/1583/1564 1566/1616/1597 1582/1633/1614
f 1567/1617/1598 1583/1634/1615 1551/1601/1582
f 1568/1618/1599 1584/1635/1616 1567/1617/1598
f 1569/1636/1617 1585/1637/1618 1568/1618/1599
f 1569/1636/1617 1587/1638/1619 1586/1639/1620
f 1542/1590/1571 1587/1638/1619 1554/1603/1584
f 1542/1590/1571 1570/1606/1587 1588/1640/1621
f 1573/1622/1603 1589/1641/1622 1572/1621/1602
f 1574/1624/1605 1591/1642/1623 1573/1622/1603
f 1576/1627/1608 1592/1643/1624 1575/1625/1606
f 1577/1626/1607 1593/1644/1625 1576/1627/1608
f 1578/1628/1609 1594/1645/1626 1577/1626/1607
f 1578/1628/1609 1595/1646/1627 1594/1645/1626
f 1579/1629/1610 1595/1646/1627 1578/1628/1609
f 1597/1647/1628 1579/1629/1610 1580/1631/1612
f 2244/1648/1629 1597/1647/1628 1580/1631/1612
f 1583/1649/1615 1598/1650/1630 1566/1651/1597
f 1585/1652/1618 1599/1653/1631 1584/1654/1616
f 1586/1655/1620 1600/1656/1632 1585/1652/1618
f 1586/1655/1620 1587/1657/1619 1602/1658/1633
f 1571/1659/1601 1603/1660/1634 1570/1661/1587
f 1589/1662/1622 1603/1660/1634 1571/1659/1601
f 1590/1663/1635 1604/1664/1636 1589/1662/1622
f 1590/1663/1635 1606/1665/1637 1605/1666/1638
f 1592/1667/1624 1606/1665/1637 1591/1668/1623
f 1593/1669/1625 1609/1670/1639 1608/1671/1640
f 1594/1672/1626 1609/1670/1639 1593/1669/1625
f 1612/1673/1641 1596/1674/1642 1597/1675/1628
f 2254/1676/1643 1597/1675/1628 2249/1677/1644
f 1565/1678/1596 1614/1679/1645 1613/1680/1646
f 1582/1681/1614 1615/1682/1647 1614/1679/1645
f 1598/1650/1630 1616/1683/1648 1615/1682/1647
f 1583/1649/1615 1617/1684/1649 1616/1683/1648
f 1599/1653/1631 1618/1685/1650 1617/1684/1649
f 1600/1656/1632 1619/1686/1651 1618/1685/1650
f 1602/1658/1633 1619/1686/1651 1601/1687/1652
f 1588/1688/1621 1620/1689/1653 1587/1657/1619
f 1570/1661/1587 1603/1660/1634 1635/1690/1654
f 1605/1666/1638 1622/1691/1655 1604/1664/1636
f 1605/1666/1638 1623/1692/1656 1622/1691/1655
f 1607/1693/1657 1624/1694/1658 1606/1665/1637
f 1607/1693/1657 1625/1695/1659 1624/1694/1658
f 1608/1671/1640 1626/1696/1660 1625/1695/1659
f 1610/1697/1661 1628/1698/1662 1627/1699/1663
f 1611/1700/1664 1628/1698/1662 1610/1697/1661
f 1611/1700/1664 1629/1701/1665 1628/1698/1662
f 1630/1702/1666 1611/1700/1664 1612/1673/1641
f 2259/1703/1667 1612/1673/1641 2254/1676/1643
f 1618/1685/1650 1631/1704/1668 1617/1684/1649
f 1619/1686/1651 1632/1705/1669 1618/1685/1650
f 1602/1658/1633 1620/1689/1653 1633/1706/1670
f 1635/1690/1654 1634/1707/1671 1588/1688/1621
f 1603/1660/1634 1621/1708/1672 1635/1690/1654
f 1623/1692/1656 1637/1709/1673 1622/1691/1655
f 1625/1695/1659 1639/1710/1674 1624/1694/1658
f 1625/1695/1659 1640/1711/1675 1639/1710/1674
f 1626/1696/1660 1640/1711/1675 1625/1695/1659
f 1627/1699/1663 1640/1711/1675 1626/1696/1660
f 1628/1698/1662 1641/1712/1676 1627/1699/1663
f 1629/1701/1665 1642/1713/1677 1628/1698/1662
f 1630/1702/1666 1643/1714/1678 1629/1701/1665
f 2264/1715/1679 1630/1702/1666 2259/1703/1667
f 1613/1680/1646 1646/1716/1680 1645/1717/1681
f 1614/1679/1645 1647/1718/1682 1646/1716/1680
f 1615/1682/1647 1648/1719/1683 1647/1718/1682
f 1616/1683/1648 1649/1720/1684 1648/1719/1683
f 1631/1704/1668 1650/1721/1685 1649/1720/1684
f 1633/1706/1670 1650/1721/1685 1632/1705/1669
f 1633/1706/1670 1652/1722/1686 1651/1723/1687
f 1634/1707/1671 1652/1722/1686 1620/1689/1653
f 1636/1724/1688 1653/1725/1689 1621/1708/1672
f 1637/1709/1673 1654/1726/1690 1636/1724/1688
f 1638/1727/1691 1656/1728/1692 1655/1729/1693
f 1639/1710/1674 1656/1728/1692 1638/1727/1691
f 1639/1710/1674 1658/1730/1694 1657/1731/1695
f 1641/1712/1676 1658/1730/1694 1640/1711/1675
f 1641/1712/1676 1660/1732/1696 1659/1733/1697
f 1642/1713/1677 1660/1732/1696 1641/1712/1676
f 1642/1713/1677 1661/1734/1698 1660/1732/1696
f 1643/1714/1678 1661/1734/1698 1642/1713/1677
f 1644/1735/1699 1661/1734/1698 1643/1714/1678
f 2264/1715/1679 1662/1736/1700 1644/1735/1699
f 1581/1737/1613 1663/1738/1701 2075/1098/1080
f 1581/1737/1613 1645/1717/1681 1663/1738/1701
f 1649/1720/1684 1664/1739/1702 1648/1719/1683
f 1649/1720/1684 1666/1740/1703 1665/1741/1704
f 1651/1723/1687 1666/1740/1703 1650/1721/1685
f 1651/1723/1687 1652/1722/1686 1667/1742/1705
f 1654/1726/1690 1669/1743/1706 1668/1744/1707
f 1655/1729/1693 1669/1743/1706 1654/1726/1690
f 1655/1729/1693 1670/1745/1708 1669/1743/1706
f 1656/1728/1692 1670/1745/1708 1655/1729/1693
f 1656/1728/1692 1671/1746/1709 1670/1745/1708
f 1659/1733/1697 1673/1747/1710 1658/1730/1694
f 1659/1733/1697 1674/1748/1711 1673/1747/1710
f 1661/1734/1698 1674/1748/1711 1660/1732/1696
f 1676/1749/1712 1661/1734/1698 1662/1736/1700
f 2269/1750/1713 1676/1749/1712 1662/1736/1700
f 1664/1739/1702 1677/1751/1714 1647/1718/1682
f 1665/1741/1704 1679/1752/1715 1678/1753/1716
f 1667/1742/1705 1679/1752/1715 1666/1740/1703
f 1667/1742/1705 1681/1754/1717 1680/1755/1718
f 1634/1707/1671 1681/1754/1717 1652/1722/1686
f 1634/1707/1671 1683/1756/1719 1682/1757/1720
f 1653/1725/1689 1683/1756/1719 1635/1690/1654
f 1668/1744/1707 1684/1758/1721 1653/1725/1689
f 1668/1744/1707 1686/1759/1722 1685/1760/1723
f 1669/1743/1706 1687/1761/1724 1686/1759/1722
f 1671/1746/1709 1688/1762/1725 1670/1745/1708
f 1672/1763/1726 1688/1762/1725 1671/1746/1709
f 1673/1747/1710 1689/1764/1727 1672/1763/1726
f 1673/1747/1710 1691/1765/1728 1690/1766/1729
f 1674/1748/1711 1692/1767/1730 1691/1765/1728
f 1675/1768/1731 1692/1767/1730 1674/1748/1711
f 1675/1768/1731 1693/1769/1732 1692/1767/1730
f 1694/1770/1733 1675/1768/1731 1676/1749/1712
f 2274/1771/1734 1694/1770/1733 1676/1749/1712
f 1646/1716/1680 1695/1772/1735 1645/1717/1681
f 1677/1751/1714 1696/1773/1736 1646/1716/1680
f 1678/1753/1716 1697/1774/1737 1664/1739/1702
f 1678/1753/1716 1699/1775/1738 1698/1776/1739
f 1680/1755/1718 1699/1775/1738 1679/1752/1715
f 1687/1761/1724 1701/1777/1740 1686/1759/1722
f 1688/1762/1725 1703/1778/1741 1702/1779/1742
f 1689/1764/1727 1703/1778/1741 1688/1762/1725
f 1690/1766/1729 1704/1780/1743 1689/1764/1727
f 1691/1765/1728 1705/1781/1744 1690/1766/1729
f 1708/1782/1745 1693/1769/1732 1694/1770/1733
f 2279/1783/1746 1708/1782/1745 1694/1770/1733
f 1697/1774/1737 1709/1784/1747 1677/1751/1714
f 1698/1776/1739 1711/1785/1748 1710/1786/1749
f 1700/1787/1750 1711/1785/1748 1699/1775/1738
f 1681/1754/1717 1682/1757/1720 1713/1788/1751
f 1683/1756/1719 1729/1789/1752 1714/1790/1753
f 1685/1760/1723 1729/1789/1752 1684/1758/1721
f 1701/1777/1740 1716/1791/1754 1715/1792/1755
f 1702/1779/1742 1716/1791/1754 1701/1777/1740
f 1703/1778/1741 1717/1793/1756 1702/1779/1742
f 1704/1780/1743 1719/1794/1757 1718/1795/1758
f 1705/1781/1744 1719/1794/1757 1704/1780/1743
f 1705/1781/1744 1720/1796/1759 1719/1794/1757
f 1706/1797/1760 1721/1798/1761 1720/1796/1759
f 1707/1799/1762 1721/1798/1761 1706/1797/1760
f 1707/1799/1762 1722/1800/1763 1721/1798/1761
f 1708/1782/1745 1722/1800/1763 1707/1799/1762
f 2284/1801/1764 1723/1802/1765 1708/1782/1745
f 1709/1784/1747 1725/1803/1766 1724/1804/1767
f 1697/1774/1737 1710/1786/1749 1725/1803/1766
f 1712/1805/1768 1726/1806/1769 1711/1785/1748
f 1713/1788/1751 1727/1807/1770 1712/1805/1768
f 1715/1792/1755 1730/1808/1771 1729/1789/1752
f 1717/1793/1756 1730/1808/1771 1716/1791/1754
f 1718/1795/1758 1731/1809/1772 1717/1793/1756
f 1718/1795/1758 1733/1810/1773 1732/1811/1774
f 1720/1796/1759 1733/1810/1773 1719/1794/1757
f 1721/1798/1761 1734/1812/1775 1720/1796/1759
f 1722/1800/1763 1735/1813/1776 1721/1798/1761
f 1723/1802/1765 1736/1814/1777 1722/1800/1763
f 2294/1815/1778 1723/1802/1765 2289/1816/1779
f 1695/1772/1735 1739/1817/1780 1738/1818/1781
f 1724/1804/1767 1739/1817/1780 1696/1773/1736
f 1725/1803/1766 1741/1819/1782 1740/1820/1783
f 1726/1806/1769 1741/1819/1782 1710/1786/1749
f 1726/1806/1769 1743/1821/1784 1742/1822/1785
f 1727/1807/1770 1744/1823/1786 1743/1821/1784
f 1713/1788/1751 1745/1824/1787 1744/1823/1786
f 1714/1790/1753 1745/1824/1787 1682/1757/1720
f 1730/1808/1771 1746/1825/1788 1729/1789/1752
f 1730/1808/1771 1747/1826/1789 1746/1825/1788
f 1731/1809/1772 1747/1826/1789 1730/1808/1771
f 1732/1811/1774 1748/1827/1790 1731/1809/1772
f 1732/1811/1774 1750/1828/1791 1749/1829/1792
f 1734/1812/1775 1751/1830/1793 1733/1810/1773
f 1734/1812/1775 1752/1831/1794 1751/1830/1793
f 1735/1813/1776 1752/1831/1794 1734/1812/1775
f 1735/1813/1776 1753/1832/1795 1752/1831/1794
f 1736/1814/1777 1753/1832/1795 1735/1813/1776
f 1754/1833/1796 1736/1814/1777 1737/1834/1797
f 2299/1835/1798 1737/1834/1797 2294/1815/1778
f 1740/1820/1783 1755/1836/1799 1724/1804/1767
f 1742/1822/1785 1756/1837/1800 1741/1819/1782
f 1743/1821/1784 1757/1838/1801 1742/1822/1785
f 1744/1823/1786 1745/1824/1787 1776/1839/1802
f 1728/1840/1803 1759/1841/1804 1714/1790/1753
f 1728/1840/1803 1760/1842/1805 1759/1841/1804
f 1746/1825/1788 1761/1843/1806 1760/1842/1805
f 1748/1827/1790 1761/1843/1806 1747/1826/1789
f 1748/1827/1790 1762/1844/1807 1761/1843/1806
f 1749/1829/1792 1762/1844/1807 1748/1827/1790
f 1749/1829/1792 1763/1845/1808 1762/1844/1807
f 1750/1828/1791 1763/1845/1808 1749/1829/1792
f 1751/1830/1793 1764/1846/1809 1750/1828/1791
f 1768/1847/1810 1753/1832/1795 1754/1833/1796
f 2304/1848/1811 1754/1833/1796 2299/1835/1798
f 1663/1738/1701 1769/1849/1812 2075/1098/1080
f 1738/1818/1781 1769/1849/1812 1663/1738/1701
f 1739/1817/1780 1770/1850/1813 1738/1818/1781
f 1755/1836/1799 1771/1851/1814 1739/1817/1780
f 1756/1837/1800 1772/1852/1815 1740/1820/1783
f 1757/1838/1801 1773/1853/1816 1756/1837/1800
f 1758/1854/1817 1774/1855/1818 1757/1838/1801
f 1714/1790/1753 1777/1856/1819 1745/1824/1787
f 1714/1790/1753 1759/1841/1804 1793/1857/1820
f 1762/1844/1807 1781/1858/1821 1780/1859/1822
f 1763/1845/1808 1781/1858/1821 1762/1844/1807
f 1763/1845/1808 1782/1860/1823 1781/1858/1821
f 1765/1861/1824 1784/1862/1825 1783/1863/1826
f 1766/1864/1827 1784/1862/1825 1765/1861/1824
f 1766/1864/1827 1786/1865/1828 1785/1866/1829
f 1768/1847/1810 1786/1865/1828 1767/1867/1830
f 2309/1868/1831 1768/1847/1810 2304/1848/1811
f 1755/1836/1799 1789/1869/1832 1788/1870/1833
f 1772/1852/1815 1773/1853/1816 1789/1869/1832
f 1775/1871/1834 1790/1872/1835 1774/1855/1818
f 1775/1871/1834 1792/1873/1836 1791/1874/1837
f 1777/1856/1819 1792/1873/1836 1776/1839/1802
f 1778/1875/1838 1793/1857/1820 1759/1841/1804
f 1779/1876/1839 1794/1877/1840 1778/1875/1838
f 1779/1876/1839 1795/1878/1841 1794/1877/1840
f 1780/1859/1822 1795/1878/1841 1779/1876/1839
f 1780/1859/1822 1796/1879/1842 1795/1878/1841
f 1780/1859/1822 1797/1880/1843 1796/1879/1842
f 1781/1858/1821 1798/1881/1844 1797/1880/1843
f 1783/1863/1826 1798/1881/1844 1782/1860/1823
f 1784/1862/1825 1799/1882/1845 1783/1863/1826
f 1785/1866/1829 1800/1883/1846 1784/1862/1825
f 1785/1866/1829 1802/1884/1847 1801/1885/1848
f 1787/1886/1849 1802/1884/1847 1786/1865/1828
f 2314/1887/1850 1787/1886/1849 2309/1868/1831
f 1788/1870/1833 1804/1888/1851 1771/1851/1814
f 1790/1872/1835 1805/1889/1852 1773/1853/1816
f 1791/1874/1837 1806/1890/1853 1790/1872/1835
f 1792/1873/1836 1777/1856/1819 1808/1891/1854
f 1794/1877/1840 1809/1892/1855 1778/1875/1838
f 1794/1877/1840 1811/1893/1856 1810/1894/1857
f 1796/1879/1842 1812/1895/1858 1795/1878/1841
f 1796/1879/1842 1813/1896/1859 1812/1895/1858
f 1798/1881/1844 1814/1897/1860 1797/1880/1843
f 1799/1882/1845 1814/1897/1860 1798/1881/1844
f 1799/1882/1845 1816/1898/1861 1815/1899/1862
f 1800/1883/1846 1816/1898/1861 1799/1882/1845
f 1800/1883/1846 1817/1900/1863 1816/1898/1861
f 1819/1901/1864 1802/1884/1847 1803/1902/1865
f 2319/1903/1866 1803/1902/1865 2314/1887/1850
f 1804/1888/1851 1820/1904/1867 1770/1850/1813
f 1788/1870/1833 1822/1905/1868 1821/1906/1869
f 1805/1889/1852 1822/1905/1868 1789/1869/1832
f 1806/1890/1853 1823/1907/1870 1805/1889/1852
f 1807/1908/1871 1824/1909/1872 1806/1890/1853
f 1808/1891/1854 1826/1910/1873 1807/1908/1871
f 1793/1857/1820 1827/1911/1874 1777/1856/1819
f 1809/1892/1855 1829/1912/1875 1828/1913/1876
f 1810/1894/1857 1830/1914/1877 1829/1912/1875
f 1812/1895/1858 1830/1914/1877 1811/1893/1856
f 1813/1896/1859 1832/1915/1878 1831/1916/1879
f 1815/1899/1862 1833/1917/1880 1814/1897/1860
f 1815/1899/1862 1834/1918/1881 1833/1917/1880
f 1817/1900/1863 1834/1918/1881 1816/1898/1861
f 1818/1919/1882 1836/1920/1883 1835/1921/1884
f 1819/1901/1864 1836/1920/1883 1818/1919/1882
f 2319/1903/1866 1837/1922/1885 1819/1901/1864
f 1821/1906/1869 1838/1923/1886 1804/1888/1851
f 1824/1909/1872 1839/1924/1887 1823/1907/1870
f 1825/1925/1888 1840/1926/1889 1824/1909/1872
f 1826/1910/1873 1841/1927/1890 1825/1925/1888
f 1808/1891/1854 1827/1911/1874 1857/1928/1891
f 1828/1913/1876 1842/1929/1892 1793/1857/1820
f 1831/1916/1879 1845/1930/1893 1830/1914/1877
f 1832/1915/1878 1846/1931/1894 1831/1916/1879
f 1835/1921/1884 1849/1932/1895 1834/1918/1881
f 1835/1921/1884 1851/1933/1896 1850/1934/1897
f 1852/1935/1898 1836/1920/1883 1837/1922/1885
f 2324/1936/1899 1852/1935/1898 1837/1922/1885
f 1822/1905/1868 1853/1937/1900 1821/1906/1869
f 1822/1905/1868 1839/1924/1887 1854/1938/1901
f 1841/1927/1890 1855/1939/1902 1840/1926/1889
f 1841/1927/1890 1857/1928/1891 1856/1940/1903
f 1843/1941/1904 1858/1942/1905 1828/1913/1876
f 1844/1943/1906 1860/1944/1907 1859/1945/1908
f 1845/1930/1893 1860/1944/1907 1844/1943/1906
f 1846/1931/1894 1862/1946/1909 1861/1947/1910
f 1847/1948/1911 1862/1946/1909 1846/1931/1894
f 1847/1948/1911 1863/1949/1912 1862/1946/1909
f 1848/1950/1913 1863/1949/1912 1847/1948/1911
f 1848/1950/1913 1864/1951/1914 1863/1949/1912
f 1849/1932/1895 1864/1951/1914 1848/1950/1913
f 1850/1934/1897 1866/1952/1915 1865/1953/1916
f 1851/1933/1896 1866/1952/1915 1850/1934/1897
f 1852/1935/1898 1866/1952/1915 1851/1933/1896
f 2334/1954/1917 1852/1935/1898 2329/1955/1918
f 1838/1923/1886 1868/1956/1919 1820/1904/1867
f 1838/1923/1886 1853/1937/1900 1869/1957/1920
f 1855/1939/1902 1870/1958/1921 1839/1924/1887
f 1856/1940/1903 1871/1959/1922 1855/1939/1902
f 1856/1940/1903 1873/1960/1923 1872/1961/1924
f 1827/1911/1874 1873/1960/1923 1857/1928/1891
f 1842/1929/1892 1858/1942/1905 1891/1962/1925
f 1858/1942/1905 1874/1963/1926 1892/1964/1927
f 1861/1947/1910 1875/1965/1928 1860/1944/1907
f 1861/1947/1910 1877/1966/1929 1876/1967/1930
f 1863/1949/1912 1879/1968/1931 1878/1969/1932
f 1864/1951/1914 1879/1968/1931 1863/1949/1912
f 1865/1953/1916 1880/1970/1933 1864/1951/1914
f 1865/1953/1916 1881/1971/1934 1880/1970/1933
f 1883/1972/1935 1866/1952/1915 1867/1973/1936
f 2339/1974/1937 1867/1973/1936 2334/1954/1917
f 1769/1849/1812 1884/1975/1938 2075/1098/1080
f 1769/1849/1812 1868/1956/1919 1884/1975/1938
f 1853/1937/1900 1886/1976/1939 1885/1977/1940
f 1854/1938/1901 1887/1978/1941 1886/1976/1939
f 1870/1958/1921 1888/1979/1942 1887/1978/1941
f 1872/1961/1924 1888/1979/1942 1871/1959/1922
f 1873/1960/1923 1889/1980/1943 1872/1961/1924
f 1891/1962/1925 1890/1981/1944 1827/1911/1874
f 1858/1942/1905 1892/1964/1927 1891/1962/1925
f 1875/1965/1928 1892/1964/1927 1874/1963/1926
f 1876/1967/1930 1893/1982/1945 1875/1965/1928
f 1876/1967/1930 1895/1983/1946 1894/1984/1947
f 1878/1969/1932 1895/1983/1946 1877/1966/1929
f 1878/1969/1932 1897/1985/1948 1896/1986/1949
f 1880/1970/1933 1897/1985/1948 1879/1968/1931
f 1881/1971/1934 1898/1987/1950 1880/1970/1933
f 1881/1971/1934 1899/1988/1951 1898/1987/1950
f 1882/1989/1952 1899/1988/1951 1881/1971/1934
f 1900/1990/1953 1882/1989/1952 1883/1972/1935
f 2344/1991/1954 1883/1972/1935 2339/1974/1937
f 1889/1980/1943 1901/1992/1955 1888/1979/1942
f 1889/1980/1943 1903/1993/1956 1902/1994/1957
f 1890/1981/1944 1903/1993/1956 1873/1960/1923
f 1893/1982/1945 1905/1995/1958 1892/1964/1927
f 1893/1982/1945 1906/1996/1959 1905/1995/1958
f 1894/1984/1947 1906/1996/1959 1893/1982/1945
f 1894/1984/1947 1907/1997/1960 1906/1996/1959
f 1894/1984/1947 1908/1998/1961 1907/1997/1960
f 1896/1986/1949 1909/1999/1962 1908/1998/1961
f 1897/1985/1948 1909/1999/1962 1896/1986/1949
f 1897/1985/1948 1911/2000/1963 1910/2001/1964
f 1898/1987/1950 1912/2002/1965 1911/2000/1963
f 1900/1990/1953 1912/2002/1965 1899/1988/1951
f 2344/1991/1954 1913/2003/1966 1900/1990/1953
f 1869/1957/1920 1914/2004/1967 1868/1956/1919
f 1869/1957/1920 1916/2005/1968 1915/2006/1969
f 1886/1976/1939 1916/2005/1968 1885/1977/1940
f 1887/1978/1941 1917/2007/1970 1886/1976/1939
f 1901/1992/1955 1918/2008/1971 1887/1978/1941
f 1901/1992/1955 1920/2009/1972 1919/2010/1973
f 1891/1962/1925 1904/2011/1974 1921/2012/1975
f 1907/1997/1960 1924/2013/1976 1906/1996/1959
f 1907/1997/1960 1925/2014/1977 1924/2013/1976
f 1909/1999/1962 1925/2014/1977 1908/1998/1961
f 1912/2002/1965 1929/2015/1978 1928/2016/1979
f 1930/2017/1980 1912/2002/1965 1913/2003/1966
f 2349/2018/1981 1930/2017/1980 1913/2003/1966
f 1917/2007/1970 1932/2019/1982 1931/2020/1983
f 1918/2008/1971 1933/2021/1984 1932/2019/1982
f 1919/2010/1973 1934/2022/1985 1933/2021/1984
f 1903/1993/1956 1936/2023/1986 1935/2024/1987
f 1921/2012/1975 1936/2023/1986 1890/1981/1944
f 1922/2025/1988 1937/2026/1989 1904/2011/1974
f 1922/2025/1988 1939/2027/1990 1938/2028/1991
f 1924/2013/1976 1939/2027/1990 1923/2029/1992
f 1924/2013/1976 1941/2030/1993 1940/2031/1994
f 1925/2014/1977 1942/2032/1995 1941/2030/1993
f 1926/2033/1996 1942/2032/1995 1925/2014/1977
f 1926/2033/1996 1943/2034/1997 1942/2032/1995
f 1927/2035/1998 1943/2034/1997 1926/2033/1996
f 1927/2035/1998 1944/2036/1999 1943/2034/1997
f 1928/2016/1979 1944/2036/1999 1927/2035/1998
f 1928/2016/1979 1946/2037/2000 1945/2038/2001
f 1947/2039/2002 1929/2015/1978 1930/2017/1980
f 2359/2040/2003 1930/2017/1980 2354/2041/2004
f 1931/2020/1983 1948/2042/2005 1916/2005/1968
f 1933/2021/1984 1949/2043/2006 1932/2019/1982
f 1933/2021/1984 1951/2044/2007 1950/2045/2008
f 1934/2022/1985 1952/2046/2009 1951/2044/2007
f 1936/2023/1986 1952/2046/2009 1935/2024/1987
f 1937/2026/1989 1953/2047/2010 1921/2012/1975
f 1940/2031/1994 1954/2048/2011 1939/2027/1990
f 1941/2030/1993 1956/2049/2012 1940/2031/1994
f 1941/2030/1993 1957/2050/2013 1956/2049/2012
f 1942/2032/1995 1958/2051/2014 1957/2050/2013
f 1943/2034/1997 1959/2052/2015 1958/2051/2014
f 1944/2036/1999 1959/2052/2015 1943/2034/1997
f 1944/2036/1999 1960/2053/2016 1959/2052/2015
f 1945/2038/2001 1961/2054/2017 1960/2053/2016
f 1962/2055/2018 1946/2037/2000 1947/2039/2002
f 2359/2040/2003 1962/2055/2018 1947/2039/2002
f 1884/1975/1938 1963/2056/2019 2075/1098/1080
f 1914/2004/1967 1963/2056/2019 1884/1975/1938
f 1915/2006/1969 1964/2057/2020 1914/2004/1967
f 1948/2042/2005 1965/2058/2021 1915/2006/1969
f 1948/2042/2005 1967/2059/2022 1966/2060/2023
f 1931/2020/1983 1968/2061/2024 1967/2059/2022
f 1949/2043/2006 1969/2062/2025 1968/2061/2024
f 1950/2045/2008 1970/2063/2026 1969/2062/2025
f 1938/2028/1991 1971/2064/2027 1937/2026/1989
f 1938/2028/1991 1972/2065/2028 1971/2064/2027
f 1955/2066/2029 1973/2067/2030 1954/2048/2011
f 1955/2066/2029 1974/2068/2031 1973/2067/2030
f 1957/2050/2013 1976/2069/2032 1975/2070/2033
f 1958/2051/2014 1976/2069/2032 1957/2050/2013
f 1958/2051/2014 1977/2071/2034 1976/2069/2032
f 1959/2052/2015 1978/2072/2035 1977/2071/2034
f 1961/2054/2017 1978/2072/2035 1960/2053/2016
f 1962/2055/2018 1979/2073/2036 1961/2054/2017
f 2364/2074/2037 1980/2075/2038 1962/2055/2018
f 1968/2061/2024 1982/2076/2039 1981/2077/2040
f 1970/2063/2026 1982/2076/2039 1969/2062/2025
f 1952/2046/2009 1936/2023/1986 1984/2078/2041
f 1953/2047/2010 2002/2079/2042 1985/2080/2043
f 1971/2064/2027 1986/2081/2044 2002/2079/2042
f 1972/2065/2028 1986/2081/2044 1971/2064/2027
f 1973/2067/2030 1986/2081/2044 1972/2065/2028
f 1974/2068/2031 1987/2082/2045 1973/2067/2030
f 1974/2068/2031 1989/2083/2046 1988/2084/2047
f 1976/2069/2032 1989/2083/2046 1975/2070/2033
f 1976/2069/2032 1991/2085/2048 1990/2086/2049
f 1977/2071/2034 1992/2087/2050 1991/2085/2048
f 1978/2072/2035 1992/2087/2050 1977/2071/2034
f 1978/2072/2035 1993/2088/2051 1992/2087/2050
f 1979/2073/2036 1993/2088/2051 1978/2072/2035
f 1994/2089/2052 1979/2073/2036 1980/2075/2038
f 2374/2090/2053 1980/2075/2038 2369/2091/2054
f 1965/2058/2021 1995/2092/2055 1964/2057/2020
f 1966/2060/2023 1996/2093/2056 1965/2058/2021
f 1967/2059/2022 1997/2094/2057 1966/2060/2023
f 1967/2059/2022 1981/2077/2040 1998/2095/2058
f 1983/2096/2059 1999/2097/2060 1982/2076/2039
f 1984/2078/2041 2000/2098/2061 1983/2096/2059
f 1953/2047/2010 2001/2099/2062 1936/2023/1986
f 1988/2084/2047 2004/2100/2063 1987/2082/2045
f 1988/2084/2047 2005/2101/2064 2004/2100/2063
f 1990/2086/2049 2006/2102/2065 1989/2083/2046
f 1990/2086/2049 2007/2103/2066 2006/2102/2065
f 1991/2085/2048 2007/2103/2066 1990/2086/2049
f 1991/2085/2048 2008/2104/2067 2007/2103/2066
f 1992/2087/2050 2009/2105/2068 2008/2104/2067
f 2010/2106/2069 1993/2088/2051 1994/2089/2052
f 2379/2107/2070 1994/2089/2052 2374/2090/2053
f 1999/2097/2060 2011/2108/2071 1981/2077/2040
f 2000/2098/2061 2012/2109/2072 1999/2097/2060
f 1984/2078/2041 2013/2110/2073 2000/2098/2061
f 1984/2078/2041 2001/2099/2062 2030/2111/2074
f 2003/2112/2075 2015/2113/2076 2002/2079/2042
f 2003/2112/2075 2016/2114/2077 2015/2113/2076
f 2004/2100/2063 2017/2115/2078 2016/2114/2077
f 2005/2101/2064 2017/2115/2078 2004/2100/2063
f 2006/2102/2065 2020/2116/2079 2019/2117/2080
f 2007/2103/2066 2021/2118/2081 2020/2116/2079
f 2009/2105/2068 2022/2119/2082 2008/2104/2067
f 2009/2105/2068 2023/2120/2083 2022/2119/2082
f 2024/2121/2084 2009/2105/2068 2010/2106/2069
f 2384/2122/2085 2010/2106/2069 2379/2107/2070
f 1997/2094/2057 2026/2123/2086 2025/2124/2087
f 1998/2095/2058 2027/2125/2088 2026/2123/2086
f 2012/2109/2072 2027/2125/2088 2011/2108/2071
f 2012/2109/2072 2029/2126/2089 2028/2127/2090
f 2014/2128/2091 2048/2129/2092 1985/2080/2043
f 2014/2128/2091 2032/2130/2093 2031/2131/2094
f 2015/2113/2076 2033/2132/2095 2032/2130/2093
f 2017/2115/2078 2033/2132/2095 2016/2114/2077
f 2018/2133/2096 2034/2134/2097 2017/2115/2078
f 2018/2133/2096 2035/2135/2098 2034/2134/2097
f 2019/2117/2080 2035/2135/2098 2018/2133/2096
f 2019/2117/2080 2036/2136/2099 2035/2135/2098
f 2021/2118/2081 2036/2136/2099 2020/2116/2079
f 2039/2137/2100 2023/2120/2083 2024/2121/2084
f 2384/2122/2085 2039/2137/2100 2024/2121/2084
f 1963/2056/2019 2040/1096/1078 2075/1098/1080
f 1963/2056/2019 2041/2138/2101 2040/1096/1078
f 1996/2093/2056 2041/2138/2101 1995/2092/2055
f 2025/2124/2087 2042/2139/2102 1996/2093/2056
f 2027/2125/2088 2044/2140/2103 2043/2141/2104
f 2028/2127/2090 2045/2142/2105 2044/2140/2103
f 2030/2111/2074 2045/2142/2105 2029/2126/2089
f 2001/2099/2062 2046/2143/2106 2030/2111/2074
f 2001/2099/2062 2048/2129/2092 2047/2144/2107
f 2014/2128/2091 2031/2131/2094 2048/2129/2092
f 2032/2130/2093 2050/2145/2108 2049/2146/2109
f 2034/2134/2097 2050/2145/2108 2033/2132/2095
f 2034/2134/2097 2052/2147/2110 2051/2148/2111
f 2037/2149/2112 2054/2150/2113 2036/2136/2099
f 2037/2149/2112 2055/2151/2114 2054/2150/2113
f 2038/2152/2115 2055/2151/2114 2037/2149/2112
f 2038/2152/2115 2056/2153/2116 2055/2151/2114
f 2057/2154/2117 2038/2152/2115 2039/2137/2100
f 2389/2155/2118 2057/2154/2117 2039/2137/2100
f 2025/2124/2087 2059/2156/2119 2058/2157/2120
f 2026/2123/2086 2060/2158/2121 2059/2156/2119
f 2044/2140/2103 2060/2158/2121 2043/2141/2104
f 2045/2142/2105 2061/2159/2122 2044/2140/2103
f 2045/2142/2105 2063/2160/2123 2062/2161/2124
f 2047/2144/2107 2063/2160/2123 2046/2143/2106
f 2048/2129/2092 2065/2162/2125 2064/2163/2126
f 2050/2145/2108 2066/2164/2127 2049/2146/2109
f 2050/2145/2108 2067/2165/2128 2066/2164/2127
f 2050/2145/2108 2068/2166/2129 2067/2165/2128
f 2052/2147/2110 2068/2166/2129 2051/2148/2111
f 2053/2167/2130 2070/2168/2131 2069/2169/2132
f 2054/2150/2113 2070/2168/2131 2053/2167/2130
f 2055/2151/2114 2071/2170/2133 2054/2150/2113
f 2055/2151/2114 2073/2171/2134 2072/2172/2135
f 2074/2173/2136 2056/2153/2116 2057/2154/2117
f 2394/2174/2137 2074/2173/2136 2057/2154/2117
f 2058/2157/2120 2076/1127/1109 2042/2139/2102
f 2060/2158/2121 2078/2175/2138 2077/1104/1086
f 2061/2159/2122 2079/2176/2139 2078/2175/2138
f 2065/2162/2125 2081/2177/2140 2080/2178/2141
f 2067/2165/2128 2081/2177/2140 2066/2164/2127
f 2068/2166/2129 2083/2179/2142 2082/2180/2143
f 2069/2169/2132 2083/2179/2142 2068/2166/2129
f 2069/2169/2132 2084/2181/2144 2083/2179/2142
f 2070/2168/2131 2084/2181/2144 2069/2169/2132
f 2070/2168/2131 2085/2182/2145 2084/2181/2144
f 2072/2172/2135 2085/2182/2145 2071/2170/2133
f 2073/2171/2134 2086/2183/2146 2072/2172/2135
f 2088/2184/2147 2073/2171/2134 2074/2173/2136
f 2399/2185/2148 2088/2184/2147 2074/2173/2136
f 2076/1127/1109 1078/1099/1081 2041/2138/2101
f 2058/2157/2120 1080/1100/1082 1079/1131/1113
f 2059/2156/2119 2077/1104/1086 1080/1100/1082
f 2079/2176/2139 1081/1103/1085 2078/2175/2138
f 2079/2176/2139 1083/1107/1089 1082/1105/1087
f 2047/2144/2107 1083/1107/1089 2063/2160/2123
f 2047/2144/2107 1085/1156/1138 1084/1135/1117
f 2064/2163/2126 1086/1139/1121 1085/1156/1138
f 2080/2178/2141 1086/1139/1121 2065/2162/2125
f 2082/2180/2143 1088/1111/1093 2081/2177/2140
f 2082/2180/2143 1089/1113/1095 1088/1111/1093
f 2084/2181/2144 1092/1119/1101 1091/1116/1098
f 2085/2182/2145 1093/1120/1102 1092/1119/1101
f 2086/2183/2146 1094/1123/1105 1093/1120/1102
f 2087/2186/2149 1094/1123/1105 2086/2183/2146
f 1095/1124/1106 2087/2186/2149 2088/2184/2147
f 2091/1126/1108 2088/2184/2147 2404/2187/2150
f 2093/1125/1107 2092/2188/2151 2094/2189/2152
f 2092/2188/2151 2095/2190/2153 2094/2189/2152
f 2097/2191/2154 2096/1092/2155 2098/769/2156
f 2097/2191/2154 2090/2192/2157 2089/2193/2158
f 2099/1149/1131 2094/2189/2152 2100/2194/2159
f 2094/2189/2152 2101/2195/2160 2100/2194/2159
f 2102/2196/2161 2098/769/2156 2103/779/2162
f 2097/2191/2154 2101/2195/2160 2095/2190/2153
f 2104/1180/1162 2100/2194/2159 2105/2197/2163
f 2100/2194/2159 2106/2198/2164 2105/2197/2163
f 2107/2199/2165 2103/779/2162 2108/784/2166
f 2102/2196/2161 2106/2198/2164 2101/2195/2160
f 2104/1180/1162 2110/2200/2167 2109/1197/1179
f 2110/2200/2167 2106/2198/2164 2111/2201/2168
f 2112/2202/2169 2108/784/2166 2113/789/2170
f 2107/2199/2165 2111/2201/2168 2106/2198/2164
f 2109/1197/1179 2115/2203/2171 2114/1212/1194
f 2110/2200/2167 2116/2204/2172 2115/2203/2171
f 2117/2205/2173 2113/789/2170 2118/794/2174
f 2117/2205/2173 2111/2201/2168 2112/2202/2169
f 2114/1212/1194 2120/2206/2175 2119/1229/1211
f 2120/2206/2175 2116/2204/2172 2121/2207/2176
f 2122/2208/2177 2118/794/2174 2123/799/2178
f 2122/2208/2177 2116/2204/2172 2117/2205/2173
f 2124/1247/1229 2120/2206/2175 2125/2209/2179
f 2120/2206/2175 2126/2210/2180 2125/2209/2179
f 2127/2211/2181 2123/799/2178 2128/803/2182
f 2127/2211/2181 2121/2207/2176 2122/2208/2177
f 2129/1246/1228 2125/2209/2179 2130/2212/2183
f 2125/2209/2179 2131/2213/2184 2130/2212/2183
f 2127/2211/2181 2133/808/2185 2132/2214/2186
f 2127/2211/2181 2131/2213/2184 2126/2210/2180
f 2134/1278/1260 2130/2212/2183 2135/2215/2187
f 2130/2212/2183 2136/2216/2188 2135/2215/2187
f 2132/2214/2186 2138/813/2189 2137/2217/2190
f 2132/2214/2186 2136/2216/2188 2131/2213/2184
f 2139/1277/1259 2135/2215/2187 2140/2218/2191
f 2140/2218/2191 2136/2216/2188 2141/2219/2192
f 2142/2220/2193 2138/813/2189 2143/819/2194
f 2137/2217/2190 2141/2219/2192 2136/2216/2188
f 2139/1277/1259 2145/2221/2195 2144/1295/1277
f 2145/2221/2195 2141/2219/2192 2146/2222/2196
f 2147/2223/2197 2143/819/2194 2148/824/2198
f 2147/2223/2197 2141/2219/2192 2142/2220/2193
f 2149/1313/1295 2145/2221/2195 2150/2224/2199
f 2150/2224/2199 2146/2222/2196 2151/2225/2200
f 2152/2226/2201 2148/824/2198 2153/829/2202
f 2152/2226/2201 2146/2222/2196 2147/2223/2197
f 2154/1343/1325 2150/2224/2199 2155/2227/2203
f 2150/2224/2199 2156/2228/2204 2155/2227/2203
f 2152/2226/2201 2158/833/2205 2157/2229/2206
f 2157/2229/2206 2151/2225/2200 2152/2226/2201
f 2154/1343/1325 2160/2230/2207 2159/1359/1341
f 2160/2230/2207 2156/2228/2204 2161/2231/2208
f 2157/2229/2206 2163/838/2209 2162/2232/2210
f 2157/2229/2206 2161/2231/2208 2156/2228/2204
f 2159/1359/1341 2165/2233/2211 2164/1383/1364
f 2165/2233/2211 2161/2231/2208 2166/2234/2212
f 2162/2232/2210 2168/844/2213 2167/2235/2214
f 2167/2235/2214 2161/2231/2208 2162/2232/2210
f 2169/1382/1363 2165/2233/2211 2170/2236/2215
f 2165/2233/2211 2171/2237/2216 2170/2236/2215
f 2172/2238/2217 2168/844/2213 2173/849/2218
f 2172/2238/2217 2166/2234/2212 2167/2235/2214
f 2174/1400/1381 2170/2236/2215 2175/2239/2219
f 2175/2239/2219 2171/2237/2216 2176/2240/2220
f 2172/2238/2217 2178/853/2221 2177/2241/2222
f 2172/2238/2217 2176/2240/2220 2171/2237/2216
f 2179/1417/1398 2175/2239/2219 2180/2242/2223
f 2180/2242/2223 2176/2240/2220 2181/2243/2224
f 2177/2241/2222 2183/858/2225 2182/2244/2226
f 2177/2241/2222 2181/2243/2224 2176/2240/2220
f 2179/1417/1398 2185/2245/2227 2184/1432/1413
f 2180/2242/2223 2186/2246/2228 2185/2245/2227
f 2182/2244/2226 2188/864/2229 2187/2247/2230
f 2182/2244/2226 2186/2246/2228 2181/2243/2224
f 2184/1432/1413 2190/2248/2231 2189/1450/1431
f 2190/2248/2231 2186/2246/2228 2191/2249/2232
f 2187/2247/2230 2193/869/2233 2192/2250/2234
f 2187/2247/2230 2191/2249/2232 2186/2246/2228
f 2189/1450/1431 2195/2251/2235 2194/1468/1449
f 2195/2251/2235 2191/2249/2232 2196/2252/2236
f 2197/2253/2237 2193/869/2233 2198/874/2238
f 2197/2253/2237 2191/2249/2232 2192/2250/2234
f 2194/1468/1449 2200/2254/2239 2199/1485/1466
f 2200/2254/2239 2196/2252/2236 2201/2255/2240
f 2202/2256/2241 2198/874/2238 2203/879/2242
f 2202/2256/2241 2196/2252/2236 2197/2253/2237
f 2199/1485/1466 2205/2257/2243 2204/1503/1484
f 2205/2257/2243 2201/2255/2240 2206/2258/2244
f 2202/2256/2241 2208/884/2245 2207/2259/2246
f 2202/2256/2241 2206/2258/2244 2201/2255/2240
f 2204/1503/1484 2210/2260/2247 2209/1530/1511
f 2210/2260/2247 2206/2258/2244 2211/2261/2248
f 2207/2259/2246 2213/889/2249 2212/2262/2250
f 2207/2259/2246 2211/2261/2248 2206/2258/2244
f 2209/1530/1511 2215/2263/2251 2214/1551/1532
f 2210/2260/2247 2216/2264/2252 2215/2263/2251
f 2217/2265/2253 2213/889/2249 2218/893/2254
f 2217/2265/2253 2211/2261/2248 2212/2262/2250
f 2219/1550/1531 2215/2263/2251 2220/2266/2255
f 2215/2263/2251 2221/2267/2256 2220/2266/2255
f 2217/2265/2253 2223/898/2257 2222/2268/2258
f 2217/2265/2253 2221/2267/2256 2216/2264/2252
f 2219/1550/1531 2225/2269/2259 2224/1563/1544
f 2225/2269/2259 2221/2267/2256 2226/2270/2260
f 2227/2271/2261 2223/898/2257 2228/904/2262
f 2227/2271/2261 2221/2267/2256 2222/2268/2258
f 2229/1599/1580 2225/2269/2259 2230/2272/2263
f 2230/2272/2263 2226/2270/2260 2231/2273/2264
f 2232/2274/2265 2228/904/2262 2233/909/2266
f 2232/2274/2265 2226/2270/2260 2227/2271/2261
f 2229/1599/1580 2235/2275/2267 2234/1614/1595
f 2230/2272/2263 2236/2276/2268 2235/2275/2267
f 2232/2274/2265 2238/913/2269 2237/2277/2270
f 2232/2274/2265 2236/2276/2268 2231/2273/2264
f 2234/1614/1595 2240/2278/2271 2239/1630/1611
f 2235/2275/2267 2241/2279/2272 2240/2278/2271
f 2242/2280/2273 2238/913/2269 2243/918/2274
f 2242/2280/2273 2236/2276/2268 2237/2277/2270
f 2244/1648/1629 2240/2278/2271 2245/2281/2275
f 2240/2278/2271 2246/2282/2276 2245/2281/2275
f 2242/2280/2273 2248/924/2277 2247/2283/2278
f 2247/2283/2278 2241/2279/2272 2242/2280/2273
f 2249/2284/1644 2245/2281/2275 2250/2285/2279
f 2245/2281/2275 2251/2286/2280 2250/2285/2279
f 2247/2283/2278 2253/929/2281 2252/2287/2282
f 2247/2283/2278 2251/2286/2280 2246/2282/2276
f 2254/1676/1643 2250/2288/2279 2255/2289/2283
f 2250/2288/2279 2256/2290/2284 2255/2289/2283
f 2252/2291/2282 2258/935/2285 2257/2292/2286
f 2252/2291/2282 2256/2290/2284 2251/2293/2280
f 2259/1703/1667 2255/2289/2283 2260/2294/2287
f 2255/2289/2283 2261/2295/2288 2260/2294/2287
f 2262/2296/2289 2258/935/2285 2263/943/2290
f 2257/2292/2286 2261/2295/2288 2256/2290/2284
f 2264/1715/1679 2260/2294/2287 2265/2297/2291
f 2260/2294/2287 2266/2298/2292 2265/2297/2291
f 2262/2296/2289 2268/947/2293 2267/2299/2294
f 2262/2296/2289 2266/2298/2292 2261/2295/2288
f 2264/1715/1679 2270/2300/2295 2269/1750/1713
f 2265/2297/2291 2271/2301/2296 2270/2300/2295
f 2272/2302/2297 2268/947/2293 2273/952/2298
f 2272/2302/2297 2266/2298/2292 2267/2299/2294
f 2269/1750/1713 2275/2303/2299 2274/1771/1734
f 2275/2303/2299 2271/2301/2296 2276/2304/2300
f 2277/2305/2301 2273/952/2298 2278/957/2302
f 2277/2305/2301 2271/2301/2296 2272/2302/2297
f 2274/1771/1734 2280/2306/2303 2279/1783/1746
f 2280/2306/2303 2276/2304/2300 2281/2307/2304
f 2282/2308/2305 2278/957/2302 2283/962/2306
f 2282/2308/2305 2276/2304/2300 2277/2305/2301
f 2279/1783/1746 2285/2309/2307 2284/1801/1764
f 2285/2309/2307 2281/2307/2304 2286/2310/2308
f 2282/2308/2305 2288/967/2309 2287/2311/2310
f 2287/2311/2310 2281/2307/2304 2282/2308/2305
f 2284/1801/1764 2290/2312/2311 2289/1816/1779
f 2285/2309/2307 2291/2313/2312 2290/2312/2311
f 2292/2314/2313 2288/967/2309 2293/972/2314
f 2287/2311/2310 2291/2313/2312 2286/2310/2308
f 2294/1815/1778 2290/2312/2311 2295/2315/2315
f 2290/2312/2311 2296/2316/2316 2295/2315/2315
f 2292/2314/2313 2298/978/2317 2297/2317/2318
f 2292/2314/2313 2296/2316/2316 2291/2313/2312
f 2299/1835/1798 2295/2315/2315 2300/2318/2319
f 2295/2315/2315 2301/2319/2320 2300/2318/2319
f 2297/2317/2318 2303/983/2321 2302/2320/2322
f 2297/2317/2318 2301/2319/2320 2296/2316/2316
f 2304/1848/1811 2300/2318/2319 2305/2321/2323
f 2300/2318/2319 2306/2322/2324 2305/2321/2323
f 2307/2323/2325 2303/983/2321 2308/987/2326
f 2302/2320/2322 2306/2322/2324 2301/2319/2320
f 2309/1868/1831 2305/2321/2323 2310/2324/2327
f 2305/2321/2323 2311/2325/2328 2310/2324/2327
f 2312/2326/2329 2308/987/2326 2313/993/2330
f 2307/2323/2325 2311/2325/2328 2306/2322/2324
f 2314/1887/1850 2310/2324/2327 2315/2327/2331
f 2310/2324/2327 2316/2328/2332 2315/2327/2331
f 2317/2329/2333 2313/993/2330 2318/998/2334
f 2317/2329/2333 2311/2325/2328 2312/2326/2329
f 2319/1903/1866 2315/2327/2331 2320/2330/2335
f 2315/2327/2331 2321/2331/2336 2320/2330/2335
f 2317/2329/2333 2323/1003/2337 2322/2332/2338
f 2317/2329/2333 2321/2331/2336 2316/2328/2332
f 2319/1903/1866 2325/2333/2339 2324/1936/1899
f 2320/2330/2335 2326/2334/2340 2325/2333/2339
f 2322/2332/2338 2328/1008/2341 2327/2335/2342
f 2322/2332/2338 2326/2334/2340 2321/2331/2336
f 2324/1936/1899 2330/2336/2343 2329/1955/1918
f 2325/2333/2339 2331/2337/2344 2330/2336/2343
f 2327/2335/2342 2333/1013/2345 2332/2338/2346
f 2327/2335/2342 2331/2337/2344 2326/2334/2340
f 2334/1954/1917 2330/2336/2343 2335/2339/2347
f 2335/2339/2347 2331/2337/2344 2336/2340/2348
f 2332/2338/2346 2338/1018/2349 2337/2341/2350
f 2332/2338/2346 2336/2340/2348 2331/2337/2344
f 2339/1974/1937 2335/2339/2347 2340/2342/2351
f 2340/2342/2351 2336/2340/2348 2341/2343/2352
f 2337/2341/2350 2343/1022/2353 2342/2344/2354
f 2337/2341/2350 2341/2343/2352 2336/2340/2348
f 2344/1991/1954 2340/2342/2351 2345/2345/2355
f 2340/2342/2351 2346/2346/2356 2345/2345/2355
f 2347/2347/2357 2343/1022/2353 2348/1027/2358
f 2347/2347/2357 2341/2343/2352 2342/2344/2354
f 2349/2018/1981 2345/2345/2355 2350/2348/2359
f 2350/2348/2359 2346/2346/2356 2351/2349/2360
f 2347/2347/2357 2353/1032/2361 2352/2350/2362
f 2352/2350/2362 2346/2346/2356 2347/2347/2357
f 2354/2041/2004 2350/2348/2359 2355/2351/2363
f 2355/2351/2363 2351/2349/2360 2356/2352/2364
f 2357/2353/2365 2353/1032/2361 2358/1037/2366
f 2357/2353/2365 2351/2349/2360 2352/2350/2362
f 2359/2040/2003 2355/2351/2363 2360/2354/2367
f 2360/2354/2367 2356/2352/2364 2361/2355/2368
f 2362/2356/2369 2358/1037/2366 2363/1043/2370
f 2362/2356/2369 2356/2352/2364 2357/2353/2365
f 2364/2074/2037 2360/2354/2367 2365/2357/2371
f 2360/2354/2367 2366/2358/2372 2365/2357/2371
f 2362/2356/2369 2368/1047/2373 2367/2359/2374
f 2367/2359/2374 2361/2355/2368 2362/2356/2369
f 2369/2091/2054 2365/2357/2371 2370/2360/2375
f 2370/2360/2375 2366/2358/2372 2371/2361/2376
f 2367/2359/2374 2373/1053/2377 2372/2362/2378
f 2372/2362/2378 2366/2358/2372 2367/2359/2374
f 2374/2090/2053 2370/2360/2375 2375/2363/2379
f 2370/2360/2375 2376/2364/2380 2375/2363/2379
f 2372/2362/2378 2378/1057/2381 2377/2365/2382
f 2377/2365/2382 2371/2361/2376 2372/2362/2378
f 2379/2107/2070 2375/2363/2379 2380/2366/2383
f 2375/2363/2379 2381/2367/2384 2380/2366/2383
f 2382/2368/2385 2378/1057/2381 2383/1063/2386
f 2377/2365/2382 2381/2367/2384 2376/2364/2380
f 2379/2107/2070 2385/2369/2387 2384/2122/2085
f 2380/2366/2383 2386/2370/2388 2385/2369/2387
f 2387/2371/2389 2383/1063/2386 2388/1068/2390
f 2387/2371/2389 2381/2367/2384 2382/2368/2385
f 2384/2122/2085 2390/2372/2391 2389/2155/2118
f 2390/2372/2391 2386/2370/2388 2391/2373/2392
f 2392/2374/2393 2388/1068/2390 2393/1072/2394
f 2392/2374/2393 2386/2370/2388 2387/2371/2389
f 2389/2155/2118 2395/2375/2395 2394/2174/2137
f 2395/2375/2395 2391/2373/2392 2396/2376/2396
f 2392/2374/2393 2398/1077/2397 2397/2377/2398
f 2397/2377/2398 2391/2373/2392 2392/2374/2393
f 2394/2174/2137 2400/2378/2399 2399/2185/2148
f 2400/2378/2399 2396/2376/2396 2401/2379/2400
f 2397/2377/2398 2403/1082/2401 2402/2380/2402
f 2402/2380/2402 2396/2376/2396 2397/2377/2398
f 2400/2378/2399 2404/2187/2150 2399/2185/2148
f 2401/2379/2400 2405/2381/2403 2400/2378/2399
f 2403/1082/2401 2407/2382/2404 2402/2380/2402
f 2407/2382/2404 2401/2379/2400 2402/2380/2402
f 2404/2187/2150 2092/2188/2151 2091/1126/1108
f 2405/2381/2403 2090/2192/2157 2092/2188/2151
f 2089/2193/2158 2408/1088/2405 2096/1092/2155
f 2407/2382/2404 2090/2192/2157 2406/2383/2406
f 1080/1100/1082 1097/1102/1084 1079/1131/1113
f 1080/1100/1082 2077/1104/1086 1098/1101/1083
f 1081/1103/1085 1099/1106/1088 1098/1101/1083
f 1082/1105/1087 1100/1108/1090 1099/1106/1088
f 1087/1110/1092 1101/1137/1119 1086/1139/1121
f 1102/1109/1091 1101/1137/1119 1087/1110/1092
f 1088/1111/1093 1103/1112/1094 1102/1109/1091
f 1089/1113/1095 1104/1115/1097 1103/1112/1094
f 1105/1117/1099 1104/1115/1097 1090/1114/1096
f 1091/1116/1098 1106/1118/1100 1105/1117/1099
f 1092/1119/1101 1107/1121/1103 1106/1118/1100
f 1108/1122/1104 1107/1121/1103 1093/1120/1102
f 1095/1124/1106 1109/1148/1130 1108/1122/1104
f 2093/1125/1107 1109/1148/1130 1095/1124/1106
f 1096/1097/1079 1078/1099/1081 1110/1128/1110
f 2076/1127/1109 1111/1130/1112 1110/1128/1110
f 2076/1127/1109 1079/1131/1113 1112/1129/1111
f 1097/1102/1084 1098/1101/1083 1113/1132/1114
f 1099/1106/1088 1114/1133/1115 1113/1132/1114
f 1100/1108/1090 1115/1134/1116 1114/1133/1115
f 1083/1107/1089 1116/1136/1118 1115/1134/1116
f 1085/1156/1138 1132/1155/1137 1084/1135/1117
f 1085/1156/1138 1086/1139/1121 1117/1138/1120
f 1101/1137/1119 1118/1141/1123 1117/1138/1120
f 1101/1137/1119 1102/1109/1091 1119/1140/1122
f 1102/1109/1091 1103/1112/1094 1120/1142/1124
f 1103/1112/1094 1104/1115/1097 1121/1143/1125
f 1105/1117/1099 1122/1145/1127 1121/1143/1125
f 1105/1117/1099 1106/1118/1100 1122/1145/1127
f 1106/1118/1100 1107/1121/1103 1123/1144/1126
f 1107/1121/1103 1124/1146/1128 1123/1144/1126
f 1109/1148/1130 1126/1164/1146 1125/1147/1129
f 2099/1149/1131 1126/1164/1146 1109/1148/1130
f 1112/1129/1111 1127/1150/1132 1111/1130/1112
f 1097/1102/1084 1128/1152/1134 1127/1150/1132
f 1097/1102/1084 1113/1132/1114 1129/1151/1133
f 1113/1132/1114 1114/1133/1115 1130/1153/1135
f 1115/1134/1116 1131/1154/1136 1130/1153/1135
f 1117/1138/1120 1118/1141/1123 1133/2384/2407
f 1118/1141/1123 1134/1157/1139 1133/2384/2407
f 1119/1140/1122 1120/1142/1124 1135/1158/1140
f 1121/1143/1125 1136/1160/1142 1135/1158/1140
f 1121/1143/1125 1122/1145/1127 1137/1159/1141
f 1123/1144/1126 1138/1161/1143 1137/1159/1141
f 1124/1146/1128 1139/1163/1145 1138/1161/1143
f 1124/1146/1128 1125/1147/1129 1140/1162/1144
f 1126/1164/1146 1141/1165/1147 1140/1162/1144
f 2099/1149/1131 2104/1180/1162 1141/1165/1147
f 1128/1152/1134 1142/1167/1149 1127/1150/1132
f 1128/1152/1134 1129/1151/1133 1143/1166/1148
f 1129/1151/1133 1130/1153/1135 1144/1168/1150
f 1131/1154/1136 1145/1169/1151 1144/1168/1150
f 1116/1136/1118 1146/1171/1153 1145/1169/1151
f 1116/1136/1118 1084/1135/1117 1147/1170/1152
f 1117/1138/1120 1133/2384/2407 1149/1173/1155
f 1133/2384/2407 1134/1157/1139 1149/1173/1155
f 1134/1157/1139 1150/1189/1171 1149/1173/1155
f 1134/1157/1139 1135/1158/1140 1150/1189/1171
f 1135/1158/1140 1151/1175/1157 1150/1189/1171
f 1135/1158/1140 1136/1160/1142 1151/1175/1157
f 1136/1160/1142 1137/1159/1141 1152/1174/1156
f 1137/1159/1141 1153/1176/1158 1152/1174/1156
f 1138/1161/1143 1154/1177/1159 1153/1176/1158
f 1139/1163/1145 1155/1178/1160 1154/1177/1159
f 1140/1162/1144 1156/1194/1176 1155/1178/1160
f 1157/1179/1161 1156/1194/1176 1140/1162/1144
f 2104/1180/1162 2109/1197/1179 1157/1179/1161
f 1111/1130/1112 1158/1181/1163 1110/1128/1110
f 1127/1150/1132 1159/1182/1164 1158/1181/1163
f 1143/1166/1148 1144/1168/1150 1160/1183/1165
f 1145/1169/1151 1161/1185/1167 1160/1183/1165
f 1145/1169/1151 1146/1171/1153 1162/1184/1166
f 1147/1170/1152 1132/1155/1137 1178/1186/1168
f 1149/1173/1155 1163/1188/1170 1148/1172/1154
f 1153/1176/1158 1154/1177/1159 1168/1193/1175
f 1155/1178/1160 1169/1195/1177 1168/1193/1175
f 1156/1194/1176 1170/1210/1192 1169/1195/1177
f 1171/1196/1178 1170/1210/1192 1156/1194/1176
f 2109/1197/1179 2114/1212/1194 1171/1196/1178
f 1110/1128/1110 1173/1199/1181 1172/1198/1180
f 1159/1182/1164 1142/1167/1149 1174/1201/1183
f 1142/1167/1149 1143/1166/1148 1175/1200/1182
f 1160/1183/1165 1176/1202/1184 1175/1200/1182
f 1161/1185/1167 1177/1203/1185 1176/1202/1184
f 1163/1188/1170 1164/1187/1169 1180/1206/1188
f 1164/1187/1169 1165/1190/1172 1181/1205/1187
f 1165/1190/1172 1182/1222/1204 1181/1205/1187
f 1165/1190/1172 1166/1191/1173 1182/1222/1204
f 1166/1191/1173 1183/1223/1205 1182/1222/1204
f 1166/1191/1173 1167/1192/1174 1183/1223/1205
f 1167/1192/1174 1184/1208/1190 1183/1223/1205
f 1167/1192/1174 1168/1193/1175 1184/1208/1190
f 1187/1211/1193 1186/1209/1191 1170/1210/1192
f 2114/1212/1194 2119/1229/1211 1187/1211/1193
f 1158/1181/1163 1188/1214/1196 1173/1199/1181
f 1158/1181/1163 1159/1182/1164 1189/1213/1195
f 1175/1200/1182 1190/1215/1197 1174/1201/1183
f 1176/1202/1184 1191/1217/1199 1190/1215/1197
f 1176/1202/1184 1177/1203/1185 1192/1216/1198
f 1177/1203/1185 1162/1184/1166 1193/1218/1200
f 1147/1170/1152 1194/1220/1202 1193/1218/1200
f 1147/1170/1152 1178/1186/1168 1209/1219/1201
f 1163/1188/1170 1195/1234/1216 1179/1204/1186
f 1163/1188/1170 1180/1206/1188 1195/1234/1216
f 1180/1206/1188 1196/1221/1203 1195/1234/1216
f 1182/1222/1204 1197/1224/1206 1196/1221/1203
f 1183/1223/1205 1198/1225/1207 1197/1224/1206
f 1184/1208/1190 1199/1227/1209 1198/1225/1207
f 1184/1208/1190 1185/1207/1189 1200/1226/1208
f 1185/1207/1189 1201/1242/1224 1200/1226/1208
f 1185/1207/1189 1186/1209/1191 1201/1242/1224
f 1186/1209/1191 1202/1244/1226 1201/1242/1224
f 1203/1228/1210 1202/1244/1226 1186/1209/1191
f 2119/1229/1211 2124/1247/1229 1203/1228/1210
f 1189/1213/1195 1204/1231/1213 1188/1214/1196
f 1189/1213/1195 1174/1201/1183 1205/1230/1212
f 1190/1215/1197 1206/1233/1215 1205/1230/1212
f 1190/1215/1197 1191/1217/1199 1207/1232/1214
f 1192/1216/1198 1208/1250/1232 1207/1232/1214
f 1192/1216/1198 1193/1218/1200 1208/1250/1232
f 1179/1204/1186 1210/1236/1218 1209/1219/1201
f 1179/1204/1186 1195/1234/1216 1210/1236/1218
f 1195/1234/1216 1196/1221/1203 1211/1235/1217
f 1196/1221/1203 1212/1238/1220 1211/1235/1217
f 1196/1221/1203 1197/1224/1206 1212/1238/1220
f 1197/1224/1206 1198/1225/1207 1213/1237/1219
f 1199/1227/1209 1215/1241/1223 1214/1239/1221
f 1199/1227/1209 1200/1226/1208 1216/1240/1222
f 1200/1226/1208 1201/1242/1224 1216/1240/1222
f 1218/1245/1227 1217/1243/1225 1202/1244/1226
f 2129/1246/1228 1218/1245/1227 1203/1228/1210
f 1172/1198/1180 1173/1199/1181 1219/1248/1230
f 1205/1230/1212 1220/1249/1231 1204/1231/1213
f 1206/1233/1215 1207/1232/1214 1221/1251/1233
f 1208/1250/1232 1222/1253/1235 1221/1251/1233
f 1208/1250/1232 1193/1218/1200 1223/1252/1234
f 1209/1219/1201 1224/1254/1236 1194/1220/1202
f 1210/1236/1218 1211/1235/1217 1225/1256/1238
f 1212/1238/1220 1227/1257/1239 1226/1255/1237
f 1213/1237/1219 1228/1259/1241 1227/1257/1239
f 1213/1237/1219 1214/1239/1221 1229/1258/1240
f 1214/1239/1221 1215/1241/1223 1230/1260/1242
f 1215/1241/1223 1216/1240/1222 1231/1261/1243
f 1216/1240/1222 1217/1243/1225 1232/1262/1244
f 1233/1263/1245 1232/1262/1244 1217/1243/1225
f 2129/1246/1228 2134/1278/1260 1233/1263/1245
f 1188/1214/1196 1234/1265/1247 1219/1248/1230
f 1188/1214/1196 1204/1231/1213 1235/1264/1246
f 1206/1233/1215 1236/1267/1249 1220/1249/1231
f 1206/1233/1215 1221/1251/1233 1237/1266/1248
f 1221/1251/1233 1222/1253/1235 1238/1268/1250
f 1222/1253/1235 1223/1252/1234 1238/1268/1250
f 1223/1252/1234 1239/1269/1251 1238/1268/1250
f 1224/1254/1236 1210/1236/1218 1240/1271/1253
f 1210/1236/1218 1225/1256/1238 1241/1270/1252
f 1225/1256/1238 1226/1255/1237 1242/1272/1254
f 1228/1259/1241 1244/1274/1256 1243/1273/1255
f 1229/1258/1240 1245/1287/1269 1244/1274/1256
f 1229/1258/1240 1230/1260/1242 1245/1287/1269
f 1230/1260/1242 1246/1290/1272 1245/1287/1269
f 1230/1260/1242 1231/1261/1243 1246/1290/1272
f 1231/1261/1243 1247/1275/1257 1246/1290/1272
f 1232/1262/1244 1248/1276/1258 1247/1275/1257
f 1233/1263/1245 1249/1294/1276 1248/1276/1258
f 2139/1277/1259 1249/1294/1276 1233/1263/1245
f 1220/1249/1231 1250/1279/1261 1235/1264/1246
f 1236/1267/1249 1237/1266/1248 1251/1281/1263
f 1237/1266/1248 1238/1268/1250 1252/1280/1262
f 1239/1269/1251 1224/1254/1236 1254/1283/1265
f 1240/1271/1253 1241/1270/1252 1255/1303/1285
f 1241/1270/1252 1256/1284/1266 1255/1303/1285
f 1242/1272/1254 1257/1285/1267 1256/1284/1266
f 1243/1273/1255 1244/1274/1256 1258/1286/1268
f 1244/1274/1256 1259/1288/1270 1258/1286/1268
f 1245/1287/1269 1246/1290/1272 1260/1289/1271
f 1246/1290/1272 1247/1275/1257 1262/1292/1274
f 1248/1276/1258 1263/1311/1293 1262/1292/1274
f 1264/1293/1275 1263/1311/1293 1248/1276/1258
f 2144/1295/1277 1264/1293/1275 1249/1294/1276
f 1235/1264/1246 1266/1297/1279 1234/1265/1247
f 1250/1279/1261 1267/1299/1281 1266/1297/1279
f 1250/1279/1261 1236/1267/1249 1268/1298/1280
f 1251/1281/1263 1269/1301/1283 1268/1298/1280
f 1251/1281/1263 1252/1280/1262 1270/1300/1282
f 1239/1269/1251 1288/1319/1301 1253/1282/1264
f 1239/1269/1251 1271/1302/1284 1288/1319/1301
f 1240/1271/1253 1272/1304/1286 1254/1283/1265
f 1255/1303/1285 1256/1284/1266 1273/1305/1287
f 1256/1284/1266 1274/1324/1306 1273/1305/1287
f 1256/1284/1266 1257/1285/1267 1274/1324/1306
f 1257/1285/1267 1275/1306/1288 1274/1324/1306
f 1259/1288/1270 1276/1308/1290 1275/1306/1288
f 1259/1288/1270 1260/1289/1271 1277/1307/1289
f 1261/1291/1273 1262/1292/1274 1279/1310/1292
f 1263/1311/1293 1280/1327/1309 1279/1310/1292
f 1281/1312/1294 1280/1327/1309 1263/1311/1293
f 2149/1313/1295 1281/1312/1294 1264/1293/1275
f 1265/1296/1278 1219/1248/1230 1282/1315/1297
f 1219/1248/1230 1234/1265/1247 1283/1314/1296
f 1234/1265/1247 1266/1297/1279 1284/1316/1298
f 1267/1299/1281 1268/1298/1280 1285/1318/1300
f 1268/1298/1280 1269/1301/1283 1286/1317/1299
f 1270/1300/1282 1287/1320/1302 1286/1317/1299
f 1270/1300/1282 1253/1282/1264 1288/1319/1301
f 1254/1283/1265 1289/1321/1303 1271/1302/1284
f 1272/1304/1286 1302/1335/1317 1289/1321/1303
f 1272/1304/1286 1290/1323/1305 1302/1335/1317
f 1272/1304/1286 1273/1305/1287 1290/1323/1305
f 1273/1305/1287 1274/1324/1306 1291/1322/1304
f 1275/1306/1288 1292/1326/1308 1291/1322/1304
f 1275/1306/1288 1276/1308/1290 1293/1325/1307
f 1277/1307/1289 1294/1337/1319 1293/1325/1307
f 1277/1307/1289 1278/1309/1291 1294/1337/1319
f 1278/1309/1291 1295/1340/1322 1294/1337/1319
f 1278/1309/1291 1279/1310/1292 1295/1340/1322
f 1279/1310/1292 1296/1328/1310 1295/1340/1322
f 1297/1329/1311 1296/1328/1310 1280/1327/1309
f 2149/1313/1295 2154/1343/1325 1297/1329/1311
f 1267/1299/1281 1298/1330/1312 1284/1316/1298
f 1286/1317/1299 1299/1331/1313 1285/1318/1300
f 1287/1320/1302 1300/1332/1314 1299/1331/1313
f 1288/1319/1301 1301/1333/1315 1300/1332/1314
f 1291/1322/1304 1292/1326/1308 1304/1336/1318
f 1292/1326/1308 1305/1352/1334 1304/1336/1318
f 1292/1326/1308 1293/1325/1307 1305/1352/1334
f 1293/1325/1307 1306/1338/1320 1305/1352/1334
f 1294/1337/1319 1295/1340/1322 1307/1339/1321
f 1296/1328/1310 1309/1358/1340 1308/1341/1323
f 1310/1342/1324 1309/1358/1340 1296/1328/1310
f 2154/1343/1325 2159/1359/1341 1310/1342/1324
f 1284/1316/1298 1311/1344/1326 1283/1314/1296
f 1285/1318/1300 1312/1345/1327 1298/1330/1312
f 1299/1331/1313 1313/1346/1328 1312/1345/1327
f 1300/1332/1314 1314/1348/1330 1313/1346/1328
f 1300/1332/1314 1301/1333/1315 1314/1348/1330
f 1302/1335/1317 1317/1391/1372 1316/1349/1331
f 1302/1335/1317 1318/1371/1352 1317/1391/1372
f 1302/1335/1317 1303/1334/1316 1318/1371/1352
f 1303/1334/1316 1319/1351/1333 1318/1371/1352
f 1303/1334/1316 1304/1336/1318 1319/1351/1333
f 1305/1352/1334 1321/1354/1336 1320/1350/1332
f 1305/1352/1334 1306/1338/1320 1322/1353/1335
f 1306/1338/1320 1323/1356/1338 1322/1353/1335
f 1306/1338/1320 1307/1339/1321 1323/1356/1338
f 1308/1341/1323 1325/1380/1361 1324/1355/1337
f 1308/1341/1323 1309/1358/1340 1325/1380/1361
f 1309/1358/1340 1326/1357/1339 1325/1380/1361
f 1310/1342/1324 1327/1360/1342 1326/1357/1339
f 2159/1359/1341 2164/1383/1364 1327/1360/1342
f 1265/1296/1278 1282/1315/1297 1329/1363/1344
f 1282/1315/1297 1283/1314/1296 1330/1364/1345
f 1283/1314/1296 1311/1344/1326 1331/1365/1346
f 1311/1344/1326 1298/1330/1312 1332/1366/1347
f 1298/1330/1312 1312/1345/1327 1333/1367/1348
f 1312/1345/1327 1313/1346/1328 1334/1368/1349
f 1313/1346/1328 1314/1348/1330 1335/1369/1350
f 1289/1321/1303 1351/1370/1351 1315/1347/1329
f 1318/1371/1352 1336/1373/1354 1317/1391/1372
f 1318/1371/1352 1319/1351/1333 1337/1372/1353
f 1319/1351/1333 1320/1350/1332 1338/1374/1355
f 1322/1353/1335 1340/1377/1358 1339/1375/1356
f 1322/1353/1335 1323/1356/1338 1340/1377/1358
f 1324/1355/1337 1325/1380/1361 1342/1378/1359
f 1325/1380/1361 1343/1379/1360 1342/1378/1359
f 1344/1381/1362 1343/1379/1360 1326/1357/1339
f 2169/1382/1363 1344/1381/1362 1327/1360/1342
f 1332/1366/1347 1345/1385/1366 1331/1365/1346
f 1332/1366/1347 1333/1367/1348 1346/1384/1365
f 1333/1367/1348 1334/1368/1349 1347/1386/1367
f 1335/1369/1350 1348/1388/1369 1347/1386/1367
f 1316/1349/1331 1317/1391/1372 1352/1390/1371
f 1336/1373/1354 1353/1393/1374 1352/1390/1371
f 1336/1373/1354 1337/1372/1353 1354/1392/1373
f 1337/1372/1353 1355/1394/1375 1354/1392/1373
f 1338/1374/1355 1356/1395/1376 1355/1394/1375
f 1340/1377/1358 1357/1397/1378 1356/1395/1376
f 1340/1377/1358 1341/1376/1357 1358/1396/1377
f 1341/1376/1357 1359/1398/1379 1358/1396/1377
f 1341/1376/1357 1342/1378/1359 1359/1398/1379
f 1343/1379/1360 1360/1399/1380 1359/1398/1379
f 1344/1381/1362 1361/1415/1396 1360/1399/1380
f 2174/1400/1381 1361/1415/1396 1344/1381/1362
f 1330/1364/1345 1362/1401/1382 1329/1363/1344
f 1331/1365/1346 1363/1402/1383 1362/1401/1382
f 1346/1384/1365 1364/1404/1385 1345/1385/1366
f 1346/1384/1365 1347/1386/1367 1365/1403/1384
f 1347/1386/1367 1348/1388/1369 1366/1405/1386
f 1348/1388/1369 1349/1387/1368 1366/1405/1386
f 1350/1389/1370 1351/1370/1351 1383/1423/1404
f 1352/1390/1371 1367/1407/1388 1351/1370/1351
f 1352/1390/1371 1353/1393/1374 1368/1406/1387
f 1354/1392/1373 1369/1409/1390 1368/1406/1387
f 1354/1392/1373 1355/1394/1375 1370/1408/1389
f 1356/1395/1376 1371/1411/1392 1370/1408/1389
f 1356/1395/1376 1357/1397/1378 1372/1410/1391
f 1358/1396/1377 1359/1398/1379 1374/1413/1394
f 1359/1398/1379 1375/1414/1395 1374/1413/1394
f 1360/1399/1380 1376/1416/1397 1375/1414/1395
f 1361/1415/1396 1377/1431/1412 1376/1416/1397
f 2179/1417/1398 1377/1431/1412 1361/1415/1396
f 1362/1401/1382 1363/1402/1383 1378/1419/1400
f 1363/1402/1383 1345/1385/1366 1379/1418/1399
f 1365/1403/1384 1380/1420/1401 1364/1404/1385
f 1366/1405/1386 1381/1422/1403 1380/1420/1401
f 1366/1405/1386 1349/1387/1368 1382/1421/1402
f 1367/1407/1388 1368/1406/1387 1384/1424/1405
f 1369/1409/1390 1385/1441/1422 1384/1424/1405
f 1369/1409/1390 1370/1408/1389 1385/1441/1422
f 1370/1408/1389 1386/1425/1406 1385/1441/1422
f 1372/1410/1391 1373/1412/1393 1388/1427/1408
f 1373/1412/1393 1374/1413/1394 1389/1428/1409
f 1375/1414/1395 1390/1429/1410 1389/1428/1409
f 1376/1416/1397 1391/1448/1429 1390/1429/1410
f 1392/1430/1411 1391/1448/1429 1376/1416/1397
f 2184/1432/1413 1392/1430/1411 1377/1431/1412
f 1379/1418/1399 1394/1435/1416 1378/1419/1400
f 1379/1418/1399 1364/1404/1385 1395/1434/1415
f 1380/1420/1401 1396/1436/1417 1395/1434/1415
f 1381/1422/1403 1397/1437/1418 1396/1436/1417
f 1382/1421/1402 1398/1456/1437 1397/1437/1418
f 1382/1421/1402 1399/1438/1419 1398/1456/1437
f 1382/1421/1402 1350/1389/1370 1399/1438/1419
f 1383/1423/1404 1400/1473/1454 1399/1438/1419
f 1367/1407/1388 1401/1440/1421 1383/1423/1404
f 1367/1407/1388 1384/1424/1405 1402/1439/1420
f 1385/1441/1422 1403/1443/1424 1402/1439/1420
f 1385/1441/1422 1386/1425/1406 1404/1442/1423
f 1386/1425/1406 1405/1461/1442 1404/1442/1423
f 1386/1425/1406 1387/1426/1407 1405/1461/1442
f 1387/1426/1407 1406/1445/1426 1405/1461/1442
f 1387/1426/1407 1388/1427/1408 1407/1444/1425
f 1388/1427/1408 1389/1428/1409 1408/1446/1427
f 1389/1428/1409 1390/1429/1410 1409/1447/1428
f 1391/1448/1429 1410/1467/1448 1409/1447/1428
f 1411/1449/1430 1410/1467/1448 1391/1448/1429
f 2189/1450/1431 1411/1449/1430 1392/1430/1411
f 1393/1433/1414 1329/1363/1344 1412/1451/1432
f 1362/1401/1382 1413/1453/1434 1412/1451/1432
f 1362/1401/1382 1378/1419/1400 1414/1452/1433
f 1395/1434/1415 1415/1455/1436 1394/1435/1416
f 1395/1434/1415 1396/1436/1417 1416/1454/1435
f 1397/1437/1418 1417/1457/1438 1416/1454/1435
f 1383/1423/1404 1432/1458/1439 1400/1473/1454
f 1401/1440/1421 1402/1439/1420 1418/1459/1440
f 1403/1443/1424 1419/1460/1441 1418/1459/1440
f 1404/1442/1423 1420/1462/1443 1419/1460/1441
f 1405/1461/1442 1421/1463/1444 1420/1462/1443
f 1406/1445/1426 1422/1479/1460 1421/1463/1444
f 1406/1445/1426 1407/1444/1425 1422/1479/1460
f 1407/1444/1425 1423/1464/1445 1422/1479/1460
f 1408/1446/1427 1424/1466/1447 1423/1464/1445
f 1408/1446/1427 1409/1447/1428 1424/1466/1447
f 1411/1449/1430 1426/1484/1465 1425/1465/1446
f 2194/1468/1449 1426/1484/1465 1411/1449/1430
f 1414/1452/1433 1427/1470/1451 1413/1453/1434
f 1414/1452/1433 1394/1435/1416 1428/1469/1450
f 1415/1455/1436 1416/1454/1435 1429/1471/1452
f 1417/1457/1438 1430/1472/1453 1429/1471/1452
f 1399/1438/1419 1431/1474/1455 1430/1472/1453
f 1418/1459/1440 1433/1475/1456 1432/1458/1439
f 1419/1460/1441 1434/1476/1457 1433/1475/1456
f 1420/1462/1443 1435/1478/1459 1434/1476/1457
f 1420/1462/1443 1421/1463/1444 1435/1478/1459
f 1423/1464/1445 1438/1498/1479 1437/1480/1461
f 1423/1464/1445 1424/1466/1447 1438/1498/1479
f 1424/1466/1447 1439/1481/1462 1438/1498/1479
f 1441/1483/1464 1440/1482/1463 1425/1465/1446
f 2199/1485/1466 1441/1483/1464 1426/1484/1465
f 1412/1451/1432 1413/1453/1434 1442/1486/1467
f 1428/1469/1450 1415/1455/1436 1443/1488/1469
f 1415/1455/1436 1429/1471/1452 1444/1487/1468
f 1429/1471/1452 1430/1472/1453 1445/1489/1470
f 1430/1472/1453 1446/1490/1471 1445/1489/1470
f 1400/1473/1454 1462/1491/1472 1431/1474/1455
f 1432/1458/1439 1433/1475/1456 1447/1492/1473
f 1434/1476/1457 1448/1494/1475 1447/1492/1473
f 1435/1478/1459 1449/1496/1477 1448/1494/1475
f 1435/1478/1459 1436/1477/1458 1450/1495/1476
f 1436/1477/1458 1437/1480/1461 1451/1497/1478
f 1437/1480/1461 1438/1498/1479 1451/1497/1478
f 1439/1481/1462 1453/1501/1482 1452/1499/1480
f 1439/1481/1462 1440/1482/1463 1454/1500/1481
f 1455/1502/1483 1454/1500/1481 1440/1482/1463
f 2204/1503/1484 1455/1502/1483 1441/1483/1464
f 1393/1433/1414 1412/1451/1432 1456/1504/1485
f 1427/1470/1451 1457/1505/1486 1442/1486/1467
f 1428/1469/1450 1458/1506/1487 1457/1505/1486
f 1444/1487/1468 1459/1507/1488 1443/1488/1469
f 1445/1489/1470 1460/1508/1489 1459/1507/1488
f 1431/1474/1455 1461/1509/1490 1446/1490/1471
f 1447/1492/1473 1464/1510/1491 1463/1493/1474
f 1450/1495/1476 1467/1514/1495 1466/1512/1493
f 1450/1495/1476 1451/1497/1478 1467/1514/1495
f 1452/1499/1480 1469/1515/1496 1468/1513/1494
f 1455/1502/1483 1471/1517/1498 1470/1516/1497
f 2204/1503/1484 2209/1530/1511 1471/1517/1498
f 1442/1486/1467 1473/1519/1500 1456/1504/1485
f 1458/1506/1487 1443/1488/1469 1474/1520/1501
f 1459/1507/1488 1475/1521/1502 1474/1520/1501
f 1460/1508/1489 1476/1522/1503 1475/1521/1502
f 1460/1508/1489 1446/1490/1471 1476/1522/1503
f 1462/1491/1472 1463/1493/1474 1477/1524/1505
f 1463/1493/1474 1464/1510/1491 1478/1523/1504
f 1464/1510/1491 1465/1511/1492 1479/1525/1506
f 1465/1511/1492 1466/1512/1493 1480/1526/1507
f 1466/1512/1493 1481/1528/1509 1480/1526/1507
f 1466/1512/1493 1467/1514/1495 1481/1528/1509
f 1468/1513/1494 1483/1543/1524 1482/1527/1508
f 1468/1513/1494 1469/1515/1496 1483/1543/1524
f 1469/1515/1496 1484/1546/1527 1483/1543/1524
f 1469/1515/1496 1470/1516/1497 1484/1546/1527
f 1470/1516/1497 1485/1548/1529 1484/1546/1527
f 1486/1529/1510 1485/1548/1529 1470/1516/1497
f 2209/1530/1511 2214/1551/1532 1486/1529/1510
f 1457/1505/1486 1487/1531/1512 1473/1519/1500
f 1458/1506/1487 1488/1532/1513 1487/1531/1512
f 1474/1520/1501 1489/1534/1515 1488/1532/1513
f 1474/1520/1501 1475/1521/1502 1490/1533/1514
f 1476/1522/1503 1491/1536/1517 1490/1533/1514
f 1462/1491/1472 1493/1538/1519 1461/1509/1490
f 1462/1491/1472 1477/1524/1505 1494/1537/1518
f 1477/1524/1505 1478/1523/1504 1495/1539/1520
f 1478/1523/1504 1479/1525/1506 1496/1540/1521
f 1479/1525/1506 1497/1542/1523 1496/1540/1521
f 1479/1525/1506 1480/1526/1507 1497/1542/1523
f 1480/1526/1507 1481/1528/1509 1498/1541/1522
f 1482/1527/1508 1499/1544/1525 1498/1541/1522
f 1502/1549/1530 1501/1547/1528 1485/1548/1529
f 2219/1550/1531 1502/1549/1530 1486/1529/1510
f 1472/1518/1499 1456/1504/1485 1503/1553/1534
f 1456/1504/1485 1473/1519/1500 1504/1552/1533
f 1487/1531/1512 1505/1555/1536 1504/1552/1533
f 1487/1531/1512 1488/1532/1513 1506/1554/1535
f 1489/1534/1515 1490/1533/1514 1507/1556/1537
f 1491/1536/1517 1508/2385/2408 1507/1556/1537
f 1491/1536/1517 1492/1535/1516 1508/2385/2408
f 1492/1535/1516 1522/1558/1539 1508/2385/2408
f 1492/1535/1516 1461/1509/1490 1509/1557/1538
f 1494/1537/1518 1495/1539/1520 1510/1570/1551
f 1495/1539/1520 1511/1559/1540 1510/1570/1551
f 1496/1540/1521 1497/1542/1523 1512/1560/1541
f 1497/1542/1523 1498/1541/1522 1513/1561/1542
f 1498/1541/1522 1514/1575/1556 1513/1561/1542
f 1498/1541/1522 1499/1544/1525 1514/1575/1556
f 1499/1544/1525 1515/1577/1558 1514/1575/1556
f 1499/1544/1525 1500/1545/1526 1515/1577/1558
f 1500/1545/1526 1516/1579/1560 1515/1577/1558
f 1500/1545/1526 1501/1547/1528 1516/1579/1560
f 1501/1547/1528 1517/1580/1561 1516/1579/1560
f 1518/1562/1543 1517/1580/1561 1501/1547/1528
f 2224/1563/1544 1518/1562/1543 1502/1549/1530
f 1489/1534/1515 1519/1564/1545 1506/1554/1535
f 1507/1556/1537 1520/1566/1547 1519/1564/1545
f 1507/1556/1537 1508/2385/2408 1521/1565/1546
f 1508/2385/2408 1522/1558/1539 1521/1565/1546
f 1493/1538/1519 1523/1567/1548 1509/1557/1538
f 1494/1537/1518 1524/1569/1550 1523/1567/1548
f 1494/1537/1518 1510/1570/1551 1525/1568/1549
f 1511/1559/1540 1526/1572/1553 1525/1568/1549
f 1511/1559/1540 1512/1560/1541 1527/1571/1552
f 1512/1560/1541 1528/1573/1554 1527/1571/1552
f 1513/1561/1542 1514/1575/1556 1529/1574/1555
f 1516/1579/1560 1532/1581/1562 1531/1578/1559
f 1517/1580/1561 1533/1598/1579 1532/1581/1562
f 1534/1582/1563 1533/1598/1579 1517/1580/1561
f 2224/1563/1544 2229/1599/1580 1534/1582/1563
f 1503/1553/1534 1504/1552/1533 1535/1583/1564
f 1505/1555/1536 1536/1585/1566 1535/1583/1564
f 1505/1555/1536 1506/1554/1535 1537/1584/1565
f 1506/1554/1535 1519/1564/1545 1538/1586/1567
f 1519/1564/1545 1520/1566/1547 1539/1587/1568
f 1520/1566/1547 1521/1565/1546 1540/1588/1569
f 1521/1565/1546 1522/1558/1539 1541/1589/1570
f 1522/1558/1539 1509/1557/1538 1542/1590/1571
f 1525/1568/1549 1555/1605/1586 1524/1569/1550
f 1525/1568/1549 1543/1591/1572 1555/1605/1586
f 1526/1572/1553 1544/1593/1574 1543/1591/1572
f 1526/1572/1553 1527/1571/1552 1544/1593/1574
f 1527/1571/1552 1528/1573/1554 1545/1592/1573
f 1528/1573/1554 1546/1594/1575 1545/1592/1573
f 1529/1574/1555 1530/1576/1557 1547/1595/1576
f 1531/1578/1559 1548/1596/1577 1547/1595/1576
f 1534/1582/1563 1550/1600/1581 1549/1597/1578
f 2229/1599/1580 2234/1614/1595 1550/1600/1581
f 1536/1585/1566 1537/1584/1565 1551/1601/1582
f 1539/1587/1568 1552/1602/1583 1538/1586/1567
f 1540/1588/1569 1553/1604/1585 1552/1602/1583
f 1540/1588/1569 1541/1589/1570 1554/1603/1584
f 1523/1567/1548 1524/1569/1550 1555/1605/1586
f 1555/1605/1586 1543/1591/1572 1556/1619/1600
f 1543/1591/1572 1557/1607/1588 1556/1619/1600
f 1545/1592/1573 1559/1623/1604 1558/1608/1589
f 1545/1592/1573 1546/1594/1575 1559/1623/1604
f 1546/1594/1575 1560/1610/1591 1559/1623/1604
f 1546/1594/1575 1547/1595/1576 1560/1610/1591
f 1548/1596/1577 1562/1612/1593 1561/1609/1590
f 1548/1596/1577 1549/1597/1578 1562/1612/1593
f 1564/1613/1594 1563/1611/1592 1549/1597/1578
f 2234/1614/1595 2239/1630/1611 1564/1613/1594
f 1503/1553/1534 1565/1615/1596 1472/1518/1499
f 1536/1585/1566 1566/1616/1597 1535/1583/1564
f 1551/1601/1582 1538/1586/1567 1567/1617/1598
f 1552/1602/1583 1568/1618/1599 1567/1617/1598
f 1553/1604/1585 1569/1636/1617 1568/1618/1599
f 1553/1604/1585 1554/1603/1584 1569/1636/1617
f 1523/1567/1548 1570/1606/1587 1542/1590/1571
f 1570/1606/1587 1555/1605/1586 1571/1620/1601
f 1556/1619/1600 1572/1621/1602 1571/1620/1601
f 1557/1607/1588 1573/1622/1603 1572/1621/1602
f 1558/1608/1589 1574/1624/1605 1573/1622/1603
f 1560/1610/1591 1576/1627/1608 1575/1625/1606
f 1560/1610/1591 1561/1609/1590 1577/1626/1607
f 1561/1609/1590 1578/1628/1609 1577/1626/1607
f 1564/1613/1594 1580/1631/1612 1579/1629/1610
f 2239/1630/1611 2244/1648/1629 1580/1631/1612
f 1565/1615/1596 1535/1583/1564 1582/1633/1614
f 1566/1616/1597 1551/1601/1582 1583/1634/1615
f 1567/1617/1598 1584/1635/1616 1583/1634/1615
f 1568/1618/1599 1585/1637/1618 1584/1635/1616
f 1569/1636/1617 1586/1639/1620 1585/1637/1618
f 1569/1636/1617 1554/1603/1584 1587/1638/1619
f 1542/1590/1571 1588/1640/1621 1587/1638/1619
f 1571/1620/1601 1572/1621/1602 1589/1641/1622
f 1573/1622/1603 1590/2386/1635 1589/1641/1622
f 1573/1622/1603 1591/1642/1623 1590/2386/1635
f 1574/1624/1605 1592/1643/1624 1591/1642/1623
f 1574/1624/1605 1575/1625/1606 1592/1643/1624
f 1576/1627/1608 1593/1644/1625 1592/1643/1624
f 1577/1626/1607 1594/1645/1626 1593/1644/1625
f 1579/1629/1610 1596/2387/1642 1595/1646/1627
f 1597/1647/1628 1596/2387/1642 1579/1629/1610
f 2244/1648/1629 2249/2284/1644 1597/1647/1628
f 1566/1651/1597 1598/1650/1630 1582/1681/1614
f 1584/1654/1616 1599/1653/1631 1583/1649/1615
f 1585/1652/1618 1600/1656/1632 1599/1653/1631
f 1586/1655/1620 1601/1687/1652 1600/1656/1632
f 1586/1655/1620 1602/1658/1633 1601/1687/1652
f 1589/1662/1622 1604/1664/1636 1603/1660/1634
f 1590/1663/1635 1605/1666/1638 1604/1664/1636
f 1590/1663/1635 1591/1668/1623 1606/1665/1637
f 1592/1667/1624 1607/1693/1657 1606/1665/1637
f 1592/1667/1624 1608/1671/1640 1607/1693/1657
f 1592/1667/1624 1593/1669/1625 1608/1671/1640
f 1594/1672/1626 1610/1697/1661 1609/1670/1639
f 1594/1672/1626 1595/2388/1627 1610/1697/1661
f 1595/2388/1627 1611/1700/1664 1610/1697/1661
f 1595/2388/1627 1596/1674/1642 1611/1700/1664
f 1612/1673/1641 1611/1700/1664 1596/1674/1642
f 2254/1676/1643 1612/1673/1641 1597/1675/1628
f 1581/1737/1613 1565/1678/1596 1613/1680/1646
f 1565/1678/1596 1582/1681/1614 1614/1679/1645
f 1582/1681/1614 1598/1650/1630 1615/1682/1647
f 1598/1650/1630 1583/1649/1615 1616/1683/1648
f 1583/1649/1615 1599/1653/1631 1617/1684/1649
f 1599/1653/1631 1600/1656/1632 1618/1685/1650
f 1600/1656/1632 1601/1687/1652 1619/1686/1651
f 1587/1657/1619 1620/1689/1653 1602/1658/1633
f 1588/1688/1621 1570/1661/1587 1635/1690/1654
f 1603/1660/1634 1604/1664/1636 1621/1708/1672
f 1604/1664/1636 1622/1691/1655 1621/1708/1672
f 1605/1666/1638 1606/1665/1637 1623/1692/1656
f 1606/1665/1637 1624/1694/1658 1623/1692/1656
f 1607/1693/1657 1608/1671/1640 1625/1695/1659
f 1608/1671/1640 1609/1670/1639 1626/1696/1660
f 1609/1670/1639 1627/1699/1663 1626/1696/1660
f 1609/1670/1639 1610/1697/1661 1627/1699/1663
f 1630/1702/1666 1629/1701/1665 1611/1700/1664
f 2259/1703/1667 1630/1702/1666 1612/1673/1641
f 1617/1684/1649 1631/1704/1668 1616/1683/1648
f 1618/1685/1650 1632/1705/1669 1631/1704/1668
f 1619/1686/1651 1633/1706/1670 1632/1705/1669
f 1619/1686/1651 1602/1658/1633 1633/1706/1670
f 1588/1688/1621 1634/1707/1671 1620/1689/1653
f 1621/1708/1672 1622/1691/1655 1636/1724/1688
f 1622/1691/1655 1637/1709/1673 1636/1724/1688
f 1623/1692/1656 1638/1727/1691 1637/1709/1673
f 1623/1692/1656 1624/1694/1658 1638/1727/1691
f 1624/1694/1658 1639/1710/1674 1638/1727/1691
f 1627/1699/1663 1641/1712/1676 1640/1711/1675
f 1628/1698/1662 1642/1713/1677 1641/1712/1676
f 1629/1701/1665 1643/1714/1678 1642/1713/1677
f 1630/1702/1666 1644/1735/1699 1643/1714/1678
f 2264/1715/1679 1644/1735/1699 1630/1702/1666
f 1581/1737/1613 1613/1680/1646 1645/1717/1681
f 1613/1680/1646 1614/1679/1645 1646/1716/1680
f 1614/1679/1645 1615/1682/1647 1647/1718/1682
f 1615/1682/1647 1616/1683/1648 1648/1719/1683
f 1616/1683/1648 1631/1704/1668 1649/1720/1684
f 1631/1704/1668 1632/1705/1669 1650/1721/1685
f 1633/1706/1670 1651/1723/1687 1650/1721/1685
f 1633/1706/1670 1620/1689/1653 1652/1722/1686
f 1635/1690/1654 1621/1708/1672 1653/1725/1689
f 1636/1724/1688 1654/1726/1690 1653/1725/1689
f 1637/1709/1673 1655/1729/1693 1654/1726/1690
f 1637/1709/1673 1638/1727/1691 1655/1729/1693
f 1639/1710/1674 1657/1731/1695 1656/1728/1692
f 1639/1710/1674 1640/1711/1675 1658/1730/1694
f 1641/1712/1676 1659/1733/1697 1658/1730/1694
f 1644/1735/1699 1662/1736/1700 1661/1734/1698
f 2264/1715/1679 2269/1750/1713 1662/1736/1700
f 1648/1719/1683 1664/1739/1702 1647/1718/1682
f 1649/1720/1684 1665/1741/1704 1664/1739/1702
f 1649/1720/1684 1650/1721/1685 1666/1740/1703
f 1651/1723/1687 1667/1742/1705 1666/1740/1703
f 1654/1726/1690 1668/1744/1707 1653/1725/1689
f 1656/1728/1692 1657/1731/1695 1671/1746/1709
f 1657/1731/1695 1672/1763/1726 1671/1746/1709
f 1657/1731/1695 1658/1730/1694 1672/1763/1726
f 1658/1730/1694 1673/1747/1710 1672/1763/1726
f 1659/1733/1697 1660/1732/1696 1674/1748/1711
f 1661/1734/1698 1675/1768/1731 1674/1748/1711
f 1676/1749/1712 1675/1768/1731 1661/1734/1698
f 2269/1750/1713 2274/1771/1734 1676/1749/1712
f 1646/1716/1680 1647/1718/1682 1677/1751/1714
f 1665/1741/1704 1678/1753/1716 1664/1739/1702
f 1665/1741/1704 1666/1740/1703 1679/1752/1715
f 1667/1742/1705 1680/1755/1718 1679/1752/1715
f 1667/1742/1705 1652/1722/1686 1681/1754/1717
f 1634/1707/1671 1682/1757/1720 1681/1754/1717
f 1634/1707/1671 1635/1690/1654 1683/1756/1719
f 1653/1725/1689 1684/1758/1721 1683/1756/1719
f 1668/1744/1707 1685/1760/1723 1684/1758/1721
f 1668/1744/1707 1669/1743/1706 1686/1759/1722
f 1669/1743/1706 1670/1745/1708 1687/1761/1724
f 1670/1745/1708 1688/1762/1725 1687/1761/1724
f 1672/1763/1726 1689/1764/1727 1688/1762/1725
f 1673/1747/1710 1690/1766/1729 1689/1764/1727
f 1673/1747/1710 1674/1748/1711 1691/1765/1728
f 1694/1770/1733 1693/1769/1732 1675/1768/1731
f 2274/1771/1734 2279/1783/1746 1694/1770/1733
f 1645/1717/1681 1695/1772/1735 1663/1738/1701
f 1646/1716/1680 1696/1773/1736 1695/1772/1735
f 1677/1751/1714 1664/1739/1702 1697/1774/1737
f 1678/1753/1716 1698/1776/1739 1697/1774/1737
f 1678/1753/1716 1679/1752/1715 1699/1775/1738
f 1680/1755/1718 1700/1787/1750 1699/1775/1738
f 1680/1755/1718 1681/1754/1717 1700/1787/1750
f 1685/1760/1723 1686/1759/1722 1701/1777/1740
f 1687/1761/1724 1702/1779/1742 1701/1777/1740
f 1687/1761/1724 1688/1762/1725 1702/1779/1742
f 1689/1764/1727 1704/1780/1743 1703/1778/1741
f 1690/1766/1729 1705/1781/1744 1704/1780/1743
f 1691/1765/1728 1706/1797/1760 1705/1781/1744
f 1691/1765/1728 1692/1767/1730 1706/1797/1760
f 1692/1767/1730 1707/1799/1762 1706/1797/1760
f 1692/1767/1730 1693/1769/1732 1707/1799/1762
f 1708/1782/1745 1707/1799/1762 1693/1769/1732
f 2279/1783/1746 2284/1801/1764 1708/1782/1745
f 1696/1773/1736 1677/1751/1714 1709/1784/1747
f 1698/1776/1739 1710/1786/1749 1697/1774/1737
f 1698/1776/1739 1699/1775/1738 1711/1785/1748
f 1700/1787/1750 1712/1805/1768 1711/1785/1748
f 1700/1787/1750 1713/1788/1751 1712/1805/1768
f 1700/1787/1750 1681/1754/1717 1713/1788/1751
f 1683/1756/1719 1684/1758/1721 1729/1789/1752
f 1685/1760/1723 1715/1792/1755 1729/1789/1752
f 1685/1760/1723 1701/1777/1740 1715/1792/1755
f 1702/1779/1742 1717/1793/1756 1716/1791/1754
f 1703/1778/1741 1718/1795/1758 1717/1793/1756
f 1703/1778/1741 1704/1780/1743 1718/1795/1758
f 1705/1781/1744 1706/1797/1760 1720/1796/1759
f 1708/1782/1745 1723/1802/1765 1722/1800/1763
f 2284/1801/1764 2289/1816/1779 1723/1802/1765
f 1709/1784/1747 1724/1804/1767 1696/1773/1736
f 1709/1784/1747 1697/1774/1737 1725/1803/1766
f 1710/1786/1749 1711/1785/1748 1726/1806/1769
f 1712/1805/1768 1727/1807/1770 1726/1806/1769
f 1683/1756/1719 1714/1790/1753 1682/1757/1720
f 1729/1789/1752 1728/1840/1803 1714/1790/1753
f 1715/1792/1755 1716/1791/1754 1730/1808/1771
f 1717/1793/1756 1731/1809/1772 1730/1808/1771
f 1718/1795/1758 1732/1811/1774 1731/1809/1772
f 1718/1795/1758 1719/1794/1757 1733/1810/1773
f 1720/1796/1759 1734/1812/1775 1733/1810/1773
f 1721/1798/1761 1735/1813/1776 1734/1812/1775
f 1722/1800/1763 1736/1814/1777 1735/1813/1776
f 1723/1802/1765 1737/1834/1797 1736/1814/1777
f 2294/1815/1778 1737/1834/1797 1723/1802/1765
f 1663/1738/1701 1695/1772/1735 1738/1818/1781
f 1695/1772/1735 1696/1773/1736 1739/1817/1780
f 1725/1803/1766 1740/1820/1783 1724/1804/1767
f 1725/1803/1766 1710/1786/1749 1741/1819/1782
f 1726/1806/1769 1742/1822/1785 1741/1819/1782
f 1726/1806/1769 1727/1807/1770 1743/1821/1784
f 1727/1807/1770 1713/1788/1751 1744/1823/1786
f 1713/1788/1751 1682/1757/1720 1745/1824/1787
f 1729/1789/1752 1746/1825/1788 1728/1840/1803
f 1731/1809/1772 1748/1827/1790 1747/1826/1789
f 1732/1811/1774 1749/1829/1792 1748/1827/1790
f 1732/1811/1774 1733/1810/1773 1750/1828/1791
f 1733/1810/1773 1751/1830/1793 1750/1828/1791
f 1754/1833/1796 1753/1832/1795 1736/1814/1777
f 2299/1835/1798 1754/1833/1796 1737/1834/1797
f 1739/1817/1780 1724/1804/1767 1755/1836/1799
f 1740/1820/1783 1741/1819/1782 1756/1837/1800
f 1742/1822/1785 1757/1838/1801 1756/1837/1800
f 1743/1821/1784 1758/1854/1817 1757/1838/1801
f 1743/1821/1784 1744/1823/1786 1758/1854/1817
f 1744/1823/1786 1776/1839/1802 1758/1854/1817
f 1728/1840/1803 1746/1825/1788 1760/1842/1805
f 1746/1825/1788 1747/1826/1789 1761/1843/1806
f 1750/1828/1791 1764/1846/1809 1763/1845/1808
f 1751/1830/1793 1765/1861/1824 1764/1846/1809
f 1751/1830/1793 1752/1831/1794 1765/1861/1824
f 1752/1831/1794 1766/1864/1827 1765/1861/1824
f 1752/1831/1794 1753/1832/1795 1766/1864/1827
f 1753/1832/1795 1767/1867/1830 1766/1864/1827
f 1768/1847/1810 1767/1867/1830 1753/1832/1795
f 2304/1848/1811 1768/1847/1810 1754/1833/1796
f 1738/1818/1781 1770/1850/1813 1769/1849/1812
f 1739/1817/1780 1771/1851/1814 1770/1850/1813
f 1740/1820/1783 1772/1852/1815 1755/1836/1799
f 1756/1837/1800 1773/1853/1816 1772/1852/1815
f 1757/1838/1801 1774/1855/1818 1773/1853/1816
f 1758/1854/1817 1775/1871/1834 1774/1855/1818
f 1758/1854/1817 1776/1839/1802 1775/1871/1834
f 1776/1839/1802 1745/1824/1787 1777/1856/1819
f 1714/1790/1753 1793/1857/1820 1777/1856/1819
f 1759/1841/1804 1760/1842/1805 1778/1875/1838
f 1760/1842/1805 1779/1876/1839 1778/1875/1838
f 1760/1842/1805 1761/1843/1806 1779/1876/1839
f 1761/1843/1806 1780/1859/1822 1779/1876/1839
f 1761/1843/1806 1762/1844/1807 1780/1859/1822
f 1763/1845/1808 1764/1846/1809 1782/1860/1823
f 1764/1846/1809 1783/1863/1826 1782/1860/1823
f 1764/1846/1809 1765/1861/1824 1783/1863/1826
f 1766/1864/1827 1785/1866/1829 1784/1862/1825
f 1766/1864/1827 1767/1867/1830 1786/1865/1828
f 1768/1847/1810 1787/1886/1849 1786/1865/1828
f 2309/1868/1831 1787/1886/1849 1768/1847/1810
f 1771/1851/1814 1755/1836/1799 1788/1870/1833
f 1755/1836/1799 1772/1852/1815 1789/1869/1832
f 1773/1853/1816 1774/1855/1818 1790/1872/1835
f 1775/1871/1834 1791/1874/1837 1790/1872/1835
f 1775/1871/1834 1776/1839/1802 1792/1873/1836
f 1780/1859/1822 1781/1858/1821 1797/1880/1843
f 1781/1858/1821 1782/1860/1823 1798/1881/1844
f 1783/1863/1826 1799/1882/1845 1798/1881/1844
f 1784/1862/1825 1800/1883/1846 1799/1882/1845
f 1785/1866/1829 1801/1885/1848 1800/1883/1846
f 1785/1866/1829 1786/1865/1828 1802/1884/1847
f 1787/1886/1849 1803/1902/1865 1802/1884/1847
f 2314/1887/1850 1803/1902/1865 1787/1886/1849
f 1770/1850/1813 1771/1851/1814 1804/1888/1851
f 1789/1869/1832 1773/1853/1816 1805/1889/1852
f 1790/1872/1835 1806/1890/1853 1805/1889/1852
f 1791/1874/1837 1807/1908/1871 1806/1890/1853
f 1791/1874/1837 1792/1873/1836 1807/1908/1871
f 1792/1873/1836 1808/1891/1854 1807/1908/1871
f 1793/1857/1820 1778/1875/1838 1809/1892/1855
f 1794/1877/1840 1810/1894/1857 1809/1892/1855
f 1794/1877/1840 1795/1878/1841 1811/1893/1856
f 1795/1878/1841 1812/1895/1858 1811/1893/1856
f 1796/1879/1842 1797/1880/1843 1813/1896/1859
f 1797/1880/1843 1814/1897/1860 1813/1896/1859
f 1799/1882/1845 1815/1899/1862 1814/1897/1860
f 1800/1883/1846 1801/1885/1848 1817/1900/1863
f 1801/1885/1848 1818/1919/1882 1817/1900/1863
f 1801/1885/1848 1802/1884/1847 1818/1919/1882
f 1819/1901/1864 1818/1919/1882 1802/1884/1847
f 2319/1903/1866 1819/1901/1864 1803/1902/1865
f 1770/1850/1813 1820/1904/1867 1769/1849/1812
f 1788/1870/1833 1821/1906/1869 1804/1888/1851
f 1788/1870/1833 1789/1869/1832 1822/1905/1868
f 1805/1889/1852 1823/1907/1870 1822/1905/1868
f 1806/1890/1853 1824/1909/1872 1823/1907/1870
f 1807/1908/1871 1825/1925/1888 1824/1909/1872
f 1807/1908/1871 1826/1910/1873 1825/1925/1888
f 1808/1891/2409 1777/1856/2409 1827/1911/2409
f 1793/1857/1820 1809/1892/1855 1828/1913/1876
f 1809/1892/1855 1810/1894/1857 1829/1912/1875
f 1810/1894/1857 1811/1893/1856 1830/1914/1877
f 1812/1895/1858 1831/1916/1879 1830/1914/1877
f 1812/1895/1858 1813/1896/1859 1831/1916/1879
f 1813/1896/1859 1814/1897/1860 1832/1915/1878
f 1814/1897/1860 1833/1917/1880 1832/1915/1878
f 1815/1899/1862 1816/1898/1861 1834/1918/1881
f 1817/1900/1863 1835/1921/1884 1834/1918/1881
f 1817/1900/1863 1818/1919/1882 1835/1921/1884
f 1819/1901/1864 1837/1922/1885 1836/1920/1883
f 2319/1903/1866 2324/1936/1899 1837/1922/1885
f 1820/1904/1867 1804/1888/1851 1838/1923/1886
f 1823/1907/1870 1839/1924/1887 1822/1905/1868
f 1824/1909/1872 1840/1926/1889 1839/1924/1887
f 1825/1925/1888 1841/1927/1890 1840/1926/1889
f 1808/1891/1854 1857/1928/1891 1826/1910/1873
f 1793/1857/1820 1842/1929/1892 1827/1911/1874
f 1828/1913/1876 1829/1912/1875 1843/1941/1904
f 1829/1912/1875 1844/1943/1906 1843/1941/1904
f 1829/1912/1875 1830/1914/1877 1844/1943/1906
f 1830/1914/1877 1845/1930/1893 1844/1943/1906
f 1831/1916/1879 1846/1931/1894 1845/1930/1893
f 1832/1915/1878 1847/1948/1911 1846/1931/1894
f 1832/1915/1878 1833/1917/1880 1847/1948/1911
f 1833/1917/1880 1848/1950/1913 1847/1948/1911
f 1833/1917/1880 1834/1918/1881 1848/1950/1913
f 1834/1918/1881 1849/1932/1895 1848/1950/1913
f 1835/1921/1884 1850/1934/1897 1849/1932/1895
f 1835/1921/1884 1836/1920/1883 1851/1933/1896
f 1852/1935/1898 1851/1933/1896 1836/1920/1883
f 2324/1936/1899 2329/1955/1918 1852/1935/1898
f 1821/1906/1869 1853/1937/1900 1838/1923/1886
f 1822/1905/1868 1854/1938/1901 1853/1937/1900
f 1840/1926/1889 1855/1939/1902 1839/1924/1887
f 1841/1927/1890 1856/1940/1903 1855/1939/1902
f 1841/1927/1890 1826/1910/1873 1857/1928/1891
f 1842/1929/1892 1828/1913/1876 1858/1942/1905
f 1843/1941/1904 1859/1945/1908 1858/1942/1905
f 1843/1941/1904 1844/1943/1906 1859/1945/1908
f 1845/1930/1893 1861/1947/1910 1860/1944/1907
f 1845/1930/1893 1846/1931/1894 1861/1947/1910
f 1849/1932/1895 1865/1953/1916 1864/1951/1914
f 1849/1932/1895 1850/1934/1897 1865/1953/1916
f 1852/1935/1898 1867/1973/1936 1866/1952/1915
f 2334/1954/1917 1867/1973/1936 1852/1935/1898
f 1769/1849/1812 1820/1904/1867 1868/1956/1919
f 1838/1923/1886 1869/1957/1920 1868/1956/1919
f 1854/1938/1901 1839/1924/1887 1870/1958/1921
f 1855/1939/1902 1871/1959/1922 1870/1958/1921
f 1856/1940/1903 1872/1961/1924 1871/1959/1922
f 1856/1940/1903 1857/1928/1891 1873/1960/1923
f 1842/1929/1892 1891/1962/1925 1827/1911/1874
f 1858/1942/1905 1859/1945/1908 1874/1963/1926
f 1859/1945/1908 1875/1965/1928 1874/1963/1926
f 1859/1945/1908 1860/1944/1907 1875/1965/1928
f 1861/1947/1910 1876/1967/1930 1875/1965/1928
f 1861/1947/1910 1862/1946/1909 1877/1966/1929
f 1862/1946/1909 1878/1969/1932 1877/1966/1929
f 1862/1946/1909 1863/1949/1912 1878/1969/1932
f 1864/1951/1914 1880/1970/1933 1879/1968/1931
f 1865/1953/1916 1866/1952/1915 1881/1971/1934
f 1866/1952/1915 1882/1989/1952 1881/1971/1934
f 1883/1972/1935 1882/1989/1952 1866/1952/1915
f 2339/1974/1937 1883/1972/1935 1867/1973/1936
f 1853/1937/1900 1885/1977/1940 1869/1957/1920
f 1853/1937/1900 1854/1938/1901 1886/1976/1939
f 1854/1938/1901 1870/1958/1921 1887/1978/1941
f 1870/1958/1921 1871/1959/1922 1888/1979/1942
f 1872/1961/1924 1889/1980/1943 1888/1979/1942
f 1827/1911/1874 1890/1981/1944 1873/1960/1923
f 1875/1965/1928 1893/1982/1945 1892/1964/1927
f 1876/1967/1930 1894/1984/1947 1893/1982/1945
f 1876/1967/1930 1877/1966/1929 1895/1983/1946
f 1878/1969/1932 1896/1986/1949 1895/1983/1946
f 1878/1969/1932 1879/1968/1931 1897/1985/1948
f 1880/1970/1933 1898/1987/1950 1897/1985/1948
f 1900/1990/1953 1899/1988/1951 1882/1989/1952
f 2344/1991/1954 1900/1990/1953 1883/1972/1935
f 1888/1979/1942 1901/1992/1955 1887/1978/1941
f 1889/1980/1943 1902/1994/1957 1901/1992/1955
f 1889/1980/1943 1873/1960/1923 1903/1993/1956
f 1891/1962/1925 1892/1964/1927 1904/2011/1974
f 1892/1964/1927 1905/1995/1958 1904/2011/1974
f 1894/1984/1947 1895/1983/1946 1908/1998/1961
f 1895/1983/1946 1896/1986/1949 1908/1998/1961
f 1897/1985/1948 1910/2001/1964 1909/1999/1962
f 1897/1985/1948 1898/1987/1950 1911/2000/1963
f 1898/1987/1950 1899/1988/1951 1912/2002/1965
f 1900/1990/1953 1913/2003/1966 1912/2002/1965
f 2344/1991/1954 2349/2018/1981 1913/2003/1966
f 1884/1975/1938 1868/1956/1919 1914/2004/1967
f 1869/1957/1920 1915/2006/1969 1914/2004/1967
f 1869/1957/1920 1885/1977/1940 1916/2005/1968
f 1886/1976/1939 1917/2007/1970 1916/2005/1968
f 1887/1978/1941 1918/2008/1971 1917/2007/1970
f 1901/1992/1955 1919/2010/1973 1918/2008/1971
f 1901/1992/1955 1902/1994/1957 1920/2009/1972
f 1902/1994/1957 1903/1993/1956 1920/2009/1972
f 1891/1962/1925 1921/2012/1975 1890/1981/1944
f 1905/1995/1958 1922/2025/1988 1904/2011/1974
f 1905/1995/1958 1923/2029/1992 1922/2025/1988
f 1905/1995/1958 1906/1996/1959 1923/2029/1992
f 1906/1996/1959 1924/2013/1976 1923/2029/1992
f 1907/1997/1960 1908/1998/1961 1925/2014/1977
f 1909/1999/1962 1926/2033/1996 1925/2014/1977
f 1909/1999/1962 1910/2001/1964 1926/2033/1996
f 1910/2001/1964 1927/2035/1998 1926/2033/1996
f 1910/2001/1964 1911/2000/1963 1927/2035/1998
f 1911/2000/1963 1928/2016/1979 1927/2035/1998
f 1911/2000/1963 1912/2002/1965 1928/2016/1979
f 1930/2017/1980 1929/2015/1978 1912/2002/1965
f 2349/2018/1981 2354/2041/2004 1930/2017/1980
f 1917/2007/1970 1931/2020/1983 1916/2005/1968
f 1917/2007/1970 1918/2008/1971 1932/2019/1982
f 1918/2008/1971 1919/2010/1973 1933/2021/1984
f 1919/2010/1973 1920/2009/1972 1934/2022/1985
f 1920/2009/1972 1935/2024/1987 1934/2022/1985
f 1920/2009/1972 1903/1993/1956 1935/2024/1987
f 1903/1993/1956 1890/1981/1944 1936/2023/1986
f 1921/2012/1975 1904/2011/1974 1937/2026/1989
f 1922/2025/1988 1938/2028/1991 1937/2026/1989
f 1922/2025/1988 1923/2029/1992 1939/2027/1990
f 1924/2013/1976 1940/2031/1994 1939/2027/1990
f 1924/2013/1976 1925/2014/1977 1941/2030/1993
f 1928/2016/1979 1945/2038/2001 1944/2036/1999
f 1928/2016/1979 1929/2015/1978 1946/2037/2000
f 1947/2039/2002 1946/2037/2000 1929/2015/1978
f 2359/2040/2003 1947/2039/2002 1930/2017/1980
f 1916/2005/1968 1948/2042/2005 1915/2006/1969
f 1932/2019/1982 1949/2043/2006 1931/2020/1983
f 1933/2021/1984 1950/2045/2008 1949/2043/2006
f 1933/2021/1984 1934/2022/1985 1951/2044/2007
f 1934/2022/1985 1935/2024/1987 1952/2046/2009
f 1921/2012/1975 1953/2047/2010 1936/2023/1986
f 1938/2028/1991 1939/2027/1990 1954/2048/2011
f 1940/2031/1994 1955/2066/2029 1954/2048/2011
f 1940/2031/1994 1956/2049/2012 1955/2066/2029
f 1941/2030/1993 1942/2032/1995 1957/2050/2013
f 1942/2032/1995 1943/2034/1997 1958/2051/2014
f 1944/2036/1999 1945/2038/2001 1960/2053/2016
f 1945/2038/2001 1946/2037/2000 1961/2054/2017
f 1962/2055/2018 1961/2054/2017 1946/2037/2000
f 2359/2040/2003 2364/2074/2037 1962/2055/2018
f 1914/2004/1967 1964/2057/2020 1963/2056/2019
f 1915/2006/1969 1965/2058/2021 1964/2057/2020
f 1948/2042/2005 1966/2060/2023 1965/2058/2021
f 1948/2042/2005 1931/2020/1983 1967/2059/2022
f 1931/2020/1983 1949/2043/2006 1968/2061/2024
f 1949/2043/2006 1950/2045/2008 1969/2062/2025
f 1950/2045/2008 1951/2044/2007 1970/2063/2026
f 1951/2044/2007 1952/2046/2009 1970/2063/2026
f 1937/2026/1989 1971/2064/2027 1953/2047/2010
f 1938/2028/1991 1954/2048/2011 1972/2065/2028
f 1954/2048/2011 1973/2067/2030 1972/2065/2028
f 1955/2066/2029 1956/2049/2012 1974/2068/2031
f 1956/2049/2012 1975/2070/2033 1974/2068/2031
f 1956/2049/2012 1957/2050/2013 1975/2070/2033
f 1958/2051/2014 1959/2052/2015 1977/2071/2034
f 1959/2052/2015 1960/2053/2016 1978/2072/2035
f 1961/2054/2017 1979/2073/2036 1978/2072/2035
f 1962/2055/2018 1980/2075/2038 1979/2073/2036
f 2364/2074/2037 2369/2091/2054 1980/2075/2038
f 1968/2061/2024 1981/2077/2040 1967/2059/2022
f 1968/2061/2024 1969/2062/2025 1982/2076/2039
f 1970/2063/2026 1983/2096/2059 1982/2076/2039
f 1970/2063/2026 1984/2078/2041 1983/2096/2059
f 1970/2063/2026 1952/2046/2009 1984/2078/2041
f 1953/2047/2010 1971/2064/2027 2002/2079/2042
f 1973/2067/2030 1987/2082/2045 1986/2081/2044
f 1974/2068/2031 1988/2084/2047 1987/2082/2045
f 1974/2068/2031 1975/2070/2033 1989/2083/2046
f 1976/2069/2032 1990/2086/2049 1989/2083/2046
f 1976/2069/2032 1977/2071/2034 1991/2085/2048
f 1994/2089/2052 1993/2088/2051 1979/2073/2036
f 2374/2090/2053 1994/2089/2052 1980/2075/2038
f 1964/2057/2020 1995/2092/2055 1963/2056/2019
f 1965/2058/2021 1996/2093/2056 1995/2092/2055
f 1966/2060/2023 1997/2094/2057 1996/2093/2056
f 1967/2059/2022 1998/2095/2058 1997/2094/2057
f 1982/2076/2039 1999/2097/2060 1981/2077/2040
f 1983/2096/2059 2000/2098/2061 1999/2097/2060
f 1936/2023/1986 2001/2099/2062 1984/2078/2041
f 1953/2047/2010 1985/2080/2043 2001/2099/2062
f 1986/2081/2044 2003/2112/2075 2002/2079/2042
f 1986/2081/2044 1987/2082/2045 2003/2112/2075
f 1987/2082/2045 2004/2100/2063 2003/2112/2075
f 1988/2084/2047 1989/2083/2046 2005/2101/2064
f 1989/2083/2046 2006/2102/2065 2005/2101/2064
f 1991/2085/2048 1992/2087/2050 2008/2104/2067
f 1992/2087/2050 1993/2088/2051 2009/2105/2068
f 2010/2106/2069 2009/2105/2068 1993/2088/2051
f 2379/2107/2070 2010/2106/2069 1994/2089/2052
f 1981/2077/2040 2011/2108/2071 1998/2095/2058
f 1999/2097/2060 2012/2109/2072 2011/2108/2071
f 2000/2098/2061 2013/2110/2073 2012/2109/2072
f 1984/2078/2041 2030/2111/2074 2013/2110/2073
f 1985/2080/2043 2002/2079/2042 2014/2128/2091
f 2002/2079/2042 2015/2113/2076 2014/2128/2091
f 2003/2112/2075 2004/2100/2063 2016/2114/2077
f 2005/2101/2064 2018/2133/2096 2017/2115/2078
f 2005/2101/2064 2006/2102/2065 2018/2133/2096
f 2006/2102/2065 2019/2117/2080 2018/2133/2096
f 2006/2102/2065 2007/2103/2066 2020/2116/2079
f 2007/2103/2066 2008/2104/2067 2021/2118/2081
f 2008/2104/2067 2022/2119/2082 2021/2118/2081
f 2024/2121/2084 2023/2120/2083 2009/2105/2068
f 2384/2122/2085 2024/2121/2084 2010/2106/2069
f 1997/2094/2057 2025/2124/2087 1996/2093/2056
f 1997/2094/2057 1998/2095/2058 2026/2123/2086
f 1998/2095/2058 2011/2108/2071 2027/2125/2088
f 2012/2109/2072 2028/2127/2090 2027/2125/2088
f 2012/2109/2072 2013/2110/2073 2029/2126/2089
f 2013/2110/2073 2030/2111/2074 2029/2126/2089
f 1985/2080/2043 2048/2129/2092 2001/2099/2062
f 2014/2128/2091 2015/2113/2076 2032/2130/2093
f 2015/2113/2076 2016/2114/2077 2033/2132/2095
f 2017/2115/2078 2034/2134/2097 2033/2132/2095
f 2019/2117/2080 2020/2116/2079 2036/2136/2099
f 2021/2118/2081 2037/2149/2112 2036/2136/2099
f 2021/2118/2081 2022/2119/2082 2037/2149/2112
f 2022/2119/2082 2038/2152/2115 2037/2149/2112
f 2022/2119/2082 2023/2120/2083 2038/2152/2115
f 2039/2137/2100 2038/2152/2115 2023/2120/2083
f 2384/2122/2085 2389/2155/2118 2039/2137/2100
f 1963/2056/2019 1995/2092/2055 2041/2138/2101
f 1996/2093/2056 2042/2139/2102 2041/2138/2101
f 2027/2125/2088 2043/2141/2104 2026/2123/2086
f 2027/2125/2088 2028/2127/2090 2044/2140/2103
f 2028/2127/2090 2029/2126/2089 2045/2142/2105
f 2030/2111/2074 2046/2143/2106 2045/2142/2105
f 2001/2099/2062 2047/2144/2107 2046/2143/2106
f 2031/2131/2094 2032/2130/2093 2049/2146/2109
f 2032/2130/2093 2033/2132/2095 2050/2145/2108
f 2034/2134/2097 2051/2148/2111 2050/2145/2108
f 2034/2134/2097 2035/2135/2098 2052/2147/2110
f 2035/2135/2098 2053/2167/2130 2052/2147/2110
f 2035/2135/2098 2036/2136/2099 2053/2167/2130
f 2036/2136/2099 2054/2150/2113 2053/2167/2130
f 2057/2154/2117 2056/2153/2116 2038/2152/2115
f 2389/2155/2118 2394/2174/2137 2057/2154/2117
f 2042/2139/2102 2025/2124/2087 2058/2157/2120
f 2025/2124/2087 2026/2123/2086 2059/2156/2119
f 2026/2123/2086 2043/2141/2104 2060/2158/2121
f 2044/2140/2103 2061/2159/2122 2060/2158/2121
f 2045/2142/2105 2062/2161/2124 2061/2159/2122
f 2045/2142/2105 2046/2143/2106 2063/2160/2123
f 2047/2144/2107 2048/2129/2092 2064/2163/2126
f 2048/2129/2092 2031/2131/2094 2065/2162/2125
f 2031/2131/2094 2049/2146/2109 2065/2162/2125
f 2049/2146/2109 2066/2164/2127 2065/2162/2125
f 2050/2145/2108 2051/2148/2111 2068/2166/2129
f 2052/2147/2110 2069/2169/2132 2068/2166/2129
f 2052/2147/2110 2053/2167/2130 2069/2169/2132
f 2054/2150/2113 2071/2170/2133 2070/2168/2131
f 2055/2151/2114 2072/2172/2135 2071/2170/2133
f 2055/2151/2114 2056/2153/2116 2073/2171/2134
f 2074/2173/2136 2073/2171/2134 2056/2153/2116
f 2394/2174/2137 2399/2185/2148 2074/2173/2136
f 2042/2139/2102 2076/1127/1109 2041/2138/2101
f 2060/2158/2121 2077/1104/1086 2059/2156/2119
f 2060/2158/2121 2061/2159/2122 2078/2175/2138
f 2061/2159/2122 2062/2161/2124 2079/2176/2139
f 2062/2161/2124 2063/2160/2123 2079/2176/2139
f 2065/2162/2125 2066/2164/2127 2081/2177/2140
f 2067/2165/2128 2082/2180/2143 2081/2177/2140
f 2067/2165/2128 2068/2166/2129 2082/2180/2143
f 2070/2168/2131 2071/2170/2133 2085/2182/2145
f 2072/2172/2135 2086/2183/2146 2085/2182/2145
f 2073/2171/2134 2087/2186/2149 2086/2183/2146
f 2088/2184/2147 2087/2186/2149 2073/2171/2134
f 2399/2185/2148 2404/2187/2150 2088/2184/2147
f 2041/2138/2101 1078/1099/1081 2040/1096/1078
f 2076/1127/1109 2058/2157/2120 1079/1131/1113
f 2058/2157/2120 2059/2156/2119 1080/1100/1082
f 2078/2175/2138 1081/1103/1085 2077/1104/1086
f 2079/2176/2139 1082/1105/1087 1081/1103/1085
f 2079/2176/2139 2063/2160/2123 1083/1107/1089
f 2047/2144/2107 1084/1135/1117 1083/1107/1089
f 2047/2144/2107 2064/2163/2126 1085/1156/1138
f 2064/2163/2126 2065/2162/2125 1086/1139/1121
f 2080/2178/2141 1087/1110/1092 1086/1139/1121
f 2080/2178/2141 2081/2177/2140 1087/1110/1092
f 2081/2177/2140 1088/1111/1093 1087/1110/1092
f 2082/2180/2143 2083/2179/2142 1089/1113/1095
f 2083/2179/2142 1090/1114/1096 1089/1113/1095
f 2083/2179/2142 2084/2181/2144 1090/1114/1096
f 2084/2181/2144 1091/1116/1098 1090/1114/1096
f 2084/2181/2144 2085/2182/2145 1092/1119/1101
f 2085/2182/2145 2086/2183/2146 1093/1120/1102
f 1095/1124/1106 1094/1123/1105 2087/2186/2149
f 2091/1126/1108 1095/1124/1106 2088/2184/2147
f 2093/1125/1107 2091/1126/1108 2092/2188/2151
f 2092/2188/2151 2090/2192/2157 2095/2190/2153
f 2097/2191/2154 2089/2193/2158 2096/1092/2155
f 2097/2191/2154 2095/2190/2153 2090/2192/2157
f 2099/1149/1131 2093/1125/1107 2094/2189/2152
f 2094/2189/2152 2095/2190/2153 2101/2195/2160
f 2102/2196/2161 2097/2191/2154 2098/769/2156
f 2097/2191/2154 2102/2196/2161 2101/2195/2160
f 2104/1180/1162 2099/1149/1131 2100/2194/2159
f 2100/2194/2159 2101/2195/2160 2106/2198/2164
f 2107/2199/2165 2102/2196/2161 2103/779/2162
f 2102/2196/2161 2107/2199/2165 2106/2198/2164
f 2104/1180/1162 2105/2197/2163 2110/2200/2167
f 2110/2200/2167 2105/2197/2163 2106/2198/2164
f 2112/2202/2169 2107/2199/2165 2108/784/2166
f 2107/2199/2165 2112/2202/2169 2111/2201/2168
f 2109/1197/1179 2110/2200/2167 2115/2203/2171
f 2110/2200/2167 2111/2201/2168 2116/2204/2172
f 2117/2205/2173 2112/2202/2169 2113/789/2170
f 2117/2205/2173 2116/2204/2172 2111/2201/2168
f 2114/1212/1194 2115/2203/2171 2120/2206/2175
f 2120/2206/2175 2115/2203/2171 2116/2204/2172
f 2122/2208/2177 2117/2205/2173 2118/794/2174
f 2122/2208/2177 2121/2207/2176 2116/2204/2172
f 2124/1247/1229 2119/1229/1211 2120/2206/2175
f 2120/2206/2175 2121/2207/2176 2126/2210/2180
f 2127/2211/2181 2122/2208/2177 2123/799/2178
f 2127/2211/2181 2126/2210/2180 2121/2207/2176
f 2129/1246/1228 2124/1247/1229 2125/2209/2179
f 2125/2209/2179 2126/2210/2180 2131/2213/2184
f 2127/2211/2181 2128/803/2182 2133/808/2185
f 2127/2211/2181 2132/2214/2186 2131/2213/2184
f 2134/1278/1260 2129/1246/1228 2130/2212/2183
f 2130/2212/2183 2131/2213/2184 2136/2216/2188
f 2132/2214/2186 2133/808/2185 2138/813/2189
f 2132/2214/2186 2137/2217/2190 2136/2216/2188
f 2139/1277/1259 2134/1278/1260 2135/2215/2187
f 2140/2218/2191 2135/2215/2187 2136/2216/2188
f 2142/2220/2193 2137/2217/2190 2138/813/2189
f 2137/2217/2190 2142/2220/2193 2141/2219/2192
f 2139/1277/1259 2140/2218/2191 2145/2221/2195
f 2145/2221/2195 2140/2218/2191 2141/2219/2192
f 2147/2223/2197 2142/2220/2193 2143/819/2194
f 2147/2223/2197 2146/2222/2196 2141/2219/2192
f 2149/1313/1295 2144/1295/1277 2145/2221/2195
f 2150/2224/2199 2145/2221/2195 2146/2222/2196
f 2152/2226/2201 2147/2223/2197 2148/824/2198
f 2152/2226/2201 2151/2225/2200 2146/2222/2196
f 2154/1343/1325 2149/1313/1295 2150/2224/2199
f 2150/2224/2199 2151/2225/2200 2156/2228/2204
f 2152/2226/2201 2153/829/2202 2158/833/2205
f 2157/2229/2206 2156/2228/2204 2151/2225/2200
f 2154/1343/1325 2155/2227/2203 2160/2230/2207
f 2160/2230/2207 2155/2227/2203 2156/2228/2204
f 2157/2229/2206 2158/833/2205 2163/838/2209
f 2157/2229/2206 2162/2232/2210 2161/2231/2208
f 2159/1359/1341 2160/2230/2207 2165/2233/2211
f 2165/2233/2211 2160/2230/2207 2161/2231/2208
f 2162/2232/2210 2163/838/2209 2168/844/2213
f 2167/2235/2214 2166/2234/2212 2161/2231/2208
f 2169/1382/1363 2164/1383/1364 2165/2233/2211
f 2165/2233/2211 2166/2234/2212 2171/2237/2216
f 2172/2238/2217 2167/2235/2214 2168/844/2213
f 2172/2238/2217 2171/2237/2216 2166/2234/2212
f 2174/1400/1381 2169/1382/1363 2170/2236/2215
f 2175/2239/2219 2170/2236/2215 2171/2237/2216
f 2172/2238/2217 2173/849/2218 2178/853/2221
f 2172/2238/2217 2177/2241/2222 2176/2240/2220
f 2179/1417/1398 2174/1400/1381 2175/2239/2219
f 2180/2242/2223 2175/2239/2219 2176/2240/2220
f 2177/2241/2222 2178/853/2221 2183/858/2225
f 2177/2241/2222 2182/2244/2226 2181/2243/2224
f 2179/1417/1398 2180/2242/2223 2185/2245/2227
f 2180/2242/2223 2181/2243/2224 2186/2246/2228
f 2182/2244/2226 2183/858/2225 2188/864/2229
f 2182/2244/2226 2187/2247/2230 2186/2246/2228
f 2184/1432/1413 2185/2245/2227 2190/2248/2231
f 2190/2248/2231 2185/2245/2227 2186/2246/2228
f 2187/2247/2230 2188/864/2229 2193/869/2233
f 2187/2247/2230 2192/2250/2234 2191/2249/2232
f 2189/1450/1431 2190/2248/2231 2195/2251/2235
f 2195/2251/2235 2190/2248/2231 2191/2249/2232
f 2197/2253/2237 2192/2250/2234 2193/869/2233
f 2197/2253/2237 2196/2252/2236 2191/2249/2232
f 2194/1468/1449 2195/2251/2235 2200/2254/2239
f 2200/2254/2239 2195/2251/2235 2196/2252/2236
f 2202/2256/2241 2197/2253/2237 2198/874/2238
f 2202/2256/2241 2201/2255/2240 2196/2252/2236
f 2199/1485/1466 2200/2254/2239 2205/2257/2243
f 2205/2257/2243 2200/2254/2239 2201/2255/2240
f 2202/2256/2241 2203/879/2242 2208/884/2245
f 2202/2256/2241 2207/2259/2246 2206/2258/2244
f 2204/1503/1484 2205/2257/2243 2210/2260/2247
f 2210/2260/2247 2205/2257/2243 2206/2258/2244
f 2207/2259/2246 2208/884/2245 2213/889/2249
f 2207/2259/2246 2212/2262/2250 2211/2261/2248
f 2209/1530/1511 2210/2260/2247 2215/2263/2251
f 2210/2260/2247 2211/2261/2248 2216/2264/2252
f 2217/2265/2253 2212/2262/2250 2213/889/2249
f 2217/2265/2253 2216/2264/2252 2211/2261/2248
f 2219/1550/1531 2214/1551/1532 2215/2263/2251
f 2215/2263/2251 2216/2264/2252 2221/2267/2256
f 2217/2265/2253 2218/893/2254 2223/898/2257
f 2217/2265/2253 2222/2268/2258 2221/2267/2256
f 2219/1550/1531 2220/2266/2255 2225/2269/2259
f 2225/2269/2259 2220/2266/2255 2221/2267/2256
f 2227/2271/2261 2222/2268/2258 2223/898/2257
f 2227/2271/2261 2226/2270/2260 2221/2267/2256
f 2229/1599/1580 2224/1563/1544 2225/2269/2259
f 2230/2272/2263 2225/2269/2259 2226/2270/2260
f 2232/2274/2265 2227/2271/2261 2228/904/2262
f 2232/2274/2265 2231/2273/2264 2226/2270/2260
f 2229/1599/1580 2230/2272/2263 2235/2275/2267
f 2230/2272/2263 2231/2273/2264 2236/2276/2268
f 2232/2274/2265 2233/909/2266 2238/913/2269
f 2232/2274/2265 2237/2277/2270 2236/2276/2268
f 2234/1614/1595 2235/2275/2267 2240/2278/2271
f 2235/2275/2267 2236/2276/2268 2241/2279/2272
f 2242/2280/2273 2237/2277/2270 2238/913/2269
f 2242/2280/2273 2241/2279/2272 2236/2276/2268
f 2244/1648/1629 2239/1630/1611 2240/2278/2271
f 2240/2278/2271 2241/2279/2272 2246/2282/2276
f 2242/2280/2273 2243/918/2274 2248/924/2277
f 2247/2283/2278 2246/2282/2276 2241/2279/2272
f 2249/2284/1644 2244/1648/1629 2245/2281/2275
f 2245/2281/2275 2246/2282/2276 2251/2286/2280
f 2247/2283/2278 2248/924/2277 2253/929/2281
f 2247/2283/2278 2252/2287/2282 2251/2286/2280
f 2254/1676/1643 2249/1677/1644 2250/2288/2279
f 2250/2288/2279 2251/2293/2280 2256/2290/2284
f 2252/2291/2282 2253/933/2281 2258/935/2285
f 2252/2291/2282 2257/2292/2286 2256/2290/2284
f 2259/1703/1667 2254/1676/1643 2255/2289/2283
f 2255/2289/2283 2256/2290/2284 2261/2295/2288
f 2262/2296/2289 2257/2292/2286 2258/935/2285
f 2257/2292/2286 2262/2296/2289 2261/2295/2288
f 2264/1715/1679 2259/1703/1667 2260/2294/2287
f 2260/2294/2287 2261/2295/2288 2266/2298/2292
f 2262/2296/2289 2263/943/2290 2268/947/2293
f 2262/2296/2289 2267/2299/2294 2266/2298/2292
f 2264/1715/1679 2265/2297/2291 2270/2300/2295
f 2265/2297/2291 2266/2298/2292 2271/2301/2296
f 2272/2302/2297 2267/2299/2294 2268/947/2293
f 2272/2302/2297 2271/2301/2296 2266/2298/2292
f 2269/1750/1713 2270/2300/2295 2275/2303/2299
f 2275/2303/2299 2270/2300/2295 2271/2301/2296
f 2277/2305/2301 2272/2302/2297 2273/952/2298
f 2277/2305/2301 2276/2304/2300 2271/2301/2296
f 2274/1771/1734 2275/2303/2299 2280/2306/2303
f 2280/2306/2303 2275/2303/2299 2276/2304/2300
f 2282/2308/2305 2277/2305/2301 2278/957/2302
f 2282/2308/2305 2281/2307/2304 2276/2304/2300
f 2279/1783/1746 2280/2306/2303 2285/2309/2307
f 2285/2309/2307 2280/2306/2303 2281/2307/2304
f 2282/2308/2305 2283/962/2306 2288/967/2309
f 2287/2311/2310 2286/2310/2308 2281/2307/2304
f 2284/1801/1764 2285/2309/2307 2290/2312/2311
f 2285/2309/2307 2286/2310/2308 2291/2313/2312
f 2292/2314/2313 2287/2311/2310 2288/967/2309
f 2287/2311/2310 2292/2314/2313 2291/2313/2312
f 2294/1815/1778 2289/1816/1779 2290/2312/2311
f 2290/2312/2311 2291/2313/2312 2296/2316/2316
f 2292/2314/2313 2293/972/2314 2298/978/2317
f 2292/2314/2313 2297/2317/2318 2296/2316/2316
f 2299/1835/1798 2294/1815/1778 2295/2315/2315
f 2295/2315/2315 2296/2316/2316 2301/2319/2320
f 2297/2317/2318 2298/978/2317 2303/983/2321
f 2297/2317/2318 2302/2320/2322 2301/2319/2320
f 2304/1848/1811 2299/1835/1798 2300/2318/2319
f 2300/2318/2319 2301/2319/2320 2306/2322/2324
f 2307/2323/2325 2302/2320/2322 2303/983/2321
f 2302/2320/2322 2307/2323/2325 2306/2322/2324
f 2309/1868/1831 2304/1848/1811 2305/2321/2323
f 2305/2321/2323 2306/2322/2324 2311/2325/2328
f 2312/2326/2329 2307/2323/2325 2308/987/2326
f 2307/2323/2325 2312/2326/2329 2311/2325/2328
f 2314/1887/1850 2309/1868/1831 2310/2324/2327
f 2310/2324/2327 2311/2325/2328 2316/2328/2332
f 2317/2329/2333 2312/2326/2329 2313/993/2330
f 2317/2329/2333 2316/2328/2332 2311/2325/2328
f 2319/1903/1866 2314/1887/1850 2315/2327/2331
f 2315/2327/2331 2316/2328/2332 2321/2331/2336
f 2317/2329/2333 2318/998/2334 2323/1003/2337
f 2317/2329/2333 2322/2332/2338 2321/2331/2336
f 2319/1903/1866 2320/2330/2335 2325/2333/2339
f 2320/2330/2335 2321/2331/2336 2326/2334/2340
f 2322/2332/2338 2323/1003/2337 2328/1008/2341
f 2322/2332/2338 2327/2335/2342 2326/2334/2340
f 2324/1936/1899 2325/2333/2339 2330/2336/2343
f 2325/2333/2339 2326/2334/2340 2331/2337/2344
f 2327/2335/2342 2328/1008/2341 2333/1013/2345
f 2327/2335/2342 2332/2338/2346 2331/2337/2344
f 2334/1954/1917 2329/1955/1918 2330/2336/2343
f 2335/2339/2347 2330/2336/2343 2331/2337/2344
f 2332/2338/2346 2333/1013/2345 2338/1018/2349
f 2332/2338/2346 2337/2341/2350 2336/2340/2348
f 2339/1974/1937 2334/1954/1917 2335/2339/2347
f 2340/2342/2351 2335/2339/2347 2336/2340/2348
f 2337/2341/2350 2338/1018/2349 2343/1022/2353
f 2337/2341/2350 2342/2344/2354 2341/2343/2352
f 2344/1991/1954 2339/1974/1937 2340/2342/2351
f 2340/2342/2351 2341/2343/2352 2346/2346/2356
f 2347/2347/2357 2342/2344/2354 2343/1022/2353
f 2347/2347/2357 2346/2346/2356 2341/2343/2352
f 2349/2018/1981 2344/1991/1954 2345/2345/2355
f 2350/2348/2359 2345/2345/2355 2346/2346/2356
f 2347/2347/2357 2348/1027/2358 2353/1032/2361
f 2352/2350/2362 2351/2349/2360 2346/2346/2356
f 2354/2041/2004 2349/2018/1981 2350/2348/2359
f 2355/2351/2363 2350/2348/2359 2351/2349/2360
f 2357/2353/2365 2352/2350/2362 2353/1032/2361
f 2357/2353/2365 2356/2352/2364 2351/2349/2360
f 2359/2040/2003 2354/2041/2004 2355/2351/2363
f 2360/2354/2367 2355/2351/2363 2356/2352/2364
f 2362/2356/2369 2357/2353/2365 2358/1037/2366
f 2362/2356/2369 2361/2355/2368 2356/2352/2364
f 2364/2074/2037 2359/2040/2003 2360/2354/2367
f 2360/2354/2367 2361/2355/2368 2366/2358/2372
f 2362/2356/2369 2363/1043/2370 2368/1047/2373
f 2367/2359/2374 2366/2358/2372 2361/2355/2368
f 2369/2091/2054 2364/2074/2037 2365/2357/2371
f 2370/2360/2375 2365/2357/2371 2366/2358/2372
f 2367/2359/2374 2368/1047/2373 2373/1053/2377
f 2372/2362/2378 2371/2361/2376 2366/2358/2372
f 2374/2090/2053 2369/2091/2054 2370/2360/2375
f 2370/2360/2375 2371/2361/2376 2376/2364/2380
f 2372/2362/2378 2373/1053/2377 2378/1057/2381
f 2377/2365/2382 2376/2364/2380 2371/2361/2376
f 2379/2107/2070 2374/2090/2053 2375/2363/2379
f 2375/2363/2379 2376/2364/2380 2381/2367/2384
f 2382/2368/2385 2377/2365/2382 2378/1057/2381
f 2377/2365/2382 2382/2368/2385 2381/2367/2384
f 2379/2107/2070 2380/2366/2383 2385/2369/2387
f 2380/2366/2383 2381/2367/2384 2386/2370/2388
f 2387/2371/2389 2382/2368/2385 2383/1063/2386
f 2387/2371/2389 2386/2370/2388 2381/2367/2384
f 2384/2122/2085 2385/2369/2387 2390/2372/2391
f 2390/2372/2391 2385/2369/2387 2386/2370/2388
f 2392/2374/2393 2387/2371/2389 2388/1068/2390
f 2392/2374/2393 2391/2373/2392 2386/2370/2388
f 2389/2155/2118 2390/2372/2391 2395/2375/2395
f 2395/2375/2395 2390/2372/2391 2391/2373/2392
f 2392/2374/2393 2393/1072/2394 2398/1077/2397
f 2397/2377/2398 2396/2376/2396 2391/2373/2392
f 2394/2174/2137 2395/2375/2395 2400/2378/2399
f 2400/2378/2399 2395/2375/2395 2396/2376/2396
f 2397/2377/2398 2398/1077/2397 2403/1082/2401
f 2402/2380/2402 2401/2379/2400 2396/2376/2396
f 2400/2378/2399 2405/2381/2403 2404/2187/2150
f 2401/2379/2400 2406/2383/2406 2405/2381/2403
f 2403/1082/2401 2408/1088/2405 2407/2382/2404
f 2407/2382/2404 2406/2383/2406 2401/2379/2400
f 2404/2187/2150 2405/2381/2403 2092/2188/2151
f 2405/2381/2403 2406/2383/2406 2090/2192/2157
f 2089/2193/2158 2407/2382/2404 2408/1088/2405
f 2407/2382/2404 2089/2193/2158 2090/2192/2157
