# Blender 4.0.0
# www.blender.org
o GlassCup018_Clear
v -0.01045200 -0.04100400 -0.03539200
v -0.01059900 -0.04158500 -0.03503500
v -0.01063500 -0.04172800 -0.03488300
v -0.00756700 -0.04163300 -0.03539200
v -0.00767400 -0.04222300 -0.03503500
v -0.00769900 -0.04236800 -0.03488300
v -0.00464600 -0.04206000 -0.03539200
v -0.00471100 -0.04265600 -0.03503500
v -0.00472700 -0.04280200 -0.03488300
v -0.00170200 -0.04228200 -0.03539300
v -0.00173500 -0.04288500 -0.03503000
v -0.00173100 -0.04302700 -0.03488300
v 0.00125200 -0.04229700 -0.03539200
v 0.00126800 -0.04282100 -0.03508800
v 0.00127000 -0.04304700 -0.03488600
v 0.00419800 -0.04210600 -0.03539200
v 0.00425600 -0.04270300 -0.03503500
v 0.00427000 -0.04284900 -0.03488300
v 0.00712300 -0.04171100 -0.03539200
v 0.00722300 -0.04230200 -0.03503500
v 0.00724700 -0.04244700 -0.03488300
v 0.01001400 -0.04111200 -0.03539200
v 0.01015500 -0.04169500 -0.03503500
v 0.01018900 -0.04183700 -0.03488300
v 0.01285600 -0.04031300 -0.03539200
v 0.01303700 -0.04088400 -0.03503500
v 0.01308100 -0.04102400 -0.03488300
v 0.01563500 -0.03931700 -0.03539200
v 0.01585600 -0.03987500 -0.03503500
v 0.01591000 -0.04001100 -0.03488300
v 0.01833800 -0.03813000 -0.03539200
v 0.01859700 -0.03867100 -0.03503500
v 0.01866000 -0.03880300 -0.03488300
v 0.02095200 -0.03675700 -0.03539200
v 0.02124800 -0.03727800 -0.03503500
v 0.02132000 -0.03740600 -0.03488300
v 0.02346400 -0.03520500 -0.03539200
v 0.02379600 -0.03570500 -0.03503500
v 0.02387600 -0.03582700 -0.03488300
v 0.02586100 -0.03348200 -0.03539200
v 0.02622700 -0.03395700 -0.03503500
v 0.02631600 -0.03407300 -0.03488300
v 0.02813300 -0.03159500 -0.03539200
v 0.02853100 -0.03204400 -0.03503500
v 0.02862800 -0.03215400 -0.03488300
v 0.03026700 -0.02955500 -0.03539200
v 0.03069500 -0.02997400 -0.03503500
v 0.03080000 -0.03007700 -0.03488300
v 0.03225400 -0.02737000 -0.03539200
v 0.03271000 -0.02775900 -0.03503500
v 0.03282200 -0.02785400 -0.03488300
v 0.03408300 -0.02505300 -0.03539200
v 0.03456600 -0.02540900 -0.03503500
v 0.03468400 -0.02549600 -0.03488300
v 0.03574700 -0.02261300 -0.03539200
v 0.03625300 -0.02293400 -0.03503500
v 0.03637700 -0.02301300 -0.03488300
v 0.03723600 -0.02006300 -0.03539200
v 0.03776400 -0.02034800 -0.03503500
v 0.03789300 -0.02041800 -0.03488300
v 0.03854400 -0.01741500 -0.03539200
v 0.03909000 -0.01766300 -0.03503500
v 0.03922400 -0.01772400 -0.03488300
v 0.03966500 -0.01468300 -0.03539200
v 0.04022600 -0.01489200 -0.03503500
v 0.04036400 -0.01494300 -0.03488300
v 0.04059200 -0.01187900 -0.03539200
v 0.04116600 -0.01204800 -0.03503500
v 0.04130700 -0.01209000 -0.03488300
v 0.04132100 -0.00901700 -0.03539200
v 0.04190600 -0.00914600 -0.03503500
v 0.04204900 -0.00917800 -0.03488300
v 0.04184900 -0.00611100 -0.03539200
v 0.04244100 -0.00619900 -0.03503500
v 0.04258700 -0.00622000 -0.03488300
v 0.04217200 -0.00317600 -0.03539200
v 0.04276600 -0.00323200 -0.03503700
v 0.04291700 -0.00323300 -0.03488300
v 0.04229000 -0.00022600 -0.03539100
v 0.04288600 -0.00024000 -0.03503900
v 0.04303700 -0.00022900 -0.03488300
v 0.04220400 0.00272500 -0.03539200
v 0.04280200 0.00276500 -0.03503500
v 0.04294800 0.00277500 -0.03488300
v 0.04191000 0.00566400 -0.03539200
v 0.04250400 0.00574500 -0.03503500
v 0.04265000 0.00576600 -0.03488300
v 0.04141300 0.00857500 -0.03539200
v 0.04200000 0.00869800 -0.03503500
v 0.04214400 0.00872800 -0.03488300
v 0.04071400 0.01144500 -0.03539200
v 0.04129100 0.01160800 -0.03503500
v 0.04143200 0.01164800 -0.03488300
v 0.03981700 0.01425800 -0.03539200
v 0.04038100 0.01446100 -0.03503500
v 0.04051900 0.01451100 -0.03488300
v 0.03872500 0.01700200 -0.03539200
v 0.03927400 0.01724400 -0.03503500
v 0.03940800 0.01730400 -0.03488300
v 0.03744500 0.01966400 -0.03539200
v 0.03797600 0.01994300 -0.03503500
v 0.03810500 0.02001200 -0.03488300
v 0.03598300 0.02222900 -0.03539200
v 0.03649200 0.02254500 -0.03503500
v 0.03661700 0.02262300 -0.03488300
v 0.03434500 0.02468600 -0.03539200
v 0.03483100 0.02503700 -0.03503500
v 0.03495000 0.02512300 -0.03488300
v 0.03254000 0.02702300 -0.03539200
v 0.03300000 0.02740700 -0.03503500
v 0.03311300 0.02750100 -0.03488300
v 0.03057600 0.02922800 -0.03539200
v 0.03100900 0.02964300 -0.03503500
v 0.03111400 0.02974500 -0.03488300
v 0.02846300 0.03129100 -0.03539200
v 0.02886600 0.03173500 -0.03503500
v 0.02896400 0.03184400 -0.03488300
v 0.02621200 0.03320200 -0.03539200
v 0.02658300 0.03367300 -0.03503500
v 0.02667300 0.03378800 -0.03488300
v 0.02383300 0.03495000 -0.03539200
v 0.02417000 0.03544600 -0.03503500
v 0.02425200 0.03556800 -0.03488300
v 0.02133800 0.03652800 -0.03539200
v 0.02163900 0.03704700 -0.03503500
v 0.02171300 0.03717400 -0.03488300
v 0.01873800 0.03792900 -0.03539200
v 0.01900300 0.03846700 -0.03503500
v 0.01906800 0.03859900 -0.03488300
v 0.01604800 0.03914400 -0.03539200
v 0.01627400 0.03969900 -0.03503500
v 0.01633000 0.03983500 -0.03488300
v 0.01327900 0.04016900 -0.03539200
v 0.01346600 0.04073900 -0.03503500
v 0.01351200 0.04087800 -0.03488300
v 0.01044600 0.04099800 -0.03539200
v 0.01059300 0.04157900 -0.03503500
v 0.01062900 0.04172200 -0.03488300
v 0.00756100 0.04162700 -0.03539200
v 0.00766800 0.04221700 -0.03503500
v 0.00769300 0.04236200 -0.03488300
v 0.00464000 0.04205400 -0.03539200
v 0.00470500 0.04265000 -0.03503500
v 0.00472100 0.04279600 -0.03488300
v 0.00169600 0.04227500 -0.03539200
v 0.00170800 0.04280400 -0.03508500
v 0.00172600 0.04302400 -0.03488600
v -0.00125700 0.04228800 -0.03538700
v -0.00128900 0.04276500 -0.03512400
v -0.00127600 0.04304100 -0.03488600
v -0.00420400 0.04210000 -0.03539200
v -0.00426200 0.04269700 -0.03503500
v -0.00427600 0.04284300 -0.03488300
v -0.00712900 0.04170500 -0.03539200
v -0.00722900 0.04229600 -0.03503500
v -0.00725300 0.04244100 -0.03488300
v -0.01002000 0.04110600 -0.03539200
v -0.01016100 0.04168900 -0.03503500
v -0.01019500 0.04183100 -0.03488300
v -0.01286200 0.04030700 -0.03539200
v -0.01304300 0.04087800 -0.03503500
v -0.01308700 0.04101800 -0.03488300
v -0.01564100 0.03931100 -0.03539200
v -0.01586200 0.03986900 -0.03503500
v -0.01591600 0.04000500 -0.03488300
v -0.01834400 0.03812400 -0.03539200
v -0.01860300 0.03866500 -0.03503500
v -0.01866600 0.03879700 -0.03488300
v -0.02095800 0.03675100 -0.03539200
v -0.02125400 0.03727200 -0.03503500
v -0.02132600 0.03740000 -0.03488300
v -0.02347000 0.03519900 -0.03539200
v -0.02380200 0.03569900 -0.03503500
v -0.02388200 0.03582100 -0.03488300
v -0.02586700 0.03347600 -0.03539200
v -0.02623300 0.03395100 -0.03503500
v -0.02632200 0.03406700 -0.03488300
v -0.02813900 0.03158900 -0.03539200
v -0.02853600 0.03203800 -0.03503500
v -0.02863400 0.03214800 -0.03488300
v -0.03027300 0.02954900 -0.03539200
v -0.03070100 0.02996800 -0.03503500
v -0.03080600 0.03007100 -0.03488300
v -0.03226000 0.02736400 -0.03539200
v -0.03271600 0.02775300 -0.03503500
v -0.03282800 0.02784800 -0.03488300
v -0.03408900 0.02504700 -0.03539200
v -0.03457200 0.02540300 -0.03503500
v -0.03469000 0.02549000 -0.03488300
v -0.03575300 0.02260700 -0.03539200
v -0.03625900 0.02292800 -0.03503500
v -0.03638300 0.02300700 -0.03488300
v -0.03724200 0.02005700 -0.03539200
v -0.03777000 0.02034200 -0.03503500
v -0.03789900 0.02041200 -0.03488300
v -0.03855000 0.01740900 -0.03539200
v -0.03909600 0.01765700 -0.03503500
v -0.03923000 0.01771800 -0.03488300
v -0.03967100 0.01467700 -0.03539200
v -0.04023200 0.01488600 -0.03503500
v -0.04037000 0.01493700 -0.03488300
v -0.04059800 0.01187300 -0.03539200
v -0.04117200 0.01204200 -0.03503500
v -0.04131300 0.01208400 -0.03488300
v -0.04132700 0.00901100 -0.03539200
v -0.04191200 0.00914000 -0.03503500
v -0.04205500 0.00917200 -0.03488300
v -0.04185500 0.00610500 -0.03539200
v -0.04244700 0.00619300 -0.03503500
v -0.04259300 0.00621400 -0.03488300
v -0.04217800 0.00317000 -0.03539200
v -0.04277200 0.00322600 -0.03503700
v -0.04292300 0.00322700 -0.03488300
v -0.04229600 0.00022000 -0.03539100
v -0.04289200 0.00023400 -0.03503900
v -0.04304300 0.00022300 -0.03488300
v -0.04221000 -0.00273100 -0.03539200
v -0.04273200 -0.00276400 -0.03508800
v -0.04295700 -0.00278300 -0.03488600
v -0.04191600 -0.00567000 -0.03539200
v -0.04251000 -0.00575200 -0.03503500
v -0.04265600 -0.00577200 -0.03488300
v -0.04141900 -0.00858100 -0.03539200
v -0.04200600 -0.00870400 -0.03503500
v -0.04215000 -0.00873400 -0.03488300
v -0.04072000 -0.01145100 -0.03539200
v -0.04129700 -0.01161400 -0.03503500
v -0.04143800 -0.01165400 -0.03488300
v -0.03982300 -0.01426400 -0.03539200
v -0.04038700 -0.01446700 -0.03503500
v -0.04052500 -0.01451700 -0.03488300
v -0.03873100 -0.01700800 -0.03539200
v -0.03928000 -0.01725000 -0.03503500
v -0.03941400 -0.01731000 -0.03488300
v -0.03745100 -0.01967000 -0.03539200
v -0.03798200 -0.01994900 -0.03503500
v -0.03811100 -0.02001800 -0.03488300
v -0.03598900 -0.02223500 -0.03539200
v -0.03649800 -0.02255100 -0.03503500
v -0.03662300 -0.02262900 -0.03488300
v -0.03435100 -0.02469200 -0.03539200
v -0.03483700 -0.02504300 -0.03503500
v -0.03495600 -0.02512900 -0.03488300
v -0.03254600 -0.02702900 -0.03539200
v -0.03300600 -0.02741300 -0.03503500
v -0.03311900 -0.02750700 -0.03488300
v -0.03058200 -0.02923400 -0.03539200
v -0.03101500 -0.02964900 -0.03503500
v -0.03112000 -0.02975100 -0.03488300
v -0.02846900 -0.03129700 -0.03539200
v -0.02887200 -0.03174100 -0.03503500
v -0.02897000 -0.03185000 -0.03488300
v -0.02621800 -0.03320800 -0.03539200
v -0.02658900 -0.03367900 -0.03503500
v -0.02667900 -0.03379400 -0.03488300
v -0.02383900 -0.03495600 -0.03539200
v -0.02417600 -0.03545200 -0.03503500
v -0.02425800 -0.03557400 -0.03488300
v -0.02134400 -0.03653400 -0.03539200
v -0.02164500 -0.03705300 -0.03503500
v -0.02171900 -0.03718000 -0.03488300
v -0.01874400 -0.03793500 -0.03539200
v -0.01900900 -0.03847300 -0.03503500
v -0.01907400 -0.03860500 -0.03488300
v -0.01605400 -0.03915000 -0.03539200
v -0.01628000 -0.03970500 -0.03503500
v -0.01633600 -0.03984100 -0.03488300
v -0.01328500 -0.04017500 -0.03539200
v -0.01347200 -0.04074500 -0.03503500
v -0.01351800 -0.04088400 -0.03488300
v -0.01064100 -0.04175200 -0.03484400
v 0.00427100 -0.04284900 -0.03488300
v 0.01018900 -0.04183700 -0.03488300
v 0.04130700 -0.01208900 -0.03488300
v 0.04294700 0.00277500 -0.03488300
v 0.03111500 0.02974400 -0.03488300
v -0.00127800 0.04303700 -0.03488300
v -0.03922900 0.01771700 -0.03488300
v -0.04259200 0.00621400 -0.03488300
v -0.04295300 -0.00278000 -0.03488300
v -0.01063500 -0.04172700 -0.03488300
v -0.00770000 -0.04236700 -0.03488300
v -0.00770400 -0.04239300 -0.03484400
v -0.00472700 -0.04280100 -0.03488300
v -0.00473000 -0.04282700 -0.03484400
v -0.00173100 -0.04302600 -0.03488300
v -0.00173300 -0.04305300 -0.03484400
v 0.00127300 -0.04304200 -0.03488300
v 0.00127300 -0.04306800 -0.03484400
v 0.00427300 -0.04287400 -0.03484400
v 0.00724800 -0.04244600 -0.03488300
v 0.00725200 -0.04247200 -0.03484400
v 0.01019500 -0.04186100 -0.03484400
v 0.01308100 -0.04102300 -0.03488300
v 0.01308900 -0.04104800 -0.03484400
v 0.01591000 -0.04001000 -0.03488300
v 0.01591900 -0.04003500 -0.03484400
v 0.01866100 -0.03880200 -0.03488300
v 0.01867200 -0.03882600 -0.03484400
v 0.02132000 -0.03740500 -0.03488300
v 0.02133300 -0.03742800 -0.03484400
v 0.02387600 -0.03582600 -0.03488300
v 0.02389100 -0.03584800 -0.03484400
v 0.02631600 -0.03407200 -0.03488300
v 0.02633200 -0.03409300 -0.03484400
v 0.02862800 -0.03215300 -0.03488300
v 0.02864500 -0.03217200 -0.03484400
v 0.03079900 -0.03007600 -0.03488300
v 0.03081800 -0.03009500 -0.03484400
v 0.03282100 -0.02785300 -0.03488300
v 0.03284100 -0.02787100 -0.03484400
v 0.03468300 -0.02549500 -0.03488300
v 0.03470400 -0.02551100 -0.03484400
v 0.03637600 -0.02301200 -0.03488300
v 0.03639800 -0.02302600 -0.03484400
v 0.03789200 -0.02041700 -0.03488300
v 0.03791500 -0.02043000 -0.03484400
v 0.03922300 -0.01772300 -0.03488300
v 0.03924700 -0.01773400 -0.03484400
v 0.04036300 -0.01494200 -0.03488300
v 0.04038800 -0.01495200 -0.03484400
v 0.04133100 -0.01209600 -0.03484400
v 0.04204900 -0.00917700 -0.03488300
v 0.04207400 -0.00918200 -0.03484400
v 0.04258600 -0.00622000 -0.03488300
v 0.04261200 -0.00622300 -0.03484400
v 0.04291600 -0.00323300 -0.03488300
v 0.04294200 -0.00323400 -0.03484400
v 0.04303600 -0.00023000 -0.03488300
v 0.04306200 -0.00022900 -0.03484400
v 0.04297300 0.00277600 -0.03484400
v 0.04264900 0.00576500 -0.03488300
v 0.04267500 0.00576900 -0.03484400
v 0.04214300 0.00872800 -0.03488300
v 0.04216800 0.00873300 -0.03484400
v 0.04143100 0.01164700 -0.03488300
v 0.04145600 0.01165500 -0.03484400
v 0.04051800 0.01451100 -0.03488300
v 0.04054300 0.01452000 -0.03484400
v 0.03940700 0.01730300 -0.03488300
v 0.03943100 0.01731400 -0.03484400
v 0.03810500 0.02001100 -0.03488300
v 0.03812800 0.02002400 -0.03484400
v 0.03661600 0.02262200 -0.03488300
v 0.03663800 0.02263600 -0.03484400
v 0.03495000 0.02512200 -0.03488300
v 0.03497100 0.02513800 -0.03484400
v 0.03311300 0.02750000 -0.03488300
v 0.03313300 0.02751700 -0.03484400
v 0.03113300 0.02976200 -0.03484400
v 0.02896400 0.03184300 -0.03488300
v 0.02898200 0.03186300 -0.03484400
v 0.02667300 0.03378700 -0.03488300
v 0.02668900 0.03380800 -0.03484400
v 0.02425200 0.03556700 -0.03488300
v 0.02426700 0.03558800 -0.03484400
v 0.02171300 0.03717300 -0.03488300
v 0.02172600 0.03719500 -0.03484400
v 0.01906800 0.03859800 -0.03488300
v 0.01907900 0.03862100 -0.03484400
v 0.01633000 0.03983400 -0.03488300
v 0.01633900 0.03985900 -0.03484400
v 0.01351200 0.04087700 -0.03488300
v 0.01352000 0.04090200 -0.03484400
v 0.01062900 0.04172100 -0.03488300
v 0.01063500 0.04174600 -0.03484400
v 0.00769400 0.04236100 -0.03488300
v 0.00769800 0.04238700 -0.03484400
v 0.00472100 0.04279500 -0.03488300
v 0.00472400 0.04282100 -0.03484400
v 0.00172500 0.04302000 -0.03488300
v 0.00172600 0.04304600 -0.03484400
v -0.00127900 0.04306200 -0.03484400
v -0.00427700 0.04284200 -0.03488300
v -0.00427900 0.04286800 -0.03484400
v -0.00725400 0.04244000 -0.03488300
v -0.00725800 0.04246600 -0.03484400
v -0.01019500 0.04183000 -0.03488300
v -0.01020100 0.04185600 -0.03484400
v -0.01308700 0.04101700 -0.03488300
v -0.01309500 0.04104200 -0.03484400
v -0.01591600 0.04000400 -0.03488300
v -0.01592500 0.04002900 -0.03484400
v -0.01866700 0.03879600 -0.03488300
v -0.01867800 0.03882000 -0.03484400
v -0.02132600 0.03739900 -0.03488300
v -0.02133900 0.03742200 -0.03484400
v -0.02388200 0.03582000 -0.03488300
v -0.02389700 0.03584200 -0.03484400
v -0.02632200 0.03406600 -0.03488300
v -0.02633800 0.03408700 -0.03484400
v -0.02863400 0.03214700 -0.03488300
v -0.02865100 0.03216600 -0.03484400
v -0.03080500 0.03007000 -0.03488300
v -0.03082400 0.03008900 -0.03484400
v -0.03282700 0.02784700 -0.03488300
v -0.03284700 0.02786500 -0.03484400
v -0.03468900 0.02548900 -0.03488300
v -0.03471000 0.02550500 -0.03484400
v -0.03638200 0.02300600 -0.03488300
v -0.03640400 0.02302000 -0.03484400
v -0.03789800 0.02041100 -0.03488300
v -0.03792100 0.02042400 -0.03484400
v -0.03925300 0.01772800 -0.03484400
v -0.04036900 0.01493600 -0.03488300
v -0.04039400 0.01494600 -0.03484400
v -0.04131300 0.01208300 -0.03488300
v -0.04133800 0.01209100 -0.03484400
v -0.04205500 0.00917100 -0.03488300
v -0.04208000 0.00917700 -0.03484400
v -0.04261700 0.00621800 -0.03484400
v -0.04292200 0.00322700 -0.03488300
v -0.04294800 0.00322900 -0.03484400
v -0.04304200 0.00022400 -0.03488300
v -0.04306800 0.00022400 -0.03484400
v -0.04297900 -0.00278200 -0.03484400
v -0.04265500 -0.00577100 -0.03488300
v -0.04268100 -0.00577500 -0.03484400
v -0.04214900 -0.00873400 -0.03488300
v -0.04217400 -0.00873900 -0.03484400
v -0.04143700 -0.01165300 -0.03488300
v -0.04146200 -0.01166100 -0.03484400
v -0.04052400 -0.01451700 -0.03488300
v -0.04054900 -0.01452600 -0.03484400
v -0.03941300 -0.01730900 -0.03488300
v -0.03943700 -0.01732000 -0.03484400
v -0.03811100 -0.02001700 -0.03488300
v -0.03813400 -0.02003000 -0.03484400
v -0.03662200 -0.02262800 -0.03488300
v -0.03664400 -0.02264200 -0.03484400
v -0.03495600 -0.02512800 -0.03488300
v -0.03497700 -0.02514400 -0.03484400
v -0.03311900 -0.02750600 -0.03488300
v -0.03313800 -0.02752300 -0.03484400
v -0.03112000 -0.02975000 -0.03488300
v -0.03113900 -0.02976900 -0.03484400
v -0.02897000 -0.03184900 -0.03488300
v -0.02898800 -0.03186900 -0.03484400
v -0.02667900 -0.03379300 -0.03488300
v -0.02669500 -0.03381400 -0.03484400
v -0.02425800 -0.03557300 -0.03488300
v -0.02427300 -0.03559400 -0.03484400
v -0.02171900 -0.03717900 -0.03488300
v -0.02173200 -0.03720100 -0.03484400
v -0.01907400 -0.03860400 -0.03488300
v -0.01908500 -0.03862700 -0.03484400
v -0.01633600 -0.03984000 -0.03488300
v -0.01634500 -0.03986500 -0.03484400
v -0.01351800 -0.04088300 -0.03488300
v -0.01352600 -0.04090800 -0.03484400
v -0.01064100 -0.04175200 -0.03484400
v -0.01063900 -0.04180500 -0.03473700
v -0.00770400 -0.04239200 -0.03484400
v -0.00770400 -0.04244500 -0.03473400
v -0.00473000 -0.04282700 -0.03484400
v -0.00472600 -0.04287700 -0.03473900
v -0.00173200 -0.04305200 -0.03484400
v -0.00171900 -0.04310300 -0.03473700
v 0.00127300 -0.04306800 -0.03484400
v 0.00129000 -0.04311800 -0.03473700
v 0.00427300 -0.04287400 -0.03484400
v 0.00428800 -0.04292400 -0.03473400
v 0.00725200 -0.04247400 -0.03484600
v 0.00726200 -0.04253200 -0.03468300
v 0.01019500 -0.04186100 -0.03484400
v 0.01020200 -0.04191400 -0.03473200
v 0.01308900 -0.04104800 -0.03484400
v 0.01310900 -0.04109500 -0.03473700
v 0.01591900 -0.04003400 -0.03484400
v 0.01593200 -0.04008000 -0.03474400
v 0.01867200 -0.03882500 -0.03484400
v 0.01868900 -0.03887500 -0.03473200
v 0.02133300 -0.03742800 -0.03484400
v 0.02136200 -0.03747000 -0.03473700
v 0.02389100 -0.03584800 -0.03484400
v 0.02392200 -0.03588700 -0.03473700
v 0.02633400 -0.03409500 -0.03484600
v 0.02636900 -0.03414200 -0.03468300
v 0.02864500 -0.03217200 -0.03484400
v 0.02867500 -0.03221500 -0.03473200
v 0.03081800 -0.03009400 -0.03484400
v 0.03084900 -0.03013100 -0.03474400
v 0.03284100 -0.02787000 -0.03484400
v 0.03287700 -0.02790900 -0.03473200
v 0.03470400 -0.02551000 -0.03484400
v 0.03474700 -0.02553700 -0.03473700
v 0.03639800 -0.02302600 -0.03484400
v 0.03644300 -0.02304900 -0.03473700
v 0.03791500 -0.02043000 -0.03484400
v 0.03796100 -0.02045000 -0.03473700
v 0.03924700 -0.01773400 -0.03484400
v 0.03929500 -0.01775100 -0.03473700
v 0.04038700 -0.01495100 -0.03484400
v 0.04043600 -0.01496500 -0.03473700
v 0.04133100 -0.01209600 -0.03484400
v 0.04138100 -0.01210700 -0.03473700
v 0.04207400 -0.00918200 -0.03484400
v 0.04212400 -0.00918900 -0.03473700
v 0.04261400 -0.00622200 -0.03484600
v 0.04267100 -0.00623700 -0.03468500
v 0.04294100 -0.00323500 -0.03484400
v 0.04299400 -0.00323300 -0.03473100
v 0.04306200 -0.00023000 -0.03484400
v 0.04311300 -0.00021500 -0.03473700
v 0.04297300 0.00277600 -0.03484400
v 0.04302300 0.00278900 -0.03473400
v 0.04267400 0.00576900 -0.03484400
v 0.04272400 0.00577900 -0.03473700
v 0.04216800 0.00873300 -0.03484400
v 0.04221500 0.00875300 -0.03473900
v 0.04145600 0.01165400 -0.03484400
v 0.04150100 0.01168300 -0.03473700
v 0.04054200 0.01451900 -0.03484400
v 0.04058500 0.01455100 -0.03473700
v 0.03943100 0.01731300 -0.03484400
v 0.03947100 0.01734800 -0.03473700
v 0.03812800 0.02002300 -0.03484400
v 0.03816500 0.02006000 -0.03473700
v 0.03663800 0.02263500 -0.03484400
v 0.03667600 0.02266500 -0.03474400
v 0.03497100 0.02513700 -0.03484400
v 0.03501000 0.02517300 -0.03473100
v 0.03313200 0.02751700 -0.03484400
v 0.03316200 0.02756100 -0.03473700
v 0.03113300 0.02976200 -0.03484400
v 0.03115900 0.02980800 -0.03473700
v 0.02898200 0.03186200 -0.03484400
v 0.02900400 0.03191000 -0.03473700
v 0.02668900 0.03380800 -0.03484400
v 0.02670900 0.03385700 -0.03473700
v 0.02426700 0.03558800 -0.03484400
v 0.02428900 0.03563000 -0.03474400
v 0.02172600 0.03719500 -0.03484400
v 0.02174700 0.03724300 -0.03473200
v 0.01907900 0.03862100 -0.03484400
v 0.01908800 0.03867300 -0.03473700
v 0.01634000 0.03985800 -0.03484400
v 0.01634500 0.03991100 -0.03473700
v 0.01352000 0.04090200 -0.03484400
v 0.01352200 0.04095400 -0.03473700
v 0.01063500 0.04174600 -0.03484400
v 0.01063300 0.04179900 -0.03473700
v 0.00769800 0.04238600 -0.03484400
v 0.00769300 0.04243900 -0.03473700
v 0.00472400 0.04282100 -0.03484400
v 0.00472000 0.04287300 -0.03473400
v 0.00172600 0.04304600 -0.03484400
v 0.00172400 0.04309700 -0.03473700
v -0.00127900 0.04306200 -0.03484400
v -0.00128500 0.04311300 -0.03473700
v -0.00427900 0.04286800 -0.03484400
v -0.00428800 0.04291800 -0.03473700
v -0.00725800 0.04246500 -0.03484400
v -0.00727100 0.04251400 -0.03473700
v -0.01020100 0.04185500 -0.03484400
v -0.01022300 0.04190200 -0.03473900
v -0.01309500 0.04104200 -0.03484400
v -0.01312500 0.04108500 -0.03473700
v -0.01592500 0.04002800 -0.03484400
v -0.01595300 0.04007200 -0.03473400
v -0.01867800 0.03881900 -0.03484400
v -0.01870400 0.03886300 -0.03473700
v -0.02133900 0.03742200 -0.03484400
v -0.02136800 0.03746400 -0.03473700
v -0.02389700 0.03584200 -0.03484400
v -0.02392800 0.03588100 -0.03473700
v -0.02633800 0.03408700 -0.03484400
v -0.02637200 0.03412400 -0.03473700
v -0.02865100 0.03216600 -0.03484400
v -0.02867900 0.03220500 -0.03474400
v -0.03082400 0.03008800 -0.03484400
v -0.03085800 0.03012900 -0.03473200
v -0.03284700 0.02786400 -0.03484400
v -0.03288800 0.02789400 -0.03473700
v -0.03471000 0.02550400 -0.03484400
v -0.03475300 0.02553100 -0.03473700
v -0.03640400 0.02302000 -0.03484400
v -0.03644900 0.02304300 -0.03473700
v -0.03792100 0.02042400 -0.03484400
v -0.03796100 0.02045100 -0.03474400
v -0.03925300 0.01772800 -0.03484400
v -0.03929300 0.01776200 -0.03473700
v -0.04039300 0.01494500 -0.03484400
v -0.04044100 0.01496900 -0.03473200
v -0.04133700 0.01209000 -0.03484400
v -0.04138700 0.01210000 -0.03473700
v -0.04208000 0.00917600 -0.03484400
v -0.04213000 0.00918300 -0.03473700
v -0.04261700 0.00621800 -0.03484400
v -0.04266800 0.00622100 -0.03473700
v -0.04294700 0.00322900 -0.03484400
v -0.04299800 0.00322800 -0.03473700
v -0.04307100 0.00022400 -0.03484600
v -0.04313100 0.00022100 -0.03467900
v -0.04297900 -0.00278200 -0.03484400
v -0.04302600 -0.00279000 -0.03474400
v -0.04268000 -0.00577500 -0.03484400
v -0.04273200 -0.00578700 -0.03473200
v -0.04217400 -0.00873900 -0.03484400
v -0.04222000 -0.00875300 -0.03474400
v -0.04146200 -0.01166000 -0.03484400
v -0.04151100 -0.01168000 -0.03473200
v -0.04054800 -0.01452500 -0.03484400
v -0.04059100 -0.01455700 -0.03473700
v -0.03943700 -0.01731900 -0.03484400
v -0.03948000 -0.01734900 -0.03473400
v -0.03813700 -0.02002900 -0.03484600
v -0.03818600 -0.02006200 -0.03468500
v -0.03664400 -0.02264100 -0.03484400
v -0.03668600 -0.02267400 -0.03473200
v -0.03497700 -0.02514300 -0.03484400
v -0.03500900 -0.02518500 -0.03473700
v -0.03313800 -0.02752300 -0.03484400
v -0.03316800 -0.02756700 -0.03473700
v -0.03113900 -0.02976800 -0.03484400
v -0.03117000 -0.02980500 -0.03474400
v -0.02898800 -0.03186800 -0.03484400
v -0.02901900 -0.03191100 -0.03473200
v -0.02669500 -0.03381400 -0.03484400
v -0.02671500 -0.03386300 -0.03473700
v -0.02427300 -0.03559400 -0.03484400
v -0.02428900 -0.03564400 -0.03473700
v -0.02173200 -0.03720100 -0.03484400
v -0.02174400 -0.03725200 -0.03473700
v -0.01908500 -0.03862700 -0.03484400
v -0.01909400 -0.03867900 -0.03473700
v -0.01634600 -0.03986400 -0.03484400
v -0.01635100 -0.03991700 -0.03473700
v -0.01352600 -0.04090800 -0.03484400
v -0.01352800 -0.04096000 -0.03473700
v -0.01354700 -0.04096900 0.05175100
v -0.01065700 -0.04181500 0.05175100
v -0.00771600 -0.04245600 0.05175100
v -0.00473700 -0.04289100 0.05175100
v -0.00173500 -0.04311700 0.05175100
v 0.00127500 -0.04313300 0.05175100
v 0.00428000 -0.04293900 0.05175100
v 0.00726300 -0.04253500 0.05175100
v 0.01021100 -0.04192500 0.05175100
v 0.01310900 -0.04111000 0.05175100
v 0.01594300 -0.04009400 0.05175100
v 0.01870000 -0.03888400 0.05175100
v 0.02136500 -0.03748400 0.05175100
v 0.02392700 -0.03590200 0.05175100
v 0.02637200 -0.03414400 0.05175100
v 0.02868800 -0.03222000 0.05175100
v 0.03086400 -0.03014000 0.05175100
v 0.03289100 -0.02791200 0.05175100
v 0.03475600 -0.02554900 0.05175100
v 0.03645300 -0.02306100 0.05175100
v 0.03797200 -0.02046000 0.05175100
v 0.03930600 -0.01776000 0.05175100
v 0.04044800 -0.01497400 0.05175100
v 0.04139400 -0.01211500 0.05175100
v 0.04213700 -0.00919600 0.05175100
v 0.04267600 -0.00623300 0.05175100
v 0.04300600 -0.00323900 0.05175100
v 0.04312700 -0.00023000 0.05175100
v 0.04303800 0.00278000 0.05175100
v 0.04273900 0.00577700 0.05175100
v 0.04223200 0.00874600 0.05175100
v 0.04151900 0.01167200 0.05175100
v 0.04060300 0.01454100 0.05175100
v 0.03949000 0.01734000 0.05175100
v 0.03818500 0.02005300 0.05175100
v 0.03669400 0.02267000 0.05175100
v 0.03502300 0.02517500 0.05175100
v 0.03318200 0.02755800 0.05175100
v 0.03118000 0.02980700 0.05175100
v 0.02902500 0.03191000 0.05175100
v 0.02672900 0.03385800 0.05175100
v 0.02430300 0.03564200 0.05175100
v 0.02175900 0.03725100 0.05175100
v 0.01910800 0.03867900 0.05175100
v 0.01636400 0.03991800 0.05175100
v 0.01354100 0.04096300 0.05175100
v 0.01065100 0.04180900 0.05175100
v 0.00771000 0.04245000 0.05175100
v 0.00473100 0.04288500 0.05175100
v 0.00172900 0.04311100 0.05175100
v -0.00128100 0.04312700 0.05175100
v -0.00428600 0.04293300 0.05175100
v -0.00726900 0.04252900 0.05175100
v -0.01021700 0.04191900 0.05175100
v -0.01311500 0.04110400 0.05175100
v -0.01594900 0.04008800 0.05175100
v -0.01870600 0.03887800 0.05175100
v -0.02137100 0.03747800 0.05175100
v -0.02393300 0.03589600 0.05175100
v -0.02637800 0.03413800 0.05175100
v -0.02869400 0.03221400 0.05175100
v -0.03087000 0.03013400 0.05175100
v -0.03289700 0.02790600 0.05175100
v -0.03476200 0.02554300 0.05175100
v -0.03645900 0.02305500 0.05175100
v -0.03797800 0.02045400 0.05175100
v -0.03931200 0.01775400 0.05175100
v -0.04045400 0.01496800 0.05175100
v -0.04140000 0.01210900 0.05175100
v -0.04214300 0.00919000 0.05175100
v -0.04268200 0.00622700 0.05175100
v -0.04301200 0.00323300 0.05175100
v -0.04313300 0.00022400 0.05175100
v -0.04304400 -0.00278600 0.05175100
v -0.04274500 -0.00578300 0.05175100
v -0.04223800 -0.00875200 0.05175100
v -0.04152500 -0.01167800 0.05175100
v -0.04060900 -0.01454700 0.05175100
v -0.03949600 -0.01734600 0.05175100
v -0.03819100 -0.02005900 0.05175100
v -0.03670000 -0.02267600 0.05175100
v -0.03502900 -0.02518100 0.05175100
v -0.03318800 -0.02756400 0.05175100
v -0.03118600 -0.02981300 0.05175100
v -0.02903100 -0.03191600 0.05175100
v -0.02673500 -0.03386400 0.05175100
v -0.02430900 -0.03564800 0.05175100
v -0.02176500 -0.03725700 0.05175100
v -0.01911400 -0.03868500 0.05175100
v -0.01637000 -0.03992400 0.05175100
v -0.01065200 -0.04182000 0.05175200
v -0.01063500 -0.04172300 0.05200800
v -0.01059600 -0.04154800 0.05221000
v -0.01048900 -0.04114900 0.05240300
v -0.01045800 -0.04104200 0.05250500
v -0.01044700 -0.04098800 0.05262100
v -0.01043800 -0.04098500 0.05288100
v -0.01048800 -0.04114400 0.05325900
v -0.01054300 -0.04136000 0.05350700
v -0.01064700 -0.04168300 0.05371500
v -0.00919200 -0.04238800 0.05379400
v -0.01097400 -0.04296200 0.05372300
v -0.01102700 -0.04325600 0.05352200
v -0.01108400 -0.04348800 0.05322500
v -0.01111200 -0.04363300 0.05294500
v -0.01111000 -0.04359100 0.05271400
v -0.01106400 -0.04341400 0.05240800
v -0.01096400 -0.04301600 0.05192400
v -0.01092400 -0.04287000 -0.04380300
v -0.01089400 -0.04274400 -0.04460100
v -0.01083700 -0.04251400 -0.04541300
v -0.01071500 -0.04203400 -0.04644500
v -0.01056600 -0.04144100 -0.04733200
v -0.01042300 -0.04089600 -0.04797000
v -0.01026500 -0.04026200 -0.04859400
v -0.01002100 -0.03929800 -0.04935100
v -0.00975400 -0.03823600 -0.05000600
v -0.00945000 -0.03713300 -0.05054000
v -0.00868400 -0.03400800 -0.05186200
v -0.00771100 -0.04246100 0.05175100
v -0.00770000 -0.04236300 0.05200800
v -0.00767300 -0.04218600 0.05221000
v -0.00758500 -0.04172200 0.05244200
v -0.00755800 -0.04162100 0.05260700
v -0.00756400 -0.04161300 0.05288500
v -0.00759400 -0.04177600 0.05325900
v -0.00763400 -0.04199500 0.05350700
v -0.00771500 -0.04232400 0.05371500
v -0.00795200 -0.04362300 0.05372300
v -0.00798400 -0.04392000 0.05352300
v -0.00802500 -0.04415500 0.05322500
v -0.00804300 -0.04430200 0.05294500
v -0.00804400 -0.04426000 0.05271400
v -0.00801000 -0.04408100 0.05240800
v -0.00793800 -0.04367600 0.05192400
v -0.00789400 -0.04353200 -0.04379200
v -0.00788700 -0.04340000 -0.04460100
v -0.00784600 -0.04316600 -0.04541200
v -0.00775800 -0.04267900 -0.04644400
v -0.00765100 -0.04207700 -0.04733200
v -0.00754700 -0.04152400 -0.04797000
v -0.00743300 -0.04088000 -0.04859400
v -0.00725700 -0.03990100 -0.04935100
v -0.00706400 -0.03882300 -0.05000600
v -0.00683800 -0.03770200 -0.05054000
v -0.00629200 -0.03453100 -0.05186200
v -0.00487800 -0.03319000 -0.05239400
v -0.00473700 -0.03214200 -0.05269100
v -0.00559400 -0.03069300 -0.05296700
v -0.00299400 -0.02990800 -0.05312300
v -0.00473300 -0.04289400 0.05175100
v -0.00472900 -0.04280600 0.05199500
v -0.00471300 -0.04261900 0.05221000
v -0.00466700 -0.04223800 0.05238600
v -0.00465100 -0.04209600 0.05250400
v -0.00464100 -0.04204000 0.05264100
v -0.00463600 -0.04204100 0.05288900
v -0.00466200 -0.04220400 0.05325900
v -0.00468700 -0.04242500 0.05350700
v -0.00474500 -0.04276000 0.05371500
v -0.00481200 -0.04308000 0.05379500
v -0.00491000 -0.04386300 0.05378500
v -0.00488200 -0.04417000 0.05366900
v -0.00490200 -0.04437000 0.05352300
v -0.00492600 -0.04460700 0.05322500
v -0.00493900 -0.04475400 0.05294600
v -0.00493300 -0.04471500 0.05271700
v -0.00491800 -0.04453200 0.05240800
v -0.00487300 -0.04412400 0.05192400
v -0.00484000 -0.04397300 -0.04381700
v -0.00484200 -0.04384400 -0.04460100
v -0.00481700 -0.04360800 -0.04541300
v -0.00476400 -0.04311700 -0.04644400
v -0.00469900 -0.04250900 -0.04733200
v -0.00463300 -0.04194900 -0.04797000
v -0.00456500 -0.04129900 -0.04859400
v -0.00445700 -0.04031100 -0.04935100
v -0.00434000 -0.03922100 -0.05000500
v -0.00419300 -0.03808700 -0.05054000
v -0.00386900 -0.03488600 -0.05186200
v -0.00239700 -0.03112200 -0.05296700
v 0.00000400 -0.00024300 -0.05380400
v -0.00172900 -0.04312100 0.05175200
v -0.00173200 -0.04302300 0.05200800
v -0.00173000 -0.04284300 0.05221000
v -0.00169800 -0.04239100 0.05242900
v -0.00169400 -0.04226400 0.05260900
v -0.00170200 -0.04227800 0.05294900
v -0.00171100 -0.04247700 0.05333300
v -0.00175000 -0.04282600 0.05363700
v -0.00173500 -0.04321200 0.05378200
v -0.00173200 -0.04402800 0.05380000
v -0.00178700 -0.04441200 0.05366700
v -0.00182400 -0.04471500 0.05340800
v -0.00181100 -0.04499000 0.05294500
v -0.00179800 -0.04494900 0.05271400
v -0.00180100 -0.04476700 0.05240800
v -0.00178500 -0.04435600 0.05192400
v -0.00177700 -0.04420500 -0.04380300
v -0.00179100 -0.04401800 -0.04485100
v -0.00175200 -0.04372800 -0.04567100
v -0.00174600 -0.04334400 -0.04644400
v -0.00172400 -0.04273300 -0.04733200
v -0.00169700 -0.04217000 -0.04797000
v -0.00167400 -0.04151600 -0.04859400
v -0.00163600 -0.04052300 -0.04935100
v -0.00159500 -0.03942900 -0.05000600
v -0.00152800 -0.03828600 -0.05054000
v -0.00142800 -0.03507100 -0.05186200
v -0.00018000 -0.03363500 -0.05236600
v -0.00017400 -0.03254900 -0.05267500
v 0.00167700 -0.02979300 -0.05314600
v 0.00127500 -0.04313600 0.05175100
v 0.00127300 -0.04304100 0.05200300
v 0.00126700 -0.04286100 0.05220900
v 0.00124400 -0.04239000 0.05244000
v 0.00125500 -0.04229200 0.05258600
v 0.00124100 -0.04226400 0.05275400
v 0.00126100 -0.04235400 0.05311000
v 0.00125800 -0.04256100 0.05340600
v 0.00126600 -0.04282900 0.05362700
v 0.00127800 -0.04320900 0.05378000
v 0.00130500 -0.04412300 0.05378400
v 0.00132800 -0.04444800 0.05365400
v 0.00131200 -0.04469400 0.05344900
v 0.00133100 -0.04500000 0.05297200
v 0.00133000 -0.04498300 0.05275600
v 0.00132500 -0.04479400 0.05242300
v 0.00131200 -0.04437200 0.05192400
v 0.00130700 -0.04421600 -0.04390300
v 0.00130200 -0.04402900 -0.04485200
v 0.00129500 -0.04381100 -0.04551400
v 0.00128500 -0.04344400 -0.04628900
v 0.00126800 -0.04287600 -0.04717200
v 0.00124700 -0.04218600 -0.04797000
v 0.00122900 -0.04157300 -0.04855800
v 0.00120000 -0.04058400 -0.04931900
v 0.00116800 -0.03949400 -0.04997800
v 0.00113400 -0.03836000 -0.05051400
v 0.00104000 -0.03517800 -0.05182600
v 0.00201300 -0.03119800 -0.05295900
v 0.00427400 -0.04294300 0.05175100
v 0.00427200 -0.04285800 0.05198100
v 0.00426200 -0.04268300 0.05220000
v 0.00419900 -0.04219900 0.05244100
v 0.00419200 -0.04209400 0.05260600
v 0.00419500 -0.04208600 0.05288500
v 0.00421200 -0.04225000 0.05325900
v 0.00423400 -0.04247200 0.05350700
v 0.00428900 -0.04280700 0.05371500
v 0.00575600 -0.04298900 0.05379500
v 0.00602200 -0.04364200 0.05379500
v 0.00442200 -0.04412000 0.05372300
v 0.00442900 -0.04441900 0.05352200
v 0.00445100 -0.04465700 0.05322500
v 0.00445700 -0.04480400 0.05294500
v 0.00446200 -0.04476200 0.05271400
v 0.00444300 -0.04458100 0.05240800
v 0.00440300 -0.04417300 0.05192400
v 0.00438600 -0.04402200 -0.04380300
v 0.00437500 -0.04389300 -0.04460100
v 0.00435200 -0.04365700 -0.04541200
v 0.00430400 -0.04316400 -0.04644400
v 0.00424500 -0.04255600 -0.04733200
v 0.00418600 -0.04199600 -0.04797000
v 0.00412400 -0.04134400 -0.04859400
v 0.00402700 -0.04035500 -0.04935100
v 0.00392100 -0.03926500 -0.05000500
v 0.00378600 -0.03812900 -0.05054000
v 0.00349600 -0.03492500 -0.05186200
v 0.00452200 -0.03323900 -0.05239400
v 0.00439300 -0.03219000 -0.05269100
v 0.00313000 -0.00864300 -0.05365600
v 0.00725800 -0.04254000 0.05175200
v 0.00724800 -0.04244200 0.05200800
v 0.00722300 -0.04226400 0.05221000
v 0.00715400 -0.04188700 0.05238600
v 0.00713000 -0.04174600 0.05250400
v 0.00711500 -0.04169200 0.05264000
v 0.00711900 -0.04169000 0.05288500
v 0.00714800 -0.04185300 0.05325900
v 0.00718500 -0.04207300 0.05350700
v 0.00726300 -0.04240300 0.05371500
v 0.01068600 -0.04264500 0.05380200
v 0.00748700 -0.04370400 0.05372300
v 0.00751500 -0.04400200 0.05352300
v 0.00755400 -0.04423700 0.05322500
v 0.00757800 -0.04437700 0.05296400
v 0.00756400 -0.04436200 0.05275600
v 0.00754000 -0.04416300 0.05240800
v 0.00747200 -0.04375800 0.05192400
v 0.00744400 -0.04360800 -0.04380400
v 0.00742400 -0.04348000 -0.04460100
v 0.00738600 -0.04324600 -0.04541300
v 0.00730300 -0.04275900 -0.04644400
v 0.00720200 -0.04215500 -0.04733200
v 0.00710300 -0.04160100 -0.04797000
v 0.00699600 -0.04095600 -0.04859400
v 0.00683100 -0.03997600 -0.04935100
v 0.00664900 -0.03889600 -0.05000500
v 0.00643500 -0.03777100 -0.05054000
v 0.00592200 -0.03459500 -0.05186200
v 0.00637500 -0.03055500 -0.05296700
v 0.00622000 -0.02941000 -0.05312100
v 0.01020200 -0.04193700 0.05175300
v 0.01017700 -0.04177600 0.05209300
v 0.01014300 -0.04162800 0.05222700
v 0.01004000 -0.04121600 0.05243000
v 0.01000300 -0.04110400 0.05259100
v 0.01000900 -0.04109200 0.05288500
v 0.01004800 -0.04125200 0.05325900
v 0.01010100 -0.04146900 0.05350700
v 0.01020200 -0.04179300 0.05371500
v 0.01168000 -0.04176900 0.05379500
v 0.01051600 -0.04307500 0.05372300
v 0.01056500 -0.04337000 0.05352200
v 0.01061900 -0.04360200 0.05322500
v 0.01065100 -0.04374700 0.05294400
v 0.01063900 -0.04370500 0.05271100
v 0.01060100 -0.04352900 0.05240800
v 0.01050400 -0.04312900 0.05192400
v 0.01045200 -0.04298400 -0.04381700
v 0.01043800 -0.04285600 -0.04460100
v 0.01038300 -0.04262500 -0.04541200
v 0.01026600 -0.04214500 -0.04644400
v 0.01012400 -0.04155000 -0.04733200
v 0.00998700 -0.04100400 -0.04797000
v 0.00983500 -0.04036700 -0.04859400
v 0.00960100 -0.03940100 -0.04935100
v 0.00934500 -0.03833600 -0.05000500
v 0.00905300 -0.03723000 -0.05054000
v 0.00832000 -0.03409700 -0.05186200
v 0.00910200 -0.03228600 -0.05239400
v 0.00882800 -0.03126400 -0.05269100
v 0.01177700 -0.02720900 -0.05315700
v 0.00007800 -0.00022900 -0.05380400
v 0.01310400 -0.04111500 0.05175100
v 0.01308100 -0.04102000 0.05200800
v 0.01303200 -0.04084700 0.05221000
v 0.01292300 -0.04052000 0.05236600
v 0.01287400 -0.04036500 0.05248000
v 0.01284800 -0.04029800 0.05262200
v 0.01284100 -0.04029500 0.05288100
v 0.01290000 -0.04045000 0.05325900
v 0.01296800 -0.04066300 0.05350700
v 0.01309100 -0.04097900 0.05371500
v 0.02044000 -0.03895700 0.05380200
v 0.01496000 -0.04143500 0.05379500
v 0.01349300 -0.04223600 0.05372300
v 0.01356300 -0.04252700 0.05352300
v 0.01363400 -0.04275400 0.05322500
v 0.01367500 -0.04289600 0.05294600
v 0.01366100 -0.04285900 0.05271700
v 0.01361000 -0.04268200 0.05240800
v 0.01348600 -0.04229100 0.05192400
v 0.01340900 -0.04215600 -0.04380300
v 0.01340000 -0.04202300 -0.04460100
v 0.01332900 -0.04179700 -0.04541300
v 0.01318000 -0.04132500 -0.04644400
v 0.01299600 -0.04074200 -0.04733200
v 0.01282100 -0.04020700 -0.04797000
v 0.01262500 -0.03958300 -0.04859400
v 0.01232500 -0.03863500 -0.04935100
v 0.01199500 -0.03759100 -0.05000600
v 0.01162700 -0.03650800 -0.05054000
v 0.01067700 -0.03343400 -0.05186200
v 0.01179600 -0.02899200 -0.05295600
v 0.01093800 -0.02851200 -0.05307200
v 0.01593900 -0.04010000 0.05175200
v 0.01590900 -0.04000700 0.05200800
v 0.01584800 -0.03983800 0.05221000
v 0.01570200 -0.03948400 0.05238600
v 0.01564900 -0.03935000 0.05250400
v 0.01562700 -0.03929900 0.05264000
v 0.01561100 -0.03930400 0.05288500
v 0.01568900 -0.03945100 0.05325900
v 0.01577100 -0.03965900 0.05350700
v 0.01591600 -0.03996500 0.05371500
v 0.01606600 -0.04025700 0.05379500
v 0.01640500 -0.04119100 0.05372300
v 0.01649500 -0.04147600 0.05352300
v 0.01658100 -0.04169900 0.05322500
v 0.01663200 -0.04183800 0.05294400
v 0.01661500 -0.04179800 0.05271100
v 0.01655300 -0.04162900 0.05240800
v 0.01640200 -0.04124700 0.05192400
v 0.01633000 -0.04111300 -0.04379200
v 0.01629800 -0.04098500 -0.04460100
v 0.01621100 -0.04076400 -0.04541300
v 0.01602900 -0.04030500 -0.04644400
v 0.01580500 -0.03973600 -0.04733200
v 0.01559300 -0.03921400 -0.04797000
v 0.01535400 -0.03860500 -0.04859400
v 0.01498900 -0.03768100 -0.04935100
v 0.01458700 -0.03666200 -0.05000600
v 0.01414400 -0.03560700 -0.05054000
v 0.01298200 -0.03260700 -0.05186200
v 0.01350400 -0.03070400 -0.05239400
v 0.01309100 -0.02973100 -0.05269100
v 0.01869600 -0.03889000 0.05175100
v 0.01866000 -0.03879900 0.05200800
v 0.01858700 -0.03863500 0.05221000
v 0.01840300 -0.03826500 0.05240300
v 0.01835400 -0.03816400 0.05250600
v 0.01832000 -0.03810400 0.05267300
v 0.01833700 -0.03813900 0.05297300
v 0.01840100 -0.03826000 0.05325900
v 0.01849800 -0.03846100 0.05350700
v 0.01866400 -0.03875700 0.05371500
v 0.02010500 -0.03842600 0.05379500
v 0.01923700 -0.03994600 0.05372300
v 0.01934700 -0.04022400 0.05352300
v 0.01944800 -0.04044000 0.05322500
v 0.01951300 -0.04057300 0.05294500
v 0.01948500 -0.04054000 0.05271400
v 0.01941500 -0.04037200 0.05240800
v 0.01923700 -0.04000100 0.05192400
v 0.01917000 -0.03986600 -0.04380400
v 0.01911600 -0.03974800 -0.04460100
v 0.01901400 -0.03953400 -0.04541300
v 0.01880000 -0.03908800 -0.04644500
v 0.01853700 -0.03853600 -0.04733200
v 0.01828900 -0.03803000 -0.04797000
v 0.01800900 -0.03743900 -0.04859400
v 0.01757900 -0.03654300 -0.04935100
v 0.01710700 -0.03555400 -0.05000500
v 0.01659200 -0.03453300 -0.05054000
v 0.01522400 -0.03162100 -0.05186200
v 0.02136200 -0.03749000 0.05175100
v 0.02132000 -0.03740200 0.05200800
v 0.02123500 -0.03724300 0.05221000
v 0.02104200 -0.03691300 0.05238600
v 0.02096200 -0.03679300 0.05250400
v 0.02094300 -0.03673900 0.05264100
v 0.02093500 -0.03674400 0.05288900
v 0.02102400 -0.03688300 0.05325900
v 0.02113400 -0.03707600 0.05350700
v 0.02132000 -0.03736000 0.05371500
v 0.02197500 -0.03850600 0.05372300
v 0.02210400 -0.03877600 0.05352300
v 0.02222000 -0.03898400 0.05322500
v 0.02229000 -0.03911400 0.05294600
v 0.02226900 -0.03908000 0.05271700
v 0.02218200 -0.03891800 0.05240800
v 0.02197900 -0.03856100 0.05192400
v 0.02188900 -0.03843600 -0.04381700
v 0.02184000 -0.03831700 -0.04460100
v 0.02172400 -0.03811000 -0.04541300
v 0.02147900 -0.03768000 -0.04644500
v 0.02109400 -0.03700300 -0.04755000
v 0.02057500 -0.03609100 -0.04859400
v 0.02008400 -0.03522700 -0.04935100
v 0.01954400 -0.03427400 -0.05000600
v 0.01895900 -0.03329100 -0.05054000
v 0.01739100 -0.03048200 -0.05186200
v 0.01692900 -0.02811400 -0.05260900
v 0.01756200 -0.02590500 -0.05295600
v 0.01662400 -0.02561300 -0.05307200
v 0.00013000 -0.00020200 -0.05380400
v 0.02392400 -0.03590800 0.05175200
v 0.02387500 -0.03582300 0.05200800
v 0.02378000 -0.03567000 0.05221000
v 0.02354700 -0.03533000 0.05240300
v 0.02347700 -0.03523100 0.05251700
v 0.02344100 -0.03518200 0.05268900
v 0.02346700 -0.03521100 0.05297000
v 0.02354400 -0.03532500 0.05325900
v 0.02366800 -0.03551100 0.05350700
v 0.02387300 -0.03578100 0.05371500
v 0.02408000 -0.03603500 0.05379500
v 0.02709800 -0.03460900 0.05380200
v 0.02452700 -0.03668400 0.05378500
v 0.02464300 -0.03697000 0.05366900
v 0.02478600 -0.03717300 0.05348000
v 0.02495700 -0.03746600 0.05295500
v 0.02494400 -0.03742600 0.05271400
v 0.02484200 -0.03727500 0.05240800
v 0.02461400 -0.03693300 0.05192400
v 0.02451700 -0.03681800 -0.04379200
v 0.02445900 -0.03669900 -0.04460100
v 0.02432800 -0.03650100 -0.04541300
v 0.02405400 -0.03608900 -0.04644400
v 0.02371700 -0.03557900 -0.04733200
v 0.02340100 -0.03511300 -0.04797000
v 0.02304100 -0.03456700 -0.04859400
v 0.02249100 -0.03373900 -0.04935100
v 0.02188600 -0.03282600 -0.05000600
v 0.02123400 -0.03188600 -0.05054000
v 0.01947400 -0.02919300 -0.05186200
v 0.01958900 -0.02722400 -0.05239400
v 0.01825800 -0.02335000 -0.05315400
v 0.02637000 -0.03414700 0.05175100
v 0.02632500 -0.03408200 0.05198300
v 0.02620900 -0.03392400 0.05221000
v 0.02591700 -0.03355300 0.05244200
v 0.02584100 -0.03346500 0.05264200
v 0.02585700 -0.03348600 0.05295300
v 0.02595000 -0.03359600 0.05325900
v 0.02608600 -0.03377300 0.05350700
v 0.02631000 -0.03402800 0.05371500
v 0.02765100 -0.03340400 0.05379400
v 0.02711800 -0.03507100 0.05372300
v 0.02728300 -0.03532000 0.05352300
v 0.02742700 -0.03551000 0.05322500
v 0.02751000 -0.03563200 0.05294500
v 0.02749200 -0.03559400 0.05271400
v 0.02738000 -0.03545100 0.05240800
v 0.02713000 -0.03512500 0.05192400
v 0.02702200 -0.03501400 -0.04381700
v 0.02695800 -0.03490300 -0.04460100
v 0.02681400 -0.03471400 -0.04541300
v 0.02651200 -0.03432300 -0.04644400
v 0.02614000 -0.03383700 -0.04733200
v 0.02579200 -0.03339400 -0.04797000
v 0.02539500 -0.03287500 -0.04859400
v 0.02478900 -0.03208700 -0.04935100
v 0.02412200 -0.03121900 -0.05000500
v 0.02340500 -0.03032700 -0.05054000
v 0.02146200 -0.02776300 -0.05186200
v 0.02077400 -0.02496800 -0.05269100
v 0.00723100 -0.00566900 -0.05365600
v 0.02868600 -0.03223600 0.05175300
v 0.02858800 -0.03210500 0.05209300
v 0.02848900 -0.03199000 0.05222700
v 0.02825200 -0.03172900 0.05238600
v 0.02815700 -0.03162200 0.05250400
v 0.02811900 -0.03158100 0.05264000
v 0.02810600 -0.03159100 0.05288500
v 0.02822900 -0.03170300 0.05325900
v 0.02837700 -0.03187000 0.05350700
v 0.02861800 -0.03210900 0.05371500
v 0.03451000 -0.02727100 0.05380200
v 0.03051100 -0.03176400 0.05379500
v 0.02949700 -0.03309300 0.05372300
v 0.02967900 -0.03333000 0.05352300
v 0.02983600 -0.03351000 0.05322500
v 0.02992800 -0.03362500 0.05294500
v 0.02990700 -0.03358900 0.05271400
v 0.02978500 -0.03345300 0.05240800
v 0.02951200 -0.03314600 0.05192400
v 0.02938800 -0.03305400 -0.04380300
v 0.02932500 -0.03293600 -0.04460100
v 0.02916900 -0.03275800 -0.04541300
v 0.02884000 -0.03238900 -0.04644500
v 0.02832200 -0.03180600 -0.04755000
v 0.02762500 -0.03102200 -0.04859400
v 0.02696600 -0.03027900 -0.04935100
v 0.02624000 -0.02945900 -0.05000500
v 0.02546300 -0.02861900 -0.05054000
v 0.02334500 -0.02619800 -0.05186200
v 0.02158900 -0.02253100 -0.05296700
v 0.02099500 -0.02189400 -0.05309000
v 0.00017400 -0.00016500 -0.05380400
v 0.03086300 -0.03014700 0.05175100
v 0.03079800 -0.03007300 0.05200800
v 0.03067300 -0.02994400 0.05221000
v 0.03039600 -0.02968000 0.05238600
v 0.03029300 -0.02958000 0.05250400
v 0.03024100 -0.02953600 0.05269300
v 0.03026900 -0.02956400 0.05297300
v 0.03037000 -0.02965600 0.05325900
v 0.03053000 -0.02981200 0.05350700
v 0.03078700 -0.03003300 0.05371500
v 0.03104200 -0.03023800 0.05379500
v 0.03173200 -0.03095400 0.05372300
v 0.03193000 -0.03117700 0.05352300
v 0.03209900 -0.03134600 0.05322500
v 0.03219900 -0.03145500 0.05294500
v 0.03217600 -0.03142000 0.05271400
v 0.03204500 -0.03129300 0.05240800
v 0.03175100 -0.03100600 0.05192400
v 0.03163200 -0.03091300 -0.04379200
v 0.03155000 -0.03080900 -0.04460100
v 0.03138100 -0.03064300 -0.04541200
v 0.03102800 -0.03029700 -0.04644500
v 0.03047100 -0.02975200 -0.04755000
v 0.02972100 -0.02901800 -0.04859400
v 0.02901100 -0.02832300 -0.04935100
v 0.02823000 -0.02755600 -0.05000500
v 0.02739600 -0.02677200 -0.05054000
v 0.02511500 -0.02450400 -0.05186200
v 0.02302100 -0.02372100 -0.05254200
v 0.02271000 -0.01904100 -0.05315400
v 0.03288900 -0.02791900 0.05175200
v 0.03281900 -0.02785000 0.05200800
v 0.03268600 -0.02773000 0.05221000
v 0.03239100 -0.02748600 0.05238600
v 0.03228200 -0.02739300 0.05250400
v 0.03223600 -0.02735900 0.05264100
v 0.03223300 -0.02736400 0.05288900
v 0.03236400 -0.02746400 0.05325900
v 0.03253400 -0.02760800 0.05350700
v 0.03280600 -0.02781100 0.05371500
v 0.03398800 -0.02692200 0.05379400
v 0.03381300 -0.02866400 0.05372300
v 0.03406700 -0.02889700 0.05348000
v 0.03430500 -0.02911400 0.05300200
v 0.03431600 -0.02912400 0.05287900
v 0.03428300 -0.02910100 0.05271100
v 0.03414900 -0.02898000 0.05240800
v 0.03383600 -0.02871400 0.05192400
v 0.03371900 -0.02861800 -0.04380300
v 0.03362100 -0.02853200 -0.04460100
v 0.03344100 -0.02837800 -0.04541300
v 0.03306500 -0.02805800 -0.04644400
v 0.03247100 -0.02755300 -0.04755000
v 0.03167100 -0.02687300 -0.04859400
v 0.03091500 -0.02622900 -0.04935100
v 0.03008200 -0.02551900 -0.05000500
v 0.02919600 -0.02479500 -0.05054000
v 0.02676200 -0.02269200 -0.05186200
v 0.02551800 -0.02062500 -0.05260900
v 0.02535800 -0.01833200 -0.05295600
v 0.02437700 -0.01837900 -0.05307200
v 0.03475600 -0.02555600 0.05175100
v 0.03468100 -0.02549200 0.05200800
v 0.03454000 -0.02538200 0.05221000
v 0.03415700 -0.02510600 0.05244200
v 0.03405900 -0.02504200 0.05264200
v 0.03408000 -0.02505800 0.05295300
v 0.03420000 -0.02513800 0.05325900
v 0.03438000 -0.02527000 0.05350700
v 0.03466500 -0.02545400 0.05371500
v 0.03572900 -0.02623400 0.05372300
v 0.03595600 -0.02642800 0.05352300
v 0.03614700 -0.02657100 0.05322500
v 0.03626600 -0.02665800 0.05294500
v 0.03622700 -0.02664200 0.05271400
v 0.03608600 -0.02652700 0.05240800
v 0.03575500 -0.02628300 0.05192400
v 0.03562200 -0.02620500 -0.04381700
v 0.03552900 -0.02611600 -0.04460100
v 0.03533800 -0.02597500 -0.04541200
v 0.03494000 -0.02568200 -0.04644400
v 0.03431300 -0.02522000 -0.04755000
v 0.03346800 -0.02459800 -0.04859400
v 0.03266800 -0.02400800 -0.04935100
v 0.03178800 -0.02335700 -0.05000500
v 0.03085300 -0.02269700 -0.05054000
v 0.02827900 -0.02076900 -0.05186200
v 0.03645600 -0.02307600 0.05175300
v 0.03632500 -0.02297800 0.05209300
v 0.03619800 -0.02289400 0.05222700
v 0.03589900 -0.02270800 0.05238600
v 0.03577800 -0.02263200 0.05250400
v 0.03573000 -0.02260300 0.05264000
v 0.03572000 -0.02261700 0.05288500
v 0.03586900 -0.02269000 0.05325900
v 0.03605800 -0.02280900 0.05350700
v 0.03635500 -0.02297200 0.05371500
v 0.03740200 -0.02192800 0.05379500
v 0.03877500 -0.02065400 0.05380300
v 0.03732000 -0.02353100 0.05378500
v 0.03754200 -0.02374500 0.05366900
v 0.03771100 -0.02385400 0.05352200
v 0.03791200 -0.02398300 0.05322500
v 0.03803700 -0.02406200 0.05294500
v 0.03799600 -0.02404900 0.05271400
v 0.03784700 -0.02394300 0.05240800
v 0.03750100 -0.02372300 0.05192400
v 0.03735500 -0.02366900 -0.04380300
v 0.03726300 -0.02357300 -0.04460100
v 0.03706300 -0.02344500 -0.04541300
v 0.03664600 -0.02318000 -0.04644400
v 0.03598700 -0.02276400 -0.04755000
v 0.03510100 -0.02220200 -0.04859400
v 0.03426300 -0.02166900 -0.04935100
v 0.03333900 -0.02108100 -0.05000500
v 0.03236100 -0.02048800 -0.05054000
v 0.02965800 -0.01874400 -0.05186200
v 0.02744700 -0.01841300 -0.05254200
v 0.02680000 -0.01312200 -0.05314400
v 0.00020800 -0.00011700 -0.05380400
v 0.03797600 -0.02047600 0.05175300
v 0.03785300 -0.02039500 0.05206800
v 0.03772000 -0.02031900 0.05221900
v 0.03739500 -0.02014800 0.05238600
v 0.03727400 -0.02008800 0.05249400
v 0.03722200 -0.02005300 0.05262500
v 0.03721000 -0.02006800 0.05288500
v 0.03736400 -0.02013100 0.05325900
v 0.03756000 -0.02023700 0.05350700
v 0.03786800 -0.02037900 0.05371500
v 0.03903100 -0.02100400 0.05372300
v 0.03928200 -0.02116400 0.05352200
v 0.03949100 -0.02127900 0.05322500
v 0.03961900 -0.02135200 0.05294600
v 0.03958400 -0.02133500 0.05271700
v 0.03942400 -0.02124400 0.05240800
v 0.03906300 -0.02104800 0.05192400
v 0.03891400 -0.02100500 -0.04380300
v 0.03881600 -0.02091500 -0.04460100
v 0.03860800 -0.02080100 -0.04541200
v 0.03817200 -0.02056700 -0.04644400
v 0.03763500 -0.02027500 -0.04733200
v 0.03713800 -0.02001100 -0.04797000
v 0.03656400 -0.01969800 -0.04859400
v 0.03569000 -0.01922500 -0.04935100
v 0.03472700 -0.01870300 -0.05000500
v 0.03371000 -0.01818000 -0.05054000
v 0.03089300 -0.01662900 -0.05186200
v 0.03007000 -0.01483500 -0.05239400
v 0.02912800 -0.01435600 -0.05269100
v 0.02798900 -0.01378400 -0.05296700
v 0.03930600 -0.01776300 0.05175100
v 0.03923500 -0.01772700 0.05198300
v 0.03905900 -0.01764200 0.05221000
v 0.03862700 -0.01745200 0.05244200
v 0.03853700 -0.01741800 0.05258700
v 0.03851300 -0.01740300 0.05275400
v 0.03856400 -0.01742500 0.05300900
v 0.03867600 -0.01747500 0.05325900
v 0.03888000 -0.01756600 0.05350700
v 0.03919700 -0.01768700 0.05371500
v 0.03950700 -0.01779200 0.05379500
v 0.04078600 -0.01660200 0.05379500
v 0.04040000 -0.01822800 0.05372300
v 0.04066200 -0.01837100 0.05352200
v 0.04087900 -0.01847100 0.05322500
v 0.04101000 -0.01853900 0.05294500
v 0.04097600 -0.01851400 0.05271400
v 0.04080900 -0.01844000 0.05240800
v 0.04043600 -0.01827100 0.05192400
v 0.04028400 -0.01823800 -0.04380300
v 0.04017900 -0.01815500 -0.04460100
v 0.03996400 -0.01805600 -0.04541300
v 0.03951300 -0.01785200 -0.04644400
v 0.03895700 -0.01759900 -0.04733200
v 0.03844300 -0.01737000 -0.04797000
v 0.03784800 -0.01709800 -0.04859400
v 0.03694300 -0.01668800 -0.04935100
v 0.03594700 -0.01623400 -0.05000500
v 0.03489500 -0.01578300 -0.05054000
v 0.03197700 -0.01443200 -0.05186200
v 0.02788400 -0.00903500 -0.05316800
v 0.04045000 -0.01498100 0.05175200
v 0.04036000 -0.01494000 0.05200800
v 0.04019400 -0.01487300 0.05221000
v 0.03975000 -0.01471400 0.05244200
v 0.03964400 -0.01468000 0.05262600
v 0.03965400 -0.01468700 0.05292600
v 0.03980000 -0.01473300 0.05325900
v 0.04000900 -0.01481000 0.05350700
v 0.04033400 -0.01490800 0.05371500
v 0.04114100 -0.01366800 0.05379500
v 0.04221900 -0.01213700 0.05380300
v 0.04157200 -0.01536400 0.05372300
v 0.04184400 -0.01548800 0.05352200
v 0.04206700 -0.01557300 0.05322500
v 0.04220200 -0.01563200 0.05294500
v 0.04216700 -0.01561000 0.05271400
v 0.04199600 -0.01554700 0.05240800
v 0.04161100 -0.01540400 0.05192400
v 0.04146400 -0.01536800 -0.04379200
v 0.04134700 -0.01530700 -0.04460100
v 0.04112500 -0.01522300 -0.04541200
v 0.04066200 -0.01505100 -0.04644400
v 0.04008900 -0.01483700 -0.04733200
v 0.03956000 -0.01464500 -0.04797000
v 0.03894800 -0.01441500 -0.04859400
v 0.03801700 -0.01406900 -0.04935100
v 0.03699100 -0.01368600 -0.05000500
v 0.03591100 -0.01330900 -0.05054000
v 0.03290500 -0.01216500 -0.05186200
v 0.03184000 -0.01050400 -0.05239400
v 0.03084100 -0.01016000 -0.05269100
v 0.02974100 -0.00960700 -0.05295700
v 0.02893700 -0.00888100 -0.05310500
v 0.00911700 -0.00005100 -0.05365900
v 0.00023200 -0.00005400 -0.05380400
v 0.04139400 -0.01211900 0.05175100
v 0.04131100 -0.01208900 0.05199500
v 0.04113300 -0.01203200 0.05221000
v 0.04069400 -0.01191800 0.05242900
v 0.04058300 -0.01187300 0.05259000
v 0.04056700 -0.01189000 0.05288500
v 0.04073000 -0.01191900 0.05325900
v 0.04094400 -0.01198200 0.05350700
v 0.04127500 -0.01205700 0.05371500
v 0.04254200 -0.01242600 0.05372300
v 0.04282200 -0.01253000 0.05352200
v 0.04305000 -0.01259900 0.05322500
v 0.04318900 -0.01264900 0.05294500
v 0.04315200 -0.01262900 0.05271400
v 0.04297700 -0.01257900 0.05240800
v 0.04258300 -0.01246300 0.05192400
v 0.04243100 -0.01243600 -0.04381700
v 0.04231300 -0.01238400 -0.04460100
v 0.04208600 -0.01231600 -0.04541200
v 0.04161200 -0.01217700 -0.04644400
v 0.04102600 -0.01200300 -0.04733200
v 0.04048400 -0.01184900 -0.04797000
v 0.03985800 -0.01166200 -0.04859400
v 0.03890500 -0.01138100 -0.04935100
v 0.03785500 -0.01107100 -0.05000500
v 0.03675100 -0.01077000 -0.05054000
v 0.03367300 -0.00983900 -0.05186200
v 0.04213800 -0.00919900 0.05175100
v 0.04208400 -0.00918400 0.05192800
v 0.04196800 -0.00915800 0.05211500
v 0.04184100 -0.00912700 0.05222700
v 0.04149600 -0.00905500 0.05238600
v 0.04135600 -0.00902400 0.05250400
v 0.04130000 -0.00901500 0.05264100
v 0.04130000 -0.00902100 0.05288900
v 0.04146200 -0.00904800 0.05325900
v 0.04168000 -0.00909500 0.05350700
v 0.04201500 -0.00914700 0.05371500
v 0.04234000 -0.00918500 0.05379500
v 0.04334400 -0.00775500 0.05379500
v 0.04330500 -0.00942600 0.05372300
v 0.04359100 -0.00951100 0.05352200
v 0.04382300 -0.00956400 0.05322500
v 0.04396700 -0.00960000 0.05294400
v 0.04392500 -0.00959100 0.05271100
v 0.04374900 -0.00954900 0.05240800
v 0.04334800 -0.00946000 0.05192400
v 0.04319800 -0.00944500 -0.04379200
v 0.04307400 -0.00940000 -0.04460100
v 0.04284200 -0.00934900 -0.04541200
v 0.04235900 -0.00924300 -0.04644400
v 0.04176300 -0.00911000 -0.04733200
v 0.04121200 -0.00899400 -0.04797000
v 0.04057300 -0.00885200 -0.04859400
v 0.03960300 -0.00863800 -0.04935100
v 0.03853400 -0.00840200 -0.05000600
v 0.03741200 -0.00817900 -0.05054000
v 0.03427600 -0.00746500 -0.05186200
v 0.03299100 -0.00596800 -0.05239400
v 0.03195400 -0.00576700 -0.05269100
v 0.03053600 -0.00530400 -0.05300500
v 0.04267800 -0.00623900 0.05175200
v 0.04256900 -0.00621600 0.05203300
v 0.04239000 -0.00618600 0.05221900
v 0.04202200 -0.00614600 0.05238800
v 0.04189400 -0.00611500 0.05249400
v 0.04182500 -0.00610700 0.05264600
v 0.04183900 -0.00612400 0.05292900
v 0.04199200 -0.00613200 0.05325900
v 0.04221200 -0.00616400 0.05350700
v 0.04252700 -0.00619500 0.05370400
v 0.04293500 -0.00564100 0.05379100
v 0.04396800 -0.00127000 0.05380100
v 0.04385600 -0.00638100 0.05372300
v 0.04414800 -0.00644600 0.05352300
v 0.04438300 -0.00648200 0.05322500
v 0.04452900 -0.00650300 0.05294500
v 0.04448700 -0.00650800 0.05271400
v 0.04430800 -0.00647200 0.05240800
v 0.04390200 -0.00641200 0.05192400
v 0.04374800 -0.00640600 -0.04381700
v 0.04362400 -0.00637100 -0.04460100
v 0.04338900 -0.00633600 -0.04541300
v 0.04290000 -0.00626400 -0.04644400
v 0.04229600 -0.00617300 -0.04733200
v 0.04173800 -0.00609600 -0.04797000
v 0.04109200 -0.00599800 -0.04859400
v 0.04010900 -0.00585300 -0.04935100
v 0.03902600 -0.00569200 -0.05000600
v 0.03789100 -0.00554800 -0.05054000
v 0.03471300 -0.00505500 -0.05186200
v 0.02942900 -0.00271500 -0.05315700
v 0.04300900 -0.00324600 0.05175200
v 0.04288300 -0.00322200 0.05206100
v 0.04270100 -0.00321800 0.05222800
v 0.04226100 -0.00319000 0.05244300
v 0.04216700 -0.00317400 0.05258800
v 0.04213900 -0.00317800 0.05275200
v 0.04223300 -0.00318100 0.05312000
v 0.04244400 -0.00320200 0.05341400
v 0.04271500 -0.00320300 0.05363500
v 0.04302800 -0.00322800 0.05376200
v 0.04419400 -0.00330500 0.05372300
v 0.04448900 -0.00334900 0.05352200
v 0.04483300 -0.00338000 0.05306400
v 0.04487300 -0.00338800 0.05287500
v 0.04476100 -0.00337300 0.05255900
v 0.04424200 -0.00333200 0.05192400
v 0.04408900 -0.00333600 -0.04382000
v 0.04389200 -0.00332500 -0.04489500
v 0.04361100 -0.00328500 -0.04568000
v 0.04323200 -0.00325500 -0.04644400
v 0.04262300 -0.00320700 -0.04733200
v 0.04206200 -0.00316800 -0.04797000
v 0.04141000 -0.00311600 -0.04859400
v 0.04041900 -0.00304000 -0.04935100
v 0.03932700 -0.00295400 -0.05000600
v 0.03818600 -0.00289000 -0.05054000
v 0.03498100 -0.00262000 -0.05186200
v 0.03341700 -0.00134700 -0.05241800
v 0.03238900 -0.00130500 -0.05270400
v 0.03132800 -0.00126300 -0.05293600
v 0.03056000 -0.00016400 -0.05306700
v 0.04312900 -0.00022600 0.05175100
v 0.04304100 -0.00024000 0.05199500
v 0.04285300 -0.00022000 0.05221100
v 0.04241600 -0.00022600 0.05241900
v 0.04228600 -0.00023100 0.05257400
v 0.04227000 -0.00021700 0.05288200
v 0.04246700 -0.00022700 0.05330900
v 0.04278700 -0.00024000 0.05360300
v 0.04316300 -0.00018500 0.05377200
v 0.04428000 -0.00023600 0.05373300
v 0.04456900 -0.00023800 0.05356700
v 0.04485300 -0.00023900 0.05322500
v 0.04500100 -0.00024000 0.05294300
v 0.04495700 -0.00024500 0.05271100
v 0.04477200 -0.00022800 0.05240000
v 0.04436600 -0.00023700 0.05192400
v 0.04422100 -0.00023600 -0.04367300
v 0.04411100 -0.00023500 -0.04449500
v 0.04383400 -0.00023400 -0.04545000
v 0.04333300 -0.00023100 -0.04648000
v 0.04253900 -0.00022700 -0.04759200
v 0.04148400 -0.00022100 -0.04862900
v 0.04048600 -0.00021600 -0.04938100
v 0.03938800 -0.00021000 -0.05003100
v 0.03822300 -0.00020400 -0.05057100
v 0.03498800 -0.00018700 -0.05189500
v 0.02956700 0.00201700 -0.05315200
v 0.00023600 0.00002100 -0.05380400
v 0.04304400 0.00277300 0.05175200
v 0.04294200 0.00277500 0.05200700
v 0.04277200 0.00277600 0.05220600
v 0.04231100 0.00273200 0.05243000
v 0.04219400 0.00272500 0.05259100
v 0.04217600 0.00272500 0.05281100
v 0.04226200 0.00273100 0.05310800
v 0.04242800 0.00275000 0.05336300
v 0.04264300 0.00275000 0.05356400
v 0.04299200 0.00275300 0.05374500
v 0.04314000 0.00469500 0.05380100
v 0.04382700 0.00424400 0.05379500
v 0.04411600 0.00283900 0.05375600
v 0.04436600 0.00287600 0.05364500
v 0.04464500 0.00288400 0.05339000
v 0.04490700 0.00290600 0.05294600
v 0.04486700 0.00288800 0.05271400
v 0.04468300 0.00290700 0.05240800
v 0.04427500 0.00286000 0.05192400
v 0.04412200 0.00286600 -0.04382000
v 0.04395600 0.00284000 -0.04477200
v 0.04369200 0.00283600 -0.04556600
v 0.04326400 0.00279300 -0.04644400
v 0.04248700 0.00274300 -0.04755000
v 0.04144000 0.00267400 -0.04859400
v 0.04044900 0.00260800 -0.04935100
v 0.03935600 0.00253400 -0.05000500
v 0.03821400 0.00248200 -0.05054000
v 0.03500600 0.00224500 -0.05186200
v 0.03344800 0.00216000 -0.05239000
v 0.03231300 0.00317600 -0.05269100
v 0.03107600 0.00317900 -0.05295900
v 0.04274000 0.00577700 0.05175100
v 0.04265900 0.00577100 0.05198500
v 0.04246900 0.00573400 0.05221000
v 0.04200100 0.00567500 0.05244200
v 0.04190500 0.00566900 0.05258600
v 0.04187700 0.00566200 0.05275400
v 0.04193700 0.00566400 0.05302600
v 0.04206300 0.00568600 0.05327100
v 0.04227100 0.00572300 0.05350500
v 0.04261300 0.00573800 0.05371500
v 0.04392100 0.00591300 0.05372300
v 0.04421300 0.00597500 0.05352300
v 0.04455400 0.00602600 0.05306400
v 0.04459500 0.00602800 0.05285000
v 0.04444500 0.00603000 0.05250800
v 0.04396700 0.00594300 0.05192400
v 0.04381300 0.00593900 -0.04381700
v 0.04368900 0.00590600 -0.04460100
v 0.04345400 0.00587300 -0.04541200
v 0.04296400 0.00580600 -0.04644400
v 0.04219200 0.00570100 -0.04755000
v 0.04115200 0.00555900 -0.04859400
v 0.04016800 0.00542400 -0.04935100
v 0.03908400 0.00527500 -0.05000500
v 0.03794700 0.00514300 -0.05054000
v 0.03476400 0.00468300 -0.05186200
v 0.03305200 0.00561400 -0.05239400
v 0.02951800 0.00672300 -0.05310300
v 0.04223400 0.00875300 0.05175100
v 0.04214000 0.00872600 0.05200800
v 0.04196500 0.00868400 0.05221000
v 0.04150200 0.00859300 0.05244200
v 0.04140700 0.00858000 0.05258600
v 0.04138000 0.00857000 0.05275400
v 0.04143400 0.00858000 0.05300900
v 0.04155500 0.00860400 0.05325900
v 0.04177300 0.00865000 0.05350700
v 0.04210900 0.00869800 0.05371500
v 0.04210400 0.01031500 0.05379400
v 0.04305700 0.00870200 0.05380300
v 0.04340100 0.00896400 0.05372300
v 0.04368900 0.00904600 0.05352200
v 0.04392200 0.00909600 0.05322500
v 0.04406400 0.00913400 0.05294500
v 0.04402600 0.00911700 0.05271400
v 0.04384700 0.00908100 0.05240800
v 0.04344500 0.00899700 0.05192400
v 0.04329500 0.00898400 -0.04379200
v 0.04317000 0.00894000 -0.04460100
v 0.04293800 0.00889100 -0.04541200
v 0.04245400 0.00879000 -0.04644400
v 0.04185600 0.00866400 -0.04733200
v 0.04130400 0.00855400 -0.04797000
v 0.04066400 0.00841800 -0.04859400
v 0.03969200 0.00821500 -0.04935100
v 0.03862000 0.00799000 -0.05000500
v 0.03749600 0.00777900 -0.05054000
v 0.03435300 0.00709800 -0.05186200
v 0.03178300 0.00811700 -0.05260900
v 0.03041500 0.00718200 -0.05295700
v 0.02802000 0.01011800 -0.05314800
v 0.04152100 0.01167900 0.05175100
v 0.04142800 0.01164600 0.05200800
v 0.04125700 0.01159200 0.05221000
v 0.04080900 0.01148000 0.05243500
v 0.04071100 0.01144500 0.05257900
v 0.04068100 0.01144100 0.05275600
v 0.04073600 0.01144800 0.05301200
v 0.04085400 0.01149100 0.05326200
v 0.04106800 0.01154400 0.05350700
v 0.04140000 0.01161500 0.05371500
v 0.04248400 0.01187500 0.05378500
v 0.04275800 0.01201600 0.05366900
v 0.04295100 0.01207300 0.05352300
v 0.04318000 0.01213900 0.05322500
v 0.04332000 0.01218700 0.05294500
v 0.04328300 0.01216800 0.05271400
v 0.04310700 0.01211900 0.05240800
v 0.04271200 0.01200800 0.05192400
v 0.04256000 0.01198200 -0.04381700
v 0.04244100 0.01193100 -0.04460100
v 0.04221300 0.01186600 -0.04541300
v 0.04173800 0.01173200 -0.04644400
v 0.04115000 0.01156400 -0.04733200
v 0.04060700 0.01141600 -0.04797000
v 0.03997800 0.01123500 -0.04859400
v 0.03902200 0.01096500 -0.04935100
v 0.03796900 0.01066600 -0.05000500
v 0.03686200 0.01037700 -0.05054000
v 0.03377400 0.00947800 -0.05186200
v 0.00022000 0.00008600 -0.05380400
v 0.04060500 0.01454800 0.05175100
v 0.04048900 0.01449100 0.05206100
v 0.04031500 0.01444000 0.05222800
v 0.03990400 0.01430800 0.05243600
v 0.03982100 0.01425900 0.05256500
v 0.03978500 0.01425300 0.05270800
v 0.03982400 0.01425700 0.05296600
v 0.03994900 0.01431300 0.05325600
v 0.04016300 0.01438200 0.05350700
v 0.04048900 0.01447600 0.05371500
v 0.04080600 0.01455700 0.05379500
v 0.04146600 0.01454100 0.05380200
v 0.04173200 0.01492000 0.05372300
v 0.04200400 0.01504100 0.05352300
v 0.04222800 0.01512300 0.05322500
v 0.04236600 0.01517600 0.05294600
v 0.04232000 0.01516400 0.05269600
v 0.04212000 0.01508500 0.05235700
v 0.04177100 0.01495900 0.05192400
v 0.04162700 0.01491000 -0.04380300
v 0.04150600 0.01486400 -0.04460100
v 0.04128300 0.01478300 -0.04541300
v 0.04081800 0.01461600 -0.04644500
v 0.04008400 0.01435300 -0.04755000
v 0.03909700 0.01399800 -0.04859400
v 0.03816200 0.01366100 -0.04935100
v 0.03713300 0.01328900 -0.05000500
v 0.03604900 0.01292400 -0.05054000
v 0.03303100 0.01181200 -0.05186200
v 0.03116200 0.01236700 -0.05239400
v 0.03018500 0.01196500 -0.05269100
v 0.02900400 0.01148600 -0.05296700
v 0.03949000 0.01734200 0.05175100
v 0.03944600 0.01732000 0.05191400
v 0.03934200 0.01727300 0.05210400
v 0.03921400 0.01721300 0.05222700
v 0.03881200 0.01704900 0.05243700
v 0.03871500 0.01699500 0.05260000
v 0.03870000 0.01701000 0.05288500
v 0.03885800 0.01706000 0.05325900
v 0.03906200 0.01715000 0.05350700
v 0.03938000 0.01726700 0.05371500
v 0.03904000 0.01884800 0.05379400
v 0.03973100 0.01898500 0.05379500
v 0.04058900 0.01779600 0.05372300
v 0.04085300 0.01793600 0.05352300
v 0.04107100 0.01803300 0.05322500
v 0.04120500 0.01809700 0.05294400
v 0.04116500 0.01808000 0.05271100
v 0.04100100 0.01800400 0.05240800
v 0.04062600 0.01783800 0.05192400
v 0.04048600 0.01777900 -0.04380300
v 0.04036800 0.01772500 -0.04460100
v 0.04015100 0.01762800 -0.04541300
v 0.03969900 0.01742900 -0.04644400
v 0.03914000 0.01718100 -0.04733200
v 0.03862300 0.01695900 -0.04797000
v 0.03802600 0.01669300 -0.04859400
v 0.03711700 0.01629200 -0.04935100
v 0.03611500 0.01584900 -0.05000500
v 0.03506000 0.01540800 -0.05054000
v 0.03212700 0.01408900 -0.05186200
v 0.00688800 0.00608400 -0.05365700
v 0.03818500 0.02006000 0.05175100
v 0.03807700 0.01999400 0.05205900
v 0.03791800 0.01990800 0.05222700
v 0.03754100 0.01971400 0.05243000
v 0.03743700 0.01965900 0.05259100
v 0.03741900 0.01966900 0.05288500
v 0.03757300 0.01973100 0.05325900
v 0.03777100 0.01983400 0.05350700
v 0.03808000 0.01997300 0.05371500
v 0.03924900 0.02058500 0.05372300
v 0.03950300 0.02074300 0.05352200
v 0.03971300 0.02085600 0.05322500
v 0.03984000 0.02093200 0.05294500
v 0.03980700 0.02090500 0.05271400
v 0.03964600 0.02082100 0.05240800
v 0.03928300 0.02063000 0.05192400
v 0.03914700 0.02056100 -0.04380400
v 0.03903400 0.02049900 -0.04460100
v 0.03882400 0.02038800 -0.04541300
v 0.03838700 0.02015700 -0.04644400
v 0.03769700 0.01979500 -0.04755000
v 0.03676900 0.01930600 -0.04859400
v 0.03589000 0.01884200 -0.04935100
v 0.03492200 0.01833000 -0.05000600
v 0.03390000 0.01781800 -0.05054000
v 0.03106600 0.01629700 -0.05186200
v 0.02967600 0.01558500 -0.05239000
v 0.02822700 0.01605100 -0.05269100
v 0.02674700 0.01623100 -0.05295600
v 0.02577200 0.01635700 -0.05307200
v 0.02509300 0.01569400 -0.05315700
v 0.03669300 0.02267400 0.05175100
v 0.03662600 0.02262700 0.05198200
v 0.03647200 0.02252400 0.05220600
v 0.03613600 0.02232300 0.05238600
v 0.03600200 0.02224700 0.05251600
v 0.03594700 0.02221600 0.05276300
v 0.03604200 0.02226600 0.05312700
v 0.03623400 0.02238300 0.05344500
v 0.03659500 0.02258200 0.05371500
v 0.03603800 0.02410000 0.05379400
v 0.03748400 0.02291100 0.05380300
v 0.03771800 0.02327400 0.05372300
v 0.03796000 0.02345000 0.05352200
v 0.03816200 0.02357700 0.05322500
v 0.03828300 0.02366100 0.05294500
v 0.03825200 0.02363200 0.05271400
v 0.03809700 0.02353800 0.05240800
v 0.03774800 0.02332100 0.05192400
v 0.03761800 0.02324300 -0.04380300
v 0.03750900 0.02317300 -0.04460100
v 0.03730800 0.02304800 -0.04541200
v 0.03688700 0.02278700 -0.04644400
v 0.03636900 0.02246400 -0.04733200
v 0.03588800 0.02217200 -0.04797000
v 0.03533300 0.02182500 -0.04859400
v 0.03448900 0.02130100 -0.04935100
v 0.03355900 0.02072300 -0.05000600
v 0.03257400 0.02014000 -0.05054000
v 0.02985400 0.01842500 -0.05186200
v 0.02791100 0.01857900 -0.05239400
v 0.00019200 0.00013700 -0.05380400
v 0.03502300 0.02518200 0.05175100
v 0.03492500 0.02510100 0.05205900
v 0.03477900 0.02499400 0.05222700
v 0.03441900 0.02473900 0.05244200
v 0.03434000 0.02468400 0.05258600
v 0.03431100 0.02467600 0.05276800
v 0.03439300 0.02472100 0.05310800
v 0.03458500 0.02485700 0.05344500
v 0.03493100 0.02508100 0.05371500
v 0.03586100 0.02569600 0.05378500
v 0.03607000 0.02592300 0.05366900
v 0.03623200 0.02604200 0.05352300
v 0.03642500 0.02618300 0.05322500
v 0.03654000 0.02627600 0.05294500
v 0.03651100 0.02624400 0.05271400
v 0.03636300 0.02613900 0.05240800
v 0.03603000 0.02589900 0.05192400
v 0.03589800 0.02582500 -0.04379200
v 0.03580200 0.02573500 -0.04460100
v 0.03561000 0.02559500 -0.04541200
v 0.03520800 0.02530600 -0.04644500
v 0.03471400 0.02494800 -0.04733200
v 0.03425400 0.02462200 -0.04797000
v 0.03372500 0.02423800 -0.04859400
v 0.03291900 0.02365600 -0.04935100
v 0.03203200 0.02301500 -0.05000500
v 0.03109100 0.02236500 -0.05054000
v 0.02849600 0.02046400 -0.05186200
v 0.02573400 0.02034900 -0.05260900
v 0.03318100 0.02756500 0.05175100
v 0.03311600 0.02750200 0.05199400
v 0.03298300 0.02738300 0.05220600
v 0.03267800 0.02713700 0.05238600
v 0.03256800 0.02704600 0.05250400
v 0.03250900 0.02701100 0.05269100
v 0.03254700 0.02702400 0.05296600
v 0.03264500 0.02711900 0.05325600
v 0.03282300 0.02725800 0.05350700
v 0.03309700 0.02745800 0.05371500
v 0.03233400 0.02888400 0.05379400
v 0.03399300 0.02785300 0.05380200
v 0.03411300 0.02830000 0.05372300
v 0.03432800 0.02850700 0.05352300
v 0.03451000 0.02866100 0.05322500
v 0.03461800 0.02876200 0.05294500
v 0.03459200 0.02872900 0.05271400
v 0.03445200 0.02861300 0.05240800
v 0.03413600 0.02835000 0.05192400
v 0.03400700 0.02826500 -0.04381700
v 0.03392000 0.02817100 -0.04460100
v 0.03373800 0.02801800 -0.04541200
v 0.03335800 0.02770200 -0.04644500
v 0.03275900 0.02720400 -0.04755000
v 0.03195200 0.02653200 -0.04859400
v 0.03118900 0.02589600 -0.04935100
v 0.03034900 0.02519400 -0.05000500
v 0.02945500 0.02448000 -0.05054000
v 0.02699900 0.02240300 -0.05186200
v 0.02332700 0.02071900 -0.05296700
v 0.02252000 0.01989200 -0.05312100
v 0.03117800 0.02981200 0.05175100
v 0.03112300 0.02975100 0.05198200
v 0.03099300 0.02961800 0.05220600
v 0.03065400 0.02930300 0.05243000
v 0.03056900 0.02922200 0.05259100
v 0.03054900 0.02922700 0.05288500
v 0.03068100 0.02932800 0.05325900
v 0.03084200 0.02948200 0.05350700
v 0.03110100 0.02970100 0.05371500
v 0.03084400 0.03143500 0.05379500
v 0.03205600 0.03061200 0.05372300
v 0.03225600 0.03083300 0.05352300
v 0.03242700 0.03100000 0.05322500
v 0.03252800 0.03110800 0.05294500
v 0.03250500 0.03107300 0.05271400
v 0.03237200 0.03094800 0.05240800
v 0.03207600 0.03066400 0.05192400
v 0.03196500 0.03056000 -0.04380300
v 0.03187300 0.03046900 -0.04460100
v 0.03170200 0.03030500 -0.04541300
v 0.03134500 0.02996300 -0.04644400
v 0.03090500 0.02953800 -0.04733200
v 0.03049500 0.02915200 -0.04797000
v 0.03002400 0.02869800 -0.04859400
v 0.02930700 0.02801000 -0.04935100
v 0.02851800 0.02725100 -0.05000600
v 0.02767600 0.02647600 -0.05054000
v 0.02537100 0.02423300 -0.05186200
v 0.02343900 0.02397900 -0.05239400
v 0.02271000 0.02321400 -0.05269100
v 0.01877900 0.02288500 -0.05315700
v 0.00015200 0.00018000 -0.05380400
v 0.02902300 0.03191700 0.05175100
v 0.02896700 0.03184500 0.05199400
v 0.02885200 0.03170900 0.05220600
v 0.02858500 0.03142300 0.05238600
v 0.02848800 0.03131800 0.05250400
v 0.02843500 0.03127500 0.05269100
v 0.02846700 0.03129700 0.05297000
v 0.02856100 0.03139800 0.05325900
v 0.02871100 0.03156300 0.05350700
v 0.02895400 0.03179900 0.05371500
v 0.02919700 0.03202000 0.05379500
v 0.02984400 0.03277400 0.05372300
v 0.03002800 0.03301000 0.05352300
v 0.03018700 0.03318700 0.05322500
v 0.03028000 0.03330200 0.05294500
v 0.03025900 0.03326600 0.05271400
v 0.03013500 0.03313200 0.05240800
v 0.02986000 0.03282800 0.05192400
v 0.02975600 0.03271700 -0.04380300
v 0.02967000 0.03262000 -0.04460100
v 0.02951200 0.03244300 -0.04541200
v 0.02917900 0.03207700 -0.04644400
v 0.02865500 0.03150000 -0.04755000
v 0.02795000 0.03072300 -0.04859400
v 0.02728300 0.02998700 -0.04935100
v 0.02654800 0.02917500 -0.05000500
v 0.02576300 0.02834300 -0.05054000
v 0.02362000 0.02594400 -0.05186200
v 0.01958300 0.02440500 -0.05295600
v 0.01862500 0.02419000 -0.05307200
v 0.02673000 0.03385900 0.05175100
v 0.02669600 0.03382100 0.05191600
v 0.02663000 0.03373000 0.05210400
v 0.02654400 0.03361700 0.05222700
v 0.02626300 0.03327900 0.05244100
v 0.02620000 0.03319400 0.05260600
v 0.02619900 0.03318500 0.05288500
v 0.02630200 0.03331500 0.05325900
v 0.02644000 0.03349000 0.05350700
v 0.02666600 0.03374300 0.05371500
v 0.02562400 0.03497800 0.05379400
v 0.02739000 0.03435500 0.05380300
v 0.02748500 0.03477800 0.05372300
v 0.02765300 0.03502500 0.05352300
v 0.02779900 0.03521300 0.05322500
v 0.02788400 0.03533500 0.05294500
v 0.02786500 0.03529700 0.05271400
v 0.02775200 0.03515400 0.05240800
v 0.02749800 0.03483200 0.05192400
v 0.02740200 0.03471400 -0.04380400
v 0.02732300 0.03461100 -0.04460100
v 0.02717700 0.03442400 -0.04541200
v 0.02687100 0.03403600 -0.04644500
v 0.02649400 0.03355400 -0.04733200
v 0.02614200 0.03311500 -0.04797000
v 0.02573900 0.03259900 -0.04859400
v 0.02512500 0.03181800 -0.04935100
v 0.02444900 0.03095700 -0.05000500
v 0.02372300 0.03007300 -0.05054000
v 0.02175300 0.02753000 -0.05186200
v 0.01977700 0.02648300 -0.05254200
v 0.02430000 0.03564800 0.05175100
v 0.02425500 0.03556900 0.05199400
v 0.02416000 0.03541800 0.05220600
v 0.02389400 0.03503900 0.05243000
v 0.02381300 0.03494200 0.05261000
v 0.02382800 0.03494400 0.05292900
v 0.02391500 0.03506900 0.05325900
v 0.02404000 0.03525400 0.05350700
v 0.02424800 0.03552200 0.05371500
v 0.02491200 0.03641800 0.05378500
v 0.02503100 0.03670200 0.05366900
v 0.02514300 0.03687000 0.05352300
v 0.02527600 0.03706800 0.05322500
v 0.02535500 0.03719200 0.05294600
v 0.02533200 0.03716000 0.05271700
v 0.02523200 0.03700600 0.05240800
v 0.02500200 0.03666600 0.05192400
v 0.02491500 0.03654200 -0.04380400
v 0.02484300 0.03643400 -0.04460100
v 0.02471100 0.03623700 -0.04541300
v 0.02443200 0.03582800 -0.04644500
v 0.02399400 0.03518400 -0.04755000
v 0.02340400 0.03431600 -0.04859400
v 0.02284500 0.03349400 -0.04935100
v 0.02223100 0.03258800 -0.05000500
v 0.02156800 0.03165500 -0.05054000
v 0.01978000 0.02898100 -0.05186200
v 0.01738900 0.02743100 -0.05269100
v 0.02175500 0.03725700 0.05175100
v 0.02171200 0.03716900 0.05200800
v 0.02162600 0.03701200 0.05221000
v 0.02142900 0.03668300 0.05238600
v 0.02135600 0.03655900 0.05250400
v 0.02132700 0.03651100 0.05264000
v 0.02131200 0.03651900 0.05288500
v 0.02141100 0.03665300 0.05325900
v 0.02152300 0.03684600 0.05350700
v 0.02171200 0.03712800 0.05371500
v 0.02050800 0.03820600 0.05379400
v 0.02242000 0.03780500 0.05380200
v 0.02237900 0.03826600 0.05372300
v 0.02251100 0.03853500 0.05352200
v 0.02262900 0.03874200 0.05322500
v 0.02270400 0.03886900 0.05294500
v 0.02267400 0.03883900 0.05271400
v 0.02259100 0.03867700 0.05240800
v 0.02238400 0.03832200 0.05192400
v 0.02230600 0.03819200 -0.04380400
v 0.02224200 0.03807900 -0.04460100
v 0.02212400 0.03787300 -0.04541300
v 0.02187500 0.03744600 -0.04644500
v 0.02156800 0.03691700 -0.04733200
v 0.02128100 0.03643300 -0.04797000
v 0.02095400 0.03586600 -0.04859400
v 0.02045400 0.03500700 -0.04935100
v 0.01990400 0.03406000 -0.05000600
v 0.01930800 0.03308300 -0.05054000
v 0.01771100 0.03029100 -0.05186200
v 0.01592300 0.02951400 -0.05239400
v 0.01408300 0.02794600 -0.05295600
v 0.01319000 0.02753500 -0.05307200
v 0.01296400 0.02661300 -0.05315700
v 0.00010300 0.00021200 -0.05380400
v 0.01910400 0.03868500 0.05175100
v 0.01906700 0.03859400 0.05200800
v 0.01899200 0.03843100 0.05221000
v 0.01877200 0.03801500 0.05244100
v 0.01873200 0.03791800 0.05260400
v 0.01872100 0.03791300 0.05288100
v 0.01880300 0.03805800 0.05325900
v 0.01890200 0.03825800 0.05350700
v 0.01907000 0.03855200 0.05371500
v 0.01823500 0.04009400 0.05379500
v 0.01965700 0.03973500 0.05372300
v 0.01976900 0.04001200 0.05352200
v 0.01987300 0.04022700 0.05322500
v 0.01993100 0.04035100 0.05297800
v 0.01993300 0.04035500 0.05284000
v 0.01988600 0.04025800 0.05255900
v 0.01965700 0.03979100 0.05192400
v 0.01958800 0.03965500 -0.04380300
v 0.01953300 0.03953800 -0.04460100
v 0.01942900 0.03932500 -0.04541300
v 0.01921000 0.03888200 -0.04644400
v 0.01894100 0.03833200 -0.04733200
v 0.01868800 0.03782900 -0.04797000
v 0.01840100 0.03724100 -0.04859400
v 0.01796300 0.03635000 -0.04935100
v 0.01748000 0.03536600 -0.05000600
v 0.01695400 0.03435000 -0.05054000
v 0.01555600 0.03145300 -0.05186200
v 0.01317100 0.03005500 -0.05260900
v 0.00196500 0.00902900 -0.05365500
v 0.01636000 0.03992400 0.05175100
v 0.01632500 0.03981800 0.05203300
v 0.01625900 0.03964900 0.05221900
v 0.01608900 0.03924400 0.05243000
v 0.01603700 0.03913800 0.05259100
v 0.01604000 0.03912500 0.05288500
v 0.01610300 0.03927800 0.05325900
v 0.01618800 0.03948400 0.05350700
v 0.01633500 0.03979000 0.05371500
v 0.01648800 0.04008000 0.05379500
v 0.01683800 0.04101000 0.05372300
v 0.01693000 0.04129400 0.05352200
v 0.01701900 0.04151600 0.05322500
v 0.01706700 0.04165600 0.05294500
v 0.01705600 0.04160700 0.05269300
v 0.01697500 0.04140900 0.05235700
v 0.01683500 0.04106600 0.05192400
v 0.01676200 0.04093300 -0.04379200
v 0.01672800 0.04080500 -0.04460100
v 0.01663900 0.04058500 -0.04541300
v 0.01645200 0.04012800 -0.04644500
v 0.01622200 0.03956100 -0.04733200
v 0.01600500 0.03904200 -0.04797000
v 0.01576000 0.03843500 -0.04859400
v 0.01538400 0.03751500 -0.04935100
v 0.01497200 0.03650000 -0.05000500
v 0.01451800 0.03545000 -0.05054000
v 0.01332400 0.03246200 -0.05186200
v 0.01353600 0.04096900 0.05175100
v 0.01351200 0.04087400 0.05200800
v 0.01346100 0.04070200 0.05221000
v 0.01331300 0.04027100 0.05243000
v 0.01327200 0.04016100 0.05259200
v 0.01326500 0.04015300 0.05288900
v 0.01332500 0.04030600 0.05325900
v 0.01339500 0.04051800 0.05350700
v 0.01352100 0.04083300 0.05371500
v 0.01212000 0.04163700 0.05379500
v 0.01399100 0.04165600 0.05380300
v 0.01393700 0.04208600 0.05372300
v 0.01401000 0.04237500 0.05352200
v 0.01408300 0.04260200 0.05322500
v 0.01412100 0.04274500 0.05294500
v 0.01411600 0.04270300 0.05271400
v 0.01405800 0.04253100 0.05240800
v 0.01393000 0.04214100 0.05192400
v 0.01386600 0.04200000 -0.04381700
v 0.01384200 0.04187400 -0.04460100
v 0.01376900 0.04164800 -0.04541300
v 0.01361400 0.04117800 -0.04644500
v 0.01342400 0.04059700 -0.04733200
v 0.01324300 0.04006400 -0.04797000
v 0.01304100 0.03944100 -0.04859400
v 0.01273100 0.03849700 -0.04935100
v 0.01239000 0.03745600 -0.05000600
v 0.01201000 0.03637700 -0.05054000
v 0.01102800 0.03331300 -0.05186200
v 0.00944100 0.03218200 -0.05239400
v 0.00915600 0.03116400 -0.05269100
v 0.00880600 0.02993800 -0.05296700
v 0.00808500 0.02890000 -0.05312700
v 0.00004000 0.00023400 -0.05380400
v 0.01064800 0.04181200 0.05175100
v 0.01063300 0.04173100 0.05198200
v 0.01059300 0.04155000 0.05220600
v 0.01048300 0.04114300 0.05240300
v 0.01045300 0.04102500 0.05251800
v 0.01042900 0.04097000 0.05269100
v 0.01044700 0.04100500 0.05297000
v 0.01048200 0.04113800 0.05325900
v 0.01053700 0.04135400 0.05350700
v 0.01064100 0.04167700 0.05371500
v 0.00950400 0.04301100 0.05379500
v 0.01096800 0.04295600 0.05372300
v 0.01102100 0.04325000 0.05352200
v 0.01107800 0.04348200 0.05322500
v 0.01110600 0.04362700 0.05294500
v 0.01110400 0.04358500 0.05271400
v 0.01105800 0.04340900 0.05240800
v 0.01095800 0.04301000 0.05192400
v 0.01091800 0.04286400 -0.04380300
v 0.01088800 0.04273800 -0.04460100
v 0.01083100 0.04250800 -0.04541200
v 0.01070900 0.04202800 -0.04644500
v 0.01056000 0.04143500 -0.04733200
v 0.01041700 0.04089000 -0.04797000
v 0.01025900 0.04025600 -0.04859400
v 0.01001500 0.03929200 -0.04935100
v 0.00974800 0.03823000 -0.05000600
v 0.00944400 0.03712700 -0.05054000
v 0.00867800 0.03400200 -0.05186200
v 0.00771300 0.04245100 0.05175100
v 0.00768500 0.04237600 0.05198300
v 0.00766700 0.04218000 0.05221000
v 0.00757000 0.04171900 0.05244100
v 0.00755500 0.04161500 0.05260600
v 0.00755800 0.04160700 0.05288500
v 0.00758800 0.04177000 0.05325900
v 0.00762800 0.04198900 0.05350700
v 0.00770900 0.04231800 0.05371500
v 0.00779800 0.04263400 0.05379500
v 0.00794600 0.04361700 0.05372300
v 0.00797800 0.04391400 0.05352300
v 0.00801900 0.04414900 0.05322500
v 0.00803700 0.04429600 0.05294500
v 0.00803800 0.04425400 0.05271400
v 0.00800400 0.04407500 0.05240800
v 0.00793200 0.04367000 0.05192400
v 0.00790300 0.04352100 -0.04380300
v 0.00788100 0.04339400 -0.04460100
v 0.00784000 0.04316000 -0.04541200
v 0.00775200 0.04267300 -0.04644400
v 0.00761300 0.04190600 -0.04755000
v 0.00742700 0.04087400 -0.04859400
v 0.00725100 0.03989500 -0.04935100
v 0.00705800 0.03881700 -0.05000600
v 0.00683200 0.03769600 -0.05054000
v 0.00628600 0.03452500 -0.05186200
v 0.00595400 0.03237600 -0.05257700
v 0.00558800 0.03068700 -0.05296700
v 0.00449300 0.02948900 -0.05314600
v 0.00472400 0.04289200 0.05175200
v 0.00472500 0.04279100 0.05200500
v 0.00470000 0.04262300 0.05220500
v 0.00464200 0.04214400 0.05244300
v 0.00463700 0.04203300 0.05262800
v 0.00463300 0.04203900 0.05288600
v 0.00465000 0.04214300 0.05316600
v 0.00466800 0.04231100 0.05340000
v 0.00471300 0.04259200 0.05363500
v 0.00473300 0.04285900 0.05374700
v 0.00375800 0.04319500 0.05379400
v 0.00499800 0.04366200 0.05380300
v 0.00488500 0.04406500 0.05372300
v 0.00490900 0.04441000 0.05348000
v 0.00492600 0.04474900 0.05295500
v 0.00493200 0.04470700 0.05271400
v 0.00491200 0.04452600 0.05240800
v 0.00486700 0.04411800 0.05192400
v 0.00484800 0.04396700 -0.04380300
v 0.00483600 0.04383800 -0.04460100
v 0.00481100 0.04360200 -0.04541200
v 0.00475800 0.04311100 -0.04644400
v 0.00469300 0.04250300 -0.04733200
v 0.00462700 0.04194300 -0.04797000
v 0.00455900 0.04129300 -0.04859400
v 0.00445100 0.04030500 -0.04935100
v 0.00433400 0.03921500 -0.05000500
v 0.00418700 0.03808100 -0.05054000
v 0.00386300 0.03488000 -0.05186200
v 0.00254600 0.03344300 -0.05239400
v 0.00247900 0.03238800 -0.05269100
v 0.00239100 0.03111600 -0.05296700
v 0.00172500 0.04311300 0.05175100
v 0.00173200 0.04301300 0.05202000
v 0.00171600 0.04282400 0.05221800
v 0.00169300 0.04242400 0.05240400
v 0.00169700 0.04231300 0.05250600
v 0.00169400 0.04224900 0.05265500
v 0.00169500 0.04226600 0.05291000
v 0.00169400 0.04239600 0.05322500
v 0.00171000 0.04261300 0.05347800
v 0.00173900 0.04285800 0.05365500
v 0.00172200 0.04313600 0.05376300
v 0.00090600 0.04407300 0.05379300
v 0.00177900 0.04435700 0.05369300
v 0.00179800 0.04460100 0.05351900
v 0.00179800 0.04483600 0.05322500
v 0.00180000 0.04498400 0.05294600
v 0.00180200 0.04493800 0.05270000
v 0.00178600 0.04472600 0.05236300
v 0.00177900 0.04435000 0.05192400
v 0.00177300 0.04420100 -0.04377100
v 0.00175900 0.04407200 -0.04459100
v 0.00177800 0.04383800 -0.04539200
v 0.00171900 0.04334800 -0.04642900
v 0.00171800 0.04272700 -0.04733200
v 0.00169100 0.04216400 -0.04797000
v 0.00166800 0.04151000 -0.04859400
v 0.00163000 0.04051700 -0.04935100
v 0.00158900 0.03942300 -0.05000500
v 0.00152200 0.03828000 -0.05054000
v 0.00142200 0.03506500 -0.05186200
v -0.00012000 0.02990600 -0.05313900
v -0.00127900 0.04312800 0.05175100
v -0.00129000 0.04304900 0.05198300
v -0.00126500 0.04285400 0.05221000
v -0.00125900 0.04238500 0.05243900
v -0.00125900 0.04228600 0.05258500
v -0.00125100 0.04225700 0.05277000
v -0.00125800 0.04234500 0.05309500
v -0.00126300 0.04252300 0.05337300
v -0.00127200 0.04282300 0.05362700
v -0.00128000 0.04319700 0.05377900
v -0.00456100 0.04370800 0.05380300
v -0.00131800 0.04435200 0.05371000
v -0.00132800 0.04469100 0.05344400
v -0.00133200 0.04500000 0.05295300
v -0.00133900 0.04497300 0.05275700
v -0.00133300 0.04485300 0.05251100
v -0.00131800 0.04436600 0.05192400
v -0.00131200 0.04421500 -0.04380400
v -0.00132300 0.04406000 -0.04471800
v -0.00130000 0.04375800 -0.04563900
v -0.00128600 0.04329300 -0.04654000
v -0.00126600 0.04261500 -0.04750000
v -0.00123500 0.04156700 -0.04855800
v -0.00120600 0.04057800 -0.04931900
v -0.00117400 0.03948800 -0.04997800
v -0.00114000 0.03835400 -0.05051400
v -0.00104500 0.03517200 -0.05182600
v -0.00098100 0.03300200 -0.05254900
v -0.00201800 0.03119200 -0.05295900
v -0.00004400 0.00023400 -0.05380400
v -0.00427800 0.04293900 0.05175200
v -0.00428000 0.04283100 0.05201700
v -0.00425600 0.04266200 0.05221000
v -0.00421300 0.04219100 0.05244200
v -0.00420200 0.04209500 0.05258600
v -0.00419000 0.04206800 0.05275400
v -0.00420700 0.04213500 0.05304900
v -0.00422000 0.04227100 0.05329400
v -0.00424000 0.04246600 0.05350700
v -0.00429500 0.04280100 0.05371500
v -0.00576300 0.04298300 0.05379400
v -0.00442800 0.04411400 0.05372300
v -0.00443500 0.04441300 0.05352300
v -0.00445700 0.04465100 0.05322500
v -0.00446800 0.04478800 0.05297800
v -0.00446800 0.04479200 0.05283900
v -0.00445900 0.04468500 0.05255900
v -0.00440900 0.04416700 0.05192400
v -0.00437700 0.04401600 -0.04381700
v -0.00438100 0.04388700 -0.04460100
v -0.00435800 0.04365000 -0.04541300
v -0.00431000 0.04315800 -0.04644500
v -0.00425100 0.04255000 -0.04733200
v -0.00419200 0.04199000 -0.04797000
v -0.00413000 0.04133800 -0.04859400
v -0.00403300 0.04034900 -0.04935100
v -0.00392700 0.03925900 -0.05000600
v -0.00379200 0.03812300 -0.05054000
v -0.00350200 0.03491800 -0.05186200
v -0.00452800 0.03323300 -0.05239400
v -0.00439900 0.03218400 -0.05269100
v -0.00486800 0.02941000 -0.05314800
v -0.00373600 0.00840100 -0.05365700
v -0.00725900 0.04254100 0.05175300
v -0.00724700 0.04239500 0.05206800
v -0.00722500 0.04224400 0.05221900
v -0.00713000 0.04181400 0.05243000
v -0.00713000 0.04169500 0.05258900
v -0.00711700 0.04168500 0.05288100
v -0.00715400 0.04184700 0.05325900
v -0.00719100 0.04206700 0.05350700
v -0.00726900 0.04239700 0.05371500
v -0.00905700 0.04310900 0.05379500
v -0.00749300 0.04369800 0.05372300
v -0.00753700 0.04404000 0.05348000
v -0.00757600 0.04436100 0.05300100
v -0.00758400 0.04437400 0.05287800
v -0.00757200 0.04433500 0.05271100
v -0.00754600 0.04415700 0.05240800
v -0.00747800 0.04375200 0.05192400
v -0.00743600 0.04360600 -0.04379200
v -0.00743000 0.04347400 -0.04460100
v -0.00739200 0.04324000 -0.04541200
v -0.00730900 0.04275300 -0.04644500
v -0.00720800 0.04215000 -0.04733200
v -0.00710900 0.04159500 -0.04797000
v -0.00700200 0.04095000 -0.04859400
v -0.00683700 0.03997000 -0.04935100
v -0.00665500 0.03888900 -0.05000600
v -0.00644200 0.03776500 -0.05054000
v -0.00592900 0.03458900 -0.05186200
v -0.00638200 0.03054900 -0.05296700
v -0.01021700 0.04191900 0.05175100
v -0.01020400 0.04185700 0.05195900
v -0.01015800 0.04165100 0.05221000
v -0.01003400 0.04119700 0.05244100
v -0.01000800 0.04108700 0.05262700
v -0.01001700 0.04109500 0.05290900
v -0.01005100 0.04123300 0.05324100
v -0.01010700 0.04146300 0.05350700
v -0.01020800 0.04178700 0.05371500
v -0.01168600 0.04176300 0.05379400
v -0.01501000 0.04134400 0.05380200
v -0.01052200 0.04306900 0.05372300
v -0.01057100 0.04336400 0.05352300
v -0.01062500 0.04359600 0.05322500
v -0.01066100 0.04373900 0.05294500
v -0.01064000 0.04370200 0.05271400
v -0.01060700 0.04352300 0.05240800
v -0.01051000 0.04312300 0.05192400
v -0.01045800 0.04297800 -0.04381700
v -0.01044400 0.04285000 -0.04460100
v -0.01038900 0.04261900 -0.04541300
v -0.01027200 0.04213900 -0.04644500
v -0.01013000 0.04154400 -0.04733200
v -0.00999300 0.04099800 -0.04797000
v -0.00984100 0.04036100 -0.04859400
v -0.00960700 0.03939500 -0.04935100
v -0.00935100 0.03833000 -0.05000600
v -0.00905900 0.03722400 -0.05054000
v -0.00832600 0.03409100 -0.05186200
v -0.00910800 0.03228000 -0.05239400
v -0.00769000 0.03154700 -0.05268900
v -0.01312200 0.04110500 0.05175100
v -0.01307700 0.04101700 0.05200800
v -0.01303800 0.04084100 0.05221000
v -0.01291700 0.04047700 0.05238600
v -0.01287300 0.04034100 0.05250400
v -0.01285200 0.04027700 0.05269100
v -0.01285300 0.04030600 0.05292900
v -0.01289900 0.04041900 0.05322200
v -0.01297400 0.04065700 0.05350700
v -0.01309700 0.04097300 0.05371500
v -0.01349900 0.04223000 0.05372300
v -0.01356900 0.04252100 0.05352300
v -0.01364000 0.04274800 0.05322500
v -0.01368100 0.04289000 0.05294600
v -0.01366700 0.04285300 0.05271700
v -0.01361600 0.04267700 0.05240800
v -0.01349200 0.04228500 0.05192400
v -0.01343000 0.04214700 -0.04379200
v -0.01340600 0.04201700 -0.04460100
v -0.01333500 0.04179100 -0.04541300
v -0.01318600 0.04131900 -0.04644400
v -0.01294900 0.04057700 -0.04755000
v -0.01263100 0.03957700 -0.04859400
v -0.01233100 0.03862900 -0.04935100
v -0.01200100 0.03758500 -0.05000600
v -0.01163300 0.03650100 -0.05054000
v -0.01068300 0.03342800 -0.05186200
v -0.01099200 0.03056600 -0.05269100
v -0.00949700 0.02971100 -0.05296700
v -0.01594700 0.04009000 0.05175100
v -0.01592200 0.04001500 0.05198300
v -0.01585400 0.03983200 0.05221000
v -0.01568100 0.03941100 0.05243000
v -0.01563800 0.03930200 0.05259100
v -0.01562600 0.03928700 0.05280800
v -0.01565300 0.03934300 0.05304300
v -0.01569300 0.03945800 0.05327400
v -0.01577700 0.03965300 0.05350700
v -0.01592200 0.03995900 0.05371500
v -0.01738300 0.03973000 0.05379400
v -0.01641100 0.04118500 0.05372300
v -0.01652600 0.04151100 0.05348000
v -0.01662700 0.04181700 0.05300200
v -0.01664300 0.04182700 0.05287900
v -0.01662100 0.04179200 0.05271100
v -0.01655900 0.04162300 0.05240800
v -0.01640800 0.04124100 0.05192400
v -0.01633500 0.04110400 -0.04381700
v -0.01630400 0.04097900 -0.04460100
v -0.01621700 0.04075800 -0.04541300
v -0.01603500 0.04029900 -0.04644500
v -0.01574700 0.03957400 -0.04755000
v -0.01536000 0.03859900 -0.04859400
v -0.01499500 0.03767500 -0.04935100
v -0.01459300 0.03665600 -0.05000600
v -0.01415000 0.03560100 -0.05054000
v -0.01298800 0.03260100 -0.05186200
v -0.01351000 0.03069800 -0.05239400
v -0.01259200 0.02855500 -0.05296700
v -0.00896500 0.02844900 -0.05314700
v -0.00010700 0.00021300 -0.05380400
v -0.01870400 0.03888000 0.05175100
v -0.01867300 0.03880700 0.05198300
v -0.01859300 0.03862900 0.05221000
v -0.01837700 0.03821000 0.05244100
v -0.01833900 0.03810300 0.05262700
v -0.01833300 0.03811400 0.05289200
v -0.01839000 0.03823600 0.05322500
v -0.01850400 0.03845500 0.05350700
v -0.01867000 0.03875100 0.05371500
v -0.02058400 0.03894300 0.05379500
v -0.01924300 0.03994000 0.05372300
v -0.01935300 0.04021800 0.05352200
v -0.01945400 0.04043400 0.05322500
v -0.01951900 0.04056700 0.05294500
v -0.01949100 0.04053400 0.05271400
v -0.01942100 0.04036600 0.05240800
v -0.01924300 0.03999500 0.05192400
v -0.01916300 0.03986700 -0.04379200
v -0.01912200 0.03974200 -0.04460100
v -0.01902000 0.03952800 -0.04541300
v -0.01880600 0.03908200 -0.04644500
v -0.01854300 0.03853000 -0.04733200
v -0.01829500 0.03802400 -0.04797000
v -0.01801500 0.03743300 -0.04859400
v -0.01758500 0.03653700 -0.04935100
v -0.01711300 0.03554800 -0.05000600
v -0.01659800 0.03452700 -0.05054000
v -0.01523000 0.03161500 -0.05186200
v -0.01513800 0.02873800 -0.05269100
v -0.01275200 0.02721100 -0.05312300
v -0.02137000 0.03748000 0.05175100
v -0.02133900 0.03742000 0.05195600
v -0.02125200 0.03725100 0.05220000
v -0.02104800 0.03690700 0.05238600
v -0.02097600 0.03678200 0.05250400
v -0.02094500 0.03673500 0.05264100
v -0.02094100 0.03673800 0.05288900
v -0.02103000 0.03687700 0.05325900
v -0.02114000 0.03707000 0.05350700
v -0.02132600 0.03735400 0.05371500
v -0.02274100 0.03692300 0.05379400
v -0.02582000 0.03560400 0.05380200
v -0.02198200 0.03850000 0.05372300
v -0.02211000 0.03877000 0.05352300
v -0.02222600 0.03897800 0.05322500
v -0.02229600 0.03910800 0.05294600
v -0.02227500 0.03907400 0.05271700
v -0.02218800 0.03891200 0.05240800
v -0.02198600 0.03855500 0.05192400
v -0.02189500 0.03843000 -0.04381700
v -0.02184600 0.03831100 -0.04460100
v -0.02173000 0.03810400 -0.04541300
v -0.02148500 0.03767400 -0.04644500
v -0.02118500 0.03714200 -0.04733200
v -0.02090200 0.03665500 -0.04797000
v -0.02058100 0.03608500 -0.04859400
v -0.02009000 0.03522100 -0.04935100
v -0.01955000 0.03426800 -0.05000600
v -0.01896500 0.03328500 -0.05054000
v -0.01739700 0.03047600 -0.05186200
v -0.01764900 0.02851800 -0.05239400
v -0.01644200 0.02652400 -0.05296700
v -0.01640500 0.02488800 -0.05314800
v -0.02393100 0.03589800 0.05175100
v -0.02389100 0.03583000 0.05198300
v -0.02378600 0.03566400 0.05221000
v -0.02355300 0.03532400 0.05240300
v -0.02348500 0.03522300 0.05251800
v -0.02344400 0.03517800 0.05269100
v -0.02347300 0.03520500 0.05297000
v -0.02355000 0.03531900 0.05325900
v -0.02367400 0.03550500 0.05350700
v -0.02387900 0.03577500 0.05371500
v -0.02461300 0.03687200 0.05372300
v -0.02476000 0.03713200 0.05352300
v -0.02489000 0.03733200 0.05322500
v -0.02496500 0.03745900 0.05294500
v -0.02495000 0.03742000 0.05271400
v -0.02484800 0.03726900 0.05240800
v -0.02462000 0.03692700 0.05192400
v -0.02452300 0.03681200 -0.04379200
v -0.02446500 0.03669300 -0.04460100
v -0.02433400 0.03649500 -0.04541300
v -0.02406000 0.03608300 -0.04644400
v -0.02372300 0.03557300 -0.04733200
v -0.02340700 0.03510700 -0.04797000
v -0.02304700 0.03456100 -0.04859400
v -0.02249700 0.03373300 -0.04935100
v -0.02189200 0.03282000 -0.05000600
v -0.02124000 0.03188000 -0.05054000
v -0.01948000 0.02918800 -0.05186200
v -0.01898900 0.02635200 -0.05269100
v -0.00015600 0.00018200 -0.05380400
v -0.02637500 0.03414500 0.05175200
v -0.02632100 0.03406300 0.05200800
v -0.02621500 0.03391800 0.05221000
v -0.02595100 0.03358500 0.05241000
v -0.02586600 0.03347300 0.05256700
v -0.02584100 0.03347000 0.05288500
v -0.02595600 0.03359000 0.05325900
v -0.02609200 0.03376700 0.05350700
v -0.02631600 0.03402200 0.05371500
v -0.02765700 0.03339800 0.05379500
v -0.02712400 0.03506500 0.05372300
v -0.02728900 0.03531400 0.05352300
v -0.02743300 0.03550400 0.05322500
v -0.02751600 0.03562600 0.05294500
v -0.02749800 0.03558800 0.05271400
v -0.02738600 0.03544500 0.05240800
v -0.02713600 0.03511900 0.05192400
v -0.02704100 0.03500000 -0.04380300
v -0.02696400 0.03489700 -0.04460100
v -0.02682000 0.03470800 -0.04541200
v -0.02651800 0.03431700 -0.04644500
v -0.02614600 0.03383100 -0.04733200
v -0.02579800 0.03338800 -0.04797000
v -0.02540100 0.03286900 -0.04859400
v -0.02479500 0.03208100 -0.04935100
v -0.02412800 0.03121300 -0.05000600
v -0.02341200 0.03032100 -0.05054000
v -0.02146800 0.02775700 -0.05186200
v -0.02050100 0.02653100 -0.05239000
v -0.01997200 0.02397700 -0.05296700
v -0.02869300 0.03221700 0.05175100
v -0.02864300 0.03215500 0.05198300
v -0.02851700 0.03200600 0.05221000
v -0.02823800 0.03170200 0.05240300
v -0.02815700 0.03161000 0.05251800
v -0.02812500 0.03157500 0.05264000
v -0.02811200 0.03158500 0.05288500
v -0.02823500 0.03169700 0.05325900
v -0.02838300 0.03186400 0.05350700
v -0.02862400 0.03210300 0.05371500
v -0.03051700 0.03175900 0.05379500
v -0.02950300 0.03308700 0.05372300
v -0.02968500 0.03332400 0.05352300
v -0.02984200 0.03350400 0.05322500
v -0.02993400 0.03361900 0.05294500
v -0.02991300 0.03358300 0.05271400
v -0.02979100 0.03344700 0.05240800
v -0.02951800 0.03314000 0.05192400
v -0.02941600 0.03302800 -0.04380300
v -0.02933100 0.03293000 -0.04460100
v -0.02917500 0.03275200 -0.04541300
v -0.02884600 0.03238300 -0.04644500
v -0.02844100 0.03192500 -0.04733200
v -0.02806400 0.03150700 -0.04797000
v -0.02763100 0.03101600 -0.04859400
v -0.02697200 0.03027300 -0.04935100
v -0.02624600 0.02945300 -0.05000500
v -0.02546900 0.02861300 -0.05054000
v -0.02335100 0.02619200 -0.05186200
v -0.02319100 0.02422500 -0.05239400
v -0.02159600 0.02424400 -0.05268900
v -0.01975600 0.02264100 -0.05312300
v -0.03087000 0.03014900 0.05175300
v -0.03076300 0.03002600 0.05209300
v -0.03065600 0.02991800 0.05222700
v -0.03033800 0.02961200 0.05244200
v -0.03025100 0.02953500 0.05264200
v -0.03026900 0.02955400 0.05295300
v -0.03037600 0.02965000 0.05325900
v -0.03053600 0.02980500 0.05350700
v -0.03079300 0.03002700 0.05371500
v -0.03104800 0.03023200 0.05379500
v -0.03364200 0.02826300 0.05380300
v -0.03173800 0.03094800 0.05372300
v -0.03193600 0.03117200 0.05352200
v -0.03210500 0.03134000 0.05322500
v -0.03220500 0.03144900 0.05294500
v -0.03218200 0.03141400 0.05271400
v -0.03205100 0.03128700 0.05240800
v -0.03175800 0.03100000 0.05192400
v -0.03164800 0.03089500 -0.04380400
v -0.03155600 0.03080300 -0.04460100
v -0.03138700 0.03063700 -0.04541300
v -0.03103400 0.03029100 -0.04644400
v -0.03047700 0.02974600 -0.04755000
v -0.02972700 0.02901200 -0.04859400
v -0.02901700 0.02831700 -0.04935100
v -0.02823600 0.02755000 -0.05000500
v -0.02740200 0.02676600 -0.05054000
v -0.02512100 0.02449800 -0.05186200
v -0.02405100 0.02182700 -0.05269100
v -0.02249300 0.02109700 -0.05303100
v -0.02330500 0.01815200 -0.05315900
v -0.00795400 0.00460100 -0.05365600
v -0.03289600 0.02790900 0.05175100
v -0.03283800 0.02785500 0.05198300
v -0.03269200 0.02772400 0.05221000
v -0.03235800 0.02745900 0.05241100
v -0.03226000 0.02735900 0.05256800
v -0.03223300 0.02736400 0.05288500
v -0.03237000 0.02745800 0.05325900
v -0.03254000 0.02760200 0.05350700
v -0.03281200 0.02780500 0.05371500
v -0.03399400 0.02691600 0.05379500
v -0.03381900 0.02865800 0.05372300
v -0.03403200 0.02886700 0.05352300
v -0.03428600 0.02909900 0.05306600
v -0.03432500 0.02911800 0.05287800
v -0.03423200 0.02905700 0.05256300
v -0.03384200 0.02870800 0.05192400
v -0.03372500 0.02861200 -0.04380300
v -0.03362800 0.02852600 -0.04460100
v -0.03344700 0.02837200 -0.04541200
v -0.03307100 0.02805200 -0.04644500
v -0.03247700 0.02754700 -0.04755000
v -0.03167800 0.02686700 -0.04859400
v -0.03092100 0.02622300 -0.04935100
v -0.03008800 0.02551300 -0.05000600
v -0.02920200 0.02478900 -0.05054000
v -0.02676800 0.02268600 -0.05186200
v -0.02633600 0.02076000 -0.05239400
v -0.02451900 0.01929900 -0.05296700
v -0.00020100 0.00013200 -0.05380400
v -0.03476200 0.02554500 0.05175100
v -0.03470000 0.02549500 0.05198300
v -0.03454600 0.02537600 0.05221000
v -0.03421000 0.02513600 0.05240300
v -0.03411900 0.02506900 0.05250600
v -0.03405800 0.02503700 0.05267100
v -0.03409400 0.02505100 0.05297000
v -0.03420600 0.02513200 0.05325900
v -0.03438600 0.02526400 0.05350700
v -0.03467100 0.02544800 0.05371500
v -0.03559400 0.02607300 0.05378500
v -0.03580100 0.02630100 0.05366900
v -0.03596200 0.02642200 0.05352200
v -0.03615300 0.02656500 0.05322500
v -0.03626700 0.02665900 0.05294500
v -0.03623900 0.02662800 0.05271400
v -0.03609200 0.02652100 0.05240800
v -0.03576100 0.02627700 0.05192400
v -0.03563800 0.02618900 -0.04380300
v -0.03553500 0.02611000 -0.04460100
v -0.03534400 0.02596900 -0.04541300
v -0.03494600 0.02567600 -0.04644500
v -0.03431900 0.02521400 -0.04755000
v -0.03347400 0.02459200 -0.04859400
v -0.03267400 0.02400200 -0.04935100
v -0.03179400 0.02335100 -0.05000600
v -0.03086000 0.02269100 -0.05054000
v -0.02828500 0.02076300 -0.05186200
v -0.02685400 0.01826600 -0.05269100
v -0.03645800 0.02305700 0.05175100
v -0.03639400 0.02301200 0.05198300
v -0.03623100 0.02290300 0.05221000
v -0.03590500 0.02270200 0.05238600
v -0.03578400 0.02262600 0.05250400
v -0.03573300 0.02260000 0.05264000
v -0.03573500 0.02259600 0.05288500
v -0.03587500 0.02268400 0.05325900
v -0.03606400 0.02280300 0.05350700
v -0.03636100 0.02296600 0.05371500
v -0.03740800 0.02192100 0.05379400
v -0.03816100 0.02185200 0.05380300
v -0.03747700 0.02367000 0.05372300
v -0.03771700 0.02384800 0.05352200
v -0.03791800 0.02397700 0.05322500
v -0.03803800 0.02406300 0.05294500
v -0.03800800 0.02403400 0.05271400
v -0.03785300 0.02393700 0.05240800
v -0.03750700 0.02371700 0.05192400
v -0.03736800 0.02365000 -0.04381700
v -0.03726900 0.02356700 -0.04460100
v -0.03706900 0.02343900 -0.04541300
v -0.03665200 0.02317500 -0.04644400
v -0.03599300 0.02275800 -0.04755000
v -0.03510700 0.02219600 -0.04859400
v -0.03426900 0.02166300 -0.04935100
v -0.03334500 0.02107500 -0.05000600
v -0.03236700 0.02048200 -0.05054000
v -0.02966400 0.01873800 -0.05186200
v -0.02896800 0.01689200 -0.05239400
v -0.02636800 0.01665400 -0.05296700
v -0.02614300 0.01515000 -0.05311000
v -0.03797800 0.02046100 0.05175100
v -0.03789500 0.02040900 0.05200800
v -0.03774000 0.02031900 0.05221000
v -0.03737400 0.02012800 0.05240300
v -0.03727500 0.02007500 0.05250600
v -0.03721500 0.02004800 0.05266100
v -0.03724000 0.02006300 0.05295300
v -0.03737000 0.02012500 0.05325900
v -0.03756600 0.02023100 0.05350700
v -0.03787400 0.02037300 0.05371500
v -0.03903700 0.02099700 0.05372300
v -0.03928800 0.02115800 0.05352200
v -0.03949700 0.02127300 0.05322500
v -0.03962300 0.02135000 0.05294500
v -0.03959100 0.02132300 0.05271400
v -0.03943000 0.02123800 0.05240800
v -0.03906900 0.02104200 0.05192400
v -0.03892000 0.02099900 -0.04380300
v -0.03882200 0.02090900 -0.04460100
v -0.03861400 0.02079500 -0.04541300
v -0.03817900 0.02056000 -0.04644400
v -0.03749300 0.02019000 -0.04755000
v -0.03657000 0.01969200 -0.04859400
v -0.03569600 0.01921900 -0.04935100
v -0.03473300 0.01869700 -0.05000600
v -0.03371600 0.01817400 -0.05054000
v -0.03089900 0.01662300 -0.05186200
v -0.02913400 0.01435000 -0.05269100
v -0.02799500 0.01377800 -0.05296700
v -0.02812500 0.00983900 -0.05314800
v -0.03931300 0.01776100 0.05175100
v -0.03921400 0.01770800 0.05203300
v -0.03905100 0.01763100 0.05221900
v -0.03871400 0.01748300 0.05238600
v -0.03858200 0.01742800 0.05250300
v -0.03851700 0.01739500 0.05271500
v -0.03856900 0.01742300 0.05301300
v -0.03868200 0.01746900 0.05325900
v -0.03888500 0.01756000 0.05350700
v -0.03920300 0.01768100 0.05371500
v -0.04009400 0.01650000 0.05379400
v -0.04023600 0.01810000 0.05378500
v -0.04048500 0.01828000 0.05366900
v -0.04066800 0.01836500 0.05352300
v -0.04088500 0.01846500 0.05322500
v -0.04101600 0.01853300 0.05294500
v -0.04098200 0.01850800 0.05271400
v -0.04081500 0.01843400 0.05240800
v -0.04044200 0.01826500 0.05192400
v -0.04029000 0.01823100 -0.04380300
v -0.04018500 0.01814900 -0.04460100
v -0.03997000 0.01805000 -0.04541300
v -0.03951900 0.01784600 -0.04644400
v -0.03896300 0.01759300 -0.04733200
v -0.03844900 0.01736400 -0.04797000
v -0.03785400 0.01709200 -0.04859400
v -0.03694900 0.01668100 -0.04935100
v -0.03595300 0.01622800 -0.05000500
v -0.03490200 0.01577700 -0.05054000
v -0.03198300 0.01442600 -0.05186200
v -0.03055300 0.01379800 -0.05239000
v -0.00022800 0.00008000 -0.05380400
v -0.04045400 0.01497100 0.05175100
v -0.04038200 0.01494000 0.05198300
v -0.04020000 0.01486700 0.05221000
v -0.03983900 0.01473900 0.05238600
v -0.03970500 0.01468900 0.05250400
v -0.03965000 0.01467400 0.05264000
v -0.03965100 0.01467000 0.05288500
v -0.03980600 0.01472700 0.05325900
v -0.04001500 0.01480400 0.05350700
v -0.04034000 0.01490200 0.05371500
v -0.04185000 0.01370900 0.05379500
v -0.04157800 0.01535800 0.05372300
v -0.04185000 0.01548200 0.05352200
v -0.04207300 0.01556700 0.05322500
v -0.04220800 0.01562600 0.05294500
v -0.04217300 0.01560400 0.05271400
v -0.04200200 0.01554100 0.05240800
v -0.04161700 0.01539800 0.05192400
v -0.04147000 0.01536200 -0.04379200
v -0.04135300 0.01530100 -0.04460100
v -0.04113100 0.01521700 -0.04541300
v -0.04066800 0.01504500 -0.04644500
v -0.03993700 0.01477400 -0.04755000
v -0.03895400 0.01440900 -0.04859400
v -0.03802300 0.01406300 -0.04935100
v -0.03699700 0.01368000 -0.05000600
v -0.03591700 0.01330300 -0.05054000
v -0.03291100 0.01215900 -0.05186200
v -0.03184600 0.01049800 -0.05239400
v -0.03084700 0.01015400 -0.05269100
v -0.02925300 0.01080600 -0.05296700
v -0.04140100 0.01211500 0.05175100
v -0.04131000 0.01208100 0.05200800
v -0.04113900 0.01202600 0.05221000
v -0.04076500 0.01193100 0.05238800
v -0.04063200 0.01187900 0.05250500
v -0.04056600 0.01186900 0.05269300
v -0.04060300 0.01188000 0.05297300
v -0.04073600 0.01191300 0.05325900
v -0.04095000 0.01197600 0.05350700
v -0.04128100 0.01205100 0.05371500
v -0.04200000 0.01075700 0.05379400
v -0.04329900 0.00766900 0.05380200
v -0.04254800 0.01242000 0.05372300
v -0.04282800 0.01252400 0.05352200
v -0.04305600 0.01259300 0.05322500
v -0.04319700 0.01263900 0.05294400
v -0.04315500 0.01262700 0.05271100
v -0.04298300 0.01257300 0.05240800
v -0.04258900 0.01245700 0.05192400
v -0.04243700 0.01243000 -0.04381700
v -0.04231900 0.01237800 -0.04460100
v -0.04209200 0.01231000 -0.04541300
v -0.04161800 0.01217100 -0.04644400
v -0.04103200 0.01199700 -0.04733200
v -0.04049100 0.01184300 -0.04797000
v -0.03986400 0.01165600 -0.04859400
v -0.03891100 0.01137500 -0.04935100
v -0.03786100 0.01106500 -0.05000600
v -0.03675700 0.01076400 -0.05054000
v -0.03367900 0.00983300 -0.05186200
v -0.03024700 0.00765500 -0.05296700
v -0.02907900 0.00543800 -0.05315600
v -0.04214600 0.00919700 0.05175100
v -0.04205100 0.00916900 0.05200800
v -0.04187700 0.00912600 0.05221000
v -0.04146100 0.00904100 0.05241000
v -0.04132300 0.00901500 0.05256600
v -0.04129900 0.00901200 0.05282500
v -0.04139500 0.00902600 0.05312700
v -0.04161500 0.00907300 0.05344500
v -0.04202100 0.00914100 0.05371500
v -0.04331100 0.00942000 0.05372300
v -0.04359700 0.00950500 0.05352300
v -0.04382900 0.00955800 0.05322500
v -0.04397400 0.00958900 0.05294500
v -0.04393100 0.00959100 0.05271400
v -0.04375500 0.00954300 0.05240800
v -0.04335400 0.00945400 0.05192400
v -0.04320400 0.00943900 -0.04379200
v -0.04308000 0.00939400 -0.04460100
v -0.04284800 0.00934300 -0.04541300
v -0.04236500 0.00923700 -0.04644500
v -0.04176900 0.00910400 -0.04733200
v -0.04121800 0.00898800 -0.04797000
v -0.04057900 0.00884600 -0.04859400
v -0.03960900 0.00863200 -0.04935100
v -0.03854000 0.00839600 -0.05000600
v -0.03741800 0.00817300 -0.05054000
v -0.03428300 0.00745900 -0.05186200
v -0.03299700 0.00596200 -0.05239400
v -0.03196000 0.00576100 -0.05269100
v -0.03028700 0.00389800 -0.05307100
v -0.00912200 -0.00059300 -0.05365700
v -0.00024300 0.00001500 -0.05380400
v -0.04268400 0.00623300 0.05175100
v -0.04258900 0.00621200 0.05200800
v -0.04241200 0.00618100 0.05221000
v -0.04200000 0.00613600 0.05240400
v -0.04186400 0.00611200 0.05254200
v -0.04182100 0.00610200 0.05275400
v -0.04187500 0.00610600 0.05300600
v -0.04199500 0.00613200 0.05325600
v -0.04221800 0.00615800 0.05350700
v -0.04255600 0.00618600 0.05371500
v -0.04288400 0.00620200 0.05379500
v -0.04386200 0.00637500 0.05372300
v -0.04415400 0.00644000 0.05352300
v -0.04438900 0.00647600 0.05322500
v -0.04453400 0.00650100 0.05294600
v -0.04449500 0.00649700 0.05271700
v -0.04431400 0.00646600 0.05240800
v -0.04390800 0.00640600 0.05192400
v -0.04375400 0.00640000 -0.04381700
v -0.04363000 0.00636500 -0.04460100
v -0.04339500 0.00633000 -0.04541300
v -0.04290600 0.00625800 -0.04644400
v -0.04230200 0.00616700 -0.04733200
v -0.04174400 0.00609000 -0.04797000
v -0.04109800 0.00599200 -0.04859400
v -0.04011500 0.00584700 -0.04935100
v -0.03903200 0.00568600 -0.05000600
v -0.03789700 0.00554200 -0.05054000
v -0.03471900 0.00504900 -0.05186200
v -0.03111500 0.00249600 -0.05297000
v -0.02958500 0.00054900 -0.05315700
v -0.04301500 0.00324000 0.05175100
v -0.04292600 0.00322300 0.05199200
v -0.04274900 0.00321600 0.05220500
v -0.04230300 0.00318800 0.05241800
v -0.04219000 0.00317500 0.05254500
v -0.04214700 0.00316100 0.05271000
v -0.04217500 0.00317700 0.05292900
v -0.04226600 0.00317200 0.05316300
v -0.04241400 0.00318800 0.05337400
v -0.04261300 0.00321500 0.05356100
v -0.04287600 0.00321800 0.05370800
v -0.04315600 0.00319700 0.05378900
v -0.04402100 0.00136400 0.05379500
v -0.04420000 0.00329900 0.05372300
v -0.04449200 0.00335200 0.05352500
v -0.04473000 0.00335500 0.05323000
v -0.04487900 0.00338200 0.05294500
v -0.04483900 0.00337100 0.05271400
v -0.04465700 0.00335800 0.05240800
v -0.04424800 0.00332600 0.05192400
v -0.04409700 0.00333200 -0.04379200
v -0.04396800 0.00330500 -0.04460100
v -0.04373100 0.00328600 -0.04541300
v -0.04323800 0.00324900 -0.04644500
v -0.04246100 0.00319000 -0.04755000
v -0.04141600 0.00311000 -0.04859400
v -0.04042500 0.00303400 -0.04935100
v -0.03933300 0.00294800 -0.05000600
v -0.03819200 0.00288400 -0.05054000
v -0.03498700 0.00261400 -0.05186200
v -0.03342300 0.00134100 -0.05241800
v -0.03239500 0.00129900 -0.05270400
v -0.04313800 0.00021600 0.05175200
v -0.04302300 0.00023300 0.05203200
v -0.04285100 0.00021500 0.05221500
v -0.04240200 0.00022900 0.05243300
v -0.04229700 0.00022000 0.05257100
v -0.04226400 0.00022100 0.05275400
v -0.04232400 0.00021500 0.05302600
v -0.04246200 0.00022100 0.05328900
v -0.04267500 0.00022200 0.05351400
v -0.04299300 0.00022300 0.05371100
v -0.04331500 -0.00138600 0.05379200
v -0.04425900 0.00023000 0.05374100
v -0.04448500 0.00023100 0.05363100
v -0.04474400 0.00023300 0.05339000
v -0.04499200 0.00023400 0.05299000
v -0.04500100 0.00022900 0.05283000
v -0.04485400 0.00024300 0.05250100
v -0.04437200 0.00023100 0.05192400
v -0.04421800 0.00023000 -0.04383400
v -0.04408600 0.00022900 -0.04462500
v -0.04384000 0.00022800 -0.04545000
v -0.04333900 0.00022500 -0.04648000
v -0.04254500 0.00022100 -0.04759200
v -0.04149000 0.00021500 -0.04862900
v -0.04049200 0.00021000 -0.04938100
v -0.03939400 0.00020400 -0.05003100
v -0.03822900 0.00019800 -0.05057100
v -0.03499400 0.00018100 -0.05189500
v -0.03053300 -0.00090900 -0.05306600
v -0.04304500 -0.00278900 0.05175100
v -0.04295300 -0.00277800 0.05201000
v -0.04275600 -0.00276300 0.05221900
v -0.04231800 -0.00274700 0.05242900
v -0.04221000 -0.00273200 0.05256900
v -0.04217600 -0.00273000 0.05275000
v -0.04226500 -0.00273600 0.05310700
v -0.04247000 -0.00275400 0.05340300
v -0.04281300 -0.00274400 0.05367300
v -0.04385000 -0.00265900 0.05380300
v -0.04417100 -0.00287000 0.05374200
v -0.04448700 -0.00286400 0.05356500
v -0.04476600 -0.00289800 0.05322500
v -0.04490700 -0.00291400 0.05296400
v -0.04488600 -0.00289900 0.05273500
v -0.04464500 -0.00289800 0.05235000
v -0.04428100 -0.00286600 0.05192400
v -0.04412900 -0.00285900 -0.04380300
v -0.04400000 -0.00284800 -0.04460100
v -0.04376400 -0.00283200 -0.04541300
v -0.04327000 -0.00279900 -0.04644500
v -0.04249300 -0.00274800 -0.04755000
v -0.04144600 -0.00268000 -0.04859400
v -0.04045500 -0.00261400 -0.04935100
v -0.03936200 -0.00254000 -0.05000500
v -0.03822000 -0.00248800 -0.05054000
v -0.03501300 -0.00225100 -0.05186200
v -0.03291300 -0.00302000 -0.05254200
v -0.03125600 -0.00307300 -0.05292700
v -0.02899700 -0.00579100 -0.05315900
v -0.04274800 -0.00577900 0.05175100
v -0.04267100 -0.00578200 0.05196900
v -0.04249200 -0.00574100 0.05220000
v -0.04200700 -0.00568100 0.05244200
v -0.04191100 -0.00567500 0.05258600
v -0.04188400 -0.00566800 0.05274100
v -0.04192500 -0.00567200 0.05296900
v -0.04204700 -0.00568700 0.05324100
v -0.04228100 -0.00571900 0.05350700
v -0.04261900 -0.00574400 0.05371500
v -0.04272700 -0.00735700 0.05379500
v -0.04343000 -0.00729800 0.05379500
v -0.04392700 -0.00591900 0.05372300
v -0.04421900 -0.00598100 0.05352200
v -0.04445500 -0.00601500 0.05322500
v -0.04460100 -0.00603800 0.05294400
v -0.04455800 -0.00603400 0.05271100
v -0.04438000 -0.00600500 0.05240800
v -0.04397300 -0.00594900 0.05192400
v -0.04382200 -0.00594600 -0.04379200
v -0.04369500 -0.00591200 -0.04460100
v -0.04346000 -0.00587900 -0.04541200
v -0.04297000 -0.00581200 -0.04644400
v -0.04236400 -0.00572800 -0.04733200
v -0.04180600 -0.00565600 -0.04797000
v -0.04115800 -0.00556500 -0.04859400
v -0.04017400 -0.00543000 -0.04935100
v -0.03909000 -0.00528100 -0.05000500
v -0.03795300 -0.00514900 -0.05054000
v -0.03477000 -0.00468900 -0.05186200
v -0.03201900 -0.00543000 -0.05269100
v -0.03043100 -0.00540900 -0.05301800
v -0.00023800 -0.00005200 -0.05380400
v -0.04223800 -0.00875500 0.05175100
v -0.04216100 -0.00873500 0.05198300
v -0.04197100 -0.00869000 0.05221000
v -0.04150800 -0.00859900 0.05244200
v -0.04141300 -0.00858600 0.05258600
v -0.04138700 -0.00857200 0.05275200
v -0.04143800 -0.00859000 0.05300600
v -0.04156100 -0.00861000 0.05325900
v -0.04177900 -0.00865600 0.05350700
v -0.04211500 -0.00870400 0.05371500
v -0.04340700 -0.00897000 0.05372300
v -0.04369400 -0.00905200 0.05352200
v -0.04392800 -0.00910200 0.05322500
v -0.04407000 -0.00914000 0.05294500
v -0.04403200 -0.00912300 0.05271400
v -0.04385300 -0.00908700 0.05240800
v -0.04345100 -0.00900300 0.05192400
v -0.04329800 -0.00898900 -0.04381700
v -0.04317600 -0.00894600 -0.04460100
v -0.04294400 -0.00889700 -0.04541200
v -0.04246000 -0.00879600 -0.04644400
v -0.04186200 -0.00867000 -0.04733200
v -0.04131000 -0.00856000 -0.04797000
v -0.04067000 -0.00842400 -0.04859400
v -0.03969800 -0.00822100 -0.04935100
v -0.03862600 -0.00799600 -0.05000600
v -0.03750200 -0.00778500 -0.05054000
v -0.03435900 -0.00710400 -0.05186200
v -0.03258600 -0.00791400 -0.05239400
v -0.02928700 -0.00862100 -0.05307200
v -0.04153200 -0.01169200 0.05175300
v -0.04137800 -0.01163500 0.05209300
v -0.04123300 -0.01159100 0.05222700
v -0.04080800 -0.01147500 0.05244200
v -0.04071400 -0.01145200 0.05258700
v -0.04068700 -0.01144700 0.05275600
v -0.04074100 -0.01145700 0.05300900
v -0.04085900 -0.01149000 0.05325900
v -0.04107400 -0.01155000 0.05350700
v -0.04140600 -0.01162100 0.05371500
v -0.04172800 -0.01167900 0.05379500
v -0.04235100 -0.01169200 0.05380300
v -0.04267600 -0.01197700 0.05372300
v -0.04295700 -0.01207900 0.05352200
v -0.04318600 -0.01214500 0.05322500
v -0.04332700 -0.01218900 0.05294600
v -0.04328800 -0.01217900 0.05271700
v -0.04311300 -0.01212500 0.05240800
v -0.04271800 -0.01201400 0.05192400
v -0.04257100 -0.01197400 -0.04380400
v -0.04244700 -0.01193700 -0.04460100
v -0.04221900 -0.01187200 -0.04541200
v -0.04174400 -0.01173800 -0.04644400
v -0.04115600 -0.01157000 -0.04733200
v -0.04061300 -0.01142200 -0.04797000
v -0.03998400 -0.01124100 -0.04859400
v -0.03902800 -0.01097100 -0.04935100
v -0.03797500 -0.01067100 -0.05000600
v -0.03686800 -0.01038300 -0.05054000
v -0.03378000 -0.00948400 -0.05186200
v -0.03125200 -0.00879000 -0.05268900
v -0.02984600 -0.00929300 -0.05295700
v -0.04061100 -0.01455400 0.05175200
v -0.04052100 -0.01451400 0.05200800
v -0.04035400 -0.01444900 0.05221000
v -0.03992400 -0.01430000 0.05243000
v -0.03981400 -0.01426100 0.05259100
v -0.03979800 -0.01427400 0.05288500
v -0.03995900 -0.01431300 0.05325900
v -0.04016900 -0.01438800 0.05350700
v -0.04049500 -0.01448200 0.05371500
v -0.04026500 -0.01608300 0.05379500
v -0.04155800 -0.01481700 0.05378500
v -0.04182200 -0.01497700 0.05366900
v -0.04201100 -0.01504700 0.05352200
v -0.04223400 -0.01512900 0.05322500
v -0.04237200 -0.01518300 0.05294400
v -0.04233100 -0.01516900 0.05271100
v -0.04216300 -0.01510400 0.05240800
v -0.04177700 -0.01496500 0.05192400
v -0.04162900 -0.01493100 -0.04379200
v -0.04151200 -0.01487000 -0.04460100
v -0.04128900 -0.01478900 -0.04541200
v -0.04082400 -0.01462200 -0.04644400
v -0.04024900 -0.01441400 -0.04733200
v -0.03971800 -0.01422800 -0.04797000
v -0.03910300 -0.01400400 -0.04859400
v -0.03816800 -0.01366700 -0.04935100
v -0.03713900 -0.01329500 -0.05000600
v -0.03605500 -0.01293000 -0.05054000
v -0.03303700 -0.01181800 -0.05186200
v -0.03116800 -0.01237300 -0.05239400
v -0.03019100 -0.01197100 -0.05269100
v -0.02699600 -0.01277700 -0.05314200
v -0.00021900 -0.00010700 -0.05380400
v -0.03949700 -0.01735300 0.05175200
v -0.03941100 -0.01730700 0.05200800
v -0.03924900 -0.01723000 0.05221000
v -0.03889600 -0.01708000 0.05238600
v -0.03876300 -0.01702700 0.05250300
v -0.03871300 -0.01700200 0.05263700
v -0.03870800 -0.01700800 0.05288100
v -0.03886400 -0.01706600 0.05325900
v -0.03906800 -0.01715600 0.05350700
v -0.03938600 -0.01727300 0.05371500
v -0.04035700 -0.01740500 0.05380200
v -0.04059500 -0.01780200 0.05372300
v -0.04085900 -0.01794200 0.05352200
v -0.04107700 -0.01803900 0.05322500
v -0.04121000 -0.01810200 0.05294600
v -0.04117300 -0.01808700 0.05271700
v -0.04100700 -0.01801000 0.05240800
v -0.04063200 -0.01784400 0.05192400
v -0.04048400 -0.01779800 -0.04381700
v -0.04037400 -0.01773100 -0.04460100
v -0.04015700 -0.01763400 -0.04541300
v -0.03970500 -0.01743500 -0.04644400
v -0.03914600 -0.01718700 -0.04733200
v -0.03862900 -0.01696500 -0.04797000
v -0.03803200 -0.01669900 -0.04859400
v -0.03712300 -0.01629800 -0.04935100
v -0.03612100 -0.01585500 -0.05000600
v -0.03506600 -0.01541500 -0.05054000
v -0.03213300 -0.01409500 -0.05186200
v -0.02813800 -0.01348900 -0.05296700
v -0.00729500 -0.00559200 -0.05365600
v -0.03819100 -0.02006600 0.05175200
v -0.03811400 -0.02001800 0.05199400
v -0.03796000 -0.01993000 0.05220600
v -0.03761100 -0.01975300 0.05238600
v -0.03747900 -0.01969500 0.05250400
v -0.03743300 -0.01966200 0.05264000
v -0.03743300 -0.01966000 0.05288500
v -0.03757900 -0.01973700 0.05325900
v -0.03777700 -0.01984000 0.05350700
v -0.03808600 -0.01997900 0.05371500
v -0.03839000 -0.02010300 0.05379500
v -0.03831700 -0.02171700 0.05379500
v -0.03925500 -0.02059100 0.05372300
v -0.03950900 -0.02074900 0.05352200
v -0.03971900 -0.02086200 0.05322500
v -0.03985000 -0.02093000 0.05294500
v -0.03980800 -0.02092100 0.05271400
v -0.03965200 -0.02082700 0.05240800
v -0.03928900 -0.02063600 0.05192400
v -0.03915300 -0.02056700 -0.04380400
v -0.03904000 -0.02050500 -0.04460100
v -0.03883000 -0.02039400 -0.04541300
v -0.03839300 -0.02016300 -0.04644500
v -0.03785300 -0.01987700 -0.04733200
v -0.03735200 -0.01961900 -0.04797000
v -0.03677500 -0.01931200 -0.04859400
v -0.03589600 -0.01884800 -0.04935100
v -0.03492800 -0.01833700 -0.05000500
v -0.03390600 -0.01782400 -0.05054000
v -0.03107200 -0.01630300 -0.05186200
v -0.02914400 -0.01659200 -0.05239400
v -0.02823300 -0.01605700 -0.05269100
v -0.03669900 -0.02268300 0.05175200
v -0.03662000 -0.02262500 0.05200800
v -0.03647000 -0.02252600 0.05221000
v -0.03614200 -0.02232900 0.05238600
v -0.03601700 -0.02225700 0.05250500
v -0.03597100 -0.02222500 0.05264300
v -0.03596800 -0.02223200 0.05288900
v -0.03611200 -0.02231100 0.05325900
v -0.03630200 -0.02242800 0.05350700
v -0.03660100 -0.02258800 0.05371500
v -0.03604400 -0.02410600 0.05379500
v -0.03772400 -0.02328000 0.05372300
v -0.03796600 -0.02345600 0.05352200
v -0.03816800 -0.02358300 0.05322500
v -0.03829200 -0.02366400 0.05294400
v -0.03825400 -0.02364200 0.05271100
v -0.03810300 -0.02354400 0.05240800
v -0.03775400 -0.02332700 0.05192400
v -0.03762400 -0.02324900 -0.04380400
v -0.03751500 -0.02317900 -0.04460100
v -0.03731400 -0.02305400 -0.04541300
v -0.03689300 -0.02279300 -0.04644400
v -0.03637500 -0.02247000 -0.04733200
v -0.03589400 -0.02217800 -0.04797000
v -0.03533900 -0.02183100 -0.04859400
v -0.03449500 -0.02130700 -0.04935100
v -0.03356500 -0.02072900 -0.05000500
v -0.03258000 -0.02014600 -0.05054000
v -0.02986000 -0.01843100 -0.05186200
v -0.02555600 -0.01806400 -0.05295600
v -0.02457500 -0.01812100 -0.05307200
v -0.02313100 -0.01848400 -0.05315700
v -0.03502900 -0.02518800 0.05175200
v -0.03495900 -0.02513000 0.05199400
v -0.03481800 -0.02502100 0.05220600
v -0.03449700 -0.02479700 0.05238600
v -0.03437800 -0.02471700 0.05250300
v -0.03431800 -0.02467700 0.05271300
v -0.03436800 -0.02470600 0.05300900
v -0.03446900 -0.02477700 0.05325900
v -0.03465000 -0.02490700 0.05350700
v -0.03493700 -0.02508700 0.05371500
v -0.03580100 -0.02547700 0.05380300
v -0.03600900 -0.02585600 0.05372300
v -0.03623800 -0.02604800 0.05352200
v -0.03643100 -0.02618900 0.05322500
v -0.03654600 -0.02628200 0.05294500
v -0.03651700 -0.02625000 0.05271400
v -0.03636900 -0.02614500 0.05240800
v -0.03603600 -0.02590500 0.05192400
v -0.03590400 -0.02583100 -0.04379200
v -0.03580800 -0.02574100 -0.04460100
v -0.03561600 -0.02560100 -0.04541200
v -0.03521500 -0.02531200 -0.04644500
v -0.03471900 -0.02495400 -0.04733200
v -0.03426000 -0.02462800 -0.04797000
v -0.03373100 -0.02424400 -0.04859400
v -0.03292500 -0.02366200 -0.04935100
v -0.03203800 -0.02302100 -0.05000500
v -0.03109600 -0.02237100 -0.05054000
v -0.02850200 -0.02047000 -0.05186200
v -0.02722500 -0.01957100 -0.05239000
v -0.02572400 -0.01983100 -0.05269100
v -0.00018700 -0.00015600 -0.05380400
v -0.03318900 -0.02758000 0.05175300
v -0.03307200 -0.02746500 0.05209300
v -0.03295700 -0.02736700 0.05222700
v -0.03266100 -0.02712500 0.05240300
v -0.03257300 -0.02705600 0.05250500
v -0.03253400 -0.02701700 0.05262200
v -0.03251900 -0.02702900 0.05288500
v -0.03265700 -0.02712100 0.05325900
v -0.03282900 -0.02726400 0.05350700
v -0.03310300 -0.02746400 0.05371500
v -0.03234000 -0.02889000 0.05379500
v -0.03398700 -0.02814300 0.05378500
v -0.03418000 -0.02838300 0.05366900
v -0.03433400 -0.02851300 0.05352300
v -0.03451600 -0.02866700 0.05322500
v -0.03462400 -0.02876800 0.05294500
v -0.03459800 -0.02873500 0.05271400
v -0.03445800 -0.02861900 0.05240800
v -0.03414200 -0.02835600 0.05192400
v -0.03401300 -0.02827100 -0.04381700
v -0.03392600 -0.02817700 -0.04460100
v -0.03374400 -0.02802400 -0.04541200
v -0.03336400 -0.02770800 -0.04644500
v -0.03289500 -0.02731600 -0.04733200
v -0.03246000 -0.02695900 -0.04797000
v -0.03195800 -0.02653800 -0.04859400
v -0.03119500 -0.02590200 -0.04935100
v -0.03035500 -0.02520000 -0.05000500
v -0.02946100 -0.02448600 -0.05054000
v -0.02700500 -0.02240900 -0.05186200
v -0.02506000 -0.02229100 -0.05239400
v -0.03118500 -0.02981600 0.05175100
v -0.03113500 -0.02976200 0.05197000
v -0.03099900 -0.02962400 0.05220600
v -0.03064800 -0.02929700 0.05244200
v -0.03057000 -0.02922800 0.05260600
v -0.03056000 -0.02922600 0.05288100
v -0.03068700 -0.02933400 0.05325900
v -0.03084800 -0.02948800 0.05350700
v -0.03110700 -0.02970700 0.05371500
v -0.03197400 -0.03016300 0.05380200
v -0.03206200 -0.03061800 0.05372300
v -0.03226300 -0.03083900 0.05352200
v -0.03243300 -0.03100600 0.05322500
v -0.03253400 -0.03111400 0.05294500
v -0.03251100 -0.03107900 0.05271400
v -0.03237800 -0.03095400 0.05240800
v -0.03208200 -0.03067000 0.05192400
v -0.03196100 -0.03057800 -0.04379200
v -0.03187900 -0.03047500 -0.04460100
v -0.03170800 -0.03031100 -0.04541300
v -0.03135100 -0.02996800 -0.04644400
v -0.03091100 -0.02954400 -0.04733200
v -0.03050100 -0.02915800 -0.04797000
v -0.03003000 -0.02870400 -0.04859400
v -0.02931300 -0.02801600 -0.04935100
v -0.02852400 -0.02725700 -0.05000500
v -0.02768200 -0.02648200 -0.05054000
v -0.02537700 -0.02423900 -0.05186200
v -0.02271600 -0.02322000 -0.05269100
v -0.02124400 -0.02298400 -0.05295600
v -0.02027300 -0.02283600 -0.05307200
v -0.02903000 -0.03192100 0.05175100
v -0.02897800 -0.03185700 0.05198200
v -0.02885800 -0.03171500 0.05220600
v -0.02853700 -0.03138400 0.05242900
v -0.02845900 -0.03129400 0.05259000
v -0.02845500 -0.03128200 0.05288500
v -0.02856700 -0.03140400 0.05325900
v -0.02871700 -0.03156900 0.05350700
v -0.02896000 -0.03180500 0.05371500
v -0.02920300 -0.03202600 0.05379500
v -0.02974200 -0.03260100 0.05378500
v -0.02990000 -0.03286600 0.05366900
v -0.03003400 -0.03301600 0.05352200
v -0.03019300 -0.03319300 0.05322500
v -0.03028600 -0.03330800 0.05294500
v -0.03026500 -0.03327200 0.05271400
v -0.03014100 -0.03313800 0.05240800
v -0.02986600 -0.03283400 0.05192400
v -0.02975000 -0.03273100 -0.04381700
v -0.02967600 -0.03262600 -0.04460100
v -0.02951800 -0.03244900 -0.04541200
v -0.02918500 -0.03208300 -0.04644400
v -0.02877600 -0.03162900 -0.04733200
v -0.02839400 -0.03121600 -0.04797000
v -0.02795600 -0.03072900 -0.04859400
v -0.02728900 -0.02999300 -0.04935100
v -0.02655400 -0.02918100 -0.05000500
v -0.02576800 -0.02834900 -0.05054000
v -0.02362600 -0.02595000 -0.05186200
v -0.02171600 -0.02556300 -0.05239400
v -0.01898900 -0.02267600 -0.05315700
v -0.00013800 -0.00020200 -0.05380400
v -0.02673300 -0.03387100 0.05175200
v -0.02667800 -0.03379000 0.05200800
v -0.02657100 -0.03364600 0.05221000
v -0.02633000 -0.03334800 0.05238600
v -0.02624700 -0.03324400 0.05249300
v -0.02620000 -0.03319200 0.05264400
v -0.02620700 -0.03320600 0.05292600
v -0.02630800 -0.03332100 0.05325900
v -0.02644600 -0.03349600 0.05350700
v -0.02667200 -0.03374900 0.05371500
v -0.02563000 -0.03498400 0.05379500
v -0.02617600 -0.03543000 0.05379500
v -0.02749100 -0.03478400 0.05372300
v -0.02765900 -0.03503100 0.05352300
v -0.02780500 -0.03521900 0.05322500
v -0.02789000 -0.03534000 0.05294500
v -0.02787100 -0.03530300 0.05271400
v -0.02775800 -0.03516000 0.05240800
v -0.02750400 -0.03483800 0.05192400
v -0.02739700 -0.03473000 -0.04379200
v -0.02732900 -0.03461700 -0.04460100
v -0.02718300 -0.03443000 -0.04541300
v -0.02687700 -0.03404200 -0.04644400
v -0.02650000 -0.03356000 -0.04733200
v -0.02614800 -0.03312100 -0.04797000
v -0.02574500 -0.03260500 -0.04859400
v -0.02513100 -0.03182400 -0.04935100
v -0.02445500 -0.03096300 -0.05000600
v -0.02372900 -0.03007800 -0.05054000
v -0.02175900 -0.02753600 -0.05186200
v -0.01926500 -0.02615600 -0.05269100
v -0.02430600 -0.03565400 0.05175200
v -0.02425700 -0.03556900 0.05200800
v -0.02416000 -0.03541800 0.05221000
v -0.02389100 -0.03503100 0.05244200
v -0.02381900 -0.03494400 0.05262800
v -0.02383400 -0.03495000 0.05292900
v -0.02392100 -0.03507500 0.05325900
v -0.02404600 -0.03526000 0.05350700
v -0.02425400 -0.03552800 0.05371500
v -0.02499900 -0.03661700 0.05372300
v -0.02514900 -0.03687600 0.05352200
v -0.02528200 -0.03707400 0.05322500
v -0.02535800 -0.03720100 0.05294500
v -0.02534200 -0.03716100 0.05271400
v -0.02523900 -0.03701200 0.05240800
v -0.02500800 -0.03667200 0.05192400
v -0.02490700 -0.03655500 -0.04381700
v -0.02484900 -0.03644000 -0.04460100
v -0.02471700 -0.03624300 -0.04541300
v -0.02443800 -0.03583400 -0.04644400
v -0.02409600 -0.03532800 -0.04733200
v -0.02377500 -0.03486500 -0.04797000
v -0.02341000 -0.03432200 -0.04859400
v -0.02285100 -0.03350000 -0.04935100
v -0.02223700 -0.03259400 -0.05000500
v -0.02157400 -0.03166100 -0.05054000
v -0.01978600 -0.02898700 -0.05186200
v -0.01794800 -0.02833700 -0.05239400
v -0.01600300 -0.02690000 -0.05295600
v -0.01617100 -0.02533900 -0.05312100
v -0.00260200 -0.00889100 -0.05365600
v -0.02176100 -0.03726300 0.05175200
v -0.02171800 -0.03717500 0.05200800
v -0.02163200 -0.03701800 0.05221000
v -0.02141900 -0.03666400 0.05240300
v -0.02136200 -0.03656700 0.05250600
v -0.02131900 -0.03651400 0.05267100
v -0.02134600 -0.03654000 0.05297000
v -0.02141700 -0.03665900 0.05325900
v -0.02152900 -0.03685200 0.05350700
v -0.02171800 -0.03713400 0.05371500
v -0.02051400 -0.03821200 0.05379500
v -0.02256600 -0.03770600 0.05380400
v -0.02238500 -0.03827200 0.05372300
v -0.02251700 -0.03854100 0.05352300
v -0.02263500 -0.03874800 0.05322500
v -0.02270200 -0.03887900 0.05294500
v -0.02268900 -0.03883900 0.05271400
v -0.02259700 -0.03868300 0.05240800
v -0.02239000 -0.03832800 0.05192400
v -0.02231200 -0.03819800 -0.04380400
v -0.02224800 -0.03808500 -0.04460100
v -0.02213000 -0.03787900 -0.04541300
v -0.02188100 -0.03745200 -0.04644400
v -0.02157400 -0.03692300 -0.04733200
v -0.02128700 -0.03643900 -0.04797000
v -0.02096000 -0.03587200 -0.04859400
v -0.02046000 -0.03501300 -0.04935100
v -0.01991000 -0.03406600 -0.05000500
v -0.01931400 -0.03308900 -0.05054000
v -0.01771700 -0.03029700 -0.05186200
v -0.01638100 -0.02804000 -0.05268900
v -0.01267300 -0.02673100 -0.05315600
v -0.01911200 -0.03868700 0.05175100
v -0.01908100 -0.03861400 0.05198300
v -0.01899800 -0.03843700 0.05221000
v -0.01882500 -0.03809500 0.05238600
v -0.01876100 -0.03796700 0.05250400
v -0.01873100 -0.03791900 0.05264000
v -0.01873500 -0.03791600 0.05288500
v -0.01880900 -0.03806400 0.05325900
v -0.01890800 -0.03826400 0.05350700
v -0.01907600 -0.03855800 0.05371500
v -0.01824100 -0.04010000 0.05379500
v -0.01966300 -0.03974100 0.05372300
v -0.01977500 -0.04001800 0.05352300
v -0.01987900 -0.04023300 0.05322500
v -0.01993600 -0.04036900 0.05294500
v -0.01992600 -0.04032800 0.05271400
v -0.01984400 -0.04016500 0.05240800
v -0.01966300 -0.03979700 0.05192400
v -0.01959400 -0.03966100 -0.04380300
v -0.01953900 -0.03954400 -0.04460100
v -0.01943500 -0.03933100 -0.04541300
v -0.01921600 -0.03888800 -0.04644400
v -0.01894700 -0.03833800 -0.04733200
v -0.01869400 -0.03783500 -0.04797000
v -0.01840700 -0.03724700 -0.04859400
v -0.01796900 -0.03635600 -0.04935100
v -0.01748600 -0.03537200 -0.05000500
v -0.01696000 -0.03435600 -0.05054000
v -0.01556200 -0.03145900 -0.05186200
v -0.01383200 -0.03056000 -0.05239400
v -0.01340900 -0.02959100 -0.05269100
v -0.01206400 -0.02806600 -0.05307100
v -0.01636600 -0.03993000 0.05175200
v -0.01633500 -0.03983700 0.05200800
v -0.01627200 -0.03966900 0.05221000
v -0.01612300 -0.03931600 0.05238600
v -0.01606800 -0.03918300 0.05250400
v -0.01604400 -0.03913200 0.05264100
v -0.01603900 -0.03913500 0.05288900
v -0.01610900 -0.03928400 0.05325900
v -0.01619400 -0.03949000 0.05350700
v -0.01634100 -0.03979600 0.05371500
v -0.01499900 -0.04069600 0.05379500
v -0.00975200 -0.04289500 0.05380300
v -0.01684400 -0.04101600 0.05372300
v -0.01693700 -0.04130000 0.05352200
v -0.01702500 -0.04152200 0.05322500
v -0.01707300 -0.04166100 0.05294500
v -0.01706600 -0.04162000 0.05271400
v -0.01699600 -0.04145200 0.05240800
v -0.01684100 -0.04107200 0.05192400
v -0.01676800 -0.04093900 -0.04379200
v -0.01673400 -0.04081100 -0.04460100
v -0.01664500 -0.04059100 -0.04541200
v -0.01645800 -0.04013400 -0.04644400
v -0.01622800 -0.03956700 -0.04733200
v -0.01601100 -0.03904800 -0.04797000
v -0.01576600 -0.03844100 -0.04859400
v -0.01539000 -0.03752100 -0.04935100
v -0.01497800 -0.03650600 -0.05000600
v -0.01452400 -0.03545600 -0.05054000
v -0.01333000 -0.03246800 -0.05186200
v -0.01185000 -0.02885900 -0.05296700
v -0.00007000 -0.00023300 -0.05380400
v -0.01354200 -0.04097500 0.05175200
v -0.01351800 -0.04088000 0.05200800
v -0.01346700 -0.04070800 0.05221000
v -0.01334200 -0.04034500 0.05238600
v -0.01329300 -0.04021100 0.05250300
v -0.01326700 -0.04014300 0.05271300
v -0.01329100 -0.04019600 0.05300900
v -0.01333100 -0.04031200 0.05325900
v -0.01340100 -0.04052400 0.05350700
v -0.01352700 -0.04083900 0.05371500
v -0.01391800 -0.04188300 0.05378500
v -0.01395400 -0.04219000 0.05366900
v -0.01401600 -0.04238100 0.05352200
v -0.01408900 -0.04260900 0.05322500
v -0.01412700 -0.04275100 0.05294500
v -0.01412200 -0.04270900 0.05271400
v -0.01406400 -0.04253700 0.05240800
v -0.01393600 -0.04214700 0.05192400
v -0.01387200 -0.04200600 -0.04381700
v -0.01384800 -0.04188000 -0.04460100
v -0.01377400 -0.04165400 -0.04541200
v -0.01362000 -0.04118400 -0.04644500
v -0.01343000 -0.04060300 -0.04733200
v -0.01324900 -0.04007000 -0.04797000
v -0.01304700 -0.03944700 -0.04859400
v -0.01273700 -0.03850300 -0.04935100
v -0.01239600 -0.03746200 -0.05000600
v -0.01201600 -0.03638300 -0.05054000
v -0.01103400 -0.03331900 -0.05186200
v -0.00944700 -0.03218800 -0.05239400
v -0.00916200 -0.03117000 -0.05269100
v -0.00881200 -0.02994400 -0.05296700
v -0.00668500 -0.02906200 -0.05314700
v -0.01000500 -0.03925600 -0.02927800
v -0.00007000 -0.00023300 -0.03274600
v -0.00089900 -0.02230500 -0.03230300
v -0.00388700 -0.03421300 -0.03114500
v -0.00655700 -0.03579800 -0.03069300
v -0.00724400 -0.03985800 -0.02927800
v -0.00273500 -0.03573100 -0.03083600
v -0.00279500 -0.03665600 -0.03058500
v -0.00444700 -0.04026700 -0.02927800
v 0.00200200 -0.03102300 -0.03164800
v -0.00162900 -0.04047900 -0.02927800
v -0.00001300 -0.00024300 -0.03274600
v 0.00221800 -0.03437400 -0.03113700
v 0.00231300 -0.03583800 -0.03081800
v 0.00237300 -0.03676900 -0.03056000
v 0.00119700 -0.04049400 -0.02927800
v 0.00401700 -0.04031100 -0.02927800
v 0.00619900 -0.02137400 -0.03230400
v 0.00704300 -0.03367400 -0.03114400
v 0.00730400 -0.03508200 -0.03083600
v 0.00748200 -0.03599100 -0.03058500
v 0.00681800 -0.03993200 -0.02927800
v 0.00956800 -0.02947900 -0.03165300
v 0.00958600 -0.03935900 -0.02927800
v 0.00004600 -0.00023800 -0.03274600
v 0.01165900 -0.03236500 -0.03114400
v 0.01211200 -0.03372300 -0.03083600
v 0.01117700 -0.03500400 -0.03058300
v 0.01230700 -0.03859400 -0.02927800
v 0.01479800 -0.03364800 -0.03058500
v 0.01496700 -0.03764100 -0.02927800
v 0.01252800 -0.01843700 -0.03230400
v 0.01448300 -0.02736500 -0.03165300
v 0.01714100 -0.02985700 -0.03114500
v 0.01668600 -0.03170800 -0.03083600
v 0.01755500 -0.03650500 -0.02927800
v 0.00010100 -0.00021900 -0.03274600
v 0.01820700 -0.03191400 -0.03058300
v 0.02005800 -0.03519000 -0.02927800
v 0.01906800 -0.02442600 -0.03165300
v 0.02022000 -0.03025100 -0.03069300
v 0.02246200 -0.03370500 -0.02927800
v 0.02201900 -0.02642300 -0.03114400
v 0.02291000 -0.02754400 -0.03083600
v 0.02349500 -0.02826300 -0.03058500
v 0.02475800 -0.03205500 -0.02927800
v 0.02693200 -0.03024900 -0.02927800
v 0.00015000 -0.00018800 -0.03274600
v 0.01757000 -0.01364600 -0.03230400
v 0.02445300 -0.01909300 -0.03165300
v 0.02548000 -0.02310000 -0.03114400
v 0.02606400 -0.02538300 -0.03069300
v 0.02897500 -0.02829500 -0.02927800
v 0.02813300 -0.02217700 -0.03083600
v 0.02885400 -0.02275800 -0.03058500
v 0.03087800 -0.02620400 -0.02927800
v 0.02844600 -0.01932700 -0.03114400
v 0.03262900 -0.02398500 -0.02927800
v 0.03076900 -0.01940600 -0.03069300
v 0.03422200 -0.02165000 -0.02927800
v 0.02064800 -0.00827100 -0.03230400
v 0.02779300 -0.01362100 -0.03165300
v 0.03085700 -0.01517800 -0.03114400
v 0.03212600 -0.01584000 -0.03083600
v 0.03234300 -0.01741100 -0.03058300
v 0.03564800 -0.01920800 -0.02927800
v 0.03400600 -0.01391900 -0.03058500
v 0.03690000 -0.01667400 -0.02927800
v 0.00020500 -0.00012500 -0.03274600
v 0.03010000 -0.00749100 -0.03165300
v 0.03266800 -0.01073400 -0.03114400
v 0.03401700 -0.01121200 -0.03083600
v 0.03797300 -0.01405800 -0.02927800
v 0.03525300 -0.01030300 -0.03058300
v 0.03886000 -0.01137300 -0.02927800
v 0.02219500 -0.00167400 -0.03230500
v 0.03384200 -0.00608100 -0.03114400
v 0.03524500 -0.00636700 -0.03083600
v 0.03615500 -0.00654100 -0.03058500
v 0.03955800 -0.00863400 -0.02927800
v 0.04006400 -0.00585200 -0.02927800
v 0.00023300 -0.00004600 -0.03274600
v 0.03094500 -0.00016600 -0.03165600
v 0.03435000 -0.00018400 -0.03115600
v 0.03571700 -0.00143900 -0.03085200
v 0.03663300 -0.00147600 -0.03060900
v 0.04037400 -0.00304100 -0.02927800
v 0.04048800 -0.00021600 -0.02927800
v 0.03564200 0.00351000 -0.03083600
v 0.03656300 0.00361100 -0.03058500
v 0.04040400 0.00261000 -0.02927800
v 0.02178200 0.00433800 -0.03230400
v 0.03052400 0.00510100 -0.03165300
v 0.03390500 0.00571800 -0.03114400
v 0.04012300 0.00542300 -0.02927800
v 0.03480600 0.00843900 -0.03083600
v 0.03570400 0.00866700 -0.03058500
v 0.03964700 0.00821100 -0.02927800
v 0.00023500 0.00002900 -0.03274600
v 0.02888600 0.01130000 -0.03165300
v 0.03277900 0.01038300 -0.03114400
v 0.03897800 0.01095800 -0.02927800
v 0.01949700 0.01088300 -0.03230400
v 0.03329300 0.01320300 -0.03083600
v 0.03415000 0.01355400 -0.03058500
v 0.03811900 0.01365100 -0.02927800
v 0.03101500 0.01484600 -0.03114400
v 0.03707400 0.01627800 -0.02927800
v 0.03222700 0.01686700 -0.03069300
v 0.03584800 0.01882600 -0.02927800
v 0.02580900 0.01708200 -0.03165300
v 0.02864700 0.01902000 -0.03114400
v 0.02982100 0.01984000 -0.03083600
v 0.03058700 0.02036200 -0.03058500
v 0.03444800 0.02128200 -0.02927800
v 0.03288000 0.02363400 -0.02927800
v 0.00020600 0.00011600 -0.03274600
v 0.02250500 0.02129100 -0.03165300
v 0.02495300 0.02370500 -0.03114500
v 0.02801600 0.02320200 -0.03069300
v 0.03115200 0.02587200 -0.02927800
v 0.01452900 0.01684500 -0.03230400
v 0.02504500 0.02561000 -0.03083600
v 0.02568600 0.02627900 -0.03058500
v 0.02927100 0.02798300 -0.02927800
v 0.02724900 0.02995700 -0.02927800
v 0.01841200 0.02488300 -0.03165300
v 0.02041600 0.02767700 -0.03114400
v 0.02123800 0.02884800 -0.03083600
v 0.02177900 0.02960000 -0.03058500
v 0.02509300 0.03178600 -0.02927800
v 0.00015200 0.00018000 -0.03274600
v 0.02281600 0.03346000 -0.02927800
v 0.00998900 0.01984400 -0.03230400
v 0.01386800 0.02770900 -0.03165300
v 0.01534200 0.03081500 -0.03114500
v 0.01701800 0.03152500 -0.03083600
v 0.01744900 0.03234500 -0.03058500
v 0.02042700 0.03497100 -0.02927800
v 0.01793800 0.03631200 -0.02927800
v 0.00010300 0.00021200 -0.03274600
v 0.01384700 0.03364600 -0.03069300
v 0.01536300 0.03747500 -0.02927800
v 0.00494100 0.02169900 -0.03230400
v 0.00879300 0.02968300 -0.03165300
v 0.00972100 0.03299400 -0.03114400
v 0.01009400 0.03437600 -0.03083600
v 0.01034500 0.03526800 -0.03058500
v 0.01271200 0.03845600 -0.02927800
v 0.00999900 0.03925000 -0.02927800
v 0.00355800 0.03078400 -0.03165300
v 0.00388100 0.03420700 -0.03114500
v 0.00655100 0.03579200 -0.03069300
v 0.00723800 0.03985200 -0.02927800
v 0.00272800 0.03572500 -0.03083600
v 0.00278900 0.03665000 -0.03058500
v 0.00444100 0.04026100 -0.02927800
v 0.00004000 0.00023400 -0.03274600
v -0.00298400 0.02216300 -0.03230400
v 0.00162300 0.04047300 -0.02927800
v -0.00308300 0.03087400 -0.03164900
v -0.00102200 0.03436800 -0.03114300
v -0.00108300 0.03645400 -0.03066900
v -0.00120300 0.04048800 -0.02927800
v -0.00590700 0.03391700 -0.03114500
v -0.00484600 0.03550100 -0.03083600
v -0.00496100 0.03642000 -0.03058500
v -0.00402300 0.04030500 -0.02927800
v -0.00682400 0.03992600 -0.02927800
v -0.00957400 0.02947300 -0.03165300
v -0.00973800 0.03448100 -0.03083600
v -0.00997900 0.03537500 -0.03058500
v -0.00959200 0.03935300 -0.02927800
v -0.00004400 0.00023400 -0.03274600
v -0.01166500 0.03235900 -0.03114400
v -0.01231300 0.03858800 -0.02927800
v -0.01051000 0.01961100 -0.03230400
v -0.01444000 0.03279000 -0.03083600
v -0.01480400 0.03364200 -0.03058500
v -0.01497300 0.03763500 -0.02927800
v -0.01549100 0.02683800 -0.03165300
v -0.01605300 0.03042100 -0.03114400
v -0.01756100 0.03649900 -0.02927800
v -0.00010700 0.00021300 -0.03274600
v -0.01886200 0.03046100 -0.03083600
v -0.01934100 0.03125400 -0.03058500
v -0.02006400 0.03518400 -0.02927800
v -0.02012900 0.02789000 -0.03114400
v -0.02246800 0.03369900 -0.02927800
v -0.01550800 0.01595400 -0.03230400
v -0.02156600 0.02230700 -0.03165300
v -0.02228600 0.02876000 -0.03069300
v -0.02476400 0.03204900 -0.02927800
v -0.02470800 0.02396700 -0.03114500
v -0.02478000 0.02587200 -0.03083600
v -0.02541400 0.02654800 -0.03058500
v -0.02693800 0.03024300 -0.02927800
v -0.00015600 0.00018200 -0.03274600
v -0.02898100 0.02828900 -0.02927900
v -0.02777700 0.02349600 -0.03069300
v -0.03088400 0.02619800 -0.02927900
v -0.01886800 0.01173000 -0.03230400
v -0.02687700 0.01549600 -0.03165300
v -0.02915000 0.01830500 -0.03114500
v -0.02961600 0.02015300 -0.03083600
v -0.03037700 0.02068300 -0.03058500
v -0.03263500 0.02397900 -0.02927900
v -0.03422800 0.02164400 -0.02927900
v -0.03213200 0.01583400 -0.03083600
v -0.03295900 0.01625200 -0.03058500
v -0.03565400 0.01920200 -0.02927900
v -0.02184600 0.00478200 -0.03230500
v -0.03184600 0.01298200 -0.03114400
v -0.03690600 0.01666800 -0.02927900
v -0.00021100 0.00011900 -0.03274600
v -0.03010600 0.00748500 -0.03165300
v -0.03402300 0.01120600 -0.03083600
v -0.03489900 0.01150600 -0.03058500
v -0.03797900 0.01405200 -0.02927900
v -0.03365100 0.00722700 -0.03114500
v -0.03886600 0.01136700 -0.02927900
v -0.03525100 0.00636000 -0.03083600
v -0.03616100 0.00653500 -0.03058500
v -0.03956400 0.00862800 -0.02927900
v -0.04007000 0.00584600 -0.02927900
v -0.00023900 0.00004000 -0.03274600
v -0.03096700 -0.00092200 -0.03165700
v -0.03435600 0.00017800 -0.03115600
v -0.03572300 0.00143300 -0.03085200
v -0.03664000 0.00147000 -0.03060900
v -0.04038000 0.00303500 -0.02927900
v -0.04049400 0.00021000 -0.02927900
v -0.02195900 -0.00355200 -0.03230400
v -0.03564800 -0.00351600 -0.03083600
v -0.03665600 -0.00235900 -0.03058300
v -0.04041000 -0.00261600 -0.02927900
v -0.00024200 -0.00001800 -0.03274600
v -0.03391100 -0.00572400 -0.03114400
v -0.03622700 -0.00616000 -0.03058500
v -0.04012900 -0.00542900 -0.02927900
v -0.03009900 -0.00722500 -0.03165300
v -0.03481200 -0.00844500 -0.03083600
v -0.03965300 -0.00821700 -0.02927900
v -0.03278500 -0.01038900 -0.03114400
v -0.03536600 -0.00993100 -0.03058300
v -0.03898400 -0.01096400 -0.02927900
v -0.02012900 -0.00948100 -0.03230400
v -0.02803400 -0.01329500 -0.03165300
v -0.03426600 -0.01222200 -0.03069300
v -0.03812500 -0.01365700 -0.02927800
v -0.03102100 -0.01485300 -0.03114400
v -0.03229700 -0.01550100 -0.03083600
v -0.03312800 -0.01591100 -0.03058500
v -0.03708000 -0.01628400 -0.02927800
v -0.00022900 -0.00008400 -0.03274600
v -0.03585400 -0.01883200 -0.02927800
v -0.02801500 -0.02000600 -0.03114500
v -0.02982700 -0.01984600 -0.03083600
v -0.03059200 -0.02036800 -0.03058500
v -0.03445400 -0.02128800 -0.02927800
v -0.01720100 -0.01406800 -0.03230400
v -0.02394100 -0.01967500 -0.03165300
v -0.03288600 -0.02364000 -0.02927800
v -0.02677600 -0.02380600 -0.03083600
v -0.02746200 -0.02442900 -0.03058500
v -0.03115800 -0.02587800 -0.02927800
v -0.00019300 -0.00015000 -0.03274600
v -0.02407400 -0.02457000 -0.03114400
v -0.02927700 -0.02798900 -0.02927800
v -0.01332500 -0.01782400 -0.03230400
v -0.01933000 -0.02422400 -0.03165300
v -0.02452200 -0.02688400 -0.03069300
v -0.02725500 -0.02996300 -0.02927800
v -0.02042200 -0.02768200 -0.03114400
v -0.02124400 -0.02885400 -0.03083600
v -0.02178600 -0.02960600 -0.03058500
v -0.02509900 -0.03179200 -0.02927800
v -0.02282200 -0.03346600 -0.02927800
v -0.01387400 -0.02771500 -0.03165300
v -0.01534900 -0.03082100 -0.03114500
v -0.01839900 -0.03139600 -0.03069300
v -0.02043300 -0.03497700 -0.02927800
v -0.00013800 -0.00020200 -0.03274600
v -0.00789900 -0.02080700 -0.03230400
v -0.01478400 -0.03264200 -0.03083600
v -0.01515700 -0.03349000 -0.03058500
v -0.01794400 -0.03631800 -0.02927800
v -0.01536900 -0.03748100 -0.02927800
v -0.00679100 -0.03028400 -0.03165300
v -0.00972700 -0.03300000 -0.03114400
v -0.01010000 -0.03438200 -0.03083600
v -0.01035100 -0.03527400 -0.03058500
v -0.01271800 -0.03846200 -0.02927800
v -0.01027000 -0.04029600 -0.02885700
v -0.00743600 -0.04091500 -0.02885700
v -0.00456500 -0.04133400 -0.02885700
v -0.00167200 -0.04155100 -0.02885700
v 0.00122900 -0.04156700 -0.02885700
v 0.00412400 -0.04137900 -0.02885700
v 0.00699900 -0.04099100 -0.02885700
v 0.00984000 -0.04040200 -0.02885700
v 0.01263300 -0.03961700 -0.02885700
v 0.01536400 -0.03863900 -0.02885700
v 0.01802100 -0.03747200 -0.02885700
v 0.02058900 -0.03612300 -0.02885700
v 0.02305800 -0.03459800 -0.02885700
v 0.02541400 -0.03290400 -0.02885700
v 0.02764600 -0.03105000 -0.02885700
v 0.02974300 -0.02904500 -0.02885700
v 0.03169600 -0.02689900 -0.02885700
v 0.03349400 -0.02462100 -0.02885700
v 0.03512900 -0.02222300 -0.02885700
v 0.03659300 -0.01971700 -0.02885700
v 0.03787800 -0.01711600 -0.02885700
v 0.03897900 -0.01443000 -0.02885700
v 0.03989000 -0.01167500 -0.02885700
v 0.04060700 -0.00886200 -0.02885700
v 0.04112600 -0.00600700 -0.02885700
v 0.04144400 -0.00312200 -0.02885700
v 0.04156100 -0.00022200 -0.02885700
v 0.04147500 0.00267900 -0.02885700
v 0.04118700 0.00556700 -0.02885700
v 0.04069800 0.00842800 -0.02885700
v 0.04001100 0.01124800 -0.02885700
v 0.03912900 0.01401300 -0.02885700
v 0.03805600 0.01671000 -0.02885700
v 0.03679800 0.01932500 -0.02885700
v 0.03536100 0.02184600 -0.02885700
v 0.03375100 0.02426100 -0.02885700
v 0.03197700 0.02655700 -0.02885700
v 0.03004700 0.02872400 -0.02885700
v 0.02797100 0.03075200 -0.02885700
v 0.02575900 0.03262900 -0.02885700
v 0.02342000 0.03434700 -0.02885700
v 0.02096800 0.03589800 -0.02885700
v 0.01841400 0.03727400 -0.02885700
v 0.01577000 0.03846900 -0.02885700
v 0.01304900 0.03947600 -0.02885700
v 0.01026400 0.04029000 -0.02885700
v 0.00743000 0.04090900 -0.02885700
v 0.00455900 0.04132800 -0.02885700
v 0.00166600 0.04154500 -0.02885700
v -0.00123500 0.04156100 -0.02885700
v -0.00413000 0.04137300 -0.02885700
v -0.00700500 0.04098500 -0.02885700
v -0.00984600 0.04039600 -0.02885700
v -0.01263900 0.03961100 -0.02885700
v -0.01537000 0.03863300 -0.02885700
v -0.01802700 0.03746600 -0.02885700
v -0.02059500 0.03611700 -0.02885700
v -0.02306400 0.03459200 -0.02885700
v -0.02542000 0.03289800 -0.02885700
v -0.02765200 0.03104400 -0.02885700
v -0.02974900 0.02903900 -0.02885700
v -0.03170200 0.02689300 -0.02885700
v -0.03350000 0.02461500 -0.02885700
v -0.03513500 0.02221700 -0.02885700
v -0.03659900 0.01971100 -0.02885700
v -0.03788400 0.01711000 -0.02885700
v -0.03898500 0.01442400 -0.02885700
v -0.03989600 0.01166900 -0.02885700
v -0.04061300 0.00885600 -0.02885700
v -0.04113200 0.00600100 -0.02885700
v -0.04145000 0.00311600 -0.02885700
v -0.04156700 0.00021600 -0.02885700
v -0.04148100 -0.00268500 -0.02885700
v -0.04119300 -0.00557300 -0.02885700
v -0.04070400 -0.00843400 -0.02885700
v -0.04001700 -0.01125400 -0.02885700
v -0.03913500 -0.01401900 -0.02885700
v -0.03806200 -0.01671600 -0.02885700
v -0.03680400 -0.01933100 -0.02885700
v -0.03536700 -0.02185200 -0.02885700
v -0.03375700 -0.02426700 -0.02885700
v -0.03198300 -0.02656300 -0.02885700
v -0.03005300 -0.02873000 -0.02885700
v -0.02797700 -0.03075800 -0.02885700
v -0.02576500 -0.03263500 -0.02885700
v -0.02342600 -0.03435300 -0.02885700
v -0.02097400 -0.03590400 -0.02885700
v -0.01842000 -0.03728000 -0.02885700
v -0.01577600 -0.03847500 -0.02885700
v -0.01305500 -0.03948200 -0.02885700
v -0.01000500 -0.03925600 -0.02927800
v -0.01045000 -0.04100200 -0.03538700
v -0.00724400 -0.03985800 -0.02927800
v -0.00756600 -0.04163100 -0.03538700
v -0.00444700 -0.04026700 -0.02927800
v -0.00464500 -0.04205700 -0.03538700
v -0.00162900 -0.04047900 -0.02927800
v -0.00170100 -0.04227900 -0.03538700
v 0.00119700 -0.04049400 -0.02927800
v 0.00125100 -0.04229400 -0.03538700
v 0.00401700 -0.04031100 -0.02927800
v 0.00419600 -0.04210400 -0.03538700
v 0.00681800 -0.03993200 -0.02927800
v 0.00712200 -0.04170800 -0.03538700
v 0.00958600 -0.03935900 -0.02927800
v 0.01001200 -0.04111000 -0.03538700
v 0.01230700 -0.03859400 -0.02927800
v 0.01285400 -0.04031000 -0.03538700
v 0.01496700 -0.03764100 -0.02927800
v 0.01563300 -0.03931500 -0.03538700
v 0.01755500 -0.03650500 -0.02927800
v 0.01833600 -0.03812800 -0.03538700
v 0.02005800 -0.03519000 -0.02927800
v 0.02095000 -0.03675500 -0.03538700
v 0.02246200 -0.03370500 -0.02927800
v 0.02346200 -0.03520400 -0.03538700
v 0.02475800 -0.03205500 -0.02927800
v 0.02585900 -0.03348000 -0.03538700
v 0.02693200 -0.03024900 -0.02927800
v 0.02813000 -0.03159400 -0.03538700
v 0.02897500 -0.02829500 -0.02927800
v 0.03026400 -0.02955400 -0.03538700
v 0.03087800 -0.02620400 -0.02927800
v 0.03225100 -0.02737000 -0.03538700
v 0.03262900 -0.02398500 -0.02927800
v 0.03408100 -0.02505200 -0.03538700
v 0.03422200 -0.02165000 -0.02927800
v 0.03574400 -0.02261200 -0.03538700
v 0.03564800 -0.01920800 -0.02927800
v 0.03723400 -0.02006300 -0.03538700
v 0.03690000 -0.01667400 -0.02927800
v 0.03854200 -0.01741500 -0.03538700
v 0.03797300 -0.01405800 -0.02927800
v 0.03966200 -0.01468300 -0.03538700
v 0.03886000 -0.01137300 -0.02927800
v 0.04058900 -0.01187900 -0.03538700
v 0.03955800 -0.00863400 -0.02927800
v 0.04131800 -0.00901700 -0.03538700
v 0.04006400 -0.00585200 -0.02927800
v 0.04184600 -0.00611200 -0.03538700
v 0.04037400 -0.00304100 -0.02927800
v 0.04217000 -0.00317600 -0.03538700
v 0.04048800 -0.00021600 -0.02927800
v 0.04228800 -0.00022600 -0.03538700
v 0.04040400 0.00261000 -0.02927800
v 0.04220100 0.00272600 -0.03538700
v 0.04012300 0.00542300 -0.02927800
v 0.04190800 0.00566500 -0.03538700
v 0.03964700 0.00821100 -0.02927800
v 0.04141000 0.00857600 -0.03538700
v 0.03897800 0.01095800 -0.02927800
v 0.04071100 0.01144500 -0.03538700
v 0.03811900 0.01365100 -0.02927800
v 0.03981400 0.01425800 -0.03538700
v 0.03707400 0.01627800 -0.02927800
v 0.03872300 0.01700200 -0.03538700
v 0.03584800 0.01882600 -0.02927800
v 0.03744300 0.01966300 -0.03538700
v 0.03444800 0.02128200 -0.02927800
v 0.03598000 0.02222900 -0.03538700
v 0.03288000 0.02363400 -0.02927800
v 0.03434200 0.02468600 -0.03538700
v 0.03115200 0.02587200 -0.02927800
v 0.03253700 0.02702200 -0.03538700
v 0.02927100 0.02798300 -0.02927800
v 0.03057300 0.02922700 -0.03538700
v 0.02724900 0.02995700 -0.02927800
v 0.02846100 0.03129000 -0.03538700
v 0.02509300 0.03178600 -0.02927800
v 0.02621000 0.03320000 -0.03538700
v 0.02281600 0.03346000 -0.02927800
v 0.02383100 0.03494900 -0.03538700
v 0.02042700 0.03497100 -0.02927800
v 0.02133500 0.03652700 -0.03538700
v 0.01793800 0.03631200 -0.02927800
v 0.01873600 0.03792700 -0.03538700
v 0.01536300 0.03747500 -0.02927800
v 0.01604600 0.03914200 -0.03538700
v 0.01271200 0.03845600 -0.02927800
v 0.01327700 0.04016700 -0.03538700
v 0.00999900 0.03925000 -0.02927800
v 0.01044400 0.04099600 -0.03538700
v 0.00723800 0.03985200 -0.02927800
v 0.00756000 0.04162500 -0.03538700
v 0.00444100 0.04026100 -0.02927800
v 0.00463900 0.04205100 -0.03538700
v 0.00162300 0.04047300 -0.02927800
v 0.00169500 0.04227300 -0.03538700
v -0.00120300 0.04048800 -0.02927800
v -0.00125700 0.04228800 -0.03538700
v -0.00402300 0.04030500 -0.02927800
v -0.00420200 0.04209800 -0.03538700
v -0.00682400 0.03992600 -0.02927800
v -0.00712800 0.04170200 -0.03538700
v -0.00959200 0.03935300 -0.02927800
v -0.01001800 0.04110400 -0.03538700
v -0.01231300 0.03858800 -0.02927800
v -0.01286000 0.04030400 -0.03538700
v -0.01497300 0.03763500 -0.02927800
v -0.01563900 0.03930900 -0.03538700
v -0.01756100 0.03649900 -0.02927800
v -0.01834200 0.03812200 -0.03538700
v -0.02006400 0.03518400 -0.02927800
v -0.02095600 0.03674900 -0.03538700
v -0.02246800 0.03369900 -0.02927800
v -0.02346800 0.03519800 -0.03538700
v -0.02476400 0.03204900 -0.02927800
v -0.02586500 0.03347400 -0.03538700
v -0.02693800 0.03024300 -0.02927800
v -0.02813600 0.03158800 -0.03538700
v -0.02898100 0.02828900 -0.02927900
v -0.03027000 0.02954800 -0.03538700
v -0.03088400 0.02619800 -0.02927900
v -0.03225700 0.02736400 -0.03538700
v -0.03263500 0.02397900 -0.02927900
v -0.03408700 0.02504600 -0.03538700
v -0.03422800 0.02164400 -0.02927900
v -0.03575000 0.02260600 -0.03538700
v -0.03565400 0.01920200 -0.02927900
v -0.03724000 0.02005700 -0.03538700
v -0.03690600 0.01666800 -0.02927900
v -0.03854800 0.01740900 -0.03538700
v -0.03797900 0.01405200 -0.02927900
v -0.03966800 0.01467700 -0.03538700
v -0.03886600 0.01136700 -0.02927900
v -0.04059500 0.01187300 -0.03538700
v -0.03956400 0.00862800 -0.02927900
v -0.04132400 0.00901100 -0.03538700
v -0.04007000 0.00584600 -0.02927900
v -0.04185200 0.00610600 -0.03538700
v -0.04038000 0.00303500 -0.02927900
v -0.04217600 0.00317000 -0.03538700
v -0.04049400 0.00021000 -0.02927900
v -0.04229400 0.00022000 -0.03538700
v -0.04041000 -0.00261600 -0.02927900
v -0.04220700 -0.00273200 -0.03538700
v -0.04012900 -0.00542900 -0.02927900
v -0.04191400 -0.00567100 -0.03538700
v -0.03965300 -0.00821700 -0.02927900
v -0.04141700 -0.00858200 -0.03538700
v -0.03898400 -0.01096400 -0.02927900
v -0.04071700 -0.01145100 -0.03538700
v -0.03812500 -0.01365700 -0.02927800
v -0.03982000 -0.01426400 -0.03538700
v -0.03708000 -0.01628400 -0.02927800
v -0.03872900 -0.01700800 -0.03538700
v -0.03585400 -0.01883200 -0.02927800
v -0.03744900 -0.01966900 -0.03538700
v -0.03445400 -0.02128800 -0.02927800
v -0.03598600 -0.02223500 -0.03538700
v -0.03288600 -0.02364000 -0.02927800
v -0.03434800 -0.02469200 -0.03538700
v -0.03115800 -0.02587800 -0.02927800
v -0.03254300 -0.02702800 -0.03538700
v -0.02927700 -0.02798900 -0.02927800
v -0.03058000 -0.02923300 -0.03538700
v -0.02725500 -0.02996300 -0.02927800
v -0.02846700 -0.03129600 -0.03538700
v -0.02509900 -0.03179200 -0.02927800
v -0.02621600 -0.03320600 -0.03538700
v -0.02282200 -0.03346600 -0.02927800
v -0.02383700 -0.03495500 -0.03538700
v -0.02043300 -0.03497700 -0.02927800
v -0.02134100 -0.03653300 -0.03538700
v -0.01794400 -0.03631800 -0.02927800
v -0.01874200 -0.03793300 -0.03538700
v -0.01536900 -0.03748100 -0.02927800
v -0.01605200 -0.03914800 -0.03538700
v -0.01271800 -0.03846200 -0.02927800
v -0.01328300 -0.04017300 -0.03538700
vn 0.0974 0.5022 0.8593
vn 0.1367 0.5465 0.8262
vn 0.0983 0.5547 0.8262
vn 0.0983 0.5548 0.8262
vn 0.1776 0.6964 0.6953
vn 0.1286 0.7071 0.6953
vn 0.0623 0.5077 0.8593
vn 0.0982 0.5547 0.8262
vn 0.0593 0.5608 0.8258
vn 0.1285 0.7071 0.6953
vn 0.0790 0.7144 0.6952
vn 0.0218 0.5104 0.8597
vn 0.0234 0.5927 0.8051
vn 0.0289 0.7195 0.6939
vn -0.0112 0.5471 0.8370
vn 0.0234 0.5926 0.8051
vn -0.0532 0.5719 0.8186
vn -0.0226 0.5046 0.8630
vn -0.0205 0.6884 0.7250
vn -0.0924 0.5558 0.8262
vn -0.0568 0.5084 0.8593
vn -0.1211 0.7085 0.6953
vn -0.0720 0.7151 0.6953
vn -0.1310 0.5480 0.8262
vn -0.0921 0.5032 0.8593
vn -0.1702 0.6983 0.6953
vn -0.1211 0.7084 0.6953
vn -0.1689 0.5375 0.8262
vn -0.1270 0.4955 0.8593
vn -0.1310 0.5479 0.8262
vn -0.2185 0.6847 0.6953
vn -0.2060 0.5244 0.8262
vn -0.1613 0.4854 0.8593
vn -0.2658 0.6678 0.6953
vn -0.2421 0.5087 0.8262
vn -0.1948 0.4730 0.8593
vn -0.3117 0.6476 0.6953
vn -0.2770 0.4906 0.8262
vn -0.2273 0.4583 0.8593
vn -0.3562 0.6243 0.6953
vn -0.2421 0.5088 0.8262
vn -0.3105 0.4701 0.8262
vn -0.2587 0.4413 0.8592
vn -0.3989 0.5979 0.6953
vn -0.3426 0.4473 0.8262
vn -0.2889 0.4222 0.8592
vn -0.4396 0.5687 0.6952
vn -0.3988 0.5979 0.6953
vn -0.3730 0.4223 0.8262
vn -0.3177 0.4010 0.8592
vn -0.4782 0.5366 0.6952
vn -0.4015 0.3953 0.8261
vn -0.3449 0.3779 0.8592
vn -0.3730 0.4223 0.8261
vn -0.5145 0.5020 0.6952
vn -0.4281 0.3663 0.8261
vn -0.3704 0.3529 0.8592
vn -0.5483 0.4648 0.6952
vn -0.4527 0.3356 0.8261
vn -0.3941 0.3262 0.8592
vn -0.5793 0.4255 0.6952
vn -0.4750 0.3032 0.8261
vn -0.4159 0.2979 0.8592
vn -0.6076 0.3840 0.6952
vn -0.4950 0.2693 0.8261
vn -0.4357 0.2682 0.8592
vn -0.6330 0.3408 0.6952
vn -0.6076 0.3841 0.6952
vn -0.5126 0.2342 0.8261
vn -0.4534 0.2372 0.8592
vn -0.6552 0.2958 0.6951
vn -0.6330 0.3407 0.6952
vn -0.5276 0.1979 0.8261
vn -0.4688 0.2050 0.8592
vn -0.6742 0.2494 0.6951
vn -0.5401 0.1606 0.8261
vn -0.4819 0.1718 0.8592
vn -0.6900 0.2017 0.6952
vn -0.5277 0.1979 0.8261
vn -0.5501 0.1225 0.8261
vn -0.4928 0.1378 0.8592
vn -0.5402 0.1606 0.8261
vn -0.7024 0.1531 0.6951
vn -0.5573 0.0839 0.8260
vn -0.5012 0.1031 0.8592
vn -0.7113 0.1038 0.6952
vn -0.5500 0.1225 0.8261
vn -0.5473 0.0462 0.8357
vn -0.5069 0.0680 0.8593
vn -0.7156 0.0537 0.6965
vn -0.5525 0.0045 0.8335
vn -0.5092 0.0323 0.8600
vn -0.5472 0.0462 0.8357
vn -0.7156 0.0536 0.6965
vn -0.7177 0.0030 0.6963
vn -0.5100 -0.0269 0.8597
vn -0.5624 -0.0389 0.8260
vn -0.7173 -0.0464 0.6952
vn -0.5078 -0.0625 0.8592
vn -0.5581 -0.0780 0.8261
vn -0.7124 -0.0963 0.6952
vn -0.5022 -0.0978 0.8592
vn -0.5513 -0.1167 0.8261
vn -0.7039 -0.1457 0.6952
vn -0.4942 -0.1326 0.8592
vn -0.5418 -0.1549 0.8261
vn -0.6921 -0.1945 0.6952
vn -0.4837 -0.1667 0.8592
vn -0.5297 -0.1923 0.8261
vn -0.6768 -0.2422 0.6952
vn -0.4709 -0.2000 0.8592
vn -0.5150 -0.2288 0.8261
vn -0.6768 -0.2423 0.6952
vn -0.6582 -0.2888 0.6952
vn -0.4558 -0.2324 0.8592
vn -0.4978 -0.2641 0.8261
vn -0.6582 -0.2889 0.6952
vn -0.6365 -0.3340 0.6952
vn -0.4385 -0.2636 0.8592
vn -0.4781 -0.2982 0.8261
vn -0.6365 -0.3341 0.6952
vn -0.6117 -0.3776 0.6952
vn -0.4190 -0.2936 0.8592
vn -0.4562 -0.3308 0.8261
vn -0.5838 -0.4194 0.6952
vn -0.3975 -0.3221 0.8592
vn -0.4561 -0.3308 0.8261
vn -0.4320 -0.3618 0.8261
vn -0.5531 -0.4590 0.6952
vn -0.3741 -0.3490 0.8592
vn -0.4057 -0.3910 0.8261
vn -0.4057 -0.3911 0.8261
vn -0.5531 -0.4591 0.6952
vn -0.5197 -0.4965 0.6952
vn -0.3488 -0.3742 0.8592
vn -0.4057 -0.3910 0.8262
vn -0.3774 -0.4184 0.8262
vn -0.5198 -0.4965 0.6952
vn -0.4838 -0.5315 0.6952
vn -0.3219 -0.3976 0.8592
vn -0.3473 -0.4437 0.8262
vn -0.3473 -0.4437 0.8261
vn -0.4456 -0.5640 0.6952
vn -0.2933 -0.4191 0.8592
vn -0.3155 -0.4668 0.8262
vn -0.4051 -0.5937 0.6953
vn -0.2634 -0.4385 0.8593
vn -0.2821 -0.4877 0.8262
vn -0.3627 -0.6205 0.6953
vn -0.2321 -0.4558 0.8593
vn -0.2474 -0.5062 0.8262
vn -0.3185 -0.6443 0.6953
vn -0.1998 -0.4709 0.8593
vn -0.2115 -0.5222 0.8262
vn -0.2728 -0.6650 0.6953
vn -0.1664 -0.4837 0.8593
vn -0.1745 -0.5357 0.8262
vn -0.2258 -0.6824 0.6953
vn -0.1322 -0.4941 0.8593
vn -0.1367 -0.5466 0.8262
vn -0.1367 -0.5465 0.8262
vn -0.2257 -0.6824 0.6953
vn -0.1775 -0.6965 0.6953
vn -0.0974 -0.5022 0.8593
vn -0.0982 -0.5548 0.8262
vn -0.0983 -0.5547 0.8262
vn -0.1776 -0.6964 0.6953
vn -0.1286 -0.7071 0.6953
vn -0.0622 -0.5077 0.8593
vn -0.0591 -0.5714 0.8186
vn -0.0592 -0.5714 0.8186
vn -0.1285 -0.7071 0.6953
vn -0.0795 -0.7143 0.6953
vn -0.0222 -0.4999 0.8658
vn -0.0199 -0.5758 0.8174
vn -0.0199 -0.5758 0.8173
vn -0.0331 -0.6822 0.7304
vn 0.0143 -0.4817 0.8762
vn -0.0222 -0.4998 0.8658
vn 0.0166 -0.5345 0.8450
vn 0.0179 -0.6699 0.7423
vn 0.0523 -0.5026 0.8629
vn 0.0584 -0.5898 0.8054
vn 0.0924 -0.5558 0.8262
vn 0.1211 -0.7084 0.6953
vn 0.0720 -0.7151 0.6953
vn 0.1310 -0.5480 0.8262
vn 0.0921 -0.5032 0.8593
vn 0.1702 -0.6983 0.6953
vn 0.0924 -0.5557 0.8262
vn 0.1689 -0.5375 0.8262
vn 0.1270 -0.4955 0.8593
vn 0.2185 -0.6847 0.6953
vn 0.1310 -0.5479 0.8262
vn 0.2060 -0.5244 0.8262
vn 0.1613 -0.4854 0.8593
vn 0.2658 -0.6678 0.6953
vn 0.2186 -0.6847 0.6953
vn 0.2421 -0.5087 0.8262
vn 0.1948 -0.4730 0.8593
vn 0.3117 -0.6476 0.6953
vn 0.2770 -0.4906 0.8262
vn 0.2273 -0.4583 0.8593
vn 0.3562 -0.6243 0.6953
vn 0.2421 -0.5088 0.8262
vn 0.3105 -0.4701 0.8262
vn 0.2587 -0.4413 0.8593
vn 0.3989 -0.5979 0.6952
vn 0.3426 -0.4473 0.8262
vn 0.2889 -0.4222 0.8592
vn 0.4396 -0.5687 0.6952
vn 0.3106 -0.4701 0.8262
vn 0.3730 -0.4223 0.8262
vn 0.3177 -0.4010 0.8592
vn 0.4782 -0.5366 0.6952
vn 0.4015 -0.3953 0.8262
vn 0.3449 -0.3779 0.8592
vn 0.5145 -0.5019 0.6952
vn 0.4281 -0.3663 0.8261
vn 0.3704 -0.3529 0.8592
vn 0.4015 -0.3953 0.8261
vn 0.5482 -0.4649 0.6952
vn 0.4526 -0.3356 0.8261
vn 0.3941 -0.3262 0.8592
vn 0.5793 -0.4255 0.6952
vn 0.5483 -0.4648 0.6952
vn 0.4750 -0.3032 0.8261
vn 0.4159 -0.2979 0.8592
vn 0.4527 -0.3356 0.8261
vn 0.6076 -0.3840 0.6952
vn 0.5794 -0.4255 0.6952
vn 0.4949 -0.2693 0.8261
vn 0.4357 -0.2682 0.8592
vn 0.6329 -0.3407 0.6952
vn 0.5125 -0.2342 0.8261
vn 0.4533 -0.2372 0.8592
vn 0.4950 -0.2693 0.8261
vn 0.6551 -0.2958 0.6952
vn 0.5277 -0.1979 0.8261
vn 0.4688 -0.2050 0.8592
vn 0.6742 -0.2493 0.6952
vn 0.6552 -0.2958 0.6952
vn 0.5402 -0.1606 0.8261
vn 0.4819 -0.1718 0.8592
vn 0.5276 -0.1979 0.8261
vn 0.6899 -0.2017 0.6952
vn 0.6742 -0.2494 0.6952
vn 0.5501 -0.1225 0.8261
vn 0.4928 -0.1378 0.8592
vn 0.7023 -0.1532 0.6952
vn 0.5573 -0.0839 0.8260
vn 0.5012 -0.1031 0.8592
vn 0.7113 -0.1038 0.6952
vn 0.5500 -0.1225 0.8261
vn 0.7023 -0.1531 0.6952
vn 0.5472 -0.0462 0.8357
vn 0.5069 -0.0679 0.8593
vn 0.7156 -0.0536 0.6965
vn 0.5621 -0.0032 0.8271
vn 0.5092 -0.0323 0.8600
vn 0.7177 -0.0037 0.6963
vn 0.5036 0.0251 0.8636
vn 0.5451 0.0402 0.8374
vn 0.6873 0.0442 0.7250
vn 0.5047 0.0636 0.8610
vn 0.5573 0.0775 0.8267
vn 0.7123 0.0970 0.6952
vn 0.5022 0.0978 0.8592
vn 0.5513 0.1167 0.8261
vn 0.7040 0.1457 0.6951
vn 0.4942 0.1326 0.8592
vn 0.5418 0.1549 0.8261
vn 0.6921 0.1945 0.6952
vn 0.4837 0.1667 0.8592
vn 0.5297 0.1923 0.8261
vn 0.6768 0.2422 0.6952
vn 0.4709 0.2000 0.8592
vn 0.5150 0.2288 0.8261
vn 0.6582 0.2888 0.6952
vn 0.4558 0.2324 0.8592
vn 0.4978 0.2641 0.8261
vn 0.6582 0.2889 0.6952
vn 0.6365 0.3340 0.6952
vn 0.4385 0.2636 0.8592
vn 0.4781 0.2982 0.8261
vn 0.6365 0.3341 0.6952
vn 0.6116 0.3776 0.6952
vn 0.4190 0.2935 0.8592
vn 0.4562 0.3308 0.8261
vn 0.5838 0.4194 0.6952
vn 0.3975 0.3221 0.8592
vn 0.4320 0.3618 0.8261
vn 0.5532 0.4591 0.6952
vn 0.3741 0.3490 0.8592
vn 0.4057 0.3910 0.8261
vn 0.5531 0.4591 0.6952
vn 0.5198 0.4965 0.6952
vn 0.3488 0.3742 0.8592
vn 0.4057 0.3910 0.8262
vn 0.3774 0.4184 0.8262
vn 0.5197 0.4965 0.6952
vn 0.4838 0.5315 0.6952
vn 0.3219 0.3976 0.8592
vn 0.3774 0.4184 0.8261
vn 0.3473 0.4437 0.8262
vn 0.4838 0.5316 0.6952
vn 0.4456 0.5640 0.6952
vn 0.2933 0.4191 0.8592
vn 0.3155 0.4668 0.8262
vn 0.4456 0.5640 0.6953
vn 0.4051 0.5937 0.6953
vn 0.2634 0.4386 0.8592
vn 0.2821 0.4877 0.8262
vn 0.3627 0.6205 0.6953
vn 0.2321 0.4559 0.8593
vn 0.2474 0.5062 0.8262
vn 0.3185 0.6443 0.6953
vn 0.1998 0.4709 0.8593
vn 0.2115 0.5222 0.8262
vn 0.2728 0.6649 0.6953
vn 0.1664 0.4837 0.8593
vn 0.1745 0.5357 0.8262
vn 0.2258 0.6823 0.6953
vn 0.1322 0.4941 0.8593
vn 0.1367 0.5466 0.8262
vn 0.2257 0.6823 0.6953
vn 0.1479 0.8129 0.5633
vn 0.2040 0.8004 0.5636
vn 0.1477 0.8128 0.5635
vn 0.0908 0.8222 0.5620
vn 0.0908 0.8221 0.5620
vn 0.0333 0.8255 0.5634
vn 0.0908 0.8221 0.5621
vn -0.0243 0.8257 0.5635
vn 0.0331 0.8255 0.5634
vn -0.0828 0.8297 0.5520
vn -0.0245 0.8257 0.5636
vn -0.0244 0.8257 0.5635
vn -0.1975 0.8100 0.5522
vn -0.1393 0.8143 0.5634
vn -0.1391 0.8144 0.5633
vn -0.3054 0.7676 0.5635
vn -0.2513 0.7869 0.5636
vn -0.2512 0.7870 0.5635
vn -0.3583 0.7445 0.5634
vn -0.3057 0.7675 0.5635
vn -0.4093 0.7176 0.5634
vn -0.3585 0.7444 0.5634
vn -0.4584 0.6873 0.5634
vn -0.4095 0.7175 0.5634
vn -0.5052 0.6537 0.5634
vn -0.4586 0.6872 0.5634
vn -0.5497 0.6168 0.5634
vn -0.5054 0.6536 0.5635
vn -0.5914 0.5769 0.5634
vn -0.5499 0.6166 0.5634
vn -0.6301 0.5344 0.5634
vn -0.5915 0.5768 0.5634
vn -0.5914 0.5770 0.5634
vn -0.6660 0.4891 0.5633
vn -0.6303 0.5342 0.5634
vn -0.6984 0.4414 0.5634
vn -0.6661 0.4890 0.5633
vn -0.7274 0.3917 0.5635
vn -0.6985 0.4413 0.5634
vn -0.7529 0.3399 0.5635
vn -0.7275 0.3914 0.5635
vn -0.7274 0.3916 0.5635
vn -0.7748 0.2867 0.5634
vn -0.7530 0.3397 0.5635
vn -0.8014 0.2341 0.5504
vn -0.7748 0.2865 0.5635
vn -0.8072 0.1760 0.5635
vn -0.8073 0.1758 0.5634
vn -0.8014 0.2344 0.5503
vn -0.8176 0.1193 0.5633
vn -0.8175 0.1191 0.5635
vn -0.8240 0.0621 0.5632
vn -0.8239 0.0619 0.5634
vn -0.8264 0.0045 0.5631
vn -0.8262 0.0043 0.5634
vn -0.8187 -0.1106 0.5634
vn -0.8321 -0.0537 0.5520
vn -0.8187 -0.1108 0.5634
vn -0.8093 -0.1674 0.5631
vn -0.8187 -0.1107 0.5634
vn -0.8091 -0.1676 0.5633
vn -0.7957 -0.2234 0.5629
vn -0.7955 -0.2236 0.5632
vn -0.7781 -0.2783 0.5631
vn -0.7779 -0.2785 0.5633
vn -0.7567 -0.3319 0.5632
vn -0.7565 -0.3321 0.5634
vn -0.7318 -0.3839 0.5630
vn -0.7316 -0.3840 0.5633
vn -0.7032 -0.4339 0.5632
vn -0.7030 -0.4341 0.5634
vn -0.6712 -0.4819 0.5632
vn -0.6710 -0.4821 0.5634
vn -0.6366 -0.5283 0.5618
vn -0.6710 -0.4820 0.5634
vn -0.6038 -0.5765 0.5505
vn -0.6366 -0.5282 0.5619
vn -0.6037 -0.5768 0.5504
vn -0.5562 -0.6109 0.5635
vn -0.6038 -0.5766 0.5505
vn -0.5561 -0.6110 0.5634
vn -0.5124 -0.6482 0.5632
vn -0.5121 -0.6483 0.5634
vn -0.4659 -0.6825 0.5631
vn -0.4657 -0.6825 0.5633
vn -0.4172 -0.7133 0.5632
vn -0.4169 -0.7133 0.5634
vn -0.3663 -0.7407 0.5632
vn -0.3661 -0.7406 0.5634
vn -0.3137 -0.7643 0.5634
vn -0.3135 -0.7643 0.5636
vn -0.2596 -0.7845 0.5632
vn -0.2594 -0.7843 0.5635
vn -0.2043 -0.8007 0.5632
vn -0.2040 -0.8006 0.5634
vn -0.1479 -0.8129 0.5633
vn -0.2041 -0.8006 0.5634
vn -0.1477 -0.8128 0.5636
vn -0.0908 -0.8213 0.5633
vn -0.0906 -0.8211 0.5635
vn -0.0333 -0.8267 0.5617
vn 0.0247 -0.8344 0.5506
vn -0.0333 -0.8266 0.5618
vn 0.0246 -0.8344 0.5506
vn -0.0333 -0.8266 0.5617
vn 0.0248 -0.8345 0.5505
vn 0.0822 -0.8231 0.5620
vn 0.0822 -0.8231 0.5619
vn 0.1391 -0.8144 0.5634
vn 0.1956 -0.8027 0.5633
vn 0.1393 -0.8143 0.5634
vn 0.2512 -0.7870 0.5635
vn 0.1958 -0.8027 0.5633
vn 0.3054 -0.7676 0.5635
vn 0.2514 -0.7869 0.5635
vn 0.3583 -0.7444 0.5634
vn 0.3056 -0.7675 0.5635
vn 0.4094 -0.7177 0.5633
vn 0.3585 -0.7443 0.5634
vn 0.4584 -0.6874 0.5634
vn 0.4096 -0.7176 0.5633
vn 0.5053 -0.6536 0.5635
vn 0.4586 -0.6872 0.5634
vn 0.4585 -0.6874 0.5634
vn 0.5496 -0.6168 0.5635
vn 0.5054 -0.6535 0.5635
vn 0.5052 -0.6536 0.5635
vn 0.5913 -0.5770 0.5634
vn 0.5497 -0.6166 0.5635
vn 0.6301 -0.5343 0.5634
vn 0.5915 -0.5768 0.5635
vn 0.5913 -0.5769 0.5634
vn 0.6659 -0.4891 0.5634
vn 0.6303 -0.5342 0.5634
vn 0.6983 -0.4415 0.5634
vn 0.6660 -0.4889 0.5634
vn 0.7275 -0.3917 0.5633
vn 0.6984 -0.4413 0.5634
vn 0.6983 -0.4414 0.5634
vn 0.7600 -0.3430 0.5520
vn 0.7276 -0.3915 0.5633
vn 0.7930 -0.2319 0.5633
vn 0.7751 -0.2864 0.5632
vn 0.7750 -0.2866 0.5632
vn 0.8073 -0.1761 0.5633
vn 0.7931 -0.2317 0.5633
vn 0.8251 -0.1203 0.5520
vn 0.8073 -0.1759 0.5633
vn 0.8263 -0.0045 0.5633
vn 0.8239 -0.0618 0.5634
vn 0.8239 -0.0620 0.5633
vn 0.8332 0.0537 0.5503
vn 0.8262 -0.0043 0.5633
vn 0.8334 0.0537 0.5500
vn 0.8333 0.0539 0.5502
vn 0.8188 0.1106 0.5634
vn 0.8188 0.1108 0.5633
vn 0.8091 0.1674 0.5633
vn 0.8089 0.1676 0.5635
vn 0.7956 0.2234 0.5632
vn 0.8089 0.1675 0.5635
vn 0.7954 0.2236 0.5633
vn 0.7780 0.2783 0.5632
vn 0.7778 0.2785 0.5635
vn 0.7568 0.3319 0.5631
vn 0.7565 0.3320 0.5634
vn 0.7319 0.3839 0.5630
vn 0.7316 0.3841 0.5633
vn 0.7033 0.4340 0.5631
vn 0.7030 0.4341 0.5633
vn 0.6712 0.4819 0.5632
vn 0.6709 0.4820 0.5635
vn 0.6360 0.5276 0.5631
vn 0.6358 0.5277 0.5634
vn 0.5976 0.5706 0.5632
vn 0.6357 0.5277 0.5634
vn 0.5974 0.5707 0.5634
vn 0.5564 0.6110 0.5632
vn 0.5973 0.5707 0.5634
vn 0.5561 0.6110 0.5634
vn 0.5123 0.6483 0.5632
vn 0.5121 0.6483 0.5635
vn 0.4658 0.6824 0.5633
vn 0.4656 0.6824 0.5635
vn 0.4171 0.7133 0.5632
vn 0.4169 0.7133 0.5634
vn 0.3663 0.7407 0.5632
vn 0.3661 0.7406 0.5635
vn 0.3138 0.7644 0.5632
vn 0.3660 0.7406 0.5635
vn 0.3135 0.7643 0.5635
vn 0.2596 0.7844 0.5633
vn 0.2595 0.7843 0.5635
vn 0.2042 0.8005 0.5634
vn 0.2594 0.7843 0.5635
vn 0.0982 0.5548 0.8262
vn -0.0205 0.6884 0.7251
vn -0.0225 0.5046 0.8630
vn -0.0721 0.7151 0.6953
vn -0.0924 0.5557 0.8262
vn -0.2186 0.6847 0.6953
vn -0.3106 0.4701 0.8262
vn -0.5482 0.4649 0.6952
vn -0.4526 0.3356 0.8261
vn -0.4749 0.3032 0.8261
vn -0.4820 0.1718 0.8592
vn -0.6900 0.2018 0.6952
vn -0.7024 0.1532 0.6951
vn -0.5069 0.0679 0.8593
vn -0.5501 0.1226 0.8261
vn -0.7155 0.0537 0.6965
vn -0.5086 0.0027 0.8610
vn -0.5513 -0.1168 0.8261
vn -0.6920 -0.1945 0.6952
vn -0.4190 -0.2935 0.8592
vn -0.3975 -0.3220 0.8592
vn -0.4319 -0.3618 0.8261
vn -0.3774 -0.4184 0.8261
vn -0.4838 -0.5316 0.6952
vn -0.1997 -0.4709 0.8593
vn -0.1323 -0.4941 0.8593
vn -0.1322 -0.4942 0.8593
vn -0.0983 -0.5548 0.8262
vn -0.0621 -0.5077 0.8593
vn 0.0721 -0.7151 0.6953
vn 0.0179 -0.6699 0.7422
vn 0.0922 -0.5032 0.8593
vn 0.3118 -0.6476 0.6953
vn 0.3989 -0.5980 0.6952
vn 0.3730 -0.4223 0.8261
vn 0.4159 -0.2980 0.8592
vn 0.6076 -0.3841 0.6952
vn 0.5126 -0.2342 0.8261
vn 0.5401 -0.1606 0.8261
vn 0.5085 -0.0027 0.8610
vn 0.7156 -0.0537 0.6965
vn 0.5036 0.0250 0.8636
vn 0.6873 0.0442 0.7251
vn 0.6921 0.1944 0.6952
vn 0.6768 0.2423 0.6952
vn 0.6116 0.3777 0.6952
vn 0.3975 0.3220 0.8592
vn 0.4057 0.3911 0.8261
vn 0.3473 0.4437 0.8261
vn 0.2634 0.4385 0.8592
vn 0.3628 0.6205 0.6953
vn 0.1997 0.4709 0.8593
vn 0.1323 0.4941 0.8593
vn 0.2042 0.8004 0.5636
vn 0.1478 0.8128 0.5635
vn -0.0246 0.8257 0.5636
vn 0.0331 0.8255 0.5635
vn -0.0828 0.8298 0.5519
vn -0.0828 0.8299 0.5518
vn -0.1394 0.8145 0.5631
vn -0.1975 0.8101 0.5521
vn -0.1975 0.8101 0.5520
vn -0.2513 0.7869 0.5635
vn -0.3057 0.7676 0.5633
vn -0.4096 0.7177 0.5632
vn -0.3584 0.7443 0.5635
vn -0.4095 0.7175 0.5635
vn -0.5054 0.6535 0.5634
vn -0.5500 0.6168 0.5631
vn -0.5054 0.6536 0.5634
vn -0.5498 0.6166 0.5634
vn -0.6304 0.5343 0.5631
vn -0.6303 0.5342 0.5633
vn -0.6984 0.4415 0.5634
vn -0.6660 0.4889 0.5634
vn -0.7273 0.3917 0.5635
vn -0.7275 0.3915 0.5635
vn -0.6984 0.4412 0.5635
vn -0.7529 0.3400 0.5635
vn -0.8174 0.1193 0.5635
vn -0.8240 0.0620 0.5633
vn -0.8261 0.0045 0.5634
vn -0.8238 0.0620 0.5634
vn -0.8239 0.0618 0.5634
vn -0.8321 -0.0538 0.5520
vn -0.8322 -0.0538 0.5519
vn -0.8322 -0.0537 0.5518
vn -0.8092 -0.1674 0.5631
vn -0.8187 -0.1105 0.5634
vn -0.7956 -0.2234 0.5631
vn -0.8091 -0.1673 0.5633
vn -0.8090 -0.1676 0.5633
vn -0.7780 -0.2783 0.5633
vn -0.7955 -0.2234 0.5632
vn -0.7566 -0.3319 0.5634
vn -0.7318 -0.3839 0.5631
vn -0.7031 -0.4339 0.5634
vn -0.7317 -0.3838 0.5633
vn -0.6711 -0.4818 0.5634
vn -0.6038 -0.5769 0.5501
vn -0.5124 -0.6483 0.5632
vn -0.5123 -0.6481 0.5634
vn -0.4171 -0.7131 0.5634
vn -0.4658 -0.6824 0.5633
vn -0.3663 -0.7405 0.5634
vn -0.4171 -0.7132 0.5634
vn -0.3137 -0.7642 0.5636
vn -0.2597 -0.7845 0.5632
vn -0.2043 -0.8006 0.5633
vn -0.2596 -0.7842 0.5635
vn -0.1479 -0.8127 0.5636
vn -0.2043 -0.8005 0.5634
vn -0.0908 -0.8213 0.5632
vn -0.0908 -0.8211 0.5635
vn 0.0249 -0.8346 0.5502
vn 0.1393 -0.8145 0.5632
vn 0.1394 -0.8144 0.5634
vn 0.1958 -0.8026 0.5635
vn 0.3057 -0.7677 0.5632
vn 0.2514 -0.7869 0.5636
vn 0.3586 -0.7445 0.5631
vn 0.4097 -0.7178 0.5630
vn 0.3585 -0.7444 0.5634
vn 0.4587 -0.6874 0.5630
vn 0.4095 -0.7175 0.5634
vn 0.5055 -0.6537 0.5631
vn 0.4585 -0.6872 0.5635
vn 0.5499 -0.6168 0.5632
vn 0.5054 -0.6534 0.5636
vn 0.5915 -0.5768 0.5634
vn 0.5497 -0.6167 0.5635
vn 0.6304 -0.5343 0.5631
vn 0.5914 -0.5768 0.5635
vn 0.6662 -0.4891 0.5631
vn 0.6303 -0.5341 0.5634
vn 0.6986 -0.4414 0.5631
vn 0.6659 -0.4889 0.5635
vn 0.6985 -0.4413 0.5633
vn 0.7601 -0.3431 0.5519
vn 0.7601 -0.3431 0.5518
vn 0.7600 -0.3431 0.5520
vn 0.7601 -0.3430 0.5519
vn 0.7750 -0.2864 0.5633
vn 0.8075 -0.1760 0.5630
vn 0.7930 -0.2317 0.5634
vn 0.8252 -0.1204 0.5519
vn 0.8264 -0.0043 0.5630
vn 0.8090 0.1673 0.5635
vn 0.7779 0.2782 0.5635
vn 0.7955 0.2234 0.5633
vn 0.7567 0.3319 0.5632
vn 0.7779 0.2783 0.5635
vn 0.7318 0.3839 0.5631
vn 0.7566 0.3318 0.5634
vn 0.7031 0.4339 0.5633
vn 0.7317 0.3838 0.5633
vn 0.7316 0.3840 0.5633
vn 0.6711 0.4819 0.5635
vn 0.6360 0.5276 0.5632
vn 0.6710 0.4819 0.5635
vn 0.5975 0.5705 0.5634
vn 0.6359 0.5275 0.5634
vn 0.5564 0.6110 0.5631
vn 0.5122 0.6482 0.5635
vn 0.5563 0.6108 0.5634
vn 0.4657 0.6823 0.5635
vn 0.4658 0.6823 0.5635
vn 0.3664 0.7407 0.5631
vn 0.4170 0.7132 0.5634
vn 0.3137 0.7642 0.5635
vn 0.3662 0.7405 0.5635
vn 0.2597 0.7845 0.5632
vn 0.2596 0.7843 0.5635
vn 0.2594 0.7844 0.5635
vn 0.1635 0.8912 0.4231
vn 0.2357 0.9718 0.0008
vn 0.1672 0.9859 0.0005
vn 0.1903 0.9817 0.0002
vn 0.2583 0.9661 0.0002
vn 0.0980 0.9952 0.0009
vn 0.1635 0.8912 0.4230
vn 0.1672 0.9859 0.0006
vn 0.1212 0.9926 0.0002
vn 0.0387 0.9037 0.4264
vn 0.0980 0.9952 0.0010
vn 0.0284 0.9996 0.0007
vn 0.0518 0.9987 0.0002
vn -0.0244 0.9043 0.4263
vn 0.0284 0.9996 0.0008
vn -0.0414 0.9991 0.0007
vn -0.0181 0.9998 0.0002
vn -0.0881 0.9018 0.4230
vn -0.0414 0.9991 0.0008
vn -0.1099 0.9939 0.0007
vn -0.0878 0.9961 0.0002
vn -0.1584 0.9268 0.3406
vn -0.1098 0.9939 0.0007
vn -0.1683 0.9857 0.0007
vn -0.1684 0.9857 0.0001
vn -0.2378 0.9713 0.0006
vn -0.3156 0.9489 0.0008
vn -0.2160 0.8796 0.4239
vn -0.2932 0.9560 0.0002
vn -0.2369 0.9715 0.0001
vn -0.3695 0.9292 0.0010
vn -0.2743 0.8618 0.4267
vn -0.3697 0.9291 0.0002
vn -0.4336 0.9011 0.0006
vn -0.3347 0.8382 0.4305
vn -0.3695 0.9292 0.0011
vn -0.4335 0.9011 0.0006
vn -0.3697 0.9292 0.0001
vn -0.4338 0.9010 0.0001
vn -0.5058 0.8626 0.0007
vn -0.3937 0.8157 0.4239
vn -0.4856 0.8742 0.0002
vn -0.5636 0.8260 0.0010
vn -0.4477 0.7859 0.4266
vn -0.5453 0.8382 0.0002
vn -0.5058 0.8626 0.0008
vn -0.5751 0.7438 0.3405
vn -0.5009 0.7531 0.4266
vn -0.5636 0.8260 0.0009
vn -0.6114 0.7913 0.0007
vn -0.6115 0.7912 0.0001
vn -0.5637 0.8260 0.0009
vn -0.6662 0.7458 0.0006
vn -0.6654 0.7465 0.0001
vn -0.7157 0.6984 0.0011
vn -0.6036 0.6752 0.4239
vn -0.7158 0.6983 0.0002
vn -0.7626 0.6468 0.0006
vn -0.6468 0.6295 0.4305
vn -0.8130 0.5823 0.0007
vn -0.6915 0.5850 0.4238
vn -0.7992 0.6011 0.0002
vn -0.7628 0.6466 0.0001
vn -0.8515 0.5243 0.0007
vn -0.7286 0.5359 0.4266
vn -0.8130 0.5823 0.0008
vn -0.8391 0.5440 0.0002
vn -0.8860 0.4637 0.0008
vn -0.7642 0.4838 0.4265
vn -0.8750 0.4841 0.0002
vn -0.9162 0.4007 0.0007
vn -0.7961 0.4293 0.4264
vn -0.8860 0.4636 0.0007
vn -0.9066 0.4219 0.0002
vn -0.8860 0.4637 0.0007
vn -0.9419 0.3359 0.0007
vn -0.8241 0.3727 0.4265
vn -0.9162 0.4007 0.0008
vn -0.9338 0.3577 0.0002
vn -0.9630 0.2693 0.0007
vn -0.8481 0.3144 0.4264
vn -0.9419 0.3359 0.0008
vn -0.9565 0.2917 0.0002
vn -0.9792 0.2028 0.0009
vn -0.8680 0.2544 0.4265
vn -0.9630 0.2694 0.0008
vn -0.9745 0.2243 0.0002
vn -0.9294 0.1348 0.3436
vn -0.8835 0.1939 0.4264
vn -0.9792 0.2027 0.0009
vn -0.9895 0.1444 0.0001
vn -0.9032 0.0683 0.4237
vn -0.9294 0.1347 0.3436
vn -0.9973 0.0740 0.0008
vn -0.9973 0.0741 0.0007
vn -0.9895 0.1445 0.0007
vn -0.9973 0.0740 0.0007
vn -0.9972 0.0750 0.0001
vn -0.9047 0.0073 0.4261
vn -1.0000 -0.0066 0.0007
vn -0.9999 0.0166 0.0002
vn -0.9044 -0.0570 0.4229
vn -1.0000 -0.0067 0.0008
vn -0.9971 -0.0762 0.0006
vn -0.9986 -0.0529 0.0002
vn -1.0000 -0.0066 0.0008
vn -0.9893 -0.1457 0.0008
vn -0.9044 -0.0571 0.4229
vn -0.9971 -0.0762 0.0005
vn -0.9925 -0.1225 0.0002
vn -0.9768 -0.2142 0.0009
vn -0.8965 -0.1204 0.4264
vn -0.9815 -0.1914 0.0002
vn -0.8715 -0.2424 0.4262
vn -0.9595 -0.2818 0.0008
vn -0.9658 -0.2593 0.0002
vn -0.8525 -0.3025 0.4263
vn -0.9375 -0.3481 0.0007
vn -0.9453 -0.3261 0.0002
vn -0.9595 -0.2818 0.0007
vn -0.8293 -0.3613 0.4263
vn -0.9374 -0.3481 0.0008
vn -0.9109 -0.4126 0.0008
vn -0.9203 -0.3912 0.0002
vn -0.9375 -0.3481 0.0008
vn -0.8021 -0.4182 0.4263
vn -0.9109 -0.4126 0.0007
vn -0.8798 -0.4754 0.0008
vn -0.8908 -0.4544 0.0002
vn -0.7685 -0.4734 0.4304
vn -0.8510 -0.5252 0.0010
vn -0.8510 -0.5252 0.0002
vn -0.8798 -0.4753 0.0007
vn -0.7361 -0.5277 0.4238
vn -0.8510 -0.5252 0.0011
vn -0.8123 -0.5833 0.0006
vn -0.8510 -0.5252 0.0001
vn -0.8122 -0.5834 0.0001
vn -0.6978 -0.5757 0.4262
vn -0.7618 -0.6478 0.0007
vn -0.7768 -0.6298 0.0002
vn -0.6558 -0.6231 0.4262
vn -0.7149 -0.6993 0.0007
vn -0.7310 -0.6823 0.0002
vn -0.7767 -0.6298 0.0002
vn -0.6107 -0.6673 0.4263
vn -0.7149 -0.6992 0.0007
vn -0.6644 -0.7474 0.0008
vn -0.6817 -0.7317 0.0002
vn -0.7149 -0.6992 0.0008
vn -0.5627 -0.7083 0.4262
vn -0.6104 -0.7921 0.0007
vn -0.6290 -0.7774 0.0002
vn -0.6644 -0.7474 0.0007
vn -0.5095 -0.7450 0.4305
vn -0.6104 -0.7921 0.0008
vn -0.5638 -0.8259 0.0010
vn -0.5638 -0.8259 0.0002
vn -0.4577 -0.7815 0.4239
vn -0.5638 -0.8259 0.0011
vn -0.5048 -0.8632 0.0006
vn -0.4033 -0.8098 0.4262
vn -0.4324 -0.9017 0.0007
vn -0.4534 -0.8913 0.0002
vn -0.5047 -0.8633 0.0001
vn -0.3456 -0.8359 0.4263
vn -0.4325 -0.9017 0.0007
vn -0.3686 -0.9296 0.0007
vn -0.3903 -0.9207 0.0002
vn -0.2865 -0.8580 0.4263
vn -0.3029 -0.9530 0.0007
vn -0.3251 -0.9457 0.0002
vn -0.2258 -0.8759 0.4263
vn -0.3028 -0.9531 0.0007
vn -0.2356 -0.9719 0.0007
vn -0.2583 -0.9661 0.0002
vn -0.3028 -0.9530 0.0007
vn -0.1642 -0.8895 0.4264
vn -0.1673 -0.9859 0.0008
vn -0.1902 -0.9817 0.0002
vn -0.2356 -0.9718 0.0007
vn -0.1009 -0.9005 0.4230
vn -0.0981 -0.9952 0.0006
vn -0.1214 -0.9926 0.0002
vn -0.1673 -0.9859 0.0007
vn -0.0284 -0.9996 0.0008
vn -0.0517 -0.9987 0.0002
vn -0.1213 -0.9926 0.0002
vn 0.0413 -0.9991 0.0007
vn -0.0370 -0.9037 0.4266
vn -0.0284 -0.9996 0.0007
vn 0.0180 -0.9998 0.0002
vn 0.1109 -0.9938 0.0007
vn 0.0261 -0.9040 0.4266
vn 0.0413 -0.9991 0.0008
vn 0.0878 -0.9961 0.0002
vn 0.1801 -0.9836 0.0008
vn 0.0892 -0.9000 0.4267
vn 0.1110 -0.9938 0.0007
vn 0.1571 -0.9876 0.0002
vn 0.2483 -0.9687 0.0010
vn 0.1517 -0.8916 0.4266
vn 0.2257 -0.9742 0.0002
vn 0.2728 -0.8624 0.4264
vn 0.2484 -0.9687 0.0009
vn 0.3152 -0.9490 0.0007
vn 0.2930 -0.9561 0.0002
vn 0.2483 -0.9687 0.0009
vn 0.3338 -0.8424 0.4230
vn 0.3152 -0.9490 0.0008
vn 0.3808 -0.9247 0.0005
vn 0.3590 -0.9333 0.0002
vn 0.4444 -0.8958 0.0007
vn 0.3339 -0.8424 0.4230
vn 0.3808 -0.9247 0.0006
vn 0.4234 -0.9060 0.0002
vn 0.3591 -0.9333 0.0002
vn 0.5057 -0.8627 0.0007
vn 0.3917 -0.8152 0.4265
vn 0.4444 -0.8958 0.0008
vn 0.4855 -0.8743 0.0002
vn 0.4234 -0.9059 0.0002
vn 0.5646 -0.8253 0.0007
vn 0.4476 -0.7859 0.4266
vn 0.5057 -0.8627 0.0008
vn 0.5453 -0.8382 0.0002
vn 0.4855 -0.8742 0.0002
vn 0.6210 -0.7838 0.0008
vn 0.5014 -0.7527 0.4266
vn 0.5647 -0.8253 0.0008
vn 0.6024 -0.7982 0.0002
vn 0.5647 -0.8253 0.0007
vn 0.6651 -0.7467 0.0010
vn 0.5526 -0.7160 0.4266
vn 0.6211 -0.7838 0.0007
vn 0.6652 -0.7467 0.0002
vn 0.6025 -0.7982 0.0002
vn 0.7157 -0.6984 0.0006
vn 0.6013 -0.6732 0.4304
vn 0.6651 -0.7468 0.0011
vn 0.7156 -0.6985 0.0006
vn 0.6652 -0.7466 0.0001
vn 0.7158 -0.6983 0.0001
vn 0.7704 -0.6376 0.0007
vn 0.6490 -0.6318 0.4238
vn 0.7157 -0.6985 0.0006
vn 0.7553 -0.6554 0.0002
vn 0.8129 -0.5824 0.0007
vn 0.6895 -0.5854 0.4264
vn 0.7991 -0.6012 0.0002
vn 0.7704 -0.6376 0.0008
vn 0.7553 -0.6553 0.0002
vn 0.8517 -0.5241 0.0008
vn 0.7286 -0.5359 0.4265
vn 0.8129 -0.5824 0.0008
vn 0.8391 -0.5440 0.0002
vn 0.8805 -0.4741 0.0010
vn 0.7641 -0.4838 0.4266
vn 0.8805 -0.4740 0.0002
vn 0.9063 -0.4225 0.0008
vn 0.7952 -0.4270 0.4305
vn 0.9064 -0.4225 0.0008
vn 0.9161 -0.4010 0.0002
vn 0.9379 -0.3469 0.0006
vn 0.8256 -0.3699 0.4262
vn 0.9379 -0.3469 0.0001
vn 0.9064 -0.4225 0.0007
vn 0.9631 -0.2692 0.0008
vn 0.8499 -0.3133 0.4238
vn 0.9566 -0.2916 0.0002
vn 0.9379 -0.3468 0.0001
vn 0.9795 -0.2015 0.0008
vn 0.8679 -0.2545 0.4265
vn 0.9631 -0.2692 0.0007
vn 0.9745 -0.2243 0.0002
vn 0.9911 -0.1328 0.0008
vn 0.8836 -0.1933 0.4264
vn 0.9878 -0.1558 0.0002
vn 0.9795 -0.2016 0.0007
vn 0.9979 -0.0647 0.0009
vn 0.8949 -0.1312 0.4265
vn 0.9962 -0.0865 0.0002
vn 0.9912 -0.1327 0.0007
vn 0.9408 -0.0052 0.3390
vn 0.9019 -0.0691 0.4264
vn 0.9979 -0.0646 0.0009
vn 1.0000 0.0067 0.0005
vn 0.9998 -0.0182 0.0001
vn 0.9007 0.0579 0.4305
vn 0.9978 0.0662 0.0014
vn 1.0000 0.0067 0.0006
vn 0.9979 0.0653 0.0001
vn 0.9998 -0.0182 -0.0000
vn 0.8977 0.1205 0.4238
vn 0.9910 0.1340 0.0006
vn 0.8841 0.1820 0.4303
vn 0.9792 0.2028 0.0011
vn 0.9792 0.2027 0.0002
vn 0.9910 0.1339 0.0001
vn 0.8722 0.2443 0.4238
vn 0.9792 0.2028 0.0010
vn 0.9628 0.2704 0.0006
vn 0.9792 0.2027 0.0001
vn 0.9627 0.2705 0.0001
vn 0.8526 0.3025 0.4261
vn 0.9375 0.3481 0.0008
vn 0.9453 0.3262 0.0002
vn 0.8306 0.3624 0.4229
vn 0.9374 0.3481 0.0008
vn 0.9114 0.4115 0.0007
vn 0.9203 0.3911 0.0002
vn 0.8319 0.4357 0.3435
vn 0.8306 0.3623 0.4229
vn 0.8319 0.4358 0.3435
vn 0.8855 0.4646 0.0007
vn 0.8855 0.4646 0.0001
vn 0.7710 0.4754 0.4238
vn 0.8504 0.5261 0.0007
vn 0.8509 0.5253 0.0001
vn 0.7363 0.5257 0.4261
vn 0.8052 0.5931 0.0008
vn 0.8188 0.5741 0.0002
vn 0.6977 0.5758 0.4263
vn 0.8052 0.5931 0.0007
vn 0.7618 0.6479 0.0008
vn 0.7768 0.6297 0.0002
vn 0.6533 0.6228 0.4305
vn 0.7618 0.6479 0.0007
vn 0.7232 0.6906 0.0011
vn 0.7232 0.6907 0.0002
vn 0.7617 0.6479 0.0007
vn 0.6102 0.6692 0.4240
vn 0.7232 0.6907 0.0010
vn 0.6733 0.7394 0.0006
vn 0.7231 0.6907 0.0002
vn 0.7232 0.6907 0.0011
vn 0.5628 0.7082 0.4262
vn 0.6105 0.7920 0.0007
vn 0.6288 0.7775 0.0002
vn 0.6732 0.7395 0.0001
vn 0.5119 0.7458 0.4263
vn 0.6105 0.7920 0.0008
vn 0.5539 0.8326 0.0008
vn 0.5732 0.8194 0.0002
vn 0.4587 0.7797 0.4263
vn 0.5538 0.8326 0.0008
vn 0.4944 0.8692 0.0008
vn 0.5146 0.8574 0.0002
vn 0.5539 0.8326 0.0007
vn 0.4031 0.8098 0.4263
vn 0.4325 0.9016 0.0007
vn 0.4535 0.8912 0.0002
vn 0.4944 0.8692 0.0007
vn 0.3456 0.8360 0.4263
vn 0.4325 0.9016 0.0008
vn 0.3686 0.9296 0.0008
vn 0.3903 0.9207 0.0002
vn 0.4326 0.9016 0.0007
vn 0.4536 0.8912 0.0002
vn 0.2864 0.8580 0.4264
vn 0.3028 0.9530 0.0008
vn 0.3251 0.9457 0.0002
vn 0.3686 0.9296 0.0007
vn 0.2258 0.8759 0.4263
vn 0.3029 0.9530 0.0008
vn 0.2357 0.9718 0.0007
vn 0.3028 0.9530 0.0007
vn 0.2259 0.8759 0.4263
vn 0.1672 0.9859 0.0001
vn 0.1022 0.9948 0.0006
vn 0.1009 0.8973 0.4298
vn 0.1008 0.8973 0.4298
vn 0.0284 0.9996 0.0001
vn -0.0414 0.9991 0.0002
vn -0.1098 0.9940 0.0001
vn -0.1098 0.9940 0.0007
vn -0.1685 0.9857 0.0001
vn -0.3156 0.9489 0.0002
vn -0.3348 0.8382 0.4305
vn -0.4476 0.7859 0.4266
vn -0.5058 0.8626 0.0002
vn -0.4477 0.7860 0.4263
vn -0.6036 0.6753 0.4239
vn -0.6914 0.5850 0.4238
vn -0.7158 0.6983 0.0001
vn -0.7628 0.6467 0.0001
vn -0.7992 0.6010 0.0002
vn -0.8130 0.5823 0.0002
vn -0.8515 0.5243 0.0008
vn -0.7287 0.5360 0.4262
vn -0.8515 0.5243 0.0002
vn -0.7643 0.4839 0.4262
vn -0.8860 0.4636 0.0002
vn -0.7962 0.4294 0.4262
vn -0.9162 0.4007 0.0002
vn -0.8242 0.3728 0.4262
vn -0.9419 0.3358 0.0002
vn -0.9630 0.2694 0.0007
vn -0.8482 0.3144 0.4263
vn -0.9630 0.2694 0.0002
vn -0.8835 0.1938 0.4264
vn -0.8681 0.2545 0.4262
vn -0.9895 0.1446 0.0007
vn -0.9295 0.1347 0.3434
vn -0.9973 0.0741 0.0006
vn -1.0000 -0.0067 0.0003
vn -1.0000 -0.0067 0.0007
vn -0.9971 -0.0762 0.0001
vn -0.9893 -0.1457 0.0002
vn -0.9776 -0.2104 0.0006
vn -0.8846 -0.1813 0.4296
vn -0.9768 -0.2142 0.0010
vn -0.9658 -0.2592 0.0002
vn -0.9595 -0.2818 0.0001
vn -0.9375 -0.3481 0.0002
vn -0.8293 -0.3613 0.4262
vn -0.9109 -0.4126 0.0002
vn -0.8293 -0.3612 0.4263
vn -0.8798 -0.4753 0.0002
vn -0.8798 -0.4754 0.0007
vn -0.8509 -0.5253 0.0002
vn -0.7618 -0.6478 0.0003
vn -0.6558 -0.6231 0.4263
vn -0.7618 -0.6478 0.0008
vn -0.7149 -0.6993 0.0002
vn -0.6816 -0.7317 0.0002
vn -0.6643 -0.7474 0.0002
vn -0.6289 -0.7774 0.0002
vn -0.6104 -0.7921 0.0002
vn -0.4578 -0.7815 0.4239
vn -0.5637 -0.8260 0.0001
vn -0.4032 -0.8098 0.4262
vn -0.4324 -0.9017 0.0003
vn -0.4324 -0.9017 0.0008
vn -0.3902 -0.9207 0.0002
vn -0.3686 -0.9296 0.0002
vn -0.2865 -0.8580 0.4264
vn -0.3456 -0.8360 0.4263
vn -0.3250 -0.9457 0.0002
vn -0.3028 -0.9530 0.0002
vn -0.2259 -0.8759 0.4263
vn -0.2864 -0.8580 0.4263
vn -0.3028 -0.9530 0.0008
vn -0.2356 -0.9719 0.0002
vn -0.2356 -0.9718 0.0008
vn -0.1673 -0.9859 0.0002
vn -0.0981 -0.9952 0.0001
vn -0.0284 -0.9996 0.0002
vn -0.0370 -0.9037 0.4265
vn 0.0413 -0.9991 0.0002
vn 0.0891 -0.9000 0.4267
vn 0.0261 -0.9041 0.4265
vn 0.1109 -0.9938 0.0002
vn 0.0892 -0.9002 0.4264
vn 0.1801 -0.9836 0.0002
vn 0.2444 -0.9697 0.0006
vn 0.2122 -0.8776 0.4299
vn 0.1802 -0.9836 0.0008
vn 0.3152 -0.9490 0.0001
vn 0.2729 -0.8624 0.4264
vn 0.3808 -0.9247 0.0001
vn 0.3917 -0.8152 0.4266
vn 0.4444 -0.8958 0.0002
vn 0.3917 -0.8153 0.4264
vn 0.5057 -0.8627 0.0002
vn 0.4477 -0.7860 0.4264
vn 0.5647 -0.8253 0.0002
vn 0.6211 -0.7838 0.0008
vn 0.5014 -0.7529 0.4263
vn 0.6211 -0.7838 0.0002
vn 0.6651 -0.7468 0.0010
vn 0.6652 -0.7466 0.0002
vn 0.7704 -0.6376 0.0002
vn 0.6896 -0.5855 0.4262
vn 0.8129 -0.5824 0.0002
vn 0.8517 -0.5241 0.0007
vn 0.7287 -0.5360 0.4263
vn 0.8517 -0.5241 0.0002
vn 0.7951 -0.4270 0.4307
vn 0.9063 -0.4225 0.0007
vn 0.8257 -0.3700 0.4258
vn 0.9161 -0.4010 0.0001
vn 0.8680 -0.2544 0.4265
vn 0.8498 -0.3133 0.4238
vn 0.9566 -0.2915 0.0002
vn 0.9631 -0.2692 0.0002
vn 0.9795 -0.2015 0.0007
vn 0.8681 -0.2545 0.4262
vn 0.9795 -0.2016 0.0002
vn 0.8837 -0.1934 0.4262
vn 0.9911 -0.1328 0.0002
vn 0.9795 -0.2016 0.0008
vn 0.8951 -0.1312 0.4262
vn 1.0000 0.0068 0.0005
vn 0.9979 0.0654 0.0001
vn 0.8722 0.2442 0.4238
vn 0.9627 0.2704 0.0006
vn 0.9374 0.3481 0.0003
vn 0.9374 0.3481 0.0007
vn 0.9203 0.3912 0.0002
vn 0.9114 0.4115 0.0001
vn 0.8504 0.5261 0.0006
vn 0.8855 0.4647 0.0001
vn 0.7709 0.4755 0.4238
vn 0.8504 0.5261 0.0008
vn 0.8051 0.5931 0.0003
vn 0.8051 0.5931 0.0007
vn 0.7769 0.6297 0.0002
vn 0.7618 0.6478 0.0002
vn 0.7232 0.6907 0.0001
vn 0.6102 0.6693 0.4240
vn 0.6105 0.7920 0.0003
vn 0.5539 0.8326 0.0002
vn 0.4586 0.7797 0.4263
vn 0.4944 0.8692 0.0002
vn 0.4326 0.9016 0.0002
vn 0.3456 0.8359 0.4263
vn 0.3902 0.9207 0.0002
vn 0.3686 0.9296 0.0002
vn 0.3250 0.9457 0.0002
vn 0.3028 0.9530 0.0002
vn 0.2357 0.9718 0.0002
vn 0.1541 0.8418 -0.5173
vn 0.2202 0.9079 -0.3567
vn 0.2127 0.8292 -0.5169
vn 0.0992 0.5473 -0.8310
vn 0.1377 0.5383 -0.8315
vn 0.1014 0.5423 -0.8340
vn 0.1269 0.4717 -0.8726
vn 0.1924 0.7850 -0.5889
vn 0.1794 0.9551 -0.2360
vn 0.2454 0.9418 0.2298
vn 0.1754 0.9540 0.2433
vn 0.2078 0.8226 0.5293
vn 0.1498 0.8344 0.5304
vn 0.1552 0.6108 0.7764
vn 0.1122 0.6201 0.7764
vn 0.0963 0.3800 0.9200
vn 0.0722 0.4180 0.9056
vn -0.0077 -0.0343 0.9994
vn -0.1036 -0.3908 0.9146
vn -0.0738 -0.3927 0.9167
vn -0.1699 -0.6596 0.7321
vn -0.1265 -0.6784 0.7238
vn -0.2051 -0.8055 0.5559
vn -0.1484 -0.8179 0.5559
vn -0.2308 -0.9514 0.2037
vn -0.1639 -0.9650 0.2045
vn -0.1636 -0.9088 -0.3837
vn -0.2267 -0.8952 -0.3837
vn -0.1411 -0.7874 -0.6001
vn -0.2268 -0.8952 -0.3837
vn -0.1957 -0.7756 -0.6001
vn -0.1789 -0.9838 -0.0080
vn -0.2360 -0.9717 -0.0058
vn -0.1786 -0.9839 -0.0026
vn -0.2360 -0.9717 -0.0059
vn -0.2583 -0.9661 -0.0029
vn -0.1744 -0.9594 -0.2216
vn -0.2407 -0.9447 -0.2226
vn -0.1651 -0.9147 -0.3688
vn -0.2286 -0.9010 -0.3688
vn -0.1560 -0.8525 -0.4989
vn -0.2151 -0.8395 -0.4989
vn -0.1434 -0.7793 -0.6100
vn -0.1975 -0.7674 -0.6100
vn -0.1290 -0.7081 -0.6943
vn -0.1781 -0.6974 -0.6942
vn -0.1144 -0.6323 -0.7663
vn -0.1583 -0.6227 -0.7663
vn -0.1009 -0.5511 -0.8283
vn -0.1392 -0.5428 -0.8283
vn -0.0847 -0.4618 -0.8829
vn -0.1391 -0.5427 -0.8283
vn -0.1168 -0.4548 -0.8829
vn -0.0685 -0.3860 -0.9200
vn -0.0952 -0.3803 -0.9199
vn -0.0691 -0.3594 -0.9306
vn -0.0952 -0.3803 -0.9200
vn -0.0890 -0.3448 -0.9344
vn -0.0431 -0.2949 -0.9546
vn -0.0838 -0.2857 -0.9547
vn -0.0380 -0.2403 -0.9700
vn -0.0695 -0.2315 -0.9704
vn -0.0329 -0.1707 -0.9848
vn -0.0695 -0.2314 -0.9704
vn -0.0518 -0.1658 -0.9848
vn 0.0918 0.8651 -0.4931
vn 0.1572 0.9230 -0.3512
vn 0.0620 0.5579 -0.8276
vn 0.0563 0.4696 -0.8811
vn 0.1014 0.5424 -0.8340
vn 0.0880 0.7997 -0.5940
vn 0.1178 0.9867 -0.1124
vn 0.1071 0.9614 0.2534
vn 0.0899 0.8371 0.5396
vn 0.0662 0.6140 0.7865
vn 0.0662 0.6140 0.7866
vn 0.0396 0.3615 0.9315
vn 0.0254 0.1177 0.9927
vn 0.0082 0.0629 0.9980
vn -0.0015 -0.0282 0.9996
vn -0.0249 -0.2198 0.9752
vn -0.0581 -0.4828 0.8738
vn -0.0580 -0.4827 0.8738
vn -0.0793 -0.7086 0.7012
vn -0.0979 -0.8357 0.5403
vn -0.0923 -0.9451 0.3135
vn -0.0970 -0.9282 -0.3593
vn -0.1639 -0.9650 0.2046
vn -0.0859 -0.7956 -0.5997
vn -0.1637 -0.9088 -0.3837
vn -0.1096 -0.9940 -0.0048
vn -0.1790 -0.9838 -0.0080
vn -0.1092 -0.9940 -0.0038
vn -0.1146 -0.9709 -0.2105
vn -0.0989 -0.9264 -0.3634
vn -0.0961 -0.8613 -0.4989
vn -0.0887 -0.7874 -0.6100
vn -0.0793 -0.7154 -0.6942
vn -0.0700 -0.6387 -0.7663
vn -0.1144 -0.6322 -0.7663
vn -0.0622 -0.5568 -0.8283
vn -0.0523 -0.4666 -0.8829
vn -0.0414 -0.3898 -0.9200
vn -0.0685 -0.3860 -0.9199
vn -0.0402 -0.3542 -0.9343
vn -0.0095 -0.1722 -0.9850
vn -0.0109 -0.1095 -0.9939
vn -0.0062 -0.0305 -0.9995
vn 0.0008 -0.0174 -0.9998
vn -0.0067 -0.0218 -0.9997
vn -0.0046 -0.0158 -0.9999
vn 0.0372 0.9353 -0.3520
vn 0.1028 0.9349 -0.3396
vn 0.0225 0.5563 -0.8307
vn 0.0279 0.5416 -0.8402
vn 0.0620 0.5578 -0.8276
vn 0.0880 0.7997 -0.5939
vn 0.0404 0.9728 -0.2280
vn 0.1178 0.9867 -0.1125
vn 0.0405 0.9728 -0.2280
vn 0.0379 0.9534 0.2992
vn 0.0380 0.9534 0.2992
vn 0.0308 0.7815 0.6232
vn 0.0309 0.7815 0.6232
vn 0.0191 0.5155 0.8567
vn 0.0191 0.5154 0.8567
vn 0.0082 0.1465 0.9892
vn -0.0186 -0.4900 0.8715
vn -0.0327 -0.8033 0.5947
vn -0.0403 -0.9751 0.2182
vn -0.0293 -0.9109 -0.4116
vn -0.0299 -0.7996 -0.5998
vn -0.0858 -0.7956 -0.5997
vn -0.0282 -0.9996 -0.0059
vn -0.0514 -0.9987 -0.0029
vn -0.0388 -0.9697 -0.2411
vn -0.1092 -0.9940 -0.0039
vn -0.0368 -0.8632 -0.5036
vn -0.0328 -0.7914 -0.6104
vn -0.0887 -0.7875 -0.6100
vn -0.0295 -0.7197 -0.6937
vn -0.0793 -0.7153 -0.6943
vn -0.0253 -0.6428 -0.7656
vn -0.0233 -0.5605 -0.8278
vn -0.0197 -0.4698 -0.8826
vn -0.0142 -0.3920 -0.9198
vn -0.0414 -0.3899 -0.9199
vn -0.0185 -0.3664 -0.9303
vn -0.0015 -0.3042 -0.9526
vn -0.0015 -0.2474 -0.9689
vn 0.0021 -0.0295 -0.9996
vn -0.0062 -0.0306 -0.9995
vn -0.0294 0.8717 -0.4891
vn 0.0282 0.8366 -0.5471
vn -0.0134 0.5871 -0.8094
vn 0.0282 0.8366 -0.5470
vn -0.0167 0.5578 -0.8298
vn 0.0225 0.5563 -0.8306
vn -0.0287 0.9281 -0.3713
vn -0.0288 0.9965 0.0785
vn -0.0268 0.9062 0.4219
vn 0.0309 0.7814 0.6232
vn -0.0213 0.7203 0.6934
vn -0.0193 0.5045 0.8632
vn -0.0065 0.1841 0.9829
vn 0.0072 -0.2419 0.9703
vn 0.0189 -0.5172 0.8556
vn 0.0221 -0.7592 0.6505
vn -0.0185 -0.4900 0.8715
vn 0.0231 -0.9042 0.4265
vn -0.0402 -0.9751 0.2182
vn 0.0283 -0.9527 -0.3025
vn 0.0244 -0.8202 -0.5716
vn 0.0296 -0.9995 -0.0102
vn 0.0296 -0.9996 -0.0034
vn 0.0285 -0.8806 -0.4730
vn -0.0313 -0.9169 -0.3978
vn -0.0368 -0.8632 -0.5035
vn 0.0240 -0.8081 -0.5885
vn 0.0218 -0.7348 -0.6780
vn -0.0328 -0.7915 -0.6104
vn -0.0295 -0.7197 -0.6936
vn 0.0195 -0.6582 -0.7526
vn 0.0171 -0.5781 -0.8158
vn -0.0233 -0.5604 -0.8279
vn 0.0144 -0.4867 -0.8735
vn -0.0233 -0.5605 -0.8279
vn 0.0119 -0.4000 -0.9164
vn -0.0197 -0.4697 -0.8826
vn -0.0142 -0.3921 -0.9198
vn 0.0109 -0.3698 -0.9291
vn 0.0112 -0.1765 -0.9842
vn -0.0812 0.9340 -0.3480
vn -0.0944 0.8764 -0.4722
vn -0.0551 0.5835 -0.8103
vn -0.0551 0.5835 -0.8102
vn -0.0596 0.5384 -0.8406
vn -0.0973 0.9634 -0.2500
vn -0.0287 0.9281 -0.3712
vn -0.0951 0.9580 0.2706
vn -0.0806 0.8247 0.5598
vn -0.0269 0.9062 0.4219
vn -0.0599 0.6095 0.7905
vn -0.0213 0.7202 0.6934
vn -0.0350 0.3856 0.9220
vn 0.0147 -0.0993 0.9949
vn 0.0436 -0.4186 0.9071
vn 0.0189 -0.5173 0.8556
vn 0.0713 -0.6904 0.7199
vn 0.0794 -0.8365 0.5422
vn 0.0985 -0.9875 0.1230
vn 0.0230 -0.9042 0.4265
vn 0.0985 -0.9875 0.1231
vn 0.0831 -0.9076 -0.4115
vn 0.0831 -0.9076 -0.4116
vn 0.0243 -0.8201 -0.5716
vn 0.0781 -0.7981 -0.5974
vn 0.0781 -0.7982 -0.5974
vn 0.0296 -0.9995 -0.0103
vn 0.0874 -0.9962 -0.0059
vn 0.0297 -0.9995 -0.0102
vn 0.1104 -0.9939 -0.0025
vn 0.0965 -0.9736 -0.2070
vn 0.0353 -0.9672 -0.2515
vn 0.0902 -0.9289 -0.3592
vn 0.0878 -0.8648 -0.4944
vn 0.0240 -0.8081 -0.5886
vn 0.0797 -0.7881 -0.6103
vn 0.0721 -0.7167 -0.6936
vn 0.0634 -0.6402 -0.7656
vn 0.0172 -0.5781 -0.8158
vn 0.0565 -0.5581 -0.8279
vn 0.0475 -0.4678 -0.8826
vn 0.0375 -0.3905 -0.9198
vn 0.0374 -0.3905 -0.9198
vn 0.0110 -0.3698 -0.9291
vn 0.0364 -0.3546 -0.9343
vn -0.0014 -0.3042 -0.9526
vn 0.0400 -0.2953 -0.9546
vn -0.0014 -0.2474 -0.9689
vn 0.0357 -0.2398 -0.9702
vn 0.0020 -0.0295 -0.9996
vn 0.0076 -0.0217 -0.9997
vn -0.1471 0.9239 -0.3531
vn -0.1469 0.8430 -0.5174
vn -0.0899 0.5327 -0.8415
vn -0.0899 0.5326 -0.8416
vn -0.0837 0.4640 -0.8818
vn -0.0838 0.4640 -0.8818
vn -0.1348 0.7900 -0.5982
vn -0.1348 0.7899 -0.5982
vn -0.0973 0.9634 -0.2499
vn -0.1766 0.9773 -0.1173
vn -0.1651 0.9541 0.2499
vn -0.1410 0.8362 0.5300
vn -0.1057 0.6213 0.7764
vn -0.0655 0.3864 0.9200
vn -0.0599 0.6094 0.7906
vn 0.0085 -0.0332 0.9994
vn -0.0137 0.0966 0.9952
vn 0.0788 -0.4353 0.8968
vn 0.0147 -0.0994 0.9949
vn 0.1164 -0.6711 0.7322
vn 0.1395 -0.8163 0.5606
vn 0.1526 -0.9385 0.3097
vn 0.1527 -0.9247 -0.3488
vn 0.1332 -0.7927 -0.5949
vn 0.1333 -0.7927 -0.5949
vn 0.1572 -0.9875 -0.0059
vn 0.1572 -0.9876 -0.0059
vn 0.1799 -0.9837 -0.0029
vn 0.1641 -0.9610 -0.2226
vn 0.1555 -0.9164 -0.3688
vn 0.1470 -0.8541 -0.4989
vn 0.1352 -0.7808 -0.6100
vn 0.0721 -0.7167 -0.6937
vn 0.1215 -0.7094 -0.6943
vn 0.1078 -0.6334 -0.7663
vn 0.0951 -0.5522 -0.8283
vn 0.0799 -0.4627 -0.8829
vn 0.0644 -0.3867 -0.9199
vn 0.0644 -0.3867 -0.9200
vn 0.0653 -0.3601 -0.9306
vn 0.0357 -0.2397 -0.9702
vn 0.0354 -0.1659 -0.9855
vn 0.0354 -0.1658 -0.9855
vn 0.0203 -0.0891 -0.9958
vn -0.2170 0.8900 -0.4011
vn -0.1914 0.7848 -0.5894
vn -0.1107 0.4717 -0.8748
vn -0.0837 0.4641 -0.8818
vn -0.1308 0.5242 -0.8415
vn -0.1308 0.5243 -0.8415
vn -0.2345 0.9366 -0.2602
vn -0.2321 0.9438 0.2355
vn -0.1652 0.9541 0.2499
vn -0.1990 0.8243 0.5300
vn -0.1488 0.6124 0.7764
vn -0.0968 0.4130 0.9056
vn -0.0654 0.3864 0.9200
vn -0.0257 0.0972 0.9949
vn -0.0137 0.0967 0.9952
vn 0.0883 -0.3561 0.9303
vn 0.1630 -0.6614 0.7322
vn 0.0789 -0.4353 0.8968
vn 0.1164 -0.6711 0.7321
vn 0.1967 -0.8078 0.5557
vn 0.1395 -0.8162 0.5606
vn 0.2293 -0.9588 0.1678
vn 0.1526 -0.9385 0.3098
vn 0.2292 -0.9588 0.1678
vn 0.1527 -0.9385 0.3097
vn 0.2080 -0.8859 -0.4146
vn 0.1875 -0.7774 -0.6004
vn 0.1571 -0.9876 -0.0059
vn 0.2368 -0.9716 -0.0048
vn 0.2364 -0.9716 -0.0036
vn 0.2364 -0.9717 -0.0036
vn 0.2308 -0.9471 -0.2230
vn 0.2191 -0.9033 -0.3688
vn 0.2062 -0.8418 -0.4989
vn 0.1894 -0.7695 -0.6100
vn 0.1215 -0.7094 -0.6942
vn 0.1707 -0.6992 -0.6942
vn 0.1517 -0.6244 -0.7662
vn 0.1517 -0.6244 -0.7663
vn 0.1334 -0.5442 -0.8283
vn 0.1120 -0.4560 -0.8829
vn 0.0912 -0.3813 -0.9199
vn 0.0912 -0.3813 -0.9200
vn 0.0853 -0.3457 -0.9344
vn 0.0808 -0.2866 -0.9546
vn 0.0808 -0.2866 -0.9547
vn 0.0683 -0.2291 -0.9710
vn 0.0098 -0.0259 -0.9996
vn 0.0075 -0.0216 -0.9997
vn 0.0053 -0.0157 -0.9999
vn -0.2845 0.8896 -0.3574
vn -0.2660 0.8394 -0.4740
vn -0.1731 0.5453 -0.8202
vn -0.1732 0.5453 -0.8201
vn -0.1428 0.4321 -0.8905
vn -0.2220 0.7001 -0.6787
vn -0.2221 0.7001 -0.6787
vn -0.3020 0.9280 -0.2184
vn -0.3023 0.9291 0.2129
vn -0.2320 0.9438 0.2355
vn -0.2562 0.8089 0.5293
vn -0.1912 0.6005 0.7764
vn -0.1159 0.3687 0.9223
vn 0.0193 -0.0369 0.9991
vn -0.0257 0.0973 0.9949
vn 0.1193 -0.3670 0.9225
vn 0.0882 -0.3561 0.9303
vn 0.2087 -0.6484 0.7321
vn 0.1630 -0.6614 0.7321
vn 0.2526 -0.7919 0.5560
vn 0.2859 -0.9196 0.2694
vn 0.1966 -0.8078 0.5557
vn 0.2786 -0.8905 -0.3598
vn 0.2413 -0.7628 -0.6000
vn 0.2368 -0.9715 -0.0048
vn 0.3148 -0.9491 -0.0059
vn 0.2924 -0.9563 -0.0029
vn 0.2965 -0.9289 -0.2219
vn 0.2816 -0.8858 -0.3688
vn 0.2645 -0.8253 -0.4989
vn 0.2426 -0.7544 -0.6099
vn 0.2426 -0.7544 -0.6100
vn 0.2191 -0.6856 -0.6942
vn 0.2191 -0.6856 -0.6943
vn 0.1949 -0.6122 -0.7663
vn 0.1949 -0.6123 -0.7663
vn 0.1711 -0.5336 -0.8283
vn 0.1435 -0.4471 -0.8829
vn 0.1176 -0.3740 -0.9199
vn 0.1176 -0.3740 -0.9200
vn 0.0853 -0.3458 -0.9344
vn 0.1148 -0.3476 -0.9306
vn 0.0353 -0.1658 -0.9855
vn 0.0764 -0.1734 -0.9819
vn 0.0437 -0.1157 -0.9923
vn -0.3353 0.8720 -0.3567
vn -0.3177 0.7949 -0.5169
vn -0.2080 0.5205 -0.8281
vn -0.2081 0.5205 -0.8281
vn -0.1791 0.4464 -0.8768
vn -0.3051 0.7565 -0.5785
vn -0.3051 0.7564 -0.5785
vn -0.3598 0.9259 -0.1155
vn -0.3598 0.9259 -0.1156
vn -0.3666 0.8912 0.2671
vn -0.3119 0.7887 0.5297
vn -0.2326 0.5857 0.7764
vn -0.1911 0.6005 0.7764
vn -0.1451 0.3662 0.9192
vn -0.0496 0.1279 0.9906
vn 0.1677 -0.4094 0.8968
vn 0.0467 -0.1210 0.9916
vn 0.2535 -0.6323 0.7321
vn 0.3073 -0.7727 0.5555
vn 0.3604 -0.9200 0.1542
vn 0.3604 -0.9200 0.1543
vn 0.3298 -0.8479 -0.4150
vn 0.2413 -0.7627 -0.6000
vn 0.2938 -0.7436 -0.6006
vn 0.3149 -0.9491 -0.0058
vn 0.3699 -0.9290 -0.0080
vn 0.3696 -0.9292 -0.0026
vn 0.2966 -0.9289 -0.2219
vn 0.3606 -0.9060 -0.2216
vn 0.3427 -0.8640 -0.3688
vn 0.3214 -0.8049 -0.4989
vn 0.2947 -0.7356 -0.6100
vn 0.2947 -0.7356 -0.6099
vn 0.2664 -0.6686 -0.6942
vn 0.1949 -0.6123 -0.7662
vn 0.2372 -0.5972 -0.7663
vn 0.1711 -0.5335 -0.8283
vn 0.2079 -0.5203 -0.8283
vn 0.1744 -0.4360 -0.8829
vn 0.1434 -0.3649 -0.9199
vn 0.1326 -0.3305 -0.9344
vn 0.1205 -0.2721 -0.9547
vn 0.0963 -0.2225 -0.9702
vn -0.3954 0.8465 -0.3567
vn -0.3724 0.7708 -0.5169
vn -0.2418 0.5014 -0.8307
vn -0.2212 0.4522 -0.8641
vn -0.3552 0.7372 -0.5748
vn -0.3552 0.7371 -0.5748
vn -0.4315 0.8965 -0.1009
vn -0.4315 0.8964 -0.1009
vn -0.4184 0.8511 0.3172
vn -0.3613 0.7539 0.5488
vn -0.3666 0.8912 0.2672
vn -0.3119 0.7888 0.5297
vn -0.2729 0.5681 0.7764
vn -0.3118 0.7888 0.5297
vn -0.1806 0.3838 0.9056
vn -0.0431 0.0835 0.9956
vn -0.0496 0.1279 0.9905
vn 0.1561 -0.3213 0.9340
vn 0.0467 -0.1210 0.9915
vn 0.2970 -0.6130 0.7321
vn 0.3603 -0.7490 0.5560
vn 0.4235 -0.8825 0.2047
vn 0.3908 -0.8367 -0.3838
vn 0.3908 -0.8366 -0.3838
vn 0.3452 -0.7217 -0.5999
vn 0.4234 -0.9059 -0.0059
vn 0.4442 -0.8959 -0.0029
vn 0.4227 -0.8785 -0.2226
vn 0.4022 -0.8380 -0.3688
vn 0.4021 -0.8380 -0.3688
vn 0.3768 -0.7805 -0.4989
vn 0.3463 -0.7127 -0.6100
vn 0.2664 -0.6686 -0.6943
vn 0.3062 -0.6447 -0.7004
vn 0.3063 -0.6448 -0.7004
vn 0.2372 -0.5972 -0.7662
vn 0.2847 -0.5844 -0.7599
vn 0.2437 -0.5046 -0.8283
vn 0.2044 -0.4227 -0.8829
vn 0.2044 -0.4228 -0.8829
vn 0.1685 -0.3540 -0.9199
vn 0.1621 -0.3282 -0.9306
vn -0.4535 0.8168 -0.3566
vn -0.4253 0.7429 -0.5169
vn -0.4253 0.7430 -0.5169
vn -0.2768 0.4841 -0.8301
vn -0.2363 0.4058 -0.8829
vn -0.4034 0.7063 -0.5817
vn -0.4901 0.8598 -0.1431
vn -0.4835 0.8386 0.2509
vn -0.4836 0.8386 0.2509
vn -0.4161 0.7317 0.5399
vn -0.3119 0.5477 0.7764
vn -0.3613 0.7538 0.5488
vn -0.1900 0.3365 0.9223
vn 0.2068 -0.3533 0.9124
vn 0.3230 -0.5737 0.7527
vn 0.4131 -0.7149 0.5641
vn 0.4707 -0.8401 0.2697
vn 0.4583 -0.8137 -0.3575
vn 0.3453 -0.7217 -0.5999
vn 0.3948 -0.6960 -0.5997
vn 0.3948 -0.6961 -0.5997
vn 0.4235 -0.9059 -0.0058
vn 0.4954 -0.8686 -0.0048
vn 0.4951 -0.8688 -0.0036
vn 0.4832 -0.8467 -0.2226
vn 0.4832 -0.8468 -0.2225
vn 0.4596 -0.8079 -0.3688
vn 0.4284 -0.7475 -0.5077
vn 0.4284 -0.7475 -0.5078
vn 0.3464 -0.7127 -0.6100
vn 0.3781 -0.6604 -0.6488
vn 0.3781 -0.6604 -0.6487
vn 0.2847 -0.5843 -0.7599
vn 0.3238 -0.5708 -0.7545
vn 0.2783 -0.4863 -0.8283
vn 0.2334 -0.4075 -0.8829
vn 0.1928 -0.3414 -0.9199
vn 0.1750 -0.3038 -0.9365
vn 0.1324 -0.2248 -0.9654
vn 0.1071 -0.1632 -0.9808
vn 0.0645 -0.1011 -0.9928
vn 0.0076 -0.0216 -0.9997
vn 0.0054 -0.0157 -0.9999
vn 0.0101 -0.0140 -0.9999
vn -0.5191 0.7802 -0.3489
vn -0.4599 0.6991 -0.5475
vn -0.3122 0.4662 -0.8278
vn -0.2766 0.4119 -0.8682
vn -0.4778 0.7024 -0.5276
vn -0.5526 0.8322 -0.0459
vn -0.5526 0.8322 -0.0460
vn -0.4628 0.6964 0.5485
vn -0.3493 0.5246 0.7764
vn -0.2181 0.3280 0.9192
vn -0.0687 0.1050 0.9921
vn -0.1901 0.3366 0.9223
vn -0.0430 0.0835 0.9956
vn 0.0211 -0.0259 0.9994
vn 0.0193 -0.0368 0.9991
vn 0.1058 -0.1600 0.9814
vn 0.4155 -0.6276 0.6584
vn 0.5184 -0.7829 0.3442
vn 0.5183 -0.7829 0.3442
vn 0.5121 -0.7706 -0.3792
vn 0.5122 -0.7706 -0.3792
vn 0.4423 -0.6666 -0.6001
vn 0.4954 -0.8687 -0.0048
vn 0.5551 -0.8318 -0.0080
vn 0.5548 -0.8320 -0.0026
vn 0.4955 -0.8686 -0.0048
vn 0.5409 -0.8112 -0.2220
vn 0.5149 -0.7739 -0.3688
vn 0.4787 -0.7193 -0.5035
vn 0.4490 -0.6614 -0.6008
vn 0.3782 -0.6604 -0.6487
vn 0.3974 -0.6011 -0.6934
vn 0.3562 -0.5348 -0.7662
vn 0.3116 -0.4657 -0.8283
vn 0.2612 -0.3902 -0.8829
vn 0.2162 -0.3271 -0.9199
vn 0.1994 -0.2965 -0.9340
vn 0.1994 -0.2964 -0.9340
vn 0.1833 -0.2389 -0.9536
vn 0.0161 -0.0214 -0.9996
vn -0.5777 0.7498 -0.3225
vn -0.5285 0.6868 -0.4990
vn -0.5285 0.6869 -0.4989
vn -0.3338 0.4350 -0.8363
vn -0.3522 0.4512 -0.8200
vn -0.3521 0.4512 -0.8200
vn -0.6049 0.7745 -0.1853
vn -0.6049 0.7745 -0.1854
vn -0.5888 0.7593 0.2770
vn -0.5306 0.7830 0.3246
vn -0.5085 0.6589 0.5544
vn -0.3851 0.4989 0.7764
vn -0.2565 0.3379 0.9056
vn -0.2181 0.3280 0.9191
vn -0.0634 0.0774 0.9950
vn 0.2524 -0.3225 0.9123
vn 0.2815 -0.4149 0.8652
vn 0.4238 -0.5438 0.7243
vn 0.2816 -0.4149 0.8652
vn 0.5108 -0.6687 0.5403
vn 0.6009 -0.7878 0.1351
vn 0.5637 -0.7315 -0.3837
vn 0.4877 -0.6341 -0.6001
vn 0.4877 -0.6341 -0.6000
vn 0.5550 -0.8318 -0.0079
vn 0.6116 -0.7912 -0.0048
vn 0.6113 -0.7914 -0.0036
vn 0.5962 -0.7713 -0.2230
vn 0.5962 -0.7713 -0.2229
vn 0.5676 -0.7361 -0.3688
vn 0.5676 -0.7361 -0.3687
vn 0.5309 -0.6851 -0.4989
vn 0.4870 -0.6251 -0.6100
vn 0.3974 -0.6011 -0.6933
vn 0.4336 -0.5670 -0.7003
vn 0.4336 -0.5670 -0.7004
vn 0.4000 -0.5124 -0.7599
vn 0.3433 -0.4429 -0.8282
vn 0.3433 -0.4429 -0.8283
vn 0.2878 -0.3710 -0.8829
vn 0.2385 -0.3112 -0.9199
vn 0.2268 -0.2873 -0.9306
vn 0.1456 -0.1837 -0.9721
vn 0.0162 -0.0215 -0.9996
vn 0.0186 -0.0134 -0.9997
vn -0.6118 0.6850 -0.3955
vn -0.5285 0.6869 -0.4990
vn -0.5376 0.6037 -0.5887
vn -0.5376 0.6036 -0.5888
vn -0.3194 0.3636 -0.8751
vn -0.3155 0.3466 -0.8833
vn -0.3155 0.3466 -0.8834
vn -0.5179 0.5849 -0.6243
vn -0.6585 0.7289 -0.1873
vn -0.6485 0.7210 0.2443
vn -0.5888 0.7593 0.2769
vn -0.5602 0.6306 0.5371
vn -0.4189 0.4708 0.7764
vn -0.2559 0.2897 0.9223
vn 0.0328 -0.0260 0.9991
vn 0.2583 -0.2868 0.9225
vn 0.0210 -0.0259 0.9994
vn 0.4545 -0.5074 0.7321
vn 0.4238 -0.5438 0.7244
vn 0.5529 -0.6208 0.5558
vn 0.4238 -0.5437 0.7244
vn 0.6428 -0.7385 0.2036
vn 0.5636 -0.7315 -0.3837
vn 0.6133 -0.6904 -0.3837
vn 0.5308 -0.5986 -0.6000
vn 0.5308 -0.5985 -0.6000
vn 0.6738 -0.7389 -0.0058
vn 0.6562 -0.7546 -0.0029
vn 0.6488 -0.7279 -0.2219
vn 0.6176 -0.6947 -0.3687
vn 0.5309 -0.6851 -0.4988
vn 0.5744 -0.6421 -0.5077
vn 0.5082 -0.5692 -0.6464
vn 0.5082 -0.5691 -0.6464
vn 0.4414 -0.4930 -0.7498
vn 0.3734 -0.4179 -0.8282
vn 0.3130 -0.3501 -0.8829
vn 0.2596 -0.2938 -0.9199
vn 0.2348 -0.2615 -0.9362
vn 0.2003 -0.2041 -0.9582
vn 0.1308 -0.1323 -0.9825
vn 0.0768 -0.0817 -0.9937
vn 0.0185 -0.0134 -0.9997
vn 0.0123 -0.0113 -0.9999
vn -0.6689 0.6519 -0.3573
vn -0.6118 0.6850 -0.3956
vn -0.6290 0.6162 -0.4739
vn -0.4074 0.3987 -0.8216
vn -0.3493 0.3391 -0.8735
vn -0.5807 0.5678 -0.5834
vn -0.6584 0.7289 -0.1873
vn -0.7160 0.6944 -0.0718
vn -0.7160 0.6944 -0.0717
vn -0.6824 0.6545 0.3254
vn -0.5974 0.5848 0.5488
vn -0.6485 0.7210 0.2442
vn -0.4508 0.4405 0.7764
vn -0.4190 0.4709 0.7764
vn -0.2816 0.2755 0.9191
vn -0.0973 0.0967 0.9905
vn 0.3271 -0.3112 0.8923
vn 0.0919 -0.0916 0.9915
vn 0.4687 -0.4625 0.7526
vn 0.5913 -0.5726 0.5679
vn 0.6955 -0.6908 0.1977
vn 0.6550 -0.6435 -0.3960
vn 0.5710 -0.5600 -0.6003
vn 0.5711 -0.5600 -0.6003
vn 0.6737 -0.7389 -0.0059
vn 0.7159 -0.6982 -0.0080
vn 0.7156 -0.6985 -0.0026
vn 0.6980 -0.6810 -0.2216
vn 0.6646 -0.6499 -0.3687
vn 0.5745 -0.6421 -0.5077
vn 0.6149 -0.6001 -0.5116
vn 0.5458 -0.5318 -0.6475
vn 0.4747 -0.4610 -0.7498
vn 0.3734 -0.4178 -0.8282
vn 0.4016 -0.3908 -0.8282
vn 0.3367 -0.3274 -0.8829
vn 0.2795 -0.2750 -0.9199
vn 0.2613 -0.2501 -0.9323
vn 0.0218 -0.0173 -0.9996
vn -0.7055 0.6124 -0.3566
vn -0.6538 0.5527 -0.5168
vn -0.4265 0.3608 -0.8294
vn -0.3743 0.3153 -0.8720
vn -0.3744 0.3153 -0.8720
vn -0.6398 0.5416 -0.5452
vn -0.7550 0.6399 -0.1431
vn -0.7426 0.6231 0.2457
vn -0.6413 0.5452 0.5398
vn -0.6824 0.6546 0.3254
vn -0.4804 0.4080 0.7764
vn -0.3212 0.2772 0.9055
vn -0.0747 0.0586 0.9955
vn -0.0973 0.0966 0.9905
vn 0.2851 -0.2407 0.9278
vn 0.5544 -0.4729 0.6849
vn 0.3271 -0.3111 0.8923
vn 0.6684 -0.5667 0.4818
vn 0.6954 -0.6909 0.1977
vn 0.7567 -0.6416 -0.1258
vn 0.6775 -0.5845 -0.4464
vn 0.6776 -0.5845 -0.4464
vn 0.6086 -0.5187 -0.6005
vn 0.6086 -0.5186 -0.6005
vn 0.7158 -0.6982 -0.0080
vn 0.7553 -0.6554 -0.0058
vn 0.7553 -0.6553 -0.0059
vn 0.7702 -0.6378 -0.0029
vn 0.7435 -0.6306 -0.2226
vn 0.7083 -0.6020 -0.3687
vn 0.6149 -0.6001 -0.5117
vn 0.6553 -0.5557 -0.5116
vn 0.5816 -0.4924 -0.6475
vn 0.5057 -0.4268 -0.7497
vn 0.5057 -0.4268 -0.7498
vn 0.4279 -0.3618 -0.8282
vn 0.3587 -0.3031 -0.8829
vn 0.2980 -0.2549 -0.9199
vn 0.2675 -0.2253 -0.9368
vn 0.2675 -0.2253 -0.9369
vn 0.2004 -0.2041 -0.9582
vn 0.2027 -0.1696 -0.9644
vn 0.1648 -0.1158 -0.9795
vn 0.1647 -0.1158 -0.9795
vn 0.0983 -0.0708 -0.9926
vn -0.7460 0.5624 -0.3566
vn -0.6886 0.5021 -0.5232
vn -0.4344 0.3213 -0.8414
vn -0.3744 0.3154 -0.8720
vn -0.4600 0.3348 -0.8224
vn -0.4600 0.3347 -0.8224
vn -0.7954 0.5842 -0.1614
vn -0.7425 0.6231 0.2457
vn -0.7733 0.5585 0.3002
vn -0.6749 0.4975 0.5451
vn -0.6413 0.5452 0.5399
vn -0.5077 0.3735 0.7763
vn -0.3156 0.2325 0.9200
vn 0.3254 -0.2343 0.9161
vn 0.5495 -0.4021 0.7324
vn 0.5543 -0.4729 0.6849
vn 0.6743 -0.4992 0.5442
vn 0.5544 -0.4728 0.6849
vn 0.6684 -0.5667 0.4817
vn 0.8009 -0.5835 0.1345
vn 0.7345 -0.5511 -0.3960
vn 0.6436 -0.4751 -0.6001
vn 0.7553 -0.6553 -0.0058
vn 0.8060 -0.5920 -0.0048
vn 0.8059 -0.5920 -0.0048
vn 0.8057 -0.5923 -0.0036
vn 0.7435 -0.6306 -0.2225
vn 0.7857 -0.5771 -0.2229
vn 0.7486 -0.5511 -0.3687
vn 0.6925 -0.5087 -0.5116
vn 0.6146 -0.4507 -0.6475
vn 0.6145 -0.4507 -0.6475
vn 0.5342 -0.3905 -0.7497
vn 0.4521 -0.3311 -0.8282
vn 0.3790 -0.2773 -0.8829
vn 0.3790 -0.2774 -0.8829
vn 0.3151 -0.2335 -0.9199
vn 0.3150 -0.2335 -0.9199
vn 0.2864 -0.2077 -0.9353
vn 0.2864 -0.2078 -0.9353
vn 0.2366 -0.1508 -0.9598
vn -0.7661 0.4930 -0.4123
vn -0.7002 0.4364 -0.5651
vn -0.7002 0.4363 -0.5651
vn -0.4073 0.2615 -0.8750
vn -0.4073 0.2615 -0.8751
vn -0.3985 0.2464 -0.8834
vn -0.4599 0.3347 -0.8224
vn -0.6758 0.4255 -0.6019
vn -0.8356 0.5293 -0.1472
vn -0.8356 0.5292 -0.1472
vn -0.8250 0.5157 0.2310
vn -0.7123 0.4518 0.5371
vn -0.7733 0.5584 0.3002
vn -0.6748 0.4975 0.5451
vn -0.5326 0.3372 0.7763
vn -0.6749 0.4974 0.5451
vn -0.5077 0.3735 0.7764
vn -0.3566 0.2298 0.9055
vn -0.1153 0.0707 0.9908
vn -0.0747 0.0587 0.9955
vn 0.0305 -0.0155 0.9994
vn 0.1617 -0.1031 0.9814
vn 0.5928 -0.3731 0.7137
vn 0.5494 -0.4021 0.7324
vn 0.7025 -0.4443 0.5559
vn 0.8268 -0.5239 0.2046
vn 0.7749 -0.5025 -0.3835
vn 0.7749 -0.5025 -0.3834
vn 0.6753 -0.4291 -0.5998
vn 0.8060 -0.5919 -0.0048
vn 0.8514 -0.5245 -0.0058
vn 0.8387 -0.5445 -0.0029
vn 0.8388 -0.5445 -0.0029
vn 0.8241 -0.5210 -0.2223
vn 0.7485 -0.5511 -0.3687
vn 0.7852 -0.4976 -0.3687
vn 0.7263 -0.4591 -0.5116
vn 0.6431 -0.4053 -0.6498
vn 0.6431 -0.4052 -0.6498
vn 0.5539 -0.3521 -0.7545
vn 0.4741 -0.2988 -0.8282
vn 0.3974 -0.2502 -0.8829
vn 0.3974 -0.2503 -0.8829
vn 0.3306 -0.2109 -0.9199
vn 0.3076 -0.1904 -0.9323
vn 0.0285 -0.0161 -0.9995
vn 0.0163 -0.0061 -0.9998
vn -0.8027 0.4368 -0.4059
vn -0.7287 0.3867 -0.5652
vn -0.7287 0.3868 -0.5652
vn -0.4512 0.2492 -0.8569
vn -0.4281 0.2285 -0.8744
vn -0.4281 0.2285 -0.8743
vn -0.6758 0.4254 -0.6019
vn -0.6951 0.3664 -0.6185
vn -0.6759 0.4254 -0.6018
vn -0.8667 0.4721 -0.1615
vn -0.8667 0.4721 -0.1614
vn -0.8520 0.4470 0.2725
vn -0.7457 0.4036 0.5301
vn -0.5548 0.2992 0.7764
vn -0.5325 0.3372 0.7764
vn -0.3396 0.1847 0.9223
vn -0.5325 0.3372 0.7763
vn 0.3591 -0.1905 0.9137
vn 0.4138 -0.2557 0.8737
vn 0.6092 -0.3244 0.7237
vn 0.7317 -0.3941 0.5561
vn 0.8445 -0.4628 0.2695
vn 0.8268 -0.5239 0.2047
vn 0.8192 -0.4471 -0.3592
vn 0.7037 -0.3811 -0.5996
vn 0.8514 -0.5245 -0.0059
vn 0.8859 -0.4639 -0.0059
vn 0.8747 -0.4846 -0.0029
vn 0.8514 -0.5246 -0.0059
vn 0.8241 -0.5210 -0.2222
vn 0.8584 -0.4622 -0.2223
vn 0.8585 -0.4622 -0.2222
vn 0.8180 -0.4416 -0.3687
vn 0.7262 -0.4591 -0.5116
vn 0.7604 -0.4104 -0.5034
vn 0.6430 -0.4052 -0.6498
vn 0.7070 -0.3733 -0.6007
vn 0.6331 -0.3443 -0.6933
vn 0.5656 -0.3051 -0.7661
vn 0.5656 -0.3050 -0.7662
vn 0.4938 -0.2650 -0.8282
vn 0.4139 -0.2219 -0.8829
vn 0.3445 -0.1874 -0.9199
vn 0.3077 -0.1904 -0.9323
vn 0.3125 -0.1676 -0.9350
vn 0.2366 -0.1509 -0.9598
vn 0.2722 -0.1307 -0.9533
vn 0.2125 -0.1068 -0.9713
vn 0.1513 -0.0735 -0.9858
vn 0.1513 -0.0735 -0.9857
vn 0.0984 -0.0708 -0.9926
vn -0.8631 0.3888 -0.3224
vn -0.8028 0.4368 -0.4059
vn -0.8042 0.3644 -0.4696
vn -0.5257 0.2395 -0.8163
vn -0.4843 0.2172 -0.8475
vn -0.8319 0.3742 -0.4098
vn -0.6951 0.3664 -0.6186
vn -0.7570 0.3433 0.5560
vn -0.5743 0.2598 0.7763
vn -0.7457 0.4037 0.5300
vn -0.5548 0.2992 0.7763
vn -0.3588 0.1626 0.9191
vn -0.3395 0.1847 0.9223
vn -0.0825 0.0378 0.9959
vn 0.3490 -0.1556 0.9241
vn 0.6216 -0.2788 0.7320
vn 0.7576 -0.3423 0.5558
vn 0.8874 -0.4131 0.2045
vn 0.8411 -0.3813 -0.3836
vn 0.8411 -0.3814 -0.3836
vn 0.7284 -0.3310 -0.6000
vn 0.9160 -0.4010 -0.0058
vn 0.9064 -0.4225 -0.0029
vn 0.8887 -0.4011 -0.2219
vn 0.8468 -0.3835 -0.3687
vn 0.7904 -0.3557 -0.4988
vn 0.7231 -0.3245 -0.6098
vn 0.6562 -0.2959 -0.6941
vn 0.5855 -0.2649 -0.7662
vn 0.5111 -0.2299 -0.8282
vn 0.4284 -0.1925 -0.8829
vn 0.3567 -0.1629 -0.9199
vn 0.3352 -0.1473 -0.9306
vn -0.8807 0.3251 -0.3445
vn -0.8042 0.3643 -0.4696
vn -0.7828 0.2955 -0.5476
vn -0.7829 0.2955 -0.5475
vn -0.5228 0.1934 -0.8303
vn -0.5228 0.1934 -0.8302
vn -0.5582 0.2024 -0.8047
vn -0.9261 0.3401 -0.1636
vn -0.9261 0.3400 -0.1636
vn -0.9107 0.4107 0.0439
vn -0.9012 0.3319 0.2789
vn -0.9107 0.4107 0.0438
vn -0.8557 0.3772 0.3543
vn -0.7820 0.2896 0.5520
vn -0.8557 0.3773 0.3542
vn -0.7570 0.3432 0.5560
vn -0.5910 0.2191 0.7763
vn -0.3967 0.1507 0.9055
vn -0.5743 0.2598 0.7764
vn -0.3589 0.1626 0.9191
vn -0.1241 0.0427 0.9914
vn 0.0336 -0.0093 0.9994
vn 0.4166 -0.1494 0.8967
vn 0.1312 -0.0512 0.9900
vn 0.3491 -0.1556 0.9241
vn 0.6396 -0.2347 0.7320
vn 0.7796 -0.2886 0.5558
vn 0.9142 -0.3503 0.2036
vn 0.8657 -0.3217 -0.3836
vn 0.7284 -0.3310 -0.5999
vn 0.7497 -0.2794 -0.6000
vn 0.9160 -0.4011 -0.0059
vn 0.9379 -0.3468 -0.0080
vn 0.9379 -0.3470 -0.0026
vn 0.9160 -0.4011 -0.0058
vn 0.9378 -0.3470 -0.0026
vn 0.9144 -0.3384 -0.2220
vn 0.8715 -0.3235 -0.3687
vn 0.8714 -0.3235 -0.3687
vn 0.8133 -0.2997 -0.4988
vn 0.7439 -0.2733 -0.6098
vn 0.6753 -0.2495 -0.6941
vn 0.6753 -0.2494 -0.6941
vn 0.5856 -0.2649 -0.7661
vn 0.6026 -0.2234 -0.7662
vn 0.6026 -0.2234 -0.7661
vn 0.5259 -0.1937 -0.8282
vn 0.4408 -0.1622 -0.8828
vn 0.3672 -0.1376 -0.9199
vn 0.3345 -0.1226 -0.9344
vn 0.3344 -0.1226 -0.9344
vn 0.2828 -0.0933 -0.9546
vn 0.2280 -0.0747 -0.9708
vn 0.1819 -0.0554 -0.9818
vn 0.1019 -0.0309 -0.9943
vn 0.0240 -0.0078 -0.9997
vn 0.0226 0.0007 -0.9997
vn 0.0164 -0.0061 -0.9998
vn 0.0164 -0.0038 -0.9999
vn -0.9087 0.2571 -0.3289
vn -0.8807 0.3251 -0.3446
vn -0.8196 0.2456 -0.5175
vn -0.5187 0.1537 -0.8410
vn -0.5137 0.1441 -0.8458
vn -0.9066 0.2659 -0.3276
vn -0.9397 0.2697 0.2103
vn -0.8108 0.2388 0.5343
vn -0.7819 0.2896 0.5520
vn -0.6049 0.1774 0.7763
vn -0.3705 0.1101 0.9223
vn -0.3966 0.1507 0.9055
vn 0.3502 -0.1009 0.9312
vn 0.6544 -0.1896 0.7320
vn 0.7980 -0.2335 0.5555
vn 0.9364 -0.2857 0.2036
vn 0.8859 -0.2605 -0.3838
vn 0.8859 -0.2605 -0.3839
vn 0.7671 -0.2264 -0.6002
vn 0.9598 -0.2807 -0.0048
vn 0.9597 -0.2811 -0.0036
vn 0.9358 -0.2735 -0.2225
vn 0.8919 -0.2619 -0.3687
vn 0.8919 -0.2619 -0.3686
vn 0.8322 -0.2423 -0.4988
vn 0.7612 -0.2207 -0.6098
vn 0.6910 -0.2018 -0.6941
vn 0.6167 -0.1808 -0.7661
vn 0.5381 -0.1566 -0.8282
vn 0.4408 -0.1622 -0.8829
vn 0.4510 -0.1310 -0.8828
vn 0.4510 -0.1311 -0.8828
vn 0.3759 -0.1117 -0.9199
vn 0.3524 -0.0992 -0.9306
vn -0.9323 0.2039 -0.2987
vn -0.8955 0.1940 -0.4006
vn -0.8955 0.1940 -0.4005
vn -0.8196 0.2457 -0.5175
vn -0.7375 0.1617 -0.6557
vn -0.4608 0.1044 -0.8813
vn -0.4609 0.1044 -0.8813
vn -0.5137 0.1442 -0.8458
vn -0.4588 0.0956 -0.8834
vn -0.7734 0.1658 -0.6119
vn -0.9686 0.2204 -0.1149
vn -0.9397 0.2696 0.2103
vn -0.9456 0.1949 0.2607
vn -0.8276 0.1824 0.5308
vn -0.8109 0.2388 0.5343
vn -0.6178 0.1352 0.7746
vn -0.3896 0.0860 0.9169
vn -0.3706 0.1101 0.9223
vn -0.0919 0.0209 0.9955
vn -0.1241 0.0427 0.9913
vn 0.3738 -0.0796 0.9241
vn 0.0336 -0.0092 0.9994
vn 0.6660 -0.1435 0.7320
vn 0.8125 -0.1774 0.5553
vn 0.9643 -0.2158 0.1535
vn 0.9643 -0.2158 0.1536
vn 0.8874 -0.2007 -0.4149
vn 0.8874 -0.2007 -0.4150
vn 0.7809 -0.1723 -0.6005
vn 0.9770 -0.2129 -0.0079
vn 0.9770 -0.2132 -0.0026
vn 0.9526 -0.2079 -0.2219
vn 0.9526 -0.2079 -0.2220
vn 0.9080 -0.1991 -0.3686
vn 0.8470 -0.1837 -0.4988
vn 0.7612 -0.2208 -0.6098
vn 0.7747 -0.1671 -0.6098
vn 0.7034 -0.1531 -0.6941
vn 0.6278 -0.1374 -0.7661
vn 0.5477 -0.1187 -0.8282
vn 0.4591 -0.0993 -0.8828
vn 0.3828 -0.0852 -0.9199
vn 0.3483 -0.0749 -0.9344
vn 0.3482 -0.0749 -0.9344
vn 0.2931 -0.0530 -0.9546
vn 0.2931 -0.0529 -0.9546
vn 0.2328 -0.0413 -0.9716
vn 0.1587 -0.0251 -0.9870
vn -0.9252 0.1417 -0.3522
vn -0.8561 0.1216 -0.5023
vn -0.5389 0.0801 -0.8385
vn -0.4811 0.0690 -0.8740
vn -0.4810 0.0689 -0.8740
vn -0.7924 0.1089 -0.6003
vn -0.9801 0.1480 -0.1321
vn -0.9564 0.1310 0.2609
vn -0.8412 0.1228 0.5265
vn -0.6474 0.0940 0.7563
vn -0.6179 0.1352 0.7746
vn -0.4206 0.0617 0.9052
vn -0.1213 0.0174 0.9925
vn -0.3897 0.0861 0.9169
vn 0.0299 -0.0012 0.9996
vn -0.0919 0.0208 0.9956
vn 0.4385 -0.0595 0.8967
vn 0.1218 -0.0188 0.9924
vn 0.6884 -0.0956 0.7190
vn 0.8115 -0.1242 0.5709
vn 0.9552 -0.1427 0.2595
vn 0.9161 -0.1380 -0.3765
vn 0.7809 -0.1723 -0.6004
vn 0.7820 -0.1201 -0.6116
vn 0.9895 -0.1442 -0.0051
vn 0.9895 -0.1443 -0.0051
vn 0.9895 -0.1445 -0.0036
vn 0.9648 -0.1391 -0.2234
vn 0.9648 -0.1391 -0.2233
vn 0.9162 -0.1359 -0.3771
vn 0.8548 -0.1260 -0.5034
vn 0.8548 -0.1259 -0.5035
vn 0.7845 -0.1127 -0.6098
vn 0.7124 -0.1037 -0.6941
vn 0.6359 -0.0933 -0.7661
vn 0.5547 -0.0802 -0.8282
vn 0.4649 -0.0670 -0.8828
vn 0.3878 -0.0583 -0.9199
vn 0.3628 -0.0492 -0.9306
vn 0.0307 -0.0033 -0.9995
vn -0.9267 0.0712 -0.3689
vn -0.8057 0.0601 -0.5892
vn -0.8057 0.0601 -0.5893
vn -0.4982 0.0417 -0.8661
vn -0.5558 0.0380 -0.8304
vn -0.7923 0.1089 -0.6003
vn -0.9226 0.0758 -0.3783
vn -0.9226 0.0759 -0.3783
vn -0.9940 0.0746 0.0794
vn -0.9055 0.0671 0.4190
vn -0.7191 0.0538 0.6928
vn -0.6474 0.0941 0.7563
vn -0.4940 0.0380 0.8686
vn -0.4206 0.0617 0.9051
vn -0.3584 0.0274 0.9332
vn 0.3387 -0.0249 0.9406
vn 0.4385 -0.0596 0.8967
vn 0.7045 -0.0520 0.7078
vn 0.8529 -0.0682 0.5176
vn 0.8529 -0.0682 0.5177
vn 0.9552 -0.1427 0.2594
vn 0.9852 -0.0741 -0.1547
vn 0.9552 -0.1428 0.2594
vn 0.8239 -0.0665 -0.5628
vn 0.8239 -0.0666 -0.5628
vn 0.9979 -0.0642 -0.0066
vn 0.9962 -0.0874 -0.0037
vn 0.9631 -0.0715 -0.2595
vn 0.9119 -0.0767 -0.4032
vn 0.8548 -0.1259 -0.5034
vn 0.8581 -0.0629 -0.5095
vn 0.7898 -0.0565 -0.6108
vn 0.7116 -0.0578 -0.7002
vn 0.7115 -0.0578 -0.7003
vn 0.6475 -0.0458 -0.7607
vn 0.5582 -0.0414 -0.8287
vn 0.4677 -0.0346 -0.8832
vn 0.3906 -0.0312 -0.9200
vn 0.3544 -0.0255 -0.9347
vn 0.2901 -0.0145 -0.9569
vn 0.2288 -0.0096 -0.9734
vn 0.1908 -0.0069 -0.9816
vn 0.1204 0.0011 -0.9927
vn -0.8707 0.0019 -0.4918
vn -0.5287 0.0041 -0.8488
vn -0.5287 0.0043 -0.8488
vn -0.4981 0.0417 -0.8661
vn -0.5287 0.0042 -0.8488
vn -0.5389 0.0027 -0.8424
vn -0.9464 0.0041 -0.3229
vn -0.5507 0.0039 0.8347
vn -0.1597 0.0013 0.9872
vn -0.1597 0.0012 0.9872
vn -0.3584 0.0275 0.9332
vn 0.6497 -0.0030 0.7602
vn 0.8258 -0.0043 0.5640
vn 0.9898 -0.0030 0.1421
vn 0.9899 -0.0030 0.1421
vn 0.9261 -0.0115 -0.3772
vn 0.7942 -0.0029 -0.6077
vn 1.0000 -0.0053 -0.0057
vn 1.0000 -0.0052 -0.0021
vn 1.0000 -0.0053 -0.0021
vn 0.9798 -0.0061 -0.1997
vn 0.9798 -0.0061 -0.1998
vn 0.9270 -0.0040 -0.3749
vn 0.9270 -0.0040 -0.3750
vn 0.8447 -0.0027 -0.5352
vn 0.7426 -0.0037 -0.6698
vn 0.6415 -0.0034 -0.7671
vn 0.5421 -0.0028 -0.8403
vn 0.4518 -0.0024 -0.8921
vn 0.3907 -0.0312 -0.9200
vn 0.3862 -0.0020 -0.9224
vn 0.3544 -0.0256 -0.9347
vn 0.3520 -0.0006 -0.9360
vn 0.0276 0.0036 -0.9996
vn 0.0164 -0.0039 -0.9999
vn 0.0164 0.0017 -0.9999
vn -0.9342 -0.0599 -0.3517
vn -0.9406 0.0041 -0.3396
vn -0.8707 0.0019 -0.4917
vn -0.8707 0.0018 -0.4917
vn -0.8570 -0.0552 -0.5123
vn -0.5818 -0.0406 -0.8123
vn -0.5472 -0.0290 -0.8365
vn -0.9917 -0.0639 0.1119
vn -0.9693 0.0064 0.2457
vn -0.7602 -0.0547 0.6474
vn -0.8026 0.0020 0.5964
vn -0.5778 -0.0366 0.8154
vn -0.5777 -0.0366 0.8154
vn -0.3660 -0.0202 0.9304
vn -0.3659 -0.0202 0.9304
vn -0.1596 0.0013 0.9872
vn -0.0701 -0.0092 0.9975
vn 0.0769 0.0081 0.9970
vn 0.0769 0.0082 0.9970
vn 0.0300 -0.0012 0.9996
vn 0.2683 0.0145 0.9632
vn 0.3710 0.0003 0.9286
vn 0.5537 0.0364 0.8319
vn 0.9447 0.0590 0.3227
vn 0.9203 0.0559 -0.3872
vn 0.7896 0.0588 -0.6108
vn 0.9985 0.0536 -0.0058
vn 0.9985 0.0537 -0.0058
vn 0.9970 0.0769 -0.0035
vn 0.9655 0.0614 -0.2529
vn 0.9164 0.0668 -0.3946
vn 0.8537 0.0551 -0.5178
vn 0.7601 0.0488 -0.6480
vn 0.6596 0.0414 -0.7505
vn 0.7425 -0.0037 -0.6698
vn 0.5586 0.0356 -0.8287
vn 0.5421 -0.0029 -0.8403
vn 0.4680 0.0296 -0.8832
vn 0.3910 0.0271 -0.9200
vn 0.3580 0.0220 -0.9335
vn 0.3016 0.0176 -0.9533
vn 0.2393 0.0252 -0.9706
vn 0.1786 0.0154 -0.9838
vn -0.9371 -0.1265 -0.3253
vn -0.8506 -0.1151 -0.5130
vn -0.5725 -0.0733 -0.8166
vn -0.5725 -0.0734 -0.8166
vn -0.5471 -0.0290 -0.8365
vn -0.9360 -0.0707 -0.3449
vn -0.9210 -0.1246 -0.3691
vn -0.9911 -0.1324 0.0142
vn -0.9360 -0.0706 -0.3449
vn -0.9917 -0.0638 0.1119
vn -0.9354 -0.1299 0.3290
vn -0.9042 -0.0561 0.4235
vn -0.8143 -0.1036 0.5711
vn -0.9042 -0.0561 0.4234
vn -0.6493 -0.0877 0.7555
vn -0.4149 -0.0556 0.9082
vn -0.4149 -0.0557 0.9081
vn 0.3526 0.0479 0.9345
vn 0.6840 0.0930 0.7236
vn 0.6840 0.0930 0.7235
vn 0.7874 0.0523 0.6142
vn 0.8497 0.1163 0.5144
vn 0.8496 0.1163 0.5144
vn 0.9736 0.1315 -0.1864
vn 0.9736 0.1315 -0.1863
vn 0.9203 0.0560 -0.3872
vn 0.8145 0.1148 -0.5687
vn 0.9910 0.1339 -0.0052
vn 0.9661 0.1297 -0.2232
vn 0.9191 0.1260 -0.3734
vn 0.8522 0.1147 -0.5105
vn 0.8537 0.0551 -0.5179
vn 0.7563 0.1015 -0.6463
vn 0.7601 0.0489 -0.6480
vn 0.6560 0.0872 -0.7497
vn 0.5555 0.0743 -0.8282
vn 0.5586 0.0356 -0.8286
vn 0.4655 0.0621 -0.8828
vn 0.4681 0.0297 -0.8832
vn 0.3884 0.0542 -0.9199
vn 0.3633 0.0454 -0.9306
vn 0.2982 0.0456 -0.9534
vn -0.9174 -0.1910 -0.3491
vn -0.9372 -0.1265 -0.3251
vn -0.5471 -0.1132 -0.8294
vn -0.5308 -0.0756 -0.8441
vn -0.5389 -0.1101 -0.8352
vn -0.9122 -0.1778 -0.3692
vn -0.9121 -0.1779 -0.3693
vn -0.9778 -0.1999 0.0637
vn -0.9777 -0.1999 0.0637
vn -0.9354 -0.1299 0.3289
vn -0.9299 -0.1992 0.3092
vn -0.9299 -0.1992 0.3093
vn -0.8142 -0.1645 0.5568
vn -0.6493 -0.0877 0.7554
vn -0.6169 -0.1282 0.7766
vn -0.6169 -0.1282 0.7765
vn -0.3737 -0.0784 0.9242
vn -0.1240 -0.0306 0.9918
vn 0.0462 0.0083 0.9989
vn 0.3527 0.0479 0.9345
vn 0.3986 0.0800 0.9136
vn 0.6903 0.1365 0.7106
vn 0.6903 0.1365 0.7105
vn 0.8028 0.1720 0.5709
vn 0.9578 0.2053 0.2013
vn 0.9792 0.2025 -0.0084
vn 0.9792 0.2029 -0.0026
vn 0.9910 0.1341 -0.0036
vn 0.9548 0.1979 -0.2220
vn 0.9100 0.1895 -0.3687
vn 0.8489 0.1748 -0.4988
vn 0.7766 0.1578 -0.6099
vn 0.6372 0.1288 -0.7598
vn 0.5490 0.1129 -0.8282
vn 0.5555 0.0744 -0.8282
vn 0.4601 0.0945 -0.8828
vn 0.4656 0.0621 -0.8828
vn 0.3837 0.0811 -0.9199
vn 0.3502 0.0711 -0.9340
vn 0.2555 0.0678 -0.9644
vn 0.1919 0.0440 -0.9804
vn 0.1787 0.0154 -0.9838
vn -0.8435 -0.2297 -0.4856
vn -0.9174 -0.1909 -0.3492
vn -0.8184 -0.1749 -0.5474
vn -0.5466 -0.1557 -0.8228
vn -0.8183 -0.1749 -0.5475
vn -0.4988 -0.1357 -0.8560
vn -0.8861 -0.2481 -0.3915
vn -0.5388 -0.1101 -0.8352
vn -0.9576 -0.2693 0.1029
vn -0.8938 -0.2520 0.3710
vn -0.8938 -0.2521 0.3710
vn -0.7760 -0.2122 0.5939
vn -0.6063 -0.1709 0.7766
vn -0.6063 -0.1709 0.7767
vn -0.4075 -0.1184 0.9055
vn 0.2076 0.0577 0.9765
vn 0.3986 0.0800 0.9137
vn 0.4696 0.1268 0.8737
vn 0.4697 0.1268 0.8737
vn 0.6748 0.1882 0.7136
vn 0.6747 0.1882 0.7136
vn 0.8003 0.2251 0.5557
vn 0.8003 0.2251 0.5558
vn 0.9405 0.2766 0.1973
vn 0.9034 0.2477 -0.3500
vn 0.9578 0.2054 0.2013
vn 0.8930 0.1846 -0.4104
vn 0.7745 0.2226 -0.5921
vn 0.7734 0.1667 -0.6117
vn 0.9627 0.2707 -0.0048
vn 0.7733 0.1667 -0.6117
vn 0.9792 0.2026 -0.0084
vn 0.9627 0.2706 -0.0048
vn 0.9626 0.2710 -0.0036
vn 0.9386 0.2637 -0.2225
vn 0.9548 0.1979 -0.2219
vn 0.8946 0.2526 -0.3687
vn 0.9100 0.1896 -0.3686
vn 0.8316 0.2346 -0.5034
vn 0.9100 0.1895 -0.3686
vn 0.7714 0.2101 -0.6007
vn 0.6930 0.1979 -0.6932
vn 0.6983 0.1484 -0.7003
vn 0.6186 0.1743 -0.7661
vn 0.5397 0.1509 -0.8282
vn 0.6373 0.1288 -0.7598
vn 0.4524 0.1263 -0.8828
vn 0.4601 0.0944 -0.8828
vn 0.3771 0.1077 -0.9199
vn 0.3837 0.0812 -0.9199
vn 0.3380 0.0935 -0.9365
vn 0.0164 0.0063 -0.9998
vn -0.7843 -0.2776 -0.5548
vn -0.8924 -0.2644 -0.3657
vn -0.4700 -0.1724 -0.8656
vn -0.5118 -0.1760 -0.8409
vn -0.8315 -0.3051 -0.4642
vn -0.9402 -0.3394 -0.0287
vn -0.9575 -0.2693 0.1029
vn -0.9043 -0.3166 0.2863
vn -0.7962 -0.2822 0.5352
vn -0.5938 -0.2131 0.7759
vn -0.3708 -0.1333 0.9191
vn -0.1239 -0.0306 0.9918
vn -0.0822 -0.0298 0.9962
vn 0.0333 0.0122 0.9994
vn 0.3401 0.1202 0.9327
vn 0.6420 0.2280 0.7320
vn 0.7824 0.2803 0.5561
vn 0.9088 0.3329 0.2516
vn 0.8646 0.3094 -0.3959
vn 0.7746 0.2226 -0.5920
vn 0.9376 0.3478 -0.0056
vn 0.9453 0.3261 -0.0029
vn 0.9178 0.3287 -0.2225
vn 0.8748 0.3143 -0.3687
vn 0.8117 0.2888 -0.5076
vn 0.8946 0.2525 -0.3687
vn 0.7170 0.2554 -0.6486
vn 0.7714 0.2101 -0.6006
vn 0.6930 0.1979 -0.6933
vn 0.6174 0.2227 -0.7544
vn 0.6186 0.1743 -0.7662
vn 0.5279 0.1882 -0.8282
vn 0.5398 0.1509 -0.8282
vn 0.4424 0.1575 -0.8829
vn 0.3687 0.1337 -0.9199
vn 0.3459 0.1199 -0.9306
vn 0.2771 0.1064 -0.9549
vn 0.1572 0.0609 -0.9857
vn 0.1123 0.0230 -0.9934
vn -0.8383 -0.3677 -0.4026
vn -0.8754 -0.3188 -0.3635
vn -0.7843 -0.2777 -0.5548
vn -0.4652 -0.2047 -0.8612
vn -0.5352 -0.2316 -0.8123
vn -0.4700 -0.1724 -0.8657
vn -0.8945 -0.3955 -0.2084
vn -0.8901 -0.3790 0.2531
vn -0.7757 -0.3425 0.5301
vn -0.5770 -0.2537 0.7763
vn -0.3707 -0.1333 0.9191
vn -0.3533 -0.1569 0.9223
vn -0.0889 -0.0451 0.9950
vn 0.1276 0.0587 0.9901
vn 0.4070 0.1738 0.8967
vn 0.6245 0.2722 0.7320
vn 0.6246 0.2722 0.7320
vn 0.7613 0.3344 0.5556
vn 0.9035 0.4019 0.1486
vn 0.8646 0.3095 -0.3959
vn 0.8302 0.3722 -0.4150
vn 0.7302 0.3223 -0.6024
vn 0.7397 0.2717 -0.6156
vn 0.9110 0.4123 -0.0057
vn 0.9203 0.3913 -0.0029
vn 0.9376 0.3477 -0.0056
vn 0.8928 0.3918 -0.2221
vn 0.8508 0.3746 -0.3687
vn 0.7908 0.3480 -0.5034
vn 0.8117 0.2888 -0.5077
vn 0.7348 0.3141 -0.6012
vn 0.7170 0.2553 -0.6487
vn 0.5966 0.2584 -0.7598
vn 0.5135 0.2245 -0.8282
vn 0.4304 0.1880 -0.8829
vn 0.4425 0.1575 -0.8828
vn 0.3584 0.1591 -0.9199
vn 0.3686 0.1337 -0.9199
vn 0.3301 0.1425 -0.9331
vn 0.0172 0.0147 -0.9997
vn 0.0272 0.0094 -0.9996
vn -0.8263 -0.4364 -0.3562
vn -0.8755 -0.3846 -0.2926
vn -0.8382 -0.3677 -0.4027
vn -0.7352 -0.3869 -0.5566
vn -0.6884 -0.3081 -0.6566
vn -0.4547 -0.2404 -0.8576
vn -0.6884 -0.3080 -0.6567
vn -0.4768 -0.2495 -0.8429
vn -0.8405 -0.4448 -0.3095
vn -0.8621 -0.4485 0.2360
vn -0.7757 -0.3425 0.5300
vn -0.7323 -0.3864 0.5607
vn -0.5406 -0.2788 0.7938
vn -0.3841 -0.2057 0.9001
vn 0.0293 0.0170 0.9994
vn 0.4070 0.1738 0.8968
vn 0.3393 0.1760 0.9241
vn 0.3392 0.1760 0.9241
vn 0.6040 0.3151 0.7320
vn 0.7362 0.3866 0.5556
vn 0.7362 0.3866 0.5555
vn 0.9036 0.4019 0.1486
vn 0.8615 0.4651 0.2036
vn 0.8170 0.4304 -0.3839
vn 0.7072 0.3735 -0.6002
vn 0.8801 0.4748 -0.0059
vn 0.8907 0.4545 -0.0029
vn 0.8633 0.4531 -0.2221
vn 0.8226 0.4330 -0.3687
vn 0.7637 0.3989 -0.5076
vn 0.8508 0.3745 -0.3687
vn 0.6745 0.3526 -0.6487
vn 0.7909 0.3480 -0.5034
vn 0.7347 0.3141 -0.6012
vn 0.6524 0.2940 -0.6985
vn 0.5804 0.3065 -0.7545
vn 0.4966 0.2598 -0.8282
vn 0.5965 0.2584 -0.7598
vn 0.4162 0.2176 -0.8829
vn 0.3465 0.1837 -0.9199
vn 0.4304 0.1880 -0.8828
vn 0.3183 0.1659 -0.9334
vn 0.2691 0.1387 -0.9531
vn 0.2148 0.1202 -0.9692
vn 0.2130 0.0898 -0.9729
vn 0.1689 0.1031 -0.9802
vn 0.1039 0.0621 -0.9926
vn -0.7560 -0.4667 -0.4590
vn -0.8263 -0.4364 -0.3561
vn -0.4844 -0.3017 -0.8212
vn -0.4089 -0.2475 -0.8784
vn -0.7265 -0.4480 -0.5211
vn -0.8405 -0.4448 -0.3096
vn -0.8405 -0.4447 -0.3096
vn -0.8469 -0.5273 0.0692
vn -0.8405 -0.4447 -0.3095
vn -0.7720 -0.4675 0.4307
vn -0.7719 -0.4675 0.4308
vn -0.5872 -0.3596 0.7251
vn -0.3571 -0.2220 0.9073
vn -0.1078 -0.0736 0.9914
vn 0.0294 0.0170 0.9994
vn 0.3472 0.2114 0.9137
vn 0.5889 0.3599 0.7237
vn 0.7361 0.3866 0.5556
vn 0.7073 0.4369 0.5558
vn 0.7072 0.4369 0.5558
vn 0.8616 0.4650 0.2036
vn 0.8270 0.5240 0.2036
vn 0.7850 0.4864 -0.3837
vn 0.8169 0.4304 -0.3839
vn 0.6797 0.4220 -0.6000
vn 0.7073 0.3735 -0.6002
vn 0.8449 0.5349 -0.0059
vn 0.8569 0.5155 -0.0029
vn 0.8297 0.5122 -0.2221
vn 0.7903 0.4893 -0.3687
vn 0.7380 0.4545 -0.4988
vn 0.7637 0.3989 -0.5077
vn 0.6759 0.4138 -0.6099
vn 0.5548 0.3389 -0.7598
vn 0.4772 0.2938 -0.8282
vn 0.5804 0.3065 -0.7544
vn 0.4000 0.2460 -0.8829
vn 0.3328 0.2074 -0.9199
vn 0.3134 0.1892 -0.9306
vn 0.3464 0.1837 -0.9199
vn 0.2539 0.1629 -0.9534
vn 0.0136 0.0095 -0.9999
vn -0.7561 -0.5437 -0.3642
vn -0.8019 -0.4956 -0.3336
vn -0.6637 -0.4763 -0.5768
vn -0.4448 -0.3152 -0.8383
vn -0.4090 -0.2475 -0.8783
vn -0.7673 -0.5496 -0.3305
vn -0.8013 -0.5851 0.1247
vn -0.7335 -0.5215 0.4359
vn -0.5873 -0.3596 0.7251
vn -0.5421 -0.3902 0.7443
vn -0.3598 -0.2637 0.8950
vn 0.1754 0.1252 0.9765
vn 0.3979 0.2798 0.8737
vn 0.3979 0.2797 0.8737
vn 0.5697 0.4076 0.7137
vn 0.6751 0.4852 0.5558
vn 0.7884 0.5804 0.2036
vn 0.7492 0.5399 -0.3837
vn 0.8270 0.5241 0.2036
vn 0.6486 0.4683 -0.6000
vn 0.7850 0.4864 -0.3836
vn 0.8122 0.5833 -0.0080
vn 0.8448 0.5350 -0.0058
vn 0.8120 0.5836 -0.0026
vn 0.7920 0.5689 -0.2215
vn 0.8296 0.5122 -0.2221
vn 0.7543 0.5432 -0.3687
vn 0.7904 0.4893 -0.3687
vn 0.7012 0.5048 -0.5034
vn 0.6531 0.4612 -0.6007
vn 0.5835 0.4229 -0.6933
vn 0.6758 0.4138 -0.6099
vn 0.6055 0.3782 -0.7003
vn 0.5217 0.3753 -0.7662
vn 0.4556 0.3263 -0.8282
vn 0.3819 0.2733 -0.8829
vn 0.3175 0.2301 -0.9199
vn 0.2910 0.2074 -0.9340
vn 0.3135 0.1892 -0.9306
vn 0.2062 0.1633 -0.9648
vn 0.2148 0.1203 -0.9692
vn -0.6638 -0.5487 -0.5083
vn -0.4235 -0.3522 -0.8346
vn -0.6637 -0.4763 -0.5767
vn -0.4042 -0.2956 -0.8656
vn -0.3668 -0.2992 -0.8809
vn -0.6317 -0.5246 -0.5707
vn -0.7660 -0.6388 -0.0715
vn -0.7422 -0.6056 0.2871
vn -0.6519 -0.5406 0.5318
vn -0.4861 -0.4030 0.7755
vn -0.3599 -0.2637 0.8950
vn -0.3013 -0.2508 0.9200
vn -0.1078 -0.0737 0.9914
vn -0.0761 -0.0674 0.9948
vn 0.0265 0.0223 0.9994
vn 0.0266 0.0223 0.9994
vn 0.2785 0.2292 0.9327
vn 0.5253 0.4338 0.7321
vn 0.6396 0.5311 0.5558
vn 0.6395 0.5311 0.5558
vn 0.7460 0.6340 0.2036
vn 0.7097 0.5909 -0.3837
vn 0.6143 0.5124 -0.6000
vn 0.7492 0.5399 -0.3836
vn 0.7694 0.6387 -0.0048
vn 0.7692 0.6390 -0.0036
vn 0.7503 0.6225 -0.2225
vn 0.7146 0.5945 -0.3687
vn 0.7920 0.5689 -0.2216
vn 0.6640 0.5489 -0.5077
vn 0.5864 0.4851 -0.6487
vn 0.5040 0.4204 -0.7545
vn 0.5216 0.3753 -0.7662
vn 0.4317 0.3573 -0.8282
vn 0.3619 0.2993 -0.8829
vn 0.3007 0.2517 -0.9199
vn 0.2708 0.2228 -0.9365
vn 0.2910 0.2073 -0.9340
vn 0.1318 0.1158 -0.9845
vn 0.0712 0.0643 -0.9954
vn 0.0222 0.0153 -0.9996
vn -0.6291 -0.6064 -0.4864
vn -0.7155 -0.6073 -0.3452
vn -0.6637 -0.5487 -0.5083
vn -0.4107 -0.3924 -0.8230
vn -0.3938 -0.3721 -0.8405
vn -0.6915 -0.6607 -0.2921
vn -0.7064 -0.6686 0.2325
vn -0.6084 -0.5828 0.5387
vn -0.4860 -0.4030 0.7755
vn -0.4554 -0.4357 0.7764
vn -0.3042 -0.2957 0.9056
vn 0.0998 0.0987 0.9901
vn 0.3230 0.3025 0.8968
vn 0.4937 0.4693 0.7321
vn 0.4938 0.4693 0.7321
vn 0.6010 0.5744 0.5558
vn 0.6009 0.5744 0.5558
vn 0.7000 0.6845 0.2036
vn 0.6668 0.6389 -0.3837
vn 0.7460 0.6340 0.2037
vn 0.7097 0.5909 -0.3836
vn 0.5771 0.5540 -0.6000
vn 0.7151 0.6990 -0.0059
vn 0.7695 0.6387 -0.0048
vn 0.7311 0.6823 -0.0029
vn 0.7048 0.6736 -0.2225
vn 0.6714 0.6429 -0.3687
vn 0.7503 0.6226 -0.2225
vn 0.6241 0.5975 -0.5035
vn 0.5830 0.5464 -0.6013
vn 0.4722 0.4468 -0.7599
vn 0.4057 0.3865 -0.8282
vn 0.3401 0.3238 -0.8829
vn 0.2824 0.2721 -0.9199
vn 0.2672 0.2502 -0.9306
vn 0.2707 0.2228 -0.9365
vn 0.2136 0.2129 -0.9534
vn 0.2062 0.1634 -0.9648
vn 0.0179 0.0201 -0.9996
vn 0.0713 0.0643 -0.9954
vn 0.0222 0.0152 -0.9996
vn 0.0106 0.0129 -0.9999
vn -0.6360 -0.6944 -0.3365
vn -0.6813 -0.6515 -0.3336
vn -0.6291 -0.6064 -0.4863
vn -0.3881 -0.4268 -0.8169
vn -0.3215 -0.3460 -0.8814
vn -0.4107 -0.3925 -0.8230
vn -0.5539 -0.6088 -0.5680
vn -0.6724 -0.7384 -0.0509
vn -0.6428 -0.6941 0.3240
vn -0.5621 -0.6196 0.5479
vn -0.5621 -0.6196 0.5480
vn -0.4239 -0.4664 0.7764
vn -0.2647 -0.2917 0.9192
vn -0.2647 -0.2917 0.9191
vn -0.0598 -0.0666 0.9960
vn -0.0599 -0.0666 0.9960
vn 0.0226 0.0270 0.9994
vn 0.2586 0.2813 0.9241
vn 0.2586 0.2814 0.9241
vn 0.4598 0.5026 0.7321
vn 0.5594 0.6149 0.5558
vn 0.7000 0.6845 0.2037
vn 0.6505 0.7317 0.2036
vn 0.6206 0.6839 -0.3837
vn 0.5370 0.5929 -0.6000
vn 0.6646 0.7472 -0.0059
vn 0.7151 0.6990 -0.0058
vn 0.6816 0.7317 -0.0029
vn 0.7310 0.6823 -0.0029
vn 0.6563 0.7210 -0.2221
vn 0.6249 0.6882 -0.3687
vn 0.7048 0.6736 -0.2226
vn 0.5812 0.6360 -0.5077
vn 0.5132 0.5620 -0.6487
vn 0.5830 0.5464 -0.6012
vn 0.5125 0.4994 -0.6986
vn 0.4406 0.4865 -0.7545
vn 0.3778 0.4139 -0.8282
vn 0.3167 0.3467 -0.8829
vn 0.2627 0.2911 -0.9199
vn 0.2391 0.2619 -0.9350
vn 0.2673 0.2502 -0.9306
vn 0.1204 0.1541 -0.9807
vn 0.1632 0.1691 -0.9720
vn 0.0716 0.0947 -0.9929
vn -0.5924 -0.7494 -0.2957
vn -0.5699 -0.7214 -0.3934
vn -0.5758 -0.6388 -0.5102
vn -0.4778 -0.6045 -0.6374
vn -0.3881 -0.4267 -0.8169
vn -0.3596 -0.4502 -0.8173
vn -0.3880 -0.4267 -0.8169
vn -0.6033 -0.7528 -0.2632
vn -0.5539 -0.6087 -0.5680
vn -0.6077 -0.7620 0.2237
vn -0.5620 -0.6196 0.5479
vn -0.5227 -0.6641 0.5346
vn -0.3903 -0.4948 0.7764
vn -0.2383 -0.3043 0.9223
vn -0.2382 -0.3043 0.9223
vn -0.0777 -0.1107 0.9908
vn 0.2539 0.3174 0.9137
vn 0.4303 0.5396 0.7237
vn 0.5152 0.6524 0.5558
vn 0.5151 0.6524 0.5559
vn 0.5979 0.7751 0.2045
vn 0.5713 0.7256 -0.3836
vn 0.6506 0.7317 0.2036
vn 0.4944 0.6289 -0.6000
vn 0.6109 0.7917 -0.0058
vn 0.6289 0.7775 -0.0029
vn 0.6044 0.7651 -0.2221
vn 0.5754 0.7301 -0.3687
vn 0.5349 0.6785 -0.5035
vn 0.5013 0.6222 -0.6013
vn 0.4054 0.5082 -0.7599
vn 0.3480 0.4392 -0.8282
vn 0.2917 0.3680 -0.8829
vn 0.2417 0.3087 -0.9199
vn 0.2270 0.2817 -0.9323
vn 0.2390 0.2619 -0.9350
vn 0.1733 0.2277 -0.9582
vn -0.5263 -0.7783 -0.3425
vn -0.5925 -0.7494 -0.2955
vn -0.4883 -0.7078 -0.5104
vn -0.4778 -0.6046 -0.6374
vn -0.3170 -0.4726 -0.8223
vn -0.2966 -0.3825 -0.8751
vn -0.3067 -0.4486 -0.8395
vn -0.3595 -0.4502 -0.8173
vn -0.5511 -0.8064 -0.2143
vn -0.6077 -0.7620 0.2236
vn -0.5470 -0.7883 0.2818
vn -0.5469 -0.7883 0.2818
vn -0.4732 -0.6964 0.5395
vn -0.4732 -0.6964 0.5396
vn -0.3548 -0.5208 0.7764
vn -0.3548 -0.5209 0.7764
vn -0.2360 -0.3525 0.9056
vn 0.1220 0.1776 0.9765
vn 0.2782 0.3989 0.8738
vn 0.3959 0.5778 0.7137
vn 0.5151 0.6524 0.5558
vn 0.4682 0.6866 0.5562
vn 0.4683 0.6866 0.5562
vn 0.5368 0.7995 0.2696
vn 0.5216 0.7739 -0.3593
vn 0.5978 0.7751 0.2046
vn 0.4494 0.6621 -0.5997
vn 0.5713 0.7256 -0.3837
vn 0.5541 0.8324 -0.0059
vn 0.6109 0.7917 -0.0059
vn 0.5731 0.8195 -0.0029
vn 0.5496 0.8054 -0.2221
vn 0.5230 0.7684 -0.3687
vn 0.4870 0.7107 -0.5077
vn 0.4299 0.6279 -0.6487
vn 0.4300 0.6279 -0.6487
vn 0.4380 0.5658 -0.6986
vn 0.3685 0.5430 -0.7545
vn 0.3165 0.4624 -0.8283
vn 0.2654 0.3874 -0.8829
vn 0.3480 0.4392 -0.8283
vn 0.2196 0.3248 -0.9199
vn 0.2418 0.3087 -0.9199
vn 0.1991 0.2895 -0.9362
vn 0.2269 0.2817 -0.9323
vn -0.4298 -0.7259 -0.5369
vn -0.2424 -0.4049 -0.8816
vn -0.4059 -0.6940 -0.5946
vn -0.3068 -0.4486 -0.8394
vn -0.4980 -0.8296 0.2525
vn -0.4264 -0.7332 0.5297
vn -0.3176 -0.5443 0.7764
vn -0.1973 -0.3387 0.9200
vn -0.0777 -0.1106 0.9908
vn -0.0484 -0.0894 0.9948
vn 0.0173 0.0300 0.9994
vn 0.1219 0.1776 0.9765
vn 0.1833 0.3106 0.9327
vn 0.1832 0.3106 0.9327
vn 0.3452 0.5872 0.7321
vn 0.4192 0.7177 0.5560
vn 0.4934 0.8492 0.1884
vn 0.5215 0.7739 -0.3592
vn 0.4623 0.8020 -0.3783
vn 0.4008 0.6932 -0.5991
vn 0.5215 0.7739 -0.3593
vn 0.4947 0.8690 -0.0059
vn 0.5542 0.8324 -0.0059
vn 0.5146 0.8574 -0.0029
vn 0.4921 0.8417 -0.2222
vn 0.5496 0.8054 -0.2222
vn 0.4681 0.8030 -0.3688
vn 0.5230 0.7684 -0.3688
vn 0.4382 0.7477 -0.4989
vn 0.4025 0.6826 -0.6100
vn 0.3307 0.5596 -0.7599
vn 0.3686 0.5430 -0.7545
vn 0.2834 0.4834 -0.8283
vn 0.2376 0.4050 -0.8829
vn 0.2653 0.3874 -0.8829
vn 0.1964 0.3393 -0.9199
vn 0.1879 0.3141 -0.9306
vn 0.1510 0.2605 -0.9536
vn 0.1991 0.2896 -0.9362
vn 0.0876 0.1676 -0.9820
vn 0.1198 0.1965 -0.9731
vn 0.0116 0.0243 -0.9996
vn 0.0085 0.0152 -0.9998
vn 0.0107 0.0128 -0.9999
vn -0.3936 -0.7805 -0.4857
vn -0.4621 -0.8120 -0.3566
vn -0.2517 -0.5149 -0.8195
vn -0.2629 -0.4562 -0.8502
vn -0.2546 -0.5084 -0.8226
vn -0.2629 -0.4561 -0.8502
vn -0.2424 -0.4049 -0.8817
vn -0.2546 -0.5085 -0.8226
vn -0.4059 -0.6940 -0.5947
vn -0.4318 -0.8610 -0.2689
vn -0.4060 -0.6940 -0.5946
vn -0.4935 -0.8618 -0.1172
vn -0.4384 -0.8747 0.2065
vn -0.4980 -0.8296 0.2526
vn -0.3743 -0.7614 0.5293
vn -0.2789 -0.5652 0.7764
vn -0.1847 -0.3819 0.9056
vn 0.0600 0.1269 0.9901
vn 0.2000 0.3947 0.8968
vn 0.3034 0.6099 0.7321
vn 0.3661 0.7403 0.5638
vn 0.4024 0.8334 0.3789
vn 0.3598 0.7378 -0.5712
vn 0.4623 0.8020 -0.3782
vn 0.4007 0.6932 -0.5991
vn 0.4329 0.9014 -0.0066
vn 0.4948 0.8690 -0.0058
vn 0.4535 0.8913 -0.0029
vn 0.5145 0.8575 -0.0029
vn 0.4321 0.8740 -0.2221
vn 0.4920 0.8417 -0.2222
vn 0.4109 0.8337 -0.3688
vn 0.3850 0.7765 -0.4989
vn 0.3528 0.7096 -0.6099
vn 0.4024 0.6826 -0.6100
vn 0.3192 0.6451 -0.6942
vn 0.3570 0.6181 -0.7004
vn 0.2843 0.5762 -0.7662
vn 0.3570 0.6181 -0.7003
vn 0.2490 0.5020 -0.8283
vn 0.2088 0.4206 -0.8829
vn 0.2377 0.4050 -0.8829
vn 0.1723 0.3522 -0.9199
vn 0.1595 0.3196 -0.9340
vn 0.1035 0.2418 -0.9648
vn 0.0038 0.0226 -0.9997
vn 0.0115 0.0243 -0.9996
vn -0.3224 -0.7731 -0.5462
vn -0.4026 -0.8413 -0.3608
vn -0.2117 -0.5127 -0.8321
vn -0.3764 -0.8878 -0.2647
vn -0.3710 -0.9008 0.2257
vn -0.3710 -0.9008 0.2256
vn -0.3743 -0.7614 0.5292
vn -0.3200 -0.7850 0.5304
vn -0.2388 -0.5833 0.7764
vn -0.2388 -0.5832 0.7764
vn -0.1489 -0.3646 0.9192
vn -0.1490 -0.3646 0.9192
vn -0.0484 -0.0893 0.9948
vn -0.0335 -0.0830 0.9960
vn -0.0335 -0.0831 0.9960
vn 0.0123 0.0352 0.9993
vn 0.1467 0.3528 0.9241
vn 0.2601 0.6296 0.7321
vn 0.3135 0.7671 0.5598
vn 0.3661 0.9137 0.1766
vn 0.3434 0.8402 -0.4196
vn 0.4318 0.8750 -0.2189
vn 0.3797 0.9251 -0.0081
vn 0.4330 0.9014 -0.0066
vn 0.3793 0.9253 -0.0026
vn 0.3701 0.9022 -0.2216
vn 0.4321 0.8740 -0.2222
vn 0.3518 0.8604 -0.3688
vn 0.4110 0.8337 -0.3688
vn 0.3299 0.8014 -0.4989
vn 0.3024 0.7325 -0.6100
vn 0.2734 0.6658 -0.6942
vn 0.2434 0.5946 -0.7662
vn 0.2134 0.5181 -0.8283
vn 0.1790 0.4341 -0.8829
vn 0.1473 0.3633 -0.9199
vn 0.1344 0.3238 -0.9365
vn 0.1722 0.3522 -0.9199
vn -0.2708 -0.8143 -0.5134
vn -0.3443 -0.8651 -0.3647
vn -0.1719 -0.5214 -0.8358
vn -0.1912 -0.4760 -0.8584
vn -0.1697 -0.5099 -0.8433
vn -0.3066 -0.9111 -0.2755
vn -0.3049 -0.9189 0.2503
vn -0.3049 -0.9189 0.2504
vn -0.2634 -0.7997 0.5396
vn -0.2387 -0.5832 0.7764
vn -0.1975 -0.5985 0.7764
vn -0.1198 -0.3675 0.9223
vn -0.0353 -0.1263 0.9914
vn 0.0122 0.0352 0.9993
vn 0.1158 0.3455 0.9313
vn 0.1158 0.3454 0.9313
vn 0.2156 0.6462 0.7321
vn 0.2609 0.7893 0.5559
vn 0.2966 0.9330 0.2036
vn 0.2891 0.8773 -0.3831
vn 0.2491 0.7584 -0.6022
vn 0.2935 0.7309 -0.6162
vn 0.3140 0.9494 -0.0047
vn 0.3798 0.9251 -0.0081
vn 0.3139 0.9494 -0.0047
vn 0.3136 0.9496 -0.0036
vn 0.3063 0.9256 -0.2226
vn 0.2909 0.8828 -0.3688
vn 0.2731 0.8225 -0.4989
vn 0.2505 0.7518 -0.6100
vn 0.3024 0.7325 -0.6099
vn 0.2263 0.6832 -0.6942
vn 0.2014 0.6102 -0.7663
vn 0.2735 0.6658 -0.6942
vn 0.2434 0.5947 -0.7662
vn 0.1767 0.5317 -0.8283
vn 0.2435 0.5947 -0.7662
vn 0.1482 0.4455 -0.8829
vn 0.1215 0.3727 -0.9199
vn 0.1473 0.3634 -0.9199
vn 0.1184 0.3463 -0.9306
vn 0.1472 0.3633 -0.9199
vn 0.0911 0.2881 -0.9532
vn 0.0543 0.1645 -0.9849
vn 0.0510 0.1093 -0.9927
vn 0.0295 0.0936 -0.9952
vn 0.0510 0.1092 -0.9927
vn 0.0026 0.0165 -0.9999
vn 0.0039 0.0226 -0.9997
vn 0.0086 0.0152 -0.9998
vn -0.2237 -0.8498 -0.4773
vn -0.2849 -0.8925 -0.3496
vn -0.1429 -0.5725 -0.8074
vn -0.1231 -0.4643 -0.8771
vn -0.1697 -0.5098 -0.8434
vn -0.2070 -0.8124 -0.5451
vn -0.3067 -0.9111 -0.2755
vn -0.2471 -0.9682 -0.0403
vn -0.3050 -0.9189 0.2503
vn -0.2416 -0.9146 0.3243
vn -0.2053 -0.8109 0.5480
vn -0.1552 -0.6108 0.7764
vn -0.1198 -0.3674 0.9223
vn -0.1012 -0.4119 0.9056
vn 0.0323 0.1368 0.9901
vn 0.1135 0.4276 0.8968
vn 0.1136 0.4276 0.8968
vn 0.2155 0.6462 0.7321
vn 0.1699 0.6597 0.7321
vn 0.1699 0.6596 0.7321
vn 0.2609 0.7893 0.5558
vn 0.2052 0.8056 0.5559
vn 0.2308 0.9515 0.2036
vn 0.2267 0.8952 -0.3837
vn 0.1957 0.7756 -0.6001
vn 0.2891 0.8773 -0.3830
vn 0.2359 0.9718 -0.0059
vn 0.2491 0.7584 -0.6023
vn 0.2583 0.9661 -0.0029
vn 0.3136 0.9495 -0.0036
vn 0.2407 0.9447 -0.2226
vn 0.2286 0.9010 -0.3688
vn 0.2126 0.8374 -0.5035
vn 0.2037 0.7730 -0.6008
vn 0.1751 0.6990 -0.6934
vn 0.2506 0.7518 -0.6100
vn 0.1583 0.6227 -0.7663
vn 0.2014 0.6102 -0.7662
vn 0.1391 0.5427 -0.8283
vn 0.2013 0.6102 -0.7663
vn 0.1168 0.4548 -0.8829
vn 0.0952 0.3803 -0.9199
vn 0.0889 0.3448 -0.9345
vn 0.1185 0.3463 -0.9306
vn 0.0059 0.0313 -0.9995
vn -0.1710 -0.9310 -0.3225
vn -0.2224 -0.9173 -0.3305
vn -0.1539 -0.8457 -0.5110
vn -0.2223 -0.9173 -0.3305
vn -0.1037 -0.5351 -0.8384
vn -0.1711 -0.9376 -0.3028
vn -0.2069 -0.8124 -0.5451
vn -0.1739 -0.9545 0.2424
vn -0.1474 -0.8146 0.5610
vn -0.1085 -0.6030 0.7903
vn -0.1085 -0.6031 0.7903
vn -0.1012 -0.4120 0.9056
vn -0.0659 -0.3628 0.9295
vn -0.0148 -0.0809 0.9966
vn -0.0149 -0.0809 0.9966
vn 0.0050 0.0397 0.9992
vn 0.0701 0.3754 0.9242
vn 0.1229 0.6696 0.7325
vn 0.2051 0.8055 0.5559
vn 0.1457 0.8287 0.5404
vn 0.1708 0.9760 0.1351
vn 0.1637 0.9088 -0.3838
vn 0.1411 0.7874 -0.6001
vn 0.2268 0.8952 -0.3838
vn 0.1675 0.9859 -0.0059
vn 0.2360 0.9717 -0.0059
vn 0.1902 0.9817 -0.0029
vn 0.1744 0.9593 -0.2222
vn 0.1651 0.9147 -0.3688
vn 0.1557 0.8473 -0.5078
vn 0.1373 0.7485 -0.6488
vn 0.2038 0.7730 -0.6008
vn 0.1157 0.6459 -0.7546
vn 0.1009 0.5511 -0.8283
vn 0.1392 0.5428 -0.8283
vn 0.0847 0.4618 -0.8829
vn 0.1392 0.5427 -0.8283
vn 0.0685 0.3860 -0.9199
vn 0.0644 0.3470 -0.9356
vn 0.0952 0.3803 -0.9200
vn 0.0488 0.2662 -0.9627
vn 0.0889 0.3447 -0.9345
vn 0.0911 0.2882 -0.9532
vn 0.0911 0.2881 -0.9533
vn 0.0645 0.2252 -0.9722
vn 0.0346 0.1829 -0.9825
vn -0.0612 -0.5769 -0.8145
vn -0.0923 -0.5288 -0.8437
vn -0.0676 -0.5782 -0.8131
vn -0.0923 -0.5287 -0.8437
vn -0.1100 -0.9717 -0.2092
vn -0.1019 -0.9791 0.1762
vn -0.0992 -0.8924 0.4403
vn -0.1475 -0.8146 0.5610
vn -0.0802 -0.7252 0.6839
vn -0.0596 -0.5351 0.8427
vn -0.0324 -0.2976 0.9542
vn -0.0325 -0.2975 0.9542
vn -0.0042 -0.0638 0.9980
vn 0.0447 0.3963 0.9170
vn 0.0448 0.3963 0.9170
vn 0.0798 0.7370 0.6711
vn 0.0798 0.7371 0.6711
vn 0.0997 0.9351 0.3400
vn 0.1088 0.9323 -0.3449
vn 0.0836 0.8016 -0.5920
vn 0.0986 0.9951 -0.0059
vn 0.1676 0.9858 -0.0059
vn 0.1214 0.9926 -0.0029
vn 0.1675 0.9858 -0.0059
vn 0.1072 0.9692 -0.2215
vn 0.1009 0.9242 -0.3684
vn 0.0959 0.8613 -0.4989
vn 0.0899 0.7873 -0.6100
vn 0.0744 0.6457 -0.7599
vn 0.1157 0.6460 -0.7545
vn 0.0622 0.5568 -0.8283
vn 0.0523 0.4666 -0.8829
vn 0.0848 0.4618 -0.8829
vn 0.0414 0.3898 -0.9199
vn 0.0438 0.3634 -0.9306
vn 0.0685 0.3860 -0.9200
vn 0.0273 0.3026 -0.9527
vn 0.0645 0.3470 -0.9356
vn 0.0144 0.1715 -0.9851
vn 0.0346 0.1830 -0.9825
vn -0.0378 -0.8391 -0.5427
vn -0.1012 -0.9305 -0.3520
vn -0.0945 -0.8542 -0.5112
vn -0.0240 -0.4750 -0.8797
vn -0.0240 -0.4750 -0.8796
vn -0.0342 -0.8296 -0.5573
vn -0.0675 -0.5782 -0.8131
vn -0.0376 -0.9625 0.2688
vn -0.0331 -0.8450 0.5337
vn -0.0330 -0.8450 0.5337
vn -0.0265 -0.6650 0.7464
vn -0.0178 -0.4427 0.8965
vn -0.0128 -0.3153 0.9489
vn 0.0012 0.1606 0.9870
vn 0.0448 0.3962 0.9171
vn 0.0251 0.4716 0.8815
vn 0.0251 0.4716 0.8814
vn 0.0216 0.6792 0.7336
vn 0.0344 0.8361 0.5474
vn 0.0393 0.9810 0.1902
vn 0.0392 0.9241 -0.3802
vn 0.0403 0.9992 -0.0076
vn 0.0402 0.9992 -0.0022
vn 0.0386 0.9791 -0.1996
vn 0.0376 0.9379 -0.3449
vn 0.0314 0.8682 -0.4951
vn 0.0386 0.7989 -0.6002
vn 0.0256 0.7213 -0.6922
vn 0.0747 0.7098 -0.7004
vn 0.0253 0.6428 -0.7656
vn 0.0747 0.7099 -0.7004
vn 0.0233 0.5605 -0.8278
vn 0.0197 0.4698 -0.8826
vn 0.0142 0.3920 -0.9198
vn 0.0414 0.3898 -0.9200
vn 0.0153 0.3562 -0.9343
vn 0.0413 0.3898 -0.9200
vn -0.0000 0.0339 -0.9994
vn 0.0263 -0.9463 -0.3223
vn -0.0279 -0.9391 -0.3425
vn 0.0295 -0.8706 -0.4911
vn 0.0140 -0.5135 -0.8580
vn -0.0173 -0.5177 -0.8554
vn 0.0263 -0.9163 -0.3996
vn -0.0413 -0.9948 -0.0930
vn 0.0335 -0.9944 0.1003
vn 0.0334 -0.9944 0.1003
vn 0.0256 -0.9107 0.4123
vn 0.0215 -0.7444 0.6674
vn 0.0161 -0.5256 0.8506
vn 0.0052 -0.1884 0.9821
vn -0.0036 0.0281 0.9996
vn -0.0145 0.4884 0.8725
vn 0.0012 0.1607 0.9870
vn -0.0227 0.7651 0.6435
vn 0.0344 0.8362 0.5474
vn -0.0254 0.9428 0.3325
vn -0.0254 0.9428 0.3324
vn -0.0356 0.9446 -0.3262
vn -0.0200 0.8146 -0.5796
vn -0.0184 0.9998 -0.0080
vn 0.0239 0.7891 -0.6138
vn 0.0402 0.9992 -0.0076
vn -0.0184 0.9998 -0.0081
vn -0.0414 0.9991 -0.0031
vn -0.0332 0.9697 -0.2422
vn -0.0229 0.7738 -0.6330
vn 0.0314 0.8682 -0.4952
vn -0.0199 0.6720 -0.7403
vn -0.0171 0.5781 -0.8158
vn 0.0233 0.5605 -0.8279
vn -0.0144 0.4867 -0.8735
vn 0.0197 0.4697 -0.8826
vn -0.0119 0.4000 -0.9164
vn 0.0142 0.3921 -0.9198
vn -0.0108 0.3650 -0.9310
vn -0.0084 0.2815 -0.9595
vn 0.0124 0.2321 -0.9726
vn -0.0098 0.1790 -0.9838
vn 0.0144 0.1716 -0.9851
vn -0.0016 0.0174 -0.9998
vn 0.0027 0.0164 -0.9999
vn 0.0829 -0.9302 -0.3576
vn 0.0294 -0.8706 -0.4911
vn 0.0943 -0.8634 -0.4956
vn 0.0519 -0.5666 -0.8224
vn 0.0141 -0.5906 -0.8068
vn 0.0608 -0.5743 -0.8164
vn 0.0869 -0.9418 -0.3246
vn 0.1074 -0.9927 0.0549
vn 0.0940 -0.9322 0.3495
vn 0.0791 -0.7998 0.5950
vn 0.0591 -0.6035 0.7952
vn 0.0351 -0.3861 0.9218
vn -0.0372 0.3593 0.9325
vn -0.0615 0.6637 0.7454
vn -0.0818 0.8261 0.5576
vn -0.0957 0.9702 -0.2226
vn -0.0765 0.8202 -0.5669
vn -0.0764 0.8202 -0.5669
vn -0.0991 0.9951 -0.0054
vn -0.0992 0.9951 -0.0054
vn -0.0987 0.9951 -0.0037
vn -0.1043 0.9720 -0.2105
vn -0.0332 0.9697 -0.2421
vn -0.0932 0.9333 -0.3468
vn -0.0271 0.9147 -0.4033
vn -0.0828 0.8643 -0.4961
vn -0.0860 0.7948 -0.6008
vn -0.0683 0.7185 -0.6922
vn -0.0634 0.6402 -0.7656
vn -0.0565 0.5581 -0.8279
vn -0.0475 0.4678 -0.8826
vn -0.0375 0.3905 -0.9198
vn -0.0364 0.3547 -0.9343
vn -0.0083 0.2815 -0.9595
vn -0.0463 0.2990 -0.9531
vn -0.0464 0.2990 -0.9531
vn -0.0352 0.2393 -0.9703
vn -0.0001 0.0339 -0.9994
vn -0.0037 0.0302 -0.9995
vn -0.0106 0.0203 -0.9997
vn 0.1531 -0.9098 -0.3857
vn 0.1383 -0.8024 -0.5805
vn 0.0804 -0.4931 -0.8662
vn 0.0925 -0.5145 -0.8525
vn 0.1682 -0.9588 0.2288
vn 0.1407 -0.8248 0.5476
vn 0.0791 -0.7998 0.5951
vn 0.1054 -0.6175 0.7795
vn 0.0655 -0.3864 0.9200
vn -0.0684 0.3921 0.9174
vn -0.0372 0.3592 0.9325
vn -0.1206 0.7187 0.6848
vn -0.0616 0.6637 0.7454
vn -0.1482 0.8622 0.4843
vn -0.0818 0.8261 0.5575
vn -0.0983 0.9439 0.3154
vn -0.1716 0.9808 -0.0931
vn -0.1472 0.9002 -0.4098
vn -0.0765 0.8203 -0.5669
vn -0.1309 0.7894 -0.5997
vn -0.1309 0.7894 -0.5998
vn -0.1686 0.9857 -0.0080
vn -0.1683 0.9857 -0.0026
vn -0.1641 0.9611 -0.2220
vn -0.1555 0.9164 -0.3688
vn -0.1470 0.8541 -0.4989
vn -0.0859 0.7948 -0.6008
vn -0.1352 0.7808 -0.6100
vn -0.1215 0.7094 -0.6942
vn -0.1078 0.6334 -0.7663
vn -0.0565 0.5581 -0.8278
vn -0.0951 0.5522 -0.8283
vn -0.0799 0.4627 -0.8829
vn -0.0374 0.3905 -0.9198
vn -0.0644 0.3867 -0.9199
vn -0.0644 0.3867 -0.9200
vn -0.0364 0.3546 -0.9343
vn -0.0653 0.3601 -0.9306
vn -0.0352 0.2392 -0.9703
vn -0.0361 0.1689 -0.9850
vn 0.2278 -0.9301 -0.2882
vn 0.2081 -0.8588 -0.4681
vn 0.1360 -0.5663 -0.8129
vn 0.1397 -0.5613 -0.8158
vn 0.1551 -0.9297 -0.3341
vn 0.1992 -0.8215 0.5343
vn 0.1682 -0.9588 0.2287
vn 0.1496 -0.6163 0.7732
vn 0.0969 -0.4130 0.9056
vn 0.0354 -0.1316 0.9907
vn 0.0655 -0.3865 0.9200
vn 0.0145 -0.0936 0.9955
vn -0.0144 0.0379 0.9992
vn -0.0036 0.0282 0.9996
vn -0.1091 0.4288 0.8968
vn -0.0285 0.1223 0.9921
vn -0.1624 0.6611 0.7325
vn -0.1955 0.8158 0.5444
vn -0.1482 0.8622 0.4844
vn -0.2382 0.9617 0.1354
vn -0.2083 0.8942 -0.3963
vn -0.1310 0.7894 -0.5997
vn -0.1876 0.7778 -0.5999
vn -0.1876 0.7777 -0.5999
vn -0.1687 0.9856 -0.0080
vn -0.2368 0.9716 -0.0048
vn -0.2364 0.9717 -0.0036
vn -0.2364 0.9716 -0.0036
vn -0.1641 0.9611 -0.2221
vn -0.2310 0.9472 -0.2226
vn -0.2191 0.9033 -0.3688
vn -0.2062 0.8418 -0.4989
vn -0.1905 0.7691 -0.6100
vn -0.1654 0.6943 -0.7004
vn -0.1569 0.6308 -0.7599
vn -0.1334 0.5442 -0.8283
vn -0.1120 0.4560 -0.8829
vn -0.0912 0.3813 -0.9199
vn -0.0912 0.3813 -0.9200
vn -0.0853 0.3457 -0.9344
vn -0.0816 0.2873 -0.9544
vn -0.0569 0.2321 -0.9710
vn -0.0361 0.1690 -0.9850
vn -0.0113 0.0305 -0.9995
vn 0.2486 -0.7991 -0.5474
vn 0.1718 -0.5347 -0.8274
vn 0.1479 -0.4478 -0.8818
vn 0.1480 -0.4478 -0.8818
vn 0.1397 -0.5613 -0.8157
vn 0.2505 -0.7867 -0.5642
vn 0.2303 -0.9526 -0.1987
vn 0.3023 -0.9511 -0.0633
vn 0.2395 -0.9381 0.2500
vn 0.2994 -0.9158 0.2678
vn 0.2604 -0.8072 0.5298
vn 0.1938 -0.6100 0.7684
vn 0.1186 -0.3736 0.9200
vn -0.1115 0.3417 0.9332
vn -0.0286 0.1223 0.9921
vn -0.1090 0.4288 0.8968
vn -0.1966 0.6284 0.7527
vn -0.2531 0.7829 0.5684
vn -0.1954 0.8157 0.5444
vn -0.2895 0.9220 0.2570
vn -0.1954 0.8158 0.5444
vn -0.2758 0.8874 -0.3694
vn -0.2413 0.7628 -0.6000
vn -0.2368 0.9715 -0.0048
vn -0.3042 0.9526 -0.0079
vn -0.3039 0.9527 -0.0026
vn -0.2963 0.9289 -0.2220
vn -0.2816 0.8858 -0.3688
vn -0.2635 0.8202 -0.5078
vn -0.2327 0.7266 -0.6464
vn -0.2026 0.6299 -0.7498
vn -0.1711 0.5336 -0.8283
vn -0.1435 0.4471 -0.8829
vn -0.1176 0.3740 -0.9199
vn -0.0853 0.3457 -0.9345
vn -0.1148 0.3476 -0.9306
vn -0.0803 0.2230 -0.9715
vn -0.0522 0.1624 -0.9853
vn 0.3502 -0.8794 -0.3225
vn 0.2879 -0.8975 -0.3340
vn 0.3184 -0.8114 -0.4901
vn 0.1719 -0.5347 -0.8274
vn 0.2104 -0.5277 -0.8230
vn 0.2104 -0.5276 -0.8230
vn 0.1982 -0.4950 -0.8460
vn 0.2505 -0.7868 -0.5642
vn 0.3428 -0.8626 -0.3720
vn 0.3428 -0.8626 -0.3719
vn 0.3687 -0.9254 0.0875
vn 0.3439 -0.8625 0.3713
vn 0.2327 -0.5866 0.7757
vn 0.1534 -0.3955 0.9056
vn 0.0428 -0.0992 0.9941
vn -0.1652 0.4061 0.8988
vn -0.2674 0.6778 0.6849
vn -0.1114 0.3417 0.9332
vn -0.2674 0.6777 0.6850
vn -0.3240 0.8140 0.4821
vn -0.2894 0.9221 0.2570
vn -0.2894 0.9220 0.2570
vn -0.3669 0.9218 -0.1248
vn -0.3237 0.8343 -0.4463
vn -0.2413 0.7627 -0.6000
vn -0.2938 0.7436 -0.6006
vn -0.3043 0.9526 -0.0080
vn -0.3697 0.9291 -0.0048
vn -0.3694 0.9293 -0.0036
vn -0.2963 0.9289 -0.2221
vn -0.3606 0.9058 -0.2226
vn -0.3427 0.8640 -0.3688
vn -0.2636 0.8202 -0.5078
vn -0.3176 0.7983 -0.5117
vn -0.2820 0.7058 -0.6499
vn -0.2412 0.6103 -0.7545
vn -0.2412 0.6104 -0.7545
vn -0.2079 0.5203 -0.8283
vn -0.1744 0.4360 -0.8829
vn -0.1434 0.3649 -0.9199
vn -0.1326 0.3305 -0.9344
vn -0.1232 0.2741 -0.9538
vn -0.0803 0.2229 -0.9715
vn -0.0703 0.1586 -0.9848
vn -0.0703 0.1587 -0.9848
vn -0.0498 0.1008 -0.9937
vn -0.0015 0.0174 -0.9998
vn -0.0072 0.0148 -0.9999
vn 0.4007 -0.8577 -0.3221
vn 0.3711 -0.7613 -0.5317
vn 0.2292 -0.4851 -0.8439
vn 0.2535 -0.5195 -0.8160
vn 0.4297 -0.8835 -0.1866
vn 0.4161 -0.8787 0.2339
vn 0.3743 -0.7662 0.5223
vn 0.2753 -0.5732 0.7717
vn 0.3009 -0.7384 0.6035
vn 0.2327 -0.5866 0.7758
vn 0.1695 -0.3534 0.9200
vn -0.1567 0.3237 0.9331
vn -0.2963 0.6129 0.7325
vn -0.3609 0.7572 0.5444
vn -0.2674 0.6777 0.6849
vn -0.3241 0.8140 0.4821
vn -0.3898 0.8314 -0.3961
vn -0.3453 0.7217 -0.5999
vn -0.3452 0.7217 -0.5999
vn -0.4338 0.9010 -0.0080
vn -0.4336 0.9011 -0.0026
vn -0.4335 0.9011 -0.0026
vn -0.4227 0.8786 -0.2220
vn -0.4022 0.8380 -0.3688
vn -0.4021 0.8380 -0.3688
vn -0.3739 0.7789 -0.5035
vn -0.3525 0.7175 -0.6008
vn -0.3098 0.6506 -0.6934
vn -0.2411 0.6103 -0.7545
vn -0.2783 0.5792 -0.7663
vn -0.2783 0.5792 -0.7662
vn -0.2437 0.5046 -0.8283
vn -0.2044 0.4227 -0.8829
vn -0.1685 0.3540 -0.9199
vn -0.1621 0.3282 -0.9306
vn -0.1115 0.2116 -0.9710
vn 0.4597 -0.8305 -0.3146
vn 0.4443 -0.7658 -0.4648
vn 0.2971 -0.5254 -0.7973
vn 0.2371 -0.4066 -0.8823
vn 0.3883 -0.6850 -0.6164
vn 0.4297 -0.8835 -0.1867
vn 0.4934 -0.8513 -0.1784
vn 0.4934 -0.8513 -0.1783
vn 0.4782 -0.8387 0.2605
vn 0.4782 -0.8387 0.2604
vn 0.3134 -0.5510 0.7734
vn 0.2753 -0.5732 0.7718
vn 0.2070 -0.3703 0.9056
vn 0.0703 -0.1167 0.9907
vn -0.0251 0.0336 0.9991
vn -0.2231 0.3821 0.8968
vn -0.0536 0.0984 0.9937
vn -0.3390 0.5908 0.7321
vn -0.4116 0.7219 0.5562
vn -0.3608 0.7572 0.5444
vn -0.4709 0.8400 0.2697
vn -0.3608 0.7573 0.5444
vn -0.4330 0.8911 0.1360
vn -0.4577 0.8133 -0.3593
vn -0.3948 0.6961 -0.5997
vn -0.3948 0.6960 -0.5997
vn -0.4954 0.8686 -0.0048
vn -0.4955 0.8686 -0.0048
vn -0.4951 0.8688 -0.0036
vn -0.4832 0.8468 -0.2225
vn -0.4596 0.8079 -0.3688
vn -0.4303 0.7523 -0.4989
vn -0.3942 0.6874 -0.6099
vn -0.3569 0.6250 -0.6942
vn -0.3180 0.5584 -0.7662
vn -0.2783 0.4863 -0.8283
vn -0.2334 0.4075 -0.8829
vn -0.1928 0.3414 -0.9199
vn -0.1774 0.3088 -0.9344
vn -0.1579 0.2558 -0.9537
vn -0.0895 0.1453 -0.9853
vn -0.0166 0.0244 -0.9996
vn -0.0165 0.0244 -0.9996
vn 0.5176 -0.7942 -0.3185
vn 0.4784 -0.7163 -0.5080
vn 0.3136 -0.4697 -0.8252
vn 0.2371 -0.4065 -0.8823
vn 0.2757 -0.4108 -0.8690
vn 0.2757 -0.4108 -0.8691
vn 0.3883 -0.6850 -0.6165
vn 0.4668 -0.6987 -0.5421
vn 0.5553 -0.8306 -0.0406
vn 0.5553 -0.8307 -0.0406
vn 0.4628 -0.6964 0.5485
vn 0.4151 -0.7186 0.5580
vn 0.3493 -0.5246 0.7764
vn 0.2170 -0.3264 0.9200
vn -0.1959 0.2913 0.9364
vn -0.3794 0.5657 0.7321
vn -0.2230 0.3821 0.8968
vn -0.4611 0.6917 0.5559
vn -0.5337 0.8205 0.2046
vn -0.5337 0.8206 0.2046
vn -0.5112 0.7691 -0.3836
vn -0.4423 0.6666 -0.6000
vn -0.4423 0.6666 -0.6001
vn -0.5550 0.8318 -0.0080
vn -0.5547 0.8320 -0.0026
vn -0.5411 0.8112 -0.2216
vn -0.5149 0.7739 -0.3688
vn -0.4818 0.7204 -0.4989
vn -0.4412 0.6583 -0.6099
vn -0.3997 0.5986 -0.6942
vn -0.3562 0.5348 -0.7662
vn -0.3116 0.4657 -0.8283
vn -0.2612 0.3902 -0.8829
vn -0.2162 0.3271 -0.9199
vn -0.2062 0.3025 -0.9306
vn -0.1415 0.1962 -0.9703
vn -0.0071 0.0149 -0.9999
vn -0.0118 0.0128 -0.9998
vn 0.5751 -0.7438 -0.3406
vn 0.4784 -0.7164 -0.5080
vn 0.5072 -0.6654 -0.5477
vn 0.5072 -0.6654 -0.5476
vn 0.3136 -0.4698 -0.8252
vn 0.3428 -0.4422 -0.8288
vn 0.3302 -0.4218 -0.8444
vn 0.4667 -0.6987 -0.5422
vn 0.5773 -0.7497 -0.3235
vn 0.6013 -0.7700 0.2134
vn 0.5317 -0.7825 0.3240
vn 0.5144 -0.6673 0.5387
vn 0.3851 -0.4989 0.7764
vn 0.2565 -0.3379 0.9056
vn 0.0641 -0.0798 0.9947
vn -0.2608 0.3307 0.9070
vn -0.4180 0.5379 0.7321
vn -0.5082 0.6578 0.5559
vn -0.5897 0.7815 0.2036
vn -0.5112 0.7691 -0.3837
vn -0.5637 0.7315 -0.3837
vn -0.4877 0.6341 -0.6000
vn -0.6026 0.7980 -0.0059
vn -0.6025 0.7981 -0.0059
vn -0.6207 0.7841 -0.0029
vn -0.5964 0.7714 -0.2222
vn -0.5963 0.7714 -0.2222
vn -0.5676 0.7361 -0.3688
vn -0.5676 0.7361 -0.3687
vn -0.5309 0.6851 -0.4988
vn -0.5309 0.6851 -0.4989
vn -0.4861 0.6259 -0.6099
vn -0.3996 0.5986 -0.6942
vn -0.4404 0.5693 -0.6942
vn -0.4405 0.5693 -0.6942
vn -0.3926 0.5087 -0.7662
vn -0.3433 0.4429 -0.8282
vn -0.2878 0.3710 -0.8829
vn -0.2385 0.3112 -0.9199
vn -0.2203 0.2832 -0.9334
vn -0.2203 0.2833 -0.9334
vn -0.1869 0.2381 -0.9531
vn -0.1132 0.1352 -0.9843
vn -0.0615 0.0679 -0.9958
vn 0.6286 -0.7077 -0.3225
vn 0.5751 -0.6483 -0.4989
vn 0.3635 -0.4101 -0.8365
vn 0.3302 -0.4219 -0.8444
vn 0.3231 -0.3569 -0.8765
vn 0.3232 -0.3569 -0.8765
vn 0.5409 -0.6051 -0.5842
vn 0.6545 -0.7480 -0.1097
vn 0.6506 -0.7134 0.2604
vn 0.5627 -0.6343 0.5301
vn 0.4190 -0.4708 0.7764
vn 0.2559 -0.2897 0.9223
vn -0.2399 0.2680 0.9331
vn -0.4545 0.5074 0.7321
vn -0.5529 0.6208 0.5559
vn -0.5082 0.6578 0.5558
vn -0.6428 0.7385 0.2035
vn -0.5083 0.6578 0.5558
vn -0.6133 0.6904 -0.3837
vn -0.5308 0.5985 -0.6000
vn -0.6026 0.7980 -0.0058
vn -0.6567 0.7541 -0.0059
vn -0.6207 0.7840 -0.0029
vn -0.6739 0.7389 -0.0029
vn -0.5963 0.7714 -0.2221
vn -0.6487 0.7279 -0.2222
vn -0.6487 0.7279 -0.2221
vn -0.6176 0.6947 -0.3687
vn -0.5774 0.6464 -0.4988
vn -0.5294 0.5896 -0.6100
vn -0.4721 0.5354 -0.7003
vn -0.4722 0.5354 -0.7003
vn -0.4348 0.4833 -0.7599
vn -0.3433 0.4429 -0.8283
vn -0.3734 0.4179 -0.8282
vn -0.3130 0.3501 -0.8829
vn -0.2596 0.2938 -0.9199
vn -0.2407 0.2670 -0.9332
vn -0.2408 0.2670 -0.9332
vn -0.2084 0.2130 -0.9546
vn -0.2083 0.2131 -0.9546
vn -0.1593 0.1782 -0.9710
vn 0.6592 -0.6431 -0.3897
vn 0.5790 -0.5647 -0.5881
vn 0.5790 -0.5647 -0.5882
vn 0.3455 -0.3433 -0.8734
vn 0.3455 -0.3432 -0.8734
vn 0.4214 -0.4057 -0.8111
vn 0.7072 -0.6924 -0.1428
vn 0.6880 -0.6607 0.3001
vn 0.5992 -0.5868 0.5447
vn 0.4508 -0.4405 0.7764
vn 0.4190 -0.4709 0.7764
vn 0.2816 -0.2755 0.9191
vn 0.0908 -0.0901 0.9918
vn 0.0641 -0.0799 0.9947
vn -0.0209 0.0178 0.9996
vn -0.3198 0.3059 0.8968
vn -0.0884 0.0912 0.9919
vn -0.5005 0.4817 0.7193
vn -0.5836 0.5774 0.5710
vn -0.5529 0.6207 0.5558
vn -0.6953 0.6889 0.2048
vn -0.5529 0.6208 0.5558
vn -0.6560 0.6406 -0.3992
vn -0.6559 0.6406 -0.3992
vn -0.5620 0.5567 -0.6117
vn -0.7077 0.7064 -0.0063
vn -0.6739 0.7388 -0.0029
vn -0.7077 0.7065 -0.0062
vn -0.7238 0.6900 -0.0029
vn -0.6979 0.6809 -0.2222
vn -0.6979 0.6809 -0.2221
vn -0.6646 0.6499 -0.3687
vn -0.6178 0.6004 -0.5077
vn -0.5467 0.5323 -0.6463
vn -0.5467 0.5323 -0.6464
vn -0.4348 0.4832 -0.7599
vn -0.4747 0.4610 -0.7498
vn -0.3734 0.4178 -0.8282
vn -0.4016 0.3908 -0.8282
vn -0.3367 0.3274 -0.8829
vn -0.2795 0.2750 -0.9199
vn -0.2646 0.2530 -0.9306
vn -0.2083 0.2130 -0.9546
vn -0.1724 0.1568 -0.9725
vn -0.1723 0.1568 -0.9725
vn -0.1131 0.1352 -0.9843
vn -0.1048 0.0958 -0.9899
vn -0.0205 0.0171 -0.9996
vn -0.0203 0.0105 -0.9997
vn 0.7228 -0.6112 -0.3224
vn 0.6593 -0.6431 -0.3896
vn 0.6724 -0.5731 -0.4684
vn 0.4396 -0.3734 -0.8169
vn 0.4214 -0.4057 -0.8110
vn 0.4010 -0.3321 -0.8538
vn 0.7127 -0.6048 -0.3553
vn 0.7127 -0.6048 -0.3552
vn 0.7480 -0.6285 0.2135
vn 0.6880 -0.6607 0.3002
vn 0.6425 -0.5465 0.5371
vn 0.5992 -0.5867 0.5447
vn 0.4804 -0.4080 0.7764
vn 0.5992 -0.5868 0.5446
vn 0.3212 -0.2772 0.9055
vn 0.0757 -0.0597 0.9953
vn -0.2742 0.2306 0.9336
vn -0.5391 0.4562 0.7080
vn -0.6491 0.5557 0.5195
vn -0.6490 0.5557 0.5196
vn -0.6953 0.6889 0.2047
vn -0.6280 0.5385 -0.5618
vn -0.7078 0.7064 -0.0062
vn -0.7553 0.6554 -0.0067
vn -0.7553 0.6554 -0.0066
vn -0.7701 0.6379 -0.0029
vn -0.7437 0.6305 -0.2221
vn -0.7083 0.6020 -0.3687
vn -0.6553 0.5557 -0.5116
vn -0.5816 0.4924 -0.6475
vn -0.5057 0.4268 -0.7497
vn -0.5057 0.4268 -0.7498
vn -0.4279 0.3618 -0.8282
vn -0.3587 0.3031 -0.8829
vn -0.2980 0.2548 -0.9199
vn -0.2980 0.2549 -0.9199
vn -0.2723 0.2296 -0.9344
vn -0.2084 0.2131 -0.9546
vn -0.2375 0.1841 -0.9538
vn -0.1412 0.1092 -0.9839
vn -0.0202 0.0105 -0.9997
vn -0.0118 0.0127 -0.9998
vn -0.0137 0.0096 -0.9999
vn 0.7565 -0.5692 -0.3221
vn 0.6922 -0.5080 -0.5127
vn 0.6921 -0.5080 -0.5127
vn 0.4581 -0.3356 -0.8231
vn 0.3978 -0.2848 -0.8722
vn 0.4010 -0.3321 -0.8537
vn 0.6498 -0.4850 -0.5853
vn 0.6498 -0.4851 -0.5853
vn 0.6498 -0.4851 -0.5852
vn 0.8043 -0.5883 -0.0837
vn 0.6733 -0.4963 0.5480
vn 0.5077 -0.3735 0.7764
vn 0.6425 -0.5466 0.5371
vn 0.3156 -0.2325 0.9200
vn -0.1556 0.1121 0.9814
vn -0.2741 0.2306 0.9336
vn -0.5653 0.4136 0.7137
vn -0.6686 0.4944 0.5555
vn -0.7864 0.5823 0.2064
vn -0.7542 0.6395 -0.1486
vn -0.7553 0.5560 -0.3468
vn -0.7553 0.5560 -0.3469
vn -0.6430 0.4772 -0.5990
vn -0.7992 0.6011 -0.0059
vn -0.8128 0.5825 -0.0029
vn -0.7857 0.5772 -0.2226
vn -0.7857 0.5772 -0.2225
vn -0.7485 0.5511 -0.3687
vn -0.7486 0.5511 -0.3687
vn -0.6925 0.5087 -0.5116
vn -0.6146 0.4507 -0.6475
vn -0.6145 0.4507 -0.6475
vn -0.5342 0.3905 -0.7497
vn -0.4521 0.3311 -0.8282
vn -0.3790 0.2773 -0.8829
vn -0.3151 0.2335 -0.9199
vn -0.3150 0.2335 -0.9199
vn -0.2972 0.2137 -0.9306
vn -0.2375 0.1842 -0.9538
vn -0.1987 0.1356 -0.9706
vn -0.0915 0.0534 -0.9944
vn 0.7942 -0.5153 -0.3221
vn 0.7251 -0.4574 -0.5148
vn 0.4790 -0.3023 -0.8241
vn 0.3978 -0.2848 -0.8721
vn 0.3992 -0.2474 -0.8829
vn 0.3992 -0.2474 -0.8828
vn 0.6815 -0.4310 -0.5914
vn 0.6816 -0.4310 -0.5914
vn 0.8359 -0.5287 -0.1473
vn 0.8220 -0.5140 0.2451
vn 0.7694 -0.5552 0.3160
vn 0.7116 -0.4512 0.5386
vn 0.5325 -0.3372 0.7764
vn 0.5077 -0.3735 0.7763
vn 0.3566 -0.2298 0.9055
vn 0.3156 -0.2325 0.9199
vn 0.1039 -0.0623 0.9926
vn -0.0276 0.0158 0.9995
vn -0.0209 0.0177 0.9996
vn -0.0210 0.0178 0.9996
vn -0.3391 0.2115 0.9167
vn -0.3950 0.2839 0.8737
vn -0.5851 0.3661 0.7237
vn -0.3949 0.2839 0.8737
vn -0.5653 0.4135 0.7137
vn -0.7026 0.4443 0.5558
vn -0.8214 0.5327 0.2036
vn -0.7864 0.5823 0.2063
vn -0.7799 0.4946 -0.3837
vn -0.7799 0.4946 -0.3836
vn -0.6752 0.4291 -0.6000
vn -0.7991 0.6011 -0.0058
vn -0.8453 0.5343 -0.0048
vn -0.8451 0.5346 -0.0036
vn -0.8240 0.5209 -0.2229
vn -0.7852 0.4976 -0.3687
vn -0.6924 0.5087 -0.5116
vn -0.7263 0.4591 -0.5116
vn -0.6445 0.4067 -0.6475
vn -0.5602 0.3523 -0.7497
vn -0.4741 0.2988 -0.8282
vn -0.3974 0.2502 -0.8829
vn -0.3306 0.2109 -0.9199
vn -0.3016 0.1895 -0.9344
vn -0.3016 0.1894 -0.9344
vn -0.2596 0.1518 -0.9537
vn -0.1987 0.1355 -0.9706
vn -0.1412 0.1093 -0.9839
vn -0.1627 0.1000 -0.9816
vn 0.8215 -0.4533 -0.3460
vn 0.7545 -0.4048 -0.5167
vn 0.7544 -0.4048 -0.5167
vn 0.4849 -0.2611 -0.8347
vn 0.4446 -0.2360 -0.8641
vn 0.7181 -0.3862 -0.5789
vn 0.8704 -0.4732 -0.1358
vn 0.8479 -0.4441 0.2895
vn 0.7378 -0.3989 0.5445
vn 0.7116 -0.4512 0.5385
vn 0.5548 -0.2992 0.7763
vn 0.7116 -0.4511 0.5386
vn 0.5326 -0.3372 0.7763
vn 0.3449 -0.1863 0.9200
vn 0.5325 -0.3371 0.7764
vn -0.3579 0.1882 0.9146
vn -0.6007 0.3214 0.7320
vn -0.3391 0.2115 0.9166
vn -0.7319 0.3943 0.5558
vn -0.8566 0.4741 0.2037
vn -0.8215 0.5327 0.2036
vn -0.8566 0.4741 0.2036
vn -0.8125 0.4390 -0.3836
vn -0.7035 0.3810 -0.6000
vn -0.8858 0.4639 -0.0059
vn -0.8747 0.4847 -0.0029
vn -0.8585 0.4622 -0.2223
vn -0.8584 0.4623 -0.2223
vn -0.8180 0.4416 -0.3687
vn -0.7262 0.4591 -0.5116
vn -0.7565 0.4074 -0.5116
vn -0.6698 0.3594 -0.6498
vn -0.5772 0.3126 -0.7545
vn -0.5772 0.3126 -0.7544
vn -0.4938 0.2650 -0.8282
vn -0.4139 0.2219 -0.8829
vn -0.3445 0.1873 -0.9199
vn -0.3445 0.1874 -0.9199
vn -0.3241 0.1703 -0.9306
vn -0.2169 0.1061 -0.9704
vn -0.2169 0.1062 -0.9704
vn -0.1710 0.0797 -0.9820
vn -0.0301 0.0124 -0.9995
vn 0.8514 -0.3855 -0.3556
vn 0.7545 -0.4047 -0.5167
vn 0.7459 -0.3362 -0.5750
vn 0.4647 -0.2136 -0.8593
vn 0.4284 -0.1889 -0.8836
vn 0.7348 -0.3366 -0.5888
vn 0.9119 -0.4091 -0.0332
vn 0.8607 -0.3794 0.3396
vn 0.7515 -0.3399 0.5654
vn 0.5743 -0.2598 0.7764
vn 0.5547 -0.2992 0.7764
vn 0.3852 -0.1780 0.9055
vn 0.1405 -0.0589 0.9883
vn 0.3449 -0.1863 0.9199
vn -0.1676 0.0753 0.9830
vn -0.3579 0.1883 0.9146
vn -0.6390 0.2870 0.7137
vn -0.6006 0.3214 0.7321
vn -0.7576 0.3423 0.5558
vn -0.8876 0.4132 0.2037
vn -0.8411 0.3813 -0.3836
vn -0.7283 0.3310 -0.6000
vn -0.8858 0.4640 -0.0059
vn -0.9160 0.4010 -0.0058
vn -0.9064 0.4224 -0.0029
vn -0.8859 0.4639 -0.0059
vn -0.9064 0.4225 -0.0029
vn -0.8585 0.4622 -0.2222
vn -0.8887 0.4011 -0.2218
vn -0.8887 0.4011 -0.2219
vn -0.8179 0.4416 -0.3687
vn -0.8468 0.3835 -0.3687
vn -0.7871 0.3563 -0.5034
vn -0.7872 0.3563 -0.5034
vn -0.6697 0.3594 -0.6498
vn -0.7314 0.3219 -0.6012
vn -0.7314 0.3218 -0.6012
vn -0.6493 0.3009 -0.6985
vn -0.6492 0.3009 -0.6985
vn -0.5938 0.2647 -0.7598
vn -0.5111 0.2299 -0.8282
vn -0.4284 0.1925 -0.8828
vn -0.4284 0.1925 -0.8829
vn -0.3567 0.1629 -0.9199
vn -0.3275 0.1467 -0.9334
vn -0.2769 0.1225 -0.9531
vn -0.0168 0.0041 -0.9998
vn 0.8877 -0.3287 -0.3224
vn 0.8318 -0.3081 -0.4617
vn 0.8318 -0.3080 -0.4617
vn 0.5489 -0.2051 -0.8104
vn 0.5489 -0.2051 -0.8103
vn 0.4570 -0.1677 -0.8735
vn 0.7349 -0.3366 -0.5888
vn 0.7554 -0.2820 -0.5914
vn 0.9237 -0.3345 -0.1868
vn 0.9071 -0.3311 0.2598
vn 0.7877 -0.2921 0.5424
vn 0.8607 -0.3794 0.3395
vn 0.7515 -0.3400 0.5654
vn 0.5910 -0.2191 0.7763
vn 0.5743 -0.2598 0.7763
vn 0.3675 -0.1365 0.9199
vn -0.0718 0.0223 0.9972
vn -0.1677 0.0753 0.9830
vn -0.3952 0.1439 0.9072
vn -0.4454 0.1956 0.8737
vn -0.6484 0.2365 0.7236
vn -0.4453 0.1956 0.8737
vn -0.7798 0.2886 0.5556
vn -0.9142 0.3503 0.2037
vn -0.8656 0.3216 -0.3839
vn -0.8655 0.3216 -0.3839
vn -0.7284 0.3310 -0.5999
vn -0.7495 0.2794 -0.6002
vn -0.9160 0.4010 -0.0059
vn -0.9379 0.3468 -0.0080
vn -0.9379 0.3470 -0.0026
vn -0.9378 0.3470 -0.0026
vn -0.9144 0.3384 -0.2220
vn -0.8714 0.3235 -0.3687
vn -0.8715 0.3235 -0.3687
vn -0.8087 0.2973 -0.5076
vn -0.7142 0.2629 -0.6487
vn -0.6150 0.2292 -0.7544
vn -0.6151 0.2292 -0.7544
vn -0.5259 0.1937 -0.8282
vn -0.4408 0.1622 -0.8829
vn -0.4408 0.1622 -0.8828
vn -0.3672 0.1376 -0.9199
vn -0.3379 0.1227 -0.9331
vn -0.2829 0.0905 -0.9549
vn -0.2828 0.0905 -0.9549
vn -0.2277 0.0739 -0.9709
vn -0.1456 0.0557 -0.9878
vn 0.8977 -0.2727 -0.3460
vn 0.8216 -0.2393 -0.5174
vn 0.5364 -0.1562 -0.8294
vn 0.4688 -0.1355 -0.8728
vn 0.7555 -0.2820 -0.5914
vn 0.7934 -0.2312 -0.5632
vn 0.7934 -0.2312 -0.5631
vn 0.9584 -0.2800 -0.0555
vn 0.9237 -0.3345 -0.1867
vn 0.9181 -0.2604 0.2988
vn 0.8117 -0.2372 0.5338
vn 0.7877 -0.2920 0.5424
vn 0.6057 -0.1768 0.7758
vn 0.4062 -0.1226 0.9055
vn 0.3675 -0.1365 0.9200
vn 0.1391 -0.0387 0.9895
vn -0.0387 0.0063 0.9992
vn 0.1405 -0.0588 0.9883
vn -0.4260 0.1200 0.8967
vn -0.0718 0.0224 0.9972
vn -0.6544 0.1896 0.7320
vn -0.3952 0.1439 0.9073
vn -0.6484 0.2365 0.7237
vn -0.7981 0.2336 0.5553
vn -0.7798 0.2886 0.5555
vn -0.9469 0.2825 0.1536
vn -0.9469 0.2825 0.1535
vn -0.8712 0.2621 -0.4150
vn -0.7670 0.2263 -0.6004
vn -0.9598 0.2807 -0.0048
vn -0.9379 0.3467 -0.0080
vn -0.9597 0.2811 -0.0036
vn -0.9358 0.2735 -0.2225
vn -0.8919 0.2619 -0.3687
vn -0.8086 0.2973 -0.5076
vn -0.8291 0.2434 -0.5034
vn -0.7142 0.2629 -0.6486
vn -0.7692 0.2182 -0.6006
vn -0.7692 0.2182 -0.6007
vn -0.6909 0.2052 -0.6932
vn -0.6909 0.2052 -0.6933
vn -0.6167 0.1808 -0.7661
vn -0.6167 0.1808 -0.7662
vn -0.5381 0.1566 -0.8282
vn -0.4510 0.1311 -0.8828
vn -0.3759 0.1117 -0.9199
vn -0.3524 0.0992 -0.9306
vn -0.1455 0.0557 -0.9878
vn -0.1675 0.0402 -0.9851
vn 0.9105 -0.2096 -0.3565
vn 0.8216 -0.2394 -0.5174
vn 0.8368 -0.1812 -0.5167
vn 0.5433 -0.1182 -0.8311
vn 0.5251 -0.1112 -0.8438
vn 0.5250 -0.1112 -0.8438
vn 0.9197 -0.2002 -0.3377
vn 0.9671 -0.2115 0.1418
vn 0.8709 -0.1905 0.4531
vn 0.9181 -0.2604 0.2989
vn 0.6592 -0.1409 0.7386
vn 0.3974 -0.0890 0.9133
vn -0.3434 0.0735 0.9363
vn -0.6660 0.1435 0.7320
vn -0.8121 0.1773 0.5559
vn -0.9561 0.2096 0.2047
vn -0.7982 0.2336 0.5553
vn -0.8999 0.2072 -0.3837
vn -0.9469 0.2826 0.1536
vn -0.7814 0.1724 -0.5998
vn -0.9598 0.2808 -0.0048
vn -0.9770 0.2129 -0.0080
vn -0.9770 0.2132 -0.0026
vn -0.9526 0.2079 -0.2220
vn -0.9080 0.1991 -0.3687
vn -0.8470 0.1837 -0.4988
vn -0.7747 0.1671 -0.6098
vn -0.7034 0.1531 -0.6941
vn -0.6278 0.1374 -0.7661
vn -0.5478 0.1187 -0.8282
vn -0.5477 0.1187 -0.8282
vn -0.4591 0.0993 -0.8828
vn -0.3828 0.0852 -0.9199
vn -0.3483 0.0749 -0.9344
vn -0.2931 0.0530 -0.9546
vn -0.2931 0.0529 -0.9546
vn -0.2361 0.0395 -0.9709
vn -0.1674 0.0402 -0.9851
vn -0.1123 0.0175 -0.9935
vn -0.0256 0.0053 -0.9997
vn -0.0225 -0.0007 -0.9997
vn -0.0226 -0.0007 -0.9997
vn -0.0168 0.0043 -0.9998
vn -0.0167 0.0015 -0.9999
vn 0.9229 -0.1456 -0.3565
vn 0.8359 -0.1172 -0.5363
vn 0.5434 -0.1182 -0.8311
vn 0.5187 -0.0793 -0.8513
vn 0.4879 -0.0669 -0.8703
vn 0.4879 -0.0669 -0.8704
vn 0.8580 -0.1213 -0.4991
vn 0.9338 -0.1375 0.3304
vn 0.9670 -0.2115 0.1418
vn 0.8709 -0.1904 0.4531
vn 0.8112 -0.1200 0.5723
vn 0.6593 -0.1410 0.7386
vn 0.4208 -0.0604 0.9051
vn 0.6592 -0.1410 0.7386
vn 0.1088 -0.0181 0.9939
vn -0.4167 0.0568 0.9073
vn -0.6740 0.0967 0.7324
vn -0.8224 0.1201 0.5561
vn -0.9518 0.1462 0.2695
vn -0.9561 0.2096 0.2046
vn -0.9227 0.1401 -0.3592
vn -0.9561 0.2097 0.2046
vn -0.7917 0.1175 -0.5996
vn -0.7916 0.1175 -0.5996
vn -0.9895 0.1445 -0.0048
vn -0.9894 0.1449 -0.0036
vn -0.9894 0.1448 -0.0035
vn -0.9647 0.1407 -0.2225
vn -0.9197 0.1353 -0.3687
vn -0.8578 0.1242 -0.4988
vn -0.7846 0.1115 -0.6099
vn -0.7059 0.1068 -0.7002
vn -0.7059 0.1067 -0.7002
vn -0.6438 0.0908 -0.7598
vn -0.5547 0.0802 -0.8282
vn -0.4649 0.0670 -0.8828
vn -0.3878 0.0583 -0.9199
vn -0.3628 0.0492 -0.9306
vn -0.1897 0.0151 -0.9817
vn 0.9324 -0.0819 -0.3521
vn 0.8755 -0.0586 -0.4797
vn 0.5776 -0.0467 -0.8150
vn 0.5175 -0.0380 -0.8548
vn 0.8624 -0.0591 -0.5027
vn 0.9929 -0.0753 -0.0918
vn 0.9893 -0.1450 0.0172
vn 0.9681 -0.0723 0.2397
vn 0.7445 -0.0564 0.6652
vn 0.6338 -0.0873 0.7686
vn 0.5593 -0.0421 0.8279
vn 0.6338 -0.0874 0.7686
vn 0.1100 -0.0071 0.9939
vn 0.4208 -0.0605 0.9051
vn -0.3304 0.0258 0.9435
vn -0.4167 0.0567 0.9073
vn -0.6591 0.0496 0.7504
vn -0.8246 0.0608 0.5625
vn -0.8224 0.1201 0.5562
vn -0.9777 0.0813 0.1937
vn -0.9082 0.0685 -0.4128
vn -0.9082 0.0685 -0.4129
vn -0.7884 0.0658 -0.6117
vn -0.9972 0.0749 -0.0083
vn -0.9972 0.0751 -0.0026
vn -0.9895 0.1444 -0.0048
vn -0.9722 0.0733 -0.2223
vn -0.9722 0.0733 -0.2224
vn -0.9196 0.1353 -0.3687
vn -0.9267 0.0709 -0.3692
vn -0.8588 0.0632 -0.5085
vn -0.8588 0.0632 -0.5084
vn -0.7605 0.0567 -0.6469
vn -0.6591 0.0483 -0.7505
vn -0.5582 0.0414 -0.8286
vn -0.5582 0.0414 -0.8287
vn -0.4677 0.0346 -0.8832
vn -0.3906 0.0312 -0.9200
vn -0.3544 0.0255 -0.9347
vn -0.2944 0.0154 -0.9556
vn -0.2944 0.0153 -0.9556
vn -0.2335 0.0057 -0.9723
vn -0.0286 0.0002 -0.9996
vn 0.8344 -0.0101 -0.5510
vn 0.5249 -0.0001 -0.8512
vn 0.5925 -0.0032 -0.8056
vn 0.5925 -0.0031 -0.8055
vn 0.9414 -0.0048 -0.3372
vn 0.9362 -0.0114 0.3513
vn 0.8820 -0.0661 0.4666
vn 0.3888 -0.0059 0.9213
vn 0.3868 -0.0289 0.9217
vn 0.3867 -0.0289 0.9217
vn 0.1099 -0.0071 0.9939
vn -0.0155 -0.0013 0.9999
vn -0.5639 0.0032 0.8259
vn -0.9000 0.0053 0.4358
vn -0.8246 0.0607 0.5625
vn -0.9001 0.0053 0.4357
vn -0.9733 0.0055 -0.2294
vn -0.8117 0.0040 -0.5840
vn -0.9972 0.0748 -0.0083
vn -1.0000 0.0053 -0.0041
vn -1.0000 0.0052 -0.0041
vn -1.0000 0.0052 -0.0043
vn -0.9693 0.0051 -0.2457
vn -0.9693 0.0051 -0.2458
vn -0.9187 0.0048 -0.3949
vn -0.8430 0.0044 -0.5380
vn -0.7408 0.0039 -0.6717
vn -0.6591 0.0484 -0.7505
vn -0.6416 0.0034 -0.7671
vn -0.6415 0.0034 -0.7671
vn -0.5421 0.0028 -0.8403
vn -0.5421 0.0029 -0.8403
vn -0.4518 0.0024 -0.8921
vn -0.3907 0.0312 -0.9200
vn -0.3862 0.0020 -0.9224
vn -0.3544 0.0256 -0.9347
vn -0.3464 -0.0011 -0.9381
vn -0.1172 -0.0055 -0.9931
vn 0.8526 0.0547 -0.5196
vn 0.9322 -0.0044 -0.3618
vn 0.5102 0.0286 -0.8596
vn 0.5925 -0.0032 -0.8055
vn 0.8836 0.0575 -0.4648
vn 0.9961 0.0695 0.0545
vn 0.9934 -0.0031 0.1143
vn 0.9164 0.0554 0.3964
vn 0.8144 -0.0028 0.5804
vn 0.7224 0.0472 0.6898
vn 0.6299 -0.0023 0.7767
vn 0.4778 0.0309 0.8779
vn 0.1439 0.0077 0.9896
vn -0.1224 0.0054 0.9925
vn -0.2999 -0.0185 0.9538
vn -0.6446 -0.0414 0.7634
vn -0.7811 0.0034 0.6243
vn -0.8174 -0.0514 0.5738
vn -0.9608 -0.0656 0.2693
vn -0.9000 0.0052 0.4358
vn -0.9170 -0.0628 -0.3939
vn -0.7902 -0.0574 -0.6102
vn -0.9971 -0.0759 -0.0058
vn -0.9986 -0.0528 -0.0029
vn -0.9728 -0.0631 -0.2229
vn -0.9274 -0.0611 -0.3691
vn -0.8594 -0.0541 -0.5084
vn -0.7610 -0.0487 -0.6469
vn -0.6596 -0.0414 -0.7505
vn -0.5586 -0.0356 -0.8287
vn -0.4680 -0.0296 -0.8832
vn -0.3910 -0.0271 -0.9200
vn -0.3610 -0.0199 -0.9324
vn -0.3464 -0.0012 -0.9381
vn -0.2847 -0.0239 -0.9583
vn -0.2847 -0.0240 -0.9583
vn -0.2022 -0.0125 -0.9793
vn -0.2334 0.0057 -0.9724
vn 0.9363 0.1253 -0.3281
vn 0.9405 0.0617 -0.3340
vn 0.8589 0.1164 -0.4986
vn 0.5849 0.0823 -0.8070
vn 0.5216 0.0373 -0.8524
vn 0.5680 0.0734 -0.8198
vn 0.5216 0.0373 -0.8523
vn 0.9335 0.1184 -0.3385
vn 0.9901 0.1400 -0.0010
vn 0.9517 0.1266 0.2798
vn 0.8324 0.1113 0.5429
vn 0.6441 0.0861 0.7601
vn 0.3901 0.0518 0.9193
vn 0.1439 0.0078 0.9896
vn 0.0991 0.0171 0.9949
vn -0.1354 -0.0215 0.9906
vn -0.4229 -0.0536 0.9046
vn -0.6761 -0.0893 0.7314
vn -0.6761 -0.0893 0.7313
vn -0.8224 -0.1119 0.5579
vn -0.8224 -0.1119 0.5578
vn -0.9769 -0.1379 0.1634
vn -0.9006 -0.1293 -0.4149
vn -0.7926 -0.1080 -0.6001
vn -0.9910 -0.1338 -0.0077
vn -0.9910 -0.1342 -0.0026
vn -0.9664 -0.1306 -0.2215
vn -0.9210 -0.1256 -0.3686
vn -0.9273 -0.0611 -0.3692
vn -0.8591 -0.1151 -0.4988
vn -0.9274 -0.0611 -0.3692
vn -0.8594 -0.0541 -0.5085
vn -0.7857 -0.1032 -0.6099
vn -0.7611 -0.0487 -0.6469
vn -0.6447 -0.0840 -0.7598
vn -0.7611 -0.0487 -0.6468
vn -0.5555 -0.0743 -0.8282
vn -0.5586 -0.0356 -0.8286
vn -0.4655 -0.0621 -0.8828
vn -0.3884 -0.0542 -0.9199
vn -0.3909 -0.0270 -0.9200
vn -0.3485 -0.0458 -0.9362
vn -0.1510 -0.0272 -0.9882
vn -0.1172 -0.0054 -0.9931
vn -0.0273 -0.0071 -0.9996
vn -0.0164 -0.0034 -0.9999
vn 0.8520 0.1746 -0.4936
vn 0.8590 0.1164 -0.4986
vn 0.5849 0.0823 -0.8069
vn 0.5406 0.1100 -0.8341
vn 0.5679 0.0734 -0.8198
vn 0.9101 0.1776 -0.3744
vn 0.9783 0.2007 0.0518
vn 0.9254 0.1910 0.3274
vn 0.8041 0.1660 0.5709
vn 0.6171 0.1283 0.7763
vn 0.6172 0.1283 0.7763
vn 0.4147 0.0897 0.9055
vn -0.0381 -0.0098 0.9992
vn -0.3746 -0.0757 0.9241
vn -0.6675 -0.1365 0.7320
vn -0.8142 -0.1688 0.5555
vn -0.9562 -0.2095 0.2045
vn -0.9039 -0.1887 -0.3838
vn -0.7828 -0.1642 -0.6002
vn -0.9792 -0.2029 -0.0048
vn -0.9792 -0.2028 -0.0048
vn -0.9909 -0.1342 -0.0026
vn -0.9791 -0.2032 -0.0036
vn -0.9547 -0.1976 -0.2225
vn -0.9664 -0.1307 -0.2215
vn -0.9100 -0.1896 -0.3687
vn -0.9210 -0.1256 -0.3687
vn -0.8489 -0.1748 -0.4988
vn -0.7764 -0.1590 -0.6098
vn -0.8591 -0.1152 -0.4988
vn -0.7050 -0.1457 -0.6941
vn -0.7070 -0.0993 -0.7003
vn -0.6292 -0.1308 -0.7661
vn -0.7070 -0.0993 -0.7002
vn -0.6447 -0.0841 -0.7598
vn -0.5490 -0.1129 -0.8282
vn -0.4601 -0.0945 -0.8828
vn -0.3837 -0.0811 -0.9199
vn -0.3593 -0.0706 -0.9306
vn -0.2906 -0.0688 -0.9544
vn -0.1510 -0.0273 -0.9882
vn -0.2257 -0.0430 -0.9732
vn 0.8841 0.2494 -0.3953
vn 0.9272 0.1909 -0.3222
vn 0.7784 0.2182 -0.5887
vn 0.5373 0.1161 -0.8354
vn 0.5353 0.1490 -0.8314
vn 0.5406 0.1100 -0.8340
vn 0.8978 0.2413 -0.3685
vn 0.9602 0.2707 0.0690
vn 0.9014 0.2464 0.3561
vn 0.7999 0.2262 0.5559
vn 0.6067 0.1710 0.7763
vn 0.4148 0.0897 0.9055
vn 0.3792 0.1072 0.9191
vn 0.3791 0.1072 0.9191
vn 0.1080 0.0313 0.9937
vn -0.3920 -0.1076 0.9137
vn -0.3920 -0.1076 0.9136
vn -0.6653 -0.1837 0.7236
vn -0.8000 -0.2250 0.5561
vn -0.9251 -0.2675 0.2694
vn -0.8969 -0.2576 -0.3594
vn -0.9562 -0.2095 0.2046
vn -0.7699 -0.2184 -0.5996
vn -0.9595 -0.2815 -0.0059
vn -0.9658 -0.2593 -0.0029
vn -0.9385 -0.2639 -0.2225
vn -0.8946 -0.2526 -0.3687
vn -0.8347 -0.2335 -0.4988
vn -0.9100 -0.1895 -0.3687
vn -0.7634 -0.2127 -0.6098
vn -0.6931 -0.1945 -0.6941
vn -0.6186 -0.1743 -0.7661
vn -0.5397 -0.1509 -0.8282
vn -0.4524 -0.1263 -0.8828
vn -0.4601 -0.0944 -0.8828
vn -0.3771 -0.1077 -0.9199
vn -0.3837 -0.0812 -0.9199
vn -0.3432 -0.0954 -0.9344
vn -0.2321 -0.0648 -0.9705
vn -0.1872 -0.0563 -0.9807
vn 0.8034 0.2844 -0.5231
vn 0.8840 0.2494 -0.3953
vn 0.5075 0.1834 -0.8419
vn 0.4691 0.1363 -0.8726
vn 0.5031 0.1793 -0.8454
vn 0.9076 0.3260 -0.2645
vn 0.8978 0.2414 -0.3685
vn 0.9136 0.3161 0.2557
vn 0.7980 0.2877 0.5296
vn 0.5933 0.2129 0.7763
vn 0.3634 0.1319 0.9223
vn 0.1080 0.0314 0.9937
vn 0.0902 0.0369 0.9952
vn -0.2031 -0.0720 0.9765
vn -0.4596 -0.1593 0.8737
vn -0.4597 -0.1593 0.8737
vn -0.6600 -0.2348 0.7137
vn -0.8001 -0.2251 0.5561
vn -0.7827 -0.2805 0.5556
vn -0.9251 -0.2676 0.2693
vn -0.9283 -0.3381 0.1550
vn -0.9283 -0.3380 0.1549
vn -0.8542 -0.3133 -0.4149
vn -0.7524 -0.2714 -0.6002
vn -0.9415 -0.3369 -0.0080
vn -0.9596 -0.2815 -0.0058
vn -0.9414 -0.3372 -0.0026
vn -0.9595 -0.2815 -0.0058
vn -0.9658 -0.2594 -0.0029
vn -0.9181 -0.3286 -0.2215
vn -0.8748 -0.3143 -0.3687
vn -0.8164 -0.2912 -0.4988
vn -0.8946 -0.2525 -0.3687
vn -0.7468 -0.2654 -0.6098
vn -0.7635 -0.2127 -0.6098
vn -0.6778 -0.2423 -0.6941
vn -0.6049 -0.2170 -0.7661
vn -0.6186 -0.1743 -0.7662
vn -0.5279 -0.1882 -0.8282
vn -0.5398 -0.1509 -0.8282
vn -0.4424 -0.1575 -0.8829
vn -0.3687 -0.1337 -0.9199
vn -0.3459 -0.1199 -0.9306
vn -0.2768 -0.1099 -0.9546
vn -0.2255 -0.0884 -0.9702
vn -0.0286 -0.0136 -0.9995
vn -0.1089 -0.0358 -0.9934
vn -0.0162 -0.0063 -0.9998
vn 0.7861 0.3437 -0.5137
vn 0.8756 0.3258 -0.3566
vn 0.5116 0.2239 -0.8295
vn 0.8034 0.2844 -0.5232
vn 0.4476 0.1947 -0.8728
vn 0.5032 0.1793 -0.8454
vn 0.7258 0.3109 -0.6137
vn 0.9076 0.3260 -0.2646
vn 0.8961 0.3864 0.2183
vn 0.7762 0.3427 0.5292
vn 0.5770 0.2537 0.7763
vn 0.3870 0.1739 0.9055
vn -0.0273 -0.0121 0.9996
vn -0.2030 -0.0720 0.9765
vn -0.3309 -0.1436 0.9327
vn -0.6245 -0.2722 0.7320
vn -0.7611 -0.3342 0.5559
vn -0.8789 -0.3936 0.2695
vn -0.8523 -0.3799 -0.3595
vn -0.8543 -0.3133 -0.4148
vn -0.7318 -0.3234 -0.5999
vn -0.9156 -0.4020 -0.0048
vn -0.9415 -0.3368 -0.0080
vn -0.9157 -0.4019 -0.0048
vn -0.9414 -0.3373 -0.0026
vn -0.9155 -0.4023 -0.0036
vn -0.8928 -0.3917 -0.2225
vn -0.9181 -0.3287 -0.2215
vn -0.8507 -0.3745 -0.3687
vn -0.7941 -0.3474 -0.4988
vn -0.7264 -0.3169 -0.6098
vn -0.8163 -0.2912 -0.4988
vn -0.6593 -0.2890 -0.6941
vn -0.5883 -0.2587 -0.7661
vn -0.6049 -0.2170 -0.7662
vn -0.5135 -0.2245 -0.8282
vn -0.4304 -0.1880 -0.8829
vn -0.4425 -0.1575 -0.8828
vn -0.3584 -0.1591 -0.9199
vn -0.4424 -0.1575 -0.8828
vn -0.3266 -0.1422 -0.9344
vn -0.3686 -0.1337 -0.9199
vn -0.1505 -0.0737 -0.9859
vn -0.1088 -0.0358 -0.9934
vn -0.0190 -0.0128 -0.9997
vn 0.7803 0.4019 -0.4791
vn 0.8520 0.3852 -0.3547
vn 0.5194 0.2755 -0.8089
vn 0.4320 0.2255 -0.8733
vn 0.5117 0.2239 -0.8295
vn 0.6996 0.3569 -0.6191
vn 0.8967 0.3996 -0.1903
vn 0.8772 0.4567 -0.1481
vn 0.8961 0.3864 0.2182
vn 0.8566 0.4469 0.2578
vn 0.7498 0.3956 0.5303
vn 0.7498 0.3957 0.5303
vn 0.5770 0.2538 0.7763
vn 0.5579 0.2934 0.7763
vn 0.3486 0.1836 0.9191
vn 0.1107 0.0593 0.9921
vn -0.1232 -0.0674 0.9901
vn -0.3939 -0.2018 0.8967
vn -0.6040 -0.3151 0.7320
vn -0.7359 -0.3865 0.5559
vn -0.8662 -0.4559 0.2046
vn -0.8126 -0.4386 -0.3837
vn -0.7076 -0.3736 -0.5998
vn -0.8801 -0.4748 -0.0059
vn -0.8908 -0.4544 -0.0029
vn -0.8632 -0.4532 -0.2225
vn -0.8225 -0.4330 -0.3687
vn -0.8508 -0.3746 -0.3687
vn -0.7679 -0.4019 -0.4988
vn -0.8507 -0.3746 -0.3687
vn -0.7025 -0.3668 -0.6099
vn -0.6375 -0.3343 -0.6941
vn -0.5688 -0.2991 -0.7662
vn -0.4966 -0.2598 -0.8282
vn -0.5883 -0.2587 -0.7662
vn -0.4162 -0.2176 -0.8829
vn -0.3464 -0.1837 -0.9199
vn -0.3259 -0.1669 -0.9306
vn -0.2594 -0.1446 -0.9549
vn -0.2107 -0.1166 -0.9706
vn 0.7217 0.4401 -0.5342
vn 0.8232 0.4450 -0.3527
vn 0.7804 0.4019 -0.4791
vn 0.7217 0.4402 -0.5342
vn 0.4152 0.2548 -0.8733
vn 0.4319 0.2255 -0.8733
vn 0.7018 0.4312 -0.5671
vn 0.4320 0.2254 -0.8733
vn 0.6995 0.3569 -0.6191
vn 0.7018 0.4311 -0.5671
vn 0.8500 0.5156 -0.1082
vn 0.8174 0.5036 0.2796
vn 0.7141 0.4417 0.5431
vn 0.5361 0.3316 0.7763
vn 0.3280 0.2045 0.9223
vn 0.0835 0.0578 0.9948
vn -0.0339 -0.0231 0.9992
vn -0.1231 -0.0674 0.9901
vn -0.3261 -0.1992 0.9241
vn -0.5806 -0.3564 0.7321
vn -0.5806 -0.3565 0.7320
vn -0.7075 -0.4371 0.5554
vn -0.7075 -0.4371 0.5553
vn -0.8379 -0.5237 0.1535
vn -0.7704 -0.4840 -0.4150
vn -0.6794 -0.4218 -0.6005
vn -0.8449 -0.5349 -0.0059
vn -0.8569 -0.5155 -0.0029
vn -0.8296 -0.5122 -0.2221
vn -0.8632 -0.4532 -0.2226
vn -0.7903 -0.4893 -0.3687
vn -0.8226 -0.4330 -0.3687
vn -0.7380 -0.4545 -0.4988
vn -0.6752 -0.4149 -0.6099
vn -0.7026 -0.3667 -0.6099
vn -0.6126 -0.3779 -0.6942
vn -0.7026 -0.3667 -0.6098
vn -0.5466 -0.3380 -0.7662
vn -0.6375 -0.3343 -0.6942
vn -0.5688 -0.2991 -0.7661
vn -0.4772 -0.2938 -0.8282
vn -0.4000 -0.2461 -0.8829
vn -0.3328 -0.2074 -0.9199
vn -0.3070 -0.1871 -0.9331
vn -0.1545 -0.1110 -0.9817
vn -0.0992 -0.0722 -0.9924
vn 0.7163 0.5169 -0.4687
vn 0.7901 0.5000 -0.3547
vn 0.4657 0.3357 -0.8188
vn 0.4459 0.2793 -0.8504
vn 0.3832 0.2706 -0.8832
vn 0.4460 0.2793 -0.8504
vn 0.6483 0.4701 -0.5989
vn 0.8125 0.5805 -0.0540
vn 0.8125 0.5805 -0.0541
vn 0.7690 0.5423 0.3384
vn 0.6743 0.4860 0.5560
vn 0.5361 0.3315 0.7763
vn 0.5116 0.3681 0.7764
vn 0.5116 0.3681 0.7763
vn 0.3424 0.2505 0.9055
vn -0.3316 -0.2351 0.9137
vn -0.5806 -0.3564 0.7320
vn -0.5623 -0.4001 0.7237
vn -0.5624 -0.4001 0.7237
vn -0.6752 -0.4852 0.5556
vn -0.7884 -0.5804 0.2036
vn -0.7491 -0.5398 -0.3839
vn -0.6484 -0.4683 -0.6003
vn -0.8122 -0.5833 -0.0080
vn -0.6793 -0.4218 -0.6005
vn -0.8448 -0.5350 -0.0059
vn -0.8120 -0.5836 -0.0026
vn -0.8449 -0.5350 -0.0059
vn -0.7920 -0.5689 -0.2216
vn -0.7543 -0.5432 -0.3687
vn -0.7904 -0.4893 -0.3687
vn -0.7045 -0.5048 -0.4988
vn -0.6447 -0.4609 -0.6099
vn -0.6753 -0.4148 -0.6099
vn -0.5848 -0.4197 -0.6942
vn -0.6753 -0.4149 -0.6099
vn -0.5217 -0.3753 -0.7662
vn -0.6127 -0.3779 -0.6941
vn -0.4556 -0.3263 -0.8282
vn -0.3819 -0.2733 -0.8829
vn -0.4000 -0.2460 -0.8829
vn -0.3175 -0.2301 -0.9199
vn -0.2921 -0.2085 -0.9334
vn -0.2472 -0.1748 -0.9531
vn -0.1869 -0.1452 -0.9716
vn -0.0229 -0.0172 -0.9996
vn -0.0992 -0.0723 -0.9924
vn -0.0127 -0.0108 -0.9999
vn -0.0162 -0.0062 -0.9998
vn 0.7077 0.5861 -0.3946
vn 0.7608 0.5458 -0.3510
vn 0.7164 0.5169 -0.4687
vn 0.6252 0.5194 -0.5825
vn 0.3808 0.3070 -0.8722
vn 0.3831 0.2706 -0.8832
vn 0.7484 0.6071 0.2669
vn 0.6515 0.5432 0.5297
vn 0.4847 0.4029 0.7764
vn 0.4847 0.4029 0.7763
vn 0.3013 0.2508 0.9200
vn 0.0719 0.0640 0.9954
vn -0.1662 -0.1371 0.9765
vn -0.3774 -0.3068 0.8737
vn -0.3775 -0.3068 0.8737
vn -0.5398 -0.4463 0.7137
vn -0.6395 -0.5311 0.5558
vn -0.7885 -0.5804 0.2036
vn -0.7460 -0.6340 0.2036
vn -0.7097 -0.5909 -0.3837
vn -0.7491 -0.5399 -0.3839
vn -0.6143 -0.5124 -0.6000
vn -0.6484 -0.4683 -0.6002
vn -0.7694 -0.6387 -0.0048
vn -0.8123 -0.5832 -0.0080
vn -0.7692 -0.6390 -0.0036
vn -0.7503 -0.6226 -0.2225
vn -0.7920 -0.5689 -0.2215
vn -0.7146 -0.5945 -0.3687
vn -0.6676 -0.5527 -0.4988
vn -0.7045 -0.5049 -0.4988
vn -0.6109 -0.5048 -0.6099
vn -0.5541 -0.4595 -0.6942
vn -0.4942 -0.4108 -0.7662
vn -0.4317 -0.3573 -0.8282
vn -0.5216 -0.3753 -0.7662
vn -0.3619 -0.2993 -0.8829
vn -0.3007 -0.2517 -0.9199
vn -0.2840 -0.2310 -0.9306
vn -0.2245 -0.2001 -0.9537
vn 0.6282 0.6028 -0.4918
vn 0.6252 0.5193 -0.5826
vn 0.3988 0.3838 -0.8328
vn 0.3706 0.3123 -0.8747
vn 0.4143 0.3926 -0.8211
vn 0.3809 0.3070 -0.8722
vn 0.6176 0.5222 -0.5881
vn 0.7117 0.6723 0.2037
vn 0.7590 0.6315 -0.1585
vn 0.6122 0.5875 0.5292
vn 0.4554 0.4357 0.7764
vn 0.3042 0.2957 0.9056
vn -0.0206 -0.0199 0.9996
vn -0.2903 -0.2740 0.9168
vn -0.2904 -0.2740 0.9168
vn -0.5012 -0.4744 0.7237
vn -0.6396 -0.5311 0.5558
vn -0.6009 -0.5744 0.5558
vn -0.7000 -0.6845 0.2036
vn -0.6668 -0.6389 -0.3837
vn -0.7097 -0.5909 -0.3836
vn -0.5771 -0.5540 -0.6000
vn -0.7231 -0.6907 -0.0080
vn -0.7695 -0.6387 -0.0048
vn -0.7230 -0.6909 -0.0026
vn -0.7049 -0.6737 -0.2220
vn -0.6714 -0.6429 -0.3687
vn -0.7503 -0.6225 -0.2225
vn -0.6274 -0.5980 -0.4988
vn -0.6676 -0.5528 -0.4988
vn -0.5742 -0.5461 -0.6099
vn -0.6110 -0.5048 -0.6099
vn -0.5207 -0.4970 -0.6942
vn -0.4643 -0.4442 -0.7662
vn -0.4057 -0.3865 -0.8282
vn -0.3401 -0.3238 -0.8829
vn -0.2824 -0.2721 -0.9199
vn -0.2582 -0.2453 -0.9344
vn -0.2841 -0.2309 -0.9306
vn -0.1709 -0.1746 -0.9697
vn -0.2244 -0.2000 -0.9537
vn -0.1292 -0.1352 -0.9824
vn -0.1546 -0.1110 -0.9817
vn 0.6436 0.6914 -0.3282
vn 0.6847 0.6566 -0.3164
vn 0.6282 0.6028 -0.4919
vn 0.3976 0.4400 -0.8052
vn 0.3989 0.3838 -0.8328
vn 0.3581 0.3914 -0.8477
vn 0.6501 0.7055 -0.2823
vn 0.6993 0.6615 -0.2709
vn 0.7117 0.6723 0.2038
vn 0.6547 0.7175 0.2379
vn 0.5678 0.6262 0.5343
vn 0.4239 0.4664 0.7764
vn 0.2647 0.2917 0.9192
vn 0.0837 0.0936 0.9921
vn -0.0781 -0.0867 0.9932
vn -0.3311 -0.3563 0.8737
vn -0.3311 -0.3564 0.8737
vn -0.4725 -0.5171 0.7137
vn -0.6010 -0.5744 0.5558
vn -0.5594 -0.6149 0.5558
vn -0.6505 -0.7317 0.2036
vn -0.6206 -0.6839 -0.3837
vn -0.5370 -0.5929 -0.6000
vn -0.6731 -0.7395 -0.0048
vn -0.7232 -0.6906 -0.0080
vn -0.6731 -0.7396 -0.0048
vn -0.6728 -0.7398 -0.0036
vn -0.6563 -0.7209 -0.2225
vn -0.6249 -0.6882 -0.3687
vn -0.5841 -0.6403 -0.4988
vn -0.5347 -0.5849 -0.6099
vn -0.4847 -0.5321 -0.6942
vn -0.5742 -0.5462 -0.6099
vn -0.4322 -0.4755 -0.7662
vn -0.3778 -0.4139 -0.8282
vn -0.4057 -0.3866 -0.8282
vn -0.3167 -0.3467 -0.8829
vn -0.2627 -0.2911 -0.9199
vn -0.2491 -0.2682 -0.9306
vn -0.1964 -0.2275 -0.9538
vn -0.2245 -0.2000 -0.9537
vn -0.0159 -0.0207 -0.9997
vn -0.0791 -0.0895 -0.9928
vn -0.0100 -0.0142 -0.9998
vn 0.5795 0.7353 -0.3515
vn 0.6436 0.6914 -0.3283
vn 0.5868 0.6544 -0.4769
vn 0.5121 0.6475 -0.5644
vn 0.2932 0.3629 -0.8845
vn 0.3581 0.3913 -0.8477
vn 0.5996 0.7564 0.2614
vn 0.5192 0.6593 0.5438
vn 0.3903 0.4948 0.7764
vn 0.3903 0.4949 0.7764
vn 0.2647 0.2917 0.9191
vn 0.2383 0.3043 0.9223
vn 0.2382 0.3043 0.9223
vn 0.0675 0.0954 0.9931
vn -0.0164 -0.0258 0.9995
vn -0.0846 -0.1151 0.9897
vn -0.0780 -0.0867 0.9932
vn -0.2628 -0.3256 0.9083
vn -0.4724 -0.5171 0.7137
vn -0.4236 -0.5335 0.7321
vn -0.5151 -0.6524 0.5558
vn -0.5151 -0.6524 0.5559
vn -0.5979 -0.7753 0.2036
vn -0.5714 -0.7255 -0.3837
vn -0.6506 -0.7317 0.2036
vn -0.4944 -0.6289 -0.6000
vn -0.6200 -0.7846 -0.0080
vn -0.6197 -0.7848 -0.0026
vn -0.6043 -0.7652 -0.2220
vn -0.5754 -0.7301 -0.3687
vn -0.5380 -0.6795 -0.4988
vn -0.4926 -0.6207 -0.6099
vn -0.5841 -0.6403 -0.4989
vn -0.4464 -0.5646 -0.6942
vn -0.3980 -0.5045 -0.7662
vn -0.3480 -0.4392 -0.8282
vn -0.2917 -0.3680 -0.8829
vn -0.2417 -0.3087 -0.9199
vn -0.2216 -0.2788 -0.9344
vn -0.1409 -0.1873 -0.9721
vn -0.1964 -0.2274 -0.9538
vn 0.4836 0.7064 -0.5169
vn 0.3128 0.4590 -0.8316
vn 0.3240 0.4153 -0.8500
vn 0.3190 0.4621 -0.8275
vn 0.3240 0.4153 -0.8501
vn 0.4982 0.6317 -0.5939
vn 0.5568 0.8064 -0.1992
vn 0.6237 0.7748 -0.1034
vn 0.5997 0.7563 0.2614
vn 0.5435 0.7961 0.2660
vn 0.4705 0.6910 0.5488
vn 0.4705 0.6910 0.5489
vn 0.3548 0.5209 0.7764
vn 0.2360 0.3525 0.9056
vn -0.2191 -0.3175 0.9226
vn -0.3854 -0.5617 0.7321
vn -0.4684 -0.6868 0.5559
vn -0.4684 -0.6868 0.5558
vn -0.5423 -0.8151 0.2036
vn -0.5193 -0.7636 -0.3837
vn -0.5713 -0.7255 -0.3837
vn -0.4493 -0.6619 -0.6000
vn -0.4943 -0.6289 -0.6000
vn -0.5635 -0.8261 -0.0048
vn -0.6200 -0.7845 -0.0079
vn -0.5636 -0.8260 -0.0048
vn -0.6198 -0.7848 -0.0026
vn -0.5632 -0.8263 -0.0036
vn -0.5496 -0.8052 -0.2226
vn -0.5230 -0.7684 -0.3687
vn -0.4893 -0.7153 -0.4989
vn -0.4481 -0.6536 -0.6099
vn -0.4059 -0.5944 -0.6942
vn -0.3618 -0.5310 -0.7662
vn -0.3165 -0.4624 -0.8283
vn -0.2653 -0.3874 -0.8829
vn -0.3480 -0.4392 -0.8283
vn -0.2196 -0.3248 -0.9199
vn -0.2418 -0.3087 -0.9199
vn -0.2094 -0.3003 -0.9306
vn -0.1603 -0.2520 -0.9543
vn -0.0938 -0.1507 -0.9841
vn -0.0553 -0.0868 -0.9947
vn 0.4326 0.7383 -0.5175
vn 0.5176 0.7778 -0.3566
vn 0.4836 0.7064 -0.5168
vn 0.2813 0.4804 -0.8307
vn 0.3127 0.4590 -0.8316
vn 0.2494 0.4236 -0.8708
vn 0.3191 0.4621 -0.8275
vn 0.4286 0.7186 -0.5477
vn 0.5016 0.8626 -0.0653
vn 0.4850 0.8151 0.3168
vn 0.4705 0.6909 0.5489
vn 0.4209 0.7229 0.5480
vn 0.3176 0.5444 0.7764
vn 0.1973 0.3387 0.9200
vn 0.0620 0.1183 0.9910
vn -0.1831 -0.3103 0.9328
vn -0.1830 -0.3103 0.9329
vn -0.3452 -0.5872 0.7321
vn -0.4193 -0.7178 0.5559
vn -0.4842 -0.8510 0.2036
vn -0.4648 -0.7980 -0.3837
vn -0.5423 -0.8151 0.2037
vn -0.4020 -0.6916 -0.6000
vn -0.4493 -0.6619 -0.6001
vn -0.4947 -0.8690 -0.0059
vn -0.5147 -0.8574 -0.0029
vn -0.5636 -0.8261 -0.0048
vn -0.4918 -0.8418 -0.2226
vn -0.5496 -0.8052 -0.2225
vn -0.4681 -0.8030 -0.3688
vn -0.4382 -0.7477 -0.4989
vn -0.5230 -0.7684 -0.3688
vn -0.4014 -0.6833 -0.6099
vn -0.3635 -0.6213 -0.6942
vn -0.3239 -0.5550 -0.7662
vn -0.3618 -0.5311 -0.7662
vn -0.2834 -0.4834 -0.8283
vn -0.2377 -0.4050 -0.8829
vn -0.1964 -0.3393 -0.9199
vn -0.1806 -0.3070 -0.9344
vn -0.1241 -0.2115 -0.9695
vn -0.0118 -0.0243 -0.9996
vn 0.3825 0.7820 -0.4921
vn 0.4650 0.8148 -0.3461
vn 0.2519 0.5085 -0.8234
vn 0.2172 0.4359 -0.8734
vn 0.3673 0.7336 -0.5717
vn 0.4391 0.8863 -0.1473
vn 0.5016 0.8626 -0.0652
vn 0.4357 0.8683 0.2370
vn 0.3740 0.7608 0.5304
vn 0.3176 0.5443 0.7764
vn 0.2789 0.5652 0.7764
vn 0.1847 0.3819 0.9056
vn -0.0352 -0.0758 0.9965
vn -0.2000 -0.3946 0.8968
vn -0.2000 -0.3947 0.8968
vn -0.3034 -0.6099 0.7321
vn -0.3682 -0.7453 0.5559
vn -0.4236 -0.8827 0.2036
vn -0.4080 -0.8284 -0.3837
vn -0.4842 -0.8509 0.2037
vn -0.3527 -0.7180 -0.6001
vn -0.4020 -0.6916 -0.6001
vn -0.4330 -0.9014 -0.0058
vn -0.4535 -0.8913 -0.0029
vn -0.5146 -0.8574 -0.0029
vn -0.4321 -0.8740 -0.2222
vn -0.4919 -0.8417 -0.2226
vn -0.4109 -0.8337 -0.3688
vn -0.4919 -0.8418 -0.2226
vn -0.3850 -0.7765 -0.4989
vn -0.3528 -0.7096 -0.6099
vn -0.3192 -0.6451 -0.6942
vn -0.3635 -0.6212 -0.6942
vn -0.2843 -0.5762 -0.7662
vn -0.2490 -0.5020 -0.8283
vn -0.2088 -0.4206 -0.8829
vn -0.1723 -0.3522 -0.9199
vn -0.1655 -0.3265 -0.9306
vn -0.1228 -0.2713 -0.9546
vn -0.1806 -0.3069 -0.9344
vn -0.0975 -0.2162 -0.9715
vn -0.1240 -0.2115 -0.9695
vn -0.0456 -0.1072 -0.9932
vn 0.3547 0.8674 -0.3489
vn 0.4192 0.8488 -0.3223
vn 0.3825 0.7820 -0.4920
vn 0.2149 0.5205 -0.8264
vn 0.3825 0.7821 -0.4920
vn 0.1858 0.4497 -0.8736
vn 0.3036 0.7463 -0.5923
vn 0.3674 0.7336 -0.5717
vn 0.3857 0.9113 -0.1445
vn 0.4391 0.8862 -0.1474
vn 0.3857 0.9113 -0.1444
vn 0.3653 0.8881 0.2790
vn 0.3181 0.7770 0.5432
vn 0.2388 0.5833 0.7764
vn 0.1482 0.3628 0.9200
vn 0.0455 0.1259 0.9910
vn -0.1616 -0.3882 0.9073
vn -0.1615 -0.3883 0.9073
vn -0.2648 -0.6372 0.7237
vn -0.3153 -0.7691 0.5559
vn -0.3610 -0.9100 0.2037
vn -0.3492 -0.8549 -0.3837
vn -0.4236 -0.8826 0.2037
vn -0.4080 -0.8285 -0.3837
vn -0.3018 -0.7408 -0.6001
vn -0.3528 -0.7180 -0.6000
vn -0.3797 -0.9251 -0.0080
vn -0.4329 -0.9014 -0.0059
vn -0.3793 -0.9253 -0.0026
vn -0.4330 -0.9014 -0.0059
vn -0.3701 -0.9022 -0.2216
vn -0.3518 -0.8604 -0.3688
vn -0.4110 -0.8337 -0.3688
vn -0.3299 -0.8014 -0.4989
vn -0.3024 -0.7325 -0.6100
vn -0.2735 -0.6658 -0.6942
vn -0.2434 -0.5946 -0.7662
vn -0.2844 -0.5762 -0.7662
vn -0.2134 -0.5181 -0.8283
vn -0.1789 -0.4341 -0.8829
vn -0.1473 -0.3633 -0.9199
vn -0.1361 -0.3291 -0.9344
vn -0.1722 -0.3522 -0.9199
vn -0.0765 -0.1770 -0.9812
vn -0.0456 -0.1073 -0.9932
vn -0.0100 -0.0143 -0.9998
vn 0.2701 0.8123 -0.5169
vn 0.3127 0.7762 -0.5475
vn 0.1756 0.5292 -0.8301
vn 0.2148 0.5205 -0.8264
vn 0.1509 0.4436 -0.8835
vn 0.2481 0.7611 -0.5993
vn 0.3161 0.9471 -0.0553
vn 0.3160 0.9471 -0.0553
vn 0.3653 0.8881 0.2791
vn 0.3034 0.8907 0.3385
vn 0.2599 0.7898 0.5555
vn 0.1975 0.5985 0.7764
vn 0.1297 0.4039 0.9056
vn -0.0581 -0.1743 0.9830
vn -0.0580 -0.1743 0.9830
vn -0.1615 -0.3882 0.9073
vn -0.1574 -0.4601 0.8738
vn -0.1574 -0.4602 0.8738
vn -0.2212 -0.6645 0.7138
vn -0.2609 -0.7893 0.5559
vn -0.3610 -0.9101 0.2036
vn -0.2966 -0.9330 0.2037
vn -0.2887 -0.8772 -0.3837
vn -0.2494 -0.7601 -0.6001
vn -0.3139 -0.9494 -0.0048
vn -0.3140 -0.9494 -0.0048
vn -0.3136 -0.9496 -0.0036
vn -0.3063 -0.9256 -0.2226
vn -0.2909 -0.8828 -0.3688
vn -0.2731 -0.8225 -0.4989
vn -0.2505 -0.7518 -0.6100
vn -0.3024 -0.7325 -0.6099
vn -0.2263 -0.6832 -0.6943
vn -0.2734 -0.6658 -0.6942
vn -0.2014 -0.6102 -0.7663
vn -0.2434 -0.5947 -0.7662
vn -0.1767 -0.5317 -0.8283
vn -0.2434 -0.5946 -0.7663
vn -0.1482 -0.4455 -0.8829
vn -0.1790 -0.4341 -0.8829
vn -0.1215 -0.3727 -0.9199
vn -0.1473 -0.3634 -0.9199
vn -0.1184 -0.3463 -0.9306
vn -0.1472 -0.3633 -0.9199
vn -0.1228 -0.2712 -0.9547
vn -0.1227 -0.2712 -0.9547
vn -0.0975 -0.2163 -0.9715
vn 0.2831 0.8903 -0.3567
vn 0.1377 0.5383 -0.8314
vn 0.2701 0.8124 -0.5169
vn 0.1269 0.4718 -0.8725
vn 0.1509 0.4436 -0.8834
vn 0.2454 0.9418 0.2299
vn 0.2599 0.7899 0.5555
vn 0.0963 0.3799 0.9200
vn -0.2052 -0.8055 0.5559
vn -0.2493 -0.7601 -0.6001
vn -0.3136 -0.9495 -0.0036
vn -0.3136 -0.9496 -0.0035
vn -0.1781 -0.6973 -0.6943
vn -0.2263 -0.6832 -0.6942
vn -0.2014 -0.6102 -0.7662
vn -0.2013 -0.6102 -0.7663
vn -0.1185 -0.3463 -0.9306
vn 0.1573 0.9230 -0.3512
vn 0.2502 0.9480 -0.1966
vn 0.2078 0.8226 0.5292
vn -0.1037 -0.3908 0.9146
vn -0.2151 -0.8396 -0.4989
vn -0.0691 -0.3595 -0.9306
vn -0.0431 -0.2948 -0.9546
vn -0.0838 -0.2857 -0.9546
vn 0.1027 0.9349 -0.3396
vn 0.0881 0.7997 -0.5939
vn 0.1794 0.9551 -0.2359
vn 0.0082 0.0628 0.9980
vn -0.1265 -0.6784 0.7237
vn -0.0979 -0.8358 0.5403
vn -0.1638 -0.9650 0.2046
vn -0.0792 -0.7153 -0.6943
vn -0.1009 -0.5512 -0.8283
vn 0.0662 0.6139 0.7866
vn -0.0580 -0.4828 0.8738
vn -0.0312 -0.9169 -0.3978
vn -0.0328 -0.7915 -0.6103
vn -0.0793 -0.7154 -0.6943
vn -0.0413 -0.3898 -0.9200
vn -0.0277 0.9353 -0.3528
vn -0.0167 0.5579 -0.8298
vn -0.0015 -0.0283 0.9996
vn 0.0222 -0.7592 0.6505
vn 0.0297 -0.9995 -0.0103
vn 0.0353 -0.9672 -0.2514
vn 0.0202 -0.9298 -0.3675
vn 0.0201 -0.9298 -0.3675
vn 0.0202 -0.9298 -0.3676
vn 0.0195 -0.6581 -0.7526
vn 0.0119 -0.4000 -0.9165
vn -0.0277 0.9351 -0.3532
vn 0.0435 -0.4186 0.9071
vn 0.0283 -0.9527 -0.3024
vn 0.0797 -0.7881 -0.6104
vn 0.0634 -0.6401 -0.7656
vn 0.0565 -0.5581 -0.8278
vn 0.0144 -0.4866 -0.8735
vn -0.1472 0.9239 -0.3531
vn -0.1469 0.8431 -0.5174
vn -0.0899 0.5326 -0.8415
vn 0.1527 -0.9247 -0.3489
vn 0.0830 -0.9076 -0.4116
vn 0.0653 -0.3602 -0.9306
vn -0.2170 0.8900 -0.4010
vn -0.0838 0.4641 -0.8818
vn -0.2345 0.9366 -0.2603
vn -0.1766 0.9773 -0.1174
vn -0.2346 0.9366 -0.2602
vn 0.0684 -0.2291 -0.9710
vn -0.1308 0.5243 -0.8414
vn -0.2562 0.8088 0.5293
vn -0.3022 0.9291 0.2129
vn 0.0085 -0.0333 0.9994
vn 0.1875 -0.7774 -0.6003
vn 0.3149 -0.9491 -0.0059
vn 0.2367 -0.9716 -0.0048
vn 0.1894 -0.7695 -0.6099
vn 0.1707 -0.6992 -0.6943
vn -0.2846 0.8897 -0.3570
vn -0.1732 0.5453 -0.8202
vn -0.1791 0.4463 -0.8768
vn -0.3022 0.9292 0.2129
vn -0.3119 0.7887 0.5298
vn -0.0496 0.1278 0.9906
vn 0.3073 -0.7727 0.5554
vn 0.2535 -0.6322 0.7321
vn 0.2088 -0.6484 0.7321
vn 0.2644 -0.8253 -0.4989
vn -0.3052 0.7565 -0.5785
vn -0.3118 0.7887 0.5298
vn -0.3954 0.8464 -0.3567
vn -0.2211 0.4521 -0.8641
vn -0.3119 0.5476 0.7764
vn 0.3453 -0.7218 -0.5999
vn 0.4832 -0.8468 -0.2226
vn 0.4597 -0.8079 -0.3687
vn 0.3062 -0.6448 -0.7004
vn 0.2437 -0.5045 -0.8283
vn 0.1686 -0.3540 -0.9199
vn -0.5192 0.7802 -0.3489
vn -0.2766 0.4120 -0.8682
vn -0.4162 0.7317 0.5399
vn 0.2816 -0.4150 0.8652
vn 0.5550 -0.8318 -0.0080
vn 0.5149 -0.7739 -0.3687
vn 0.3238 -0.5709 -0.7545
vn 0.3116 -0.4657 -0.8282
vn 0.2613 -0.3902 -0.8829
vn 0.0161 -0.0215 -0.9996
vn 0.0099 -0.0259 -0.9996
vn -0.5285 0.6868 -0.4989
vn -0.6048 0.7745 -0.1854
vn 0.6009 -0.7879 0.1351
vn 0.6008 -0.7879 0.1351
vn 0.5184 -0.7828 0.3442
vn 0.4423 -0.6666 -0.6000
vn 0.4490 -0.6614 -0.6007
vn 0.4490 -0.6615 -0.6007
vn 0.2268 -0.2874 -0.9306
vn 0.0102 -0.0140 -0.9999
vn -0.5778 0.7499 -0.3223
vn -0.5376 0.6036 -0.5887
vn -0.4189 0.4709 0.7764
vn 0.5307 -0.5985 -0.6000
vn 0.6737 -0.7389 -0.0058
vn 0.6176 -0.6947 -0.3688
vn 0.5308 -0.6851 -0.4989
vn -0.5974 0.5848 0.5487
vn -0.0973 0.0966 0.9906
vn 0.6955 -0.6908 0.1976
vn 0.5913 -0.5725 0.5679
vn 0.6645 -0.6499 -0.3687
vn 0.0186 -0.0133 -0.9997
vn -0.6690 0.6520 -0.3569
vn -0.2815 0.2755 0.9191
vn 0.2852 -0.2407 0.9278
vn 0.7159 -0.6982 -0.0079
vn 0.4747 -0.4610 -0.7497
vn 0.1308 -0.1323 -0.9826
vn -0.4344 0.3213 -0.8415
vn -0.3212 0.2772 0.9056
vn 0.8009 -0.5835 0.1344
vn 0.6435 -0.4751 -0.6001
vn 0.8009 -0.5836 0.1345
vn 0.8513 -0.5246 -0.0059
vn 0.8057 -0.5923 -0.0035
vn 0.5540 -0.3521 -0.7544
vn -0.6758 0.4255 -0.6018
vn -0.8667 0.4720 -0.1615
vn -0.7457 0.4037 0.5301
vn 0.1618 -0.1031 0.9814
vn 0.6092 -0.3244 0.7236
vn 0.8445 -0.4629 0.2695
vn 0.6753 -0.4291 -0.5999
vn 0.8514 -0.5246 -0.0058
vn 0.4139 -0.2219 -0.8828
vn -0.4513 0.2492 -0.8569
vn -0.8521 0.4469 0.2725
vn -0.8557 0.3773 0.3543
vn -0.8520 0.4469 0.2725
vn -0.0826 0.0378 0.9959
vn 0.0306 -0.0155 0.9994
vn 0.3590 -0.1905 0.9137
vn 0.9064 -0.4224 -0.0029
vn 0.8887 -0.4012 -0.2219
vn 0.8584 -0.4623 -0.2222
vn 0.7070 -0.3733 -0.6006
vn 0.4284 -0.1925 -0.8828
vn -0.8631 0.3888 -0.3222
vn -0.5581 0.2024 -0.8047
vn -0.9261 0.3400 -0.1637
vn 0.6395 -0.2347 0.7320
vn 0.8874 -0.4130 0.2045
vn 0.7283 -0.3310 -0.6000
vn 0.9379 -0.3467 -0.0080
vn 0.9144 -0.3384 -0.2219
vn 0.8132 -0.2997 -0.4988
vn 0.7230 -0.3245 -0.6098
vn 0.2126 -0.1068 -0.9713
vn 0.2281 -0.0747 -0.9708
vn 0.2126 -0.1069 -0.9713
vn -0.9397 0.2697 0.2104
vn -0.3966 0.1506 0.9055
vn 0.7497 -0.2794 -0.5999
vn 0.9379 -0.3468 -0.0079
vn 0.9597 -0.2811 -0.0035
vn 0.8919 -0.2620 -0.3687
vn -0.9087 0.2572 -0.3289
vn -0.8197 0.2456 -0.5175
vn -0.5137 0.1442 -0.8457
vn -0.9455 0.1949 0.2607
vn -0.3897 0.0860 0.9169
vn -0.0919 0.0208 0.9955
vn 0.7671 -0.2265 -0.6002
vn 0.9598 -0.2808 -0.0048
vn 0.9770 -0.2129 -0.0080
vn 0.9080 -0.1991 -0.3687
vn 0.8471 -0.1837 -0.4988
vn 0.5478 -0.1187 -0.8282
vn 0.3525 -0.0992 -0.9306
vn 0.3525 -0.0992 -0.9305
vn 0.2930 -0.0529 -0.9546
vn 0.1818 -0.0554 -0.9818
vn -0.9252 0.1416 -0.3522
vn -0.9324 0.2039 -0.2985
vn -0.8561 0.1216 -0.5024
vn 0.8116 -0.1242 0.5709
vn 0.0308 -0.0033 -0.9995
vn 0.0241 -0.0078 -0.9997
vn -0.8412 0.1228 0.5266
vn -0.4941 0.0380 0.8686
vn 0.0299 -0.0011 0.9996
vn 0.9551 -0.1427 0.2595
vn 0.9895 -0.1445 -0.0035
vn 0.9119 -0.0766 -0.4032
vn 0.8548 -0.1260 -0.5035
vn 0.8582 -0.0629 -0.5095
vn 0.5582 -0.0414 -0.8286
vn 0.3628 -0.0492 -0.9305
vn -0.9406 0.0042 -0.3396
vn -0.8026 0.0020 0.5965
vn -0.8027 0.0021 0.5964
vn -0.8027 0.0020 0.5964
vn 0.8257 -0.0043 0.5640
vn 0.6475 -0.0459 -0.7607
vn 0.6416 -0.0034 -0.7671
vn -0.5819 -0.0407 -0.8123
vn -0.9917 -0.0638 0.1118
vn 0.0300 -0.0011 0.9996
vn 0.2682 0.0145 0.9632
vn 0.7875 0.0523 0.6141
vn 0.7600 0.0489 -0.6480
vn 0.3910 0.0270 -0.9200
vn 0.4680 0.0297 -0.8832
vn 0.0225 0.0007 -0.9997
vn -0.5819 -0.0406 -0.8123
vn -0.8144 -0.1036 0.5711
vn -0.4149 -0.0556 0.9081
vn 0.7896 0.0588 -0.6107
vn 0.9910 0.1338 -0.0052
vn 0.3633 0.0454 -0.9305
vn 0.1123 0.0229 -0.9934
vn 0.1122 0.0229 -0.9934
vn -0.9174 -0.1910 -0.3492
vn -0.8507 -0.1151 -0.5130
vn -0.9122 -0.1779 -0.3692
vn -0.9911 -0.1324 0.0141
vn -0.9778 -0.1998 0.0637
vn -0.8142 -0.1645 0.5569
vn 0.9792 0.2026 -0.0083
vn 0.9100 0.1896 -0.3687
vn 0.6983 0.1484 -0.7002
vn 0.0226 0.0008 -0.9997
vn 0.0272 0.0095 -0.9996
vn -0.5471 -0.1131 -0.8294
vn 0.6747 0.1883 0.7136
vn 0.9578 0.2054 0.2014
vn 0.7745 0.2226 -0.5920
vn 0.9792 0.2025 -0.0083
vn -0.9043 -0.3167 0.2863
vn -0.7962 -0.2823 0.5352
vn -0.9043 -0.3167 0.2862
vn -0.7962 -0.2823 0.5351
vn 0.9088 0.3328 0.2516
vn 0.8646 0.3094 -0.3960
vn 0.9386 0.2636 -0.2225
vn 0.3460 0.1199 -0.9306
vn 0.2131 0.0898 -0.9729
vn 0.2130 0.0897 -0.9729
vn 0.1122 0.0230 -0.9934
vn -0.6884 -0.3080 -0.6566
vn -0.8383 -0.3677 -0.4027
vn -0.8901 -0.3789 0.2531
vn -0.9402 -0.3394 -0.0286
vn -0.0821 -0.0298 0.9962
vn 0.0333 0.0123 0.9994
vn 0.7613 0.3343 0.5556
vn 0.9088 0.3328 0.2515
vn 0.9036 0.4018 0.1486
vn 0.9453 0.3260 -0.0029
vn 0.7908 0.3481 -0.5034
vn 0.7170 0.2554 -0.6487
vn 0.3300 0.1425 -0.9331
vn -0.8263 -0.4363 -0.3561
vn -0.5405 -0.2788 0.7938
vn 0.8800 0.4749 -0.0058
vn 0.7636 0.3989 -0.5077
vn 0.6745 0.3526 -0.6486
vn 0.4162 0.2176 -0.8828
vn 0.2149 0.1202 -0.9692
vn -0.7719 -0.4675 0.4307
vn 0.5889 0.3599 0.7236
vn 0.8448 0.5350 -0.0059
vn 0.6744 0.3526 -0.6487
vn 0.5548 0.3389 -0.7599
vn 0.4000 0.2461 -0.8829
vn -0.5421 -0.3901 0.7443
vn -0.3598 -0.2638 0.8950
vn 0.3472 0.2114 0.9136
vn 0.7884 0.5805 0.2036
vn 0.8123 0.5832 -0.0079
vn 0.8123 0.5832 -0.0080
vn 0.3819 0.2734 -0.8829
vn 0.4773 0.2938 -0.8282
vn -0.3668 -0.2993 -0.8809
vn -0.6519 -0.5406 0.5319
vn -0.3599 -0.2638 0.8949
vn 0.5253 0.4338 0.7320
vn 0.6750 0.4852 0.5558
vn -0.4235 -0.3523 -0.8346
vn -0.7063 -0.6686 0.2325
vn -0.4861 -0.4030 0.7754
vn 0.7048 0.6735 -0.2226
vn 0.1632 0.1690 -0.9720
vn 0.0221 0.0153 -0.9996
vn -0.3042 -0.2957 0.9055
vn 0.6668 0.6389 -0.3836
vn 0.6646 0.7471 -0.0059
vn 0.6241 0.5975 -0.5034
vn 0.3167 0.3468 -0.8829
vn 0.4057 0.3866 -0.8282
vn 0.0716 0.0946 -0.9929
vn -0.4777 -0.6045 -0.6374
vn -0.5620 -0.6196 0.5480
vn 0.5978 0.7751 0.2045
vn 0.6044 0.7651 -0.2222
vn 0.5753 0.7301 -0.3687
vn 0.5754 0.7301 -0.3688
vn 0.2390 0.2618 -0.9350
vn -0.4883 -0.7078 -0.5105
vn -0.4777 -0.6046 -0.6374
vn -0.5511 -0.8065 -0.2143
vn -0.3595 -0.4502 -0.8174
vn 0.2782 0.3989 0.8737
vn 0.4303 0.5395 0.7237
vn 0.4943 0.6289 -0.6000
vn -0.3068 -0.4486 -0.8395
vn 0.4948 0.8690 -0.0059
vn 0.4920 0.8417 -0.2221
vn 0.3165 0.4624 -0.8282
vn 0.1879 0.3142 -0.9306
vn 0.1992 0.2896 -0.9362
vn -0.4384 -0.8747 0.2064
vn 0.3453 0.5872 0.7321
vn 0.4318 0.8750 -0.2190
vn 0.4624 0.8020 -0.3783
vn 0.5146 0.8575 -0.0029
vn 0.4921 0.8417 -0.2221
vn 0.4109 0.8338 -0.3687
vn 0.3528 0.7096 -0.6100
vn 0.2490 0.5019 -0.8283
vn 0.1596 0.3197 -0.9340
vn -0.3444 -0.8651 -0.3647
vn -0.1912 -0.4759 -0.8584
vn -0.2789 -0.5651 0.7764
vn 0.3135 0.7671 0.5597
vn 0.2844 0.5762 -0.7662
vn -0.1719 -0.5215 -0.8358
vn -0.0353 -0.1264 0.9914
vn 0.2890 0.8773 -0.3830
vn 0.2263 0.6832 -0.6943
vn 0.2434 0.5946 -0.7663
vn 0.1216 0.3727 -0.9199
vn 0.1035 0.2419 -0.9648
vn -0.2850 -0.8925 -0.3496
vn -0.2470 -0.9682 -0.0403
vn -0.2633 -0.7997 0.5396
vn -0.1552 -0.6108 0.7765
vn 0.2052 0.8055 0.5559
vn 0.2268 0.8952 -0.3837
vn 0.2360 0.9717 -0.0058
vn 0.2126 0.8374 -0.5036
vn 0.1583 0.6227 -0.7662
vn 0.1482 0.4456 -0.8829
vn -0.0923 -0.5287 -0.8438
vn -0.1038 -0.5351 -0.8384
vn 0.1457 0.8287 0.5403
vn 0.1901 0.9818 -0.0029
vn 0.1157 0.6460 -0.7546
vn 0.1009 0.5512 -0.8283
vn 0.0645 0.3470 -0.9357
vn 0.0488 0.2663 -0.9627
vn -0.0612 -0.5770 -0.8145
vn -0.1020 -0.9791 0.1762
vn -0.0325 -0.2976 0.9541
vn 0.0701 0.3755 0.9242
vn 0.0746 0.7099 -0.7004
vn 0.1010 0.5511 -0.8283
vn 0.0414 0.3899 -0.9199
vn 0.0274 0.3026 -0.9527
vn 0.0145 0.1716 -0.9851
vn -0.0280 -0.9391 -0.3425
vn -0.1100 -0.9717 -0.2091
vn -0.0324 -0.2975 0.9542
vn 0.0345 0.8362 0.5474
vn 0.0393 0.9809 0.1902
vn 0.0314 0.8683 -0.4951
vn 0.0622 0.5569 -0.8283
vn 0.0139 -0.5135 -0.8580
vn -0.0035 0.0281 0.9996
vn -0.0201 0.8146 -0.5797
vn -0.0112 0.9999 -0.0079
vn -0.0200 0.8146 -0.5797
vn -0.0270 0.9147 -0.4033
vn -0.0255 0.8517 -0.5235
vn -0.0229 0.7739 -0.6330
vn -0.0229 0.7739 -0.6329
vn -0.0172 0.5781 -0.8158
vn -0.0119 0.4000 -0.9165
vn -0.0108 0.3649 -0.9310
vn 0.0829 -0.9302 -0.3577
vn 0.0162 -0.5256 0.8506
vn 0.0145 -0.0935 0.9955
vn 0.1551 -0.9297 -0.3340
vn 0.0869 -0.9418 -0.3247
vn 0.0654 -0.3864 0.9200
vn -0.0683 0.3921 0.9174
vn -0.1215 0.7094 -0.6943
vn -0.0653 0.3602 -0.9306
vn 0.0804 -0.4932 -0.8662
vn 0.1496 -0.6162 0.7732
vn 0.0354 -0.1315 0.9907
vn -0.0035 0.0282 0.9996
vn -0.1623 0.6611 0.7325
vn -0.1686 0.9857 -0.0079
vn -0.2367 0.9716 -0.0048
vn -0.0853 0.3458 -0.9344
vn -0.0570 0.2321 -0.9710
vn 0.2278 -0.9301 -0.2883
vn 0.2994 -0.9158 0.2679
vn 0.1938 -0.6099 0.7684
vn -0.1115 0.3416 0.9332
vn -0.2531 0.7828 0.5684
vn -0.1876 0.7777 -0.6000
vn -0.3042 0.9526 -0.0080
vn -0.1176 0.3740 -0.9200
vn -0.0522 0.1625 -0.9853
vn 0.2486 -0.7991 -0.5473
vn 0.3024 -0.9511 -0.0633
vn -0.3693 0.9293 -0.0036
vn -0.1711 0.5335 -0.8283
vn -0.1148 0.3475 -0.9306
vn 0.3502 -0.8795 -0.3223
vn 0.2292 -0.4850 -0.8439
vn 0.3010 -0.7384 0.6035
vn -0.4329 0.8911 0.1360
vn -0.3670 0.9218 -0.1248
vn -0.3606 0.9058 -0.2225
vn -0.2044 0.4228 -0.8829
vn 0.4151 -0.7186 0.5579
vn -0.4832 0.8468 -0.2226
vn -0.2437 0.5045 -0.8283
vn -0.0498 0.1007 -0.9937
vn -0.0106 0.0202 -0.9997
vn 0.5176 -0.7941 -0.3185
vn 0.4443 -0.7658 -0.4649
vn 0.4667 -0.6988 -0.5421
vn -0.1959 0.2913 0.9363
vn -0.0535 0.0984 0.9937
vn -0.3794 0.5658 0.7321
vn -0.1960 0.2913 0.9363
vn -0.3942 0.6875 -0.6099
vn -0.1774 0.3089 -0.9344
vn 0.4667 -0.6987 -0.5421
vn 0.3851 -0.4990 0.7764
vn 0.2565 -0.3379 0.9055
vn -0.4611 0.6916 0.5559
vn -0.5149 0.7739 -0.3687
vn -0.6428 0.7385 0.2036
vn -0.4877 0.6341 -0.6001
vn -0.5307 0.5985 -0.6000
vn -0.5964 0.7714 -0.2221
vn -0.5308 0.6851 -0.4989
vn -0.2408 0.2670 -0.9331
vn 0.6592 -0.6431 -0.3896
vn 0.6287 -0.7077 -0.3223
vn 0.6545 -0.7480 -0.1098
vn 0.0908 -0.0902 0.9918
vn -0.3198 0.3059 0.8967
vn -0.5308 0.5985 -0.6001
vn -0.5620 0.5567 -0.6118
vn -0.6568 0.7541 -0.0059
vn -0.7077 0.7064 -0.0062
vn -0.5773 0.6464 -0.4989
vn -0.2407 0.2669 -0.9332
vn 0.4395 -0.3734 -0.8169
vn 0.7479 -0.6285 0.2135
vn -0.7542 0.6396 -0.1486
vn -0.7543 0.6395 -0.1486
vn -0.6280 0.5384 -0.5618
vn -0.6280 0.5384 -0.5619
vn 0.7228 -0.6113 -0.3222
vn 0.7480 -0.6285 0.2134
vn -0.6685 0.4944 0.5555
vn -0.5654 0.4135 0.7137
vn -0.6491 0.5557 0.5196
vn -0.3790 0.2774 -0.8829
vn -0.2973 0.2137 -0.9306
vn 0.7565 -0.5692 -0.3220
vn 0.3567 -0.2298 0.9055
vn -0.8451 0.5347 -0.0036
vn -0.5343 0.3905 -0.7497
vn 0.8479 -0.4441 0.2896
vn 0.8220 -0.5140 0.2452
vn -0.3392 0.2115 0.9166
vn -0.8452 0.5344 -0.0048
vn -0.4139 0.2219 -0.8828
vn -0.0914 0.0534 -0.9944
vn 0.8514 -0.3855 -0.3557
vn 0.4446 -0.2360 -0.8640
vn 0.3851 -0.1779 0.9055
vn 0.3851 -0.1780 0.9055
vn -0.7576 0.3422 0.5558
vn -0.9160 0.4011 -0.0058
vn -0.8888 0.4011 -0.2218
vn -0.5771 0.3126 -0.7545
vn -0.9142 0.3503 0.2036
vn -0.7284 0.3310 -0.6000
vn -0.9160 0.4011 -0.0059
vn -0.7871 0.3564 -0.5034
vn -0.7143 0.2629 -0.6486
vn -0.3380 0.1227 -0.9331
vn 0.8877 -0.3287 -0.3222
vn 0.4689 -0.1355 -0.8728
vn -0.6484 0.2364 0.7237
vn -0.8656 0.3217 -0.3839
vn -0.8919 0.2620 -0.3687
vn -0.6909 0.2051 -0.6932
vn -0.3525 0.0992 -0.9306
vn 0.8367 -0.1812 -0.5168
vn 0.5433 -0.1182 -0.8312
vn 0.9671 -0.2115 0.1417
vn 0.6056 -0.1768 0.7759
vn -0.9561 0.2097 0.2047
vn -0.7670 0.2263 -0.6005
vn -0.0169 0.0041 -0.9998
vn 0.9105 -0.2097 -0.3565
vn 0.6593 -0.1409 0.7386
vn 0.3975 -0.0890 0.9133
vn -0.9894 0.1448 -0.0036
vn -0.8471 0.1837 -0.4988
vn -0.0225 -0.0008 -0.9997
vn 0.9229 -0.1457 -0.3565
vn 0.8359 -0.1172 -0.5362
vn 0.8820 -0.0661 0.4665
vn -0.1223 0.0054 0.9925
vn -0.7884 0.0658 -0.6116
vn -0.9266 0.0709 -0.3692
vn -0.7605 0.0567 -0.6468
vn -0.3628 0.0492 -0.9305
vn -0.2335 0.0057 -0.9724
vn 0.9322 -0.0043 -0.3618
vn 0.9414 -0.0047 -0.3372
vn 0.9682 -0.0723 0.2397
vn 0.9362 -0.0114 0.3514
vn -0.0154 -0.0013 0.9999
vn -0.3360 0.0013 0.9419
vn -0.5639 0.0032 0.8258
vn -0.7812 0.0034 0.6243
vn -0.7409 0.0039 -0.6716
vn 0.8345 -0.0101 -0.5510
vn 0.8526 0.0547 -0.5197
vn 0.9961 0.0695 0.0544
vn 0.8143 -0.0028 0.5804
vn -0.2998 -0.0185 0.9538
vn -0.5639 0.0033 0.8258
vn -0.7902 -0.0573 -0.6102
vn -0.9274 -0.0612 -0.3691
vn -0.3909 -0.0271 -0.9200
vn -0.4681 -0.0297 -0.8832
vn -0.3862 0.0021 -0.9224
vn -0.0287 0.0002 -0.9996
vn 0.8589 0.1164 -0.4987
vn -0.1355 -0.0215 0.9905
vn -0.6445 -0.0414 0.7634
vn -0.9910 -0.1339 -0.0077
vn -0.9728 -0.0630 -0.2229
vn -0.9273 -0.0612 -0.3692
vn -0.4656 -0.0621 -0.8828
vn -0.5555 -0.0744 -0.8282
vn -0.4680 -0.0297 -0.8832
vn -0.2258 -0.0430 -0.9732
vn -0.1509 -0.0272 -0.9882
vn 0.5848 0.0823 -0.8070
vn 0.9517 0.1266 0.2797
vn 0.8323 0.1113 0.5430
vn 0.3901 0.0519 0.9193
vn -0.7765 -0.1590 -0.6098
vn -0.8590 -0.1151 -0.4988
vn -0.3593 -0.0706 -0.9305
vn 0.9014 0.2463 0.3561
vn 0.3792 0.1071 0.9191
vn 0.8841 0.2493 -0.3953
vn 0.7784 0.2182 -0.5886
vn 0.3791 0.1071 0.9191
vn -0.8001 -0.2250 0.5561
vn -0.9251 -0.2676 0.2694
vn -0.9283 -0.3380 0.1550
vn -0.8542 -0.3133 -0.4148
vn -0.9596 -0.2815 -0.0059
vn -0.3460 -0.1199 -0.9306
vn 0.7258 0.3109 -0.6136
vn -0.0272 -0.0121 0.9996
vn -0.6599 -0.2348 0.7137
vn -0.7828 -0.2805 0.5556
vn -0.8789 -0.3935 0.2695
vn -0.8523 -0.3799 -0.3594
vn -0.4304 -0.1880 -0.8828
vn -0.0287 -0.0136 -0.9995
vn -0.1089 -0.0359 -0.9934
vn 0.8520 0.3851 -0.3547
vn 0.7861 0.3437 -0.5138
vn 0.4319 0.2254 -0.8733
vn -0.0272 -0.0120 0.9996
vn -0.8801 -0.4748 -0.0058
vn -0.9156 -0.4019 -0.0048
vn -0.4162 -0.2176 -0.8828
vn -0.3465 -0.1837 -0.9199
vn 0.7901 0.4999 -0.3547
vn 0.4152 0.2547 -0.8733
vn 0.5360 0.3315 0.7764
vn 0.5579 0.2934 0.7764
vn -0.7704 -0.4839 -0.4150
vn -0.6753 -0.4149 -0.6098
vn -0.7026 -0.3668 -0.6098
vn -0.4000 -0.2461 -0.8828
vn -0.2594 -0.1445 -0.9549
vn 0.7164 0.5169 -0.4686
vn 0.7608 0.5459 -0.3510
vn 0.4153 0.2547 -0.8733
vn 0.7018 0.4311 -0.5670
vn -0.3262 -0.1992 0.9241
vn -0.8379 -0.5238 0.1535
vn -0.6447 -0.4609 -0.6098
vn -0.4773 -0.2938 -0.8282
vn 0.6252 0.5193 -0.5825
vn 0.4656 0.3357 -0.8188
vn 0.3706 0.3123 -0.8748
vn 0.7485 0.6071 0.2669
vn 0.7691 0.5423 0.3384
vn -0.3315 -0.2351 0.9137
vn -0.7461 -0.6340 0.2036
vn -0.3819 -0.2734 -0.8829
vn -0.2841 -0.2310 -0.9306
vn -0.2840 -0.2309 -0.9306
vn 0.3042 0.2957 0.9055
vn -0.7229 -0.6909 -0.0026
vn -0.6274 -0.5980 -0.4989
vn -0.6675 -0.5528 -0.4988
vn -0.0790 -0.0895 -0.9928
vn 0.3582 0.3914 -0.8477
vn -0.3167 -0.3468 -0.8829
vn -0.2492 -0.2682 -0.9306
vn -0.2244 -0.2001 -0.9537
vn 0.2931 0.3628 -0.8845
vn 0.4983 0.6317 -0.5939
vn 0.2931 0.3629 -0.8845
vn -0.0206 -0.0198 0.9996
vn -0.5979 -0.7753 0.2037
vn -0.6200 -0.7845 -0.0080
vn -0.5380 -0.6795 -0.4989
vn -0.2216 -0.2789 -0.9344
vn 0.5436 0.7961 0.2660
vn 0.5997 0.7564 0.2614
vn 0.0676 0.0954 0.9931
vn -0.5152 -0.6524 0.5558
vn -0.5424 -0.8151 0.2036
vn -0.4943 -0.6289 -0.6001
vn -0.1604 -0.2520 -0.9543
vn 0.2494 0.4237 -0.8708
vn 0.0676 0.0955 0.9931
vn -0.4193 -0.7178 0.5558
vn -0.4842 -0.8509 0.2036
vn -0.4014 -0.6832 -0.6099
vn -0.3165 -0.4624 -0.8282
vn -0.1603 -0.2520 -0.9544
vn 0.4650 0.8149 -0.3461
vn 0.4392 0.8862 -0.1473
vn 0.4850 0.8151 0.3167
vn 0.0620 0.1184 0.9910
vn -0.3453 -0.5872 0.7321
vn -0.3528 -0.7180 -0.6001
vn -0.3528 -0.7096 -0.6100
vn -0.3238 -0.5550 -0.7662
vn 0.3127 0.7762 -0.5476
vn 0.4392 0.8862 -0.1474
vn 0.2387 0.5832 0.7764
vn -0.4329 -0.9014 -0.0058
vn -0.4321 -0.8740 -0.2221
vn -0.4110 -0.8337 -0.3687
vn -0.2734 -0.6658 -0.6943
vn -0.2435 -0.5947 -0.7662
vn 0.2148 0.5206 -0.8264
vn 0.2480 0.7611 -0.5993
vn -0.2648 -0.6372 0.7238
vn -0.2212 -0.6645 0.7137
vn -0.3153 -0.7692 0.5559
vn -0.3610 -0.9101 0.2037
vn -0.3063 -0.9256 -0.2225
vn -0.1185 -0.3464 -0.9306
vn 0.2203 0.9079 -0.3567
vn 0.2502 0.9480 -0.1967
vn 0.2503 0.9480 -0.1966
vn -0.2212 -0.6646 0.7137
vn -0.1583 -0.6227 -0.7662
vn -0.1781 -0.6974 -0.6943
vn -0.1391 -0.5428 -0.8283
vn -0.1392 -0.5427 -0.8283
vn 0.0041 0.0199 0.9998
vn 0.0138 0.0382 0.9992
vn 0.0020 0.0410 0.9992
vn 0.0213 0.0947 0.9953
vn 0.0497 0.1621 0.9855
vn 0.0192 0.1646 0.9862
vn 0.0626 0.2191 0.9737
vn 0.0546 0.2880 0.9561
vn 0.0546 0.2881 0.9561
vn 0.0766 0.3173 0.9452
vn 0.0534 0.3203 0.9458
vn 0.0116 0.2250 0.9743
vn 0.0240 0.3129 0.9495
vn 0.0360 0.3255 0.9449
vn 0.0212 0.0946 0.9953
vn -0.0060 0.0961 0.9954
vn 0.0240 0.3130 0.9495
vn 0.0080 0.3259 0.9454
vn 0.0193 0.1646 0.9862
vn -0.0095 0.1772 0.9841
vn -0.0156 0.2412 0.9704
vn -0.0205 0.3174 0.9481
vn -0.0097 0.3280 0.9446
vn -0.0326 0.3265 0.9446
vn -0.0205 0.3173 0.9481
vn -0.0119 0.0416 0.9991
vn -0.0025 0.0202 0.9998
vn -0.0339 0.1586 0.9868
vn -0.0452 0.2243 0.9735
vn -0.0634 0.3078 0.9493
vn -0.0499 0.3221 0.9454
vn -0.0310 0.0993 0.9946
vn -0.0776 0.3182 0.9449
vn -0.0612 0.1584 0.9855
vn -0.0745 0.2148 0.9738
vn -0.0966 0.2967 0.9501
vn -0.0935 0.3128 0.9452
vn -0.0633 0.3078 0.9493
vn -0.1302 0.2864 0.9492
vn -0.1184 0.3054 0.9448
vn -0.0256 0.0350 0.9991
vn -0.0085 0.0184 0.9998
vn -0.0401 0.0781 0.9961
vn -0.0828 0.1432 0.9862
vn -0.0613 0.1584 0.9855
vn -0.1009 0.2029 0.9740
vn -0.0613 0.1585 0.9855
vn -0.1421 0.2951 0.9448
vn -0.1585 0.2758 0.9480
vn -0.1565 0.2866 0.9452
vn -0.1301 0.2864 0.9492
vn -0.0659 0.0799 0.9946
vn -0.1650 0.2391 0.9569
vn -0.0827 0.1432 0.9862
vn -0.1792 0.2721 0.9454
vn -0.1112 0.1328 0.9849
vn -0.1370 0.1753 0.9749
vn -0.1963 0.2608 0.9452
vn -0.2179 0.2445 0.9448
vn -0.2068 0.2416 0.9481
vn -0.0320 0.0241 0.9992
vn -0.0140 0.0147 0.9998
vn -0.0738 0.0605 0.9954
vn -0.0255 0.0350 0.9991
vn -0.1197 0.1126 0.9864
vn -0.2059 0.1990 0.9581
vn -0.2292 0.2301 0.9458
vn -0.1782 0.1403 0.9739
vn -0.2058 0.1990 0.9581
vn -0.2463 0.2143 0.9452
vn -0.2291 0.2302 0.9458
vn -0.1480 0.0982 0.9841
vn -0.1198 0.1126 0.9864
vn -0.2640 0.1939 0.9448
vn -0.2525 0.1933 0.9481
vn -0.2468 0.1559 0.9564
vn -0.1782 0.1402 0.9739
vn -0.2720 0.1775 0.9458
vn -0.2525 0.1934 0.9481
vn -0.0374 0.0144 0.9992
vn -0.0176 0.0101 0.9998
vn -0.0837 0.0413 0.9956
vn -0.1450 0.0740 0.9867
vn -0.2029 0.1022 0.9739
vn -0.2853 0.1593 0.9451
vn -0.2926 0.1156 0.9492
vn -0.2028 0.1023 0.9739
vn -0.2826 0.1456 0.9481
vn -0.2974 0.1375 0.9448
vn -0.2853 0.1592 0.9451
vn -0.0945 0.0210 0.9953
vn -0.0375 0.0144 0.9992
vn -0.1558 0.0517 0.9864
vn -0.1451 0.0740 0.9867
vn -0.2187 0.0729 0.9731
vn -0.3073 0.1136 0.9448
vn -0.3050 0.0862 0.9484
vn -0.3117 0.0974 0.9452
vn -0.0405 0.0039 0.9992
vn -0.0197 0.0047 0.9998
vn -0.1669 0.0264 0.9856
vn -0.2266 0.0415 0.9731
vn -0.3085 0.0505 0.9499
vn -0.3195 0.0727 0.9448
vn -0.3117 0.0975 0.9452
vn -0.3242 0.0473 0.9448
vn -0.0892 0.0010 0.9960
vn -0.0405 0.0040 0.9992
vn -0.1580 0.0019 0.9874
vn -0.2236 0.0121 0.9746
vn -0.3072 0.0123 0.9516
vn -0.2267 0.0415 0.9731
vn -0.3242 0.0294 0.9455
vn -0.3085 0.0504 0.9499
vn -0.3255 -0.0033 0.9455
vn -0.2236 0.0120 0.9746
vn -0.2294 -0.0198 0.9731
vn -0.3118 -0.0286 0.9497
vn -0.3269 -0.0211 0.9448
vn -0.0202 -0.0015 0.9998
vn -0.0423 -0.0086 0.9991
vn -0.0422 -0.0086 0.9991
vn -0.0998 -0.0165 0.9949
vn -0.1579 0.0019 0.9874
vn -0.1592 -0.0291 0.9868
vn -0.3222 -0.0489 0.9454
vn -0.2278 -0.0526 0.9723
vn -0.3048 -0.0718 0.9497
vn -0.3208 -0.0664 0.9448
vn -0.0902 -0.0333 0.9954
vn -0.1625 -0.0515 0.9854
vn -0.3123 -0.0932 0.9454
vn -0.0192 -0.0067 0.9998
vn -0.0363 -0.0218 0.9991
vn -0.2180 -0.0821 0.9725
vn -0.2971 -0.1110 0.9484
vn -0.3084 -0.1104 0.9448
vn -0.0903 -0.0334 0.9954
vn -0.1490 -0.0739 0.9861
vn -0.2973 -0.1350 0.9452
vn -0.1490 -0.0740 0.9861
vn -0.2542 -0.1319 0.9581
vn -0.2541 -0.1319 0.9581
vn -0.2854 -0.1551 0.9458
vn -0.0850 -0.0532 0.9950
vn -0.0849 -0.0533 0.9950
vn -0.1373 -0.0940 0.9861
vn -0.1814 -0.1289 0.9749
vn -0.1813 -0.1288 0.9749
vn -0.2673 -0.1725 0.9481
vn -0.2672 -0.1725 0.9481
vn -0.2787 -0.1721 0.9448
vn -0.2627 -0.1939 0.9452
vn -0.0690 -0.0617 0.9957
vn -0.1225 -0.1168 0.9856
vn -0.1814 -0.1288 0.9749
vn -0.2270 -0.1856 0.9560
vn -0.2469 -0.2110 0.9458
vn -0.0156 -0.0130 0.9998
vn -0.0268 -0.0289 0.9992
vn -0.1535 -0.1645 0.9744
vn -0.2194 -0.2241 0.9495
vn -0.2195 -0.2241 0.9495
vn -0.2368 -0.2263 0.9448
vn -0.2369 -0.2262 0.9448
vn -0.2154 -0.2445 0.9454
vn -0.0268 -0.0288 0.9992
vn -0.0570 -0.0763 0.9955
vn -0.0968 -0.1330 0.9864
vn -0.1341 -0.1846 0.9736
vn -0.1873 -0.2509 0.9497
vn -0.2030 -0.2570 0.9448
vn -0.1873 -0.2508 0.9497
vn -0.2031 -0.2570 0.9448
vn -0.1793 -0.2721 0.9454
vn -0.0111 -0.0169 0.9998
vn -0.0188 -0.0355 0.9992
vn -0.0418 -0.0851 0.9955
vn -0.0418 -0.0850 0.9955
vn -0.0967 -0.1330 0.9864
vn -0.0736 -0.1532 0.9855
vn -0.0736 -0.1532 0.9854
vn -0.1173 -0.2053 0.9716
vn -0.1562 -0.2759 0.9484
vn -0.1653 -0.2827 0.9448
vn -0.1409 -0.2945 0.9452
vn -0.1090 -0.2619 0.9589
vn -0.1189 -0.3022 0.9458
vn -0.0035 -0.0198 0.9998
vn -0.0090 -0.0416 0.9991
vn -0.0306 -0.0970 0.9948
vn -0.0466 -0.1596 0.9861
vn -0.0561 -0.2152 0.9750
vn -0.0561 -0.2152 0.9749
vn -0.0938 -0.3038 0.9481
vn -0.1029 -0.3109 0.9449
vn -0.1029 -0.3109 0.9448
vn -0.0766 -0.3173 0.9452
vn -0.0095 -0.0921 0.9957
vn -0.0466 -0.1597 0.9861
vn -0.0189 -0.1663 0.9859
vn -0.0546 -0.2880 0.9561
vn -0.0546 -0.2881 0.9561
vn -0.0534 -0.3203 0.9458
vn -0.0133 -0.2275 0.9737
vn -0.0287 -0.3167 0.9481
vn -0.0360 -0.3255 0.9449
vn 0.0052 -0.0422 0.9991
vn -0.0090 -0.0415 0.9991
vn -0.0093 -0.3266 0.9451
vn -0.0095 -0.0922 0.9957
vn 0.0085 -0.1032 0.9946
vn 0.0085 -0.1033 0.9946
vn 0.0053 -0.1780 0.9840
vn 0.0088 -0.2981 0.9545
vn 0.0096 -0.3257 0.9454
vn 0.0315 -0.1604 0.9866
vn 0.0324 -0.2312 0.9724
vn 0.0287 -0.3255 0.9451
vn 0.0097 -0.3257 0.9454
vn 0.0552 -0.3228 0.9449
vn 0.0492 -0.3133 0.9484
vn 0.0286 -0.3255 0.9451
vn 0.0301 -0.0909 0.9954
vn 0.0647 -0.2223 0.9728
vn 0.0870 -0.3007 0.9497
vn 0.0721 -0.3177 0.9454
vn 0.0492 -0.3132 0.9484
vn 0.0557 -0.1605 0.9855
vn 0.0300 -0.0910 0.9954
vn 0.0996 -0.3120 0.9449
vn 0.0205 -0.0385 0.9990
vn 0.0065 -0.0193 0.9998
vn 0.0966 -0.2128 0.9723
vn 0.1281 -0.2857 0.9497
vn 0.1156 -0.3046 0.9454
vn 0.0507 -0.0844 0.9951
vn 0.0205 -0.0386 0.9990
vn 0.0301 -0.0910 0.9954
vn 0.0735 -0.1452 0.9867
vn 0.1421 -0.2951 0.9448
vn 0.1188 -0.1947 0.9736
vn 0.1652 -0.2666 0.9495
vn 0.1569 -0.2856 0.9454
vn 0.1420 -0.2951 0.9448
vn 0.1004 -0.1337 0.9859
vn 0.1818 -0.2725 0.9448
vn 0.1653 -0.2666 0.9495
vn 0.0304 -0.0293 0.9991
vn 0.0120 -0.0163 0.9998
vn 0.0680 -0.0702 0.9952
vn 0.1816 -0.2313 0.9558
vn 0.1949 -0.2598 0.9458
vn 0.1818 -0.2724 0.9448
vn 0.1279 -0.1174 0.9848
vn 0.1004 -0.1336 0.9859
vn 0.1515 -0.1653 0.9745
vn 0.2141 -0.2465 0.9452
vn 0.2345 -0.2287 0.9448
vn 0.2232 -0.2266 0.9481
vn 0.2140 -0.2465 0.9452
vn 0.2250 -0.1880 0.9560
vn 0.1278 -0.1174 0.9848
vn 0.1516 -0.1653 0.9745
vn 0.2251 -0.1880 0.9560
vn 0.2447 -0.2136 0.9458
vn 0.0308 -0.0176 0.9994
vn 0.0175 -0.0100 0.9998
vn 0.0784 -0.0445 0.9959
vn 0.1333 -0.0901 0.9870
vn 0.1866 -0.1290 0.9739
vn 0.2606 -0.1966 0.9452
vn 0.2446 -0.2136 0.9458
vn 0.2769 -0.1750 0.9448
vn 0.2657 -0.1732 0.9484
vn 0.2086 -0.1006 0.9728
vn 0.1867 -0.1290 0.9739
vn 0.2818 -0.1366 0.9497
vn 0.2657 -0.1731 0.9484
vn 0.2844 -0.1590 0.9454
vn 0.0430 -0.0096 0.9990
vn 0.0174 -0.0100 0.9998
vn 0.1488 -0.0604 0.9870
vn 0.1333 -0.0900 0.9870
vn 0.2986 -0.1347 0.9448
vn 0.2818 -0.1365 0.9497
vn 0.2844 -0.1591 0.9454
vn 0.1003 -0.0240 0.9947
vn 0.2206 -0.0695 0.9729
vn 0.1488 -0.0603 0.9870
vn 0.2981 -0.0960 0.9497
vn 0.3038 -0.1179 0.9454
vn 0.2986 -0.1348 0.9448
vn 0.1682 -0.0332 0.9852
vn 0.3144 -0.0919 0.9448
vn 0.3038 -0.1180 0.9454
vn 0.2331 -0.0392 0.9717
vn 0.2206 -0.0694 0.9729
vn 0.3085 -0.0535 0.9497
vn 0.3173 -0.0745 0.9454
vn 0.3242 -0.0473 0.9448
vn 0.0923 0.0008 0.9957
vn 0.1602 -0.0060 0.9871
vn 0.1004 -0.0240 0.9947
vn 0.1683 -0.0332 0.9852
vn 0.2197 -0.0131 0.9755
vn 0.3059 -0.0154 0.9519
vn 0.3242 -0.0294 0.9455
vn 0.3272 0.0009 0.9449
vn 0.0392 0.0050 0.9992
vn 0.0204 -0.0002 0.9998
vn 0.2290 0.0205 0.9732
vn 0.2291 0.0205 0.9732
vn 0.3060 -0.0154 0.9519
vn 0.3164 0.0175 0.9485
vn 0.3163 0.0173 0.9485
vn 0.3255 0.0271 0.9452
vn 0.1602 -0.0059 0.9871
vn 0.1615 0.0249 0.9866
vn 0.3108 0.0490 0.9492
vn 0.3247 0.0438 0.9448
vn 0.0391 0.0050 0.9992
vn 0.0902 0.0229 0.9957
vn 0.2236 0.0521 0.9733
vn 0.3247 0.0439 0.9448
vn 0.3202 0.0693 0.9448
vn 0.1581 0.0516 0.9861
vn 0.3075 0.0804 0.9481
vn 0.3131 0.0932 0.9451
vn 0.0194 0.0060 0.9998
vn 0.0373 0.0158 0.9992
vn 0.0374 0.0158 0.9992
vn 0.0903 0.0229 0.9957
vn 0.0869 0.0446 0.9952
vn 0.2669 0.0962 0.9589
vn 0.3132 0.0932 0.9451
vn 0.3042 0.1139 0.9458
vn 0.1576 0.0750 0.9846
vn 0.2669 0.0963 0.9589
vn 0.1977 0.1023 0.9749
vn 0.2829 0.1355 0.9495
vn 0.2829 0.1356 0.9495
vn 0.3000 0.1316 0.9448
vn 0.2861 0.1561 0.9454
vn 0.1365 0.0939 0.9862
vn 0.1364 0.0939 0.9862
vn 0.1978 0.1023 0.9749
vn 0.1992 0.1287 0.9715
vn 0.2619 0.1717 0.9497
vn 0.2787 0.1721 0.9448
vn 0.0171 0.0109 0.9998
vn 0.0333 0.0254 0.9991
vn 0.0722 0.0606 0.9955
vn 0.2787 0.1720 0.9448
vn 0.2616 0.1944 0.9454
vn 0.1991 0.1287 0.9715
vn 0.1752 0.1497 0.9731
vn 0.2618 0.1717 0.9497
vn 0.2412 0.2059 0.9484
vn 0.2521 0.2092 0.9448
vn 0.1172 0.1180 0.9861
vn 0.2331 0.2285 0.9452
vn 0.0117 0.0163 0.9998
vn 0.0269 0.0357 0.9990
vn 0.0622 0.0771 0.9951
vn 0.1937 0.2108 0.9581
vn 0.2332 0.2285 0.9452
vn 0.2151 0.2433 0.9458
vn 0.0964 0.1345 0.9862
vn 0.1263 0.1831 0.9749
vn 0.1264 0.1831 0.9749
vn 0.1921 0.2534 0.9481
vn 0.2030 0.2570 0.9448
vn 0.2031 0.2570 0.9448
vn 0.1805 0.2720 0.9452
vn 0.0431 0.0841 0.9955
vn 0.0430 0.0841 0.9955
vn 0.0721 0.1495 0.9861
vn 0.1498 0.2520 0.9561
vn 0.1598 0.2827 0.9458
vn 0.0118 0.0163 0.9998
vn 0.0721 0.1494 0.9861
vn 0.0880 0.2071 0.9744
vn 0.1498 0.2520 0.9560
vn 0.1295 0.2856 0.9495
vn 0.1296 0.2856 0.9495
vn 0.1452 0.2936 0.9448
vn 0.1451 0.2936 0.9448
vn 0.1188 0.3034 0.9454
vn 0.0213 0.0946 0.9953
vn 0.0496 0.1621 0.9855
vn 0.1295 0.2856 0.9496
vn 0.0954 0.3023 0.9484
vn 0.0954 0.3024 0.9484
vn 0.1029 0.3109 0.9448
vn 0.1029 0.3109 0.9449
vn 0.0009 0.0200 0.9998
vn -0.0026 0.0201 0.9998
vn 0.0008 0.0200 0.9998
vn -0.0086 0.0184 0.9998
vn -0.0827 0.1433 0.9862
vn -0.0744 0.2148 0.9738
vn -0.1302 0.2862 0.9493
vn -0.0828 0.1433 0.9862
vn -0.2292 0.2302 0.9458
vn -0.0176 0.0100 0.9998
vn -0.1783 0.1403 0.9739
vn -0.1480 0.0983 0.9841
vn -0.2028 0.1022 0.9739
vn -0.2468 0.1560 0.9564
vn -0.2826 0.1455 0.9481
vn -0.0197 0.0048 0.9998
vn -0.2926 0.1155 0.9492
vn -0.3194 0.0727 0.9448
vn -0.1592 -0.0290 0.9868
vn -0.3222 -0.0488 0.9454
vn -0.0191 -0.0069 0.9998
vn -0.0202 -0.0016 0.9998
vn -0.0191 -0.0067 0.9998
vn -0.0110 -0.0169 0.9998
vn -0.0267 -0.0288 0.9992
vn -0.0089 -0.0416 0.9991
vn 0.0064 -0.0193 0.9998
vn 0.0089 -0.2981 0.9545
vn 0.0315 -0.1604 0.9865
vn 0.0871 -0.3007 0.9497
vn 0.0084 -0.0182 0.9998
vn 0.0063 -0.0194 0.9998
vn 0.0966 -0.2129 0.9723
vn 0.1280 -0.2857 0.9497
vn 0.0084 -0.0183 0.9998
vn 0.0308 -0.0175 0.9994
vn 0.2085 -0.1006 0.9728
vn 0.0194 -0.0045 0.9998
vn 0.0203 -0.0003 0.9998
vn 0.0193 0.0060 0.9998
vn 0.0203 -0.0002 0.9998
vn 0.1582 0.0516 0.9861
vn 0.3076 0.0804 0.9481
vn 0.0171 0.0108 0.9998
vn 0.0193 0.0061 0.9998
vn 0.2616 0.1943 0.9454
vn 0.0118 0.0162 0.9998
vn 0.0170 0.0109 0.9998
vn 0.0963 0.1345 0.9862
vn 0.2151 0.2434 0.9458
vn 0.0042 0.0199 0.9998
vn 0.0137 0.0382 0.9992
vn 0.0880 0.2070 0.9744
vn 0.0696 0.3588 0.9308
vn -0.2495 -0.9269 0.2804
vn -0.1843 -0.9420 0.2804
vn -0.2345 -0.9658 0.1108
vn -0.1665 -0.9798 0.1108
vn 0.0444 0.3628 0.9308
vn -0.1842 -0.9420 0.2804
vn -0.1181 -0.9526 0.2804
vn -0.0977 -0.9890 0.1108
vn 0.0190 0.3650 0.9308
vn -0.0514 -0.9585 0.2804
vn -0.0285 -0.9934 0.1108
vn -0.0108 0.3653 0.9308
vn -0.0513 -0.9585 0.2804
vn 0.0291 -0.9803 0.1955
vn 0.0295 -0.9934 0.1108
vn 0.1080 -0.9538 0.2804
vn -0.0109 0.3653 0.9308
vn 0.0290 -0.9803 0.1955
vn 0.0873 -0.9900 0.1108
vn 0.1743 -0.9439 0.2804
vn -0.0406 0.3632 0.9308
vn 0.1081 -0.9538 0.2804
vn 0.1562 -0.9815 0.1108
vn 0.2398 -0.9295 0.2804
vn -0.0659 0.3595 0.9308
vn 0.1744 -0.9439 0.2804
vn 0.2243 -0.9682 0.1108
vn 0.3040 -0.9105 0.2804
vn -0.0908 0.3540 0.9308
vn 0.2398 -0.9294 0.2804
vn 0.2913 -0.9502 0.1108
vn 0.3668 -0.8870 0.2804
vn -0.1153 0.3469 0.9308
vn 0.3042 -0.9104 0.2804
vn 0.3569 -0.9275 0.1108
vn 0.3041 -0.9104 0.2804
vn 0.4278 -0.8593 0.2804
vn -0.1392 0.3380 0.9308
vn 0.3670 -0.8870 0.2803
vn 0.4208 -0.9004 0.1108
vn 0.3669 -0.8870 0.2804
vn 0.4867 -0.8273 0.2804
vn -0.1624 0.3274 0.9308
vn 0.4279 -0.8592 0.2803
vn 0.4826 -0.8688 0.1108
vn 0.4279 -0.8592 0.2804
vn 0.5433 -0.7914 0.2803
vn -0.1849 0.3153 0.9308
vn 0.4868 -0.8273 0.2803
vn 0.5420 -0.8330 0.1108
vn 0.4868 -0.8273 0.2804
vn 0.5972 -0.7515 0.2803
vn -0.2065 0.3017 0.9308
vn 0.5434 -0.7913 0.2803
vn 0.5988 -0.7932 0.1108
vn 0.5433 -0.7913 0.2804
vn 0.6482 -0.7080 0.2803
vn -0.2270 0.2865 0.9308
vn 0.6527 -0.7495 0.1108
vn 0.5972 -0.7515 0.2804
vn 0.6960 -0.6611 0.2803
vn -0.2464 0.2700 0.9308
vn 0.6482 -0.7080 0.2804
vn 0.7034 -0.7021 0.1108
vn 0.7404 -0.6109 0.2803
vn -0.2647 0.2522 0.9308
vn 0.6960 -0.6610 0.2804
vn 0.7506 -0.6514 0.1108
vn 0.7812 -0.5578 0.2803
vn -0.2816 0.2331 0.9308
vn 0.7404 -0.6109 0.2804
vn 0.7943 -0.5974 0.1108
vn 0.7507 -0.6513 0.1108
vn 0.8182 -0.5019 0.2803
vn -0.2972 0.2129 0.9308
vn 0.7812 -0.5577 0.2804
vn 0.8340 -0.5406 0.1108
vn 0.8512 -0.4436 0.2804
vn -0.3113 0.1916 0.9308
vn 0.8183 -0.5019 0.2803
vn 0.8697 -0.4811 0.1108
vn 0.8801 -0.3832 0.2804
vn -0.3240 0.1695 0.9308
vn 0.8513 -0.4436 0.2803
vn 0.9011 -0.4193 0.1108
vn 0.8512 -0.4436 0.2803
vn 0.9047 -0.3209 0.2802
vn -0.3350 0.1465 0.9308
vn 0.8801 -0.3832 0.2803
vn 0.9281 -0.3554 0.1108
vn 0.9249 -0.2570 0.2802
vn -0.3444 0.1227 0.9308
vn 0.9047 -0.3208 0.2803
vn 0.9507 -0.2898 0.1108
vn 0.9047 -0.3209 0.2803
vn 0.9406 -0.1919 0.2802
vn -0.3521 0.0984 0.9308
vn 0.9249 -0.2571 0.2803
vn 0.9686 -0.2228 0.1108
vn 0.9249 -0.2570 0.2803
vn 0.9516 -0.1258 0.2802
vn -0.3581 0.0736 0.9308
vn 0.9405 -0.1920 0.2803
vn 0.9817 -0.1547 0.1108
vn 0.9405 -0.1919 0.2803
vn 0.9685 -0.2228 0.1108
vn 0.9581 -0.0592 0.2802
vn -0.3624 0.0485 0.9308
vn 0.9516 -0.1259 0.2803
vn 0.9901 -0.0859 0.1108
vn 0.9516 -0.1258 0.2803
vn 0.8946 -0.0046 0.4469
vn -0.3649 0.0231 0.9308
vn 0.9581 -0.0592 0.2803
vn 0.9938 -0.0052 0.1108
vn -0.3651 -0.0193 0.9308
vn 0.8946 -0.0048 0.4469
vn 0.9587 0.0491 0.2803
vn 0.9910 0.0755 0.1108
vn -0.3629 -0.0447 0.9308
vn 0.9587 0.0491 0.2802
vn 0.9529 0.1159 0.2803
vn 0.9529 0.1158 0.2803
vn 0.9833 0.1444 0.1108
vn -0.3589 -0.0699 0.9308
vn 0.9529 0.1158 0.2802
vn 0.9425 0.1820 0.2803
vn 0.9708 0.2126 0.1108
vn -0.3531 -0.0947 0.9308
vn 0.9425 0.1820 0.2802
vn 0.9275 0.2473 0.2803
vn 0.9537 0.2798 0.1108
vn -0.3457 -0.1191 0.9308
vn 0.9275 0.2473 0.2802
vn 0.9080 0.3113 0.2803
vn 0.9318 0.3456 0.1108
vn -0.3365 -0.1429 0.9308
vn 0.9080 0.3113 0.2802
vn 0.8841 0.3739 0.2803
vn 0.9054 0.4097 0.1108
vn -0.3257 -0.1660 0.9308
vn 0.8841 0.3739 0.2804
vn 0.8559 0.4346 0.2803
vn 0.9054 0.4098 0.1108
vn 0.8747 0.4719 0.1108
vn -0.3133 -0.1883 0.9308
vn 0.8558 0.4347 0.2804
vn 0.8235 0.4933 0.2803
vn 0.8396 0.5317 0.1108
vn -0.2994 -0.2097 0.9308
vn 0.7871 0.5495 0.2802
vn 0.7871 0.5495 0.2803
vn 0.8005 0.5890 0.1108
vn -0.2841 -0.2301 0.9308
vn 0.7870 0.5495 0.2803
vn 0.7468 0.6030 0.2804
vn 0.7468 0.6031 0.2803
vn 0.7575 0.6434 0.1108
vn -0.2673 -0.2494 0.9308
vn 0.7029 0.6537 0.2804
vn 0.7029 0.6537 0.2803
vn 0.7107 0.6947 0.1108
vn -0.2493 -0.2674 0.9308
vn 0.6556 0.7011 0.2804
vn 0.6556 0.7011 0.2803
vn 0.6606 0.7426 0.1108
vn -0.2300 -0.2841 0.9308
vn 0.6556 0.7012 0.2803
vn 0.6051 0.7451 0.2803
vn 0.6051 0.7452 0.2804
vn 0.6605 0.7426 0.1108
vn 0.6071 0.7868 0.1108
vn -0.2096 -0.2995 0.9308
vn 0.6051 0.7452 0.2803
vn 0.5517 0.7855 0.2803
vn 0.5516 0.7856 0.2804
vn 0.5508 0.8273 0.1108
vn -0.1882 -0.3134 0.9308
vn 0.5516 0.7856 0.2803
vn 0.4955 0.8221 0.2803
vn 0.4955 0.8221 0.2804
vn 0.4917 0.8637 0.1108
vn -0.1659 -0.3257 0.9308
vn 0.4954 0.8221 0.2804
vn 0.4370 0.8547 0.2803
vn 0.4369 0.8547 0.2804
vn 0.4303 0.8959 0.1108
vn -0.1428 -0.3365 0.9308
vn 0.3763 0.8831 0.2803
vn 0.3762 0.8831 0.2804
vn 0.4302 0.8959 0.1108
vn 0.3667 0.9237 0.1108
vn -0.1189 -0.3456 0.9308
vn 0.3761 0.8831 0.2804
vn 0.3136 0.9072 0.2804
vn 0.3137 0.9072 0.2804
vn 0.3013 0.9471 0.1108
vn -0.0945 -0.3531 0.9308
vn 0.2496 0.9269 0.2804
vn 0.2345 0.9658 0.1108
vn -0.0696 -0.3588 0.9308
vn 0.2495 0.9269 0.2804
vn 0.1843 0.9420 0.2804
vn 0.1665 0.9798 0.1108
vn -0.0444 -0.3628 0.9308
vn 0.1842 0.9420 0.2804
vn 0.1181 0.9526 0.2804
vn 0.0977 0.9890 0.1108
vn -0.0190 -0.3650 0.9308
vn 0.0514 0.9585 0.2804
vn 0.0285 0.9934 0.1108
vn 0.0108 -0.3653 0.9308
vn 0.0513 0.9585 0.2804
vn -0.0291 0.9803 0.1955
vn -0.0295 0.9934 0.1108
vn -0.1080 0.9538 0.2804
vn 0.0109 -0.3653 0.9308
vn -0.0290 0.9803 0.1955
vn -0.0873 0.9900 0.1108
vn -0.1743 0.9439 0.2804
vn 0.0406 -0.3632 0.9308
vn -0.1081 0.9538 0.2804
vn -0.1562 0.9815 0.1108
vn -0.2398 0.9295 0.2804
vn 0.0659 -0.3595 0.9308
vn -0.1744 0.9439 0.2804
vn -0.2243 0.9682 0.1108
vn -0.3040 0.9105 0.2804
vn 0.0908 -0.3540 0.9308
vn -0.2398 0.9294 0.2804
vn -0.2913 0.9502 0.1108
vn -0.3668 0.8870 0.2804
vn 0.1153 -0.3468 0.9308
vn -0.3042 0.9104 0.2804
vn -0.3569 0.9275 0.1108
vn -0.3041 0.9104 0.2804
vn -0.4278 0.8593 0.2804
vn 0.1392 -0.3380 0.9308
vn -0.3669 0.8870 0.2804
vn -0.4208 0.9004 0.1108
vn -0.4867 0.8273 0.2804
vn 0.1624 -0.3274 0.9308
vn -0.4279 0.8592 0.2803
vn -0.4826 0.8688 0.1108
vn -0.4279 0.8592 0.2804
vn -0.5433 0.7914 0.2803
vn 0.1849 -0.3153 0.9308
vn -0.4868 0.8273 0.2803
vn -0.5420 0.8330 0.1108
vn -0.4868 0.8273 0.2804
vn -0.5972 0.7515 0.2803
vn 0.2065 -0.3016 0.9308
vn -0.5434 0.7913 0.2803
vn -0.5988 0.7932 0.1108
vn -0.5433 0.7913 0.2804
vn -0.6482 0.7080 0.2803
vn 0.2270 -0.2865 0.9308
vn -0.6527 0.7495 0.1108
vn -0.5972 0.7515 0.2804
vn -0.6960 0.6611 0.2803
vn 0.2464 -0.2700 0.9308
vn -0.7034 0.7021 0.1108
vn -0.7404 0.6109 0.2803
vn 0.2647 -0.2521 0.9308
vn -0.6960 0.6610 0.2804
vn -0.7506 0.6514 0.1108
vn -0.7812 0.5578 0.2803
vn 0.2816 -0.2331 0.9308
vn -0.7404 0.6109 0.2804
vn -0.7942 0.5974 0.1108
vn -0.7507 0.6513 0.1108
vn -0.8182 0.5019 0.2803
vn 0.2972 -0.2129 0.9308
vn -0.7812 0.5577 0.2804
vn -0.8340 0.5406 0.1108
vn -0.7943 0.5974 0.1108
vn -0.8512 0.4436 0.2803
vn 0.3113 -0.1916 0.9308
vn -0.8183 0.5019 0.2802
vn -0.8697 0.4811 0.1108
vn -0.8801 0.3832 0.2804
vn 0.3240 -0.1695 0.9308
vn -0.8513 0.4436 0.2803
vn -0.9011 0.4193 0.1108
vn -0.9047 0.3209 0.2802
vn 0.3350 -0.1465 0.9308
vn -0.8801 0.3832 0.2803
vn -0.9281 0.3554 0.1108
vn -0.9249 0.2570 0.2802
vn 0.3444 -0.1227 0.9308
vn -0.9047 0.3208 0.2803
vn -0.9507 0.2898 0.1108
vn -0.9047 0.3209 0.2803
vn -0.9406 0.1919 0.2802
vn 0.3521 -0.0984 0.9308
vn -0.9249 0.2569 0.2803
vn -0.9685 0.2228 0.1108
vn -0.9249 0.2570 0.2803
vn -0.9516 0.1258 0.2802
vn 0.3581 -0.0736 0.9308
vn -0.9405 0.1920 0.2803
vn -0.9817 0.1547 0.1108
vn -0.9405 0.1919 0.2803
vn -0.9581 0.0592 0.2802
vn 0.3624 -0.0485 0.9308
vn -0.9516 0.1259 0.2803
vn -0.9901 0.0859 0.1108
vn -0.9516 0.1258 0.2803
vn -0.8946 0.0047 0.4469
vn 0.3649 -0.0231 0.9308
vn -0.9581 0.0592 0.2803
vn -0.9938 0.0052 0.1108
vn 0.3651 0.0193 0.9308
vn -0.8946 0.0048 0.4469
vn -0.9587 -0.0491 0.2803
vn -0.9910 -0.0755 0.1108
vn 0.3629 0.0447 0.9308
vn -0.9587 -0.0491 0.2802
vn -0.9529 -0.1159 0.2803
vn -0.9529 -0.1158 0.2803
vn -0.9833 -0.1444 0.1108
vn 0.3589 0.0699 0.9308
vn -0.9529 -0.1158 0.2802
vn -0.9425 -0.1820 0.2803
vn -0.9708 -0.2126 0.1108
vn 0.3531 0.0947 0.9308
vn -0.9425 -0.1820 0.2802
vn -0.9275 -0.2473 0.2803
vn -0.9536 -0.2798 0.1108
vn 0.3457 0.1191 0.9308
vn -0.9275 -0.2473 0.2802
vn -0.9080 -0.3113 0.2803
vn -0.9537 -0.2798 0.1108
vn -0.9318 -0.3456 0.1108
vn 0.3365 0.1429 0.9308
vn -0.9080 -0.3113 0.2802
vn -0.8841 -0.3739 0.2803
vn -0.9054 -0.4098 0.1108
vn 0.3257 0.1660 0.9308
vn -0.8841 -0.3739 0.2802
vn -0.8559 -0.4346 0.2803
vn -0.8747 -0.4719 0.1108
vn 0.3133 0.1883 0.9308
vn -0.8559 -0.4347 0.2804
vn -0.8235 -0.4933 0.2803
vn -0.8396 -0.5317 0.1108
vn 0.2994 0.2097 0.9308
vn -0.7871 -0.5495 0.2802
vn -0.7871 -0.5495 0.2803
vn -0.8005 -0.5890 0.1108
vn 0.2841 0.2301 0.9308
vn -0.7870 -0.5495 0.2803
vn -0.7468 -0.6030 0.2804
vn -0.7468 -0.6031 0.2803
vn -0.7575 -0.6434 0.1108
vn 0.2673 0.2494 0.9308
vn -0.7029 -0.6537 0.2804
vn -0.7029 -0.6537 0.2803
vn -0.7107 -0.6947 0.1108
vn 0.2493 0.2674 0.9308
vn -0.6556 -0.7011 0.2804
vn -0.6556 -0.7011 0.2803
vn -0.6606 -0.7426 0.1108
vn 0.2300 0.2841 0.9308
vn -0.6556 -0.7012 0.2803
vn -0.6051 -0.7451 0.2803
vn -0.6051 -0.7452 0.2804
vn -0.6605 -0.7426 0.1108
vn -0.6071 -0.7868 0.1108
vn 0.2096 0.2995 0.9308
vn -0.6051 -0.7452 0.2803
vn -0.5517 -0.7855 0.2803
vn -0.5516 -0.7856 0.2804
vn -0.5508 -0.8273 0.1108
vn 0.1882 0.3133 0.9308
vn -0.5516 -0.7856 0.2803
vn -0.4955 -0.8221 0.2803
vn -0.4955 -0.8221 0.2804
vn -0.4917 -0.8637 0.1108
vn 0.1659 0.3257 0.9308
vn -0.4954 -0.8221 0.2804
vn -0.4370 -0.8547 0.2803
vn -0.4369 -0.8547 0.2804
vn -0.4303 -0.8959 0.1108
vn 0.1428 0.3365 0.9308
vn -0.3763 -0.8831 0.2803
vn -0.3762 -0.8831 0.2804
vn -0.4302 -0.8959 0.1108
vn -0.3667 -0.9237 0.1108
vn 0.1189 0.3456 0.9308
vn -0.3136 -0.9072 0.2804
vn -0.3137 -0.9072 0.2804
vn -0.3013 -0.9471 0.1108
vn 0.0945 0.3531 0.9308
vn -0.2496 -0.9269 0.2804
vn 0.0697 0.3588 0.9308
vn 0.0445 0.3628 0.9308
vn -0.1153 0.3468 0.9308
vn 0.2399 -0.9294 0.2804
vn -0.1625 0.3274 0.9308
vn 0.4869 -0.8272 0.2804
vn -0.2065 0.3016 0.9308
vn 0.5433 -0.7913 0.2803
vn 0.5973 -0.7515 0.2803
vn 0.5434 -0.7913 0.2804
vn 0.6483 -0.7079 0.2803
vn -0.2465 0.2700 0.9308
vn -0.2647 0.2521 0.9308
vn 0.6960 -0.6610 0.2803
vn 0.7812 -0.5577 0.2803
vn -0.3114 0.1916 0.9308
vn -0.3240 0.1694 0.9308
vn 0.8801 -0.3831 0.2804
vn -0.3350 0.1464 0.9308
vn 0.9047 -0.3208 0.2802
vn 0.9249 -0.2571 0.2802
vn 0.9405 -0.1919 0.2802
vn -0.3581 0.0737 0.9308
vn 0.9516 -0.1259 0.2802
vn 0.8946 -0.0047 0.4469
vn -0.3656 0.0019 0.9308
vn -0.3629 -0.0446 0.9308
vn 0.9080 0.3114 0.2803
vn 0.9081 0.3113 0.2802
vn -0.3257 -0.1661 0.9308
vn -0.3134 -0.1883 0.9308
vn -0.2995 -0.2097 0.9308
vn -0.2673 -0.2493 0.9308
vn 0.6557 0.7011 0.2803
vn 0.6051 0.7451 0.2804
vn 0.6052 0.7451 0.2803
vn 0.5516 0.7855 0.2804
vn 0.5507 0.8273 0.1108
vn -0.1882 -0.3133 0.9308
vn 0.4370 0.8546 0.2804
vn 0.4369 0.8547 0.2803
vn 0.3763 0.8831 0.2804
vn -0.0697 -0.3588 0.9308
vn -0.0445 -0.3628 0.9308
vn -0.2399 0.9294 0.2804
vn -0.3670 0.8870 0.2804
vn -0.4280 0.8592 0.2804
vn 0.1625 -0.3274 0.9308
vn -0.4869 0.8272 0.2804
vn -0.5434 0.7913 0.2804
vn -0.5433 0.7913 0.2803
vn -0.5973 0.7515 0.2803
vn 0.2065 -0.3017 0.9308
vn -0.6483 0.7079 0.2803
vn 0.2465 -0.2700 0.9308
vn -0.6960 0.6610 0.2803
vn -0.6482 0.7080 0.2804
vn 0.2647 -0.2522 0.9308
vn -0.7812 0.5577 0.2803
vn 0.3114 -0.1916 0.9308
vn -0.8512 0.4436 0.2804
vn 0.3239 -0.1695 0.9308
vn -0.8801 0.3831 0.2804
vn 0.3350 -0.1464 0.9308
vn -0.9047 0.3208 0.2802
vn -0.9249 0.2571 0.2802
vn -0.9405 0.1919 0.2802
vn 0.3581 -0.0737 0.9308
vn -0.9516 0.1259 0.2802
vn 0.3656 -0.0019 0.9308
vn 0.3629 0.0446 0.9308
vn -0.9081 -0.3113 0.2802
vn -0.9080 -0.3114 0.2803
vn -0.8841 -0.3739 0.2804
vn -0.9055 -0.4097 0.1108
vn -0.8559 -0.4346 0.2804
vn -0.8559 -0.4347 0.2803
vn 0.3134 0.1883 0.9308
vn -0.8396 -0.5318 0.1108
vn 0.2673 0.2493 0.9308
vn -0.6557 -0.7011 0.2803
vn -0.6051 -0.7451 0.2804
vn -0.6052 -0.7451 0.2803
vn -0.5516 -0.7855 0.2804
vn 0.2096 0.2994 0.9308
vn -0.5517 -0.7855 0.2804
vn -0.5507 -0.8273 0.1108
vn -0.4370 -0.8546 0.2804
vn -0.4369 -0.8547 0.2803
vn -0.3763 -0.8831 0.2804
vt 0.052912 0.468737
vt 0.045501 0.500000
vt 0.046608 0.468296
vt 0.854951 0.468222
vt 0.854326 0.500000
vt 0.854326 0.468184
vt 0.056182 0.437625
vt 0.049924 0.436746
vt 0.854951 0.436600
vt 0.854326 0.436523
vt 0.061614 0.406818
vt 0.055377 0.405492
vt 0.854951 0.405286
vt 0.854326 0.405171
vt 0.063840 0.374933
vt 0.072910 0.344552
vt 0.069182 0.376465
vt 0.062230 0.374472
vt 0.084794 0.315139
vt 0.078849 0.346714
vt 0.083646 0.314627
vt 0.071729 0.344122
vt 0.098701 0.286626
vt 0.090567 0.317709
vt 0.097506 0.285990
vt 0.114563 0.259152
vt 0.104281 0.289592
vt 0.113414 0.258434
vt 0.132303 0.232852
vt 0.119922 0.262501
vt 0.131004 0.231909
vt 0.151834 0.207854
vt 0.137415 0.236567
vt 0.150604 0.206822
vt 0.173061 0.184278
vt 0.156675 0.211916
vt 0.171906 0.183163
vt 0.195881 0.162241
vt 0.177607 0.188668
vt 0.194807 0.161048
vt 0.220182 0.141850
vt 0.200109 0.166938
vt 0.219194 0.140585
vt 0.245847 0.123203
vt 0.224073 0.146830
vt 0.245091 0.122081
vt 0.272751 0.106392
vt 0.249381 0.128442
vt 0.272074 0.105220
vt 0.300761 0.091499
vt 0.275910 0.111865
vt 0.300168 0.090283
vt 0.329742 0.078596
vt 0.303531 0.097179
vt 0.329271 0.077430
vt 0.359552 0.067746
vt 0.332109 0.084455
vt 0.359164 0.066550
vt 0.390047 0.059001
vt 0.361505 0.073756
vt 0.610342 0.145674
vt 0.640773 0.145049
vt 0.640944 0.145674
vt 0.421077 0.052406
vt 0.391576 0.065133
vt 0.579201 0.145674
vt 0.610208 0.145049
vt 0.452492 0.047991
vt 0.422175 0.058629
vt 0.547676 0.145674
vt 0.579105 0.145049
vt 0.484138 0.045778
vt 0.453153 0.054275
vt 0.515918 0.145674
vt 0.547618 0.145049
vt 0.515862 0.045778
vt 0.484359 0.052093
vt 0.484082 0.145674
vt 0.515898 0.145049
vt 0.547508 0.047991
vt 0.515642 0.052093
vt 0.452324 0.145674
vt 0.484101 0.145049
vt 0.578918 0.052434
vt 0.546848 0.054275
vt 0.420798 0.145674
vt 0.452382 0.145049
vt 0.609944 0.059038
vt 0.577826 0.058629
vt 0.389792 0.145049
vt 0.389658 0.145674
vt 0.638496 0.073756
vt 0.640448 0.067745
vt 0.359227 0.145049
vt 0.359056 0.145674
vt 0.667892 0.084455
vt 0.670259 0.078596
vt 0.640837 0.066550
vt 0.670730 0.077430
vt 0.696469 0.097179
vt 0.699240 0.091499
vt 0.699833 0.090283
vt 0.724090 0.111865
vt 0.727250 0.106392
vt 0.727926 0.105221
vt 0.750619 0.128442
vt 0.754153 0.123203
vt 0.754910 0.122082
vt 0.775927 0.146830
vt 0.779818 0.141850
vt 0.780806 0.140585
vt 0.799891 0.166938
vt 0.804120 0.162241
vt 0.805194 0.161048
vt 0.822394 0.188668
vt 0.826940 0.184278
vt 0.828095 0.183163
vt 0.843326 0.211916
vt 0.848167 0.207854
vt 0.849397 0.206822
vt 0.862585 0.236567
vt 0.867698 0.232852
vt 0.868997 0.231909
vt 0.880078 0.262501
vt 0.885437 0.259152
vt 0.886585 0.258436
vt 0.895720 0.289592
vt 0.901299 0.286626
vt 0.902493 0.285991
vt 0.909433 0.317709
vt 0.915206 0.315139
vt 0.916355 0.314627
vt 0.921152 0.346714
vt 0.927090 0.344552
vt 0.928271 0.344122
vt 0.930818 0.376465
vt 0.936893 0.374723
vt 0.938102 0.374377
vt 0.938386 0.406818
vt 0.944567 0.405505
vt 0.145050 0.405286
vt 0.145674 0.374281
vt 0.145674 0.405171
vt 0.943819 0.437626
vt 0.950076 0.436746
vt 0.145050 0.436600
vt 0.145674 0.436523
vt 0.947088 0.468737
vt 0.953393 0.468296
vt 0.145050 0.468223
vt 0.145674 0.468184
vt 0.948180 0.500000
vt 0.954499 0.500000
vt 0.145050 0.500000
vt 0.145674 0.500000
vt 0.947088 0.531264
vt 0.953392 0.531705
vt 0.145050 0.531778
vt 0.145674 0.531817
vt 0.943818 0.562375
vt 0.950076 0.563254
vt 0.145050 0.563401
vt 0.145674 0.563478
vt 0.938386 0.593182
vt 0.943868 0.594347
vt 0.945358 0.594664
vt 0.930818 0.623535
vt 0.935640 0.624918
vt 0.938102 0.625624
vt 0.921151 0.653287
vt 0.927090 0.655448
vt 0.915206 0.684862
vt 0.916355 0.685373
vt 0.928271 0.655878
vt 0.901299 0.713375
vt 0.909433 0.682291
vt 0.902493 0.714010
vt 0.885437 0.740848
vt 0.895720 0.710408
vt 0.886585 0.741565
vt 0.867697 0.767148
vt 0.880078 0.737499
vt 0.868997 0.768092
vt 0.848167 0.792147
vt 0.862585 0.763434
vt 0.849397 0.793179
vt 0.826939 0.815722
vt 0.843326 0.788085
vt 0.828094 0.816837
vt 0.804119 0.837759
vt 0.822394 0.811332
vt 0.805194 0.838952
vt 0.779818 0.858151
vt 0.799891 0.833063
vt 0.780806 0.859416
vt 0.754153 0.876797
vt 0.775927 0.853171
vt 0.754909 0.877919
vt 0.727250 0.893608
vt 0.750619 0.871558
vt 0.727926 0.894780
vt 0.699239 0.908501
vt 0.724090 0.888135
vt 0.699832 0.909717
vt 0.670258 0.921404
vt 0.696469 0.902822
vt 0.670729 0.922570
vt 0.640448 0.932254
vt 0.667891 0.915545
vt 0.640837 0.933450
vt 0.609953 0.940998
vt 0.638495 0.926244
vt 0.610342 0.145674
vt 0.640773 0.145049
vt 0.640944 0.145674
vt 0.578923 0.947594
vt 0.608424 0.934867
vt 0.579202 0.145674
vt 0.610208 0.145049
vt 0.547508 0.952009
vt 0.577826 0.941371
vt 0.547676 0.145674
vt 0.579106 0.145049
vt 0.515862 0.954222
vt 0.546848 0.945725
vt 0.515918 0.145674
vt 0.547618 0.145049
vt 0.484138 0.954222
vt 0.515641 0.947907
vt 0.484082 0.145674
vt 0.515898 0.145049
vt 0.452492 0.952009
vt 0.484359 0.947907
vt 0.452324 0.145674
vt 0.484101 0.145049
vt 0.421082 0.947566
vt 0.453153 0.945725
vt 0.420798 0.145674
vt 0.452382 0.145049
vt 0.390058 0.940954
vt 0.422174 0.941371
vt 0.389792 0.145049
vt 0.389658 0.145674
vt 0.361505 0.926244
vt 0.359787 0.931531
vt 0.359276 0.933105
vt 0.332109 0.915545
vt 0.329742 0.921404
vt 0.329271 0.922570
vt 0.303531 0.902821
vt 0.300761 0.908501
vt 0.300167 0.909718
vt 0.275910 0.888135
vt 0.272751 0.893608
vt 0.272074 0.894780
vt 0.249381 0.871558
vt 0.245848 0.876797
vt 0.245090 0.877919
vt 0.224073 0.853171
vt 0.220183 0.858150
vt 0.219194 0.859415
vt 0.200109 0.833063
vt 0.195881 0.837759
vt 0.194806 0.838952
vt 0.177606 0.811332
vt 0.173061 0.815722
vt 0.171906 0.816837
vt 0.156674 0.788084
vt 0.151834 0.792146
vt 0.150604 0.793178
vt 0.137415 0.763434
vt 0.132303 0.767148
vt 0.131004 0.768092
vt 0.119922 0.737499
vt 0.114563 0.740848
vt 0.113416 0.741565
vt 0.104281 0.710408
vt 0.098701 0.713374
vt 0.097507 0.714010
vt 0.090567 0.682291
vt 0.084795 0.684861
vt 0.083646 0.685373
vt 0.078849 0.653287
vt 0.072911 0.655448
vt 0.071729 0.655878
vt 0.069182 0.623535
vt 0.063107 0.625277
vt 0.061899 0.625623
vt 0.061614 0.593182
vt 0.055433 0.594496
vt 0.854951 0.594715
vt 0.854326 0.625719
vt 0.854326 0.594830
vt 0.056182 0.562375
vt 0.049924 0.563254
vt 0.854951 0.563401
vt 0.854326 0.563478
vt 0.052912 0.531263
vt 0.046608 0.531704
vt 0.854951 0.531778
vt 0.854326 0.531816
vt 0.051820 0.500000
vt 0.854951 0.500000
vt 0.854326 0.468184
vt 0.853935 0.500000
vt 0.853935 0.468165
vt 0.854326 0.436523
vt 0.853935 0.436484
vt 0.853935 0.405114
vt 0.853935 0.374205
vt 0.854326 0.405171
vt 0.854326 0.344003
vt 0.854326 0.374281
vt 0.854326 0.285872
vt 0.854326 0.314486
vt 0.853935 0.314374
vt 0.853935 0.231748
vt 0.854326 0.258301
vt 0.853935 0.258156
vt 0.853935 0.206646
vt 0.854326 0.231909
vt 0.853935 0.182973
vt 0.854326 0.206822
vt 0.194709 0.160940
vt 0.171906 0.183163
vt 0.171801 0.183062
vt 0.780974 0.146065
vt 0.805193 0.145674
vt 0.805377 0.146065
vt 0.755203 0.146065
vt 0.780806 0.145674
vt 0.728189 0.146065
vt 0.755050 0.145674
vt 0.700063 0.146065
vt 0.728052 0.145674
vt 0.670962 0.146065
vt 0.699943 0.145674
vt 0.641029 0.146065
vt 0.670860 0.145674
vt 0.610408 0.146065
vt 0.640944 0.145674
vt 0.579249 0.146065
vt 0.610341 0.145674
vt 0.547704 0.146065
vt 0.579201 0.145674
vt 0.515918 0.145674
vt 0.547676 0.145674
vt 0.484082 0.145674
vt 0.484072 0.146065
vt 0.515927 0.146065
vt 0.452324 0.145674
vt 0.452295 0.146065
vt 0.420798 0.145674
vt 0.420750 0.146065
vt 0.389658 0.145674
vt 0.389592 0.146065
vt 0.329140 0.145674
vt 0.359056 0.145674
vt 0.329037 0.146065
vt 0.300057 0.145674
vt 0.299937 0.146065
vt 0.271947 0.145674
vt 0.271811 0.146065
vt 0.244949 0.145674
vt 0.244796 0.146065
vt 0.219194 0.145674
vt 0.219025 0.146065
vt 0.194806 0.145674
vt 0.194623 0.146065
vt 0.828095 0.183163
vt 0.805291 0.160940
vt 0.828199 0.183062
vt 0.145674 0.206822
vt 0.146065 0.182973
vt 0.146065 0.206646
vt 0.145674 0.231909
vt 0.146065 0.231748
vt 0.145674 0.258302
vt 0.146065 0.258157
vt 0.145674 0.285872
vt 0.146065 0.285744
vt 0.145674 0.314486
vt 0.146065 0.314374
vt 0.145674 0.344003
vt 0.146065 0.343910
vt 0.145674 0.374281
vt 0.146065 0.374205
vt 0.145674 0.405171
vt 0.146065 0.405114
vt 0.145674 0.436523
vt 0.146065 0.436485
vt 0.145674 0.468184
vt 0.146065 0.468165
vt 0.145674 0.500000
vt 0.146065 0.500000
vt 0.145674 0.531817
vt 0.146065 0.531836
vt 0.145674 0.563478
vt 0.146065 0.563516
vt 0.145674 0.594830
vt 0.146065 0.594887
vt 0.145674 0.625720
vt 0.146065 0.625795
vt 0.145674 0.655997
vt 0.146065 0.656091
vt 0.146065 0.685626
vt 0.146065 0.714257
vt 0.145674 0.685515
vt 0.146065 0.741844
vt 0.145674 0.714128
vt 0.146065 0.768253
vt 0.145674 0.741699
vt 0.146065 0.793355
vt 0.145674 0.768092
vt 0.146065 0.817027
vt 0.145674 0.793179
vt 0.805291 0.839060
vt 0.828094 0.816837
vt 0.828199 0.816938
vt 0.780975 0.146065
vt 0.805194 0.145674
vt 0.805377 0.146065
vt 0.755204 0.146065
vt 0.780806 0.145674
vt 0.728189 0.146065
vt 0.755051 0.145674
vt 0.700063 0.146065
vt 0.728052 0.145674
vt 0.670962 0.146065
vt 0.699943 0.145674
vt 0.641029 0.146065
vt 0.670860 0.145674
vt 0.610408 0.146065
vt 0.640944 0.145674
vt 0.579202 0.145674
vt 0.610342 0.145674
vt 0.515927 0.146065
vt 0.547676 0.145674
vt 0.547705 0.146065
vt 0.484073 0.146065
vt 0.515918 0.145674
vt 0.452324 0.145674
vt 0.484082 0.145674
vt 0.389592 0.146065
vt 0.420798 0.145674
vt 0.420751 0.146065
vt 0.359056 0.145674
vt 0.389658 0.145674
vt 0.358971 0.146065
vt 0.329140 0.145674
vt 0.329038 0.146065
vt 0.300057 0.145674
vt 0.299937 0.146065
vt 0.271948 0.145674
vt 0.271811 0.146065
vt 0.244950 0.145674
vt 0.244797 0.146065
vt 0.219194 0.145674
vt 0.219026 0.146065
vt 0.194806 0.145674
vt 0.194623 0.146065
vt 0.171906 0.816837
vt 0.194709 0.839060
vt 0.171801 0.816938
vt 0.854326 0.793178
vt 0.853935 0.817027
vt 0.853935 0.793354
vt 0.854326 0.768092
vt 0.853935 0.768253
vt 0.854326 0.741699
vt 0.853935 0.741844
vt 0.854326 0.714128
vt 0.853935 0.714257
vt 0.854326 0.685515
vt 0.853935 0.685626
vt 0.854326 0.655997
vt 0.853935 0.656091
vt 0.854326 0.625719
vt 0.853935 0.625795
vt 0.854326 0.594830
vt 0.853935 0.594886
vt 0.854326 0.563478
vt 0.853935 0.563516
vt 0.854326 0.531816
vt 0.853935 0.531835
vt 0.854326 0.500000
vt 0.854325 0.374280
vt 0.420894 0.145049
vt 0.608425 0.065133
vt 0.145050 0.374433
vt 0.145675 0.594830
vt 0.420894 0.145049
vt 0.391576 0.934867
vt 0.359056 0.145675
vt 0.854951 0.625567
vt 0.853935 0.343910
vt 0.853935 0.285743
vt 0.854326 0.183163
vt 0.194807 0.161048
vt 0.358971 0.146065
vt 0.805194 0.161048
vt 0.145674 0.183163
vt 0.145674 0.816837
vt 0.579249 0.146065
vt 0.452296 0.146065
vt 0.194806 0.838952
vt 0.854326 0.816837
vt 0.853935 0.468165
vt 0.852823 0.500000
vt 0.852797 0.468132
vt -0.025641 0.468117
vt -0.025641 0.500000
vt 0.852843 0.436422
vt -0.025641 0.436389
vt 0.853935 0.405114
vt 0.852823 0.405019
vt -0.025641 0.404971
vt 0.852826 0.374080
vt -0.025641 0.374016
vt 0.852800 0.343751
vt -0.025641 0.343674
vt 0.853935 0.314374
vt 0.852290 0.314122
vt -0.025641 0.314095
vt 0.852768 0.285523
vt 0.852823 0.257916
vt -0.025641 0.257792
vt -0.025641 0.285421
vt 0.852896 0.231493
vt 0.853935 0.258156
vt -0.025641 0.231344
vt 0.852768 0.206344
vt -0.025641 0.206204
vt 0.852824 0.182657
vt 0.853935 0.206646
vt -0.025641 0.182496
vt 0.805681 0.147177
vt 0.828291 0.146065
vt 0.828618 0.147176
vt 0.805837 1.025641
vt 0.828786 1.025641
vt 0.780974 0.146065
vt 0.805377 0.146065
vt 0.781356 0.147711
vt 0.781398 1.025641
vt 0.755466 0.147231
vt 0.755588 1.025641
vt 0.728406 0.147104
vt 0.728533 1.025641
vt 0.700269 0.147231
vt 0.728189 0.146065
vt 0.671132 0.147177
vt 0.700063 0.146065
vt 0.671220 1.025641
vt 0.700365 1.025641
vt 0.641169 0.147178
vt 0.670962 0.146065
vt 0.641241 1.025641
vt 0.610518 0.147178
vt 0.641028 0.146065
vt 0.610574 1.025641
vt 0.579328 0.147178
vt 0.579369 1.025641
vt 0.547752 0.147177
vt 0.547776 1.025641
vt 0.515943 0.147177
vt 0.547704 0.146065
vt 0.515952 1.025641
vt 0.484056 0.147177
vt 0.484049 1.025641
vt 0.452295 0.146065
vt 0.484072 0.146065
vt 0.452224 1.025641
vt 0.420669 0.147230
vt 0.452231 0.147689
vt 0.420631 1.025641
vt 0.389592 0.146065
vt 0.389482 0.147173
vt 0.389426 1.025641
vt 0.358828 0.147201
vt 0.358759 1.025641
vt 0.328867 0.147179
vt 0.328780 1.025641
vt 0.299740 0.147157
vt 0.329037 0.146065
vt 0.299636 1.025641
vt 0.271811 0.146065
vt 0.271583 0.147177
vt 0.271467 1.025641
vt 0.244796 0.146065
vt 0.244542 0.147177
vt 0.244412 1.025641
vt 0.219025 0.146065
vt 0.218745 0.147174
vt 0.218602 1.025641
vt 0.194320 0.147175
vt 0.194163 1.025641
vt 0.171709 0.146065
vt 0.171396 0.147105
vt 0.171215 1.025641
vt 0.147105 0.182672
vt 0.147232 0.206344
vt 1.025641 0.182495
vt 1.025641 0.206204
vt 0.146065 0.231748
vt 0.147177 0.231481
vt 1.025641 0.231343
vt 0.147178 0.257916
vt 1.025641 0.257792
vt 0.147177 0.285530
vt 1.025641 0.285421
vt 0.146065 0.314374
vt 0.147178 0.314189
vt 1.025641 0.314095
vt 0.146065 0.343910
vt 0.147105 0.343761
vt 1.025641 0.343674
vt 0.146065 0.374205
vt 0.147232 0.374076
vt 0.147177 0.405019
vt 1.025641 0.404971
vt 1.025641 0.374016
vt 0.146065 0.436485
vt 0.147178 0.436421
vt 1.025641 0.436389
vt 0.146065 0.468165
vt 0.147177 0.468133
vt 1.025641 0.468117
vt 0.146065 0.500000
vt 0.147178 0.500000
vt 1.025641 0.500000
vt 0.147177 0.531867
vt 1.025641 0.531883
vt 0.147203 0.563580
vt 1.025641 0.563611
vt 0.147179 0.594981
vt 1.025641 0.595029
vt 0.147177 0.625921
vt 1.025641 0.625984
vt 0.147177 0.656246
vt 1.025641 0.656326
vt 0.147177 0.685811
vt 0.146065 0.656091
vt 1.025641 0.685905
vt 0.147152 0.714466
vt 1.025641 0.714579
vt 0.146065 0.741844
vt 0.147171 0.742084
vt 1.025641 0.742208
vt 0.146065 0.768253
vt 0.147199 0.768525
vt 1.025641 0.768657
vt 0.147177 0.793647
vt 1.025641 0.793796
vt 0.147177 0.817343
vt 1.025641 0.817505
vt 0.805681 0.147177
vt 0.828291 0.146065
vt 0.828618 0.147177
vt 0.805837 1.025641
vt 0.828785 1.025641
vt 0.781254 0.147177
vt 0.805377 0.146065
vt 0.781398 1.025641
vt 0.755446 0.147105
vt 0.780975 0.146065
vt 0.755588 1.025641
vt 0.728424 0.147232
vt 0.728533 1.025641
vt 0.700262 0.147177
vt 0.700364 1.025641
vt 0.671133 0.147177
vt 0.700063 0.146065
vt 0.671220 1.025641
vt 0.641169 0.147177
vt 0.641241 1.025641
vt 0.610513 0.147105
vt 0.641029 0.146065
vt 0.610574 1.025641
vt 0.579328 0.147177
vt 0.579369 1.025641
vt 0.547754 0.147232
vt 0.515943 0.147177
vt 0.547705 0.146065
vt 0.515951 1.025641
vt 0.547776 1.025641
vt 0.484057 0.147177
vt 0.515927 0.146065
vt 0.484049 1.025641
vt 0.452248 0.147178
vt 0.452224 1.025641
vt 0.420672 0.147178
vt 0.420631 1.025641
vt 0.389592 0.146065
vt 0.420751 0.146065
vt 0.389440 0.147744
vt 0.389426 1.025641
vt 0.358838 0.147104
vt 0.358759 1.025641
vt 0.329038 0.146065
vt 0.328862 0.147231
vt 0.299937 0.146065
vt 0.299747 0.147105
vt 0.299635 1.025641
vt 0.328780 1.025641
vt 0.271811 0.146065
vt 0.271576 0.147231
vt 0.271467 1.025641
vt 0.244797 0.146065
vt 0.244542 0.147177
vt 0.244412 1.025641
vt 0.219026 0.146065
vt 0.218740 0.147203
vt 0.194623 0.146065
vt 0.194212 0.147690
vt 0.194163 1.025641
vt 0.171709 0.146065
vt 0.171371 0.147232
vt 0.171214 1.025641
vt 0.852769 0.817353
vt 0.852822 0.793647
vt -0.025641 0.793796
vt -0.025641 0.817505
vt 0.852823 0.768520
vt -0.025641 0.768657
vt 0.853935 0.741844
vt 0.852896 0.742074
vt -0.025641 0.742208
vt 0.853935 0.714257
vt 0.852769 0.714477
vt 0.852822 0.685811
vt -0.025641 0.685905
vt -0.025641 0.714579
vt 0.852822 0.656246
vt -0.025641 0.656326
vt 0.852823 0.625920
vt -0.025641 0.625984
vt 0.853935 0.594886
vt 0.852823 0.594981
vt -0.025641 0.595029
vt 0.852823 0.563579
vt -0.025641 0.563611
vt 0.853935 0.531835
vt 0.852823 0.531867
vt -0.025641 0.531883
vt 0.299937 0.146065
vt 0.146065 0.182973
vt 0.853935 0.817027
vt -0.028210 0.468191
vt -0.025641 0.500000
vt -0.028210 0.500000
vt -0.029548 0.468262
vt -0.029547 0.500000
vt 0.948324 0.468650
vt 0.954092 0.500000
vt 0.949835 0.500000
vt 0.948946 0.500000
vt -0.034358 0.468740
vt -0.037086 0.500000
vt -0.037122 0.468737
vt -0.040909 0.500000
vt -0.040910 0.468623
vt -0.042502 0.500000
vt -0.042502 0.468534
vt 0.048950 0.468460
vt 0.044267 0.500000
vt 0.045377 0.468210
vt 0.034595 0.487441
vt 0.030400 0.500000
vt 0.031543 0.467242
vt 0.027282 0.500000
vt 0.028434 0.467025
vt 1.043002 0.466976
vt 1.040591 0.500000
vt 1.040590 0.466843
vt 1.037760 0.500000
vt 1.037757 0.466741
vt 1.035451 0.466767
vt 1.035452 0.500000
vt 1.032354 0.466901
vt 1.032354 0.500000
vt 1.027403 0.467200
vt 1.027403 0.500000
vt 0.055196 0.467323
vt 0.055073 0.500000
vt 0.046967 0.467411
vt 0.046967 0.500000
vt 0.038774 0.467595
vt 0.038774 0.500000
vt 0.028309 0.467958
vt 0.028308 0.500000
vt 0.019269 0.468406
vt 0.019269 0.500000
vt 0.012744 0.468817
vt 0.012744 0.500000
vt 0.938960 0.469305
vt 0.947029 0.500000
vt 0.940032 0.500000
vt 0.928471 0.470038
vt 0.929517 0.500000
vt 0.916906 0.470847
vt 0.917925 0.500000
vt 0.904840 0.471691
vt 0.905829 0.500000
vt 0.870827 0.474069
vt 0.871733 0.500000
vt 0.853102 0.463249
vt 0.854781 0.512749
vt 0.841947 0.464556
vt 0.843552 0.512490
vt 0.829630 0.476950
vt 0.830018 0.511933
vt -0.028079 0.436528
vt -0.025641 0.468117
vt -0.029547 0.436678
vt 0.945753 0.437354
vt 0.952985 0.468324
vt -0.033404 0.437567
vt -0.033175 0.468697
vt -0.034694 0.437648
vt -0.037160 0.437626
vt -0.040910 0.437398
vt -0.042502 0.437221
vt 0.052249 0.437073
vt 0.048702 0.436574
vt 0.041379 0.482901
vt 0.045251 0.436089
vt 0.043275 0.402417
vt 0.037135 0.434949
vt 0.033906 0.434495
vt 0.031882 0.434210
vt 1.043002 0.434114
vt 1.040590 0.433848
vt 1.037768 0.433645
vt 1.035482 0.433694
vt 1.032354 0.433963
vt 1.027403 0.434561
vt 0.054933 0.434807
vt 0.046967 0.434980
vt 0.038774 0.435347
vt 0.028310 0.436072
vt 0.019269 0.436965
vt 0.012744 0.437786
vt 0.935750 0.438759
vt 0.945940 0.468817
vt 0.925337 0.440223
vt 0.913858 0.441836
vt 0.901880 0.443520
vt 0.868115 0.448265
vt 0.825287 0.443056
vt 0.815438 0.452626
vt 0.814161 0.494269
vt 0.502425 0.499305
vt 0.594600 0.503293
vt 0.502525 0.500088
vt -0.025643 0.404971
vt -0.025642 0.436389
vt -0.029548 0.405402
vt 0.939652 0.406549
vt 0.949672 0.436803
vt 0.944701 0.437501
vt -0.034401 0.406822
vt -0.037772 0.406790
vt -0.041483 0.406389
vt 0.058468 0.406150
vt 0.055861 0.405595
vt 0.051947 0.404764
vt 0.039530 0.402124
vt 0.037390 0.401669
vt 1.042126 0.401428
vt 1.037755 0.400871
vt 1.035455 0.400948
vt 1.032354 0.401346
vt 1.027403 0.402240
vt 0.055073 0.402606
vt 0.044460 0.403016
vt 0.028309 0.404498
vt 0.019270 0.405832
vt 0.012744 0.407058
vt 0.930416 0.408512
vt 0.942678 0.437786
vt 0.920131 0.410698
vt 0.908792 0.413109
vt 0.896961 0.415623
vt 0.863610 0.422712
vt 0.844464 0.414116
vt 0.833567 0.416833
vt 0.802025 0.406048
vt -0.028170 0.374303
vt -0.028210 0.405193
vt -0.029438 0.374558
vt 0.932067 0.376107
vt 0.944187 0.405585
vt -0.034143 0.376463
vt -0.035833 0.376527
vt -0.039390 0.376253
vt -0.042205 0.375738
vt 0.065975 0.375546
vt 0.063685 0.374889
vt 0.059933 0.373813
vt 0.050574 0.371129
vt 0.047270 0.370182
vt 0.045397 0.369645
vt 1.042500 0.369396
vt 1.038013 0.368593
vt 1.035895 0.368642
vt 1.032507 0.369178
vt 1.027403 0.370395
vt 0.054081 0.370921
vt 0.029846 0.373126
vt 0.036108 0.403631
vt 0.020937 0.374802
vt 0.012744 0.376782
vt 0.923407 0.378590
vt 0.937260 0.407058
vt 0.913352 0.381473
vt 0.902252 0.384656
vt 0.890720 0.387963
vt 0.858288 0.397262
vt 0.814325 0.397965
vt -0.025642 0.343674
vt -0.027959 0.343982
vt -0.029323 0.344313
vt 0.926789 0.344662
vt 0.922319 0.346289
vt -0.034346 0.346729
vt -0.033145 0.376300
vt -0.037128 0.346717
vt -0.040910 0.346155
vt 0.075116 0.345355
vt 0.071751 0.344130
vt 0.068138 0.324625
vt 0.058720 0.339387
vt 0.055790 0.338321
vt 1.040590 0.337431
vt 1.037755 0.336930
vt 1.035451 0.337057
vt 1.032354 0.337712
vt 1.027402 0.339182
vt 0.055073 0.339784
vt 0.046968 0.340212
vt 0.044418 0.371408
vt 0.038774 0.341114
vt 0.028309 0.342897
vt 0.019269 0.345090
vt 0.012744 0.347107
vt 0.920069 0.347107
vt 0.913495 0.349500
vt 0.903615 0.353096
vt 0.892722 0.357061
vt 0.881356 0.361198
vt 0.849315 0.372860
vt 0.829025 0.366679
vt 0.818562 0.370763
vt 0.578859 0.446319
vt -0.025641 0.314095
vt -0.028211 0.314529
vt -0.029438 0.314895
vt 0.914848 0.315298
vt 0.911217 0.316914
vt 0.910065 0.317428
vt -0.033404 0.317537
vt -0.034679 0.317774
vt -0.037123 0.317714
vt -0.040910 0.317044
vt 0.086939 0.316093
vt 0.076410 0.345826
vt 0.083667 0.314637
vt 0.088643 0.278827
vt 0.074074 0.329084
vt 0.070999 0.308997
vt 0.068092 0.307702
vt 1.040590 0.306670
vt 1.043003 0.338083
vt 1.037949 0.306079
vt 1.035888 0.306168
vt 1.032354 0.307004
vt 1.027402 0.308752
vt 0.055072 0.309468
vt 0.046966 0.309978
vt 0.038774 0.311050
vt 0.028310 0.313170
vt 0.019269 0.315779
vt 0.912260 0.316450
vt 0.908381 0.318177
vt 0.901990 0.321022
vt 0.892383 0.325300
vt 0.881794 0.330014
vt 0.870744 0.334934
vt 0.839594 0.348803
vt 0.796635 0.354871
vt 0.785461 0.359806
vt -0.025639 0.285420
vt -0.028794 0.286098
vt 0.901698 0.286414
vt 0.900696 0.286946
vt 0.896822 0.289006
vt -0.033202 0.289338
vt -0.034208 0.289585
vt -0.037126 0.289598
vt -0.040910 0.288825
vt 0.100773 0.287728
vt 0.088197 0.316653
vt 0.097612 0.286046
vt 0.102006 0.271470
vt 0.085368 0.279536
vt 0.082557 0.278042
vt 1.040591 0.276851
vt 1.043002 0.307446
vt 1.037745 0.276163
vt 1.035418 0.276343
vt 1.032354 0.277237
vt 0.917694 0.277908
vt 0.929551 0.308752
vt 0.915164 0.279254
vt 1.027403 0.279254
vt 0.054932 0.280085
vt 0.046966 0.280669
vt 0.038774 0.281906
vt 0.028310 0.284354
vt 0.019269 0.287364
vt 0.898452 0.288139
vt 0.894703 0.290133
vt 0.888525 0.293417
vt 0.879241 0.298354
vt 0.869006 0.303796
vt 0.858326 0.309475
vt 0.828220 0.325482
vt 0.807267 0.322184
vt 0.797474 0.327683
vt 0.747446 0.309193
vt 0.502095 0.498587
vt -0.025641 0.257792
vt -0.028210 0.258358
vt 0.886205 0.258672
vt 0.885105 0.259360
vt 0.882071 0.261256
vt 0.880721 0.262099
vt -0.033305 0.262250
vt -0.034502 0.262557
vt -0.037086 0.262510
vt -0.040869 0.261654
vt 0.116553 0.260396
vt 0.102121 0.288444
vt 0.113516 0.258498
vt 0.153453 0.188681
vt 0.101756 0.251150
vt 0.099058 0.249463
vt 1.040590 0.248119
vt 1.042746 0.277636
vt 1.037771 0.247343
vt 1.035482 0.247533
vt 1.032353 0.248555
vt 0.901184 0.249312
vt 0.898754 0.250831
vt 0.055079 0.251765
vt 0.046967 0.252428
vt 0.038774 0.253825
vt 0.028310 0.256588
vt 0.019269 0.259986
vt 0.883645 0.260272
vt 0.879102 0.263111
vt 0.873169 0.266818
vt 0.864251 0.272391
vt 0.854420 0.278534
vt 0.844163 0.284943
vt 0.815246 0.303012
vt 0.765929 0.303735
vt 0.762969 0.314265
vt -0.025641 0.231343
vt -0.028184 0.231958
vt 0.868430 0.232320
vt 0.867381 0.233082
vt 0.864165 0.235419
vt 0.863116 0.236181
vt -0.033609 0.236408
vt -0.034681 0.236660
vt -0.037120 0.236574
vt -0.040869 0.235627
vt 0.134201 0.234232
vt 0.117849 0.261206
vt 0.131304 0.232127
vt 0.128485 0.230079
vt 0.120086 0.223976
vt 0.114038 0.238667
vt 0.117511 0.222105
vt 1.040590 0.220614
vt 1.042746 0.249005
vt 1.037745 0.219753
vt 1.035418 0.219978
vt 1.032354 0.221097
vt 0.883513 0.221362
vt 0.880401 0.223622
vt 0.055195 0.224654
vt 1.027403 0.250831
vt 0.046966 0.225394
vt 0.038774 0.226943
vt 0.028309 0.230008
vt 0.020828 0.233021
vt 0.865988 0.234094
vt 0.861654 0.237243
vt 0.855993 0.241356
vt 0.847486 0.247536
vt 0.838108 0.254350
vt 0.828323 0.261459
vt 0.800738 0.281501
vt 0.779531 0.281152
vt 0.770598 0.287961
vt -0.025641 0.206204
vt -0.028184 0.206876
vt 0.848971 0.207179
vt 0.847867 0.208105
vt 0.844593 0.210852
vt 0.843726 0.211579
vt -0.033428 0.211673
vt -0.035027 0.212019
vt -0.038037 0.211801
vt -0.040742 0.210954
vt 0.153631 0.209362
vt 0.135614 0.235258
vt 0.150888 0.207060
vt 0.158217 0.193716
vt 0.140265 0.198147
vt 0.137827 0.196101
vt 0.136200 0.194735
vt 0.116151 0.221117
vt 1.037756 0.193529
vt 1.035455 0.193766
vt 1.032890 0.194724
vt 0.863298 0.195157
vt 0.860196 0.197760
vt 1.027403 0.197760
vt 0.055072 0.198893
vt 0.046967 0.199698
vt 0.038774 0.201392
vt 0.028309 0.204743
vt 0.020828 0.208039
vt 0.846961 0.208865
vt 0.842444 0.212656
vt 0.837084 0.217153
vt 0.829029 0.223912
vt 0.820149 0.231363
vt 0.810884 0.239138
vt 0.784764 0.261055
vt -0.025641 0.182495
vt -0.028103 0.183179
vt 0.827695 0.183549
vt 0.826658 0.184550
vt 0.823799 0.187311
vt 0.822829 0.188248
vt -0.034693 0.188781
vt -0.037161 0.188673
vt -0.040656 0.187675
vt 0.174749 0.185909
vt 0.155021 0.210529
vt 0.172173 0.183421
vt 0.162198 0.173789
vt 0.159909 0.171578
vt 0.158381 0.170102
vt 1.037766 0.168798
vt 1.040590 0.194471
vt 1.035482 0.169047
vt 1.033134 0.169961
vt 0.841148 0.170557
vt 0.838235 0.173370
vt 1.027403 0.173370
vt 0.054932 0.174601
vt 0.046967 0.175464
vt 0.038774 0.177295
vt 0.028309 0.180917
vt 0.021997 0.183841
vt 0.824440 0.186692
vt 0.816533 0.194328
vt 0.808969 0.201632
vt 0.800630 0.209685
vt 0.791930 0.218087
vt 0.767402 0.241773
vt 0.744036 0.252651
vt 0.719312 0.252734
vt 0.718606 0.263649
vt 0.501693 0.498120
vt 0.805837 1.025641
vt 0.828077 1.028103
vt 0.805178 1.028102
vt 0.804822 0.161461
vt 0.803858 0.162532
vt 0.800998 0.165708
vt 0.800270 0.166517
vt 0.799759 1.035183
vt 0.822561 1.033661
vt 0.822277 1.034693
vt 0.822389 1.037161
vt 0.800892 1.040742
vt 0.823423 1.040656
vt 0.197451 0.163986
vt 0.176055 0.187170
vt 0.195055 0.161324
vt 0.192723 0.158735
vt 0.214166 0.130634
vt 0.187239 0.152644
vt 0.183364 0.148340
vt 0.180996 1.037847
vt 0.157947 1.040340
vt 0.157030 1.037766
vt 0.157288 1.035482
vt 0.181216 1.035452
vt 0.158234 1.033134
vt 0.182213 1.032890
vt 0.817337 0.147562
vt 0.814627 0.150572
vt 0.186548 0.055195
vt 0.161765 1.027403
vt 0.163040 0.054932
vt 0.163934 0.046967
vt 0.187391 0.046967
vt 0.165829 0.038774
vt 0.189154 0.038774
vt 0.169580 0.028309
vt 0.192643 0.028309
vt 0.805725 0.160458
vt 0.803066 0.163411
vt 0.799120 0.167793
vt 0.794439 0.172992
vt 0.787403 0.180806
vt 0.779646 0.189421
vt 0.771553 0.198410
vt 0.748737 0.223749
vt 0.727921 0.227817
vt 0.691482 0.252353
vt 0.780835 1.027925
vt 0.780464 0.141022
vt 0.779577 0.142158
vt 0.776616 0.145948
vt 0.776185 1.033361
vt 0.800085 1.033570
vt 0.775862 1.034720
vt 0.776004 1.037829
vt 0.800004 1.038002
vt 0.776848 1.040742
vt 0.221627 0.143699
vt 0.198665 0.165334
vt 0.219423 0.140878
vt 0.229367 0.129348
vt 0.210885 0.129950
vt 0.185057 0.150220
vt 0.208926 0.127442
vt 0.207364 1.040590
vt 0.182225 1.041176
vt 0.206462 1.037751
vt 0.206690 1.035452
vt 0.207607 1.032890
vt 0.791853 0.126445
vt 0.789485 0.129476
vt 0.210515 1.027403
vt 0.211606 0.054932
vt 0.212371 0.046967
vt 0.213993 0.038774
vt 0.217203 0.028309
vt 0.195460 0.021997
vt 0.220360 0.020828
vt 0.778849 0.143090
vt 0.775218 0.147737
vt 0.770911 0.153250
vt 0.764437 0.161535
vt 0.757300 0.170670
vt 0.749853 0.180202
vt 0.728861 0.207071
vt 0.701669 0.221588
vt 0.538430 0.412687
vt 0.755588 1.025639
vt 0.754781 1.028794
vt 0.754423 0.122802
vt 0.753771 0.123769
vt 0.751711 0.126823
vt 0.750986 0.127898
vt 0.750777 1.033593
vt 0.750530 1.034680
vt 0.750612 1.037118
vt 0.751513 1.040869
vt 0.247160 0.125149
vt 0.222702 0.145075
vt 0.245157 0.122180
vt 0.310036 0.074642
vt 0.237403 0.110684
vt 0.235623 0.108046
vt 0.234683 0.106652
vt 0.207891 0.126118
vt 0.233385 1.037755
vt 0.233592 1.035452
vt 0.234664 1.032354
vt 0.765084 0.106996
vt 0.762934 0.110185
vt 0.238052 0.055079
vt 0.238752 0.046966
vt 0.240226 0.038774
vt 0.243142 0.028309
vt 0.246728 0.019269
vt 0.752005 0.126386
vt 0.746063 0.135196
vt 0.740183 0.143914
vt 0.733701 0.153524
vt 0.726937 0.163552
vt 0.707870 0.191820
vt 0.682556 0.199861
vt 0.674651 0.219729
vt 0.669560 0.227368
vt 0.501186 0.497769
vt 0.728533 1.025641
vt 0.727999 1.028211
vt 0.727653 0.105693
vt 0.727054 0.106731
vt 0.725067 0.110173
vt 0.724436 0.111266
vt 0.724231 1.033593
vt 0.723990 1.035218
vt 0.724179 1.038036
vt 0.724889 1.040869
vt 0.273924 0.108425
vt 0.248136 0.126596
vt 0.272133 0.105324
vt 0.270391 0.102306
vt 0.265200 0.093315
vt 0.253699 0.104276
vt 0.263609 0.090558
vt 0.262340 1.040590
vt 0.235140 1.042746
vt 0.234205 1.040591
vt 0.261608 1.037755
vt 0.261793 1.035452
vt 0.262751 1.032354
vt 0.736534 0.090311
vt 0.735101 0.092793
vt 0.265777 0.055195
vt 0.237066 1.027403
vt 0.266406 0.046967
vt 0.267724 0.038774
vt 0.270331 0.028309
vt 0.273537 0.019269
vt 0.724953 0.110370
vt 0.720016 0.118921
vt 0.714759 0.128027
vt 0.708962 0.138066
vt 0.702915 0.148541
vt 0.685866 0.178071
vt 0.635809 0.217953
vt 0.700365 1.025641
vt 0.699896 1.028211
vt 0.699593 0.090774
vt 0.699068 0.091849
vt 0.697325 0.095423
vt 0.696772 0.096557
vt 0.696593 1.033593
vt 0.696398 1.034694
vt 0.696466 1.037161
vt 0.697185 1.040910
vt 0.301790 0.093608
vt 0.274687 0.109747
vt 0.300220 0.090390
vt 0.312343 0.081180
vt 0.294141 0.077926
vt 0.292746 0.075066
vt 0.292339 1.042639
vt 0.263176 1.042746
vt 0.291044 1.038324
vt 0.290957 1.037109
vt 0.291159 1.035418
vt 0.291994 1.032354
vt 0.707379 0.074809
vt 0.706123 0.077385
vt 0.293877 1.027403
vt 0.264899 1.027403
vt 0.294650 0.055073
vt 0.295199 0.046967
vt 0.296354 0.038774
vt 0.298640 0.028309
vt 0.301451 0.019269
vt 0.697226 0.095627
vt 0.692897 0.104502
vt 0.688288 0.113952
vt 0.683206 0.124371
vt 0.677904 0.135243
vt 0.662956 0.165889
vt 0.644721 0.184103
vt 0.621515 0.192637
vt 0.624586 0.203135
vt 0.671220 1.025641
vt 0.670820 1.028211
vt 0.699502 1.029438
vt 0.670483 1.029438
vt 0.670112 0.078958
vt 0.668317 0.083400
vt 0.668106 1.033175
vt 0.667852 1.034720
vt 0.667938 1.037829
vt 0.668503 1.040910
vt 0.330621 0.080772
vt 0.302459 0.094981
vt 0.329279 0.077452
vt 0.324085 0.064595
vt 0.322917 0.061703
vt 0.321942 1.040590
vt 0.321393 1.037757
vt 0.321531 1.035455
vt 0.322250 1.032354
vt 0.323859 1.027403
vt 0.324523 0.054932
vt 0.324989 0.046967
vt 0.325976 0.038774
vt 0.327929 0.028309
vt 0.331044 0.017165
vt 0.668537 0.082854
vt 0.664839 0.092009
vt 0.660900 0.101758
vt 0.656557 0.112506
vt 0.652026 0.123721
vt 0.639253 0.155336
vt 0.616164 0.168463
vt 0.641241 1.025639
vt 0.640757 1.028932
vt 0.640533 0.067483
vt 0.640237 0.068395
vt 0.639099 0.071898
vt 0.638771 0.072908
vt 0.638626 1.033404
vt 0.638446 1.034680
vt 0.638491 1.037120
vt 0.639000 1.040910
vt 0.360277 0.069978
vt 0.331137 0.082049
vt 0.359171 0.066572
vt 0.372451 0.059140
vt 0.388106 0.049063
vt 0.355561 0.055463
vt 0.353922 0.050418
vt 0.353118 1.040590
vt 0.322656 1.043003
vt 0.352666 1.037756
vt 0.352779 1.035455
vt 0.353372 1.032354
vt 0.354699 1.027403
vt 0.355244 0.055080
vt 0.355631 0.046967
vt 0.356446 0.038774
vt 0.358057 0.028309
vt 0.360626 0.017165
vt 0.638139 0.074851
vt 0.635977 0.081504
vt 0.632728 0.091505
vt 0.629146 0.102529
vt 0.625408 0.114033
vt 0.614871 0.146462
vt 0.564825 0.189309
vt 0.500612 0.497545
vt 0.610574 1.025642
vt 0.610220 1.028803
vt 0.610072 0.058526
vt 0.609824 0.059520
vt 0.608897 0.063237
vt 0.608640 0.064268
vt 0.608543 1.033296
vt 0.608397 1.034531
vt 0.608421 1.037117
vt 0.608820 1.040910
vt 0.609128 1.042502
vt 0.639393 1.042502
vt 0.389748 0.057804
vt 0.386393 0.044349
vt 0.354554 0.052362
vt 0.385639 0.041323
vt 0.385010 1.040590
vt 0.353707 1.043004
vt 0.384655 1.037768
vt 0.384742 1.035482
vt 0.385208 1.032354
vt 0.386248 1.027403
vt 0.386674 0.055079
vt 0.386977 0.046967
vt 0.387615 0.038774
vt 0.388876 0.028310
vt 0.390427 0.019270
vt 0.391854 0.012744
vt 0.608146 0.066250
vt 0.606453 0.073039
vt 0.603909 0.083241
vt 0.601105 0.094489
vt 0.598179 0.106225
vt 0.589930 0.139310
vt 0.573459 0.152674
vt 0.570994 0.163632
vt 0.568260 0.176897
vt 0.579369 1.025642
vt 0.579207 1.027946
vt 0.579008 1.029548
vt 0.578855 0.052791
vt 0.578031 0.057467
vt 0.577916 1.033236
vt 0.577827 1.034143
vt 0.578109 1.040910
vt 0.578330 1.042502
vt 0.420863 0.051191
vt 0.390614 0.061279
vt 0.420258 0.047758
vt 0.418455 0.037534
vt 0.417913 0.034463
vt 0.417462 1.040591
vt 0.385471 1.043004
vt 0.417207 1.037755
vt 0.417271 1.035452
vt 0.417604 1.032355
vt 0.418350 1.027403
vt 0.418657 0.055079
vt 0.418874 0.046967
vt 0.419332 0.038774
vt 0.420237 0.028310
vt 0.421350 0.019270
vt 0.422375 0.012744
vt 0.577625 0.059763
vt 0.576411 0.066653
vt 0.574585 0.077008
vt 0.572572 0.088424
vt 0.570471 0.100336
vt 0.564550 0.133915
vt 0.547776 1.025641
vt 0.547665 1.028209
vt 0.547559 1.029549
vt 0.547466 0.048396
vt 0.546977 0.053043
vt 0.546908 1.033176
vt 0.546839 1.034555
vt 0.577787 1.035830
vt 0.546854 1.037545
vt 0.577876 1.038413
vt 0.547018 1.040910
vt 0.547151 1.042502
vt 0.452363 0.046764
vt 0.421484 0.054717
vt 0.466904 0.042255
vt 0.484307 0.035654
vt 0.450913 0.032973
vt 0.435950 0.038308
vt 0.450587 0.029871
vt 0.450316 1.040591
vt 0.417793 1.043004
vt 0.450162 1.037755
vt 0.450201 1.035452
vt 0.450401 1.032355
vt 0.450850 1.027403
vt 0.451034 0.055196
vt 0.451166 0.046966
vt 0.451441 0.038774
vt 0.451986 0.028311
vt 0.452657 0.019270
vt 0.453273 0.012744
vt 0.546727 0.055420
vt 0.545996 0.062379
vt 0.544897 0.072836
vt 0.543685 0.084364
vt 0.542420 0.096393
vt 0.538856 0.130304
vt 0.524405 0.145830
vt 0.523490 0.157025
vt 0.520817 0.169524
vt 0.515978 0.179970
vt 0.519585 0.191786
vt 0.477198 0.408467
vt 0.499911 0.497479
vt 0.515952 1.025642
vt 0.515917 1.028079
vt 0.515879 1.029549
vt 0.515848 0.046185
vt 0.515687 0.050803
vt 0.515642 1.034194
vt 0.515641 1.037120
vt 0.515698 1.040910
vt 0.515743 1.042502
vt 0.484095 0.044545
vt 0.452737 0.050325
vt 0.483611 0.030686
vt 0.483502 0.027570
vt 0.483411 1.040591
vt 0.450515 1.043003
vt 0.483360 1.037755
vt 0.483373 1.035452
vt 0.483440 1.032355
vt 0.483590 1.027403
vt 0.483652 0.054932
vt 0.483696 0.046967
vt 0.483788 0.038774
vt 0.483970 0.028310
vt 0.484193 0.019270
vt 0.484399 0.012744
vt 0.515601 0.053244
vt 0.515357 0.060237
vt 0.514990 0.070745
vt 0.514585 0.082329
vt 0.514163 0.094417
vt 0.512973 0.128494
vt 0.484049 1.025642
vt 0.484070 1.027423
vt 0.484112 1.029228
vt 0.484132 0.045601
vt 0.484162 0.046460
vt 0.484291 0.050141
vt 0.484328 0.051203
vt 0.484344 1.033404
vt 0.484364 1.034694
vt 0.484359 1.037163
vt 0.484302 1.040910
vt 0.484257 1.042502
vt 0.515905 0.044545
vt 0.484220 0.048124
vt 0.516026 0.041062
vt 0.516389 0.030686
vt 0.516498 0.027570
vt 0.516588 1.040591
vt 0.483478 1.043002
vt 0.516639 1.037745
vt 0.516626 1.035418
vt 0.516560 1.032355
vt 0.516410 1.027403
vt 0.516349 0.055195
vt 0.516305 0.046968
vt 0.516213 0.038774
vt 0.516031 0.028310
vt 0.515807 0.019270
vt 0.515601 0.012744
vt 0.484399 0.053244
vt 0.484643 0.060237
vt 0.485010 0.070744
vt 0.485414 0.082330
vt 0.485836 0.094418
vt 0.487026 0.128494
vt 0.474877 0.145880
vt 0.475528 0.157093
vt 0.474412 0.171933
vt 0.452224 1.025643
vt 0.452354 1.028449
vt 0.452452 0.047613
vt 0.452548 0.048522
vt 0.452951 0.052360
vt 0.453060 0.053399
vt 0.453101 1.033291
vt 0.453168 1.034754
vt 0.453145 1.037577
vt 0.452982 1.040910
vt 0.452849 1.042502
vt 0.547612 0.047006
vt 0.515780 0.048124
vt 0.554002 0.044249
vt 0.601407 0.045194
vt 0.549086 0.032973
vt 0.533341 0.035080
vt 0.549412 0.029871
vt 0.549684 1.040591
vt 0.516522 1.043003
vt 0.549837 1.037754
vt 0.549799 1.035455
vt 0.549599 1.032354
vt 0.549149 1.027403
vt 0.548965 0.054930
vt 0.548835 0.046968
vt 0.548559 0.038774
vt 0.548014 0.028311
vt 0.547344 0.019270
vt 0.546728 0.012744
vt 0.453272 0.055420
vt 0.454004 0.062379
vt 0.455103 0.072836
vt 0.456315 0.084365
vt 0.457579 0.096394
vt 0.461143 0.130304
vt 0.451031 0.191359
vt 0.420632 1.025643
vt 0.420873 1.028635
vt 0.421031 0.052145
vt 0.421198 0.053089
vt 0.421970 0.057467
vt 0.422083 1.033235
vt 0.422174 1.034156
vt 0.422214 1.035807
vt 0.422030 1.039482
vt 0.421703 1.042294
vt 0.578841 0.052868
vt 0.547263 0.050325
vt 0.579410 0.049641
vt 0.581550 0.037506
vt 0.582087 0.034463
vt 0.582717 1.038905
vt 0.549485 1.043004
vt 0.582801 1.037063
vt 0.582577 1.033957
vt 0.581650 1.027403
vt 0.581341 0.054908
vt 0.580980 0.044022
vt 0.580480 0.036013
vt 0.579764 0.028310
vt 0.578650 0.019270
vt 0.577626 0.012744
vt 0.422374 0.059763
vt 0.423589 0.066653
vt 0.425415 0.077009
vt 0.427428 0.088425
vt 0.429528 0.100336
vt 0.435449 0.133915
vt 0.426188 0.152748
vt 0.428524 0.163734
vt 0.430878 0.174807
vt 0.421550 0.186229
vt 0.389668 1.028083
vt 0.389902 1.029438
vt 0.390142 0.059383
vt 0.391236 0.063770
vt 0.391552 1.034053
vt 0.609714 0.059962
vt 0.578397 0.055386
vt 0.610673 0.056114
vt 0.614243 0.041795
vt 0.614990 1.040587
vt 0.582207 1.043003
vt 0.615345 1.037729
vt 0.615252 1.035418
vt 0.614778 1.032282
vt 0.613752 1.027403
vt 0.613358 0.056394
vt 0.613075 0.048050
vt 0.612349 0.038391
vt 0.611071 0.027950
vt 0.609022 0.016730
vt 0.391854 0.066250
vt 0.393652 0.073461
vt 0.396208 0.083713
vt 0.399021 0.094998
vt 0.402004 0.106960
vt 0.410300 0.140235
vt 0.401903 0.201647
vt 0.499135 0.497626
vt 0.358759 1.025639
vt 0.389426 1.025641
vt 0.359084 1.028217
vt 0.359345 1.029359
vt 0.361109 0.072536
vt 0.361564 1.036399
vt 0.391581 1.037095
vt 0.639389 0.071006
vt 0.609214 0.061965
vt 0.639959 0.069251
vt 0.641098 0.065745
vt 0.662047 0.070225
vt 0.658638 0.061712
vt 0.644775 0.054429
vt 0.613524 0.044681
vt 0.645590 0.051921
vt 0.647333 1.037769
vt 0.647220 1.035454
vt 0.646628 1.032357
vt 0.645300 1.027403
vt 0.644750 0.054910
vt 0.644226 0.045243
vt 0.643369 0.037192
vt 0.641944 0.028309
vt 0.639375 0.017165
vt 0.364022 0.081505
vt 0.367272 0.091505
vt 0.370853 0.102529
vt 0.374591 0.114033
vt 0.385128 0.146462
vt 0.390229 0.162160
vt 0.382882 0.176786
vt 0.385820 0.189047
vt 0.329134 1.027969
vt 0.331683 0.083401
vt 0.359657 0.068067
vt 0.331894 1.033176
vt 0.361314 1.033115
vt 0.361500 1.034204
vt 0.332106 1.034142
vt 0.332193 1.035831
vt 0.331974 1.038576
vt 0.361277 1.039388
vt 0.331466 1.041045
vt 0.360762 1.041934
vt 0.669369 0.080798
vt 0.670721 0.077452
vt 0.675915 0.064595
vt 0.677083 0.061703
vt 0.677343 1.043004
vt 0.646521 1.042069
vt 0.678443 1.038905
vt 0.678604 1.036829
vt 0.678022 1.033415
vt 0.676141 1.027403
vt 0.675012 0.046967
vt 0.674025 0.038774
vt 0.672071 0.028309
vt 0.668957 0.017165
vt 0.335160 0.092009
vt 0.361860 0.074851
vt 0.339100 0.101759
vt 0.343442 0.112507
vt 0.347973 0.123721
vt 0.360746 0.155336
vt 0.355932 0.175537
vt 0.299636 1.025641
vt 0.300498 1.029438
vt 0.329517 1.029438
vt 0.303033 0.096157
vt 0.329888 0.078958
vt 0.303528 1.034142
vt 0.303629 1.035830
vt 0.303403 1.038413
vt 0.302815 1.040910
vt 0.697541 0.094981
vt 0.698210 0.093609
vt 0.699780 0.090390
vt 0.716414 0.095290
vt 0.703205 0.082179
vt 0.705859 0.077926
vt 0.707254 0.075066
vt 0.707531 1.043003
vt 0.708366 1.040590
vt 0.709009 1.037752
vt 0.706123 1.027403
vt 0.705354 0.055196
vt 0.675478 0.054933
vt 0.704802 0.046968
vt 0.703647 0.038774
vt 0.701361 0.028310
vt 0.698550 0.019270
vt 0.307102 0.104502
vt 0.331462 0.082855
vt 0.311712 0.113953
vt 0.316793 0.124372
vt 0.322096 0.135243
vt 0.337043 0.165889
vt 0.333596 0.194967
vt 0.346565 0.206563
vt 0.272001 1.028210
vt 0.300104 1.028211
vt 0.272946 0.106730
vt 0.300407 0.090774
vt 0.300932 0.091851
vt 0.275313 0.110830
vt 0.275888 1.034069
vt 0.303336 1.033329
vt 0.276023 1.035848
vt 0.275760 1.038440
vt 0.275101 1.040900
vt 0.725312 0.109747
vt 0.726076 0.108425
vt 0.727866 0.105324
vt 0.733707 0.095207
vt 0.735337 0.092383
vt 0.736391 0.090558
vt 0.736823 1.042746
vt 0.737660 1.040590
vt 0.738392 1.037760
vt 0.738207 1.035450
vt 0.708846 1.035450
vt 0.737249 1.032354
vt 0.708006 1.032355
vt 0.264899 0.092793
vt 0.292621 0.074809
vt 0.293877 0.077385
vt 0.735101 1.027403
vt 0.734216 0.054932
vt 0.733594 0.046967
vt 0.732276 0.038774
vt 0.729670 0.028310
vt 0.726463 0.019270
vt 0.276485 0.112862
vt 0.302174 0.094397
vt 0.304035 0.098213
vt 0.279984 0.118921
vt 0.285241 0.128027
vt 0.291037 0.138066
vt 0.297084 0.148540
vt 0.314133 0.178070
vt 0.498514 0.497956
vt 0.245097 1.028449
vt 0.271467 1.025641
vt 0.245551 0.122764
vt 0.272347 0.105693
vt 0.246235 0.123778
vt 0.248732 0.127480
vt 0.249106 1.033265
vt 0.249326 1.033921
vt 0.249508 1.035372
vt 0.249294 1.037970
vt 0.248498 1.040841
vt 0.751863 0.126597
vt 0.752840 0.125149
vt 0.754843 0.122180
vt 0.756791 0.119291
vt 0.759372 0.111591
vt 0.762597 0.110684
vt 0.764377 0.108046
vt 0.764860 1.042746
vt 0.765795 1.040590
vt 0.766614 1.037767
vt 0.766354 1.035280
vt 0.237066 0.110185
vt 0.263466 0.090311
vt 0.761948 0.055073
vt 0.761248 0.046967
vt 0.759774 0.038773
vt 0.756859 0.028309
vt 0.753273 0.019269
vt 0.247994 0.126387
vt 0.274362 0.109185
vt 0.253937 0.135197
vt 0.259817 0.143914
vt 0.266299 0.153524
vt 0.273062 0.163551
vt 0.292129 0.191820
vt 0.291620 0.212581
vt 0.306223 0.232595
vt 0.352920 0.214335
vt 0.218940 1.027285
vt 0.244412 1.025641
vt 0.220603 0.142388
vt 0.223362 0.145920
vt 0.223803 1.033333
vt 0.224088 1.034296
vt 0.224080 1.037124
vt 0.223152 1.040743
vt 0.777297 0.145076
vt 0.778372 0.143700
vt 0.780577 0.140877
vt 0.795830 0.149129
vt 0.798979 0.142404
vt 0.789115 0.129950
vt 0.791074 0.127442
vt 0.765317 0.106652
vt 0.792109 0.126118
vt 0.792635 1.040591
vt 0.793538 1.037748
vt 0.793302 1.035418
vt 0.792393 1.032891
vt 0.765115 1.031829
vt 0.210515 0.129476
vt 0.234985 0.107099
vt 0.788401 0.055073
vt 0.762934 1.027403
vt 0.787630 0.046967
vt 0.786007 0.038774
vt 0.782797 0.028309
vt 0.779641 0.020829
vt 0.229089 0.153251
vt 0.235562 0.161536
vt 0.242699 0.170671
vt 0.250146 0.180202
vt 0.271138 0.207071
vt 0.421737 0.446682
vt 0.323125 0.240215
vt 0.194164 1.025642
vt 0.218602 1.025642
vt 0.194896 1.028282
vt 0.219397 1.028602
vt 0.196338 0.162749
vt 0.219751 0.141298
vt 0.199281 0.166017
vt 0.200098 1.034206
vt 0.200117 1.037127
vt 0.199108 1.040742
vt 0.801334 0.165335
vt 0.802548 0.163986
vt 0.804945 0.161324
vt 0.833864 0.176876
vt 0.814224 0.151019
vt 0.816353 0.148654
vt 0.817775 0.147075
vt 0.818050 1.040591
vt 0.819031 1.037756
vt 0.818783 1.035452
vt 0.817787 1.032891
vt 0.185374 0.150572
vt 0.208147 0.126445
vt 0.813448 0.055072
vt 0.789485 1.027403
vt 0.812610 0.046967
vt 0.810846 0.038774
vt 0.807358 0.028310
vt 0.804541 0.021997
vt 0.198205 0.164824
vt 0.221151 0.143090
vt 0.224781 0.147737
vt 0.205561 0.172993
vt 0.212597 0.180807
vt 0.220353 0.189422
vt 0.228447 0.198411
vt 0.251262 0.223749
vt 0.262307 0.236016
vt 0.261546 0.252364
vt 0.298329 0.221589
vt 0.263974 0.268634
vt 0.265439 0.279474
vt 0.171857 1.027927
vt 0.173290 0.184500
vt 0.195445 0.161758
vt 0.176202 0.187312
vt 0.177120 0.188198
vt 0.199847 0.166646
vt 0.177447 1.033696
vt 0.177734 1.035917
vt 0.177011 1.039596
vt 0.176354 1.041135
vt 0.824747 0.186395
vt 0.827827 0.183421
vt 0.841783 0.193716
vt 0.837802 0.173788
vt 0.840091 0.171578
vt 0.841619 0.170102
vt 0.842053 1.040340
vt 0.842970 1.037756
vt 0.842704 1.035452
vt 0.841766 1.033135
vt 0.161765 0.173370
vt 0.182664 0.147562
vt 0.836968 0.055073
vt 0.814626 1.027403
vt 0.836067 0.046968
vt 0.834171 0.038775
vt 0.830421 0.028310
vt 0.174192 0.185372
vt 0.194274 0.160458
vt 0.183467 0.194328
vt 0.191031 0.201633
vt 0.199370 0.209686
vt 0.208071 0.218088
vt 0.232598 0.241773
vt 0.236415 0.262187
vt 0.498061 0.498374
vt 1.025641 0.206204
vt 1.025641 0.182495
vt 1.027927 0.183116
vt 0.151335 0.207436
vt 0.172270 0.183515
vt 0.155836 0.211212
vt 1.034143 0.211911
vt 1.033696 0.188514
vt 1.035917 0.188791
vt 1.035968 0.212048
vt 1.039389 0.211441
vt 1.041135 0.187459
vt 1.041312 0.210710
vt 0.845832 0.209813
vt 0.849112 0.207060
vt 0.858061 0.199551
vt 0.860558 0.197456
vt 0.862172 0.196101
vt 0.863800 0.194735
vt -0.040590 0.194471
vt -0.037756 0.168798
vt -0.037757 0.193529
vt -0.035452 0.193767
vt -0.035452 0.169055
vt -0.032891 0.194724
vt -0.033135 0.169961
vt 0.139804 0.197760
vt 0.158852 0.170557
vt 0.944805 0.198888
vt -0.027403 0.173370
vt 0.944927 0.174595
vt 0.953033 0.199698
vt 0.953032 0.175464
vt 0.961225 0.201392
vt 0.961226 0.177295
vt 0.971691 0.204744
vt 0.971690 0.180917
vt 0.979172 0.208039
vt 0.978003 0.183841
vt 0.157556 0.212656
vt 0.178434 0.189468
vt 0.162915 0.217153
vt 0.170970 0.223912
vt 0.179850 0.231363
vt 0.189116 0.239138
vt 0.215236 0.261055
vt 0.223914 0.289021
vt 1.028086 0.231920
vt 1.028331 0.206932
vt 0.132561 0.233040
vt 0.152356 0.208292
vt 0.135835 0.235418
vt 1.033609 0.236408
vt 1.033361 0.211646
vt 1.035200 0.236684
vt 1.037971 0.236474
vt 0.864386 0.235258
vt 0.865798 0.234232
vt 0.868696 0.232127
vt 0.881082 0.244262
vt 0.876574 0.223726
vt 0.879914 0.223976
vt 0.882489 0.222105
vt 0.883849 0.221117
vt -0.040591 0.220614
vt -0.037755 0.219753
vt -0.035452 0.219971
vt -0.032355 0.221097
vt 0.119599 0.223622
vt 0.136702 0.195157
vt -0.027403 0.223622
vt 0.945068 0.224664
vt 0.953034 0.225394
vt 0.961226 0.226943
vt 0.971691 0.230008
vt 0.979172 0.233022
vt 0.135409 0.235109
vt 0.153039 0.208865
vt 0.144006 0.241356
vt 0.152512 0.247536
vt 0.161891 0.254350
vt 0.171675 0.261459
vt 0.199261 0.281501
vt 0.226452 0.314997
vt 0.236831 0.321439
vt 0.273093 0.284222
vt 1.027954 0.258277
vt 1.025641 0.231343
vt 0.114834 0.259321
vt 0.131490 0.232261
vt 0.118872 0.261845
vt 0.136884 0.236181
vt 1.034204 0.262492
vt 1.037121 0.262508
vt 1.040841 0.235638
vt 1.040869 0.261654
vt 0.882152 0.261205
vt 0.883447 0.260396
vt 0.886484 0.258498
vt 0.903253 0.266226
vt 0.898243 0.251150
vt 0.900942 0.249464
vt -0.042746 0.249005
vt -0.040591 0.248120
vt -0.037753 0.247343
vt -0.035452 0.247539
vt -0.032355 0.248554
vt 0.101246 0.250831
vt 0.116487 0.221361
vt 0.944926 0.251765
vt 0.953032 0.252428
vt 0.961226 0.253825
vt 0.971691 0.256588
vt 0.980731 0.259986
vt 0.126831 0.266819
vt 0.135748 0.272390
vt 0.145579 0.278534
vt 0.155835 0.284943
vt 0.184752 0.303012
vt 0.192731 0.322185
vt 0.216466 0.367117
vt 0.497728 0.498893
vt 1.025641 0.285420
vt 1.025641 0.257792
vt 1.029209 0.286247
vt 1.029209 0.258724
vt 0.102556 0.288675
vt 1.033593 0.289460
vt 1.033202 0.262214
vt 1.035198 0.289686
vt 1.038002 0.289513
vt 1.040910 0.288825
vt 0.897879 0.288444
vt 0.899226 0.287727
vt 0.902388 0.286046
vt 0.905465 0.284410
vt 0.924232 0.310547
vt 0.914632 0.279536
vt 0.917442 0.278042
vt -0.042746 0.277636
vt -0.040591 0.276851
vt -0.037751 0.276163
vt -0.035451 0.276337
vt -0.032355 0.277237
vt 0.084836 0.279253
vt 0.098816 0.249312
vt 0.944927 0.280081
vt -0.027403 0.250831
vt 0.953031 0.280669
vt 0.961225 0.281906
vt 0.971691 0.284354
vt 0.980731 0.287365
vt 0.102756 0.288782
vt 0.116354 0.260272
vt 0.120898 0.263111
vt 0.111474 0.293417
vt 0.120758 0.298354
vt 0.130994 0.303796
vt 0.141673 0.309475
vt 0.171779 0.325482
vt 0.199074 0.363317
vt 0.202524 0.327686
vt 0.204159 0.373001
vt 1.027308 0.314322
vt 1.028086 0.285881
vt 1.029022 0.314756
vt 0.089522 0.317243
vt 0.098983 0.286775
vt 0.103670 0.289268
vt 1.034347 0.317728
vt 1.037123 0.317714
vt 1.040910 0.317044
vt 0.911803 0.316653
vt 0.913061 0.316093
vt 0.916333 0.314637
vt 0.925926 0.329083
vt 0.929001 0.308996
vt 0.931908 0.307702
vt -0.043003 0.307446
vt -0.040590 0.306670
vt -0.037752 0.306074
vt -0.035452 0.306225
vt -0.032354 0.307004
vt 0.070449 0.308752
vt 0.082306 0.277908
vt 0.944928 0.309469
vt -0.027403 0.279253
vt 0.953032 0.309978
vt 0.961226 0.311050
vt 0.971691 0.313171
vt 0.980731 0.315779
vt 0.098010 0.321023
vt 0.107616 0.325300
vt 0.118206 0.330015
vt 0.129254 0.334934
vt 0.160404 0.348803
vt 0.175890 0.364486
vt 1.025641 0.343674
vt 1.028086 0.344010
vt 0.073230 0.344668
vt 0.084447 0.314984
vt 0.085418 0.315416
vt 0.077643 0.346275
vt 1.034410 0.346722
vt 1.037578 0.346690
vt 1.040910 0.346155
vt 0.923590 0.345826
vt 0.924884 0.345355
vt 0.928249 0.344130
vt 0.939227 0.340135
vt 0.942290 0.339020
vt 0.944209 0.338321
vt -0.043003 0.338083
vt -0.040590 0.337431
vt -0.037770 0.336930
vt -0.035482 0.337053
vt -0.032355 0.337712
vt -0.027403 0.339181
vt -0.027403 0.308752
vt 0.944928 0.339785
vt 0.953033 0.340213
vt 0.961226 0.341114
vt 0.971692 0.342898
vt 0.982835 0.345741
vt 0.077226 0.346123
vt 0.087739 0.316450
vt 0.091619 0.318177
vt 0.086504 0.349500
vt 0.096385 0.353097
vt 0.107278 0.357061
vt 0.118643 0.361198
vt 0.150684 0.372860
vt 1.028210 0.374310
vt 1.029360 0.344323
vt 0.067304 0.375926
vt 1.033404 0.376349
vt 1.033110 0.346500
vt 1.037117 0.376468
vt 1.040910 0.376015
vt 1.042502 0.345719
vt 1.042502 0.375664
vt 0.934636 0.375370
vt 0.938078 0.374383
vt 0.945568 0.390024
vt 0.948355 0.369183
vt 0.951409 0.370561
vt 0.954406 0.369701
vt -0.043002 0.369509
vt -0.040591 0.368984
vt -0.037758 0.368580
vt -0.035456 0.368682
vt -0.032355 0.369210
vt -0.027403 0.370395
vt 0.944928 0.370881
vt 0.953031 0.371226
vt 0.961227 0.371952
vt 0.971691 0.373390
vt 0.980731 0.375157
vt 0.077013 0.378711
vt 0.087121 0.381609
vt 0.098265 0.384805
vt 0.109890 0.388138
vt 0.142667 0.397537
vt 0.155622 0.413768
vt 0.177233 0.428869
vt 0.173200 0.393296
vt 0.193226 0.437256
vt 0.497524 0.499474
vt 1.028210 0.405193
vt 1.025641 0.374015
vt 1.029548 0.405402
vt 1.029438 0.374558
vt 0.060399 0.406560
vt 0.063483 0.374831
vt 0.068326 0.376219
vt 1.034333 0.406827
vt 1.034680 0.376509
vt 1.037092 0.406822
vt 1.040910 0.406478
vt 1.042502 0.406214
vt 0.942271 0.405992
vt 0.945774 0.405248
vt 0.958890 0.418245
vt 0.959339 0.402364
vt 0.962388 0.401716
vt -0.043002 0.401572
vt -0.040591 0.401176
vt -0.038092 0.400878
vt -0.033958 0.401129
vt -0.027403 0.402239
vt 0.944927 0.402606
vt 0.953032 0.402866
vt 0.961226 0.403414
vt 0.971691 0.404499
vt 0.980731 0.405832
vt 0.987255 0.407058
vt 0.987255 0.376782
vt 0.069583 0.408512
vt 0.070288 0.376782
vt 0.079868 0.410699
vt 0.091207 0.413109
vt 0.103038 0.415623
vt 0.136390 0.422713
vt 0.157181 0.443332
vt 0.404698 0.503281
vt 1.028449 0.436562
vt 1.025642 0.404971
vt 0.054911 0.437447
vt 0.055815 0.405586
vt 1.034208 0.437623
vt 1.037124 0.437627
vt 1.040910 0.437398
vt 1.042502 0.437221
vt 0.947751 0.437073
vt 0.951298 0.436574
vt 0.954749 0.436089
vt 0.963455 0.467077
vt 0.965031 0.434644
vt 0.968118 0.434210
vt -0.043003 0.434114
vt -0.040591 0.433848
vt -0.037755 0.433644
vt -0.035249 0.433711
vt -0.036708 0.400866
vt -0.027403 0.434561
vt 0.944805 0.434805
vt 0.953033 0.434980
vt 0.961226 0.435347
vt 0.971691 0.436073
vt 0.980730 0.436965
vt 0.987255 0.437786
vt 0.064250 0.438760
vt 0.062740 0.407058
vt 0.074662 0.440223
vt 0.086142 0.441836
vt 0.098119 0.443520
vt 0.131885 0.448265
vt 1.028210 0.468191
vt 1.025644 0.436389
vt 0.047014 0.468324
vt 0.049548 0.436693
vt 0.050453 0.436820
vt 0.051632 0.468647
vt 1.034217 0.468736
vt 1.033110 0.437539
vt 1.037162 0.468737
vt 1.040910 0.468623
vt 1.042502 0.468534
vt 0.951050 0.468459
vt 0.954623 0.468210
vt 0.958697 0.485061
vt 0.968457 0.467242
vt 0.971567 0.467025
vt -0.043003 0.466976
vt -0.040591 0.466843
vt -0.037754 0.466741
vt -0.035452 0.466767
vt -0.032355 0.466901
vt -0.031829 0.434018
vt -0.027403 0.467200
vt 0.945067 0.467324
vt 0.953033 0.467411
vt 0.961226 0.467595
vt 0.971691 0.467958
vt 0.980730 0.468406
vt 0.987255 0.468817
vt 0.061040 0.469305
vt 0.057321 0.437786
vt 0.071529 0.470039
vt 0.083093 0.470847
vt 0.095158 0.471691
vt 0.129172 0.474070
vt 0.145219 0.487251
vt 0.169981 0.488068
vt 0.184220 0.437284
vt 0.181918 0.493019
vt 0.497483 0.500176
vt 1.027955 0.500000
vt 1.025642 0.468117
vt 1.029433 0.500000
vt 1.029548 0.468261
vt 0.050165 0.500000
vt 1.033478 0.500000
vt 1.033110 0.468693
vt 1.035198 0.500000
vt 1.038003 0.500000
vt 1.040910 0.500000
vt 1.042502 0.500000
vt 0.952152 0.500000
vt 0.955733 0.500000
vt 0.965857 0.515443
vt 0.969601 0.500000
vt 0.972718 0.500000
vt -0.043002 0.500000
vt -0.040590 0.500000
vt -0.037758 0.500000
vt -0.035451 0.500000
vt -0.032355 0.500000
vt -0.027403 0.500000
vt 0.944927 0.500000
vt 0.953033 0.500000
vt 0.961226 0.500000
vt 0.971692 0.500000
vt 0.980731 0.500000
vt 0.987255 0.500000
vt 0.059967 0.500000
vt 0.054060 0.468817
vt 0.070482 0.500000
vt 0.082075 0.500000
vt 0.094170 0.500000
vt 0.128267 0.500000
vt 0.183289 0.534712
vt 1.025642 0.531883
vt 1.025641 0.500000
vt 1.027943 0.531818
vt 0.051673 0.531350
vt 0.045863 0.500000
vt 0.051053 0.500000
vt 1.034348 0.531260
vt 1.037123 0.531263
vt 1.040910 0.531377
vt 1.042502 0.531466
vt 0.951051 0.531541
vt 0.954623 0.531790
vt 0.958099 0.532033
vt 0.960330 0.563627
vt 0.968457 0.532758
vt 0.971566 0.532975
vt -0.043002 0.533024
vt -0.040591 0.533157
vt -0.037760 0.533259
vt -0.035452 0.533233
vt -0.032354 0.533099
vt -0.027403 0.532800
vt 0.944927 0.532677
vt 0.953032 0.532590
vt 0.961225 0.532406
vt 0.971691 0.532042
vt 0.982835 0.531462
vt 0.061039 0.530695
vt 0.052971 0.500000
vt 0.071529 0.529962
vt 0.083093 0.529153
vt 0.095159 0.528310
vt 0.129173 0.525931
vt 0.152148 0.524325
vt 0.156448 0.487511
vt 0.170370 0.523050
vt 1.029420 0.563339
vt 1.029548 0.531739
vt 0.054914 0.562553
vt 0.047015 0.531676
vt 1.033153 0.562457
vt 1.034570 0.562362
vt 1.037160 0.562366
vt 1.039984 0.562519
vt 1.042174 0.562738
vt 0.947080 0.562833
vt 0.949612 0.563189
vt 0.952356 0.563574
vt 0.953083 0.575011
vt 0.965030 0.565356
vt 0.968118 0.565790
vt -0.042639 0.565928
vt -0.037849 0.566350
vt -0.035452 0.566304
vt -0.032354 0.566037
vt -0.027403 0.565439
vt 0.944927 0.565194
vt 0.953032 0.565020
vt 0.961225 0.564653
vt 0.971690 0.563928
vt 0.980731 0.563035
vt 0.064249 0.561241
vt 0.054060 0.531183
vt 0.074663 0.559777
vt 0.086142 0.558164
vt 0.098119 0.556481
vt 0.131884 0.551736
vt 0.150321 0.561293
vt 0.174712 0.556943
vt 1.028301 0.594788
vt 1.025644 0.563611
vt 1.028197 0.563467
vt 0.060013 0.593522
vt 0.050272 0.563205
vt 0.060871 0.593340
vt 1.033349 0.593274
vt 1.037400 0.593179
vt 1.040550 0.593477
vt 1.042502 0.593786
vt 0.941933 0.593936
vt 0.944499 0.594481
vt 0.947343 0.595086
vt 0.954405 0.605874
vt 0.959957 0.597767
vt 0.962419 0.598290
vt -0.043003 0.598428
vt -0.040591 0.598824
vt -0.037769 0.599129
vt -0.035319 0.599037
vt -0.027403 0.597761
vt 0.944594 0.597400
vt 0.952931 0.597139
vt 0.961015 0.596604
vt 0.971529 0.595522
vt 0.980731 0.594169
vt 0.987255 0.592943
vt 0.987255 0.562215
vt 0.069582 0.591488
vt 0.057322 0.562215
vt 0.079868 0.589302
vt 0.091207 0.586892
vt 0.103039 0.584377
vt 0.136389 0.577288
vt 0.191284 0.581374
vt 1.025642 0.595029
vt 1.027948 0.625727
vt 0.068009 0.623872
vt 0.055944 0.594387
vt 1.034132 0.623538
vt 1.034847 0.593151
vt 1.035992 0.623479
vt 1.039265 0.623718
vt 1.041861 0.624182
vt 0.933928 0.624427
vt 0.936314 0.625111
vt 0.940015 0.626172
vt 0.938238 0.659497
vt 0.951753 0.629538
vt 0.954630 0.630363
vt -0.042480 0.630609
vt -0.037821 0.631411
vt -0.035871 0.631369
vt -0.033439 0.630995
vt -0.027403 0.629605
vt -0.031885 0.598580
vt 0.944927 0.629120
vt 0.954203 0.628686
vt 0.982334 0.624438
vt 0.076591 0.621411
vt 0.062740 0.592943
vt 0.086647 0.618527
vt 0.097748 0.615344
vt 0.109279 0.612038
vt 0.141711 0.602738
vt 0.163816 0.596400
vt 0.161358 0.559211
vt 0.185673 0.602030
vt 0.497695 0.501026
vt 1.025640 0.656326
vt 1.028319 0.655941
vt 1.029438 0.655653
vt 1.029438 0.625442
vt 0.073268 0.655318
vt 0.077685 0.653710
vt 1.033176 0.653483
vt 1.034143 0.653289
vt 1.035833 0.653210
vt 1.038801 0.653444
vt 1.041289 0.653932
vt 0.924883 0.654645
vt 0.928249 0.655870
vt 0.941280 0.660613
vt 0.944210 0.661679
vt -0.040590 0.662569
vt -0.036708 0.663079
vt -0.033958 0.662645
vt -0.027403 0.660819
vt 0.945067 0.660213
vt 0.953033 0.659788
vt 0.961227 0.658886
vt 0.963526 0.627786
vt 0.971691 0.657103
vt 0.980731 0.654910
vt 0.987255 0.652893
vt 0.079930 0.652893
vt 0.086504 0.650501
vt 0.096385 0.646904
vt 0.107279 0.642939
vt 0.118643 0.638803
vt 0.150687 0.627140
vt 0.170975 0.633322
vt 0.181438 0.629238
vt 0.209856 0.627870
vt 0.425621 0.558624
vt 1.025639 0.685906
vt 1.028803 0.685310
vt 0.084200 0.685126
vt 0.085283 0.684644
vt 0.089433 0.682796
vt 1.037087 0.682284
vt 1.040910 0.682956
vt 0.913061 0.683907
vt 0.923590 0.654174
vt 0.916332 0.685363
vt 0.929001 0.691004
vt 0.931908 0.692298
vt -0.042639 0.692675
vt -0.043003 0.661917
vt -0.038313 0.693878
vt -0.038091 0.663059
vt -0.037095 0.693958
vt -0.035418 0.693770
vt -0.032354 0.692996
vt -0.027403 0.691248
vt 0.944805 0.690535
vt 0.953033 0.690023
vt 0.961226 0.688951
vt 0.971691 0.686830
vt 0.980731 0.684222
vt 0.087740 0.683550
vt 0.091619 0.681823
vt 0.098010 0.678978
vt 0.107617 0.674700
vt 0.118207 0.669986
vt 0.129256 0.665066
vt 0.160406 0.651197
vt 0.203367 0.645132
vt 1.027683 0.714197
vt 0.097989 0.713753
vt 0.099047 0.713191
vt 0.103271 0.710945
vt 1.033320 0.710620
vt 1.033111 0.682544
vt 1.034192 0.682299
vt 1.040715 0.711119
vt 0.899226 0.712273
vt 0.911803 0.683347
vt 0.902388 0.713953
vt 0.897995 0.728530
vt 0.925926 0.670916
vt 0.884733 0.760740
vt 0.914632 0.720464
vt 0.918578 0.705075
vt 0.917442 0.721958
vt -0.040592 0.723148
vt -0.037756 0.723837
vt -0.035456 0.723664
vt -0.032355 0.722763
vt 0.082306 0.722092
vt 0.070449 0.691248
vt 0.084836 0.720746
vt -0.027403 0.720746
vt 0.945067 0.719915
vt 0.953032 0.719332
vt 0.961226 0.718094
vt 0.971691 0.715646
vt 0.980731 0.712636
vt 0.101548 0.711861
vt 0.105297 0.709868
vt 0.111475 0.706583
vt 0.120758 0.701647
vt 0.130994 0.696204
vt 0.141675 0.690525
vt 0.171780 0.674518
vt 0.192731 0.677815
vt 0.196276 0.661493
vt 0.229992 0.668235
vt 0.113796 0.741327
vt 0.114895 0.740640
vt 0.118265 0.738534
vt 0.119365 0.737847
vt 1.033593 0.737649
vt 1.034567 0.710368
vt 1.035197 0.737393
vt 1.037385 0.710409
vt 1.037603 0.737515
vt 1.040483 0.738226
vt 0.883446 0.739604
vt 0.897879 0.711556
vt 0.886483 0.741501
vt 0.898244 0.748850
vt 0.900942 0.750536
vt -0.040591 0.751880
vt -0.042746 0.722364
vt -0.037768 0.752657
vt -0.035482 0.752467
vt -0.032355 0.751446
vt 0.098816 0.750688
vt 0.101246 0.749169
vt 0.944805 0.748239
vt 0.953032 0.747572
vt 0.961226 0.746175
vt 0.971690 0.743412
vt 0.980732 0.740014
vt 0.117819 0.738813
vt 0.126831 0.733182
vt 0.135748 0.727610
vt 0.145580 0.721467
vt 0.155838 0.715057
vt 0.184752 0.696989
vt 0.215269 0.692646
vt 0.219775 0.675104
vt 1.025644 0.742208
vt 1.027926 0.768119
vt 1.028208 0.741643
vt 0.131569 0.767681
vt 0.132619 0.766918
vt 0.136413 0.764162
vt 1.033265 0.763721
vt 1.034207 0.763443
vt 1.036371 0.763318
vt 1.038761 0.763683
vt 0.865798 0.765768
vt 0.882151 0.738794
vt 0.868695 0.767873
vt 0.862316 0.781696
vt 0.879915 0.776024
vt 0.882760 0.778091
vt -0.042433 0.778550
vt -0.042746 0.750995
vt -0.038325 0.780177
vt -0.037108 0.780293
vt -0.035418 0.780022
vt -0.032355 0.778903
vt 0.116487 0.778639
vt 0.119599 0.776378
vt -0.027403 0.776378
vt 0.945067 0.775337
vt 0.953033 0.774606
vt 0.961226 0.773057
vt 0.971691 0.769992
vt 0.979173 0.766979
vt 0.135409 0.764891
vt 0.144006 0.758645
vt 0.152513 0.752465
vt 0.161891 0.745651
vt 0.171676 0.738541
vt 0.199262 0.718500
vt 0.220469 0.718849
vt 0.240023 0.703634
vt 0.253725 0.702717
vt 0.498061 0.501627
vt 1.025641 0.793796
vt 1.027925 0.793208
vt 0.151029 0.792821
vt 0.152133 0.791895
vt 0.155829 0.788794
vt 1.034562 0.788030
vt 1.037216 0.788054
vt 1.040413 0.788925
vt 0.846368 0.790637
vt 0.864386 0.764742
vt 0.849111 0.792939
vt 0.859735 0.801853
vt 0.862173 0.803899
vt -0.040591 0.805529
vt -0.035455 0.806234
vt -0.032891 0.805276
vt 0.136702 0.804843
vt 0.139804 0.802240
vt 0.944804 0.801112
vt 0.953032 0.800303
vt 0.961227 0.798608
vt 0.971691 0.795257
vt 0.979171 0.791962
vt 0.153038 0.791136
vt 0.157556 0.787345
vt 0.162915 0.782848
vt 0.170971 0.776088
vt 0.179851 0.768637
vt 0.189116 0.760863
vt 0.215236 0.738946
vt 0.244852 0.730398
vt 1.027691 0.816969
vt 0.172203 0.816550
vt 0.173234 0.815554
vt 0.176201 0.812689
vt 0.177170 0.811753
vt 1.033659 0.811494
vt 1.034694 0.811219
vt 1.037163 0.811328
vt 0.825251 0.814091
vt 0.844978 0.789471
vt 0.827827 0.816579
vt 0.819584 0.829380
vt 0.797960 0.856686
vt 0.837802 0.826212
vt 0.845836 0.812506
vt 0.840091 0.828422
vt 0.841619 0.829898
vt 0.863799 0.805264
vt -0.037770 0.831202
vt -0.037754 0.806471
vt -0.035482 0.830953
vt -0.033135 0.830040
vt 0.158852 0.829443
vt 0.161765 0.826630
vt -0.027403 0.826630
vt 0.945067 0.825400
vt 0.953032 0.824536
vt 0.961226 0.822705
vt 0.971691 0.819083
vt 0.978003 0.816159
vt 0.174193 0.814629
vt 0.178434 0.810533
vt 0.183467 0.805672
vt 0.191031 0.798368
vt 0.199370 0.790315
vt 0.208071 0.781913
vt 0.232598 0.758228
vt 0.253647 0.755622
vt 0.270894 0.737835
vt 0.286946 0.734825
vt 0.805837 1.025641
vt 0.828231 1.027691
vt 0.805258 1.027858
vt 0.195178 0.838539
vt 0.196143 0.837468
vt 0.199002 0.834292
vt 0.199730 0.833484
vt 0.800082 1.033579
vt 0.822277 1.034694
vt 0.799757 1.035198
vt 0.822389 1.037163
vt 0.800892 1.040743
vt 0.823422 1.040656
vt 0.802549 0.836014
vt 0.823945 0.812830
vt 0.804945 0.838675
vt 0.814224 0.848981
vt 0.816353 0.851346
vt 0.817774 0.852924
vt 0.180969 1.037751
vt 0.157947 1.040340
vt 0.157031 1.037770
vt 0.157288 1.035482
vt 0.181217 1.035452
vt 0.158234 1.033135
vt 0.182213 1.032890
vt 0.182663 0.852438
vt 0.185373 0.849428
vt 0.186548 0.055196
vt 0.161765 1.027403
vt 0.163039 0.054933
vt 0.163933 0.046968
vt 0.187390 0.046967
vt 0.165829 0.038774
vt 0.189154 0.038774
vt 0.169580 0.028309
vt 0.192643 0.028310
vt 0.194275 0.839543
vt 0.196934 0.836589
vt 0.200879 0.832207
vt 0.205561 0.827008
vt 0.212596 0.819194
vt 0.220354 0.810579
vt 0.228446 0.801591
vt 0.251262 0.776252
vt 0.279400 0.763666
vt 0.498514 0.502045
vt 0.781398 1.025641
vt 0.780754 1.028184
vt 0.219536 0.858978
vt 0.220423 0.857842
vt 0.223129 0.854379
vt 0.223701 0.853646
vt 0.775995 1.034017
vt 0.775919 1.037122
vt 0.800004 1.038003
vt 0.776848 1.040742
vt 0.778372 0.856301
vt 0.801334 0.834665
vt 0.780577 0.859122
vt 0.770633 0.870652
vt 0.789115 0.870050
vt 0.791074 0.872558
vt 0.792109 0.873882
vt 0.206463 1.037758
vt 0.181950 1.040591
vt 0.206690 1.035452
vt 0.207607 1.032890
vt 0.208147 0.873555
vt 0.210515 0.870524
vt 0.210515 1.027403
vt 0.185373 1.027403
vt 0.211600 0.055073
vt 0.212371 0.046967
vt 0.213993 0.038774
vt 0.217203 0.028309
vt 0.195459 0.021997
vt 0.220359 0.020829
vt 0.221151 0.856911
vt 0.224782 0.852264
vt 0.229089 0.846751
vt 0.235562 0.838465
vt 0.242700 0.829330
vt 0.250146 0.819799
vt 0.271138 0.792930
vt 0.281301 0.779922
vt 0.306224 0.767405
vt 0.319141 0.762746
vt 0.755588 1.025641
vt 0.755066 1.027947
vt 0.245341 0.877548
vt 0.246066 0.876472
vt 0.248456 0.872930
vt 0.249046 0.872054
vt 0.750812 1.033502
vt 0.750612 1.037116
vt 0.751513 1.040869
vt 0.752840 0.874851
vt 0.777298 0.854925
vt 0.754842 0.877819
vt 0.762597 0.889316
vt 0.764377 0.891954
vt 0.765317 0.893348
vt 0.233386 1.037760
vt 0.207364 1.040590
vt 0.233593 1.035451
vt 0.234664 1.032354
vt 0.234916 0.893004
vt 0.237066 0.889815
vt 0.237066 1.027403
vt 0.238052 0.055073
vt 0.238752 0.046968
vt 0.240226 0.038774
vt 0.243141 0.028309
vt 0.246727 0.019269
vt 0.247028 0.875046
vt 0.250025 0.870604
vt 0.253937 0.864803
vt 0.259817 0.856087
vt 0.266299 0.846476
vt 0.273063 0.836449
vt 0.292130 0.808180
vt 0.312177 0.801255
vt 0.307644 0.785179
vt 0.728533 1.025639
vt 0.727812 1.028793
vt 0.272525 0.893998
vt 0.273092 0.893017
vt 0.275329 0.889141
vt 0.724337 1.033267
vt 0.724037 1.034719
vt 0.724152 1.037830
vt 0.724889 1.040870
vt 0.726076 0.891575
vt 0.751864 0.873404
vt 0.727866 0.894676
vt 0.729609 0.897694
vt 0.703199 0.917818
vt 0.734800 0.906686
vt 0.746301 0.895726
vt 0.736391 0.909442
vt 0.262341 1.040591
vt 0.235140 1.042746
vt 0.234205 1.040590
vt 0.261608 1.037758
vt 0.261793 1.035452
vt 0.262751 1.032354
vt 0.263466 0.909689
vt 0.264899 0.907207
vt 0.264899 1.027403
vt 0.265780 0.055073
vt 0.266406 0.046968
vt 0.267724 0.038774
vt 0.270331 0.028309
vt 0.273537 0.019269
vt 0.275047 0.889630
vt 0.279984 0.881080
vt 0.285241 0.871973
vt 0.291037 0.861934
vt 0.297085 0.851459
vt 0.314134 0.821930
vt 0.339040 0.803770
vt 0.342159 0.785007
vt 0.374625 0.785414
vt 0.474095 0.591812
vt 0.700364 1.025641
vt 0.699955 1.027947
vt 0.300407 0.909226
vt 0.300932 0.908150
vt 0.302868 0.904181
vt 0.303248 0.903401
vt 0.696522 1.034006
vt 0.696463 1.037117
vt 0.697185 1.040910
vt 0.698210 0.906391
vt 0.725312 0.890252
vt 0.699780 0.909610
vt 0.687657 0.918820
vt 0.705859 0.922074
vt 0.707254 0.924934
vt 0.291188 1.038928
vt 0.263177 1.042746
vt 0.292621 0.925191
vt 0.293877 0.922615
vt 0.293877 1.027403
vt 0.294650 0.055073
vt 0.295198 0.046968
vt 0.296354 0.038774
vt 0.298639 0.028309
vt 0.301450 0.019269
vt 0.302774 0.904373
vt 0.307102 0.895499
vt 0.311712 0.886048
vt 0.316794 0.875629
vt 0.322096 0.864758
vt 0.337043 0.834112
vt 0.355932 0.824464
vt 0.366054 0.801850
vt 0.499135 0.502375
vt 0.671220 1.025641
vt 0.670870 1.027947
vt 0.699502 1.029438
vt 0.670483 1.029438
vt 0.329888 0.921042
vt 0.331489 0.917079
vt 0.331854 0.916175
vt 0.668058 1.033351
vt 0.667830 1.035009
vt 0.668503 1.040911
vt 0.669379 0.919228
vt 0.697541 0.905019
vt 0.670720 0.922548
vt 0.675097 0.933381
vt 0.677083 0.938296
vt 0.321943 1.040591
vt 0.292469 1.043002
vt 0.321393 1.037755
vt 0.290970 1.037099
vt 0.321532 1.035452
vt 0.291526 1.033998
vt 0.322250 1.032354
vt 0.323859 1.027403
vt 0.324519 0.055073
vt 0.324988 0.046967
vt 0.325976 0.038774
vt 0.327929 0.028309
vt 0.331043 0.017165
vt 0.331462 0.917146
vt 0.335161 0.907991
vt 0.339100 0.898242
vt 0.343443 0.887493
vt 0.347973 0.876280
vt 0.360746 0.844665
vt 0.382882 0.823214
vt 0.413307 0.807325
vt 0.641241 1.025642
vt 0.640953 1.027947
vt 0.640633 1.029438
vt 0.359673 0.931882
vt 0.360901 0.928102
vt 0.361229 0.927092
vt 0.638446 1.034680
vt 0.638492 1.037123
vt 0.667954 1.038003
vt 0.639000 1.040910
vt 0.639723 0.930022
vt 0.668863 0.917951
vt 0.640829 0.933428
vt 0.627538 0.940863
vt 0.624775 0.948544
vt 0.645115 0.946616
vt 0.676318 0.936402
vt 0.646078 0.949581
vt 0.353118 1.040591
vt 0.322656 1.043003
vt 0.352666 1.037757
vt 0.352780 1.035452
vt 0.353372 1.032354
vt 0.355247 0.054933
vt 0.355631 0.046967
vt 0.356445 0.038774
vt 0.358056 0.028310
vt 0.360626 0.017165
vt 0.361860 0.925150
vt 0.364022 0.918495
vt 0.367272 0.908495
vt 0.370854 0.897470
vt 0.374592 0.885967
vt 0.385128 0.853539
vt 0.402491 0.841356
vt 0.397890 0.814263
vt 0.610574 1.025644
vt 0.610316 1.028210
vt 0.610098 1.029438
vt 0.390142 0.940619
vt 0.391175 0.936473
vt 0.391390 0.935610
vt 0.608532 1.033351
vt 0.608386 1.034903
vt 0.608454 1.037829
vt 0.608820 1.040910
vt 0.609127 1.042502
vt 0.639393 1.042502
vt 0.610252 0.942196
vt 0.613606 0.955651
vt 0.614361 0.958676
vt 0.385010 1.040591
vt 0.353707 1.043003
vt 0.384656 1.037759
vt 0.384745 1.035452
vt 0.385209 1.032355
vt 0.386248 1.027403
vt 0.386674 0.055081
vt 0.386977 0.046967
vt 0.387615 0.038774
vt 0.388876 0.028309
vt 0.390887 0.017165
vt 0.391854 0.933750
vt 0.393547 0.926961
vt 0.396090 0.916759
vt 0.398895 0.905511
vt 0.401821 0.893775
vt 0.410070 0.860692
vt 0.429006 0.836369
vt 0.431739 0.823103
vt 0.471577 0.816066
vt 0.579369 1.025644
vt 0.579152 1.028449
vt 0.420992 0.948078
vt 0.421170 0.947068
vt 0.421835 0.943295
vt 0.422020 0.942248
vt 0.577793 1.035447
vt 0.577878 1.038447
vt 0.578109 1.040910
vt 0.578330 1.042502
vt 0.579137 0.948809
vt 0.609385 0.938721
vt 0.564944 0.954321
vt 0.581165 0.960312
vt 0.582087 0.965536
vt 0.417462 1.040591
vt 0.385471 1.043003
vt 0.417207 1.037756
vt 0.417271 1.035452
vt 0.417604 1.032354
vt 0.418350 1.027403
vt 0.100859 -0.328580
vt -0.000249 1.449305
vt 0.000734 -0.328580
vt 0.418656 0.055080
vt 0.418874 0.046967
vt 0.419331 0.038774
vt 0.420237 0.028309
vt 0.421350 0.019269
vt 0.422374 0.012744
vt 0.422374 0.940238
vt 0.423589 0.933347
vt 0.425415 0.922992
vt 0.427428 0.911576
vt 0.429528 0.899665
vt 0.435449 0.866086
vt 0.438316 0.849830
vt 0.499736 0.502517
vt 0.547776 1.025642
vt 0.547679 1.027949
vt 0.547559 1.029548
vt 0.452535 0.951604
vt 0.452948 0.947668
vt 0.453059 0.946611
vt 0.546892 1.033404
vt 0.546831 1.034681
vt 0.546846 1.037123
vt 0.547018 1.040910
vt 0.547151 1.042502
vt 0.547637 0.953236
vt 0.578515 0.945283
vt 0.531688 0.965035
vt 0.549087 0.967028
vt 0.581732 0.963524
vt 0.549412 0.970128
vt 0.450316 1.040591
vt 0.417793 1.043002
vt 0.450163 1.037759
vt 0.450201 1.035452
vt 0.450402 1.032354
vt 0.450851 1.027403
vt 0.202257 -0.328580
vt 0.100178 1.449305
vt 0.100890 -0.328580
vt 0.451034 0.055195
vt 0.451166 0.046967
vt 0.451441 0.038773
vt 0.451986 0.028309
vt 0.452855 0.017166
vt 0.453273 0.944580
vt 0.454004 0.937622
vt 0.455103 0.927165
vt 0.456315 0.915636
vt 0.457579 0.903607
vt 0.461143 0.869697
vt 0.475594 0.854170
vt 0.476510 0.842976
vt 0.465460 0.828625
vt 0.515951 1.025641
vt 0.515914 1.028211
vt 0.515879 1.029548
vt 0.484152 0.953817
vt 0.484292 0.949832
vt 0.484329 0.948750
vt 0.515655 1.033423
vt 0.515634 1.035215
vt 0.515647 1.038036
vt 0.515698 1.040910
vt 0.515743 1.042502
vt 0.515905 0.955455
vt 0.547263 0.949675
vt 0.501083 0.958938
vt 0.466561 0.963562
vt 0.516389 0.969314
vt 0.516498 0.972430
vt 0.483412 1.040591
vt 0.450515 1.043003
vt 0.483361 1.037746
vt 0.483374 1.035418
vt 0.483440 1.032354
vt 0.483590 1.027403
vt 0.202288 -0.328580
vt 0.304284 1.449305
vt 0.201851 1.449305
vt 0.483652 0.054932
vt 0.483695 0.046966
vt 0.483787 0.038773
vt 0.483969 0.028309
vt 0.484193 0.019270
vt 0.484399 0.012744
vt 0.484399 0.946757
vt 0.484643 0.939765
vt 0.485010 0.929256
vt 0.485415 0.917670
vt 0.485837 0.905582
vt 0.487027 0.871507
vt 0.500408 0.830234
vt 0.484049 1.025641
vt 0.484086 1.028210
vt 0.484122 1.029581
vt 0.515847 0.953802
vt 0.515695 0.949439
vt 0.515666 0.948613
vt 0.484364 1.036543
vt 0.484330 1.039596
vt 0.484267 1.042175
vt 0.484095 0.955455
vt 0.515780 0.951876
vt 0.483611 0.969314
vt 0.483502 0.972430
vt 0.516588 1.040591
vt 0.483478 1.043002
vt 0.516640 1.037755
vt 0.516627 1.035450
vt 0.516560 1.032354
vt 0.516410 1.027403
vt 0.406795 -0.328580
vt 0.304272 1.449305
vt 0.304432 -0.328580
vt 0.516349 0.055195
vt 0.516305 0.046966
vt 0.516213 0.038773
vt 0.516031 0.028309
vt 0.515807 0.019270
vt 0.515601 0.012744
vt 0.515601 0.946757
vt 0.515357 0.939765
vt 0.514990 0.929257
vt 0.514585 0.917670
vt 0.514163 0.905583
vt 0.512973 0.871507
vt 0.525121 0.854120
vt 0.524471 0.842907
vt 0.538853 0.819647
vt 0.519950 0.813795
vt 0.529374 0.590442
vt 0.500438 0.502484
vt 0.452224 1.025641
vt 0.452335 1.028211
vt 0.452441 1.029548
vt 0.547465 0.951604
vt 0.547018 0.947349
vt 0.546927 0.946481
vt 0.453124 1.038381
vt 0.452984 1.040880
vt 0.452363 0.953236
vt 0.484220 0.951876
vt 0.451999 0.956702
vt 0.450913 0.967028
vt 0.450588 0.970128
vt 0.549684 1.040591
vt 0.516522 1.043003
vt 0.549837 1.037772
vt 0.549800 1.035478
vt 0.549598 1.032353
vt 0.549149 1.027403
vt 0.509377 1.449305
vt 0.406826 -0.328580
vt 0.508940 -0.328580
vt 0.548964 0.054932
vt 0.548834 0.046966
vt 0.548559 0.038773
vt 0.548014 0.028310
vt 0.547344 0.019270
vt 0.546727 0.012744
vt 0.546727 0.944580
vt 0.545996 0.937622
vt 0.544897 0.927165
vt 0.543685 0.915635
vt 0.542421 0.903607
vt 0.538857 0.869697
vt 0.555789 0.826517
vt 0.420631 1.025642
vt 0.420799 1.028064
vt 0.578866 0.947268
vt 0.578071 0.942761
vt 0.422052 1.033016
vt 0.453128 1.033744
vt 0.422138 1.033740
vt 0.422214 1.035385
vt 0.453176 1.035831
vt 0.422169 1.037607
vt 0.421739 1.042060
vt 0.421359 0.945994
vt 0.452737 0.949674
vt 0.420362 0.951650
vt 0.418455 0.962466
vt 0.417917 0.965517
vt 0.582532 1.040644
vt 0.549485 1.043002
vt 0.582793 1.037753
vt 0.582729 1.035450
vt 0.582396 1.032354
vt 0.581650 1.027403
vt 0.610338 -0.328580
vt 0.509365 1.449305
vt 0.508970 -0.328580
vt 0.581345 0.055196
vt 0.581126 0.046967
vt 0.580669 0.038774
vt 0.579763 0.028309
vt 0.578320 0.017165
vt 0.577626 0.940238
vt 0.576411 0.933348
vt 0.574585 0.922992
vt 0.572572 0.911575
vt 0.570472 0.899664
vt 0.564551 0.866086
vt 0.573811 0.847252
vt 0.571475 0.836266
vt 0.571603 0.805431
vt 0.610098 0.941579
vt 0.609841 0.940549
vt 0.608733 0.936106
vt 0.391418 1.033081
vt 0.391556 1.033998
vt 0.391488 1.038577
vt 0.421998 1.039951
vt 0.389772 0.942099
vt 0.420881 0.948703
vt 0.356159 0.942708
vt 0.385970 0.957351
vt 0.615330 1.038213
vt 0.615339 1.036617
vt 0.614956 1.033352
vt 0.613752 1.027403
vt 0.711477 1.449305
vt 0.610369 -0.328580
vt 0.710494 -0.328580
vt 0.613319 0.054769
vt 0.613009 0.046719
vt 0.612349 0.038390
vt 0.611071 0.027949
vt 0.609022 0.016731
vt 0.608146 0.933750
vt 0.606348 0.926539
vt 0.603792 0.916288
vt 0.600978 0.905002
vt 0.597996 0.893041
vt 0.589700 0.859766
vt 0.589244 0.811232
vt 0.359096 1.028175
vt 0.389426 1.025640
vt 0.389724 1.028463
vt 0.638894 0.927473
vt 0.361477 1.033975
vt 0.361575 1.035792
vt 0.391630 1.035832
vt 0.361271 1.039360
vt 0.391127 1.041214
vt 0.360693 1.042196
vt 0.360589 0.929062
vt 0.390591 0.938817
vt 0.359491 0.932443
vt 0.372300 0.940546
vt 0.399080 0.955236
vt 0.355066 0.946060
vt 0.646293 1.043002
vt 0.614708 1.042069
vt 0.646882 1.040591
vt 0.647331 1.037950
vt 0.647235 1.035703
vt 0.646488 1.031757
vt 0.645300 1.027403
vt 0.808922 -0.328580
vt 0.711465 1.449305
vt 0.710524 -0.328580
vt 0.644369 0.046969
vt 0.643554 0.038774
vt 0.641943 0.028309
vt 0.639374 0.017165
vt 0.635977 0.918496
vt 0.632728 0.908496
vt 0.629146 0.897471
vt 0.625408 0.885966
vt 0.614872 0.853539
vt 0.616165 0.831537
vt 0.613213 0.812589
vt 0.328780 1.025643
vt 0.358759 1.025641
vt 0.329092 1.027823
vt 0.670139 0.921108
vt 0.640600 0.932721
vt 0.640283 0.931746
vt 0.668328 0.916626
vt 0.332106 1.034143
vt 0.332198 1.035702
vt 0.332052 1.038007
vt 0.331541 1.040715
vt 0.331137 0.917951
vt 0.330621 0.919228
vt 0.329279 0.922548
vt 0.312343 0.918820
vt 0.311177 0.926155
vt 0.324085 0.935406
vt 0.354066 0.949137
vt 0.322917 0.938297
vt 0.677344 1.043002
vt 0.678058 1.040591
vt 0.678607 1.037742
vt 0.678463 1.035418
vt 0.677750 1.032355
vt 0.676141 1.027403
vt 0.905142 -0.328580
vt 0.810160 1.449305
vt 0.808952 -0.328580
vt 0.675012 0.046968
vt 0.644756 0.055073
vt 0.674024 0.038775
vt 0.672071 0.028309
vt 0.669669 0.019269
vt 0.664839 0.907991
vt 0.638139 0.925150
vt 0.660900 0.898242
vt 0.656558 0.887494
vt 0.652026 0.876278
vt 0.639254 0.844665
vt 0.635480 0.798328
vt 0.635178 0.781931
vt 0.501109 0.502275
vt 0.300045 1.027947
vt 0.329479 1.029323
vt 0.696978 0.903865
vt 0.303528 1.034143
vt 0.331914 1.033240
vt 0.303630 1.035807
vt 0.303408 1.038384
vt 0.302815 1.040910
vt 0.302459 0.905019
vt 0.301790 0.906391
vt 0.300220 0.909610
vt 0.268151 0.902625
vt 0.294141 0.922074
vt 0.292746 0.924934
vt 0.707531 1.043003
vt 0.708366 1.040590
vt 0.709008 1.037757
vt 0.708847 1.035452
vt 0.708006 1.032354
vt 0.706123 1.027403
vt 1.000446 1.449305
vt 0.905170 -0.328580
vt 0.998684 -0.328580
vt 0.704802 0.046967
vt 0.675483 0.055196
vt 0.703646 0.038774
vt 0.701361 0.028309
vt 0.698550 0.019270
vt 0.695965 0.901787
vt 0.669051 0.918415
vt 0.667460 0.914478
vt 0.692897 0.895498
vt 0.688288 0.886048
vt 0.683206 0.875628
vt 0.677904 0.864757
vt 0.662957 0.834111
vt 0.666351 0.813623
vt 0.639378 0.814258
vt 0.271467 1.025642
vt 0.299635 1.025642
vt 0.727475 0.893999
vt 0.699593 0.909226
vt 0.699068 0.908149
vt 0.724658 0.889120
vt 0.275908 1.034154
vt 0.303314 1.033267
vt 0.276023 1.035848
vt 0.275765 1.038413
vt 0.275111 1.040869
vt 0.274688 0.890252
vt 0.273924 0.891575
vt 0.272134 0.894676
vt 0.270391 0.897695
vt 0.265200 0.906686
vt 0.263609 0.909442
vt 0.736823 1.042746
vt 0.737659 1.040591
vt 0.738392 1.037767
vt 0.738213 1.035481
vt 0.737249 1.032355
vt 0.735101 0.907207
vt 0.707379 0.925191
vt 0.706123 0.922615
vt 0.734220 0.055072
vt 0.705346 0.054932
vt 0.733594 0.046967
vt 0.732276 0.038774
vt 0.729669 0.028309
vt 0.726463 0.019269
vt 0.723514 0.887138
vt 0.697826 0.905603
vt 0.720016 0.881080
vt 0.714758 0.871973
vt 0.708962 0.861934
vt 0.702914 0.851459
vt 0.685866 0.821930
vt 0.671994 0.797903
vt 0.673529 0.782020
vt 0.245009 1.028210
vt 0.272189 1.028793
vt 0.753934 0.876473
vt 0.726908 0.893017
vt 0.751312 0.872585
vt 0.249372 1.034205
vt 0.275688 1.033330
vt 0.249388 1.037120
vt 0.248488 1.040869
vt 0.248137 0.873403
vt 0.247160 0.874851
vt 0.245158 0.877820
vt 0.229367 0.870652
vt 0.238626 0.887503
vt 0.236802 0.890207
vt 0.235623 0.891955
vt 0.764860 1.042746
vt 0.765795 1.040591
vt 0.766615 1.037745
vt 0.766400 1.035418
vt 0.765336 1.032354
vt 0.762934 0.889815
vt 0.736534 0.909689
vt 0.761952 0.055195
vt 0.735101 1.027403
vt 0.761248 0.046967
vt 0.759774 0.038774
vt 0.756859 0.028309
vt 0.753273 0.019269
vt 0.749975 0.870604
vt 0.725637 0.890816
vt 0.746063 0.864803
vt 0.740183 0.856086
vt 0.733701 0.846476
vt 0.726937 0.836448
vt 0.707870 0.808181
vt 0.708379 0.787420
vt 0.701670 0.778412
vt 0.702377 0.744651
vt 0.664689 0.776636
vt 0.501624 0.501936
vt 0.219246 1.028184
vt 0.244412 1.025641
vt 0.779577 0.857842
vt 0.754660 0.877549
vt 0.777130 0.854710
vt 0.223904 1.033599
vt 0.249078 1.033203
vt 0.224084 1.037088
vt 0.223151 1.040744
vt 0.222703 0.854924
vt 0.221628 0.856300
vt 0.219423 0.859122
vt 0.214170 0.869369
vt 0.210885 0.870050
vt 0.208926 0.872558
vt 0.234683 0.893348
vt 0.207891 0.873882
vt 0.792635 1.040591
vt 0.793538 1.037766
vt 0.793317 1.035481
vt 0.792393 1.032891
vt 0.789485 0.870524
vt 0.765084 0.893004
vt 0.788394 0.054932
vt 0.787629 0.046966
vt 0.786007 0.038774
vt 0.782797 0.028309
vt 0.779640 0.020828
vt 0.775218 0.852264
vt 0.752972 0.875046
vt 0.770911 0.846750
vt 0.764437 0.838464
vt 0.757300 0.829329
vt 0.749854 0.819798
vt 0.728861 0.792930
vt 0.711958 0.753236
vt 0.574927 0.559048
vt 0.194804 1.028056
vt 0.218602 1.025641
vt 0.803906 0.837522
vt 0.780464 0.858978
vt 0.801198 0.834514
vt 0.800296 0.833512
vt 0.776332 0.853689
vt 0.199929 1.033610
vt 0.224167 1.034652
vt 0.200216 1.034680
vt 0.200117 1.037123
vt 0.199108 1.040743
vt 0.198666 0.834665
vt 0.197451 0.836014
vt 0.195055 0.838676
vt 0.192723 0.841265
vt 0.176808 0.835868
vt 0.185776 0.848981
vt 0.183646 0.851346
vt 0.182226 0.852924
vt 0.818050 1.040591
vt 0.819031 1.037754
vt 0.818784 1.035455
vt 0.817787 1.032891
vt 0.814627 0.849428
vt 0.791853 0.873555
vt 0.813447 0.055072
vt 0.812610 0.046968
vt 0.810846 0.038773
vt 0.807357 0.028309
vt 0.804540 0.021997
vt 0.799121 0.832207
vt 0.778849 0.856911
vt 0.794439 0.827008
vt 0.787403 0.819194
vt 0.779646 0.810579
vt 0.771553 0.801590
vt 0.748738 0.776251
vt 0.746352 0.755622
vt 0.738455 0.747635
vt 0.171922 1.028103
vt 0.194163 1.025641
vt 0.827695 0.816451
vt 0.804855 0.838575
vt 0.823799 0.812689
vt 0.822828 0.811752
vt 0.177442 1.033668
vt 0.177725 1.034708
vt 0.177611 1.037161
vt 0.176577 1.040656
vt 0.176055 0.812830
vt 0.174749 0.814091
vt 0.172173 0.816579
vt 0.158218 0.806285
vt 0.144412 0.799045
vt 0.162198 0.826212
vt 0.159908 0.828423
vt 0.158381 0.829898
vt 0.842053 1.040340
vt 0.842970 1.037743
vt 0.842695 1.035418
vt 0.841766 1.033134
vt 0.838235 0.826630
vt 0.817337 0.852438
vt 0.836967 0.055072
vt 0.814627 1.027403
vt 0.836067 0.046968
vt 0.834171 0.038774
vt 0.830420 0.028309
vt 0.825807 0.814628
vt 0.805725 0.839542
vt 0.803067 0.836590
vt 0.821566 0.810532
vt 0.816533 0.805672
vt 0.808969 0.798368
vt 0.800630 0.790315
vt 0.791930 0.781914
vt 0.767402 0.758227
vt 0.751590 0.714338
vt 0.749372 0.703626
vt -0.028086 0.793165
vt -0.025641 0.817505
vt -0.028103 0.816821
vt 0.847922 0.791941
vt 0.826658 0.815450
vt 0.844822 0.789340
vt 0.843792 0.788475
vt -0.035430 0.787964
vt -0.033668 0.811490
vt -0.034708 0.811217
vt -0.037161 0.811327
vt -0.038414 0.788271
vt -0.040656 0.812326
vt -0.040743 0.789046
vt 0.155022 0.789471
vt 0.153632 0.790637
vt 0.150888 0.792939
vt 0.140265 0.801853
vt 0.137827 0.803899
vt 0.136201 0.805264
vt 1.040591 0.805529
vt 1.037743 0.831203
vt 1.037757 0.806471
vt 1.035452 0.806233
vt 1.035418 0.830936
vt 1.032890 0.805276
vt 1.033134 0.830039
vt 0.860196 0.802240
vt 0.841148 0.829443
vt 0.055195 0.801112
vt 1.027403 0.826630
vt 0.055072 0.825405
vt 0.046968 0.800303
vt 0.046968 0.824536
vt 0.038774 0.798608
vt 0.038774 0.822705
vt 0.028309 0.795257
vt 0.028309 0.819083
vt 0.020827 0.791961
vt 0.021997 0.816159
vt 0.842444 0.787345
vt 0.837084 0.782847
vt 0.829030 0.776089
vt 0.820149 0.768637
vt 0.810882 0.760861
vt 0.784764 0.738945
vt 0.772119 0.728335
vt 0.770598 0.712039
vt 0.749682 0.688305
vt 0.502047 0.501488
vt -0.025639 0.768657
vt -0.025641 0.793796
vt 0.868089 0.767432
vt 0.849008 0.792853
vt 0.863924 0.764406
vt -0.037116 0.763426
vt -0.040869 0.764373
vt 0.135614 0.764742
vt 0.134202 0.765768
vt 0.131304 0.767873
vt 0.118918 0.755738
vt 0.121855 0.774739
vt 0.119216 0.776656
vt 0.117511 0.777895
vt 0.116151 0.778883
vt 1.040591 0.779385
vt 1.037754 0.780247
vt 1.035452 0.780029
vt 1.032354 0.778903
vt 0.880401 0.776378
vt 0.863298 0.804843
vt 1.027403 0.776378
vt 0.054932 0.775337
vt 0.046968 0.774606
vt 0.038774 0.773057
vt 0.028309 0.769992
vt 0.020826 0.766978
vt 0.861654 0.762757
vt 0.846961 0.791135
vt 0.855993 0.758645
vt 0.847487 0.752464
vt 0.838108 0.745650
vt 0.828322 0.738540
vt 0.800738 0.718499
vt 0.794116 0.698816
vt -0.027821 0.741757
vt -0.028723 0.767843
vt 0.885166 0.740679
vt 0.867145 0.766747
vt 0.881027 0.738092
vt 0.863113 0.763818
vt -0.037092 0.737490
vt -0.034504 0.763371
vt -0.040869 0.738346
vt 0.117848 0.738795
vt 0.116554 0.739604
vt 0.113517 0.741502
vt 0.105076 0.749334
vt 0.101756 0.748850
vt 0.099058 0.750537
vt 1.042746 0.750995
vt 1.040590 0.751881
vt 1.037755 0.752657
vt 1.035452 0.752461
vt 1.032354 0.751446
vt 0.898754 0.749169
vt 0.883513 0.778639
vt 0.055195 0.748239
vt 0.046968 0.747572
vt 0.038774 0.746175
vt 0.028309 0.743412
vt 0.019269 0.740014
vt 0.879102 0.736889
vt 0.865989 0.765907
vt 0.873168 0.733182
vt 0.864252 0.727610
vt 0.854421 0.721467
vt 0.844162 0.715056
vt 0.815247 0.696988
vt 0.797476 0.672314
vt 0.790656 0.657345
vt -0.025641 0.714579
vt -0.025641 0.742208
vt -0.029209 0.713753
vt -0.029209 0.741276
vt 0.896832 0.710999
vt -0.034194 0.710418
vt -0.033330 0.737735
vt -0.034344 0.737474
vt -0.037123 0.710402
vt -0.040910 0.711175
vt 0.102122 0.711556
vt 0.100774 0.712272
vt 0.097612 0.713954
vt 0.094535 0.715590
vt 0.087299 0.719437
vt 0.084419 0.720968
vt 0.082558 0.721958
vt 1.042746 0.722364
vt 1.040591 0.723149
vt 1.037752 0.723837
vt 1.035451 0.723663
vt 1.032354 0.722763
vt 0.915164 0.720747
vt 0.901184 0.750688
vt 1.027403 0.720747
vt 0.054933 0.719915
vt 0.046968 0.719332
vt 0.038774 0.718094
vt 0.028309 0.715646
vt 0.019269 0.712636
vt 0.894703 0.709867
vt 0.883646 0.739729
vt 0.888526 0.706583
vt 0.879242 0.701646
vt 0.869006 0.696204
vt 0.858325 0.690525
vt 0.828220 0.674518
vt 0.818922 0.655950
vt 0.782598 0.635382
vt 0.786258 0.647333
vt 0.502370 0.500863
vt -0.025641 0.685905
vt -0.027954 0.714150
vt -0.028210 0.685471
vt 0.911218 0.683086
vt 0.901017 0.713225
vt -0.037544 0.682315
vt -0.040910 0.682956
vt 0.088197 0.683347
vt 0.086939 0.683907
vt 0.083667 0.685363
vt 0.074074 0.670918
vt 0.054342 0.632521
vt 0.068139 0.675378
vt 0.070999 0.691004
vt 0.068092 0.692298
vt 1.043002 0.692555
vt 1.040591 0.693330
vt 1.037755 0.693926
vt 1.035452 0.693775
vt 1.032354 0.692996
vt 0.929551 0.691248
vt 0.917694 0.722092
vt 0.055195 0.690535
vt 0.046968 0.690022
vt 0.038774 0.688950
vt 0.028309 0.686830
vt 0.019269 0.684222
vt 0.908381 0.681823
vt 0.898452 0.711861
vt 0.901989 0.678977
vt 0.892384 0.674700
vt 0.881793 0.669985
vt 0.870743 0.665065
vt 0.839594 0.651197
vt 0.818562 0.629237
vt -0.028210 0.655961
vt -0.029438 0.655653
vt -0.029438 0.685105
vt 0.922315 0.653710
vt 0.914848 0.684702
vt 0.910082 0.682580
vt -0.034580 0.653256
vt -0.033286 0.682493
vt -0.034731 0.682234
vt -0.037578 0.653310
vt -0.040910 0.653846
vt 0.076410 0.654174
vt 0.075116 0.654645
vt 0.071751 0.655870
vt 0.058720 0.660613
vt 0.055790 0.661679
vt 1.043002 0.661917
vt 1.040591 0.662569
vt 1.037753 0.663070
vt 1.035452 0.662943
vt 1.032354 0.662288
vt 1.027403 0.660819
vt 1.027403 0.691248
vt 0.054933 0.660213
vt 0.046967 0.659788
vt 0.038774 0.658886
vt 0.028310 0.657103
vt 0.019269 0.654910
vt 0.920069 0.652893
vt 0.912260 0.683550
vt 0.913495 0.650500
vt 0.903614 0.646904
vt 0.892721 0.642939
vt 0.881355 0.638802
vt 0.849314 0.627140
vt 0.837524 0.610044
vt 0.817018 0.593475
vt 0.802197 0.599099
vt -0.028210 0.625690
vt -0.025641 0.656326
vt -0.029438 0.625442
vt 0.932409 0.623991
vt 0.926722 0.655314
vt -0.033351 0.623658
vt -0.033176 0.653483
vt -0.035007 0.623491
vt -0.038002 0.623581
vt -0.040910 0.623985
vt -0.042502 0.654281
vt -0.042502 0.624336
vt 0.065364 0.624630
vt 0.061921 0.625617
vt 0.054432 0.609977
vt 0.048591 0.629439
vt 0.045594 0.630299
vt 1.043003 0.630490
vt 1.040590 0.631016
vt 1.037755 0.631420
vt 1.035452 0.631317
vt 1.032354 0.630789
vt 1.027403 0.629605
vt 0.055072 0.629119
vt 0.046967 0.628774
vt 0.038774 0.628048
vt 0.028310 0.626611
vt 0.019269 0.624843
vt 0.012744 0.623218
vt 0.012744 0.652893
vt 0.922986 0.621289
vt 0.912879 0.618391
vt 0.901736 0.615196
vt 0.890109 0.611862
vt 0.857333 0.602463
vt 0.830662 0.594816
vt 0.806941 0.560047
vt -0.027946 0.594835
vt -0.025641 0.625984
vt -0.029547 0.594598
vt 0.940297 0.593588
vt 0.936517 0.625169
vt 0.939258 0.593367
vt 0.931554 0.623746
vt -0.033404 0.593270
vt -0.034681 0.593149
vt -0.037123 0.593179
vt -0.040910 0.593522
vt -0.042502 0.593786
vt 0.057729 0.594008
vt 0.054226 0.594752
vt 0.041113 0.581755
vt 0.040661 0.597636
vt 0.037612 0.598284
vt 1.043002 0.598428
vt 1.040590 0.598825
vt 1.037755 0.599129
vt 1.035452 0.599052
vt 1.032354 0.598654
vt 1.027403 0.597761
vt 0.055072 0.597394
vt 0.046968 0.597134
vt 0.038774 0.596586
vt 0.028310 0.595502
vt 0.019269 0.594169
vt 0.012744 0.592943
vt 0.930416 0.591488
vt 0.929711 0.623218
vt 0.920132 0.589302
vt 0.908792 0.586892
vt 0.896962 0.584377
vt 0.863610 0.577288
vt 0.849554 0.562000
vt 0.838470 0.560181
vt 0.818097 0.549984
vt -0.025642 0.563611
vt -0.025642 0.595029
vt -0.029548 0.563322
vt 0.945753 0.562647
vt 0.944185 0.594414
vt 0.944701 0.562499
vt -0.034694 0.562352
vt -0.037161 0.562374
vt -0.040910 0.562602
vt -0.042502 0.562779
vt 0.052249 0.562927
vt 0.048702 0.563426
vt 0.043463 0.546896
vt 0.034970 0.565356
vt 0.031882 0.565790
vt 1.043002 0.565886
vt 1.040590 0.566152
vt 1.037755 0.566356
vt 1.035452 0.566304
vt 1.032355 0.566037
vt 1.027403 0.565440
vt 0.055196 0.565195
vt 0.046968 0.565020
vt 0.038774 0.564653
vt 0.028309 0.563928
vt 0.019269 0.563035
vt 0.012744 0.562214
vt 0.935750 0.561241
vt 0.937260 0.592943
vt 0.925338 0.559777
vt 0.913858 0.558164
vt 0.901880 0.556481
vt 0.868115 0.551735
vt 0.827219 0.545988
vt -0.028211 0.531809
vt -0.028210 0.563463
vt -0.029546 0.531739
vt 0.949037 0.531400
vt 0.949672 0.563197
vt 0.947977 0.531326
vt -0.035429 0.531250
vt -0.033404 0.562433
vt -0.038413 0.531284
vt -0.040910 0.531377
vt -0.042502 0.531466
vt 0.048950 0.531541
vt 0.045377 0.531790
vt 0.033724 0.532605
vt 0.030471 0.532833
vt 0.028433 0.532975
vt 1.043003 0.533024
vt 1.040590 0.533157
vt 1.037754 0.533259
vt 1.035452 0.533233
vt 1.032354 0.533099
vt 1.027403 0.532800
vt 0.054933 0.532676
vt 0.046967 0.532589
vt 0.038774 0.532406
vt 0.028309 0.532042
vt 0.019269 0.531595
vt 0.012744 0.531183
vt 0.938960 0.530695
vt 0.942678 0.562214
vt 0.928471 0.529962
vt 0.916906 0.529153
vt 0.904841 0.528309
vt 0.870827 0.525931
vt -0.025641 0.531883
vt 0.952985 0.531676
vt 0.047849 0.500000
vt 1.043002 0.500000
vt 0.945940 0.531183
vt -0.033341 0.500000
vt -0.034489 0.500000
vt -0.033099 0.406687
vt -0.025641 0.374016
vt 0.936534 0.374826
vt 0.037719 0.372057
vt 0.929711 0.376782
vt -0.033167 0.346515
vt -0.042502 0.345720
vt 0.924060 0.345655
vt 0.915943 0.314810
vt 0.932169 0.307586
vt 1.042746 0.221597
vt 1.027403 0.223622
vt -0.033661 0.188507
vt 1.040340 0.169684
vt 0.828786 1.025641
vt 0.185373 1.027403
vt 0.828665 0.182611
vt 0.360703 0.071288
vt 0.515663 1.033101
vt 0.391405 1.033016
vt 0.391106 1.041287
vt 0.614521 1.043040
vt 0.646191 0.050069
vt 0.668863 0.082049
vt 0.275664 1.033265
vt 0.199782 1.033264
vt 0.171214 1.025641
vt 0.838235 1.027403
vt 0.171334 0.182611
vt 1.039596 0.188093
vt -0.040340 0.169683
vt -0.027403 0.197760
vt 0.113711 0.258620
vt -0.042746 0.221597
vt 1.033167 0.317473
vt 0.067831 0.307586
vt 1.033167 0.406697
vt 1.033170 0.531304
vt 0.054942 0.594600
vt 0.063474 0.625172
vt 1.033211 0.623685
vt 0.972691 0.626452
vt 0.070288 0.623218
vt 1.042502 0.654281
vt 0.075940 0.654346
vt 0.067831 0.692414
vt -0.027403 0.749169
vt 1.041029 0.764432
vt 1.033353 0.788358
vt -0.027403 0.802240
vt 1.040656 0.812326
vt -0.040340 0.830316
vt 0.822561 1.033659
vt 0.171334 0.817389
vt 0.639297 0.928712
vt 0.577900 1.033395
vt 0.100190 1.449305
vt 0.201863 1.449305
vt 0.304401 -0.328580
vt 0.484354 1.033978
vt 0.406956 1.449305
vt 0.406944 1.449305
vt 0.420971 1.029422
vt 0.421644 0.944377
vt 0.582202 1.043038
vt 0.611050 1.449305
vt 0.390872 0.937687
vt 0.386541 0.955059
vt 0.385550 0.959032
vt 0.611038 1.449305
vt 0.361311 1.033107
vt 0.810171 1.449305
vt 0.906651 1.449305
vt 0.667460 0.012744
vt 0.300498 1.029438
vt 0.906640 1.449305
vt 0.762934 1.027403
vt 0.171214 1.025641
vt 0.838235 1.027403
vt 0.828666 0.817389
vt -0.033599 0.788261
vt 1.040340 0.830317
vt 1.027403 0.802240
vt -0.033420 0.763659
vt 0.886289 0.741380
vt 1.042746 0.778403
vt 1.027403 0.749169
vt -0.033196 0.710664
vt 0.915943 0.685190
vt 0.932169 0.692414
vt 0.924060 0.654345
vt -0.033394 0.531293
vt 0.497474 0.500088
vt 0.267162 0.526495
vt 0.271273 0.451402
vt 0.173300 0.490527
vt 0.136227 0.513504
vt 0.139718 0.450508
vt 0.121036 0.513711
vt 0.115509 0.473114
vt 0.070905 0.500000
vt 0.071950 0.470068
vt 0.126466 0.434623
vt 0.116898 0.432680
vt 0.075081 0.440282
vt 0.189201 0.399016
vt 0.080282 0.410786
vt 0.153795 0.387509
vt 0.139349 0.382815
vt 0.129766 0.379806
vt 0.087527 0.381725
vt 0.096783 0.353241
vt 0.298068 0.381094
vt 0.497729 0.498892
vt 0.173169 0.339704
vt 0.159377 0.333333
vt 0.150494 0.329283
vt 0.108002 0.325471
vt 0.223359 0.325114
vt 0.121132 0.298552
vt 0.198658 0.295779
vt 0.185886 0.287552
vt 0.169932 0.293751
vt 0.136107 0.272614
vt 0.193625 0.260345
vt 0.152855 0.247784
vt 0.345038 0.324747
vt 0.498061 0.498374
vt 0.257325 0.279880
vt 0.239188 0.246564
vt 0.218511 0.245903
vt 0.171294 0.224183
vt 0.220026 0.229632
vt 0.191335 0.201926
vt 0.299858 0.241043
vt 0.242098 0.213570
vt 0.212880 0.181120
vt 0.286680 0.205029
vt 0.277491 0.192931
vt 0.235823 0.161869
vt 0.260053 0.144264
vt 0.271551 0.185181
vt 0.406523 0.285111
vt 0.498515 0.497956
vt 0.368834 0.200637
vt 0.329808 0.178211
vt 0.307286 0.166208
vt 0.285453 0.128393
vt 0.346197 0.153379
vt 0.311897 0.114332
vt 0.376250 0.157657
vt 0.339258 0.102150
vt 0.341998 0.144564
vt 0.380896 0.133435
vt 0.367403 0.091906
vt 0.469377 0.267670
vt 0.499306 0.497581
vt 0.433061 0.179277
vt 0.425099 0.143766
vt 0.421625 0.128976
vt 0.396193 0.083651
vt 0.446090 0.114782
vt 0.405842 0.122352
vt 0.425489 0.077424
vt 0.501934 0.173169
vt 0.475404 0.136808
vt 0.474023 0.121679
vt 0.455148 0.073256
vt 0.486417 0.111028
vt 0.485025 0.071166
vt 0.540632 0.269604
vt 0.500177 0.497479
vt 0.526191 0.136920
vt 0.526929 0.121745
vt 0.527359 0.111992
vt 0.514975 0.071166
vt 0.544853 0.073256
vt 0.579182 0.182423
vt 0.587980 0.147150
vt 0.578842 0.129075
vt 0.580745 0.119772
vt 0.574512 0.077424
vt 0.603808 0.083651
vt 0.629250 0.143494
vt 0.632824 0.134408
vt 0.632598 0.091906
vt 0.500945 0.497661
vt 0.601257 0.288316
vt 0.632158 0.200203
vt 0.647330 0.167123
vt 0.660742 0.102150
vt 0.677608 0.164952
vt 0.682412 0.156451
vt 0.688103 0.114332
vt 0.690541 0.234450
vt 0.692225 0.190868
vt 0.714548 0.128393
vt 0.501748 0.498189
vt 0.660522 0.330606
vt 0.722509 0.192931
vt 0.728449 0.185181
vt 0.739947 0.144264
vt 0.733377 0.220628
vt 0.764178 0.161869
vt 0.757903 0.213571
vt 0.787121 0.181120
vt 0.742674 0.279878
vt 0.769986 0.255826
vt 0.781490 0.245903
vt 0.788912 0.239558
vt 0.808665 0.201926
vt 0.828706 0.224183
vt 0.776679 0.325108
vt 0.807805 0.306328
vt 0.811819 0.273450
vt 0.847145 0.247784
vt 0.502272 0.498893
vt 0.709738 0.395475
vt 0.828168 0.309980
vt 0.836746 0.305318
vt 0.863893 0.272614
vt 0.878869 0.298552
vt 0.803326 0.376154
vt 0.837218 0.362895
vt 0.851421 0.357504
vt 0.860564 0.354080
vt 0.891998 0.325472
vt 0.903218 0.353241
vt 0.502476 0.499475
vt 0.729153 0.449478
vt 0.819773 0.430279
vt 0.855457 0.423276
vt 0.867832 0.407797
vt 0.877364 0.405680
vt 0.912473 0.381726
vt 0.919719 0.410786
vt 0.881679 0.446359
vt 0.924919 0.440282
vt 0.502517 0.500176
vt 0.734269 0.505978
vt 0.827391 0.487365
vt 0.863773 0.486497
vt 0.878964 0.486288
vt 0.888727 0.486198
vt 0.928050 0.470068
vt 0.929095 0.500000
vt 0.824367 0.543871
vt 0.860283 0.549493
vt 0.884491 0.526886
vt 0.928050 0.529932
vt 0.873534 0.565379
vt 0.883102 0.567321
vt 0.924919 0.559719
vt 0.716367 0.587243
vt 0.919718 0.589214
vt 0.807522 0.611945
vt 0.850135 0.600400
vt 0.871339 0.606480
vt 0.912473 0.618275
vt 0.831764 0.648950
vt 0.851420 0.642499
vt 0.903218 0.646759
vt 0.891998 0.674529
vt 0.860564 0.645924
vt 0.776641 0.674887
vt 0.828169 0.690019
vt 0.836748 0.694682
vt 0.878869 0.701448
vt 0.801342 0.704222
vt 0.863893 0.727386
vt 0.672798 0.658292
vt 0.502304 0.501026
vt 0.798529 0.733843
vt 0.806375 0.739653
vt 0.847145 0.752216
vt 0.734270 0.728596
vt 0.769987 0.744173
vt 0.828706 0.775817
vt 0.763079 0.773115
vt 0.770039 0.779961
vt 0.808665 0.798075
vt 0.733377 0.779372
vt 0.787121 0.818880
vt 0.622472 0.699790
vt 0.501486 0.502044
vt 0.671554 0.778194
vt 0.737294 0.803723
vt 0.764177 0.838132
vt 0.680827 0.815496
vt 0.700547 0.821843
vt 0.739947 0.855736
vt 0.714548 0.871607
vt 0.705932 0.829986
vt 0.668961 0.846422
vt 0.688103 0.885668
vt 0.570837 0.723746
vt 0.500694 0.502419
vt 0.588228 0.814704
vt 0.611304 0.846215
vt 0.629250 0.856506
vt 0.660742 0.897850
vt 0.632598 0.908094
vt 0.632824 0.865592
vt 0.578375 0.871025
vt 0.580650 0.880520
vt 0.603807 0.916349
vt 0.492113 0.732781
vt 0.549870 0.860592
vt 0.574512 0.922576
vt 0.498066 0.826831
vt 0.525976 0.878322
vt 0.526907 0.888041
vt 0.544853 0.926745
vt 0.486179 0.863403
vt 0.514975 0.928834
vt 0.473071 0.878255
vt 0.472641 0.888009
vt 0.485025 0.928834
vt 0.455148 0.926745
vt 0.409899 0.814214
vt 0.412029 0.852852
vt 0.421157 0.870925
vt 0.419255 0.880229
vt 0.425488 0.922576
vt 0.396193 0.916349
vt 0.406639 0.714938
vt 0.499218 0.502407
vt 0.370750 0.856506
vt 0.379728 0.870160
vt 0.367402 0.908094
vt 0.352669 0.832877
vt 0.341998 0.855435
vt 0.339258 0.897850
vt 0.347249 0.789847
vt 0.322392 0.835048
vt 0.311897 0.885668
vt 0.307775 0.809132
vt 0.305396 0.837065
vt 0.285453 0.871607
vt 0.498590 0.502092
vt 0.350915 0.680801
vt 0.291399 0.751611
vt 0.284471 0.819536
vt 0.260053 0.855736
vt 0.266622 0.779371
vt 0.256612 0.790799
vt 0.250147 0.798115
vt 0.235823 0.838132
vt 0.212879 0.818880
vt 0.222144 0.734625
vt 0.218509 0.754096
vt 0.211089 0.760441
vt 0.191335 0.798075
vt 0.498009 0.501556
vt 0.311212 0.639365
vt 0.236193 0.693764
vt 0.171294 0.775817
vt 0.185886 0.712449
vt 0.177655 0.717700
vt 0.152855 0.752216
vt 0.185147 0.682703
vt 0.136107 0.727386
vt 0.497630 0.500863
vt 0.283485 0.589646
vt 0.201674 0.634684
vt 0.159686 0.680948
vt 0.121132 0.701448
vt 0.162784 0.637108
vt 0.148580 0.642499
vt 0.139436 0.645923
vt 0.108002 0.674529
vt 0.096783 0.646759
vt 0.180191 0.569717
vt 0.144518 0.576717
vt 0.129501 0.606239
vt 0.087527 0.618275
vt 0.126632 0.566320
vt 0.116977 0.567768
vt 0.080282 0.589214
vt 0.075081 0.559719
vt 0.111273 0.513803
vt 0.071950 0.529932
vt 0.497525 0.499474
vt 0.501939 0.501627
vt 0.499824 0.502521
vt 0.059532 0.500000
vt 0.060605 0.469275
vt 0.206878 0.469275
vt 0.140550 0.500000
vt 0.140550 0.468737
vt 0.063819 0.438699
vt 0.206878 0.438699
vt 0.140550 0.437626
vt 0.069158 0.408422
vt 0.206878 0.408422
vt 0.140550 0.406818
vt 0.076595 0.378591
vt 0.206878 0.378591
vt 0.140550 0.376465
vt 0.086096 0.349351
vt 0.140550 0.346714
vt 0.097613 0.320846
vt 0.140550 0.317709
vt 0.206878 0.349351
vt 0.111090 0.293213
vt 0.140550 0.289592
vt 0.206878 0.320846
vt 0.126462 0.266588
vt 0.140550 0.262501
vt 0.206878 0.293213
vt 0.143654 0.241100
vt 0.140550 0.236567
vt 0.206878 0.266588
vt 0.162582 0.216873
vt 0.140550 0.211916
vt 0.206878 0.241100
vt 0.183154 0.194026
vt 0.140550 0.188668
vt 0.206878 0.216873
vt 0.205270 0.172669
vt 0.200109 0.140550
vt 0.183154 0.206878
vt 0.177607 0.140550
vt 0.228821 0.152907
vt 0.224073 0.140550
vt 0.205270 0.206878
vt 0.253694 0.134836
vt 0.249381 0.140550
vt 0.228821 0.206878
vt 0.279766 0.118544
vt 0.275910 0.140550
vt 0.253694 0.206878
vt 0.306912 0.104110
vt 0.303531 0.140550
vt 0.279766 0.206878
vt 0.334998 0.091606
vt 0.332109 0.140550
vt 0.306912 0.206878
vt 0.363888 0.081090
vt 0.361505 0.140550
vt 0.334998 0.206878
vt 0.393441 0.072616
vt 0.391576 0.140550
vt 0.363888 0.206878
vt 0.423514 0.066224
vt 0.422175 0.140550
vt 0.393441 0.206878
vt 0.453959 0.061945
vt 0.453153 0.140550
vt 0.423514 0.206878
vt 0.484628 0.059801
vt 0.484359 0.140550
vt 0.453959 0.206878
vt 0.515372 0.059801
vt 0.515642 0.140550
vt 0.484628 0.206878
vt 0.546042 0.061945
vt 0.546848 0.140550
vt 0.515372 0.206878
vt 0.576487 0.066224
vt 0.577826 0.140550
vt 0.546042 0.206878
vt 0.606559 0.072616
vt 0.608425 0.140550
vt 0.576487 0.206878
vt 0.636112 0.081091
vt 0.636112 0.206878
vt 0.638495 0.140550
vt 0.665002 0.091606
vt 0.665002 0.206878
vt 0.667891 0.140550
vt 0.693089 0.104111
vt 0.693089 0.206878
vt 0.696469 0.140550
vt 0.720234 0.118544
vt 0.720234 0.206878
vt 0.724090 0.140550
vt 0.746307 0.134836
vt 0.746307 0.206878
vt 0.750619 0.140550
vt 0.771179 0.152907
vt 0.771179 0.206878
vt 0.775927 0.140550
vt 0.794731 0.172669
vt 0.794731 0.206878
vt 0.799891 0.140550
vt 0.816846 0.194026
vt 0.816846 0.206878
vt 0.822394 0.140550
vt 0.837418 0.216873
vt 0.793122 0.216873
vt 0.859450 0.188668
vt 0.859450 0.211916
vt 0.856346 0.241100
vt 0.793122 0.241100
vt 0.859450 0.236567
vt 0.873538 0.266588
vt 0.793122 0.266588
vt 0.859450 0.262501
vt 0.888910 0.293213
vt 0.793122 0.293213
vt 0.859450 0.289593
vt 0.902387 0.320846
vt 0.793122 0.320846
vt 0.859450 0.317709
vt 0.913904 0.349351
vt 0.793122 0.349351
vt 0.859450 0.346714
vt 0.923405 0.378591
vt 0.793121 0.378591
vt 0.859450 0.376465
vt 0.930843 0.408422
vt 0.793121 0.408422
vt 0.859450 0.406818
vt 0.936181 0.438699
vt 0.793121 0.438699
vt 0.859450 0.437626
vt 0.939395 0.469275
vt 0.793121 0.469275
vt 0.859450 0.468737
vt 0.940468 0.500000
vt 0.793121 0.500000
vt 0.859450 0.500000
vt 0.939395 0.530726
vt 0.793121 0.530726
vt 0.859450 0.531264
vt 0.936181 0.561301
vt 0.793121 0.561301
vt 0.859450 0.562375
vt 0.930842 0.591579
vt 0.793121 0.591579
vt 0.859450 0.593182
vt 0.923405 0.621410
vt 0.793121 0.621410
vt 0.859450 0.623535
vt 0.913904 0.650649
vt 0.859450 0.653287
vt 0.902387 0.679155
vt 0.859450 0.682291
vt 0.793121 0.650649
vt 0.888910 0.706787
vt 0.859450 0.710408
vt 0.793121 0.679155
vt 0.873538 0.733413
vt 0.859450 0.737499
vt 0.793121 0.706787
vt 0.856346 0.758901
vt 0.859450 0.763434
vt 0.793121 0.733413
vt 0.837418 0.783127
vt 0.859450 0.788085
vt 0.793121 0.758901
vt 0.816846 0.805975
vt 0.859450 0.811332
vt 0.793121 0.783127
vt 0.794730 0.827331
vt 0.200109 0.140550
vt 0.183154 0.206879
vt 0.177606 0.140550
vt 0.771179 0.847094
vt 0.224073 0.140550
vt 0.205270 0.206879
vt 0.746306 0.865164
vt 0.249381 0.140550
vt 0.228821 0.206879
vt 0.720234 0.881456
vt 0.275910 0.140550
vt 0.253694 0.206879
vt 0.693088 0.895890
vt 0.303531 0.140550
vt 0.279766 0.206879
vt 0.665002 0.908395
vt 0.332109 0.140550
vt 0.306912 0.206878
vt 0.636112 0.918910
vt 0.361505 0.140550
vt 0.334998 0.206878
vt 0.606559 0.927384
vt 0.391576 0.140550
vt 0.363888 0.206878
vt 0.576487 0.933776
vt 0.422174 0.140550
vt 0.393441 0.206878
vt 0.546041 0.938055
vt 0.453152 0.140550
vt 0.423513 0.206878
vt 0.515372 0.940199
vt 0.484359 0.140550
vt 0.453959 0.206878
vt 0.484628 0.940199
vt 0.515641 0.140550
vt 0.484628 0.206878
vt 0.453959 0.938055
vt 0.546847 0.140550
vt 0.515372 0.206878
vt 0.423514 0.933776
vt 0.577826 0.140550
vt 0.546041 0.206878
vt 0.393441 0.927384
vt 0.608424 0.140550
vt 0.576486 0.206878
vt 0.363888 0.918910
vt 0.636112 0.206878
vt 0.638495 0.140550
vt 0.334998 0.908395
vt 0.665002 0.206878
vt 0.667891 0.140550
vt 0.306912 0.895890
vt 0.693088 0.206878
vt 0.696469 0.140550
vt 0.279766 0.881456
vt 0.720234 0.206878
vt 0.724090 0.140550
vt 0.253694 0.865164
vt 0.746306 0.206878
vt 0.750619 0.140550
vt 0.228821 0.847093
vt 0.771179 0.206878
vt 0.775927 0.140550
vt 0.205270 0.827331
vt 0.794730 0.206878
vt 0.799891 0.140550
vt 0.183154 0.805975
vt 0.816846 0.206878
vt 0.822393 0.140550
vt 0.162582 0.783127
vt 0.206878 0.783127
vt 0.140550 0.811332
vt 0.140550 0.788084
vt 0.143654 0.758901
vt 0.206878 0.758901
vt 0.140550 0.763434
vt 0.126462 0.733412
vt 0.206878 0.733412
vt 0.140550 0.737499
vt 0.111090 0.706787
vt 0.206878 0.706787
vt 0.140550 0.710408
vt 0.097613 0.679154
vt 0.206878 0.679154
vt 0.140550 0.682291
vt 0.086096 0.650649
vt 0.206878 0.650649
vt 0.140550 0.653287
vt 0.076595 0.621409
vt 0.206878 0.621409
vt 0.140550 0.623535
vt 0.069158 0.591578
vt 0.206878 0.591578
vt 0.140550 0.593182
vt 0.063819 0.561301
vt 0.206878 0.561301
vt 0.140550 0.562375
vt 0.060605 0.530725
vt 0.206878 0.530725
vt 0.140550 0.531263
vt 0.206878 0.500000
vt 0.206878 0.194026
vt 0.606559 0.206878
vt 0.793122 0.194026
vt 0.793121 0.805975
vt 0.606559 0.206878
vt 0.206878 0.805975
s 0
f 4/1/1 2/2/2 5/3/3
f 5/4/4 3/5/5 6/6/6
f 7/7/7 5/3/8 8/8/9
f 8/9/9 6/6/10 9/10/11
f 10/11/12 8/8/9 11/12/13
f 11/13/13 9/10/11 12/14/14
f 14/15/15 10/11/12 11/12/16
f 17/16/17 13/17/18 14/15/15
f 17/16/17 14/15/15 15/18/19
f 20/19/20 16/20/21 17/16/17
f 21/21/22 17/16/17 18/22/23
f 23/23/24 19/24/25 20/19/20
f 24/25/26 20/19/20 21/21/27
f 26/26/28 22/27/29 23/23/30
f 27/28/31 23/23/24 24/25/26
f 29/29/32 25/30/33 26/26/28
f 30/31/34 26/26/28 27/28/31
f 32/32/35 28/33/36 29/29/32
f 33/34/37 29/29/32 30/31/34
f 35/35/38 31/36/39 32/32/35
f 36/37/40 32/32/41 33/34/37
f 38/38/42 34/39/43 35/35/38
f 39/40/44 35/35/38 36/37/40
f 41/41/45 37/42/46 38/38/42
f 42/43/47 38/38/42 39/40/48
f 44/44/49 40/45/50 41/41/45
f 45/46/51 41/41/45 42/43/47
f 47/47/52 43/48/53 44/44/54
f 48/49/55 44/44/54 45/46/51
f 50/50/56 46/51/57 47/47/52
f 51/52/58 47/47/52 48/49/55
f 53/53/59 49/54/60 50/50/56
f 54/55/61 50/50/56 51/52/58
f 56/56/62 52/57/63 53/53/59
f 57/58/64 53/53/59 54/55/61
f 59/59/65 55/60/66 56/56/62
f 60/61/67 56/62/62 57/63/68
f 62/64/69 58/65/70 59/59/65
f 63/66/71 59/67/65 60/61/72
f 65/68/73 61/69/74 62/64/69
f 66/70/75 62/71/69 63/66/71
f 68/72/76 64/73/77 65/68/73
f 69/74/78 65/75/79 66/70/75
f 71/76/80 67/77/81 68/72/82
f 72/78/83 68/79/82 69/74/78
f 74/80/84 70/81/85 71/76/80
f 75/82/86 71/83/87 72/78/83
f 77/84/88 73/85/89 74/80/84
f 78/86/90 74/87/84 75/82/86
f 80/88/91 76/89/92 77/84/93
f 80/90/91 78/86/94 81/91/95
f 82/92/96 80/88/91 83/93/97
f 83/94/97 81/91/95 84/95/98
f 85/96/99 83/93/97 86/97/100
f 86/97/100 84/98/98 87/99/101
f 88/100/102 86/97/100 89/101/103
f 89/101/103 87/99/101 90/102/104
f 91/103/105 89/101/103 92/104/106
f 92/104/106 90/102/104 93/105/107
f 94/106/108 92/104/106 95/107/109
f 95/107/109 93/105/107 96/108/110
f 97/109/111 95/107/109 98/110/112
f 98/110/112 96/108/113 99/111/114
f 100/112/115 98/110/112 101/113/116
f 101/113/116 99/111/117 102/114/118
f 103/115/119 101/113/116 104/116/120
f 104/116/120 102/114/121 105/117/122
f 106/118/123 104/116/120 107/119/124
f 107/119/124 105/117/122 108/120/125
f 109/121/126 107/119/127 110/122/128
f 110/122/128 108/120/125 111/123/129
f 112/124/130 110/122/128 113/125/131
f 113/125/132 111/123/133 114/126/134
f 115/127/135 113/125/136 116/128/137
f 116/128/137 114/126/138 117/129/139
f 118/130/140 116/128/137 119/131/141
f 119/131/142 117/129/139 120/132/143
f 121/133/144 119/131/142 122/134/145
f 122/134/145 120/132/143 123/135/146
f 124/136/147 122/134/145 125/137/148
f 125/137/148 123/135/146 126/138/149
f 127/139/150 125/137/148 128/140/151
f 128/141/151 126/142/149 129/143/152
f 130/144/153 128/140/151 131/145/154
f 131/146/154 129/143/152 132/147/155
f 133/148/156 131/145/154 134/149/157
f 134/150/157 132/147/155 135/151/158
f 136/152/159 134/149/157 137/153/160
f 137/154/161 135/151/162 138/155/163
f 139/156/164 137/153/161 140/157/165
f 140/158/166 138/155/167 141/159/168
f 142/160/169 140/157/166 143/161/170
f 143/162/171 141/159/172 144/163/173
f 145/164/174 143/161/171 146/165/175
f 146/165/176 143/161/170 147/166/177
f 148/167/178 145/164/179 149/168/180
f 150/169/181 146/165/175 147/166/177
f 151/170/182 148/167/178 149/168/180
f 152/171/183 149/168/180 150/169/181
f 155/172/184 151/170/182 152/171/183
f 156/173/185 152/171/183 153/174/186
f 158/175/187 154/176/188 155/172/184
f 159/177/189 155/172/190 156/173/185
f 161/178/191 157/179/192 158/175/187
f 162/180/193 158/175/194 159/177/189
f 164/181/195 160/182/196 161/178/191
f 165/183/197 161/178/191 162/180/198
f 167/184/199 163/185/200 164/181/195
f 168/186/201 164/181/195 165/183/197
f 170/187/202 166/188/203 167/184/199
f 171/189/204 167/184/205 168/186/201
f 173/190/206 169/191/207 170/187/202
f 174/192/208 170/187/202 171/189/204
f 176/193/209 172/194/210 173/190/206
f 177/195/211 173/190/212 174/192/208
f 179/196/213 175/197/214 176/193/209
f 180/198/215 176/193/209 177/195/211
f 182/199/216 178/200/217 179/196/213
f 183/201/218 179/196/213 180/198/215
f 185/202/219 181/203/220 182/199/221
f 186/204/222 182/199/221 183/201/218
f 188/205/223 184/206/224 185/202/219
f 189/207/225 185/202/219 186/204/226
f 191/208/227 187/209/228 188/205/229
f 192/210/230 188/205/229 189/207/231
f 194/211/232 190/212/233 191/208/227
f 195/213/234 191/214/227 192/215/230
f 197/216/235 193/217/236 194/211/237
f 198/218/238 194/219/237 195/213/234
f 200/220/239 196/221/240 197/216/235
f 201/222/241 197/223/235 198/218/242
f 203/224/243 199/225/244 200/220/245
f 204/226/246 200/227/239 201/222/247
f 206/228/248 202/229/249 203/224/243
f 207/230/250 203/231/243 204/226/246
f 209/232/251 205/233/252 206/228/248
f 210/234/253 206/235/254 207/230/255
f 212/236/256 208/237/257 209/232/251
f 213/238/258 209/239/251 210/234/253
f 215/240/259 211/241/260 212/236/256
f 215/242/259 213/238/258 216/243/261
f 217/244/262 215/240/259 218/245/263
f 218/245/263 215/240/259 219/246/264
f 220/247/265 218/245/263 221/248/266
f 221/248/266 219/246/264 222/249/267
f 223/250/268 221/248/266 224/251/269
f 224/251/269 222/249/267 225/252/270
f 226/253/271 224/251/269 227/254/272
f 227/254/272 225/252/270 228/255/273
f 229/256/274 227/254/272 230/257/275
f 230/257/275 228/255/273 231/258/276
f 232/259/277 230/257/275 233/260/278
f 233/260/278 231/258/276 234/261/279
f 235/262/280 233/260/278 236/263/281
f 236/263/281 234/261/282 237/264/283
f 238/265/284 236/263/281 239/266/285
f 239/266/285 237/264/286 240/267/287
f 241/268/288 239/266/285 242/269/289
f 242/269/289 240/267/287 243/270/290
f 244/271/291 242/269/289 245/272/292
f 245/272/292 243/270/290 246/273/293
f 247/274/294 245/272/292 248/275/295
f 248/275/295 246/273/296 249/276/297
f 250/277/298 248/275/299 251/278/300
f 251/278/300 249/276/301 252/279/302
f 253/280/303 251/278/304 254/281/305
f 254/281/305 252/279/306 255/282/307
f 256/283/308 254/281/305 257/284/309
f 257/284/309 255/282/310 258/285/311
f 259/286/312 257/284/309 260/287/313
f 260/287/313 258/285/311 261/288/314
f 262/289/315 260/287/313 263/290/316
f 263/291/316 261/292/314 264/293/317
f 265/294/318 263/290/316 266/295/319
f 266/296/319 264/293/317 267/297/320
f 268/298/321 266/295/319 269/299/322
f 269/300/322 267/297/320 270/301/323
f 1/302/324 269/299/322 2/2/325
f 2/303/2 270/301/326 3/5/5
f 282/304/327 271/305/328 283/306/329
f 284/307/330 283/306/329 285/308/331
f 287/309/332 284/307/333 285/308/331
f 289/310/334 286/311/335 287/309/332
f 272/312/336 288/313/337 289/310/338
f 273/314/339 291/315/340 292/316/341
f 297/317/342 294/318/343 295/319/344
f 299/320/345 296/321/346 297/317/342
f 301/322/347 298/323/348 299/320/345
f 303/324/349 300/325/350 301/326/347
f 305/327/351 302/328/352 303/329/349
f 307/330/353 304/331/354 305/327/351
f 309/332/355 306/333/356 307/330/353
f 311/334/357 308/335/358 309/332/359
f 313/336/360 310/337/361 311/334/357
f 315/338/362 312/339/363 313/336/360
f 317/340/364 314/341/365 315/338/362
f 319/342/366 316/343/367 317/340/368
f 321/344/369 318/345/370 319/342/366
f 274/346/371 320/347/372 321/344/369
f 323/348/373 274/346/371 324/349/374
f 324/349/374 274/346/371 322/350/375
f 325/351/376 324/349/374 326/352/377
f 327/353/378 326/352/377 328/354/379
f 329/355/380 328/354/379 330/356/381
f 332/357/382 275/358/383 333/359/384
f 334/360/385 333/359/386 335/361/387
f 336/362/388 335/361/387 337/363/389
f 338/364/390 337/363/389 339/365/391
f 340/366/392 339/365/391 341/367/393
f 342/368/394 341/367/393 343/369/395
f 344/370/396 343/371/395 345/372/397
f 346/373/398 345/374/397 347/375/399
f 348/376/400 347/375/401 349/377/400
f 276/378/402 348/376/403 349/377/400
f 276/378/402 349/377/400 350/379/404
f 351/380/405 276/378/406 352/381/407
f 353/382/408 352/381/407 354/383/409
f 355/384/410 354/383/409 356/385/411
f 357/386/412 356/385/411 358/387/413
f 359/388/414 358/387/413 360/389/415
f 361/390/416 360/389/415 362/391/417
f 363/392/418 362/391/417 364/393/419
f 365/394/420 364/393/419 366/395/421
f 367/396/422 366/395/423 368/397/424
f 369/398/425 368/397/424 370/399/426
f 371/400/427 370/399/426 372/401/427
f 277/402/428 371/400/429 372/401/427
f 277/402/430 372/401/431 373/403/432
f 374/404/433 277/402/430 375/405/434
f 377/406/435 374/404/433 375/405/434
f 379/407/436 376/408/437 377/406/435
f 381/409/438 378/410/439 379/407/436
f 383/411/440 380/412/441 381/409/438
f 385/413/442 382/414/443 383/411/440
f 387/415/444 384/416/445 385/413/442
f 389/417/446 386/418/447 387/419/444
f 391/420/448 388/421/449 389/422/450
f 393/423/451 390/424/452 391/420/453
f 395/425/454 392/426/455 393/423/451
f 397/427/456 394/428/457 395/425/458
f 399/429/459 396/430/460 397/427/456
f 401/431/461 398/432/462 399/429/459
f 403/433/463 400/434/464 401/431/465
f 278/435/466 402/436/467 403/433/463
f 408/437/468 405/438/469 406/439/470
f 410/440/471 407/441/472 408/437/468
f 279/442/473 409/443/474 410/440/471
f 415/444/475 412/445/476 413/446/477
f 280/447/478 414/448/479 415/444/475
f 280/447/480 415/444/475 416/449/481
f 417/450/482 280/447/478 418/451/483
f 419/452/484 418/451/483 420/453/485
f 421/454/486 420/453/487 422/455/488
f 423/456/489 422/455/488 424/457/490
f 425/458/491 424/457/490 426/459/492
f 427/460/493 426/459/492 428/461/494
f 429/462/495 428/463/494 430/464/496
f 431/465/497 430/466/496 432/467/498
f 433/468/499 432/467/498 434/469/500
f 435/470/501 434/469/502 436/471/503
f 437/472/504 436/471/505 438/473/506
f 439/474/507 438/473/506 440/475/508
f 441/476/509 440/475/508 442/477/510
f 443/478/511 442/477/510 444/479/512
f 445/480/513 444/479/512 446/481/514
f 447/482/515 446/481/516 448/483/517
f 449/484/518 448/483/517 450/485/519
f 281/486/520 450/485/521 271/305/328
f 4/1/1 1/302/324 2/2/2
f 5/4/4 2/303/2 3/5/5
f 7/7/7 4/1/1 5/3/8
f 8/9/9 5/4/522 6/6/6
f 10/11/12 7/7/7 8/8/9
f 11/13/13 8/9/9 9/10/11
f 14/15/15 13/17/18 10/11/12
f 15/18/523 14/15/15 11/12/13
f 15/487/523 11/13/13 12/14/14
f 17/16/17 16/20/21 13/17/524
f 18/22/525 17/16/17 15/18/523
f 20/19/20 19/24/25 16/20/21
f 21/21/27 20/19/20 17/16/17
f 23/23/30 22/27/29 19/24/25
f 24/25/26 23/23/30 20/19/526
f 26/26/28 25/30/33 22/27/29
f 27/28/527 26/26/28 23/23/24
f 29/29/32 28/33/36 25/30/33
f 30/31/34 29/29/32 26/26/28
f 32/32/35 31/36/39 28/33/36
f 33/34/37 32/32/41 29/29/32
f 35/35/38 34/39/43 31/36/39
f 36/37/40 35/35/38 32/32/41
f 38/38/42 37/42/46 34/39/43
f 39/40/44 38/38/42 35/35/38
f 41/41/45 40/45/50 37/42/46
f 42/43/47 41/41/45 38/38/528
f 44/44/54 43/48/53 40/45/50
f 45/46/51 44/44/54 41/41/45
f 47/47/52 46/51/57 43/48/53
f 48/49/55 47/47/52 44/44/49
f 50/50/56 49/54/60 46/51/57
f 51/52/529 50/50/56 47/47/52
f 53/53/59 52/57/63 49/54/60
f 54/55/61 53/53/530 50/50/56
f 56/56/62 55/60/66 52/57/63
f 57/58/64 56/56/62 53/53/59
f 59/59/65 58/65/70 55/60/66
f 60/61/67 59/67/65 56/62/531
f 62/64/69 61/69/74 58/65/70
f 63/66/71 62/71/69 59/67/65
f 65/68/73 64/73/532 61/69/74
f 66/70/75 65/75/73 62/71/69
f 68/72/82 67/77/81 64/73/532
f 69/74/533 68/79/76 65/75/73
f 71/76/80 70/81/85 67/77/81
f 72/78/534 71/83/80 68/79/82
f 74/80/84 73/85/535 70/81/85
f 75/82/86 74/87/84 71/83/536
f 77/84/93 76/89/92 73/85/535
f 78/86/537 77/488/88 74/87/84
f 80/88/91 79/489/538 76/89/92
f 80/90/91 77/488/93 78/86/90
f 82/92/96 79/489/538 80/88/91
f 83/94/97 80/90/91 81/91/95
f 85/96/99 82/92/96 83/93/97
f 86/97/100 83/93/97 84/98/98
f 88/100/102 85/96/99 86/97/100
f 89/101/539 86/97/100 87/99/101
f 91/103/105 88/100/102 89/101/103
f 92/104/106 89/101/103 90/102/104
f 94/106/108 91/103/105 92/104/106
f 95/107/109 92/104/106 93/105/540
f 97/109/111 94/106/108 95/107/109
f 98/110/112 95/107/109 96/108/113
f 100/112/115 97/109/111 98/110/112
f 101/113/116 98/110/112 99/111/117
f 103/115/119 100/112/115 101/113/116
f 104/116/120 101/113/116 102/114/121
f 106/118/541 103/115/119 104/116/120
f 107/119/124 104/116/120 105/117/122
f 109/121/542 106/118/541 107/119/124
f 110/122/543 107/119/124 108/120/125
f 112/124/130 109/121/542 110/122/128
f 113/125/131 110/122/128 111/123/129
f 115/127/135 112/124/130 113/125/131
f 116/128/544 113/125/136 114/126/138
f 118/130/140 115/127/135 116/128/137
f 119/131/141 116/128/137 117/129/545
f 121/133/144 118/130/140 119/131/141
f 122/134/145 119/131/141 120/132/143
f 124/136/147 121/133/144 122/134/145
f 125/137/148 122/134/145 123/135/146
f 127/139/150 124/136/147 125/137/148
f 128/141/151 125/490/148 126/142/149
f 130/144/153 127/139/150 128/140/151
f 131/146/154 128/141/151 129/143/152
f 133/148/156 130/144/546 131/145/154
f 134/150/157 131/146/154 132/147/155
f 136/152/547 133/148/156 134/149/157
f 137/154/160 134/150/157 135/151/162
f 139/156/164 136/152/548 137/153/161
f 140/158/549 137/154/161 138/155/167
f 142/160/169 139/156/164 140/157/549
f 143/162/170 140/158/165 141/159/168
f 145/164/174 142/160/550 143/161/171
f 147/491/177 143/162/171 144/163/173
f 149/168/180 145/164/174 146/165/175
f 150/169/181 149/168/180 146/165/176
f 152/171/183 151/170/182 149/168/180
f 153/174/551 152/171/183 150/169/552
f 155/172/184 154/176/188 151/170/182
f 156/173/185 155/172/190 152/171/183
f 158/175/187 157/179/192 154/176/553
f 159/177/189 158/175/187 155/172/184
f 161/178/191 160/182/196 157/179/192
f 162/180/198 161/178/191 158/175/187
f 164/181/195 163/185/200 160/182/196
f 165/183/197 164/181/195 161/178/191
f 167/184/205 166/188/203 163/185/200
f 168/186/554 167/184/199 164/181/195
f 170/187/202 169/191/207 166/188/203
f 171/189/204 170/187/202 167/184/205
f 173/190/206 172/194/210 169/191/207
f 174/192/555 173/190/212 170/187/202
f 176/193/209 175/197/214 172/194/210
f 177/195/211 176/193/209 173/190/212
f 179/196/213 178/200/217 175/197/214
f 180/198/215 179/196/556 176/193/209
f 182/199/216 181/203/220 178/200/217
f 183/201/218 182/199/216 179/196/556
f 185/202/219 184/206/224 181/203/220
f 186/204/222 185/202/219 182/199/221
f 188/205/223 187/209/228 184/206/224
f 189/207/225 188/205/223 185/202/219
f 191/208/227 190/212/233 187/209/557
f 192/210/558 191/208/227 188/205/229
f 194/211/237 193/217/236 190/212/233
f 195/213/234 194/219/237 191/214/227
f 197/216/559 196/221/240 193/217/236
f 198/218/238 197/223/559 194/219/237
f 200/220/239 199/225/244 196/221/240
f 201/222/247 200/227/239 197/223/235
f 203/224/243 202/229/249 199/225/244
f 204/226/246 203/231/243 200/227/245
f 206/228/248 205/233/252 202/229/249
f 207/230/255 206/235/248 203/231/560
f 209/232/251 208/237/257 205/233/252
f 210/234/253 209/239/251 206/235/248
f 212/236/256 211/241/260 208/237/257
f 213/238/258 212/492/256 209/239/251
f 215/240/259 214/493/561 211/241/260
f 215/242/259 212/492/256 213/238/562
f 217/244/563 214/493/561 215/240/259
f 219/494/564 215/242/259 216/243/261
f 220/247/265 217/244/262 218/245/263
f 221/248/266 218/245/263 219/246/264
f 223/250/268 220/247/265 221/248/266
f 224/251/269 221/248/266 222/249/267
f 226/253/271 223/250/268 224/251/269
f 227/254/272 224/251/269 225/252/270
f 229/256/274 226/253/271 227/254/272
f 230/257/275 227/254/272 228/255/565
f 232/259/277 229/256/274 230/257/275
f 233/260/278 230/257/275 231/258/566
f 235/262/280 232/259/277 233/260/278
f 236/263/281 233/260/278 234/261/282
f 238/265/284 235/262/280 236/263/281
f 239/266/285 236/263/281 237/264/283
f 241/268/288 238/265/284 239/266/285
f 242/269/289 239/266/285 240/267/567
f 244/271/291 241/268/288 242/269/289
f 245/272/292 242/269/289 243/270/290
f 247/274/294 244/271/568 245/272/292
f 248/275/569 245/272/292 246/273/296
f 250/277/298 247/274/294 248/275/299
f 251/278/304 248/275/295 249/276/301
f 253/280/303 250/277/298 251/278/300
f 254/281/305 251/278/300 252/279/302
f 256/283/308 253/280/303 254/281/305
f 257/284/309 254/281/570 255/282/310
f 259/286/571 256/283/308 257/284/309
f 260/287/313 257/284/309 258/285/311
f 262/289/315 259/286/312 260/287/313
f 263/291/316 260/495/313 261/292/572
f 265/294/318 262/289/315 263/290/316
f 266/296/319 263/291/316 264/293/317
f 268/298/321 265/294/573 266/295/319
f 269/300/322 266/296/319 267/297/320
f 1/302/574 268/298/321 269/299/322
f 2/303/2 269/300/322 270/301/323
f 282/304/327 281/486/575 271/305/328
f 284/307/333 282/304/576 283/306/329
f 287/309/332 286/311/335 284/307/333
f 289/310/338 288/313/577 286/311/578
f 290/496/579 272/312/580 289/310/338
f 292/316/341 291/315/581 272/312/336
f 292/316/341 272/312/336 290/496/579
f 293/497/582 273/314/583 292/316/341
f 295/319/344 294/318/343 273/314/339
f 295/319/344 273/314/339 293/497/582
f 297/317/342 296/321/346 294/318/584
f 299/320/345 298/323/348 296/321/585
f 301/322/347 300/498/586 298/323/587
f 303/324/349 302/499/352 300/325/588
f 305/327/351 304/331/589 302/328/352
f 307/330/353 306/333/590 304/331/591
f 309/332/355 308/335/358 306/333/592
f 311/334/357 310/337/593 308/335/358
f 313/336/360 312/339/363 310/337/594
f 315/338/595 314/341/365 312/339/596
f 317/340/597 316/343/598 314/341/599
f 319/342/600 318/345/370 316/343/598
f 321/344/369 320/347/372 318/345/370
f 322/350/375 274/346/371 321/344/369
f 325/351/601 323/348/373 324/349/374
f 327/353/602 325/351/601 326/352/377
f 329/355/603 327/353/604 328/354/605
f 275/358/606 329/355/603 330/356/381
f 331/500/607 275/358/608 330/356/381
f 333/359/386 275/358/383 331/500/607
f 334/360/609 332/357/610 333/359/386
f 336/362/611 334/360/612 335/361/613
f 338/364/614 336/362/615 337/363/389
f 340/366/616 338/364/614 339/365/391
f 342/368/617 340/366/616 341/367/393
f 344/370/618 342/501/619 343/371/395
f 346/373/620 344/502/618 345/374/397
f 348/376/403 346/373/620 347/375/401
f 352/381/407 276/378/402 350/379/621
f 353/382/622 351/380/405 352/381/407
f 355/384/410 353/382/623 354/383/409
f 357/386/624 355/384/625 356/385/411
f 359/388/626 357/386/627 358/387/413
f 361/390/628 359/388/626 360/389/415
f 363/392/629 361/390/628 362/391/417
f 365/394/630 363/392/631 364/393/419
f 367/396/632 365/394/633 366/395/421
f 369/398/634 367/396/632 368/397/424
f 371/400/429 369/398/635 370/399/426
f 375/405/434 277/402/428 373/403/636
f 377/406/435 376/408/637 374/404/433
f 379/407/436 378/410/439 376/408/638
f 381/409/438 380/412/441 378/410/639
f 383/411/440 382/414/640 380/412/641
f 385/413/442 384/416/642 382/414/443
f 387/415/444 386/503/643 384/416/644
f 389/417/446 388/192/645 386/418/646
f 391/420/448 390/424/647 388/421/648
f 393/423/451 392/426/649 390/424/650
f 395/425/458 394/428/651 392/426/652
f 397/427/456 396/430/653 394/428/654
f 399/429/459 398/432/655 396/430/656
f 401/431/465 400/434/657 398/432/658
f 403/433/463 402/436/467 400/434/659
f 404/504/660 278/435/661 403/433/463
f 406/439/470 405/438/469 278/435/662
f 406/439/470 278/435/662 404/504/663
f 408/437/468 407/441/472 405/438/664
f 410/440/471 409/443/665 407/441/666
f 411/505/667 279/442/667 410/440/471
f 413/446/477 412/445/476 279/442/473
f 413/446/477 279/442/473 411/505/667
f 415/444/475 414/448/668 412/445/476
f 418/451/483 280/447/478 416/449/481
f 419/452/669 417/450/482 418/451/483
f 421/454/486 419/452/669 420/453/487
f 423/456/670 421/454/671 422/455/488
f 425/458/672 423/456/673 424/457/490
f 427/460/674 425/458/675 426/459/492
f 429/462/676 427/506/677 428/463/678
f 431/465/679 429/507/676 430/466/496
f 433/468/680 431/465/681 432/467/498
f 435/470/682 433/468/683 434/469/500
f 437/472/684 435/470/682 436/471/505
f 439/474/685 437/472/686 438/473/506
f 441/476/687 439/474/685 440/475/508
f 443/478/511 441/476/688 442/477/510
f 445/480/689 443/478/690 444/479/512
f 447/482/691 445/480/692 446/481/514
f 449/484/693 447/482/691 448/483/517
f 281/486/575 449/484/694 450/485/695
f 453/508/696 452/509/697 454/510/698
f 633/511/699 452/509/697 632/512/700
f 456/513/701 453/508/702 454/510/703
f 634/514/704 454/510/703 633/511/699
f 457/515/705 456/513/706 458/516/707
f 635/517/708 456/513/701 634/514/704
f 459/310/709 458/516/710 460/518/711
f 636/519/712 458/516/707 635/517/708
f 461/496/713 460/518/714 462/520/715
f 637/521/716 460/518/711 636/519/712
f 463/522/717 461/496/713 462/520/718
f 463/522/717 462/520/715 464/523/719
f 638/524/720 462/520/715 637/521/716
f 466/525/721 463/522/717 464/523/719
f 638/524/720 466/525/721 464/523/719
f 468/526/722 465/497/723 466/525/721
f 640/527/724 466/525/721 639/528/725
f 470/529/726 467/530/727 468/526/722
f 641/531/728 468/526/722 640/527/724
f 472/532/729 469/317/730 470/529/731
f 472/532/732 641/531/733 642/533/734
f 474/534/735 471/535/736 472/532/729
f 643/536/737 472/532/729 642/533/734
f 476/537/738 473/538/739 474/539/735
f 644/540/740 474/539/741 643/541/737
f 477/542/742 475/543/743 476/537/744
f 477/542/742 476/537/744 478/544/745
f 645/545/746 476/537/747 644/540/740
f 480/546/748 477/542/742 478/544/745
f 480/546/748 645/545/746 646/547/749
f 482/548/750 479/330/751 480/546/748
f 647/549/752 480/546/748 646/547/749
f 484/550/753 481/551/754 482/548/750
f 647/549/752 484/550/753 482/548/750
f 486/552/755 483/553/756 484/550/753
f 649/554/757 484/550/753 648/555/758
f 488/556/759 485/557/760 486/552/761
f 650/558/762 486/552/761 649/554/757
f 490/559/763 487/560/764 488/556/759
f 651/561/765 488/556/759 650/558/762
f 492/562/766 489/340/767 490/559/768
f 652/563/769 490/559/770 651/561/765
f 494/564/771 491/342/772 492/562/773
f 653/565/774 492/562/766 652/563/769
f 496/566/775 493/567/776 494/564/777
f 654/568/778 494/564/771 653/565/774
f 498/569/779 495/350/780 496/566/781
f 655/570/782 496/566/775 654/568/778
f 499/571/783 497/572/784 498/569/785
f 656/573/786 498/569/785 655/570/782
f 501/354/787 499/571/788 502/574/789
f 502/574/790 499/571/788 500/575/791
f 502/574/792 656/573/786 657/576/793
f 503/577/794 502/574/790 504/578/795
f 658/579/796 502/574/792 657/576/793
f 505/500/797 504/578/798 506/580/799
f 659/581/800 504/578/801 658/579/796
f 508/582/802 505/500/803 506/580/804
f 660/583/805 506/580/799 659/581/800
f 510/584/806 507/585/807 508/582/802
f 661/586/808 508/582/802 660/583/805
f 511/587/809 510/584/806 512/588/810
f 662/589/811 510/584/806 661/586/808
f 513/590/812 512/588/810 514/591/813
f 663/592/814 512/588/815 662/589/811
f 515/593/816 514/591/817 516/594/818
f 664/595/819 514/591/820 663/592/814
f 517/369/821 516/594/822 518/596/823
f 665/597/824 516/594/822 664/595/819
f 519/598/825 518/596/823 520/599/826
f 666/600/827 518/596/828 665/597/824
f 521/375/829 520/601/830 522/602/831
f 522/602/831 666/603/832 667/604/833
f 523/605/834 522/602/831 524/606/835
f 668/607/836 522/602/831 667/604/833
f 525/379/837 524/606/835 526/608/838
f 669/609/839 524/606/835 668/607/840
f 527/381/841 526/608/842 528/610/843
f 670/611/844 526/608/845 669/609/839
f 529/612/846 528/610/843 530/613/847
f 671/614/848 528/610/849 670/611/844
f 531/615/850 530/613/851 532/616/852
f 672/617/853 530/613/847 671/614/848
f 533/618/854 532/616/855 534/619/856
f 672/617/853 534/619/856 532/616/855
f 535/389/857 534/619/856 536/620/858
f 674/621/859 534/619/856 673/622/860
f 537/623/861 536/620/862 538/624/863
f 675/625/864 536/620/862 674/621/859
f 539/626/865 538/624/863 540/627/866
f 676/628/867 538/624/863 675/625/864
f 541/629/868 540/627/869 542/630/870
f 677/631/871 540/627/872 676/628/867
f 543/397/873 542/630/870 544/632/874
f 678/633/875 542/630/876 677/631/871
f 545/399/877 544/632/874 546/634/878
f 679/635/879 544/632/880 678/633/875
f 548/636/881 545/399/877 546/634/878
f 680/637/882 546/634/878 679/635/883
f 550/638/884 547/401/885 548/636/886
f 681/639/887 548/636/881 680/637/882
f 552/640/888 549/403/889 550/638/890
f 682/641/891 550/638/884 681/639/887
f 554/642/892 551/643/893 552/640/894
f 683/644/895 552/640/888 682/641/891
f 556/645/896 553/406/897 554/642/892
f 684/646/898 554/642/892 683/644/895
f 557/647/899 556/645/900 558/648/901
f 685/649/902 556/645/903 684/646/898
f 559/650/904 558/648/905 560/651/906
f 686/652/907 558/648/901 685/649/902
f 562/653/908 559/650/909 560/651/910
f 687/654/911 560/651/910 686/652/912
f 564/655/913 561/413/914 562/653/915
f 688/656/916 562/653/915 687/654/917
f 566/657/918 563/658/919 564/659/920
f 689/660/921 564/659/913 688/661/922
f 568/662/923 565/663/924 566/657/925
f 690/664/926 566/657/927 689/660/921
f 570/665/928 567/666/929 568/662/930
f 691/667/931 568/662/923 690/664/932
f 572/668/933 569/423/934 570/665/935
f 572/668/936 691/667/937 692/669/938
f 574/670/939 571/425/940 572/668/941
f 693/671/942 572/668/933 692/669/938
f 576/672/943 573/673/944 574/670/939
f 694/674/945 574/670/946 693/671/947
f 578/675/948 575/429/949 576/672/950
f 695/676/951 576/672/943 694/674/945
f 580/677/952 577/678/953 578/675/948
f 696/679/954 578/675/948 695/676/951
f 582/680/955 579/433/956 580/677/952
f 582/680/957 696/679/954 697/681/958
f 584/682/959 581/504/960 582/680/957
f 697/681/958 584/682/961 582/680/962
f 586/683/963 583/684/964 584/682/959
f 699/685/965 584/682/959 698/686/966
f 588/687/967 585/688/968 586/683/969
f 700/689/970 586/683/963 699/685/965
f 590/690/971 587/440/972 588/687/967
f 701/691/973 588/687/974 700/689/970
f 592/692/975 589/505/976 590/690/971
f 702/693/977 590/690/978 701/691/973
f 593/694/979 591/695/980 592/692/981
f 593/694/979 592/692/981 594/696/982
f 703/697/983 592/692/981 702/693/977
f 595/449/984 593/694/979 596/698/985
f 596/698/985 593/694/979 594/696/986
f 704/699/987 594/696/982 703/697/988
f 597/700/989 596/698/985 598/701/990
f 704/699/987 598/701/990 596/698/985
f 599/702/991 598/701/990 600/703/992
f 706/704/993 598/701/990 705/705/994
f 601/706/995 600/703/996 602/707/997
f 602/707/997 706/704/998 707/708/999
f 603/709/1000 602/707/997 604/710/1001
f 708/711/1002 602/707/997 707/708/999
f 605/712/1003 604/710/1004 606/713/1005
f 709/595/1006 604/710/1001 708/711/1002
f 607/714/1007 605/712/1008 606/713/1005
f 607/714/1009 606/713/1005 608/715/1010
f 710/716/1011 606/713/1005 709/595/1006
f 609/717/1012 607/714/1007 610/718/1013
f 610/718/1013 710/716/1011 711/719/1014
f 611/467/1015 610/720/1013 612/721/1016
f 712/722/1017 610/720/1013 711/723/1014
f 613/469/1018 612/721/1019 614/724/1020
f 713/725/1021 612/721/1019 712/722/1017
f 615/726/1022 614/724/1023 616/727/1024
f 714/728/1025 614/724/1026 713/725/1021
f 617/729/1027 616/727/1028 618/730/1029
f 714/728/1030 618/730/1029 616/727/1031
f 619/475/1032 618/730/1029 620/731/1033
f 716/732/1034 618/730/1029 715/733/1035
f 621/477/1036 620/731/1037 622/734/1038
f 717/735/1039 620/731/1033 716/732/1034
f 623/479/1040 622/734/1041 624/736/1042
f 718/737/1043 622/734/1044 717/735/1039
f 625/738/1045 624/736/1042 626/739/1046
f 719/740/1047 624/736/1048 718/737/1043
f 627/483/1049 626/739/1050 628/741/1051
f 720/742/1052 626/739/1053 719/740/1054
f 629/743/1055 628/741/1051 630/744/1056
f 631/745/1057 628/741/1058 720/742/1052
f 451/305/1059 630/744/1060 452/509/1061
f 632/512/700 630/744/1062 631/745/1057
f 453/508/702 451/305/1063 452/509/1061
f 633/511/699 454/510/1064 452/509/1061
f 456/513/1065 455/308/1066 453/508/696
f 634/514/704 456/513/701 454/510/703
f 457/515/705 455/308/1067 456/513/706
f 635/517/708 458/516/1068 456/513/701
f 459/310/709 457/515/705 458/516/710
f 636/519/712 460/518/1069 458/516/707
f 461/496/713 459/310/709 460/518/711
f 637/521/716 462/520/1070 460/518/711
f 638/524/720 464/523/719 462/520/1071
f 466/525/721 465/497/723 463/522/717
f 638/524/1072 639/528/725 466/525/721
f 468/526/722 467/530/727 465/497/723
f 640/527/724 468/526/1073 466/525/721
f 470/529/731 469/317/1074 467/530/727
f 641/531/728 470/529/726 468/526/722
f 472/532/729 471/535/736 469/317/1074
f 472/532/729 470/529/726 641/531/728
f 474/534/741 473/322/1075 471/535/736
f 643/536/737 474/534/1076 472/532/729
f 476/537/747 475/543/743 473/538/1077
f 644/540/740 476/537/744 474/539/741
f 645/545/746 478/544/745 476/537/747
f 480/546/748 479/330/751 477/542/742
f 480/546/748 478/544/745 645/545/746
f 482/548/750 481/551/754 479/330/1078
f 647/549/752 482/548/750 480/546/748
f 484/550/753 483/553/1079 481/551/754
f 647/549/1080 648/555/1081 484/550/753
f 486/552/761 485/557/760 483/553/756
f 649/554/1082 486/552/1083 484/550/753
f 488/556/1084 487/560/764 485/557/1085
f 650/558/762 488/556/1086 486/552/761
f 490/559/763 489/340/767 487/560/1087
f 651/561/765 490/559/1088 488/556/1084
f 492/562/773 491/342/772 489/340/1089
f 652/563/769 492/562/1090 490/559/763
f 494/564/777 493/567/776 491/342/1091
f 653/565/774 494/564/1092 492/562/766
f 496/566/1093 495/350/780 493/567/1094
f 654/568/778 496/566/1095 494/564/777
f 498/569/785 497/572/1096 495/350/1097
f 655/570/782 498/569/785 496/566/775
f 500/575/1098 499/571/1099 498/569/785
f 656/573/786 500/575/791 498/569/785
f 502/574/1100 500/575/791 656/573/786
f 503/577/794 501/354/787 502/574/789
f 658/579/796 504/578/1101 502/574/792
f 505/500/797 503/577/794 504/578/1102
f 659/581/800 506/580/1103 504/578/1102
f 508/582/802 507/585/807 505/500/797
f 660/583/805 508/582/1104 506/580/799
f 510/584/1105 509/746/1106 507/585/807
f 661/586/808 510/584/806 508/582/802
f 511/587/809 509/746/1106 510/584/1107
f 662/589/1108 512/588/1109 510/584/806
f 513/590/812 511/587/809 512/588/815
f 663/592/814 514/591/1110 512/588/815
f 515/593/1111 513/590/812 514/591/813
f 664/595/819 516/594/1112 514/591/813
f 517/369/821 515/593/1113 516/594/818
f 665/597/824 518/596/1114 516/594/822
f 519/598/825 517/369/821 518/596/828
f 666/600/827 520/599/830 518/596/1115
f 521/375/829 519/747/825 520/601/826
f 522/602/831 520/601/830 666/603/1116
f 523/605/834 521/375/829 522/602/831
f 668/607/840 524/606/1117 522/602/831
f 525/379/1118 523/605/834 524/606/1119
f 669/609/839 526/608/1120 524/606/835
f 527/381/841 525/379/1118 526/608/845
f 670/611/1121 528/610/1122 526/608/842
f 529/612/846 527/381/841 528/610/843
f 671/614/1123 530/613/1124 528/610/849
f 531/615/850 529/612/846 530/613/847
f 672/617/853 532/616/855 530/613/847
f 533/618/1125 531/615/850 532/616/855
f 672/617/1126 673/622/860 534/619/856
f 535/389/1127 533/618/1125 534/619/856
f 674/621/859 536/620/1128 534/619/856
f 537/623/861 535/389/857 536/620/1129
f 675/625/1130 538/624/1131 536/620/858
f 539/626/1132 537/623/1133 538/624/863
f 676/628/1134 540/627/1135 538/624/863
f 541/629/1136 539/626/1137 540/627/1138
f 677/631/871 542/630/1139 540/627/872
f 543/397/873 541/629/1136 542/630/1140
f 678/633/875 544/632/1141 542/630/870
f 545/399/877 543/397/873 544/632/880
f 679/635/883 546/634/1142 544/632/874
f 548/636/881 547/401/885 545/399/877
f 680/637/882 548/636/1143 546/634/878
f 550/638/884 549/403/889 547/401/1144
f 681/639/887 550/638/1145 548/636/881
f 552/640/894 551/643/1146 549/403/1147
f 682/641/891 552/640/1148 550/638/890
f 554/642/892 553/406/897 551/643/1149
f 683/644/895 554/642/1150 552/640/888
f 556/645/1151 555/407/1152 553/406/897
f 684/646/898 556/645/903 554/642/1153
f 557/647/899 555/407/1152 556/645/903
f 685/649/902 558/648/1154 556/645/903
f 559/650/909 557/647/1155 558/648/905
f 686/652/912 560/651/1156 558/648/901
f 562/653/915 561/413/1157 559/650/904
f 687/654/917 562/653/1158 560/651/910
f 564/655/913 563/415/919 561/413/1159
f 688/656/922 564/655/1160 562/653/915
f 566/657/925 565/663/924 563/658/1161
f 689/660/921 566/657/1162 564/659/920
f 568/662/1163 567/666/929 565/663/1164
f 690/664/926 568/662/1165 566/657/927
f 570/665/1166 569/423/934 567/666/929
f 691/667/931 570/665/1166 568/662/923
f 572/668/941 571/425/940 569/423/934
f 572/668/941 570/665/1166 691/667/1167
f 574/670/946 573/673/944 571/425/940
f 693/671/947 574/670/1168 572/668/941
f 576/672/950 575/429/949 573/673/1169
f 694/674/945 576/672/1170 574/670/946
f 578/675/1171 577/678/953 575/429/1172
f 695/676/951 578/675/1173 576/672/950
f 580/677/952 579/433/956 577/678/953
f 696/679/954 580/677/952 578/675/948
f 582/680/962 581/504/960 579/433/1174
f 582/680/1175 580/677/952 696/679/954
f 584/682/959 583/684/964 581/504/1176
f 697/681/1177 698/686/966 584/682/959
f 586/683/963 585/688/1178 583/684/1179
f 699/685/1180 586/683/1181 584/682/959
f 588/687/1182 587/440/972 585/688/1183
f 700/689/970 588/687/1184 586/683/963
f 590/690/971 589/505/976 587/440/1185
f 701/691/973 590/690/1186 588/687/1187
f 592/692/981 591/695/980 589/505/1188
f 702/693/977 592/692/981 590/690/971
f 703/697/983 594/696/1189 592/692/981
f 704/699/1190 596/698/985 594/696/982
f 597/700/989 595/449/984 596/698/985
f 704/699/987 705/705/994 598/701/990
f 599/702/991 597/700/989 598/701/990
f 706/704/993 600/703/992 598/701/990
f 601/706/1191 599/702/991 600/703/992
f 602/707/1192 600/703/992 706/704/993
f 603/709/1000 601/706/995 602/707/997
f 708/711/1002 604/710/1193 602/707/997
f 605/712/1003 603/709/1000 604/710/1194
f 709/595/1195 606/713/1196 604/710/1194
f 710/716/1011 608/715/1010 606/713/1005
f 610/718/1013 607/714/1007 608/715/1010
f 610/718/1197 608/715/1010 710/716/1198
f 611/467/1015 609/748/1199 610/720/1200
f 712/722/1017 612/721/1201 610/720/1013
f 613/469/1018 611/467/1015 612/721/1202
f 713/725/1203 614/724/1204 612/721/1019
f 615/726/1022 613/469/1018 614/724/1023
f 714/728/1025 616/727/1031 614/724/1026
f 617/729/1027 615/726/1022 616/727/1031
f 714/728/1205 715/733/1035 618/730/1029
f 619/475/1032 617/729/1206 618/730/1029
f 716/732/1034 620/731/1207 618/730/1029
f 621/477/1036 619/475/1032 620/731/1037
f 717/735/1039 622/734/1208 620/731/1033
f 623/479/1209 621/477/1036 622/734/1038
f 718/737/1043 624/736/1210 622/734/1044
f 625/738/1045 623/479/1040 624/736/1048
f 719/740/1047 626/739/1211 624/736/1048
f 627/483/1212 625/738/1045 626/739/1053
f 720/742/1213 628/741/1214 626/739/1053
f 629/743/1055 627/483/1049 628/741/1058
f 631/745/1215 630/744/1216 628/741/1058
f 451/305/1063 629/743/1055 630/744/1062
f 632/512/700 452/509/1217 630/744/1062
f 751/749/1218 721/750/1219 722/751/1220
f 752/752/1221 722/751/1220 723/753/1222
f 753/754/1223 723/755/1222 724/756/1224
f 753/754/1223 724/756/1224 725/757/1225
f 754/758/1226 727/759/1227 755/760/1228
f 755/760/1228 728/761/1229 756/762/1230
f 756/762/1230 729/763/1231 757/764/1232
f 757/765/1232 730/766/1233 758/767/1234
f 3456/768/1235 732/769/1236 759/770/1237
f 759/770/1237 733/771/1238 760/772/1239
f 760/773/1239 734/774/1240 761/775/1241
f 761/775/1241 735/776/1242 762/777/1243
f 763/778/1244 735/776/1242 736/779/1245
f 764/780/1246 736/779/1247 737/781/1248
f 765/782/1249 737/781/1248 738/783/1250
f 766/784/1251 738/783/1252 739/785/1253
f 767/786/1254 739/785/1253 740/787/1255
f 768/788/1256 740/787/1255 741/789/1257
f 769/790/1258 741/789/1257 742/791/1259
f 770/792/1260 742/791/1259 743/793/1261
f 771/794/1262 743/793/1261 744/795/1263
f 772/796/1264 744/797/1263 745/798/1265
f 773/799/1266 745/798/1265 746/800/1267
f 774/801/1268 746/800/1269 747/802/1270
f 775/803/1271 747/802/1270 748/804/1272
f 776/805/1273 748/804/1274 749/806/1275
f 777/807/1276 749/806/1275 3506/808/1277
f 778/809/1278 3506/808/1277 3507/810/1279
f 779/811/1280 3507/810/1281 3508/812/1282
f 782/813/1283 750/814/1284 751/749/1218
f 783/815/1285 751/749/1218 752/752/1221
f 784/816/1286 752/817/1221 753/754/1287
f 785/818/1288 753/819/1223 754/758/1226
f 786/820/1289 755/760/1228 787/821/1290
f 787/821/1290 756/762/1230 788/822/1291
f 788/822/1291 757/764/1232 789/823/1292
f 789/824/1293 758/767/1234 790/825/1294
f 790/825/1294 731/826/1295 791/827/1296
f 791/827/1296 3456/768/1235 822/828/1297
f 822/828/1297 3456/768/1235 792/829/1298
f 792/829/1298 759/770/1237 793/830/1299
f 793/830/1300 760/772/1239 794/831/1301
f 794/832/1301 761/775/1241 795/833/1302
f 795/833/1302 762/777/1243 796/834/1303
f 797/835/1304 762/777/1305 763/778/1244
f 798/836/1306 763/778/1307 764/780/1246
f 799/837/1308 764/780/1246 765/782/1309
f 799/837/1308 766/784/1251 800/838/1310
f 801/839/1311 766/784/1251 767/786/1254
f 802/840/1312 767/786/1254 768/788/1256
f 803/841/1313 768/788/1256 769/790/1258
f 804/842/1314 769/790/1258 770/792/1260
f 805/843/1315 770/792/1260 771/794/1262
f 806/844/1316 771/845/1262 772/796/1317
f 807/846/1318 772/796/1317 773/799/1266
f 808/847/1319 773/799/1266 774/801/1268
f 809/848/1320 774/801/1268 775/803/1321
f 810/849/1322 775/803/1271 776/805/1273
f 811/850/1323 778/809/1278 779/811/1280
f 780/851/1324 779/811/1280 3509/852/1325
f 812/853/1326 3380/854/1327 3476/855/1328
f 813/856/1329 781/857/1330 782/813/1283
f 815/858/1331 782/813/1283 783/815/1285
f 816/859/1332 783/860/1333 784/816/1286
f 816/859/1332 784/816/1286 785/861/1334
f 817/862/1335 785/818/1334 786/820/1289
f 817/862/1335 786/820/1336 787/821/1290
f 817/862/1337 787/821/1290 818/863/1338
f 818/863/1339 788/822/1291 819/864/1340
f 819/865/1341 789/824/1293 820/866/1342
f 820/866/1343 790/825/1294 821/867/1344
f 822/828/1297 792/829/1298 823/868/1345
f 823/868/1345 794/831/1301 824/869/1346
f 824/870/1346 796/834/1303 825/871/1347
f 825/871/1347 797/835/1304 826/872/1348
f 827/873/1349 797/835/1304 798/836/1350
f 828/874/1351 798/836/1350 799/837/1308
f 829/875/1352 799/837/1308 800/838/1310
f 830/876/1353 800/838/1354 801/839/1311
f 830/876/1353 801/839/1311 802/840/1312
f 832/877/1355 802/840/1312 803/841/1313
f 833/878/1356 803/841/1313 804/842/1357
f 834/879/1358 804/842/1314 805/843/1359
f 835/880/1360 805/881/1315 806/844/1316
f 836/882/1361 806/844/1316 807/846/1318
f 837/883/1362 807/846/1318 808/847/1319
f 838/884/1363 808/847/1319 809/848/1364
f 839/885/1365 809/848/1320 810/849/1322
f 840/886/1366 810/849/1322 777/807/1276
f 841/887/1367 777/807/1276 778/809/1278
f 842/888/1368 780/851/1324 3509/852/1369
f 844/889/1370 813/856/1329 814/890/1371
f 845/891/1372 814/890/1373 815/858/1331
f 846/892/1374 815/893/1375 816/859/1332
f 847/894/1376 817/862/1335 848/895/1377
f 849/896/1378 819/864/1379 850/897/1380
f 850/898/1380 820/866/1342 851/899/1381
f 851/899/1381 820/866/1343 852/900/1382
f 852/900/1382 820/866/1343 821/867/1344
f 853/901/1383 822/828/1297 823/868/1345
f 853/901/1383 823/868/1345 854/902/1384
f 855/903/1385 823/868/1386 824/869/1346
f 855/904/1385 824/870/1346 856/905/1387
f 856/905/1387 825/871/1388 857/906/1389
f 858/907/1390 826/872/1348 827/873/1349
f 859/908/1391 827/873/1349 828/874/1351
f 860/909/1392 828/874/1351 829/875/1352
f 860/909/1392 829/875/1352 830/876/1353
f 863/910/1393 831/911/1394 832/877/1395
f 864/912/1396 832/877/1395 833/878/1356
f 865/913/1397 833/878/1398 834/879/1399
f 866/914/1400 834/915/1399 835/880/1360
f 867/916/1401 835/880/1360 836/882/1402
f 868/917/1403 836/882/1404 837/883/1362
f 869/918/1405 837/883/1406 838/884/1407
f 870/919/1408 838/884/1363 839/885/1365
f 871/920/1409 841/887/1367 811/850/1323
f 842/888/1368 811/850/1323 780/851/1324
f 872/921/1410 844/889/1370 873/922/1411
f 873/922/1411 844/889/1370 874/923/1412
f 874/924/1413 846/892/1374 875/925/1414
f 876/926/1415 846/927/1374 847/894/1416
f 877/928/1417 848/895/1377 849/896/1378
f 878/929/1418 849/896/1419 850/897/1380
f 879/930/1420 850/898/1421 851/899/1381
f 880/931/1422 851/899/1381 852/900/1382
f 882/932/1423 822/828/1297 853/901/1383
f 883/933/1424 853/901/1383 854/902/1425
f 884/934/1426 854/902/1425 855/903/1385
f 885/935/1427 855/904/1385 856/905/1387
f 886/936/1428 856/905/1429 857/906/1389
f 886/936/1430 857/906/1389 887/937/1431
f 887/937/1432 858/907/1433 888/938/1434
f 888/938/1435 859/908/1436 889/939/1437
f 860/909/1392 889/939/1437 859/908/1438
f 890/940/1439 860/909/1392 891/941/1440
f 891/941/1440 861/942/1441 892/943/1442
f 892/943/1442 863/910/1393 893/944/1443
f 893/944/1443 864/912/1444 894/945/1445
f 894/945/1445 865/913/1397 895/946/1446
f 895/947/1446 866/914/1400 896/948/1447
f 896/948/1447 867/916/1448 897/949/1449
f 897/949/1449 868/917/1403 898/950/1450
f 898/950/1450 869/918/1405 899/951/1451
f 899/951/1452 870/919/1453 900/952/1454
f 900/952/1454 840/886/1455 901/953/1456
f 901/953/1456 841/887/1457 902/954/1458
f 842/888/1459 3380/854/1327 903/955/1460
f 904/956/1461 873/922/1411 905/957/1462
f 905/957/1462 874/923/1412 906/958/1463
f 906/959/1464 875/925/1414 907/960/1465
f 907/960/1466 875/925/1414 908/961/1467
f 908/962/1468 876/926/1469 909/963/1470
f 910/964/1471 876/926/1469 877/928/1417
f 911/965/1472 877/928/1417 878/929/1418
f 912/966/1473 878/967/1418 879/930/1420
f 913/968/1474 879/930/1475 880/931/1422
f 914/969/1476 881/970/1477 822/828/1297
f 915/971/1478 882/932/1479 883/933/1424
f 916/972/1480 883/933/1424 884/934/1426
f 917/973/1481 884/974/1426 885/935/1427
f 918/975/1482 885/935/1427 886/936/1430
f 919/976/1483 888/938/1435 920/977/1484
f 920/977/1485 889/939/1437 921/978/1486
f 890/940/1439 921/978/1487 889/939/1437
f 922/979/1488 891/941/1440 923/980/1489
f 923/980/1489 892/943/1442 924/981/1490
f 924/981/1490 893/944/1443 925/982/1491
f 925/982/1491 894/945/1445 926/983/1492
f 926/984/1492 895/947/1493 927/985/1494
f 927/985/1494 896/948/1447 928/986/1495
f 928/986/1495 897/949/1449 929/987/1496
f 929/987/1496 898/950/1450 930/988/1497
f 930/988/1497 899/951/1452 931/989/1498
f 931/989/1499 900/952/1454 932/990/1500
f 902/954/1501 871/920/1409 933/991/1502
f 933/991/1503 842/888/1368 934/992/1504
f 935/993/1505 905/957/1462 936/994/1506
f 936/995/1506 906/959/1463 937/996/1507
f 937/996/1507 907/960/1508 938/997/1509
f 938/998/1510 908/962/1468 939/999/1511
f 940/1000/1512 909/963/1470 910/964/1513
f 941/1001/1514 910/964/1513 911/965/1472
f 942/1002/1515 911/1003/1472 912/966/1473
f 943/1004/1516 912/966/1473 913/968/1517
f 944/1005/1518 913/968/1474 881/970/1519
f 945/1006/1520 882/932/1423 915/971/1478
f 946/1007/1521 915/971/1522 916/972/1523
f 947/1008/1524 916/1009/1523 917/973/1525
f 948/1010/1526 917/973/1525 918/975/1527
f 948/1010/1528 918/975/1529 919/976/1483
f 948/1010/1526 919/976/1483 949/1011/1530
f 949/1011/1530 920/977/1484 950/1012/1531
f 950/1013/1531 921/1014/1532 951/1015/1533
f 951/1016/1533 922/979/1488 952/1017/1534
f 952/1017/1535 923/980/1489 953/1018/1536
f 953/1018/1536 924/981/1490 954/1019/1537
f 954/1019/1537 925/982/1491 955/1020/1538
f 955/1020/1538 926/983/1492 956/1021/1539
f 956/1022/1539 927/985/1540 957/1023/1541
f 957/1023/1541 928/986/1495 958/1024/1542
f 958/1024/1543 929/987/1496 959/1025/1544
f 959/1025/1544 930/988/1497 960/1026/1545
f 960/1026/1545 931/989/1498 961/1027/1546
f 961/1027/1547 932/990/1500 962/1028/1548
f 962/1028/1548 901/953/1456 963/1029/1549
f 963/1029/1550 902/954/1458 964/1030/1551
f 934/992/1504 842/888/1368 965/1031/1552
f 903/955/1553 812/853/1326 966/1032/1554
f 967/1033/1555 935/993/1505 968/1034/1556
f 968/1035/1556 936/995/1506 969/1036/1557
f 969/1036/1558 938/997/1510 970/1037/1559
f 970/1037/1559 938/997/1509 971/1038/1560
f 971/1039/1561 939/999/1511 972/1040/1562
f 973/1041/1563 939/999/1511 940/1000/1564
f 974/1042/1565 940/1000/1564 941/1001/1514
f 975/1043/1566 941/1044/1514 942/1002/1515
f 976/1045/1567 942/1002/1515 943/1004/1516
f 977/1046/1568 944/1005/1569 914/969/1476
f 979/1047/1570 914/969/1476 945/1006/1571
f 980/1048/1572 945/1006/1571 946/1007/1573
f 981/1049/1574 946/1050/1521 947/1008/1524
f 982/1051/1575 947/1008/1576 948/1010/1528
f 983/1052/1577 948/1010/1528 949/1011/1530
f 983/1052/1577 950/1012/1531 984/1053/1578
f 984/1054/1578 951/1015/1579 985/1055/1580
f 986/1056/1581 951/1016/1533 952/1017/1534
f 986/1056/1581 953/1018/1536 987/1057/1582
f 987/1057/1582 954/1019/1537 988/1058/1583
f 988/1058/1583 955/1020/1538 989/1059/1584
f 989/1059/1584 956/1021/1539 990/1060/1585
f 990/1061/1586 957/1023/1541 991/1062/1587
f 991/1062/1588 958/1024/1543 992/1063/1589
f 992/1063/1590 959/1025/1544 993/1064/1591
f 993/1064/1591 960/1026/1545 994/1065/1592
f 994/1065/1592 961/1027/1546 995/1066/1593
f 995/1066/1594 962/1028/1595 996/1067/1596
f 964/1030/1551 933/991/1597 997/1068/1598
f 997/1068/1598 933/991/1503 998/1069/1599
f 998/1069/1599 934/992/1504 965/1031/1552
f 999/1070/1600 968/1034/1556 1000/1071/1601
f 1000/1072/1601 969/1036/1558 1001/1073/1602
f 1001/1073/1603 970/1037/1559 1002/1074/1604
f 1002/1074/1604 971/1038/1561 1003/1075/1605
f 1003/1076/1606 972/1040/1562 1004/1077/1607
f 1004/1077/1608 973/1041/1563 1005/1078/1609
f 1006/1079/1610 973/1041/1563 974/1042/1565
f 1007/1080/1611 974/1081/1565 975/1043/1612
f 1008/1082/1613 975/1043/1566 976/1045/1567
f 1009/1083/1614 976/1045/1567 944/1005/1569
f 1010/1084/1615 978/1085/1616 979/1047/1570
f 1011/1086/1617 979/1047/1570 980/1048/1572
f 1012/1087/1618 980/1088/1572 981/1049/1574
f 1013/1089/1619 981/1049/1574 982/1051/1575
f 1013/1089/1620 983/1052/1577 1014/1090/1621
f 1014/1090/1621 984/1053/1622 1015/1091/1623
f 1015/1092/1623 985/1055/1624 1016/1093/1625
f 1017/1094/1626 985/1095/1624 986/1056/1581
f 1017/1094/1626 987/1057/1627 1018/1096/1628
f 1018/1096/1628 988/1058/1583 1019/1097/1629
f 1019/1097/1629 989/1059/1584 1020/1098/1630
f 1020/1098/1630 990/1060/1586 1021/1099/1631
f 1021/1100/1632 991/1062/1587 1022/1101/1633
f 1022/1101/1633 992/1063/1634 1023/1102/1635
f 1023/1102/1635 993/1064/1636 1024/1103/1637
f 1024/1103/1637 994/1065/1592 1025/1104/1638
f 1025/1104/1638 995/1066/1593 1026/1105/1639
f 1026/1105/1639 996/1067/1596 1027/1106/1640
f 1027/1106/1640 963/1029/1550 1028/1107/1641
f 1028/1107/1641 964/1030/1551 1029/1108/1642
f 1030/1109/1643 1000/1071/1601 1031/1110/1644
f 1031/1111/1644 1001/1073/1602 1032/1112/1645
f 1032/1112/1645 1002/1074/1604 1033/1113/1646
f 1033/1113/1646 1003/1075/1605 1034/1114/1647
f 1034/1115/1648 1003/1076/1606 1035/1116/1649
f 1035/1116/1650 1005/1078/1609 1036/1117/1651
f 1037/1118/1652 1005/1078/1653 1006/1079/1654
f 1038/1119/1655 1006/1120/1656 1007/1080/1611
f 1039/1121/1657 1007/1080/1611 1008/1082/1613
f 1040/1122/1658 1008/1082/1613 1009/1083/1659
f 1041/1123/1660 978/1085/1661 1010/1084/1615
f 1042/1124/1662 1010/1084/1615 1011/1086/1617
f 1043/1125/1663 1011/1086/1617 1012/1126/1618
f 1044/1127/1664 1012/1087/1618 1013/1089/1620
f 1045/1128/1665 1013/1089/1619 1014/1090/1621
f 1045/1128/1666 1015/1091/1623 1046/1129/1667
f 1046/1130/1667 1016/1093/1625 1047/1131/1668
f 1047/1132/1668 1017/1094/1626 1048/1133/1669
f 1048/1133/1669 1018/1096/1628 1049/1134/1670
f 1049/1134/1670 1019/1097/1629 1050/1135/1671
f 1050/1135/1672 1020/1098/1630 1051/1136/1673
f 1051/1136/1673 1021/1099/1631 1052/1137/1674
f 1052/1138/1674 1022/1101/1675 1053/1139/1676
f 1053/1139/1677 1023/1102/1678 1054/1140/1679
f 1054/1140/1679 1024/1103/1637 1055/1141/1680
f 1055/1141/1680 1025/1104/1638 1056/1142/1681
f 1056/1142/1682 1026/1105/1639 1057/1143/1683
f 1057/1143/1683 1027/1106/1640 1058/1144/1684
f 1059/1145/1685 1031/1110/1644 1060/1146/1686
f 1060/1147/1687 1032/1112/1645 1061/1148/1688
f 1061/1148/1688 1033/1113/1646 1062/1149/1689
f 1062/1149/1689 1033/1113/1646 1063/1150/1690
f 1064/1151/1691 1035/1116/1650 1065/1152/1692
f 1065/1152/1693 1035/1116/1650 1036/1117/1651
f 1066/1153/1694 1036/1117/1651 1037/1118/1652
f 1067/1154/1695 1037/1155/1696 1038/1119/1655
f 1068/1156/1697 1038/1119/1655 1039/1121/1657
f 1069/1157/1698 977/1046/1568 1041/1123/1660
f 1070/1158/1699 1041/1123/1660 1042/1124/1662
f 1071/1159/1700 1042/1124/1662 1043/1125/1663
f 1072/1160/1701 1043/1161/1663 1044/1127/1664
f 1073/1162/1702 1044/1127/1664 1045/1128/1665
f 1073/1162/1702 1046/1129/1703 1074/1163/1704
f 1074/1164/1705 1047/1131/1706 1075/1165/1707
f 1048/1133/1669 1075/1166/1707 1047/1132/1668
f 1076/1167/1708 1049/1134/1670 1077/1168/1709
f 1077/1168/1710 1050/1135/1671 1078/1169/1711
f 1078/1169/1711 1051/1136/1673 1079/1170/1712
f 1079/1170/1713 1052/1137/1714 1080/1171/1715
f 1080/1172/1716 1054/1140/1717 1081/1173/1718
f 1081/1173/1718 1055/1141/1680 1082/1174/1719
f 1082/1174/1719 1056/1142/1681 1083/1175/1720
f 1083/1175/1720 1057/1143/1683 1084/1176/1721
f 1084/1176/1721 1058/1144/1684 1085/1177/1722
f 1085/1177/1722 1028/1107/1641 1086/1178/1723
f 1086/1178/1723 997/1068/1598 1087/1179/1724
f 1087/1179/1724 997/1068/1598 1088/1180/1725
f 903/955/1726 966/1032/1727 1089/1181/1728
f 1090/1182/1729 1060/1183/1687 1091/1184/1730
f 1091/1185/1730 1061/1148/1688 1092/1186/1731
f 1092/1186/1731 1062/1149/1689 1093/1187/1732
f 1093/1187/1732 1063/1150/1690 1094/1188/1733
f 1095/1189/1734 1063/1190/1690 1064/1191/1691
f 1095/1189/1735 1064/1191/1691 1065/1192/1693
f 1097/1193/1736 1065/1192/1692 1066/1194/1694
f 1098/1195/1737 1066/1196/1694 1067/1154/1695
f 1099/1197/1738 1067/1154/1695 1068/1156/1697
f 1100/1198/1739 1068/1156/1740 1040/1122/1741
f 1101/1199/1742 1040/1122/1658 977/1046/1743
f 1102/1200/1744 977/1046/1568 1069/1157/1698
f 1104/1201/1745 1069/1157/1698 1070/1158/1699
f 1104/1201/1745 1070/1158/1699 1071/1159/1700
f 1105/1202/1746 1071/1203/1700 1072/1204/1701
f 1105/1202/1747 1073/1205/1702 1106/1206/1748
f 1106/1206/1749 1074/1207/1705 1107/1208/1750
f 1107/1209/1750 1075/1165/1751 1108/1210/1752
f 1109/1211/1753 1075/1212/1754 1076/1213/1708
f 1109/1211/1753 1077/1214/1710 1110/1215/1755
f 1110/1215/1755 1078/1216/1711 1111/1217/1756
f 1111/1217/1756 1079/1218/1712 1112/1219/1757
f 1112/1220/1757 1080/1172/1716 1113/1221/1758
f 1113/1221/1758 1080/1172/1759 1114/1222/1760
f 1114/1222/1760 1081/1173/1718 1115/1223/1761
f 1115/1223/1761 1082/1174/1719 1116/1224/1762
f 1116/1224/1762 1083/1175/1720 1117/1225/1763
f 1117/1225/1763 1084/1176/1721 1118/1226/1764
f 1118/1226/1764 1085/1177/1722 1119/1227/1765
f 1119/1227/1766 1086/1178/1723 1120/1228/1767
f 1088/1180/1725 965/1031/1552 1121/1229/1768
f 1122/545/1769 1090/1182/1729 1123/1230/1770
f 1123/1231/1771 1092/1186/1731 1124/1232/1772
f 1124/1232/1772 1093/1187/1732 1125/1233/1773
f 1125/1234/1774 1094/1235/1733 1126/1236/1775
f 1126/1236/1776 1095/1189/1735 1127/1237/1777
f 1127/1237/1777 1095/1189/1735 1096/1238/1778
f 1128/1239/1779 1096/1238/1778 1097/1193/1736
f 1129/1240/1780 1097/1241/1736 1098/1195/1737
f 1130/1242/1781 1098/1195/1737 1099/1197/1782
f 1131/1243/1783 1099/1197/1782 1100/1198/1739
f 1132/1244/1784 1102/1200/1744 1103/1245/1785
f 1133/1246/1786 1103/1245/1787 1104/1201/1745
f 1134/1247/1788 1104/1248/1745 1105/1202/1746
f 1135/1249/1789 1106/1206/1749 1136/1250/1790
f 1136/1250/1790 1107/1208/1750 1137/1251/1791
f 1137/1252/1792 1108/1210/1793 1138/1253/1794
f 1138/1254/1794 1109/1211/1753 1139/1255/1795
f 1139/1255/1795 1110/1215/1755 1140/1256/1796
f 1140/1256/1797 1111/1217/1756 1141/1257/1798
f 1141/1257/1799 1112/1219/1757 1142/1258/1800
f 1142/1258/1800 1113/1259/1758 1143/1260/1801
f 1143/1261/1801 1114/1222/1802 1144/1262/1803
f 1144/1262/1804 1115/1223/1761 1145/1263/1805
f 1145/1263/1805 1116/1224/1762 1146/1264/1806
f 1146/1264/1807 1117/1225/1763 1147/1265/1808
f 1147/1265/1808 1118/1226/1764 1148/1266/1809
f 1148/1266/1809 1119/1227/1766 1149/1267/1810
f 1120/1228/1767 1086/1178/1723 1150/1268/1811
f 1121/1229/1812 903/955/1460 1151/1269/1813
f 1152/1270/1814 1123/1230/1815 1153/1271/1816
f 1153/1272/1817 1124/1232/1772 1154/1273/1818
f 1154/1273/1818 1125/1233/1773 1155/1274/1819
f 1155/1274/1820 1125/1233/1773 1156/1275/1821
f 1156/1276/1821 1126/1236/1776 1157/1277/1822
f 1157/1277/1822 1126/1236/1776 1158/1278/1823
f 1158/1278/1823 1126/1236/1776 1127/1237/1824
f 1159/1279/1825 1127/1237/1777 1128/1239/1779
f 1160/1280/1826 1128/1281/1779 1129/1240/1780
f 1161/1282/1827 1129/1240/1780 1130/1242/1781
f 1162/1283/1828 1131/1243/1783 1101/1199/1742
f 1164/1284/1829 1101/1199/1830 1132/1244/1784
f 1165/1285/1831 1132/1244/1784 1133/1246/1832
f 1166/1286/1833 1133/1246/1834 1134/1287/1788
f 1167/1288/1835 1134/1247/1788 1135/1249/1789
f 1167/1288/1835 1136/1250/1836 1168/1289/1837
f 1168/1289/1837 1137/1251/1792 1169/1290/1838
f 1169/1291/1839 1138/1253/1794 1170/1292/1840
f 1171/1293/1841 1138/1254/1794 1139/1255/1795
f 1171/1293/1841 1140/1256/1797 1172/1294/1842
f 1172/1294/1842 1141/1257/1799 1173/1295/1843
f 1173/1295/1843 1142/1258/1844 1174/1296/1845
f 1174/1296/1845 1143/1260/1801 1175/1297/1846
f 1175/1298/1847 1145/1263/1805 1176/1299/1848
f 1176/1299/1848 1146/1264/1807 1177/1300/1849
f 1177/1300/1849 1147/1265/1808 1178/1301/1850
f 1178/1301/1850 1148/1266/1809 1179/1302/1851
f 1179/1302/1851 1149/1267/1810 1180/1303/1852
f 1180/1303/1852 1120/1228/1767 1212/1304/1853
f 1150/1268/1811 1087/1179/1724 1181/1305/1854
f 1181/1305/1854 1088/1180/1725 1182/1306/1855
f 1151/1269/1856 1089/1181/1728 1183/1307/1857
f 1184/1308/1858 1152/1270/1859 1185/1309/1860
f 1185/1310/1860 1153/1272/1816 1186/1311/1861
f 1186/1311/1861 1155/1274/1819 1187/1312/1862
f 1187/1312/1862 1156/1275/1821 1188/1313/1863
f 1188/1314/1863 1157/1277/1864 1189/1315/1865
f 1189/1315/1866 1158/1278/1823 1190/1316/1867
f 1191/1317/1868 1158/1278/1869 1159/1279/1825
f 1192/1318/1870 1159/1319/1825 1160/1280/1871
f 1193/1320/1872 1160/1280/1871 1161/1282/1827
f 1194/1321/1873 1161/1282/1827 1131/1243/1783
f 1195/1322/1874 1163/1323/1875 1164/1284/1829
f 1196/1324/1876 1164/1284/1829 1165/1285/1831
f 1197/1325/1877 1165/1326/1831 1166/1327/1833
f 1198/1328/1878 1166/1327/1833 1167/1288/1835
f 1198/1328/1878 1168/1289/1837 1199/1329/1879
f 1199/1329/1879 1169/1290/1839 1200/1330/1880
f 1200/1331/1881 1170/1292/1882 1201/1332/1883
f 1202/1333/1884 1170/1334/1840 1171/1293/1841
f 1202/1333/1884 1172/1294/1842 1203/1335/1885
f 1203/1335/1885 1173/1295/1843 1204/1336/1886
f 1204/1336/1886 1174/1296/1887 1205/1337/1888
f 1205/1337/1888 1175/1297/1847 1206/1338/1889
f 1206/1339/1889 1176/1299/1848 1207/1340/1890
f 1207/1340/1890 1177/1300/1891 1208/1341/1892
f 1208/1341/1892 1178/1301/1850 1209/1342/1893
f 1209/1342/1893 1179/1302/1851 1210/1343/1894
f 1210/1343/1894 1180/1303/1852 1211/1344/1895
f 1182/1306/1855 1121/1229/1812 1213/1345/1896
f 1214/1346/1897 1185/1309/1860 1215/1347/1898
f 1215/1348/1898 1186/1311/1861 1216/1349/1899
f 1216/1349/1899 1187/1312/1862 1217/1350/1900
f 1217/1350/1901 1188/1313/1863 1218/1351/1902
f 1218/1352/1902 1189/1315/1865 1219/1353/1903
f 1219/1353/1903 1189/1315/1866 1220/1354/1904
f 1220/1354/1904 1189/1315/1866 1190/1316/1867
f 1221/1355/1905 1190/1316/1906 1191/1317/1868
f 1222/1356/1907 1191/1357/1868 1192/1318/1870
f 1223/1358/1908 1192/1318/1870 1193/1320/1872
f 1224/1359/1909 1193/1320/1872 1194/1321/1910
f 1225/1360/1911 1163/1323/1875 1195/1322/1874
f 1226/1361/1912 1195/1322/1913 1196/1324/1876
f 1226/1362/1912 1196/1363/1876 1197/1325/1877
f 1227/1364/1914 1197/1325/1877 1198/1328/1915
f 1228/1365/1916 1199/1329/1879 1229/1366/1917
f 1229/1366/1918 1200/1330/1880 1230/1367/1919
f 1230/1368/1920 1201/1332/1921 1231/1369/1922
f 1202/1333/1884 1231/1370/1923 1201/1371/1883
f 1232/1372/1924 1203/1335/1885 1233/1373/1925
f 1233/1373/1925 1204/1336/1886 1234/1374/1926
f 1234/1374/1926 1205/1337/1927 1235/1375/1928
f 1235/1375/1928 1206/1338/1889 1236/1376/1929
f 1236/1377/1929 1207/1340/1890 1237/1378/1930
f 1237/1378/1931 1208/1341/1892 1238/1379/1932
f 1238/1379/1932 1209/1342/1893 1239/1380/1933
f 1239/1380/1933 1210/1343/1894 1240/1381/1934
f 1240/1381/1934 1211/1344/1895 1241/1382/1935
f 1241/1382/1936 1212/1304/1937 1242/1383/1938
f 1242/1383/1938 1181/1305/1854 1243/1384/1939
f 1243/1384/1940 1181/1305/1854 1244/1385/1941
f 1245/1386/1942 1215/1347/1898 1246/1387/1943
f 1246/1387/1943 1216/1388/1899 1247/1389/1944
f 1247/1390/1944 1217/1350/1945 1248/1391/1946
f 1248/1392/1947 1218/1352/1902 1249/1393/1948
f 1249/1393/1948 1219/1353/1903 1220/1354/1949
f 1249/1393/1948 1220/1354/1949 1250/1394/1950
f 1251/1395/1951 1220/1354/1904 1221/1355/1952
f 1252/1396/1953 1221/1397/1952 1222/1356/1907
f 1253/1398/1954 1222/1356/1907 1223/1358/1908
f 1254/1399/1955 1162/1283/1828 1225/1360/1911
f 1255/1400/1956 1225/1360/1911 1226/1361/1957
f 1256/1401/1958 1226/1362/1959 1227/1364/1960
f 1257/1402/1961 1227/1364/1914 1228/1365/1916
f 1258/1403/1962 1228/1365/1916 1229/1366/1917
f 1258/1403/1962 1230/1367/1920 1259/1404/1963
f 1259/1404/1963 1231/1370/1964 1260/1405/1965
f 1260/1405/1966 1232/1372/1924 1261/1406/1967
f 1261/1406/1967 1233/1373/1968 1262/1407/1969
f 1262/1407/1969 1234/1374/1926 1263/1408/1970
f 1263/1408/1970 1235/1375/1928 1264/1409/1971
f 1264/1409/1971 1236/1376/1929 1265/1410/1972
f 1265/1411/1973 1237/1378/1931 1266/1412/1974
f 1266/1412/1974 1238/1379/1932 1267/1413/1975
f 1267/1413/1975 1239/1380/1933 1268/1414/1976
f 1268/1414/1977 1240/1381/1934 1269/1415/1978
f 1269/1415/1979 1241/1382/1935 1270/1416/1980
f 1270/1416/1981 1242/1383/1938 1301/1417/1982
f 1271/1418/1983 1246/1387/1943 1272/1419/1984
f 1272/1420/1985 1247/1390/1944 1273/1421/1986
f 1273/1421/1987 1248/1391/1946 1274/1422/1988
f 1274/1422/1988 1248/1391/1989 1275/1423/1990
f 1275/1424/1990 1249/1393/1948 1276/1425/1991
f 1276/1425/1992 1249/1393/1948 1277/1426/1993
f 1277/1426/1993 1249/1393/1948 1250/1394/1950
f 1278/1427/1994 1250/1394/1995 1251/1395/1996
f 1279/1428/1997 1251/1429/1998 1252/1396/1999
f 1280/1430/2000 1252/1396/1999 1253/1398/1954
f 1281/1431/2001 1253/1398/1954 1224/1359/2002
f 1282/1432/2003 1224/1359/2002 1162/1283/1828
f 1283/1433/2004 1162/1283/1828 1254/1399/1955
f 1285/1434/2005 1254/1399/1955 1255/1400/2006
f 1286/1435/2007 1255/1436/1956 1256/1401/1958
f 1287/1437/2008 1256/1401/1958 1257/1402/1961
f 1288/1438/2009 1257/1402/1961 1258/1403/1962
f 1288/1438/2010 1259/1404/1963 1289/1439/2011
f 1289/1439/2011 1260/1405/2012 1290/1440/2013
f 1291/1441/2014 1260/1405/1966 1261/1406/1967
f 1291/1441/2015 1262/1407/1969 1292/1442/2016
f 1292/1442/2016 1263/1408/2017 1293/1443/2018
f 1293/1443/2018 1264/1409/1971 1294/1444/2019
f 1294/1444/2019 1265/1410/1973 1295/1445/2020
f 1295/1446/2021 1266/1412/1974 1296/1447/2022
f 1296/1447/2022 1267/1413/1975 1297/1448/2023
f 1297/1448/2023 1268/1414/1977 1298/1449/2024
f 1298/1449/2025 1269/1415/1978 1299/1450/2026
f 1299/1450/2026 1270/1416/1980 1300/1451/2027
f 1244/1385/1941 1213/1345/1896 1302/1452/2028
f 1151/1269/1856 1183/1307/1857 1303/1453/2029
f 1304/1454/2030 1272/1419/1985 1305/1455/2031
f 1305/1456/2032 1272/1420/1985 1306/1457/2033
f 1306/1457/2033 1274/1422/1988 1307/1458/2034
f 1307/1458/2035 1275/1423/2036 1308/1459/2037
f 1308/1460/2037 1275/1424/2038 1309/1461/2039
f 1309/1461/2040 1277/1426/1993 1310/1462/2041
f 1311/1463/2042 1277/1426/1993 1278/1427/1994
f 1312/1464/2043 1278/1427/1994 1279/1465/2044
f 1313/1466/2045 1279/1428/2046 1280/1430/2000
f 1314/1467/2047 1283/1433/2004 1284/1468/2048
f 1315/1469/2049 1284/1468/2048 1285/1434/2005
f 1316/1470/2050 1285/1471/2005 1286/1435/2007
f 1317/1472/2051 1286/1435/2007 1287/1437/2052
f 1318/1473/2053 1287/1437/2008 1288/1438/2010
f 1318/1473/2053 1289/1439/2011 1319/1474/2054
f 1319/1474/2054 1290/1440/2055 1320/1475/2056
f 1321/1476/2057 1290/1440/2058 1291/1441/2015
f 1321/1476/2057 1292/1442/2059 1322/1477/2060
f 1322/1477/2061 1293/1443/2018 1323/1478/2062
f 1323/1478/2062 1294/1444/2063 1324/1479/2064
f 1324/1479/2064 1295/1445/2065 1325/1480/2066
f 1325/1480/2066 1295/1445/2021 1326/1481/2067
f 1326/1482/2067 1296/1447/2022 1327/1483/2068
f 1327/1483/2069 1297/1448/2023 1328/1484/2070
f 1328/1484/2070 1298/1449/2024 1329/1485/2071
f 1329/1485/2071 1299/1450/2026 1330/1486/2072
f 1330/1486/2072 1300/1451/2073 1331/1487/2074
f 1331/1487/2074 1301/1417/2075 1332/1488/2076
f 1332/1488/2076 1301/1417/2075 1333/1489/2077
f 1333/1489/2077 1243/1384/1940 1334/1490/2078
f 1334/1490/2079 1244/1385/2080 1302/1452/2028
f 1335/1491/2081 1304/1454/2082 1336/1492/2083
f 1336/1492/2083 1305/1455/2031 1337/1493/2084
f 1337/1494/2084 1307/1458/2034 1338/1495/2085
f 1338/1496/2085 1308/1460/2037 1339/1497/2086
f 1339/1497/2086 1308/1460/2087 1309/1461/2040
f 1342/1498/2088 1310/1462/2041 1311/1463/2042
f 1343/1499/2089 1311/1463/2090 1312/1464/2091
f 1344/1500/2092 1312/1501/2091 1313/1466/2093
f 1345/1502/2094 1313/1466/2045 1281/1431/2001
f 1347/1503/2095 1282/1432/2003 1314/1467/2047
f 1348/1504/2096 1314/1467/2047 1315/1469/2049
f 1349/1505/2097 1315/1506/2049 1316/1470/2050
f 1350/1507/2098 1316/1470/2050 1317/1472/2051
f 1350/1507/2098 1318/1473/2053 1351/1508/2099
f 1351/1508/2100 1319/1474/2054 1352/1509/2101
f 1352/1509/2101 1320/1475/2056 1353/1510/2102
f 1354/1511/2103 1320/1475/2056 1321/1476/2057
f 1354/1511/2103 1322/1477/2060 1355/1512/2104
f 1355/1512/2104 1323/1478/2062 1356/1513/2105
f 1356/1513/2105 1324/1479/2064 1357/1514/2106
f 1357/1514/2106 1325/1480/2066 1358/1515/2107
f 1358/1515/2107 1326/1481/2067 1359/1516/2108
f 1359/1517/2108 1327/1483/2069 1360/1518/2109
f 1360/1518/2109 1328/1484/2070 1361/1519/2110
f 1361/1519/2110 1329/1485/2071 1362/1520/2111
f 1362/1520/2111 1330/1486/2072 1363/1521/2112
f 1363/1521/2112 1331/1487/2074 1364/1522/2113
f 1366/1523/2114 1336/1492/2115 1367/1524/2116
f 1367/1524/2117 1337/1493/2084 1368/1525/2118
f 1368/1526/2119 1338/1495/2085 1369/1527/2120
f 1369/1528/2120 1339/1497/2086 1370/1529/2121
f 1370/1529/2122 1339/1497/2086 1340/1530/2123
f 1371/1531/2124 1340/1530/2125 1341/1532/2126
f 1372/1533/2127 1341/1532/2128 1342/1498/2129
f 1373/1534/2130 1342/1498/2129 1343/1499/2089
f 1374/1535/2131 1343/1536/2132 1344/1500/2133
f 1375/1537/2134 1344/1500/2092 1345/1502/2094
f 1376/1538/2135 1345/1502/2094 1282/1432/2003
f 1377/1539/2136 1346/1540/2137 1347/1503/2138
f 1378/1541/2139 1347/1503/2095 1348/1504/2096
f 1379/1542/2140 1348/1543/2096 1349/1505/2097
f 1380/1544/2141 1349/1505/2097 1350/1507/2098
f 1380/1544/2141 1351/1508/2099 1381/1545/2142
f 1381/1545/2142 1352/1509/2143 1382/1546/2144
f 1382/1546/2144 1353/1510/2145 1383/1547/2146
f 1384/1548/2147 1353/1510/2148 1354/1511/2103
f 1384/1548/2149 1355/1512/2104 1385/1549/2150
f 1385/1549/2150 1356/1513/2105 1386/1550/2151
f 1386/1550/2152 1357/1514/2106 1387/1551/2153
f 1387/1551/2153 1358/1515/2107 1388/1552/2154
f 1388/1552/2154 1359/1516/2108 1389/1553/2155
f 1389/1554/2156 1360/1518/2157 1390/1555/2158
f 1390/1555/2159 1361/1519/2110 1391/1556/2160
f 1391/1556/2160 1362/1520/2111 1392/1557/2161
f 1392/1557/2161 1363/1521/2112 1393/1558/2162
f 1393/1558/2162 1364/1522/2113 1394/1559/2163
f 1394/1559/2164 1332/1488/2076 1395/1560/2165
f 1395/1560/2165 1333/1489/2077 1396/1561/2166
f 1396/1561/2166 1334/1490/2078 1397/1562/2167
f 1397/1562/2167 1334/1490/2078 1398/1563/2168
f 1365/1564/2169 1151/1269/1813 1399/1565/2170
f 1399/1565/2170 1303/1453/2171 1400/1566/2172
f 1401/1567/2173 1366/1523/2174 1402/1568/2175
f 1402/1568/2175 1368/1525/2119 1403/1569/2176
f 1403/1570/2176 1369/1527/2120 1404/1571/2177
f 1405/1572/2178 1370/1529/2122 1406/1573/2179
f 1407/1574/2180 1371/1531/2124 1372/1533/2181
f 1408/1575/2182 1372/1533/2127 1373/1534/2130
f 1409/1576/2183 1373/1577/2130 1374/1535/2184
f 1410/1578/2185 1346/1540/2137 1377/1539/2136
f 1411/1579/2186 1377/1539/2136 1378/1541/2139
f 1412/1580/2187 1378/1581/2139 1379/1542/2140
f 1413/1582/2188 1379/1542/2140 1380/1544/2141
f 1413/1582/2188 1381/1545/2142 1414/1583/2189
f 1414/1583/2190 1382/1546/2144 1415/1584/2191
f 1415/1584/2191 1383/1547/2146 1416/1585/2192
f 1416/1585/2192 1384/1548/2147 1417/1586/2193
f 1417/1586/2193 1385/1549/2150 1418/1587/2194
f 1418/1587/2194 1386/1550/2151 1419/1588/2195
f 1419/1588/2196 1387/1551/2153 1420/1589/2197
f 1420/1589/2197 1388/1552/2154 1421/1590/2198
f 1421/1590/2198 1389/1553/2155 1422/1591/2199
f 1422/1592/2199 1390/1555/2159 1423/1593/2200
f 1423/1593/2200 1391/1556/2160 1424/1594/2201
f 1424/1594/2201 1392/1557/2202 1425/1595/2203
f 1425/1595/2204 1393/1558/2162 1426/1596/2205
f 1426/1596/2205 1394/1559/2164 1427/1597/2206
f 1428/1598/2207 1401/1567/2173 1429/1599/2208
f 1429/1599/2209 1402/1568/2210 1430/1600/2211
f 1430/1601/2211 1403/1570/2176 1431/1602/2212
f 1431/1602/2213 1404/1571/2214 1432/1603/2215
f 1432/1603/2215 1404/1571/2214 1433/1604/2216
f 1433/1605/2216 1405/1572/2178 1434/1606/2217
f 1434/1606/2217 1406/1573/2218 1435/1607/2219
f 1436/1608/2220 1406/1573/2218 1407/1574/2221
f 1437/1609/2222 1407/1574/2221 1408/1575/2182
f 1438/1610/2223 1408/1611/2182 1409/1576/2224
f 1439/1612/2225 1409/1576/2224 1375/1537/2226
f 1441/1613/2227 1376/1538/2228 1410/1578/2185
f 1442/1614/2229 1410/1578/2185 1411/1579/2186
f 1443/1615/2230 1411/1616/2186 1412/1580/2187
f 1444/1617/2231 1412/1580/2187 1413/1582/2188
f 1444/1617/2232 1414/1583/2189 1445/1618/2233
f 1445/1618/2234 1415/1584/2191 1446/1619/2235
f 1446/1619/2235 1416/1585/2192 1447/1620/2236
f 1448/1621/2237 1416/1585/2192 1417/1586/2193
f 1448/1621/2237 1418/1587/2194 1449/1622/2238
f 1449/1622/2239 1419/1588/2196 1450/1623/2240
f 1450/1623/2240 1420/1589/2197 1451/1624/2241
f 1451/1624/2241 1421/1590/2242 1452/1625/2243
f 1452/1625/2243 1422/1591/2199 1453/1626/2244
f 1453/1627/2244 1423/1593/2200 1454/1628/2245
f 1454/1628/2245 1424/1594/2201 1455/1629/2246
f 1455/1629/2246 1425/1595/2204 1456/1630/2247
f 1456/1630/2247 1426/1596/2205 1457/1631/2248
f 1457/1631/2248 1427/1597/2206 1458/1632/2249
f 1458/1632/2250 1395/1560/2165 1459/1633/2251
f 1459/1633/2252 1396/1561/2166 1460/1634/2253
f 1460/1634/2253 1397/1562/2167 1461/1635/2254
f 1462/1636/2255 1429/1599/2208 1463/1637/2256
f 1463/1638/2256 1430/1601/2211 1464/1639/2257
f 1464/1639/2257 1432/1603/2215 1465/1640/2258
f 1465/1640/2259 1433/1604/2216 1466/1641/2260
f 1466/1642/2260 1433/1605/2216 1467/1643/2261
f 1467/1643/2261 1434/1606/2217 1435/1607/2219
f 1467/1643/2261 1435/1607/2219 1468/1644/2262
f 1469/1645/2263 1435/1607/2219 1436/1608/2220
f 1470/1646/2264 1436/1608/2220 1437/1609/2265
f 1471/1647/2266 1437/1648/2222 1438/1610/2223
f 1472/1649/2267 1438/1610/2268 1439/1612/2225
f 1473/1650/2269 1439/1612/2270 1376/1538/2135
f 1474/1651/2271 1440/1652/2272 1441/1613/2227
f 1475/1653/2273 1441/1613/2227 1442/1614/2229
f 1476/1654/2274 1442/1655/2229 1443/1615/2230
f 1477/1656/2275 1443/1615/2230 1444/1617/2231
f 1478/1657/2276 1444/1617/2231 1445/1618/2233
f 1478/1657/2276 1446/1619/2277 1479/1658/2278
f 1479/1658/2278 1447/1620/2236 1480/1659/2279
f 1480/1659/2280 1448/1621/2237 1481/1660/2281
f 1481/1660/2281 1449/1622/2239 1482/1661/2282
f 1482/1661/2283 1450/1623/2240 1483/1662/2284
f 1483/1662/2284 1451/1624/2241 1484/1663/2285
f 1484/1663/2286 1452/1625/2243 1485/1664/2287
f 1485/1664/2287 1453/1626/2244 1486/1665/2288
f 1486/1666/2288 1454/1628/2245 1487/1667/2289
f 1487/1667/2289 1455/1629/2246 1488/1668/2290
f 1488/1668/2290 1456/1630/2247 1489/1669/2291
f 1489/1669/2291 1457/1631/2248 1490/1670/2292
f 1490/1670/2292 1458/1632/2250 1491/1671/2293
f 1461/1635/2254 1398/1563/2168 1492/1672/2294
f 1493/1673/2295 1463/1637/2256 1494/1674/2296
f 1494/1675/2297 1464/1639/2257 1495/1676/2298
f 1495/1676/2298 1465/1640/2259 1496/1677/2299
f 1496/1677/2299 1465/1640/2259 1466/1641/2260
f 1496/1678/2299 1466/1642/2300 1497/1679/2301
f 1497/1679/2302 1467/1643/2261 1498/1680/2303
f 1499/1681/2304 1468/1644/2262 1469/1645/2263
f 1500/1682/2305 1469/1645/2263 1470/1646/2306
f 1501/1683/2307 1470/1684/2264 1471/1647/2308
f 1502/1685/2309 1471/1647/2266 1472/1649/2267
f 1503/1686/2310 1440/1652/2272 1474/1651/2311
f 1504/1687/2312 1474/1651/2271 1475/1653/2273
f 1505/1688/2313 1475/1689/2273 1476/1654/2274
f 1505/1688/2314 1476/1654/2274 1477/1656/2315
f 1506/1690/2316 1477/1656/2317 1478/1657/2276
f 1506/1690/2316 1478/1657/2276 1507/1691/2318
f 1507/1691/2319 1480/1659/2280 1508/1692/2320
f 1509/1693/2321 1480/1659/2280 1481/1660/2281
f 1509/1693/2321 1482/1661/2283 1510/1694/2322
f 1510/1694/2322 1483/1662/2284 1511/1695/2323
f 1511/1695/2323 1484/1663/2324 1512/1696/2325
f 1512/1696/2325 1485/1664/2287 1513/1697/2326
f 1513/1697/2326 1486/1665/2288 1514/1698/2327
f 1514/1699/2328 1487/1667/2289 1515/1700/2329
f 1515/1700/2329 1488/1668/2290 1516/1701/2330
f 1516/1701/2330 1489/1669/2291 1517/1702/2331
f 1517/1702/2331 1490/1670/2292 1518/1703/2332
f 1518/1703/2332 1491/1671/2293 1519/1704/2333
f 1519/1704/2333 1459/1633/2252 1520/1705/2334
f 1520/1705/2334 1460/1634/2253 1521/1706/2335
f 1521/1706/2335 1461/1635/2254 1522/1707/2336
f 1522/1707/2336 1461/1635/2254 1523/1708/2337
f 1525/1709/2338 1494/1674/2296 1526/1710/2339
f 1526/1711/2340 1494/1675/2296 1495/1676/2341
f 1526/1711/2342 1496/1677/2299 1527/1712/2343
f 1528/1713/2344 1496/1678/2299 1497/1679/2301
f 1531/1714/2345 1500/1715/2305 1501/1683/2307
f 1532/1716/2346 1501/1683/2307 1502/1685/2309
f 1532/1716/2347 1502/1685/2348 1472/1649/2267
f 1534/1717/2349 1503/1686/2310 1504/1687/2312
f 1535/1718/2350 1504/1719/2312 1505/1688/2314
f 1535/1718/2350 1505/1688/2313 1536/1720/2351
f 1536/1720/2351 1505/1688/2314 1506/1690/2316
f 1536/1720/2352 1506/1690/2316 1537/1721/2353
f 1537/1721/2353 1507/1691/2319 1538/1722/2354
f 1538/1722/2354 1508/1692/2320 1539/1723/2355
f 1540/1724/2356 1508/1692/2320 1509/1693/2321
f 1540/1724/2357 1509/1693/2321 1541/1725/2358
f 1541/1725/2358 1509/1693/2321 1510/1694/2322
f 1541/1725/2359 1510/1694/2322 1542/1726/2360
f 1542/1726/2361 1512/1696/2325 1543/1727/2362
f 1543/1727/2362 1513/1697/2326 1544/1728/2363
f 1544/1729/2363 1515/1700/2329 1545/1730/2364
f 1545/1730/2364 1516/1701/2330 1546/1731/2365
f 1546/1731/2365 1517/1702/2331 1547/1732/2366
f 1547/1732/2366 1518/1703/2367 1548/1733/2368
f 1548/1733/2368 1519/1704/2369 1549/1734/2370
f 1523/1708/2337 1492/1672/2294 1550/1735/2371
f 1399/1565/2170 1400/1566/2372 1551/1736/2373
f 1552/1737/2374 1524/1738/2375 1525/1709/2376
f 1552/1737/2374 1525/1709/2377 1553/1739/2378
f 1553/1739/2378 1525/1709/2376 1554/1740/2379
f 1555/1741/2380 1526/1711/2340 1527/1712/2343
f 1557/1742/2381 1528/1713/2344 1529/1743/2382
f 1559/1744/2383 1530/1745/2384 1560/1746/2385
f 1560/1746/2386 1531/1714/2345 1561/1747/2387
f 1561/1747/2388 1531/1714/2345 1532/1716/2346
f 1561/1747/2388 1532/1716/2389 1562/1748/2390
f 1562/1748/2390 1473/1650/2269 1563/1749/2391
f 1563/1749/2392 1473/1650/2393 1564/1750/2394
f 1564/1750/2394 1533/1751/2395 1565/1752/2396
f 1567/1753/2397 1535/1718/2350 1536/1720/2352
f 1568/1754/2398 1536/1720/2351 1537/1721/2353
f 1568/1754/2398 1538/1722/2354 1569/1755/2399
f 1570/1756/2400 1538/1722/2354 1539/1723/2355
f 1570/1756/2401 1540/1724/2357 1571/1757/2402
f 1571/1757/2402 1540/1724/2357 1541/1725/2359
f 1571/1757/2402 1541/1725/2358 1572/1758/2403
f 1572/1758/2403 1541/1725/2359 1542/1726/2360
f 1572/1758/2403 1542/1726/2361 1573/1759/2404
f 1574/1760/2405 1542/1726/2360 1543/1727/2362
f 1575/1761/2406 1543/1727/2362 1544/1728/2363
f 1576/1762/2407 1544/1729/2408 1545/1730/2364
f 1577/1763/2409 1545/1730/2364 1546/1731/2410
f 1578/1764/2411 1546/1731/2410 1547/1732/2366
f 1579/1765/2412 1547/1732/2366 1548/1733/2368
f 1580/1766/2413 1548/1733/2368 1549/1734/2370
f 1581/1767/2414 1549/1734/2370 1520/1705/2334
f 1582/1768/2415 1520/1705/2334 1521/1706/2335
f 1583/1769/2416 1521/1706/2335 1522/1707/2336
f 1584/583/2417 1552/1737/2374 1585/1770/2418
f 1587/1771/2419 1554/1772/2379 1555/1741/2380
f 1587/1773/2420 1555/1774/2421 1556/1775/2422
f 1588/1776/2423 1556/1775/2422 1589/1777/2424
f 1589/1777/2424 1556/1775/2425 1557/1742/2426
f 1589/1777/2424 1557/1742/2426 1590/1778/2427
f 1590/1778/2427 1557/1742/2426 1558/1779/2428
f 1591/1780/2429 1558/1779/2430 1559/1781/2383
f 1592/1782/2431 1560/1746/2385 1593/1783/2432
f 1593/1783/2433 1561/1747/2387 1562/1748/2390
f 1563/1749/2392 1564/1750/2394 1594/1784/2434
f 1594/1784/2434 1565/1752/2396 1595/1785/2435
f 1595/1786/2436 1566/1787/2437 1596/1788/2438
f 1596/1788/2439 1567/1753/2397 1597/1789/2440
f 1597/1789/2441 1567/1753/2397 1568/1754/2398
f 1597/1789/2440 1568/1754/2442 1598/1790/2443
f 1599/1791/2444 1569/1755/2399 1570/1756/2400
f 1571/1757/2402 1599/1791/2444 1570/1756/2401
f 1601/1792/2445 1571/1757/2402 1572/1758/2403
f 1602/1793/2446 1572/1758/2403 1573/1759/2404
f 1603/1794/2447 1573/1759/2404 1574/1760/2448
f 1604/1795/2449 1574/1760/2448 1575/1761/2450
f 1605/1796/2451 1575/1797/2450 1576/1762/2407
f 1606/1798/2452 1576/1762/2407 1577/1763/2453
f 1607/1799/2454 1577/1763/2409 1578/1764/2455
f 1608/1800/2456 1578/1764/2411 1579/1765/2412
f 1609/1801/2457 1579/1765/2412 1580/1766/2413
f 1610/1802/2458 1580/1766/2413 1581/1767/2414
f 1612/1803/2459 1584/583/2460 1585/1770/2418
f 1614/1804/2461 1585/1770/2418 1586/1805/2462
f 1615/1806/2463 1586/1807/2462 1587/1771/2419
f 1616/1808/2464 1587/1773/2419 1588/1776/2423
f 1616/1808/2465 1589/1777/2424 1617/1809/2466
f 1617/1809/2467 1590/1778/2468 1618/1810/2469
f 1618/1810/2470 1590/1778/2427 1619/1811/2471
f 1619/1812/2471 1592/1782/2472 1620/1813/2473
f 1620/1813/2474 1593/1783/2432 1621/1814/2475
f 1621/1814/2475 1562/1748/2390 1622/1815/2476
f 1623/1816/2477 1594/1784/2478 1624/1817/2479
f 1624/1817/2479 1595/1785/2435 1625/1818/2480
f 1625/1819/2481 1596/1788/2438 1626/1820/2482
f 1626/1820/2482 1596/1788/2439 1627/1821/2483
f 1630/1822/2484 1598/1790/2443 1599/1791/2444
f 1631/1823/2485 1599/1791/2444 1600/1824/2486
f 1632/1825/2487 1600/1824/2486 1601/1792/2445
f 1633/1826/2488 1601/1792/2445 1602/1793/2446
f 1634/1827/2489 1602/1793/2446 1603/1794/2447
f 1635/1828/2490 1603/1794/2447 1604/1795/2449
f 1637/1829/2491 1604/1830/2449 1605/1796/2451
f 1638/1831/2492 1605/1796/2451 1606/1798/2493
f 1639/1832/2494 1606/1798/2452 1607/1799/2495
f 1640/1833/2496 1607/1799/2495 1608/1800/2456
f 1641/1834/2497 1608/1800/2456 1609/1801/2457
f 1642/1835/2498 1610/1802/2458 1582/1768/2415
f 1643/1836/2499 1582/1768/2415 1583/1769/2500
f 1646/1837/2501 1612/1803/2502 1613/1838/2503
f 1647/1839/2504 1613/1840/2505 1614/1841/2461
f 1648/1842/2506 1614/1841/2461 1615/1806/2463
f 1649/1843/2507 1615/1844/2508 1616/1808/2465
f 1649/1843/2507 1617/1809/2467 1650/1845/2509
f 1650/1845/2509 1618/1810/2469 1651/1846/2510
f 1651/1846/2511 1619/1811/2471 1652/1847/2512
f 1652/1848/2512 1620/1813/2474 1653/1849/2513
f 1653/1849/2514 1621/1814/2475 1654/1850/2515
f 1655/1851/2516 1624/1817/2517 1656/1852/2518
f 1656/1852/2519 1625/1818/2480 1657/1853/2520
f 1657/1854/2521 1626/1820/2482 1658/1855/2522
f 1658/1855/2523 1627/1821/2483 1659/1856/2524
f 1660/1857/2525 1627/1821/2526 1628/1858/2527
f 1661/1859/2528 1628/1858/2527 1629/1860/2529
f 1662/1861/2530 1629/1862/2531 1630/1863/2532
f 1662/1864/2533 1631/1823/2485 1663/1865/2534
f 1664/1866/2535 1631/1823/2485 1632/1825/2536
f 1665/1867/2537 1632/1825/2487 1633/1826/2538
f 1666/1868/2539 1633/1826/2540 1634/1827/2489
f 1667/1869/2541 1634/1827/2489 1635/1828/2490
f 1668/1870/2542 1635/1871/2490 1636/1872/2543
f 1669/1873/2544 1636/1872/2543 1637/1829/2491
f 1670/1874/2545 1637/1829/2546 1638/1831/2492
f 1671/1875/2547 1638/1831/2492 1639/1832/2548
f 1672/1876/2549 1639/1832/2548 1640/1833/2550
f 1673/1877/2551 1640/1833/2550 1641/1834/2497
f 1642/1835/2498 1641/1834/2497 1610/1802/2458
f 1674/1878/2552 1399/1565/2170 1551/1736/2373
f 1676/1879/2553 1645/1880/2554 1646/1837/2501
f 1676/1881/2553 1646/1882/2501 1647/1839/2504
f 1676/1881/2553 1647/1839/2504 1677/1883/2555
f 1678/1884/2556 1647/1839/2504 1648/1842/2506
f 1678/1885/2556 1649/1843/2507 1679/1886/2557
f 1680/1887/2558 1649/1843/2507 1650/1845/2509
f 1680/1887/2558 1650/1845/2559 1681/1888/2560
f 1682/1889/2561 1651/1846/2510 1652/1847/2512
f 1682/1890/2561 1653/1849/2514 1683/1891/2562
f 1683/1891/2562 1654/1850/2515 1684/1892/2563
f 1684/1892/2563 1622/1815/2564 1685/1893/2565
f 1685/1893/2565 1623/1816/2477 1686/1894/2566
f 1686/1894/2566 1655/1851/2516 1687/1895/2567
f 1687/1895/2567 1657/1853/2520 1688/1896/2568
f 1688/1897/2568 1658/1855/2522 1689/1898/2569
f 1689/1898/2569 1659/1856/2524 1690/1899/2570
f 1691/1900/2571 1659/1856/2524 1660/1857/2525
f 1691/1900/2571 1660/1857/2525 1661/1859/2572
f 1693/1901/2573 1661/1902/2572 1662/1861/2533
f 1694/1903/2574 1662/1864/2530 1663/1865/2534
f 1695/1904/2575 1663/1865/2534 1664/1866/2535
f 1696/1905/2576 1664/1866/2535 1665/1867/2537
f 1697/1906/2577 1665/1867/2578 1666/1868/2539
f 1698/1907/2579 1666/1868/2539 1667/1869/2580
f 1698/1908/2579 1667/1909/2541 1668/1870/2581
f 1699/1910/2582 1668/1870/2581 1669/1873/2583
f 1700/1911/2584 1669/1873/2583 1670/1874/2585
f 1701/1912/2586 1670/1874/2545 1671/1875/2547
f 1702/1913/2587 1671/1875/2547 1672/1876/2549
f 1703/1914/2588 1672/1876/2549 1673/1877/2551
f 1704/1915/2589 1673/1877/2551 1642/1835/2498
f 1706/1916/2590 1642/1835/2498 1643/1836/2499
f 1706/1916/2590 1643/1836/2499 1611/1917/2591
f 1708/1918/2592 1675/1919/2593 1676/1879/2594
f 1710/1920/2595 1676/1881/2553 1677/1883/2555
f 1711/1921/2596 1677/1883/2597 1678/1884/2556
f 1711/1922/2596 1679/1886/2557 1712/1923/2598
f 1713/1924/2599 1682/1889/2561 1714/1925/2600
f 1714/1926/2600 1683/1891/2562 1715/1927/2601
f 1715/1927/2601 1684/1892/2602 1716/1928/2603
f 1716/1928/2603 1685/1893/2565 1717/1929/2604
f 1718/1930/2605 1687/1895/2567 1719/1931/2606
f 1719/1931/2606 1688/1896/2568 1720/1932/2607
f 1720/1932/2608 1689/1933/2569 1721/1934/2609
f 1721/1935/2609 1690/1899/2570 1722/1936/2610
f 1722/1936/2610 1691/1900/2611 1723/1937/2612
f 1724/1938/2613 1691/1900/2571 1692/1939/2614
f 1725/1940/2615 1692/1941/2614 1693/1901/2573
f 1726/1942/2616 1693/1943/2617 1694/1903/2574
f 1727/1944/2618 1694/1903/2574 1695/1904/2575
f 1728/1945/2619 1695/1904/2575 1696/1905/2576
f 1729/1946/2620 1696/1905/2576 1697/1906/2621
f 1730/1947/2622 1697/1906/2577 1698/1907/2623
f 1732/1948/2624 1698/1908/2579 1699/1910/2582
f 1733/1949/2625 1699/1910/2582 1700/1911/2584
f 1734/1950/2626 1700/1911/2584 1701/1912/2627
f 1735/1951/2628 1701/1912/2627 1702/1913/2629
f 1736/1952/2630 1702/1913/2629 1703/1914/2588
f 1737/1953/2631 1644/1954/2632 1399/1565/2170
f 1738/1955/2633 1707/1956/2634 1708/1918/2635
f 1739/1957/2636 1708/1918/2592 1709/1958/2637
f 1740/1959/2638 1709/1960/2639 1710/1920/2595
f 1741/1961/2640 1710/1920/2595 1711/1921/2596
f 1742/1962/2641 1711/1922/2596 1712/1923/2598
f 1743/1963/2642 1712/1923/2598 1713/1924/2599
f 1743/1963/2642 1714/1925/2643 1744/1964/2644
f 1744/1965/2644 1715/1927/2601 1745/1966/2645
f 1745/1966/2645 1716/1928/2603 1746/1967/2646
f 1717/1929/2604 1686/1894/2566 1779/1968/2647
f 1718/1930/2605 1719/1931/2648 1747/1969/2649
f 1747/1969/2650 1720/1932/2607 1748/1970/2651
f 1748/1970/2651 1721/1934/2609 1749/1971/2652
f 1749/1972/2653 1722/1936/2654 1750/1973/2655
f 1751/1974/2656 1722/1936/2654 1723/1937/2612
f 1752/1975/2657 1723/1937/2612 1724/1938/2613
f 1753/1976/2658 1724/1977/2613 1725/1940/2615
f 1754/1978/2659 1725/1979/2615 1726/1942/2616
f 1755/1980/2660 1726/1942/2616 1727/1944/2618
f 1756/1981/2661 1727/1944/2618 1728/1945/2619
f 1757/1982/2662 1728/1945/2663 1729/1946/2620
f 1758/1983/2664 1729/1946/2665 1730/1947/2622
f 1758/1984/2664 1730/1985/2666 1731/1986/2667
f 1759/1987/2668 1731/1986/2667 1732/1948/2624
f 1760/1988/2669 1732/1948/2670 1733/1949/2625
f 1761/1989/2671 1733/1949/2625 1734/1950/2626
f 1762/1990/2672 1734/1950/2673 1735/1951/2628
f 1763/1991/2674 1735/1951/2628 1736/1952/2630
f 1764/1992/2675 1736/1952/2630 1704/1915/2589
f 1765/1993/2676 1704/1915/2589 1705/1994/2677
f 1766/1995/2678 1705/1994/2677 1706/1916/2590
f 1767/1996/2679 1706/1916/2590 1644/1954/2632
f 1770/1997/2680 1738/1955/2681 1739/1957/2636
f 1771/1998/2682 1739/1999/2636 1740/1959/2638
f 1772/2000/2683 1740/1959/2638 1741/1961/2640
f 1773/2001/2684 1741/1961/2640 1742/2002/2685
f 1773/2003/2684 1742/1962/2686 1774/2004/2687
f 1774/2004/2687 1742/1962/2688 1743/1963/2642
f 1774/2004/2687 1743/1963/2642 1775/2005/2689
f 1775/2005/2690 1744/1964/2644 1776/2006/2691
f 1776/2007/2691 1746/1967/2646 1777/2008/2692
f 1777/2008/2692 1717/1929/2604 1778/2009/2693
f 1779/1968/2694 1747/1969/2649 1780/2010/2695
f 1780/2010/2695 1748/1970/2651 1781/2011/2696
f 1781/2011/2696 1749/1971/2697 1782/2012/2698
f 1782/2013/2699 1750/1973/2700 1783/2014/2701
f 1784/2015/2702 1750/1973/2700 1751/1974/2703
f 1785/2016/2704 1751/1974/2703 1752/1975/2705
f 1786/2017/2706 1752/2018/2657 1753/1976/2658
f 1787/2019/2707 1753/2020/2658 1754/1978/2659
f 1788/2021/2708 1754/1978/2659 1755/1980/2660
f 1789/2022/2709 1755/1980/2660 1756/1981/2661
f 1790/2023/2710 1756/1981/2661 1757/1982/2711
f 1791/2024/2712 1757/2025/2662 1758/1984/2664
f 1793/2026/2713 1758/1984/2664 1759/1987/2668
f 1794/2027/2714 1759/1987/2715 1760/1988/2669
f 1795/2028/2716 1760/1988/2669 1761/1989/2671
f 1796/2029/2717 1761/1989/2671 1762/1990/2672
f 1797/2030/2718 1762/1990/2719 1763/1991/2674
f 1798/2031/2720 1763/1991/2674 1764/1992/2675
f 1799/2032/2721 1737/1953/2631 1674/1878/2552
f 1800/2033/2722 1769/2034/2723 1770/2035/2680
f 1801/2036/2724 1770/2037/2680 1771/1998/2682
f 1803/2038/2725 1771/1998/2682 1772/2000/2726
f 1803/2038/2725 1772/2000/2683 1773/2001/2684
f 1804/2039/2727 1773/2040/2684 1774/2041/2687
f 1805/2042/2728 1774/2041/2687 1806/2043/2729
f 1806/2043/2729 1776/2044/2730 1807/2045/2731
f 1807/2046/2731 1777/2008/2692 1808/2047/2732
f 1809/2048/2733 1780/2010/2695 1810/2049/2734
f 1810/2049/2735 1781/2011/2696 1811/2050/2736
f 1811/2050/2736 1782/2012/2698 1812/2051/2737
f 1812/2052/2737 1783/2053/2701 1813/2054/2738
f 1814/2055/2739 1783/2053/2740 1784/2056/2702
f 1815/2057/2741 1784/2056/2742 1785/2058/2704
f 1816/2059/2743 1785/2060/2704 1786/2017/2744
f 1817/2061/2745 1786/2062/2744 1787/2063/2707
f 1818/2064/2746 1787/2063/2707 1788/2065/2747
f 1819/2066/2748 1788/2065/2747 1789/2067/2749
f 1820/2068/2750 1789/2067/2749 1790/2069/2710
f 1821/2070/2751 1790/2069/2710 1791/2071/2712
f 1822/2072/2752 1791/2024/2753 1792/2073/2754
f 1823/2074/2755 1792/2073/2754 1793/2026/2713
f 1824/2075/2756 1793/2026/2713 1794/2027/2714
f 1825/2076/2757 1794/2027/2714 1795/2028/2716
f 1826/2077/2758 1795/2028/2716 1796/2029/2717
f 1827/2078/2759 1796/2029/2717 1797/2030/2760
f 1828/2079/2761 1798/2031/2720 1765/1993/2762
f 1830/2080/2763 1800/2033/2722 1801/2081/2724
f 1831/2082/2764 1801/2036/2765 1802/2083/2766
f 1832/2084/2767 1802/2083/2766 1803/2038/2725
f 1833/2085/2768 1803/2086/2725 1804/2039/2727
f 1834/2087/2769 1804/2039/2727 1805/2042/2728
f 1834/2087/2769 1805/2042/2728 1835/2088/2770
f 1836/2089/2771 1807/2046/2731 1837/2090/2772
f 1837/2090/2772 1808/2047/2773 1838/2091/2774
f 1838/2091/2774 1778/2009/2775 1839/2092/2776
f 1839/2092/2776 1779/1968/2647 1840/2093/2777
f 1840/2093/2778 1809/2048/2733 1841/2094/2779
f 1841/2094/2779 1811/2050/2736 1842/2095/2780
f 1842/2095/2780 1812/2051/2737 1843/2096/2781
f 1843/2097/2782 1813/2054/2738 1844/2098/2783
f 1845/2099/2784 1813/2054/2738 1814/2055/2739
f 1846/2100/2785 1814/2055/2786 1815/2057/2741
f 1847/2101/2787 1815/2102/2741 1816/2059/2743
f 1847/2103/2787 1817/2061/2745 1848/2104/2788
f 1849/2105/2789 1817/2061/2745 1818/2064/2746
f 1850/2106/2790 1818/2064/2791 1819/2066/2748
f 1851/2107/2792 1819/2066/2748 1820/2068/2750
f 1852/2108/2793 1820/2068/2750 1821/2070/2751
f 1852/2109/2793 1821/2110/2751 1822/2072/2752
f 1853/2111/2794 1822/2072/2752 1823/2074/2795
f 1854/2112/2796 1823/2074/2795 1824/2075/2756
f 1855/2113/2797 1824/2075/2756 1825/2076/2757
f 1856/2114/2798 1825/2076/2757 1826/2077/2758
f 1857/2115/2799 1826/2077/2758 1827/2078/2759
f 1828/2079/2761 1827/2078/2800 1798/2031/2720
f 1858/2116/2801 1828/2079/2761 1766/1995/2678
f 1858/2116/2801 1766/1995/2678 1767/1996/2679
f 1859/2117/2802 1767/1996/2679 1768/2118/2803
f 1861/2119/2804 1829/2120/2805 1830/2080/2806
f 1862/2121/2807 1830/2122/2763 1831/2082/2764
f 1863/2123/2808 1831/2082/2764 1832/2084/2767
f 1863/2123/2808 1832/2084/2767 1833/2124/2768
f 1864/2125/2809 1833/2085/2768 1834/2087/2769
f 1865/2126/2810 1836/2127/2771 1866/2128/2811
f 1866/2129/2811 1837/2090/2812 1867/2130/2813
f 1867/2130/2813 1838/2091/2774 1868/2131/2814
f 1869/2132/2815 1841/2094/2779 1870/2133/2816
f 1870/2133/2816 1842/2095/2780 1871/2134/2817
f 1871/2135/2818 1843/2097/2782 1872/2136/2819
f 1872/2136/2820 1844/2098/2783 1873/2137/2821
f 1874/2138/2822 1844/2098/2823 1845/2099/2824
f 1875/2139/2825 1845/2099/2824 1846/2100/2785
f 1876/2140/2826 1846/2141/2785 1847/2101/2827
f 1877/2142/2828 1847/2103/2787 1848/2104/2788
f 1878/2143/2829 1848/2104/2788 1849/2105/2789
f 1879/2144/2830 1849/2105/2831 1850/2106/2790
f 1880/2145/2832 1850/2106/2790 1851/2107/2792
f 1881/2146/2833 1851/2107/2792 1852/2108/2793
f 1883/2147/2834 1852/2109/2793 1853/2111/2794
f 1884/2148/2835 1853/2111/2794 1854/2112/2796
f 1885/2149/2836 1854/2112/2796 1855/2113/2797
f 1886/2150/2837 1855/2113/2797 1856/2114/2798
f 1887/2151/2838 1856/2114/2798 1857/2115/2839
f 1888/2152/2840 1857/2115/2839 1828/2079/2841
f 1890/2153/2842 1859/2117/2843 1768/2118/2844
f 1891/2154/2845 1737/1953/2631 1799/2032/2721
f 1892/2155/2846 1860/2156/2847 1861/2119/2848
f 1894/2157/2849 1861/2119/2848 1862/2158/2807
f 1895/2159/2850 1862/2121/2851 1863/2123/2808
f 1896/2160/2852 1863/2161/2808 1864/2125/2809
f 1897/2162/2853 1864/2125/2809 1865/2126/2810
f 1897/2162/2853 1865/2126/2810 1898/2163/2854
f 1898/2163/2854 1866/2128/2811 1899/2164/2855
f 1899/2165/2856 1867/2130/2813 1900/2166/2857
f 1900/2166/2857 1868/2131/2814 1901/2167/2858
f 1901/2167/2859 1839/2092/2776 1902/2168/2860
f 1902/2168/2861 1840/2093/2778 1933/2169/2862
f 1869/2132/2815 1870/2133/2816 1903/2170/2863
f 1903/2170/2864 1871/2134/2817 1904/2171/2865
f 1904/2172/2865 1872/2136/2820 1905/2173/2866
f 1905/2173/2866 1873/2137/2867 1906/2174/2868
f 1907/2175/2869 1873/2137/2821 1874/2138/2822
f 1908/2176/2870 1874/2138/2822 1875/2139/2825
f 1909/2177/2871 1875/2178/2825 1876/2140/2872
f 1910/2179/2873 1876/2180/2826 1877/2142/2874
f 1911/2181/2875 1877/2142/2828 1878/2143/2829
f 1912/2182/2876 1878/2143/2877 1879/2144/2830
f 1913/2183/2878 1879/2144/2830 1880/2145/2832
f 1914/2184/2879 1880/2145/2832 1881/2146/2880
f 1914/2185/2879 1881/2186/2833 1882/2187/2881
f 1915/2188/2882 1882/2187/2881 1883/2147/2834
f 1916/2189/2883 1883/2147/2834 1884/2148/2835
f 1917/2190/2884 1884/2148/2835 1885/2149/2836
f 1918/2191/2885 1885/2149/2836 1886/2150/2837
f 1919/2192/2886 1886/2150/2837 1887/2151/2887
f 1920/2193/2888 1889/2194/2889 1858/2116/2801
f 1921/2195/2890 1858/2116/2801 1859/2117/2843
f 1922/614/2891 1892/2155/2846 1923/2196/2892
f 1923/2196/2892 1892/2155/2846 1893/2197/2893
f 1924/2198/2894 1893/2197/2893 1894/2157/2895
f 1926/2199/2896 1894/2200/2897 1895/2159/2850
f 1926/2199/2896 1895/2159/2850 1896/2201/2852
f 1927/2202/2898 1896/2160/2899 1897/2162/2853
f 1927/2202/2898 1897/2162/2853 1928/2203/2900
f 1928/2203/2900 1899/2164/2901 1929/2204/2902
f 1929/2205/2902 1900/2166/2857 1930/2206/2903
f 1930/2206/2903 1901/2167/2859 1931/2207/2904
f 1931/2207/2905 1902/2168/2861 1932/2208/2906
f 1933/2169/2862 1903/2170/2863 1934/2209/2907
f 1934/2209/2907 1904/2171/2865 1935/2210/2908
f 1935/2211/2908 1905/2173/2866 1936/2212/2909
f 1936/2212/2910 1906/2174/2868 1937/2213/2911
f 1938/2214/2912 1906/2174/2913 1907/2175/2869
f 1939/2215/2914 1907/2175/2869 1908/2176/2870
f 1940/2216/2915 1908/2217/2870 1909/2177/2871
f 1941/2218/2916 1909/2219/2871 1910/2179/2873
f 1942/2220/2917 1910/2179/2873 1911/2181/2875
f 1943/2221/2918 1911/2181/2875 1912/2182/2876
f 1944/2222/2919 1912/2182/2876 1913/2183/2878
f 1945/2223/2920 1913/2183/2878 1914/2184/2879
f 1947/2224/2921 1914/2185/2879 1915/2188/2882
f 1948/2225/2922 1915/2188/2882 1916/2189/2883
f 1949/2226/2923 1916/2189/2883 1917/2190/2884
f 1950/2227/2924 1917/2190/2884 1918/2191/2885
f 1951/2228/2925 1918/2191/2885 1919/2192/2926
f 1952/2229/2927 1919/2192/2926 1888/2152/2840
f 1952/2229/2927 1888/2152/2840 1889/2194/2889
f 1953/2230/2928 1922/614/2929 1923/2196/2892
f 1954/2231/2930 1923/2196/2892 1924/2198/2931
f 1955/2232/2932 1924/2233/2931 1925/2234/2933
f 1956/2235/2934 1925/2234/2933 1926/2199/2935
f 1957/2236/2936 1928/2203/2937 1958/2237/2938
f 1958/2237/2939 1929/2204/2902 1959/2238/2940
f 1959/2239/2941 1930/2206/2903 1960/2240/2942
f 1960/2240/2943 1931/2207/2904 1961/2241/2944
f 1962/2242/2945 1934/2209/2907 1963/2243/2946
f 1963/2243/2946 1935/2210/2908 1964/2244/2947
f 1964/2245/2947 1936/2212/2948 1965/2246/2949
f 1965/2246/2950 1937/2213/2911 1966/2247/2951
f 1967/2248/2952 1937/2213/2953 1938/2214/2912
f 1968/2249/2954 1938/2214/2955 1939/2215/2914
f 1969/2250/2956 1939/2215/2914 1940/2251/2957
f 1970/2252/2958 1940/2251/2957 1941/2218/2916
f 1971/2253/2959 1941/2218/2916 1942/2220/2917
f 1972/2254/2960 1942/2220/2917 1943/2221/2918
f 1973/2255/2961 1943/2221/2918 1944/2222/2919
f 1974/2256/2962 1944/2222/2919 1945/2223/2920
f 1974/2257/2963 1945/2258/2920 1946/2259/2964
f 1975/2260/2965 1946/2259/2964 1947/2224/2921
f 1976/2261/2966 1947/2224/2921 1948/2225/2922
f 1977/2262/2967 1948/2225/2968 1949/2226/2923
f 1978/2263/2969 1949/2226/2923 1950/2227/2970
f 1979/2264/2971 1950/2227/2924 1951/2228/2972
f 1982/2265/2973 1953/2230/2928 1954/2231/2930
f 1982/2265/2973 1954/2231/2930 1955/2266/2932
f 1984/2267/2974 1955/2232/2932 1956/2235/2934
f 1985/2268/2975 1956/2269/2976 1957/2236/2936
f 1987/2270/2977 1959/2238/2940 1988/2271/2978
f 1988/2271/2978 1960/2272/2943 1989/2273/2979
f 1989/2274/2979 1961/2241/2944 1990/2275/2980
f 1990/2275/2980 1932/2208/2981 1991/2276/2982
f 1991/2276/2982 1933/2169/2862 1992/2277/2983
f 1992/2277/2983 1962/2242/2984 1993/2278/2985
f 1993/2278/2986 1964/2244/2947 1994/2279/2987
f 1994/2280/2987 1965/2246/2949 1995/2281/2988
f 1995/2281/2988 1966/2247/2951 1996/2282/2989
f 1996/2282/2989 1967/2248/2990 1997/2283/2991
f 1998/2284/2992 1967/2248/2993 1968/2249/2954
f 1999/2285/2994 1968/2249/2954 1969/2250/2995
f 2000/2286/2996 1969/2250/2995 1970/2252/2958
f 2001/2287/2997 1970/2252/2958 1971/2253/2998
f 2002/2288/2999 1971/2253/2998 1972/2254/3000
f 2003/2289/3001 1972/2254/3000 1973/2255/2961
f 2004/2290/3002 1973/2255/2961 1974/2256/2962
f 2006/2291/3003 1974/2257/2962 1975/2260/3004
f 2007/2292/3005 1975/2260/3004 1976/2261/2966
f 2008/2293/3006 1976/2261/2966 1977/2262/3007
f 2009/2294/3008 1977/2262/3007 1978/2263/2969
f 2010/2295/3009 1978/2263/2969 1979/2264/2971
f 2011/2296/3010 1979/2264/3011 1952/2229/2927
f 2012/2297/3012 1980/2298/3013 1920/2193/2888
f 2012/2297/3012 1920/2193/2888 1921/2195/2890
f 2014/2299/3014 1921/2195/2890 1890/2153/2842
f 2015/2300/3015 1737/1953/2631 1891/2154/3016
f 2017/2301/3017 1981/2302/3018 1982/2265/2973
f 2018/2303/3019 1982/2265/2973 1983/2304/3020
f 2019/2305/3021 1983/2306/3022 1984/2267/3023
f 2019/2305/3024 1984/2267/3023 1985/2307/3025
f 2020/2308/3026 1985/2268/3027 1986/2309/3028
f 2021/2310/3029 1986/2309/3028 1987/2270/3030
f 2021/2310/3029 1988/2271/2978 2022/2311/3031
f 2022/2311/3031 1989/2273/2979 2023/2312/3032
f 2023/2313/3032 1990/2275/2980 2024/2314/3033
f 2025/2315/3034 1993/2278/2985 2026/2316/3035
f 2026/2316/3035 1994/2279/2987 2027/2317/3036
f 2027/2318/3036 1995/2281/2988 2028/2319/3037
f 2028/2319/3037 1996/2282/2989 2029/2320/3038
f 2031/2321/3039 1997/2283/3040 1998/2284/3041
f 2032/2322/3042 1998/2284/3041 1999/2285/3043
f 2033/2323/3044 1999/2285/2994 2000/2286/3045
f 2034/2324/3046 2000/2286/3045 2001/2287/3047
f 2035/2325/3048 2001/2287/3047 2002/2288/2999
f 2036/2326/3049 2002/2288/2999 2003/2289/3001
f 2037/2327/3050 2003/2289/3001 2004/2290/3051
f 2038/2328/3052 2004/2290/3051 2005/2329/3053
f 2039/2330/3054 2005/2331/3055 2006/2291/3003
f 2040/2332/3056 2006/2291/3003 2007/2292/3005
f 2041/2333/3057 2007/2292/3005 2008/2293/3058
f 2042/2334/3059 2008/2293/3006 2009/2294/3008
f 2043/2335/3060 2009/2294/3008 2010/2295/3009
f 2044/2336/3061 2011/2296/3010 1980/2298/3013
f 2045/2337/3062 2014/2299/3063 1737/1953/2631
f 2047/2338/3064 2016/2339/3065 2017/2301/3017
f 2047/2338/3064 2017/2301/3017 2018/2303/3019
f 2049/2340/3066 2018/2341/3019 2019/2305/3024
f 2050/2342/3067 2021/2310/3029 2051/2343/3068
f 2051/2343/3069 2022/2311/3070 2052/2344/3071
f 2052/2344/3071 2023/2312/3032 2053/2345/3072
f 2053/2346/3073 2024/2314/3033 2054/2347/3074
f 2054/2347/3075 1991/2276/3076 2055/2348/3077
f 2055/2348/3078 1992/2277/2983 2084/2349/3079
f 2025/2315/3034 2026/2316/3035 2056/2350/3080
f 2056/2350/3080 2027/2317/3036 2057/2351/3081
f 2057/2352/3081 2028/2319/3037 2058/2353/3082
f 2058/2353/3082 2029/2320/3038 2059/2354/3083
f 2060/2355/3084 2030/2356/3085 2031/2321/3039
f 2062/2357/3086 2031/2321/3039 2032/2322/3087
f 2063/2358/3088 2032/2322/3042 2033/2323/3044
f 2064/2359/3089 2033/2323/3044 2034/2324/3090
f 2065/2360/3091 2034/2324/3090 2035/2325/3092
f 2066/2361/3093 2035/2325/3092 2036/2326/3049
f 2067/2362/3094 2036/2326/3049 2037/2327/3050
f 2068/2363/3095 2037/2327/3050 2038/2328/3052
f 2069/2364/3096 2038/2365/3052 2039/2330/3054
f 2070/2366/3097 2039/2330/3054 2040/2332/3056
f 2071/2367/3098 2040/2332/3056 2041/2333/3057
f 2072/2368/3099 2041/2333/3057 2042/2334/3059
f 2073/2369/3100 2042/2334/3101 2043/2335/3060
f 2044/2336/3061 2043/2335/3060 2011/2296/3010
f 2075/2370/3102 2046/2371/3103 2047/2338/3064
f 2076/2372/3104 2047/2373/3064 2048/2374/3105
f 2077/2375/3106 2048/2374/3105 2049/2340/3066
f 2078/2376/3107 2049/2377/3066 2050/2342/3067
f 2078/2376/3107 2051/2343/3069 2079/2378/3108
f 2079/2378/3109 2052/2344/3071 2080/2379/3110
f 2080/2379/3110 2053/2345/3111 2081/2380/3112
f 2081/2381/3112 2054/2347/3075 2082/2382/3113
f 2082/2382/3113 2055/2348/3077 2083/2383/3114
f 2084/2349/3115 2056/2350/3080 2085/2384/3116
f 2085/2384/3117 2057/2351/3081 2086/2385/3118
f 2086/2386/3118 2058/2353/3082 2087/2387/3119
f 2087/2387/3119 2059/2354/3083 2088/2388/3120
f 2089/2389/3121 2059/2354/3083 2060/2355/3084
f 2090/2390/3122 2060/2355/3084 2061/2391/3123
f 2091/2392/3124 2061/2391/3123 2062/2357/3125
f 2091/2392/3126 2063/2358/3088 2092/2393/3127
f 2093/2394/3128 2063/2358/3088 2064/2359/3089
f 2094/2395/3129 2064/2359/3089 2065/2360/3091
f 2095/2396/3130 2065/2360/3091 2066/2361/3093
f 2096/2397/3131 2066/2361/3093 2067/2362/3132
f 2097/2398/3133 2067/2362/3132 2068/2363/3095
f 2098/2399/3134 2068/2400/3135 2069/2364/3136
f 2099/2401/3137 2069/2364/3138 2070/2366/3097
f 2100/2402/3139 2070/2366/3097 2071/2367/3098
f 2101/2403/3140 2071/2367/3098 2072/2368/3141
f 2102/2404/3142 2072/2368/3143 2073/2369/3100
f 2103/2405/3144 2073/2369/3100 2044/2336/3061
f 2105/2406/3145 2044/2336/3061 2012/2297/3012
f 2105/2406/3145 2012/2297/3012 2013/2407/3146
f 2106/2408/3147 2013/2407/3148 2014/2299/3063
f 2107/2409/3149 2045/2337/3150 2015/2300/3151
f 2109/2410/3152 2074/2411/3153 2075/2370/3102
f 2110/2412/3154 2075/2370/3102 2076/2413/3104
f 2111/2414/3155 2076/2372/3104 2077/2375/3156
f 2112/2415/3157 2077/2416/3156 2078/2376/3158
f 2113/2417/3159 2078/2376/3107 2079/2378/3160
f 2113/2417/3159 2079/2378/3108 2114/2418/3161
f 2114/2418/3161 2080/2379/3110 2115/2419/3162
f 2115/2419/3162 2081/2380/3112 2116/2420/3163
f 2116/2421/3163 2082/2382/3164 2117/2422/3165
f 2118/2423/3166 2085/2384/3116 2119/2424/3167
f 2119/2424/3168 2086/2385/3169 2120/2425/3170
f 2120/2426/3171 2087/2387/3172 2121/2427/3173
f 2121/2427/3173 2088/2388/3120 2122/2428/3174
f 2123/2429/3175 2088/2388/3120 2089/2389/3121
f 2124/2430/3176 2089/2389/3177 2090/2390/3122
f 2125/2431/3178 2090/2390/3179 2091/2392/3124
f 2126/2432/3180 2091/2392/3124 2092/2393/3181
f 2127/2433/3182 2092/2393/3181 2093/2394/3128
f 2128/2434/3183 2093/2394/3128 2094/2395/3129
f 2129/2435/3184 2094/2395/3129 2095/2396/3130
f 2130/2436/3185 2095/2396/3130 2096/2397/3131
f 2131/2437/3186 2096/2397/3187 2097/2398/3133
f 2132/2438/3188 2097/2439/3133 2098/2399/3189
f 2133/2440/3190 2098/2399/3191 2099/2401/3137
f 2134/2441/3192 2099/2401/3137 2100/2402/3139
f 2135/2442/3193 2100/2402/3139 2101/2403/3140
f 2136/2443/3194 2101/2403/3140 2102/2404/3195
f 2166/2444/3196 2106/2408/3147 2014/2299/3063
f 2137/2445/3197 2108/2446/3198 2138/2447/3199
f 2138/2447/3199 2108/2446/3200 2109/2410/3152
f 2138/2447/3199 2109/2410/3152 2110/2412/3154
f 2140/2448/3201 2110/2449/3154 2111/2414/3155
f 2140/2448/3201 2111/2414/3155 2112/2450/3157
f 2141/2451/3202 2112/2415/3203 2113/2417/3159
f 2141/2451/3202 2113/2417/3159 2142/2452/3204
f 2142/2452/3204 2115/2419/3162 2143/2453/3205
f 2143/2453/3205 2116/2420/3163 2144/2454/3206
f 2144/2455/3207 2117/2422/3208 2145/2456/3209
f 2145/2456/3209 2083/2383/3114 2146/2457/3210
f 2146/2457/3211 2084/2349/3115 2178/2458/3212
f 2118/2423/3166 2119/2424/3168 2147/2459/3213
f 2147/2459/3213 2120/2425/3170 2148/2460/3214
f 2148/2461/3214 2121/2427/3215 2149/2462/3216
f 2149/2462/3216 2122/2428/3174 2150/2463/3217
f 2151/2464/3218 2122/2428/3174 2123/2429/3175
f 2152/2465/3219 2123/2429/3220 2124/2430/3176
f 2153/2466/3221 2124/2430/3176 2125/2431/3222
f 2154/2467/3223 2125/2431/3178 2126/2432/3180
f 2155/2468/3224 2126/2432/3180 2127/2433/3182
f 2156/2469/3225 2127/2433/3182 2128/2434/3183
f 2157/2470/3226 2128/2434/3183 2129/2435/3184
f 2158/2471/3227 2129/2435/3184 2130/2436/3228
f 2158/2471/3227 2130/2436/3185 2131/2437/3186
f 2159/2472/3229 2131/2473/3186 2132/2438/3188
f 2160/2474/3230 2132/2438/3188 2133/2440/3231
f 2161/2475/3232 2133/2440/3233 2134/2441/3192
f 2162/2476/3234 2134/2441/3192 2135/2442/3193
f 2163/2477/3235 2135/2442/3236 2136/2443/3194
f 2164/2478/3237 2136/2443/3238 2103/2405/3239
f 2164/2478/3237 2103/2405/3240 2104/2479/3241
f 2165/2480/3242 2104/2479/3241 2105/2406/3145
f 2166/2444/3196 2105/2406/3145 2106/2408/3147
f 2169/2481/3243 2138/2447/3199 2139/2482/3244
f 2170/2483/3245 2139/2484/3246 2140/2448/3201
f 2170/2485/3245 2141/2451/3202 2171/2486/3247
f 2172/2487/3248 2142/2452/3204 2173/2488/3249
f 2173/2488/3249 2143/2453/3250 2174/2489/3251
f 2174/2490/3251 2144/2455/3207 2175/2491/3252
f 2175/2491/3252 2145/2456/3209 2176/2492/3253
f 2176/2492/3254 2146/2457/3210 2177/2493/3255
f 2178/2458/3212 2147/2459/3213 2179/2494/3256
f 2179/2494/3257 2148/2460/3214 2180/2495/3258
f 2180/2496/3259 2149/2462/3216 2181/2497/3260
f 2182/2498/3261 2150/2463/3217 2151/2464/3218
f 2183/2499/3262 2151/2464/3218 2152/2465/3219
f 2184/2500/3263 2152/2465/3219 2153/2466/3264
f 2185/2501/3265 2153/2466/3266 2154/2467/3223
f 2186/2502/3267 2154/2467/3223 2155/2468/3224
f 2187/2503/3268 2155/2468/3224 2156/2469/3225
f 2188/2504/3269 2156/2469/3225 2157/2470/3226
f 2189/2505/3270 2157/2470/3226 2158/2471/3227
f 2191/2506/3271 2158/2507/3227 2159/2472/3272
f 2192/2508/3273 2159/2472/3272 2160/2474/3230
f 2193/2509/3274 2160/2474/3230 2161/2475/3275
f 2194/2510/3276 2161/2475/3232 2162/2476/3234
f 2195/2511/3277 2162/2476/3278 2163/2477/3235
f 2196/2512/3279 2163/2477/3280 2164/2478/3237
f 2198/2513/3281 2164/2478/3237 2165/2480/3282
f 2200/2514/3283 2167/2515/3284 2168/2516/3285
f 2202/2517/3286 2169/2518/3243 2170/2483/3245
f 2202/2517/3287 2170/2483/3245 2203/2519/3288
f 2203/2520/3288 2170/2485/3289 2171/2486/3247
f 2205/2521/3290 2173/2488/3249 2206/2522/3291
f 2206/2522/3292 2174/2489/3251 2207/2523/3293
f 2207/2524/3293 2175/2491/3252 2208/2525/3294
f 2208/2525/3294 2176/2492/3254 2209/2526/3295
f 2210/2527/3296 2179/2494/3297 2211/2528/3298
f 2211/2528/3299 2180/2495/3259 2212/2529/3300
f 2212/2530/3300 2180/2496/3258 2213/2531/3301
f 2213/2531/3301 2181/2497/3260 2214/2532/3302
f 2215/2533/3303 2181/2497/3260 2182/2498/3261
f 2215/2533/3303 2182/2498/3261 2183/2499/3262
f 2217/2534/3304 2183/2499/3262 2184/2500/3263
f 2218/2535/3305 2184/2500/3263 2185/2501/3265
f 2219/2536/3306 2185/2501/3265 2186/2502/3267
f 2220/2537/3307 2186/2502/3267 2187/2503/3268
f 2221/2538/3308 2187/2503/3268 2188/2504/3269
f 2222/2539/3309 2188/2504/3269 2189/2505/3270
f 2223/2540/3310 2189/2505/3270 2190/2541/3311
f 2224/2542/3312 2190/2543/3313 2191/2506/3271
f 2225/2544/3314 2191/2506/3271 2192/2508/3273
f 2226/2545/3315 2192/2508/3273 2193/2509/3274
f 2227/2546/3316 2193/2509/3274 2194/2510/3317
f 2228/2547/3318 2194/2510/3319 2195/2511/3277
f 2229/2548/3320 2198/2513/3281 2166/2444/3196
f 2230/639/3321 2199/2549/3322 2231/2550/3323
f 2231/2550/3323 2199/2549/3322 2200/2514/3283
f 2233/2551/3324 2201/2552/3325 2202/2517/3287
f 2233/2551/3324 2202/2517/3286 2203/2519/3288
f 2234/2553/3326 2204/2554/3327 2235/2555/3328
f 2235/2555/3329 2205/2521/3290 2236/2556/3330
f 2236/2556/3330 2205/2521/3290 2206/2522/3292
f 2236/2556/3330 2206/2522/3292 2237/2557/3331
f 2237/2558/3331 2207/2524/3293 2238/2559/3332
f 2238/2559/3332 2208/2525/3294 2239/2560/3333
f 2239/2560/3333 2208/2525/3294 2209/2526/3295
f 2240/2561/3334 2177/2493/3255 2178/2458/3212
f 2241/2562/3335 2210/2527/3336 2211/2528/3299
f 2241/2562/3335 2211/2528/3298 2212/2529/3300
f 2241/2562/3335 2212/2529/3300 2242/2563/3337
f 2242/2564/3337 2213/2531/3338 2243/2565/3339
f 2243/2565/3340 2215/2533/3303 2244/2566/3341
f 2244/2566/3341 2215/2533/3303 2245/2567/3342
f 2246/2568/3343 2216/2569/3344 2217/2534/3345
f 2218/2535/3305 2246/2568/3346 2217/2534/3304
f 2247/2570/3347 2219/2536/3306 2248/2571/3348
f 2248/2571/3348 2219/2536/3306 2220/2537/3307
f 2251/2572/3349 2221/2538/3350 2222/2539/3309
f 2251/2572/3349 2222/2539/3309 2223/2540/3310
f 2252/2573/3351 2223/2574/3310 2224/2542/3312
f 2253/2575/3352 2224/2542/3312 2225/2544/3353
f 2254/2576/3354 2225/2544/3353 2226/2545/3355
f 2255/2577/3356 2226/2545/3355 2227/2546/3357
f 2256/2578/3358 2227/2546/3316 2228/2547/3318
f 2257/2579/3359 2228/2547/3318 2196/2512/3279
f 2257/2579/3359 2196/2512/3279 2197/2580/3360
f 2258/2581/3361 2197/2580/3360 2198/2513/3362
f 2259/2582/3363 2045/2337/3150 2107/2409/3364
f 2260/2583/3365 2231/2550/3366 2261/2584/3367
f 2262/2585/3368 2231/2550/3323 2232/2586/3369
f 2262/2587/3368 2233/2551/3324 2263/2588/3370
f 2263/2589/3370 2234/2553/3326 2264/2590/3371
f 2264/2590/3371 2235/2555/3328 2265/2591/3372
f 2266/2592/3373 2235/2555/3329 2236/2556/3330
f 2267/2593/3374 2236/2556/3330 2237/2557/3331
f 2268/2594/3375 2237/2558/3331 2238/2559/3332
f 2269/2595/3376 2238/2559/3332 2239/2560/3333
f 2271/2596/3377 2210/2527/3336 2241/2562/3335
f 2272/2597/3378 2241/2562/3335 2242/2563/3337
f 2273/2598/3379 2242/2564/3337 2243/2565/3340
f 2275/2599/3380 2244/2566/3341 2276/2600/3381
f 2276/2600/3382 2244/2566/3341 2245/2567/3342
f 2276/2600/3382 2246/2568/3346 2277/2601/3383
f 2277/2601/3384 2247/2570/3347 2278/2602/3385
f 2278/2602/3385 2248/2571/3348 2279/2603/3386
f 2279/2603/3386 2248/2571/3387 2280/2604/3388
f 2280/2604/3388 2249/2605/3389 2281/2606/3390
f 2281/2606/3390 2251/2572/3349 2282/2607/3391
f 2282/2607/3391 2251/2572/3349 2283/2608/3392
f 2283/2609/3392 2252/2573/3351 2284/2610/3393
f 2284/2610/3393 2253/2575/3352 2285/2611/3394
f 2285/2611/3394 2254/2576/3354 2286/2612/3395
f 2286/2612/3395 2255/2577/3356 2287/2613/3396
f 2287/2613/3396 2256/2578/3358 2288/2614/3397
f 2288/2614/3397 2257/2579/3398 2289/2615/3399
f 2289/2615/3400 2257/2579/3398 2290/2616/3401
f 2258/2581/3361 2229/2548/3402 2291/2617/3403
f 2291/2617/3403 2045/2337/3062 2292/2618/3404
f 2293/2619/3405 2261/2584/3367 2294/2620/3406
f 2294/2621/3406 2262/2587/3368 2295/2622/3407
f 2295/2622/3407 2263/2588/3370 2296/2623/3408
f 2298/2624/3409 2265/2591/3372 2266/2592/3373
f 2299/2625/3410 2266/2592/3373 2267/2593/3411
f 2300/2626/3412 2267/2627/3374 2268/2594/3375
f 2301/2628/3413 2268/2594/3375 2269/2595/3376
f 2303/2629/3414 2240/2561/3334 2271/2596/3415
f 2304/2630/3416 2271/2596/3415 2272/2597/3378
f 2304/2631/3416 2272/2632/3417 2273/2598/3379
f 2305/2633/3418 2273/2598/3419 2274/2634/3420
f 2305/2633/3418 2274/2634/3420 2306/2635/3421
f 2306/2635/3421 2275/2599/3380 2307/2636/3422
f 2307/2636/3422 2276/2600/3423 2308/2637/3424
f 2308/2637/3425 2277/2601/3383 2309/2638/3426
f 2310/2639/3427 2277/2601/3384 2278/2602/3385
f 2310/2639/3427 2279/2603/3386 2311/2640/3428
f 2311/2640/3428 2280/2604/3388 2312/2641/3429
f 2312/2641/3429 2281/2606/3390 2313/2642/3430
f 2313/2642/3430 2282/2607/3431 2314/2643/3432
f 2314/2644/3432 2283/2609/3392 2315/2645/3433
f 2315/2645/3433 2284/2610/3393 2316/2646/3434
f 2316/2646/3434 2285/2611/3435 2317/2647/3436
f 2317/2647/3436 2286/2612/3395 2318/2648/3437
f 2318/2648/3437 2287/2613/3438 2319/2649/3439
f 2319/2649/3440 2288/2614/3441 2320/2650/3442
f 2290/2616/3443 2258/2581/3361 2321/2651/3444
f 2322/646/3445 2293/2619/3405 2323/2652/3446
f 2323/2653/3446 2294/2621/3406 2324/2654/3447
f 2324/2654/3447 2296/2623/3408 2325/2655/3448
f 2325/2656/3448 2296/2657/3408 2297/2658/3449
f 2328/2659/3450 2298/2624/3451 2299/2625/3410
f 2329/2660/3452 2299/2661/3410 2300/2626/3412
f 2330/2662/3453 2300/2626/3412 2301/2628/3413
f 2331/2663/3454 2301/2628/3455 2270/2664/3456
f 2332/2665/3457 2270/2664/3456 2240/2561/3458
f 2333/2666/3459 2302/2667/3460 2303/2629/3414
f 2334/2668/3461 2303/2629/3414 2304/2630/3416
f 2335/2669/3462 2304/2631/3416 2305/2633/3463
f 2336/2670/3464 2305/2633/3418 2306/2635/3421
f 2337/2671/3465 2306/2635/3421 2307/2636/3422
f 2337/2671/3465 2308/2637/3466 2338/2672/3467
f 2338/2673/3468 2309/2674/3469 2339/2675/3470
f 2339/2676/3470 2310/2639/3427 2340/2677/3471
f 2340/2677/3472 2311/2640/3473 2341/2678/3474
f 2341/2678/3474 2312/2641/3429 2342/2679/3475
f 2342/2679/3475 2313/2642/3430 2343/2680/3476
f 2343/2680/3476 2314/2643/3432 2344/2681/3477
f 2344/2682/3477 2315/2645/3433 2345/2683/3478
f 2345/2683/3478 2316/2646/3434 2346/2684/3479
f 2346/2684/3479 2317/2647/3436 2347/2685/3480
f 2347/2685/3480 2318/2648/3437 2348/2686/3481
f 2348/2686/3481 2319/2649/3439 2349/2687/3482
f 2349/2687/3483 2320/2650/3442 2350/2688/3484
f 2350/2688/3484 2289/2615/3400 2351/2689/3485
f 2351/2689/3485 2290/2616/3401 2352/2690/3486
f 2321/2651/3487 2291/2617/3403 2412/2691/3488
f 2354/2692/3489 2324/2654/3447 2355/2693/3490
f 2355/2693/3490 2325/2655/3448 2356/2694/3491
f 2356/2694/3492 2325/2655/3493 2357/2695/3494
f 2357/2696/3494 2326/2697/3495 2358/2698/3496
f 2358/2698/3496 2326/2697/3495 2327/2699/3497
f 2358/2698/3496 2327/2699/3497 2359/2700/3498
f 2360/2701/3499 2327/2699/3497 2328/2659/3450
f 2361/2702/3500 2328/2703/3450 2329/2660/3452
f 2362/2704/3501 2329/2660/3452 2330/2662/3453
f 2363/2705/3502 2302/2667/3503 2333/2666/3504
f 2364/2706/3505 2333/2666/3459 2334/2668/3461
f 2365/2707/3506 2334/2708/3461 2335/2669/3507
f 2366/2709/3508 2335/2669/3509 2336/2670/3464
f 2367/2710/3510 2336/2670/3464 2337/2671/3465
f 2367/2710/3510 2338/2672/3468 2368/2711/3511
f 2368/2712/3511 2339/2675/3512 2369/2713/3513
f 2370/2714/3514 2339/2676/3470 2340/2677/3471
f 2370/2714/3514 2341/2678/3474 2371/2715/3515
f 2371/2715/3515 2342/2679/3475 2372/2716/3516
f 2372/2716/3516 2343/2680/3476 2373/2717/3517
f 2373/2717/3517 2344/2681/3477 2374/2718/3518
f 2374/2719/3518 2346/2684/3479 2375/2720/3519
f 2375/2720/3519 2347/2685/3480 2376/2721/3520
f 2376/2721/3520 2348/2686/3481 2377/2722/3521
f 2377/2722/3521 2349/2687/3482 2378/2723/3522
f 2378/2723/3522 2350/2688/3523 2379/2724/3524
f 2351/2689/3485 2352/2690/3486 2380/2725/3525
f 2380/2725/3525 2321/2651/3444 2381/2726/3526
f 2382/652/3527 2353/2727/3528 2383/2728/3529
f 2383/2728/3529 2353/2727/3528 2354/2729/3489
f 2383/2730/3529 2355/2693/3530 2384/2731/3531
f 2384/2731/3532 2356/2694/3492 2385/2732/3533
f 2385/2733/3533 2357/2696/3534 2386/2734/3535
f 2386/2734/3536 2358/2698/3496 2387/2735/3537
f 2388/2736/3538 2359/2700/3498 2360/2701/3499
f 2390/2737/3539 2360/2738/3499 2361/2702/3500
f 2391/2739/3540 2361/2702/3500 2362/2704/3501
f 2392/2740/3541 2362/2704/3501 2331/2663/3454
f 2393/2741/3542 2332/2665/3457 2363/2705/3502
f 2394/2742/3543 2363/2705/3544 2364/2706/3505
f 2394/2743/3545 2364/2744/3505 2365/2707/3506
f 2395/2745/3546 2365/2707/3506 2366/2709/3547
f 2395/2745/3546 2366/2709/3548 2396/2746/3549
f 2396/2746/3549 2367/2710/3510 2397/2747/3550
f 2397/2747/3550 2368/2711/3551 2398/2748/3552
f 2398/2749/3552 2369/2713/3553 2399/2750/3554
f 2399/2751/3554 2370/2714/3514 2400/2752/3555
f 2400/2752/3555 2371/2715/3556 2401/2753/3557
f 2401/2753/3557 2372/2716/3516 2402/2754/3558
f 2402/2754/3558 2373/2717/3559 2403/2755/3560
f 2403/2755/3560 2374/2718/3518 2404/2756/3561
f 2404/2757/3561 2375/2720/3519 2405/2758/3562
f 2405/2758/3563 2376/2721/3520 2406/2759/3564
f 2406/2759/3564 2377/2722/3521 2407/2760/3565
f 2407/2760/3565 2378/2723/3522 2408/2761/3566
f 2408/2761/3566 2379/2724/3524 2409/2762/3567
f 2409/2762/3567 2351/2689/3485 2410/2763/3568
f 2380/2725/3569 2381/2726/3526 2411/2764/3570
f 2411/2764/3571 2412/2691/3488 2443/2765/3572
f 2292/2618/3404 2259/2582/3573 2413/2766/3574
f 2414/2767/3575 2383/2728/3529 2415/2768/3576
f 2415/2769/3576 2384/2731/3531 2416/2770/3577
f 2416/2770/3577 2385/2732/3533 2417/2771/3578
f 2418/2772/3579 2387/2735/3537 2419/2773/3580
f 2419/2773/3580 2388/2736/3538 2420/2774/3581
f 2421/2775/3582 2389/2776/3583 2390/2737/3584
f 2422/2777/3585 2390/2737/3539 2391/2739/3540
f 2424/2778/3586 2332/2665/3457 2393/2741/3542
f 2425/2779/3587 2393/2741/3542 2394/2742/3545
f 2426/2780/3588 2394/2743/3589 2395/2745/3590
f 2428/2781/3591 2396/2746/3549 2397/2747/3550
f 2428/2781/3591 2398/2748/3552 2429/2782/3592
f 2429/2783/3593 2399/2750/3554 2430/2784/3594
f 2431/2785/3595 2399/2751/3554 2400/2752/3555
f 2431/2785/3596 2401/2753/3557 2432/2786/3597
f 2432/2786/3597 2402/2754/3558 2433/2787/3598
f 2433/2787/3599 2403/2755/3560 2434/2788/3600
f 2434/2788/3600 2404/2756/3561 2435/2789/3601
f 2435/2790/3601 2404/2757/3561 2436/2791/3602
f 2436/2791/3602 2405/2758/3603 2437/2792/3604
f 2437/2792/3605 2406/2759/3564 2438/2793/3606
f 2438/2793/3606 2407/2760/3565 2439/2794/3607
f 2439/2794/3607 2408/2761/3566 2440/2795/3608
f 2440/2795/3608 2409/2762/3567 2441/2796/3609
f 2410/2763/3568 2380/2725/3525 2442/2797/3610
f 2444/656/3611 2415/2768/3576 2445/2798/3612
f 2445/2799/3612 2415/2769/3576 2446/2800/3613
f 2446/2800/3613 2417/2771/3578 2447/2801/3614
f 2447/2801/3614 2417/2771/3578 2448/2802/3615
f 2448/2803/3615 2418/2772/3616 2449/2804/3617
f 2449/2804/3618 2418/2772/3616 2450/2805/3619
f 2450/2805/3620 2419/2773/3580 2420/2774/3581
f 2452/2806/3621 2420/2807/3581 2421/2775/3622
f 2453/2808/3623 2421/2775/3582 2422/2777/3585
f 2454/2809/3624 2422/2777/3585 2392/2740/3541
f 2455/2810/3625 2392/2740/3541 2332/2665/3457
f 2456/2811/3626 2423/2812/3627 2424/2778/3586
f 2457/2813/3628 2424/2778/3586 2425/2779/3587
f 2458/2814/3629 2425/2779/3587 2426/2815/3630
f 2459/2816/3631 2426/2780/3632 2427/2817/3633
f 2460/2818/3634 2427/2817/3633 2428/2781/3591
f 2460/2818/3634 2429/2782/3592 2461/2819/3635
f 2461/2820/3636 2430/2784/3594 2462/2821/3637
f 2462/2822/3638 2431/2785/3596 2463/2823/3639
f 2463/2823/3639 2432/2786/3597 2464/2824/3640
f 2464/2824/3640 2433/2787/3598 2465/2825/3641
f 2465/2825/3641 2434/2788/3600 2466/2826/3642
f 2466/2826/3642 2435/2789/3601 2467/2827/3643
f 2467/2828/3643 2436/2791/3602 2468/2829/3644
f 2468/2829/3644 2437/2792/3605 2469/2830/3645
f 2469/2830/3645 2438/2793/3606 2470/2831/3646
f 2470/2831/3646 2439/2794/3607 2471/2832/3647
f 2471/2832/3647 2440/2795/3608 2472/2833/3648
f 2472/2833/3648 2441/2796/3609 2473/2834/3649
f 2473/2834/3649 2410/2763/3568 2474/2835/3650
f 2442/2797/3610 2411/2764/3571 2475/2836/3651
f 2475/2836/3651 2443/2765/3572 2476/2837/3652
f 2443/2765/3572 2412/2691/3488 2476/2837/3653
f 2477/2838/3654 2445/2839/3612 2478/2840/3655
f 2478/2841/3655 2446/2800/3613 2479/2842/3656
f 2479/2842/3656 2447/2801/3657 2480/2843/3658
f 2480/2843/3659 2448/2802/3660 2481/2844/3661
f 2481/2845/3661 2449/2846/3617 2482/2847/3662
f 2482/2847/3663 2449/2846/3617 2450/2848/3620
f 2484/2849/3664 2450/2848/3620 2451/2850/3665
f 2485/2851/3666 2451/2852/3665 2452/2806/3621
f 2486/2853/3667 2452/2806/3621 2453/2808/3623
f 2487/2854/3668 2423/2812/3627 2456/2811/3626
f 2488/2855/3669 2456/2811/3670 2457/2813/3628
f 2489/2856/3671 2457/2813/3628 2458/2814/3629
f 2490/2857/3672 2458/2858/3629 2459/2859/3631
f 2490/2857/3673 2460/2860/3634 2491/2861/3674
f 2491/2861/3674 2461/2862/3635 2492/2863/3675
f 2492/2864/3676 2462/2821/3638 2493/2865/3677
f 2494/2866/3678 2462/2867/3638 2463/2868/3639
f 2494/2866/3678 2464/2869/3640 2495/2870/3679
f 2495/2870/3679 2465/2871/3641 2496/2872/3680
f 2496/2872/3680 2466/2873/3642 2497/2874/3681
f 2497/2875/3681 2467/2828/3643 2498/2876/3682
f 2498/2876/3682 2468/2829/3644 2499/2877/3683
f 2499/2877/3683 2469/2830/3645 2500/2878/3684
f 2500/2878/3684 2470/2831/3646 2501/2879/3685
f 2501/2879/3685 2471/2832/3647 2502/2880/3686
f 2502/2880/3686 2472/2833/3648 2503/2881/3687
f 2503/2881/3687 2473/2834/3649 2504/2882/3688
f 2474/2835/3650 2442/2797/3610 2505/2883/3689
f 2292/2618/3404 2413/2766/3690 2506/2884/3691
f 2507/2885/3692 2478/2840/3693 2508/2886/3694
f 2508/2887/3695 2479/2842/3696 2509/2888/3697
f 2509/2888/3697 2480/2843/3658 2510/2889/3698
f 2510/2889/3698 2481/2844/3699 2511/2890/3700
f 2511/2891/3700 2482/2847/3663 2512/2892/3701
f 2512/2892/3701 2482/2847/3662 2483/2893/3702
f 2513/2894/3703 2483/2893/3702 2484/2849/3664
f 2514/2895/3704 2484/2896/3664 2485/2851/3666
f 2515/2897/3705 2485/2851/3666 2486/2853/3667
f 2516/2898/3706 2486/2853/3667 2454/2809/3624
f 2517/2899/3707 2455/2810/3625 2487/2854/3668
f 2518/2900/3708 2487/2854/3668 2488/2855/3669
f 2519/2901/3709 2488/2855/3669 2489/2856/3671
f 2520/2902/3710 2489/2903/3671 2490/2857/3672
f 2520/2902/3710 2491/2861/3711 2521/2904/3712
f 2521/2904/3712 2492/2863/3676 2522/2905/3713
f 2522/2906/3713 2493/2865/3677 2523/2907/3714
f 2494/2866/3678 2523/2908/3715 2493/2909/3677
f 2524/2910/3716 2495/2870/3679 2525/2911/3717
f 2525/2911/3718 2496/2872/3680 2526/2912/3719
f 2526/2912/3720 2497/2874/3681 2527/2913/3721
f 2527/2913/3722 2498/2914/3682 2528/2915/3723
f 2528/2916/3723 2499/2877/3724 2529/2917/3725
f 2529/2917/3726 2500/2878/3684 2530/2918/3727
f 2530/2918/3727 2501/2879/3685 2531/2919/3728
f 2531/2919/3728 2502/2880/3686 2532/2920/3729
f 2532/2920/3729 2503/2881/3687 2533/2921/3730
f 2533/2921/3730 2504/2882/3688 2534/2922/3731
f 2534/2922/3732 2474/2835/3650 2535/2923/3733
f 2505/2883/3689 2475/2836/3651 2536/2924/3734
f 2536/2924/3734 2476/2837/3652 2568/2925/3735
f 2537/2926/3736 2507/2885/3692 2538/2927/3737
f 2538/2928/3737 2509/2888/3697 2539/2929/3738
f 2539/2929/3738 2510/2889/3739 2540/2930/3740
f 2540/2930/3741 2510/2889/3698 2541/2931/3742
f 2541/2932/3742 2511/2891/3700 2542/1277/3743
f 2542/1277/3743 2512/2892/3701 2543/2933/3744
f 2544/2934/3745 2512/2892/3701 2513/2894/3703
f 2545/2935/3746 2513/2936/3703 2514/2895/3704
f 2546/2937/3747 2514/2895/3704 2515/2897/3705
f 2548/2938/3748 2455/2810/3625 2517/2899/3707
f 2549/2939/3749 2517/2899/3707 2518/2900/3708
f 2550/2940/3750 2518/2900/3708 2519/2901/3751
f 2551/2941/3752 2519/2942/3753 2520/2902/3710
f 2551/2941/3752 2521/2904/3712 2552/2943/3754
f 2552/2943/3754 2522/2905/3713 2553/2944/3755
f 2553/2945/3755 2523/2907/3756 2554/2946/3757
f 2554/2947/3757 2524/2910/3758 2555/2948/3759
f 2555/2948/3759 2525/2911/3760 2556/2949/3761
f 2556/2949/3762 2526/2912/3720 2557/2950/3763
f 2557/2950/3763 2527/2913/3722 2558/2951/3764
f 2558/2951/3764 2528/2915/3723 2559/2952/3765
f 2559/2953/3765 2529/2917/3726 2560/2954/3766
f 2560/2954/3767 2530/2918/3727 2561/2955/3768
f 2561/2955/3768 2531/2919/3769 2562/2956/3770
f 2562/2956/3770 2532/2920/3729 2563/2957/3771
f 2563/2957/3771 2533/2921/3730 2564/2958/3772
f 2564/2958/3772 2534/2922/3732 2565/2959/3773
f 2565/2959/3774 2535/2923/3733 2566/2960/3775
f 2566/2960/3776 2505/2883/3689 2567/2961/3777
f 2569/2962/3778 2538/2927/3737 2570/2963/3779
f 2570/2964/3780 2539/2929/3738 2571/2965/3781
f 2571/2965/3782 2540/2930/3740 2572/2966/3783
f 2572/2967/3783 2541/2932/3742 2573/2968/3784
f 2573/2968/3784 2543/2933/3744 2574/2969/3785
f 2575/2970/3786 2543/2933/3744 2544/2934/3745
f 2576/2971/3787 2544/2972/3745 2545/2935/3788
f 2577/2973/3789 2545/2935/3788 2546/2937/3747
f 2578/2974/3790 2546/2937/3747 2516/2898/3791
f 2579/2975/3792 2516/2898/3706 2455/2810/3625
f 2580/2976/3793 2547/2977/3794 2548/2938/3748
f 2581/2978/3795 2548/2938/3748 2549/2939/3749
f 2582/2979/3796 2549/2980/3749 2550/2981/3797
f 2583/2982/3798 2550/2981/3799 2551/2941/3752
f 2583/2982/3798 2552/2943/3754 2584/2983/3800
f 2584/2983/3801 2553/2944/3755 2585/2984/3802
f 2585/2985/3802 2554/2946/3757 2586/2986/3803
f 2555/2948/3804 2586/2987/3805 2554/2947/3757
f 2587/2988/3806 2556/2949/3762 2588/2989/3807
f 2588/2989/3808 2557/2950/3763 2589/2990/3809
f 2589/2990/3809 2558/2951/3764 2590/2991/3810
f 2590/2991/3810 2559/2952/3765 2591/2992/3811
f 2591/2993/3812 2561/2955/3813 2592/2994/3814
f 2592/2994/3814 2562/2956/3815 2593/2995/3816
f 2593/2995/3816 2563/2957/3771 2594/2996/3817
f 2594/2996/3817 2564/2958/3772 2595/2997/3818
f 2595/2997/3818 2565/2959/3773 2596/2998/3819
f 2566/2960/3820 2567/2961/3777 2597/2999/3821
f 2597/2999/3822 2536/2924/3823 2598/3000/3824
f 2568/2925/3735 2476/2837/3652 2599/3001/3825
f 2599/3001/3825 2292/2618/3404 2600/3002/3826
f 2601/3003/3827 2569/2962/3828 2602/3004/3829
f 2602/3005/3829 2570/2964/3780 2603/3006/3830
f 2603/3006/3830 2572/2966/3831 2604/3007/3832
f 2604/3007/3832 2572/2966/3783 2605/3008/3833
f 2605/3009/3834 2573/2968/3784 2606/3010/3835
f 2606/3010/3835 2573/2968/3784 2574/2969/3836
f 2607/3011/3837 2574/2969/3836 2575/2970/3838
f 2608/3012/3839 2575/3013/3840 2576/2971/3787
f 2609/3014/3841 2576/2971/3787 2577/2973/3789
f 2610/3015/3842 2577/2973/3789 2578/2974/3790
f 2611/3016/3843 2547/2977/3794 2580/2976/3793
f 2612/3017/3844 2580/2976/3793 2581/2978/3795
f 2613/3018/3845 2581/3019/3795 2582/2979/3796
f 2613/3018/3846 2582/2979/3796 2583/2982/3847
f 2615/3020/3848 2586/2986/3849 2616/3021/3850
f 2587/2988/3806 2616/3022/3851 2586/2987/3849
f 2617/3023/3852 2588/2989/3808 2618/3024/3853
f 2618/3024/3853 2589/2990/3809 2619/3025/3854
f 2619/3025/3854 2590/2991/3810 2620/3026/3855
f 2620/3026/3855 2591/2992/3812 2621/3027/3856
f 2621/3028/3856 2592/2994/3814 2622/3029/3857
f 2622/3029/3858 2593/2995/3816 2623/3030/3859
f 2623/3030/3859 2594/2996/3817 2624/3031/3860
f 2624/3031/3860 2595/2997/3818 2625/3032/3861
f 2625/3032/3862 2596/2998/3819 2626/3033/3863
f 2626/3033/3863 2566/2960/3864 2627/3034/3865
f 2597/2999/3822 2598/3000/3824 2628/3035/3866
f 2598/3000/3824 2568/2925/3735 2599/3001/3825
f 2600/3002/3867 2506/2884/3868 2629/3036/3869
f 2630/3037/3870 2602/3004/3829 2631/3038/3871
f 2631/3038/3872 2603/3039/3830 2632/3040/3873
f 2632/3041/3873 2604/3007/3832 2633/3042/3874
f 2633/3042/3874 2604/3007/3875 2634/3043/3876
f 2634/3043/3877 2604/3007/3832 2605/3008/3833
f 2634/3044/3878 2605/3009/3834 2635/3045/3879
f 2637/3046/3880 2606/3010/3835 2607/3011/3837
f 2638/3047/3881 2607/3048/3882 2608/3012/3839
f 2639/3049/3883 2608/3012/3839 2609/3014/3841
f 2640/3050/3884 2579/2975/3792 2611/3016/3885
f 2642/3051/3886 2611/3016/3843 2612/3017/3844
f 2643/3052/3887 2612/3053/3844 2613/3018/3846
f 2644/3054/3888 2614/3055/3889 2645/3056/3890
f 2645/3056/3891 2615/3057/3848 2646/3058/3892
f 2646/3058/3892 2616/3022/3851 2647/3059/3893
f 2647/3059/3893 2617/3023/3852 2648/3060/3894
f 2648/3060/3894 2618/3024/3853 2649/3061/3895
f 2649/3061/3896 2619/3025/3854 2650/3062/3897
f 2650/3062/3898 2620/3026/3855 2651/3063/3899
f 2651/3063/3899 2621/3027/3856 2652/3064/3900
f 2652/3065/3901 2622/3029/3858 2653/3066/3902
f 2653/3066/3902 2623/3030/3859 2654/3067/3903
f 2654/3067/3903 2624/3031/3860 2655/3068/3904
f 2655/3068/3904 2625/3032/3862 2656/3069/3905
f 2656/3069/3906 2626/3033/3863 2657/3070/3907
f 2627/3034/3908 2597/2999/3821 2658/3071/3909
f 2628/3035/3866 2598/3000/3824 2690/3072/3910
f 2659/3073/3911 2631/3038/3872 2660/3074/3912
f 2660/3074/3912 2632/3040/3873 2661/3075/3913
f 2661/3076/3913 2633/3042/3914 2662/3077/3915
f 2662/3077/3916 2633/3042/3874 2663/3078/3917
f 2663/1424/3918 2635/3045/3879 2664/3079/3919
f 2665/3080/3920 2635/3045/3879 2636/3081/3921
f 2666/3082/3922 2636/3081/3921 2637/3046/3880
f 2667/3083/3923 2637/3084/3880 2638/3047/3924
f 2668/3085/3925 2638/3047/3881 2639/3049/3926
f 2669/3086/3927 2639/3049/3883 2610/3015/3842
f 2670/3087/3928 2610/3015/3842 2579/2975/3929
f 2670/3087/3928 2579/2975/3930 2640/3050/3884
f 2671/3088/3931 2640/3050/3884 2641/3089/3932
f 2672/3090/3933 2641/3089/3934 2642/3051/3935
f 2673/3091/3936 2642/3092/3935 2643/3052/3887
f 2674/3093/3937 2643/3052/3887 2644/3054/3938
f 2674/3093/3937 2645/3056/3891 2675/3094/3939
f 2675/3094/3940 2646/3058/3892 2676/3095/3941
f 2676/3095/3941 2647/3059/3942 2677/1440/3943
f 2648/3060/3894 2677/1440/3943 2647/3059/3893
f 2678/3096/3944 2649/3061/3896 2679/3097/3945
f 2679/3097/3945 2650/3062/3897 2680/3098/3946
f 2680/3098/3946 2651/3063/3947 2681/3099/3948
f 2681/3099/3948 2652/3064/3901 2682/3100/3949
f 2682/3101/3949 2653/3066/3902 2683/3102/3950
f 2683/3102/3950 2654/3067/3903 2684/3103/3951
f 2684/3103/3951 2655/3068/3904 2685/3104/3952
f 2685/3104/3952 2656/3069/3905 2686/3105/3953
f 2686/3105/3953 2657/3070/3907 2687/3106/3954
f 2687/3106/3955 2627/3034/3908 2688/3107/3956
f 2658/3071/3957 2628/3035/3958 2689/3108/3959
f 2691/3109/3960 2660/3074/3912 2692/3110/3961
f 2692/3110/3962 2661/3075/3913 2693/3111/3963
f 2693/3112/3963 2662/3077/3916 2694/3113/3964
f 2694/3113/3964 2663/3078/3918 2695/3114/3965
f 2695/3115/3965 2663/1424/3917 2696/3116/3966
f 2696/3116/3966 2664/3079/3919 2665/3080/3920
f 2696/3116/3966 2665/3080/3920 2697/3117/3967
f 2698/3118/3968 2665/3080/3920 2666/3082/3969
f 2699/3119/3970 2666/3082/3971 2667/3120/3972
f 2700/3121/3973 2667/3083/3974 2668/3085/3925
f 2701/3122/3975 2670/3087/3928 2671/3088/3931
f 2702/3123/3976 2671/3088/3977 2672/3090/3933
f 2703/3124/3978 2672/3125/3933 2673/3091/3936
f 2704/3126/3979 2673/3091/3936 2674/3093/3980
f 2704/3126/3981 2675/3094/3940 2705/3127/3982
f 2705/3127/3982 2676/3095/3941 2706/3128/3983
f 2706/3128/3983 2677/1440/3943 2707/3129/3984
f 2708/3130/3985 2677/1440/3943 2678/3096/3944
f 2708/3130/3985 2679/3097/3945 2709/3131/3986
f 2709/3131/3987 2680/3098/3946 2710/3132/3988
f 2710/3132/3988 2681/3099/3989 2711/3133/3990
f 2711/3133/3990 2682/3100/3949 2712/3134/3991
f 2712/3135/3991 2683/3102/3950 2713/3136/3992
f 2713/3136/3993 2684/3103/3951 2714/3137/3994
f 2714/3137/3994 2685/3104/3952 2715/3138/3995
f 2715/3138/3995 2686/3105/3953 2716/3139/3996
f 2716/3139/3997 2687/3106/3955 2717/3140/3998
f 2688/3107/3956 2658/3071/3957 2718/3141/3999
f 2718/3141/4000 2689/3108/3959 2719/3142/4001
f 2690/3072/3910 2599/3001/3825 2720/3143/4002
f 2721/3144/4003 2692/3110/4004 2722/3145/4005
f 2722/3146/4005 2693/3112/3963 2723/3147/4006
f 2723/3147/4006 2694/3113/3964 2724/3148/4007
f 2724/3148/4007 2694/3113/3964 2725/3149/4008
f 2726/3150/4009 2696/3116/3966 2697/3117/3967
f 2726/3150/4009 2697/3117/3967 2727/3151/4010
f 2728/3152/4011 2697/3117/3967 2698/3118/3968
f 2729/3153/4012 2698/3118/3968 2699/3119/4013
f 2730/3154/4014 2699/3155/4013 2700/3121/3973
f 2731/3156/4015 2700/3121/4016 2669/3086/3927
f 2732/3157/4017 2670/3087/3928 2701/3122/4018
f 2734/3158/4019 2701/3122/4018 2702/3123/4020
f 2735/3159/4021 2702/3160/3976 2703/3124/3978
f 2736/3161/4022 2703/3124/3978 2704/3126/3981
f 2736/3161/4022 2705/3127/3982 2737/3162/4023
f 2737/3162/4023 2706/3128/3983 2738/3163/4024
f 2738/3163/4024 2707/3129/4025 2739/3164/4026
f 2740/3165/4027 2707/3166/4028 2708/3167/3985
f 2740/3168/4029 2709/3131/4030 2741/3169/4031
f 2741/3169/4032 2710/3132/4033 2742/3170/4034
f 2742/3170/4034 2711/3133/3990 2743/3171/4035
f 2743/3171/4036 2712/3134/4037 2744/3172/4038
f 2744/3172/4039 2712/3134/3991 2745/3173/4040
f 2745/3174/4041 2713/3136/3993 2746/3175/4042
f 2746/3175/4042 2714/3137/3994 2747/3176/4043
f 2747/3176/4043 2715/3138/3995 2748/3177/4044
f 2748/3177/4045 2716/3139/3996 2749/3178/4046
f 2749/3178/4046 2717/3140/3998 2750/3179/4047
f 2750/3179/4047 2688/3107/3956 2751/3180/4048
f 2600/3002/3826 2629/3036/3869 2752/3181/4049
f 2753/3182/4050 2721/3144/4003 2754/3183/4051
f 2754/3183/4052 2722/3145/4005 2755/3184/4053
f 2755/3185/4054 2724/3148/4007 2756/3186/4055
f 2756/3186/4055 2725/3149/4056 2757/3187/4057
f 2757/3188/4057 2726/3150/4009 2758/3189/4058
f 2759/3190/4059 2726/3150/4009 2727/3151/4010
f 2760/3191/4060 2727/3151/4061 2728/3152/4062
f 2761/3192/4063 2728/3152/4011 2729/3153/4064
f 2762/3193/4065 2729/3194/4064 2730/3154/4014
f 2763/3195/4066 2670/3087/3928 2732/3157/4067
f 2764/3196/4068 2732/3157/4017 2733/3197/4069
f 2765/3198/4070 2733/3197/4071 2734/3158/4019
f 2766/3199/4072 2734/3200/4019 2735/3159/4021
f 2767/3201/4073 2735/3159/4021 2736/3161/4022
f 2767/3201/4073 2737/3162/4023 2768/3202/4074
f 2768/3202/4075 2738/3163/4076 2769/3203/4077
f 2769/3203/4077 2739/3164/4078 2770/3204/4079
f 2771/3205/4080 2739/3206/4026 2740/3207/4029
f 2771/3208/4081 2741/3169/4032 2772/3209/4082
f 2772/3209/4082 2742/3170/4034 2773/3210/4083
f 2773/3210/4084 2743/3171/4035 2774/3211/4085
f 2774/3211/4085 2744/3172/4039 2775/3212/4086
f 2775/3213/4086 2746/3175/4042 2776/3214/4087
f 2776/3214/4088 2747/3176/4043 2777/3215/4089
f 2777/3215/4089 2748/3177/4045 2778/3216/4090
f 2778/3216/4091 2749/3178/4046 2779/3217/4092
f 2779/3217/4092 2750/3179/4047 2780/3218/4093
f 2780/3218/4093 2751/3180/4048 2781/3219/4094
f 2781/3219/4095 2718/3141/4000 2782/3220/4096
f 2782/3220/4096 2719/3142/4001 2783/3221/4097
f 2783/3221/4097 2690/3072/3910 2720/3143/4002
f 2784/3222/4098 2754/3183/4052 2785/3223/4099
f 2785/3223/4099 2755/3184/4054 2786/3224/4100
f 2786/3225/4100 2756/3186/4055 2787/3226/4101
f 2787/3226/4101 2757/3187/4102 2788/3227/4103
f 2788/3228/4104 2758/3189/4058 2789/3229/4105
f 2789/3229/4105 2758/3189/4106 2759/3190/4059
f 2789/3229/4105 2759/3190/4059 2790/3230/4107
f 2791/3231/4108 2759/3190/4059 2760/3191/4109
f 2792/3232/4110 2760/3191/4109 2761/3192/4063
f 2793/3233/4111 2761/3234/4063 2762/3193/4112
f 2794/3235/4113 2762/3193/4065 2731/3156/4015
f 2795/3236/4114 2731/3156/4115 2670/3087/3928
f 2796/3237/4116 2763/3195/4117 2764/3196/4068
f 2797/3238/4118 2764/3196/4119 2765/3198/4120
f 2798/3239/4121 2765/3240/4070 2766/3199/4122
f 2799/3241/4123 2766/3199/4122 2767/3201/4073
f 2799/3241/4124 2768/3202/4074 2800/3242/4125
f 2800/3242/4125 2769/3203/4077 2801/3243/4126
f 2801/3243/4126 2770/3204/4079 2802/3244/4127
f 2771/3245/4081 2802/3246/4127 2770/3247/4128
f 2803/3248/4129 2772/3209/4082 2804/3249/4130
f 2804/3249/4130 2773/3210/4084 2805/3250/4131
f 2805/3250/4131 2774/3211/4132 2806/3251/4133
f 2806/3251/4133 2775/3212/4134 2807/3252/4135
f 2807/3252/4136 2775/3212/4134 2808/3253/4137
f 2808/3254/4138 2776/3214/4088 2809/3255/4139
f 2809/3255/4140 2777/3215/4089 2810/3256/4141
f 2810/3256/4141 2778/3216/4091 2811/3257/4142
f 2811/3257/4142 2779/3217/4092 2812/3258/4143
f 2812/3258/4143 2780/3218/4093 2813/3259/4144
f 2782/3220/4096 2783/3221/4145 2814/3260/4146
f 2816/3261/4147 2785/3223/4148 2817/3262/4149
f 2817/3262/4149 2786/3224/4100 2818/3263/4150
f 2818/3264/4150 2787/3226/4101 2819/3265/4151
f 2819/3265/4152 2787/3226/4101 2788/3227/4104
f 2819/3265/4151 2788/3227/4103 2820/3266/4153
f 2821/3267/4154 2789/3229/4105 2790/3230/4107
f 2822/3268/4155 2790/3230/4156 2791/3231/4108
f 2823/3269/4157 2791/3231/4108 2792/3232/4110
f 2824/3270/4158 2792/3271/4110 2793/3233/4111
f 2825/3272/4159 2763/3195/4066 2796/3237/4116
f 2826/3273/4160 2796/3237/4116 2797/3238/4118
f 2827/3274/4161 2797/3275/4118 2798/3239/4121
f 2828/3276/4162 2798/3239/4163 2799/3241/4124
f 2829/3277/4164 2799/3241/4165 2800/3242/4125
f 2829/3277/4164 2801/3243/4126 2830/3278/4166
f 2830/3278/4166 2802/3244/4167 2831/3279/4168
f 2832/3280/4169 2802/3281/4127 2803/3282/4129
f 2832/3283/4169 2804/3249/4130 2833/3284/4170
f 2833/3284/4170 2805/3250/4131 2834/3285/4171
f 2834/3285/4171 2806/3251/4133 2835/3286/4172
f 2835/3286/4172 2807/3252/4135 2836/3287/4173
f 2836/3287/4173 2808/3253/4137 2837/3288/4174
f 2837/3289/4174 2809/3255/4139 2838/3290/4175
f 2838/3290/4175 2810/3256/4141 2839/3291/4176
f 2839/3291/4177 2811/3257/4142 2840/3292/4178
f 2840/3292/4178 2812/3258/4143 2841/3293/4179
f 2841/3293/4179 2813/3259/4144 2842/3294/4180
f 2842/3294/4180 2781/3219/4095 2843/3295/4181
f 2843/3295/4182 2782/3220/4096 2844/3296/4183
f 2814/3260/4184 2720/3143/4002 2845/3297/4185
f 2845/3297/4185 2720/3143/4002 2815/3298/4186
f 2815/3298/4186 2600/3002/3826 2846/3299/4187
f 2846/3299/4188 2752/3181/4189 2847/3300/4190
f 2848/3301/4191 2817/3262/4149 2849/3302/4192
f 2849/3302/4192 2818/3263/4193 2850/3303/4194
f 2850/3304/4194 2819/3265/4152 2851/3305/4195
f 2851/3305/4196 2819/3265/4152 2852/3306/4197
f 2854/3307/4198 2821/3267/4199 2822/3268/4200
f 2855/3308/4201 2822/3268/4200 2823/3269/4202
f 2857/3309/4203 2823/3310/4204 2824/3270/4158
f 2858/3311/4205 2824/3270/4158 2794/3235/4113
f 2859/3312/4206 2795/3236/4114 2825/3272/4159
f 2860/3313/4207 2825/3272/4159 2826/3273/4160
f 2861/3314/4208 2826/3315/4160 2827/3274/4161
f 2862/3316/4209 2827/3274/4161 2828/3276/4210
f 2863/3317/4211 2828/3276/4212 2829/3277/4164
f 2863/3317/4211 2830/3278/4166 2864/3318/4213
f 2864/3318/4214 2831/3279/4168 2865/3319/4215
f 2865/3320/4215 2832/3321/4169 2866/3322/4216
f 2866/3323/4217 2833/3284/4170 2867/3324/4218
f 2867/3324/4218 2834/3285/4171 2868/3325/4219
f 2868/3325/4219 2835/3286/4172 2869/3326/4220
f 2869/3326/4220 2836/3287/4173 2870/3327/4221
f 2870/3327/4221 2837/3288/4174 2871/3328/4222
f 2871/3329/4223 2838/3290/4175 2872/3330/4224
f 2872/3330/4224 2839/3291/4177 2873/3331/4225
f 2873/3331/4225 2840/3292/4178 2874/3332/4226
f 2874/3332/4226 2841/3293/4179 2875/3333/4227
f 2875/3333/4227 2842/3294/4180 2876/3334/4228
f 2844/3296/4183 2814/3260/4146 2877/3335/4229
f 2879/3336/4230 2849/3302/4192 2880/3337/4231
f 2881/3338/4232 2851/3305/4195 2882/3339/4233
f 2882/3339/4233 2851/3305/4195 2852/3306/4197
f 2882/3340/4233 2852/3341/4197 2883/3342/4234
f 2884/3343/4235 2852/3341/4197 2853/3344/4236
f 2884/3343/4235 2853/3344/4236 2885/3345/4237
f 2885/3345/4237 2853/3344/4236 2854/3307/4198
f 2887/3346/4238 2855/3308/4201 2856/1646/4239
f 2888/3347/4240 2856/3348/4241 2857/3309/4203
f 2890/3349/4242 2857/3309/4243 2858/3311/4205
f 2892/3350/4244 2795/3236/4114 2859/3312/4245
f 2893/3351/4246 2859/3312/4206 2860/3313/4207
f 2894/3352/4247 2860/3353/4207 2861/3314/4248
f 2895/3354/4249 2861/3314/4248 2862/3316/4209
f 2895/3354/4249 2863/3317/4211 2896/3355/4250
f 2896/3355/4251 2864/3318/4214 2897/3356/4252
f 2897/3356/4252 2865/3319/4215 2898/3357/4253
f 2899/3358/4254 2865/3359/4255 2866/3360/4216
f 2899/3361/4254 2867/3324/4218 2900/3362/4256
f 2900/3362/4257 2868/3325/4258 2901/3363/4259
f 2901/3363/4259 2869/3326/4220 2902/3364/4260
f 2902/3364/4261 2870/3327/4221 2903/3365/4262
f 2903/3366/4262 2872/3330/4224 2904/3367/4263
f 2904/3367/4263 2873/3331/4225 2905/3368/4264
f 2905/3368/4265 2874/3332/4226 2906/3369/4266
f 2906/3369/4266 2875/3333/4227 2907/3370/4267
f 2907/3370/4267 2876/3334/4228 2908/3371/4268
f 2908/3371/4268 2843/3295/4182 2909/3372/4269
f 2909/3372/4270 2844/3296/4183 2910/3373/4271
f 2845/3297/4185 2815/3298/4186 2878/3374/4272
f 2912/3375/4273 2881/3338/4232 2913/3376/4274
f 2913/3376/4274 2882/3339/4233 2914/3377/4275
f 2914/3378/4276 2882/3340/4233 2883/3342/4234
f 2915/3379/4277 2883/3342/4234 2884/3343/4235
f 2917/3380/4278 2885/3345/4237 2886/3381/4279
f 2920/3382/4280 2888/3347/4240 2889/3383/4281
f 2920/3382/4280 2889/3383/4282 2890/3349/4283
f 2949/3384/4284 2890/3349/4242 2795/3236/4114
f 2923/3385/4285 2892/3350/4244 2893/3351/4246
f 2925/3386/4286 2894/3352/4287 2895/3354/4249
f 2925/3386/4288 2895/3354/4249 2926/3387/4289
f 2927/3388/4290 2898/3357/4291 2928/3389/4292
f 2928/3390/4293 2899/3391/4254 2929/3392/4294
f 2929/3393/4294 2900/3362/4257 2930/3394/4295
f 2930/3394/4296 2901/3363/4259 2931/3395/4297
f 2931/3395/4297 2902/3364/4260 2932/3396/4298
f 2932/3396/4298 2903/3365/4262 2933/3397/4299
f 2933/3398/4299 2904/3367/4300 2934/3399/4301
f 2934/3399/4302 2905/3368/4265 2935/3400/4303
f 2935/3400/4304 2906/3369/4266 2936/3401/4305
f 2936/3401/4305 2907/3370/4306 2937/3402/4307
f 2937/3402/4307 2908/3371/4308 2938/3403/4309
f 2877/3335/4229 2845/3297/4185 2939/3404/4310
f 2941/3405/4311 2911/3406/4312 2912/3407/4273
f 2943/3408/4313 2913/3376/4274 2914/3377/4314
f 2944/3409/4315 2914/3378/4314 2915/3379/4277
f 2945/3410/4316 2915/3379/4277 2916/3411/4317
f 2946/3412/4318 2916/3411/4317 2917/3380/4278
f 2946/3412/4318 2918/3413/4319 2947/3414/4320
f 2947/3415/4320 2919/3416/4321 2948/3417/4322
f 2948/3417/4322 2920/3382/4280 2921/3418/4323
f 2949/3384/4284 2891/3419/4324 2950/3420/4325
f 2951/3421/4326 2924/3422/4327 2952/3423/4328
f 2952/3423/4328 2925/3386/4288 2953/3424/4329
f 2953/3424/4329 2925/3386/4330 2926/3387/4289
f 2954/3425/4331 2926/3387/4289 2927/3388/4290
f 2954/3425/4331 2927/3388/4290 2955/3426/4332
f 2956/3427/4333 2927/3388/4290 2928/3389/4293
f 2957/3428/4334 2928/3429/4293 2929/3430/4294
f 2958/3431/4335 2929/3393/4294 2930/3394/4295
f 2959/3432/4336 2930/3394/4295 2931/3395/4297
f 2960/3433/4337 2931/3395/4297 2932/3396/4298
f 2961/3434/4338 2932/3396/4298 2933/3397/4299
f 2962/3435/4339 2933/3398/4299 2934/3399/4301
f 2963/3436/4340 2934/3399/4301 2935/3400/4304
f 2964/3437/4341 2935/3400/4304 2936/3401/4305
f 2965/3438/4342 2936/3401/4305 2937/3402/4307
f 2966/3439/4343 2937/3402/4307 2938/3403/4344
f 2967/3440/4345 2938/3403/4344 2909/3372/4269
f 2967/3440/4346 2909/3372/4270 2910/3373/4271
f 2968/3441/4347 2910/3373/4348 2877/3335/4229
f 2970/3442/4349 2940/3443/4350 2941/3405/4311
f 2970/3442/4349 2941/3405/4311 2971/3444/4351
f 2972/3445/4352 2941/3446/4311 2942/3447/4353
f 2973/3448/4354 2942/3447/4355 2943/3408/4313
f 2974/3449/4356 2945/3410/4316 2975/3450/4357
f 2975/3450/4357 2945/3410/4316 2976/3451/4358
f 2976/3451/4358 2946/3412/4318 2977/3452/4359
f 2977/3452/4359 2946/3412/4318 2947/3414/4320
f 2977/3453/4359 2947/3415/4320 2978/3454/4360
f 2978/3454/4360 2948/3417/4322 2979/3455/4361
f 2979/3455/4361 2921/3418/4362 2980/3456/4363
f 2981/3457/4364 2950/3420/4325 2982/3458/4365
f 2982/3458/4365 2951/3459/4326 2983/3460/4366
f 2983/3461/4367 2952/3423/4328 2984/3462/4368
f 2984/3462/4369 2953/3424/4329 2985/3463/4370
f 2985/3463/4370 2953/3424/4329 2954/3425/4331
f 2985/3463/4370 2954/3425/4331 2986/3464/4371
f 2987/3465/4372 2954/3425/4331 2955/3426/4332
f 2988/3466/4373 2955/3426/4332 2956/3427/4333
f 2989/3467/4374 2956/3468/4333 2957/3469/4334
f 2990/3470/4375 2957/3471/4334 2958/3431/4335
f 2991/3472/4376 2958/3431/4335 2959/3432/4377
f 2992/3473/4378 2959/3432/4379 2960/3433/4380
f 2993/3474/4381 2960/3433/4337 2961/3434/4382
f 2995/3475/4383 2961/3476/4384 2962/3435/4339
f 2996/3477/4385 2962/3435/4339 2963/3436/4386
f 2997/3478/4387 2963/3436/4340 2964/3437/4341
f 2998/3479/4388 2964/3437/4341 2965/3438/4389
f 2999/3480/4390 2965/3438/4342 2966/3439/4343
f 3001/3481/4391 2968/3441/4347 2939/3404/4392
f 2969/3482/4393 2939/3404/4310 2878/3374/4272
f 3002/3483/4394 2846/3299/4187 2847/3300/4190
f 3004/3484/4395 2971/3444/4396 2972/3485/4397
f 3006/3486/4398 2972/3445/4397 2973/3448/4399
f 3007/3487/4400 2973/3488/4399 2974/3449/4356
f 3007/3487/4400 2975/3450/4357 3008/3489/4401
f 3009/3490/4402 2977/3452/4359 3010/3491/4403
f 3010/3492/4403 2978/3454/4360 3011/3493/4404
f 3011/3493/4405 2979/3455/4361 3012/3494/4406
f 2980/3456/4363 2949/3384/4284 3044/3495/4407
f 2981/3457/4364 2982/3458/4365 3013/3496/4408
f 3013/3496/4408 2983/3460/4367 3014/3497/4409
f 3014/3498/4409 2984/3462/4369 3015/3499/4410
f 3015/3499/4410 2985/3463/4370 3016/3500/4411
f 3017/3501/4412 2985/3463/4370 2986/3464/4371
f 3018/3502/4413 2986/3464/4371 2987/3465/4372
f 3019/3503/4414 2987/3465/4372 2988/3466/4373
f 3019/3504/4415 2989/3505/4416 3020/3506/4417
f 3021/3507/4418 2989/3508/4416 2990/3470/4419
f 3022/3509/4420 2990/3470/4419 2991/3472/4421
f 3023/3510/4422 2991/3472/4376 2992/3473/4378
f 3024/3511/4423 2992/3473/4424 2993/3474/4381
f 3025/3512/4425 2993/3513/4381 2994/3514/4426
f 3026/3515/4427 2994/3514/4428 2995/3475/4429
f 3027/3516/4430 2995/3475/4383 2996/3477/4385
f 3028/3517/4431 2996/3477/4385 2997/3478/4387
f 3029/3518/4432 2997/3478/4387 2998/3479/4388
f 3030/3519/4433 2998/3479/4388 2999/3480/4390
f 3031/3520/4434 2999/3480/4390 2967/3440/4345
f 3001/3481/4435 3000/3521/4436 2968/3441/4347
f 3033/3522/4437 3003/3523/4438 3004/3484/4395
f 3034/3524/4439 3004/3525/4395 3005/3526/4440
f 3036/3527/4441 3005/3526/4440 3006/3486/4442
f 3037/3528/4443 3006/3529/4442 3007/3487/4400
f 3037/3528/4443 3008/3489/4401 3038/3530/4444
f 3038/3530/4444 3009/3490/4402 3039/3531/4445
f 3039/3531/4445 3010/3491/4403 3040/3532/4446
f 3040/3533/4446 3011/3493/4405 3041/3534/4447
f 3041/3534/4447 3012/3494/4448 3042/3535/4449
f 3042/3535/4450 2980/3456/4363 3043/3536/4451
f 3044/3495/4407 3013/3496/4408 3045/3537/4452
f 3045/3537/4453 3014/3497/4409 3046/3538/4454
f 3046/3539/4454 3015/3499/4410 3047/3540/4455
f 3047/3540/4455 3016/3500/4411 3048/3541/4456
f 3049/3542/4457 3016/3500/4458 3017/3501/4412
f 3050/3543/4459 3017/3501/4412 3018/3502/4413
f 3051/3544/4460 3018/3545/4413 3019/3546/4414
f 3052/3547/4461 3019/3503/4414 3020/3548/4417
f 3053/3549/4462 3020/3548/4417 3021/3507/4418
f 3054/3550/4463 3021/3507/4418 3022/3509/4420
f 3055/3551/4464 3022/3509/4465 3023/3510/4422
f 3056/3552/4466 3023/3510/4422 3024/3511/4423
f 3057/3553/4467 3024/3554/4423 3025/3512/4425
f 3058/3555/4468 3025/3512/4425 3026/3515/4427
f 3059/3556/4469 3026/3515/4427 3027/3516/4430
f 3060/3557/4470 3027/3516/4430 3028/3517/4471
f 3061/3558/4472 3028/3517/4431 3029/3518/4473
f 3062/3559/4474 3029/3518/4473 3030/3519/4433
f 3063/3560/4475 3031/3520/4434 3000/3521/4436
f 3064/3561/4476 3000/3521/4436 3001/3481/4435
f 3066/3562/4477 3033/3522/4478 3034/3563/4439
f 3067/3564/4479 3034/3524/4439 3035/3565/4480
f 3068/3566/4481 3035/3565/4480 3036/3527/4441
f 3069/3567/4482 3036/3568/4441 3037/3528/4483
f 3069/3567/4482 3037/3528/4443 3038/3530/4444
f 3070/3569/4484 3040/3532/4446 3071/3570/4485
f 3071/3571/4485 3041/3534/4447 3072/3572/4486
f 3072/3572/4486 3042/3535/4449 3073/3573/4487
f 3073/3573/4487 3043/3536/4488 3074/3574/4489
f 3075/3575/4490 3045/3537/4452 3076/3576/4491
f 3076/3576/4492 3046/3538/4454 3077/3577/4493
f 3077/3578/4493 3047/3540/4494 3078/3579/4495
f 3078/3579/4495 3048/3541/4496 3079/3580/4497
f 3079/3580/4498 3049/3542/4457 3080/3581/4499
f 3081/3582/4500 3049/3542/4457 3050/3543/4459
f 3082/3583/4501 3050/3584/4459 3051/3544/4502
f 3083/3585/4503 3051/3586/4504 3052/3547/4505
f 3084/3587/4506 3052/3547/4461 3053/3549/4462
f 3085/3588/4507 3053/3549/4462 3054/3550/4463
f 3086/3589/4508 3054/3550/4509 3055/3551/4464
f 3087/3590/4510 3055/3551/4464 3056/3552/4511
f 3088/3591/4512 3056/3592/4511 3057/3553/4467
f 3089/3593/4513 3057/3553/4467 3058/3555/4514
f 3090/3594/4515 3058/3555/4514 3059/3556/4516
f 3091/3595/4517 3059/3556/4469 3060/3557/4470
f 3092/3596/4518 3060/3557/4470 3061/3558/4472
f 3093/3597/4519 3061/3558/4472 3062/3559/4474
f 3094/3598/4520 3062/3559/4474 3031/3520/4434
f 3095/3599/4521 3031/3520/4434 3063/3560/4475
f 3096/3600/4522 3032/3601/4523 2969/3482/4393
f 3097/3602/4524 2846/3299/4187 3002/3483/4394
f 3099/3603/4525 3065/3604/4526 3066/3562/4477
f 3100/3605/4527 3066/3606/4528 3067/3564/4479
f 3101/3607/4529 3067/3564/4479 3068/3566/4530
f 3102/3608/4531 3068/3609/4481 3069/3567/4532
f 3104/3610/4533 3069/3567/4482 3070/3569/4484
f 3104/3610/4533 3071/3570/4485 3105/3611/4534
f 3105/3612/4534 3072/3572/4486 3106/3613/4535
f 3106/3613/4535 3073/3573/4487 3107/3614/4536
f 3074/3574/4489 3044/3495/4407 3108/3615/4537
f 3108/3615/4537 3075/3575/4538 3109/3616/4539
f 3109/3616/4539 3077/3577/4493 3110/3617/4540
f 3110/3617/4540 3078/3618/4495 3111/3619/4541
f 3111/3620/4541 3079/3580/4497 3112/3621/4542
f 3113/3622/4543 3079/3580/4497 3080/3581/4544
f 3114/3623/4545 3080/3581/4499 3081/3582/4500
f 3115/3624/4546 3081/3625/4500 3082/3583/4547
f 3115/1979/4548 3083/3585/4549 3116/3626/4550
f 3117/3627/4551 3083/3585/4549 3084/3587/4552
f 3118/3628/4553 3084/3587/4506 3085/3588/4507
f 3119/3629/4554 3085/3588/4507 3086/3589/4508
f 3120/3630/4555 3086/3589/4556 3087/3590/4510
f 3121/3631/4557 3087/3632/4510 3088/3591/4512
f 3122/3633/4558 3088/3591/4512 3089/3593/4559
f 3123/3634/4560 3089/3593/4559 3090/3594/4515
f 3124/3635/4561 3090/3594/4515 3091/3595/4562
f 3125/3636/4563 3091/3595/4564 3092/3596/4518
f 3126/3637/4565 3092/3596/4566 3093/3597/4519
f 3127/3638/4567 3095/3599/4521 3064/3561/4476
f 3127/3638/4567 3064/3561/4476 3032/3601/4568
f 3128/3639/4569 2969/3482/4393 2846/3299/4188
f 3130/3640/4570 3098/3641/4571 3099/3603/4525
f 3131/3642/4572 3099/3643/4525 3100/3605/4527
f 3132/3644/4573 3100/3605/4574 3101/3607/4529
f 3133/3645/4575 3101/3607/4529 3102/3646/4531
f 3133/3647/4575 3103/3648/4576 3134/3649/4577
f 3134/3649/4577 3104/3610/4578 3135/3650/4579
f 3135/3650/4579 3105/3611/4534 3136/3651/4580
f 3136/3652/4581 3106/3613/4582 3137/3653/4583
f 3137/3653/4583 3107/3614/4536 3138/3654/4584
f 3138/3654/4584 3074/3574/4489 3139/3655/4585
f 3140/3656/4586 3109/3616/4539 3141/3657/4587
f 3141/3657/4587 3110/3617/4540 3142/3658/4588
f 3142/3658/4588 3111/3619/4541 3143/3659/4589
f 3143/3660/4589 3112/3621/4542 3144/3661/4590
f 3144/3661/4590 3113/3622/4543 3145/3662/4591
f 3146/3663/4592 3113/3622/4543 3114/3623/4545
f 3147/3664/4593 3114/3665/4545 3115/3624/4548
f 3148/3666/4594 3115/1979/4546 3116/3626/4550
f 3149/3667/4595 3116/3626/4550 3117/3627/4551
f 3150/3668/4596 3117/3627/4551 3118/3628/4597
f 3151/3669/4598 3118/3628/4599 3119/3629/4554
f 3152/3670/4600 3119/3629/4554 3120/3630/4555
f 3153/3671/4601 3120/3672/4555 3121/3631/4557
f 3154/3673/4602 3121/3631/4557 3122/3633/4558
f 3155/3674/4603 3122/3633/4604 3123/3634/4560
f 3156/3675/4605 3123/3634/4560 3124/3635/4561
f 3157/3676/4606 3124/3635/4561 3125/3636/4563
f 3158/3677/4607 3125/3636/4563 3126/3637/4565
f 3159/3678/4608 3126/3637/4565 3094/3598/4520
f 3160/3679/4609 3094/3598/4520 3095/3599/4521
f 3162/3680/4610 3129/3681/4611 3130/3640/4612
f 3162/3682/4613 3130/3683/4612 3131/3642/4572
f 3164/3684/4614 3131/3642/4572 3132/3644/4615
f 3165/3685/4616 3132/3644/4617 3133/3645/4618
f 3165/3686/4619 3134/3649/4577 3166/3687/4620
f 3166/3687/4620 3135/3650/4579 3167/3688/4621
f 3167/3688/4621 3136/3651/4580 3168/3689/4622
f 3168/3690/4622 3137/3653/4583 3169/3691/4623
f 3169/3691/4623 3138/3654/4584 3170/3692/4624
f 3170/3692/4624 3139/3655/4585 3171/3693/4625
f 3171/3693/4625 3108/3615/4537 3203/3694/4626
f 3140/3656/4627 3141/3657/4587 3172/3695/4628
f 3172/3695/4628 3142/3658/4588 3173/3696/4629
f 3173/3696/4630 3143/3659/4589 3174/3697/4631
f 3174/3698/4632 3144/3661/4590 3175/3699/4633
f 3175/3699/4633 3145/3662/4591 3176/3700/4634
f 3177/3701/4635 3145/3662/4591 3146/3663/4592
f 3178/3702/4636 3146/3703/4592 3147/3664/4593
f 3179/3704/4637 3147/3705/4593 3148/3666/4594
f 3180/3706/4638 3148/3666/4594 3149/3667/4639
f 3181/3707/4640 3149/3667/4595 3150/3668/4641
f 3182/3708/4642 3150/3668/4641 3151/3669/4598
f 3183/3709/4643 3151/3710/4598 3152/3711/4644
f 3184/3712/4645 3152/3711/4646 3153/3671/4601
f 3185/3713/4647 3153/3671/4648 3154/3673/4649
f 3186/3714/4650 3154/3673/4602 3155/3674/4603
f 3187/3715/4651 3155/3674/4603 3156/3675/4605
f 3188/3716/4652 3156/3675/4605 3157/3676/4606
f 3189/3717/4653 3157/3676/4606 3158/3677/4607
f 3190/3718/4654 3160/3679/4609 3127/3638/4567
f 3191/3719/4655 3127/3638/4567 3096/3600/4522
f 3194/3720/4656 3161/3721/4657 3162/3722/4613
f 3195/3723/4658 3162/3682/4613 3163/3724/4659
f 3196/3725/4660 3163/3724/4661 3164/3684/4614
f 3197/3726/4662 3164/3684/4614 3165/3685/4619
f 3198/3727/4663 3165/3728/4619 3166/3729/4620
f 3198/3727/4663 3166/3729/4620 3167/3730/4621
f 3198/3727/4664 3167/3730/4621 3199/3731/4665
f 3199/3731/4665 3168/3732/4622 3200/3733/4666
f 3200/3734/4666 3169/3691/4667 3201/3735/4668
f 3201/3735/4669 3170/3692/4624 3202/3736/4670
f 3203/3694/4626 3172/3695/4628 3204/3737/4671
f 3204/3737/4671 3173/3696/4672 3205/3738/4673
f 3205/3738/4674 3174/3697/4631 3206/3739/4675
f 3206/3740/4675 3175/3741/4633 3207/3742/4676
f 3208/3743/4677 3175/3741/4633 3176/3744/4634
f 3209/3745/4678 3176/3744/4634 3177/3746/4635
f 3210/3747/4679 3177/3748/4680 3178/3702/4681
f 3211/3749/4682 3178/3750/4683 3179/3751/4637
f 3212/3752/4684 3179/3751/4637 3180/3753/4638
f 3213/3754/4685 3180/3753/4638 3181/3755/4686
f 3214/3756/4687 3181/3755/4686 3182/3757/4642
f 3215/3758/4688 3182/3757/4642 3183/3759/4689
f 3216/3760/4690 3183/3709/4691 3184/3712/4645
f 3217/3761/4692 3184/3712/4693 3185/3713/4647
f 3218/3762/4694 3185/3713/4647 3186/3714/4650
f 3219/3763/4695 3186/3714/4650 3187/3715/4696
f 3220/3764/4697 3187/3715/4651 3188/3716/4652
f 3221/3765/4698 3188/3716/4652 3189/3717/4653
f 3222/3766/4699 3189/3717/4653 3159/3678/4608
f 3223/3767/4700 3159/3678/4608 3160/3679/4609
f 3192/3768/4701 3191/3719/4702 3096/3600/4522
f 3224/3769/4703 3128/3639/4569 3097/3602/4704
f 3225/3770/4705 3193/3771/4706 3194/3720/4707
f 3226/3772/4708 3194/3773/4707 3195/3723/4658
f 3228/3774/4709 3195/3723/4658 3196/3725/4710
f 3228/3774/4709 3196/3725/4660 3197/3726/4662
f 3231/3775/4711 3200/3733/4666 3232/3776/4712
f 3232/3777/4712 3201/3735/4668 3233/3778/4713
f 3233/3778/4714 3202/3736/4670 3234/3779/4715
f 3234/3779/4715 3171/3693/4625 3235/3780/4716
f 3236/3781/4717 3204/3737/4671 3237/3782/4718
f 3237/3782/4719 3205/3738/4674 3238/3783/4720
f 3238/3783/4720 3206/3739/4675 3239/3784/4721
f 3239/3785/4721 3207/3742/4722 3240/3786/4723
f 3241/3787/4724 3207/3742/4676 3208/3743/4725
f 3242/3788/4726 3208/3743/4725 3209/3745/4727
f 3243/3789/4728 3209/3790/4678 3210/3747/4729
f 3243/3791/4728 3211/3749/4682 3244/3792/4730
f 3245/3793/4731 3211/3749/4682 3212/3752/4732
f 3246/3794/4733 3212/3752/4684 3213/3754/4685
f 3247/3795/4734 3213/3754/4685 3214/3756/4735
f 3248/3796/4736 3214/3756/4687 3215/3758/4688
f 3249/3797/4737 3215/3798/4688 3216/3760/4690
f 3250/3799/4738 3216/3760/4690 3217/3761/4692
f 3251/3800/4739 3217/3761/4740 3218/3762/4694
f 3252/3801/4741 3218/3762/4694 3219/3763/4695
f 3253/3802/4742 3219/3763/4695 3220/3764/4697
f 3254/3803/4743 3220/3764/4697 3221/3765/4698
f 3255/3804/4744 3221/3765/4698 3222/3766/4699
f 3257/3805/4745 3225/3770/4705 3226/3806/4746
f 3258/3807/4747 3226/3772/4708 3227/3808/4748
f 3259/3809/4749 3227/3808/4748 3228/3774/4750
f 3259/3809/4749 3228/3774/4709 3229/3810/4751
f 3261/3811/4752 3230/3812/4753 3231/3775/4711
f 3261/3811/4752 3232/3776/4712 3262/3813/4754
f 3262/3814/4754 3233/3778/4713 3263/3815/4755
f 3263/3815/4755 3234/3779/4715 3264/3816/4756
f 3235/3780/4716 3203/3694/4626 3265/3817/4757
f 3265/3817/4757 3236/3781/4717 3266/3818/4758
f 3266/3818/4759 3238/3783/4720 3267/3819/4760
f 3267/3820/4760 3239/3785/4761 3268/3821/4762
f 3268/3821/4762 3240/3786/4723 3269/3822/4763
f 3270/3823/4764 3240/3786/4723 3241/3787/4765
f 3271/3824/4766 3241/3787/4724 3242/3788/4726
f 3272/3825/4767 3242/3826/4726 3243/3789/4768
f 3273/3827/4769 3243/3791/4728 3244/3792/4730
f 3274/3828/4770 3244/3792/4730 3245/3793/4731
f 3275/3829/4771 3245/3793/4772 3246/3794/4733
f 3276/3830/4773 3246/3794/4733 3247/3795/4774
f 3277/3831/4775 3247/3795/4734 3248/3796/4776
f 3278/3832/4777 3248/3833/4776 3249/3797/4737
f 3279/3834/4778 3249/3797/4737 3250/3799/4738
f 3280/3835/4779 3250/3799/4738 3251/3800/4739
f 3281/3836/4780 3251/3800/4739 3252/3801/4741
f 3282/3837/4781 3252/3801/4741 3253/3802/4742
f 3283/3838/4782 3253/3802/4742 3254/3803/4783
f 3284/3839/4784 3255/3804/4785 3223/3767/4700
f 3285/3840/4786 3223/3767/4700 3190/3718/4654
f 3285/3840/4786 3190/3718/4787 3191/3719/4655
f 3287/3841/4788 3256/3842/4789 3257/3805/4790
f 3289/3843/4791 3257/3805/4790 3258/3844/4792
f 3290/3845/4793 3258/3807/4747 3259/3809/4749
f 3291/3846/4794 3259/3847/4749 3260/3848/4795
f 3291/3846/4794 3261/3811/4796 3292/3849/4797
f 3292/3849/4797 3262/3813/4754 3293/3850/4798
f 3293/3851/4798 3263/3815/4755 3294/3852/4799
f 3294/3852/4799 3264/3816/4756 3295/3853/4800
f 3295/3853/4800 3235/3780/4716 3296/3854/4801
f 3297/3855/4802 3266/3818/4759 3298/3856/4803
f 3298/3856/4804 3267/3819/4760 3299/3857/4805
f 3299/3858/4805 3268/3821/4806 3300/3859/4807
f 3300/3859/4807 3269/3822/4763 3301/3860/4808
f 3302/3861/4809 3269/3822/4763 3270/3823/4764
f 3303/3862/4810 3270/3823/4764 3271/3824/4766
f 3304/3863/4811 3271/3864/4766 3272/3825/4812
f 3304/3865/4813 3273/3827/4769 3305/3866/4814
f 3306/3867/4815 3273/3827/4769 3274/3828/4770
f 3307/3868/4816 3274/3828/4770 3275/3829/4771
f 3308/3869/4817 3275/3829/4771 3276/3830/4773
f 3309/3870/4818 3276/3830/4773 3277/3831/4775
f 3310/3871/4819 3277/3872/4820 3278/3832/4777
f 3311/3873/4821 3278/3832/4777 3279/3834/4778
f 3312/3874/4822 3279/3834/4778 3280/3835/4823
f 3313/3875/4824 3280/3835/4779 3281/3836/4780
f 3314/3876/4825 3281/3836/4780 3282/3837/4781
f 3315/3877/4826 3282/3837/4781 3283/3838/4782
f 3316/3878/4827 3283/3838/4782 3255/3804/4828
f 3317/3879/4829 3286/3880/4830 3192/3768/4701
f 3318/3881/4831 3128/3639/4569 3224/3769/4703
f 3319/3882/4832 3287/3841/4833 3288/3883/4834
f 3320/3884/4835 3288/3883/4834 3289/3843/4791
f 3322/3885/4836 3289/3886/4791 3290/3845/4837
f 3325/3887/4838 3293/3850/4798 3326/3888/4839
f 3326/3889/4839 3294/3852/4799 3327/3890/4840
f 3327/3890/4841 3295/3853/4842 3328/3891/4843
f 3328/3891/4844 3296/3854/4801 3329/3892/4845
f 3329/3892/4845 3265/3817/4757 3392/3893/4846
f 3392/3893/4846 3297/3855/4802 3330/3894/4847
f 3330/3894/4847 3297/3855/4848 3331/3895/4849
f 3331/3895/4849 3299/3857/4850 3332/3896/4851
f 3332/3897/4851 3300/3859/4807 3333/3898/4852
f 3333/3898/4853 3301/3860/4808 3334/3899/4854
f 3335/3900/4855 3301/3860/4856 3302/3861/4809
f 3336/3901/4857 3302/3861/4809 3303/3862/4810
f 3337/3902/4858 3303/3903/4810 3304/3863/4811
f 3338/3904/4859 3304/3865/4811 3305/3866/4814
f 3339/3905/4860 3305/3866/4814 3306/3867/4815
f 3340/3906/4861 3306/3867/4815 3307/3868/4816
f 3341/3907/4862 3307/3868/4816 3308/3869/4817
f 3342/3908/4863 3308/3869/4864 3309/3870/4818
f 3343/3909/4865 3309/3910/4818 3310/3871/4819
f 3344/3911/4866 3310/3871/4819 3311/3873/4821
f 3345/3912/4867 3311/3873/4821 3312/3874/4822
f 3346/3913/4868 3312/3874/4822 3313/3875/4824
f 3347/3914/4869 3313/3875/4824 3314/3876/4825
f 3348/3915/4870 3314/3876/4825 3315/3877/4826
f 3349/3916/4871 3316/3878/4872 3284/3839/4784
f 3351/3917/4873 3319/3882/4832 3320/3884/4835
f 3352/3918/4874 3320/3884/4835 3321/3919/4875
f 3353/3920/4876 3321/3921/4877 3322/3885/4836
f 3353/3920/4876 3322/3885/4836 3323/3922/4878
f 3354/3923/4879 3323/3924/4878 3324/3925/4880
f 3354/3923/4879 3325/3887/4881 3355/3926/4882
f 3355/3926/4882 3326/3888/4839 3356/3927/4883
f 3356/3928/4884 3327/3890/4840 3357/3929/4885
f 3357/3929/4885 3328/3891/4844 3358/3930/4886
f 3330/3894/4847 3331/3895/4849 3359/3931/4887
f 3359/3931/4887 3332/3896/4851 3360/3932/4888
f 3360/3933/4888 3333/3898/4852 3361/3934/4889
f 3361/3934/4890 3334/3899/4854 3362/3935/4891
f 3363/3936/4892 3334/3899/4854 3335/3900/4893
f 3364/3937/4894 3335/3900/4893 3336/3901/4895
f 3365/3938/4896 3336/3901/4895 3337/3939/4897
f 3365/3938/4898 3338/3904/4899 3366/3940/4900
f 3367/3941/4901 3338/3904/4899 3339/3905/4860
f 3368/3942/4902 3339/3905/4860 3340/3906/4861
f 3369/3943/4903 3340/3906/4861 3341/3907/4862
f 3370/3944/4904 3341/3907/4862 3342/3908/4863
f 3371/3945/4905 3342/3946/4863 3343/3909/4865
f 3372/3947/4906 3343/3909/4865 3344/3911/4866
f 3373/3948/4907 3344/3911/4866 3345/3912/4867
f 3374/3949/4908 3345/3912/4909 3346/3913/4868
f 3375/3950/4910 3346/3913/4868 3347/3914/4911
f 3376/3951/4912 3347/3914/4869 3348/3915/4870
f 3377/3952/4913 3348/3915/4870 3316/3878/4872
f 3378/3953/4914 3349/3916/4871 3285/3840/4786
f 3378/3953/4914 3285/3840/4786 3286/3880/4830
f 3379/3954/4915 3286/3880/4830 3317/3879/4829
f 3380/854/1327 3317/3879/4829 3128/3639/4569
f 3382/3955/4916 3350/3956/4917 3351/3917/4918
f 3383/3957/4919 3351/3917/4918 3352/3918/4920
f 3384/3958/4921 3352/3959/4920 3353/3920/4922
f 3385/3960/4923 3353/3961/4922 3354/3923/4879
f 3386/3962/4924 3355/3926/4882 3387/3963/4925
f 3387/3963/4925 3356/3927/4926 3388/3964/4927
f 3388/3964/4927 3357/3965/4885 3389/3966/4928
f 3389/3967/4928 3358/3930/4886 3390/3968/4929
f 3390/3968/4929 3329/3892/4845 3391/3969/4930
f 3392/3893/4846 3359/3931/4887 3393/3970/4931
f 3393/3970/4932 3360/3932/4888 3394/3971/4933
f 3394/3972/4933 3361/3934/4889 3395/3973/4934
f 3395/3973/4934 3362/3935/4891 3396/3974/4935
f 3397/3975/4936 3362/3935/4937 3363/3936/4892
f 3398/3976/4938 3363/3936/4892 3364/3937/4939
f 3399/3977/4940 3364/3937/4939 3365/3938/4896
f 3400/3978/4941 3365/3938/4942 3366/3940/4900
f 3401/3979/4943 3366/3940/4900 3367/3941/4944
f 3402/3980/4945 3367/3941/4944 3368/3942/4902
f 3403/3981/4946 3368/3942/4947 3369/3943/4903
f 3404/3982/4948 3369/3943/4903 3370/3944/4904
f 3405/3983/4949 3370/3944/4904 3371/3984/4905
f 3406/3985/4950 3371/3945/4905 3372/3947/4951
f 3407/3986/4952 3372/3947/4906 3373/3948/4907
f 3408/3987/4953 3373/3948/4907 3374/3949/4908
f 3409/3988/4954 3374/3949/4908 3375/3950/4910
f 3410/3989/4955 3375/3950/4910 3376/3951/4912
f 3411/3990/4956 3377/3952/4913 3349/3916/4871
f 3412/3991/4957 3379/3954/4915 3317/3879/4829
f 3414/3992/4958 3381/3993/4959 3382/3955/4916
f 3415/3994/4960 3382/3955/4916 3383/3957/4919
f 3416/3995/4961 3383/3996/4919 3384/3958/4921
f 3417/3997/4962 3384/3958/4921 3385/3998/4923
f 3417/3999/4962 3385/3960/4923 3386/3962/4924
f 3418/4000/4963 3386/3962/4964 3419/4001/4965
f 3419/4001/4965 3388/3964/4927 3420/4002/4966
f 3420/4002/4966 3389/3966/4967 3421/4003/4968
f 3421/4004/4968 3390/3968/4929 3422/4005/4969
f 3423/4006/4970 3393/3970/4931 3424/4007/4971
f 3424/4007/4972 3394/3971/4933 3425/4008/4973
f 3425/4009/4973 3395/3973/4934 3426/4010/4974
f 3426/4010/4974 3396/3974/4935 3427/4011/4975
f 3428/4012/4976 3396/3974/4977 3397/3975/4936
f 3429/4013/4978 3397/3975/4936 3398/3976/4979
f 3430/4014/4980 3398/3976/4938 3399/3977/4940
f 3431/4015/4981 3399/3977/4940 3400/3978/4982
f 3432/4016/4983 3400/3978/4982 3401/3979/4984
f 3433/4017/4985 3401/3979/4986 3402/3980/4945
f 3434/4018/4987 3402/3980/4945 3403/3981/4946
f 3435/4019/4988 3403/3981/4946 3404/3982/4948
f 3436/4020/4989 3404/3982/4948 3405/3983/4990
f 3437/4021/4991 3405/4022/4949 3406/3985/4950
f 3438/4023/4992 3406/3985/4950 3407/3986/4952
f 3439/4024/4993 3407/3986/4952 3408/3987/4953
f 3440/4025/4994 3408/3987/4953 3409/3988/4954
f 3441/4026/4995 3409/3988/4954 3410/3989/4955
f 3442/4027/4996 3410/3989/4997 3377/3952/4913
f 3443/4028/4998 3377/3952/4913 3411/3990/4999
f 3444/4029/5000 3378/3953/4914 3379/3954/4915
f 3445/4030/5001 3413/4031/5002 3414/3992/5003
f 3447/4032/5004 3414/3992/5005 3415/3994/4960
f 3448/4033/5006 3415/4034/4960 3416/3995/4961
f 3449/4035/5007 3416/3995/4961 3417/3997/5008
f 3450/4036/5009 3417/3999/4962 3418/4000/5010
f 3450/4036/5011 3419/4001/4965 3451/4037/5012
f 3451/4037/5012 3420/4002/4966 3452/4038/5013
f 3452/4038/5013 3421/4003/4968 3453/4039/5014
f 3453/4040/5014 3422/4005/4969 3454/4041/5015
f 3454/4041/5015 3391/3969/4930 3455/4042/5016
f 3455/4042/5016 3392/3893/4846 3456/768/1235
f 3423/4006/4970 3424/4007/4971 3457/4043/5017
f 3457/4043/5018 3425/4008/4973 3458/4044/5019
f 3458/4045/5019 3426/4010/4974 3459/4046/5020
f 3459/4046/5020 3427/4011/4975 3460/4047/5021
f 3461/4048/5022 3427/4011/5023 3428/4012/5024
f 3462/4049/5025 3428/4012/4976 3429/4013/5026
f 3463/4050/5027 3429/4013/5026 3430/4014/5028
f 3464/4051/5029 3430/4014/5030 3431/4015/4981
f 3465/4052/5031 3431/4015/4981 3432/4016/4983
f 3466/4053/5032 3432/4016/4983 3433/4017/5033
f 3467/4054/5034 3433/4017/5033 3434/4018/4987
f 3468/4055/5035 3434/4018/4987 3435/4019/4988
f 3469/4056/5036 3435/4019/4988 3436/4020/4989
f 3470/4057/5037 3436/4058/4989 3437/4021/5038
f 3471/4059/5039 3437/4021/4991 3438/4023/4992
f 3472/4060/5040 3438/4023/4992 3439/4024/4993
f 3473/4061/5041 3439/4024/4993 3440/4025/4994
f 3474/4062/5042 3440/4025/5043 3441/4026/4995
f 3475/4063/5044 3443/4028/4998 3378/3953/4914
f 3475/4063/5044 3378/3953/4914 3444/4029/5045
f 3476/855/1328 3380/854/1327 3318/3881/5046
f 3478/4064/5047 3445/4030/5001 3446/4065/5048
f 3479/4066/5049 3446/4065/5048 3447/4032/5050
f 3480/4067/5051 3447/4068/5050 3448/4033/5006
f 3481/4069/5052 3448/4033/5006 3449/4035/5007
f 3482/4070/5053 3449/4071/5007 3450/4036/5011
f 3482/4070/5054 3450/4036/5011 3451/4037/5055
f 3482/4070/5053 3451/4037/5055 3483/4072/5056
f 3483/4072/5056 3452/4038/5013 3484/4073/5057
f 3484/4073/5057 3453/4039/5014 3485/4074/5058
f 3485/4075/5058 3454/4041/5015 3486/4076/5059
f 3456/768/1235 3423/4006/4970 3487/4077/5060
f 3487/4077/5061 3457/4043/5062 3488/4078/5063
f 3488/4078/5064 3458/4044/5019 3489/4079/5065
f 3489/4080/5065 3459/4046/5020 3490/4081/5066
f 3490/4081/5066 3460/4047/5067 3491/4082/5068
f 3492/4083/5069 3460/4047/5067 3461/4048/5022
f 3493/4084/5070 3461/4048/5022 3462/4049/5025
f 3494/4085/5071 3462/4049/5025 3463/4050/5027
f 3494/4085/5072 3464/4051/5029 3495/4086/5073
f 3496/4087/5074 3464/4051/5029 3465/4052/5031
f 3497/4088/5075 3465/4052/5031 3466/4053/5032
f 3498/4089/5076 3466/4053/5032 3467/4054/5034
f 3499/4090/5077 3467/4054/5034 3468/4055/5078
f 3500/4091/5079 3468/4055/5078 3469/4056/5080
f 3501/4092/5081 3469/4093/5036 3470/4057/5082
f 3502/4094/5083 3470/4057/5084 3471/4059/5039
f 3503/4095/5085 3471/4059/5039 3472/4060/5086
f 3504/4096/5087 3472/4060/5086 3473/4061/5088
f 3505/4097/5089 3473/4061/5090 3474/4062/5042
f 3506/808/1277 3474/4062/5042 3442/4027/5091
f 3507/810/1279 3442/4027/5092 3443/4028/5093
f 3508/812/1282 3443/4028/5093 3475/4063/5044
f 3509/852/1325 3444/4029/5000 3412/3991/4957
f 722/751/1220 3477/4098/5094 3478/4064/5047
f 723/753/5095 3478/4064/5096 3479/4066/5049
f 724/756/1224 3479/4099/5049 3480/4067/5051
f 724/756/5097 3480/4067/5098 3481/4069/5052
f 727/759/5099 3484/4073/5100 728/761/1229
f 728/761/1229 3485/4074/5058 729/763/1231
f 729/4100/1231 3486/4076/5059 730/766/5101
f 730/766/1233 3455/4042/5016 731/826/1295
f 3456/768/1235 3487/4077/5061 732/769/1236
f 732/769/1236 3489/4079/5065 733/771/1238
f 733/4101/1238 3490/4081/5066 734/774/5102
f 734/774/1240 3491/4082/5068 735/776/1242
f 736/779/1247 3491/4082/5068 3492/4083/5069
f 737/781/1248 3492/4083/5069 3493/4084/5070
f 738/783/1252 3493/4084/5103 3494/4085/5072
f 739/785/1253 3494/4085/5072 3495/4086/5104
f 740/787/1255 3495/4086/5105 3496/4087/5074
f 741/789/1257 3496/4087/5074 3497/4088/5075
f 742/791/1259 3497/4088/5075 3498/4089/5076
f 743/793/1261 3498/4089/5076 3499/4090/5077
f 744/795/5106 3499/4090/5077 3500/4091/5107
f 745/798/1265 3500/4102/5107 3501/4092/5108
f 746/800/1269 3501/4092/5109 3502/4094/5083
f 747/802/1270 3502/4094/5083 3503/4095/5085
f 748/804/1272 3503/4095/5085 3504/4096/5087
f 749/806/1275 3504/4096/5087 3505/4097/5110
f 3509/852/1369 3508/812/1282 3444/4029/5000
f 751/749/1218 750/814/5111 721/750/1219
f 752/752/1221 751/749/1218 722/751/1220
f 753/754/1223 752/817/1221 723/755/5095
f 754/758/1226 753/819/1287 725/4103/1225
f 754/758/1226 725/4103/1225 726/4104/5112
f 754/758/1226 726/4104/5112 727/759/5099
f 755/760/1228 727/759/5099 728/761/5113
f 756/762/1230 728/761/1229 729/763/1231
f 757/765/1232 729/4100/1231 730/766/1233
f 758/767/1234 730/766/1233 731/826/1295
f 759/770/1237 732/769/5114 733/771/1238
f 760/773/1239 733/4101/1238 734/774/1240
f 761/775/1241 734/774/1240 735/776/1242
f 763/778/1307 762/777/1305 735/776/1242
f 764/780/1246 763/778/1307 736/779/1247
f 765/782/1249 764/780/1246 737/781/1248
f 766/784/1251 765/782/1309 738/783/1252
f 767/786/1254 766/784/1251 739/785/1253
f 768/788/1256 767/786/1254 740/787/1255
f 769/790/1258 768/788/1256 741/789/1257
f 770/792/1260 769/790/1258 742/791/5115
f 771/794/1262 770/792/1260 743/793/1261
f 772/796/1264 771/845/1262 744/797/5106
f 773/799/1266 772/796/1264 745/798/1265
f 774/801/1268 773/799/1266 746/800/1267
f 775/803/1321 774/801/1268 747/802/1270
f 776/805/5116 775/803/1321 748/804/1274
f 777/807/1276 776/805/1273 749/806/1275
f 778/809/1278 777/807/5117 3506/808/5118
f 779/811/1280 778/809/1278 3507/810/1279
f 3509/852/1325 779/811/1280 3508/812/1282
f 782/813/1283 781/857/5119 750/814/1284
f 783/815/1285 782/813/1283 751/749/1218
f 784/816/1286 783/860/1333 752/817/1221
f 785/861/5120 784/816/1286 753/754/1287
f 786/820/1289 785/818/1288 754/758/5121
f 786/820/1336 754/758/1226 755/760/1228
f 787/821/1290 755/760/1228 756/762/1230
f 788/822/1291 756/762/1230 757/764/1232
f 789/824/1293 757/765/1232 758/767/1234
f 790/825/1294 758/767/1234 731/826/1295
f 791/827/5122 731/826/1295 3456/768/1235
f 792/829/1298 3456/768/1235 759/770/1237
f 793/830/1300 759/770/1237 760/772/1239
f 794/832/1301 760/773/5123 761/775/1241
f 795/833/5124 761/775/1241 762/777/1243
f 797/835/1304 796/834/1303 762/777/5125
f 798/836/1350 797/835/1304 763/778/1307
f 799/837/1308 798/836/1350 764/780/1246
f 799/837/1308 765/782/1309 766/784/1251
f 801/839/1311 800/838/1354 766/784/1251
f 802/840/1312 801/839/1311 767/786/1254
f 803/841/1313 802/840/1312 768/788/1256
f 804/842/1314 803/841/1313 769/790/1258
f 805/843/5126 804/842/1357 770/792/1260
f 806/844/1316 805/881/1359 771/845/1262
f 807/846/1318 806/844/1316 772/796/1317
f 808/847/1319 807/846/1318 773/799/5127
f 809/848/1364 808/847/1319 774/801/1268
f 810/849/1322 809/848/1364 775/803/1271
f 777/807/1276 810/849/1322 776/805/5116
f 780/851/1324 811/850/1323 779/811/1280
f 814/890/1371 813/856/1329 782/813/1283
f 815/858/1375 814/890/1371 782/813/1283
f 816/859/1332 815/893/1331 783/860/1333
f 817/862/1337 816/4105/1332 785/818/1334
f 818/863/1338 787/821/1290 788/822/1291
f 819/864/1341 788/822/1291 789/823/1292
f 820/866/1343 789/824/5128 790/825/1294
f 821/867/1344 790/825/1294 791/827/5122
f 821/867/1344 791/827/1296 822/828/1297
f 823/868/1345 792/829/1298 793/830/5129
f 823/868/1345 793/830/1299 794/831/1301
f 824/870/1346 794/832/1301 795/833/1302
f 824/870/1346 795/833/5124 796/834/1303
f 825/871/1347 796/834/1303 797/835/1304
f 827/873/1349 826/872/1348 797/835/1304
f 828/874/1351 827/873/1349 798/836/1350
f 829/875/1352 828/874/1351 799/837/1308
f 830/876/1353 829/875/1352 800/838/1354
f 831/911/1394 830/876/1353 802/840/1312
f 832/877/1355 831/911/5130 802/840/1312
f 833/878/5131 832/877/1395 803/841/1313
f 834/879/1358 833/878/1356 804/842/1314
f 835/880/1360 834/915/1358 805/881/5132
f 836/882/1361 835/880/1360 806/844/1316
f 837/883/1362 836/882/1361 807/846/1318
f 838/884/1407 837/883/1406 808/847/1319
f 839/885/1365 838/884/1363 809/848/5133
f 840/886/1455 839/885/1365 810/849/1322
f 841/887/1457 840/886/1455 777/807/5117
f 811/850/1323 841/887/1457 778/809/1278
f 3380/854/1327 842/888/1368 3509/852/1325
f 844/889/1370 843/4106/5134 813/856/1329
f 845/891/1372 844/889/1370 814/890/1373
f 846/892/1374 845/4107/1372 815/893/1331
f 846/927/5135 816/4105/1332 817/862/1337
f 847/894/1376 846/927/1374 817/862/1335
f 848/895/1377 817/862/1335 818/863/1338
f 849/896/1378 848/895/1377 818/863/1339
f 849/896/1378 818/863/1338 819/864/1340
f 850/898/1380 819/865/1341 820/866/1343
f 852/900/1382 821/867/1344 822/828/5136
f 855/903/5137 854/902/1384 823/868/1386
f 856/905/1387 824/870/1346 825/871/1347
f 857/906/1389 825/871/1347 826/872/1348
f 858/907/1390 857/906/1389 826/872/1348
f 859/908/5138 858/907/1390 827/873/1349
f 860/909/1392 859/908/1391 828/874/1351
f 861/942/5139 860/909/1392 830/876/1353
f 862/4108/5140 861/942/5139 830/876/1353
f 862/4108/5141 830/876/1353 831/911/1394
f 863/910/1393 862/4108/5142 831/911/1394
f 864/912/1396 863/910/1393 832/877/1395
f 865/913/1397 864/912/1396 833/878/1356
f 866/914/1400 865/4109/1397 834/915/1358
f 867/916/1401 866/914/5143 835/880/1360
f 868/917/1403 867/916/1401 836/882/1361
f 869/918/5144 868/917/1403 837/883/1362
f 870/919/1453 869/918/5144 838/884/1363
f 840/886/1455 870/919/1453 839/885/1365
f 842/888/1368 871/920/1409 811/850/1323
f 872/921/1410 843/4106/5145 844/889/1370
f 874/923/1412 844/889/1370 845/891/1372
f 874/924/1412 845/4107/1372 846/892/1374
f 876/926/1469 875/4110/1414 846/927/1374
f 876/926/1415 847/894/1376 848/895/1377
f 877/928/1417 876/926/1469 848/895/1377
f 878/929/1418 877/928/1417 849/896/1378
f 879/4111/1420 878/929/1418 850/897/1421
f 880/931/1422 879/930/1420 851/899/1381
f 881/970/1519 880/931/1422 852/900/1382
f 822/828/1297 881/970/1519 852/900/1382
f 883/933/5146 882/932/1423 853/901/1383
f 884/934/1426 883/933/5146 854/902/1425
f 885/935/1427 884/974/1426 855/904/1385
f 886/936/1428 885/935/1427 856/905/1387
f 887/937/1431 857/906/5147 858/907/1390
f 888/938/1435 858/907/1390 859/908/1391
f 860/909/1392 890/940/1439 889/939/1437
f 891/941/1440 860/909/1392 861/942/1441
f 892/943/1442 861/942/1441 862/4108/5140
f 892/943/1442 862/4108/5140 863/910/1393
f 893/944/1443 863/910/1393 864/912/1396
f 894/945/5148 864/912/1396 865/913/1397
f 895/947/1493 865/4109/1397 866/914/1400
f 896/948/5149 866/914/5143 867/916/1448
f 897/949/5150 867/916/1448 868/917/5151
f 898/950/1450 868/917/1403 869/918/5144
f 899/951/1452 869/918/5144 870/919/1453
f 900/952/1454 870/919/1453 840/886/1455
f 901/953/1456 840/886/1455 841/887/1457
f 902/954/1458 841/887/1457 871/920/1409
f 903/955/1460 3380/854/1327 812/853/1326
f 904/956/5152 872/921/1410 873/922/1411
f 905/957/5153 873/922/1411 874/923/1413
f 906/959/5154 874/924/1412 875/925/1414
f 908/962/1468 875/4110/1414 876/926/1469
f 910/964/1513 909/963/1470 876/926/1469
f 911/965/1472 910/964/1513 877/928/1417
f 912/966/1473 911/1003/1472 878/967/1418
f 913/968/1517 912/966/1473 879/930/1475
f 881/970/1477 913/968/1474 880/931/1422
f 882/932/1423 914/969/1476 822/828/1297
f 916/972/1480 915/971/1522 883/933/5146
f 917/973/1525 916/1009/1523 884/974/1426
f 918/975/1482 917/973/1481 885/935/1427
f 919/976/5155 918/975/1527 886/936/1430
f 919/976/5155 886/936/1428 887/937/5156
f 919/976/1483 887/937/1432 888/938/1434
f 920/977/1485 888/938/1434 889/939/1437
f 890/940/1439 922/979/1488 921/978/1487
f 922/979/1488 890/940/1439 891/941/1440
f 923/980/1489 891/941/1440 892/943/1442
f 924/981/1490 892/943/1442 893/944/1443
f 925/982/1491 893/944/1443 894/945/1445
f 926/984/1492 894/4112/5148 895/947/1493
f 927/985/1494 895/947/1446 896/948/1447
f 928/986/1495 896/948/1447 897/949/5150
f 929/987/1496 897/949/5150 898/950/1450
f 930/988/1497 898/950/1450 899/951/1451
f 931/989/1499 899/951/1451 900/952/1454
f 932/990/5157 900/952/1454 901/953/1456
f 933/991/1597 871/920/1409 842/888/1459
f 935/993/5158 904/956/5152 905/957/1462
f 936/995/1506 905/4113/1462 906/959/1463
f 937/996/1507 906/959/1464 907/960/1508
f 938/997/1509 907/960/5159 908/961/1468
f 939/999/5160 908/962/1468 909/963/5161
f 940/1000/1512 939/999/5162 909/963/1470
f 941/1001/1514 940/1000/1564 910/964/1513
f 942/1002/1515 941/1044/1514 911/1003/1472
f 943/1004/1516 942/1002/1515 912/966/1473
f 944/1005/1569 943/1004/1516 913/968/1474
f 914/969/1476 944/1005/1569 881/970/1519
f 945/1006/1520 914/969/1476 882/932/1423
f 946/1007/1573 945/1006/1520 915/971/1478
f 947/1008/1576 946/1050/1573 916/1009/1523
f 948/1010/1528 947/1008/1576 917/973/1525
f 949/1011/1530 919/976/1483 920/977/1485
f 950/1013/1531 920/4114/1485 921/1014/1486
f 951/1016/1533 921/978/1487 922/979/1488
f 952/1017/1535 922/979/1488 923/980/1489
f 953/1018/1536 923/980/1489 924/981/1490
f 954/1019/1537 924/981/1490 925/982/1491
f 955/1020/1538 925/982/1491 926/983/1492
f 956/1022/1539 926/984/1492 927/985/1540
f 957/1023/1541 927/985/1540 928/986/1495
f 958/1024/1543 928/986/1495 929/987/1496
f 959/1025/1544 929/987/1496 930/988/1497
f 960/1026/1545 930/988/1497 931/989/1498
f 961/1027/1547 931/989/1498 932/990/5157
f 962/1028/1548 932/990/1500 901/953/1456
f 963/1029/1549 901/953/1456 902/954/1458
f 964/1030/5163 902/954/1458 933/991/1502
f 965/1031/1552 842/888/1368 903/955/1726
f 968/1034/1556 935/993/5158 936/994/1506
f 969/1036/1557 936/995/1506 937/996/1507
f 969/1036/1558 937/996/1507 938/997/5164
f 971/1039/1561 938/998/1510 939/999/5160
f 973/1041/1563 972/1040/1562 939/999/1511
f 974/1042/5165 973/1041/5166 940/1000/1564
f 975/1043/1566 974/1081/5165 941/1044/1514
f 976/1045/1567 975/1043/1566 942/1002/1515
f 944/1005/1569 976/1045/1567 943/1004/1516
f 978/1085/1616 977/1046/1568 914/969/1476
f 979/1047/1570 978/1085/1616 914/969/5167
f 980/1048/1572 979/1047/1570 945/1006/1520
f 981/1049/1574 980/1088/1572 946/1050/1573
f 982/1051/1575 981/1049/1574 947/1008/1576
f 983/1052/1577 982/1051/1575 948/1010/1528
f 983/1052/1577 949/1011/1530 950/1012/1531
f 984/1054/1578 950/1013/5168 951/1015/1533
f 986/1056/1581 985/1095/5169 951/1016/5170
f 986/1056/1581 952/1017/1534 953/1018/1536
f 987/1057/1582 953/1018/1536 954/1019/1537
f 988/1058/1583 954/1019/1537 955/1020/1538
f 989/1059/1584 955/1020/1538 956/1021/1539
f 990/1061/1586 956/1022/5171 957/1023/5172
f 991/1062/1587 957/1023/5172 958/1024/1543
f 992/1063/1634 958/1024/1543 959/1025/1544
f 993/1064/1591 959/1025/1544 960/1026/1545
f 994/1065/1592 960/1026/1545 961/1027/1546
f 995/1066/1594 961/1027/1546 962/1028/1548
f 996/1067/1596 962/1028/1595 963/1029/1549
f 998/1069/1599 933/991/1502 934/992/1504
f 999/1070/1600 967/1033/5173 968/1034/1556
f 1000/1072/1601 968/1035/1556 969/1036/5174
f 1001/1073/1602 969/1036/1558 970/1037/1559
f 1002/1074/5175 970/1037/1559 971/1038/1561
f 1003/1076/1605 971/1039/1561 972/1040/1562
f 1004/1077/1607 972/1040/1562 973/1041/5176
f 1006/1079/1610 1005/1078/1609 973/1041/1563
f 1007/1080/1611 1006/1120/5177 974/1081/1565
f 1008/1082/1613 1007/1080/1611 975/1043/1612
f 1009/1083/5178 1008/1082/1613 976/1045/1567
f 977/1046/1743 1009/1083/1659 944/1005/1569
f 1011/1086/1617 1010/1084/1615 979/1047/1570
f 1012/1087/5179 1011/4115/5180 980/1088/5181
f 1013/1089/1620 1012/1087/5179 981/1049/1574
f 1013/1089/1619 982/1051/1575 983/1052/1577
f 1014/1090/1621 983/1052/1577 984/1053/1578
f 1015/1092/1623 984/1054/1622 985/1055/1580
f 1017/1094/1626 1016/4116/1625 985/1095/1624
f 1017/1094/1626 986/1056/1581 987/1057/1627
f 1018/1096/1628 987/1057/1582 988/1058/1583
f 1019/1097/1629 988/1058/1583 989/1059/5182
f 1020/1098/1630 989/1059/5182 990/1060/1586
f 1021/1100/1631 990/1061/1585 991/1062/1588
f 1022/1101/1633 991/1062/1587 992/1063/1634
f 1023/1102/1635 992/1063/1590 993/1064/1591
f 1024/1103/1637 993/1064/1636 994/1065/1592
f 1025/1104/1638 994/1065/1592 995/1066/1593
f 1026/1105/1639 995/1066/1593 996/1067/1596
f 1027/1106/1640 996/1067/1596 963/1029/1550
f 1028/1107/1641 963/1029/1549 964/1030/1551
f 1029/1108/1642 964/1030/1551 997/1068/1598
f 1030/1109/1643 999/1070/1600 1000/1071/1601
f 1031/1111/1644 1000/1072/1601 1001/1073/1602
f 1032/1112/1645 1001/1073/1603 1002/1074/5175
f 1033/1113/1646 1002/1074/5175 1003/1075/5183
f 1035/1116/1650 1003/1076/1605 1004/1077/1607
f 1035/1116/1649 1004/1077/1608 1005/1078/1653
f 1037/1118/1696 1036/1117/1651 1005/1078/1609
f 1038/1119/1655 1037/1155/1652 1006/1120/5184
f 1039/1121/1657 1038/1119/1655 1007/1080/1611
f 1040/1122/1741 1039/1121/1657 1008/1082/1613
f 977/1046/1743 1040/1122/1741 1009/1083/1659
f 1041/1123/1660 977/1046/1743 978/1085/1661
f 1042/1124/1662 1041/1123/1660 1010/1084/1615
f 1043/1125/1663 1042/1124/1662 1011/1086/1617
f 1044/1127/1664 1043/1161/1663 1012/1087/5179
f 1045/1128/1666 1044/1127/1664 1013/1089/1619
f 1045/1128/1666 1014/1090/1621 1015/1091/1623
f 1046/1130/1667 1015/1092/1623 1016/1093/1625
f 1047/1132/1668 1016/4116/1625 1017/1094/1626
f 1048/1133/1669 1017/1094/1626 1018/1096/1628
f 1049/1134/1670 1018/1096/1628 1019/1097/1629
f 1050/1135/1672 1019/1097/1629 1020/1098/1630
f 1051/1136/1673 1020/1098/1630 1021/1099/1631
f 1052/1138/1714 1021/1100/1632 1022/1101/1675
f 1053/1139/1676 1022/1101/1633 1023/1102/1678
f 1054/1140/1679 1023/1102/1635 1024/1103/1637
f 1055/1141/1680 1024/1103/1637 1025/1104/1638
f 1056/1142/1682 1025/1104/1638 1026/1105/1639
f 1057/1143/1683 1026/1105/1639 1027/1106/1640
f 1058/1144/1684 1027/1106/1640 1028/1107/1641
f 1059/1145/1685 1030/1109/5185 1031/1110/1644
f 1060/1147/1686 1031/1111/1644 1032/1112/1645
f 1061/1148/1688 1032/1112/1645 1033/1113/5186
f 1063/1150/1690 1033/1113/1646 1034/1114/1648
f 1063/4117/1690 1034/1115/1647 1035/1116/1650
f 1064/1151/1691 1063/4117/1690 1035/1116/1650
f 1066/1153/1694 1065/1152/1693 1036/1117/1651
f 1067/1154/5187 1066/1196/1694 1037/1155/1652
f 1068/1156/1697 1067/1154/1695 1038/1119/1655
f 1040/1122/1658 1068/1156/1697 1039/1121/1657
f 1070/1158/1699 1069/1157/1698 1041/1123/1660
f 1071/1159/1700 1070/1158/1699 1042/1124/1662
f 1072/1160/1701 1071/4118/1700 1043/1161/1663
f 1073/1162/1702 1072/1160/1701 1044/1127/1664
f 1073/1162/1702 1045/1128/1665 1046/1129/1667
f 1074/1164/1705 1046/1130/5188 1047/1131/1668
f 1048/1133/1669 1076/1167/1708 1075/1166/1707
f 1076/1167/1708 1048/1133/1669 1049/1134/1670
f 1077/1168/5189 1049/1134/1670 1050/1135/1672
f 1078/1169/5190 1050/1135/1671 1051/1136/1673
f 1079/1170/1713 1051/1136/1673 1052/1137/1674
f 1080/1172/1759 1052/1138/1674 1053/1139/1676
f 1080/1172/1759 1053/1139/5191 1054/1140/1679
f 1081/1173/1718 1054/1140/1679 1055/1141/5192
f 1082/1174/1719 1055/1141/5192 1056/1142/1682
f 1083/1175/1720 1056/1142/1682 1057/1143/5193
f 1084/1176/1721 1057/1143/1683 1058/1144/1684
f 1085/1177/1722 1058/1144/1684 1028/1107/1641
f 1086/1178/1723 1028/1107/1641 1029/1108/1642
f 1086/1178/1723 1029/1108/1642 997/1068/1598
f 1088/1180/1725 997/1068/1598 998/1069/1599
f 1088/1180/1725 998/1069/1599 965/1031/1552
f 1090/1182/5194 1059/4119/1685 1060/1183/1686
f 1091/1185/1730 1060/1147/1686 1061/1148/1688
f 1092/1186/1731 1061/1148/1688 1062/1149/1689
f 1093/1187/5195 1062/1149/1689 1063/1150/1690
f 1095/1189/1734 1094/1235/1733 1063/1190/1690
f 1096/1238/1778 1095/1189/1734 1065/1192/1692
f 1097/1193/1736 1096/1238/1778 1065/1192/1693
f 1098/1195/1737 1097/1241/1736 1066/1196/5196
f 1099/1197/1738 1098/1195/1737 1067/1154/1695
f 1100/1198/1739 1099/1197/1782 1068/1156/1697
f 1101/1199/1742 1100/1198/1739 1040/1122/1658
f 1102/1200/1744 1101/1199/1742 977/1046/1743
f 1103/1245/1785 1102/1200/1744 1069/1157/1698
f 1104/1201/1745 1103/1245/5197 1069/1157/1698
f 1105/1202/1747 1104/1248/1745 1071/1203/1700
f 1105/1202/1747 1072/1204/1701 1073/1205/1702
f 1106/1206/1748 1073/1205/1702 1074/1207/1704
f 1107/1209/1750 1074/1164/1705 1075/1165/1754
f 1109/1211/1753 1108/4120/5198 1075/1212/1707
f 1109/1211/1753 1076/1213/1708 1077/1214/5189
f 1110/1215/1755 1077/1214/1709 1078/1216/1711
f 1111/1217/5199 1078/1216/1711 1079/1218/1713
f 1112/1220/1757 1079/4121/1713 1080/1172/1715
f 1114/1222/1802 1080/1172/1716 1081/1173/1718
f 1115/1223/1761 1081/1173/5200 1082/1174/1719
f 1116/1224/5201 1082/1174/1719 1083/1175/1720
f 1117/1225/5202 1083/1175/1720 1084/1176/1721
f 1118/1226/1764 1084/1176/1721 1085/1177/1722
f 1119/1227/1765 1085/1177/1722 1086/1178/1723
f 1121/1229/5203 965/1031/5204 903/955/1460
f 1123/1230/1770 1090/1182/5194 1091/1184/1730
f 1123/1231/5205 1091/1185/1730 1092/1186/1731
f 1124/1232/1772 1092/1186/1731 1093/1187/1732
f 1125/1233/1774 1093/1187/1732 1094/1188/1733
f 1126/1236/5206 1094/1235/1733 1095/1189/1734
f 1128/1239/1779 1127/1237/1777 1096/1238/1778
f 1129/1240/1780 1128/1281/1779 1097/1241/1736
f 1130/1242/1781 1129/1240/1780 1098/1195/1737
f 1131/1243/1783 1130/1242/1781 1099/1197/1738
f 1101/1199/1742 1131/1243/1783 1100/1198/1739
f 1132/1244/1784 1101/1199/1742 1102/1200/1744
f 1133/1246/1832 1132/1244/1784 1103/1245/1787
f 1134/1287/1788 1133/1246/1832 1104/1201/1745
f 1135/1249/5207 1134/1247/1788 1105/1202/1746
f 1135/1249/5208 1105/1202/5209 1106/1206/1749
f 1136/1250/1790 1106/1206/1749 1107/1208/5210
f 1137/1252/1792 1107/1209/1750 1108/1210/1752
f 1138/1254/1794 1108/4120/5198 1109/1211/1753
f 1139/1255/1795 1109/1211/1753 1110/1215/1755
f 1140/1256/1797 1110/1215/1755 1111/1217/1756
f 1141/1257/1798 1111/1217/1756 1112/1219/1757
f 1142/1258/1844 1112/1219/1757 1113/1259/5211
f 1143/1261/1801 1113/1221/5212 1114/1222/1802
f 1144/1262/1803 1114/1222/1802 1115/1223/1761
f 1145/1263/1805 1115/1223/1761 1116/1224/1762
f 1146/1264/1806 1116/1224/1762 1117/1225/1763
f 1147/1265/1808 1117/1225/1763 1118/1226/1764
f 1148/1266/1809 1118/1226/1764 1119/1227/1766
f 1149/1267/5213 1119/1227/1765 1120/1228/1767
f 1150/1268/1811 1086/1178/1723 1087/1179/1724
f 1151/1269/1813 903/955/1460 1089/1181/5214
f 1152/1270/1859 1122/545/5215 1123/1230/1771
f 1153/1272/5216 1123/1231/1771 1124/1232/1772
f 1154/1273/1818 1124/1232/1772 1125/1233/1773
f 1156/1276/1821 1125/1234/1774 1126/1236/1776
f 1159/1279/1825 1158/1278/1823 1127/1237/1777
f 1160/1280/5217 1159/1319/1825 1128/1281/1779
f 1161/1282/1827 1160/1280/1826 1129/1240/1780
f 1131/1243/1783 1161/1282/1827 1130/1242/1781
f 1163/1323/1875 1162/1283/1828 1101/1199/1742
f 1164/1284/1829 1163/1323/1875 1101/1199/1742
f 1165/1285/1831 1164/1284/1829 1132/1244/1784
f 1166/1286/1833 1165/1285/1831 1133/1246/1832
f 1167/1288/1835 1166/1327/1833 1134/1247/1788
f 1167/1288/1835 1135/1249/5207 1136/1250/1790
f 1168/1289/1837 1136/1250/1790 1137/1251/1792
f 1169/1291/5218 1137/1252/1791 1138/1253/1794
f 1171/1293/1841 1170/1334/5219 1138/1254/1794
f 1171/1293/1841 1139/1255/1795 1140/1256/1797
f 1172/1294/1842 1140/1256/1797 1141/1257/1798
f 1173/1295/5220 1141/1257/1799 1142/1258/5221
f 1174/1296/1845 1142/1258/1800 1143/1260/1801
f 1175/1298/1847 1143/1261/1801 1144/1262/1803
f 1175/1298/1847 1144/1262/1803 1145/1263/1805
f 1176/1299/1848 1145/1263/1805 1146/1264/1806
f 1177/1300/1849 1146/1264/1807 1147/1265/1808
f 1178/1301/1850 1147/1265/1808 1148/1266/1809
f 1179/1302/1851 1148/1266/1809 1149/1267/5213
f 1180/1303/1852 1149/1267/1810 1120/1228/1767
f 1212/1304/1853 1120/1228/1767 1150/1268/1811
f 1181/1305/1854 1087/1179/1724 1088/1180/1725
f 1182/1306/1855 1088/1180/1725 1121/1229/1812
f 1185/1309/1860 1152/1270/1814 1153/1271/1816
f 1186/1311/1861 1153/1272/1817 1154/1273/1818
f 1186/1311/1861 1154/1273/1818 1155/1274/1819
f 1187/1312/1862 1155/1274/1819 1156/1275/1821
f 1188/1314/1863 1156/1276/1821 1157/1277/1822
f 1189/1315/1865 1157/1277/1864 1158/1278/1823
f 1191/1317/1868 1190/1316/1906 1158/1278/1823
f 1192/1318/1870 1191/1357/5222 1159/1319/1825
f 1193/1320/1872 1192/1318/1870 1160/1280/5217
f 1194/1321/1910 1193/1320/1872 1161/1282/1827
f 1162/1283/1828 1194/1321/5223 1131/1243/1783
f 1196/1324/1876 1195/1322/1913 1164/1284/1829
f 1197/1325/1877 1196/1363/1876 1165/1326/1831
f 1198/1328/5224 1197/1325/5225 1166/1327/1833
f 1198/1328/5224 1167/1288/1835 1168/1289/1837
f 1199/1329/1879 1168/1289/1837 1169/1290/1839
f 1200/1331/1880 1169/1291/1839 1170/1292/1840
f 1202/1333/1884 1201/1371/1883 1170/1334/1840
f 1202/1333/1884 1171/1293/1841 1172/1294/1842
f 1203/1335/1885 1172/1294/1842 1173/1295/1843
f 1204/1336/5226 1173/1295/1843 1174/1296/1845
f 1205/1337/1888 1174/1296/1845 1175/1297/1847
f 1206/1339/1889 1175/1298/1847 1176/1299/1848
f 1207/1340/1890 1176/1299/1848 1177/1300/1849
f 1208/1341/1892 1177/1300/1891 1178/1301/1850
f 1209/1342/1893 1178/1301/1850 1179/1302/1851
f 1210/1343/1894 1179/1302/1851 1180/1303/1852
f 1211/1344/1895 1180/1303/1852 1212/1304/1937
f 1212/1304/1853 1150/1268/1811 1181/1305/1854
f 1213/1345/1896 1121/1229/1812 1151/1269/5227
f 1214/1346/1897 1184/1308/5228 1185/1309/1860
f 1215/1348/1898 1185/1310/1860 1186/1311/1861
f 1216/1349/1899 1186/1311/1861 1187/1312/1862
f 1217/1350/1901 1187/1312/1862 1188/1313/1863
f 1218/1352/1902 1188/1314/1863 1189/1315/1865
f 1221/1355/1905 1220/1354/1949 1190/1316/1867
f 1222/1356/1907 1221/1397/1905 1191/1357/5222
f 1223/1358/1908 1222/1356/1907 1192/1318/1870
f 1224/1359/1909 1223/1358/1908 1193/1320/5229
f 1162/1283/1828 1224/1359/1909 1194/1321/1910
f 1225/1360/5230 1162/1283/1828 1163/1323/1875
f 1226/1361/1912 1225/1360/5230 1195/1322/1913
f 1227/1364/1960 1226/1362/1912 1197/1325/1877
f 1228/1365/1916 1227/1364/1914 1198/1328/1878
f 1228/1365/1916 1198/1328/1915 1199/1329/1879
f 1229/1366/1918 1199/1329/1879 1200/1330/1880
f 1230/1368/1920 1200/1331/1880 1201/1332/5231
f 1202/1333/1884 1232/1372/1924 1231/1370/1923
f 1232/1372/1924 1202/1333/1884 1203/1335/1885
f 1233/1373/1968 1203/1335/1885 1204/1336/5226
f 1234/1374/1926 1204/1336/1886 1205/1337/1888
f 1235/1375/1928 1205/1337/1888 1206/1338/1889
f 1236/1377/1929 1206/1339/1889 1207/1340/5232
f 1237/1378/1930 1207/1340/1890 1208/1341/1892
f 1238/1379/1932 1208/1341/1892 1209/1342/1893
f 1239/1380/1933 1209/1342/1893 1210/1343/1894
f 1240/1381/1934 1210/1343/1894 1211/1344/1895
f 1241/1382/1935 1211/1344/1895 1212/1304/1937
f 1242/1383/1938 1212/1304/1853 1181/1305/1854
f 1244/1385/1941 1181/1305/5233 1182/1306/1855
f 1244/1385/1941 1182/1306/1855 1213/1345/1896
f 1245/1386/1942 1214/1346/1897 1215/1347/1898
f 1246/1387/1943 1215/1347/1898 1216/1388/1899
f 1247/1390/5234 1216/1349/1899 1217/1350/1901
f 1248/1391/1946 1217/1350/1901 1218/1351/1902
f 1249/1393/1948 1218/1352/1902 1219/1353/1903
f 1251/1395/1998 1250/1394/1950 1220/1354/1904
f 1252/1396/1999 1251/1429/1998 1221/1397/1952
f 1253/1398/1954 1252/1396/1953 1222/1356/1907
f 1224/1359/1909 1253/1398/1954 1223/1358/5235
f 1255/1400/1956 1254/1399/1955 1225/1360/1911
f 1256/1401/1958 1255/1436/1956 1226/1362/1912
f 1257/1402/1961 1256/1401/1958 1227/1364/1914
f 1258/1403/1962 1257/1402/5236 1228/1365/1916
f 1258/1403/1962 1229/1366/1918 1230/1367/1920
f 1259/1404/5237 1230/1367/1919 1231/1370/1922
f 1260/1405/1966 1231/1370/1964 1232/1372/1924
f 1261/1406/1967 1232/1372/1924 1233/1373/1925
f 1262/1407/1969 1233/1373/1925 1234/1374/1926
f 1263/1408/2017 1234/1374/1926 1235/1375/1928
f 1264/1409/1971 1235/1375/1928 1236/1376/1929
f 1265/1411/1972 1236/1377/1929 1237/1378/1931
f 1266/1412/1974 1237/1378/1931 1238/1379/1932
f 1267/1413/1975 1238/1379/1932 1239/1380/1933
f 1268/1414/1977 1239/1380/1933 1240/1381/1934
f 1269/1415/1979 1240/1381/1934 1241/1382/1936
f 1270/1416/1980 1241/1382/1935 1242/1383/1938
f 1271/1418/1983 1245/1386/1942 1246/1387/1943
f 1272/1419/1985 1246/1387/1943 1247/1389/1944
f 1273/1421/1987 1247/1390/5234 1248/1391/1947
f 1275/1424/1990 1248/1392/1946 1249/1393/1948
f 1278/1427/1994 1277/1426/1993 1250/1394/1995
f 1279/1428/2046 1278/4122/1994 1251/1429/1998
f 1280/1430/2000 1279/1428/2044 1252/1396/1999
f 1281/1431/2001 1280/1430/2000 1253/1398/1954
f 1282/1432/2003 1281/1431/2001 1224/1359/1909
f 1283/1433/2004 1282/1432/2003 1162/1283/1828
f 1284/1468/2048 1283/1433/2004 1254/1399/1955
f 1285/1434/2005 1284/1468/2048 1254/1399/1955
f 1286/1435/2007 1285/1471/2005 1255/1436/1956
f 1287/1437/2008 1286/1435/2007 1256/1401/1958
f 1288/1438/2009 1287/1437/2008 1257/1402/5238
f 1288/1438/2009 1258/1403/1962 1259/1404/5237
f 1289/1439/2011 1259/1404/1963 1260/1405/2012
f 1291/1441/2015 1290/1440/5239 1260/1405/1966
f 1291/1441/2015 1261/1406/5240 1262/1407/1969
f 1292/1442/2059 1262/1407/1969 1263/1408/2017
f 1293/1443/2018 1263/1408/2017 1264/1409/1971
f 1294/1444/2019 1264/1409/1971 1265/1410/1972
f 1295/1446/2065 1265/1411/1973 1266/1412/1974
f 1296/1447/5241 1266/1412/1974 1267/1413/1975
f 1297/1448/2023 1267/1413/1975 1268/1414/1977
f 1298/1449/2024 1268/1414/1977 1269/1415/1978
f 1299/1450/2026 1269/1415/1978 1270/1416/1980
f 1300/1451/2073 1270/1416/1981 1301/1417/1982
f 1301/1417/1982 1242/1383/1938 1243/1384/1939
f 1302/1452/2028 1213/1345/1896 1151/1269/1856
f 1304/1454/2030 1271/1418/1983 1272/1419/1985
f 1306/1457/2033 1272/1420/1985 1273/1421/1987
f 1306/1457/2033 1273/1421/1987 1274/1422/1988
f 1307/1458/2035 1274/1422/1988 1275/1423/5242
f 1309/1461/2039 1275/1424/2036 1276/1425/1992
f 1309/1461/5243 1276/1425/1991 1277/1426/1993
f 1311/1463/5244 1310/1462/2041 1277/1426/1993
f 1312/1464/2091 1311/1463/2042 1278/1427/1994
f 1313/1466/2045 1312/1501/2043 1279/1428/1997
f 1281/1431/2001 1313/1466/2045 1280/1430/2000
f 1314/1467/2047 1282/1432/2003 1283/1433/5245
f 1315/1469/2049 1314/1467/2047 1284/1468/2048
f 1316/1470/2050 1315/1506/5246 1285/1471/2005
f 1317/1472/2051 1316/1470/2050 1286/1435/2007
f 1318/1473/2053 1317/1472/5247 1287/1437/2008
f 1318/1473/2053 1288/1438/2009 1289/1439/2011
f 1319/1474/2054 1289/1439/5248 1290/1440/5249
f 1321/1476/2057 1320/1475/2056 1290/1440/2058
f 1321/1476/2057 1291/1441/2015 1292/1442/2016
f 1322/1477/2061 1292/1442/2059 1293/1443/2018
f 1323/1478/2062 1293/1443/2018 1294/1444/2019
f 1324/1479/2064 1294/1444/2019 1295/1445/2021
f 1326/1482/2067 1295/1446/2021 1296/1447/2022
f 1327/1483/2069 1296/1447/2022 1297/1448/2023
f 1328/1484/2070 1297/1448/2023 1298/1449/2024
f 1329/1485/5250 1298/1449/2025 1299/1450/2026
f 1330/1486/2072 1299/1450/2026 1300/1451/2027
f 1331/1487/2074 1300/1451/2027 1301/1417/2075
f 1333/1489/2077 1301/1417/2075 1243/1384/1940
f 1334/1490/2078 1243/1384/1939 1244/1385/2080
f 1336/1492/2083 1304/1454/2082 1305/1455/2032
f 1337/1494/2084 1305/1456/2031 1306/1457/5251
f 1337/1494/2084 1306/1457/2033 1307/1458/2034
f 1338/1495/2085 1307/1458/2035 1308/1459/2087
f 1340/1530/2125 1339/1497/2086 1309/1461/2040
f 1340/1530/2125 1309/1461/2039 1310/1462/5252
f 1341/1532/2128 1340/1530/2125 1310/1462/2041
f 1342/1498/2129 1341/1532/5253 1310/1462/5254
f 1343/1499/2089 1342/1498/2129 1311/1463/2090
f 1344/1500/2092 1343/1536/2089 1312/1501/2091
f 1345/1502/5255 1344/1500/2092 1313/1466/2045
f 1282/1432/5256 1345/1502/5255 1281/1431/2001
f 1347/1503/2095 1346/1540/2137 1282/1432/2003
f 1348/1504/2096 1347/1503/2138 1314/1467/5257
f 1349/1505/2097 1348/1543/2096 1315/1506/2049
f 1350/1507/2098 1349/1505/2097 1316/1470/2050
f 1350/1507/2098 1317/1472/5247 1318/1473/2053
f 1351/1508/2100 1318/1473/2053 1319/1474/2054
f 1352/1509/2101 1319/1474/2054 1320/1475/2056
f 1354/1511/5258 1353/1510/2148 1320/1475/2056
f 1354/1511/5258 1321/1476/2057 1322/1477/2060
f 1355/1512/5259 1322/1477/5260 1323/1478/2062
f 1356/1513/2105 1323/1478/2062 1324/1479/2064
f 1357/1514/2106 1324/1479/2064 1325/1480/2066
f 1358/1515/2107 1325/1480/5261 1326/1481/2067
f 1359/1517/2108 1326/1482/2067 1327/1483/2069
f 1360/1518/2157 1327/1483/2069 1328/1484/2070
f 1361/1519/2110 1328/1484/2070 1329/1485/5250
f 1362/1520/5262 1329/1485/2071 1330/1486/2072
f 1363/1521/2112 1330/1486/2072 1331/1487/2074
f 1364/1522/2113 1331/1487/2074 1332/1488/2076
f 1365/1564/2169 1302/1452/2028 1151/1269/1813
f 1366/1523/2174 1335/1491/5263 1336/1492/2083
f 1367/1524/2116 1336/1492/2083 1337/1493/2084
f 1368/1526/2119 1337/1494/2084 1338/1495/2085
f 1369/1528/5264 1338/1496/2085 1339/1497/2086
f 1371/1531/2124 1370/1529/5265 1340/1530/2125
f 1372/1533/2127 1371/1531/2124 1341/1532/2128
f 1373/1534/2130 1372/1533/2181 1342/1498/2129
f 1374/1535/2184 1373/1577/2130 1343/1536/2089
f 1375/1537/2226 1374/1535/2184 1344/1500/2092
f 1376/1538/2135 1375/1537/2226 1345/1502/2094
f 1346/1540/2137 1376/1538/2135 1282/1432/2003
f 1378/1541/5266 1377/1539/2136 1347/1503/2138
f 1379/1542/2140 1378/1581/2139 1348/1543/2096
f 1380/1544/2141 1379/1542/2140 1349/1505/2097
f 1380/1544/2141 1350/1507/5267 1351/1508/2100
f 1381/1545/2142 1351/1508/2100 1352/1509/5268
f 1382/1546/2144 1352/1509/2101 1353/1510/2102
f 1384/1548/2147 1383/1547/5269 1353/1510/2148
f 1384/1548/2149 1354/1511/5258 1355/1512/2104
f 1385/1549/5270 1355/1512/2104 1356/1513/2105
f 1386/1550/2152 1356/1513/2105 1357/1514/2106
f 1387/1551/5271 1357/1514/2106 1358/1515/5272
f 1388/1552/2154 1358/1515/2107 1359/1516/2108
f 1389/1554/2155 1359/1517/2108 1360/1518/2157
f 1390/1555/2159 1360/1518/2109 1361/1519/2110
f 1391/1556/2160 1361/1519/2110 1362/1520/5262
f 1392/1557/2161 1362/1520/5262 1363/1521/2112
f 1393/1558/2162 1363/1521/2112 1364/1522/2113
f 1394/1559/2163 1364/1522/2113 1332/1488/2076
f 1395/1560/2165 1332/1488/2076 1333/1489/5273
f 1396/1561/5274 1333/1489/5275 1334/1490/2079
f 1398/1563/2168 1334/1490/2079 1302/1452/2028
f 1399/1565/2170 1151/1269/1813 1303/1453/2171
f 1402/1568/2175 1366/1523/2174 1367/1524/2117
f 1402/1568/2210 1367/1524/2116 1368/1525/2119
f 1403/1570/2176 1368/1526/2119 1369/1527/2120
f 1405/1572/2178 1404/4123/2214 1369/1528/5264
f 1405/1572/2178 1369/1528/2120 1370/1529/2122
f 1406/1573/5276 1370/1529/5265 1371/1531/2124
f 1407/1574/2221 1406/1573/2179 1371/1531/2124
f 1408/1575/2182 1407/1574/2180 1372/1533/2127
f 1409/1576/2224 1408/1611/2182 1373/1577/2130
f 1375/1537/2226 1409/1576/2224 1374/1535/5277
f 1410/1578/2185 1376/1538/2228 1346/1540/2137
f 1411/1579/2186 1410/1578/2185 1377/1539/2136
f 1412/1580/2187 1411/1616/2186 1378/1581/2139
f 1413/1582/2188 1412/1580/2187 1379/1542/2140
f 1413/1582/2188 1380/1544/2141 1381/1545/2142
f 1414/1583/2190 1381/1545/2142 1382/1546/5278
f 1415/1584/2191 1382/1546/5278 1383/1547/5279
f 1416/1585/2192 1383/1547/5269 1384/1548/2149
f 1417/1586/5280 1384/1548/2149 1385/1549/2150
f 1418/1587/2194 1385/1549/2150 1386/1550/2151
f 1419/1588/5281 1386/1550/2151 1387/1551/2153
f 1420/1589/2197 1387/1551/5271 1388/1552/2154
f 1421/1590/2198 1388/1552/2154 1389/1553/2155
f 1422/1592/2199 1389/1554/2155 1390/1555/2159
f 1423/1593/2200 1390/1555/2158 1391/1556/2160
f 1424/1594/2201 1391/1556/2160 1392/1557/2161
f 1425/1595/2204 1392/1557/2161 1393/1558/2162
f 1426/1596/2205 1393/1558/2162 1394/1559/2163
f 1427/1597/2206 1394/1559/2163 1395/1560/2165
f 1398/1563/2168 1302/1452/2028 1365/1564/2169
f 1429/1599/2208 1401/1567/5282 1402/1568/5283
f 1430/1600/2211 1402/1568/5283 1403/1569/2176
f 1431/1602/2212 1403/1570/2176 1404/1571/5284
f 1433/1605/2216 1404/4123/2177 1405/1572/2178
f 1434/1606/2217 1405/1572/2178 1406/1573/2218
f 1436/1608/2220 1435/1607/5285 1406/1573/2179
f 1437/1609/2265 1436/1608/2220 1407/1574/2180
f 1438/1610/5286 1437/1648/2265 1408/1611/2182
f 1439/1612/2225 1438/1610/2268 1409/1576/2224
f 1376/1538/2135 1439/1612/5287 1375/1537/2226
f 1441/1613/2227 1440/1652/2272 1376/1538/2228
f 1442/1614/2229 1441/1613/2227 1410/1578/2185
f 1443/1615/2230 1442/1655/2229 1411/1616/2186
f 1444/1617/2231 1443/1615/2230 1412/1580/2187
f 1444/1617/2231 1413/1582/2188 1414/1583/2190
f 1445/1618/2234 1414/1583/2190 1415/1584/2191
f 1446/1619/2277 1415/1584/5288 1416/1585/5289
f 1448/1621/2237 1447/1620/5290 1416/1585/2192
f 1448/1621/2237 1417/1586/2193 1418/1587/2194
f 1449/1622/2238 1418/1587/2194 1419/1588/5281
f 1450/1623/5291 1419/1588/5281 1420/1589/2197
f 1451/1624/5292 1420/1589/2197 1421/1590/2242
f 1452/1625/2243 1421/1590/2242 1422/1591/2199
f 1453/1627/2244 1422/1592/2199 1423/1593/2200
f 1454/1628/2245 1423/1593/2200 1424/1594/2201
f 1455/1629/5293 1424/1594/2201 1425/1595/2204
f 1456/1630/2247 1425/1595/2204 1426/1596/2205
f 1457/1631/2248 1426/1596/2205 1427/1597/5294
f 1458/1632/2249 1427/1597/5295 1395/1560/2165
f 1459/1633/5296 1395/1560/2165 1396/1561/5274
f 1460/1634/2253 1396/1561/2166 1397/1562/5297
f 1461/1635/2254 1397/1562/2167 1398/1563/2168
f 1462/1636/5298 1428/1598/5299 1429/1599/2208
f 1463/1637/5300 1429/1599/2208 1430/1600/2211
f 1464/1639/2257 1430/1601/2211 1431/1602/2212
f 1464/1639/2257 1431/1602/2212 1432/1603/2215
f 1465/1640/2259 1432/1603/2215 1433/1604/2216
f 1467/1643/2261 1433/1605/2216 1434/1606/2217
f 1469/1645/2263 1468/1644/2262 1435/1607/5285
f 1470/1646/2264 1469/1645/2263 1436/1608/2220
f 1471/1647/2308 1470/1684/2264 1437/1648/2222
f 1472/1649/2267 1471/1647/2308 1438/1610/5286
f 1473/1650/2269 1472/1649/2267 1439/1612/2225
f 1440/1652/2272 1473/1650/2393 1376/1538/2228
f 1475/1653/2273 1474/1651/2311 1441/1613/2227
f 1476/1654/2274 1475/1689/2273 1442/1655/2229
f 1477/1656/2315 1476/1654/5301 1443/1615/2230
f 1478/1657/2276 1477/1656/2315 1444/1617/2232
f 1478/1657/2276 1445/1618/2234 1446/1619/2277
f 1479/1658/2278 1446/1619/2277 1447/1620/5290
f 1480/1659/2280 1447/1620/5290 1448/1621/2237
f 1481/1660/2281 1448/1621/2237 1449/1622/2239
f 1482/1661/2283 1449/1622/2238 1450/1623/5291
f 1483/1662/2284 1450/1623/5291 1451/1624/5292
f 1484/1663/2286 1451/1624/2241 1452/1625/2243
f 1485/1664/2287 1452/1625/2243 1453/1626/2244
f 1486/1666/2288 1453/1627/2244 1454/1628/2245
f 1487/1667/2289 1454/1628/2245 1455/1629/2246
f 1488/1668/2290 1455/1629/2246 1456/1630/2247
f 1489/1669/2291 1456/1630/2247 1457/1631/2248
f 1490/1670/2292 1457/1631/2248 1458/1632/2249
f 1491/1671/2293 1458/1632/2249 1459/1633/2252
f 1492/1672/5302 1398/1563/2168 1365/1564/5303
f 1492/1672/2294 1365/1564/5303 1399/1565/2170
f 1493/1673/2295 1462/1636/2255 1463/1637/2256
f 1494/1675/2296 1463/1638/5300 1464/1639/2257
f 1495/1676/2341 1464/1639/2257 1465/1640/2259
f 1497/1679/2301 1466/1642/2300 1467/1643/2261
f 1498/1680/2303 1467/1643/2261 1468/1644/2262
f 1499/1681/2304 1498/1680/2303 1468/1644/2262
f 1500/1682/2305 1499/1681/2304 1469/1645/5304
f 1501/1683/5305 1500/1715/2305 1470/1684/2264
f 1502/1685/2309 1501/1683/2307 1471/1647/2266
f 1503/1686/2310 1473/1650/5306 1440/1652/2272
f 1504/1687/2312 1503/1686/2310 1474/1651/2271
f 1505/1688/2314 1504/1719/2312 1475/1689/2273
f 1506/1690/2316 1505/1688/2314 1477/1656/5307
f 1507/1691/2318 1478/1657/2276 1479/1658/2278
f 1507/1691/2319 1479/1658/2278 1480/1659/2280
f 1509/1693/2321 1508/1692/2320 1480/1659/2280
f 1509/1693/2321 1481/1660/5308 1482/1661/2283
f 1510/1694/2322 1482/1661/2283 1483/1662/2284
f 1511/1695/5309 1483/1662/2284 1484/1663/5310
f 1512/1696/5311 1484/1663/2286 1485/1664/2287
f 1513/1697/2326 1485/1664/2287 1486/1665/2288
f 1514/1699/2327 1486/1666/2288 1487/1667/2289
f 1515/1700/2329 1487/1667/2289 1488/1668/2290
f 1516/1701/5312 1488/1668/2290 1489/1669/2291
f 1517/1702/2331 1489/1669/2291 1490/1670/2292
f 1518/1703/2332 1490/1670/2292 1491/1671/5313
f 1519/1704/2333 1491/1671/5313 1459/1633/2252
f 1520/1705/2334 1459/1633/2252 1460/1634/2253
f 1521/1706/2335 1460/1634/2253 1461/1635/2254
f 1523/1708/2337 1461/1635/2254 1492/1672/5302
f 1525/1709/2338 1524/1738/5314 1493/1673/2295
f 1525/1709/2376 1493/1673/2295 1494/1674/2297
f 1526/1711/2340 1495/1676/2298 1496/1677/2299
f 1528/1713/2344 1527/4124/2343 1496/1678/2299
f 1528/1713/2344 1497/1679/2301 1498/1680/2303
f 1529/1743/2382 1528/1713/2344 1498/1680/2303
f 1529/1743/2382 1498/1680/2303 1499/1681/2304
f 1530/4125/5315 1529/1743/2382 1499/1681/2304
f 1530/4125/5316 1499/1681/2304 1500/1682/2305
f 1531/1714/2345 1530/1745/5317 1500/1715/2305
f 1532/1716/2346 1531/1714/2345 1501/1683/2307
f 1473/1650/2393 1532/1716/2346 1472/1649/2267
f 1533/1751/2395 1473/1650/2393 1503/1686/2310
f 1534/1717/2349 1533/1751/2395 1503/1686/2310
f 1535/1718/5318 1534/4126/2349 1504/1719/2312
f 1537/1721/2353 1506/1690/2316 1507/1691/2319
f 1538/1722/2354 1507/1691/2319 1508/1692/2320
f 1540/1724/2357 1539/1723/2355 1508/1692/2320
f 1542/1726/2360 1510/1694/2322 1511/1695/2323
f 1542/1726/2360 1511/1695/2323 1512/1696/2325
f 1543/1727/2362 1512/1696/5311 1513/1697/2326
f 1544/1728/2408 1513/1697/2326 1514/1698/2327
f 1544/1729/2363 1514/1699/2327 1515/1700/5319
f 1545/1730/5320 1515/1700/2329 1516/1701/2330
f 1546/1731/2410 1516/1701/2330 1517/1702/2331
f 1547/1732/2366 1517/1702/2331 1518/1703/2367
f 1548/1733/2368 1518/1703/2367 1519/1704/2333
f 1549/1734/2370 1519/1704/2333 1520/1705/2334
f 1554/1740/5321 1525/1709/2338 1526/1710/2342
f 1555/1741/2380 1554/1772/2379 1526/1711/2342
f 1555/1774/2380 1527/4124/2343 1528/1713/2344
f 1556/1775/2422 1555/1774/2421 1528/1713/2344
f 1557/1742/5322 1556/1775/2425 1528/1713/2344
f 1558/1779/2430 1557/1742/2381 1529/1743/2382
f 1558/1779/2430 1529/1743/2382 1530/4125/5317
f 1559/1781/2383 1558/1779/2430 1530/4125/5317
f 1560/1746/2386 1530/1745/5315 1531/1714/2345
f 1562/1748/2390 1532/1716/2389 1473/1650/5323
f 1564/1750/5324 1473/1650/2269 1533/1751/2395
f 1565/1752/2396 1533/1751/2395 1534/1717/2349
f 1566/4127/5325 1565/1752/2396 1534/1717/2349
f 1566/1787/2437 1534/4126/2349 1535/1718/2350
f 1567/1753/2397 1566/1787/5325 1535/1718/2350
f 1568/1754/2398 1567/1753/2397 1536/1720/2352
f 1568/1754/2398 1537/1721/2353 1538/1722/2354
f 1570/1756/2401 1569/1755/2399 1538/1722/2354
f 1570/1756/2401 1539/1723/2355 1540/1724/2357
f 1574/1760/2405 1573/1759/2404 1542/1726/2360
f 1575/1761/5326 1574/1760/2448 1543/1727/2362
f 1576/1762/2407 1575/1797/5326 1544/1729/2408
f 1577/1763/2409 1576/1762/2407 1545/1730/2364
f 1578/1764/2411 1577/1763/2453 1546/1731/2410
f 1579/1765/5327 1578/1764/5328 1547/1732/2366
f 1580/1766/2413 1579/1765/2412 1548/1733/2368
f 1581/1767/2414 1580/1766/2413 1549/1734/2370
f 1582/1768/2415 1581/1767/2414 1520/1705/2334
f 1583/1769/2416 1582/1768/2415 1521/1706/2335
f 1523/1708/2337 1583/1769/2416 1522/1707/2336
f 1399/1565/5329 1550/1735/2371 1492/1672/5302
f 1585/1770/2418 1552/1737/2374 1553/1739/2378
f 1585/1770/2418 1553/1739/2378 1554/1740/5330
f 1586/1805/2462 1585/1770/2418 1554/1740/5330
f 1587/1771/2419 1586/1807/2462 1554/1772/2379
f 1588/1776/2423 1587/1773/2419 1556/1775/2425
f 1591/1780/2429 1590/1778/2427 1558/1779/2430
f 1592/1782/2431 1591/4128/5331 1559/1744/2383
f 1592/1782/2472 1559/1744/2383 1560/1746/2386
f 1593/1783/5332 1560/1746/2386 1561/1747/2387
f 1623/1816/2477 1562/1748/2390 1563/1749/2391
f 1594/1784/2478 1564/1750/5324 1565/1752/2396
f 1595/1785/2435 1565/1752/2396 1566/4127/5325
f 1596/1788/2439 1566/1787/2437 1567/1753/2397
f 1598/1790/2443 1568/1754/2442 1569/1755/5333
f 1599/1791/5334 1598/1790/2443 1569/1755/2399
f 1571/1757/2402 1600/1824/2486 1599/1791/2444
f 1601/1792/2445 1600/1824/2486 1571/1757/2402
f 1602/1793/2446 1601/1792/2445 1572/1758/2403
f 1603/1794/2447 1602/1793/2446 1573/1759/2404
f 1604/1795/2449 1603/1794/2447 1574/1760/2448
f 1605/1796/2451 1604/1830/2449 1575/1797/2406
f 1606/1798/2452 1605/1796/2451 1576/1762/2407
f 1607/1799/2495 1606/1798/2452 1577/1763/2453
f 1608/1800/2456 1607/1799/2495 1578/1764/5328
f 1609/1801/5335 1608/1800/2456 1579/1765/2412
f 1610/1802/2458 1609/1801/5335 1580/1766/2413
f 1582/1768/2415 1610/1802/2458 1581/1767/2414
f 1611/1917/5336 1583/1769/2416 1523/1708/2337
f 1550/1735/2371 1611/1917/5337 1523/1708/2337
f 1613/1838/2505 1612/1803/5338 1585/1770/5339
f 1614/1804/2461 1613/1838/2505 1585/1770/2418
f 1615/1806/2508 1614/1841/2461 1586/1807/2462
f 1616/1808/2465 1615/1844/2508 1587/1773/2420
f 1616/1808/5340 1588/1776/2423 1589/1777/5341
f 1617/1809/5342 1589/1777/2424 1590/1778/2468
f 1619/1811/2471 1590/1778/2468 1591/1780/2429
f 1619/1812/5343 1591/4128/2429 1592/1782/2431
f 1620/1813/2473 1592/1782/2431 1593/1783/2432
f 1621/1814/2475 1593/1783/2432 1562/1748/2390
f 1622/1815/2476 1562/1748/2390 1623/1816/2477
f 1623/1816/2477 1563/1749/2391 1594/1784/2478
f 1624/1817/2479 1594/1784/2478 1595/1785/2436
f 1625/1819/2481 1595/1786/2436 1596/1788/2439
f 1627/1821/2483 1596/1788/2438 1597/1789/2440
f 1628/1858/2527 1627/1821/2526 1597/1789/2440
f 1628/1858/2527 1597/1789/2440 1598/1790/2443
f 1629/1860/2529 1628/1858/2527 1598/1790/2443
f 1630/1822/2532 1629/1860/2531 1598/1790/2443
f 1631/1823/2485 1630/1822/5344 1599/1791/2444
f 1632/1825/2487 1631/1823/2485 1600/1824/2486
f 1633/1826/2488 1632/1825/2536 1601/1792/2445
f 1634/1827/2489 1633/1826/5345 1602/1793/2446
f 1635/1828/2490 1634/1827/2489 1603/1794/2447
f 1636/1872/5346 1635/1871/2490 1604/1830/2449
f 1637/1829/2491 1636/1872/5346 1604/1830/2449
f 1638/1831/2492 1637/1829/2546 1605/1796/2451
f 1639/1832/2494 1638/1831/2492 1606/1798/2452
f 1640/1833/2496 1639/1832/2494 1607/1799/2495
f 1641/1834/2497 1640/1833/2550 1608/1800/2456
f 1610/1802/2458 1641/1834/2497 1609/1801/2457
f 1643/1836/2499 1642/1835/2498 1582/1768/2415
f 1611/1917/5337 1643/1836/2499 1583/1769/2416
f 1644/1954/2632 1611/1917/5336 1550/1735/2371
f 1399/1565/5347 1644/1954/5348 1550/1735/2371
f 1646/1837/2501 1645/1880/2554 1612/1803/5338
f 1647/1839/2504 1646/1882/2501 1613/1840/2503
f 1648/1842/2506 1647/1839/2504 1614/1841/5349
f 1649/1843/2507 1648/4129/2506 1615/1844/2463
f 1649/1843/2507 1616/1808/2465 1617/1809/2466
f 1650/1845/2509 1617/1809/2467 1618/1810/2469
f 1651/1846/2510 1618/1810/2469 1619/1811/2471
f 1652/1848/2512 1619/1812/2471 1620/1813/2474
f 1653/1849/2514 1620/1813/2473 1621/1814/2475
f 1654/1850/2515 1621/1814/2475 1622/1815/2476
f 1655/1851/2516 1623/1816/2477 1624/1817/2479
f 1656/1852/2518 1624/1817/2479 1625/1818/2481
f 1657/1854/5350 1625/1819/2480 1626/1820/2482
f 1658/1855/2522 1626/1820/2482 1627/1821/5351
f 1660/1857/2525 1659/1856/2524 1627/1821/2526
f 1661/1859/5352 1660/1857/2525 1628/1858/2527
f 1662/1861/2533 1661/1902/2572 1629/1862/2531
f 1662/1864/2533 1630/1822/5353 1631/1823/2485
f 1664/1866/2535 1663/1865/2534 1631/1823/2485
f 1665/1867/2578 1664/1866/2535 1632/1825/2487
f 1666/1868/2539 1665/1867/2537 1633/1826/5345
f 1667/1869/2580 1666/1868/2539 1634/1827/2489
f 1668/1870/2581 1667/1909/2580 1635/1871/2490
f 1669/1873/2544 1668/1870/2542 1636/1872/5346
f 1670/1874/2545 1669/1873/2544 1637/1829/2546
f 1671/1875/2547 1670/1874/2545 1638/1831/2492
f 1672/1876/2549 1671/1875/2547 1639/1832/2494
f 1673/1877/2551 1672/1876/2549 1640/1833/2550
f 1642/1835/2498 1673/1877/2551 1641/1834/2497
f 1676/1879/2594 1675/1919/2593 1645/1880/2554
f 1678/1884/2556 1677/1883/2597 1647/1839/2504
f 1678/1885/2556 1648/4129/2506 1649/1843/2507
f 1680/1887/2558 1679/1886/2557 1649/1843/2507
f 1681/1888/5354 1650/1845/2509 1651/1846/2510
f 1682/1889/5355 1681/1888/5356 1651/1846/2510
f 1682/1890/5357 1652/1848/2512 1653/1849/2514
f 1683/1891/2562 1653/1849/2514 1654/1850/2515
f 1684/1892/2563 1654/1850/2515 1622/1815/2476
f 1685/1893/2565 1622/1815/2476 1623/1816/2477
f 1686/1894/2566 1623/1816/2477 1655/1851/2516
f 1687/1895/2567 1655/1851/2516 1656/1852/2518
f 1687/1895/2567 1656/1852/2518 1657/1853/2520
f 1688/1897/2568 1657/1854/2520 1658/1855/2523
f 1689/1898/2569 1658/1855/2523 1659/1856/2524
f 1691/1900/2571 1690/1899/5358 1659/1856/2524
f 1692/1939/2614 1691/1900/5359 1661/1859/2572
f 1693/1901/2573 1692/1941/2614 1661/1902/2528
f 1694/1903/2574 1693/1943/2573 1662/1864/2530
f 1695/1904/2575 1694/1903/2574 1663/1865/2534
f 1696/1905/2576 1695/1904/2575 1664/1866/5360
f 1697/1906/2577 1696/1905/2576 1665/1867/2578
f 1698/1907/2579 1697/1906/2577 1666/1868/2539
f 1699/1910/2582 1698/1908/2579 1668/1870/2542
f 1700/1911/2584 1699/1910/2582 1669/1873/2583
f 1701/1912/2627 1700/1911/2584 1670/1874/2585
f 1702/1913/2587 1701/1912/2627 1671/1875/2547
f 1703/1914/5361 1702/1913/2587 1672/1876/2549
f 1704/1915/2589 1703/1914/5361 1673/1877/2551
f 1705/1994/5362 1704/1915/2589 1642/1835/2498
f 1706/1916/2590 1705/1994/5363 1642/1835/2498
f 1644/1954/2632 1706/1916/2590 1611/1917/5364
f 1708/1918/2592 1707/1956/2634 1675/1919/2593
f 1709/1958/5365 1708/1918/5366 1676/1879/2553
f 1710/1920/2595 1709/1960/2637 1676/1881/2553
f 1711/1921/2596 1710/1920/2595 1677/1883/2555
f 1711/1922/2596 1678/1885/2556 1679/1886/2557
f 1712/1923/2598 1679/1886/2557 1680/1887/2558
f 1713/1924/5367 1712/1923/2598 1680/1887/5368
f 1713/1924/2599 1680/1887/5368 1681/1888/2560
f 1713/1924/2599 1681/1888/5354 1682/1889/2561
f 1714/1926/2600 1682/1890/5355 1683/1891/2562
f 1715/1927/2601 1683/1891/2562 1684/1892/2602
f 1716/1928/2603 1684/1892/2602 1685/1893/5369
f 1717/1929/2604 1685/1893/2565 1686/1894/2566
f 1718/1930/2605 1686/1894/5370 1687/1895/2567
f 1719/1931/2606 1687/1895/2567 1688/1896/2568
f 1720/1932/2607 1688/1896/2568 1689/1933/2569
f 1721/1935/5371 1689/1898/2569 1690/1899/5372
f 1722/1936/5373 1690/1899/5358 1691/1900/2571
f 1724/1938/2613 1723/1937/2612 1691/1900/2571
f 1725/1940/2615 1724/1977/2613 1692/1941/2614
f 1726/1942/2616 1725/1979/2615 1693/1943/2617
f 1727/1944/2618 1726/1942/2616 1694/1903/5374
f 1728/1945/2663 1727/1944/2618 1695/1904/2575
f 1729/1946/5375 1728/1945/2619 1696/1905/2576
f 1730/1947/2622 1729/1946/2665 1697/1906/2577
f 1731/1986/2667 1730/1985/2622 1698/1908/2579
f 1732/1948/2670 1731/1986/2667 1698/1908/5376
f 1733/1949/2625 1732/1948/2624 1699/1910/2582
f 1734/1950/2673 1733/1949/2625 1700/1911/2584
f 1735/1951/2628 1734/1950/2673 1701/1912/2627
f 1736/1952/5377 1735/1951/2628 1702/1913/2629
f 1704/1915/2589 1736/1952/2630 1703/1914/2588
f 1674/1878/2552 1737/1953/2631 1399/1565/2170
f 1739/1957/2636 1738/1955/5378 1708/1918/2592
f 1740/1959/2638 1739/1999/2636 1709/1960/2639
f 1741/1961/2640 1740/1959/2638 1710/1920/2595
f 1742/1962/2688 1741/4130/2640 1711/1922/2596
f 1743/1963/2642 1742/1962/2686 1712/1923/2598
f 1743/1963/2642 1713/1924/2599 1714/1925/2600
f 1744/1965/2644 1714/1926/2600 1715/1927/2601
f 1745/1966/5379 1715/1927/2601 1716/1928/2603
f 1746/1967/2646 1716/1928/2603 1717/1929/2604
f 1779/1968/2694 1686/1894/2566 1718/1930/2605
f 1747/1969/2650 1719/1931/2606 1720/1932/2607
f 1748/1970/2651 1720/1932/2608 1721/1934/2609
f 1749/1972/2653 1721/1935/5371 1722/1936/2654
f 1751/1974/2703 1750/1973/2655 1722/1936/2654
f 1752/1975/2705 1751/1974/2703 1723/1937/2612
f 1753/1976/5380 1752/2018/2705 1724/1977/2613
f 1754/1978/2659 1753/2020/2658 1725/1979/2615
f 1755/1980/2660 1754/1978/2659 1726/1942/2616
f 1756/1981/2661 1755/1980/2660 1727/1944/2618
f 1757/1982/5381 1756/1981/2661 1728/1945/2619
f 1758/1983/2664 1757/1982/2711 1729/1946/2620
f 1759/1987/2668 1758/1984/5382 1731/1986/2667
f 1760/1988/2669 1759/1987/2668 1732/1948/2670
f 1761/1989/5383 1760/1988/2669 1733/1949/2625
f 1762/1990/2672 1761/1989/2671 1734/1950/2673
f 1763/1991/2674 1762/1990/2672 1735/1951/2628
f 1764/1992/2675 1763/1991/2674 1736/1952/2630
f 1765/1993/5384 1764/1992/2675 1704/1915/2589
f 1766/1995/2678 1765/1993/5384 1705/1994/2677
f 1767/1996/2679 1766/1995/2678 1706/1916/2590
f 1768/2118/2803 1767/1996/2679 1644/1954/2632
f 1737/1953/2631 1768/2118/2844 1644/1954/5348
f 1770/1997/2680 1769/4131/2723 1738/1955/2681
f 1771/1998/2682 1770/2037/2680 1739/1999/2636
f 1772/2000/2683 1771/1998/2682 1740/1959/2638
f 1773/2001/2684 1772/2000/2683 1741/1961/2640
f 1775/2005/5385 1743/1963/2642 1744/1964/2644
f 1776/2007/2730 1744/1965/2644 1745/1966/2645
f 1776/2007/2730 1745/1966/5379 1746/1967/2646
f 1777/2008/2692 1746/1967/2646 1717/1929/2604
f 1778/2009/2693 1717/1929/2604 1779/1968/2694
f 1779/1968/2694 1718/1930/2605 1747/1969/2650
f 1780/2010/2695 1747/1969/2650 1748/1970/2651
f 1781/2011/5386 1748/1970/2651 1749/1971/2653
f 1782/2013/2699 1749/1972/2653 1750/1973/2655
f 1784/2015/2702 1783/2014/2701 1750/1973/2655
f 1785/2016/2704 1784/2015/2742 1751/1974/2656
f 1786/2017/5387 1785/2060/2704 1752/2018/2657
f 1787/2019/2707 1786/4132/2744 1753/2020/2658
f 1788/2021/2747 1787/2019/2707 1754/1978/2659
f 1789/2022/2709 1788/2021/2747 1755/1980/2660
f 1790/2023/2710 1789/2022/2749 1756/1981/2661
f 1791/2024/2753 1790/4133/2710 1757/2025/2711
f 1792/2073/2754 1791/2024/2712 1758/1984/5388
f 1793/2026/2713 1792/2073/2754 1758/1984/5382
f 1794/2027/2714 1793/2026/5389 1759/1987/2715
f 1795/2028/5390 1794/2027/2714 1760/1988/2669
f 1796/2029/2717 1795/2028/5390 1761/1989/5383
f 1797/2030/2760 1796/2029/2717 1762/1990/2719
f 1798/2031/2720 1797/2030/2718 1763/1991/2674
f 1765/1993/5384 1798/2031/2720 1764/1992/2675
f 1801/2081/2724 1800/2033/2722 1770/2035/2680
f 1802/2083/2766 1801/2036/2724 1771/1998/2682
f 1803/2038/2725 1802/2083/2766 1771/1998/2682
f 1804/2039/2727 1803/2086/2725 1773/2040/2684
f 1805/2042/2728 1804/2039/2727 1774/2041/2687
f 1806/2043/2729 1774/2041/2687 1775/4134/5385
f 1806/2043/2729 1775/4134/5385 1776/2044/2730
f 1807/2046/5391 1776/2007/2730 1777/2008/2692
f 1808/2047/5392 1777/2008/2692 1778/2009/2693
f 1809/2048/2733 1779/1968/2694 1780/2010/5393
f 1810/2049/2734 1780/2010/2695 1781/2011/2696
f 1811/2050/2736 1781/2011/2696 1782/2012/2699
f 1812/2052/2737 1782/4135/2699 1783/2053/2701
f 1814/2055/2739 1813/2054/5394 1783/2053/2701
f 1815/2057/2741 1814/2055/2786 1784/2056/2742
f 1816/2059/5395 1815/2102/2741 1785/2060/2704
f 1817/2061/2745 1816/4136/5396 1786/2062/5387
f 1818/2064/2746 1817/2061/2745 1787/2063/2707
f 1819/2066/2748 1818/2064/2791 1788/2065/2747
f 1820/2068/2750 1819/2066/2748 1789/2067/2749
f 1821/2070/2751 1820/2068/2750 1790/2069/2710
f 1822/2072/2752 1821/2110/2751 1791/2024/2753
f 1823/2074/2755 1822/2072/2752 1792/2073/2754
f 1824/2075/2756 1823/2074/2795 1793/2026/5389
f 1825/2076/5397 1824/2075/2756 1794/2027/5398
f 1826/2077/2758 1825/2076/5397 1795/2028/5390
f 1827/2078/2759 1826/2077/2758 1796/2029/2717
f 1798/2031/2720 1827/2078/2759 1797/2030/2718
f 1766/1995/2678 1828/2079/2761 1765/1993/2676
f 1830/2080/2806 1829/2120/2805 1800/2033/2722
f 1831/2082/2764 1830/2122/2763 1801/2036/2765
f 1832/2084/2767 1831/2082/2764 1802/2083/2766
f 1833/2124/2768 1832/2084/5399 1803/2038/2725
f 1834/2087/2769 1833/2085/2768 1804/2039/2727
f 1835/2088/2770 1805/2042/2728 1806/2043/2729
f 1836/2127/2771 1835/2088/2770 1806/2043/2729
f 1836/2127/5400 1806/2043/2729 1807/2045/2731
f 1837/2090/2772 1807/2046/2731 1808/2047/2732
f 1838/2091/2774 1808/2047/5401 1778/2009/2775
f 1839/2092/2776 1778/2009/2693 1779/1968/2647
f 1840/2093/2777 1779/1968/2647 1809/2048/2733
f 1841/2094/2779 1809/2048/2733 1810/2049/2735
f 1841/2094/2779 1810/2049/2735 1811/2050/2736
f 1842/2095/5402 1811/2050/2736 1812/2051/5403
f 1843/2097/2781 1812/2052/2737 1813/2054/2738
f 1845/2099/2824 1844/2098/2823 1813/2054/2738
f 1846/2100/2785 1845/2099/2824 1814/2055/2786
f 1847/2101/2827 1846/2141/2785 1815/2102/2741
f 1847/2103/2787 1816/4136/2743 1817/2061/2745
f 1849/2105/2789 1848/2104/2788 1817/2061/2745
f 1850/2106/2790 1849/2105/2789 1818/2064/2746
f 1851/2107/2792 1850/2106/2790 1819/2066/2748
f 1852/2108/2793 1851/2107/2792 1820/2068/2750
f 1853/2111/2794 1852/2109/2793 1822/2072/2752
f 1854/2112/2796 1853/2111/2794 1823/2074/2755
f 1855/2113/2797 1854/2112/2796 1824/2075/2756
f 1856/2114/2798 1855/2113/2797 1825/2076/5397
f 1857/2115/2799 1856/2114/2798 1826/2077/2758
f 1828/2079/2761 1857/2115/2839 1827/2078/2759
f 1859/2117/2802 1858/2116/2801 1767/1996/2679
f 1861/2119/2848 1860/2156/2847 1829/2120/2805
f 1862/2121/2807 1861/4137/2804 1830/2122/2806
f 1863/2123/2808 1862/2121/2807 1831/2082/5404
f 1864/2125/2809 1863/2161/2808 1833/2085/2768
f 1865/2126/5405 1864/2125/2809 1834/2087/2769
f 1865/2126/2810 1834/2087/2769 1835/2088/2770
f 1865/2126/2810 1835/2088/2770 1836/2127/5400
f 1866/2129/2811 1836/2089/2771 1837/2090/5406
f 1867/2130/2813 1837/2090/2812 1838/2091/2774
f 1868/2131/2814 1838/2091/2774 1839/2092/2776
f 1869/2132/2815 1840/2093/2777 1841/2094/2779
f 1870/2133/2816 1841/2094/2779 1842/2095/5402
f 1871/2135/2817 1842/4138/5402 1843/2097/2781
f 1872/2136/2820 1843/2097/2781 1844/2098/2783
f 1874/2138/2822 1873/2137/2867 1844/2098/2783
f 1875/2139/2825 1874/2138/2822 1845/2099/2824
f 1876/2140/2826 1875/2178/2825 1846/2141/2785
f 1877/2142/2828 1876/2180/2826 1847/2103/2787
f 1878/2143/2829 1877/2142/2874 1848/2104/2788
f 1879/2144/2830 1878/2143/5407 1849/2105/2789
f 1880/2145/2832 1879/2144/2830 1850/2106/2790
f 1881/2146/2833 1880/2145/2832 1851/2107/2792
f 1882/2187/2881 1881/2186/2880 1852/2109/2793
f 1883/2147/2834 1882/2187/2881 1852/2109/2793
f 1884/2148/2835 1883/2147/2834 1853/2111/2794
f 1885/2149/2836 1884/2148/2835 1854/2112/2796
f 1886/2150/2837 1885/2149/2836 1855/2113/2797
f 1887/2151/2887 1886/2150/2837 1856/2114/2798
f 1888/2152/2840 1887/2151/2838 1857/2115/2799
f 1889/2194/2889 1888/2152/2840 1828/2079/2761
f 1858/2116/2801 1889/2194/5408 1828/2079/2761
f 1737/1953/2631 1890/2153/2842 1768/2118/5409
f 1893/2197/2893 1892/2155/2846 1861/2119/2804
f 1894/2157/2895 1893/2197/2893 1861/2119/2848
f 1895/2159/2850 1894/2200/2895 1862/2121/2851
f 1896/2201/2899 1895/2159/2850 1863/2123/2808
f 1897/2162/2853 1896/2160/2852 1864/2125/2809
f 1898/2163/2854 1865/2126/2810 1866/2128/2811
f 1899/2165/2901 1866/2129/2811 1867/2130/2813
f 1900/2166/2857 1867/2130/2813 1868/2131/5410
f 1901/2167/2859 1868/2131/2814 1839/2092/2776
f 1902/2168/2860 1839/2092/2776 1840/2093/2777
f 1933/2169/2862 1840/2093/2777 1869/2132/2815
f 1903/2170/2863 1870/2133/2816 1871/2134/2818
f 1904/2172/2865 1871/2135/2818 1872/2136/2820
f 1905/2173/2866 1872/2136/2820 1873/2137/2821
f 1907/2175/2869 1906/2174/2868 1873/2137/2867
f 1908/2176/2870 1907/2175/2869 1874/2138/5411
f 1909/2177/2871 1908/2217/2870 1875/2178/2825
f 1910/2179/2873 1909/2219/5412 1876/2180/2826
f 1911/2181/2875 1910/2179/2873 1877/2142/2828
f 1912/2182/2876 1911/2181/2875 1878/2143/2829
f 1913/2183/2878 1912/2182/2876 1879/2144/2830
f 1914/2184/2879 1913/2183/2878 1880/2145/5413
f 1915/2188/2882 1914/2185/2879 1882/2187/2881
f 1916/2189/2883 1915/2188/2882 1883/2147/2834
f 1917/2190/5414 1916/2189/2883 1884/2148/5415
f 1918/2191/2885 1917/2190/2884 1885/2149/2836
f 1919/2192/2926 1918/2191/2885 1886/2150/2837
f 1888/2152/2840 1919/2192/2926 1887/2151/2887
f 1921/2195/2890 1920/2193/2888 1858/2116/2801
f 1890/2153/2842 1921/2195/5416 1859/2117/2802
f 1924/2198/5417 1923/2196/2892 1893/2197/2893
f 1925/2234/2933 1924/2233/2894 1894/2200/2895
f 1926/2199/2935 1925/2234/2933 1894/2200/2895
f 1927/2202/2898 1926/4139/2935 1896/2160/2899
f 1928/2203/2900 1897/2162/2853 1898/2163/2854
f 1928/2203/2937 1898/2163/2854 1899/2164/5418
f 1929/2205/2902 1899/2165/2855 1900/2166/2857
f 1930/2206/2903 1900/2166/2857 1901/2167/2858
f 1931/2207/2905 1901/2167/2858 1902/2168/2861
f 1932/2208/2906 1902/2168/2861 1933/2169/2862
f 1933/2169/2862 1869/2132/2815 1903/2170/2864
f 1934/2209/2907 1903/2170/2864 1904/2171/2865
f 1935/2211/2908 1904/2172/2865 1905/2173/2866
f 1936/2212/2948 1905/2173/2866 1906/2174/2913
f 1938/2214/2955 1937/2213/5419 1906/2174/2868
f 1939/2215/2914 1938/2214/2912 1907/2175/2869
f 1940/2216/2957 1939/4140/2914 1908/2217/2870
f 1941/2218/2916 1940/2251/2957 1909/2219/2871
f 1942/2220/5420 1941/2218/2916 1910/2179/2873
f 1943/2221/5421 1942/2220/2917 1911/2181/2875
f 1944/2222/2919 1943/2221/5422 1912/2182/2876
f 1945/2223/2920 1944/2222/2919 1913/2183/2878
f 1946/2259/2964 1945/2258/2920 1914/2185/2879
f 1947/2224/2921 1946/2259/2964 1914/2185/2879
f 1948/2225/2922 1947/2224/2921 1915/2188/2882
f 1949/2226/2923 1948/2225/2968 1916/2189/2883
f 1950/2227/2970 1949/2226/2923 1917/2190/5414
f 1951/2228/2972 1950/2227/2924 1918/2191/2885
f 1952/2229/2927 1951/2228/2972 1919/2192/5423
f 1920/2193/2888 1952/2229/2927 1889/2194/2889
f 1954/2231/5424 1953/2230/2928 1923/2196/2892
f 1955/2266/2932 1954/2231/2930 1924/2198/5425
f 1956/2235/2934 1955/2232/2932 1925/2234/2933
f 1957/2236/5426 1956/2269/2934 1926/4139/5427
f 1957/2236/5426 1926/4139/2935 1927/2202/2898
f 1957/2236/5426 1927/2202/2898 1928/2203/2937
f 1958/2237/2939 1928/2203/2900 1929/2204/2902
f 1959/2239/2941 1929/2205/2902 1930/2206/2903
f 1960/2240/2942 1930/2206/2903 1931/2207/2905
f 1961/2241/2944 1931/2207/2905 1932/2208/2906
f 1962/2242/2945 1933/2169/2862 1934/2209/2907
f 1963/2243/5428 1934/2209/2907 1935/2210/5429
f 1964/2245/2947 1935/2211/5429 1936/2212/2948
f 1965/2246/2949 1936/2212/2948 1937/2213/2911
f 1967/2248/2993 1966/2247/2951 1937/2213/2911
f 1968/2249/2954 1967/2248/2952 1938/2214/2912
f 1969/2250/2995 1968/2249/2954 1939/2215/5430
f 1970/2252/2958 1969/2250/2995 1940/2251/2957
f 1971/2253/2998 1970/2252/2958 1941/2218/2916
f 1972/2254/3000 1971/2253/2959 1942/2220/2917
f 1973/2255/2961 1972/2254/3000 1943/2221/2918
f 1974/2256/2963 1973/2255/2961 1944/2222/2919
f 1975/2260/3004 1974/2257/2962 1946/2259/2964
f 1976/2261/2966 1975/2260/3004 1947/2224/2921
f 1977/2262/3007 1976/2261/2966 1948/2225/2922
f 1978/2263/2969 1977/2262/3007 1949/2226/2923
f 1979/2264/2971 1978/2263/2969 1950/2227/2924
f 1952/2229/2927 1979/2264/3011 1951/2228/2972
f 1920/2193/2888 1980/2298/3013 1952/2229/2927
f 1982/2265/2973 1981/2302/3018 1953/2230/2928
f 1983/2304/3020 1982/2265/2973 1955/2266/2932
f 1984/2267/3023 1983/2306/3022 1955/2232/2932
f 1985/2307/2975 1984/2267/3023 1956/2235/5431
f 1986/2309/3028 1985/2268/3025 1957/2236/5426
f 1987/2270/2977 1986/2309/3028 1957/2236/2936
f 1987/2270/2977 1957/2236/5426 1958/2237/2939
f 1987/2270/2977 1958/2237/2939 1959/2238/2940
f 1988/2271/2978 1959/2238/2941 1960/2272/2943
f 1989/2274/2979 1960/2240/2942 1961/2241/2944
f 1990/2275/2980 1961/2241/2944 1932/2208/2906
f 1991/2276/3076 1932/2208/2906 1933/2169/2862
f 1992/2277/2983 1933/2169/2862 1962/2242/2945
f 1993/2278/2985 1962/2242/2945 1963/2243/5428
f 1993/2278/2985 1963/2243/5428 1964/2244/2947
f 1994/2280/2987 1964/2245/2947 1965/2246/2949
f 1995/2281/2988 1965/2246/2949 1966/2247/2951
f 1996/2282/2989 1966/2247/2951 1967/2248/2952
f 1998/2284/3041 1997/2283/3040 1967/2248/2993
f 1999/2285/5432 1998/2284/3041 1968/2249/2954
f 2000/2286/2996 1999/2285/2994 1969/2250/2956
f 2001/2287/2997 2000/2286/2996 1970/2252/2958
f 2002/2288/2999 2001/2287/5433 1971/2253/2959
f 2003/2289/3001 2002/2288/2999 1972/2254/2960
f 2004/2290/3051 2003/2289/3001 1973/2255/2961
f 2005/2329/3053 2004/2290/3051 1974/2256/2963
f 2006/2291/3003 2005/2331/3053 1974/2257/2963
f 2007/2292/3005 2006/2291/3003 1975/2260/3004
f 2008/2293/3058 2007/2292/3005 1976/2261/5434
f 2009/2294/3008 2008/2293/3058 1977/2262/3007
f 2010/2295/5435 2009/2294/3008 1978/2263/2969
f 2011/2296/3010 2010/2295/3009 1979/2264/5436
f 1980/2298/3013 2011/2296/3010 1952/2229/2927
f 2013/2407/3146 2012/2297/3012 1921/2195/2890
f 2014/2299/3063 2013/2407/3148 1921/2195/2890
f 1737/1953/2631 2014/2299/3014 1890/2153/2842
f 2017/2301/3017 2016/2339/3065 1981/2302/3018
f 2018/2303/3019 2017/2301/3017 1982/2265/2973
f 2019/2305/3021 2018/2341/3019 1983/2306/3022
f 2020/2308/3026 2019/4141/3024 1985/2268/2975
f 2021/2310/5437 2020/2308/3026 1986/2309/3028
f 2021/2310/3029 1987/2270/2977 1988/2271/2978
f 2022/2311/3070 1988/2271/2978 1989/2273/2979
f 2023/2313/3032 1989/2274/2979 1990/2275/2980
f 2024/2314/3033 1990/2275/2980 1991/2276/2982
f 2025/2315/3034 1992/2277/2983 1993/2278/2985
f 2026/2316/3035 1993/2278/2986 1994/2279/5438
f 2027/2318/3036 1994/2280/2987 1995/2281/2988
f 2028/2319/3037 1995/2281/2988 1996/2282/2989
f 2030/2356/3085 2029/2320/3038 1996/2282/2989
f 2030/2356/3085 1996/2282/2989 1997/2283/3040
f 2031/2321/3039 2030/2356/5439 1997/2283/5440
f 2032/2322/3042 2031/2321/3039 1998/2284/3041
f 2033/2323/3044 2032/2322/3042 1999/2285/2994
f 2034/2324/3090 2033/2323/3044 2000/2286/5441
f 2035/2325/3092 2034/2324/3046 2001/2287/5442
f 2036/2326/3049 2035/2325/5443 2002/2288/2999
f 2037/2327/3050 2036/2326/3049 2003/2289/3001
f 2038/2328/3052 2037/2327/5444 2004/2290/3051
f 2039/2330/3054 2038/2365/3052 2005/2331/3053
f 2040/2332/3056 2039/2330/3054 2006/2291/3003
f 2041/2333/3057 2040/2332/5445 2007/2292/3005
f 2042/2334/3101 2041/2333/3057 2008/2293/3006
f 2043/2335/5446 2042/2334/3059 2009/2294/3008
f 2011/2296/3010 2043/2335/3060 2010/2295/5435
f 2012/2297/3012 2044/2336/3061 1980/2298/3013
f 2015/2300/3151 2045/2337/3150 1737/1953/2631
f 2047/2338/3064 2046/2371/5447 2016/2339/3065
f 2048/2374/3105 2047/2373/3064 2018/2341/3019
f 2049/2340/3066 2048/2374/5448 2018/2341/3019
f 2050/2342/3067 2049/2377/3066 2019/4141/3024
f 2050/2342/3067 2019/4141/3021 2020/2308/3026
f 2050/2342/3067 2020/2308/3026 2021/2310/3029
f 2051/2343/3068 2021/2310/3029 2022/2311/3070
f 2052/2344/3071 2022/2311/3031 2023/2312/3032
f 2053/2346/3111 2023/2313/5449 2024/2314/3033
f 2054/2347/3075 2024/2314/3033 1991/2276/3076
f 2055/2348/3077 1991/2276/3076 1992/2277/2983
f 2084/2349/3115 1992/2277/2983 2025/2315/3034
f 2056/2350/3080 2026/2316/3035 2027/2317/3036
f 2057/2352/3081 2027/2318/3036 2028/2319/3037
f 2058/2353/5450 2028/2319/3037 2029/2320/3038
f 2059/2354/3083 2029/2320/3038 2030/2356/3085
f 2060/2355/3084 2059/2354/3083 2030/2356/3085
f 2061/2391/3123 2060/2355/3084 2031/2321/3039
f 2062/2357/3086 2061/2391/3123 2031/2321/3039
f 2063/2358/3088 2062/2357/3086 2032/2322/3042
f 2064/2359/3089 2063/2358/3088 2033/2323/3044
f 2065/2360/3091 2064/2359/3089 2034/2324/3046
f 2066/2361/3093 2065/2360/3091 2035/2325/3092
f 2067/2362/3094 2066/2361/3093 2036/2326/3049
f 2068/2363/3095 2067/2362/3094 2037/2327/3050
f 2069/2364/3096 2068/2400/3095 2038/2365/3052
f 2070/2366/3097 2069/2364/3096 2039/2330/5451
f 2071/2367/3098 2070/2366/3097 2040/2332/3056
f 2072/2368/3141 2071/2367/3098 2041/2333/3057
f 2073/2369/3100 2072/2368/3141 2042/2334/3101
f 2044/2336/3061 2073/2369/3100 2043/2335/3060
f 2075/2370/3102 2074/2411/3153 2046/2371/3103
f 2076/2413/5452 2075/2370/3102 2047/2338/3064
f 2077/2375/3106 2076/2372/5452 2048/2374/3105
f 2078/2376/3107 2077/2416/3106 2049/2377/3066
f 2078/2376/3107 2050/2342/3067 2051/2343/3069
f 2079/2378/3108 2051/2343/3068 2052/2344/3071
f 2080/2379/3110 2052/2344/3071 2053/2345/3073
f 2081/2381/3112 2053/2346/3111 2054/2347/3075
f 2082/2382/3164 2054/2347/3075 2055/2348/3077
f 2083/2383/5453 2055/2348/3077 2084/2349/3115
f 2084/2349/3079 2025/2315/3034 2056/2350/3080
f 2085/2384/3116 2056/2350/3080 2057/2351/3081
f 2086/2386/3118 2057/2352/3081 2058/2353/3082
f 2087/2387/3119 2058/2353/5450 2059/2354/3083
f 2089/2389/3121 2088/2388/3120 2059/2354/3083
f 2090/2390/3179 2089/2389/5454 2060/2355/3084
f 2091/2392/3124 2090/2390/3179 2061/2391/3123
f 2091/2392/3124 2062/2357/3086 2063/2358/3088
f 2093/2394/3128 2092/2393/3181 2063/2358/3088
f 2094/2395/3129 2093/2394/3128 2064/2359/3089
f 2095/2396/3130 2094/2395/3129 2065/2360/3091
f 2096/2397/3131 2095/2396/3130 2066/2361/3093
f 2097/2398/5455 2096/2397/3131 2067/2362/3094
f 2098/2399/3134 2097/2439/5455 2068/2400/3095
f 2099/2401/3137 2098/2399/3134 2069/2364/5456
f 2100/2402/3139 2099/2401/3137 2070/2366/3097
f 2101/2403/5457 2100/2402/3139 2071/2367/3098
f 2102/2404/3195 2101/2403/3140 2072/2368/3143
f 2103/2405/3144 2102/2404/3195 2073/2369/3100
f 2104/2479/3241 2103/2405/3239 2044/2336/3061
f 2105/2406/3145 2104/2479/3241 2044/2336/5458
f 2106/2408/3147 2105/2406/3145 2013/2407/3146
f 2109/2410/3152 2108/2446/3200 2074/2411/5459
f 2110/2412/3154 2109/2410/3152 2075/2370/3102
f 2111/2414/3155 2110/2449/3154 2076/2372/5452
f 2112/2450/3203 2111/2414/3155 2077/2375/3156
f 2113/2417/5460 2112/2415/3157 2078/2376/3107
f 2114/2418/3161 2079/2378/3109 2080/2379/5461
f 2115/2419/3162 2080/2379/3110 2081/2380/3112
f 2116/2421/5462 2081/2381/3112 2082/2382/3113
f 2117/2422/3165 2082/2382/3113 2083/2383/3114
f 2118/2423/3166 2084/2349/3115 2085/2384/3116
f 2119/2424/3167 2085/2384/3117 2086/2385/3118
f 2120/2426/3171 2086/2386/3118 2087/2387/3119
f 2121/2427/5463 2087/2387/3119 2088/2388/3120
f 2123/2429/5464 2122/2428/3174 2088/2388/3120
f 2124/2430/3176 2123/2429/3220 2089/2389/5454
f 2125/2431/5465 2124/2430/3176 2090/2390/3179
f 2126/2432/3180 2125/2431/3178 2091/2392/3124
f 2127/2433/3182 2126/2432/3180 2092/2393/3127
f 2128/2434/3183 2127/2433/3182 2093/2394/3128
f 2129/2435/3184 2128/2434/3183 2094/2395/3129
f 2130/2436/3185 2129/2435/5466 2095/2396/3130
f 2131/2437/3186 2130/2436/3185 2096/2397/3131
f 2132/2438/5467 2131/2473/3186 2097/2439/3133
f 2133/2440/3231 2132/2438/3188 2098/2399/3191
f 2134/2441/3192 2133/2440/3233 2099/2401/3137
f 2135/2442/3193 2134/2441/3192 2100/2402/5468
f 2136/2443/3194 2135/2442/3193 2101/2403/3140
f 2103/2405/3239 2136/2443/3238 2102/2404/3195
f 2045/2337/3062 2166/2444/3196 2014/2299/3063
f 2139/2482/3244 2138/2447/3199 2110/2412/3154
f 2140/2448/3201 2139/2484/5469 2110/2449/3154
f 2141/2451/3202 2140/4142/5470 2112/2415/3157
f 2142/2452/3204 2113/2417/3159 2114/2418/3161
f 2142/2452/3204 2114/2418/3161 2115/2419/3162
f 2143/2453/3205 2115/2419/3162 2116/2420/3163
f 2144/2455/3207 2116/2421/3163 2117/2422/3208
f 2145/2456/3209 2117/2422/3165 2083/2383/5453
f 2146/2457/3210 2083/2383/5453 2084/2349/3115
f 2178/2458/3212 2084/2349/3115 2118/2423/3166
f 2147/2459/3213 2119/2424/3167 2120/2425/3170
f 2148/2461/3214 2120/2426/3171 2121/2427/3173
f 2149/2462/5471 2121/2427/3173 2122/2428/3174
f 2151/2464/3218 2150/2463/3217 2122/2428/3174
f 2152/2465/3219 2151/2464/3218 2123/2429/5464
f 2153/2466/3264 2152/2465/3219 2124/2430/3176
f 2154/2467/3223 2153/2466/3266 2125/2431/3178
f 2155/2468/3224 2154/2467/5472 2126/2432/3180
f 2156/2469/3225 2155/2468/3224 2127/2433/3182
f 2157/2470/3226 2156/2469/3225 2128/2434/3183
f 2158/2471/3227 2157/2470/3226 2129/2435/3184
f 2159/2472/3229 2158/2507/3227 2131/2473/3186
f 2160/2474/3230 2159/2472/5473 2132/2438/3188
f 2161/2475/3232 2160/2474/5474 2133/2440/3231
f 2162/2476/3234 2161/2475/3232 2134/2441/3192
f 2163/2477/3280 2162/2476/3234 2135/2442/3236
f 2164/2478/3237 2163/2477/5475 2136/2443/3194
f 2165/2480/3242 2164/2478/5476 2104/2479/3241
f 2166/2444/3196 2165/2480/3242 2105/2406/3145
f 2167/2515/3284 2137/2445/3197 2138/2447/3199
f 2168/2516/3285 2167/2515/3284 2138/2447/3199
f 2169/2481/5477 2168/2516/3285 2138/2447/3199
f 2170/2483/3245 2169/2518/5477 2139/2484/3244
f 2170/2485/3245 2140/4142/3201 2141/2451/3202
f 2171/2486/3247 2141/2451/3202 2142/2452/3204
f 2172/2487/5478 2171/2486/3247 2142/2452/3204
f 2173/2488/3249 2142/2452/3204 2143/2453/3205
f 2174/2489/3251 2143/2453/3205 2144/2454/3206
f 2175/2491/3252 2144/2455/3207 2145/2456/3209
f 2176/2492/5479 2145/2456/3209 2146/2457/3211
f 2177/2493/3255 2146/2457/3211 2178/2458/3212
f 2178/2458/3212 2118/2423/3166 2147/2459/5480
f 2179/2494/3297 2147/2459/3213 2148/2460/3214
f 2180/2496/3259 2148/2461/3214 2149/2462/5471
f 2181/2497/3260 2149/2462/5471 2150/2463/3217
f 2182/2498/3261 2181/2497/3260 2150/2463/3217
f 2183/2499/3262 2182/2498/3261 2151/2464/3218
f 2184/2500/3263 2183/2499/3262 2152/2465/3219
f 2185/2501/3265 2184/2500/3263 2153/2466/3266
f 2186/2502/3267 2185/2501/3265 2154/2467/3223
f 2187/2503/3268 2186/2502/3267 2155/2468/3224
f 2188/2504/3269 2187/2503/3268 2156/2469/3225
f 2189/2505/3270 2188/2504/3269 2157/2470/3226
f 2190/2541/5481 2189/2505/3270 2158/2471/3227
f 2191/2506/3271 2190/2543/5481 2158/2507/3227
f 2192/2508/3273 2191/2506/3271 2159/2472/3229
f 2193/2509/3274 2192/2508/3273 2160/2474/5482
f 2194/2510/5483 2193/2509/3274 2161/2475/3232
f 2195/2511/3277 2194/2510/5483 2162/2476/3278
f 2196/2512/5484 2195/2511/3277 2163/2477/5475
f 2197/2580/3360 2196/2512/3279 2164/2478/3237
f 2198/2513/3281 2197/2580/3360 2164/2478/5476
f 2166/2444/3196 2198/2513/5485 2165/2480/3242
f 2200/2514/3283 2199/2549/5486 2167/2515/3284
f 2200/2514/3283 2168/2516/3285 2169/2481/3243
f 2201/2552/3325 2200/4143/3283 2169/2518/3243
f 2202/2517/3287 2201/2552/3325 2169/2518/3243
f 2204/2554/3327 2203/2520/3288 2171/2486/5487
f 2204/2554/3327 2171/2486/3247 2172/2487/5478
f 2205/2521/3290 2204/2554/3327 2172/2487/5478
f 2205/2521/3290 2172/2487/5478 2173/2488/3249
f 2206/2522/3292 2173/2488/3249 2174/2489/3251
f 2207/2524/3293 2174/2490/3251 2175/2491/3252
f 2208/2525/3294 2175/2491/3252 2176/2492/3254
f 2209/2526/3295 2176/2492/5488 2177/2493/3255
f 2210/2527/3296 2178/2458/3212 2179/2494/3297
f 2211/2528/3299 2179/2494/3257 2180/2495/3259
f 2213/2531/5489 2180/2496/3258 2181/2497/3260
f 2215/2533/3303 2214/2532/5490 2181/2497/3260
f 2216/2569/3344 2215/2533/3303 2183/2499/3262
f 2217/2534/3304 2216/2569/3344 2183/2499/3262
f 2218/2535/3305 2217/2534/3304 2184/2500/3263
f 2219/2536/3306 2218/2535/3305 2185/2501/3265
f 2220/2537/3307 2219/2536/3306 2186/2502/3267
f 2221/2538/5491 2220/2537/3307 2187/2503/3268
f 2222/2539/3309 2221/2538/3350 2188/2504/3269
f 2223/2540/3310 2222/2539/3309 2189/2505/3270
f 2224/2542/3312 2223/2574/3310 2190/2543/5481
f 2225/2544/3314 2224/2542/3312 2191/2506/3271
f 2226/2545/3315 2225/2544/3314 2192/2508/5492
f 2227/2546/3357 2226/2545/3315 2193/2509/3274
f 2228/2547/3318 2227/2546/3357 2194/2510/3317
f 2196/2512/3279 2228/2547/3318 2195/2511/3277
f 2045/2337/3062 2229/2548/3402 2166/2444/3196
f 2232/2586/3369 2231/2550/3366 2200/2514/3283
f 2232/4144/3369 2200/4143/3283 2201/2552/3325
f 2233/2551/3324 2232/4144/3369 2201/2552/3325
f 2234/2553/3326 2233/4145/5493 2203/2520/3288
f 2234/2553/3326 2203/2520/3288 2204/2554/3327
f 2235/2555/3328 2204/2554/3327 2205/2521/3290
f 2237/2557/3331 2206/2522/3292 2207/2523/3293
f 2238/2559/3332 2207/2524/3293 2208/2525/3294
f 2239/2560/3333 2209/2526/3295 2177/2493/3255
f 2240/2561/3334 2239/2560/3333 2177/2493/3255
f 2240/2561/5494 2178/2458/3212 2210/2527/3296
f 2242/2564/3337 2212/2530/3300 2213/2531/3338
f 2243/2565/3339 2213/2531/3338 2214/2532/3302
f 2243/2565/3339 2214/2532/3302 2215/2533/3303
f 2245/2567/5495 2215/2533/3303 2216/2569/3344
f 2246/2568/5496 2245/2567/5497 2216/2569/3344
f 2218/2535/3305 2247/2570/3347 2246/2568/3346
f 2247/2570/3347 2218/2535/3305 2219/2536/3306
f 2249/2605/3389 2248/2571/3387 2220/2537/3307
f 2249/2605/5498 2220/2537/3307 2221/2538/5491
f 2250/4146/5499 2249/2605/3389 2221/2538/3350
f 2251/2572/5500 2250/4146/5499 2221/2538/3308
f 2252/2573/3351 2251/4147/5501 2223/2574/3310
f 2253/2575/3352 2252/2573/3351 2224/2542/3312
f 2254/2576/3354 2253/2575/5502 2225/2544/3314
f 2255/2577/5503 2254/2576/3354 2226/2545/3315
f 2256/2578/5504 2255/2577/5503 2227/2546/3316
f 2257/2579/3359 2256/2578/5504 2228/2547/3318
f 2258/2581/3361 2257/2579/3359 2197/2580/3360
f 2229/2548/3402 2258/2581/3361 2198/2513/3281
f 2260/2583/5505 2230/639/3321 2231/2550/3366
f 2262/2585/3368 2261/2584/3367 2231/2550/3366
f 2262/2587/3368 2232/4144/3369 2233/2551/3324
f 2263/2589/3370 2233/4145/3324 2234/2553/3326
f 2264/2590/3371 2234/2553/3326 2235/2555/3328
f 2266/2592/3373 2265/2591/3372 2235/2555/3328
f 2267/2593/3374 2266/2592/3373 2236/2556/3330
f 2268/4148/3375 2267/2593/3374 2237/2557/3331
f 2269/2595/3376 2268/2594/3375 2238/2559/5506
f 2270/2664/5507 2269/2595/3376 2239/2560/3333
f 2240/2561/5494 2270/2664/3456 2239/2560/3333
f 2271/2596/3377 2240/2561/5494 2210/2527/3296
f 2272/2597/3378 2271/2596/3377 2241/2562/3335
f 2273/2598/3379 2272/2632/3378 2242/2564/3337
f 2274/2634/3420 2273/2598/3419 2243/2565/3339
f 2275/2599/3380 2274/2634/3420 2243/2565/3340
f 2275/2599/3380 2243/2565/3339 2244/2566/3341
f 2276/2600/3381 2245/2567/3342 2246/2568/3346
f 2277/2601/3384 2246/2568/3346 2247/2570/3347
f 2278/2602/3385 2247/2570/3347 2248/2571/3387
f 2280/2604/3388 2248/2571/3387 2249/2605/3389
f 2281/2606/3390 2249/2605/3389 2250/4146/5499
f 2281/2606/3390 2250/4146/5499 2251/2572/3349
f 2283/2609/3392 2251/4147/3349 2252/2573/3351
f 2284/2610/3393 2252/2573/3351 2253/2575/3352
f 2285/2611/3435 2253/2575/3352 2254/2576/3354
f 2286/2612/3395 2254/2576/3354 2255/2577/5503
f 2287/2613/3396 2255/2577/3356 2256/2578/5504
f 2288/2614/3397 2256/2578/5504 2257/2579/3359
f 2290/2616/3443 2257/2579/3398 2258/2581/3361
f 2291/2617/3403 2229/2548/3402 2045/2337/3150
f 2292/2618/3404 2045/2337/3062 2259/2582/3573
f 2293/2619/3405 2260/2583/5505 2261/2584/3367
f 2294/2620/3406 2261/2584/3367 2262/2585/3368
f 2295/2622/3407 2262/2587/3368 2263/2588/3370
f 2297/2658/3449 2296/2657/3408 2263/2589/3370
f 2297/2658/5508 2263/2589/3370 2264/2590/3371
f 2297/2658/5508 2264/2590/5509 2265/2591/3372
f 2298/2624/3409 2297/2658/5508 2265/2591/3372
f 2299/2625/3410 2298/2624/3409 2266/2592/3373
f 2300/2626/3412 2299/2661/3410 2267/2627/3411
f 2301/2628/3455 2300/2626/3412 2268/2594/3375
f 2270/2664/3456 2301/2628/5510 2269/2595/3376
f 2303/2629/3414 2302/2667/3460 2240/2561/3334
f 2304/2630/3416 2303/2629/5511 2271/2596/3377
f 2305/2633/3418 2304/2631/3416 2273/2598/3379
f 2306/2635/3421 2274/2634/3420 2275/2599/3380
f 2307/2636/3422 2275/2599/3380 2276/2600/3381
f 2308/2637/3424 2276/2600/3423 2277/2601/3384
f 2310/2639/3427 2309/2638/3426 2277/2601/3383
f 2310/2639/3427 2278/2602/3385 2279/2603/3386
f 2311/2640/3428 2279/2603/3386 2280/2604/3388
f 2312/2641/3429 2280/2604/3388 2281/2606/3390
f 2313/2642/3430 2281/2606/3390 2282/2607/3391
f 2314/2644/3432 2282/4149/3391 2283/2609/3392
f 2315/2645/5512 2283/2609/3392 2284/2610/3393
f 2316/2646/3434 2284/2610/3393 2285/2611/3435
f 2317/2647/3436 2285/2611/3435 2286/2612/3395
f 2318/2648/3437 2286/2612/3395 2287/2613/3396
f 2319/2649/3440 2287/2613/3396 2288/2614/3397
f 2320/2650/5513 2288/2614/3441 2289/2615/3400
f 2321/2651/3487 2258/2581/3361 2291/2617/3403
f 2323/2652/3446 2293/2619/3405 2294/2620/3406
f 2324/2654/3447 2294/2621/3406 2295/2622/3407
f 2324/2654/3447 2295/2622/5514 2296/2623/3408
f 2326/2697/3495 2325/2656/3493 2297/2658/5508
f 2326/2697/3495 2297/2658/5508 2298/2624/3451
f 2327/2699/3497 2326/2697/3495 2298/2624/3409
f 2328/2659/3450 2327/2699/3497 2298/2624/3451
f 2329/2660/3452 2328/2703/3450 2299/2661/3410
f 2330/2662/3453 2329/2660/5515 2300/2626/3412
f 2331/2663/3454 2330/2662/3453 2301/2628/3413
f 2332/2665/3457 2331/2663/5516 2270/2664/5507
f 2302/2667/3503 2332/2665/3457 2240/2561/5517
f 2334/2668/5518 2333/2666/3504 2303/2629/3414
f 2335/2669/3509 2334/2708/5518 2304/2631/3416
f 2336/2670/3464 2335/2669/3507 2305/2633/3418
f 2337/2671/3465 2336/2670/3464 2306/2635/3421
f 2337/2671/3465 2307/2636/3422 2308/2637/3424
f 2338/2673/3468 2308/4150/3424 2309/2674/5519
f 2339/2676/5520 2309/2638/3426 2310/2639/3427
f 2340/2677/3471 2310/2639/3427 2311/2640/3428
f 2341/2678/3474 2311/2640/3473 2312/2641/3429
f 2342/2679/3475 2312/2641/3429 2313/2642/3430
f 2343/2680/3476 2313/2642/3430 2314/2643/3432
f 2344/2682/3477 2314/2644/3432 2315/2645/5512
f 2345/2683/3478 2315/2645/5512 2316/2646/3434
f 2346/2684/3479 2316/2646/3434 2317/2647/3436
f 2347/2685/3480 2317/2647/3436 2318/2648/3437
f 2348/2686/3481 2318/2648/3437 2319/2649/3439
f 2349/2687/3483 2319/2649/3439 2320/2650/5513
f 2350/2688/5521 2320/2650/3442 2289/2615/3399
f 2351/2689/3485 2289/2615/3400 2290/2616/3443
f 2352/2690/5522 2290/2616/3443 2321/2651/3444
f 2353/2727/3528 2322/646/5523 2323/2652/3446
f 2354/2729/3489 2353/2727/3528 2323/2652/3446
f 2354/2692/3489 2323/2653/3446 2324/2654/3447
f 2355/2693/3490 2324/2654/3447 2325/2655/3493
f 2357/2696/3534 2325/2656/3493 2326/2697/3495
f 2360/2701/3499 2359/2700/5524 2327/2699/3497
f 2361/2702/3500 2360/2738/3499 2328/2703/3450
f 2362/2704/3501 2361/2702/5525 2329/2660/5515
f 2331/2663/5516 2362/2704/3501 2330/2662/3453
f 2363/2705/3544 2332/2665/3457 2302/2667/3503
f 2364/2706/3505 2363/2705/5526 2333/2666/3504
f 2365/2707/5527 2364/2744/3505 2334/2708/5518
f 2366/2709/3548 2365/2707/3506 2335/2669/3462
f 2367/2710/3510 2366/2709/3548 2336/2670/3464
f 2367/2710/3510 2337/2671/3465 2338/2672/5528
f 2368/2712/3511 2338/2673/3468 2339/2675/3470
f 2370/2714/3514 2369/4151/5529 2339/2676/5520
f 2370/2714/3514 2340/2677/3471 2341/2678/3474
f 2371/2715/3515 2341/2678/3474 2342/2679/3475
f 2372/2716/3516 2342/2679/3475 2343/2680/3476
f 2373/2717/3517 2343/2680/3476 2344/2681/3477
f 2374/2719/3518 2344/2682/3477 2345/2683/3478
f 2374/2719/3518 2345/2683/3478 2346/2684/3479
f 2375/2720/3519 2346/2684/3479 2347/2685/3480
f 2376/2721/3520 2347/2685/3480 2348/2686/3481
f 2377/2722/3521 2348/2686/3481 2349/2687/3482
f 2378/2723/5530 2349/2687/3482 2350/2688/3484
f 2379/2724/3524 2350/2688/5521 2351/2689/3485
f 2380/2725/3525 2352/2690/3486 2321/2651/3444
f 2381/2726/5531 2321/2651/3444 2412/2691/3488
f 2383/2730/3529 2354/2692/5532 2355/2693/3490
f 2384/2731/3532 2355/2693/3530 2356/2694/3492
f 2385/2732/3533 2356/2694/3492 2357/2695/3494
f 2386/2734/3536 2357/2696/3494 2358/2698/5533
f 2387/2735/3537 2358/2698/3496 2359/2700/3498
f 2388/2736/3538 2387/2735/3537 2359/2700/3498
f 2389/4152/3583 2388/2736/3538 2360/2701/3499
f 2390/2737/3584 2389/2776/3583 2360/2738/3499
f 2391/2739/3540 2390/2737/3539 2361/2702/5525
f 2392/2740/3541 2391/2739/3540 2362/2704/3501
f 2332/2665/3457 2392/2740/3541 2331/2663/3454
f 2394/2742/3589 2393/2741/3542 2363/2705/3544
f 2395/2745/3590 2394/2743/3545 2365/2707/3506
f 2396/2746/3549 2366/2709/3547 2367/2710/3510
f 2397/2747/3550 2367/2710/3510 2368/2711/3511
f 2398/2749/3552 2368/2712/3511 2369/2713/5529
f 2399/2751/3554 2369/4151/5529 2370/2714/3514
f 2400/2752/5534 2370/2714/3514 2371/2715/3515
f 2401/2753/3557 2371/2715/3515 2372/2716/3516
f 2402/2754/3558 2372/2716/3516 2373/2717/3517
f 2403/2755/3560 2373/2717/3559 2374/2718/3518
f 2404/2757/3561 2374/2719/3518 2375/2720/3519
f 2405/2758/3563 2375/2720/3519 2376/2721/3520
f 2406/2759/3564 2376/2721/5535 2377/2722/3521
f 2407/2760/3565 2377/2722/3521 2378/2723/3522
f 2408/2761/3566 2378/2723/3522 2379/2724/5536
f 2409/2762/3567 2379/2724/3524 2351/2689/3485
f 2410/2763/3568 2351/2689/3485 2380/2725/3569
f 2411/2764/3570 2381/2726/3526 2412/2691/3488
f 2412/2691/3488 2291/2617/3403 2292/2618/3404
f 2414/2767/3575 2382/652/5537 2383/2728/3529
f 2415/2769/3576 2383/2730/3529 2384/2731/3531
f 2416/2770/5538 2384/2731/3531 2385/2732/3533
f 2417/4153/3578 2385/2733/3533 2386/2734/3536
f 2418/2772/3579 2417/4153/3578 2386/2734/3535
f 2418/2772/3616 2386/2734/3535 2387/2735/3537
f 2419/2773/3580 2387/2735/3537 2388/2736/3538
f 2420/2774/3581 2388/2736/3538 2389/4152/5539
f 2421/2775/3582 2420/2807/3581 2389/2776/5539
f 2422/2777/3585 2421/2775/3582 2390/2737/3539
f 2392/2740/3541 2422/2777/3585 2391/2739/3540
f 2424/2778/3586 2423/2812/3627 2332/2665/3457
f 2425/2779/3587 2424/2778/3586 2393/2741/3542
f 2426/2815/3630 2425/2779/3587 2394/2742/3545
f 2427/2817/5540 2426/2780/3630 2395/2745/3546
f 2427/2817/3633 2395/2745/3546 2396/2746/3549
f 2428/2781/3591 2427/2817/5540 2396/2746/5541
f 2428/2781/3591 2397/2747/3550 2398/2748/3552
f 2429/2783/3593 2398/2749/3552 2399/2750/3554
f 2431/2785/3596 2430/4154/3594 2399/2751/3554
f 2431/2785/3596 2400/2752/3555 2401/2753/3557
f 2432/2786/3597 2401/2753/5542 2402/2754/3558
f 2433/2787/3598 2402/2754/3558 2403/2755/3560
f 2434/2788/3600 2403/2755/3560 2404/2756/3561
f 2436/2791/3602 2404/2757/3561 2405/2758/3603
f 2437/2792/3604 2405/2758/3562 2406/2759/3564
f 2438/2793/3606 2406/2759/3564 2407/2760/3565
f 2439/2794/5543 2407/2760/3565 2408/2761/3566
f 2440/2795/3608 2408/2761/3566 2409/2762/3567
f 2441/2796/3609 2409/2762/3567 2410/2763/3568
f 2442/2797/3610 2380/2725/3569 2411/2764/3570
f 2444/656/3611 2414/2767/3575 2415/2768/3576
f 2446/2800/3613 2415/2769/3576 2416/2770/3577
f 2446/2800/3613 2416/2770/3577 2417/2771/3578
f 2448/2803/3660 2417/4153/3578 2418/2772/3616
f 2450/2805/3619 2418/2772/3579 2419/2773/3580
f 2451/4155/5544 2450/2805/3619 2420/2774/3581
f 2452/2806/3621 2451/2852/3665 2420/2807/3581
f 2453/2808/3623 2452/2806/3621 2421/2775/3622
f 2454/2809/3624 2453/2808/3623 2422/2777/3585
f 2455/2810/3625 2454/2809/3624 2392/2740/3541
f 2423/2812/3627 2455/2810/3625 2332/2665/3457
f 2457/2813/3628 2456/2811/3670 2424/2778/3586
f 2458/2814/3629 2457/2813/3628 2425/2779/3587
f 2459/2816/3631 2458/4156/3629 2426/2780/3632
f 2460/2818/3634 2459/2816/3631 2427/2817/5540
f 2460/2818/3634 2428/2781/3591 2429/2782/3592
f 2461/2820/3636 2429/2783/3592 2430/2784/3594
f 2462/2822/3637 2430/4154/3594 2431/2785/3595
f 2463/2823/3639 2431/2785/3595 2432/2786/3597
f 2464/2824/5545 2432/2786/3597 2433/2787/3599
f 2465/2825/3641 2433/2787/3599 2434/2788/3600
f 2466/2826/3642 2434/2788/3600 2435/2789/3601
f 2467/2828/3643 2435/2790/3601 2436/2791/3602
f 2468/2829/3644 2436/2791/3602 2437/2792/3605
f 2469/2830/3645 2437/2792/3605 2438/2793/3606
f 2470/2831/3646 2438/2793/5546 2439/2794/5543
f 2471/2832/3647 2439/2794/5543 2440/2795/3608
f 2472/2833/3648 2440/2795/3608 2441/2796/3609
f 2473/2834/3649 2441/2796/3609 2410/2763/3568
f 2474/2835/3650 2410/2763/3568 2442/2797/3610
f 2475/2836/3651 2411/2764/3570 2443/2765/5547
f 2476/2837/3652 2412/2691/3488 2292/2618/5548
f 2477/2838/5549 2444/661/3611 2445/2839/5550
f 2478/2841/3655 2445/2799/3612 2446/2800/3613
f 2479/2842/3656 2446/2800/3613 2447/2801/3614
f 2480/2843/3659 2447/2801/3614 2448/2802/3660
f 2481/2845/5551 2448/4157/3660 2449/2846/3617
f 2483/2893/3702 2482/2847/3662 2450/2848/3620
f 2484/2849/3664 2483/2893/3702 2450/2848/3619
f 2485/2851/3666 2484/2896/3664 2451/2852/3665
f 2486/2853/3667 2485/2851/3666 2452/2806/3621
f 2454/2809/3624 2486/2853/3667 2453/2808/3623
f 2487/2854/5552 2455/2810/3625 2423/2812/5553
f 2488/2855/5554 2487/2854/5555 2456/2811/3670
f 2489/2856/3671 2488/2855/3669 2457/2813/3628
f 2490/2857/3672 2489/2903/3671 2458/2858/3629
f 2490/2857/3673 2459/2859/3631 2460/2860/3634
f 2491/2861/3711 2460/2860/3634 2461/2862/3636
f 2492/2864/3676 2461/2820/3635 2462/2821/3637
f 2494/2866/3678 2493/2909/3677 2462/2867/3638
f 2494/2866/3678 2463/2868/3639 2464/2869/3640
f 2495/2870/3679 2464/2869/5545 2465/2871/3641
f 2496/2872/3680 2465/2871/3641 2466/2873/3642
f 2497/2875/3681 2466/4158/3642 2467/2828/3643
f 2498/2876/3682 2467/2828/5556 2468/2829/3644
f 2499/2877/3683 2468/2829/3644 2469/2830/3645
f 2500/2878/3684 2469/2830/3645 2470/2831/3646
f 2501/2879/3685 2470/2831/3646 2471/2832/3647
f 2502/2880/3686 2471/2832/3647 2472/2833/3648
f 2503/2881/3687 2472/2833/3648 2473/2834/3649
f 2504/2882/3688 2473/2834/5557 2474/2835/3650
f 2505/2883/3689 2442/2797/3610 2475/2836/3651
f 2507/2885/3692 2477/2838/5549 2478/2840/3655
f 2508/2887/3695 2478/2841/3655 2479/2842/3656
f 2509/2888/3697 2479/2842/3696 2480/2843/3659
f 2510/2889/3698 2480/2843/3659 2481/2844/5558
f 2511/2891/3700 2481/2845/3661 2482/2847/3662
f 2513/2894/3703 2512/2892/3701 2483/2893/3702
f 2514/2895/5559 2513/2936/3703 2484/2896/3664
f 2515/2897/5560 2514/2895/3704 2485/2851/3666
f 2516/2898/3791 2515/2897/3705 2486/2853/3667
f 2455/2810/3625 2516/2898/3706 2454/2809/3624
f 2518/2900/3708 2517/2899/3707 2487/2854/3668
f 2519/2901/3751 2518/2900/3708 2488/2855/5554
f 2520/2902/3710 2519/2942/3709 2489/2903/5561
f 2520/2902/3710 2490/2857/3672 2491/2861/3674
f 2521/2904/3712 2491/2861/3711 2492/2863/3675
f 2522/2906/3713 2492/2864/3676 2493/2865/3677
f 2494/2866/3678 2524/2910/3716 2523/2908/3714
f 2524/2910/3716 2494/2866/3678 2495/2870/3679
f 2525/2911/3760 2495/2870/3679 2496/2872/5562
f 2526/2912/3719 2496/2872/3680 2497/2874/3681
f 2527/2913/3721 2497/2874/3681 2498/2914/3682
f 2528/2916/3723 2498/2876/3682 2499/2877/3724
f 2529/2917/3725 2499/2877/3683 2500/2878/3684
f 2530/2918/3727 2500/2878/3684 2501/2879/3685
f 2531/2919/3728 2501/2879/3685 2502/2880/3686
f 2532/2920/3729 2502/2880/3686 2503/2881/3687
f 2533/2921/3730 2503/2881/3687 2504/2882/3688
f 2534/2922/3732 2504/2882/3688 2474/2835/3650
f 2535/2923/3733 2474/2835/3650 2505/2883/3689
f 2536/2924/3734 2475/2836/3651 2476/2837/3652
f 2538/2927/3737 2507/2885/3692 2508/2886/3695
f 2538/2928/3737 2508/2887/3695 2509/2888/3697
f 2539/2929/3738 2509/2888/3697 2510/2889/3739
f 2541/2931/3742 2510/2889/3698 2511/2890/3700
f 2542/1277/3743 2511/2891/3700 2512/2892/3701
f 2544/2934/3745 2543/2933/3744 2512/2892/3701
f 2545/2935/3788 2544/2972/3745 2513/2936/3703
f 2546/2937/3747 2545/2935/3788 2514/2895/3704
f 2516/2898/3706 2546/2937/3747 2515/2897/3705
f 2548/2938/3748 2547/2977/3794 2455/2810/3625
f 2549/2939/3749 2548/2938/3748 2517/2899/3707
f 2550/2940/3799 2549/2939/3749 2518/2900/3708
f 2551/2941/5563 2550/2981/3799 2519/2942/3709
f 2551/2941/5563 2520/2902/3710 2521/2904/3712
f 2552/2943/3754 2521/2904/3712 2522/2905/5564
f 2553/2945/5565 2522/2906/3713 2523/2907/3756
f 2554/2947/3757 2523/2908/3756 2524/2910/3758
f 2555/2948/3759 2524/2910/3758 2525/2911/5566
f 2556/2949/3762 2525/2911/3760 2526/2912/3719
f 2557/2950/3763 2526/2912/3719 2527/2913/5567
f 2558/2951/3764 2527/2913/3722 2528/2915/3723
f 2559/2953/3765 2528/2916/3723 2529/2917/3725
f 2560/2954/3766 2529/2917/3725 2530/2918/3727
f 2561/2955/3813 2530/2918/3727 2531/2919/3769
f 2562/2956/3770 2531/2919/3769 2532/2920/3729
f 2563/2957/3771 2532/2920/3729 2533/2921/3730
f 2564/2958/3772 2533/2921/3730 2534/2922/3732
f 2565/2959/5568 2534/2922/3732 2535/2923/3733
f 2566/2960/3864 2535/2923/3733 2505/2883/3689
f 2567/2961/3777 2505/2883/3689 2536/2924/3734
f 2569/2962/5569 2537/2926/5570 2538/2927/3737
f 2570/2964/3779 2538/2928/3737 2539/2929/3738
f 2571/2965/3781 2539/2929/3738 2540/2930/3740
f 2572/2966/3783 2540/2930/3740 2541/2931/3742
f 2573/2968/3784 2541/2932/3742 2542/1277/3743
f 2573/2968/3784 2542/1277/5571 2543/2933/3744
f 2575/2970/3786 2574/2969/3836 2543/2933/3744
f 2576/2971/3787 2575/3013/3786 2544/2972/3745
f 2577/2973/3789 2576/2971/3787 2545/2935/3788
f 2578/2974/5572 2577/2973/3789 2546/2937/3747
f 2579/2975/3792 2578/2974/3790 2516/2898/3706
f 2547/2977/3794 2579/2975/3930 2455/2810/3625
f 2581/2978/3795 2580/2976/5573 2548/2938/3748
f 2582/2979/3796 2581/3019/3795 2549/2980/3749
f 2583/2982/3847 2582/2979/3796 2550/2981/3799
f 2583/2982/3798 2551/2941/3752 2552/2943/3754
f 2584/2983/3800 2552/2943/3754 2553/2944/5574
f 2585/2985/5575 2553/2945/3755 2554/2946/5576
f 2555/2948/3804 2587/2988/3806 2586/2987/5577
f 2587/2988/3806 2555/2948/3804 2556/2949/3761
f 2588/2989/3807 2556/2949/3762 2557/2950/3763
f 2589/2990/3809 2557/2950/3763 2558/2951/5578
f 2590/2991/3810 2558/2951/3764 2559/2952/3765
f 2591/2993/3812 2559/2953/3765 2560/2954/3767
f 2591/2993/3811 2560/2954/3766 2561/2955/3768
f 2592/2994/3814 2561/2955/3813 2562/2956/3815
f 2593/2995/3816 2562/2956/3815 2563/2957/3771
f 2594/2996/3817 2563/2957/3771 2564/2958/3772
f 2595/2997/3818 2564/2958/3772 2565/2959/5579
f 2596/2998/3819 2565/2959/3773 2566/2960/3864
f 2597/2999/3821 2567/2961/3777 2536/2924/3734
f 2598/3000/3824 2536/2924/3734 2568/2925/3735
f 2599/3001/3825 2476/2837/3652 2292/2618/3404
f 2600/3002/3867 2292/2618/3404 2506/2884/3691
f 2602/3004/3829 2569/2962/3778 2570/2963/3779
f 2603/3006/5580 2570/2964/3779 2571/2965/3782
f 2603/3006/5580 2571/2965/3781 2572/2966/3783
f 2605/3009/3834 2572/2967/3783 2573/2968/3784
f 2607/3011/3837 2606/3010/5581 2574/2969/3836
f 2608/3012/3839 2607/3048/3837 2575/3013/3786
f 2609/3014/3841 2608/3012/3839 2576/2971/3787
f 2610/3015/3842 2609/3014/3841 2577/2973/3789
f 2579/2975/3792 2610/3015/3842 2578/2974/3790
f 2611/3016/3843 2579/2975/3929 2547/2977/3794
f 2612/3017/3844 2611/3016/3843 2580/2976/3793
f 2613/3018/3845 2612/3053/3844 2581/3019/3795
f 2614/3055/5582 2613/3018/3846 2583/2982/3847
f 2614/3055/5583 2583/2982/3847 2584/2983/3800
f 2615/3057/5584 2614/3055/5583 2584/2983/3800
f 2615/3057/3848 2584/2983/3800 2585/2984/3802
f 2615/3020/5585 2585/2985/5575 2586/2986/3805
f 2587/2988/3806 2617/3023/3852 2616/3022/3851
f 2617/3023/3852 2587/2988/3806 2588/2989/3808
f 2618/3024/3853 2588/2989/3808 2589/2990/3809
f 2619/3025/3854 2589/2990/3809 2590/2991/3810
f 2620/3026/3855 2590/2991/3810 2591/2992/3812
f 2621/3028/3856 2591/2993/3812 2592/2994/3814
f 2622/3029/3858 2592/2994/3814 2593/2995/3816
f 2623/3030/3859 2593/2995/3816 2594/2996/3817
f 2624/3031/3860 2594/2996/3817 2595/2997/3818
f 2625/3032/3862 2595/2997/3818 2596/2998/3819
f 2626/3033/3863 2596/2998/3819 2566/2960/3776
f 2627/3034/3908 2566/2960/3775 2597/2999/3821
f 2630/3037/3870 2601/3003/5586 2602/3004/3829
f 2631/3038/3872 2602/3004/3829 2603/3039/5580
f 2632/3041/3873 2603/3006/5580 2604/3007/3832
f 2635/3045/3879 2605/3009/3833 2606/3010/5587
f 2636/3081/3921 2635/3045/3879 2606/3010/5587
f 2637/3046/3880 2636/3081/3921 2606/3010/3835
f 2638/3047/3881 2637/3084/3880 2607/3048/3837
f 2639/3049/3926 2638/3047/3881 2608/3012/3839
f 2610/3015/3842 2639/3049/3883 2609/3014/3841
f 2641/3089/3934 2640/3050/3884 2611/3016/3843
f 2642/3051/3935 2641/3089/3934 2611/3016/3843
f 2643/3052/5588 2642/3092/5589 2612/3053/3844
f 2644/3054/3938 2643/3052/3887 2613/3018/3846
f 2644/3054/3938 2613/3018/5590 2614/3055/3889
f 2645/3056/3891 2614/3055/5583 2615/3057/3848
f 2646/3058/3892 2615/3057/5585 2616/3022/3851
f 2647/3059/3893 2616/3022/3851 2617/3023/3852
f 2648/3060/3894 2617/3023/3852 2618/3024/3853
f 2649/3061/3896 2618/3024/3853 2619/3025/3854
f 2650/3062/3897 2619/3025/3854 2620/3026/3855
f 2651/3063/3899 2620/3026/3855 2621/3027/3856
f 2652/3065/3900 2621/3028/3856 2622/3029/3858
f 2653/3066/3902 2622/3029/3858 2623/3030/3859
f 2654/3067/3903 2623/3030/3859 2624/3031/3860
f 2655/3068/5591 2624/3031/3860 2625/3032/3862
f 2656/3069/3906 2625/3032/3862 2626/3033/3863
f 2657/3070/5592 2626/3033/3863 2627/3034/3908
f 2658/3071/3957 2597/2999/3822 2628/3035/3958
f 2690/3072/3910 2598/3000/3824 2599/3001/3825
f 2659/3073/3911 2630/3037/5593 2631/3038/3872
f 2660/3074/3912 2631/3038/3872 2632/3040/3873
f 2661/3076/3913 2632/3041/3873 2633/3042/3914
f 2663/3078/3918 2633/3042/3874 2634/3043/3878
f 2663/1424/3918 2634/3044/3878 2635/3045/3879
f 2665/3080/3920 2664/3079/3919 2635/3045/3879
f 2666/3082/3971 2665/3080/3920 2636/3081/3921
f 2667/3083/3974 2666/4159/3922 2637/3084/3880
f 2668/3085/3925 2667/3083/3972 2638/3047/3881
f 2669/3086/3927 2668/3085/5594 2639/3049/3926
f 2670/3087/3928 2669/3086/3927 2610/3015/3842
f 2671/3088/3977 2670/3087/3928 2640/3050/3884
f 2672/3090/3933 2671/3088/3931 2641/3089/3932
f 2673/3091/3936 2672/3125/3933 2642/3092/3886
f 2674/3093/3937 2673/3091/3936 2643/3052/5588
f 2674/3093/3937 2644/3054/3938 2645/3056/3891
f 2675/3094/3940 2645/3056/3890 2646/3058/3892
f 2676/3095/3941 2646/3058/3892 2647/3059/3893
f 2648/3060/3894 2678/3096/5595 2677/1440/3943
f 2678/3096/3944 2648/3060/3894 2649/3061/3896
f 2679/3097/3945 2649/3061/3895 2650/3062/3897
f 2680/3098/3946 2650/3062/3897 2651/3063/3899
f 2681/3099/3948 2651/3063/3899 2652/3064/3900
f 2682/3101/3949 2652/3065/3901 2653/3066/5596
f 2683/3102/3950 2653/3066/3902 2654/3067/3903
f 2684/3103/3951 2654/3067/3903 2655/3068/3904
f 2685/3104/3952 2655/3068/5591 2656/3069/3905
f 2686/3105/3953 2656/3069/3905 2657/3070/5592
f 2687/3106/3955 2657/3070/3907 2627/3034/3908
f 2688/3107/3956 2627/3034/3908 2658/3071/3957
f 2689/3108/3959 2628/3035/3866 2690/3072/3910
f 2691/3109/3960 2659/3073/3911 2660/3074/3912
f 2692/3110/3962 2660/3074/3912 2661/3075/3913
f 2693/3112/3963 2661/3076/3913 2662/3077/3916
f 2694/3113/3964 2662/3077/3916 2663/3078/3918
f 2696/3116/3966 2663/1424/3918 2664/3079/3919
f 2698/3118/3968 2697/3117/5597 2665/3080/5598
f 2699/3119/3970 2698/3118/3968 2666/3082/3971
f 2700/3121/3973 2699/3155/3970 2667/3083/3923
f 2669/3086/3927 2700/3121/3973 2668/3085/5594
f 2702/3123/3976 2701/3122/4018 2671/3088/5599
f 2703/3124/3978 2702/3160/3976 2672/3125/3933
f 2704/3126/3979 2703/3124/3978 2673/3091/3936
f 2704/3126/3981 2674/3093/3937 2675/3094/3939
f 2705/3127/3982 2675/3094/3940 2676/3095/3941
f 2706/3128/3983 2676/3095/3941 2677/1440/5600
f 2708/3130/3985 2707/3129/4028 2677/1440/3943
f 2708/3130/3985 2678/3096/3944 2679/3097/3945
f 2709/3131/4030 2679/3097/3945 2680/3098/3946
f 2710/3132/3988 2680/3098/3946 2681/3099/3948
f 2711/3133/3990 2681/3099/3948 2682/3100/3949
f 2712/3135/4037 2682/3101/3949 2683/3102/3950
f 2713/3136/3993 2683/3102/3950 2684/3103/3951
f 2714/3137/3994 2684/3103/3951 2685/3104/3952
f 2715/3138/5601 2685/3104/3952 2686/3105/3953
f 2716/3139/3997 2686/3105/3953 2687/3106/3955
f 2717/3140/3998 2687/3106/3954 2688/3107/3956
f 2718/3141/3999 2658/3071/3909 2689/3108/3959
f 2719/3142/4001 2689/3108/3959 2690/3072/5602
f 2720/3143/4002 2599/3001/3825 2600/3002/3826
f 2721/3144/5603 2691/3109/3960 2692/3110/3961
f 2722/3145/4005 2692/3110/3961 2693/3111/3963
f 2723/3147/4006 2693/3112/3963 2694/3113/5604
f 2725/3149/4056 2694/3113/3964 2695/3114/3965
f 2725/4160/4056 2695/3115/3965 2696/3116/3966
f 2726/3150/4009 2725/4160/4056 2696/3116/3966
f 2728/3152/4011 2727/3151/4010 2697/3117/3967
f 2729/3153/4064 2728/3152/4062 2698/3118/3968
f 2730/3154/5605 2729/3194/4012 2699/3155/4013
f 2731/3156/4015 2730/3154/5606 2700/3121/3973
f 2670/3087/3928 2731/3156/4015 2669/3086/3927
f 2733/3197/4069 2732/3157/4017 2701/3122/4018
f 2734/3158/4019 2733/3197/4071 2701/3122/3975
f 2735/3159/4021 2734/3200/4019 2702/3160/3976
f 2736/3161/4022 2735/3159/5607 2703/3124/3978
f 2736/3161/4022 2704/3126/3981 2705/3127/3982
f 2737/3162/4023 2705/3127/3982 2706/3128/3983
f 2738/3163/4024 2706/3128/3983 2707/3129/3984
f 2740/3165/4029 2739/4161/5608 2707/3166/4028
f 2740/3168/4027 2708/3130/3985 2709/3131/3986
f 2741/3169/5609 2709/3131/4030 2710/3132/3988
f 2742/3170/4034 2710/3132/3988 2711/3133/3990
f 2743/3171/4035 2711/3133/3990 2712/3134/3991
f 2745/3174/4040 2712/3135/3991 2713/3136/5610
f 2746/3175/4042 2713/3136/3993 2714/3137/3994
f 2747/3176/4043 2714/3137/3994 2715/3138/5601
f 2748/3177/4044 2715/3138/3995 2716/3139/3997
f 2749/3178/4046 2716/3139/3997 2717/3140/3998
f 2750/3179/4047 2717/3140/3998 2688/3107/3956
f 2751/3180/4048 2688/3107/3956 2718/3141/4000
f 2754/3183/4052 2721/3144/4003 2722/3145/4005
f 2755/3185/4054 2722/3146/4005 2723/3147/4006
f 2755/3185/4053 2723/3147/4006 2724/3148/4007
f 2756/3186/4055 2724/3148/4007 2725/3149/4056
f 2757/3188/4057 2725/4160/4056 2726/3150/4009
f 2759/3190/4059 2758/3189/4058 2726/3150/4009
f 2760/3191/4109 2759/3190/4059 2727/3151/4010
f 2761/3192/4063 2760/3191/4109 2728/3152/4062
f 2762/3193/4112 2761/3234/4063 2729/3194/4064
f 2731/3156/4015 2762/3193/4112 2730/3154/5606
f 2764/3196/4068 2763/3195/4066 2732/3157/4017
f 2765/3198/4120 2764/3196/4068 2733/3197/4069
f 2766/3199/4122 2765/3240/4120 2734/3200/4019
f 2767/3201/5611 2766/3199/4122 2735/3159/4021
f 2767/3201/5611 2736/3161/4022 2737/3162/4023
f 2768/3202/4074 2737/3162/4023 2738/3163/4024
f 2769/3203/4077 2738/3163/5612 2739/3164/5613
f 2771/3205/4080 2770/4162/4128 2739/3206/5608
f 2771/3208/4081 2740/3168/4029 2741/3169/4031
f 2772/3209/4082 2741/3169/4032 2742/3170/4034
f 2773/3210/4083 2742/3170/4034 2743/3171/4035
f 2774/3211/4085 2743/3171/5614 2744/3172/4039
f 2775/3212/4134 2744/3172/4039 2745/3173/4041
f 2775/3213/5615 2745/3174/4041 2746/3175/4042
f 2776/3214/4088 2746/3175/4042 2747/3176/4043
f 2777/3215/4089 2747/3176/4043 2748/3177/4044
f 2778/3216/4091 2748/3177/4044 2749/3178/4046
f 2779/3217/4092 2749/3178/4046 2750/3179/4047
f 2780/3218/5616 2750/3179/4047 2751/3180/4048
f 2781/3219/4094 2751/3180/4048 2718/3141/4000
f 2782/3220/4096 2718/3141/4000 2719/3142/4001
f 2783/3221/4097 2719/3142/4001 2690/3072/3910
f 2784/3222/4098 2753/3182/5617 2754/3183/4052
f 2785/3223/4148 2754/3183/4052 2755/3184/4054
f 2786/3225/4100 2755/3185/4054 2756/3186/4055
f 2787/3226/5618 2756/3186/4055 2757/3187/4102
f 2788/3228/4103 2757/3188/4057 2758/3189/4058
f 2791/3231/4108 2790/3230/4107 2759/3190/4059
f 2792/3232/4110 2791/3231/4108 2760/3191/4060
f 2793/3233/4111 2792/3271/4110 2761/3234/4063
f 2794/3235/4113 2793/3233/4111 2762/3193/4112
f 2795/3236/4114 2794/3235/4113 2731/3156/4015
f 2763/3195/4117 2795/3236/4114 2670/3087/3928
f 2797/3238/4118 2796/3237/4116 2764/3196/4068
f 2798/3239/4163 2797/3275/4118 2765/3240/5619
f 2799/3241/4124 2798/3239/4163 2766/3199/4122
f 2799/3241/4124 2767/3201/4073 2768/3202/4074
f 2800/3242/4125 2768/3202/5620 2769/3203/4077
f 2801/3243/4126 2769/3203/4077 2770/3204/4128
f 2771/3245/4080 2803/4163/4129 2802/3246/4127
f 2803/3248/4129 2771/3208/4081 2772/3209/4082
f 2804/3249/4130 2772/3209/4082 2773/3210/4083
f 2805/3250/5621 2773/3210/4083 2774/3211/4085
f 2806/3251/4133 2774/3211/4085 2775/3212/4086
f 2808/3254/5622 2775/3213/5615 2776/3214/4087
f 2809/3255/4139 2776/3214/4088 2777/3215/4089
f 2810/3256/4141 2777/3215/4089 2778/3216/4091
f 2811/3257/4142 2778/3216/4091 2779/3217/4092
f 2812/3258/4143 2779/3217/4092 2780/3218/4093
f 2813/3259/5623 2780/3218/4093 2781/3219/4095
f 2814/3260/4184 2783/3221/4097 2720/3143/4002
f 2815/3298/4186 2720/3143/4002 2600/3002/3826
f 2816/3261/4147 2784/3222/4098 2785/3223/4099
f 2817/3262/5624 2785/3223/4099 2786/3224/4100
f 2818/3264/5625 2786/3225/4100 2787/3226/4101
f 2820/4164/4153 2788/3228/4104 2789/3229/4105
f 2821/3267/5626 2820/4164/4153 2789/3229/4105
f 2822/3268/4200 2821/3267/4199 2790/3230/4107
f 2823/3269/4204 2822/3268/4200 2791/3231/4108
f 2824/3270/4158 2823/3310/4202 2792/3271/5627
f 2794/3235/4113 2824/3270/4158 2793/3233/4111
f 2825/3272/4159 2795/3236/4114 2763/3195/4066
f 2826/3273/4160 2825/3272/4159 2796/3237/4116
f 2827/3274/4161 2826/3315/4160 2797/3275/4118
f 2828/3276/5628 2827/3274/4161 2798/3239/4163
f 2829/3277/4164 2828/3276/4212 2799/3241/4123
f 2829/3277/4164 2800/3242/4125 2801/3243/5629
f 2830/3278/4166 2801/3243/5629 2802/3244/4127
f 2832/3280/4169 2831/4165/4168 2802/3281/4127
f 2832/3283/4169 2803/3248/4129 2804/3249/4130
f 2833/3284/4170 2804/3249/4130 2805/3250/4131
f 2834/3285/4171 2805/3250/4131 2806/3251/4133
f 2835/3286/4172 2806/3251/4133 2807/3252/4135
f 2836/3287/4173 2807/3252/4136 2808/3253/4138
f 2837/3289/4174 2808/3254/4138 2809/3255/4139
f 2838/3290/4175 2809/3255/4139 2810/3256/4141
f 2839/3291/4176 2810/3256/4141 2811/3257/4142
f 2840/3292/4178 2811/3257/4142 2812/3258/4143
f 2841/3293/4179 2812/3258/4143 2813/3259/5623
f 2842/3294/4180 2813/3259/4144 2781/3219/4095
f 2843/3295/4182 2781/3219/4094 2782/3220/4096
f 2844/3296/4183 2782/3220/4096 2814/3260/4146
f 2846/3299/4188 2600/3002/3826 2752/3181/5630
f 2848/3301/4191 2816/3261/5631 2817/3262/4149
f 2849/3302/4192 2817/3262/4149 2818/3263/4150
f 2850/3304/4194 2818/3264/4193 2819/3265/4151
f 2852/3306/4197 2819/3265/4152 2820/3266/4153
f 2853/3344/4236 2852/3341/4197 2820/4164/4153
f 2853/3344/4236 2820/4164/4153 2821/3267/5626
f 2854/3307/4198 2853/3344/4236 2821/3267/5626
f 2855/3308/4201 2854/3307/4198 2822/3268/4155
f 2856/1646/4239 2855/3308/4201 2823/3269/5632
f 2857/3309/4243 2856/3348/4239 2823/3310/4202
f 2858/3311/4205 2857/3309/4243 2824/3270/5633
f 2795/3236/4114 2858/3311/4205 2794/3235/4113
f 2860/3313/4207 2859/3312/4206 2825/3272/4159
f 2861/3314/4208 2860/3353/4207 2826/3315/4160
f 2862/3316/4209 2861/3314/4208 2827/3274/4161
f 2863/3317/4211 2862/3316/4209 2828/3276/5628
f 2863/3317/4211 2829/3277/4164 2830/3278/4166
f 2864/3318/4214 2830/3278/4166 2831/3279/4168
f 2865/3320/4215 2831/4166/4168 2832/3321/4169
f 2866/3323/5634 2832/3283/4169 2833/3284/4170
f 2867/3324/4218 2833/3284/4170 2834/3285/4171
f 2868/3325/4219 2834/3285/4171 2835/3286/5635
f 2869/3326/4220 2835/3286/5635 2836/3287/4173
f 2870/3327/4221 2836/3287/4173 2837/3288/4174
f 2871/3329/4223 2837/3289/4174 2838/3290/4175
f 2872/3330/4224 2838/3290/4175 2839/3291/4176
f 2873/3331/4225 2839/3291/4177 2840/3292/4178
f 2874/3332/4226 2840/3292/4178 2841/3293/4179
f 2875/3333/4227 2841/3293/4179 2842/3294/4180
f 2876/3334/4228 2842/3294/4180 2843/3295/4182
f 2877/3335/4229 2814/3260/4184 2845/3297/4185
f 2878/3374/4272 2815/3298/4186 2846/3299/5636
f 2879/3336/4230 2848/3301/5637 2849/3302/4192
f 2881/4167/4232 2880/3337/4231 2849/3302/5638
f 2881/4167/4232 2849/3302/4192 2850/3303/4194
f 2881/3338/4232 2850/3304/4194 2851/3305/4195
f 2884/3343/4235 2883/3342/4234 2852/3341/4197
f 2886/3381/4279 2885/3345/4237 2854/3307/4198
f 2886/3381/4279 2854/3307/4198 2855/3308/4201
f 2887/3346/4238 2886/3381/5639 2855/3308/4201
f 2888/3347/4240 2887/4168/4238 2856/3348/4241
f 2889/3383/4282 2888/3347/4240 2857/3309/4203
f 2890/3349/4283 2889/3383/4282 2857/3309/4203
f 2795/3236/4114 2890/3349/4242 2858/3311/4205
f 2892/3350/4244 2891/3419/5640 2795/3236/4114
f 2893/3351/4246 2892/3350/4244 2859/3312/4245
f 2894/3352/4247 2893/4169/4246 2860/3353/4207
f 2895/3354/4249 2894/3352/4247 2861/3314/4208
f 2895/3354/4249 2862/3316/4209 2863/3317/4211
f 2896/3355/4250 2863/3317/4211 2864/3318/4214
f 2897/3356/5641 2864/3318/4214 2865/3319/4215
f 2899/3358/4254 2898/4170/4291 2865/3359/4215
f 2899/3361/4254 2866/3323/5634 2867/3324/4218
f 2900/3362/4257 2867/3324/4218 2868/3325/4219
f 2901/3363/5642 2868/3325/4219 2869/3326/4220
f 2902/3364/4261 2869/3326/4220 2870/3327/4221
f 2903/3365/4262 2870/3327/4221 2871/3328/4223
f 2903/3366/5643 2871/3329/4222 2872/3330/4224
f 2904/3367/4263 2872/3330/4224 2873/3331/4225
f 2905/3368/4265 2873/3331/4225 2874/3332/4226
f 2906/3369/4266 2874/3332/4226 2875/3333/4227
f 2907/3370/4267 2875/3333/4227 2876/3334/5644
f 2908/3371/4268 2876/3334/5644 2843/3295/4182
f 2909/3372/4269 2843/3295/4182 2844/3296/4183
f 2910/3373/5645 2844/3296/4183 2877/3335/4229
f 2911/3406/5646 2879/3336/4230 2880/3337/4231
f 2912/3407/4273 2911/3406/4312 2880/3337/4231
f 2912/3407/4273 2880/3337/4231 2881/4167/4232
f 2913/3376/4274 2881/3338/4232 2882/3339/4233
f 2915/3379/4277 2914/3378/4275 2883/3342/4234
f 2916/3411/4317 2915/3379/5647 2884/3343/4235
f 2916/3411/4317 2884/3343/4235 2885/3345/5648
f 2917/3380/5649 2916/3411/4317 2885/3345/4237
f 2918/3413/4319 2917/3380/5649 2886/3381/4279
f 2918/3413/4319 2886/3381/4279 2887/3346/4238
f 2919/3416/4321 2918/4171/4319 2887/4168/4238
f 2919/3416/4321 2887/4168/4238 2888/3347/4240
f 2920/3382/4280 2919/3416/4321 2888/3347/4240
f 2921/3418/4323 2920/3382/4280 2890/3349/4242
f 2949/3384/5650 2921/3418/4323 2890/3349/4242
f 2891/3419/4324 2949/3384/4284 2795/3236/4114
f 2922/4172/5651 2891/3419/4324 2892/3350/4244
f 2923/3385/5652 2922/4172/5651 2892/3350/4244
f 2924/4173/5653 2923/3385/4285 2893/3351/4246
f 2924/3422/5653 2893/4169/4246 2894/3352/4247
f 2925/3386/4286 2924/3422/5653 2894/3352/4247
f 2926/3387/4289 2895/3354/4249 2896/3355/4251
f 2927/3388/4290 2926/3387/4289 2896/3355/4250
f 2927/3388/4290 2896/3355/4251 2897/3356/5641
f 2927/3388/4290 2897/3356/4252 2898/3357/4253
f 2928/3390/4293 2898/4174/4253 2899/3391/4254
f 2929/3393/4294 2899/3361/4254 2900/3362/4256
f 2930/3394/4295 2900/3362/4256 2901/3363/4259
f 2931/3395/4297 2901/3363/4259 2902/3364/4261
f 2932/3396/4298 2902/3364/4261 2903/3365/5643
f 2933/3398/5654 2903/3366/4262 2904/3367/4300
f 2934/3399/4301 2904/3367/4300 2905/3368/4265
f 2935/3400/4304 2905/3368/4265 2906/3369/4266
f 2936/3401/4305 2906/3369/4266 2907/3370/4306
f 2937/3402/4307 2907/3370/4306 2908/3371/4268
f 2938/3403/4344 2908/3371/4308 2909/3372/4269
f 2939/3404/4392 2845/3297/4185 2878/3374/4272
f 2941/3405/4311 2940/3443/4350 2911/3406/4312
f 2941/3446/4311 2912/3375/5655 2913/3376/4274
f 2942/3447/4355 2941/3446/5656 2913/3376/4274
f 2943/3408/4313 2942/3447/4353 2913/3376/4274
f 2944/3409/4315 2943/4175/4313 2914/3378/4275
f 2945/3410/5657 2944/3409/4315 2915/3379/4277
f 2946/3412/4318 2945/3410/5657 2916/3411/4317
f 2946/3412/4318 2917/3380/4278 2918/3413/5658
f 2947/3415/4320 2918/4171/5658 2919/3416/4321
f 2948/3417/4322 2919/3416/4321 2920/3382/4280
f 2950/3420/5659 2891/3419/4324 2922/4172/5651
f 2950/3420/5659 2922/4172/5651 2923/3385/4285
f 2951/3459/4326 2950/3420/5659 2923/3385/5660
f 2951/3459/4326 2923/3385/5660 2924/4173/4327
f 2952/3423/4328 2924/3422/5653 2925/3386/4288
f 2954/3425/4331 2953/3424/4329 2926/3387/4289
f 2956/3427/4333 2955/3426/5661 2927/3388/4290
f 2957/3428/4334 2956/4176/4333 2928/3429/4293
f 2958/3431/4335 2957/3471/4334 2929/3393/4294
f 2959/3432/4377 2958/3431/4335 2930/3394/4296
f 2960/3433/4380 2959/3432/5662 2931/3395/4297
f 2961/3434/4384 2960/3433/4337 2932/3396/4298
f 2962/3435/4339 2961/3476/4382 2933/3398/5654
f 2963/3436/4340 2962/3435/4339 2934/3399/4302
f 2964/3437/4341 2963/3436/4386 2935/3400/4304
f 2965/3438/5663 2964/3437/5664 2936/3401/4305
f 2966/3439/4343 2965/3438/4342 2937/3402/5665
f 2967/3440/4345 2966/3439/4343 2938/3403/4309
f 2968/3441/4347 2967/3440/4345 2910/3373/4271
f 2939/3404/4392 2968/3441/4347 2877/3335/4229
f 2846/3299/4188 2969/3482/4393 2878/3374/5666
f 2972/3485/4397 2971/3444/5667 2941/3405/4311
f 2973/3448/4354 2972/3445/4397 2942/3447/4353
f 2973/3488/4354 2943/4175/4313 2944/3409/4315
f 2974/3449/4356 2973/3488/4354 2944/3409/4315
f 2974/3449/4356 2944/3409/4315 2945/3410/4316
f 2976/3451/4358 2945/3410/4316 2946/3412/4318
f 2978/3454/4360 2947/3415/4320 2948/3417/4322
f 2979/3455/4361 2948/3417/4322 2921/3418/4362
f 2980/3456/4363 2921/3418/4323 2949/3384/4284
f 2981/3457/5668 2949/3384/5650 2950/3420/5659
f 2982/3458/4365 2950/3420/4325 2951/3459/4326
f 2983/3461/4367 2951/3421/5669 2952/3423/4328
f 2984/3462/4369 2952/3423/4328 2953/3424/4329
f 2987/3465/4372 2986/3464/4371 2954/3425/4331
f 2988/3466/5670 2987/3465/4372 2955/3426/4332
f 2989/3467/4416 2988/4177/4373 2956/3468/4333
f 2990/3470/4419 2989/3508/4374 2957/3471/4334
f 2991/3472/4376 2990/3470/4419 2958/3431/5671
f 2992/3473/4378 2991/3472/4421 2959/3432/5672
f 2993/3474/4381 2992/3473/4424 2960/3433/4337
f 2994/4178/4428 2993/3474/4381 2961/3434/4382
f 2995/3475/4383 2994/3514/4428 2961/3476/4384
f 2996/3477/4385 2995/3475/4383 2962/3435/4339
f 2997/3478/5673 2996/3477/5674 2963/3436/4340
f 2998/3479/4388 2997/3478/5673 2964/3437/5675
f 2999/3480/4390 2998/3479/4388 2965/3438/4342
f 2967/3440/4345 2999/3480/4390 2966/3439/4343
f 2968/3441/4347 3000/3521/5676 2967/3440/4345
f 2969/3482/4393 3001/3481/5677 2939/3404/4310
f 3004/3484/4395 3003/3523/4438 2970/3442/4349
f 3004/3484/4395 2970/3442/4349 2971/3444/5667
f 3005/4179/4440 3004/3484/4395 2972/3485/4352
f 3006/3486/4442 3005/3526/4440 2972/3445/5678
f 3007/3487/4400 3006/3529/4442 2973/3488/4399
f 3007/3487/4400 2974/3449/4356 2975/3450/4357
f 3008/3489/4401 2975/3450/4357 2976/3451/5679
f 3009/3490/4402 3008/3489/4401 2976/3451/5679
f 3009/3490/4402 2976/3451/5679 2977/3452/5680
f 3010/3492/4403 2977/3453/4359 2978/3454/4360
f 3011/3493/4405 2978/3454/4360 2979/3455/4361
f 3012/3494/4406 2979/3455/5681 2980/3456/4363
f 3044/3495/4407 2949/3384/5650 2981/3457/5668
f 3013/3496/4408 2982/3458/4365 2983/3460/4366
f 3014/3498/4409 2983/3461/4367 2984/3462/4369
f 3015/3499/4410 2984/3462/4369 2985/3463/4370
f 3017/3501/4412 3016/3500/4458 2985/3463/4370
f 3018/3502/4413 3017/3501/4412 2986/3464/4371
f 3019/3503/4414 3018/3502/4413 2987/3465/4372
f 3019/3504/4414 2988/4180/4373 2989/3505/4374
f 3021/3507/4418 3020/3548/4417 2989/3508/4416
f 3022/3509/4420 3021/3507/4418 2990/3470/4375
f 3023/3510/4422 3022/3509/4420 2991/3472/4421
f 3024/3511/5682 3023/3510/4422 2992/3473/5683
f 3025/3512/4425 3024/3554/4423 2993/3513/4381
f 3026/3515/4427 3025/3512/4425 2994/3514/4428
f 3027/3516/4430 3026/3515/4427 2995/3475/4383
f 3028/3517/4431 3027/3516/4430 2996/3477/4385
f 3029/3518/4432 3028/3517/4471 2997/3478/5673
f 3030/3519/5684 3029/3518/4473 2998/3479/4388
f 3031/3520/4434 3030/3519/5684 2999/3480/4390
f 3000/3521/4436 3031/3520/4434 2967/3440/4346
f 2969/3482/4393 3032/3601/4568 3001/3481/5677
f 3034/3563/4439 3033/3522/4437 3004/3484/4395
f 3035/3565/4480 3034/3524/4439 3005/3526/4440
f 3036/3527/4441 3035/3565/4480 3005/3526/4440
f 3037/3528/4443 3036/3568/4441 3006/3529/4442
f 3037/3528/4443 3007/3487/4400 3008/3489/4401
f 3038/3530/4444 3008/3489/4401 3009/3490/4402
f 3039/3531/5685 3009/3490/4402 3010/3491/4403
f 3040/3533/4446 3010/3492/4403 3011/3493/4405
f 3041/3534/4447 3011/3493/4405 3012/3494/4406
f 3042/3535/5686 3012/3494/4406 2980/3456/4363
f 3043/3536/4488 2980/3456/4363 3044/3495/4407
f 3044/3495/4407 2981/3457/4364 3013/3496/4408
f 3045/3537/4452 3013/3496/4408 3014/3497/4409
f 3046/3539/4454 3014/3498/4409 3015/3499/4410
f 3047/3540/4494 3015/3499/4410 3016/3500/4458
f 3049/3542/4457 3048/3541/4456 3016/3500/4458
f 3050/3543/4459 3049/3542/4457 3017/3501/4412
f 3051/3544/4460 3050/3584/4459 3018/3545/4413
f 3052/3547/4461 3051/3586/4460 3019/3503/4414
f 3053/3549/4462 3052/3547/4461 3020/3548/4417
f 3054/3550/4509 3053/3549/4462 3021/3507/4418
f 3055/3551/4464 3054/3550/4463 3022/3509/4420
f 3056/3552/4466 3055/3551/4464 3023/3510/4422
f 3057/3553/4467 3056/3592/4466 3024/3554/4423
f 3058/3555/4468 3057/3553/4467 3025/3512/4425
f 3059/3556/4469 3058/3555/4468 3026/3515/4427
f 3060/3557/4470 3059/3556/4516 3027/3516/4430
f 3061/3558/4472 3060/3557/4470 3028/3517/4431
f 3062/3559/4474 3061/3558/4472 3029/3518/4473
f 3031/3520/4434 3062/3559/4474 3030/3519/4433
f 3064/3561/4476 3063/3560/4475 3000/3521/5676
f 3032/3601/4523 3064/3561/4476 3001/3481/4435
f 3066/3562/4477 3065/3604/4526 3033/3522/5687
f 3067/3564/4479 3066/3606/4477 3034/3524/5688
f 3068/3566/4481 3067/3564/4479 3035/3565/4480
f 3069/3567/4482 3068/3609/4530 3036/3568/4441
f 3070/3569/4484 3069/3567/4482 3038/3530/4444
f 3070/3569/4484 3038/3530/4444 3039/3531/5685
f 3070/3569/4484 3039/3531/4445 3040/3532/4446
f 3071/3571/4485 3040/3533/4446 3041/3534/4447
f 3072/3572/4486 3041/3534/4447 3042/3535/5689
f 3073/3573/4487 3042/3535/5686 3043/3536/4488
f 3074/3574/4489 3043/3536/4488 3044/3495/4407
f 3075/3575/4538 3044/3495/4407 3045/3537/4452
f 3076/3576/4491 3045/3537/4452 3046/3538/4454
f 3077/3578/4493 3046/3539/4454 3047/3540/5690
f 3078/3579/4495 3047/3540/5690 3048/3541/5691
f 3079/3580/5692 3048/3541/4456 3049/3542/4457
f 3081/3582/4500 3080/3581/5693 3049/3542/4457
f 3082/3583/4547 3081/3625/4500 3050/3584/4459
f 3083/3585/4503 3082/4181/4547 3051/3586/5694
f 3084/3587/4506 3083/3585/4503 3052/3547/4461
f 3085/3588/4507 3084/3587/4506 3053/3549/4462
f 3086/3589/4508 3085/3588/4507 3054/3550/4509
f 3087/3590/4510 3086/3589/4508 3055/3551/4464
f 3088/3591/4512 3087/3632/4510 3056/3592/4511
f 3089/3593/4513 3088/3591/4512 3057/3553/4467
f 3090/3594/4515 3089/3593/4513 3058/3555/4514
f 3091/3595/4562 3090/3594/4515 3059/3556/4516
f 3092/3596/4518 3091/3595/4562 3060/3557/4470
f 3093/3597/5695 3092/3596/4518 3061/3558/4472
f 3094/3598/4520 3093/3597/4519 3062/3559/4474
f 3095/3599/4521 3094/3598/4520 3031/3520/4434
f 3064/3561/4476 3095/3599/4521 3063/3560/4475
f 3099/3603/4525 3098/3641/4571 3065/3604/4526
f 3100/3605/4574 3099/3643/4525 3066/3606/4477
f 3101/3607/4529 3100/3605/4527 3067/3564/4479
f 3102/3646/5696 3101/3607/4529 3068/3566/4530
f 3103/3648/4576 3102/3608/4531 3069/3567/4482
f 3104/3610/4533 3103/3648/4576 3069/3567/4532
f 3104/3610/4533 3070/3569/4484 3071/3570/4485
f 3105/3612/4534 3071/3571/4485 3072/3572/4486
f 3106/3613/4535 3072/3572/4486 3073/3573/4487
f 3107/3614/4536 3073/3573/4487 3074/3574/4489
f 3108/3615/5697 3044/3495/4407 3075/3575/4490
f 3109/3616/4539 3075/3575/4538 3076/3576/4492
f 3109/3616/4539 3076/3576/4491 3077/3577/4493
f 3110/3617/4540 3077/3577/5698 3078/3618/5699
f 3111/3620/4541 3078/3579/4495 3079/3580/5692
f 3113/3622/4543 3112/3621/5700 3079/3580/4497
f 3114/3623/4545 3113/3622/5701 3080/3581/4544
f 3115/3624/4548 3114/3665/4545 3081/3625/4500
f 3115/1979/4548 3082/4181/4547 3083/3585/4503
f 3117/3627/4551 3116/3626/4550 3083/3585/4503
f 3118/3628/4597 3117/3627/4551 3084/3587/4506
f 3119/3629/4554 3118/3628/4597 3085/3588/4507
f 3120/3630/4555 3119/3629/4554 3086/3589/4556
f 3121/3631/4557 3120/3672/4555 3087/3632/4510
f 3122/3633/4558 3121/3631/4557 3088/3591/4512
f 3123/3634/4560 3122/3633/4604 3089/3593/4559
f 3124/3635/5702 3123/3634/4560 3090/3594/4515
f 3125/3636/4563 3124/3635/5702 3091/3595/4562
f 3126/3637/4565 3125/3636/4563 3092/3596/4566
f 3094/3598/4520 3126/3637/4565 3093/3597/5695
f 3096/3600/5703 3127/3638/4567 3032/3601/5704
f 3128/3639/4569 3096/3600/4522 2969/3482/4393
f 3097/3602/4704 3128/3639/4569 2846/3299/4188
f 3130/3640/4612 3129/3681/4611 3098/3641/5705
f 3131/3642/4572 3130/3683/4612 3099/3643/5706
f 3132/3644/5707 3131/3642/4572 3100/3605/4527
f 3133/3645/4618 3132/3644/4573 3101/3607/4529
f 3133/3647/4575 3102/3608/5696 3103/3648/4576
f 3134/3649/4577 3103/3648/4576 3104/3610/4578
f 3135/3650/4579 3104/3610/4533 3105/3611/4534
f 3136/3652/4581 3105/3612/4534 3106/3613/4582
f 3137/3653/4583 3106/3613/4535 3107/3614/4536
f 3138/3654/4584 3107/3614/4536 3074/3574/4489
f 3139/3655/4585 3074/3574/4489 3108/3615/4537
f 3140/3656/4627 3108/3615/5708 3109/3616/4539
f 3141/3657/4587 3109/3616/4539 3110/3617/4540
f 3142/3658/4588 3110/3617/4540 3111/3619/4541
f 3143/3660/4589 3111/3620/4541 3112/3621/4542
f 3144/3661/4590 3112/3621/4542 3113/3622/5701
f 3146/3663/4592 3145/3662/4591 3113/3622/5701
f 3147/3664/5709 3146/3703/4592 3114/3665/4545
f 3148/3666/4594 3147/3705/4593 3115/1979/5710
f 3149/3667/4639 3148/3666/4594 3116/3626/4550
f 3150/3668/4596 3149/3667/4595 3117/3627/4551
f 3151/3669/4598 3150/3668/4641 3118/3628/4599
f 3152/3670/4600 3151/3669/4598 3119/3629/4554
f 3153/3671/4648 3152/3711/4644 3120/3672/4555
f 3154/3673/4602 3153/3671/4601 3121/3631/4557
f 3155/3674/4603 3154/3673/4602 3122/3633/4604
f 3156/3675/5711 3155/3674/4603 3123/3634/4560
f 3157/3676/5712 3156/3675/5711 3124/3635/5702
f 3158/3677/4607 3157/3676/4606 3125/3636/4563
f 3159/3678/4608 3158/3677/4607 3126/3637/4565
f 3160/3679/4609 3159/3678/4608 3094/3598/4520
f 3127/3638/4567 3160/3679/4609 3095/3599/4521
f 3162/3680/4613 3161/4182/5713 3129/3681/4611
f 3163/3724/4659 3162/3682/4613 3131/3642/4572
f 3164/3684/5714 3163/3724/4659 3131/3642/4572
f 3165/3685/4619 3164/3684/5714 3132/3644/4573
f 3165/3686/4619 3133/3647/4618 3134/3649/4577
f 3166/3687/4620 3134/3649/4577 3135/3650/4579
f 3167/3688/4621 3135/3650/4579 3136/3651/4580
f 3168/3690/4622 3136/3652/4581 3137/3653/4583
f 3169/3691/5715 3137/3653/5716 3138/3654/4584
f 3170/3692/4624 3138/3654/4584 3139/3655/4585
f 3171/3693/4625 3139/3655/4585 3108/3615/5697
f 3203/3694/4626 3108/3615/4537 3140/3656/4627
f 3172/3695/4628 3141/3657/4587 3142/3658/4588
f 3173/3696/4629 3142/3658/4588 3143/3659/4589
f 3174/3698/4632 3143/3660/4589 3144/3661/4590
f 3175/3699/4633 3144/3661/4590 3145/3662/4591
f 3177/3701/4635 3176/3700/5717 3145/3662/4591
f 3178/3702/4681 3177/3748/4680 3146/3703/4592
f 3179/3704/4637 3178/4183/4681 3147/3705/4593
f 3180/3706/4638 3179/3704/4637 3148/3666/4594
f 3181/3707/4686 3180/3706/4638 3149/3667/4639
f 3182/3708/4642 3181/3707/4686 3150/3668/4641
f 3183/3709/4643 3182/4184/4642 3151/3710/4598
f 3184/3712/4645 3183/3709/5718 3152/3711/5719
f 3185/3713/4647 3184/3712/4645 3153/3671/4601
f 3186/3714/4650 3185/3713/4647 3154/3673/4602
f 3187/3715/4651 3186/3714/4650 3155/3674/4603
f 3188/3716/4652 3187/3715/5720 3156/3675/5711
f 3189/3717/4653 3188/3716/4652 3157/3676/4606
f 3159/3678/5721 3189/3717/4653 3158/3677/4607
f 3191/3719/4655 3190/3718/4654 3127/3638/4567
f 3128/3639/4569 3192/3768/4701 3096/3600/4522
f 3194/3720/5722 3193/3771/5723 3161/3721/5713
f 3195/3723/4658 3194/3773/4707 3162/3682/4610
f 3196/3725/4660 3195/3723/4658 3163/3724/4659
f 3197/3726/4662 3196/3725/4710 3164/3684/5724
f 3198/3727/4664 3197/4185/4662 3165/3728/5725
f 3199/3731/4665 3167/3730/4621 3168/3732/4622
f 3200/3734/4666 3168/3690/4622 3169/3691/4667
f 3201/3735/4669 3169/3691/4623 3170/3692/4624
f 3202/3736/4670 3170/3692/4624 3171/3693/4625
f 3203/3694/4626 3140/3656/4586 3172/3695/4628
f 3204/3737/4671 3172/3695/5726 3173/3696/4672
f 3205/3738/4674 3173/3696/4630 3174/3697/4632
f 3206/3740/4675 3174/4186/4631 3175/3741/5727
f 3208/3743/4725 3207/3742/4722 3175/3741/4633
f 3209/3745/4727 3208/3743/4677 3176/3744/4634
f 3210/3747/4679 3209/3790/4727 3177/3748/4635
f 3211/3749/4682 3210/4187/4729 3178/3750/4681
f 3212/3752/4684 3211/3749/4682 3179/3751/4637
f 3213/3754/4685 3212/3752/4684 3180/3753/4638
f 3214/3756/4735 3213/3754/4685 3181/3755/4686
f 3215/3758/5728 3214/3756/4687 3182/3757/4642
f 3216/3760/4690 3215/3798/4688 3183/3709/4689
f 3217/3761/4692 3216/3760/4690 3184/3712/4645
f 3218/3762/4694 3217/3761/4692 3185/3713/4647
f 3219/3763/4695 3218/3762/4694 3186/3714/5729
f 3220/3764/4697 3219/3763/4695 3187/3715/4651
f 3221/3765/4698 3220/3764/4697 3188/3716/4652
f 3222/3766/4699 3221/3765/4698 3189/3717/4653
f 3223/3767/4700 3222/3766/4699 3159/3678/4608
f 3190/3718/4654 3223/3767/4700 3160/3679/4609
f 3226/3806/5730 3225/3770/4705 3194/3720/4707
f 3227/3808/4748 3226/3772/4746 3195/3723/5731
f 3228/3774/4750 3227/3808/5732 3195/3723/4658
f 3229/3810/4751 3228/3774/4709 3197/3726/4662
f 3230/3812/4753 3229/4188/4751 3197/4185/4662
f 3230/3812/4753 3197/4185/4662 3198/3727/4663
f 3231/3775/5733 3230/3812/4753 3198/3727/4664
f 3231/3775/4711 3198/3727/4664 3199/3731/4665
f 3231/3775/5733 3199/3731/5734 3200/3733/4666
f 3232/3777/4712 3200/3734/4666 3201/3735/4669
f 3233/3778/4713 3201/3735/4668 3202/3736/4670
f 3234/3779/4715 3202/3736/4670 3171/3693/4625
f 3235/3780/4716 3171/3693/4625 3203/3694/4626
f 3236/3781/4717 3203/3694/4626 3204/3737/5735
f 3237/3782/4719 3204/3737/5735 3205/3738/4674
f 3238/3783/4720 3205/3738/4673 3206/3739/4675
f 3239/3785/4761 3206/3740/4675 3207/3742/4722
f 3241/3787/4724 3240/3786/5736 3207/3742/4676
f 3242/3788/4726 3241/3787/4724 3208/3743/4725
f 3243/3789/4728 3242/3826/4726 3209/3790/4727
f 3243/3791/4768 3210/4187/4679 3211/3749/4682
f 3245/3793/4731 3244/3792/4730 3211/3749/4682
f 3246/3794/4733 3245/3793/4731 3212/3752/4684
f 3247/3795/4734 3246/3794/4733 3213/3754/4685
f 3248/3796/4736 3247/3795/4774 3214/3756/4687
f 3249/3797/4737 3248/3833/4736 3215/3798/4688
f 3250/3799/4738 3249/3797/4737 3216/3760/4690
f 3251/3800/4739 3250/3799/4738 3217/3761/4740
f 3252/3801/4741 3251/3800/4739 3218/3762/4694
f 3253/3802/4742 3252/3801/4741 3219/3763/5737
f 3254/3803/5738 3253/3802/4742 3220/3764/4697
f 3255/3804/4828 3254/3803/5739 3221/3765/4698
f 3223/3767/4700 3255/3804/4744 3222/3766/4699
f 3257/3805/4745 3256/3842/4789 3225/3770/4705
f 3258/3807/4747 3257/4189/4790 3226/3772/4746
f 3259/3809/4749 3258/3807/4747 3227/3808/4748
f 3260/3848/4795 3259/3847/4749 3229/4188/4751
f 3260/3848/4795 3229/4188/4751 3230/3812/4753
f 3261/3811/4752 3260/3848/4795 3230/3812/4753
f 3261/3811/4752 3231/3775/5733 3232/3776/4712
f 3262/3814/4754 3232/3777/4712 3233/3778/4713
f 3263/3815/4755 3233/3778/4713 3234/3779/4715
f 3264/3816/5740 3234/3779/4715 3235/3780/4716
f 3265/3817/4757 3203/3694/4626 3236/3781/4717
f 3266/3818/4759 3236/3781/4717 3237/3782/4718
f 3266/3818/4758 3237/3782/4718 3238/3783/4720
f 3267/3820/4760 3238/4190/4720 3239/3785/4761
f 3268/3821/4762 3239/3785/4721 3240/3786/4723
f 3270/3823/4764 3269/3822/4763 3240/3786/4723
f 3271/3824/4766 3270/3823/4764 3241/3787/4724
f 3272/3825/4812 3271/3864/4766 3242/3826/4726
f 3273/3827/5741 3272/4191/4812 3243/3791/4728
f 3274/3828/4770 3273/3827/5741 3244/3792/4730
f 3275/3829/4771 3274/3828/4770 3245/3793/4772
f 3276/3830/5742 3275/3829/4771 3246/3794/4733
f 3277/3831/4820 3276/3830/4773 3247/3795/5743
f 3278/3832/4777 3277/3872/4775 3248/3833/4736
f 3279/3834/4778 3278/3832/4777 3249/3797/4737
f 3280/3835/4823 3279/3834/4778 3250/3799/4738
f 3281/3836/4780 3280/3835/4779 3251/3800/4739
f 3282/3837/4781 3281/3836/4780 3252/3801/4741
f 3283/3838/4782 3282/3837/4781 3253/3802/4742
f 3255/3804/4744 3283/3838/4782 3254/3803/5738
f 3285/3840/4786 3284/3839/4784 3223/3767/4700
f 3286/3880/5744 3285/3840/4786 3191/3719/4655
f 3192/3768/4701 3286/3880/4830 3191/3719/4702
f 3288/3883/4834 3287/3841/4833 3257/3805/4790
f 3289/3843/4791 3288/3883/4834 3257/3805/4790
f 3290/3845/4793 3289/3886/4791 3258/3807/4747
f 3291/3846/4794 3290/4192/5745 3259/3847/4749
f 3291/3846/4794 3260/3848/4795 3261/3811/4752
f 3292/3849/4797 3261/3811/4752 3262/3813/4754
f 3293/3851/4798 3262/3814/4754 3263/3815/4755
f 3294/3852/4799 3263/3815/4755 3264/3816/4756
f 3295/3853/4800 3264/3816/4756 3235/3780/4716
f 3296/3854/4801 3235/3780/4716 3265/3817/4757
f 3297/3855/4802 3265/3817/4757 3266/3818/4759
f 3298/3856/4804 3266/3818/4759 3267/3819/4760
f 3299/3858/4805 3267/3820/4760 3268/3821/4762
f 3300/3859/4807 3268/3821/4806 3269/3822/4763
f 3302/3861/4809 3301/3860/4808 3269/3822/4763
f 3303/3862/4810 3302/3861/4809 3270/3823/4764
f 3304/3863/4811 3303/3903/4810 3271/3864/4766
f 3304/3865/4811 3272/4191/4812 3273/3827/5741
f 3306/3867/4815 3305/3866/4814 3273/3827/4769
f 3307/3868/4816 3306/3867/4815 3274/3828/4770
f 3308/3869/4864 3307/3868/4816 3275/3829/4771
f 3309/3870/4818 3308/3869/4817 3276/3830/5742
f 3310/3871/4819 3309/3910/4818 3277/3872/4820
f 3311/3873/4821 3310/3871/4819 3278/3832/4777
f 3312/3874/4822 3311/3873/4821 3279/3834/4778
f 3313/3875/4824 3312/3874/4822 3280/3835/4823
f 3314/3876/4825 3313/3875/5746 3281/3836/4780
f 3315/3877/5747 3314/3876/4825 3282/3837/4781
f 3316/3878/4827 3315/3877/4826 3283/3838/4782
f 3284/3839/4784 3316/3878/4872 3255/3804/5748
f 3128/3639/4569 3317/3879/4829 3192/3768/4701
f 3320/3884/4835 3319/3882/4832 3288/3883/4834
f 3321/3921/4877 3320/4193/4835 3289/3886/4791
f 3322/3885/5749 3321/3921/4875 3289/3886/4791
f 3323/3922/5750 3322/3885/5751 3290/3845/5745
f 3323/3924/5750 3290/4192/4793 3291/3846/4794
f 3324/3925/4880 3323/3924/5750 3291/3846/4794
f 3324/3925/4880 3291/3846/4794 3292/3849/4797
f 3325/3887/4838 3324/3925/4880 3292/3849/4797
f 3325/3887/4838 3292/3849/4797 3293/3850/4798
f 3326/3889/4839 3293/3851/4798 3294/3852/4799
f 3327/3890/4840 3294/3852/4799 3295/3853/4842
f 3328/3891/4843 3295/3853/4842 3296/3854/4801
f 3329/3892/4845 3296/3854/4801 3265/3817/4757
f 3392/3893/4846 3265/3817/5752 3297/3855/4848
f 3331/3895/4849 3297/3855/4802 3298/3856/4804
f 3331/3895/4849 3298/3856/4804 3299/3857/4805
f 3332/3897/4851 3299/3858/4805 3300/3859/4807
f 3333/3898/4853 3300/3859/4807 3301/3860/4808
f 3335/3900/4893 3334/3899/5753 3301/3860/4808
f 3336/3901/4895 3335/3900/4893 3302/3861/4809
f 3337/3902/5754 3336/4194/4857 3303/3903/4810
f 3338/3904/4899 3337/3939/4858 3304/3865/4813
f 3339/3905/4860 3338/3904/4899 3305/3866/4814
f 3340/3906/4861 3339/3905/4860 3306/3867/4815
f 3341/3907/5755 3340/3906/4861 3307/3868/4816
f 3342/3908/4863 3341/3907/5755 3308/3869/4817
f 3343/3909/4865 3342/3946/4863 3309/3910/4818
f 3344/3911/4866 3343/3909/4865 3310/3871/4819
f 3345/3912/4867 3344/3911/4866 3311/3873/4821
f 3346/3913/4868 3345/3912/4909 3312/3874/4822
f 3347/3914/4911 3346/3913/4868 3313/3875/5746
f 3348/3915/4870 3347/3914/4869 3314/3876/4825
f 3316/3878/4827 3348/3915/5756 3315/3877/4826
f 3285/3840/4786 3349/3916/4871 3284/3839/4784
f 3351/3917/4873 3350/3956/4917 3319/3882/4832
f 3352/3918/4920 3351/3917/4873 3320/3884/4835
f 3353/3920/4876 3352/3959/4920 3321/3921/4877
f 3354/3923/4879 3353/3961/4876 3323/3924/4878
f 3354/3923/4879 3324/3925/4880 3325/3887/4838
f 3355/3926/5757 3325/3887/5758 3326/3888/4839
f 3356/3928/4884 3326/3889/4839 3327/3890/4840
f 3357/3929/4885 3327/3890/4840 3328/3891/4844
f 3358/3930/4886 3328/3891/4844 3329/3892/5759
f 3359/3931/4887 3331/3895/4849 3332/3896/4851
f 3360/3933/4888 3332/3897/4851 3333/3898/5760
f 3361/3934/4889 3333/3898/4852 3334/3899/4854
f 3363/3936/4892 3362/3935/5761 3334/3899/4854
f 3364/3937/4894 3363/3936/4892 3335/3900/4893
f 3365/3938/4896 3364/3937/4894 3336/3901/5762
f 3365/3938/4942 3337/3939/4858 3338/3904/4899
f 3367/3941/4901 3366/3940/4900 3338/3904/4899
f 3368/3942/4902 3367/3941/4944 3339/3905/4860
f 3369/3943/4903 3368/3942/4947 3340/3906/4861
f 3370/3944/4904 3369/3943/4903 3341/3907/4862
f 3371/3945/4905 3370/4195/4904 3342/3946/4863
f 3372/3947/4906 3371/3945/4905 3343/3909/4865
f 3373/3948/4907 3372/3947/4906 3344/3911/4866
f 3374/3949/4908 3373/3948/4907 3345/3912/4867
f 3375/3950/4910 3374/3949/4908 3346/3913/4868
f 3376/3951/4912 3375/3950/4910 3347/3914/4869
f 3377/3952/4913 3376/3951/4912 3348/3915/4870
f 3349/3916/4871 3377/3952/5763 3316/3878/4827
f 3379/3954/4915 3378/3953/4914 3286/3880/4830
f 3318/3881/5046 3380/854/1327 3128/3639/4569
f 3382/3955/4916 3381/3993/4959 3350/3956/4917
f 3383/3957/4919 3382/3955/4916 3351/3917/4918
f 3384/3958/5764 3383/3996/4919 3352/3959/4920
f 3385/3998/4923 3384/3958/4921 3353/3920/4876
f 3386/3962/4964 3385/3960/4923 3354/3923/4879
f 3386/3962/4964 3354/3923/4879 3355/3926/5757
f 3387/3963/4925 3355/3926/4882 3356/3927/4926
f 3388/3964/4927 3356/3927/4883 3357/3965/4885
f 3389/3967/4928 3357/3929/4885 3358/3930/4886
f 3390/3968/4929 3358/3930/4886 3329/3892/4845
f 3391/3969/4930 3329/3892/5765 3392/3893/4846
f 3392/3893/4846 3330/3894/4847 3359/3931/4887
f 3393/3970/4931 3359/3931/4887 3360/3932/4888
f 3394/3972/4933 3360/3933/4888 3361/3934/4889
f 3395/3973/5766 3361/3934/4889 3362/3935/4937
f 3397/3975/4936 3396/3974/5767 3362/3935/4937
f 3398/3976/4979 3397/3975/4936 3363/3936/4892
f 3399/3977/4940 3398/3976/4979 3364/3937/4894
f 3400/3978/4941 3399/3977/4940 3365/3938/4942
f 3401/3979/4943 3400/3978/4982 3366/3940/4900
f 3402/3980/4945 3401/3979/4943 3367/3941/4901
f 3403/3981/4946 3402/3980/4945 3368/3942/4947
f 3404/3982/4948 3403/3981/4946 3369/3943/4903
f 3405/3983/4990 3404/3982/5768 3370/3944/4904
f 3406/3985/4950 3405/4022/4990 3371/3945/4905
f 3407/3986/4952 3406/3985/4950 3372/3947/4906
f 3408/3987/4953 3407/3986/4952 3373/3948/5769
f 3409/3988/4954 3408/3987/4953 3374/3949/4908
f 3410/3989/4955 3409/3988/4954 3375/3950/4910
f 3377/3952/5770 3410/3989/4955 3376/3951/4912
f 3378/3953/4914 3411/3990/4999 3349/3916/4871
f 3380/854/1327 3412/3991/4957 3317/3879/4829
f 3414/3992/5003 3413/4031/5002 3381/3993/5771
f 3415/3994/4960 3414/3992/5005 3382/3955/4916
f 3416/3995/4961 3415/4034/4960 3383/3996/4919
f 3417/3997/4962 3416/3995/4961 3384/3958/5764
f 3418/4000/5772 3417/3999/4962 3386/3962/4964
f 3419/4001/4965 3386/3962/4964 3387/3963/5773
f 3419/4001/4965 3387/3963/4925 3388/3964/4927
f 3420/4002/4966 3388/3964/4927 3389/3966/4967
f 3421/4004/4968 3389/3967/4967 3390/3968/4929
f 3422/4005/4969 3390/3968/4929 3391/3969/5774
f 3423/4006/4970 3392/3893/4846 3393/3970/4932
f 3424/4007/4971 3393/3970/4932 3394/3971/5775
f 3425/4009/4973 3394/3972/4933 3395/3973/4934
f 3426/4010/4974 3395/3973/4934 3396/3974/5767
f 3428/4012/4976 3427/4011/4975 3396/3974/5767
f 3429/4013/5776 3428/4012/4976 3397/3975/4936
f 3430/4014/5028 3429/4013/5776 3398/3976/4979
f 3431/4015/4981 3430/4014/4980 3399/3977/4940
f 3432/4016/4983 3431/4015/4981 3400/3978/4982
f 3433/4017/5033 3432/4016/4983 3401/3979/4986
f 3434/4018/4987 3433/4017/5033 3402/3980/4945
f 3435/4019/4988 3434/4018/4987 3403/3981/4946
f 3436/4020/4989 3435/4019/5777 3404/3982/4948
f 3437/4021/5038 3436/4058/4989 3405/4022/4990
f 3438/4023/4992 3437/4021/4991 3406/3985/5778
f 3439/4024/4993 3438/4023/4992 3407/3986/4952
f 3440/4025/4994 3439/4024/4993 3408/3987/4953
f 3441/4026/4995 3440/4025/4994 3409/3988/4954
f 3442/4027/4996 3441/4026/4995 3410/3989/4955
f 3443/4028/5093 3442/4027/4996 3377/3952/4913
f 3378/3953/4914 3443/4028/4998 3411/3990/4999
f 3412/3991/4957 3444/4029/5000 3379/3954/4915
f 3446/4065/5779 3445/4030/5001 3414/3992/5005
f 3447/4032/5004 3446/4065/5779 3414/3992/4958
f 3448/4033/5006 3447/4068/5050 3415/4034/4960
f 3449/4035/5007 3448/4033/5006 3416/3995/4961
f 3450/4036/5011 3449/4071/5007 3417/3999/4962
f 3450/4036/5011 3418/4000/5780 3419/4001/4965
f 3451/4037/5055 3419/4001/4965 3420/4002/4966
f 3452/4038/5013 3420/4002/4966 3421/4003/4968
f 3453/4040/5781 3421/4004/4968 3422/4005/4969
f 3454/4041/5015 3422/4005/4969 3391/3969/4930
f 3455/4042/5016 3391/3969/4930 3392/3893/4846
f 3456/768/1235 3392/3893/4846 3423/4006/4970
f 3457/4043/5062 3424/4007/4971 3425/4008/4973
f 3458/4045/5019 3425/4009/4973 3426/4010/4974
f 3459/4046/5020 3426/4010/4974 3427/4011/4975
f 3461/4048/5022 3460/4047/5067 3427/4011/4975
f 3462/4049/5025 3461/4048/5022 3428/4012/4976
f 3463/4050/5027 3462/4049/5025 3429/4013/4978
f 3464/4051/5029 3463/4050/5027 3430/4014/5782
f 3465/4052/5031 3464/4051/5029 3431/4015/4981
f 3466/4053/5032 3465/4052/5031 3432/4016/5783
f 3467/4054/5034 3466/4053/5032 3433/4017/5784
f 3468/4055/5035 3467/4054/5034 3434/4018/4987
f 3469/4056/5785 3468/4055/5078 3435/4019/5777
f 3470/4057/5786 3469/4093/5080 3436/4058/4989
f 3471/4059/5039 3470/4057/5037 3437/4021/4991
f 3472/4060/5086 3471/4059/5039 3438/4023/4992
f 3473/4061/5088 3472/4060/5086 3439/4024/4993
f 3474/4062/5042 3473/4061/5088 3440/4025/5043
f 3442/4027/4996 3474/4062/5042 3441/4026/4995
f 3478/4064/5047 3477/4098/5094 3445/4030/5001
f 3479/4066/5049 3478/4064/5096 3446/4065/5048
f 3480/4067/5051 3479/4099/5049 3447/4068/5787
f 3481/4069/5788 3480/4067/5051 3448/4033/5006
f 3482/4070/5054 3481/4196/5788 3449/4071/5007
f 3483/4072/5056 3451/4037/5055 3452/4038/5013
f 3484/4073/5100 3452/4038/5013 3453/4039/5781
f 3485/4075/5058 3453/4040/5781 3454/4041/5015
f 3486/4076/5059 3454/4041/5015 3455/4042/5016
f 3487/4077/5061 3423/4006/4970 3457/4043/5062
f 3488/4078/5063 3457/4043/5062 3458/4044/5789
f 3489/4080/5790 3458/4045/5019 3459/4046/5791
f 3490/4081/5066 3459/4046/5020 3460/4047/5792
f 3492/4083/5069 3491/4082/5068 3460/4047/5067
f 3493/4084/5103 3492/4083/5069 3461/4048/5022
f 3494/4085/5071 3493/4084/5070 3462/4049/5025
f 3494/4085/5072 3463/4050/5027 3464/4051/5029
f 3496/4087/5074 3495/4086/5073 3464/4051/5029
f 3497/4088/5075 3496/4087/5793 3465/4052/5031
f 3498/4089/5076 3497/4088/5075 3466/4053/5032
f 3499/4090/5077 3498/4089/5076 3467/4054/5034
f 3500/4091/5079 3499/4090/5077 3468/4055/5035
f 3501/4092/5108 3500/4102/5107 3469/4093/5080
f 3502/4094/5083 3501/4092/5081 3470/4057/5084
f 3503/4095/5085 3502/4094/5083 3471/4059/5039
f 3504/4096/5087 3503/4095/5085 3472/4060/5086
f 3505/4097/5794 3504/4096/5087 3473/4061/5090
f 3506/808/1277 3505/4097/5110 3474/4062/5042
f 3507/810/1281 3506/808/1277 3442/4027/4996
f 3508/812/1282 3507/810/1279 3443/4028/5093
f 3444/4029/5000 3508/812/1282 3475/4063/5044
f 3380/854/1327 3509/852/1369 3412/3991/4957
f 722/751/1220 721/750/5795 3477/4098/5094
f 723/753/5095 722/751/1220 3478/4064/5047
f 724/756/5097 723/755/1222 3479/4099/5049
f 725/757/1225 724/756/1224 3481/4069/5788
f 726/4104/5796 725/4103/1225 3481/4196/5788
f 726/4104/5112 3481/4196/5052 3482/4070/5054
f 727/759/5099 726/4104/5797 3482/4070/5054
f 727/759/5099 3482/4070/5054 3483/4072/5056
f 727/759/5099 3483/4072/5056 3484/4073/5057
f 728/761/1229 3484/4073/5057 3485/4074/5058
f 729/4100/1231 3485/4075/5058 3486/4076/5059
f 730/766/1233 3486/4076/5059 3455/4042/5016
f 731/826/1295 3455/4042/5016 3456/768/1235
f 732/769/1236 3487/4077/5061 3488/4078/5063
f 732/769/1236 3488/4078/5063 3489/4079/5790
f 733/4101/1238 3489/4080/5798 3490/4081/5066
f 734/774/5102 3490/4081/5066 3491/4082/5068
f 736/779/1247 735/776/1242 3491/4082/5068
f 737/781/1248 736/779/1245 3492/4083/5069
f 738/783/1252 737/781/1248 3493/4084/5103
f 739/785/1253 738/783/1252 3494/4085/5072
f 740/787/1255 739/785/1253 3495/4086/5073
f 741/789/1257 740/787/1255 3496/4087/5074
f 742/791/1259 741/789/1257 3497/4088/5075
f 743/793/1261 742/791/1259 3498/4089/5076
f 744/795/5106 743/793/1261 3499/4090/5077
f 745/798/5799 744/797/5800 3500/4102/5107
f 746/800/5801 745/798/1265 3501/4092/5109
f 747/802/1270 746/800/5802 3502/4094/5083
f 748/804/1272 747/802/1270 3503/4095/5085
f 749/806/1275 748/804/1272 3504/4096/5087
f 3506/808/5118 749/806/1275 3505/4097/5110
f 3511/4197/5803 3793/4198/5804 3512/4199/5805
f 3798/4200/5806 3799/4201/5807 3513/4202/5808
f 3513/4202/5808 3800/4203/5809 3514/4204/5810
f 3514/4204/5811 3510/4205/5812 3515/4206/5813
f 3513/4202/5808 3514/4204/5810 3516/4207/5814
f 3516/4207/5814 3514/4204/5811 3517/4208/5815
f 3517/4208/5815 3515/4206/5813 3518/4209/5816
f 3512/4199/5805 3798/4200/5817 3519/4210/5818
f 3517/4208/5819 3518/4209/5816 3520/4211/5820
f 3519/4210/5818 3513/4202/5821 3522/4212/5822
f 3522/4212/5822 3516/4207/5814 3523/4213/5823
f 3523/4213/5823 3517/4208/5819 3524/4214/5824
f 3524/4214/5824 3520/4211/5820 3525/4215/5825
f 3526/4216/5826 3524/4214/5827 3525/4215/5825
f 3527/4217/5828 3534/4218/5829 3512/4199/5805
f 3528/4219/5830 3519/4210/5818 3522/4212/5822
f 3529/4220/5831 3522/4212/5822 3523/4213/5823
f 3530/4221/5832 3523/4213/5823 3524/4214/5827
f 3531/4222/5833 3524/4214/5827 3526/4216/5826
f 3532/4223/5834 3527/4217/5828 3519/4210/5818
f 3533/4224/5835 3530/4221/5832 3531/4222/5833
f 3535/4225/5836 3532/4223/5834 3528/4219/5830
f 3536/4226/5837 3528/4219/5830 3529/4220/5831
f 3537/4227/5838 3529/4220/5831 3530/4221/5832
f 3538/4228/5839 3530/4221/5840 3533/4224/5835
f 3539/4229/5841 3536/4226/5837 3537/4227/5838
f 3540/4230/5842 3537/4227/5838 3538/4228/5839
f 3541/4231/5843 3546/4232/5844 3527/4217/5828
f 3542/4233/5845 3527/4217/5828 3532/4223/5834
f 3543/4234/5846 3532/4223/5834 3535/4225/5847
f 3544/4235/5848 3535/4225/5849 3536/4226/5837
f 3545/4236/5850 3539/4229/5841 3540/4230/5842
f 3547/4237/5851 3544/4235/5848 3539/4229/5841
f 3548/4238/5852 3539/4229/5853 3545/4236/5850
f 3549/4239/5854 3541/4231/5843 3542/4233/5845
f 3550/4240/5855 3543/4234/5856 3544/4235/5848
f 3550/4240/5855 3544/4235/5848 3547/4237/5851
f 3551/4241/5857 3547/4237/5851 3548/4238/5852
f 3552/4242/5858 3549/4239/5854 3543/4234/5856
f 3553/4243/5859 3543/4234/5846 3550/4240/5855
f 3555/4244/5860 3550/4240/5855 3551/4241/5857
f 3556/4245/5861 3554/4246/5862 3555/4244/5860
f 3558/4247/5863 3557/4248/5864 3541/4231/5843
f 3559/4249/5865 3541/4231/5866 3549/4239/5854
f 3560/4250/5867 3549/4239/5854 3552/4242/5858
f 3561/4251/5868 3552/4242/5858 3553/4243/5859
f 3561/4251/5868 3553/4243/5859 3554/4246/5862
f 3562/4252/5869 3554/4246/5862 3556/4245/5861
f 3563/4253/5870 3560/4250/5867 3561/4251/5871
f 3565/4254/5872 3561/4251/5871 3562/4252/5873
f 3566/4255/5874 3559/4249/5865 3560/4250/5875
f 3567/4256/5876 3564/4257/5877 3565/4254/5872
f 3568/4258/5878 3566/4255/5874 3563/4253/5879
f 3568/4258/5878 3563/4253/5879 3564/4257/5877
f 3569/4259/5880 3564/4257/5881 3567/4256/5876
f 3570/4260/5882 3578/4261/5883 3558/4247/5863
f 3571/4262/5884 3558/4247/5863 3559/4249/5865
f 3572/4263/5885 3559/4249/5865 3566/4255/5874
f 3573/4264/5886 3566/4255/5874 3568/4258/5878
f 3575/4265/5887 3568/4258/5878 3569/4259/5880
f 3576/4266/5888 3573/4264/5889 3574/4267/5890
f 3577/4268/5891 3574/4267/5890 3575/4265/5892
f 3579/4269/5893 3570/4260/5894 3571/4262/5884
f 3580/4270/5895 3571/4262/5884 3572/4263/5896
f 3581/4271/5897 3572/4263/5885 3573/4264/5889
f 3582/4272/5898 3576/4266/5888 3577/4268/5891
f 3583/4273/5899 3581/4271/5897 3576/4266/5888
f 3584/4274/5900 3576/4266/5888 3582/4272/5898
f 3585/4275/5901 3591/4276/5902 3570/4260/5894
f 3586/4277/5903 3579/4269/5893 3580/4270/5895
f 3587/4278/5904 3580/4270/5895 3581/4271/5897
f 3588/4279/5905 3581/4271/5897 3583/4273/5899
f 3589/4280/5906 3583/4273/5899 3584/4274/5907
f 3590/4281/5908 3588/4279/5905 3589/4280/5906
f 3592/4282/5909 3585/4275/5910 3579/4269/5893
f 3593/4283/5911 3579/4269/5893 3586/4277/5903
f 3594/4284/5912 3586/4277/5903 3587/4278/5904
f 3595/4285/5913 3587/4278/5914 3588/4279/5905
f 3596/4286/5915 3588/4279/5916 3590/4281/5908
f 3597/4287/5917 3595/4285/5913 3596/4286/5915
f 3593/4283/5911 3594/4284/5918 3598/4288/5919
f 3598/4288/5919 3595/4285/5913 3599/4289/5920
f 3599/4289/5920 3597/4287/5917 3600/4290/5921
f 3608/4291/5922 3585/4275/5910 3601/4292/5923
f 3601/4292/5924 3592/4282/5909 3602/4293/5925
f 3602/4293/5925 3593/4283/5926 3603/4294/5927
f 3599/4289/5920 3600/4290/5921 3604/4295/5928
f 3603/4294/5927 3598/4288/5919 3605/4296/5929
f 3605/4296/5929 3599/4289/5920 3606/4297/5930
f 3606/4297/5930 3604/4295/5928 3607/4298/5931
f 3601/4292/5924 3602/4293/5925 3609/4299/5932
f 3609/4299/5932 3603/4294/5927 3610/4300/5933
f 3606/4297/5930 3607/4298/5931 3611/4301/5934
f 3626/4302/5935 3601/4292/5923 3612/4303/5936
f 3610/4300/5933 3605/4296/5929 3613/4304/5937
f 3613/4304/5937 3606/4297/5930 3614/4305/5938
f 3614/4305/5938 3611/4301/5934 3615/4306/5939
f 3609/4299/5940 3610/4300/5933 3616/4307/5941
f 3614/4305/5938 3615/4306/5939 3617/4308/5942
f 3616/4307/5943 3613/4304/5937 3618/4309/5944
f 3618/4309/5945 3617/4308/5942 3619/4310/5946
f 3612/4303/5936 3609/4299/5932 3620/4311/5947
f 3620/4311/5948 3616/4307/5943 3621/4312/5949
f 3621/4312/5949 3618/4309/5944 3622/4313/5950
f 3622/4313/5951 3618/4309/5944 3623/4314/5952
f 3623/4314/5953 3619/4310/5946 3624/4315/5954
f 3623/4314/5952 3624/4315/5954 3625/4316/5955
f 3612/4303/5936 3620/4311/5948 3627/4317/5956
f 3627/4317/5956 3621/4312/5949 3628/4318/5957
f 3628/4318/5957 3622/4313/5958 3629/4319/5959
f 3629/4319/5959 3625/4316/5955 3630/4320/5960
f 3641/4321/5961 3612/4303/5936 3631/4322/5962
f 3628/4318/5957 3629/4319/5959 3632/4323/5963
f 3632/4323/5963 3629/4319/5959 3633/4324/5964
f 3633/4324/5965 3630/4320/5960 3634/4325/5966
f 3633/4324/5965 3634/4325/5967 3635/4326/5968
f 3631/4322/5969 3627/4317/5956 3636/4327/5970
f 3636/4327/5970 3628/4318/5957 3637/4328/5971
f 3637/4328/5971 3632/4323/5963 3638/4329/5972
f 3638/4329/5972 3633/4324/5964 3639/4330/5973
f 3639/4330/5973 3635/4326/5968 3640/4331/5974
f 3639/4330/5975 3640/4331/5976 3642/4332/5977
f 3650/4333/5978 3631/4322/5962 3643/4334/5979
f 3643/4334/5979 3636/4327/5970 3644/4335/5980
f 3644/4335/5981 3637/4328/5982 3645/4336/5983
f 3645/4336/5984 3638/4329/5972 3646/4337/5985
f 3646/4337/5985 3639/4330/5973 3647/4338/5986
f 3647/4338/5986 3642/4332/5977 3648/4339/5987
f 3647/4338/5986 3648/4339/5987 3649/4340/5988
f 3645/4336/5984 3646/4337/5985 3651/4341/5989
f 3651/4341/5989 3649/4340/5988 3652/4342/5990
f 3667/4343/5991 3643/4334/5979 3653/4344/5992
f 3653/4344/5992 3644/4335/5981 3654/4345/5993
f 3654/4345/5993 3645/4336/5983 3655/4346/5994
f 3655/4346/5994 3651/4341/5989 3656/4347/5995
f 3656/4347/5996 3651/4341/5989 3657/4348/5997
f 3657/4348/5997 3652/4342/5990 3658/4349/5998
f 3657/4348/5997 3658/4349/5999 3659/4350/6000
f 3653/4344/5992 3654/4345/5993 3660/4351/6001
f 3660/4351/6001 3655/4346/6002 3661/4352/6003
f 3661/4352/6003 3656/4347/5996 3662/4353/6004
f 3662/4353/6005 3659/4350/6000 3663/4354/6006
f 3661/4352/6003 3662/4353/6004 3664/4355/6007
f 3664/4355/6007 3662/4353/6005 3665/4356/6008
f 3665/4356/6008 3663/4354/6006 3666/4357/6009
f 3668/4358/6010 3667/4343/5991 3653/4344/6011
f 3665/4356/6008 3666/4357/6009 3669/4359/6012
f 3668/4358/6010 3660/4351/6013 3670/4360/6014
f 3670/4360/6015 3661/4352/6003 3671/4361/6016
f 3671/4361/6016 3664/4355/6007 3672/4362/6017
f 3672/4362/6017 3669/4359/6012 3673/4363/6018
f 3674/4364/6019 3670/4360/6014 3671/4361/6016
f 3675/4365/6020 3671/4361/6016 3672/4362/6017
f 3677/4366/6021 3672/4362/6017 3673/4363/6022
f 3678/4367/6023 3676/4368/6024 3677/4366/6025
f 3679/4369/6026 3668/4358/6010 3670/4360/6014
f 3680/4370/6027 3674/4364/6019 3675/4365/6020
f 3681/4371/6028 3675/4365/6020 3676/4368/6024
f 3682/4372/6029 3676/4368/6030 3678/4367/6023
f 3684/4373/6031 3679/4369/6032 3674/4364/6019
f 3685/4374/6033 3681/4371/6028 3682/4372/6029
f 3686/4375/6034 3683/4376/6035 3668/4358/6010
f 3687/4377/6036 3684/4373/6031 3680/4370/6027
f 3688/4378/6037 3680/4370/6027 3681/4371/6028
f 3689/4379/6038 3681/4371/6028 3685/4374/6033
f 3690/4380/6039 3686/4375/6040 3679/4369/6041
f 3691/4381/6042 3679/4369/6032 3684/4373/6031
f 3692/4382/6043 3688/4378/6037 3689/4379/6038
f 3694/4383/6044 3691/4381/6042 3687/4377/6036
f 3695/4384/6045 3687/4377/6036 3688/4378/6037
f 3696/4385/6046 3688/4378/6037 3692/4382/6047
f 3697/4386/6048 3690/4380/6039 3691/4381/6042
f 3698/4387/6049 3695/4384/6050 3696/4385/6046
f 3699/4388/6051 3707/4389/6052 3686/4375/6040
f 3700/4390/6053 3686/4375/6040 3690/4380/6039
f 3701/4391/6054 3697/4386/6048 3694/4383/6044
f 3701/4391/6054 3694/4383/6044 3695/4384/6045
f 3702/4392/6055 3695/4384/6050 3698/4387/6056
f 3703/4393/6057 3700/4390/6053 3697/4386/6058
f 3704/4394/6059 3697/4386/6058 3701/4391/6054
f 3706/4395/6060 3701/4391/6054 3702/4392/6055
f 3708/4396/6061 3705/4397/6062 3706/4395/6063
f 3709/4398/6064 3703/4393/6065 3704/4394/6066
f 3709/4398/6067 3704/4394/6066 3705/4397/6062
f 3710/4399/6068 3705/4397/6062 3708/4396/6061
f 3711/4400/6069 3724/4401/6070 3699/4388/6051
f 3712/4402/6071 3699/4388/6051 3700/4390/6053
f 3713/4403/6072 3700/4390/6053 3703/4393/6057
f 3714/4404/6073 3703/4393/6057 3709/4398/6064
f 3716/4405/6074 3709/4398/6067 3710/4399/6075
f 3717/4406/6076 3715/4407/6077 3716/4405/6074
f 3718/4408/6078 3713/4403/6072 3714/4404/6079
f 3719/4409/6080 3714/4404/6073 3715/4407/6081
f 3720/4410/6082 3715/4407/6081 3717/4406/6076
f 3721/4411/6083 3724/4401/6084 3711/4400/6069
f 3722/4412/6085 3712/4402/6071 3713/4403/6086
f 3723/4413/6087 3719/4409/6088 3720/4410/6089
f 3725/4414/6090 3721/4411/6083 3712/4402/6071
f 3726/4415/6091 3722/4412/6092 3718/4408/6078
f 3727/4416/6093 3718/4408/6078 3719/4409/6080
f 3728/4417/6094 3719/4409/6080 3723/4413/6095
f 3729/4418/6096 3725/4414/6090 3722/4412/6092
f 3730/4419/6097 3727/4416/6093 3728/4417/6098
f 3731/4420/6099 3729/4418/6096 3726/4415/6100
f 3732/4421/6101 3726/4415/6091 3727/4416/6093
f 3733/4422/6102 3727/4416/6093 3730/4419/6097
f 3734/4423/6103 3732/4421/6101 3733/4422/6102
f 3736/4424/6104 3721/4411/6083 3725/4414/6090
f 3737/4425/6105 3725/4414/6106 3729/4418/6107
f 3738/4426/6108 3729/4418/6107 3731/4420/6099
f 3739/4427/6109 3731/4420/6099 3732/4421/6101
f 3740/4428/6110 3732/4421/6101 3734/4423/6103
f 3741/4429/6111 3739/4427/6109 3740/4428/6110
f 3742/4430/6112 3746/4431/6113 3721/4411/6083
f 3737/4425/6105 3738/4426/6108 3743/4432/6114
f 3743/4432/6115 3739/4427/6116 3744/4433/6117
f 3744/4433/6118 3741/4429/6111 3745/4434/6119
f 3736/4424/6104 3737/4425/6120 3747/4435/6121
f 3743/4432/6114 3744/4433/6117 3748/4436/6122
f 3748/4436/6122 3745/4434/6119 3749/4437/6123
f 3742/4430/6124 3736/4424/6104 3750/4438/6125
f 3747/4435/6121 3743/4432/6114 3751/4439/6126
f 3748/4436/6122 3749/4437/6127 3752/4440/6128
f 3750/4438/6125 3747/4435/6121 3753/4441/6129
f 3751/4439/6126 3748/4436/6122 3754/4442/6130
f 3754/4442/6130 3752/4440/6128 3755/4443/6131
f 3764/4444/6132 3742/4430/6112 3756/4445/6133
f 3756/4445/6134 3750/4438/6135 3757/4446/6136
f 3753/4441/6129 3751/4439/6126 3758/4447/6137
f 3758/4447/6137 3755/4443/6138 3759/4448/6139
f 3757/4446/6136 3753/4441/6129 3760/4449/6140
f 3760/4449/6140 3758/4447/6141 3761/4450/6142
f 3761/4450/6142 3758/4447/6137 3762/4451/6143
f 3762/4451/6144 3759/4448/6139 3763/4452/6145
f 3762/4451/6144 3763/4452/6145 3765/4453/6146
f 3757/4446/6136 3760/4449/6140 3766/4454/6147
f 3766/4454/6148 3761/4450/6149 3767/4455/6150
f 3767/4455/6150 3762/4451/6144 3768/4456/6151
f 3768/4456/6151 3765/4453/6146 3769/4457/6152
f 3776/4458/6153 3756/4445/6133 3770/4459/6154
f 3770/4459/6154 3757/4446/6136 3771/4460/6155
f 3768/4456/6151 3769/4457/6156 3772/4461/6157
f 3766/4454/6147 3767/4455/6158 3773/4462/6159
f 3773/4462/6159 3768/4456/6160 3774/4463/6161
f 3774/4463/6161 3772/4461/6157 3775/4464/6162
f 3771/4460/6155 3766/4454/6147 3777/4465/6163
f 3774/4463/6161 3775/4464/6162 3778/4466/6164
f 3792/4467/6165 3770/4459/6154 3779/4468/6166
f 3779/4468/6166 3771/4460/6155 3780/4469/6167
f 3777/4465/6163 3773/4462/6159 3781/4470/6168
f 3781/4470/6168 3778/4466/6169 3782/4471/6170
f 3780/4469/6167 3777/4465/6163 3783/4472/6171
f 3783/4472/6171 3781/4470/6168 3784/4473/6172
f 3784/4473/6173 3781/4470/6168 3785/4474/6174
f 3785/4474/6174 3782/4471/6170 3786/4475/6175
f 3785/4474/6174 3786/4475/6176 3787/4476/6177
f 3779/4468/6166 3780/4469/6167 3788/4477/6178
f 3788/4477/6179 3783/4472/6171 3789/4478/6180
f 3789/4478/6180 3784/4473/6173 3790/4479/6181
f 3790/4479/6181 3787/4476/6177 3791/4480/6182
f 3792/4467/6183 3779/4468/6166 3793/4198/5804
f 3789/4478/6184 3790/4479/6181 3794/4481/6185
f 3794/4481/6185 3790/4479/6186 3795/4482/6187
f 3795/4482/6188 3791/4480/6182 3796/4483/6189
f 3795/4482/6187 3796/4483/6190 3797/4484/6191
f 3793/4198/5804 3788/4477/6178 3798/4200/6192
f 3798/4200/6192 3789/4478/6180 3799/4201/6193
f 3799/4201/6193 3794/4481/6185 3800/4203/5809
f 3800/4203/5809 3795/4482/6194 3801/4485/6195
f 3801/4485/6196 3797/4484/6191 3802/4486/6197
f 3801/4485/6196 3802/4486/6198 3510/4205/5812
f 3512/4199/5805 3793/4198/5804 3798/4200/6192
f 3513/4202/5808 3799/4201/6193 3800/4203/5809
f 3514/4204/5810 3800/4203/5809 3801/4485/6196
f 3514/4204/5810 3801/4485/6196 3510/4205/5812
f 3521/4487/6199 3511/4197/5803 3512/4199/5805
f 3517/4208/5819 3514/4204/5810 3515/4206/5813
f 3519/4210/5818 3798/4200/5806 3513/4202/5808
f 3522/4212/5822 3513/4202/5808 3516/4207/5814
f 3523/4213/5823 3516/4207/5814 3517/4208/5819
f 3524/4214/5827 3517/4208/5819 3520/4211/5820
f 3512/4199/5805 3534/4218/6200 3521/4487/6201
f 3519/4210/5818 3527/4217/5828 3512/4199/5805
f 3529/4220/5831 3528/4219/5830 3522/4212/5822
f 3530/4221/5832 3529/4220/5831 3523/4213/5823
f 3531/4222/5833 3530/4221/5832 3524/4214/5827
f 3528/4219/5830 3532/4223/5834 3519/4210/5818
f 3536/4226/5837 3535/4225/5849 3528/4219/5830
f 3537/4227/5838 3536/4226/5837 3529/4220/5831
f 3538/4228/5839 3537/4227/5838 3530/4221/5832
f 3527/4217/5828 3546/4232/6202 3534/4218/5829
f 3540/4230/5842 3539/4229/5841 3537/4227/5838
f 3542/4233/5845 3541/4231/5843 3527/4217/5828
f 3543/4234/5846 3542/4233/5845 3532/4223/5834
f 3544/4235/5848 3543/4234/6203 3535/4225/5836
f 3539/4229/5853 3544/4235/5848 3536/4226/6204
f 3548/4238/5852 3547/4237/5851 3539/4229/6205
f 3541/4231/5843 3557/4248/5864 3546/4232/5844
f 3543/4234/6206 3549/4239/5854 3542/4233/5845
f 3551/4241/5857 3550/4240/5855 3547/4237/5851
f 3553/4243/5859 3552/4242/5858 3543/4234/5856
f 3554/4246/5862 3553/4243/5859 3550/4240/5855
f 3555/4244/5860 3554/4246/5862 3550/4240/5855
f 3559/4249/5865 3558/4247/5863 3541/4231/5843
f 3560/4250/5867 3559/4249/5865 3549/4239/5854
f 3561/4251/5871 3560/4250/5875 3552/4242/5858
f 3562/4252/6207 3561/4251/5868 3554/4246/5862
f 3558/4247/5863 3578/4261/6208 3557/4248/5864
f 3564/4257/5877 3563/4253/5879 3561/4251/5868
f 3565/4254/5872 3564/4257/5881 3561/4251/5868
f 3563/4253/6209 3566/4255/6210 3560/4250/5875
f 3569/4259/5880 3568/4258/5878 3564/4257/5881
f 3571/4262/5884 3570/4260/5882 3558/4247/5863
f 3572/4263/5885 3571/4262/5884 3559/4249/5865
f 3573/4264/6211 3572/4263/5885 3566/4255/5874
f 3574/4267/5890 3573/4264/5889 3568/4258/6212
f 3575/4265/5887 3574/4267/6213 3568/4258/6212
f 3577/4268/5891 3576/4266/5888 3574/4267/5890
f 3580/4270/5895 3579/4269/5893 3571/4262/5884
f 3581/4271/5897 3580/4270/5895 3572/4263/5896
f 3576/4266/5888 3581/4271/5897 3573/4264/6211
f 3570/4260/5894 3591/4276/6214 3578/4261/5883
f 3584/4274/5907 3583/4273/5899 3576/4266/6215
f 3579/4269/5893 3585/4275/5901 3570/4260/5894
f 3587/4278/5914 3586/4277/5903 3580/4270/5895
f 3588/4279/5905 3587/4278/5904 3581/4271/5897
f 3589/4280/6216 3588/4279/5916 3583/4273/5899
f 3593/4283/5911 3592/4282/5909 3579/4269/5893
f 3594/4284/5912 3593/4283/5926 3586/4277/5903
f 3595/4285/5913 3594/4284/5912 3587/4278/5904
f 3596/4286/5915 3595/4285/5913 3588/4279/5905
f 3585/4275/5901 3608/4291/5922 3591/4276/5902
f 3598/4288/5919 3594/4284/5912 3595/4285/5913
f 3599/4289/5920 3595/4285/5913 3597/4287/5917
f 3601/4292/5924 3585/4275/5910 3592/4282/5909
f 3602/4293/5925 3592/4282/5909 3593/4283/5926
f 3603/4294/6217 3593/4283/5926 3598/4288/5919
f 3605/4296/5929 3598/4288/5919 3599/4289/5920
f 3606/4297/5930 3599/4289/5920 3604/4295/6218
f 3609/4299/5932 3602/4293/5925 3603/4294/5927
f 3610/4300/5933 3603/4294/5927 3605/4296/5929
f 3626/4302/6219 3608/4291/6220 3601/4292/5924
f 3612/4303/5936 3601/4292/5924 3609/4299/5932
f 3613/4304/5937 3605/4296/5929 3606/4297/5930
f 3614/4305/5938 3606/4297/5930 3611/4301/5934
f 3616/4307/5943 3610/4300/5933 3613/4304/5937
f 3618/4309/5945 3613/4304/5937 3614/4305/5938
f 3618/4309/5944 3614/4305/5938 3617/4308/5942
f 3620/4311/5948 3609/4299/5940 3616/4307/5943
f 3621/4312/5949 3616/4307/5941 3618/4309/5944
f 3623/4314/5953 3618/4309/5944 3619/4310/5946
f 3627/4317/5956 3620/4311/5948 3621/4312/5949
f 3628/4318/5957 3621/4312/5949 3622/4313/5950
f 3629/4319/5959 3622/4313/5950 3623/4314/5952
f 3629/4319/5959 3623/4314/5952 3625/4316/5955
f 3641/4321/5961 3626/4302/6221 3612/4303/5936
f 3631/4322/5962 3612/4303/5936 3627/4317/5956
f 3633/4324/5964 3629/4319/5959 3630/4320/5960
f 3636/4327/5970 3627/4317/5956 3628/4318/5957
f 3637/4328/5982 3628/4318/5957 3632/4323/5963
f 3638/4329/5972 3632/4323/5963 3633/4324/5965
f 3639/4330/5973 3633/4324/5965 3635/4326/5968
f 3650/4333/6222 3641/4321/5961 3631/4322/6223
f 3643/4334/5979 3631/4322/5962 3636/4327/5970
f 3644/4335/5981 3636/4327/5970 3637/4328/5971
f 3645/4336/5983 3637/4328/5971 3638/4329/5972
f 3646/4337/5985 3638/4329/5972 3639/4330/5973
f 3647/4338/5986 3639/4330/5973 3642/4332/5977
f 3651/4341/5989 3646/4337/5985 3647/4338/5986
f 3651/4341/5989 3647/4338/5986 3649/4340/5988
f 3667/4343/5991 3650/4333/5978 3643/4334/5979
f 3653/4344/5992 3643/4334/5979 3644/4335/5981
f 3654/4345/5993 3644/4335/5981 3645/4336/5983
f 3655/4346/5994 3645/4336/5984 3651/4341/5989
f 3657/4348/5997 3651/4341/5989 3652/4342/5990
f 3660/4351/6001 3654/4345/5993 3655/4346/6002
f 3661/4352/6003 3655/4346/5994 3656/4347/5996
f 3662/4353/6004 3656/4347/5996 3657/4348/5997
f 3662/4353/6004 3657/4348/5997 3659/4350/6000
f 3665/4356/6008 3662/4353/6004 3663/4354/6006
f 3668/4358/6010 3653/4344/6224 3660/4351/6001
f 3683/4376/6225 3667/4343/5991 3668/4358/6010
f 3670/4360/6014 3660/4351/6001 3661/4352/6003
f 3671/4361/6016 3661/4352/6003 3664/4355/6007
f 3672/4362/6226 3664/4355/6007 3665/4356/6008
f 3672/4362/6017 3665/4356/6008 3669/4359/6012
f 3675/4365/6020 3674/4364/6019 3671/4361/6016
f 3676/4368/6024 3675/4365/6020 3672/4362/6017
f 3677/4366/6025 3676/4368/6030 3672/4362/6017
f 3674/4364/6227 3679/4369/6032 3670/4360/6015
f 3681/4371/6028 3680/4370/6027 3675/4365/6020
f 3682/4372/6029 3681/4371/6228 3676/4368/6030
f 3680/4370/6027 3684/4373/6031 3674/4364/6019
f 3686/4375/6040 3693/4488/6229 3683/4376/6230
f 3679/4369/6032 3686/4375/6040 3668/4358/6010
f 3688/4378/6037 3687/4377/6231 3680/4370/6027
f 3689/4379/6038 3688/4378/6232 3681/4371/6228
f 3691/4381/6042 3690/4380/6039 3679/4369/6041
f 3687/4377/6036 3691/4381/6042 3684/4373/6031
f 3695/4384/6045 3694/4383/6044 3687/4377/6036
f 3696/4385/6046 3695/4384/6050 3688/4378/6037
f 3686/4375/6034 3707/4389/6052 3693/4488/6233
f 3694/4383/6044 3697/4386/6058 3691/4381/6042
f 3700/4390/6053 3699/4388/6051 3686/4375/6034
f 3697/4386/6048 3700/4390/6053 3690/4380/6039
f 3702/4392/6055 3701/4391/6054 3695/4384/6050
f 3704/4394/6066 3703/4393/6065 3697/4386/6058
f 3705/4397/6062 3704/4394/6066 3701/4391/6054
f 3706/4395/6063 3705/4397/6062 3701/4391/6054
f 3699/4388/6051 3724/4401/6084 3707/4389/6052
f 3710/4399/6068 3709/4398/6067 3705/4397/6062
f 3712/4402/6071 3711/4400/6234 3699/4388/6051
f 3713/4403/6072 3712/4402/6071 3700/4390/6053
f 3714/4404/6079 3713/4403/6072 3703/4393/6065
f 3715/4407/6081 3714/4404/6073 3709/4398/6067
f 3716/4405/6074 3715/4407/6081 3709/4398/6067
f 3719/4409/6080 3718/4408/6078 3714/4404/6079
f 3720/4410/6089 3719/4409/6080 3715/4407/6081
f 3712/4402/6071 3721/4411/6083 3711/4400/6234
f 3718/4408/6078 3722/4412/6085 3713/4403/6086
f 3722/4412/6085 3725/4414/6090 3712/4402/6071
f 3727/4416/6093 3726/4415/6100 3718/4408/6235
f 3728/4417/6094 3727/4416/6093 3719/4409/6080
f 3721/4411/6083 3735/4489/6236 3724/4401/6070
f 3726/4415/6091 3729/4418/6107 3722/4412/6085
f 3732/4421/6101 3731/4420/6099 3726/4415/6091
f 3733/4422/6102 3732/4421/6101 3727/4416/6093
f 3737/4425/6105 3736/4424/6104 3725/4414/6090
f 3738/4426/6108 3737/4425/6120 3729/4418/6096
f 3739/4427/6116 3738/4426/6108 3731/4420/6099
f 3740/4428/6110 3739/4427/6116 3732/4421/6101
f 3721/4411/6083 3746/4431/6237 3735/4489/6236
f 3742/4430/6124 3721/4411/6083 3736/4424/6104
f 3743/4432/6114 3738/4426/6108 3739/4427/6116
f 3744/4433/6117 3739/4427/6109 3741/4429/6111
f 3747/4435/6121 3737/4425/6120 3743/4432/6115
f 3748/4436/6122 3744/4433/6117 3745/4434/6119
f 3764/4444/6238 3746/4431/6239 3742/4430/6112
f 3750/4438/6135 3736/4424/6104 3747/4435/6121
f 3751/4439/6126 3743/4432/6114 3748/4436/6122
f 3753/4441/6240 3747/4435/6121 3751/4439/6126
f 3754/4442/6130 3748/4436/6122 3752/4440/6128
f 3756/4445/6134 3742/4430/6124 3750/4438/6125
f 3757/4446/6136 3750/4438/6125 3753/4441/6129
f 3758/4447/6137 3751/4439/6126 3754/4442/6241
f 3758/4447/6137 3754/4442/6130 3755/4443/6131
f 3760/4449/6140 3753/4441/6129 3758/4447/6137
f 3762/4451/6144 3758/4447/6137 3759/4448/6139
f 3776/4458/6242 3764/4444/6243 3756/4445/6133
f 3766/4454/6147 3760/4449/6140 3761/4450/6142
f 3767/4455/6158 3761/4450/6149 3762/4451/6144
f 3768/4456/6151 3762/4451/6144 3765/4453/6146
f 3770/4459/6154 3756/4445/6133 3757/4446/6136
f 3771/4460/6155 3757/4446/6136 3766/4454/6147
f 3773/4462/6159 3767/4455/6150 3768/4456/6151
f 3774/4463/6161 3768/4456/6151 3772/4461/6244
f 3777/4465/6163 3766/4454/6147 3773/4462/6159
f 3792/4467/6245 3776/4458/6246 3770/4459/6154
f 3779/4468/6166 3770/4459/6154 3771/4460/6155
f 3780/4469/6167 3771/4460/6155 3777/4465/6163
f 3781/4470/6168 3773/4462/6159 3774/4463/6161
f 3781/4470/6168 3774/4463/6161 3778/4466/6164
f 3783/4472/6247 3777/4465/6163 3781/4470/6168
f 3785/4474/6174 3781/4470/6168 3782/4471/6248
f 3788/4477/6178 3780/4469/6167 3783/4472/6247
f 3789/4478/6180 3783/4472/6171 3784/4473/6172
f 3790/4479/6181 3784/4473/6172 3785/4474/6174
f 3790/4479/6181 3785/4474/6174 3787/4476/6177
f 3793/4198/5804 3779/4468/6166 3788/4477/6179
f 3795/4482/6194 3790/4479/6181 3791/4480/6182
f 3511/4197/6249 3792/4467/6245 3793/4198/6250
f 3798/4200/6192 3788/4477/6178 3789/4478/6180
f 3799/4201/6193 3789/4478/6184 3794/4481/6185
f 3800/4203/5809 3794/4481/6251 3795/4482/6187
f 3801/4485/6196 3795/4482/6187 3797/4484/6191
f 3895/4206/6252 3803/4490/6253 3804/4491/6254
f 3804/4492/6254 3894/4493/6255 3896/4494/6256
f 3897/4209/6257 3804/4491/6258 3805/4495/6259
f 3805/4496/6259 3896/4494/6256 3898/4497/6260
f 3899/4211/6261 3805/4495/6259 3806/4498/6262
f 3806/4499/6262 3898/4497/6260 3900/4500/6263
f 3901/4215/6264 3806/4498/6265 3807/4501/6266
f 3807/4502/6266 3900/4500/6263 3902/4503/6267
f 3808/4504/6268 3901/4215/6269 3807/4501/6270
f 3904/4505/6271 3807/4502/6266 3902/4503/6267
f 3809/4506/6272 3903/4216/6273 3808/4504/6274
f 3906/4507/6275 3808/4508/6274 3904/4505/6271
f 3810/4509/6276 3905/4222/6277 3809/4506/6278
f 3908/4510/6279 3809/4511/6278 3906/4507/6275
f 3811/4512/6280 3907/4224/6281 3810/4509/6282
f 3910/4513/6283 3810/4514/6282 3908/4510/6279
f 3812/4515/6284 3909/4228/6285 3811/4512/6286
f 3912/4516/6287 3811/4517/6288 3910/4513/6283
f 3813/4518/6289 3911/4230/6290 3812/4515/6291
f 3914/4519/6292 3812/4520/6293 3912/4516/6287
f 3814/4521/6294 3913/4236/6295 3813/4518/6296
f 3916/4522/6297 3813/4523/6298 3914/4519/6292
f 3815/4524/6299 3915/4238/6300 3814/4521/6301
f 3918/4525/6302 3814/4526/6303 3916/4527/6297
f 3816/4528/6304 3917/4241/6305 3815/4524/6306
f 3920/4529/6307 3815/4530/6308 3918/4525/6302
f 3817/4531/6309 3919/4244/6310 3816/4528/6304
f 3922/4532/6311 3816/4533/6312 3920/4529/6307
f 3818/4534/6313 3921/4245/6314 3817/4531/6315
f 3924/4535/6316 3817/4536/6315 3922/4532/6311
f 3819/4537/6317 3923/4252/6318 3818/4534/6319
f 3926/4538/6320 3818/4539/6313 3924/4535/6316
f 3820/4540/6321 3925/4254/6322 3819/4537/6323
f 3928/4541/6324 3819/4542/6317 3926/4538/6325
f 3821/4543/6326 3927/4256/6327 3820/4540/6328
f 3930/4544/6329 3820/4545/6321 3928/4541/6324
f 3822/4546/6330 3929/4259/6331 3821/4543/6332
f 3932/4547/6333 3821/4548/6326 3930/4544/6329
f 3823/4549/6334 3931/4265/6335 3822/4546/6336
f 3934/4550/6337 3822/4551/6338 3932/4547/6333
f 3824/4552/6339 3933/4268/6340 3823/4549/6341
f 3936/4553/6342 3823/4554/6341 3934/4550/6337
f 3825/4555/6343 3935/4272/6344 3824/4552/6345
f 3938/4556/6346 3824/4557/6347 3936/4553/6342
f 3826/4558/6348 3937/4274/6349 3825/4555/6350
f 3940/4559/6351 3825/4560/6352 3938/4556/6346
f 3827/4561/6353 3939/4280/6354 3826/4558/6355
f 3942/4562/6356 3826/4563/6357 3940/4559/6358
f 3828/4564/6359 3941/4281/6360 3827/4561/6361
f 3944/4565/6362 3827/4566/6363 3942/4562/6356
f 3829/4567/6364 3943/4286/6365 3828/4564/6366
f 3946/4568/6367 3828/4569/6366 3944/4565/6362
f 3947/4290/6368 3829/4567/6369 3830/4570/6370
f 3830/4571/6370 3946/4568/6367 3948/4572/6371
f 3949/4295/6372 3830/4570/6373 3831/4573/6374
f 3831/4574/6375 3948/4572/6371 3950/4575/6376
f 3951/4298/6377 3831/4573/6378 3832/4576/6379
f 3832/4577/6379 3950/4575/6376 3952/4578/6380
f 3953/4301/6381 3832/4576/6382 3833/4579/6383
f 3833/4580/6383 3952/4578/6380 3954/4581/6384
f 3955/4306/6385 3833/4579/6386 3834/4582/6387
f 3834/4583/6387 3954/4581/6384 3956/4584/6388
f 3957/4308/6389 3834/4582/6390 3835/4585/6391
f 3835/4586/6391 3956/4584/6388 3958/4587/6392
f 3959/4310/6393 3835/4585/6394 3836/4588/6395
f 3836/4589/6395 3958/4587/6396 3960/4590/6397
f 3961/4315/6398 3836/4588/6399 3837/4591/6400
f 3837/4592/6400 3960/4590/6397 3962/4593/6401
f 3963/4316/6402 3837/4591/6400 3838/4594/6403
f 3838/4595/6404 3962/4596/6401 3964/4597/6405
f 3965/4320/6406 3838/4594/6407 3839/4598/6408
f 3839/4599/6409 3964/4597/6405 3966/4600/6410
f 3967/4325/6411 3839/4598/6409 3840/4601/6412
f 3840/4602/6413 3966/4600/6410 3968/4603/6414
f 3969/4326/6415 3840/4601/6413 3841/4604/6416
f 3841/4605/6417 3968/4603/6414 3970/4606/6418
f 3971/4331/6419 3841/4604/6420 3842/4607/6421
f 3842/4608/6422 3970/4606/6423 3972/4609/6424
f 3973/4332/6425 3842/4607/6426 3843/4610/6427
f 3843/4611/6428 3972/4609/6424 3974/4612/6429
f 3975/4339/6430 3843/4610/6431 3844/4613/6432
f 3844/4614/6433 3974/4612/6429 3976/4615/6434
f 3977/4340/6435 3844/4613/6436 3845/4616/6437
f 3845/4617/6438 3976/4615/6434 3978/4618/6439
f 3979/4342/6440 3845/4616/6438 3846/4619/6441
f 3846/4620/6442 3978/4618/6443 3980/4621/6444
f 3981/4349/6445 3846/4619/6446 3847/4622/6447
f 3847/4623/6448 3980/4621/6444 3982/4624/6449
f 3983/4350/6450 3847/4622/6447 3848/4625/6451
f 3848/4626/6451 3982/4624/6449 3984/4627/6452
f 3985/4354/6453 3848/4625/6454 3849/4628/6455
f 3849/4629/6455 3984/4627/6452 3986/4630/6456
f 3987/4357/6457 3849/4628/6458 3850/4631/6459
f 3850/4632/6459 3986/4630/6456 3988/4633/6460
f 3989/4359/6461 3850/4631/6459 3851/4634/6462
f 3851/4635/6462 3988/4633/6460 3990/4636/6463
f 3991/4363/6464 3851/4634/6465 3852/4637/6466
f 3852/4638/6466 3990/4636/6463 3992/4639/6467
f 3853/4640/6468 3991/4363/6469 3852/4637/6470
f 3994/4641/6471 3852/4638/6466 3992/4639/6467
f 3854/4642/6472 3993/4366/6473 3853/4640/6474
f 3996/4643/6475 3853/4644/6474 3994/4641/6471
f 3855/4645/6476 3995/4367/6477 3854/4642/6478
f 3998/4646/6479 3854/4647/6478 3996/4643/6475
f 3856/4648/6480 3997/4372/6481 3855/4645/6482
f 4000/4649/6483 3855/4650/6482 3998/4646/6479
f 3857/4651/6484 3999/4374/6485 3856/4648/6486
f 4002/4652/6487 3856/4653/6488 4000/4649/6483
f 3858/4654/6489 4001/4379/6490 3857/4651/6491
f 4004/4655/6492 3857/4656/6491 4002/4652/6487
f 3859/4657/6493 4003/4382/6494 3858/4654/6495
f 4006/4658/6496 3858/4659/6497 4004/4655/6492
f 3860/4660/6498 4005/4385/6499 3859/4657/6500
f 4008/4661/6501 3859/4662/6502 4006/4663/6496
f 3861/4664/6503 4007/4387/6504 3860/4660/6505
f 4010/4665/6506 3860/4666/6507 4008/4661/6501
f 3862/4667/6508 4009/4392/6509 3861/4664/6503
f 4012/4668/6510 3861/4669/6511 4010/4665/6506
f 3863/4670/6512 4011/4395/6513 3862/4667/6508
f 4014/4671/6514 3862/4672/6508 4012/4668/6510
f 3864/4673/6515 4013/4396/6516 3863/4670/6517
f 4016/4674/6518 3863/4675/6512 4014/4671/6514
f 3865/4676/6519 4015/4399/6520 3864/4673/6521
f 4018/4677/6522 3864/4678/6515 4016/4674/6523
f 3866/4679/6524 4017/4405/6525 3865/4676/6526
f 4020/4680/6527 3865/4681/6519 4018/4677/6528
f 3867/4682/6529 4019/4406/6530 3866/4679/6531
f 4022/4683/6532 3866/4684/6524 4020/4680/6527
f 3868/4685/6533 4021/4410/6534 3867/4682/6535
f 4024/4686/6536 3867/4687/6529 4022/4683/6532
f 3869/4688/6537 4023/4413/6538 3868/4685/6539
f 4026/4689/6540 3868/4690/6539 4024/4686/6536
f 3870/4691/6541 4025/4417/6542 3869/4688/6543
f 4028/4692/6544 3869/4693/6545 4026/4689/6540
f 3871/4694/6546 4027/4419/6547 3870/4691/6548
f 4030/4695/6549 3870/4696/6550 4028/4692/6544
f 3872/4697/6551 4029/4422/6552 3871/4694/6553
f 4032/4698/6554 3871/4699/6555 4030/4695/6549
f 3873/4700/6556 4031/4423/6557 3872/4697/6558
f 4034/4701/6559 3872/4702/6560 4032/4698/6554
f 3874/4703/6561 4033/4428/6562 3873/4700/6563
f 4036/4704/6564 3873/4705/6563 4034/4701/6559
f 4037/4434/6565 3874/4703/6566 3875/4706/6567
f 3875/4707/6567 4036/4704/6564 4038/4708/6568
f 4039/4437/6569 3875/4706/6570 3876/4709/6571
f 3876/4710/6572 4038/4708/6568 4040/4711/6573
f 4041/4440/6574 3876/4709/6575 3877/4712/6576
f 3877/4713/6576 4040/4711/6573 4042/4714/6577
f 4043/4443/6578 3877/4712/6579 3878/4715/6580
f 3878/4716/6580 4042/4714/6577 4044/4717/6581
f 4045/4448/6582 3878/4715/6583 3879/4718/6584
f 3879/4719/6584 4044/4717/6585 4046/4720/6586
f 4047/4452/6587 3879/4718/6588 3880/4721/6589
f 3880/4722/6589 4046/4720/6586 4048/4723/6590
f 4049/4453/6591 3880/4721/6592 3881/4724/6593
f 3881/4725/6593 4048/4723/6590 4050/4726/6594
f 4051/4457/6595 3881/4724/6596 3882/4727/6597
f 3882/4728/6597 4050/4726/6594 4052/4729/6598
f 4053/4461/6599 3882/4727/6597 3883/4730/6600
f 3883/4731/6601 4052/4732/6598 4054/4733/6602
f 4055/4464/6603 3883/4730/6604 3884/4734/6605
f 3884/4735/6606 4054/4733/6602 4056/4736/6607
f 4057/4466/6608 3884/4734/6606 3885/4737/6609
f 3885/4738/6610 4056/4736/6607 4058/4739/6611
f 4059/4471/6612 3885/4737/6610 3886/4740/6613
f 3886/4741/6614 4058/4739/6611 4060/4742/6615
f 4061/4475/6616 3886/4740/6617 3887/4743/6618
f 3887/4744/6619 4060/4742/6620 4062/4745/6621
f 4063/4476/6622 3887/4743/6623 3888/4746/6624
f 3888/4747/6625 4062/4745/6621 4064/4748/6626
f 4065/4480/6627 3888/4746/6628 3889/4749/6629
f 3889/4750/6630 4064/4748/6626 4066/4751/6631
f 4067/4483/6632 3889/4749/6633 3890/4752/6634
f 3890/4753/6635 4066/4751/6631 4068/4754/6636
f 4069/4484/6637 3890/4752/6635 3891/4755/6638
f 3891/4756/6639 4068/4754/6640 4070/4757/6641
f 4071/4486/6642 3891/4755/6639 3892/4758/6643
f 3892/4759/6644 4070/4757/6641 4072/4760/6645
f 3893/4205/6646 3892/4758/6643 3803/4490/6647
f 3803/4761/6647 4072/4760/6645 3894/4493/6255
f 3895/4206/6252 3893/4205/6646 3803/4490/6647
f 3804/4492/6254 3803/4761/6647 3894/4493/6255
f 3897/4209/6257 3895/4206/6648 3804/4491/6254
f 3805/4496/6259 3804/4492/6254 3896/4494/6256
f 3899/4211/6261 3897/4209/6649 3805/4495/6259
f 3806/4499/6262 3805/4496/6259 3898/4497/6260
f 3901/4215/6264 3899/4211/6261 3806/4498/6262
f 3807/4502/6266 3806/4499/6262 3900/4500/6263
f 3808/4504/6274 3903/4216/6273 3901/4215/6269
f 3904/4505/6271 3808/4508/6274 3807/4502/6266
f 3809/4506/6278 3905/4222/6277 3903/4216/6273
f 3906/4507/6275 3809/4511/6278 3808/4508/6274
f 3810/4509/6276 3907/4224/6281 3905/4222/6277
f 3908/4510/6279 3810/4514/6282 3809/4511/6278
f 3811/4512/6280 3909/4228/6650 3907/4224/6281
f 3910/4513/6283 3811/4517/6288 3810/4514/6651
f 3812/4515/6284 3911/4230/6290 3909/4228/6285
f 3912/4516/6287 3812/4520/6293 3811/4517/6288
f 3813/4518/6289 3913/4236/6652 3911/4230/6290
f 3914/4519/6292 3813/4523/6298 3812/4520/6293
f 3814/4521/6653 3915/4238/6300 3913/4236/6295
f 3916/4522/6297 3814/4762/6301 3813/4523/6298
f 3815/4524/6306 3917/4241/6654 3915/4238/6300
f 3918/4525/6302 3815/4530/6655 3814/4526/6303
f 3816/4528/6656 3919/4244/6310 3917/4241/6305
f 3920/4529/6307 3816/4533/6304 3815/4530/6657
f 3817/4531/6658 3921/4245/6659 3919/4244/6310
f 3922/4532/6311 3817/4536/6309 3816/4533/6312
f 3818/4534/6313 3923/4252/6660 3921/4245/6314
f 3924/4535/6316 3818/4539/6661 3817/4536/6315
f 3819/4537/6317 3925/4254/6322 3923/4252/6318
f 3926/4538/6320 3819/4542/6317 3818/4539/6661
f 3820/4540/6321 3927/4256/6327 3925/4254/6322
f 3928/4541/6324 3820/4545/6662 3819/4542/6317
f 3821/4543/6326 3929/4259/6663 3927/4256/6327
f 3930/4544/6329 3821/4548/6326 3820/4545/6321
f 3822/4546/6338 3931/4265/6664 3929/4259/6331
f 3932/4547/6333 3822/4551/6336 3821/4548/6326
f 3823/4549/6665 3933/4268/6666 3931/4265/6335
f 3934/4550/6337 3823/4554/6341 3822/4551/6338
f 3824/4552/6667 3935/4272/6344 3933/4268/6340
f 3936/4553/6342 3824/4557/6347 3823/4554/6341
f 3825/4555/6668 3937/4274/6349 3935/4272/6344
f 3938/4556/6346 3825/4560/6352 3824/4557/6347
f 3826/4558/6669 3939/4280/6670 3937/4274/6349
f 3940/4559/6358 3826/4563/6357 3825/4560/6352
f 3827/4561/6671 3941/4281/6360 3939/4280/6354
f 3942/4562/6356 3827/4566/6361 3826/4563/6357
f 3828/4564/6359 3943/4286/6365 3941/4281/6360
f 3944/4565/6362 3828/4569/6366 3827/4566/6361
f 3829/4567/6672 3945/4287/6673 3943/4286/6365
f 3946/4568/6367 3829/4763/6672 3828/4569/6366
f 3947/4290/6368 3945/4287/6673 3829/4567/6672
f 3830/4571/6370 3829/4763/6672 3946/4568/6367
f 3949/4295/6372 3947/4290/6368 3830/4570/6373
f 3831/4574/6375 3830/4571/6370 3948/4572/6371
f 3951/4298/6377 3949/4295/6674 3831/4573/6375
f 3832/4577/6379 3831/4574/6375 3950/4575/6376
f 3953/4301/6381 3951/4298/6377 3832/4576/6382
f 3833/4580/6383 3832/4577/6379 3952/4578/6380
f 3955/4306/6385 3953/4301/6381 3833/4579/6386
f 3834/4583/6675 3833/4580/6383 3954/4581/6384
f 3957/4308/6389 3955/4306/6385 3834/4582/6676
f 3835/4586/6391 3834/4583/6387 3956/4584/6388
f 3959/4310/6393 3957/4308/6389 3835/4585/6394
f 3836/4589/6395 3835/4586/6391 3958/4587/6392
f 3961/4315/6398 3959/4310/6677 3836/4588/6395
f 3837/4592/6400 3836/4589/6395 3960/4590/6397
f 3963/4316/6402 3961/4315/6678 3837/4591/6400
f 3838/4595/6404 3837/4764/6400 3962/4596/6401
f 3965/4320/6406 3963/4316/6679 3838/4594/6407
f 3839/4599/6409 3838/4595/6404 3964/4597/6405
f 3967/4325/6411 3965/4320/6406 3839/4598/6409
f 3840/4602/6413 3839/4599/6409 3966/4600/6410
f 3969/4326/6415 3967/4325/6680 3840/4601/6413
f 3841/4605/6416 3840/4602/6413 3968/4603/6414
f 3971/4331/6419 3969/4326/6415 3841/4604/6681
f 3842/4608/6682 3841/4605/6417 3970/4606/6423
f 3973/4332/6425 3971/4331/6419 3842/4607/6683
f 3843/4611/6684 3842/4608/6426 3972/4609/6424
f 3975/4339/6430 3973/4332/6425 3843/4610/6427
f 3844/4614/6433 3843/4611/6431 3974/4612/6685
f 3977/4340/6435 3975/4339/6686 3844/4613/6433
f 3845/4617/6438 3844/4614/6432 3976/4615/6434
f 3979/4342/6440 3977/4340/6435 3845/4616/6687
f 3846/4620/6442 3845/4617/6688 3978/4618/6443
f 3981/4349/6445 3979/4342/6440 3846/4619/6689
f 3847/4623/6448 3846/4620/6442 3980/4621/6444
f 3983/4350/6450 3981/4349/6445 3847/4622/6447
f 3848/4626/6451 3847/4623/6448 3982/4624/6449
f 3985/4354/6453 3983/4350/6450 3848/4625/6451
f 3849/4629/6455 3848/4626/6451 3984/4627/6452
f 3987/4357/6457 3985/4354/6690 3849/4628/6455
f 3850/4632/6459 3849/4629/6455 3986/4630/6456
f 3989/4359/6461 3987/4357/6691 3850/4631/6459
f 3851/4635/6462 3850/4632/6459 3988/4633/6460
f 3991/4363/6464 3989/4359/6461 3851/4634/6462
f 3852/4638/6466 3851/4635/6462 3990/4636/6463
f 3853/4640/6474 3993/4366/6473 3991/4363/6469
f 3994/4641/6471 3853/4644/6474 3852/4638/6466
f 3854/4642/6478 3995/4367/6477 3993/4366/6473
f 3996/4643/6475 3854/4647/6478 3853/4644/6474
f 3855/4645/6476 3997/4372/6481 3995/4367/6477
f 3998/4646/6479 3855/4650/6482 3854/4647/6478
f 3856/4648/6480 3999/4374/6485 3997/4372/6481
f 4000/4649/6483 3856/4653/6488 3855/4650/6692
f 3857/4651/6693 4001/4379/6490 3999/4374/6485
f 4002/4652/6487 3857/4656/6491 3856/4653/6488
f 3858/4654/6694 4003/4382/6695 4001/4379/6490
f 4004/4655/6492 3858/4659/6495 3857/4656/6491
f 3859/4657/6696 4005/4385/6499 4003/4382/6494
f 4006/4658/6496 3859/4765/6500 3858/4659/6497
f 3860/4660/6697 4007/4387/6504 4005/4385/6499
f 4008/4661/6501 3860/4666/6698 3859/4662/6502
f 3861/4664/6699 4009/4392/6509 4007/4387/6700
f 4010/4665/6506 3861/4669/6503 3860/4666/6507
f 3862/4667/6701 4011/4395/6702 4009/4392/6509
f 4012/4668/6510 3862/4672/6508 3861/4669/6511
f 3863/4670/6512 4013/4396/6516 4011/4395/6513
f 4014/4671/6514 3863/4675/6703 3862/4672/6704
f 3864/4673/6515 4015/4399/6520 4013/4396/6705
f 4016/4674/6518 3864/4678/6515 3863/4675/6703
f 3865/4676/6519 4017/4405/6525 4015/4399/6520
f 4018/4677/6522 3865/4681/6706 3864/4678/6515
f 3866/4679/6524 4019/4406/6707 4017/4405/6525
f 4020/4680/6527 3866/4684/6524 3865/4681/6519
f 3867/4682/6708 4021/4410/6709 4019/4406/6530
f 4022/4683/6532 3867/4687/6529 3866/4684/6524
f 3868/4685/6710 4023/4413/6711 4021/4410/6534
f 4024/4686/6536 3868/4690/6539 3867/4687/6529
f 3869/4688/6712 4025/4417/6542 4023/4413/6538
f 4026/4689/6540 3869/4693/6545 3868/4690/6539
f 3870/4691/6713 4027/4419/6547 4025/4417/6542
f 4028/4692/6544 3870/4696/6550 3869/4693/6545
f 3871/4694/6714 4029/4422/6715 4027/4419/6547
f 4030/4695/6549 3871/4699/6555 3870/4696/6550
f 3872/4697/6716 4031/4423/6557 4029/4422/6552
f 4032/4698/6554 3872/4702/6558 3871/4699/6555
f 3873/4700/6556 4033/4428/6562 4031/4423/6557
f 4034/4701/6559 3873/4705/6563 3872/4702/6558
f 3874/4703/6566 4035/4429/6717 4033/4428/6562
f 4036/4704/6564 3874/4766/6561 3873/4705/6563
f 4037/4434/6565 4035/4429/6717 3874/4703/6561
f 3875/4707/6567 3874/4766/6561 4036/4704/6564
f 4039/4437/6569 4037/4434/6565 3875/4706/6570
f 3876/4710/6572 3875/4707/6567 4038/4708/6568
f 4041/4440/6574 4039/4437/6718 3876/4709/6575
f 3877/4713/6576 3876/4710/6572 4040/4711/6573
f 4043/4443/6578 4041/4440/6574 3877/4712/6579
f 3878/4716/6580 3877/4713/6576 4042/4714/6577
f 4045/4448/6582 4043/4443/6578 3878/4715/6583
f 3879/4719/6584 3878/4716/6580 4044/4717/6585
f 4047/4452/6587 4045/4448/6582 3879/4718/6719
f 3880/4722/6589 3879/4719/6720 4046/4720/6586
f 4049/4453/6591 4047/4452/6587 3880/4721/6721
f 3881/4725/6593 3880/4722/6589 4048/4723/6722
f 4051/4457/6595 4049/4453/6591 3881/4724/6723
f 3882/4728/6597 3881/4725/6724 4050/4726/6594
f 4053/4461/6599 4051/4457/6725 3882/4727/6597
f 3883/4731/6601 3882/4767/6597 4052/4732/6726
f 4055/4464/6603 4053/4461/6599 3883/4730/6604
f 3884/4735/6606 3883/4731/6601 4054/4733/6602
f 4057/4466/6608 4055/4464/6603 3884/4734/6606
f 3885/4738/6610 3884/4735/6606 4056/4736/6607
f 4059/4471/6612 4057/4466/6727 3885/4737/6610
f 3886/4741/6613 3885/4738/6610 4058/4739/6611
f 4061/4475/6616 4059/4471/6612 3886/4740/6728
f 3887/4744/6729 3886/4741/6614 4060/4742/6620
f 4063/4476/6622 4061/4475/6616 3887/4743/6730
f 3888/4747/6731 3887/4744/6623 4062/4745/6621
f 4065/4480/6627 4063/4476/6732 3888/4746/6733
f 3889/4750/6630 3888/4747/6628 4064/4748/6734
f 4067/4483/6632 4065/4480/6627 3889/4749/6630
f 3890/4753/6635 3889/4750/6629 4066/4751/6631
f 4069/4484/6637 4067/4483/6632 3890/4752/6735
f 3891/4756/6639 3890/4753/6736 4068/4754/6640
f 4071/4486/6642 4069/4484/6637 3891/4755/6737
f 3892/4759/6644 3891/4756/6639 4070/4757/6641
f 3893/4205/6646 4071/4486/6642 3892/4758/6643
f 3803/4761/6647 3892/4759/6644 4072/4760/6645
