# Blender 4.0.0
# www.blender.org
o GlassCup010_Clear
v 0.007962 0.045155 0.058700
v -0.015675 0.043068 0.058700
v -0.041567 0.019362 0.058700
v 0.043087 0.015682 0.060681
v 0.029460 0.035109 0.060680
v 0.045682 0.003978 0.060680
v 0.019396 0.041551 0.060680
v 0.045135 -0.007958 0.060680
v 0.007962 0.045155 0.060681
v 0.041567 -0.019362 0.060680
v -0.004016 0.045679 0.060680
v 0.035124 -0.029473 0.060681
v -0.015675 0.043068 0.060680
v -0.026286 0.037573 0.060680
v 0.015675 -0.043068 0.060680
v -0.035125 0.029473 0.060681
v -0.041567 0.019362 0.060680
v -0.007962 -0.045155 0.060681
v -0.045135 0.007959 0.060680
v -0.037552 -0.026317 0.060680
v 0.038753 0.027159 0.060680
v 0.044465 0.016184 0.060681
v 0.030402 0.036233 0.060680
v 0.047144 0.004105 0.060680
v 0.020017 0.042881 0.060680
v 0.046579 -0.008213 0.060680
v 0.008217 0.046600 0.060681
v 0.042897 -0.019982 0.060680
v -0.004144 0.047141 0.060680
v 0.036248 -0.030416 0.060681
v -0.016177 0.044446 0.060680
v 0.027127 -0.038776 0.060680
v -0.027127 0.038776 0.060680
v 0.016177 -0.044446 0.060680
v -0.036249 0.030416 0.060681
v 0.004144 -0.047141 0.060680
v -0.042897 0.019982 0.060680
v -0.008217 -0.046600 0.060681
v -0.046580 0.008213 0.060680
v -0.020017 -0.042881 0.060680
v -0.047144 -0.004105 0.060680
v -0.030403 -0.036232 0.060680
v -0.044465 -0.016184 0.060681
v -0.038753 -0.027159 0.060680
v 0.038753 0.027159 0.058673
v 0.044465 0.016184 0.058673
v 0.030402 0.036233 0.058672
v 0.047144 0.004105 0.058673
v 0.020017 0.042881 0.058673
v 0.046579 -0.008213 0.058672
v 0.008217 0.046600 0.058673
v 0.042897 -0.019982 0.058673
v -0.004144 0.047141 0.058673
v 0.036248 -0.030416 0.058673
v -0.016177 0.044446 0.058672
v 0.027127 -0.038776 0.058673
v -0.027127 0.038776 0.058673
v 0.016177 -0.044446 0.058672
v -0.036249 0.030416 0.058673
v 0.004144 -0.047141 0.058673
v -0.042897 0.019982 0.058673
v -0.008217 -0.046600 0.058673
v -0.046580 0.008213 0.058672
v -0.020017 -0.042881 0.058673
v -0.047144 -0.004105 0.058673
v -0.030403 -0.036232 0.058672
v -0.044465 -0.016184 0.058673
v -0.038753 -0.027159 0.058673
v 0.038081 0.026688 0.042150
v 0.037186 0.026061 0.025628
v 0.036291 0.025433 0.009106
v 0.035396 0.024806 -0.007416
v 0.034501 0.024178 -0.023938
v 0.033606 0.023551 -0.040460
v 0.043694 0.015904 0.042151
v 0.042667 0.015530 0.025629
v 0.041640 0.015156 0.009106
v 0.040613 0.014782 -0.007416
v 0.039586 0.014408 -0.023938
v 0.038559 0.014034 -0.040460
v 0.029875 0.035604 0.042150
v 0.029173 0.034767 0.025628
v 0.028471 0.033930 0.009106
v 0.027768 0.033093 -0.007416
v 0.027066 0.032257 -0.023938
v 0.026364 0.031419 -0.040460
v 0.046327 0.004034 0.042150
v 0.045238 0.003940 0.025628
v 0.044149 0.003845 0.009106
v 0.043060 0.003750 -0.007416
v 0.041970 0.003656 -0.023938
v 0.040881 0.003561 -0.040460
v 0.019670 0.042137 0.042150
v 0.019207 0.041147 0.025628
v 0.018745 0.040156 0.009106
v 0.018282 0.039166 -0.007416
v 0.017819 0.038175 -0.023938
v 0.017357 0.037185 -0.040460
v 0.045772 -0.008071 0.042150
v 0.044696 -0.007881 0.025628
v 0.043620 -0.007691 0.009106
v 0.042544 -0.007502 -0.007416
v 0.041468 -0.007312 -0.023938
v 0.040392 -0.007122 -0.040460
v 0.008074 0.045792 0.042151
v 0.007884 0.044716 0.025629
v 0.007695 0.043639 0.009106
v 0.007505 0.042563 -0.007416
v 0.007315 0.041486 -0.023938
v 0.007125 0.040410 -0.040460
v 0.042153 -0.019636 0.042150
v 0.041162 -0.019174 0.025628
v 0.040171 -0.018713 0.009106
v 0.039180 -0.018251 -0.007416
v 0.038189 -0.017790 -0.023938
v 0.037198 -0.017328 -0.040460
v -0.004072 0.046324 0.042150
v -0.003976 0.045235 0.025628
v -0.003880 0.044146 0.009106
v -0.003784 0.043057 -0.007416
v -0.003688 0.041968 -0.023938
v -0.003592 0.040879 -0.040460
v 0.035620 -0.029889 0.042151
v 0.034783 -0.029186 0.025629
v 0.033945 -0.028484 0.009106
v 0.033108 -0.027781 -0.007416
v 0.032271 -0.027078 -0.023938
v 0.031433 -0.026376 -0.040460
v -0.015896 0.043675 0.042150
v -0.015523 0.042648 0.025628
v -0.015149 0.041622 0.009106
v -0.014775 0.040595 -0.007416
v -0.014402 0.039568 -0.023938
v -0.014028 0.038542 -0.040460
v 0.026657 -0.038103 0.042150
v 0.026030 -0.037207 0.025628
v 0.025404 -0.036312 0.009106
v 0.024777 -0.035416 -0.007416
v 0.024151 -0.034520 -0.023938
v 0.023524 -0.033624 -0.040460
v -0.026657 0.038103 0.042150
v -0.026031 0.037207 0.025628
v -0.025404 0.036312 0.009106
v -0.024778 0.035416 -0.007416
v -0.024151 0.034520 -0.023938
v -0.023525 0.033624 -0.040460
v 0.015896 -0.043675 0.042150
v 0.015523 -0.042648 0.025628
v 0.015149 -0.041622 0.009106
v 0.014775 -0.040595 -0.007416
v 0.014402 -0.039568 -0.023938
v 0.014028 -0.038542 -0.040460
v -0.035620 0.029889 0.042151
v -0.034783 0.029186 0.025629
v -0.033945 0.028484 0.009106
v -0.033108 0.027781 -0.007416
v -0.032271 0.027078 -0.023938
v -0.031433 0.026376 -0.040460
v 0.004072 -0.046324 0.042150
v 0.003976 -0.045235 0.025628
v 0.003880 -0.044146 0.009106
v 0.003784 -0.043057 -0.007416
v 0.003688 -0.041968 -0.023938
v 0.003592 -0.040879 -0.040460
v -0.042153 0.019635 0.042150
v -0.041162 0.019174 0.025628
v -0.040171 0.018713 0.009106
v -0.039180 0.018251 -0.007416
v -0.038189 0.017790 -0.023938
v -0.037198 0.017328 -0.040460
v -0.008075 -0.045792 0.042151
v -0.007885 -0.044716 0.025629
v -0.007695 -0.043639 0.009106
v -0.007505 -0.042563 -0.007416
v -0.007315 -0.041486 -0.023938
v -0.007125 -0.040410 -0.040460
v -0.045772 0.008071 0.042150
v -0.044696 0.007881 0.025628
v -0.043620 0.007691 0.009106
v -0.042544 0.007502 -0.007416
v -0.041468 0.007312 -0.023938
v -0.040392 0.007122 -0.040460
v -0.019670 -0.042137 0.042150
v -0.019207 -0.041147 0.025628
v -0.018745 -0.040156 0.009106
v -0.018282 -0.039166 -0.007416
v -0.017820 -0.038175 -0.023938
v -0.017357 -0.037185 -0.040460
v -0.046327 -0.004034 0.042150
v -0.045238 -0.003939 0.025628
v -0.044149 -0.003845 0.009106
v -0.043060 -0.003750 -0.007416
v -0.041971 -0.003655 -0.023938
v -0.040882 -0.003561 -0.040460
v -0.029876 -0.035604 0.042150
v -0.029173 -0.034767 0.025628
v -0.028471 -0.033930 0.009106
v -0.027769 -0.033093 -0.007416
v -0.027066 -0.032256 -0.023938
v -0.026364 -0.031419 -0.040460
v -0.043694 -0.015903 0.042151
v -0.042667 -0.015530 0.025629
v -0.041640 -0.015156 0.009106
v -0.040613 -0.014782 -0.007416
v -0.039586 -0.014408 -0.023938
v -0.038559 -0.014034 -0.040460
v -0.038081 -0.026688 0.042150
v -0.037186 -0.026060 0.025628
v -0.036291 -0.025433 0.009106
v -0.035396 -0.024805 -0.007416
v -0.034501 -0.024178 -0.023938
v -0.033606 -0.023550 -0.040460
v 0.032872 0.023036 -0.053999
v 0.037717 0.013728 -0.053999
v 0.025788 0.030734 -0.054000
v 0.039989 0.003483 -0.053999
v 0.016978 0.036373 -0.053999
v 0.039510 -0.006967 -0.054000
v 0.006970 0.039528 -0.053999
v 0.036386 -0.016950 -0.053999
v -0.003514 0.039986 -0.053999
v 0.030747 -0.025800 -0.053999
v -0.013722 0.037700 -0.054000
v 0.023011 -0.032890 -0.053999
v -0.023011 0.032890 -0.053999
v 0.013722 -0.037700 -0.054000
v -0.030747 0.025800 -0.053999
v 0.003514 -0.039986 -0.053999
v -0.036386 0.016950 -0.053999
v -0.006970 -0.039528 -0.053999
v -0.039510 0.006967 -0.054000
v -0.016978 -0.036373 -0.053999
v -0.039989 -0.003483 -0.053999
v -0.025788 -0.030733 -0.054000
v -0.037717 -0.013728 -0.053999
v -0.032872 -0.023036 -0.053999
v 0.032842 0.023015 -0.060681
v 0.037682 0.013716 -0.060680
v 0.025765 0.030706 -0.060681
v 0.039953 0.003480 -0.060681
v 0.016962 0.036340 -0.060681
v 0.039474 -0.006960 -0.060681
v 0.006963 0.039492 -0.060680
v 0.036353 -0.016935 -0.060681
v -0.003511 0.039950 -0.060681
v 0.030719 -0.025776 -0.060680
v -0.013709 0.037666 -0.060681
v 0.022990 -0.032860 -0.060681
v -0.022990 0.032860 -0.060681
v 0.013709 -0.037666 -0.060681
v -0.030719 0.025776 -0.060680
v 0.003510 -0.039950 -0.060681
v -0.036353 0.016935 -0.060681
v -0.006964 -0.039492 -0.060680
v -0.039474 0.006960 -0.060681
v -0.016963 -0.036340 -0.060681
v -0.039953 -0.003480 -0.060681
v -0.025765 -0.030705 -0.060681
v -0.037683 -0.013715 -0.060680
v -0.032842 -0.023015 -0.060681
v 0.030297 0.021231 -0.060681
v 0.034762 0.012652 -0.060680
v 0.023768 0.028326 -0.060681
v 0.036856 0.003210 -0.060681
v 0.015648 0.033523 -0.060681
v 0.036414 -0.006421 -0.060681
v 0.006424 0.036431 -0.060680
v 0.033535 -0.015622 -0.060681
v -0.003239 0.036853 -0.060681
v 0.028338 -0.023778 -0.060680
v -0.012647 0.034746 -0.060681
v 0.021208 -0.030313 -0.060681
v -0.021208 0.030313 -0.060681
v 0.012646 -0.034746 -0.060681
v -0.028338 0.023778 -0.060680
v 0.003238 -0.036853 -0.060681
v -0.033535 0.015622 -0.060681
v -0.006424 -0.036431 -0.060680
v -0.036415 0.006421 -0.060681
v -0.015648 -0.033523 -0.060681
v -0.036856 -0.003210 -0.060681
v -0.023768 -0.028325 -0.060681
v -0.034762 -0.012652 -0.060680
v -0.030297 -0.021231 -0.060681
v 0.025720 0.018018 -0.059389
v 0.029508 0.010740 -0.059389
v 0.020175 0.024044 -0.059390
v 0.031285 0.002730 -0.059389
v 0.013278 0.028458 -0.059389
v 0.030910 -0.005450 -0.059390
v 0.005453 0.030925 -0.059389
v 0.028464 -0.013265 -0.059389
v -0.002744 0.031284 -0.059389
v 0.024055 -0.020185 -0.059389
v -0.010735 0.029494 -0.059390
v 0.018006 -0.025728 -0.059389
v -0.018007 0.025728 -0.059389
v 0.010735 -0.029494 -0.059390
v -0.024055 0.020185 -0.059389
v 0.002744 -0.031283 -0.059389
v -0.028464 0.013265 -0.059389
v -0.005453 -0.030925 -0.059389
v -0.030910 0.005450 -0.059390
v -0.013278 -0.028458 -0.059389
v -0.031285 -0.002730 -0.059389
v -0.020175 -0.024044 -0.059390
v -0.029508 -0.010740 -0.059389
v -0.025720 -0.018018 -0.059389
v 0.019606 0.013727 -0.059389
v 0.022490 0.008186 -0.059389
v 0.015375 0.018324 -0.059389
v 0.023843 0.002087 -0.059389
v 0.010114 0.021692 -0.059389
v 0.023556 -0.004154 -0.059389
v 0.004156 0.023570 -0.059389
v 0.021691 -0.010115 -0.059389
v -0.002085 0.023843 -0.059389
v 0.018334 -0.015384 -0.059389
v -0.008181 0.022477 -0.059389
v 0.013728 -0.019605 -0.059389
v -0.013728 0.019605 -0.059389
v 0.008181 -0.022477 -0.059389
v -0.018334 0.015384 -0.059389
v 0.002085 -0.023843 -0.059389
v -0.021691 0.010115 -0.059389
v -0.004156 -0.023570 -0.059389
v -0.023557 0.004154 -0.059389
v -0.010114 -0.021691 -0.059389
v -0.023843 -0.002087 -0.059389
v -0.015376 -0.018324 -0.059389
v -0.022490 -0.008186 -0.059389
v -0.019606 -0.013727 -0.059389
v 0.014070 0.009843 -0.059389
v 0.016136 0.005873 -0.059389
v 0.011030 0.013146 -0.059389
v 0.017105 0.001504 -0.059389
v 0.007250 0.015566 -0.059389
v 0.016899 -0.002980 -0.059389
v 0.002982 0.016911 -0.059389
v 0.015559 -0.007264 -0.059389
v -0.001489 0.017106 -0.059389
v 0.013154 -0.011038 -0.059389
v -0.005869 0.016125 -0.059389
v 0.009855 -0.014061 -0.059389
v -0.009855 0.014061 -0.059389
v 0.005869 -0.016125 -0.059389
v -0.013154 0.011038 -0.059389
v 0.001489 -0.017106 -0.059389
v -0.015559 0.007264 -0.059389
v -0.002982 -0.016911 -0.059389
v -0.016900 0.002980 -0.059389
v -0.007250 -0.015565 -0.059389
v -0.017105 -0.001504 -0.059389
v -0.011030 -0.013145 -0.059389
v -0.016136 -0.005873 -0.059389
v -0.014070 -0.009843 -0.059389
v 0.010214 0.003718 -0.059389
v -0.004587 -0.009849 -0.059389
v 0.004586 0.009849 -0.059389
v 0.003715 -0.010206 -0.059389
v -0.009844 0.004596 -0.059389
v 0.009844 -0.004596 -0.059389
v -0.003715 0.010206 -0.059389
v -0.010214 -0.003717 -0.059389
v 0.002160 0.004635 -0.059389
v 0.004807 0.001750 -0.059389
v -0.001748 0.004803 -0.059389
v 0.004633 -0.002162 -0.059389
v -0.004634 0.002162 -0.059389
v 0.001748 -0.004803 -0.059389
v -0.004807 -0.001750 -0.059389
v -0.002160 -0.004635 -0.059389
v -0.000000 0.000000 -0.059389
v -0.032274 -0.029582 0.044660
v 0.003882 -0.044167 0.055425
v 0.025416 -0.036330 0.055425
v 0.020210 -0.038836 0.044660
v 0.014742 -0.040504 0.033367
v 0.009482 -0.042741 0.044660
v -0.017611 -0.037758 0.010176
v -0.012743 -0.040409 0.021711
v -0.007479 -0.042417 0.033125
v -0.001846 -0.042330 0.021711
v 0.003634 -0.041504 0.010176
v -0.001784 -0.040899 -0.001358
v 0.039139 0.014246 0.010176
v 0.036308 0.025446 0.055425
v 0.018754 0.040176 0.055425
v 0.023528 0.036921 0.044660
v 0.027706 0.033019 0.033367
v -0.013258 0.036427 -0.035072
v 0.032274 0.029582 0.044660
v -0.031907 0.026773 0.010176
v 0.044170 0.003846 0.055425
v 0.043738 -0.001916 0.044660
v 0.042448 -0.007485 0.033367
v 0.041756 -0.013159 0.044660
v 0.013258 -0.036427 -0.035072
v 0.040191 -0.018721 0.055425
v 0.031906 -0.026773 0.010176
v 0.024917 0.029696 -0.035072
v 0.038635 0.003364 -0.035072
v 0.035155 -0.016375 -0.035072
v 0.037673 -0.011872 -0.024307
v 0.039612 -0.006985 -0.013014
v 0.039461 -0.001729 -0.024307
v 0.037797 0.013757 -0.012772
v 0.039968 0.008859 -0.001358
v 0.041505 0.003628 0.010176
v 0.041366 0.009169 0.021711
v 0.040474 0.014732 0.033125
v 0.037582 0.019567 0.021711
v -0.038176 0.006731 -0.035072
v -0.024917 -0.029695 -0.035072
v -0.007233 -0.041018 0.010176
v 0.034126 0.023900 0.010176
v 0.036311 0.018905 -0.001358
v -0.003396 0.038633 -0.035072
v 0.007232 0.041018 0.010176
v -0.039139 -0.014245 0.010176
v -0.008555 0.038562 -0.024307
v -0.013757 0.037797 -0.013014
v -0.018234 0.035039 -0.024307
v -0.022231 0.031777 -0.035072
v -0.043645 0.007696 0.055425
v -0.023894 0.034130 0.010176
v -0.028623 0.031240 0.021711
v -0.015158 0.041645 0.055425
v 0.017610 0.037758 0.010176
v 0.012743 0.040409 0.021711
v 0.007479 0.042417 0.033125
v 0.001846 0.042330 0.021711
v -0.028487 -0.033949 0.055425
v -0.003635 0.041504 0.010176
v 0.001783 0.040899 -0.001358
v 0.015157 -0.041645 0.055425
v 0.006984 0.039611 -0.012772
v 0.012312 0.039043 -0.001358
v -0.037797 -0.013757 -0.012772
v -0.039968 -0.008858 -0.001358
v -0.041505 -0.003628 0.010176
v 0.028487 0.033950 0.055425
v -0.041366 -0.009168 0.021711
v -0.040474 -0.014731 0.033125
v -0.037582 -0.019566 0.021711
v -0.034126 -0.023899 0.010176
v -0.036311 -0.018905 -0.001358
v -0.040191 0.018721 0.055425
v -0.044170 -0.003846 0.055425
v 0.043645 -0.007696 0.055425
v 0.038176 -0.006732 -0.035072
v -0.032995 0.027686 0.033125
v -0.035736 0.022764 0.021711
v -0.037761 0.017605 0.010176
v -0.034528 0.021994 -0.001358
v -0.030812 0.025854 -0.012772
v -0.027656 0.030184 -0.001358
v 0.003396 -0.038632 -0.035072
v 0.008554 -0.038562 -0.024307
v 0.013757 -0.037797 -0.013014
v 0.018234 -0.035039 -0.024307
v 0.022231 -0.031777 -0.035072
v 0.030812 -0.025855 -0.012772
v 0.027656 -0.030184 -0.001358
v 0.023894 -0.034130 0.010176
v 0.028623 -0.031240 0.021711
v 0.032995 -0.027686 0.033125
v 0.035736 -0.022764 0.021711
v 0.037761 -0.017605 0.010176
v 0.034528 -0.021994 -0.001358
v 0.031759 0.022257 -0.035072
v 0.029118 0.026690 -0.024307
v 0.025855 0.030812 -0.013014
v 0.021228 0.033311 -0.024307
v 0.016404 0.035141 -0.035072
v -0.035155 0.016375 -0.035072
v -0.037673 0.011872 -0.024307
v -0.039612 0.006985 -0.013014
v -0.039462 0.001729 -0.024307
v -0.038635 -0.003364 -0.035072
v -0.031759 -0.022257 -0.035072
v -0.029118 -0.026689 -0.024307
v -0.025855 -0.030812 -0.013014
v -0.021228 -0.033310 -0.024307
v -0.016404 -0.035141 -0.035072
v -0.006985 -0.039611 -0.012772
v -0.012312 -0.039042 -0.001358
v -0.043738 0.001916 0.044660
v -0.042448 0.007485 0.033367
v -0.041756 0.013159 0.044660
v -0.003883 0.044167 0.055425
v -0.025416 0.036329 0.055425
v -0.020210 0.038836 0.044660
v -0.014742 0.040504 0.033367
v -0.009482 0.042741 0.044660
v -0.036308 -0.025446 0.055425
v -0.018754 -0.040175 0.055425
v -0.023528 -0.036920 0.044660
v -0.027706 -0.033019 0.033367
v 0.006547 0.037129 -0.038352
v -0.003302 0.037560 -0.038352
v 0.015949 0.034166 -0.038352
v -0.012889 0.035412 -0.038352
v 0.024223 0.028869 -0.038352
v -0.021614 0.030895 -0.038352
v 0.030877 0.021639 -0.038352
v -0.028881 0.024234 -0.038352
v 0.035428 0.012895 -0.038352
v -0.034179 0.015921 -0.038352
v 0.037562 0.003271 -0.038352
v -0.037112 0.006544 -0.038352
v 0.037112 -0.006544 -0.038352
v -0.037562 -0.003271 -0.038352
v 0.034178 -0.015921 -0.038352
v -0.035428 -0.012895 -0.038352
v 0.028881 -0.024234 -0.038352
v -0.030877 -0.021639 -0.038352
v 0.021614 -0.030895 -0.038352
v -0.024224 -0.028868 -0.038352
v 0.012889 -0.035412 -0.038352
v -0.015949 -0.034165 -0.038352
v 0.003302 -0.037560 -0.038352
v -0.006547 -0.037129 -0.038352
v 0.037551 0.026317 0.058700
v 0.043087 0.015682 0.058700
v 0.029460 0.035109 0.058700
v 0.045682 0.003978 0.058700
v 0.019396 0.041551 0.058700
v 0.045135 -0.007958 0.058700
v 0.041567 -0.019362 0.058700
v -0.004016 0.045679 0.058700
v 0.035124 -0.029473 0.058700
v 0.026286 -0.037573 0.058700
v -0.026286 0.037573 0.058700
v 0.015675 -0.043068 0.058700
v -0.035125 0.029473 0.058700
v 0.004015 -0.045679 0.058700
v -0.007962 -0.045155 0.058700
v -0.045135 0.007959 0.058700
v -0.019397 -0.041551 0.058700
v -0.045682 -0.003978 0.058700
v -0.029460 -0.035109 0.058700
v -0.043087 -0.015682 0.058700
v -0.037552 -0.026317 0.058700
v 0.036387 0.018810 -0.023744
v 0.037799 0.013758 -0.034554
v 0.039965 0.008980 -0.023744
v 0.034224 0.023833 -0.012621
v 0.042420 -0.001742 -0.001176
v 0.042553 -0.007249 0.010176
v 0.043881 -0.001802 0.021529
v 0.041537 0.003742 -0.012621
v 0.044221 0.009936 0.044097
v 0.043178 0.015716 0.054907
v 0.040262 0.020814 0.044097
v 0.044459 0.004006 0.032973
v 0.032456 0.029586 0.021529
v 0.027938 0.032906 0.010176
v 0.031376 0.028602 -0.001176
v 0.036632 0.025509 0.032973
v 0.022719 0.035866 -0.001176
v 0.027555 0.033228 0.010176
v -0.036632 -0.025509 0.032973
v 0.017527 0.037843 -0.012621
v 0.013506 0.043265 0.044097
v 0.007979 0.045251 0.054907
v -0.040262 -0.020813 0.044097
v 0.018760 0.040505 0.032973
v -0.009082 0.041474 -0.001176
v -0.009394 0.042901 0.021529
v -0.014529 0.040648 0.010176
v 0.001670 0.040896 -0.024244
v 0.006741 0.039589 -0.035072
v 0.012206 0.039100 -0.023744
v 0.001903 0.040917 -0.023744
v 0.006985 0.039613 -0.034554
v -0.003745 0.041505 -0.013105
v -0.009303 0.041387 -0.001686
v -0.014763 0.040561 0.009642
v -0.019476 0.037684 -0.001686
v -0.023810 0.034202 -0.013105
v -0.003527 0.041555 -0.012621
v -0.034224 -0.023832 -0.012621
v -0.036387 -0.018810 -0.023744
v -0.037799 -0.013758 -0.034554
v -0.039965 -0.008979 -0.023744
v -0.024009 0.034101 -0.012621
v -0.019702 0.037608 -0.001176
v -0.014999 0.040477 0.010176
v -0.020380 0.038903 0.021529
v -0.025699 0.036500 0.032973
v -0.038156 0.024461 0.044097
v -0.030715 0.033329 0.044097
v -0.035199 0.029535 0.054907
v -0.040408 0.018970 0.032973
v -0.040458 0.012872 -0.001176
v -0.041851 0.013315 0.021529
v -0.042467 0.007742 0.010176
v -0.037752 0.017723 -0.012621
v -0.027759 0.030121 -0.023744
v -0.034483 0.022107 -0.023744
v -0.030814 0.025856 -0.034554
v -0.041537 -0.003742 -0.012621
v -0.042420 0.001742 -0.001176
v -0.042554 0.007249 0.010176
v -0.032457 -0.029586 0.021529
v -0.027938 -0.032906 0.010176
v -0.031376 -0.028602 -0.001176
v -0.044221 -0.009936 0.044097
v -0.043178 -0.015715 0.054907
v 0.009303 -0.041387 -0.001686
v 0.014763 -0.040561 0.009642
v 0.019476 -0.037684 -0.001686
v 0.003745 -0.041505 -0.013105
v -0.006741 -0.039589 -0.035072
v -0.001671 -0.040896 -0.024244
v 0.040174 0.021057 0.044597
v 0.043050 0.015956 0.055425
v 0.023721 0.036995 0.022039
v 0.027790 0.033119 0.010711
v 0.013761 0.043220 0.044597
v 0.018988 0.040433 0.033457
v 0.032313 0.029785 0.022039
v 0.036521 0.025721 0.033457
v 0.027567 -0.030255 -0.024244
v 0.030611 -0.025994 -0.035072
v 0.023810 -0.034202 -0.013105
v 0.020380 -0.038903 0.021529
v 0.019702 -0.037608 -0.001176
v 0.014999 -0.040477 0.010176
v 0.024009 -0.034101 -0.012621
v 0.027759 -0.030121 -0.023744
v 0.034483 -0.022107 -0.023744
v 0.030814 -0.025856 -0.034554
v 0.037752 -0.017723 -0.012621
v 0.040408 -0.018970 0.032973
v 0.041851 -0.013315 0.021529
v 0.042466 -0.007742 0.010176
v 0.040458 -0.012872 -0.001176
v 0.025698 -0.036500 0.032973
v 0.030715 -0.033329 0.044097
v 0.035199 -0.029535 0.054907
v 0.038156 -0.024461 0.044097
v 0.034071 0.023996 -0.013105
v 0.031190 0.028750 -0.001686
v 0.027746 0.033066 0.009642
v 0.022897 0.035709 -0.001686
v 0.044310 0.009693 0.044597
v 0.043899 -0.002046 0.022039
v 0.042577 -0.007508 0.010711
v 0.036252 0.019002 -0.024244
v -0.040536 0.018768 0.033457
v -0.038323 0.024263 0.044597
v -0.035344 0.029305 0.055425
v 0.044510 0.003772 0.033457
v 0.017714 0.037721 -0.013105
v 0.041951 -0.013092 0.022039
v 0.012418 0.039002 -0.024244
v 0.007206 0.039507 -0.035072
v -0.043899 0.002046 0.022039
v -0.042577 0.007507 0.010711
v 0.041524 0.003519 -0.013105
v -0.043235 -0.015449 0.055425
v 0.040536 -0.018768 0.033457
v 0.038323 -0.024263 0.044597
v 0.035343 -0.029305 0.055425
v -0.020177 0.039041 0.022039
v -0.014787 0.040626 0.010711
v -0.025522 0.036661 0.033457
v 0.040493 -0.012637 -0.001686
v 0.042509 -0.007496 0.009642
v 0.037817 -0.017509 -0.013105
v 0.042373 -0.001975 -0.001686
v -0.041951 0.013091 0.022039
v 0.001851 0.045320 0.044597
v 0.007707 0.045261 0.055425
v -0.030549 0.033527 0.044597
v 0.034582 -0.021895 -0.024244
v -0.030915 0.025633 -0.035072
v -0.037817 -0.013513 -0.035072
v -0.039985 -0.008747 -0.024244
v -0.013761 -0.043220 0.044597
v -0.037656 -0.013957 -0.035072
v -0.034582 0.021895 -0.024244
v -0.023722 -0.036994 0.022039
v -0.027790 -0.033119 0.010711
v -0.030612 0.025994 -0.035072
v -0.027567 0.030255 -0.024244
v -0.040174 -0.021057 0.044597
v -0.043050 -0.015956 0.055425
v 0.037656 0.013957 -0.035072
v 0.004014 -0.044489 0.033457
v -0.001851 -0.045320 0.044597
v -0.007707 -0.045261 0.055425
v 0.030915 -0.025633 -0.035072
v -0.036253 -0.019001 -0.024244
v 0.037817 0.013513 -0.035072
v 0.039985 0.008747 -0.024244
v -0.037817 0.017509 -0.013105
v -0.042373 0.001975 -0.001686
v -0.040493 0.012637 -0.001686
v -0.042509 0.007495 0.009642
v -0.041524 -0.003519 -0.013105
v -0.018988 -0.040433 0.033457
v 0.025522 -0.036661 0.033457
v 0.020177 -0.039041 0.022039
v 0.014787 -0.040626 0.010711
v 0.009638 -0.042877 0.022039
v 0.003527 -0.041555 -0.012621
v -0.001903 -0.040917 -0.023744
v -0.006985 -0.039613 -0.034554
v -0.012206 -0.039100 -0.023744
v -0.034072 -0.023996 -0.013105
v -0.031190 -0.028750 -0.001686
v -0.027746 -0.033066 0.009642
v -0.022897 -0.035709 -0.001686
v -0.017715 -0.037721 -0.013105
v -0.012418 -0.039001 -0.024244
v -0.007206 -0.039507 -0.035072
v 0.030549 -0.033527 0.044597
v -0.034997 0.029718 0.055425
v -0.008238 -0.045167 0.055425
v 0.009081 -0.041474 -0.001176
v 0.009394 -0.042901 0.021529
v 0.014528 -0.040648 0.010176
v 0.003775 -0.044479 0.032973
v -0.002106 -0.045275 0.044097
v -0.013506 -0.043265 0.044097
v -0.007979 -0.045251 0.054907
v -0.018761 -0.040505 0.032973
v -0.023501 -0.037101 0.021529
v -0.022719 -0.035866 -0.001176
v -0.027555 -0.033228 0.010176
v -0.017527 -0.037843 -0.012621
v -0.044510 -0.003772 0.033457
v 0.002106 0.045275 0.044097
v 0.043235 0.015449 0.055425
v 0.034997 -0.029718 0.055425
v 0.008238 0.045167 0.055425
v -0.009638 0.042877 0.022039
v -0.004014 0.044489 0.033457
v -0.044310 -0.009693 0.044597
v -0.003776 0.044479 0.032973
v -0.044459 -0.004006 0.032973
v -0.036521 -0.025721 0.033457
v -0.043881 0.001802 0.021529
v -0.032313 -0.029785 0.022039
v 0.023501 0.037101 0.021529
v 0.037551 0.026317 0.060680
v 0.026286 -0.037573 0.060680
v 0.004015 -0.045679 0.060680
v -0.019397 -0.041551 0.060680
v -0.045682 -0.003978 0.060680
v -0.029460 -0.035109 0.060680
v -0.043087 -0.015682 0.060681
v -0.002780 0.031626 -0.038352
v -0.010853 0.029818 -0.038352
v 0.005513 0.031264 -0.038352
v -0.018200 0.026014 -0.038352
v 0.013429 0.028768 -0.038352
v -0.024319 0.020406 -0.038352
v 0.020397 0.024308 -0.038352
v -0.028779 0.013406 -0.038352
v 0.025999 0.018221 -0.038352
v -0.031250 0.005510 -0.038352
v 0.029831 0.010858 -0.038352
v -0.031629 -0.002754 -0.038352
v 0.031629 0.002754 -0.038352
v -0.029832 -0.010858 -0.038352
v 0.031250 -0.005510 -0.038352
v -0.025999 -0.018221 -0.038352
v 0.028779 -0.013406 -0.038352
v -0.020397 -0.024308 -0.038352
v 0.024319 -0.020406 -0.038352
v -0.013429 -0.028768 -0.038352
v 0.018199 -0.026014 -0.038352
v -0.005513 -0.031264 -0.038352
v 0.010853 -0.029818 -0.038352
v 0.002780 -0.031626 -0.038352
v 0.004322 0.024513 -0.038352
v 0.022563 -0.010515 -0.038352
v -0.002175 0.024797 -0.038352
v 0.019068 -0.016000 -0.038352
v -0.008509 0.023379 -0.038352
v 0.014273 -0.020394 -0.038352
v -0.014273 0.020394 -0.038352
v 0.008509 -0.023379 -0.038352
v -0.024501 0.004320 -0.038352
v 0.014446 0.010106 -0.038352
v 0.016567 0.006030 -0.038352
v 0.011325 0.013497 -0.038352
v 0.017562 0.001544 -0.038352
v 0.007444 0.015982 -0.038352
v 0.017351 -0.003059 -0.038352
v 0.003061 0.017363 -0.038352
v 0.015975 -0.007458 -0.038352
v -0.001529 0.017564 -0.038352
v 0.013506 -0.011333 -0.038352
v -0.006026 0.016556 -0.038352
v 0.010118 -0.014437 -0.038352
v -0.010119 0.014437 -0.038352
v 0.006026 -0.016556 -0.038352
v -0.013506 0.011333 -0.038352
v 0.001529 -0.017564 -0.038352
v -0.015975 0.007458 -0.038352
v -0.003062 -0.017363 -0.038352
v -0.017351 0.003060 -0.038352
v -0.007444 -0.015981 -0.038352
v -0.017562 -0.001544 -0.038352
v -0.011325 -0.013497 -0.038352
v -0.016567 -0.006030 -0.038352
v -0.014446 -0.010106 -0.038352
v 0.010487 0.003817 -0.038352
v -0.004709 -0.010112 -0.038352
v 0.004709 0.010112 -0.038352
v 0.003814 -0.010479 -0.038352
v -0.010107 0.004719 -0.038352
v 0.010107 -0.004719 -0.038352
v -0.003814 0.010479 -0.038352
v -0.010487 -0.003817 -0.038352
v 0.002217 0.004759 -0.038352
v 0.004936 0.001797 -0.038352
v -0.001795 0.004931 -0.038352
v 0.004757 -0.002220 -0.038352
v -0.004757 0.002220 -0.038352
v 0.001795 -0.004931 -0.038352
v -0.004936 -0.001797 -0.038352
v -0.002217 -0.004759 -0.038352
v -0.000000 0.000000 -0.038352
v 0.010525 0.022558 -0.038352
v -0.019068 0.016000 -0.038352
v 0.015992 0.019059 -0.038352
v -0.022563 0.010515 -0.038352
v 0.020387 0.014283 -0.038352
v 0.023390 0.008513 -0.038352
v -0.024798 -0.002164 -0.038352
v 0.024798 0.002164 -0.038352
v -0.023390 -0.008513 -0.038352
v 0.024501 -0.004320 -0.038352
v -0.020388 -0.014283 -0.038352
v -0.015992 -0.019058 -0.038352
v -0.010526 -0.022558 -0.038352
v -0.004322 -0.024513 -0.038352
v 0.002175 -0.024797 -0.038352
vn -0.3829 -0.9238 -0.0000
vn -0.1731 -0.9849 0.0006
vn -0.4526 -0.8167 0.3580
vn 0.0439 -0.9990 -0.0000
vn 0.1304 -0.9163 0.3787
vn 0.3420 -0.9397 -0.0000
vn 0.3272 -0.8989 0.2913
vn 0.4975 -0.7835 0.3724
vn 0.6086 -0.7935 -0.0000
vn 0.7664 -0.6423 0.0007
vn 0.8871 -0.4615 -0.0000
vn 0.8716 -0.3284 0.3639
vn -0.0000 -0.0000 1.0000
vn -0.0000 -0.0001 1.0000
vn 0.9389 0.3417 -0.0399
vn 0.8433 0.5375 -0.0000
vn 0.9397 0.3420 -0.0000
vn 0.8370 0.5454 -0.0442
vn 0.6428 0.7660 -0.0000
vn 0.9915 0.1303 -0.0000
vn 0.3918 0.9190 -0.0442
vn 0.3829 0.9238 -0.0000
vn 0.9848 -0.1736 -0.0000
vn 0.9918 0.1202 -0.0442
vn 0.1735 0.9840 -0.0399
vn 0.1736 0.9848 -0.0000
vn 0.9087 -0.4153 -0.0420
vn -0.0439 0.9990 -0.0000
vn 0.7653 -0.6422 -0.0442
vn 0.7660 -0.6428 -0.0000
vn -0.0539 0.9976 -0.0442
vn -0.3420 0.9397 -0.0000
vn -0.5999 0.7988 -0.0442
vn -0.6086 0.7935 -0.0000
vn 0.5668 -0.8228 -0.0420
vn -0.7654 0.6423 -0.0399
vn -0.7660 0.6428 -0.0000
vn 0.0947 -0.9946 -0.0420
vn -0.8871 0.4615 -0.0000
vn -0.1735 -0.9838 -0.0442
vn -0.1736 -0.9848 -0.0000
vn -0.8909 0.4521 -0.0442
vn -0.9848 0.1736 -0.0000
vn -0.9918 -0.1202 -0.0442
vn -0.9915 -0.1303 -0.0000
vn -0.6428 -0.7660 -0.0000
vn -0.4292 -0.9022 -0.0420
vn -0.9255 -0.3764 -0.0426
vn -0.9397 -0.3420 -0.0000
vn -0.8140 -0.5793 -0.0420
vn -0.8433 -0.5375 -0.0000
vn 0.9381 0.3415 -0.0578
vn 0.8168 0.5732 -0.0660
vn 0.8016 0.5952 -0.0561
vn 0.9376 0.3413 -0.0660
vn 0.8011 0.5949 -0.0660
vn 0.8171 0.5727 -0.0660
vn 0.8273 0.5579 -0.0660
vn 0.6414 0.7644 -0.0660
vn 0.6416 0.7647 -0.0603
vn 0.6421 0.7652 -0.0467
vn 0.9941 0.0859 -0.0660
vn 0.9961 0.0592 -0.0660
vn 0.9923 0.1044 -0.0660
vn 0.9941 0.0863 -0.0660
vn 0.9967 0.0594 -0.0561
vn 0.4226 0.9039 -0.0660
vn 0.4469 0.8928 -0.0561
vn 0.4057 0.9116 -0.0660
vn 0.4468 0.8922 -0.0660
vn 0.9827 -0.1733 -0.0660
vn 0.9830 -0.1733 -0.0604
vn 0.9837 -0.1735 -0.0467
vn 0.1733 0.9827 -0.0660
vn 0.1734 0.9832 -0.0578
vn 0.1912 0.9793 -0.0660
vn 0.1468 0.9870 -0.0660
vn 0.1986 0.9779 -0.0662
vn 0.9070 -0.4160 -0.0660
vn 0.8968 -0.4375 -0.0660
vn 0.9048 -0.4208 -0.0660
vn 0.9157 -0.3963 -0.0660
vn 0.8973 -0.4378 -0.0566
vn -0.0695 0.9954 -0.0662
vn -0.0880 0.9939 -0.0660
vn -0.1146 0.9918 -0.0561
vn 0.1521 0.9862 -0.0660
vn -0.0887 0.9939 -0.0660
vn -0.0891 0.9938 -0.0660
vn 0.7644 -0.6414 -0.0660
vn 0.7766 -0.6265 -0.0660
vn 0.7479 -0.6612 -0.0594
vn -0.3414 0.9380 -0.0604
vn -0.3413 0.9376 -0.0660
vn -0.3416 0.9387 -0.0467
vn -0.1168 0.9910 -0.0660
vn 0.5866 -0.8072 -0.0660
vn 0.5715 -0.8180 -0.0660
vn 0.5720 -0.8184 -0.0551
vn -0.5475 0.8342 -0.0660
vn -0.5710 0.8183 -0.0660
vn -0.5497 0.8335 -0.0561
vn -0.5866 0.8072 -0.0660
vn -0.5715 0.8180 -0.0660
vn 0.3413 -0.9376 -0.0660
vn 0.3414 -0.9380 -0.0604
vn 0.5672 -0.8209 -0.0660
vn 0.3416 -0.9387 -0.0467
vn -0.7760 0.6273 -0.0660
vn -0.7813 0.6206 -0.0660
vn -0.7504 0.6577 -0.0660
vn -0.7648 0.6417 -0.0578
vn -0.7644 0.6414 -0.0660
vn -0.7476 0.6609 -0.0662
vn 0.0694 -0.9960 -0.0566
vn 0.1147 -0.9912 -0.0660
vn 0.1168 -0.9910 -0.0660
vn 0.0886 -0.9939 -0.0660
vn 0.0877 -0.9940 -0.0660
vn 0.0695 -0.9954 -0.0660
vn -0.9048 0.4208 -0.0660
vn -0.9158 0.3963 -0.0660
vn -0.8968 0.4375 -0.0662
vn -0.9051 0.4199 -0.0660
vn -0.9048 0.4207 -0.0660
vn -0.9163 0.3966 -0.0561
vn -0.1543 -0.9858 -0.0660
vn -0.1987 -0.9783 -0.0594
vn -0.1733 -0.9827 -0.0660
vn -0.1724 -0.9828 -0.0660
vn -0.1986 -0.9779 -0.0660
vn -0.1299 -0.9893 -0.0660
vn -0.9827 0.1733 -0.0660
vn -0.9830 0.1733 -0.0605
vn -0.9837 0.1735 -0.0467
vn -0.4223 -0.9040 -0.0660
vn -0.4226 -0.9039 -0.0660
vn -0.4227 -0.9046 -0.0550
vn -0.4076 -0.9108 -0.0660
vn -0.9946 -0.0807 -0.0660
vn -0.9923 -0.1044 -0.0660
vn -0.9941 -0.0859 -0.0660
vn -0.9947 -0.0855 -0.0578
vn -0.9961 -0.0592 -0.0660
vn -0.6421 -0.7652 -0.0467
vn -0.6416 -0.7646 -0.0604
vn -0.6414 -0.7644 -0.0660
vn -0.9376 -0.3413 -0.0660
vn -0.9470 -0.3163 -0.0561
vn -0.8138 -0.5774 -0.0660
vn -0.8273 -0.5579 -0.0660
vn -0.8278 -0.5581 -0.0566
vn -0.8168 -0.5732 -0.0660
vn -0.8011 -0.5949 -0.0660
vn 0.8244 0.5638 -0.0498
vn 0.9939 0.0980 -0.0498
vn 0.4121 0.9098 -0.0498
vn 0.9122 -0.4072 -0.0461
vn -0.0761 0.9959 -0.0498
vn 0.7649 -0.6418 -0.0542
vn -0.5818 0.8118 -0.0498
vn 0.5594 -0.8276 -0.0461
vn 0.0761 -0.9959 -0.0498
vn -0.9005 0.4320 -0.0498
vn -0.2063 -0.9771 -0.0511
vn -0.9964 -0.0707 -0.0461
vn -0.4370 -0.8983 -0.0461
vn -0.9383 -0.3415 -0.0542
vn -0.8088 -0.5863 -0.0461
vn 0.9397 0.3420 -0.0055
vn 0.9387 0.3417 -0.0461
vn 0.7924 0.6099 -0.0055
vn 0.6424 0.7656 -0.0358
vn 0.4631 0.8863 -0.0055
vn 0.9842 -0.1735 -0.0358
vn 0.9991 0.0421 -0.0055
vn 0.1736 0.9848 -0.0055
vn 0.1735 0.9838 -0.0460
vn 0.9244 -0.3813 -0.0055
vn 0.7660 -0.6428 -0.0055
vn -0.1320 0.9912 -0.0055
vn -0.3418 0.9391 -0.0358
vn -0.5360 0.8442 -0.0055
vn 0.3418 -0.9391 -0.0358
vn 0.5360 -0.8442 -0.0055
vn -0.7660 0.6428 -0.0055
vn -0.7652 0.6421 -0.0461
vn 0.1320 -0.9912 -0.0055
vn -0.1736 -0.9848 -0.0055
vn -0.9244 0.3813 -0.0055
vn -0.9842 0.1735 -0.0358
vn -0.9991 -0.0421 -0.0054
vn -0.6424 -0.7655 -0.0358
vn -0.4631 -0.8863 -0.0055
vn -0.9397 -0.3420 -0.0055
vn -0.7924 -0.6099 -0.0055
vn -0.0000 -0.0000 -1.0000
vn -0.0871 -0.0611 -0.9943
vn -0.1059 -0.0092 -0.9943
vn -0.0451 -0.0964 -0.9943
vn -0.0965 0.0449 -0.9943
vn 0.0094 -0.1059 -0.9943
vn -0.0609 0.0871 -0.9943
vn 0.0609 -0.0872 -0.9943
vn -0.0094 0.1059 -0.9943
vn 0.0965 -0.0449 -0.9943
vn 0.0450 0.0963 -0.9943
vn 0.1059 0.0092 -0.9943
vn 0.0870 0.0611 -0.9943
vn -0.1643 -0.0598 -0.9846
vn -0.1160 -0.0814 -0.9899
vn -0.1124 -0.1340 -0.9846
vn -0.1411 -0.0122 -0.9899
vn -0.0600 -0.1284 -0.9899
vn -0.1722 0.0304 -0.9846
vn -0.0304 -0.1721 -0.9846
vn -0.1285 0.0598 -0.9899
vn 0.0125 -0.1411 -0.9899
vn -0.1339 0.1124 -0.9846
vn 0.0598 -0.1643 -0.9846
vn -0.0812 0.1162 -0.9899
vn 0.0812 -0.1162 -0.9899
vn -0.0598 0.1643 -0.9846
vn 0.1339 -0.1124 -0.9846
vn -0.0125 0.1411 -0.9899
vn 0.1284 -0.0597 -0.9899
vn 0.0304 0.1721 -0.9846
vn 0.1722 -0.0304 -0.9846
vn 0.0600 0.1284 -0.9899
vn 0.1412 0.0122 -0.9899
vn 0.1124 0.1340 -0.9846
vn 0.1642 0.0598 -0.9846
vn 0.1160 0.0814 -0.9899
vn -0.0646 -0.0235 -0.9976
vn -0.0442 -0.0526 -0.9976
vn -0.0676 0.0119 -0.9976
vn -0.0119 -0.0677 -0.9976
vn -0.0526 0.0442 -0.9976
vn 0.0235 -0.0645 -0.9976
vn -0.0235 0.0645 -0.9976
vn 0.0526 -0.0442 -0.9976
vn 0.0119 0.0677 -0.9976
vn 0.0676 -0.0119 -0.9976
vn 0.0442 0.0526 -0.9976
vn 0.0646 0.0235 -0.9976
vn -0.5920 -0.8060 -0.0000
vn 0.9715 -0.2369 -0.0000
vn 0.6428 0.7660 -0.0055
vn 0.9848 -0.1736 -0.0055
vn -0.3420 0.9397 -0.0055
vn 0.3420 -0.9397 -0.0055
vn -0.9848 0.1736 -0.0055
vn -0.6428 -0.7660 -0.0055
vn -0.9410 -0.3384 -0.0077
vn -0.9383 -0.3456 -0.0077
vn -0.9388 -0.3417 0.0442
vn -0.9545 -0.2980 -0.0089
vn -0.9397 -0.3420 -0.0017
vn -0.9227 -0.3853 -0.0089
vn -0.9583 -0.2842 0.0297
vn -0.9166 -0.3987 0.0298
vn -0.9941 -0.0877 0.0637
vn -0.9817 -0.1799 0.0628
vn -0.9850 -0.1724 -0.0101
vn -0.9756 -0.1717 0.1365
vn -0.9543 -0.2834 0.0954
vn -0.9379 -0.3414 0.0620
vn -0.9293 -0.3423 0.1387
vn -0.9319 -0.3351 0.1387
vn -0.9366 -0.3409 0.0812
vn -0.9144 -0.3807 0.1378
vn -0.9316 -0.3391 0.1307
vn -0.9452 -0.2960 0.1378
vn -0.9130 -0.3966 0.0955
vn -0.8179 -0.5719 0.0637
vn -0.8677 -0.4932 0.0628
vn -0.8578 -0.4956 0.1365
vn -0.8654 -0.5011 -0.0101
vn -0.4212 -0.9047 0.0637
vn -0.3351 -0.9401 0.0628
vn -0.3432 -0.9392 -0.0101
vn -0.3391 -0.9308 0.1365
vn -0.2314 -0.9682 0.0954
vn -0.2339 -0.9718 0.0298
vn -0.2192 -0.9756 -0.0089
vn -0.1733 -0.9829 0.0620
vn -0.1682 -0.9759 0.1387
vn -0.1757 -0.9746 0.1387
vn -0.1731 -0.9816 0.0812
vn -0.1274 -0.9822 0.1378
vn -0.1721 -0.9763 0.1311
vn -0.2162 -0.9666 0.1378
vn -0.1132 -0.9890 0.0955
vn 0.0863 -0.9942 0.0637
vn -0.0066 -0.9980 0.0628
vn 0.0003 -0.9906 0.1365
vn 0.0012 -0.9999 -0.0101
vn -0.1128 -0.9932 0.0298
vn 0.0814 -0.9556 0.2833
vn 0.1688 -0.9760 0.1377
vn 0.1556 -0.9680 0.1967
vn 0.2822 -0.9544 0.0979
vn -0.1774 -0.9841 -0.0077
vn -0.1699 -0.9854 -0.0077
vn -0.1735 -0.9838 0.0442
vn -0.1736 -0.9848 -0.0022
vn 0.3429 -0.9295 0.1354
vn 0.3348 -0.9325 0.1354
vn 0.3407 -0.9360 0.0889
vn 0.3825 -0.9141 0.1350
vn 0.3392 -0.9320 0.1275
vn 0.2946 -0.9460 0.1350
vn 0.3975 -0.9124 0.0977
vn -0.1277 -0.9918 -0.0089
vn 0.4980 -0.8562 0.1377
vn 0.5030 -0.8416 0.1966
vn 0.3383 -0.9294 0.1475
vn 0.9410 0.3384 -0.0077
vn 0.9383 0.3456 -0.0077
vn 0.9388 0.3417 0.0442
vn 0.9545 0.2980 -0.0089
vn 0.9397 0.3420 -0.0017
vn 0.9227 0.3853 -0.0089
vn 0.9583 0.2842 0.0297
vn 0.9165 0.3989 0.0298
vn 0.5730 -0.8171 0.0637
vn 0.6466 -0.7602 0.0628
vn 0.6418 -0.7668 -0.0101
vn 0.6365 -0.7591 0.1365
vn 0.7223 -0.6850 0.0955
vn 0.7253 -0.6878 0.0297
vn 0.7353 -0.6777 -0.0089
vn 0.7646 -0.6416 0.0620
vn 0.7611 -0.6337 0.1387
vn 0.7562 -0.6395 0.1387
vn 0.7635 -0.6407 0.0812
vn 0.7869 -0.6015 0.1377
vn 0.7594 -0.6372 0.1310
vn 0.7290 -0.6705 0.1378
vn 0.7998 -0.5926 0.0954
vn 0.9042 -0.4224 0.0637
vn 0.8610 -0.5047 0.0628
vn 0.8581 -0.4950 0.1365
vn 0.8666 -0.4989 -0.0101
vn 0.8037 -0.5943 0.0298
vn 0.7635 -0.6457 -0.0077
vn 0.7685 -0.6398 -0.0077
vn 0.7653 -0.6422 0.0442
vn 0.7660 -0.6428 -0.0017
vn 0.7951 -0.6065 -0.0089
vn 0.9941 0.0876 0.0637
vn 0.9817 0.1798 0.0628
vn 0.9850 0.1724 -0.0101
vn 0.9756 0.1717 0.1365
vn 0.9542 0.2837 0.0954
vn 0.9379 0.3414 0.0620
vn 0.9293 0.3423 0.1387
vn 0.9319 0.3351 0.1387
vn 0.9366 0.3409 0.0813
vn 0.9144 0.3807 0.1377
vn 0.9316 0.3391 0.1310
vn 0.9452 0.2961 0.1378
vn 0.9130 0.3966 0.0955
vn 0.8179 0.5719 0.0637
vn 0.8677 0.4932 0.0628
vn 0.8578 0.4956 0.1365
vn 0.8654 0.5010 -0.0101
vn -0.0813 0.9556 0.2833
vn -0.1688 0.9760 0.1377
vn -0.1556 0.9680 0.1966
vn -0.2822 0.9543 0.0979
vn -0.8322 -0.5527 0.0447
vn -0.7593 -0.6429 0.1006
vn -0.7679 -0.6400 -0.0259
vn -0.3383 0.9294 0.1475
vn -0.3429 0.9295 0.1354
vn -0.3348 0.9325 0.1354
vn -0.3407 0.9360 0.0889
vn -0.3825 0.9141 0.1350
vn -0.3392 0.9320 0.1275
vn -0.2946 0.9460 0.1350
vn -0.3974 0.9124 0.0978
vn -0.5519 0.7843 0.2833
vn -0.5030 0.8416 0.1966
vn -0.4980 0.8562 0.1377
vn -0.6891 -0.7244 0.0197
vn -0.6788 -0.7341 -0.0164
vn -0.6389 -0.7614 0.1096
vn -0.4969 -0.8674 -0.0259
vn -0.5936 -0.8045 0.0198
vn -0.5013 -0.8594 0.1006
vn -0.6460 -0.7632 -0.0137
vn -0.6394 -0.7688 -0.0136
vn -0.6423 -0.7655 0.0385
vn -0.6428 -0.7660 -0.0080
vn -0.6051 -0.7960 -0.0164
vn -0.7635 0.6457 -0.0077
vn -0.7685 0.6398 -0.0077
vn -0.7653 0.6422 0.0442
vn -0.7353 0.6777 -0.0089
vn -0.7660 0.6428 -0.0020
vn -0.7951 0.6065 -0.0089
vn -0.7248 0.6883 0.0298
vn -0.8033 0.5948 0.0297
vn -0.5729 0.8171 0.0637
vn -0.6466 0.7602 0.0628
vn -0.6418 0.7668 -0.0101
vn -0.6365 0.7591 0.1365
vn -0.7223 0.6849 0.0955
vn -0.7646 0.6416 0.0620
vn -0.7611 0.6337 0.1387
vn -0.7562 0.6395 0.1387
vn -0.7635 0.6407 0.0812
vn -0.7869 0.6015 0.1378
vn -0.7594 0.6372 0.1310
vn -0.7290 0.6705 0.1378
vn -0.7999 0.5925 0.0955
vn -0.9042 0.4224 0.0637
vn -0.8610 0.5047 0.0628
vn -0.8581 0.4951 0.1365
vn -0.8666 0.4989 -0.0101
vn -0.7608 -0.6342 0.1377
vn -0.6854 -0.7215 0.0979
vn -0.7605 -0.6188 0.1966
vn -0.9997 -0.0033 -0.0259
vn -0.9935 0.1119 0.0198
vn -0.9949 0.0044 0.1006
vn -0.9839 0.1779 -0.0136
vn -0.9855 0.1693 -0.0136
vn -0.9841 0.1735 0.0385
vn -0.6335 -0.7618 0.1354
vn -0.6402 -0.7562 0.1354
vn -0.6402 -0.7630 0.0889
vn -0.6004 -0.7882 0.1350
vn -0.6375 -0.7598 0.1274
vn -0.6720 -0.7281 0.1350
vn -0.5916 -0.8002 0.0980
vn -0.4033 -0.8701 0.2833
vn -0.4773 -0.8564 0.1966
vn -0.4924 -0.8594 0.1377
vn -0.9752 0.2208 -0.0164
vn -0.9848 0.1736 -0.0080
vn -0.6358 -0.7577 0.1475
vn -0.9919 0.1260 -0.0164
vn 0.8947 -0.4443 0.0447
vn 0.9364 -0.3362 0.1006
vn 0.9382 -0.3451 -0.0259
vn -0.9719 0.2345 0.0197
vn 0.9718 -0.2349 0.0200
vn 0.9752 -0.2208 -0.0164
vn 0.9789 -0.1726 0.1096
vn -0.8947 0.4444 0.0447
vn -0.9364 0.3362 0.1006
vn -0.9382 0.3451 -0.0259
vn 0.9928 0.1115 0.0447
vn 0.9997 0.0033 -0.0259
vn 0.9949 -0.0044 0.1006
vn 0.9935 -0.1119 0.0198
vn -0.9905 -0.0033 0.1377
vn -0.9888 0.1122 0.0980
vn -0.9828 0.1258 0.1350
vn -0.9804 -0.0148 0.1966
vn -0.9740 0.1718 0.1475
vn 0.9840 -0.1779 -0.0136
vn 0.9855 -0.1693 -0.0136
vn 0.9841 -0.1735 0.0385
vn 0.9848 -0.1736 -0.0080
vn 0.9919 -0.1260 -0.0164
vn 0.0626 -0.9970 0.0447
vn 0.1771 -0.9790 0.1006
vn 0.1703 -0.9851 -0.0259
vn 0.2828 -0.9590 0.0197
vn 0.2964 -0.9549 -0.0164
vn 0.3400 -0.9340 0.1096
vn -0.9296 0.3418 0.1377
vn -0.9676 0.2328 0.0979
vn -0.9162 0.3493 0.1966
vn 0.5027 -0.8641 -0.0259
vn 0.4001 -0.9162 0.0200
vn 0.4937 -0.8638 0.1006
vn 0.3379 -0.9411 -0.0137
vn 0.3461 -0.9381 -0.0136
vn 0.3418 -0.9390 0.0385
vn 0.3420 -0.9397 -0.0080
vn 0.3868 -0.9220 -0.0164
vn -0.9765 0.1678 0.1354
vn -0.9750 0.1763 0.1354
vn -0.9809 0.1730 0.0889
vn -0.9767 0.1722 0.1278
vn -0.9666 0.2179 0.1350
vn 0.5519 -0.7843 0.2833
vn 0.8322 0.5527 0.0447
vn 0.7593 0.6429 0.1006
vn 0.7679 0.6400 -0.0259
vn -0.7869 -0.5482 0.2833
vn 0.6892 0.7243 0.0198
vn 0.6788 0.7341 -0.0164
vn 0.8682 -0.4073 0.2833
vn 0.9296 -0.3418 0.1377
vn 0.9162 -0.3493 0.1967
vn 0.9676 -0.2325 0.0982
vn 0.9740 -0.1717 0.1475
vn 0.9804 0.0148 0.1967
vn 0.9905 0.0033 0.1377
vn 0.9552 0.0858 0.2833
vn 0.4969 0.8674 -0.0259
vn 0.5939 0.8043 0.0196
vn 0.5013 0.8594 0.1006
vn 0.7869 0.5482 0.2833
vn 0.7608 0.6342 0.1377
vn 0.7605 0.6188 0.1966
vn 0.6461 0.7632 -0.0136
vn 0.6394 0.7688 -0.0136
vn 0.6423 0.7655 0.0385
vn 0.6428 0.7660 -0.0080
vn 0.9765 -0.1678 0.1354
vn 0.9750 -0.1763 0.1354
vn 0.9809 -0.1730 0.0889
vn 0.9828 -0.1258 0.1350
vn 0.9768 -0.1722 0.1274
vn 0.9666 -0.2179 0.1350
vn 0.9888 -0.1122 0.0979
vn 0.6051 0.7960 -0.0164
vn -0.0625 0.9970 0.0447
vn -0.1771 0.9790 0.1006
vn -0.1703 0.9851 -0.0259
vn -0.2828 0.9590 0.0197
vn -0.2964 0.9549 -0.0164
vn -0.3400 0.9340 0.1096
vn 0.6358 0.7577 0.1475
vn 0.5916 0.8002 0.0980
vn 0.4773 0.8564 0.1966
vn -0.9552 -0.0858 0.2833
vn 0.6854 0.7216 0.0979
vn -0.8682 0.4073 0.2833
vn 0.6335 0.7618 0.1354
vn 0.6402 0.7562 0.1354
vn 0.6402 0.7630 0.0889
vn 0.6004 0.7882 0.1350
vn 0.6375 0.7598 0.1275
vn 0.6720 0.7281 0.1350
vn 0.4033 0.8701 0.2833
vn 0.4924 0.8594 0.1377
vn -0.5027 0.8641 -0.0259
vn -0.3997 0.9164 0.0196
vn -0.4937 0.8638 0.1006
vn -0.3379 0.9411 -0.0137
vn -0.3461 0.9381 -0.0136
vn -0.3418 0.9390 0.0385
vn -0.3420 0.9397 -0.0080
vn -0.3868 0.9220 -0.0164
vn 0.1774 0.9841 -0.0077
vn 0.1699 0.9854 -0.0077
vn 0.1735 0.9838 0.0442
vn 0.2192 0.9756 -0.0089
vn 0.1737 0.9848 -0.0019
vn 0.1277 0.9918 -0.0089
vn 0.2337 0.9718 0.0298
vn 0.1135 0.9931 0.0297
vn 0.4212 0.9047 0.0637
vn 0.3351 0.9401 0.0628
vn 0.3432 0.9392 -0.0101
vn 0.3391 0.9308 0.1365
vn 0.2317 0.9681 0.0954
vn 0.1733 0.9829 0.0620
vn 0.1682 0.9759 0.1387
vn 0.1757 0.9746 0.1387
vn 0.1731 0.9815 0.0813
vn 0.1274 0.9822 0.1378
vn 0.1722 0.9764 0.1305
vn 0.2162 0.9666 0.1378
vn 0.1134 0.9890 0.0954
vn -0.0863 0.9942 0.0637
vn 0.0067 0.9980 0.0628
vn -0.0003 0.9906 0.1365
vn -0.0012 0.9999 -0.0101
vn 0.5930 -0.8040 0.0447
vn 0.6389 0.7614 0.1096
vn 0.3998 0.9155 0.0447
vn -0.5930 0.8040 0.0447
vn -0.3998 -0.9155 0.0447
vn -0.9928 -0.1115 0.0447
vn -0.9789 0.1726 0.1096
vn 0.0719 0.4075 0.9104
vn 0.0727 -0.5430 0.8366
vn -0.2540 -0.4854 0.8366
vn 0.2934 -0.4627 0.8366
vn -0.4339 -0.3345 0.8366
vn 0.3170 -0.2660 0.9104
vn -0.3888 -0.1415 0.9104
vn 0.5066 -0.2085 0.8366
vn -0.5474 -0.0227 0.8366
vn 0.5474 0.0227 0.8366
vn -0.5066 0.2086 0.8366
vn 0.3888 0.1415 0.9104
vn -0.3170 0.2660 0.9104
vn 0.4339 0.3345 0.8366
vn -0.2934 0.4627 0.8366
vn 0.2540 0.4854 0.8366
vn -0.0727 0.5430 0.8366
vn -0.7947 -0.5790 0.1822
vn -0.6060 -0.7221 0.3336
vn -0.9284 0.1637 0.3336
vn -0.5487 0.8159 0.1821
vn -0.3224 0.8859 0.3336
vn 0.9284 -0.1637 0.3336
vn 0.6060 0.7222 0.3336
vn 0.9810 0.0673 0.1821
vn 0.7947 0.5790 0.1822
vn -0.0718 -0.4075 0.9104
vn -0.9810 -0.0673 0.1822
vn -0.8988 0.3987 0.1822
vn -0.1041 0.9777 0.1821
vn 0.4322 0.8832 0.1822
vn -0.9396 -0.3420 -0.0134
vn -0.7660 0.6427 -0.0133
vn 0.1736 0.9847 -0.0133
vn 0.9396 0.3420 -0.0133
vn 0.0898 -0.2469 0.9649
vn -0.1689 -0.2013 0.9649
vn 0.2587 -0.0456 0.9649
vn -0.2588 0.0456 0.9649
vn 0.1689 0.2013 0.9649
vn -0.0899 0.2469 0.9649
vn 0.1737 0.9848 -0.0000
vt 1.000000 0.000000
vt 0.000000 1.000000
vt 0.000000 0.000000
vt 1.000000 1.000000
vt 1.000000 0.500000
vt 0.400218 0.662427
vt 0.412427 0.650218
vt 0.400255 0.650255
vt 0.400132 0.674868
vt 0.409375 0.659375
vt 0.424868 0.650132
vt 0.406250 0.668750
vt 0.418750 0.656250
vt 0.400036 0.699459
vt 0.403125 0.678125
vt 0.400065 0.687304
vt 0.412500 0.662500
vt 0.412427 0.650218
vt 0.424868 0.650132
vt 0.418750 0.656250
vt 0.449459 0.650036
vt 0.428125 0.653125
vt 0.437304 0.650065
vt 0.450036 0.649459
vt 0.453125 0.628125
vt 0.450065 0.637304
vt 0.456250 0.618750
vt 0.450132 0.624869
vt 0.462500 0.612500
vt 0.462427 0.600218
vt 0.450218 0.612427
vt 0.450255 0.600255
vt 0.474868 0.600132
vt 0.459375 0.609375
vt 0.468750 0.606250
vt 0.499459 0.600036
vt 0.478125 0.603125
vt 0.487304 0.600065
vt 0.450293 0.599707
vt 0.462500 0.599730
vt 0.462500 0.587500
vt 0.475000 0.587500
vt 0.459375 0.609375
vt 0.499711 0.587500
vt 0.487500 0.599711
vt 0.499711 0.599711
vt 0.499736 0.575000
vt 0.487500 0.587500
vt 0.475000 0.599736
vt 0.487500 0.575000
vt 0.499730 0.574730
vt 0.487500 0.562500
vt 0.475000 0.575000
vt 0.550218 0.512427
vt 0.562427 0.500218
vt 0.550255 0.500255
vt 0.550132 0.524868
vt 0.559375 0.509375
vt 0.574868 0.500132
vt 0.556250 0.518750
vt 0.568750 0.506250
vt 0.500036 0.599459
vt 0.503125 0.578125
vt 0.500065 0.587304
vt 0.506250 0.568750
vt 0.500132 0.574869
vt 0.512500 0.562500
vt 0.512427 0.550218
vt 0.500218 0.562427
vt 0.500255 0.550255
vt 0.524868 0.550132
vt 0.509375 0.559375
vt 0.518750 0.556250
vt 0.549459 0.550036
vt 0.528125 0.553125
vt 0.537304 0.550065
vt 0.509375 0.559375
vt 0.550036 0.549459
vt 0.553125 0.528125
vt 0.550065 0.537304
vt 0.562500 0.512500
vt 0.574869 0.500132
vt 0.559375 0.509375
vt 0.599459 0.500036
vt 0.578125 0.503125
vt 0.587304 0.500065
vt 0.600293 0.449707
vt 0.612500 0.449730
vt 0.612500 0.437500
vt 0.625000 0.437500
vt 0.400293 0.649707
vt 0.412500 0.637500
vt 0.400270 0.637500
vt 0.625000 0.425000
vt 0.649711 0.437500
vt 0.637500 0.449712
vt 0.649711 0.449711
vt 0.649736 0.425000
vt 0.637500 0.437500
vt 0.625000 0.449736
vt 0.637500 0.425000
vt 0.649707 0.400293
vt 0.637500 0.412500
vt 0.649730 0.412500
vt 0.412500 0.625000
vt 0.400264 0.625000
vt 0.425000 0.625000
vt 0.425270 0.600270
vt 0.425000 0.612500
vt 0.437500 0.612500
vt 0.400289 0.612500
vt 0.412500 0.600289
vt 0.400289 0.600289
vt 0.412500 0.612500
vt 0.425000 0.600264
vt 0.650218 0.412427
vt 0.662427 0.400218
vt 0.650255 0.400255
vt 0.650132 0.424869
vt 0.659375 0.409375
vt 0.674868 0.400132
vt 0.656250 0.418750
vt 0.668750 0.406250
vt 0.650036 0.449459
vt 0.653125 0.428125
vt 0.650065 0.437304
vt 0.662500 0.412500
vt 0.668750 0.406250
vt 0.699459 0.400036
vt 0.678125 0.403125
vt 0.687304 0.400065
vt 0.424730 0.649730
vt 0.425000 0.637500
vt 0.994601 0.505399
vt 0.750000 0.500000
vt 0.750000 0.750000
vt 0.750000 0.005771
vt 0.994229 0.250000
vt 0.994227 0.005773
vt 0.449711 0.637500
vt 0.437500 0.649711
vt 0.449711 0.649711
vt 0.449736 0.625000
vt 0.437500 0.637500
vt 0.425000 0.649736
vt 0.437500 0.625000
vt 0.449707 0.600293
vt 0.449730 0.612500
vt 0.500000 0.005280
vt 0.750000 0.250000
vt 0.994720 0.500000
vt 0.500293 0.549707
vt 0.512500 0.537500
vt 0.500270 0.537500
vt 0.500000 0.250000
vt 0.512500 0.525000
vt 0.500264 0.525000
vt 0.525000 0.525000
vt 0.005866 0.005866
vt 0.250000 0.250000
vt 0.250000 0.005399
vt 0.549707 0.500293
vt 0.537500 0.500270
vt 0.537500 0.512500
vt 0.525000 0.512500
vt 0.505399 0.994601
vt 0.500000 0.750000
vt 0.500000 0.994720
vt 0.500000 0.500000
vt 0.500289 0.512500
vt 0.512500 0.500289
vt 0.500289 0.500289
vt 0.512500 0.512500
vt 0.525000 0.500264
vt 0.450270 0.587500
vt 0.462500 0.575000
vt 0.450264 0.575000
vt 0.005399 0.494601
vt 0.250000 0.500000
vt 0.475270 0.550270
vt 0.475000 0.562500
vt 0.450289 0.562500
vt 0.462500 0.550289
vt 0.450289 0.550289
vt 0.462500 0.562500
vt 0.475000 0.550264
vt 0.250000 0.994229
vt 0.005771 0.750000
vt 0.005773 0.994227
vt 0.250000 0.750000
vt 0.005280 0.500000
vt 0.499730 0.562500
vt 0.499707 0.550293
vt 0.550293 0.499707
vt 0.562500 0.487500
vt 0.550270 0.487500
vt 0.412500 0.649730
vt 0.562500 0.475000
vt 0.550264 0.475000
vt 0.512500 0.549730
vt 0.525000 0.537500
vt 0.549730 0.512500
vt 0.575270 0.450270
vt 0.575000 0.462500
vt 0.587500 0.462500
vt 0.562500 0.499730
vt 0.550289 0.462500
vt 0.562500 0.450289
vt 0.550289 0.450289
vt 0.562500 0.462500
vt 0.549711 0.537500
vt 0.537500 0.549711
vt 0.549711 0.549711
vt 0.549736 0.525000
vt 0.537500 0.537500
vt 0.525000 0.549736
vt 0.537500 0.525000
vt 0.575000 0.450264
vt 0.600270 0.437500
vt 0.612500 0.425000
vt 0.600264 0.425000
vt 0.575000 0.475000
vt 0.587500 0.475000
vt 0.750000 0.994601
vt 0.994134 0.994134
vt 0.575000 0.487500
vt 0.005866 0.005866
vt 0.005399 0.250000
vt 0.599711 0.487500
vt 0.587500 0.499712
vt 0.599711 0.499711
vt 0.599736 0.475000
vt 0.587500 0.487500
vt 0.575000 0.499736
vt 0.599707 0.450293
vt 0.599730 0.462500
vt 0.625270 0.400270
vt 0.625000 0.412500
vt 0.600289 0.412500
vt 0.612500 0.400289
vt 0.600289 0.400289
vt 0.612500 0.412500
vt 0.625000 0.400264
vt 0.600218 0.462427
vt 0.612427 0.450218
vt 0.600255 0.450255
vt 0.600132 0.474869
vt 0.609375 0.459375
vt 0.624868 0.450132
vt 0.606250 0.468750
vt 0.618750 0.456250
vt 0.600036 0.499459
vt 0.603125 0.478125
vt 0.600065 0.487304
vt 0.612500 0.462500
vt 0.618750 0.456250
vt 0.649459 0.450036
vt 0.628125 0.453125
vt 0.637304 0.450065
vt 0.487500 0.550270
vt 0.587500 0.450270
vt 0.637500 0.400270
vt 0.437500 0.600270
vt 0.994601 0.750000
vt 0.123355 0.000000
vt 0.655866 0.394134
vt 1.000000 0.333333
vt 0.549745 0.500255
vt 0.450036 0.550541
vt 0.500289 0.599711
vt 0.550036 0.450541
vt 0.600289 0.499711
vt 0.123355 1.000000
vt 0.637500 0.450289
vt 0.600270 0.462500
vt 0.649711 0.450289
vt 0.449745 0.600255
vt 0.649745 0.400255
vt 0.999459 0.000036
vt 0.000541 1.000036
vt 0.694227 0.394227
vt 0.600293 0.450293
vt 0.600293 0.450293
vt 0.600541 0.400036
vt 0.405866 0.655866
vt 0.400293 0.650293
vt 0.500293 0.550293
vt 0.500293 0.550293
vt 0.999745 1.000255
vt 0.750073 1.000218
vt 0.405773 0.694227
vt 0.250196 1.000065
vt 0.405771 0.687500
vt 0.500132 1.000132
vt 0.412500 0.650270
vt 0.405399 0.662500
vt 0.425000 0.650264
vt 0.405280 0.675000
vt 0.449711 0.650289
vt 0.437500 0.650289
vt 0.412696 0.600065
vt 0.425132 0.600132
vt 0.450255 0.599745
vt 0.450218 0.587573
vt 0.437573 0.600218
vt 0.450065 0.562696
vt 0.450132 0.575132
vt 0.500289 0.587500
vt 0.512500 0.550270
vt 0.500270 0.562500
vt 0.525000 0.550264
vt 0.500264 0.575000
vt 0.549711 0.550289
vt 0.537500 0.550289
vt 0.512696 0.500065
vt 0.525132 0.500132
vt 0.550255 0.499745
vt 0.550218 0.487573
vt 0.537573 0.500218
vt 0.550065 0.462696
vt 0.550132 0.475132
vt 0.662500 0.394601
vt 0.675000 0.394720
vt 0.612696 0.400065
vt 0.625131 0.400132
vt 0.000255 0.000255
vt 0.249927 0.000218
vt 0.637573 0.400218
vt 0.749804 0.000065
vt 0.687500 0.394229
vt 0.499868 0.000132
vt 0.600264 0.475000
vt 0.600289 0.487500
vt 0.612500 0.450270
vt 0.625000 0.450264
vt 0.123355 1.000000
vt 0.123355 1.000000
vt 0.123355 1.000000
vt 0.123355 0.000000
vt 0.123355 0.000000
vt 0.405399 0.907101
vt 0.400541 0.600036
vt 0.500270 0.574730
vt 0.500541 0.500036
vt 0.907101 0.394601
vt 0.600270 0.474730
s 1
f 7/1/1 1/2/2 528/3/3
f 1/3/2 11/4/4 531/2/5
f 531/3/5 13/4/6 2/2/7
f 13/1/6 534/2/8 2/3/7
f 14/1/9 536/2/10 534/3/8
f 536/3/10 17/4/11 3/2/12
f 22/1/13 749/2/13 4/3/13
f 749/3/13 23/4/13 5/2/13
f 6/3/13 22/4/13 4/2/13
f 23/1/13 7/2/13 5/3/13
f 26/1/13 6/2/13 8/3/13
f 7/3/13 27/4/13 9/2/13
f 10/3/13 26/4/13 8/2/13
f 27/1/13 11/2/13 9/3/13
f 30/1/13 10/2/13 12/3/13
f 11/3/13 31/4/13 13/2/13
f 750/3/13 30/4/13 12/2/13
f 31/1/13 14/2/13 13/3/13
f 34/1/14 750/2/13 15/3/14
f 14/3/13 35/4/13 16/2/13
f 751/3/13 34/4/14 15/2/14
f 35/1/13 17/2/13 16/3/13
f 38/1/13 751/2/13 18/3/13
f 17/3/13 39/4/13 19/2/13
f 752/3/13 38/4/13 18/2/13
f 39/1/13 753/2/13 19/3/13
f 42/1/13 752/2/13 754/3/14
f 753/3/13 43/4/13 755/2/13
f 20/3/13 42/4/13 754/2/14
f 43/1/13 20/2/13 755/3/13
f 46/1/15 21/2/16 22/3/17
f 45/1/18 23/2/19 21/3/16
f 24/3/20 46/4/15 22/2/17
f 23/3/19 49/4/21 25/2/22
f 26/3/23 48/4/24 24/2/20
f 25/3/22 51/4/25 27/2/26
f 52/1/27 26/2/23 28/3/11
f 51/1/25 29/2/28 27/3/26
f 54/1/29 28/2/11 30/3/30
f 53/1/31 31/2/32 29/3/28
f 32/3/9 54/4/29 30/2/30
f 31/3/32 57/4/33 33/2/34
f 34/3/6 56/4/35 32/2/9
f 33/3/34 59/4/36 35/2/37
f 60/1/38 34/2/6 36/3/4
f 59/1/36 37/2/39 35/3/37
f 62/1/40 36/2/4 38/3/41
f 61/1/42 39/2/43 37/3/39
f 40/3/1 62/4/40 38/2/41
f 39/3/43 65/4/44 41/2/45
f 42/3/46 64/4/47 40/2/1
f 41/3/45 67/4/48 43/2/49
f 68/1/50 42/2/46 44/3/51
f 67/1/48 44/2/51 43/3/49
f 75/1/52 45/2/18 46/3/15
f 75/3/52 70/4/53 69/2/54
f 79/3/55 74/4/53 73/2/56
f 76/3/55 71/4/57 70/2/53
f 77/3/55 72/4/58 71/2/57
f 79/1/55 72/2/58 78/3/55
f 72/1/58 83/2/59 71/3/57
f 73/1/56 84/2/59 72/3/58
f 70/1/53 81/2/60 69/3/54
f 71/1/57 82/2/59 70/3/53
f 74/1/53 85/2/59 73/3/56
f 69/1/54 47/2/61 45/3/18
f 92/1/62 79/2/55 91/3/63
f 48/3/24 75/4/52 46/2/15
f 90/1/64 77/2/55 89/3/62
f 90/3/64 79/4/55 78/2/55
f 88/1/65 75/2/52 87/3/66
f 89/1/62 76/2/55 88/3/65
f 81/3/60 94/4/67 93/2/68
f 82/3/59 95/4/67 94/2/67
f 83/3/59 96/4/69 95/2/67
f 47/3/61 93/4/68 49/2/21
f 84/3/59 97/4/70 96/2/69
f 85/3/59 98/4/67 97/2/70
f 101/3/71 90/4/64 89/2/62
f 102/3/71 91/4/63 90/2/64
f 103/3/71 92/4/62 91/2/63
f 99/3/72 88/4/65 87/2/66
f 100/3/71 89/4/62 88/2/65
f 50/3/73 87/4/66 48/2/24
f 95/1/67 106/2/74 94/3/67
f 49/3/21 105/4/75 51/2/25
f 96/3/69 109/4/76 108/2/77
f 94/1/67 105/2/75 93/3/68
f 98/1/67 109/2/76 97/3/70
f 96/1/69 107/2/78 95/3/67
f 116/1/79 103/2/71 115/3/80
f 113/1/81 100/2/71 112/3/82
f 114/1/81 101/2/71 113/3/81
f 115/1/80 102/2/71 114/3/81
f 111/1/83 50/2/73 52/3/27
f 112/1/82 99/2/72 111/3/83
f 108/1/77 119/2/84 107/3/78
f 105/1/75 53/2/31 51/3/25
f 105/3/75 118/4/85 117/2/86
f 106/3/74 119/4/84 118/2/85
f 110/1/87 121/2/88 109/3/76
f 109/1/76 120/2/89 108/3/77
f 125/3/90 114/4/81 113/2/81
f 126/3/90 115/4/80 114/2/81
f 128/1/90 115/2/80 127/3/90
f 124/1/91 111/2/83 123/3/92
f 124/3/91 113/4/81 112/2/82
f 54/3/29 111/4/83 52/2/27
f 118/1/85 129/2/93 117/3/86
f 119/1/84 130/2/94 118/3/85
f 120/1/89 131/2/94 119/3/84
f 117/1/86 55/2/95 53/3/31
f 121/1/88 132/2/94 120/3/89
f 122/1/96 133/2/94 121/3/88
f 139/3/97 128/4/90 127/2/90
f 137/1/98 124/2/91 136/3/98
f 138/1/98 125/2/90 137/3/98
f 139/1/97 126/2/90 138/3/98
f 135/1/99 54/2/29 56/3/35
f 136/1/98 123/2/92 135/3/99
f 133/3/94 146/4/100 145/2/101
f 55/3/95 141/4/102 57/2/33
f 132/3/94 145/4/101 144/2/103
f 129/3/93 142/4/104 141/2/102
f 130/3/94 143/4/104 142/2/104
f 131/3/94 144/4/103 143/2/104
f 148/3/105 137/4/98 136/2/98
f 149/3/105 138/4/98 137/2/98
f 150/3/105 139/4/97 138/2/98
f 147/3/106 136/4/98 135/2/99
f 151/3/105 140/4/107 139/2/97
f 58/3/108 135/4/99 56/2/35
f 144/3/103 157/4/109 156/2/110
f 145/3/101 158/4/111 157/2/109
f 142/1/104 153/2/112 141/3/102
f 143/1/104 154/2/113 142/3/104
f 144/1/103 155/2/114 143/3/104
f 57/3/33 153/4/112 59/2/36
f 159/1/115 58/2/108 60/3/38
f 160/1/116 147/2/106 159/3/115
f 164/1/117 151/2/105 163/3/118
f 161/1/119 148/2/105 160/3/116
f 162/1/120 149/2/105 161/3/119
f 163/1/118 150/2/105 162/3/120
f 157/3/109 170/4/121 169/2/122
f 156/1/110 167/2/123 155/3/114
f 157/1/109 168/2/124 156/3/110
f 153/1/112 61/2/42 59/3/36
f 153/3/112 166/4/125 165/2/126
f 154/3/113 167/4/123 166/2/125
f 172/1/127 159/2/115 171/3/128
f 62/3/40 159/4/115 60/2/38
f 173/3/129 162/4/120 161/2/119
f 175/1/130 162/2/120 174/3/131
f 176/1/132 163/2/118 175/3/130
f 172/3/127 161/4/119 160/2/116
f 169/1/122 180/2/133 168/3/124
f 170/1/121 181/2/133 169/3/122
f 166/1/125 177/2/134 165/3/126
f 167/1/123 178/2/133 166/3/125
f 168/1/124 179/2/133 167/3/123
f 165/1/126 63/2/135 61/3/42
f 185/1/136 172/2/127 184/3/137
f 183/1/138 62/2/40 64/3/47
f 187/1/137 174/2/131 186/3/137
f 184/1/137 171/2/128 183/3/138
f 188/1/139 175/2/130 187/3/137
f 186/1/137 173/2/129 185/3/136
f 181/3/133 194/4/140 193/2/141
f 179/3/133 192/4/142 191/2/142
f 180/3/133 193/4/141 192/2/142
f 63/3/135 189/4/143 65/2/44
f 177/3/134 190/4/144 189/2/143
f 178/3/133 191/4/142 190/2/144
f 66/3/145 183/4/138 64/2/47
f 195/3/146 184/4/137 183/2/138
f 199/3/147 188/4/139 187/2/137
f 196/3/147 185/4/136 184/2/137
f 197/3/147 186/4/137 185/2/136
f 198/3/147 187/4/137 186/2/137
f 192/1/142 203/2/148 191/3/142
f 193/1/141 204/2/148 192/3/142
f 189/3/143 202/4/148 201/2/149
f 191/1/142 202/2/148 190/3/144
f 193/3/141 206/4/148 205/2/148
f 65/3/44 201/4/149 67/2/48
f 212/1/150 199/2/147 211/3/151
f 207/1/152 66/2/145 68/3/50
f 210/1/153 197/2/147 209/3/153
f 211/1/151 198/2/147 210/3/153
f 208/1/154 195/2/146 207/3/152
f 209/1/153 196/2/147 208/3/154
f 202/1/148 207/2/152 201/3/149
f 202/3/148 209/4/153 208/2/154
f 203/3/148 210/4/153 209/2/153
f 67/3/48 207/4/152 68/2/50
f 204/3/148 211/4/151 210/2/153
f 206/1/148 211/2/151 205/3/148
f 80/3/55 213/4/155 74/2/53
f 213/1/155 86/2/59 74/3/53
f 216/1/156 80/2/55 92/3/62
f 86/3/59 217/4/157 98/2/67
f 104/3/71 216/4/156 92/2/62
f 217/1/157 110/2/87 98/3/67
f 220/1/158 104/2/71 116/3/79
f 110/3/87 221/4/159 122/2/96
f 222/1/160 116/2/79 128/3/90
f 221/1/159 134/2/94 122/3/96
f 140/3/107 222/4/160 128/2/90
f 134/3/94 225/4/161 146/2/100
f 152/3/105 224/4/162 140/2/107
f 225/1/161 158/2/111 146/3/100
f 228/1/163 152/2/105 164/3/117
f 158/3/111 229/4/164 170/2/121
f 176/3/132 228/4/163 164/2/117
f 229/1/164 182/2/133 170/3/121
f 188/3/139 230/4/165 176/2/132
f 182/3/133 233/4/166 194/2/140
f 200/3/147 232/4/167 188/2/139
f 194/3/140 235/4/168 206/2/148
f 236/1/169 200/2/147 212/3/150
f 235/1/168 212/2/150 206/3/148
f 238/1/170 213/2/155 214/3/171
f 237/1/172 215/2/173 213/3/155
f 216/3/156 238/4/170 214/2/171
f 215/3/173 241/4/174 217/2/157
f 218/3/175 240/4/176 216/2/156
f 217/3/157 243/4/177 219/2/178
f 244/1/179 218/2/175 220/3/158
f 243/1/177 221/2/159 219/3/178
f 246/1/180 220/2/158 222/3/160
f 245/1/181 223/2/182 221/3/159
f 224/3/162 246/4/180 222/2/160
f 223/3/182 249/4/183 225/2/161
f 226/3/184 248/4/185 224/2/162
f 225/3/161 251/4/186 227/2/187
f 252/1/188 226/2/184 228/3/163
f 251/1/186 229/2/164 227/3/187
f 254/1/189 228/2/163 230/3/165
f 253/1/190 231/2/191 229/3/164
f 232/3/167 254/4/189 230/2/165
f 231/3/191 257/4/192 233/2/166
f 234/3/193 256/4/194 232/2/167
f 233/3/166 259/4/195 235/2/168
f 260/1/196 234/2/193 236/3/169
f 259/1/195 236/2/169 235/3/168
f 238/3/197 261/4/198 237/2/197
f 261/1/198 239/2/197 237/3/197
f 264/1/199 238/2/197 240/3/197
f 239/3/197 265/4/200 241/2/197
f 242/3/197 264/4/199 240/2/197
f 265/1/200 243/2/197 241/3/197
f 268/1/201 242/2/197 244/3/197
f 243/3/197 269/4/202 245/2/197
f 246/3/197 268/4/201 244/2/197
f 269/1/202 247/2/197 245/3/197
f 272/1/203 246/2/197 248/3/197
f 247/3/197 273/4/204 249/2/197
f 250/3/197 272/4/203 248/2/197
f 273/1/204 251/2/197 249/3/197
f 276/1/205 250/2/197 252/3/197
f 251/3/197 277/4/206 253/2/197
f 254/3/197 276/4/205 252/2/197
f 277/1/206 255/2/197 253/3/197
f 280/1/207 254/2/197 256/3/197
f 255/3/197 281/4/208 257/2/197
f 258/3/197 280/4/207 256/2/197
f 281/1/208 259/2/197 257/3/197
f 284/1/209 258/2/197 260/3/197
f 259/3/197 284/4/209 260/2/197
f 262/3/210 285/4/211 261/2/198
f 285/1/211 263/2/212 261/3/198
f 288/1/213 262/2/210 264/3/199
f 263/3/212 289/4/214 265/2/200
f 266/3/215 288/4/213 264/2/199
f 289/1/214 267/2/216 265/3/200
f 292/1/217 266/2/215 268/3/201
f 267/3/216 293/4/218 269/2/202
f 270/3/219 292/4/217 268/2/201
f 293/1/218 271/2/220 269/3/202
f 296/1/221 270/2/219 272/3/203
f 271/3/220 297/4/222 273/2/204
f 274/3/223 296/4/221 272/2/203
f 297/1/222 275/2/224 273/3/204
f 300/1/225 274/2/223 276/3/205
f 275/3/224 301/4/226 277/2/206
f 278/3/227 300/4/225 276/2/205
f 301/1/226 279/2/228 277/3/206
f 304/1/229 278/2/227 280/3/207
f 279/3/228 305/4/230 281/2/208
f 282/3/231 304/4/229 280/2/207
f 305/1/230 283/2/232 281/3/208
f 308/1/233 282/2/231 284/3/209
f 283/3/232 308/4/233 284/2/209
f 286/3/234 309/4/197 285/2/211
f 309/1/197 287/2/235 285/3/211
f 312/1/197 286/2/234 288/3/213
f 287/3/235 313/4/197 289/2/214
f 290/3/236 312/4/197 288/2/213
f 313/1/197 291/2/237 289/3/214
f 316/1/197 290/2/236 292/3/217
f 291/3/237 317/4/197 293/2/218
f 294/3/238 316/4/197 292/2/217
f 317/1/197 295/2/239 293/3/218
f 320/1/197 294/2/238 296/3/221
f 295/3/239 321/4/197 297/2/222
f 298/3/240 320/4/197 296/2/221
f 321/1/197 299/2/241 297/3/222
f 324/1/197 298/2/240 300/3/225
f 299/3/241 325/4/197 301/2/226
f 302/3/242 324/4/197 300/2/225
f 325/1/197 303/2/243 301/3/226
f 328/1/197 302/2/242 304/3/229
f 303/3/243 329/4/197 305/2/230
f 306/3/244 328/4/197 304/2/229
f 329/1/197 307/2/245 305/3/230
f 332/1/197 306/2/244 308/3/233
f 307/3/245 332/4/197 308/2/233
f 310/3/197 333/4/197 309/2/197
f 333/1/197 311/2/197 309/3/197
f 336/1/197 310/2/197 312/3/197
f 311/3/197 337/4/197 313/2/197
f 314/3/197 336/4/197 312/2/197
f 337/1/197 315/2/197 313/3/197
f 340/1/197 314/2/197 316/3/197
f 315/3/197 341/4/197 317/2/197
f 318/3/197 340/4/197 316/2/197
f 341/1/197 319/2/197 317/3/197
f 344/1/197 318/2/197 320/3/197
f 319/3/197 345/4/197 321/2/197
f 322/3/197 344/4/197 320/2/197
f 345/1/197 323/2/197 321/3/197
f 348/1/197 322/2/197 324/3/197
f 323/3/197 349/4/197 325/2/197
f 326/3/197 348/4/197 324/2/197
f 349/1/197 327/2/197 325/3/197
f 352/1/197 326/2/197 328/3/197
f 327/3/197 353/4/197 329/2/197
f 330/3/197 352/4/197 328/2/197
f 353/1/197 331/2/197 329/3/197
f 356/1/197 330/2/197 332/3/197
f 331/3/197 356/4/197 332/2/197
f 334/3/197 357/5/197 333/2/197
f 357/1/197 335/2/197 333/3/197
f 360/3/197 368/4/197 362/2/197
f 359/5/197 337/2/197 335/3/197
f 338/3/197 357/4/197 336/2/197
f 361/3/197 371/4/197 364/2/197
f 340/3/197 362/5/197 338/2/197
f 359/1/197 341/2/197 339/3/197
f 372/1/197 360/2/197 358/3/197
f 363/5/197 343/2/197 341/3/197
f 344/3/197 362/4/197 342/2/197
f 371/1/197 358/2/197 364/3/197
f 346/3/197 360/5/197 344/2/197
f 345/3/197 361/4/197 347/2/197
f 373/5/197 365/2/197 366/3/197
f 361/5/197 349/2/197 347/3/197
f 358/1/197 348/2/197 350/3/197
f 368/3/197 373/5/197 366/2/197
f 352/3/197 358/5/197 350/2/197
f 351/3/197 364/4/197 353/2/197
f 373/5/197 369/2/197 367/3/197
f 364/5/197 355/2/197 353/3/197
f 364/1/197 354/2/197 356/3/197
f 372/3/197 373/5/197 370/2/197
f 366/1/197 359/2/197 357/3/197
f 365/1/197 363/2/197 359/3/197
f 362/3/197 366/4/197 357/2/197
f 363/3/197 369/4/197 361/2/197
f 5/1/246 7/4/1 528/2/3
f 7/1/1 9/4/41 1/2/2
f 1/3/2 9/1/41 11/4/4
f 531/3/5 11/1/4 13/4/6
f 13/1/6 14/4/9 534/2/8
f 14/1/9 16/4/30 536/2/10
f 536/3/10 16/1/30 17/4/11
f 3/3/12 17/1/11 19/4/247
f 22/1/13 21/4/13 749/2/13
f 749/3/13 21/1/13 23/4/13
f 6/3/13 24/1/13 22/4/13
f 23/1/13 25/4/13 7/2/13
f 26/1/13 24/4/13 6/2/13
f 7/3/13 25/1/13 27/4/13
f 10/3/13 28/1/13 26/4/13
f 27/1/13 29/4/13 11/2/13
f 30/1/13 28/4/13 10/2/13
f 11/3/13 29/1/13 31/4/13
f 750/3/13 32/1/13 30/4/13
f 31/1/13 33/4/13 14/2/13
f 34/1/14 32/4/13 750/2/13
f 14/3/13 33/1/13 35/4/13
f 751/3/13 36/1/13 34/4/14
f 35/1/13 37/4/13 17/2/13
f 38/1/13 36/4/13 751/2/13
f 17/3/13 37/1/13 39/4/13
f 752/3/13 40/1/13 38/4/13
f 39/1/13 41/4/13 753/2/13
f 42/1/13 40/4/13 752/2/13
f 753/3/13 41/1/13 43/4/13
f 20/3/13 44/1/13 42/4/13
f 43/1/13 44/4/13 20/2/13
f 46/1/15 45/4/18 21/2/16
f 45/1/18 47/4/61 23/2/19
f 24/3/20 48/1/24 46/4/15
f 23/3/19 47/1/61 49/4/21
f 26/3/23 50/1/73 48/4/24
f 25/3/22 49/1/21 51/4/25
f 52/1/27 50/4/73 26/2/23
f 51/1/25 53/4/31 29/2/28
f 54/1/29 52/4/27 28/2/11
f 53/1/31 55/4/95 31/2/32
f 32/3/9 56/1/35 54/4/29
f 31/3/32 55/1/95 57/4/33
f 34/3/6 58/1/108 56/4/35
f 33/3/34 57/1/33 59/4/36
f 60/1/38 58/4/108 34/2/6
f 59/1/36 61/4/42 37/2/39
f 62/1/40 60/4/38 36/2/4
f 61/1/42 63/4/135 39/2/43
f 40/3/1 64/1/47 62/4/40
f 39/3/43 63/1/135 65/4/44
f 42/3/46 66/1/145 64/4/47
f 41/3/45 65/1/44 67/4/48
f 68/1/50 66/4/145 42/2/46
f 67/1/48 68/4/50 44/2/51
f 75/1/52 69/4/54 45/2/18
f 75/3/52 76/1/55 70/4/53
f 79/3/55 80/1/55 74/4/53
f 76/3/55 77/1/55 71/4/57
f 77/3/55 78/1/55 72/4/58
f 79/1/55 73/4/56 72/2/58
f 72/1/58 84/4/59 83/2/59
f 73/1/56 85/4/59 84/2/59
f 70/1/53 82/4/59 81/2/60
f 71/1/57 83/4/59 82/2/59
f 74/1/53 86/4/59 85/2/59
f 69/1/54 81/4/60 47/2/61
f 92/1/62 80/4/55 79/2/55
f 48/3/24 87/1/66 75/4/52
f 90/1/64 78/4/55 77/2/55
f 90/3/64 91/1/63 79/4/55
f 88/1/65 76/4/55 75/2/52
f 89/1/62 77/4/55 76/2/55
f 81/3/60 82/1/59 94/4/67
f 82/3/59 83/1/59 95/4/67
f 83/3/59 84/1/59 96/4/69
f 47/3/61 81/1/60 93/4/68
f 84/3/59 85/1/59 97/4/70
f 85/3/59 86/1/59 98/4/67
f 101/3/71 102/1/71 90/4/64
f 102/3/71 103/1/71 91/4/63
f 103/3/71 104/1/71 92/4/62
f 99/3/72 100/1/71 88/4/65
f 100/3/71 101/1/71 89/4/62
f 50/3/73 99/1/72 87/4/66
f 95/1/67 107/4/78 106/2/74
f 49/3/21 93/1/68 105/4/75
f 96/3/69 97/1/70 109/4/76
f 94/1/67 106/4/74 105/2/75
f 98/1/67 110/4/87 109/2/76
f 96/1/69 108/4/77 107/2/78
f 116/1/79 104/4/71 103/2/71
f 113/1/81 101/4/71 100/2/71
f 114/1/81 102/4/71 101/2/71
f 115/1/80 103/4/71 102/2/71
f 111/1/83 99/4/72 50/2/73
f 112/1/82 100/4/71 99/2/72
f 108/1/77 120/4/89 119/2/84
f 105/1/75 117/4/86 53/2/31
f 105/3/75 106/1/74 118/4/85
f 106/3/74 107/1/78 119/4/84
f 110/1/87 122/4/96 121/2/88
f 109/1/76 121/4/88 120/2/89
f 125/3/90 126/1/90 114/4/81
f 126/3/90 127/1/90 115/4/80
f 128/1/90 116/4/79 115/2/80
f 124/1/91 112/4/82 111/2/83
f 124/3/91 125/1/90 113/4/81
f 54/3/29 123/1/92 111/4/83
f 118/1/85 130/4/94 129/2/93
f 119/1/84 131/4/94 130/2/94
f 120/1/89 132/4/94 131/2/94
f 117/1/86 129/4/93 55/2/95
f 121/1/88 133/4/94 132/2/94
f 122/1/96 134/4/94 133/2/94
f 139/3/97 140/1/107 128/4/90
f 137/1/98 125/4/90 124/2/91
f 138/1/98 126/4/90 125/2/90
f 139/1/97 127/4/90 126/2/90
f 135/1/99 123/4/92 54/2/29
f 136/1/98 124/4/91 123/2/92
f 133/3/94 134/1/94 146/4/100
f 55/3/95 129/1/93 141/4/102
f 132/3/94 133/1/94 145/4/101
f 129/3/93 130/1/94 142/4/104
f 130/3/94 131/1/94 143/4/104
f 131/3/94 132/1/94 144/4/103
f 148/3/105 149/1/105 137/4/98
f 149/3/105 150/1/105 138/4/98
f 150/3/105 151/1/105 139/4/97
f 147/3/106 148/1/105 136/4/98
f 151/3/105 152/1/105 140/4/107
f 58/3/108 147/1/106 135/4/99
f 144/3/103 145/1/101 157/4/109
f 145/3/101 146/1/100 158/4/111
f 142/1/104 154/4/113 153/2/112
f 143/1/104 155/4/114 154/2/113
f 144/1/103 156/4/110 155/2/114
f 57/3/33 141/1/102 153/4/112
f 159/1/115 147/4/106 58/2/108
f 160/1/116 148/4/105 147/2/106
f 164/1/117 152/4/105 151/2/105
f 161/1/119 149/4/105 148/2/105
f 162/1/120 150/4/105 149/2/105
f 163/1/118 151/4/105 150/2/105
f 157/3/109 158/1/111 170/4/121
f 156/1/110 168/4/124 167/2/123
f 157/1/109 169/4/122 168/2/124
f 153/1/112 165/4/126 61/2/42
f 153/3/112 154/1/113 166/4/125
f 154/3/113 155/1/114 167/4/123
f 172/1/127 160/4/116 159/2/115
f 62/3/40 171/1/128 159/4/115
f 173/3/129 174/1/131 162/4/120
f 175/1/130 163/4/118 162/2/120
f 176/1/132 164/4/117 163/2/118
f 172/3/127 173/1/129 161/4/119
f 169/1/122 181/4/133 180/2/133
f 170/1/121 182/4/133 181/2/133
f 166/1/125 178/4/133 177/2/134
f 167/1/123 179/4/133 178/2/133
f 168/1/124 180/4/133 179/2/133
f 165/1/126 177/4/134 63/2/135
f 185/1/136 173/4/129 172/2/127
f 183/1/138 171/4/128 62/2/40
f 187/1/137 175/4/130 174/2/131
f 184/1/137 172/4/127 171/2/128
f 188/1/139 176/4/132 175/2/130
f 186/1/137 174/4/131 173/2/129
f 181/3/133 182/1/133 194/4/140
f 179/3/133 180/1/133 192/4/142
f 180/3/133 181/1/133 193/4/141
f 63/3/135 177/1/134 189/4/143
f 177/3/134 178/1/133 190/4/144
f 178/3/133 179/1/133 191/4/142
f 66/3/145 195/1/146 183/4/138
f 195/3/146 196/1/147 184/4/137
f 199/3/147 200/1/147 188/4/139
f 196/3/147 197/1/147 185/4/136
f 197/3/147 198/1/147 186/4/137
f 198/3/147 199/1/147 187/4/137
f 192/1/142 204/4/148 203/2/148
f 193/1/141 205/4/148 204/2/148
f 189/3/143 190/1/144 202/4/148
f 191/1/142 203/4/148 202/2/148
f 193/3/141 194/1/140 206/4/148
f 65/3/44 189/1/143 201/4/149
f 212/1/150 200/4/147 199/2/147
f 207/1/152 195/4/146 66/2/145
f 210/1/153 198/4/147 197/2/147
f 211/1/151 199/4/147 198/2/147
f 208/1/154 196/4/147 195/2/146
f 209/1/153 197/4/147 196/2/147
f 202/1/148 208/4/154 207/2/152
f 202/3/148 203/1/148 209/4/153
f 203/3/148 204/1/148 210/4/153
f 67/3/48 201/1/149 207/4/152
f 204/3/148 205/1/148 211/4/151
f 206/1/148 212/4/150 211/2/151
f 80/3/55 214/1/171 213/4/155
f 213/1/155 215/4/173 86/2/59
f 216/1/156 214/4/171 80/2/55
f 86/3/59 215/1/173 217/4/157
f 104/3/71 218/1/175 216/4/156
f 217/1/157 219/4/178 110/2/87
f 220/1/158 218/4/175 104/2/71
f 110/3/87 219/1/178 221/4/159
f 222/1/160 220/4/158 116/2/79
f 221/1/159 223/4/182 134/2/94
f 140/3/107 224/1/162 222/4/160
f 134/3/94 223/1/182 225/4/161
f 152/3/105 226/1/184 224/4/162
f 225/1/161 227/4/187 158/2/111
f 228/1/163 226/4/184 152/2/105
f 158/3/111 227/1/187 229/4/164
f 176/3/132 230/1/165 228/4/163
f 229/1/164 231/4/191 182/2/133
f 188/3/139 232/1/167 230/4/165
f 182/3/133 231/1/191 233/4/166
f 200/3/147 234/1/193 232/4/167
f 194/3/140 233/1/166 235/4/168
f 236/1/169 234/4/193 200/2/147
f 235/1/168 236/4/169 212/2/150
f 238/1/170 237/4/172 213/2/155
f 237/1/172 239/4/248 215/2/173
f 216/3/156 240/1/176 238/4/170
f 215/3/173 239/1/248 241/4/174
f 218/3/175 242/1/249 240/4/176
f 217/3/157 241/1/174 243/4/177
f 244/1/179 242/4/249 218/2/175
f 243/1/177 245/4/181 221/2/159
f 246/1/180 244/4/179 220/2/158
f 245/1/181 247/4/250 223/2/182
f 224/3/162 248/1/185 246/4/180
f 223/3/182 247/1/250 249/4/183
f 226/3/184 250/1/251 248/4/185
f 225/3/161 249/1/183 251/4/186
f 252/1/188 250/4/251 226/2/184
f 251/1/186 253/4/190 229/2/164
f 254/1/189 252/4/188 228/2/163
f 253/1/190 255/4/252 231/2/191
f 232/3/167 256/1/194 254/4/189
f 231/3/191 255/1/252 257/4/192
f 234/3/193 258/1/253 256/4/194
f 233/3/166 257/1/192 259/4/195
f 260/1/196 258/4/253 234/2/193
f 259/1/195 260/4/196 236/2/169
f 238/3/197 262/1/210 261/4/198
f 261/1/198 263/4/212 239/2/197
f 264/1/199 262/4/210 238/2/197
f 239/3/197 263/1/212 265/4/200
f 242/3/197 266/1/215 264/4/199
f 265/1/200 267/4/216 243/2/197
f 268/1/201 266/4/215 242/2/197
f 243/3/197 267/1/216 269/4/202
f 246/3/197 270/1/219 268/4/201
f 269/1/202 271/4/220 247/2/197
f 272/1/203 270/4/219 246/2/197
f 247/3/197 271/1/220 273/4/204
f 250/3/197 274/1/223 272/4/203
f 273/1/204 275/4/224 251/2/197
f 276/1/205 274/4/223 250/2/197
f 251/3/197 275/1/224 277/4/206
f 254/3/197 278/1/227 276/4/205
f 277/1/206 279/4/228 255/2/197
f 280/1/207 278/4/227 254/2/197
f 255/3/197 279/1/228 281/4/208
f 258/3/197 282/1/231 280/4/207
f 281/1/208 283/4/232 259/2/197
f 284/1/209 282/4/231 258/2/197
f 259/3/197 283/1/232 284/4/209
f 262/3/210 286/1/234 285/4/211
f 285/1/211 287/4/235 263/2/212
f 288/1/213 286/4/234 262/2/210
f 263/3/212 287/1/235 289/4/214
f 266/3/215 290/1/236 288/4/213
f 289/1/214 291/4/237 267/2/216
f 292/1/217 290/4/236 266/2/215
f 267/3/216 291/1/237 293/4/218
f 270/3/219 294/1/238 292/4/217
f 293/1/218 295/4/239 271/2/220
f 296/1/221 294/4/238 270/2/219
f 271/3/220 295/1/239 297/4/222
f 274/3/223 298/1/240 296/4/221
f 297/1/222 299/4/241 275/2/224
f 300/1/225 298/4/240 274/2/223
f 275/3/224 299/1/241 301/4/226
f 278/3/227 302/1/242 300/4/225
f 301/1/226 303/4/243 279/2/228
f 304/1/229 302/4/242 278/2/227
f 279/3/228 303/1/243 305/4/230
f 282/3/231 306/1/244 304/4/229
f 305/1/230 307/4/245 283/2/232
f 308/1/233 306/4/244 282/2/231
f 283/3/232 307/1/245 308/4/233
f 286/3/234 310/1/197 309/4/197
f 309/1/197 311/4/197 287/2/235
f 312/1/197 310/4/197 286/2/234
f 287/3/235 311/1/197 313/4/197
f 290/3/236 314/1/197 312/4/197
f 313/1/197 315/4/197 291/2/237
f 316/1/197 314/4/197 290/2/236
f 291/3/237 315/1/197 317/4/197
f 294/3/238 318/1/197 316/4/197
f 317/1/197 319/4/197 295/2/239
f 320/1/197 318/4/197 294/2/238
f 295/3/239 319/1/197 321/4/197
f 298/3/240 322/1/197 320/4/197
f 321/1/197 323/4/197 299/2/241
f 324/1/197 322/4/197 298/2/240
f 299/3/241 323/1/197 325/4/197
f 302/3/242 326/1/197 324/4/197
f 325/1/197 327/4/197 303/2/243
f 328/1/197 326/4/197 302/2/242
f 303/3/243 327/1/197 329/4/197
f 306/3/244 330/1/197 328/4/197
f 329/1/197 331/4/197 307/2/245
f 332/1/197 330/4/197 306/2/244
f 307/3/245 331/1/197 332/4/197
f 310/3/197 334/1/197 333/4/197
f 333/1/197 335/4/197 311/2/197
f 336/1/197 334/4/197 310/2/197
f 311/3/197 335/1/197 337/4/197
f 314/3/197 338/1/197 336/4/197
f 337/1/197 339/4/197 315/2/197
f 340/1/197 338/4/197 314/2/197
f 315/3/197 339/1/197 341/4/197
f 318/3/197 342/1/197 340/4/197
f 341/1/197 343/4/197 319/2/197
f 344/1/197 342/4/197 318/2/197
f 319/3/197 343/1/197 345/4/197
f 322/3/197 346/1/197 344/4/197
f 345/1/197 347/4/197 323/2/197
f 348/1/197 346/4/197 322/2/197
f 323/3/197 347/1/197 349/4/197
f 326/3/197 350/1/197 348/4/197
f 349/1/197 351/4/197 327/2/197
f 352/1/197 350/4/197 326/2/197
f 327/3/197 351/1/197 353/4/197
f 330/3/197 354/1/197 352/4/197
f 353/1/197 355/4/197 331/2/197
f 356/1/197 354/4/197 330/2/197
f 331/3/197 355/1/197 356/4/197
f 334/3/197 336/3/197 357/5/197
f 357/1/197 359/4/197 335/2/197
f 360/3/197 370/1/197 368/4/197
f 359/5/197 339/2/197 337/2/197
f 338/3/197 362/1/197 357/4/197
f 361/3/197 369/1/197 371/4/197
f 340/3/197 342/3/197 362/5/197
f 359/1/197 363/4/197 341/2/197
f 372/1/197 370/4/197 360/2/197
f 363/5/197 345/2/197 343/2/197
f 344/3/197 360/1/197 362/4/197
f 371/1/197 372/4/197 358/2/197
f 346/3/197 348/3/197 360/5/197
f 345/3/197 363/1/197 361/4/197
f 373/5/197 367/2/197 365/2/197
f 361/5/197 351/2/197 349/2/197
f 358/1/197 360/4/197 348/2/197
f 368/3/197 370/3/197 373/5/197
f 352/3/197 354/3/197 358/5/197
f 351/3/197 361/1/197 364/4/197
f 373/5/197 371/2/197 369/2/197
f 364/5/197 356/2/197 355/2/197
f 364/1/197 358/4/197 354/2/197
f 372/3/197 371/3/197 373/5/197
f 366/1/197 365/4/197 359/2/197
f 365/1/197 367/4/197 363/2/197
f 362/3/197 368/1/197 366/4/197
f 363/3/197 367/1/197 369/4/197
f 547/6/254 545/7/255 546/8/256
f 552/9/257 407/10/258 547/6/254
f 407/10/258 548/11/259 545/7/255
f 408/12/260 417/13/261 407/10/258
f 550/14/262 409/15/263 549/16/264
f 551/16/265 410/12/266 409/15/263
f 549/16/264 408/12/260 552/9/257
f 409/15/263 386/17/267 408/12/260
f 555/18/268 553/6/269 554/8/270
f 560/19/271 411/10/272 555/18/268
f 411/10/272 556/9/273 553/6/269
f 412/20/274 410/12/266 411/10/272
f 558/21/275 416/22/276 557/23/277
f 559/23/278 417/13/261 416/22/276
f 557/23/277 412/20/274 560/19/271
f 416/22/276 386/17/267 412/20/274
f 562/24/279 429/25/280 561/26/281
f 748/26/282 430/27/283 429/25/280
f 561/26/281 438/27/284 564/28/285
f 429/25/280 419/29/286 438/27/284
f 736/30/287 565/31/288 566/32/289
f 743/33/290 431/34/291 736/30/287
f 431/34/291 568/28/292 565/31/288
f 432/35/293 430/27/283 431/34/291
f 571/36/294 434/37/295 570/38/296
f 569/38/297 435/35/298 434/37/295
f 570/38/296 432/35/293 743/33/290
f 434/37/295 419/29/286 432/35/293
f 573/39/299 572/40/300 418/41/301
f 572/40/300 421/42/302 418/41/301
f 574/31/303 575/30/304 576/32/305
f 564/28/285 437/43/306 574/31/303
f 580/44/307 578/45/308 579/46/309
f 581/47/310 422/48/311 580/44/307
f 422/48/311 577/49/312 578/45/308
f 423/50/313 421/42/302 422/48/311
f 437/43/306 582/33/314 575/30/304
f 438/27/284 435/35/298 437/43/306
f 688/51/315 423/50/313 581/47/310
f 424/52/316 391/53/317 423/50/313
f 586/54/318 584/55/319 585/56/320
f 603/57/321 439/58/322 586/54/318
f 439/58/322 583/59/323 584/55/319
f 440/60/324 447/61/325 439/58/322
f 589/62/326 426/63/327 588/64/328
f 590/64/329 427/65/330 426/63/327
f 588/64/328 457/65/331 587/66/332
f 426/63/327 393/67/333 457/65/331
f 592/68/334 593/69/335 594/70/336
f 595/71/337 452/72/338 592/68/334
f 452/72/338 591/66/339 593/69/335
f 453/73/340 427/65/330 452/72/338
f 598/74/341 454/75/342 597/76/343
f 596/76/344 455/73/345 454/75/342
f 597/76/343 453/73/340 595/71/337
f 454/75/342 393/67/333 453/73/340
f 600/69/346 601/68/347 602/70/348
f 587/66/332 456/77/349 600/69/346
f 456/77/349 599/71/350 601/68/347
f 457/65/331 455/73/345 456/77/349
f 605/78/351 441/79/352 604/80/353
f 746/80/354 443/60/355 441/79/352
f 604/80/353 440/60/324 603/57/321
f 441/79/352 420/81/356 440/60/324
f 567/55/357 609/54/358 610/56/359
f 563/82/360 444/83/361 567/55/357
f 444/83/361 744/57/362 609/54/358
f 445/61/363 443/60/355 444/83/361
f 607/84/364 446/85/365 606/86/366
f 608/86/367 447/61/325 446/85/365
f 606/86/366 445/61/363 563/82/360
f 446/85/365 420/81/356 445/61/363
f 615/87/368 616/88/369 458/89/370
f 616/88/369 459/90/371 458/89/370
f 618/91/372 387/92/373 617/93/374
f 458/89/370 459/90/371 398/94/375
f 613/95/376 611/96/377 612/97/378
f 627/98/379 460/99/380 613/95/376
f 460/99/380 614/100/381 611/96/377
f 461/101/382 459/90/371 460/99/380
f 626/102/383 462/103/384 625/104/385
f 617/93/374 392/105/386 624/106/387
f 625/104/385 461/101/382 627/98/379
f 387/92/373 442/107/388 392/105/386
f 621/108/389 389/109/390 388/110/391
f 623/111/392 619/112/393 620/113/394
f 624/106/387 390/114/395 623/111/392
f 390/114/395 622/115/396 619/112/393
f 632/116/397 633/117/398 634/118/399
f 631/119/400 463/120/401 632/116/397
f 463/120/401 635/121/402 633/117/398
f 464/122/403 470/123/404 463/120/401
f 630/124/405 465/125/406 629/126/407
f 628/126/408 466/122/409 465/125/406
f 629/126/407 464/122/403 631/119/400
f 465/125/406 400/127/410 464/122/403
f 643/117/411 641/116/412 642/118/413
f 636/121/414 467/120/415 643/117/411
f 467/120/415 640/119/416 641/116/412
f 468/128/417 466/122/409 467/120/415
f 638/129/418 469/130/419 637/131/420
f 639/131/421 470/123/404 469/130/419
f 637/131/420 468/128/417 636/121/414
f 469/130/419 400/127/410 468/128/417
f 392/105/386 389/109/390 390/114/395
f 651/132/422 472/133/423 471/92/424
f 648/134/425 395/135/426 394/136/427
f 657/137/428 649/138/429 650/139/430
f 647/140/431 645/141/432 646/142/433
f 656/143/434 473/144/435 647/140/431
f 473/144/435 644/145/436 645/141/432
f 474/146/437 472/133/423 473/144/435
f 659/147/438 475/110/439 658/148/440
f 664/149/441 396/150/442 657/137/428
f 658/148/440 474/146/437 656/143/434
f 475/110/439 401/107/443 474/146/437
f 396/150/442 655/151/444 649/138/429
f 654/152/445 448/153/446 653/154/447
f 397/155/448 395/135/426 396/150/442
f 653/154/447 490/156/449 652/157/450
f 448/153/446 425/158/451 490/156/449
f 666/159/452 399/160/453 665/161/454
f 665/161/454 397/155/448 664/149/441
f 663/162/455 742/163/456 449/164/457
f 742/163/456 488/165/458 449/164/457
f 698/166/459 406/167/460 662/168/461
f 402/136/462 451/169/463 406/167/460
f 674/170/464 660/171/465 661/172/466
f 652/157/450 489/173/467 674/170/464
f 489/173/467 735/174/468 660/171/465
f 490/156/449 488/165/458 489/173/467
f 676/39/469 491/41/470 675/175/471
f 675/175/471 495/176/472 741/177/473
f 491/41/470 428/53/474 495/176/472
f 678/178/475 404/179/476 403/160/477
f 677/180/478 493/181/479 492/52/480
f 403/160/477 404/179/476 451/169/463
f 740/182/481 667/183/482 668/184/483
f 741/177/473 494/185/484 740/182/481
f 494/185/484 669/186/485 667/183/482
f 495/176/472 493/181/479 494/185/484
f 673/187/486 670/188/487 671/189/488
f 662/168/461 405/190/489 673/187/486
f 405/190/489 672/191/490 670/188/487
f 406/167/460 404/179/476 405/190/489
f 418/41/301 421/42/302 391/53/317
f 424/52/316 688/192/315 687/193/491
f 398/94/375 461/101/382 462/103/384
f 690/194/492 496/195/493 689/196/494
f 691/91/495 651/197/422 471/92/424
f 689/196/494 374/198/496 745/199/497
f 471/92/424 472/133/423 401/107/443
f 679/152/498 684/200/499 476/153/500
f 476/153/500 477/201/501 413/158/502
f 480/164/503 681/202/504 680/162/505
f 682/203/506 498/204/507 497/205/508
f 683/194/509 696/206/510 481/195/511
f 684/200/499 477/201/501 476/153/500
f 747/207/512 685/208/513 686/209/514
f 745/199/497 499/210/515 747/207/512
f 700/211/516 701/212/517 702/213/518
f 703/214/519 478/215/520 700/211/516
f 478/215/520 699/216/521 701/212/517
f 479/217/522 477/201/501 478/215/520
f 499/210/515 704/218/523 685/208/513
f 374/198/496 498/204/507 499/210/515
f 681/202/504 479/217/522 703/214/519
f 480/164/503 413/158/502 479/217/522
f 694/87/524 375/89/525 693/219/526
f 693/219/526 379/220/527 692/221/528
f 375/89/525 436/94/529 379/220/527
f 414/222/530 484/223/531 485/205/532
f 402/136/462 698/224/459 697/225/533
f 696/206/510 482/226/534 481/195/511
f 695/227/535 678/228/475 403/160/477
f 481/195/511 482/226/534 414/222/530
f 716/229/536 714/230/537 715/231/538
f 717/232/539 483/233/540 716/229/536
f 483/233/540 713/234/541 714/230/537
f 484/223/531 482/226/534 483/233/540
f 719/235/542 485/205/532 718/236/543
f 720/237/544 377/238/545 376/103/546
f 718/236/543 484/223/531 717/232/539
f 449/164/457 488/165/458 425/158/451
f 708/239/547 706/240/548 707/241/549
f 692/221/528 378/242/550 708/239/547
f 378/242/550 705/243/551 706/240/548
f 379/220/527 377/238/545 378/242/550
f 712/244/552 710/245/553 711/246/554
f 734/247/555 486/248/556 712/244/552
f 486/248/556 709/249/557 710/245/553
f 487/250/558 385/251/559 486/248/556
f 733/252/560 380/253/561 732/254/562
f 731/254/563 381/250/564 380/253/561
f 732/254/562 487/250/558 734/247/555
f 380/253/561 415/255/565 487/250/558
f 727/245/566 728/244/567 729/246/568
f 726/249/569 382/248/570 727/245/566
f 382/248/570 730/247/571 728/244/567
f 383/256/572 381/250/564 382/248/570
f 725/257/573 384/258/574 724/259/575
f 723/259/576 385/251/559 384/258/574
f 724/259/575 383/256/572 726/249/569
f 384/258/574 415/255/565 383/256/572
f 721/193/577 677/260/478 492/52/480
f 492/52/480 493/181/479 428/53/474
f 433/222/578 374/198/496 496/195/493
f 722/235/579 682/261/506 497/205/508
f 497/205/508 498/204/507 433/222/578
f 738/102/580 720/262/544 376/103/546
f 376/103/546 377/238/545 436/94/529
f 739/147/581 621/263/389 388/110/391
f 388/110/391 389/109/390 442/107/388
f 737/225/582 648/264/425 394/136/427
f 394/136/427 395/135/426 450/169/583
f 450/169/583 397/155/448 399/160/453
f 719/235/542 615/87/368 523/265/584
f 695/266/535 626/102/383 634/118/399
f 391/3/317 501/4/585 418/2/301
f 502/1/586 401/2/443 475/3/439
f 505/1/587 391/2/317 424/3/316
f 401/3/443 506/4/588 471/2/424
f 507/267/589 424/2/316 687/1/491
f 471/3/424 508/4/590 691/2/495
f 476/3/500 507/4/589 679/2/498
f 508/267/590 402/2/462 697/1/533
f 413/3/502 509/4/591 476/2/500
f 510/1/592 451/2/463 402/3/462
f 513/1/593 413/2/502 480/3/503
f 451/3/463 514/4/594 403/2/477
f 515/267/595 480/2/503 680/1/505
f 717/232/539 712/244/552 718/236/543
f 481/3/511 515/4/595 683/2/509
f 516/267/596 462/2/384 626/1/383
f 414/3/530 517/4/597 481/2/511
f 518/1/598 398/2/375 462/3/384
f 521/1/599 414/2/530 485/3/532
f 398/3/375 522/4/600 458/2/370
f 523/267/584 485/2/532 719/1/542
f 458/3/370 523/4/584 615/1/368
f 618/1/372 524/4/601 387/2/373
f 387/3/373 526/4/602 442/2/388
f 663/162/455 690/194/492 610/268/359
f 526/1/602 388/2/391 442/3/388
f 529/1/603 394/2/427 450/3/583
f 528/1/3 739/1/581 388/3/391
f 399/3/453 529/4/603 450/2/583
f 676/1/469 531/4/5 491/2/470
f 605/78/351 598/74/341 661/172/466
f 491/3/470 2/4/7 428/2/474
f 533/1/604 738/2/580 376/3/546
f 2/1/7 492/2/480 428/3/474
f 535/1/605 376/2/546 436/3/529
f 534/1/8 721/2/577 492/3/480
f 375/3/525 535/4/605 436/2/529
f 654/1/445 3/4/12 448/2/446
f 589/62/326 571/269/294 668/270/483
f 448/3/446 539/4/606 425/2/451
f 733/252/560 607/271/364 686/272/514
f 539/1/606 449/2/457 425/3/451
f 542/1/607 497/2/508 433/3/578
f 541/1/608 663/2/455 449/3/457
f 496/3/493 542/4/607 433/2/578
f 690/1/492 544/4/609 496/2/493
f 418/3/301 500/4/610 573/2/299
f 500/267/610 475/2/439 659/1/438
f 659/147/438 573/39/299 500/273/610
f 726/249/569 708/274/547 724/259/575
f 683/194/509 680/162/505 585/56/320
f 682/275/506 729/246/568 728/244/567
f 691/91/495 697/225/533 546/8/256
f 403/3/477 516/4/596 695/2/535
f 679/152/498 687/193/491 602/70/348
f 724/259/575 707/276/549 725/257/573
f 716/229/536 734/247/555 717/232/539
f 718/236/543 711/246/554 719/235/542
f 739/147/581 676/39/469 566/277/289
f 527/1/611 737/2/582 394/3/427
f 738/102/580 666/159/452 642/278/413
f 562/24/279 558/21/275 620/113/394
f 666/1/452 530/4/612 399/2/453
f 638/279/418 550/280/262 671/281/488
f 722/282/579 694/283/524 729/246/568
f 725/257/573 630/284/405 612/97/378
f 694/1/524 537/4/613 375/2/525
f 540/1/614 722/2/579 497/3/508
f 737/285/582 618/286/372 554/8/270
f 721/287/577 654/288/445 594/70/336
f 698/224/459 546/289/256 697/225/533
f 546/8/256 651/197/422 691/91/495
f 662/168/461 547/290/254 698/166/459
f 545/7/255 644/145/436 651/132/422
f 650/291/430 551/16/265 550/14/262
f 671/189/488 549/292/264 673/187/486
f 649/293/429 556/9/273 551/16/265
f 673/187/486 552/294/257 662/168/461
f 554/8/270 617/295/374 555/18/268
f 648/296/425 554/8/270 553/6/269
f 555/18/268 624/297/387 560/19/271
f 655/298/444 553/6/269 556/9/273
f 559/23/278 646/142/433 645/141/432
f 557/23/277 620/299/394 558/21/275
f 548/11/259 645/141/432 644/145/436
f 560/19/271 623/300/392 557/23/277
f 748/301/282 620/113/394 619/112/393
f 561/26/281 646/142/433 562/24/279
f 568/302/292 619/112/393 622/115/396
f 564/28/285 647/140/431 561/26/281
f 675/175/471 566/303/289 676/39/469
f 566/277/289 621/263/389 739/147/581
f 741/177/473 736/304/287 675/175/471
f 565/305/288 622/115/396 621/108/389
f 579/46/309 569/38/297 571/36/294
f 668/184/483 570/306/296 740/182/481
f 578/45/308 582/33/314 569/38/297
f 740/182/481 743/307/290 741/177/473
f 572/40/300 576/32/305 575/30/304
f 577/49/312 575/30/304 582/33/314
f 576/32/305 658/148/440 574/31/303
f 574/31/303 656/143/434 564/28/285
f 579/46/309 588/64/328 580/44/307
f 580/44/307 587/66/332 581/47/310
f 581/47/310 600/69/346 688/51/315
f 585/56/320 681/202/504 586/54/318
f 696/206/510 585/56/320 584/55/319
f 586/54/318 703/214/519 603/57/321
f 713/234/541 584/55/319 583/59/323
f 668/270/483 590/64/329 589/62/326
f 667/308/482 591/66/339 590/64/329
f 594/70/336 653/309/447 592/68/334
f 677/310/478 594/70/336 593/69/335
f 592/68/334 652/311/450 595/71/337
f 669/312/485 593/69/335 591/66/339
f 596/76/344 702/213/518 701/212/517
f 597/76/343 661/313/466 598/74/341
f 599/71/350 701/212/517 699/216/521
f 595/71/337 674/314/464 597/76/343
f 688/192/315 602/70/348 687/193/491
f 602/70/348 684/200/499 679/152/498
f 601/68/347 699/216/521 684/200/499
f 746/315/354 661/172/466 660/171/465
f 604/80/353 702/213/518 605/78/351
f 744/316/362 660/171/465 735/174/468
f 603/57/321 700/211/516 604/80/353
f 689/196/494 610/317/359 690/194/492
f 610/268/359 742/163/456 663/162/455
f 745/199/497 567/318/357 689/196/494
f 609/319/358 735/174/468 742/163/456
f 715/231/538 608/86/367 607/84/364
f 686/209/514 606/320/366 747/207/512
f 714/230/537 583/59/323 608/86/367
f 747/207/512 563/321/360 745/199/497
f 711/246/554 616/88/369 615/87/368
f 710/245/553 614/100/381 616/88/369
f 629/126/407 612/97/378 630/124/405
f 723/259/576 612/97/378 611/96/377
f 631/119/400 613/95/376 629/126/407
f 709/249/557 611/96/377 614/100/381
f 634/118/399 625/104/385 632/116/397
f 632/116/397 627/98/379 631/119/400
f 678/322/475 634/118/399 633/117/398
f 672/323/490 633/117/398 635/121/402
f 628/324/408 707/241/549 706/240/548
f 640/325/416 706/240/548 705/243/551
f 665/161/454 642/326/413 666/159/452
f 642/278/413 720/262/544 738/102/580
f 664/149/441 643/327/411 665/161/454
f 641/328/412 705/243/551 720/237/544
f 671/281/488 639/131/421 638/129/418
f 650/139/430 637/329/420 657/137/428
f 670/330/487 635/121/402 639/131/421
f 657/137/428 636/331/414 664/149/441
f 704/332/523 728/244/567 730/247/571
f 686/272/514 731/254/563 733/252/560
f 685/333/513 730/247/571 731/254/563
f 729/246/568 693/334/526 727/245/566
f 727/245/566 692/335/528 726/249/569
f 715/231/538 732/254/562 716/229/536
f 525/3/615 749/4/51 524/2/601
f 524/3/601 5/4/246 526/2/602
f 6/1/45 525/2/615 527/3/611
f 5/1/246 528/2/3 526/3/602
f 8/1/43 527/2/611 529/3/603
f 530/3/612 8/4/43 529/2/603
f 532/3/616 10/4/39 530/2/612
f 750/1/34 532/2/616 533/3/604
f 15/1/32 533/2/604 535/3/605
f 537/3/613 15/4/32 535/2/605
f 538/3/617 751/4/28 537/2/613
f 3/3/12 19/4/247 539/2/606
f 752/1/22 538/2/617 540/3/614
f 19/1/247 541/2/608 539/3/606
f 754/1/19 540/2/614 542/3/607
f 753/1/20 543/2/618 541/3/608
f 544/3/609 754/4/19 542/2/607
f 543/3/618 20/4/16 544/2/609
f 503/3/619 756/4/13 501/2/585
f 756/1/13 500/2/610 501/3/585
f 759/1/13 503/2/619 505/3/587
f 500/3/610 760/4/13 502/2/586
f 507/3/589 759/4/13 505/2/587
f 760/1/13 504/2/620 502/3/586
f 763/1/13 507/2/589 509/3/591
f 504/3/620 764/4/13 506/2/588
f 511/3/621 763/4/13 509/2/591
f 764/1/13 508/2/590 506/3/588
f 767/1/13 511/2/621 513/3/593
f 508/3/590 768/4/13 510/2/592
f 515/3/595 767/4/13 513/2/593
f 768/1/13 512/2/622 510/3/592
f 771/1/13 515/2/595 517/3/597
f 512/3/622 772/4/13 514/2/594
f 519/3/623 771/4/13 517/2/597
f 772/1/13 516/2/596 514/3/594
f 775/1/13 519/2/623 521/3/599
f 516/3/596 776/4/13 518/2/598
f 523/3/584 775/4/13 521/2/599
f 776/1/13 520/2/624 518/3/598
f 779/1/13 523/2/584 522/3/600
f 520/3/624 779/4/13 522/2/600
f 789/4/13 835/3/13 834/2/13
f 832/2/13 789/1/13 834/3/13
f 835/2/13 792/1/13 837/3/13
f 793/4/13 832/3/13 830/2/13
f 792/4/13 839/3/13 837/2/13
f 780/2/13 793/1/13 830/3/13
f 839/2/13 796/1/13 781/3/13
f 797/4/13 780/3/13 782/2/13
f 796/4/13 783/3/13 781/2/13
f 784/2/13 797/1/13 782/3/13
f 783/2/13 800/1/13 785/3/13
f 801/4/13 784/3/13 786/2/13
f 800/4/13 787/3/13 785/2/13
f 831/2/13 801/1/13 786/3/13
f 787/2/13 804/1/13 844/3/13
f 805/4/13 831/3/13 833/2/13
f 804/4/13 843/3/13 844/2/13
f 788/2/13 805/1/13 833/3/13
f 843/2/13 808/1/13 842/3/13
f 809/4/13 788/3/13 836/2/13
f 808/4/13 841/3/13 842/2/13
f 838/2/13 809/1/13 836/3/13
f 841/2/13 812/1/13 840/3/13
f 812/4/13 838/3/13 840/2/13
f 813/5/13 790/3/13 789/2/13
f 791/2/13 813/1/13 789/3/13
f 824/4/13 816/3/13 818/2/13
f 793/2/13 815/5/13 791/3/13
f 813/4/13 794/3/13 792/2/13
f 827/4/13 817/3/13 820/2/13
f 818/5/13 796/3/13 794/2/13
f 797/2/13 815/1/13 795/3/13
f 816/2/13 828/1/13 814/3/13
f 799/2/13 819/5/13 797/3/13
f 818/4/13 800/3/13 798/2/13
f 814/2/13 827/1/13 820/3/13
f 816/5/13 802/3/13 800/2/13
f 817/4/13 801/3/13 803/2/13
f 821/2/13 829/5/13 822/3/13
f 805/2/13 817/5/13 803/3/13
f 804/2/13 814/1/13 806/3/13
f 829/5/13 824/3/13 822/2/13
f 814/5/13 808/3/13 806/2/13
f 820/4/13 807/3/13 809/2/13
f 825/2/13 829/5/13 823/3/13
f 811/2/13 820/5/13 809/3/13
f 810/2/13 820/1/13 812/3/13
f 829/5/13 828/3/13 826/2/13
f 815/2/13 822/1/13 813/3/13
f 819/2/13 821/1/13 815/3/13
f 822/4/13 818/3/13 813/2/13
f 825/4/13 819/3/13 817/2/13
f 757/3/13 782/4/13 756/2/13
f 782/1/13 758/2/13 756/3/13
f 786/1/13 757/2/13 759/3/13
f 758/3/13 830/4/13 760/2/13
f 761/3/13 786/4/13 759/2/13
f 830/1/13 762/2/13 760/3/13
f 833/1/13 761/2/13 763/3/13
f 762/3/13 834/4/13 764/2/13
f 765/3/13 833/4/13 763/2/13
f 834/1/13 766/2/13 764/3/13
f 836/1/13 765/2/13 767/3/13
f 766/3/13 837/4/13 768/2/13
f 769/3/13 836/4/13 767/2/13
f 837/1/13 770/2/13 768/3/13
f 840/1/13 769/2/13 771/3/13
f 770/3/13 781/4/13 772/2/13
f 773/3/13 840/4/13 771/2/13
f 781/1/13 774/2/13 772/3/13
f 842/1/13 773/2/13 775/3/13
f 774/3/13 785/4/13 776/2/13
f 777/3/13 842/4/13 775/2/13
f 785/1/13 778/2/13 776/3/13
f 844/1/13 777/2/13 779/3/13
f 778/3/13 844/4/13 779/2/13
f 547/6/254 407/10/258 545/7/255
f 552/9/257 408/12/260 407/10/258
f 407/10/258 417/13/261 548/11/259
f 408/12/260 386/17/267 417/13/261
f 550/14/262 551/16/265 409/15/263
f 551/16/265 556/9/273 410/12/266
f 549/16/264 409/15/263 408/12/260
f 409/15/263 410/12/266 386/17/267
f 555/18/268 411/10/272 553/6/269
f 560/19/271 412/20/274 411/10/272
f 411/10/272 410/12/266 556/9/273
f 412/20/274 386/17/267 410/12/266
f 558/21/275 559/23/278 416/22/276
f 559/23/278 548/11/259 417/13/261
f 557/23/277 416/22/276 412/20/274
f 416/22/276 417/13/261 386/17/267
f 562/24/279 748/26/282 429/25/280
f 748/26/282 568/28/292 430/27/283
f 561/26/281 429/25/280 438/27/284
f 429/25/280 430/27/283 419/29/286
f 736/30/287 431/34/291 565/31/288
f 743/33/290 432/35/293 431/34/291
f 431/34/291 430/27/283 568/28/292
f 432/35/293 419/29/286 430/27/283
f 571/36/294 569/38/297 434/37/295
f 569/38/297 582/33/314 435/35/298
f 570/38/296 434/37/295 432/35/293
f 434/37/295 435/35/298 419/29/286
f 572/40/300 577/49/312 421/42/302
f 574/31/303 437/43/306 575/30/304
f 564/28/285 438/27/284 437/43/306
f 580/44/307 422/48/311 578/45/308
f 581/47/310 423/50/313 422/48/311
f 422/48/311 421/42/302 577/49/312
f 423/50/313 391/53/317 421/42/302
f 437/43/306 435/35/298 582/33/314
f 438/27/284 419/29/286 435/35/298
f 688/51/315 424/52/316 423/50/313
f 586/54/318 439/58/322 584/55/319
f 603/57/321 440/60/324 439/58/322
f 439/58/322 447/61/325 583/59/323
f 440/60/324 420/81/356 447/61/325
f 589/62/326 590/64/329 426/63/327
f 590/64/329 591/66/339 427/65/330
f 588/64/328 426/63/327 457/65/331
f 426/63/327 427/65/330 393/67/333
f 592/68/334 452/72/338 593/69/335
f 595/71/337 453/73/340 452/72/338
f 452/72/338 427/65/330 591/66/339
f 453/73/340 393/67/333 427/65/330
f 598/74/341 596/76/344 454/75/342
f 596/76/344 599/71/350 455/73/345
f 597/76/343 454/75/342 453/73/340
f 454/75/342 455/73/345 393/67/333
f 600/69/346 456/77/349 601/68/347
f 587/66/332 457/65/331 456/77/349
f 456/77/349 455/73/345 599/71/350
f 457/65/331 393/67/333 455/73/345
f 605/78/351 746/80/354 441/79/352
f 746/80/354 744/57/362 443/60/355
f 604/80/353 441/79/352 440/60/324
f 441/79/352 443/60/355 420/81/356
f 567/55/357 444/83/361 609/54/358
f 563/82/360 445/61/363 444/83/361
f 444/83/361 443/60/355 744/57/362
f 445/61/363 420/81/356 443/60/355
f 607/84/364 608/86/367 446/85/365
f 608/86/367 583/59/323 447/61/325
f 606/86/366 446/85/365 445/61/363
f 446/85/365 447/61/325 420/81/356
f 616/88/369 614/100/381 459/90/371
f 613/95/376 460/99/380 611/96/377
f 627/98/379 461/101/382 460/99/380
f 460/99/380 459/90/371 614/100/381
f 461/101/382 398/94/375 459/90/371
f 617/93/374 387/92/373 392/105/386
f 625/104/385 462/103/384 461/101/382
f 621/108/389 622/115/396 389/109/390
f 623/111/392 390/114/395 619/112/393
f 624/106/387 392/105/386 390/114/395
f 390/114/395 389/109/390 622/115/396
f 632/116/397 463/120/401 633/117/398
f 631/119/400 464/122/403 463/120/401
f 463/120/401 470/123/404 635/121/402
f 464/122/403 400/127/410 470/123/404
f 630/124/405 628/126/408 465/125/406
f 628/126/408 640/119/416 466/122/409
f 629/126/407 465/125/406 464/122/403
f 465/125/406 466/122/409 400/127/410
f 643/117/411 467/120/415 641/116/412
f 636/121/414 468/128/417 467/120/415
f 467/120/415 466/122/409 640/119/416
f 468/128/417 400/127/410 466/122/409
f 638/129/418 639/131/421 469/130/419
f 639/131/421 635/121/402 470/123/404
f 637/131/420 469/130/419 468/128/417
f 469/130/419 470/123/404 400/127/410
f 392/105/386 442/107/388 389/109/390
f 651/132/422 644/145/436 472/133/423
f 648/134/425 655/151/444 395/135/426
f 657/137/428 396/150/442 649/138/429
f 647/140/431 473/144/435 645/141/432
f 656/143/434 474/146/437 473/144/435
f 473/144/435 472/133/423 644/145/436
f 474/146/437 401/107/443 472/133/423
f 664/149/441 397/155/448 396/150/442
f 658/148/440 475/110/439 474/146/437
f 396/150/442 395/135/426 655/151/444
f 397/155/448 450/169/583 395/135/426
f 653/154/447 448/153/446 490/156/449
f 665/161/454 399/160/453 397/155/448
f 742/163/456 735/174/468 488/165/458
f 698/166/459 402/136/462 406/167/460
f 674/170/464 489/173/467 660/171/465
f 652/157/450 490/156/449 489/173/467
f 489/173/467 488/165/458 735/174/468
f 490/156/449 425/158/451 488/165/458
f 675/175/471 491/41/470 495/176/472
f 678/178/475 672/191/490 404/179/476
f 677/180/478 669/186/485 493/181/479
f 740/182/481 494/185/484 667/183/482
f 741/177/473 495/176/472 494/185/484
f 494/185/484 493/181/479 669/186/485
f 495/176/472 428/53/474 493/181/479
f 673/187/486 405/190/489 670/188/487
f 662/168/461 406/167/460 405/190/489
f 405/190/489 404/179/476 672/191/490
f 406/167/460 451/169/463 404/179/476
f 689/196/494 496/195/493 374/198/496
f 682/203/506 704/218/523 498/204/507
f 684/200/499 699/216/521 477/201/501
f 747/207/512 499/210/515 685/208/513
f 745/199/497 374/198/496 499/210/515
f 700/211/516 478/215/520 701/212/517
f 703/214/519 479/217/522 478/215/520
f 478/215/520 477/201/501 699/216/521
f 479/217/522 413/158/502 477/201/501
f 499/210/515 498/204/507 704/218/523
f 374/198/496 433/222/578 498/204/507
f 681/202/504 480/164/503 479/217/522
f 693/219/526 375/89/525 379/220/527
f 696/206/510 713/234/541 482/226/534
f 716/229/536 483/233/540 714/230/537
f 717/232/539 484/223/531 483/233/540
f 483/233/540 482/226/534 713/234/541
f 484/223/531 414/222/530 482/226/534
f 720/237/544 705/243/551 377/238/545
f 718/236/543 485/205/532 484/223/531
f 708/239/547 378/242/550 706/240/548
f 692/221/528 379/220/527 378/242/550
f 378/242/550 377/238/545 705/243/551
f 379/220/527 436/94/529 377/238/545
f 712/244/552 486/248/556 710/245/553
f 734/247/555 487/250/558 486/248/556
f 486/248/556 385/251/559 709/249/557
f 487/250/558 415/255/565 385/251/559
f 733/252/560 731/254/563 380/253/561
f 731/254/563 730/247/571 381/250/564
f 732/254/562 380/253/561 487/250/558
f 380/253/561 381/250/564 415/255/565
f 727/245/566 382/248/570 728/244/567
f 726/249/569 383/256/572 382/248/570
f 382/248/570 381/250/564 730/247/571
f 383/256/572 415/255/565 381/250/564
f 725/257/573 723/259/576 384/258/574
f 723/259/576 709/249/557 385/251/559
f 724/259/575 384/258/574 383/256/572
f 384/258/574 385/251/559 415/255/565
f 719/235/542 711/246/554 615/87/368
f 695/266/535 516/336/596 626/102/383
f 391/3/317 503/1/619 501/4/585
f 502/1/586 504/4/620 401/2/443
f 505/1/587 503/4/619 391/2/317
f 401/3/443 504/1/620 506/4/588
f 507/267/589 505/4/587 424/2/316
f 471/3/424 506/1/588 508/4/590
f 476/3/500 509/1/591 507/4/589
f 508/267/590 510/4/592 402/2/462
f 413/3/502 511/1/621 509/4/591
f 510/1/592 512/4/622 451/2/463
f 513/1/593 511/4/621 413/2/502
f 451/3/463 512/1/622 514/4/594
f 515/267/595 513/4/593 480/2/503
f 717/232/539 734/247/555 712/244/552
f 481/3/511 517/1/597 515/4/595
f 516/267/596 518/4/598 462/2/384
f 414/3/530 519/1/623 517/4/597
f 518/1/598 520/4/624 398/2/375
f 521/1/599 519/4/623 414/2/530
f 398/3/375 520/1/624 522/4/600
f 523/267/584 521/4/599 485/2/532
f 458/3/370 522/1/600 523/4/584
f 618/1/372 525/267/615 524/4/601
f 387/3/373 524/1/601 526/4/602
f 663/162/455 543/337/618 690/194/492
f 526/1/602 528/4/3 388/2/391
f 529/1/603 527/4/611 394/2/427
f 528/1/3 1/4/2 739/1/581
f 399/3/453 530/1/612 529/4/603
f 676/1/469 1/267/2 531/4/5
f 605/78/351 702/213/518 598/74/341
f 491/3/470 531/1/5 2/4/7
f 533/1/604 532/4/616 738/2/580
f 2/1/7 534/4/8 492/2/480
f 535/1/605 533/4/604 376/2/546
f 534/1/8 536/4/10 721/2/577
f 375/3/525 537/1/613 535/4/605
f 654/1/445 536/267/10 3/4/12
f 589/62/326 579/46/309 571/269/294
f 448/3/446 3/1/12 539/4/606
f 733/252/560 715/231/538 607/271/364
f 539/1/606 541/4/608 449/2/457
f 542/1/607 540/4/614 497/2/508
f 541/1/608 543/4/618 663/2/455
f 496/3/493 544/1/609 542/4/607
f 690/1/492 543/267/618 544/4/609
f 418/3/301 501/1/585 500/4/610
f 500/267/610 502/4/586 475/2/439
f 659/147/438 576/32/305 573/39/299
f 726/249/569 692/335/528 708/274/547
f 683/194/509 515/265/595 680/162/505
f 682/275/506 722/282/579 729/246/568
f 691/91/495 508/338/590 697/225/533
f 403/3/477 514/1/594 516/4/596
f 679/152/498 507/265/589 687/193/491
f 724/259/575 708/274/547 707/276/549
f 716/229/536 732/254/562 734/247/555
f 718/236/543 712/244/552 711/246/554
f 739/147/581 1/337/2 676/39/469
f 527/1/611 525/4/615 737/2/582
f 738/102/580 532/339/616 666/159/452
f 562/24/279 646/142/433 558/21/275
f 666/1/452 532/267/616 530/4/612
f 638/279/418 650/139/430 550/280/262
f 722/282/579 538/340/617 694/283/524
f 725/257/573 707/276/549 630/284/405
f 694/1/524 538/267/617 537/4/613
f 540/1/614 538/4/617 722/2/579
f 737/285/582 525/339/615 618/286/372
f 721/287/577 536/337/10 654/288/445
f 698/224/459 547/290/254 546/289/256
f 546/8/256 545/7/255 651/197/422
f 662/168/461 552/294/257 547/290/254
f 545/7/255 548/11/259 644/145/436
f 650/291/430 649/293/429 551/16/265
f 671/189/488 550/280/262 549/292/264
f 649/293/429 655/298/444 556/9/273
f 673/187/486 549/292/264 552/294/257
f 554/8/270 618/286/372 617/295/374
f 648/296/425 737/285/582 554/8/270
f 555/18/268 617/295/374 624/297/387
f 655/298/444 648/341/425 553/6/269
f 559/23/278 558/21/275 646/142/433
f 557/23/277 623/300/392 620/299/394
f 548/11/259 559/23/278 645/141/432
f 560/19/271 624/297/387 623/300/392
f 748/301/282 562/342/279 620/113/394
f 561/26/281 647/140/431 646/142/433
f 568/302/292 748/301/282 619/112/393
f 564/28/285 656/143/434 647/140/431
f 675/175/471 736/304/287 566/303/289
f 566/277/289 565/305/288 621/263/389
f 741/177/473 743/307/290 736/304/287
f 565/305/288 568/302/292 622/115/396
f 579/46/309 578/45/308 569/38/297
f 668/184/483 571/269/294 570/306/296
f 578/45/308 577/49/312 582/33/314
f 740/182/481 570/306/296 743/307/290
f 572/40/300 573/39/299 576/32/305
f 577/49/312 572/40/300 575/30/304
f 576/32/305 659/147/438 658/148/440
f 574/31/303 658/148/440 656/143/434
f 579/46/309 589/62/326 588/64/328
f 580/44/307 588/64/328 587/66/332
f 581/47/310 587/66/332 600/69/346
f 585/56/320 680/162/505 681/202/504
f 696/206/510 683/194/509 585/56/320
f 586/54/318 681/202/504 703/214/519
f 713/234/541 696/206/510 584/55/319
f 668/270/483 667/308/482 590/64/329
f 667/308/482 669/312/485 591/66/339
f 594/70/336 654/288/445 653/309/447
f 677/310/478 721/287/577 594/70/336
f 592/68/334 653/309/447 652/311/450
f 669/312/485 677/343/478 593/69/335
f 596/76/344 598/74/341 702/213/518
f 597/76/343 674/314/464 661/313/466
f 599/71/350 596/76/344 701/212/517
f 595/71/337 652/311/450 674/314/464
f 688/192/315 600/69/346 602/70/348
f 602/70/348 601/68/347 684/200/499
f 601/68/347 599/71/350 699/216/521
f 746/315/354 605/344/351 661/172/466
f 604/80/353 700/211/516 702/213/518
f 744/316/362 746/315/354 660/171/465
f 603/57/321 703/214/519 700/211/516
f 689/196/494 567/318/357 610/317/359
f 610/268/359 609/319/358 742/163/456
f 745/199/497 563/321/360 567/318/357
f 609/319/358 744/316/362 735/174/468
f 715/231/538 714/230/537 608/86/367
f 686/209/514 607/271/364 606/320/366
f 714/230/537 713/234/541 583/59/323
f 747/207/512 606/320/366 563/321/360
f 711/246/554 710/245/553 616/88/369
f 710/245/553 709/249/557 614/100/381
f 629/126/407 613/95/376 612/97/378
f 723/259/576 725/257/573 612/97/378
f 631/119/400 627/98/379 613/95/376
f 709/249/557 723/259/576 611/96/377
f 634/118/399 626/102/383 625/104/385
f 632/116/397 625/104/385 627/98/379
f 678/322/475 695/266/535 634/118/399
f 672/323/490 678/345/475 633/117/398
f 628/324/408 630/284/405 707/241/549
f 640/325/416 628/324/408 706/240/548
f 665/161/454 643/327/411 642/326/413
f 642/278/413 641/328/412 720/262/544
f 664/149/441 636/331/414 643/327/411
f 641/328/412 640/325/416 705/243/551
f 671/281/488 670/330/487 639/131/421
f 650/139/430 638/279/418 637/329/420
f 670/330/487 672/323/490 635/121/402
f 657/137/428 637/329/420 636/331/414
f 704/332/523 682/346/506 728/244/567
f 686/272/514 685/333/513 731/254/563
f 685/333/513 704/332/523 730/247/571
f 729/246/568 694/283/524 693/334/526
f 727/245/566 693/334/526 692/335/528
f 715/231/538 733/252/560 732/254/562
f 525/3/615 4/1/49 749/4/51
f 524/3/601 749/1/51 5/4/246
f 6/1/45 4/4/49 525/2/615
f 8/1/43 6/4/45 527/2/611
f 530/3/612 10/1/39 8/4/43
f 532/3/616 12/1/37 10/4/39
f 750/1/34 12/4/37 532/2/616
f 15/1/32 750/4/34 533/2/604
f 537/3/613 751/1/28 15/4/32
f 538/3/617 18/1/625 751/4/28
f 752/1/22 18/4/625 538/2/617
f 19/1/247 753/4/20 541/2/608
f 754/1/19 752/4/22 540/2/614
f 753/1/20 755/4/17 543/2/618
f 544/3/609 20/1/16 754/4/19
f 543/3/618 755/1/17 20/4/16
f 503/3/619 757/1/13 756/4/13
f 756/1/13 758/4/13 500/2/610
f 759/1/13 757/4/13 503/2/619
f 500/3/610 758/1/13 760/4/13
f 507/3/589 761/1/13 759/4/13
f 760/1/13 762/4/13 504/2/620
f 763/1/13 761/4/13 507/2/589
f 504/3/620 762/1/13 764/4/13
f 511/3/621 765/1/13 763/4/13
f 764/1/13 766/4/13 508/2/590
f 767/1/13 765/4/13 511/2/621
f 508/3/590 766/1/13 768/4/13
f 515/3/595 769/1/13 767/4/13
f 768/1/13 770/4/13 512/2/622
f 771/1/13 769/4/13 515/2/595
f 512/3/622 770/1/13 772/4/13
f 519/3/623 773/1/13 771/4/13
f 772/1/13 774/4/13 516/2/596
f 775/1/13 773/4/13 519/2/623
f 516/3/596 774/1/13 776/4/13
f 523/3/584 777/1/13 775/4/13
f 776/1/13 778/4/13 520/2/624
f 779/1/13 777/4/13 523/2/584
f 520/3/624 778/1/13 779/4/13
f 789/4/13 790/1/13 835/3/13
f 832/2/13 791/4/13 789/1/13
f 835/2/13 790/4/13 792/1/13
f 793/4/13 791/1/13 832/3/13
f 792/4/13 794/1/13 839/3/13
f 780/2/13 795/4/13 793/1/13
f 839/2/13 794/4/13 796/1/13
f 797/4/13 795/1/13 780/3/13
f 796/4/13 798/1/13 783/3/13
f 784/2/13 799/4/13 797/1/13
f 783/2/13 798/4/13 800/1/13
f 801/4/13 799/1/13 784/3/13
f 800/4/13 802/1/13 787/3/13
f 831/2/13 803/4/13 801/1/13
f 787/2/13 802/4/13 804/1/13
f 805/4/13 803/1/13 831/3/13
f 804/4/13 806/1/13 843/3/13
f 788/2/13 807/4/13 805/1/13
f 843/2/13 806/4/13 808/1/13
f 809/4/13 807/1/13 788/3/13
f 808/4/13 810/1/13 841/3/13
f 838/2/13 811/4/13 809/1/13
f 841/2/13 810/4/13 812/1/13
f 812/4/13 811/1/13 838/3/13
f 813/5/13 792/3/13 790/3/13
f 791/2/13 815/4/13 813/1/13
f 824/4/13 826/1/13 816/3/13
f 793/2/13 795/2/13 815/5/13
f 813/4/13 818/1/13 794/3/13
f 827/4/13 825/1/13 817/3/13
f 818/5/13 798/3/13 796/3/13
f 797/2/13 819/4/13 815/1/13
f 816/2/13 826/4/13 828/1/13
f 799/2/13 801/2/13 819/5/13
f 818/4/13 816/1/13 800/3/13
f 814/2/13 828/4/13 827/1/13
f 816/5/13 804/3/13 802/3/13
f 817/4/13 819/1/13 801/3/13
f 821/2/13 823/2/13 829/5/13
f 805/2/13 807/2/13 817/5/13
f 804/2/13 816/4/13 814/1/13
f 829/5/13 826/3/13 824/3/13
f 814/5/13 810/3/13 808/3/13
f 820/4/13 817/1/13 807/3/13
f 825/2/13 827/2/13 829/5/13
f 811/2/13 812/2/13 820/5/13
f 810/2/13 814/4/13 820/1/13
f 829/5/13 827/3/13 828/3/13
f 815/2/13 821/4/13 822/1/13
f 819/2/13 823/4/13 821/1/13
f 822/4/13 824/1/13 818/3/13
f 825/4/13 823/1/13 819/3/13
f 757/3/13 784/1/13 782/4/13
f 782/1/13 780/4/13 758/2/13
f 786/1/13 784/4/13 757/2/13
f 758/3/13 780/1/13 830/4/13
f 761/3/13 831/1/13 786/4/13
f 830/1/13 832/4/13 762/2/13
f 833/1/13 831/4/13 761/2/13
f 762/3/13 832/1/13 834/4/13
f 765/3/13 788/1/13 833/4/13
f 834/1/13 835/4/13 766/2/13
f 836/1/13 788/4/13 765/2/13
f 766/3/13 835/1/13 837/4/13
f 769/3/13 838/1/13 836/4/13
f 837/1/13 839/4/13 770/2/13
f 840/1/13 838/4/13 769/2/13
f 770/3/13 839/1/13 781/4/13
f 773/3/13 841/1/13 840/4/13
f 781/1/13 783/4/13 774/2/13
f 842/1/13 841/4/13 773/2/13
f 774/3/13 783/1/13 785/4/13
f 777/3/13 843/1/13 842/4/13
f 785/1/13 787/4/13 778/2/13
f 844/1/13 843/4/13 777/2/13
f 778/3/13 787/1/13 844/4/13
