# Blender 4.0.0
# www.blender.org
o GlassCup020_Clear
v 0.021672 0.037537 0.054251
v 0.018581 0.039159 0.054251
v 0.008669 0.042468 0.054251
v 0.005224 0.043027 0.054251
v -0.005224 0.043027 0.054251
v -0.015370 0.040527 0.054251
v -0.027412 0.033574 0.054251
v -0.032442 0.028742 0.054251
v -0.039874 0.016990 0.054251
v -0.043201 0.003489 0.054251
v -0.043201 -0.003486 0.054251
v -0.039874 -0.016988 0.054251
v -0.038378 -0.020141 0.054251
v -0.036633 -0.023164 0.054251
v -0.034650 -0.026036 0.054251
v -0.032442 -0.028740 0.054251
v -0.018581 -0.039156 0.054251
v -0.005224 -0.043025 0.054251
v -0.001745 -0.043306 0.054251
v 0.001745 -0.043306 0.054251
v 0.015370 -0.040525 0.054251
v 0.018581 -0.039156 0.054251
v 0.021672 -0.037534 0.054251
v 0.027412 -0.033572 0.054251
v 0.034649 -0.026036 0.054251
v 0.036633 -0.023164 0.054251
v 0.038379 -0.020141 0.054251
v 0.039874 -0.016988 0.054251
v 0.042781 -0.006951 0.054251
v 0.043342 0.000001 0.054251
v 0.042083 0.010374 0.054251
v 0.039874 0.016990 0.054251
v 0.032442 0.028742 0.054251
v 0.027884 0.035501 0.028960
v 0.027966 0.035357 0.028960
v 0.029825 0.033804 0.036008
v 0.029866 0.033850 0.036449
v 0.024987 0.036315 -0.040018
v 0.029066 0.033140 -0.033573
v 0.028139 0.035299 -0.033573
v 0.024684 0.037795 -0.038698
v 0.027220 0.036012 -0.004946
v 0.028286 0.035181 -0.007014
v 0.029099 0.033113 -0.007026
v 0.027187 0.034698 -0.004129
v 0.022570 0.039094 0.028960
v 0.021060 0.039929 0.023931
v 0.024970 0.037607 0.021947
v 0.022775 0.038976 -0.008991
v 0.022568 0.039024 -0.008993
v 0.021035 0.039873 -0.014496
v 0.021060 0.039928 -0.015298
v 0.028541 0.034974 -0.003142
v 0.026467 0.036569 -0.001860
v 0.027269 0.034634 -0.004014
v 0.026556 0.036504 -0.025502
v 0.023022 0.038830 -0.020383
v 0.020682 0.038928 -0.020383
v 0.025082 0.036250 -0.026794
v 0.026550 0.036509 -0.041448
v 0.029866 0.033850 -0.036316
v 0.029164 0.033054 -0.033690
v 0.025085 0.036247 -0.040167
v 0.029164 0.033054 -0.006911
v 0.029866 0.033850 -0.004491
v 0.026413 0.036608 -0.001940
v 0.028279 0.035187 -0.007184
v 0.024905 0.037650 -0.012182
v 0.025142 0.036208 -0.013473
v 0.029100 0.033111 -0.007184
v 0.025643 0.037151 0.028991
v 0.022569 0.039094 0.054251
v 0.023408 0.038599 0.016532
v 0.025198 0.037455 0.015080
v 0.024561 0.037876 0.007165
v 0.026083 0.036844 0.007165
v 0.024241 0.038082 -0.001069
v 0.026190 0.036769 -0.001586
v 0.026246 0.036727 -0.001502
v 0.029866 0.033850 -0.002795
v 0.029866 0.033850 -0.002297
v 0.027735 0.035616 0.007165
v 0.027562 0.035751 0.007165
v 0.027079 0.036117 0.013628
v 0.026934 0.036227 0.013628
v 0.026893 0.036257 0.020963
v 0.027701 0.035644 0.028960
v 0.029866 0.033850 0.037052
v 0.027052 0.036138 -0.005113
v 0.029866 0.033850 -0.010435
v 0.029866 0.033850 -0.009972
v 0.026674 0.036418 -0.014922
v 0.026811 0.036317 -0.015138
v 0.024543 0.037887 -0.038492
v 0.027858 0.035521 -0.033573
v 0.027034 0.036075 0.021105
v 0.027215 0.035939 0.013628
v 0.027829 0.035466 0.007165
v 0.029825 0.033804 -0.001582
v 0.029384 0.033304 0.007165
v 0.024360 0.038005 0.007165
v 0.023239 0.038701 0.016480
v 0.023005 0.038769 0.016483
v 0.024062 0.038122 0.007165
v 0.021060 0.039929 0.023520
v 0.021037 0.039871 0.022990
v 0.024040 0.038208 -0.001069
v 0.023760 0.038310 -0.001069
v 0.027858 0.035521 -0.033350
v 0.028139 0.035299 -0.033350
v 0.024696 0.037787 -0.028236
v 0.024567 0.037872 -0.028424
v 0.029066 0.033141 -0.033350
v 0.024983 0.036318 -0.026943
v 0.029164 0.033054 -0.033222
v 0.029866 0.033850 -0.030617
v 0.029866 0.033850 -0.030172
v 0.029933 0.033790 -0.020201
v 0.026714 0.036389 -0.025264
v 0.021060 0.039928 -0.017539
v 0.020565 0.038990 -0.020041
v 0.025237 0.036142 -0.013624
v 0.020682 0.038928 -0.020173
v 0.023022 0.038830 -0.020173
v 0.023269 0.038683 -0.020173
v 0.021060 0.039928 -0.043777
v 0.020565 0.038990 -0.046437
v 0.023269 0.038683 -0.020383
v 0.020978 0.039971 -0.033461
v 0.029866 0.033850 -0.036789
v 0.026729 0.036378 -0.041718
v 0.021060 0.039928 -0.049266
v 0.021060 0.039928 -0.049760
v 0.028679 0.034861 -0.002921
v 0.029866 0.033850 -0.004166
v 0.022976 0.038857 -0.009008
v 0.024781 0.037732 -0.011974
v 0.028089 0.035338 -0.007175
v 0.020999 0.039961 -0.017507
v 0.021060 0.039928 -0.023139
v 0.020565 0.038990 -0.020587
v 0.021060 0.039928 -0.023458
v 0.021060 0.039928 -0.043390
v 0.029164 0.033054 0.013628
v 0.029164 0.033054 -0.007300
v 0.020565 0.038990 -0.046726
v 0.029164 0.033054 0.021105
v 0.029384 0.033304 0.028960
v 0.020721 0.039285 0.016516
v 0.020565 0.038990 0.007165
v 0.020565 0.038990 -0.001069
v 0.020721 0.039285 -0.009007
v 0.028550 0.034968 0.042988
v 0.027839 0.035535 -0.051309
v 0.023353 0.038632 -0.051309
v 0.013376 0.043115 0.028960
v 0.010891 0.043809 0.036449
v 0.010876 0.043749 0.036008
v 0.013210 0.043102 0.028960
v 0.015692 0.041194 -0.040018
v 0.017081 0.041786 -0.038698
v 0.013065 0.043210 -0.033573
v 0.010761 0.042747 -0.033573
v 0.014174 0.042859 -0.004946
v 0.013111 0.042086 -0.004129
v 0.010721 0.042758 -0.007026
v 0.012885 0.043264 -0.007014
v 0.019352 0.040784 0.028960
v 0.016007 0.042209 0.028960
v 0.016766 0.041913 0.021947
v 0.020896 0.040014 0.023931
v 0.019139 0.040884 -0.008991
v 0.020896 0.040014 -0.015298
v 0.020865 0.039961 -0.014496
v 0.019294 0.040743 -0.008993
v 0.012569 0.043357 -0.003142
v 0.013011 0.042117 -0.004014
v 0.015060 0.042556 -0.001860
v 0.014957 0.042592 -0.025502
v 0.015585 0.041234 -0.026794
v 0.020289 0.039135 -0.020383
v 0.018878 0.041005 -0.020383
v 0.014963 0.042590 -0.041448
v 0.015579 0.041236 -0.040167
v 0.010636 0.042779 -0.033690
v 0.010891 0.043809 -0.036316
v 0.010636 0.042779 -0.006911
v 0.010891 0.043809 -0.004491
v 0.015124 0.042533 -0.001940
v 0.012894 0.043262 -0.007184
v 0.010718 0.042758 -0.007184
v 0.015516 0.041260 -0.013473
v 0.016837 0.041885 -0.012182
v 0.016021 0.042203 0.054251
v 0.019351 0.040784 0.054251
v 0.018470 0.041191 0.016532
v 0.016511 0.042015 0.015080
v 0.017219 0.041729 0.007165
v 0.015504 0.042396 0.007165
v 0.015316 0.042465 -0.001502
v 0.015381 0.042440 -0.001586
v 0.017570 0.041582 -0.001069
v 0.010891 0.043809 -0.002795
v 0.013764 0.042992 0.007165
v 0.013555 0.043059 0.007165
v 0.010891 0.043809 -0.002297
v 0.014348 0.042801 0.013864
v 0.014564 0.042728 0.021128
v 0.013599 0.043045 0.028960
v 0.010891 0.043809 0.037052
v 0.014373 0.042793 -0.005113
v 0.010891 0.043809 -0.010435
v 0.014658 0.042696 -0.015138
v 0.014818 0.042641 -0.014922
v 0.010891 0.043809 -0.009972
v 0.017237 0.041721 -0.038492
v 0.013408 0.043105 -0.033573
v 0.014330 0.042742 0.021105
v 0.014116 0.042814 0.013628
v 0.013379 0.043050 0.007165
v 0.010876 0.043749 -0.001582
v 0.010717 0.043103 0.007165
v 0.017439 0.041637 0.007165
v 0.017704 0.041459 0.007165
v 0.018837 0.040957 0.016483
v 0.018649 0.041110 0.016480
v 0.020861 0.039963 0.022990
v 0.020896 0.040014 0.023520
v 0.017787 0.041490 -0.001069
v 0.018032 0.041318 -0.001069
v 0.013406 0.043105 -0.033350
v 0.017211 0.041732 -0.028424
v 0.017068 0.041791 -0.028236
v 0.013065 0.043210 -0.033350
v 0.015698 0.041192 -0.026943
v 0.010762 0.042747 -0.033350
v 0.010891 0.043809 -0.030617
v 0.010636 0.042779 -0.033222
v 0.010891 0.043809 -0.030172
v 0.014772 0.042657 -0.025264
v 0.010803 0.043830 -0.020201
v 0.006745 0.044635 -0.025264
v 0.010715 0.043852 -0.030172
v 0.020406 0.039074 -0.020041
v 0.020896 0.040014 -0.017539
v 0.015408 0.041301 -0.013624
v 0.018878 0.041005 -0.020173
v 0.020286 0.039136 -0.020173
v 0.018617 0.041124 -0.020173
v 0.020406 0.039074 -0.046437
v 0.020896 0.040014 -0.043777
v 0.018617 0.041124 -0.020383
v 0.010891 0.043809 -0.036789
v 0.014755 0.042663 -0.041718
v 0.020896 0.040014 -0.049760
v 0.020896 0.040014 -0.049266
v 0.010891 0.043809 -0.004166
v 0.012397 0.043406 -0.002921
v 0.018925 0.040983 -0.009008
v 0.021017 0.039952 -0.016678
v 0.016974 0.041829 -0.011974
v 0.013118 0.043194 -0.007181
v 0.020896 0.040014 -0.023139
v 0.020406 0.039074 -0.020587
v 0.020896 0.040014 -0.023458
v 0.020896 0.040014 -0.043390
v 0.010715 0.043852 0.036449
v 0.010701 0.043792 0.036008
v 0.010636 0.042779 0.013628
v 0.010463 0.042822 0.013628
v 0.010542 0.043145 0.007165
v 0.010636 0.042779 -0.007300
v 0.010715 0.043852 -0.030617
v 0.020406 0.039074 -0.046726
v 0.010717 0.043103 0.028960
v 0.010636 0.042779 0.021105
v 0.010542 0.043145 0.028960
v 0.020406 0.039074 0.007165
v 0.020560 0.039370 0.016516
v 0.020406 0.039074 -0.001069
v 0.020560 0.039370 -0.009007
v 0.010463 0.042822 0.021105
v 0.010715 0.043852 -0.009972
v 0.010715 0.043852 -0.010435
v 0.010463 0.042821 -0.033222
v 0.010336 0.042852 -0.033350
v 0.010336 0.042852 -0.033573
v 0.010463 0.042821 -0.033690
v 0.010715 0.043852 -0.036316
v 0.010715 0.043852 -0.036789
v 0.010715 0.043852 -0.004166
v 0.010715 0.043852 -0.004491
v 0.010701 0.043792 -0.001582
v 0.010715 0.043852 -0.002297
v 0.006863 0.044617 -0.015138
v 0.013430 0.043098 -0.051309
v 0.006762 0.044633 -0.041718
v 0.008137 0.044403 -0.051309
v 0.012559 0.043360 0.042988
v 0.018526 0.041165 -0.051309
v 0.008192 0.044393 0.028960
v 0.008333 0.044304 0.028960
v 0.005250 0.043768 -0.040018
v 0.008512 0.044332 -0.033573
v 0.004294 0.044937 -0.038698
v 0.007368 0.044537 -0.004946
v 0.008697 0.044296 -0.007014
v 0.010378 0.042842 -0.007026
v 0.007950 0.043359 -0.004129
v 0.001817 0.045105 0.028960
v 0.000092 0.045142 0.023931
v 0.004633 0.044904 0.021947
v 0.002054 0.045095 -0.008991
v 0.001849 0.045043 -0.008993
v 0.000096 0.045081 -0.014496
v 0.009020 0.044232 -0.003142
v 0.006440 0.044680 -0.001860
v 0.008051 0.043340 -0.004014
v 0.006550 0.044664 -0.025502
v 0.002341 0.045081 -0.020383
v 0.000223 0.044081 -0.020383
v 0.005364 0.043754 -0.026794
v 0.006543 0.044665 -0.041448
v 0.005368 0.043753 -0.040167
v 0.010463 0.042821 -0.006911
v 0.006376 0.044690 -0.001940
v 0.008688 0.044298 -0.007184
v 0.004556 0.044911 -0.012182
v 0.005436 0.043745 -0.013473
v 0.010379 0.042842 -0.007184
v 0.005440 0.044812 0.028987
v 0.001817 0.045105 0.054251
v 0.002789 0.045056 0.016532
v 0.004907 0.044875 0.015080
v 0.004146 0.044951 0.007165
v 0.005974 0.044745 0.007165
v 0.003766 0.044985 -0.001069
v 0.006103 0.044728 -0.001586
v 0.006172 0.044718 -0.001502
v 0.010715 0.043852 -0.002795
v 0.008008 0.044426 0.007165
v 0.007791 0.044465 0.007165
v 0.007195 0.044565 0.013628
v 0.007013 0.044594 0.013628
v 0.006965 0.044602 0.020973
v 0.007963 0.044434 0.028960
v 0.010715 0.043852 0.037052
v 0.007160 0.044571 -0.005113
v 0.006696 0.044643 -0.014922
v 0.004125 0.044953 -0.038492
v 0.008160 0.044398 -0.033573
v 0.007174 0.044506 0.021105
v 0.007396 0.044470 0.013628
v 0.008160 0.044336 0.007165
v 0.003907 0.044973 0.007165
v 0.002592 0.045068 0.016480
v 0.002354 0.045019 0.016483
v 0.003591 0.044937 0.007165
v 0.000092 0.045142 0.023520
v 0.000099 0.045081 0.022990
v 0.003530 0.045004 -0.001069
v 0.003235 0.044964 -0.001069
v 0.008160 0.044398 -0.033350
v 0.008512 0.044332 -0.033350
v 0.004308 0.044936 -0.028236
v 0.004154 0.044950 -0.028424
v 0.005244 0.043768 -0.026943
v 0.000092 0.045142 -0.017539
v 0.000090 0.044081 -0.020041
v 0.005549 0.043731 -0.013624
v 0.000223 0.044081 -0.020173
v 0.002341 0.045081 -0.020173
v 0.002626 0.045066 -0.020173
v 0.000092 0.045142 -0.043777
v 0.000090 0.044081 -0.046437
v 0.002628 0.045066 -0.020383
v 0.000092 0.045142 -0.049266
v 0.000092 0.045142 -0.049760
v 0.009194 0.044196 -0.002921
v 0.002287 0.045084 -0.009008
v 0.000098 0.045143 -0.015307
v 0.004408 0.044926 -0.011974
v 0.008459 0.044342 -0.007179
v 0.000097 0.045142 -0.017145
v 0.000092 0.045142 -0.023139
v 0.000090 0.044081 -0.020587
v 0.000092 0.045142 -0.023458
v 0.000092 0.045142 -0.043390
v 0.010463 0.042821 -0.007300
v 0.000090 0.044081 -0.046726
v 0.000092 0.044415 0.016516
v 0.000090 0.044081 0.007165
v 0.000090 0.044081 -0.001069
v 0.000092 0.044415 -0.009007
v 0.009030 0.044230 0.042988
v 0.002725 0.045060 -0.051309
v 0.023305 -0.038658 0.028960
v 0.023141 -0.038685 0.028960
v 0.021030 -0.039873 0.036008
v 0.021058 -0.039927 0.036449
v 0.025094 -0.036239 -0.040018
v 0.020678 -0.038927 -0.033573
v 0.023026 -0.038825 -0.033573
v 0.026584 -0.036481 -0.038698
v 0.024019 -0.038219 -0.004946
v 0.022864 -0.038921 -0.007014
v 0.020641 -0.038947 -0.007026
v 0.022800 -0.037724 -0.004129
v 0.028550 -0.034965 0.028960
v 0.029864 -0.033848 0.023931
v 0.026308 -0.036681 0.021947
v 0.028367 -0.035114 -0.008991
v 0.028485 -0.034939 -0.008993
v 0.029822 -0.033805 -0.014496
v 0.029864 -0.033848 -0.015298
v 0.022580 -0.039087 -0.003142
v 0.024806 -0.037713 -0.001860
v 0.022712 -0.037777 -0.004015
v 0.024715 -0.037773 -0.025502
v 0.028141 -0.035294 -0.020383
v 0.029064 -0.033140 -0.020383
v 0.024999 -0.036304 -0.026794
v 0.024720 -0.037769 -0.041448
v 0.021058 -0.039927 -0.036316
v 0.020563 -0.038989 -0.033690
v 0.024995 -0.036307 -0.040167
v 0.020563 -0.038989 -0.006911
v 0.021058 -0.039927 -0.004491
v 0.024862 -0.037676 -0.001940
v 0.022871 -0.038917 -0.007184
v 0.026371 -0.036636 -0.012182
v 0.024940 -0.036346 -0.013473
v 0.020640 -0.038948 -0.007184
v 0.025644 -0.037148 0.028991
v 0.028550 -0.034965 0.054251
v 0.027790 -0.035572 0.016532
v 0.026085 -0.036840 0.015080
v 0.026704 -0.036394 0.007165
v 0.025200 -0.037451 0.007165
v 0.027010 -0.036167 -0.001069
v 0.025093 -0.037524 -0.001586
v 0.025032 -0.037563 -0.001502
v 0.021058 -0.039927 -0.002795
v 0.021055 -0.039928 -0.002314
v 0.023466 -0.038561 0.007165
v 0.023652 -0.038447 0.007165
v 0.024167 -0.038126 0.013628
v 0.024321 -0.038027 0.013628
v 0.024363 -0.038001 0.020967
v 0.023504 -0.038538 0.028960
v 0.021058 -0.039927 0.037052
v 0.024196 -0.038107 -0.005113
v 0.021058 -0.039927 -0.010435
v 0.021058 -0.039927 -0.009972
v 0.024592 -0.037853 -0.014922
v 0.024448 -0.037945 -0.015138
v 0.026720 -0.036382 -0.038492
v 0.023333 -0.038642 -0.033573
v 0.024142 -0.038068 0.021105
v 0.023951 -0.038189 0.013628
v 0.023292 -0.038595 0.007165
v 0.020718 -0.039284 0.007165
v 0.026896 -0.036252 0.007165
v 0.027944 -0.035450 0.016480
v 0.028091 -0.035256 0.016483
v 0.027111 -0.036015 0.007165
v 0.029864 -0.033848 0.023520
v 0.029818 -0.033807 0.022990
v 0.027200 -0.036025 -0.001069
v 0.027395 -0.035800 -0.001069
v 0.023333 -0.038642 -0.033350
v 0.023026 -0.038825 -0.033350
v 0.026573 -0.036490 -0.028236
v 0.026699 -0.036398 -0.028424
v 0.020680 -0.038927 -0.033350
v 0.025098 -0.036236 -0.026943
v 0.020563 -0.038989 -0.033222
v 0.021058 -0.039927 -0.030617
v 0.021058 -0.039927 -0.030172
v 0.020978 -0.039969 -0.020201
v 0.024551 -0.037880 -0.025264
v 0.029864 -0.033848 -0.017539
v 0.029164 -0.033053 -0.020041
v 0.024843 -0.036411 -0.013624
v 0.029063 -0.033141 -0.020173
v 0.028141 -0.035294 -0.020173
v 0.027917 -0.035472 -0.020173
v 0.029864 -0.033848 -0.043777
v 0.029164 -0.033053 -0.046438
v 0.027917 -0.035472 -0.020383
v 0.029933 -0.033787 -0.033461
v 0.021058 -0.039927 -0.036789
v 0.024535 -0.037890 -0.041718
v 0.029864 -0.033848 -0.049266
v 0.029864 -0.033848 -0.049760
v 0.022424 -0.039176 -0.002922
v 0.021058 -0.039927 -0.004166
v 0.028184 -0.035261 -0.009008
v 0.026491 -0.036549 -0.011974
v 0.023071 -0.038799 -0.007183
v 0.029918 -0.033802 -0.017531
v 0.029864 -0.033848 -0.023140
v 0.029164 -0.033053 -0.020587
v 0.029864 -0.033848 -0.023458
v 0.029864 -0.033848 -0.043390
v 0.020563 -0.038989 0.013628
v 0.020563 -0.038989 -0.007300
v 0.029164 -0.033053 -0.046726
v 0.020563 -0.038989 0.021105
v 0.020718 -0.039284 0.028960
v 0.029384 -0.033303 0.016516
v 0.029164 -0.033053 0.007165
v 0.029164 -0.033053 -0.001069
v 0.029384 -0.033303 -0.009007
v 0.022570 -0.039092 0.042988
v 0.023353 -0.038630 -0.051309
v 0.027839 -0.035533 -0.051309
v 0.035550 -0.027821 0.028870
v 0.037098 -0.025716 0.036449
v 0.037048 -0.025681 0.036008
v 0.035615 -0.027634 0.028960
v 0.032951 -0.029278 -0.040018
v 0.033011 -0.030787 -0.038698
v 0.035768 -0.027537 -0.033573
v 0.036153 -0.025219 -0.033573
v 0.035047 -0.028449 -0.004946
v 0.034701 -0.027181 -0.004129
v 0.036177 -0.025185 -0.007026
v 0.035883 -0.027387 -0.007014
v 0.031270 -0.032555 0.028960
v 0.033788 -0.029933 0.028960
v 0.033243 -0.030536 0.021947
v 0.030003 -0.033726 0.023931
v 0.031440 -0.032391 -0.008991
v 0.030003 -0.033726 -0.015298
v 0.029965 -0.033678 -0.014496
v 0.031251 -0.032487 -0.008993
v 0.036081 -0.027125 -0.003142
v 0.034764 -0.027099 -0.004015
v 0.034449 -0.029170 -0.001860
v 0.034520 -0.029086 -0.025502
v 0.033027 -0.029192 -0.026794
v 0.029396 -0.032846 -0.020383
v 0.031646 -0.032190 -0.020383
v 0.034515 -0.029092 -0.041448
v 0.033032 -0.029188 -0.040167
v 0.036226 -0.025112 -0.033690
v 0.037098 -0.025716 -0.036316
v 0.036226 -0.025112 -0.006911
v 0.037098 -0.025716 -0.004491
v 0.034406 -0.029221 -0.001940
v 0.035878 -0.027394 -0.007184
v 0.036177 -0.025183 -0.007184
v 0.033077 -0.029137 -0.013473
v 0.033192 -0.030593 -0.012182
v 0.033788 -0.029933 0.042988
v 0.031270 -0.032555 0.054251
v 0.031963 -0.031874 0.016532
v 0.033428 -0.030334 0.015080
v 0.032911 -0.030895 0.007165
v 0.034142 -0.029529 0.007165
v 0.034273 -0.029377 -0.001502
v 0.034227 -0.029431 -0.001586
v 0.032650 -0.031172 -0.001069
v 0.037098 -0.025716 -0.002795
v 0.035317 -0.028114 0.007165
v 0.035453 -0.027941 0.007165
v 0.037098 -0.025716 -0.002297
v 0.034929 -0.028593 0.013896
v 0.034784 -0.028770 0.021113
v 0.037098 -0.025716 0.037052
v 0.034915 -0.028611 -0.005113
v 0.037098 -0.025716 -0.010435
v 0.034724 -0.028843 -0.015138
v 0.034615 -0.028974 -0.014922
v 0.037098 -0.025716 -0.009972
v 0.032896 -0.030910 -0.038492
v 0.034882 -0.028554 0.021105
v 0.035026 -0.028379 0.013628
v 0.035507 -0.027773 0.007165
v 0.037048 -0.025681 -0.001582
v 0.036500 -0.025302 0.007165
v 0.032747 -0.031069 0.007165
v 0.032485 -0.031253 0.007165
v 0.031614 -0.032134 0.016483
v 0.031824 -0.032013 0.016480
v 0.029967 -0.033676 0.022990
v 0.030003 -0.033726 0.023520
v 0.032485 -0.031343 -0.001069
v 0.032239 -0.031509 -0.001069
v 0.035577 -0.027785 -0.033462
v 0.032916 -0.030890 -0.028424
v 0.033022 -0.030776 -0.028236
v 0.035768 -0.027537 -0.033350
v 0.032948 -0.029282 -0.026943
v 0.036152 -0.025219 -0.033350
v 0.037098 -0.025716 -0.030617
v 0.036226 -0.025112 -0.033222
v 0.037098 -0.025716 -0.030172
v 0.034647 -0.028936 -0.025264
v 0.037151 -0.025642 -0.020201
v 0.039342 -0.022132 -0.025264
v 0.037203 -0.025567 -0.030172
v 0.029298 -0.032933 -0.020041
v 0.030003 -0.033726 -0.017539
v 0.033153 -0.029050 -0.013624
v 0.031646 -0.032190 -0.020173
v 0.029398 -0.032845 -0.020173
v 0.031849 -0.031988 -0.020173
v 0.029298 -0.032933 -0.046438
v 0.030003 -0.033726 -0.043777
v 0.031849 -0.031988 -0.020383
v 0.037098 -0.025716 -0.036789
v 0.034658 -0.028922 -0.041718
v 0.030003 -0.033726 -0.049760
v 0.030003 -0.033726 -0.049266
v 0.037098 -0.025716 -0.004166
v 0.036189 -0.026982 -0.002922
v 0.031608 -0.032227 -0.009008
v 0.029906 -0.033812 -0.016681
v 0.033090 -0.030703 -0.011974
v 0.035737 -0.027577 -0.007183
v 0.030003 -0.033726 -0.023140
v 0.029298 -0.032933 -0.020587
v 0.030003 -0.033726 -0.023458
v 0.030003 -0.033726 -0.043390
v 0.037203 -0.025567 0.036449
v 0.037152 -0.025532 0.036008
v 0.036226 -0.025112 0.013628
v 0.036328 -0.024966 0.013628
v 0.036603 -0.025155 0.007165
v 0.036226 -0.025112 -0.007300
v 0.037203 -0.025567 -0.030617
v 0.029298 -0.032933 -0.046726
v 0.036500 -0.025302 0.028960
v 0.036226 -0.025112 0.021105
v 0.036603 -0.025155 0.028960
v 0.029298 -0.032933 0.007165
v 0.029520 -0.033183 0.016516
v 0.029298 -0.032933 -0.001069
v 0.029520 -0.033183 -0.009007
v 0.036328 -0.024966 0.021105
v 0.037203 -0.025567 -0.009972
v 0.037203 -0.025567 -0.010435
v 0.036328 -0.024966 -0.033222
v 0.036403 -0.024858 -0.033350
v 0.036401 -0.024859 -0.033573
v 0.036328 -0.024966 -0.033690
v 0.037203 -0.025567 -0.036316
v 0.037203 -0.025567 -0.036789
v 0.037203 -0.025567 -0.004166
v 0.037203 -0.025567 -0.004491
v 0.037152 -0.025532 -0.001582
v 0.037203 -0.025567 -0.002297
v 0.039283 -0.022237 -0.015138
v 0.035535 -0.027838 -0.051309
v 0.039333 -0.022148 -0.041718
v 0.038631 -0.023352 -0.051309
v 0.036086 -0.027117 0.042988
v 0.031920 -0.031918 -0.051309
v 0.044408 -0.008112 0.028874
v 0.044802 -0.005530 0.036449
v 0.044741 -0.005522 0.036008
v 0.044379 -0.007918 0.028960
v 0.042784 -0.010611 -0.040018
v 0.043539 -0.011919 -0.038698
v 0.044468 -0.007760 -0.033573
v 0.043732 -0.005529 -0.033573
v 0.044254 -0.008903 -0.004946
v 0.043360 -0.007941 -0.004129
v 0.043737 -0.005488 -0.007025
v 0.044500 -0.007575 -0.007014
v 0.042818 -0.014293 0.028960
v 0.043828 -0.010802 0.028960
v 0.043628 -0.011589 0.021947
v 0.042241 -0.015920 0.023931
v 0.042891 -0.014070 -0.008991
v 0.042241 -0.015920 -0.015298
v 0.042183 -0.015895 -0.014496
v 0.042770 -0.014242 -0.008993
v 0.044555 -0.007250 -0.003142
v 0.043377 -0.007839 -0.004014
v 0.044061 -0.009820 -0.001860
v 0.044083 -0.009712 -0.025502
v 0.042812 -0.010499 -0.026794
v 0.041294 -0.015422 -0.020383
v 0.042980 -0.013796 -0.020383
v 0.044082 -0.009719 -0.041448
v 0.042812 -0.010494 -0.040167
v 0.043749 -0.005400 -0.033690
v 0.044802 -0.005530 -0.036316
v 0.043749 -0.005400 -0.006911
v 0.044802 -0.005530 -0.004491
v 0.044045 -0.009885 -0.001940
v 0.044500 -0.007583 -0.007184
v 0.043737 -0.005485 -0.007184
v 0.042829 -0.010429 -0.013473
v 0.043608 -0.011664 -0.012182
v 0.043824 -0.010816 0.054251
v 0.042816 -0.014297 0.054251
v 0.043116 -0.013368 0.016532
v 0.043697 -0.011324 0.015080
v 0.043500 -0.012062 0.007165
v 0.043954 -0.010280 0.007165
v 0.044000 -0.010084 -0.001502
v 0.043984 -0.010153 -0.001586
v 0.043396 -0.012428 -0.001069
v 0.044802 -0.005530 -0.002794
v 0.044337 -0.008481 0.007165
v 0.044377 -0.008265 0.007165
v 0.044802 -0.005530 -0.002297
v 0.044217 -0.009084 0.013866
v 0.044171 -0.009309 0.021123
v 0.044802 -0.005530 0.037052
v 0.044212 -0.009109 -0.005112
v 0.044802 -0.005530 -0.010435
v 0.044150 -0.009403 -0.015138
v 0.044115 -0.009569 -0.014922
v 0.044802 -0.005530 -0.009972
v 0.043494 -0.012082 -0.038492
v 0.044157 -0.009073 0.021105
v 0.044202 -0.008852 0.013628
v 0.044348 -0.008091 0.007165
v 0.044741 -0.005522 -0.001582
v 0.044079 -0.005441 0.007165
v 0.043434 -0.012292 0.007165
v 0.043289 -0.012577 0.007165
v 0.042927 -0.013761 0.016483
v 0.043057 -0.013556 0.016480
v 0.042186 -0.015892 0.022990
v 0.042241 -0.015920 0.023520
v 0.043329 -0.012656 -0.001069
v 0.043190 -0.012918 -0.001069
v 0.044415 -0.008069 -0.033461
v 0.043501 -0.012055 -0.028424
v 0.043543 -0.011905 -0.028236
v 0.044468 -0.007760 -0.033350
v 0.042781 -0.010616 -0.026943
v 0.043732 -0.005530 -0.033350
v 0.044802 -0.005530 -0.030617
v 0.043749 -0.005400 -0.033222
v 0.044802 -0.005530 -0.030172
v 0.044125 -0.009520 -0.025264
v 0.044811 -0.005440 -0.020201
v 0.045123 -0.001314 -0.025264
v 0.044823 -0.005350 -0.030172
v 0.041248 -0.015546 -0.020041
v 0.042241 -0.015920 -0.017539
v 0.042856 -0.010316 -0.013624
v 0.042980 -0.013796 -0.020173
v 0.041294 -0.015421 -0.020173
v 0.043067 -0.013523 -0.020173
v 0.041248 -0.015545 -0.046438
v 0.042241 -0.015920 -0.043777
v 0.043069 -0.013523 -0.020383
v 0.042208 -0.016006 -0.033461
v 0.044802 -0.005530 -0.036789
v 0.044130 -0.009502 -0.041718
v 0.042241 -0.015920 -0.049760
v 0.042241 -0.015920 -0.049266
v 0.044802 -0.005530 -0.004166
v 0.044584 -0.007073 -0.002921
v 0.042964 -0.013847 -0.009008
v 0.042200 -0.016029 -0.016692
v 0.043569 -0.011808 -0.011974
v 0.044461 -0.007804 -0.007187
v 0.042241 -0.015920 -0.023140
v 0.041248 -0.015546 -0.020587
v 0.042241 -0.015920 -0.023458
v 0.042241 -0.015920 -0.043390
v 0.044823 -0.005350 0.036449
v 0.044763 -0.005343 0.036008
v 0.043749 -0.005400 0.013628
v 0.043769 -0.005224 0.013628
v 0.044101 -0.005264 0.007165
v 0.043749 -0.005400 -0.007300
v 0.044823 -0.005350 -0.030617
v 0.041248 -0.015546 -0.046726
v 0.044079 -0.005441 0.028960
v 0.043749 -0.005400 0.021105
v 0.044101 -0.005264 0.028960
v 0.041248 -0.015546 0.007165
v 0.041559 -0.015663 0.016516
v 0.041248 -0.015546 -0.001069
v 0.041559 -0.015663 -0.009007
v 0.043769 -0.005224 0.021105
v 0.044823 -0.005350 -0.009972
v 0.044823 -0.005350 -0.010435
v 0.043769 -0.005224 -0.033222
v 0.043785 -0.005094 -0.033350
v 0.043785 -0.005095 -0.033573
v 0.043769 -0.005224 -0.033690
v 0.044823 -0.005350 -0.036316
v 0.044823 -0.005350 -0.036789
v 0.044823 -0.005350 -0.004166
v 0.044823 -0.005350 -0.004491
v 0.044823 -0.005352 -0.002310
v 0.045118 -0.001434 -0.015138
v 0.044402 -0.008136 -0.051309
v 0.045121 -0.001332 -0.041718
v 0.045058 -0.002724 -0.051309
v 0.044556 -0.007240 0.042988
v 0.043098 -0.013428 -0.051309
v 0.038602 -0.023399 0.028960
v 0.038470 -0.023500 0.028960
v 0.039061 -0.020426 -0.040018
v 0.038432 -0.023677 -0.033573
v 0.040494 -0.019948 -0.038698
v 0.039031 -0.022680 -0.004946
v 0.038333 -0.023837 -0.007014
v 0.036378 -0.024893 -0.007026
v 0.037722 -0.022806 -0.004129
v 0.041529 -0.017693 0.028960
v 0.042175 -0.016092 0.023931
v 0.040342 -0.020254 0.021947
v 0.041437 -0.017909 -0.008991
v 0.041460 -0.017699 -0.008993
v 0.042117 -0.016073 -0.014496
v 0.042175 -0.016092 -0.015298
v 0.038159 -0.024116 -0.003142
v 0.039492 -0.021865 -0.001860
v 0.037668 -0.022895 -0.004015
v 0.039438 -0.021961 -0.025502
v 0.041321 -0.018173 -0.020383
v 0.041136 -0.015837 -0.020383
v 0.039009 -0.020528 -0.026794
v 0.039442 -0.021954 -0.041448
v 0.039006 -0.020533 -0.040167
v 0.036328 -0.024966 -0.006911
v 0.039523 -0.021806 -0.001940
v 0.038337 -0.023830 -0.007184
v 0.040375 -0.020185 -0.012182
v 0.038974 -0.020593 -0.013473
v 0.036376 -0.024895 -0.007184
v 0.039970 -0.020976 0.028982
v 0.041530 -0.017691 0.054251
v 0.041138 -0.018583 0.016532
v 0.040217 -0.020498 0.015080
v 0.040558 -0.019815 0.007165
v 0.039718 -0.021451 0.007165
v 0.040724 -0.019472 -0.001069
v 0.039656 -0.021565 -0.001586
v 0.039623 -0.021627 -0.001502
v 0.037203 -0.025567 -0.002795
v 0.038699 -0.023239 0.007165
v 0.038812 -0.023051 0.007165
v 0.039117 -0.022528 0.013628
v 0.039208 -0.022369 0.013628
v 0.039232 -0.022326 0.020967
v 0.038722 -0.023201 0.028960
v 0.037203 -0.025567 0.037052
v 0.039135 -0.022498 -0.005113
v 0.039366 -0.022089 -0.014922
v 0.040567 -0.019796 -0.038492
v 0.038619 -0.023372 -0.033573
v 0.039069 -0.022488 0.021105
v 0.038956 -0.022684 0.013628
v 0.038561 -0.023350 0.007165
v 0.040664 -0.019600 0.007165
v 0.041219 -0.018403 0.016480
v 0.041258 -0.018164 0.016483
v 0.040743 -0.019290 0.007165
v 0.042175 -0.016092 0.023520
v 0.042115 -0.016077 0.022990
v 0.040827 -0.019258 -0.001069
v 0.040895 -0.018968 -0.001069
v 0.038619 -0.023372 -0.033350
v 0.038432 -0.023677 -0.033350
v 0.040488 -0.019961 -0.028236
v 0.040556 -0.019822 -0.028424
v 0.039064 -0.020422 -0.026943
v 0.042175 -0.016092 -0.017539
v 0.041184 -0.015714 -0.020041
v 0.038920 -0.020695 -0.013624
v 0.041136 -0.015839 -0.020173
v 0.041321 -0.018173 -0.020173
v 0.041204 -0.018434 -0.020173
v 0.042175 -0.016092 -0.043777
v 0.041184 -0.015714 -0.046438
v 0.041204 -0.018435 -0.020383
v 0.042175 -0.016092 -0.049266
v 0.042175 -0.016092 -0.049760
v 0.038062 -0.024267 -0.002922
v 0.041343 -0.018124 -0.009008
v 0.040442 -0.020051 -0.011974
v 0.038456 -0.023637 -0.007172
v 0.042204 -0.016017 -0.017512
v 0.042175 -0.016092 -0.023140
v 0.041184 -0.015714 -0.020587
v 0.042175 -0.016092 -0.023458
v 0.042175 -0.016092 -0.043390
v 0.036328 -0.024966 -0.007300
v 0.041184 -0.015714 -0.046726
v 0.041494 -0.015833 0.016516
v 0.041184 -0.015714 0.007165
v 0.041184 -0.015714 -0.001069
v 0.041494 -0.015833 -0.009007
v 0.038152 -0.024125 0.042988
v 0.041164 -0.018525 -0.051309
v 0.031880 0.031960 0.028960
v 0.030001 0.033729 0.036449
v 0.029961 0.033684 0.036008
v 0.031727 0.032025 0.028960
v 0.033038 0.029183 -0.040018
v 0.034543 0.029062 -0.038698
v 0.031649 0.032189 -0.033573
v 0.029395 0.032850 -0.033573
v 0.032468 0.031363 -0.004946
v 0.031166 0.031173 -0.004129
v 0.029363 0.032878 -0.007026
v 0.031515 0.032321 -0.007014
v 0.036086 0.027119 0.028960
v 0.033788 0.029935 0.028960
v 0.034322 0.029322 0.021947
v 0.037097 0.025720 0.023931
v 0.035945 0.027307 -0.008991
v 0.037097 0.025720 -0.015298
v 0.037045 0.025688 -0.014496
v 0.036019 0.027109 -0.008993
v 0.031279 0.032550 -0.003142
v 0.031094 0.031246 -0.004014
v 0.033111 0.030683 -0.001860
v 0.033036 0.030763 -0.025502
v 0.032961 0.029269 -0.026794
v 0.036150 0.025224 -0.020383
v 0.035771 0.027536 -0.020383
v 0.033040 0.030758 -0.041448
v 0.032958 0.029273 -0.040167
v 0.029296 0.032937 -0.033690
v 0.030001 0.033729 -0.036316
v 0.029296 0.032937 -0.006911
v 0.030001 0.033729 -0.004491
v 0.033156 0.030634 -0.001940
v 0.031521 0.032315 -0.007184
v 0.029362 0.032880 -0.007184
v 0.032914 0.029324 -0.013473
v 0.034373 0.029263 -0.012182
v 0.033788 0.029935 0.042988
v 0.036085 0.027121 0.054251
v 0.035496 0.027890 0.016532
v 0.034143 0.029530 0.015080
v 0.034638 0.028948 0.007165
v 0.033430 0.030335 0.007165
v 0.033296 0.030483 -0.001502
v 0.033343 0.030431 -0.001586
v 0.034882 0.028654 -0.001069
v 0.030001 0.033729 -0.002795
v 0.032167 0.031671 0.007165
v 0.032012 0.031827 0.007165
v 0.032596 0.031230 0.013873
v 0.032752 0.031065 0.021124
v 0.032044 0.031796 0.028960
v 0.030001 0.033729 0.037052
v 0.032612 0.031212 -0.005113
v 0.030001 0.033729 -0.010435
v 0.032820 0.030994 -0.015138
v 0.032936 0.030870 -0.014922
v 0.030001 0.033729 -0.009972
v 0.034651 0.028932 -0.038492
v 0.032552 0.031187 0.021105
v 0.032396 0.031350 0.013628
v 0.031851 0.031902 0.007165
v 0.029999 0.033731 -0.002313
v 0.029518 0.033186 0.007165
v 0.034791 0.028764 0.007165
v 0.034943 0.028483 0.007165
v 0.035712 0.027512 0.016483
v 0.035616 0.027735 0.016480
v 0.037044 0.025691 0.022990
v 0.037097 0.025720 0.023520
v 0.035031 0.028471 -0.001069
v 0.035165 0.028206 -0.001069
v 0.031873 0.031969 -0.033463
v 0.034633 0.028954 -0.028424
v 0.034534 0.029073 -0.028236
v 0.031649 0.032189 -0.033350
v 0.033040 0.029179 -0.026943
v 0.029395 0.032850 -0.033350
v 0.030001 0.033729 -0.030617
v 0.029296 0.032937 -0.033222
v 0.030001 0.033729 -0.030172
v 0.032902 0.030907 -0.025264
v 0.036226 0.025116 -0.020041
v 0.037097 0.025720 -0.017539
v 0.032836 0.029410 -0.013624
v 0.035771 0.027536 -0.020173
v 0.036150 0.025225 -0.020173
v 0.035596 0.027762 -0.020173
v 0.036226 0.025116 -0.046438
v 0.037097 0.025720 -0.043777
v 0.035595 0.027762 -0.020383
v 0.037151 0.025644 -0.033461
v 0.030001 0.033729 -0.036789
v 0.032889 0.030920 -0.041718
v 0.037097 0.025720 -0.049760
v 0.037097 0.025720 -0.049266
v 0.030001 0.033729 -0.004166
v 0.031149 0.032673 -0.002921
v 0.035804 0.027494 -0.009008
v 0.037176 0.025607 -0.016654
v 0.034469 0.029149 -0.011974
v 0.031689 0.032149 -0.007186
v 0.037097 0.025720 -0.023140
v 0.036226 0.025116 -0.020587
v 0.037097 0.025720 -0.023458
v 0.037097 0.025720 -0.043390
v 0.029296 0.032937 0.013628
v 0.029296 0.032937 -0.007300
v 0.036226 0.025116 -0.046726
v 0.029518 0.033186 0.028960
v 0.029296 0.032937 0.021105
v 0.036226 0.025116 0.007165
v 0.036500 0.025306 0.016516
v 0.036226 0.025116 -0.001069
v 0.036500 0.025306 -0.009007
v 0.031270 0.032557 0.042988
v 0.031920 0.031921 -0.051309
v 0.035535 0.027840 -0.051309
v 0.041187 0.018477 0.028960
v 0.041193 0.018311 0.028960
v 0.042119 0.016071 0.036008
v 0.042176 0.016093 0.036449
v 0.039000 0.020544 -0.040018
v 0.041136 0.015837 -0.033573
v 0.041318 0.018179 -0.033573
v 0.039421 0.021994 -0.038698
v 0.040837 0.019237 -0.004946
v 0.041395 0.018007 -0.007014
v 0.041152 0.015797 -0.007026
v 0.040198 0.018089 -0.004129
v 0.038152 0.024127 0.028960
v 0.037203 0.025568 0.023931
v 0.039586 0.021696 0.021947
v 0.038278 0.023928 -0.008991
v 0.038118 0.024066 -0.008993
v 0.037153 0.025531 -0.014496
v 0.037203 0.025568 -0.015298
v 0.041525 0.017705 -0.003142
v 0.040429 0.020081 -0.001860
v 0.040242 0.017994 -0.004015
v 0.040478 0.019982 -0.025502
v 0.038430 0.023683 -0.020383
v 0.036403 0.024858 -0.020383
v 0.039055 0.020442 -0.026794
v 0.040475 0.019989 -0.041448
v 0.042176 0.016093 -0.036316
v 0.041184 0.015715 -0.033690
v 0.039056 0.020437 -0.040167
v 0.041184 0.015715 -0.006911
v 0.042176 0.016093 -0.004491
v 0.040399 0.020141 -0.001940
v 0.041392 0.018015 -0.007184
v 0.039548 0.021763 -0.012182
v 0.039088 0.020377 -0.013473
v 0.041154 0.015795 -0.007184
v 0.039969 0.020980 0.028976
v 0.038153 0.024126 0.054251
v 0.038663 0.023300 0.016532
v 0.039717 0.021455 0.015080
v 0.039349 0.022123 0.007165
v 0.040217 0.020502 0.007165
v 0.039160 0.022455 -0.001069
v 0.040276 0.020387 -0.001586
v 0.040308 0.020323 -0.001502
v 0.042176 0.016093 -0.002795
v 0.042176 0.016093 -0.002297
v 0.041110 0.018647 0.007165
v 0.041019 0.018847 0.007165
v 0.040762 0.019396 0.013628
v 0.040682 0.019562 0.013628
v 0.040658 0.019613 0.021105
v 0.040560 0.019814 0.021105
v 0.041092 0.018688 0.028960
v 0.042176 0.016093 0.037052
v 0.040748 0.019427 -0.005113
v 0.042176 0.016093 -0.010435
v 0.042176 0.016093 -0.009972
v 0.040543 0.019851 -0.014922
v 0.040616 0.019698 -0.015138
v 0.039339 0.022142 -0.038492
v 0.041174 0.018506 -0.033573
v 0.040703 0.019379 0.021105
v 0.040798 0.019175 0.013628
v 0.041122 0.018471 0.007165
v 0.042119 0.016071 -0.001582
v 0.041496 0.015834 0.007165
v 0.039231 0.022332 0.007165
v 0.038562 0.023469 0.016480
v 0.038386 0.023637 0.016483
v 0.039022 0.022573 0.007165
v 0.037203 0.025568 0.023520
v 0.037155 0.025528 0.022990
v 0.039042 0.022660 -0.001069
v 0.038842 0.022880 -0.001069
v 0.041174 0.018506 -0.033350
v 0.041318 0.018179 -0.033350
v 0.039428 0.021982 -0.028236
v 0.039352 0.022117 -0.028424
v 0.041136 0.015837 -0.033350
v 0.038999 0.020548 -0.026943
v 0.041184 0.015715 -0.033222
v 0.042176 0.016093 -0.030617
v 0.042176 0.016093 -0.030172
v 0.042239 0.015924 -0.030172
v 0.043497 0.012076 -0.025264
v 0.042208 0.016008 -0.020201
v 0.040565 0.019806 -0.025264
v 0.037203 0.025568 -0.017539
v 0.036329 0.024967 -0.020041
v 0.039141 0.020275 -0.013624
v 0.036404 0.024857 -0.020173
v 0.038430 0.023683 -0.020173
v 0.038579 0.023439 -0.020173
v 0.037203 0.025568 -0.043777
v 0.036329 0.024967 -0.046438
v 0.038579 0.023439 -0.020383
v 0.040573 0.019789 -0.041718
v 0.037203 0.025568 -0.049266
v 0.037203 0.025568 -0.049760
v 0.041595 0.017540 -0.002921
v 0.042176 0.016093 -0.004166
v 0.038402 0.023728 -0.009008
v 0.039478 0.021894 -0.011974
v 0.041298 0.018229 -0.007176
v 0.037164 0.025625 -0.017475
v 0.037203 0.025568 -0.023140
v 0.036329 0.024967 -0.020587
v 0.037203 0.025568 -0.023458
v 0.037203 0.025568 -0.043390
v 0.042182 0.015902 0.036008
v 0.042239 0.015924 0.036449
v 0.041559 0.015667 0.007165
v 0.041246 0.015549 0.013628
v 0.041184 0.015715 0.013628
v 0.041184 0.015715 -0.007300
v 0.042239 0.015924 -0.030617
v 0.036329 0.024967 -0.046726
v 0.041184 0.015715 0.021105
v 0.041496 0.015834 0.028960
v 0.041559 0.015667 0.028960
v 0.036604 0.025156 0.016516
v 0.036329 0.024967 0.007165
v 0.036329 0.024967 -0.001069
v 0.036604 0.025156 -0.009007
v 0.041246 0.015549 0.021105
v 0.042239 0.015924 -0.010435
v 0.042239 0.015924 -0.009972
v 0.041246 0.015549 -0.033690
v 0.041294 0.015427 -0.033573
v 0.041294 0.015427 -0.033350
v 0.041246 0.015549 -0.033222
v 0.042206 0.016020 -0.036694
v 0.042239 0.015924 -0.036316
v 0.042239 0.015924 -0.004491
v 0.042239 0.015924 -0.004166
v 0.042239 0.015924 -0.002297
v 0.042182 0.015902 -0.001582
v 0.043464 0.012192 -0.015138
v 0.041164 0.018528 -0.051309
v 0.043098 0.013431 -0.051309
v 0.043491 0.012094 -0.041718
v 0.041529 0.017695 0.042988
v 0.038631 0.023354 -0.051309
v 0.045055 -0.002780 0.028960
v 0.044985 -0.002930 0.028960
v 0.044081 0.000066 -0.040018
v 0.045034 -0.003105 -0.033573
v 0.045126 0.001155 -0.038698
v 0.045098 -0.001944 -0.004946
v 0.045021 -0.003293 -0.007014
v 0.043781 -0.005137 -0.007025
v 0.044000 -0.002664 -0.004129
v 0.044995 0.003633 0.028960
v 0.044823 0.005351 0.023931
v 0.045134 0.000814 0.021947
v 0.045013 0.003398 -0.008991
v 0.044937 0.003595 -0.008993
v 0.044763 0.005340 -0.014496
v 0.044823 0.005351 -0.015298
v 0.044995 -0.003621 -0.003142
v 0.045130 -0.001007 -0.001860
v 0.043993 -0.002768 -0.004014
v 0.045127 -0.001118 -0.025502
v 0.045034 0.003111 -0.020383
v 0.043785 0.005094 -0.020383
v 0.044081 -0.000049 -0.026794
v 0.045127 -0.001110 -0.041448
v 0.044081 -0.000054 -0.040167
v 0.043769 -0.005224 -0.006911
v 0.045132 -0.000941 -0.001940
v 0.045021 -0.003284 -0.007184
v 0.045132 0.000891 -0.012182
v 0.044079 -0.000122 -0.013473
v 0.043779 -0.005139 -0.007184
v 0.045141 0.000003 0.029006
v 0.044994 0.003634 0.054251
v 0.045062 0.002664 0.016532
v 0.045137 0.000540 0.015080
v 0.045123 0.001303 0.007165
v 0.045137 -0.000536 0.007165
v 0.045110 0.001684 -0.001069
v 0.045136 -0.000665 -0.001586
v 0.045134 -0.000737 -0.001502
v 0.044823 -0.005350 -0.002794
v 0.045067 -0.002593 0.007165
v 0.045078 -0.002374 0.007165
v 0.045107 -0.001769 0.013628
v 0.045113 -0.001585 0.013628
v 0.045114 -0.001528 0.021105
v 0.045123 -0.001305 0.021105
v 0.045070 -0.002548 0.028960
v 0.044823 -0.005350 0.037052
v 0.045107 -0.001734 -0.005112
v 0.045123 -0.001264 -0.014922
v 0.045121 0.001324 -0.038492
v 0.045058 -0.002748 -0.033573
v 0.045046 -0.001756 0.021105
v 0.045037 -0.001982 0.013628
v 0.044995 -0.002755 0.007165
v 0.045114 0.001543 0.007165
v 0.045049 0.002861 0.016480
v 0.044973 0.003090 0.016483
v 0.045042 0.001854 0.007165
v 0.044823 0.005351 0.023520
v 0.044763 0.005337 0.022990
v 0.045100 0.001921 -0.001069
v 0.045026 0.002209 -0.001069
v 0.045058 -0.002748 -0.033350
v 0.045034 -0.003105 -0.033350
v 0.045126 0.001141 -0.028236
v 0.045123 0.001296 -0.028424
v 0.044081 0.000071 -0.026943
v 0.044823 0.005351 -0.017539
v 0.043769 0.005225 -0.020041
v 0.044079 -0.000237 -0.013624
v 0.043785 0.005093 -0.020173
v 0.045034 0.003111 -0.020173
v 0.045052 0.002826 -0.020173
v 0.044823 0.005351 -0.043777
v 0.043769 0.005225 -0.046438
v 0.045052 0.002826 -0.020383
v 0.044811 0.005442 -0.033461
v 0.044823 0.005351 -0.049266
v 0.044823 0.005351 -0.049760
v 0.044982 -0.003799 -0.002921
v 0.045031 0.003164 -0.009008
v 0.045129 0.001040 -0.011974
v 0.045038 -0.003044 -0.007173
v 0.044814 0.005430 -0.017502
v 0.044823 0.005351 -0.023140
v 0.043769 0.005225 -0.020587
v 0.044823 0.005351 -0.023458
v 0.044823 0.005351 -0.043390
v 0.043769 -0.005224 -0.007300
v 0.043769 0.005225 -0.046726
v 0.044101 0.005264 0.016516
v 0.043769 0.005225 0.007165
v 0.043769 0.005225 -0.001069
v 0.044101 0.005264 -0.009007
v 0.044995 -0.003631 0.042988
v 0.045058 0.002727 -0.051309
v 0.043080 0.013484 0.028960
v 0.042976 0.013613 0.028960
v 0.042815 0.010487 -0.040018
v 0.044091 0.009680 -0.038698
v 0.042982 0.013794 -0.033573
v 0.043324 0.012683 -0.004946
v 0.042084 0.013119 -0.004129
v 0.041278 0.015467 -0.007026
v 0.042924 0.013973 -0.007014
v 0.044556 0.007242 0.028960
v 0.043828 0.010804 0.028960
v 0.044017 0.010013 0.021947
v 0.044802 0.005534 0.023931
v 0.044517 0.007475 -0.008991
v 0.044802 0.005534 -0.015298
v 0.044739 0.005530 -0.014496
v 0.044490 0.007265 -0.008993
v 0.042822 0.014286 -0.003142
v 0.042052 0.013218 -0.004015
v 0.043576 0.011781 -0.001860
v 0.043549 0.011887 -0.025502
v 0.042787 0.010599 -0.026794
v 0.043732 0.005535 -0.020383
v 0.044470 0.007759 -0.020383
v 0.043550 0.011880 -0.041448
v 0.042786 0.010604 -0.040167
v 0.041246 0.015549 -0.006911
v 0.043595 0.011716 -0.001940
v 0.042927 0.013965 -0.007184
v 0.041278 0.015469 -0.007184
v 0.042770 0.010669 -0.013473
v 0.044034 0.009938 -0.012182
v 0.043828 0.010802 0.032937
v 0.044556 0.007242 0.054251
v 0.044390 0.008200 0.016532
v 0.043955 0.010280 0.015080
v 0.044122 0.009535 0.007165
v 0.043699 0.011325 0.007165
v 0.043647 0.011519 -0.001502
v 0.043664 0.011450 -0.001586
v 0.044202 0.009162 -0.001069
v 0.042239 0.015924 -0.002795
v 0.043199 0.013095 0.007165
v 0.043137 0.013305 0.007165
v 0.043374 0.012506 0.013874
v 0.043437 0.012286 0.021123
v 0.043149 0.013262 0.028960
v 0.042239 0.015924 0.037052
v 0.043381 0.012481 -0.005113
v 0.043510 0.012028 -0.014922
v 0.044127 0.009515 -0.038492
v 0.043317 0.012487 0.021105
v 0.043253 0.012704 0.013628
v 0.043028 0.013445 0.007165
v 0.044173 0.009301 0.007165
v 0.044176 0.008982 0.007165
v 0.044406 0.007764 0.016483
v 0.044425 0.008006 0.016480
v 0.044739 0.005533 0.022990
v 0.044802 0.005534 0.023520
v 0.044249 0.008930 -0.001069
v 0.044246 0.008633 -0.001069
v 0.043078 0.013495 -0.033459
v 0.044121 0.009542 -0.028424
v 0.044088 0.009694 -0.028236
v 0.042982 0.013794 -0.033350
v 0.042816 0.010483 -0.026943
v 0.043748 0.005404 -0.020041
v 0.044802 0.005534 -0.017539
v 0.042741 0.010782 -0.013624
v 0.044470 0.007759 -0.020173
v 0.043732 0.005536 -0.020173
v 0.044420 0.008040 -0.020173
v 0.043748 0.005404 -0.046438
v 0.044802 0.005534 -0.043777
v 0.044420 0.008041 -0.020383
v 0.044802 0.005534 -0.049760
v 0.044802 0.005534 -0.049266
v 0.042764 0.014456 -0.002921
v 0.044479 0.007706 -0.009008
v 0.044816 0.005418 -0.016680
v 0.044066 0.009792 -0.011974
v 0.042996 0.013750 -0.007191
v 0.044802 0.005534 -0.023140
v 0.043748 0.005404 -0.020587
v 0.044802 0.005534 -0.023458
v 0.044802 0.005534 -0.043390
v 0.041246 0.015549 -0.007300
v 0.043748 0.005404 -0.046726
v 0.043748 0.005404 0.007165
v 0.044079 0.005445 0.016516
v 0.043748 0.005404 -0.001069
v 0.044079 0.005445 -0.009007
v 0.042818 0.014296 0.042988
v 0.044402 0.008138 -0.051309
v 0.000001 0.045142 -0.033461
v -0.008191 0.044393 0.028960
v -0.010715 0.043852 0.036449
v -0.010699 0.043792 0.036008
v -0.008332 0.044304 0.028960
v -0.005248 0.043768 -0.040018
v -0.004294 0.044937 -0.038698
v -0.008512 0.044332 -0.033573
v -0.010336 0.042852 -0.033573
v -0.007366 0.044537 -0.004946
v -0.007949 0.043359 -0.004129
v -0.010377 0.042842 -0.007026
v -0.008697 0.044296 -0.007014
v -0.001817 0.045105 0.028960
v -0.005440 0.044813 0.028960
v -0.004633 0.044904 0.021947
v -0.000092 0.045142 0.023931
v -0.002054 0.045095 -0.008991
v -0.000092 0.045142 -0.015298
v -0.000096 0.045081 -0.014496
v -0.001849 0.045043 -0.008993
v -0.009020 0.044232 -0.003142
v -0.008051 0.043340 -0.004014
v -0.006440 0.044680 -0.001860
v -0.006550 0.044664 -0.025502
v -0.005362 0.043754 -0.026794
v -0.000223 0.044081 -0.020383
v -0.002341 0.045081 -0.020383
v -0.006542 0.044665 -0.041448
v -0.005368 0.043753 -0.040167
v -0.010463 0.042821 -0.033690
v -0.010715 0.043852 -0.036316
v -0.010463 0.042821 -0.006911
v -0.010715 0.043852 -0.004491
v -0.006375 0.044690 -0.001940
v -0.008688 0.044298 -0.007184
v -0.010379 0.042842 -0.007184
v -0.005435 0.043745 -0.013473
v -0.004556 0.044911 -0.012182
v -0.005440 0.044813 0.042988
v -0.001817 0.045105 0.054251
v -0.002787 0.045056 0.016532
v -0.004905 0.044875 0.015080
v -0.004146 0.044951 0.007165
v -0.005974 0.044745 0.007165
v -0.006172 0.044718 -0.001502
v -0.006102 0.044728 -0.001586
v -0.003766 0.044985 -0.001069
v -0.010715 0.043852 -0.002795
v -0.007791 0.044465 0.007165
v -0.008008 0.044426 0.007165
v -0.010715 0.043852 -0.002297
v -0.007184 0.044567 0.013859
v -0.006961 0.044602 0.021131
v -0.007963 0.044434 0.028960
v -0.010715 0.043852 0.037052
v -0.007160 0.044571 -0.005113
v -0.010715 0.043852 -0.010435
v -0.006863 0.044617 -0.015138
v -0.006694 0.044643 -0.014922
v -0.010715 0.043852 -0.009972
v -0.004125 0.044953 -0.038492
v -0.007175 0.044506 0.021105
v -0.007396 0.044470 0.013628
v -0.008160 0.044336 0.007165
v -0.010699 0.043792 -0.001582
v -0.010542 0.043145 0.007165
v -0.003907 0.044972 0.007165
v -0.003591 0.044937 0.007165
v -0.002354 0.045019 0.016483
v -0.002592 0.045068 0.016480
v -0.000099 0.045081 0.022990
v -0.000092 0.045142 0.023520
v -0.003530 0.045004 -0.001069
v -0.003236 0.044964 -0.001069
v -0.008204 0.044391 -0.033462
v -0.004153 0.044950 -0.028424
v -0.004308 0.044936 -0.028236
v -0.008512 0.044332 -0.033350
v -0.005244 0.043768 -0.026943
v -0.010336 0.042852 -0.033350
v -0.010715 0.043852 -0.030617
v -0.010463 0.042821 -0.033222
v -0.010715 0.043852 -0.030172
v -0.006743 0.044635 -0.025264
v -0.010803 0.043830 -0.020201
v -0.014771 0.042657 -0.025264
v -0.010891 0.043809 -0.030172
v -0.000090 0.044081 -0.020041
v -0.000092 0.045142 -0.017539
v -0.005550 0.043731 -0.013624
v -0.002341 0.045081 -0.020173
v -0.000223 0.044081 -0.020173
v -0.002626 0.045066 -0.020173
v -0.000090 0.044081 -0.046437
v -0.000092 0.045142 -0.043777
v -0.002628 0.045066 -0.020383
v -0.010715 0.043852 -0.036789
v -0.006762 0.044633 -0.041718
v -0.000092 0.045142 -0.049760
v -0.000092 0.045142 -0.049266
v -0.010715 0.043852 -0.004166
v -0.009194 0.044196 -0.002921
v -0.002287 0.045084 -0.009008
v -0.004408 0.044926 -0.011974
v -0.008456 0.044343 -0.007182
v -0.000092 0.045142 -0.017160
v -0.000092 0.045142 -0.023139
v -0.000090 0.044081 -0.020587
v -0.000092 0.045142 -0.023458
v -0.000092 0.045142 -0.043390
v -0.010891 0.043808 0.036449
v -0.010875 0.043749 0.036008
v -0.010463 0.042822 0.013628
v -0.010634 0.042779 0.013628
v -0.010715 0.043103 0.007165
v -0.010463 0.042821 -0.007300
v -0.010891 0.043809 -0.030617
v -0.000090 0.044081 -0.046726
v -0.010542 0.043145 0.028960
v -0.010463 0.042822 0.021105
v -0.010715 0.043103 0.028960
v -0.000090 0.044081 0.007165
v -0.000090 0.044415 0.016516
v -0.000090 0.044081 -0.001069
v -0.000090 0.044415 -0.009007
v -0.010634 0.042779 0.021105
v -0.010891 0.043809 -0.009972
v -0.010891 0.043809 -0.010435
v -0.010634 0.042779 -0.033222
v -0.010763 0.042747 -0.033350
v -0.010761 0.042747 -0.033573
v -0.010634 0.042779 -0.033690
v -0.010891 0.043809 -0.036316
v -0.010891 0.043809 -0.036789
v -0.010891 0.043809 -0.004166
v -0.010891 0.043809 -0.004491
v -0.010875 0.043749 -0.001582
v -0.010891 0.043809 -0.002297
v -0.014656 0.042696 -0.015138
v -0.008136 0.044403 -0.051309
v -0.014753 0.042663 -0.041718
v -0.013430 0.043098 -0.051309
v -0.009028 0.044230 0.042988
v -0.002725 0.045060 -0.051309
v -0.027861 0.035521 0.028875
v -0.029866 0.033850 0.036449
v -0.029825 0.033804 0.036008
v -0.027966 0.035357 0.028960
v -0.024987 0.036315 -0.040018
v -0.024684 0.037795 -0.038698
v -0.028137 0.035299 -0.033573
v -0.029066 0.033140 -0.033573
v -0.027220 0.036012 -0.004946
v -0.027187 0.034698 -0.004129
v -0.029097 0.033113 -0.007026
v -0.028284 0.035181 -0.007014
v -0.022570 0.039094 0.028960
v -0.025643 0.037151 0.028960
v -0.024970 0.037607 0.021947
v -0.021059 0.039929 0.023931
v -0.022775 0.038976 -0.008991
v -0.021059 0.039928 -0.015298
v -0.021033 0.039873 -0.014496
v -0.022568 0.039024 -0.008993
v -0.028541 0.034974 -0.003142
v -0.027269 0.034634 -0.004014
v -0.026467 0.036569 -0.001860
v -0.026556 0.036504 -0.025502
v -0.025081 0.036250 -0.026794
v -0.020681 0.038928 -0.020383
v -0.023022 0.038830 -0.020383
v -0.026548 0.036509 -0.041448
v -0.025085 0.036247 -0.040167
v -0.029164 0.033054 -0.033690
v -0.029866 0.033850 -0.036316
v -0.029164 0.033054 -0.006911
v -0.029866 0.033850 -0.004491
v -0.026412 0.036608 -0.001940
v -0.028279 0.035187 -0.007184
v -0.029100 0.033111 -0.007184
v -0.025142 0.036208 -0.013473
v -0.024905 0.037650 -0.012182
v -0.025629 0.037161 0.054251
v -0.022571 0.039094 0.054251
v -0.023408 0.038599 0.016532
v -0.025197 0.037455 0.015080
v -0.024561 0.037876 0.007165
v -0.026083 0.036844 0.007165
v -0.026246 0.036727 -0.001502
v -0.026188 0.036769 -0.001586
v -0.024241 0.038082 -0.001069
v -0.029866 0.033850 -0.002795
v -0.027562 0.035751 0.007165
v -0.027735 0.035616 0.007165
v -0.027073 0.036122 0.013846
v -0.026891 0.036259 0.021122
v -0.029866 0.033850 0.037052
v -0.027052 0.036138 -0.005113
v -0.029866 0.033850 -0.010435
v -0.026811 0.036317 -0.015138
v -0.026674 0.036418 -0.014922
v -0.029866 0.033850 -0.009972
v -0.024543 0.037887 -0.038492
v -0.027034 0.036075 0.021105
v -0.027215 0.035939 0.013628
v -0.027829 0.035466 0.007165
v -0.029868 0.033848 -0.002315
v -0.029385 0.033304 0.007165
v -0.024360 0.038005 0.007165
v -0.024062 0.038122 0.007165
v -0.023005 0.038769 0.016483
v -0.023239 0.038701 0.016480
v -0.021038 0.039871 0.022990
v -0.021059 0.039929 0.023520
v -0.024039 0.038208 -0.001069
v -0.023760 0.038310 -0.001069
v -0.027893 0.035494 -0.033463
v -0.024567 0.037872 -0.028424
v -0.024696 0.037787 -0.028236
v -0.028137 0.035299 -0.033350
v -0.024983 0.036318 -0.026943
v -0.029066 0.033141 -0.033350
v -0.029866 0.033850 -0.030617
v -0.029164 0.033054 -0.033222
v -0.029866 0.033850 -0.030172
v -0.026714 0.036389 -0.025264
v -0.029933 0.033790 -0.020201
v -0.032902 0.030907 -0.025264
v -0.030001 0.033729 -0.030172
v -0.020565 0.038990 -0.020041
v -0.021059 0.039928 -0.017539
v -0.025237 0.036142 -0.013624
v -0.023022 0.038830 -0.020173
v -0.020682 0.038928 -0.020173
v -0.023268 0.038683 -0.020173
v -0.020565 0.038990 -0.046437
v -0.021059 0.039928 -0.043777
v -0.023268 0.038683 -0.020383
v -0.020978 0.039971 -0.033461
v -0.029866 0.033850 -0.036789
v -0.026729 0.036378 -0.041718
v -0.021059 0.039928 -0.049760
v -0.021059 0.039928 -0.049266
v -0.029866 0.033850 -0.004166
v -0.028679 0.034861 -0.002921
v -0.022976 0.038857 -0.009008
v -0.020939 0.039992 -0.016671
v -0.024780 0.037732 -0.011974
v -0.028096 0.035333 -0.007185
v -0.021059 0.039928 -0.023139
v -0.020565 0.038990 -0.020587
v -0.021059 0.039928 -0.023458
v -0.021059 0.039928 -0.043390
v -0.030001 0.033729 0.036449
v -0.029961 0.033684 0.036008
v -0.029164 0.033054 0.013628
v -0.029296 0.032937 0.013628
v -0.029518 0.033186 0.007165
v -0.029164 0.033054 -0.007300
v -0.030001 0.033729 -0.030617
v -0.020565 0.038990 -0.046726
v -0.029385 0.033304 0.028960
v -0.029164 0.033054 0.021105
v -0.029518 0.033186 0.028960
v -0.020565 0.038990 0.007165
v -0.020720 0.039285 0.016516
v -0.020565 0.038990 -0.001069
v -0.020720 0.039285 -0.009007
v -0.029296 0.032937 0.021105
v -0.030001 0.033729 -0.009972
v -0.030001 0.033729 -0.010435
v -0.029296 0.032937 -0.033222
v -0.029395 0.032850 -0.033350
v -0.029393 0.032850 -0.033573
v -0.029296 0.032937 -0.033690
v -0.030001 0.033729 -0.036316
v -0.030001 0.033729 -0.036789
v -0.030001 0.033729 -0.004166
v -0.030001 0.033729 -0.004491
v -0.029961 0.033684 -0.001582
v -0.030001 0.033729 -0.002297
v -0.032820 0.030994 -0.015138
v -0.027839 0.035535 -0.051309
v -0.032889 0.030920 -0.041718
v -0.031919 0.031921 -0.051309
v -0.028549 0.034968 0.042988
v -0.023353 0.038632 -0.051309
v -0.013376 0.043115 0.028960
v -0.013210 0.043102 0.028960
v -0.015692 0.041194 -0.040018
v -0.013065 0.043210 -0.033573
v -0.017081 0.041786 -0.038698
v -0.014174 0.042859 -0.004946
v -0.012885 0.043264 -0.007014
v -0.010721 0.042758 -0.007026
v -0.013110 0.042086 -0.004129
v -0.019351 0.040784 0.028960
v -0.020896 0.040014 0.023931
v -0.016765 0.041913 0.021947
v -0.016008 0.042209 0.028960
v -0.019137 0.040884 -0.008991
v -0.019294 0.040743 -0.008993
v -0.020865 0.039961 -0.014496
v -0.020896 0.040014 -0.015298
v -0.012569 0.043357 -0.003142
v -0.015060 0.042556 -0.001860
v -0.013011 0.042117 -0.004014
v -0.014957 0.042592 -0.025502
v -0.018878 0.041005 -0.020383
v -0.020287 0.039135 -0.020383
v -0.015585 0.041234 -0.026794
v -0.014962 0.042590 -0.041448
v -0.015579 0.041236 -0.040167
v -0.010634 0.042779 -0.006911
v -0.015124 0.042533 -0.001940
v -0.012894 0.043262 -0.007184
v -0.016837 0.041885 -0.012182
v -0.015516 0.041260 -0.013473
v -0.010718 0.042758 -0.007184
v -0.016022 0.042202 0.054251
v -0.019351 0.040784 0.054251
v -0.018468 0.041191 0.016532
v -0.016511 0.042015 0.015080
v -0.017219 0.041729 0.007165
v -0.015504 0.042396 0.007165
v -0.017570 0.041582 -0.001069
v -0.015381 0.042440 -0.001586
v -0.015316 0.042465 -0.001502
v -0.010891 0.043809 -0.002795
v -0.013555 0.043059 0.007165
v -0.013764 0.042992 0.007165
v -0.014340 0.042804 0.013628
v -0.014514 0.042745 0.013628
v -0.014560 0.042729 0.020966
v -0.013597 0.043045 0.028960
v -0.010891 0.043808 0.037052
v -0.014373 0.042793 -0.005113
v -0.014818 0.042641 -0.014922
v -0.017237 0.041721 -0.038492
v -0.013408 0.043105 -0.033573
v -0.014331 0.042742 0.021105
v -0.014116 0.042814 0.013628
v -0.013378 0.043050 0.007165
v -0.017439 0.041637 0.007165
v -0.018649 0.041110 0.016480
v -0.018836 0.040957 0.016483
v -0.017704 0.041459 0.007165
v -0.020896 0.040014 0.023520
v -0.020861 0.039963 0.022990
v -0.017788 0.041490 -0.001069
v -0.018030 0.041318 -0.001069
v -0.013406 0.043105 -0.033350
v -0.013065 0.043210 -0.033350
v -0.017068 0.041791 -0.028236
v -0.017211 0.041732 -0.028424
v -0.015696 0.041192 -0.026943
v -0.020896 0.040014 -0.017539
v -0.020406 0.039074 -0.020041
v -0.015408 0.041301 -0.013624
v -0.020286 0.039136 -0.020173
v -0.018878 0.041005 -0.020173
v -0.018617 0.041124 -0.020173
v -0.020896 0.040014 -0.043777
v -0.020406 0.039074 -0.046437
v -0.018617 0.041124 -0.020383
v -0.020896 0.040014 -0.049266
v -0.020896 0.040014 -0.049760
v -0.012397 0.043406 -0.002921
v -0.018925 0.040983 -0.009008
v -0.016974 0.041829 -0.011974
v -0.013115 0.043195 -0.007184
v -0.020957 0.039983 -0.017505
v -0.020896 0.040014 -0.023139
v -0.020406 0.039074 -0.020587
v -0.020896 0.040014 -0.023458
v -0.020896 0.040014 -0.043390
v -0.010634 0.042779 -0.007300
v -0.020406 0.039074 -0.046726
v -0.020560 0.039370 0.016516
v -0.020406 0.039074 0.007165
v -0.020406 0.039074 -0.001069
v -0.020560 0.039370 -0.009007
v -0.012559 0.043360 0.042988
v -0.018526 0.041165 -0.051309
v -0.045059 -0.002746 0.028866
v -0.044822 -0.005350 0.036449
v -0.044761 -0.005343 0.036008
v -0.044985 -0.002930 0.028960
v -0.044081 0.000066 -0.040018
v -0.045126 0.001155 -0.038698
v -0.045034 -0.003105 -0.033573
v -0.043785 -0.005095 -0.033573
v -0.045098 -0.001944 -0.004946
v -0.043998 -0.002664 -0.004129
v -0.043779 -0.005137 -0.007025
v -0.045021 -0.003293 -0.007014
v -0.044995 0.003633 0.028960
v -0.045142 0.000001 0.028960
v -0.045133 0.000814 0.021947
v -0.044822 0.005351 0.023931
v -0.045012 0.003398 -0.008991
v -0.044822 0.005351 -0.015298
v -0.044761 0.005340 -0.014496
v -0.044935 0.003595 -0.008993
v -0.044995 -0.003621 -0.003142
v -0.043993 -0.002768 -0.004014
v -0.045130 -0.001007 -0.001860
v -0.045128 -0.001118 -0.025502
v -0.044081 -0.000049 -0.026794
v -0.043785 0.005094 -0.020383
v -0.045034 0.003111 -0.020383
v -0.045128 -0.001110 -0.041448
v -0.044081 -0.000054 -0.040167
v -0.043770 -0.005224 -0.033690
v -0.044822 -0.005350 -0.036316
v -0.043770 -0.005224 -0.006911
v -0.044822 -0.005350 -0.004491
v -0.045132 -0.000941 -0.001940
v -0.045021 -0.003284 -0.007184
v -0.043779 -0.005139 -0.007184
v -0.044079 -0.000122 -0.013473
v -0.045132 0.000891 -0.012182
v -0.045141 0.000018 0.054251
v -0.044995 0.003632 0.054251
v -0.045062 0.002664 0.016532
v -0.045137 0.000540 0.015080
v -0.045121 0.001303 0.007165
v -0.045137 -0.000536 0.007165
v -0.045134 -0.000737 -0.001502
v -0.045136 -0.000665 -0.001586
v -0.045110 0.001684 -0.001069
v -0.044822 -0.005350 -0.002794
v -0.045078 -0.002374 0.007165
v -0.045067 -0.002593 0.007165
v -0.044822 -0.005350 -0.002297
v -0.045107 -0.001757 0.013872
v -0.045114 -0.001532 0.021141
v -0.044822 -0.005350 0.037052
v -0.045107 -0.001734 -0.005112
v -0.044822 -0.005350 -0.010435
v -0.045117 -0.001434 -0.015138
v -0.045123 -0.001264 -0.014922
v -0.044822 -0.005350 -0.009972
v -0.045121 0.001324 -0.038492
v -0.045045 -0.001756 0.021105
v -0.045035 -0.001982 0.013628
v -0.044995 -0.002755 0.007165
v -0.044761 -0.005343 -0.001582
v -0.044101 -0.005264 0.007165
v -0.045114 0.001543 0.007165
v -0.045041 0.001854 0.007165
v -0.044973 0.003090 0.016483
v -0.045049 0.002861 0.016480
v -0.044763 0.005337 0.022990
v -0.044822 0.005351 0.023520
v -0.045100 0.001921 -0.001069
v -0.045026 0.002209 -0.001069
v -0.045055 -0.002794 -0.033461
v -0.045121 0.001296 -0.028424
v -0.045126 0.001141 -0.028236
v -0.045034 -0.003105 -0.033350
v -0.044081 0.000071 -0.026943
v -0.043785 -0.005094 -0.033350
v -0.044822 -0.005350 -0.030617
v -0.043770 -0.005224 -0.033222
v -0.044822 -0.005350 -0.030172
v -0.045121 -0.001314 -0.025264
v -0.044811 -0.005440 -0.020201
v -0.044125 -0.009520 -0.025264
v -0.044802 -0.005530 -0.030172
v -0.043770 0.005225 -0.020041
v -0.044822 0.005351 -0.017539
v -0.044079 -0.000237 -0.013624
v -0.045034 0.003111 -0.020173
v -0.043785 0.005093 -0.020173
v -0.045052 0.002826 -0.020173
v -0.043770 0.005225 -0.046438
v -0.044822 0.005351 -0.043777
v -0.045052 0.002826 -0.020383
v -0.044811 0.005442 -0.033461
v -0.044822 -0.005350 -0.036789
v -0.045121 -0.001332 -0.041718
v -0.044822 0.005351 -0.049760
v -0.044822 0.005351 -0.049266
v -0.044822 -0.005350 -0.004166
v -0.044980 -0.003799 -0.002921
v -0.045029 0.003164 -0.009008
v -0.044806 0.005486 -0.016670
v -0.045129 0.001040 -0.011974
v -0.045037 -0.003063 -0.007186
v -0.044822 0.005351 -0.023140
v -0.043770 0.005225 -0.020587
v -0.044822 0.005351 -0.023458
v -0.044822 0.005351 -0.043390
v -0.044802 -0.005530 0.036449
v -0.044739 -0.005522 0.036008
v -0.043770 -0.005224 0.013628
v -0.043748 -0.005400 0.013628
v -0.044079 -0.005441 0.007165
v -0.043770 -0.005224 -0.007300
v -0.044802 -0.005530 -0.030617
v -0.043770 0.005225 -0.046726
v -0.044101 -0.005264 0.028960
v -0.043770 -0.005224 0.021105
v -0.044079 -0.005441 0.028960
v -0.043770 0.005225 0.007165
v -0.044101 0.005264 0.016516
v -0.043770 0.005225 -0.001069
v -0.044101 0.005264 -0.009007
v -0.043748 -0.005400 0.021105
v -0.044802 -0.005530 -0.009972
v -0.044802 -0.005530 -0.010435
v -0.043748 -0.005400 -0.033222
v -0.043732 -0.005530 -0.033350
v -0.043732 -0.005529 -0.033573
v -0.043748 -0.005400 -0.033690
v -0.044802 -0.005530 -0.036316
v -0.044802 -0.005530 -0.036789
v -0.044802 -0.005530 -0.004166
v -0.044802 -0.005530 -0.004491
v -0.044739 -0.005522 -0.001582
v -0.044802 -0.005530 -0.002297
v -0.044150 -0.009403 -0.015138
v -0.045058 -0.002724 -0.051309
v -0.044130 -0.009502 -0.041718
v -0.044402 -0.008136 -0.051309
v -0.044995 -0.003631 0.042988
v -0.045058 0.002727 -0.051309
v -0.043080 0.013484 0.028960
v -0.042975 0.013613 0.028960
v -0.042182 0.015902 0.036008
v -0.042239 0.015924 0.036449
v -0.042815 0.010487 -0.040018
v -0.041293 0.015427 -0.033573
v -0.042981 0.013794 -0.033573
v -0.044091 0.009680 -0.038698
v -0.043322 0.012683 -0.004946
v -0.042924 0.013973 -0.007014
v -0.041278 0.015467 -0.007026
v -0.042084 0.013119 -0.004129
v -0.044556 0.007242 0.028960
v -0.044800 0.005534 0.023931
v -0.044015 0.010013 0.021947
v -0.044517 0.007475 -0.008991
v -0.044490 0.007265 -0.008993
v -0.044739 0.005530 -0.014496
v -0.044800 0.005534 -0.015298
v -0.042820 0.014286 -0.003142
v -0.043576 0.011781 -0.001860
v -0.042052 0.013218 -0.004015
v -0.043547 0.011887 -0.025502
v -0.044468 0.007759 -0.020383
v -0.043730 0.005535 -0.020383
v -0.042787 0.010599 -0.026794
v -0.043550 0.011880 -0.041448
v -0.042239 0.015924 -0.036316
v -0.041246 0.015549 -0.033690
v -0.042786 0.010604 -0.040167
v -0.041246 0.015549 -0.006911
v -0.042239 0.015924 -0.004491
v -0.043593 0.011716 -0.001940
v -0.042926 0.013965 -0.007184
v -0.044034 0.009938 -0.012182
v -0.042770 0.010669 -0.013473
v -0.041277 0.015469 -0.007184
v -0.043828 0.010801 0.028991
v -0.044556 0.007245 0.054251
v -0.044391 0.008200 0.016532
v -0.043955 0.010280 0.015080
v -0.044122 0.009535 0.007165
v -0.043697 0.011325 0.007165
v -0.044202 0.009162 -0.001069
v -0.043664 0.011450 -0.001586
v -0.043647 0.011519 -0.001502
v -0.042239 0.015924 -0.002795
v -0.042239 0.015924 -0.002297
v -0.043137 0.013305 0.007165
v -0.043200 0.013095 0.007165
v -0.043372 0.012514 0.013628
v -0.043422 0.012338 0.013628
v -0.043436 0.012291 0.020965
v -0.043149 0.013262 0.028960
v -0.042239 0.015924 0.037052
v -0.043381 0.012481 -0.005113
v -0.042239 0.015924 -0.010435
v -0.042239 0.015924 -0.009972
v -0.043510 0.012028 -0.014922
v -0.043464 0.012192 -0.015138
v -0.044127 0.009515 -0.038492
v -0.043090 0.013453 -0.033573
v -0.043317 0.012487 0.021105
v -0.043253 0.012704 0.013628
v -0.043028 0.013445 0.007165
v -0.042182 0.015902 -0.001582
v -0.041559 0.015667 0.007165
v -0.044173 0.009301 0.007165
v -0.044425 0.008006 0.016480
v -0.044405 0.007764 0.016483
v -0.044176 0.008982 0.007165
v -0.044800 0.005534 0.023520
v -0.044738 0.005533 0.022990
v -0.044249 0.008930 -0.001069
v -0.044245 0.008633 -0.001069
v -0.043090 0.013453 -0.033350
v -0.042981 0.013794 -0.033350
v -0.044088 0.009694 -0.028236
v -0.044121 0.009542 -0.028424
v -0.041293 0.015427 -0.033350
v -0.042815 0.010483 -0.026943
v -0.041246 0.015549 -0.033222
v -0.042239 0.015924 -0.030617
v -0.042239 0.015924 -0.030172
v -0.042175 0.016093 -0.030172
v -0.040565 0.019806 -0.025264
v -0.042206 0.016008 -0.020201
v -0.043495 0.012076 -0.025264
v -0.044800 0.005534 -0.017539
v -0.043748 0.005404 -0.020041
v -0.042741 0.010782 -0.013624
v -0.043730 0.005536 -0.020173
v -0.044468 0.007759 -0.020173
v -0.044420 0.008040 -0.020173
v -0.044800 0.005534 -0.043777
v -0.043748 0.005404 -0.046438
v -0.044420 0.008041 -0.020383
v -0.043491 0.012094 -0.041718
v -0.044800 0.005534 -0.049266
v -0.044800 0.005534 -0.049760
v -0.042764 0.014456 -0.002921
v -0.042239 0.015924 -0.004166
v -0.044479 0.007706 -0.009008
v -0.044066 0.009792 -0.011974
v -0.043002 0.013732 -0.007183
v -0.044808 0.005470 -0.017522
v -0.044800 0.005534 -0.023140
v -0.043748 0.005404 -0.020587
v -0.044800 0.005534 -0.023458
v -0.044800 0.005534 -0.043390
v -0.042119 0.016071 0.036008
v -0.042175 0.016093 0.036449
v -0.041496 0.015834 0.007165
v -0.041184 0.015715 0.013628
v -0.041246 0.015549 0.013628
v -0.041246 0.015549 -0.007300
v -0.042175 0.016093 -0.030617
v -0.043748 0.005404 -0.046726
v -0.041246 0.015549 0.021105
v -0.041559 0.015667 0.028960
v -0.041496 0.015834 0.028960
v -0.044079 0.005445 0.016516
v -0.043748 0.005404 0.007165
v -0.043748 0.005404 -0.001069
v -0.044079 0.005445 -0.009007
v -0.041184 0.015715 0.021105
v -0.042175 0.016093 -0.010435
v -0.042175 0.016093 -0.009972
v -0.041184 0.015715 -0.033690
v -0.041137 0.015837 -0.033573
v -0.041137 0.015837 -0.033350
v -0.041184 0.015715 -0.033222
v -0.042213 0.016003 -0.036687
v -0.042175 0.016093 -0.036316
v -0.042175 0.016093 -0.004491
v -0.042175 0.016093 -0.004166
v -0.042175 0.016092 -0.002311
v -0.040616 0.019698 -0.015138
v -0.043098 0.013431 -0.051309
v -0.041164 0.018528 -0.051309
v -0.040573 0.019789 -0.041718
v -0.042818 0.014296 0.042988
v -0.044402 0.008138 -0.051309
v -0.031880 0.031960 0.028960
v -0.031727 0.032025 0.028960
v -0.033038 0.029183 -0.040018
v -0.031648 0.032189 -0.033573
v -0.034543 0.029062 -0.038698
v -0.032466 0.031363 -0.004946
v -0.031514 0.032321 -0.007014
v -0.029363 0.032878 -0.007026
v -0.031166 0.031173 -0.004129
v -0.036086 0.027119 0.028960
v -0.037097 0.025720 0.023931
v -0.034322 0.029322 0.021947
v -0.035945 0.027307 -0.008991
v -0.036019 0.027109 -0.008993
v -0.037045 0.025688 -0.014496
v -0.037097 0.025720 -0.015298
v -0.031277 0.032550 -0.003142
v -0.033111 0.030683 -0.001860
v -0.031093 0.031246 -0.004014
v -0.033036 0.030763 -0.025502
v -0.035770 0.027536 -0.020383
v -0.036150 0.025224 -0.020383
v -0.032961 0.029269 -0.026794
v -0.033041 0.030758 -0.041448
v -0.032958 0.029273 -0.040167
v -0.029296 0.032937 -0.006911
v -0.033156 0.030634 -0.001940
v -0.031521 0.032315 -0.007184
v -0.034373 0.029263 -0.012182
v -0.032912 0.029324 -0.013473
v -0.029360 0.032880 -0.007184
v -0.033788 0.029935 0.029015
v -0.036087 0.027118 0.054251
v -0.035496 0.027890 0.016532
v -0.034143 0.029530 0.015080
v -0.034638 0.028948 0.007165
v -0.033430 0.030335 0.007165
v -0.034882 0.028654 -0.001069
v -0.033342 0.030431 -0.001586
v -0.033294 0.030483 -0.001502
v -0.030001 0.033729 -0.002795
v -0.032011 0.031827 0.007165
v -0.032166 0.031671 0.007165
v -0.032589 0.031237 0.013628
v -0.032716 0.031104 0.013628
v -0.032749 0.031069 0.020972
v -0.032044 0.031796 0.028960
v -0.030001 0.033729 0.037052
v -0.032612 0.031212 -0.005113
v -0.032936 0.030870 -0.014922
v -0.034651 0.028932 -0.038492
v -0.031903 0.031937 -0.033573
v -0.032552 0.031187 0.021105
v -0.032394 0.031350 0.013628
v -0.031851 0.031902 0.007165
v -0.034791 0.028764 0.007165
v -0.035616 0.027735 0.016480
v -0.035712 0.027512 0.016483
v -0.034942 0.028483 0.007165
v -0.037097 0.025720 0.023520
v -0.037044 0.025691 0.022990
v -0.035030 0.028471 -0.001069
v -0.035165 0.028206 -0.001069
v -0.031903 0.031937 -0.033350
v -0.031648 0.032189 -0.033350
v -0.034532 0.029073 -0.028236
v -0.034634 0.028953 -0.028424
v -0.033041 0.029179 -0.026943
v -0.037097 0.025720 -0.017539
v -0.036225 0.025116 -0.020041
v -0.032836 0.029410 -0.013624
v -0.036149 0.025225 -0.020173
v -0.035770 0.027536 -0.020173
v -0.035595 0.027762 -0.020173
v -0.037097 0.025720 -0.043777
v -0.036225 0.025116 -0.046438
v -0.035595 0.027762 -0.020383
v -0.037151 0.025644 -0.033461
v -0.037097 0.025720 -0.049266
v -0.037097 0.025720 -0.049760
v -0.031149 0.032673 -0.002921
v -0.035803 0.027494 -0.009008
v -0.034469 0.029149 -0.011974
v -0.031679 0.032160 -0.007182
v -0.037141 0.025658 -0.017508
v -0.037097 0.025720 -0.023140
v -0.036225 0.025116 -0.020587
v -0.037097 0.025720 -0.023458
v -0.037097 0.025720 -0.043390
v -0.029296 0.032937 -0.007300
v -0.036225 0.025116 -0.046726
v -0.036499 0.025306 0.016516
v -0.036225 0.025116 0.007165
v -0.036225 0.025116 -0.001069
v -0.036499 0.025306 -0.009007
v -0.031270 0.032557 0.042988
v -0.035535 0.027840 -0.051309
v -0.041176 0.018507 0.028874
v -0.041193 0.018311 0.028960
v -0.039000 0.020544 -0.040018
v -0.039421 0.021994 -0.038698
v -0.041318 0.018179 -0.033573
v -0.040837 0.019237 -0.004946
v -0.040198 0.018089 -0.004129
v -0.041153 0.015797 -0.007026
v -0.041395 0.018007 -0.007014
v -0.038152 0.024127 0.028960
v -0.039971 0.020979 0.028960
v -0.039586 0.021696 0.021947
v -0.037203 0.025568 0.023931
v -0.038278 0.023928 -0.008991
v -0.037203 0.025568 -0.015298
v -0.037153 0.025531 -0.014496
v -0.038118 0.024066 -0.008993
v -0.041525 0.017705 -0.003142
v -0.040240 0.017994 -0.004015
v -0.040429 0.020081 -0.001860
v -0.040478 0.019982 -0.025502
v -0.039055 0.020442 -0.026794
v -0.036403 0.024858 -0.020383
v -0.038430 0.023683 -0.020383
v -0.040475 0.019989 -0.041448
v -0.039056 0.020437 -0.040167
v -0.041184 0.015715 -0.006911
v -0.040399 0.020141 -0.001940
v -0.041390 0.018015 -0.007184
v -0.041154 0.015795 -0.007184
v -0.039088 0.020377 -0.013473
v -0.039548 0.021763 -0.012182
v -0.039963 0.020992 0.054251
v -0.038153 0.024127 0.054251
v -0.038663 0.023300 0.016532
v -0.039717 0.021455 0.015080
v -0.039348 0.022123 0.007165
v -0.040217 0.020502 0.007165
v -0.040308 0.020323 -0.001502
v -0.040276 0.020387 -0.001586
v -0.039160 0.022455 -0.001069
v -0.042175 0.016093 -0.002795
v -0.041019 0.018847 0.007165
v -0.041110 0.018647 0.007165
v -0.040758 0.019404 0.013855
v -0.040659 0.019610 0.021132
v -0.042175 0.016093 0.037052
v -0.040748 0.019427 -0.005113
v -0.040541 0.019851 -0.014922
v -0.039339 0.022142 -0.038492
v -0.040701 0.019379 0.021105
v -0.040798 0.019175 0.013628
v -0.041122 0.018471 0.007165
v -0.039231 0.022332 0.007165
v -0.039022 0.022573 0.007165
v -0.038386 0.023637 0.016483
v -0.038561 0.023469 0.016480
v -0.037155 0.025528 0.022990
v -0.037203 0.025568 0.023520
v -0.039042 0.022660 -0.001069
v -0.038842 0.022880 -0.001069
v -0.041192 0.018465 -0.033461
v -0.039352 0.022117 -0.028424
v -0.039429 0.021982 -0.028236
v -0.041318 0.018179 -0.033350
v -0.038997 0.020548 -0.026943
v -0.036328 0.024967 -0.020041
v -0.037203 0.025568 -0.017539
v -0.039140 0.020275 -0.013624
v -0.038430 0.023683 -0.020173
v -0.036404 0.024857 -0.020173
v -0.038579 0.023439 -0.020173
v -0.036328 0.024967 -0.046438
v -0.037203 0.025568 -0.043777
v -0.038579 0.023439 -0.020383
v -0.037203 0.025568 -0.049760
v -0.037203 0.025568 -0.049266
v -0.041594 0.017540 -0.002921
v -0.038402 0.023728 -0.009008
v -0.037131 0.025673 -0.016679
v -0.039476 0.021894 -0.011974
v -0.041297 0.018228 -0.007175
v -0.037203 0.025568 -0.023140
v -0.036328 0.024967 -0.020587
v -0.037203 0.025568 -0.023458
v -0.037203 0.025568 -0.043390
v -0.041184 0.015715 -0.007300
v -0.036328 0.024967 -0.046726
v -0.036328 0.024967 0.007165
v -0.036603 0.025156 0.016516
v -0.036328 0.024967 -0.001069
v -0.036603 0.025156 -0.009007
v -0.041529 0.017695 0.042988
v -0.038630 0.023354 -0.051309
v 0.018577 -0.041140 0.028960
v 0.020897 -0.040011 0.036449
v 0.020870 -0.039957 0.036008
v 0.018693 -0.041020 0.028960
v 0.015571 -0.041237 -0.040018
v 0.014923 -0.042602 -0.038698
v 0.018873 -0.041005 -0.033573
v 0.020291 -0.039131 -0.033573
v 0.017811 -0.041477 -0.004946
v 0.018095 -0.040194 -0.004129
v 0.020328 -0.039112 -0.007026
v 0.019045 -0.040926 -0.007014
v 0.012559 -0.043357 0.028960
v 0.016007 -0.042206 0.028960
v 0.015245 -0.042488 0.021947
v 0.010892 -0.043806 0.023931
v 0.012785 -0.043291 -0.008991
v 0.010892 -0.043806 -0.015298
v 0.010881 -0.043745 -0.014496
v 0.012575 -0.043289 -0.008993
v 0.019342 -0.040786 -0.003142
v 0.018190 -0.040151 -0.004015
v 0.016946 -0.041838 -0.001860
v 0.017048 -0.041797 -0.025502
v 0.015677 -0.041197 -0.026794
v 0.010764 -0.042744 -0.020383
v 0.013062 -0.043209 -0.020383
v 0.017041 -0.041799 -0.041448
v 0.015683 -0.041195 -0.040167
v 0.020406 -0.039071 -0.033690
v 0.020897 -0.040011 -0.036316
v 0.020406 -0.039071 -0.006911
v 0.020897 -0.040011 -0.004491
v 0.016884 -0.041863 -0.001940
v 0.019036 -0.040929 -0.007184
v 0.020331 -0.039111 -0.007184
v 0.015746 -0.041171 -0.013473
v 0.015173 -0.042514 -0.012182
v 0.015990 -0.042212 0.054251
v 0.012559 -0.043358 0.054251
v 0.013490 -0.043077 0.016532
v 0.015503 -0.042394 0.015080
v 0.014783 -0.042650 0.007165
v 0.016509 -0.042013 0.007165
v 0.016695 -0.041939 -0.001502
v 0.016628 -0.041965 -0.001586
v 0.014423 -0.042774 -0.001069
v 0.020897 -0.040011 -0.002795
v 0.018206 -0.041306 0.007165
v 0.018406 -0.041217 0.007165
v 0.020897 -0.040011 -0.002297
v 0.017640 -0.041550 0.013866
v 0.017431 -0.041638 0.021123
v 0.018366 -0.041235 0.028960
v 0.020897 -0.040011 0.037052
v 0.017618 -0.041560 -0.005113
v 0.020897 -0.040011 -0.010435
v 0.017341 -0.041676 -0.015138
v 0.017184 -0.041741 -0.014922
v 0.020897 -0.040011 -0.009972
v 0.014763 -0.042657 -0.038492
v 0.017616 -0.041494 0.021105
v 0.017824 -0.041405 0.013628
v 0.018533 -0.041093 0.007165
v 0.020870 -0.039957 -0.001582
v 0.020560 -0.039366 0.007165
v 0.014557 -0.042728 0.007165
v 0.014240 -0.042770 0.007165
v 0.013059 -0.043145 0.016483
v 0.013301 -0.043135 0.016480
v 0.010884 -0.043745 0.022990
v 0.010892 -0.043806 0.023520
v 0.014198 -0.042849 -0.001069
v 0.013903 -0.042881 -0.001069
v 0.018587 -0.041136 -0.033463
v 0.014789 -0.042648 -0.028424
v 0.014936 -0.042597 -0.028236
v 0.018873 -0.041005 -0.033350
v 0.015566 -0.041239 -0.026943
v 0.020291 -0.039131 -0.033350
v 0.020897 -0.040011 -0.030617
v 0.020406 -0.039071 -0.033222
v 0.020897 -0.040011 -0.030172
v 0.017230 -0.041722 -0.025264
v 0.010637 -0.042776 -0.020041
v 0.010892 -0.043806 -0.017539
v 0.015853 -0.041129 -0.013624
v 0.013062 -0.043209 -0.020173
v 0.010767 -0.042744 -0.020173
v 0.013334 -0.043125 -0.020173
v 0.010637 -0.042776 -0.046438
v 0.010892 -0.043806 -0.043777
v 0.013336 -0.043125 -0.020383
v 0.010803 -0.043828 -0.033461
v 0.020897 -0.040011 -0.036789
v 0.017247 -0.041715 -0.041718
v 0.010892 -0.043806 -0.049760
v 0.010892 -0.043806 -0.049266
v 0.020897 -0.040011 -0.004166
v 0.019505 -0.040709 -0.002922
v 0.013010 -0.043224 -0.009008
v 0.010764 -0.043838 -0.016673
v 0.015031 -0.042564 -0.011974
v 0.018823 -0.041028 -0.007180
v 0.010892 -0.043806 -0.023140
v 0.010637 -0.042776 -0.020587
v 0.010892 -0.043806 -0.023458
v 0.010892 -0.043806 -0.043390
v 0.020406 -0.039071 0.013628
v 0.020406 -0.039071 -0.007300
v 0.010637 -0.042776 -0.046726
v 0.020560 -0.039366 0.028960
v 0.020406 -0.039071 0.021105
v 0.010637 -0.042776 0.007165
v 0.010718 -0.043100 0.016516
v 0.010637 -0.042776 -0.001069
v 0.010718 -0.043100 -0.009007
v 0.019352 -0.040781 0.042988
v 0.018526 -0.041163 -0.051309
v 0.013430 -0.043096 -0.051309
v 0.002671 -0.045061 0.028960
v 0.002512 -0.045008 0.028960
v 0.000090 -0.045078 0.036008
v 0.000090 -0.045140 0.036449
v 0.005378 -0.043750 -0.040018
v 0.000220 -0.044078 -0.033573
v 0.002345 -0.045079 -0.033573
v 0.006584 -0.044657 -0.038698
v 0.003505 -0.045003 -0.004946
v 0.002156 -0.045088 -0.007014
v 0.000176 -0.044079 -0.007026
v 0.002657 -0.043999 -0.004129
v 0.009030 -0.044227 0.028960
v 0.010713 -0.043850 0.023931
v 0.006248 -0.044705 0.021947
v 0.008799 -0.044274 -0.008991
v 0.008985 -0.044174 -0.008993
v 0.010696 -0.043791 -0.014496
v 0.010713 -0.043850 -0.015298
v 0.001829 -0.045103 -0.003142
v 0.004438 -0.044921 -0.001860
v 0.002554 -0.044005 -0.004015
v 0.004329 -0.044932 -0.025502
v 0.008516 -0.044329 -0.020383
v 0.010333 -0.042851 -0.020383
v 0.005264 -0.043764 -0.026794
v 0.004336 -0.044931 -0.041448
v 0.000090 -0.045140 -0.036316
v 0.000089 -0.044079 -0.033690
v 0.005260 -0.043764 -0.040167
v 0.000089 -0.044079 -0.006911
v 0.000090 -0.045140 -0.004491
v 0.004504 -0.044914 -0.001940
v 0.002166 -0.045088 -0.007184
v 0.006324 -0.044695 -0.012182
v 0.005190 -0.043772 -0.013473
v 0.000174 -0.044079 -0.007184
v 0.005442 -0.044810 0.028989
v 0.009030 -0.044227 0.054251
v 0.008076 -0.044412 0.016532
v 0.005975 -0.044742 0.015080
v 0.006732 -0.044635 0.007165
v 0.004908 -0.044872 0.007165
v 0.007108 -0.044576 -0.001069
v 0.004780 -0.044886 -0.001586
v 0.004708 -0.044893 -0.001502
v 0.000090 -0.045140 -0.002795
v 0.000090 -0.045140 -0.002297
v 0.002856 -0.045049 0.007165
v 0.003076 -0.045035 0.007165
v 0.003680 -0.044989 0.013628
v 0.003863 -0.044974 0.013628
v 0.003912 -0.044970 0.020967
v 0.002901 -0.045046 0.028960
v 0.000090 -0.045140 0.037052
v 0.003715 -0.044987 -0.005113
v 0.000090 -0.045140 -0.010435
v 0.000090 -0.045140 -0.009972
v 0.004183 -0.044945 -0.014922
v 0.004014 -0.044961 -0.015138
v 0.006752 -0.044632 -0.038492
v 0.002703 -0.045059 -0.033573
v 0.003685 -0.044927 0.021105
v 0.003461 -0.044945 0.013628
v 0.002688 -0.044998 0.007165
v 0.000090 -0.045078 -0.001582
v 0.000090 -0.044412 0.007165
v 0.006968 -0.044599 0.007165
v 0.008268 -0.044376 0.016480
v 0.008488 -0.044272 0.016483
v 0.007268 -0.044489 0.007165
v 0.010713 -0.043850 0.023520
v 0.010692 -0.043792 0.022990
v 0.007343 -0.044539 -0.001069
v 0.007618 -0.044430 -0.001069
v 0.002703 -0.045059 -0.033350
v 0.002345 -0.045079 -0.033350
v 0.006570 -0.044659 -0.028236
v 0.006725 -0.044636 -0.028424
v 0.000220 -0.044078 -0.033350
v 0.005382 -0.043749 -0.026943
v 0.000089 -0.044079 -0.033222
v 0.000090 -0.045140 -0.030617
v 0.000090 -0.045140 -0.030172
v -0.000090 -0.045140 -0.030172
v -0.004134 -0.044950 -0.025264
v 0.000001 -0.045140 -0.020201
v 0.004134 -0.044950 -0.025264
v 0.010713 -0.043850 -0.017539
v 0.010461 -0.042820 -0.020041
v 0.005077 -0.043786 -0.013624
v 0.010333 -0.042851 -0.020173
v 0.008516 -0.044329 -0.020173
v 0.008235 -0.044382 -0.020173
v 0.010713 -0.043850 -0.043777
v 0.010461 -0.042820 -0.046438
v 0.008234 -0.044382 -0.020383
v 0.004115 -0.044952 -0.041718
v 0.010713 -0.043850 -0.049266
v 0.010713 -0.043850 -0.049760
v 0.001650 -0.045110 -0.002922
v 0.000090 -0.045140 -0.004166
v 0.008567 -0.044319 -0.009008
v 0.006472 -0.044673 -0.011974
v 0.002398 -0.045076 -0.007179
v 0.010782 -0.043834 -0.017503
v 0.010713 -0.043850 -0.023140
v 0.010461 -0.042820 -0.020587
v 0.010713 -0.043850 -0.023458
v 0.010713 -0.043850 -0.043390
v -0.000090 -0.045078 0.036008
v -0.000090 -0.045140 0.036449
v -0.000089 -0.044412 0.007165
v -0.000089 -0.044079 0.013628
v 0.000089 -0.044079 0.013628
v 0.000089 -0.044079 -0.007300
v -0.000090 -0.045140 -0.030617
v 0.010461 -0.042820 -0.046726
v 0.000089 -0.044079 0.021105
v 0.000090 -0.044412 0.028960
v -0.000089 -0.044412 0.028960
v 0.010541 -0.043143 0.016516
v 0.010461 -0.042820 0.007165
v 0.010461 -0.042820 -0.001069
v 0.010541 -0.043143 -0.009007
v -0.000089 -0.044079 0.021105
v -0.000090 -0.045140 -0.010435
v -0.000090 -0.045140 -0.009972
v -0.000089 -0.044079 -0.033690
v -0.000219 -0.044078 -0.033573
v -0.000219 -0.044078 -0.033350
v -0.000089 -0.044079 -0.033222
v 0.000002 -0.045143 -0.036687
v -0.000090 -0.045140 -0.036316
v -0.000090 -0.045140 -0.004491
v -0.000090 -0.045140 -0.004166
v -0.000090 -0.045140 -0.002297
v -0.000090 -0.045078 -0.001582
v -0.004013 -0.044961 -0.015138
v 0.002725 -0.045057 -0.051309
v -0.002725 -0.045057 -0.051309
v -0.004115 -0.044952 -0.041718
v 0.001817 -0.045103 0.042988
v 0.008137 -0.044400 -0.051309
v -0.018577 -0.041140 0.028960
v -0.018692 -0.041020 0.028960
v -0.020869 -0.039957 0.036008
v -0.020897 -0.040011 0.036449
v -0.015571 -0.041237 -0.040018
v -0.020291 -0.039131 -0.033573
v -0.018873 -0.041005 -0.033573
v -0.014923 -0.042602 -0.038698
v -0.017811 -0.041477 -0.004946
v -0.019044 -0.040926 -0.007014
v -0.020328 -0.039112 -0.007026
v -0.018095 -0.040194 -0.004129
v -0.012559 -0.043357 0.028960
v -0.010892 -0.043806 0.023931
v -0.015245 -0.042488 0.021947
v -0.012785 -0.043291 -0.008991
v -0.012573 -0.043289 -0.008993
v -0.010881 -0.043745 -0.014496
v -0.010892 -0.043806 -0.015298
v -0.019342 -0.040786 -0.003142
v -0.016946 -0.041838 -0.001860
v -0.018188 -0.040151 -0.004015
v -0.017048 -0.041797 -0.025502
v -0.013061 -0.043209 -0.020383
v -0.010764 -0.042744 -0.020383
v -0.015677 -0.041197 -0.026794
v -0.017041 -0.041799 -0.041448
v -0.020897 -0.040011 -0.036316
v -0.020406 -0.039071 -0.033690
v -0.015683 -0.041195 -0.040167
v -0.020406 -0.039071 -0.006911
v -0.020897 -0.040011 -0.004491
v -0.016884 -0.041863 -0.001940
v -0.019036 -0.040929 -0.007184
v -0.015172 -0.042514 -0.012182
v -0.015745 -0.041171 -0.013473
v -0.020331 -0.039111 -0.007184
v -0.016006 -0.042206 0.028991
v -0.012559 -0.043357 0.054251
v -0.013490 -0.043077 0.016532
v -0.015503 -0.042394 0.015080
v -0.014783 -0.042650 0.007165
v -0.016508 -0.042013 0.007165
v -0.014421 -0.042774 -0.001069
v -0.016629 -0.041965 -0.001586
v -0.016694 -0.041939 -0.001502
v -0.020897 -0.040011 -0.002795
v -0.020897 -0.040011 -0.002297
v -0.018406 -0.041217 0.007165
v -0.018206 -0.041306 0.007165
v -0.017650 -0.041546 0.013628
v -0.017480 -0.041618 0.013628
v -0.017434 -0.041637 0.020957
v -0.018364 -0.041235 0.028960
v -0.020897 -0.040011 0.037052
v -0.017618 -0.041560 -0.005113
v -0.020897 -0.040011 -0.010435
v -0.020897 -0.040011 -0.009972
v -0.017184 -0.041741 -0.014922
v -0.017341 -0.041676 -0.015138
v -0.014763 -0.042657 -0.038492
v -0.018547 -0.041153 -0.033573
v -0.017616 -0.041494 0.021105
v -0.017824 -0.041405 0.013628
v -0.018533 -0.041093 0.007165
v -0.020869 -0.039957 -0.001582
v -0.020560 -0.039366 0.007165
v -0.014556 -0.042728 0.007165
v -0.013301 -0.043136 0.016480
v -0.013059 -0.043145 0.016483
v -0.014240 -0.042770 0.007165
v -0.010892 -0.043806 0.023520
v -0.010884 -0.043745 0.022990
v -0.014198 -0.042849 -0.001069
v -0.013903 -0.042881 -0.001069
v -0.018547 -0.041153 -0.033350
v -0.018873 -0.041005 -0.033350
v -0.014937 -0.042597 -0.028236
v -0.014789 -0.042648 -0.028424
v -0.020291 -0.039131 -0.033350
v -0.015565 -0.041239 -0.026943
v -0.020406 -0.039071 -0.033222
v -0.020897 -0.040011 -0.030617
v -0.020897 -0.040011 -0.030172
v -0.021058 -0.039927 -0.030172
v -0.024549 -0.037880 -0.025264
v -0.020978 -0.039969 -0.020201
v -0.017230 -0.041722 -0.025264
v -0.010892 -0.043806 -0.017539
v -0.010637 -0.042776 -0.020041
v -0.015853 -0.041129 -0.013624
v -0.010765 -0.042744 -0.020173
v -0.013061 -0.043209 -0.020173
v -0.013334 -0.043125 -0.020173
v -0.010892 -0.043806 -0.043777
v -0.010637 -0.042776 -0.046438
v -0.013334 -0.043125 -0.020383
v -0.010803 -0.043828 -0.033461
v -0.020897 -0.040011 -0.036789
v -0.017247 -0.041715 -0.041718
v -0.010892 -0.043806 -0.049266
v -0.010892 -0.043806 -0.049760
v -0.019503 -0.040709 -0.002922
v -0.020897 -0.040011 -0.004166
v -0.013010 -0.043224 -0.009008
v -0.015031 -0.042564 -0.011974
v -0.018826 -0.041027 -0.007181
v -0.010823 -0.043823 -0.017514
v -0.010892 -0.043806 -0.023140
v -0.010637 -0.042776 -0.020587
v -0.010892 -0.043806 -0.023458
v -0.010892 -0.043806 -0.043390
v -0.021030 -0.039873 0.036008
v -0.021058 -0.039927 0.036449
v -0.020719 -0.039284 0.007165
v -0.020563 -0.038989 0.013628
v -0.020406 -0.039071 0.013628
v -0.020406 -0.039071 -0.007300
v -0.021058 -0.039927 -0.030617
v -0.010637 -0.042776 -0.046726
v -0.020406 -0.039071 0.021105
v -0.020560 -0.039366 0.028960
v -0.020719 -0.039284 0.028960
v -0.010717 -0.043100 0.016516
v -0.010637 -0.042776 0.007165
v -0.010637 -0.042776 -0.001069
v -0.010717 -0.043100 -0.009007
v -0.020563 -0.038989 0.021105
v -0.021058 -0.039927 -0.010435
v -0.021058 -0.039927 -0.009972
v -0.020563 -0.038989 -0.033690
v -0.020678 -0.038927 -0.033573
v -0.020680 -0.038927 -0.033350
v -0.020563 -0.038989 -0.033222
v -0.021058 -0.039927 -0.036789
v -0.021058 -0.039927 -0.036316
v -0.021058 -0.039927 -0.004491
v -0.021058 -0.039927 -0.004166
v -0.021056 -0.039928 -0.002313
v -0.024448 -0.037945 -0.015138
v -0.018526 -0.041163 -0.051309
v -0.023353 -0.038630 -0.051309
v -0.024533 -0.037890 -0.041718
v -0.019351 -0.040781 0.042988
v -0.013428 -0.043096 -0.051309
v -0.002704 -0.045061 0.028869
v -0.002512 -0.045008 0.028960
v -0.005378 -0.043750 -0.040018
v -0.006584 -0.044657 -0.038698
v -0.002345 -0.045079 -0.033573
v -0.003505 -0.045003 -0.004946
v -0.002657 -0.043999 -0.004129
v -0.000176 -0.044079 -0.007026
v -0.002156 -0.045088 -0.007014
v -0.009028 -0.044227 0.028960
v -0.005440 -0.044811 0.028960
v -0.006248 -0.044705 0.021947
v -0.010713 -0.043850 0.023931
v -0.008798 -0.044274 -0.008991
v -0.010713 -0.043850 -0.015298
v -0.010696 -0.043791 -0.014496
v -0.008984 -0.044174 -0.008993
v -0.001827 -0.045103 -0.003142
v -0.002554 -0.044005 -0.004015
v -0.004438 -0.044921 -0.001860
v -0.004329 -0.044932 -0.025502
v -0.005263 -0.043764 -0.026794
v -0.010333 -0.042851 -0.020383
v -0.008515 -0.044329 -0.020383
v -0.004336 -0.044931 -0.041448
v -0.005258 -0.043764 -0.040167
v -0.000089 -0.044079 -0.006911
v -0.004504 -0.044914 -0.001940
v -0.002166 -0.045088 -0.007184
v -0.000174 -0.044079 -0.007184
v -0.005190 -0.043772 -0.013473
v -0.006324 -0.044695 -0.012182
v -0.005457 -0.044808 0.054251
v -0.009029 -0.044227 0.054251
v -0.008076 -0.044412 0.016532
v -0.005975 -0.044742 0.015080
v -0.006732 -0.044635 0.007165
v -0.004908 -0.044872 0.007165
v -0.004708 -0.044893 -0.001502
v -0.004778 -0.044886 -0.001586
v -0.007108 -0.044576 -0.001069
v -0.000090 -0.045140 -0.002795
v -0.003076 -0.045035 0.007165
v -0.002856 -0.045049 0.007165
v -0.003689 -0.044989 0.013859
v -0.003916 -0.044970 0.021129
v -0.000090 -0.045140 0.037052
v -0.003715 -0.044987 -0.005113
v -0.004183 -0.044945 -0.014922
v -0.006752 -0.044632 -0.038492
v -0.002703 -0.045059 -0.033573
v -0.003685 -0.044927 0.021105
v -0.003461 -0.044945 0.013628
v -0.002687 -0.044998 0.007165
v -0.006968 -0.044599 0.007165
v -0.007268 -0.044489 0.007165
v -0.008488 -0.044272 0.016483
v -0.008268 -0.044376 0.016480
v -0.010692 -0.043792 0.022990
v -0.010713 -0.043850 0.023520
v -0.007342 -0.044539 -0.001069
v -0.007618 -0.044430 -0.001069
v -0.002701 -0.045059 -0.033350
v -0.006725 -0.044636 -0.028424
v -0.006570 -0.044659 -0.028236
v -0.002345 -0.045079 -0.033350
v -0.005383 -0.043749 -0.026943
v -0.010461 -0.042820 -0.020041
v -0.010713 -0.043850 -0.017539
v -0.005077 -0.043786 -0.013624
v -0.008515 -0.044329 -0.020173
v -0.010331 -0.042851 -0.020173
v -0.008234 -0.044382 -0.020173
v -0.010461 -0.042820 -0.046438
v -0.010713 -0.043850 -0.043777
v -0.008234 -0.044382 -0.020383
v -0.010713 -0.043850 -0.049760
v -0.010713 -0.043850 -0.049266
v -0.001649 -0.045110 -0.002922
v -0.008567 -0.044319 -0.009008
v -0.010840 -0.043819 -0.016680
v -0.006472 -0.044673 -0.011974
v -0.002401 -0.045076 -0.007181
v -0.010713 -0.043850 -0.023140
v -0.010461 -0.042820 -0.020587
v -0.010713 -0.043850 -0.023458
v -0.010713 -0.043850 -0.043390
v -0.000089 -0.044079 -0.007300
v -0.010461 -0.042820 -0.046726
v -0.010461 -0.042820 0.007165
v -0.010541 -0.043143 0.016516
v -0.010461 -0.042820 -0.001069
v -0.010541 -0.043143 -0.009007
v -0.001817 -0.045103 0.042988
v -0.008136 -0.044400 -0.051309
v -0.044411 -0.008081 0.028960
v -0.044377 -0.007918 0.028960
v -0.042783 -0.010611 -0.040018
v -0.044468 -0.007760 -0.033573
v -0.043539 -0.011919 -0.038698
v -0.044254 -0.008903 -0.004946
v -0.044500 -0.007575 -0.007014
v -0.043736 -0.005488 -0.007025
v -0.043358 -0.007941 -0.004129
v -0.042818 -0.014294 0.028960
v -0.042239 -0.015920 0.023931
v -0.043627 -0.011589 0.021947
v -0.042891 -0.014070 -0.008991
v -0.042770 -0.014242 -0.008993
v -0.042183 -0.015895 -0.014496
v -0.044555 -0.007250 -0.003142
v -0.044059 -0.009820 -0.001860
v -0.043377 -0.007839 -0.004014
v -0.044083 -0.009712 -0.025502
v -0.042981 -0.013796 -0.020383
v -0.041294 -0.015422 -0.020383
v -0.042811 -0.010499 -0.026794
v -0.044082 -0.009719 -0.041448
v -0.042812 -0.010494 -0.040167
v -0.043748 -0.005400 -0.006911
v -0.044045 -0.009885 -0.001940
v -0.044499 -0.007583 -0.007184
v -0.043608 -0.011664 -0.012182
v -0.042830 -0.010429 -0.013473
v -0.043738 -0.005485 -0.007184
v -0.043828 -0.010804 0.028967
v -0.042819 -0.014292 0.054251
v -0.043115 -0.013368 0.016532
v -0.043697 -0.011324 0.015080
v -0.043500 -0.012062 0.007165
v -0.043954 -0.010280 0.007165
v -0.043396 -0.012428 -0.001069
v -0.043984 -0.010153 -0.001586
v -0.044000 -0.010084 -0.001502
v -0.044802 -0.005530 -0.002794
v -0.044377 -0.008265 0.007165
v -0.044337 -0.008481 0.007165
v -0.044219 -0.009075 0.013628
v -0.044182 -0.009255 0.013628
v -0.044170 -0.009311 0.021105
v -0.044124 -0.009529 0.021105
v -0.044369 -0.008309 0.028960
v -0.044802 -0.005530 0.037052
v -0.044212 -0.009109 -0.005112
v -0.044114 -0.009569 -0.014922
v -0.043494 -0.012082 -0.038492
v -0.044405 -0.008113 -0.033573
v -0.044157 -0.009073 0.021105
v -0.044202 -0.008852 0.013628
v -0.044348 -0.008091 0.007165
v -0.043435 -0.012292 0.007165
v -0.043057 -0.013556 0.016480
v -0.042927 -0.013761 0.016483
v -0.043289 -0.012577 0.007165
v -0.042239 -0.015920 0.023520
v -0.042185 -0.015892 0.022990
v -0.043329 -0.012656 -0.001069
v -0.043188 -0.012918 -0.001069
v -0.044405 -0.008113 -0.033350
v -0.044468 -0.007760 -0.033350
v -0.043543 -0.011905 -0.028236
v -0.043501 -0.012055 -0.028424
v -0.042782 -0.010616 -0.026943
v -0.042239 -0.015920 -0.017539
v -0.041248 -0.015546 -0.020041
v -0.042855 -0.010316 -0.013624
v -0.041294 -0.015421 -0.020173
v -0.042981 -0.013796 -0.020173
v -0.043067 -0.013523 -0.020173
v -0.042239 -0.015920 -0.043777
v -0.041248 -0.015545 -0.046438
v -0.043067 -0.013523 -0.020383
v -0.042206 -0.016006 -0.033461
v -0.042239 -0.015920 -0.049266
v -0.042239 -0.015920 -0.049760
v -0.044583 -0.007073 -0.002921
v -0.042963 -0.013847 -0.009008
v -0.042243 -0.015914 -0.015304
v -0.043569 -0.011808 -0.011974
v -0.044460 -0.007810 -0.007181
v -0.042238 -0.015924 -0.017178
v -0.042239 -0.015920 -0.023140
v -0.041248 -0.015546 -0.020587
v -0.042239 -0.015920 -0.043390
v -0.043748 -0.005400 -0.007300
v -0.041248 -0.015546 -0.046726
v -0.041559 -0.015663 0.016516
v -0.041248 -0.015546 0.007165
v -0.041248 -0.015546 -0.001069
v -0.041559 -0.015663 -0.009007
v -0.044556 -0.007240 0.042988
v -0.043098 -0.013428 -0.051309
v -0.038621 -0.023372 0.028871
v -0.037203 -0.025567 0.036449
v -0.037151 -0.025532 0.036008
v -0.038468 -0.023500 0.028960
v -0.039061 -0.020427 -0.040018
v -0.040493 -0.019948 -0.038698
v -0.038432 -0.023678 -0.033573
v -0.036401 -0.024859 -0.033573
v -0.039029 -0.022680 -0.004946
v -0.037720 -0.022806 -0.004129
v -0.036376 -0.024893 -0.007026
v -0.038333 -0.023837 -0.007014
v -0.041529 -0.017693 0.028960
v -0.039971 -0.020977 0.028960
v -0.040341 -0.020254 0.021947
v -0.042175 -0.016092 0.023931
v -0.041435 -0.017909 -0.008991
v -0.042175 -0.016092 -0.015298
v -0.042115 -0.016073 -0.014496
v -0.041460 -0.017699 -0.008993
v -0.038159 -0.024116 -0.003142
v -0.037667 -0.022895 -0.004015
v -0.039490 -0.021865 -0.001860
v -0.039438 -0.021961 -0.025502
v -0.039008 -0.020528 -0.026794
v -0.041137 -0.015837 -0.020383
v -0.041320 -0.018173 -0.020383
v -0.039442 -0.021954 -0.041448
v -0.039006 -0.020533 -0.040167
v -0.036328 -0.024966 -0.033690
v -0.037203 -0.025567 -0.036316
v -0.036328 -0.024966 -0.006911
v -0.037203 -0.025567 -0.004491
v -0.039523 -0.021806 -0.001940
v -0.038337 -0.023830 -0.007184
v -0.036376 -0.024895 -0.007184
v -0.038975 -0.020593 -0.013473
v -0.040375 -0.020185 -0.012182
v -0.039978 -0.020962 0.054251
v -0.041528 -0.017695 0.054251
v -0.041138 -0.018583 0.016532
v -0.040217 -0.020498 0.015080
v -0.040558 -0.019815 0.007165
v -0.039718 -0.021451 0.007165
v -0.039622 -0.021627 -0.001502
v -0.039656 -0.021565 -0.001586
v -0.040724 -0.019472 -0.001069
v -0.037203 -0.025567 -0.002795
v -0.038812 -0.023051 0.007165
v -0.038699 -0.023239 0.007165
v -0.037203 -0.025567 -0.002297
v -0.039121 -0.022520 0.013876
v -0.039234 -0.022323 0.021125
v -0.037203 -0.025567 0.037052
v -0.039135 -0.022498 -0.005113
v -0.037203 -0.025567 -0.010435
v -0.039283 -0.022237 -0.015138
v -0.039366 -0.022089 -0.014922
v -0.037203 -0.025567 -0.009972
v -0.040568 -0.019796 -0.038492
v -0.039069 -0.022488 0.021105
v -0.038956 -0.022684 0.013628
v -0.038559 -0.023350 0.007165
v -0.037151 -0.025532 -0.001582
v -0.036602 -0.025155 0.007165
v -0.040662 -0.019600 0.007165
v -0.040743 -0.019290 0.007165
v -0.041258 -0.018164 0.016483
v -0.041219 -0.018403 0.016480
v -0.042114 -0.016077 0.022990
v -0.042175 -0.016092 0.023520
v -0.040825 -0.019258 -0.001069
v -0.040893 -0.018969 -0.001069
v -0.038596 -0.023410 -0.033465
v -0.040556 -0.019822 -0.028424
v -0.040486 -0.019961 -0.028236
v -0.038432 -0.023678 -0.033350
v -0.039064 -0.020422 -0.026943
v -0.036401 -0.024858 -0.033350
v -0.037203 -0.025567 -0.030617
v -0.036328 -0.024966 -0.033222
v -0.037203 -0.025567 -0.030172
v -0.039342 -0.022132 -0.025264
v -0.037151 -0.025642 -0.020201
v -0.034647 -0.028936 -0.025264
v -0.037099 -0.025716 -0.030172
v -0.041183 -0.015714 -0.020041
v -0.042175 -0.016092 -0.017539
v -0.038920 -0.020695 -0.013624
v -0.041320 -0.018173 -0.020173
v -0.041135 -0.015839 -0.020173
v -0.041205 -0.018434 -0.020173
v -0.041183 -0.015714 -0.046438
v -0.042175 -0.016092 -0.043777
v -0.041205 -0.018435 -0.020383
v -0.037203 -0.025567 -0.036789
v -0.039333 -0.022148 -0.041718
v -0.042175 -0.016092 -0.049760
v -0.042175 -0.016092 -0.049266
v -0.037203 -0.025567 -0.004166
v -0.038062 -0.024267 -0.002922
v -0.041342 -0.018124 -0.009008
v -0.040442 -0.020051 -0.011974
v -0.038459 -0.023633 -0.007182
v -0.042175 -0.016092 -0.017160
v -0.042175 -0.016092 -0.023140
v -0.041183 -0.015714 -0.020587
v -0.042212 -0.016000 -0.023152
v -0.042175 -0.016092 -0.043390
v -0.037099 -0.025716 0.036449
v -0.037048 -0.025681 0.036008
v -0.036328 -0.024966 0.013628
v -0.036227 -0.025112 0.013628
v -0.036500 -0.025302 0.007165
v -0.036328 -0.024966 -0.007300
v -0.037099 -0.025716 -0.030617
v -0.041183 -0.015714 -0.046726
v -0.036602 -0.025155 0.028960
v -0.036328 -0.024966 0.021105
v -0.036500 -0.025302 0.028960
v -0.041183 -0.015714 0.007165
v -0.041494 -0.015833 0.016516
v -0.041183 -0.015714 -0.001069
v -0.041494 -0.015833 -0.009007
v -0.036227 -0.025112 0.021105
v -0.037099 -0.025716 -0.009972
v -0.037099 -0.025716 -0.010435
v -0.036227 -0.025112 -0.033222
v -0.036152 -0.025219 -0.033350
v -0.036152 -0.025219 -0.033573
v -0.036227 -0.025112 -0.033690
v -0.037099 -0.025716 -0.036316
v -0.037099 -0.025716 -0.036789
v -0.037099 -0.025716 -0.004166
v -0.037099 -0.025716 -0.004491
v -0.037048 -0.025681 -0.001582
v -0.037099 -0.025716 -0.002297
v -0.034723 -0.028843 -0.015138
v -0.038630 -0.023352 -0.051309
v -0.034658 -0.028922 -0.041718
v -0.035535 -0.027838 -0.051309
v -0.038152 -0.024125 0.042988
v -0.041164 -0.018525 -0.051309
v -0.023305 -0.038658 0.028960
v -0.023141 -0.038685 0.028960
v -0.025093 -0.036239 -0.040018
v -0.026585 -0.036481 -0.038698
v -0.023026 -0.038825 -0.033573
v -0.024019 -0.038219 -0.004946
v -0.022800 -0.037724 -0.004129
v -0.020641 -0.038947 -0.007026
v -0.022864 -0.038921 -0.007014
v -0.028549 -0.034965 0.028960
v -0.025643 -0.037149 0.028960
v -0.026308 -0.036681 0.021947
v -0.029864 -0.033848 0.023931
v -0.028367 -0.035114 -0.008991
v -0.029864 -0.033848 -0.015298
v -0.029821 -0.033805 -0.014496
v -0.028483 -0.034939 -0.008993
v -0.022580 -0.039087 -0.003142
v -0.022712 -0.037777 -0.004015
v -0.024806 -0.037713 -0.001860
v -0.024714 -0.037773 -0.025502
v -0.024999 -0.036304 -0.026794
v -0.029063 -0.033140 -0.020383
v -0.028141 -0.035294 -0.020383
v -0.024720 -0.037769 -0.041448
v -0.024995 -0.036307 -0.040167
v -0.020563 -0.038989 -0.006911
v -0.024862 -0.037676 -0.001940
v -0.022871 -0.038917 -0.007184
v -0.020640 -0.038948 -0.007184
v -0.024938 -0.036346 -0.013473
v -0.026371 -0.036636 -0.012182
v -0.025643 -0.037149 0.042988
v -0.028547 -0.034967 0.054251
v -0.027790 -0.035572 0.016532
v -0.026085 -0.036840 0.015080
v -0.026703 -0.036394 0.007165
v -0.025200 -0.037451 0.007165
v -0.025032 -0.037563 -0.001502
v -0.025091 -0.037524 -0.001586
v -0.027010 -0.036167 -0.001069
v -0.021058 -0.039927 -0.002795
v -0.023652 -0.038447 0.007165
v -0.023465 -0.038561 0.007165
v -0.024174 -0.038121 0.013859
v -0.024367 -0.037998 0.021132
v -0.023504 -0.038538 0.028960
v -0.021058 -0.039927 0.037052
v -0.024196 -0.038108 -0.005113
v -0.024591 -0.037853 -0.014922
v -0.026721 -0.036382 -0.038492
v -0.024142 -0.038068 0.021105
v -0.023951 -0.038189 0.013628
v -0.023292 -0.038595 0.007165
v -0.026896 -0.036252 0.007165
v -0.027111 -0.036015 0.007165
v -0.028091 -0.035256 0.016483
v -0.027944 -0.035450 0.016480
v -0.029818 -0.033807 0.022990
v -0.029864 -0.033848 0.023520
v -0.027199 -0.036025 -0.001069
v -0.027394 -0.035800 -0.001069
v -0.023295 -0.038665 -0.033460
v -0.026697 -0.036398 -0.028424
v -0.026572 -0.036490 -0.028236
v -0.023026 -0.038825 -0.033350
v -0.025097 -0.036236 -0.026943
v -0.029163 -0.033053 -0.020041
v -0.029864 -0.033848 -0.017539
v -0.024843 -0.036411 -0.013624
v -0.028141 -0.035294 -0.020173
v -0.029063 -0.033141 -0.020173
v -0.027917 -0.035472 -0.020173
v -0.029163 -0.033053 -0.046438
v -0.029864 -0.033848 -0.043777
v -0.027917 -0.035472 -0.020383
v -0.029933 -0.033787 -0.033461
v -0.029864 -0.033848 -0.049760
v -0.029864 -0.033848 -0.049266
v -0.022424 -0.039176 -0.002922
v -0.028182 -0.035261 -0.009008
v -0.026491 -0.036549 -0.011974
v -0.023072 -0.038798 -0.007182
v -0.029864 -0.033848 -0.017160
v -0.029864 -0.033848 -0.023140
v -0.029163 -0.033053 -0.020587
v -0.029864 -0.033848 -0.023458
v -0.029864 -0.033848 -0.043390
v -0.020563 -0.038989 -0.007300
v -0.029163 -0.033053 -0.046726
v -0.029163 -0.033053 0.007165
v -0.029383 -0.033303 0.016516
v -0.029163 -0.033053 -0.001069
v -0.029383 -0.033303 -0.009007
v -0.022570 -0.039092 0.042988
v -0.027839 -0.035533 -0.051309
v -0.035568 -0.027794 0.028960
v -0.035615 -0.027634 0.028960
v -0.032951 -0.029278 -0.040018
v -0.035768 -0.027537 -0.033573
v -0.033011 -0.030787 -0.038698
v -0.035047 -0.028449 -0.004946
v -0.035882 -0.027387 -0.007014
v -0.036176 -0.025185 -0.007026
v -0.034702 -0.027181 -0.004129
v -0.031270 -0.032555 0.028960
v -0.030003 -0.033726 0.023931
v -0.033244 -0.030536 0.021947
v -0.031440 -0.032391 -0.008991
v -0.031251 -0.032487 -0.008993
v -0.029965 -0.033678 -0.014496
v -0.030003 -0.033726 -0.015298
v -0.036081 -0.027125 -0.003142
v -0.034449 -0.029170 -0.001860
v -0.034764 -0.027099 -0.004015
v -0.034520 -0.029086 -0.025502
v -0.031645 -0.032190 -0.020383
v -0.029396 -0.032846 -0.020383
v -0.033027 -0.029192 -0.026794
v -0.034515 -0.029092 -0.041448
v -0.033030 -0.029188 -0.040167
v -0.036227 -0.025112 -0.006911
v -0.034406 -0.029221 -0.001940
v -0.035878 -0.027394 -0.007184
v -0.033192 -0.030593 -0.012182
v -0.033075 -0.029137 -0.013473
v -0.036177 -0.025183 -0.007184
v -0.033787 -0.029933 0.028982
v -0.031271 -0.032553 0.054251
v -0.031963 -0.031874 0.016532
v -0.033428 -0.030334 0.015080
v -0.032911 -0.030895 0.007165
v -0.034142 -0.029529 0.007165
v -0.032648 -0.031172 -0.001069
v -0.034225 -0.029431 -0.001586
v -0.034273 -0.029377 -0.001502
v -0.037099 -0.025716 -0.002795
v -0.035452 -0.027941 0.007165
v -0.035316 -0.028114 0.007165
v -0.034937 -0.028585 0.013628
v -0.034819 -0.028727 0.013628
v -0.034788 -0.028765 0.020974
v -0.035425 -0.027977 0.028960
v -0.037099 -0.025716 0.037052
v -0.034915 -0.028611 -0.005113
v -0.034613 -0.028974 -0.014922
v -0.032896 -0.030910 -0.038492
v -0.035549 -0.027820 -0.033573
v -0.034882 -0.028554 0.021105
v -0.035024 -0.028379 0.013628
v -0.035507 -0.027773 0.007165
v -0.032747 -0.031069 0.007165
v -0.031824 -0.032013 0.016480
v -0.031615 -0.032134 0.016483
v -0.032485 -0.031253 0.007165
v -0.030003 -0.033726 0.023520
v -0.029967 -0.033676 0.022990
v -0.032485 -0.031343 -0.001069
v -0.032239 -0.031509 -0.001069
v -0.035549 -0.027819 -0.033350
v -0.035768 -0.027537 -0.033350
v -0.033022 -0.030776 -0.028236
v -0.032915 -0.030890 -0.028424
v -0.032948 -0.029282 -0.026943
v -0.030003 -0.033726 -0.017539
v -0.029298 -0.032933 -0.020041
v -0.033151 -0.029050 -0.013624
v -0.029398 -0.032845 -0.020173
v -0.031645 -0.032190 -0.020173
v -0.031850 -0.031988 -0.020173
v -0.030003 -0.033726 -0.043777
v -0.029298 -0.032933 -0.046438
v -0.031850 -0.031988 -0.020383
v -0.030003 -0.033726 -0.049266
v -0.030003 -0.033726 -0.049760
v -0.036189 -0.026982 -0.002922
v -0.031608 -0.032227 -0.009008
v -0.033090 -0.030703 -0.011974
v -0.035741 -0.027573 -0.007183
v -0.029996 -0.033732 -0.017070
v -0.030003 -0.033726 -0.023140
v -0.029298 -0.032933 -0.020587
v -0.030003 -0.033726 -0.023458
v -0.030003 -0.033726 -0.043390
v -0.036227 -0.025112 -0.007300
v -0.029298 -0.032933 -0.046726
v -0.029518 -0.033183 0.016516
v -0.029298 -0.032933 0.007165
v -0.029298 -0.032933 -0.001069
v -0.029518 -0.033183 -0.009007
v -0.036086 -0.027117 0.042988
v -0.031919 -0.031918 -0.051309
v 0.027827 0.035516 -0.053177
v 0.023340 0.038607 -0.053177
v 0.013421 0.043070 -0.053177
v 0.008133 0.044380 -0.053177
v 0.018519 0.041144 -0.053177
v 0.002724 0.045031 -0.053177
v 0.031900 0.031899 -0.053177
v -0.008132 0.044374 -0.053177
v -0.013422 0.043076 -0.053177
v -0.002724 0.045036 -0.053177
v -0.027823 0.035512 -0.053177
v -0.031904 0.031903 -0.053177
v -0.023342 0.038612 -0.053177
v -0.018516 0.041138 -0.053177
v -0.045032 -0.002726 -0.053177
v -0.044382 -0.008135 -0.053177
v -0.045038 0.002723 -0.053177
v -0.043077 0.013422 -0.053177
v -0.041140 0.018514 -0.053177
v -0.044376 0.008130 -0.053177
v -0.035513 0.027821 -0.053177
v -0.038613 0.023341 -0.053177
v -0.043071 -0.013423 -0.053177
v -0.038608 -0.023341 -0.053177
v -0.035517 -0.027828 -0.053177
v -0.041146 -0.018520 -0.053177
v -0.031900 -0.031903 -0.053177
v 0.004155 0.006864 -0.047000
v 0.002390 0.007659 -0.047000
v 0.024380 0.031109 -0.054487
v 0.007125 0.038875 -0.054487
v 0.016224 0.036040 -0.054487
v 0.020450 -0.033839 -0.054487
v 0.033831 -0.020460 -0.054487
v 0.027953 -0.027961 -0.054487
v 0.039459 -0.002396 -0.054487
v 0.037742 -0.011769 -0.054487
v 0.031119 0.024371 -0.054487
v 0.036048 0.016215 -0.054487
v 0.038884 0.007117 -0.054487
v -0.011760 0.037732 -0.054487
v -0.002386 0.039450 -0.054487
v -0.027953 0.027944 -0.054487
v -0.020450 0.033821 -0.054487
v -0.038884 -0.007134 -0.054487
v -0.039459 0.002378 -0.054487
v -0.037742 0.011752 -0.054487
v -0.033829 0.020442 -0.054487
v 0.011760 -0.037750 -0.054487
v -0.016224 -0.036057 -0.054487
v -0.007125 -0.038892 -0.054487
v -0.031118 -0.024388 -0.054487
v -0.036048 -0.016233 -0.054487
v 0.020375 0.025780 -0.051244
v 0.020164 0.025946 -0.051244
v 0.025955 0.020154 -0.051244
v 0.025789 0.020366 -0.051244
v 0.030026 0.013357 -0.051244
v 0.029915 0.013603 -0.051244
v 0.032086 0.005732 -0.051128
v 0.032303 0.006048 -0.051244
v 0.032527 -0.002114 -0.051128
v 0.032814 -0.001859 -0.051244
v 0.031338 -0.009915 -0.051244
v 0.031418 -0.009658 -0.051244
v 0.027823 -0.016989 -0.051128
v 0.028196 -0.016896 -0.051244
v 0.022952 -0.023154 -0.051128
v 0.023335 -0.023153 -0.051244
v 0.016888 -0.028204 -0.051244
v 0.017117 -0.028065 -0.051244
v 0.009650 -0.031427 -0.051244
v 0.009906 -0.031346 -0.051244
v 0.001851 -0.032823 -0.051244
v 0.002119 -0.032807 -0.051244
v -0.006010 -0.032045 -0.051128
v -0.005792 -0.032361 -0.051244
v -0.013611 -0.029924 -0.051244
v -0.013366 -0.030034 -0.051244
v -0.020374 -0.025797 -0.051244
v -0.020164 -0.025963 -0.051244
v -0.025743 -0.020003 -0.051128
v -0.025787 -0.020384 -0.051244
v -0.029780 -0.013261 -0.051128
v -0.029915 -0.013620 -0.051244
v -0.032086 -0.005749 -0.051128
v -0.032302 -0.006065 -0.051244
v -0.032798 0.002110 -0.051244
v -0.032814 0.001841 -0.051244
v -0.031338 0.009898 -0.051244
v -0.031417 0.009641 -0.051244
v -0.027823 0.016972 -0.051128
v -0.028195 0.016879 -0.051244
v -0.022950 0.023137 -0.051128
v -0.023334 0.023136 -0.051244
v -0.016888 0.028187 -0.051244
v -0.017117 0.028048 -0.051244
v -0.009566 0.031151 -0.051128
v -0.009907 0.031329 -0.051244
v -0.001832 0.032535 -0.051128
v -0.002119 0.032789 -0.051244
v 0.006011 0.032028 -0.051128
v 0.005792 0.032343 -0.051244
v 0.013503 0.029659 -0.051128
v 0.013366 0.030017 -0.051244
v 0.005594 0.009871 -0.047099
v 0.007795 0.008245 -0.047099
v 0.009545 0.006140 -0.047099
v 0.011309 0.001000 -0.047099
v 0.011221 -0.001736 -0.047099
v 0.010483 -0.004371 -0.047099
v 0.009133 -0.006753 -0.047099
v 0.007255 -0.008743 -0.047099
v 0.004954 -0.010225 -0.047099
v 0.002365 -0.011113 -0.047099
v -0.000361 -0.011356 -0.047099
v -0.003067 -0.010940 -0.047099
v -0.005593 -0.009888 -0.047099
v -0.007796 -0.008263 -0.047099
v -0.009545 -0.006157 -0.047099
v -0.010738 -0.003694 -0.047099
v -0.011307 -0.001017 -0.047099
v -0.011221 0.001718 -0.047099
v -0.010482 0.004354 -0.047099
v -0.009133 0.006735 -0.047099
v -0.007253 0.008725 -0.047099
v -0.004953 0.010208 -0.047099
v -0.002364 0.011096 -0.047099
v 0.000363 0.011339 -0.047099
v 0.003067 0.010923 -0.047099
v 0.027581 0.031124 -0.054520
v 0.019330 0.036820 -0.054520
v 0.019330 -0.036837 -0.054520
v 0.034231 -0.023636 -0.054520
v 0.027581 -0.031141 -0.054520
v 0.038890 -0.014757 -0.054520
v 0.034230 0.023619 -0.054520
v 0.039969 0.012514 -0.054520
v -0.007619 0.041179 -0.054520
v -0.027581 0.031124 -0.054520
v -0.019330 0.036820 -0.054520
v -0.041290 -0.005023 -0.054520
v -0.041290 0.005004 -0.054520
v -0.038890 0.014740 -0.054520
v -0.034231 0.023618 -0.054520
v 0.007612 -0.041195 -0.054520
v -0.034230 -0.023637 -0.054520
v -0.038889 -0.014758 -0.054520
v 0.018793 0.031377 -0.054046
v 0.018827 0.024246 -0.050563
v 0.025757 0.025967 -0.054046
v 0.024085 0.019035 -0.050563
v 0.031226 0.019049 -0.054046
v 0.027943 0.012718 -0.050563
v 0.034879 0.011022 -0.054046
v 0.030178 0.005661 -0.050563
v 0.036505 0.002355 -0.054046
v 0.030656 -0.001725 -0.050563
v 0.036009 -0.006450 -0.054046
v 0.029355 -0.009012 -0.050563
v 0.033421 -0.014880 -0.054046
v 0.026347 -0.015776 -0.050563
v 0.028892 -0.022446 -0.054046
v 0.021808 -0.021623 -0.050563
v 0.022682 -0.028708 -0.054046
v 0.016002 -0.026214 -0.050563
v 0.015155 -0.033303 -0.054046
v 0.009266 -0.029282 -0.050563
v 0.006746 -0.035962 -0.054046
v 0.001992 -0.030649 -0.050563
v -0.002054 -0.036532 -0.054046
v -0.005400 -0.030235 -0.050563
v -0.010735 -0.034979 -0.054046
v -0.012477 -0.028064 -0.050563
v -0.018792 -0.031394 -0.054046
v -0.018828 -0.024263 -0.050563
v -0.025757 -0.025985 -0.054046
v -0.024085 -0.019053 -0.050563
v -0.031224 -0.019066 -0.054046
v -0.027943 -0.012735 -0.050563
v -0.034877 -0.011040 -0.054046
v -0.030176 -0.005678 -0.050563
v -0.036503 -0.002372 -0.054046
v -0.030656 0.001708 -0.050563
v -0.036009 0.006432 -0.054046
v -0.029354 0.008995 -0.050563
v -0.033421 0.014863 -0.054046
v -0.026347 0.015758 -0.050563
v -0.028892 0.022429 -0.054046
v -0.021808 0.021605 -0.050563
v -0.022682 0.028691 -0.054046
v -0.016002 0.026196 -0.050563
v -0.015154 0.033285 -0.054046
v -0.009266 0.029264 -0.050563
v -0.006746 0.035945 -0.054046
v -0.001992 0.030631 -0.050563
v 0.002054 0.036514 -0.054046
v 0.005400 0.030217 -0.050563
v 0.010735 0.034962 -0.054046
v 0.012477 0.028047 -0.050563
v 0.019045 0.024076 -0.050563
v 0.024255 0.018819 -0.050563
v 0.028057 0.012468 -0.050563
v 0.030226 0.005391 -0.050563
v 0.030640 -0.002000 -0.050563
v 0.029274 -0.009274 -0.050563
v 0.026205 -0.016011 -0.050563
v 0.021614 -0.021817 -0.050563
v 0.015768 -0.026356 -0.050563
v 0.009004 -0.029363 -0.050563
v 0.001716 -0.030665 -0.050563
v -0.005670 -0.030185 -0.050563
v -0.012726 -0.027951 -0.050563
v -0.019044 -0.024094 -0.050563
v -0.024254 -0.018836 -0.050563
v -0.028055 -0.012485 -0.050563
v -0.030226 -0.005408 -0.050563
v -0.030640 0.001982 -0.050563
v -0.029272 0.009257 -0.050563
v -0.026204 0.015993 -0.050563
v -0.021614 0.021800 -0.050563
v -0.015767 0.026338 -0.050563
v -0.009004 0.029346 -0.050563
v -0.001716 0.030648 -0.050563
v 0.005671 0.030168 -0.050563
v 0.012728 0.027934 -0.050563
v 0.020104 0.033542 -0.054369
v 0.020786 0.033746 -0.054488
v 0.011780 0.037288 -0.054369
v 0.002211 0.039042 -0.054369
v 0.002719 0.039539 -0.054488
v 0.024241 -0.030704 -0.054369
v 0.024190 -0.031413 -0.054488
v 0.030695 -0.024250 -0.054369
v 0.038445 -0.007208 -0.054369
v 0.035729 -0.015923 -0.054369
v 0.036014 -0.016574 -0.054488
v 0.027764 0.027541 -0.054369
v 0.037387 0.011483 -0.054369
v 0.033551 0.020096 -0.054369
v 0.039032 0.002504 -0.054369
v 0.039587 0.002060 -0.054488
v -0.006901 0.038491 -0.054369
v -0.024001 0.030874 -0.054369
v -0.016190 0.035596 -0.054369
v -0.015973 0.036272 -0.054488
v -0.039051 -0.002219 -0.054369
v -0.035605 0.016182 -0.054369
v -0.038444 0.007191 -0.054369
v -0.030883 0.023994 -0.054369
v -0.031003 0.024694 -0.054488
v 0.015914 -0.035738 -0.054369
v -0.002512 -0.039041 -0.054369
v 0.006901 -0.038508 -0.054369
v -0.020364 -0.033402 -0.054369
v -0.011490 -0.037396 -0.054369
v -0.012103 -0.037757 -0.054488
v -0.037296 -0.011790 -0.054369
v -0.037942 -0.011491 -0.054488
v -0.033551 -0.020113 -0.054369
v -0.027549 -0.027773 -0.054369
v -0.028259 -0.027808 -0.054488
v 0.020211 0.025565 -0.051128
v 0.019993 0.025734 -0.051128
v 0.025743 0.019985 -0.051128
v 0.025574 0.020201 -0.051128
v 0.029780 0.013244 -0.051128
v 0.029667 0.013494 -0.051128
v 0.032353 0.005783 -0.051244
v 0.032037 0.006002 -0.051128
v 0.032798 -0.002127 -0.051244
v 0.032545 -0.001840 -0.051128
v 0.031078 -0.009837 -0.051128
v 0.031160 -0.009575 -0.051128
v 0.028057 -0.017127 -0.051244
v 0.027966 -0.016754 -0.051128
v 0.023145 -0.023344 -0.051244
v 0.023145 -0.022960 -0.051128
v 0.016746 -0.027974 -0.051128
v 0.016981 -0.027832 -0.051128
v 0.009566 -0.031169 -0.051128
v 0.009828 -0.031087 -0.051128
v 0.001832 -0.032553 -0.051128
v 0.002106 -0.032536 -0.051128
v -0.006057 -0.032312 -0.051244
v -0.005740 -0.032095 -0.051128
v -0.013503 -0.029676 -0.051128
v -0.013253 -0.029789 -0.051128
v -0.020210 -0.025582 -0.051128
v -0.019993 -0.025752 -0.051128
v -0.025955 -0.020172 -0.051244
v -0.025573 -0.020219 -0.051128
v -0.030026 -0.013375 -0.051244
v -0.029667 -0.013511 -0.051128
v -0.032352 -0.005801 -0.051244
v -0.032037 -0.006019 -0.051128
v -0.032527 0.002096 -0.051128
v -0.032543 0.001822 -0.051128
v -0.031078 0.009820 -0.051128
v -0.031160 0.009557 -0.051128
v -0.028057 0.017109 -0.051244
v -0.027966 0.016737 -0.051128
v -0.023145 0.023326 -0.051244
v -0.023145 0.022943 -0.051128
v -0.016746 0.027957 -0.051128
v -0.016981 0.027815 -0.051128
v -0.009650 0.031409 -0.051244
v -0.009828 0.031070 -0.051128
v -0.001851 0.032806 -0.051244
v -0.002106 0.032519 -0.051128
v 0.006057 0.032295 -0.051244
v 0.005740 0.032077 -0.051128
v 0.013611 0.029907 -0.051244
v 0.013253 0.029771 -0.051128
v 0.024698 0.031516 -0.054509
v 0.007219 0.039382 -0.054509
v 0.016436 0.036510 -0.054509
v 0.020717 -0.034280 -0.054509
v 0.034272 -0.020726 -0.054509
v 0.028318 -0.028326 -0.054509
v 0.039973 -0.002427 -0.054509
v 0.038233 -0.011923 -0.054509
v 0.031525 0.024689 -0.054509
v 0.036519 0.016427 -0.054509
v 0.039391 0.007210 -0.054509
v -0.011915 0.038225 -0.054509
v -0.002418 0.039965 -0.054509
v -0.028318 0.028309 -0.054509
v -0.020717 0.034263 -0.054509
v -0.039391 -0.007227 -0.054509
v -0.039973 0.002409 -0.054509
v -0.038233 0.011905 -0.054509
v -0.034272 0.020709 -0.054509
v 0.011915 -0.038242 -0.054509
v -0.016436 -0.036527 -0.054509
v -0.007219 -0.039399 -0.054509
v -0.031524 -0.024706 -0.054509
v -0.036519 -0.016444 -0.054509
v 0.005679 0.005670 -0.047000
v 0.008016 0.000476 -0.047000
v 0.007899 -0.001456 -0.047000
v 0.006323 -0.004962 -0.047000
v 0.004953 -0.006331 -0.047000
v 0.001448 -0.007908 -0.047000
v -0.000485 -0.008025 -0.047000
v -0.004156 -0.006882 -0.047000
v -0.005679 -0.005688 -0.047000
v -0.006873 -0.004164 -0.047000
v -0.008016 -0.000494 -0.047000
v -0.007900 0.001439 -0.047000
v -0.007323 0.003288 -0.047000
v -0.006323 0.004944 -0.047000
v -0.003297 0.007315 -0.047000
v 0.012103 0.037739 -0.054488
v 0.011483 0.037933 -0.054488
v 0.031003 -0.024711 -0.054488
v 0.031404 -0.024199 -0.054488
v 0.038932 -0.007474 -0.054488
v 0.039049 -0.006834 -0.054488
v 0.028260 0.027791 -0.054488
v 0.027800 0.028251 -0.054488
v 0.037942 0.011474 -0.054488
v 0.037749 0.012095 -0.054488
v 0.034091 0.020220 -0.054488
v 0.033755 0.020777 -0.054488
v -0.006826 0.039040 -0.054488
v -0.007466 0.038923 -0.054488
v -0.024190 0.031395 -0.054488
v -0.024702 0.030994 -0.054488
v -0.039587 -0.002078 -0.054488
v -0.039548 -0.002727 -0.054488
v -0.036014 0.016556 -0.054488
v -0.036280 0.015964 -0.054488
v -0.038931 0.007456 -0.054488
v -0.039049 0.006817 -0.054488
v 0.015973 -0.036289 -0.054488
v 0.016566 -0.036023 -0.054488
v 0.002386 -0.039457 -0.054486
v -0.002717 -0.039556 -0.054488
v -0.002068 -0.039596 -0.054488
v 0.006826 -0.039058 -0.054488
v 0.007466 -0.038940 -0.054488
v -0.020785 -0.033763 -0.054488
v -0.020228 -0.034100 -0.054488
v -0.034091 -0.020238 -0.054488
v -0.033754 -0.020794 -0.054488
v -0.024373 -0.031119 -0.054486
v 0.006149 0.009536 -0.047099
v 0.008254 0.007787 -0.047099
v 0.009880 0.005585 -0.047099
v 0.010740 0.003677 -0.047099
v 0.011348 0.000353 -0.047099
v 0.011106 -0.002373 -0.047099
v 0.010216 -0.004962 -0.047099
v 0.008734 -0.007263 -0.047099
v 0.006745 -0.009142 -0.047099
v 0.004363 -0.010491 -0.047099
v 0.001728 -0.011230 -0.047099
v -0.001008 -0.011317 -0.047099
v -0.003685 -0.010747 -0.047099
v -0.006148 -0.009553 -0.047099
v -0.008254 -0.007805 -0.047099
v -0.009880 -0.005603 -0.047099
v -0.010931 -0.003076 -0.047099
v -0.011346 -0.000371 -0.047099
v -0.011104 0.002356 -0.047099
v -0.010216 0.004945 -0.047099
v -0.008733 0.007245 -0.047099
v -0.006743 0.009125 -0.047099
v -0.004363 0.010473 -0.047099
v -0.001728 0.011213 -0.047099
v 0.001008 0.011300 -0.047099
v 0.003685 0.010730 -0.047099
v 0.007594 0.041145 -0.054520
v 0.041768 -0.002605 -0.054520
v -0.005014 -0.041298 -0.054520
v -0.017214 -0.038156 -0.054520
v -0.027575 -0.031135 -0.054520
v 0.019058 0.031216 -0.054046
v 0.025977 0.025748 -0.054046
v 0.031385 0.018783 -0.054046
v 0.034971 0.010726 -0.054046
v 0.036523 0.002045 -0.054046
v 0.035954 -0.006755 -0.054046
v 0.033294 -0.015163 -0.054046
v 0.028699 -0.022691 -0.054046
v 0.022437 -0.028900 -0.054046
v 0.014871 -0.033430 -0.054046
v 0.006440 -0.036018 -0.054046
v -0.002364 -0.036513 -0.054046
v -0.011031 -0.034887 -0.054046
v -0.019058 -0.031233 -0.054046
v -0.025977 -0.025765 -0.054046
v -0.031385 -0.018800 -0.054046
v -0.034969 -0.010743 -0.054046
v -0.036523 -0.002062 -0.054046
v -0.035954 0.006738 -0.054046
v -0.033294 0.015146 -0.054046
v -0.028700 0.022673 -0.054046
v -0.022437 0.028883 -0.054046
v -0.014871 0.033413 -0.054046
v -0.006440 0.036001 -0.054046
v 0.002363 0.036496 -0.054046
v 0.011031 0.034869 -0.054046
v 0.020364 0.033385 -0.054369
v 0.020228 0.034082 -0.054488
v 0.011492 0.037378 -0.054369
v 0.002513 0.039024 -0.054369
v 0.002070 0.039578 -0.054488
v 0.024003 -0.030891 -0.054369
v 0.024702 -0.031012 -0.054488
v 0.030883 -0.024011 -0.054369
v 0.038500 -0.006910 -0.054369
v 0.035605 -0.016199 -0.054369
v 0.036281 -0.015981 -0.054488
v 0.027549 0.027756 -0.054369
v 0.037296 0.011772 -0.054369
v 0.033394 0.020356 -0.054369
v 0.039051 0.002202 -0.054369
v 0.039548 0.002709 -0.054488
v -0.007199 0.038436 -0.054369
v -0.024241 0.030687 -0.054369
v -0.015914 0.035721 -0.054369
v -0.016566 0.036005 -0.054488
v -0.039032 -0.002522 -0.054369
v -0.035729 0.015905 -0.054369
v -0.038499 0.006893 -0.054369
v -0.030695 0.024232 -0.054369
v -0.031404 0.024182 -0.054488
v 0.016190 -0.035613 -0.054369
v -0.002211 -0.039059 -0.054369
v 0.007200 -0.038454 -0.054369
v -0.020104 -0.033559 -0.054369
v -0.011780 -0.037305 -0.054369
v -0.011482 -0.037950 -0.054488
v -0.037387 -0.011500 -0.054369
v -0.037747 -0.012112 -0.054488
v -0.033394 -0.020373 -0.054369
v -0.027764 -0.027558 -0.054369
v -0.027798 -0.028268 -0.054488
v 0.020779 0.034352 -0.054509
v 0.011950 0.038326 -0.054509
v 0.002428 0.040073 -0.054509
v 0.024761 -0.031621 -0.054509
v 0.031606 -0.024776 -0.054509
v 0.039495 -0.007257 -0.054509
v 0.036620 -0.016482 -0.054509
v 0.028397 0.028383 -0.054509
v 0.038338 0.011932 -0.054509
v 0.034366 0.020762 -0.054509
v 0.040083 0.002411 -0.054509
v -0.007234 0.039489 -0.054509
v -0.024767 0.031599 -0.054509
v -0.016475 0.036611 -0.054509
v -0.040083 -0.002432 -0.054509
v -0.036611 0.016482 -0.054509
v -0.039497 0.007234 -0.054509
v -0.031611 0.024753 -0.054509
v 0.016474 -0.036628 -0.054509
v 0.002417 -0.039971 -0.054509
v -0.002441 -0.040088 -0.054509
v 0.007231 -0.039507 -0.054509
v -0.020782 -0.034367 -0.054509
v -0.011952 -0.038344 -0.054509
v -0.038338 -0.011949 -0.054509
v -0.034362 -0.020784 -0.054509
v -0.024691 -0.031524 -0.054509
v -0.028404 -0.028391 -0.054509
v 0.010931 0.003058 -0.047099
v 0.005013 0.008284 -0.046256
v 0.006851 0.006843 -0.046256
v 0.008293 0.005004 -0.046256
v 0.009673 0.000576 -0.046256
v 0.009531 -0.001755 -0.046256
v 0.008837 -0.003986 -0.046256
v 0.007628 -0.005985 -0.046256
v 0.005977 -0.007637 -0.046256
v 0.003977 -0.008845 -0.046256
v 0.001747 -0.009540 -0.046256
v -0.000585 -0.009681 -0.046256
v -0.002883 -0.009260 -0.046256
v -0.005013 -0.008301 -0.046256
v -0.006851 -0.006861 -0.046256
v -0.008293 -0.005022 -0.046256
v -0.009252 -0.002891 -0.046256
v -0.009673 -0.000594 -0.046256
v -0.009531 0.001738 -0.046256
v -0.008837 0.003968 -0.046256
v -0.007629 0.005967 -0.046256
v -0.005977 0.007619 -0.046256
v -0.003977 0.008828 -0.046256
v -0.001747 0.009523 -0.046256
v 0.000585 0.009664 -0.046256
v 0.002883 0.009243 -0.046256
v 0.009252 0.002874 -0.046256
v 0.005414 0.009573 -0.046735
v 0.007551 0.007999 -0.046735
v 0.009246 0.005960 -0.046735
v 0.010406 0.003573 -0.046735
v 0.010961 0.000979 -0.046735
v 0.010880 -0.001673 -0.046735
v 0.010164 -0.004228 -0.046735
v 0.008860 -0.006538 -0.046735
v 0.007040 -0.008468 -0.046735
v 0.004810 -0.009907 -0.046735
v 0.002302 -0.010771 -0.046735
v -0.000339 -0.011009 -0.046735
v -0.002963 -0.010608 -0.046735
v -0.005413 -0.009590 -0.046735
v -0.007549 -0.008016 -0.046735
v -0.009246 -0.005977 -0.046735
v -0.010406 -0.003591 -0.046735
v -0.010960 -0.000996 -0.046735
v -0.010878 0.001656 -0.046735
v -0.010164 0.004211 -0.046735
v -0.008858 0.006521 -0.046735
v -0.007039 0.008451 -0.046735
v -0.004810 0.009890 -0.046735
v -0.002302 0.010753 -0.046735
v 0.000341 0.010991 -0.046735
v 0.002963 0.010590 -0.046735
v 0.005969 0.009238 -0.046735
v 0.008008 0.007541 -0.046735
v 0.009582 0.005405 -0.046735
v 0.011000 0.000332 -0.046735
v 0.010762 -0.002310 -0.046735
v 0.009899 -0.004819 -0.046735
v 0.008460 -0.007048 -0.046735
v 0.006528 -0.008868 -0.046735
v 0.004219 -0.010173 -0.046735
v 0.001664 -0.010887 -0.046735
v -0.000988 -0.010970 -0.046735
v -0.003582 -0.010415 -0.046735
v -0.005968 -0.009255 -0.046735
v -0.008008 -0.007558 -0.046735
v -0.009582 -0.005422 -0.046735
v -0.010598 -0.002972 -0.046735
v -0.011000 -0.000349 -0.046735
v -0.010763 0.002293 -0.046735
v -0.009897 0.004802 -0.046735
v -0.008459 0.007031 -0.046735
v -0.006528 0.008851 -0.046735
v -0.004219 0.010156 -0.046735
v -0.001664 0.010870 -0.046735
v 0.000988 0.010952 -0.046735
v 0.003583 0.010397 -0.046735
v 0.010598 0.002955 -0.046735
v 0.003297 -0.007332 -0.047000
v 0.007323 -0.003305 -0.047000
v 0.007667 0.002382 -0.047000
v 0.000485 0.008008 -0.047000
v -0.001449 0.007891 -0.047000
v 0.006873 0.004147 -0.047000
v -0.002389 -0.007676 -0.047000
v -0.007668 -0.002398 -0.047000
v -0.004954 0.006313 -0.047000
v 0.012175 0.020595 -0.049618
v 0.014222 0.019238 -0.048544
v 0.016753 0.017082 -0.049618
v 0.018415 0.015275 -0.048544
v 0.020355 0.012576 -0.049618
v 0.021537 0.010424 -0.048544
v 0.022776 0.007339 -0.049618
v 0.023408 0.004966 -0.048544
v 0.023873 0.001675 -0.049618
v 0.023918 -0.000780 -0.048544
v 0.023582 -0.004087 -0.049618
v 0.023040 -0.006482 -0.048544
v 0.021921 -0.009612 -0.049618
v 0.020821 -0.011807 -0.048544
v 0.018986 -0.014579 -0.049618
v 0.017391 -0.016447 -0.048544
v 0.014948 -0.018699 -0.049618
v 0.012952 -0.020131 -0.048544
v 0.010040 -0.021733 -0.049618
v 0.007759 -0.022646 -0.048544
v 0.004549 -0.023504 -0.049618
v 0.002117 -0.023846 -0.048544
v -0.001206 -0.023910 -0.049618
v -0.003648 -0.023660 -0.048544
v -0.006890 -0.022927 -0.049618
v -0.009203 -0.022099 -0.048544
v -0.012175 -0.020612 -0.049618
v -0.014221 -0.019255 -0.048544
v -0.016753 -0.017099 -0.049618
v -0.018415 -0.015292 -0.048544
v -0.020355 -0.012594 -0.049618
v -0.021536 -0.010441 -0.048544
v -0.022776 -0.007357 -0.049618
v -0.023408 -0.004984 -0.048544
v -0.023873 -0.001692 -0.049618
v -0.023918 0.000763 -0.048544
v -0.023582 0.004070 -0.049618
v -0.023038 0.006465 -0.048544
v -0.021920 0.009595 -0.049618
v -0.020820 0.011790 -0.048544
v -0.018986 0.014561 -0.049618
v -0.017391 0.016430 -0.048544
v -0.014948 0.018682 -0.049618
v -0.012951 0.020114 -0.048544
v -0.010039 0.021715 -0.049618
v -0.007760 0.022629 -0.048544
v -0.004549 0.023487 -0.049618
v -0.002117 0.023828 -0.048544
v 0.001206 0.023893 -0.049618
v 0.003649 0.023642 -0.048544
v 0.006890 0.022910 -0.049618
v 0.009204 0.022082 -0.048544
v 0.015284 0.018406 -0.048544
v 0.019247 0.014214 -0.048544
v 0.022091 0.009194 -0.048544
v 0.023651 0.003640 -0.048544
v 0.023837 -0.002126 -0.048544
v 0.022637 -0.007769 -0.048544
v 0.020122 -0.012961 -0.048544
v 0.016439 -0.017400 -0.048544
v 0.011799 -0.020829 -0.048544
v 0.006474 -0.023047 -0.048544
v 0.000772 -0.023927 -0.048544
v -0.004974 -0.023417 -0.048544
v -0.010431 -0.021546 -0.048544
v -0.015284 -0.018424 -0.048544
v -0.019246 -0.014231 -0.048544
v -0.022090 -0.009212 -0.048544
v -0.023651 -0.003658 -0.048544
v -0.023837 0.002108 -0.048544
v -0.022637 0.007752 -0.048544
v -0.020122 0.012944 -0.048544
v -0.016439 0.017383 -0.048544
v -0.011799 0.020811 -0.048544
v -0.006474 0.023030 -0.048544
v -0.000771 0.023910 -0.048544
v 0.004976 0.023399 -0.048544
v 0.010433 0.021529 -0.048544
v 0.012585 0.020347 -0.049618
v 0.017092 0.016744 -0.049618
v 0.020603 0.012167 -0.049618
v 0.022919 0.006882 -0.049618
v 0.023902 0.001197 -0.049618
v 0.023495 -0.004558 -0.049618
v 0.021725 -0.010048 -0.049618
v 0.018690 -0.014956 -0.049618
v 0.014570 -0.018994 -0.049618
v 0.009603 -0.021929 -0.049618
v 0.004078 -0.023590 -0.049618
v -0.001683 -0.023881 -0.049618
v -0.007347 -0.022785 -0.049618
v -0.012585 -0.020364 -0.049618
v -0.017090 -0.016761 -0.049618
v -0.020604 -0.012184 -0.049618
v -0.022917 -0.006900 -0.049618
v -0.023902 -0.001215 -0.049618
v -0.023495 0.004540 -0.049618
v -0.021725 0.010031 -0.049618
v -0.018690 0.014938 -0.049618
v -0.014570 0.018977 -0.049618
v -0.009604 0.021912 -0.049618
v -0.004078 0.023573 -0.049618
v 0.001685 0.023864 -0.049618
v 0.007349 0.022767 -0.049618
v 0.023342 -0.038615 -0.053177
v 0.038613 -0.023344 -0.053177
v 0.031904 -0.031907 -0.053177
v 0.045038 -0.002726 -0.053177
v 0.043077 -0.013425 -0.053177
v 0.035519 0.027825 -0.053177
v 0.041146 0.018516 -0.053177
v 0.044382 0.008132 -0.053177
v 0.013424 -0.043079 -0.053177
v -0.018517 -0.041147 -0.053177
v -0.008133 -0.044383 -0.053177
v 0.027823 -0.035515 -0.053177
v 0.035515 -0.027825 -0.053177
v 0.044376 -0.008134 -0.053177
v 0.041141 -0.018517 -0.053177
v 0.043071 0.013420 -0.053177
v 0.038608 0.023338 -0.053177
v 0.045032 0.002722 -0.053177
v 0.018516 -0.041142 -0.053177
v 0.002724 -0.045034 -0.053177
v -0.002724 -0.045034 -0.053177
v 0.008132 -0.044377 -0.053177
v -0.023340 -0.038610 -0.053177
v -0.013421 -0.043074 -0.053177
v -0.027823 -0.035515 -0.053177
v 0.043828 0.010804 0.054251
v -0.043828 -0.010802 0.054251
v 0.027143 0.034639 -0.054520
v 0.022764 0.037650 -0.054520
v 0.013091 0.042003 -0.054520
v 0.007934 0.043284 -0.054520
v 0.018062 0.040128 -0.054520
v 0.002657 0.043915 -0.054520
v 0.031113 0.031108 -0.054520
v -0.007932 0.043275 -0.054520
v -0.013093 0.042013 -0.054520
v -0.002656 0.043925 -0.054520
v -0.027136 0.034631 -0.054520
v -0.031120 0.031115 -0.054520
v -0.022769 0.037658 -0.054520
v -0.018057 0.040119 -0.054520
v -0.043918 -0.002662 -0.054520
v -0.043288 -0.007938 -0.054520
v -0.043929 0.002652 -0.054520
v -0.042016 0.013088 -0.054520
v -0.040123 0.018053 -0.054520
v -0.043279 0.007926 -0.054520
v -0.034636 0.027130 -0.054520
v -0.037662 0.022763 -0.054520
v -0.042006 -0.013095 -0.054520
v -0.037653 -0.022767 -0.054520
v -0.034642 -0.027146 -0.054520
v -0.040131 -0.018067 -0.054520
v -0.031111 -0.031117 -0.054520
v 0.022767 -0.037666 -0.054520
v 0.037662 -0.022772 -0.054520
v 0.031119 -0.031124 -0.054520
v 0.043929 -0.002663 -0.054520
v 0.042016 -0.013098 -0.054520
v 0.034644 0.027137 -0.054520
v 0.040133 0.018057 -0.054520
v 0.043289 0.007928 -0.054520
v 0.013092 -0.042020 -0.054520
v -0.018062 -0.040136 -0.054520
v -0.007933 -0.043292 -0.054520
v 0.027134 -0.034640 -0.054520
v 0.034635 -0.027140 -0.054520
v 0.043279 -0.007936 -0.054520
v 0.040123 -0.018063 -0.054520
v 0.042007 0.013085 -0.054520
v 0.037654 0.022758 -0.054520
v 0.043919 0.002651 -0.054520
v 0.018057 -0.040127 -0.054520
v 0.002657 -0.043923 -0.054520
v -0.002656 -0.043923 -0.054520
v 0.007932 -0.043282 -0.054520
v -0.022761 -0.037658 -0.054520
v -0.013090 -0.042011 -0.054520
v -0.027134 -0.034640 -0.054520
v 0.015370 0.040527 0.054251
v 0.001745 0.043308 0.054251
v -0.008669 0.042468 0.054251
v -0.018581 0.039159 0.054251
v -0.021672 0.037537 0.054251
v -0.030023 0.031260 0.054251
v -0.034650 0.026039 0.054251
v -0.041111 0.013726 0.054251
v -0.043342 0.000001 0.054251
v -0.042780 -0.006951 0.054251
v -0.030023 -0.031257 0.054251
v -0.027412 -0.033572 0.054251
v -0.015370 -0.040525 0.054251
v 0.005224 -0.043025 0.054251
v 0.024621 -0.035669 0.054251
v 0.030024 -0.031257 0.054251
v 0.041111 -0.013724 0.054251
v 0.043201 -0.003486 0.054251
v 0.043201 0.003489 0.054251
v 0.041111 0.013726 0.054251
v 0.038379 0.020143 0.054251
v 0.036633 0.023166 0.054251
v 0.030024 0.031260 0.054251
v 0.025645 0.037150 0.054251
v 0.028550 0.034967 0.054251
v 0.012559 0.043360 0.054251
v 0.005442 0.044813 0.054251
v 0.009030 0.044230 0.054251
v 0.025644 -0.037148 0.054251
v 0.022570 -0.039092 0.054251
v 0.033788 -0.029933 0.054251
v 0.036085 -0.027118 0.054251
v 0.044556 -0.007240 0.054251
v 0.039970 -0.020977 0.054251
v 0.038153 -0.024124 0.054251
v 0.033788 0.029935 0.054251
v 0.031270 0.032557 0.054251
v 0.039971 0.020979 0.054251
v 0.041530 0.017693 0.054251
v 0.045142 0.000001 0.054251
v 0.044994 -0.003632 0.054251
v 0.042816 0.014300 0.054251
v -0.005440 0.044813 0.054251
v -0.009029 0.044230 0.054251
v -0.028547 0.034969 0.054251
v -0.012559 0.043360 0.054251
v -0.044995 -0.003629 0.054251
v -0.043829 0.010802 0.054251
v -0.042819 0.014294 0.054251
v -0.033788 0.029935 0.054251
v -0.031272 0.032556 0.054251
v -0.041528 0.017697 0.054251
v 0.019351 -0.040782 0.054251
v 0.005441 -0.044811 0.054251
v 0.001817 -0.045103 0.054251
v -0.016008 -0.042206 0.054251
v -0.019351 -0.040781 0.054251
v -0.001817 -0.045103 0.054251
v -0.044556 -0.007242 0.054251
v -0.038153 -0.024125 0.054251
v -0.025643 -0.037149 0.054251
v -0.022570 -0.039092 0.054251
v -0.033788 -0.029933 0.054251
v -0.036086 -0.027117 0.054251
v 0.025133 0.036411 0.054520
v 0.022122 0.038316 0.054520
v 0.018965 0.039971 0.054520
v 0.015688 0.041368 0.054520
v 0.012308 0.042496 0.054520
v 0.008849 0.043349 0.054520
v 0.005333 0.043920 0.054520
v 0.001781 0.044207 0.054520
v -0.001781 0.044207 0.054520
v -0.005333 0.043920 0.054520
v -0.008849 0.043349 0.054520
v -0.012308 0.042496 0.054520
v -0.015689 0.041368 0.054520
v -0.018965 0.039971 0.054520
v -0.022122 0.038316 0.054520
v -0.025132 0.036411 0.054520
v -0.027980 0.034271 0.054520
v -0.030648 0.031908 0.054520
v -0.033115 0.029339 0.054520
v -0.035369 0.026579 0.054520
v -0.037393 0.023647 0.054520
v -0.039175 0.020561 0.054520
v -0.040701 0.017342 0.054520
v -0.041964 0.014011 0.054520
v -0.042956 0.010589 0.054520
v -0.043668 0.007098 0.054520
v -0.044098 0.003561 0.054520
v -0.044241 0.000001 0.054520
v -0.044098 -0.003559 0.054520
v -0.043668 -0.007096 0.054520
v -0.042956 -0.010587 0.054520
v -0.041964 -0.014009 0.054520
v -0.040701 -0.017340 0.054520
v -0.039175 -0.020559 0.054520
v -0.037393 -0.023644 0.054520
v -0.035369 -0.026577 0.054520
v -0.033115 -0.029336 0.054520
v -0.030648 -0.031906 0.054520
v -0.027980 -0.034269 0.054520
v -0.025132 -0.036409 0.054520
v -0.022122 -0.038313 0.054520
v -0.018965 -0.039969 0.054520
v -0.015689 -0.041365 0.054520
v -0.012308 -0.042494 0.054520
v -0.008849 -0.043346 0.054520
v -0.005333 -0.043918 0.054520
v -0.001781 -0.044204 0.054520
v 0.001781 -0.044204 0.054520
v 0.005333 -0.043918 0.054520
v 0.008849 -0.043346 0.054520
v 0.012308 -0.042494 0.054520
v 0.015688 -0.041365 0.054520
v 0.018965 -0.039969 0.054520
v 0.022122 -0.038313 0.054520
v 0.025133 -0.036409 0.054520
v 0.027980 -0.034269 0.054520
v 0.030648 -0.031906 0.054520
v 0.033115 -0.029336 0.054520
v 0.035369 -0.026577 0.054520
v 0.037393 -0.023644 0.054520
v 0.039175 -0.020559 0.054520
v 0.040701 -0.017340 0.054520
v 0.041964 -0.014009 0.054520
v 0.042956 -0.010587 0.054520
v 0.043668 -0.007096 0.054520
v 0.044098 -0.003559 0.054520
v 0.044242 0.000001 0.054520
v 0.044098 0.003561 0.054520
v 0.043668 0.007098 0.054520
v 0.042956 0.010589 0.054520
v 0.041964 0.014011 0.054520
v 0.040701 0.017342 0.054520
v 0.039175 0.020561 0.054520
v 0.037393 0.023647 0.054520
v 0.035369 0.026579 0.054520
v 0.033115 0.029339 0.054520
v 0.030648 0.031908 0.054520
v 0.027980 0.034271 0.054520
v 0.024621 0.035671 0.054251
v 0.012059 0.041632 0.054251
v -0.001745 0.043308 0.054251
v -0.038378 0.020143 0.054251
v -0.042780 0.006954 0.054251
v -0.041111 -0.013724 0.054251
v -0.021672 -0.037534 0.054251
v -0.008669 -0.042465 0.054251
v 0.012059 -0.041630 0.054251
v 0.032442 -0.028740 0.054251
v 0.042083 -0.010371 0.054251
v -0.012059 0.041632 0.054251
v -0.024621 0.035671 0.054251
v -0.036633 0.023166 0.054251
v -0.042083 0.010374 0.054251
v -0.042083 -0.010371 0.054251
v -0.024621 -0.035669 0.054251
v -0.012059 -0.041630 0.054251
v 0.008669 -0.042465 0.054251
v 0.042781 0.006954 0.054251
v 0.034649 0.026039 0.054251
v 0.027412 0.033574 0.054251
v 0.024621 0.035671 0.029188
v 0.021672 0.037537 0.029188
v 0.018581 0.039159 0.029188
v 0.015370 0.040527 0.029188
v 0.012059 0.041632 0.029188
v 0.008670 0.042468 0.029188
v 0.005224 0.043027 0.029188
v 0.001745 0.043308 0.029188
v -0.001745 0.043308 0.029188
v -0.005224 0.043027 0.029188
v -0.008669 0.042468 0.029188
v -0.012058 0.041632 0.029188
v -0.015370 0.040527 0.029188
v -0.018581 0.039159 0.029188
v -0.021671 0.037537 0.029188
v -0.024621 0.035671 0.029188
v -0.027412 0.033574 0.029188
v -0.030023 0.031260 0.029188
v -0.032442 0.028742 0.029188
v -0.034649 0.026039 0.029188
v -0.036633 0.023166 0.029188
v -0.039873 0.016990 0.029188
v -0.041111 0.013726 0.029188
v -0.042780 0.006954 0.029188
v -0.043342 0.000001 0.029188
v -0.042780 -0.006951 0.029188
v -0.042082 -0.010371 0.029188
v -0.041111 -0.013724 0.029188
v -0.038377 -0.020141 0.029188
v -0.036633 -0.023164 0.029188
v -0.034649 -0.026036 0.029188
v -0.032442 -0.028740 0.029188
v -0.030023 -0.031257 0.029188
v -0.027412 -0.033572 0.029188
v -0.024621 -0.035669 0.029188
v -0.021671 -0.037534 0.029188
v -0.018581 -0.039156 0.029188
v -0.015370 -0.040525 0.029188
v -0.012058 -0.041630 0.029188
v -0.001745 -0.043306 0.029188
v 0.001745 -0.043306 0.029188
v 0.008670 -0.042465 0.029188
v 0.012059 -0.041630 0.029188
v 0.015370 -0.040525 0.029188
v 0.018581 -0.039156 0.029188
v 0.021672 -0.037534 0.029188
v 0.024621 -0.035669 0.029188
v 0.027412 -0.033572 0.029188
v 0.030025 -0.031257 0.029188
v 0.032442 -0.028740 0.029188
v 0.034649 -0.026036 0.029188
v 0.036634 -0.023164 0.029188
v 0.038379 -0.020141 0.029188
v 0.039874 -0.016988 0.029188
v 0.041111 -0.013724 0.029188
v 0.042083 -0.010371 0.029188
v 0.043202 -0.003486 0.029188
v 0.043202 0.003489 0.029188
v 0.042782 0.006954 0.029188
v 0.042083 0.010374 0.029188
v 0.041111 0.013726 0.029188
v 0.039874 0.016990 0.029188
v 0.038379 0.020143 0.029188
v 0.036634 0.023166 0.029188
v 0.034649 0.026039 0.029188
v 0.032442 0.028742 0.029188
v 0.030025 0.031260 0.029188
v 0.027412 0.033574 0.029188
v 0.024621 0.035671 0.054251
v 0.012060 0.041632 0.054251
v -0.001745 0.043308 0.054251
v -0.038377 0.020143 0.054251
v -0.042780 0.006957 0.054251
v -0.041109 -0.013727 0.054251
v -0.021672 -0.037534 0.054251
v -0.008669 -0.042465 0.054251
v 0.012060 -0.041630 0.054251
v 0.032443 -0.028739 0.054251
v 0.042082 -0.010374 0.054251
v 0.026867 0.032907 -0.004616
v 0.018212 0.038381 -0.004616
v 0.008498 0.041624 -0.004616
v -0.001711 0.042448 -0.004616
v -0.011819 0.040805 -0.004616
v -0.021241 0.036791 -0.004616
v -0.029427 0.030639 -0.004616
v -0.035905 0.022706 -0.004616
v -0.040294 0.013454 -0.004616
v -0.042343 0.003420 -0.004616
v -0.041931 -0.006813 -0.004616
v -0.039082 -0.016650 -0.004616
v -0.033961 -0.025519 -0.004616
v -0.026867 -0.032905 -0.004616
v -0.018211 -0.038379 -0.004616
v -0.008496 -0.041622 -0.004616
v 0.001711 -0.042446 -0.004616
v 0.011820 -0.040803 -0.004616
v 0.021241 -0.036789 -0.004616
v 0.029428 -0.030637 -0.004616
v 0.035905 -0.022704 -0.004616
v 0.040296 -0.013451 -0.004616
v 0.042343 -0.003417 -0.004616
v 0.041931 0.006816 -0.004616
v 0.039083 0.016652 -0.004616
v 0.033962 0.025522 -0.004616
v 0.026118 0.031990 -0.033875
v 0.017704 0.037311 -0.033874
v 0.008260 0.040464 -0.033874
v -0.001663 0.041265 -0.033874
v -0.011489 0.039668 -0.033874
v -0.020648 0.035765 -0.033874
v -0.028607 0.029785 -0.033874
v -0.034903 0.022073 -0.033875
v -0.039171 0.013079 -0.033874
v -0.041162 0.003324 -0.033874
v -0.040761 -0.006623 -0.033874
v -0.037992 -0.016186 -0.033874
v -0.033014 -0.024808 -0.033875
v -0.026117 -0.031988 -0.033875
v -0.017704 -0.037308 -0.033874
v -0.008260 -0.040461 -0.033874
v 0.001664 -0.041262 -0.033874
v 0.011490 -0.039665 -0.033874
v 0.020650 -0.035763 -0.033874
v 0.028607 -0.029782 -0.033875
v 0.034903 -0.022071 -0.033875
v 0.039172 -0.013076 -0.033874
v 0.041163 -0.003322 -0.033874
v 0.040762 0.006626 -0.033874
v 0.037993 0.016188 -0.033874
v 0.033015 0.024810 -0.033875
v 0.021620 0.026480 -0.038693
v 0.014654 0.030884 -0.038684
v 0.006839 0.033494 -0.038677
v -0.001376 0.034157 -0.038675
v -0.009510 0.032835 -0.038677
v -0.017091 0.029605 -0.038684
v -0.023680 0.024654 -0.038693
v -0.028891 0.018271 -0.038695
v -0.032425 0.010826 -0.038677
v -0.034073 0.002752 -0.038668
v -0.033741 -0.005482 -0.038668
v -0.031447 -0.013398 -0.038677
v -0.027327 -0.020534 -0.038695
v -0.021618 -0.026478 -0.038693
v -0.014654 -0.030882 -0.038684
v -0.006837 -0.033491 -0.038677
v 0.001376 -0.034155 -0.038675
v 0.009511 -0.032833 -0.038677
v 0.017092 -0.029603 -0.038684
v 0.023680 -0.024652 -0.038693
v 0.028892 -0.018269 -0.038695
v 0.032425 -0.010824 -0.038677
v 0.034073 -0.002749 -0.038668
v 0.033741 0.005485 -0.038668
v 0.031449 0.013400 -0.038677
v 0.027329 0.020537 -0.038695
v 0.015894 0.019467 -0.039320
v 0.010773 0.022705 -0.039312
v 0.005027 0.024623 -0.039306
v -0.001011 0.025111 -0.039304
v -0.006991 0.024139 -0.039306
v -0.012564 0.021764 -0.039312
v -0.017408 0.018125 -0.039320
v -0.021239 0.013432 -0.039322
v -0.023837 0.007959 -0.039306
v -0.025048 0.002023 -0.039298
v -0.024804 -0.004030 -0.039298
v -0.023119 -0.009849 -0.039306
v -0.020090 -0.015096 -0.039322
v -0.015893 -0.019465 -0.039320
v -0.010772 -0.022703 -0.039312
v -0.005026 -0.024621 -0.039306
v 0.001012 -0.025108 -0.039304
v 0.006991 -0.024137 -0.039306
v 0.012565 -0.021762 -0.039312
v 0.017409 -0.018123 -0.039320
v 0.021239 -0.013430 -0.039322
v 0.023837 -0.007957 -0.039306
v 0.025050 -0.002021 -0.039298
v 0.024804 0.004032 -0.039298
v 0.023119 0.009851 -0.039306
v 0.020091 0.015098 -0.039322
v 0.012121 0.014329 -0.039530
v 0.008225 0.016704 -0.039530
v 0.003853 0.018108 -0.039530
v -0.000743 0.018460 -0.039530
v -0.005297 0.017740 -0.039530
v -0.009543 0.015988 -0.039530
v -0.013233 0.013307 -0.039530
v -0.015799 0.010165 -0.039530
v -0.018310 0.001540 -0.039530
v -0.018127 -0.003006 -0.039530
v -0.016977 -0.007395 -0.039530
v -0.014930 -0.011401 -0.039530
v -0.008225 -0.016701 -0.039530
v -0.003852 -0.018106 -0.039530
v 0.005298 -0.017737 -0.039530
v 0.009543 -0.015986 -0.039530
v 0.013223 -0.013313 -0.039530
v 0.015800 -0.010162 -0.039530
v 0.018311 -0.001538 -0.039530
v 0.018127 0.003008 -0.039530
v 0.014931 0.011403 -0.039530
v 0.023271 0.028502 -0.038539
v 0.015774 0.033243 -0.038532
v 0.007361 0.036052 -0.038527
v -0.001481 0.036765 -0.038525
v -0.010236 0.035342 -0.038527
v -0.018396 0.031866 -0.038532
v -0.025487 0.026537 -0.038539
v -0.031097 0.019666 -0.038540
v -0.034900 0.011653 -0.038527
v -0.036674 0.002962 -0.038520
v -0.036317 -0.005901 -0.038520
v -0.033849 -0.014421 -0.038527
v -0.029414 -0.022103 -0.038541
v -0.023270 -0.028500 -0.038539
v -0.015772 -0.033240 -0.038532
v -0.007360 -0.036049 -0.038527
v 0.001482 -0.036763 -0.038525
v 0.010237 -0.035340 -0.038527
v 0.018398 -0.031863 -0.038532
v 0.025488 -0.026535 -0.038539
v 0.031099 -0.019664 -0.038541
v 0.034900 -0.011650 -0.038527
v 0.036675 -0.002960 -0.038520
v 0.036317 0.005903 -0.038520
v 0.033850 0.014423 -0.038527
v 0.029415 0.022105 -0.038540
v 0.025338 0.031034 -0.037285
v 0.017174 0.036196 -0.037282
v 0.008014 0.039254 -0.037280
v -0.001612 0.040031 -0.037279
v -0.011146 0.038482 -0.037280
v -0.020031 0.034696 -0.037282
v -0.027752 0.028894 -0.037285
v -0.033861 0.021413 -0.037286
v -0.038000 0.012688 -0.037280
v -0.039933 0.003225 -0.037277
v -0.039544 -0.006425 -0.037277
v -0.036856 -0.015702 -0.037280
v -0.032027 -0.024066 -0.037286
v -0.025337 -0.031031 -0.037285
v -0.017173 -0.036193 -0.037282
v -0.008013 -0.039252 -0.037280
v 0.001614 -0.040029 -0.037279
v 0.011147 -0.038480 -0.037280
v 0.020031 -0.034694 -0.037282
v 0.027753 -0.028892 -0.037285
v 0.033861 -0.021411 -0.037286
v 0.038001 -0.012685 -0.037280
v 0.039933 -0.003223 -0.037277
v 0.039544 0.006428 -0.037277
v 0.036857 0.015704 -0.037280
v 0.032027 0.024068 -0.037286
v -0.017563 0.005896 -0.039530
v 0.017035 0.007181 -0.039530
v 0.000744 -0.018454 -0.039530
v 0.017564 -0.005893 -0.039530
v -0.011993 -0.014455 -0.039530
v -0.012058 0.041632 0.054251
v -0.024622 0.035670 0.054251
v -0.036633 0.023166 0.054251
v -0.042082 0.010374 0.054251
v -0.042083 -0.010368 0.054251
v -0.024622 -0.035668 0.054251
v -0.012059 -0.041630 0.054251
v 0.008670 -0.042465 0.054251
v 0.042782 0.006954 0.054251
v 0.034648 0.026040 0.054251
v 0.027414 0.033573 0.054251
v -0.038378 0.020142 0.029185
v -0.042083 0.010372 0.029190
v -0.043201 0.003486 0.029189
v -0.043201 -0.003483 0.029193
v -0.039874 -0.016986 0.029188
v -0.008669 -0.042465 0.029188
v -0.005224 -0.043025 0.029188
v 0.005224 -0.043025 0.029187
v 0.042782 -0.006951 0.029182
v 0.043343 0.000000 0.029189
v 0.021671 0.037537 0.054251
v 0.018581 0.039159 0.054251
v 0.008670 0.042467 0.054251
v 0.005224 0.043027 0.054251
v -0.005224 0.043027 0.054251
v -0.015370 0.040527 0.054251
v -0.027411 0.033575 0.054251
v -0.032441 0.028743 0.054251
v -0.039874 0.016988 0.054251
v -0.043201 0.003489 0.054251
v -0.043201 -0.003486 0.054251
v -0.039873 -0.016988 0.054251
v -0.038378 -0.020141 0.054251
v -0.036633 -0.023163 0.054251
v -0.034648 -0.026037 0.054251
v -0.032441 -0.028740 0.054251
v -0.018580 -0.039157 0.054251
v -0.005224 -0.043025 0.054251
v -0.001745 -0.043306 0.054251
v 0.001745 -0.043306 0.054251
v 0.015370 -0.040525 0.054251
v 0.018581 -0.039156 0.054251
v 0.021671 -0.037535 0.054251
v 0.027414 -0.033571 0.054251
v 0.034648 -0.026038 0.054251
v 0.036636 -0.023160 0.054251
v 0.038377 -0.020145 0.054251
v 0.039874 -0.016988 0.054251
v 0.042782 -0.006951 0.054251
v 0.043343 0.000001 0.054251
v 0.042083 0.010372 0.054251
v 0.039874 0.016989 0.054251
v 0.032443 0.028741 0.054251
v 0.015370 0.040527 0.054251
v 0.001745 0.043308 0.054251
v -0.008669 0.042468 0.054251
v -0.018580 0.039159 0.054251
v -0.021672 0.037536 0.054251
v -0.030023 0.031260 0.054251
v -0.034649 0.026039 0.054251
v -0.041110 0.013729 0.054251
v -0.043342 0.000001 0.054251
v -0.042780 -0.006954 0.054251
v -0.030022 -0.031258 0.054251
v -0.027412 -0.033572 0.054251
v -0.015370 -0.040525 0.054251
v 0.005224 -0.043025 0.054251
v 0.024621 -0.035669 0.054251
v 0.030022 -0.031260 0.054251
v 0.041113 -0.013719 0.054251
v 0.043201 -0.003488 0.054251
v 0.043201 0.003490 0.054251
v 0.041112 0.013725 0.054251
v 0.038377 0.020147 0.054251
v 0.036636 0.023163 0.054251
v 0.030022 0.031262 0.054251
vn 0.2755 0.8452 -0.4580
vn 0.2497 0.8512 -0.4617
vn 0.3556 0.8000 -0.4833
vn 0.9363 0.3271 0.1281
vn 0.8783 0.3095 0.3644
vn 0.8894 0.3279 0.3186
vn 0.5668 0.8238 -0.0003
vn 0.4919 0.8707 0.0001
vn 0.4990 0.8656 0.0421
vn 0.5819 0.8132 0.0004
vn 0.6037 0.7972 0.0003
vn 0.7335 0.6795 0.0137
vn 0.7973 0.5996 0.0700
vn 0.8173 0.5737 0.0535
vn 0.8053 0.5903 0.0542
vn 0.1853 0.9328 0.3090
vn 0.6601 0.7512 0.0049
vn 0.6250 0.7806 -0.0021
vn 0.3749 0.9260 -0.0437
vn 0.5331 0.8461 0.0038
vn 0.3981 0.9169 -0.0298
vn 0.8206 0.5687 -0.0561
vn 0.8099 0.5794 -0.0909
vn 0.8090 0.5852 -0.0543
vn 0.2534 0.9630 -0.0915
vn 0.2357 0.9706 -0.0491
vn 0.2478 0.9676 -0.0489
vn 0.1854 0.9808 0.0601
vn 0.2100 0.9712 0.1126
vn 0.2001 0.9779 0.0608
vn 0.2519 0.8983 0.3599
vn 0.6649 0.7469 0.0001
vn 0.6613 0.7501 -0.0001
vn 0.5243 0.8479 0.0791
vn 0.7353 0.6763 0.0444
vn 0.8142 0.5802 -0.0183
vn 0.4758 0.8793 0.0207
vn 0.8156 0.5783 0.0206
vn 0.5461 0.8377 0.0006
vn 0.6049 0.7963 -0.0008
vn 0.5333 0.8459 -0.0094
vn 0.6237 0.7817 -0.0019
vn 0.5624 0.7016 -0.4375
vn 0.4629 0.7455 -0.4795
vn 0.5371 0.6879 -0.4882
vn -0.2567 0.9560 0.1417
vn -0.2114 0.9137 0.3471
vn -0.2915 0.8977 0.3303
vn 0.0383 0.9964 0.0751
vn 0.0275 0.9982 0.0538
vn 0.0079 0.9984 0.0551
vn -0.0820 0.9357 -0.3430
vn -0.0088 0.9287 -0.3707
vn -0.0051 0.9453 -0.3262
vn 0.6624 0.6825 0.3090
vn 0.2414 0.9704 0.0032
vn 0.6183 0.7206 0.3136
vn 0.3537 0.9353 0.0075
vn -0.1183 0.9276 -0.3545
vn -0.1590 0.9135 0.3745
vn 0.0016 0.9986 -0.0531
vn 0.0219 0.9983 -0.0548
vn 0.0193 0.9960 -0.0871
vn 0.6490 0.7546 -0.0968
vn 0.6556 0.7536 -0.0481
vn 0.6643 0.7459 -0.0482
vn 0.7022 0.7094 0.0604
vn 0.6913 0.7199 0.0617
vn 0.6814 0.7247 0.1027
vn 0.5745 0.7185 -0.3920
vn -0.1294 0.9280 0.3494
vn 0.6040 0.7126 0.3569
vn 0.4085 0.9121 0.0349
vn 0.4640 0.8858 -0.0101
vn 0.7707 0.5174 -0.3719
vn 0.7390 0.5493 -0.3901
vn 0.1206 0.9254 -0.3593
vn 0.7177 0.6077 -0.3401
vn -0.1489 0.8765 -0.4578
vn -0.1747 0.8695 -0.4621
vn -0.0572 0.8734 -0.4836
vn 0.6770 0.7248 0.1279
vn 0.6340 0.6825 0.3637
vn 0.6353 0.7035 0.3185
vn 0.1192 0.9929 -0.0003
vn 0.0309 0.9995 0.0001
vn 0.0396 0.9983 0.0421
vn 0.1374 0.9905 0.0004
vn 0.1639 0.9865 0.0003
vn 0.3331 0.9428 0.0136
vn 0.4287 0.9007 0.0705
vn 0.4572 0.8877 0.0536
vn 0.4395 0.8966 0.0541
vn -0.2694 0.9122 0.3089
vn 0.2354 0.9719 0.0047
vn 0.1906 0.9817 -0.0022
vn -0.0974 0.9943 -0.0434
vn 0.0787 0.9969 0.0037
vn -0.0729 0.9969 -0.0297
vn 0.0979 0.9952 -0.0022
vn 0.0346 0.9994 -0.0038
vn -0.0893 0.9955 0.0331
vn 0.4623 0.8850 -0.0560
vn 0.4477 0.8896 -0.0907
vn 0.4444 0.8942 -0.0544
vn -0.2232 0.9705 -0.0913
vn -0.2425 0.9689 -0.0491
vn -0.2304 0.9719 -0.0489
vn -0.2916 0.9546 0.0602
vn -0.2649 0.9577 0.1125
vn -0.2774 0.9588 0.0608
vn -0.2048 0.9174 -0.3412
vn -0.1979 0.9123 -0.3587
vn 0.0791 0.9968 -0.0095
vn 0.1890 0.9820 -0.0019
vn 0.6927 -0.5573 -0.4577
vn 0.7073 -0.5351 -0.4619
vn 0.6221 -0.6161 -0.4831
vn -0.0256 -0.9915 0.1274
vn -0.0215 -0.9312 0.3639
vn -0.0091 -0.9478 0.3186
vn 0.5541 -0.8324 0.0004
vn 0.5314 -0.8471 0.0003
vn 0.3760 -0.9265 0.0137
vn 0.3030 -0.9507 0.0662
vn 0.2473 -0.9675 0.0536
vn 0.2650 -0.9627 0.0550
vn 0.8065 -0.5042 0.3088
vn 0.4682 -0.8836 0.0047
vn 0.5084 -0.8611 -0.0024
vn 0.7322 -0.6797 -0.0433
vn 0.6022 -0.7983 0.0038
vn 0.7154 -0.6980 -0.0296
vn 0.2409 -0.9689 -0.0559
vn 0.2548 -0.9627 -0.0907
vn 0.2602 -0.9640 -0.0544
vn 0.4002 -0.9162 0.0225
vn 0.8105 -0.5787 -0.0911
vn 0.8239 -0.5646 -0.0492
vn 0.8170 -0.5746 -0.0488
vn 0.8513 -0.5212 0.0603
vn 0.8337 -0.5407 0.1126
vn 0.8436 -0.5335 0.0607
vn 0.7506 -0.5541 0.3600
vn 0.4626 -0.8866 0.0001
vn 0.4668 -0.8843 -0.0000
vn 0.2538 -0.9671 -0.0183
vn 0.6535 -0.7566 0.0207
vn 0.2516 -0.9676 0.0206
vn 0.5896 -0.8077 0.0006
vn 0.5300 -0.8480 -0.0008
vn 0.6018 -0.7986 -0.0085
vn 0.5097 -0.8604 -0.0015
vn 0.4566 -0.7747 -0.4375
vn 0.5325 -0.6971 -0.4801
vn 0.4525 -0.7458 -0.4890
vn 0.9850 -0.0988 0.1417
vn 0.9293 -0.1262 0.3471
vn 0.9428 -0.0455 0.3301
vn 0.7843 -0.6203 -0.0074
vn 0.9046 -0.4191 -0.0771
vn 0.7882 -0.6154 0.0018
vn 0.9180 -0.3895 0.0752
vn 0.9235 -0.3799 0.0538
vn 0.9309 -0.3611 0.0551
vn 0.9040 -0.2554 -0.3429
vn 0.8712 -0.3204 -0.3718
vn 0.8853 -0.3318 -0.3257
vn 0.7314 -0.6820 0.0043
vn 0.9079 -0.2546 -0.3330
vn 0.9015 -0.2637 0.3432
vn 0.7490 -0.6625 0.0073
vn 0.9095 -0.2185 -0.3537
vn 0.9101 -0.1754 0.3753
vn 0.9332 -0.3555 -0.0528
vn 0.9255 -0.3746 -0.0549
vn 0.9244 -0.3714 -0.0869
vn 0.4752 -0.8745 -0.0966
vn 0.4722 -0.8802 -0.0480
vn 0.4619 -0.8857 -0.0479
vn 0.4141 -0.9082 0.0605
vn 0.4280 -0.9017 0.0618
vn 0.4358 -0.8942 0.1026
vn 0.4688 -0.7917 -0.3917
vn 0.9136 -0.2083 0.3492
vn 0.4531 -0.8171 0.3565
vn 0.6108 -0.7911 0.0336
vn 0.6628 -0.7488 -0.0052
vn 0.2081 -0.9040 -0.3735
vn 0.2503 -0.8859 -0.3906
vn 0.8225 -0.4409 -0.3593
vn 0.3139 -0.8864 -0.3403
vn 0.7645 -0.4739 -0.4370
vn 0.7959 -0.3695 -0.4796
vn 0.7466 -0.4500 -0.4899
vn 0.9183 0.3698 0.1415
vn 0.8818 0.3199 0.3465
vn 0.8570 0.3969 0.3287
vn 0.9821 -0.1882 -0.0070
vn 0.9957 0.0500 -0.0779
vn 0.9830 -0.1834 0.0023
vn 0.9939 0.0803 0.0757
vn 0.9943 0.0919 0.0538
vn 0.9921 0.1124 0.0552
vn 0.9190 0.1942 -0.3432
vn 0.9201 0.1218 -0.3722
vn 0.9374 0.1193 -0.3270
vn 0.9645 -0.2641 0.0042
vn 0.9223 0.1966 -0.3327
vn 0.9206 0.1858 0.3434
vn 0.9711 -0.2386 0.0073
vn 0.9062 0.2299 -0.3550
vn 0.8876 0.2679 0.3747
vn 0.9915 0.1187 -0.0527
vn 0.9936 0.0987 -0.0548
vn 0.9910 0.1012 -0.0873
vn 0.8269 -0.5539 -0.0970
vn 0.8271 -0.5600 -0.0481
vn 0.8205 -0.5696 -0.0481
vn 0.7887 -0.6117 0.0606
vn 0.7979 -0.5995 0.0618
vn 0.8014 -0.5893 0.1024
vn 0.7820 -0.4840 -0.3927
vn 0.9058 0.2402 0.3490
vn 0.7806 -0.5136 0.3562
vn 0.9697 -0.2441 -0.0004
vn 0.9805 -0.1967 -0.0036
vn 0.8723 -0.1716 -0.4580
vn 0.8749 -0.1447 -0.4623
vn 0.8367 -0.2565 -0.4838
vn 0.4380 -0.8899 0.1270
vn 0.4136 -0.8349 0.3632
vn 0.4316 -0.8438 0.3189
vn 0.8775 -0.4795 0.0005
vn 0.8643 -0.5031 0.0002
vn 0.7640 -0.6450 0.0137
vn 0.6897 -0.7206 0.0707
vn 0.6680 -0.7422 0.0537
vn 0.6822 -0.7291 0.0542
vn 0.9484 -0.0716 0.3090
vn 0.8251 -0.5649 0.0043
vn 0.8503 -0.5262 -0.0022
vn 0.9640 -0.2622 -0.0432
vn 0.9041 -0.4273 0.0037
vn 0.9578 -0.2858 -0.0295
vn 0.6637 -0.7459 -0.0559
vn 0.6726 -0.7345 -0.0903
vn 0.6782 -0.7329 -0.0545
vn 0.9865 -0.1360 -0.0914
vn 0.9920 -0.1167 -0.0489
vn 0.9904 -0.1292 -0.0488
vn 0.9960 -0.0655 0.0603
vn 0.9894 -0.0906 0.1131
vn 0.9949 -0.0801 0.0608
vn 0.8486 -0.5291 0.0034
vn 0.9064 -0.4124 -0.0909
vn 0.7585 -0.6488 -0.0603
vn 0.9349 -0.3547 -0.0090
vn 0.6074 -0.7027 -0.3705
vn 0.7317 -0.6083 0.3077
vn 0.9580 -0.0667 0.2789
vn 0.7610 -0.5858 0.2788
vn 0.9040 -0.4275 -0.0086
vn 0.8511 -0.5249 -0.0015
vn 0.8239 0.3600 -0.4378
vn 0.7566 0.4443 -0.4797
vn 0.7955 0.3595 -0.4879
vn 0.2170 0.9657 0.1424
vn 0.2378 0.9073 0.3469
vn 0.1589 0.9304 0.3304
vn 0.4877 0.8713 0.0546
vn 0.4716 0.8801 0.0552
vn 0.7652 0.6438 0.0041
vn 0.3621 0.8706 -0.3330
vn 0.3707 0.8630 0.3432
vn 0.7479 0.6637 0.0073
vn 0.3268 0.8764 -0.3537
vn 0.2843 0.8824 0.3750
vn 0.4655 0.8835 -0.0531
vn 0.4832 0.8738 -0.0548
vn 0.4800 0.8729 -0.0870
vn 0.5895 0.8073 0.0271
vn 0.9253 0.3666 -0.0973
vn 0.9307 0.3626 -0.0480
vn 0.9348 0.3519 -0.0481
vn 0.9515 0.3017 0.0606
vn 0.9466 0.3163 0.0618
vn 0.9401 0.3250 0.1025
vn 0.6367 0.6206 -0.4576
vn 0.6164 0.6377 -0.4619
vn 0.6862 0.5431 -0.4839
vn 0.9812 -0.1452 0.1271
vn 0.9220 -0.1332 0.3637
vn 0.9397 -0.1238 0.3187
vn 0.9848 0.1587 0.0706
vn 0.9903 0.1282 0.0535
vn 0.9876 0.1476 0.0542
vn 0.5979 0.7397 0.3089
vn 0.9346 0.3558 0.0029
vn 0.9161 0.4009 -0.0021
vn 0.7625 0.6456 -0.0439
vn 0.8653 0.5012 0.0036
vn 0.7786 0.6268 -0.0298
vn 0.9908 0.1235 -0.0558
vn 0.9865 0.1366 -0.0908
vn 0.9884 0.1421 -0.0543
vn 0.6720 0.7349 -0.0915
vn 0.6597 0.7499 -0.0490
vn 0.6691 0.7415 -0.0488
vn 0.6201 0.7822 0.0604
vn 0.6372 0.7624 0.1128
vn 0.6318 0.7728 0.0607
vn 0.6404 0.6784 0.3602
vn 0.9359 0.3523 0.0001
vn 0.9342 0.3569 -0.0000
vn 0.9326 -0.0823 0.3513
vn 0.6408 0.6884 0.3398
vn 0.9909 0.1331 0.0212
vn 0.8312 0.5557 -0.0178
vn 0.8299 0.5575 0.0207
vn 0.5639 0.7655 0.3100
vn 0.9139 0.2931 0.2808
vn 0.9156 0.2561 0.3100
vn 0.8653 0.5011 -0.0092
vn 0.9155 0.4022 -0.0018
vn 0.8523 0.2541 -0.4572
vn 0.8426 0.2778 -0.4613
vn 0.8598 0.1617 -0.4843
vn 0.8016 -0.5842 0.1267
vn 0.7540 -0.5467 0.3642
vn 0.7751 -0.5456 0.3186
vn 0.9547 -0.2903 0.0659
vn 0.9367 -0.3460 0.0536
vn 0.9429 -0.3286 0.0550
vn 0.8731 0.3773 0.3086
vn 0.9932 -0.1166 0.0045
vn 0.9975 -0.0706 -0.0027
vn 0.9752 0.2171 -0.0435
vn 0.9991 0.0422 0.0037
vn 0.9807 0.1931 -0.0298
vn 0.9347 -0.3510 -0.0557
vn 0.9371 -0.3370 -0.0911
vn 0.9411 -0.3336 -0.0544
vn 0.9812 -0.1918 0.0227
vn 0.9368 0.3379 -0.0912
vn 0.9327 0.3572 -0.0492
vn 0.9371 0.3457 -0.0488
vn 0.9124 0.4047 0.0603
vn 0.9185 0.3791 0.1127
vn 0.9182 0.3913 0.0609
vn 0.9972 -0.0741 0.0036
vn 0.9942 0.0568 -0.0909
vn 0.9733 -0.2216 -0.0595
vn 0.9991 0.0415 -0.0090
vn 0.9976 -0.0692 -0.0017
vn 0.8965 -0.0646 -0.4383
vn 0.8765 0.0421 -0.4795
vn 0.8707 -0.0511 -0.4891
vn 0.6419 0.7538 0.1408
vn 0.6323 0.6925 0.3474
vn 0.5732 0.7501 0.3298
vn 0.8419 0.5344 0.0753
vn 0.8372 0.5443 0.0538
vn 0.8262 0.5607 0.0552
vn 0.9767 0.2144 0.0044
vn 0.7256 0.6024 -0.3325
vn 0.7290 0.5921 0.3435
vn 0.9708 0.2400 0.0076
vn 0.6957 0.6246 -0.3548
vn 0.6619 0.6491 0.3750
vn 0.8228 0.5658 -0.0531
vn 0.8339 0.5491 -0.0548
vn 0.8309 0.5496 -0.0868
vn 0.9897 -0.1058 -0.0966
vn 0.9926 -0.1115 -0.0481
vn 0.9912 -0.1231 -0.0480
vn 0.9827 -0.1750 0.0608
vn 0.9852 -0.1599 0.0618
vn 0.9834 -0.1493 0.1027
vn 0.7584 0.5250 -0.3863
vn 0.9926 0.1212 -0.0111
vn 0.8642 -0.3399 -0.3710
vn 0.7752 0.5404 -0.3271
vn 0.8299 0.4264 -0.3598
vn 0.9079 -0.2371 -0.3457
vn 0.1718 0.8827 -0.4375
vn 0.0635 0.8753 -0.4794
vn 0.1559 0.8589 -0.4878
vn -0.6716 0.7272 0.1417
vn -0.6119 0.7109 0.3469
vn -0.6752 0.6593 0.3307
vn -0.4294 0.9000 0.0750
vn -0.4396 0.8966 0.0538
vn -0.4571 0.8877 0.0552
vn -0.5074 0.7905 -0.3430
vn -0.4295 0.8289 -0.3583
vn -0.4438 0.8346 -0.3264
vn -0.0951 0.9955 0.0043
vn -0.5110 0.7924 -0.3333
vn -0.4998 0.7954 0.3429
vn -0.1215 0.9926 0.0076
vn -0.5357 0.7668 -0.3537
vn -0.5651 0.7347 0.3753
vn -0.4627 0.8849 -0.0530
vn -0.4446 0.8941 -0.0548
vn -0.4458 0.8909 -0.0870
vn 0.2242 0.9697 -0.0968
vn 0.2303 0.9719 -0.0480
vn 0.2417 0.9692 -0.0481
vn 0.2923 0.9544 0.0606
vn 0.2775 0.9587 0.0618
vn 0.2667 0.9583 0.1026
vn 0.1741 0.9035 -0.3917
vn -0.5460 0.7614 0.3494
vn 0.2027 0.9121 0.3565
vn -0.2355 0.9719 0.0047
vn -0.1900 0.9818 -0.0001
vn -0.2887 0.9574 0.0021
vn -0.2580 0.8614 -0.4375
vn -0.3505 0.8045 -0.4796
vn -0.2608 0.8325 -0.4888
vn -0.9325 0.3321 0.1418
vn -0.8720 0.3452 0.3471
vn -0.9046 0.2702 0.3296
vn -0.6107 0.7918 -0.0073
vn -0.7798 0.6211 -0.0782
vn -0.6145 0.7889 0.0022
vn -0.7792 0.6222 0.0762
vn -0.8062 0.5891 0.0547
vn -0.8167 0.5743 0.0553
vn -0.8166 0.4643 -0.3428
vn -0.7690 0.5214 -0.3699
vn -0.7802 0.5338 -0.3263
vn -0.5686 0.8226 0.0079
vn -0.8306 0.4304 -0.3535
vn -0.8419 0.3878 0.3752
vn -0.8210 0.5685 -0.0527
vn -0.8091 0.5851 -0.0548
vn -0.8090 0.5812 -0.0874
vn -0.7297 0.6832 0.0269
vn -0.2522 0.9628 -0.0971
vn -0.2478 0.9676 -0.0480
vn -0.2364 0.9705 -0.0481
vn -0.1847 0.9809 0.0605
vn -0.1998 0.9779 0.0618
vn -0.2092 0.9725 0.1025
vn -0.2649 0.8809 -0.3921
vn -0.8371 0.4209 0.3493
vn -0.2435 0.9018 0.3571
vn -0.5833 0.8111 0.0442
vn -0.4991 0.8636 0.0710
vn -0.5639 0.8258 -0.0004
vn -0.6036 0.7972 -0.0039
vn -0.5393 0.7068 -0.4578
vn -0.5587 0.6889 -0.4619
vn -0.4563 0.7471 -0.4834
vn 0.2623 0.9565 0.1278
vn 0.2438 0.8991 0.3636
vn 0.2357 0.9181 0.3185
vn -0.3387 0.9409 0.0005
vn -0.3133 0.9497 0.0003
vn -0.1438 0.9895 0.0136
vn -0.0388 0.9968 0.0705
vn -0.0078 0.9985 0.0536
vn -0.0275 0.9982 0.0541
vn -0.5483 0.8352 -0.0435
vn -0.3936 0.9193 0.0037
vn -0.5277 0.8489 -0.0296
vn -0.0021 0.9984 -0.0559
vn -0.0169 0.9957 -0.0905
vn -0.0220 0.9983 -0.0544
vn -0.6485 0.7557 -0.0914
vn -0.6648 0.7454 -0.0490
vn -0.6556 0.7535 -0.0488
vn -0.7016 0.7101 0.0602
vn -0.6801 0.7244 0.1127
vn -0.6913 0.7200 0.0608
vn -0.3005 0.9538 0.0024
vn -0.3390 0.9389 -0.0599
vn -0.1376 0.9887 -0.0601
vn -0.4648 0.8854 -0.0046
vn 0.0125 0.9284 -0.3714
vn -0.6918 0.6521 0.3100
vn -0.1805 0.9425 0.2814
vn -0.1435 0.9396 0.3107
vn -0.3932 0.9194 -0.0094
vn -0.2889 0.9573 -0.0020
vn -0.8556 0.2767 -0.4375
vn -0.8610 0.1688 -0.4798
vn -0.8337 0.2584 -0.4880
vn -0.8031 -0.5788 0.1412
vn -0.7791 -0.5220 0.3473
vn -0.7360 -0.5910 0.3302
vn -0.9986 -0.0528 -0.0073
vn -0.9556 -0.2846 -0.0769
vn -0.9983 -0.0576 0.0022
vn -0.9453 -0.3175 0.0750
vn -0.9431 -0.3281 0.0538
vn -0.9364 -0.3465 0.0552
vn -0.8459 -0.4084 -0.3431
vn -0.8655 -0.3374 -0.3703
vn -0.8827 -0.3388 -0.3257
vn -0.9997 0.0255 0.0046
vn -0.8486 -0.4114 -0.3326
vn -0.8498 -0.4001 0.3432
vn -1.0000 -0.0008 0.0081
vn -0.8252 -0.4402 -0.3540
vn -0.7971 -0.4720 0.3765
vn -0.9344 -0.3523 -0.0529
vn -0.9411 -0.3336 -0.0548
vn -0.9381 -0.3353 -0.0869
vn -0.9358 0.3389 -0.0972
vn -0.9371 0.3456 -0.0480
vn -0.9331 0.3564 -0.0483
vn -0.9123 0.4050 0.0603
vn -0.9183 0.3909 0.0617
vn -0.9194 0.3797 0.1023
vn -0.8760 0.2814 -0.3917
vn -0.8220 -0.4498 0.3493
vn -0.8813 0.3108 0.3561
vn -1.0000 0.0049 -0.0005
vn -0.9990 -0.0437 -0.0039
vn -0.8881 -0.0425 -0.4577
vn -0.8844 -0.0684 -0.4617
vn -0.8739 0.0487 -0.4836
vn -0.6382 0.7592 0.1276
vn -0.6014 0.7115 0.3635
vn -0.6224 0.7150 0.3183
vn -0.9668 0.2556 0.0004
vn -0.9596 0.2812 0.0003
vn -0.8968 0.4422 0.0136
vn -0.8432 0.5330 0.0699
vn -0.8262 0.5609 0.0534
vn -0.8377 0.5434 0.0542
vn -0.9380 -0.1572 0.3088
vn -0.9354 0.3535 0.0027
vn -0.9515 0.3075 -0.0019
vn -0.9988 0.0206 -0.0444
vn -0.9801 0.1984 0.0039
vn -0.9985 0.0458 -0.0302
vn -0.8229 0.5654 -0.0559
vn -0.8293 0.5515 -0.0903
vn -0.8341 0.5489 -0.0543
vn -0.9904 -0.1040 -0.0913
vn -0.9911 -0.1237 -0.0489
vn -0.9926 -0.1113 -0.0488
vn -0.9828 -0.1742 0.0604
vn -0.9826 -0.1479 0.1126
vn -0.9853 -0.1598 0.0608
vn -0.9292 -0.0829 0.3601
vn -0.9341 0.3570 0.0001
vn -0.9358 0.3524 -0.0002
vn -0.6428 0.6808 0.3512
vn -0.9364 -0.0898 0.3392
vn -0.9787 0.1898 0.0789
vn -0.8929 0.4481 0.0445
vn -0.9909 0.1332 0.0213
vn -0.8312 0.5556 -0.0178
vn -0.9906 0.1355 -0.0177
vn -0.9925 0.1216 0.0137
vn -0.7563 0.5386 -0.3715
vn -0.9297 -0.1990 0.3100
vn -0.8783 0.3870 0.2808
vn -0.8549 0.4158 0.3102
vn -0.9800 0.1986 -0.0090
vn -0.9520 0.3060 -0.0017
vn -0.8063 0.3751 -0.4575
vn -0.8149 0.3503 -0.4618
vn -0.7511 0.4488 -0.4842
vn -0.2122 0.9689 0.1272
vn -0.2018 0.9094 0.3636
vn -0.2174 0.9226 0.3188
vn -0.7372 0.6756 0.0004
vn -0.7188 0.6953 0.0004
vn -0.5863 0.8100 0.0136
vn -0.4710 0.8805 0.0536
vn -0.4891 0.8705 0.0542
vn -0.9037 0.2965 0.3089
vn -0.6661 0.7459 0.0048
vn -0.6997 0.7144 -0.0023
vn -0.8734 0.4851 -0.0432
vn -0.7757 0.6311 0.0038
vn -0.8620 0.5060 -0.0296
vn -0.4659 0.8831 -0.0559
vn -0.4778 0.8737 -0.0908
vn -0.4834 0.8737 -0.0544
vn -0.9255 0.3675 -0.0915
vn -0.9351 0.3509 -0.0491
vn -0.9308 0.3622 -0.0489
vn -0.9514 0.3021 0.0604
vn -0.9388 0.3254 0.1128
vn -0.9468 0.3161 0.0608
vn -0.6973 0.7168 0.0036
vn -0.7831 0.6151 -0.0913
vn -0.5814 0.8115 -0.0596
vn -0.7754 0.6314 -0.0093
vn -0.7007 0.7134 -0.0019
vn -0.6286 0.6429 -0.4377
vn -0.6848 0.5492 -0.4791
vn -0.6180 0.6159 -0.4885
vn -0.9798 -0.1403 0.1427
vn -0.9325 -0.1004 0.3468
vn -0.9263 -0.1809 0.3304
vn -0.9087 0.4173 -0.0073
vn -0.9787 0.1901 -0.0771
vn -0.9107 0.4130 0.0023
vn -0.9876 0.1472 0.0547
vn -0.9901 0.1290 0.0552
vn -0.8734 0.4871 0.0043
vn -0.9425 0.0296 -0.3329
vn -0.9384 0.0401 0.3433
vn -0.8860 0.4636 0.0080
vn -0.9355 -0.0046 -0.3534
vn -0.9256 -0.0481 0.3755
vn -0.9911 0.1222 -0.0527
vn -0.9883 0.1423 -0.0548
vn -0.9865 0.1391 -0.0868
vn -0.9638 0.2653 0.0270
vn -0.6707 0.7354 -0.0967
vn -0.6690 0.7417 -0.0481
vn -0.6602 0.7495 -0.0481
vn -0.6192 0.7829 0.0605
vn -0.6312 0.7732 0.0618
vn -0.6368 0.7642 0.1026
vn -0.8233 0.5674 -0.0139
vn -0.4210 0.8274 -0.3717
vn -0.9169 0.1083 -0.3841
vn -0.7736 0.6335 0.0143
vn -0.8667 0.4987 0.0010
vn -0.8699 0.4932 0.0063
vn 0.0445 -0.8982 -0.4373
vn 0.1477 -0.8650 -0.4795
vn 0.0541 -0.8710 -0.4883
vn 0.8259 -0.5458 0.1417
vn 0.7641 -0.5440 0.3467
vn 0.8135 -0.4789 0.3301
vn 0.6309 -0.7722 0.0754
vn 0.6408 -0.7658 0.0538
vn 0.6562 -0.7526 0.0551
vn 0.3307 -0.9437 0.0042
vn 0.6856 -0.6474 -0.3329
vn 0.6755 -0.6528 0.3428
vn 0.3555 -0.9346 0.0077
vn 0.7036 -0.6164 -0.3536
vn 0.7246 -0.5784 0.3747
vn 0.6610 -0.7485 -0.0532
vn 0.6457 -0.7616 -0.0549
vn 0.6459 -0.7585 -0.0870
vn 0.0145 -0.9952 -0.0970
vn 0.0091 -0.9988 -0.0481
vn -0.0027 -0.9988 -0.0481
vn -0.0554 -0.9966 0.0605
vn -0.0401 -0.9973 0.0618
vn -0.0299 -0.9943 0.1025
vn 0.3545 -0.8153 -0.4578
vn 0.3778 -0.8024 -0.4620
vn 0.2644 -0.8345 -0.4835
vn -0.4831 -0.8663 0.1273
vn -0.4520 -0.8146 0.3635
vn -0.4485 -0.8351 0.3185
vn 0.1038 -0.9946 0.0004
vn 0.0769 -0.9970 0.0003
vn -0.0976 -0.9951 0.0137
vn -0.2009 -0.9771 0.0705
vn -0.2314 -0.9714 0.0535
vn -0.2122 -0.9757 0.0541
vn 0.4793 -0.8216 0.3085
vn 0.0012 -1.0000 0.0027
vn 0.0499 -0.9988 -0.0022
vn 0.3331 -0.9419 -0.0438
vn 0.1621 -0.9868 0.0037
vn 0.3097 -0.9504 -0.0298
vn -0.2369 -0.9699 -0.0559
vn -0.2219 -0.9709 -0.0906
vn -0.2176 -0.9745 -0.0544
vn 0.4488 -0.8889 -0.0914
vn 0.4672 -0.8828 -0.0490
vn 0.4562 -0.8885 -0.0488
vn 0.5117 -0.8570 0.0603
vn 0.4870 -0.8661 0.1126
vn 0.4988 -0.8646 0.0608
vn 0.4070 -0.8395 0.3599
vn -0.0025 -1.0000 0.0001
vn 0.0025 -1.0000 -0.0000
vn -0.4088 -0.8424 0.3512
vn 0.4161 -0.8436 0.3394
vn -0.2247 -0.9743 -0.0183
vn 0.2268 -0.9737 0.0207
vn -0.2269 -0.9737 0.0207
vn 0.6129 -0.6910 -0.3833
vn 0.2401 -0.9707 -0.0084
vn -0.2339 -0.8985 -0.3714
vn 0.5157 -0.7989 0.3097
vn -0.0505 -0.9585 0.2807
vn -0.0856 -0.9468 0.3102
vn 0.1616 -0.9868 -0.0086
vn 0.0514 -0.9987 -0.0017
vn -0.0652 -0.8867 -0.4577
vn -0.0384 -0.8861 -0.4620
vn -0.1540 -0.8619 -0.4831
vn -0.8307 -0.5416 0.1285
vn -0.7790 -0.5112 0.3631
vn -0.7853 -0.5310 0.3183
vn -0.3534 -0.9355 -0.0003
vn -0.2691 -0.9631 0.0001
vn -0.2773 -0.9599 0.0421
vn -0.3705 -0.9288 0.0005
vn -0.3953 -0.9186 0.0003
vn -0.5482 -0.8362 0.0136
vn -0.6306 -0.7730 0.0701
vn -0.6564 -0.7525 0.0536
vn -0.6406 -0.7660 0.0543
vn 0.0432 -0.9501 0.3088
vn -0.4612 -0.8873 0.0049
vn -0.4199 -0.9076 -0.0023
vn -0.1430 -0.9888 -0.0435
vn -0.3150 -0.9491 0.0037
vn -0.1675 -0.9854 -0.0297
vn -0.6606 -0.7487 -0.0558
vn -0.6474 -0.7568 -0.0907
vn -0.6455 -0.7618 -0.0543
vn -0.0157 -0.9957 -0.0913
vn 0.0034 -0.9988 -0.0491
vn -0.0089 -0.9988 -0.0488
vn 0.0547 -0.9967 0.0602
vn 0.0287 -0.9932 0.1127
vn 0.0399 -0.9974 0.0608
vn -0.0299 -0.9326 0.3597
vn -0.4669 -0.8843 0.0001
vn -0.4626 -0.8866 -0.0001
vn -0.3061 -0.9487 0.0793
vn -0.5524 -0.8324 0.0445
vn -0.6518 -0.7582 -0.0183
vn -0.2516 -0.9676 0.0208
vn -0.6535 -0.7566 0.0207
vn -0.5086 -0.8610 -0.0006
vn -0.5097 -0.8604 -0.0016
vn -0.3154 -0.9489 -0.0084
vn -0.4186 -0.9082 -0.0015
vn -0.3781 -0.8159 -0.4374
vn -0.2712 -0.8347 -0.4793
vn -0.3569 -0.7964 -0.4883
vn 0.4777 -0.8670 0.1416
vn 0.4238 -0.8368 0.3467
vn 0.4978 -0.8019 0.3302
vn -0.0681 -0.9977 -0.0072
vn 0.1695 -0.9825 -0.0770
vn -0.0633 -0.9980 0.0023
vn 0.2013 -0.9767 0.0752
vn 0.2121 -0.9758 0.0538
vn 0.2313 -0.9713 0.0552
vn -0.4793 -0.8216 0.3085
vn -0.1196 -0.9928 0.0076
vn 0.3370 -0.8727 -0.3534
vn 0.3726 -0.8489 0.3748
vn 0.2373 -0.9700 -0.0531
vn 0.2176 -0.9745 -0.0548
vn 0.2197 -0.9717 -0.0871
vn -0.4498 -0.8878 -0.0969
vn -0.4562 -0.8886 -0.0480
vn -0.4665 -0.8832 -0.0481
vn -0.5121 -0.8568 0.0606
vn -0.4989 -0.8644 0.0618
vn -0.4884 -0.8666 0.1027
vn -0.2393 -0.9709 -0.0051
vn -0.6248 -0.6868 -0.3715
vn 0.2257 -0.8968 -0.3805
vn -0.1542 -0.9880 0.0070
vn -0.3160 -0.9488 0.0035
vn -0.1610 -0.9870 0.0033
vn -0.7663 -0.4500 -0.4585
vn -0.7507 -0.4719 -0.4623
vn -0.7964 -0.3631 -0.4837
vn -0.9178 0.3759 0.1275
vn -0.8631 0.3506 0.3635
vn -0.8827 0.3451 0.3188
vn -0.9942 0.0817 0.0704
vn -0.9922 0.1128 0.0537
vn -0.9942 0.0929 0.0541
vn -0.7573 -0.5754 0.3089
vn -0.9922 -0.1248 0.0050
vn -0.9854 -0.1700 -0.0023
vn -0.8959 -0.4422 -0.0426
vn -0.9601 -0.2796 0.0036
vn -0.9065 -0.4212 -0.0294
vn -0.9652 -0.2615 -0.0020
vn -0.9468 -0.3217 -0.0041
vn -0.8996 -0.4355 0.0328
vn -0.9915 0.1173 -0.0559
vn -0.9905 0.1033 -0.0906
vn -0.9937 0.0982 -0.0543
vn -0.8282 -0.5530 -0.0914
vn -0.8200 -0.5703 -0.0491
vn -0.8269 -0.5603 -0.0489
vn -0.7894 -0.6110 0.0602
vn -0.8014 -0.5875 0.1122
vn -0.7980 -0.5996 0.0608
vn -0.9981 -0.0141 -0.0595
vn -0.9984 -0.0573 0.0033
vn -0.9527 -0.2904 -0.0900
vn -0.9601 -0.2795 -0.0088
vn -0.9852 -0.1714 -0.0017
vn -0.8862 -0.1516 -0.4379
vn -0.8411 -0.2511 -0.4790
vn -0.8580 -0.1580 -0.4887
vn -0.4415 -0.8859 0.1423
vn -0.4471 -0.8246 0.3466
vn -0.3772 -0.8653 0.3301
vn -0.8597 -0.5108 -0.0073
vn -0.7097 -0.7002 -0.0782
vn -0.8573 -0.5149 0.0023
vn -0.6891 -0.7208 0.0754
vn -0.6826 -0.7288 0.0538
vn -0.6678 -0.7423 0.0553
vn -0.5595 -0.7547 -0.3428
vn -0.6230 -0.6953 -0.3583
vn -0.6224 -0.7109 -0.3274
vn -0.8970 -0.4420 0.0038
vn -0.5598 -0.7587 -0.3330
vn -0.5667 -0.7491 0.3430
vn -0.8850 -0.4656 0.0078
vn -0.5271 -0.7728 -0.3536
vn -0.4862 -0.7890 0.3757
vn -0.6633 -0.7465 -0.0529
vn -0.6784 -0.7326 -0.0548
vn -0.6743 -0.7333 -0.0872
vn -0.9862 -0.1342 -0.0967
vn -0.9904 -0.1293 -0.0480
vn -0.9919 -0.1175 -0.0480
vn -0.9960 -0.0650 0.0610
vn -0.9948 -0.0803 0.0619
vn -0.9906 -0.0905 0.1023
vn -0.9065 -0.1563 -0.3923
vn -0.5186 -0.7804 0.3492
vn -0.9247 -0.1328 0.3568
vn -0.9527 -0.3027 0.0284
vn -0.9172 0.0789 -0.3905
vn -0.7036 -0.6126 -0.3602
vn -0.9399 0.0210 -0.3408
vn -0.7139 -0.5467 -0.4375
vn -0.6281 -0.6128 -0.4794
vn -0.6862 -0.5392 -0.4882
vn 0.0201 -0.9897 0.1417
vn -0.0133 -0.9379 0.3467
vn 0.0682 -0.9415 0.3301
vn -0.2650 -0.9627 0.0548
vn -0.2474 -0.9674 0.0551
vn -0.5889 -0.8082 0.0044
vn -0.1432 -0.9320 -0.3329
vn -0.1530 -0.9267 0.3432
vn -0.5674 -0.8234 0.0077
vn -0.1074 -0.9290 -0.3541
vn -0.0642 -0.9248 0.3750
vn -0.2406 -0.9692 -0.0529
vn -0.2601 -0.9640 -0.0548
vn -0.2571 -0.9625 -0.0872
vn -0.3801 -0.9246 0.0269
vn -0.8109 -0.5771 -0.0968
vn -0.8170 -0.5746 -0.0481
vn -0.8237 -0.5650 -0.0481
vn -0.8518 -0.5204 0.0603
vn -0.8434 -0.5337 0.0618
vn -0.8353 -0.5401 0.1027
vn -0.4696 -0.7551 -0.4576
vn -0.4456 -0.7668 -0.4621
vn -0.5367 -0.6916 -0.4833
vn -0.9873 -0.0943 0.1277
vn -0.9274 -0.0904 0.3629
vn -0.9421 -0.1049 0.3185
vn -0.7596 -0.6504 0.0004
vn -0.7769 -0.6297 0.0004
vn -0.8742 -0.4855 0.0135
vn -0.9182 -0.3897 0.0705
vn -0.9309 -0.3613 0.0536
vn -0.9236 -0.3795 0.0542
vn -0.4032 -0.8614 0.3088
vn -0.8207 -0.5714 0.0048
vn -0.7936 -0.6084 -0.0024
vn -0.5866 -0.8087 -0.0433
vn -0.7199 -0.6940 0.0037
vn -0.6067 -0.7944 -0.0296
vn -0.7324 -0.6809 -0.0006
vn -0.6664 -0.7455 -0.0101
vn -0.7328 -0.6804 -0.0070
vn -0.9328 -0.3559 -0.0560
vn -0.9251 -0.3688 -0.0906
vn -0.9257 -0.3744 -0.0544
vn -0.4764 -0.8745 -0.0915
vn -0.4610 -0.8860 -0.0492
vn -0.4719 -0.8803 -0.0489
vn -0.4147 -0.9080 0.0602
vn -0.4359 -0.8929 0.1127
vn -0.4280 -0.9017 0.0608
vn -0.7954 -0.6061 0.0036
vn -0.7039 -0.7043 -0.0920
vn -0.8756 -0.4793 -0.0602
vn -0.3642 -0.8782 0.3102
vn -0.8172 -0.5031 0.2812
vn -0.8277 -0.4673 0.3108
vn -0.7202 -0.6937 -0.0089
vn -0.7927 -0.6097 -0.0016
vn -0.2116 -0.3260 -0.9214
vn -0.2447 -0.3159 -0.9167
vn -0.2334 -0.3570 -0.9045
vn -0.2482 -0.3132 -0.9167
vn -0.2658 -0.2835 -0.9214
vn -0.2907 -0.3121 -0.9045
vn -0.2835 -0.2657 -0.9214
vn -0.3132 -0.2481 -0.9167
vn -0.3122 -0.2906 -0.9045
vn -0.3159 -0.2447 -0.9167
vn -0.3259 -0.2116 -0.9214
vn -0.3569 -0.2335 -0.9045
vn -0.3388 -0.1901 -0.9214
vn -0.3635 -0.1660 -0.9167
vn -0.3727 -0.2075 -0.9045
vn -0.3653 -0.1621 -0.9167
vn -0.3671 -0.1275 -0.9214
vn -0.4024 -0.1413 -0.9045
vn -0.3746 -0.1036 -0.9214
vn -0.3927 -0.0743 -0.9167
vn -0.4115 -0.1124 -0.9044
vn -0.3935 -0.0699 -0.9167
vn -0.3869 -0.0359 -0.9214
vn -0.4246 -0.0409 -0.9045
vn -0.3885 -0.0109 -0.9214
vn -0.3991 0.0219 -0.9167
vn -0.4265 -0.0106 -0.9044
vn -0.3988 0.0263 -0.9167
vn -0.3844 0.0577 -0.9214
vn -0.4221 0.0619 -0.9044
vn -0.3799 0.0824 -0.9214
vn -0.3822 0.1168 -0.9166
vn -0.4166 0.0918 -0.9045
vn -0.3809 0.1211 -0.9167
vn -0.3593 0.1480 -0.9214
vn -0.3949 0.1611 -0.9045
vn -0.3491 0.1708 -0.9214
vn -0.3431 0.2049 -0.9167
vn -0.3825 0.1888 -0.9045
vn -0.3408 0.2087 -0.9167
vn -0.3135 0.2297 -0.9214
vn -0.3449 0.2510 -0.9045
vn -0.2980 0.2494 -0.9214
vn -0.2841 0.2810 -0.9167
vn -0.3263 0.2747 -0.9045
vn -0.2810 0.2841 -0.9167
vn -0.2494 0.2980 -0.9214
vn -0.2749 0.3262 -0.9044
vn -0.2296 0.3135 -0.9214
vn -0.2087 0.3408 -0.9167
vn -0.2510 0.3450 -0.9044
vn -0.2049 0.3431 -0.9167
vn -0.1708 0.3491 -0.9214
vn -0.1888 0.3825 -0.9044
vn -0.1480 0.3593 -0.9214
vn -0.1210 0.3809 -0.9167
vn -0.1611 0.3950 -0.9044
vn -0.1168 0.3822 -0.9167
vn -0.0824 0.3798 -0.9214
vn -0.0918 0.4166 -0.9044
vn -0.0570 0.3847 -0.9213
vn -0.0262 0.3992 -0.9165
vn -0.0612 0.4225 -0.9043
vn -0.0221 0.3995 -0.9165
vn 0.0103 0.3889 -0.9212
vn 0.0099 0.4268 -0.9043
vn 0.0360 0.3870 -0.9214
vn 0.0698 0.3935 -0.9167
vn 0.0409 0.4246 -0.9044
vn 0.0742 0.3927 -0.9166
vn 0.1036 0.3745 -0.9214
vn 0.1124 0.4115 -0.9044
vn 0.1275 0.3671 -0.9214
vn 0.1620 0.3653 -0.9167
vn 0.1414 0.4025 -0.9044
vn 0.1660 0.3635 -0.9167
vn 0.1902 0.3389 -0.9214
vn 0.2076 0.3727 -0.9044
vn 0.2124 0.3259 -0.9213
vn 0.2451 0.3162 -0.9165
vn 0.2343 0.3568 -0.9043
vn 0.2484 0.3136 -0.9165
vn 0.2655 0.2843 -0.9212
vn 0.2905 0.3129 -0.9043
vn 0.2835 0.2658 -0.9214
vn 0.3132 0.2482 -0.9167
vn 0.3121 0.2907 -0.9045
vn 0.3159 0.2448 -0.9167
vn 0.3259 0.2117 -0.9214
vn 0.3569 0.2336 -0.9044
vn 0.3389 0.1902 -0.9214
vn 0.3635 0.1660 -0.9167
vn 0.3727 0.2076 -0.9044
vn 0.3653 0.1620 -0.9167
vn 0.3671 0.1274 -0.9214
vn 0.4025 0.1413 -0.9044
vn 0.3746 0.1035 -0.9214
vn 0.3926 0.0742 -0.9167
vn 0.4115 0.1123 -0.9045
vn 0.3934 0.0699 -0.9167
vn 0.3869 0.0360 -0.9214
vn 0.4246 0.0410 -0.9045
vn 0.3884 0.0109 -0.9214
vn 0.3990 -0.0219 -0.9167
vn 0.4264 0.0106 -0.9045
vn 0.3988 -0.0263 -0.9167
vn 0.3843 -0.0577 -0.9214
vn 0.4220 -0.0619 -0.9045
vn 0.3798 -0.0823 -0.9214
vn 0.3821 -0.1167 -0.9167
vn 0.4166 -0.0916 -0.9045
vn 0.3809 -0.1210 -0.9167
vn 0.3593 -0.1480 -0.9214
vn 0.3950 -0.1611 -0.9045
vn 0.3490 -0.1710 -0.9214
vn 0.3431 -0.2048 -0.9167
vn 0.3825 -0.1889 -0.9044
vn 0.3408 -0.2086 -0.9167
vn 0.3135 -0.2296 -0.9214
vn 0.3450 -0.2509 -0.9045
vn 0.2979 -0.2494 -0.9214
vn 0.2841 -0.2809 -0.9167
vn 0.3262 -0.2748 -0.9045
vn 0.2810 -0.2841 -0.9167
vn 0.2493 -0.2980 -0.9214
vn 0.2749 -0.3262 -0.9045
vn 0.2296 -0.3135 -0.9214
vn 0.2086 -0.3408 -0.9167
vn 0.2510 -0.3449 -0.9045
vn 0.2049 -0.3431 -0.9167
vn 0.1708 -0.3490 -0.9214
vn 0.1888 -0.3824 -0.9045
vn 0.1480 -0.3593 -0.9214
vn 0.1210 -0.3808 -0.9167
vn 0.1611 -0.3949 -0.9045
vn 0.1168 -0.3822 -0.9167
vn 0.0823 -0.3798 -0.9214
vn 0.0918 -0.4166 -0.9045
vn 0.0577 -0.3843 -0.9214
vn 0.0263 -0.3987 -0.9167
vn 0.0619 -0.4220 -0.9045
vn 0.0219 -0.3990 -0.9167
vn -0.0109 -0.3884 -0.9214
vn -0.0105 -0.4264 -0.9045
vn -0.0360 -0.3869 -0.9214
vn -0.0699 -0.3935 -0.9167
vn -0.0409 -0.4246 -0.9045
vn -0.0742 -0.3926 -0.9167
vn -0.1035 -0.3746 -0.9214
vn -0.1123 -0.4115 -0.9045
vn -0.1275 -0.3671 -0.9214
vn -0.1620 -0.3653 -0.9167
vn -0.1413 -0.4025 -0.9044
vn -0.1660 -0.3635 -0.9167
vn -0.1902 -0.3389 -0.9214
vn -0.2075 -0.3727 -0.9044
vn -0.2464 -0.3144 -0.9167
vn -0.2889 -0.3134 -0.9046
vn -0.2352 -0.3555 -0.9046
vn -0.3147 -0.2465 -0.9166
vn -0.3557 -0.2352 -0.9045
vn -0.3137 -0.2889 -0.9045
vn -0.3643 -0.1642 -0.9167
vn -0.4014 -0.1434 -0.9046
vn -0.3735 -0.2056 -0.9046
vn -0.3930 -0.0721 -0.9167
vn -0.4241 -0.0431 -0.9046
vn -0.4119 -0.1102 -0.9046
vn -0.3988 0.0242 -0.9167
vn -0.4221 0.0598 -0.9046
vn -0.4263 -0.0082 -0.9046
vn -0.3814 0.1190 -0.9167
vn -0.3954 0.1591 -0.9046
vn -0.4157 0.0940 -0.9046
vn -0.3418 0.2068 -0.9167
vn -0.3458 0.2492 -0.9046
vn -0.3812 0.1907 -0.9046
vn -0.2827 0.2826 -0.9166
vn -0.2765 0.3247 -0.9045
vn -0.3248 0.2763 -0.9045
vn -0.2070 0.3418 -0.9167
vn -0.1909 0.3812 -0.9046
vn -0.2493 0.3460 -0.9045
vn -0.1187 0.3807 -0.9171
vn -0.0937 0.4151 -0.9049
vn -0.1588 0.3948 -0.9049
vn -0.0242 0.3998 -0.9163
vn 0.0078 0.4270 -0.9042
vn -0.0591 0.4230 -0.9042
vn 0.0718 0.3921 -0.9171
vn 0.1100 0.4110 -0.9050
vn 0.0429 0.4233 -0.9050
vn 0.1638 0.3639 -0.9169
vn 0.2054 0.3731 -0.9048
vn 0.1432 0.4011 -0.9048
vn 0.2470 0.3147 -0.9165
vn 0.2890 0.3140 -0.9044
vn 0.2361 0.3554 -0.9044
vn 0.3142 0.2465 -0.9168
vn 0.3552 0.2354 -0.9047
vn 0.3132 0.2890 -0.9047
vn 0.3644 0.1642 -0.9167
vn 0.4015 0.1435 -0.9045
vn 0.3735 0.2058 -0.9045
vn 0.3931 0.0724 -0.9167
vn 0.4242 0.0435 -0.9045
vn 0.4119 0.1104 -0.9045
vn 0.3989 -0.0241 -0.9167
vn 0.4221 -0.0598 -0.9046
vn 0.4263 0.0084 -0.9046
vn 0.3816 -0.1186 -0.9167
vn 0.3957 -0.1587 -0.9046
vn 0.4160 -0.0935 -0.9046
vn 0.3418 -0.2064 -0.9169
vn 0.3459 -0.2486 -0.9047
vn 0.3811 -0.1905 -0.9047
vn 0.2827 -0.2822 -0.9167
vn 0.2766 -0.3243 -0.9046
vn 0.3248 -0.2761 -0.9046
vn 0.2072 -0.3421 -0.9165
vn 0.1911 -0.3814 -0.9044
vn 0.2494 -0.3462 -0.9044
vn 0.1189 -0.3817 -0.9166
vn 0.0939 -0.4160 -0.9045
vn 0.1590 -0.3958 -0.9045
vn 0.0242 -0.3991 -0.9166
vn -0.0083 -0.4264 -0.9045
vn 0.0597 -0.4224 -0.9044
vn -0.0720 -0.3929 -0.9167
vn -0.1101 -0.4118 -0.9046
vn -0.0430 -0.4241 -0.9046
vn -0.1639 -0.3642 -0.9168
vn -0.2054 -0.3734 -0.9046
vn -0.1433 -0.4014 -0.9046
vn -0.0006 -0.0032 -1.0000
vn -0.0044 -0.0140 -0.9999
vn -0.0030 -0.0163 -0.9999
vn -0.0016 -0.0031 -1.0000
vn -0.0081 -0.0133 -0.9999
vn -0.0061 -0.0139 -0.9999
vn -0.0008 -0.0145 -0.9999
vn -0.0005 -0.0032 -1.0000
vn -0.0029 -0.0163 -0.9999
vn -0.0029 0.0020 -1.0000
vn -0.0122 0.0096 -0.9999
vn -0.0132 0.0079 -0.9999
vn -0.0023 0.0026 -1.0000
vn -0.0095 0.0122 -0.9999
vn -0.0109 0.0108 -0.9999
vn -0.0033 0.0002 -1.0000
vn -0.0145 0.0027 -0.9999
vn -0.0166 0.0011 -0.9999
vn -0.0033 0.0012 -1.0000
vn -0.0141 0.0064 -0.9999
vn -0.0145 0.0044 -0.9999
vn -0.0023 -0.0026 -1.0000
vn -0.0110 -0.0110 -0.9999
vn -0.0094 -0.0122 -0.9999
vn -0.0031 -0.0010 -1.0000
vn -0.0164 -0.0052 -0.9999
vn -0.0132 -0.0061 -0.9999
vn -0.0029 -0.0020 -1.0000
vn -0.0130 -0.0077 -0.9999
vn -0.0121 -0.0096 -0.9999
vn -0.0147 -0.0010 -0.9999
vn -0.0033 0.0001 -1.0000
vn -0.0167 0.0010 -0.9999
vn -0.0164 -0.0050 -0.9999
vn -0.0033 -0.0009 -1.0000
vn -0.0144 -0.0025 -0.9999
vn 0.0007 -0.0033 -1.0000
vn 0.0032 -0.0169 -0.9999
vn 0.0044 -0.0138 -0.9999
vn 0.0030 -0.0169 -0.9999
vn 0.0005 -0.0032 -1.0000
vn 0.0007 -0.0146 -0.9999
vn 0.0023 -0.0026 -1.0000
vn 0.0096 -0.0123 -0.9999
vn 0.0109 -0.0108 -0.9999
vn 0.0016 -0.0031 -1.0000
vn 0.0061 -0.0138 -0.9999
vn 0.0080 -0.0131 -0.9999
vn 0.0034 0.0004 -1.0000
vn 0.0155 0.0009 -0.9999
vn 0.0151 0.0029 -0.9999
vn 0.0032 -0.0012 -1.0000
vn 0.0141 -0.0064 -0.9999
vn 0.0147 -0.0045 -0.9999
vn 0.0035 -0.0004 -1.0000
vn 0.0153 -0.0028 -0.9999
vn 0.0153 -0.0008 -0.9999
vn 0.0029 -0.0020 -1.0000
vn 0.0122 -0.0097 -0.9999
vn 0.0132 -0.0079 -0.9999
vn -0.0016 0.0031 -1.0000
vn -0.0061 0.0138 -0.9999
vn -0.0080 0.0131 -0.9999
vn -0.0031 0.0170 -0.9999
vn -0.0005 0.0034 -1.0000
vn -0.0008 0.0147 -0.9999
vn -0.0007 0.0032 -1.0000
vn -0.0032 0.0169 -0.9999
vn -0.0044 0.0138 -0.9999
vn 0.0014 0.0031 -1.0000
vn 0.0077 0.0126 -0.9999
vn 0.0069 0.0151 -0.9999
vn 0.0043 0.0141 -0.9999
vn 0.0013 0.0031 -1.0000
vn 0.0068 0.0151 -0.9999
vn 0.0008 0.0151 -0.9999
vn 0.0004 0.0035 -1.0000
vn 0.0029 0.0149 -0.9999
vn 0.0028 0.0019 -1.0000
vn 0.0133 0.0080 -0.9999
vn 0.0120 0.0096 -0.9999
vn 0.0032 0.0012 -1.0000
vn 0.0148 0.0046 -0.9999
vn 0.0139 0.0064 -0.9999
vn 0.0023 0.0026 -1.0000
vn 0.0111 0.0110 -0.9999
vn 0.0093 0.0121 -0.9999
vn -0.0907 -0.3132 -0.9454
vn -0.0065 -0.0202 -0.9998
vn -0.1032 -0.3093 -0.9454
vn -0.0131 -0.3257 -0.9454
vn -0.0011 -0.0211 -0.9998
vn -0.0262 -0.3249 -0.9454
vn -0.2061 0.2526 -0.9454
vn -0.0133 0.0172 -0.9998
vn -0.1958 0.2607 -0.9454
vn -0.3000 0.1278 -0.9453
vn -0.0199 0.0091 -0.9998
vn -0.2946 0.1397 -0.9454
vn -0.2258 -0.2351 -0.9454
vn -0.0156 -0.0154 -0.9998
vn -0.2351 -0.2259 -0.9454
vn -0.3092 -0.1031 -0.9454
vn -0.0225 -0.0070 -0.9997
vn -0.3131 -0.0907 -0.9454
vn -0.2755 -0.1741 -0.9454
vn -0.0184 -0.0109 -0.9998
vn -0.2823 -0.1629 -0.9454
vn -0.3248 -0.0261 -0.9454
vn -0.0210 -0.0015 -0.9998
vn -0.3257 -0.0131 -0.9454
vn 0.2061 -0.2525 -0.9454
vn 0.0134 -0.0173 -0.9998
vn 0.1958 -0.2606 -0.9454
vn 0.3248 0.0262 -0.9454
vn 0.0218 0.0012 -0.9998
vn 0.3257 0.0131 -0.9454
vn 0.3217 -0.0524 -0.9454
vn 0.0214 -0.0041 -0.9998
vn 0.3194 -0.0652 -0.9454
vn 0.2756 0.1742 -0.9454
vn 0.0188 0.0111 -0.9998
vn 0.2824 0.1630 -0.9454
vn 0.2256 0.2357 -0.9453
vn 0.0155 0.0153 -0.9998
vn 0.2351 0.2258 -0.9454
vn -0.2586 -0.3552 -0.8983
vn -0.0016 -0.0027 -1.0000
vn -0.1942 -0.3941 -0.8983
vn -0.3362 -0.2827 -0.8984
vn -0.0023 -0.0021 -1.0000
vn -0.2830 -0.3359 -0.8984
vn -0.3938 -0.1942 -0.8984
vn -0.0026 -0.0016 -1.0000
vn -0.3550 -0.2586 -0.8984
vn -0.4390 0.0112 -0.8984
vn -0.0030 -0.0002 -1.0000
vn -0.4346 -0.0640 -0.8983
vn -0.4236 0.1159 -0.8984
vn -0.0030 0.0006 -1.0000
vn -0.4372 0.0418 -0.8984
vn -0.3838 0.2138 -0.8983
vn -0.0028 0.0011 -1.0000
vn -0.4145 0.1451 -0.8984
vn -0.3213 0.2995 -0.8984
vn -0.0023 0.0018 -1.0000
vn -0.3677 0.2403 -0.8984
vn -0.2402 0.3678 -0.8983
vn -0.0019 0.0026 -1.0000
vn -0.2995 0.3215 -0.8983
vn -0.1453 0.4145 -0.8984
vn -0.0012 0.0028 -1.0000
vn -0.2139 0.3836 -0.8984
vn -0.0419 0.4371 -0.8984
vn -0.0005 0.0027 -1.0000
vn -0.1159 0.4235 -0.8985
vn 0.0640 0.4346 -0.8984
vn 0.0002 0.0029 -1.0000
vn -0.0112 0.4390 -0.8984
vn 0.1662 0.4066 -0.8984
vn 0.0008 0.0027 -1.0000
vn 0.0943 0.4290 -0.8984
vn 0.2587 0.3553 -0.8982
vn 0.0016 0.0028 -1.0000
vn 0.1943 0.3943 -0.8982
vn 0.3360 0.2828 -0.8984
vn 0.0021 0.0021 -1.0000
vn 0.2828 0.3360 -0.8984
vn 0.3941 0.1942 -0.8983
vn 0.0025 0.0015 -1.0000
vn 0.3549 0.2586 -0.8984
vn 0.4293 0.0941 -0.8983
vn 0.0029 0.0008 -1.0000
vn 0.4068 0.1660 -0.8983
vn 0.4394 -0.0110 -0.8982
vn 0.0030 0.0003 -1.0000
vn 0.4348 0.0642 -0.8983
vn 0.4239 -0.1158 -0.8983
vn 0.0030 -0.0004 -1.0000
vn 0.4376 -0.0418 -0.8982
vn 0.3837 -0.2141 -0.8983
vn 0.0027 -0.0013 -1.0000
vn 0.4146 -0.1454 -0.8983
vn 0.3215 -0.2996 -0.8983
vn 0.0024 -0.0018 -1.0000
vn 0.3679 -0.2403 -0.8983
vn 0.2404 -0.3679 -0.8982
vn 0.0019 -0.0025 -1.0000
vn 0.2997 -0.3216 -0.8982
vn 0.1454 -0.4148 -0.8982
vn 0.0013 -0.0029 -1.0000
vn 0.2141 -0.3839 -0.8982
vn 0.0419 -0.4372 -0.8984
vn 0.0005 -0.0028 -1.0000
vn 0.1159 -0.4236 -0.8984
vn -0.0640 -0.4347 -0.8983
vn -0.0002 -0.0031 -1.0000
vn 0.0111 -0.4393 -0.8983
vn -0.1660 -0.4064 -0.8985
vn -0.0008 -0.0026 -1.0000
vn -0.0941 -0.4288 -0.8985
vn -0.4484 -0.1000 -0.8882
vn -0.0029 -0.0008 -1.0000
vn -0.4260 -0.1720 -0.8882
vn 0.0209 -0.0094 -0.9997
vn 0.0008 0.0132 -0.9999
vn 0.0716 0.0223 -0.9972
vn -0.0415 0.0530 -0.9977
vn -0.0506 0.2764 -0.9597
vn 0.0715 0.0223 -0.9972
vn 0.2762 -0.0506 -0.9598
vn -0.0278 -0.0087 -0.9996
vn -0.0054 -0.0173 -0.9998
vn 0.1447 0.0875 -0.9856
vn 0.2763 -0.0507 -0.9597
vn 0.3249 0.0197 -0.9455
vn -0.2788 -0.1686 -0.9454
vn -0.0279 -0.0088 -0.9996
vn -0.1565 -0.1565 -0.9752
vn -0.3250 -0.0196 -0.9455
vn -0.0695 0.0128 -0.9975
vn -0.2563 0.2008 -0.9455
vn -0.0416 0.0531 -0.9977
vn -0.2563 0.1153 -0.9597
vn -0.1337 0.2969 -0.9455
vn -0.0507 0.2762 -0.9598
vn -0.0416 0.0529 -0.9977
vn 0.1145 0.1892 -0.9752
vn 0.0008 0.0131 -0.9999
vn 0.0969 0.3108 -0.9455
vn 0.1293 -0.3335 -0.9338
vn 0.0776 -0.2464 -0.9661
vn 0.1612 -0.3969 -0.9036
vn -0.4238 0.0616 -0.9036
vn -0.2578 0.0163 -0.9661
vn -0.3548 0.0458 -0.9338
vn 0.0458 -0.3548 -0.9338
vn 0.0164 -0.2579 -0.9660
vn 0.0616 -0.4239 -0.9036
vn -0.3970 0.1613 -0.9035
vn -0.2465 0.0776 -0.9660
vn -0.3336 0.1294 -0.9338
vn -0.0405 -0.3554 -0.9338
vn -0.0458 -0.2543 -0.9660
vn -0.0417 -0.4263 -0.9036
vn -0.3467 0.2516 -0.9036
vn -0.2207 0.1343 -0.9661
vn -0.2929 0.2054 -0.9338
vn -0.1244 -0.3354 -0.9338
vn -0.1054 -0.2359 -0.9661
vn -0.1425 -0.4039 -0.9036
vn -0.2765 0.3272 -0.9036
vn -0.1822 0.1832 -0.9661
vn -0.2352 0.2695 -0.9338
vn -0.2010 -0.2959 -0.9338
vn -0.1587 -0.2038 -0.9661
vn -0.2350 -0.3581 -0.9036
vn -0.1902 0.3838 -0.9036
vn -0.1330 0.2214 -0.9661
vn -0.1639 0.3180 -0.9338
vn -0.2660 -0.2392 -0.9338
vn -0.2029 -0.1600 -0.9660
vn -0.3139 -0.2916 -0.9036
vn -0.0928 0.4182 -0.9036
vn -0.0762 0.2469 -0.9661
vn -0.0830 0.3480 -0.9338
vn -0.3155 -0.1686 -0.9338
vn -0.2353 -0.1067 -0.9661
vn -0.3745 -0.2079 -0.9036
vn 0.0100 0.4283 -0.9036
vn -0.0148 0.2580 -0.9660
vn 0.0027 0.3578 -0.9338
vn -0.3468 -0.0882 -0.9338
vn -0.2540 -0.0473 -0.9660
vn -0.4134 -0.1122 -0.9036
vn 0.1122 0.4134 -0.9036
vn 0.0473 0.2540 -0.9660
vn 0.0882 0.3467 -0.9338
vn -0.3578 -0.0027 -0.9338
vn -0.2580 0.0149 -0.9660
vn -0.4282 -0.0100 -0.9036
vn 0.2079 0.3746 -0.9036
vn 0.1068 0.2353 -0.9660
vn 0.1686 0.3156 -0.9338
vn -0.3479 0.0830 -0.9338
vn -0.2468 0.0762 -0.9661
vn -0.4180 0.0928 -0.9037
vn 0.2914 0.3139 -0.9036
vn 0.1599 0.2030 -0.9660
vn 0.2392 0.2660 -0.9338
vn -0.3182 0.1639 -0.9338
vn -0.2216 0.1331 -0.9660
vn -0.3840 0.1902 -0.9035
vn 0.3581 0.2350 -0.9036
vn 0.2038 0.1587 -0.9661
vn 0.2958 0.2010 -0.9338
vn -0.2695 0.2352 -0.9338
vn -0.1832 0.1822 -0.9661
vn -0.3272 0.2765 -0.9036
vn 0.4039 0.1424 -0.9036
vn 0.2358 0.1053 -0.9661
vn 0.3353 0.1243 -0.9339
vn -0.2054 0.2929 -0.9338
vn -0.1343 0.2207 -0.9661
vn -0.2515 0.3467 -0.9036
vn 0.4262 0.0417 -0.9037
vn 0.2542 0.0458 -0.9661
vn 0.3554 0.0405 -0.9338
vn -0.1293 0.3335 -0.9338
vn -0.0776 0.2464 -0.9660
vn -0.1612 0.3969 -0.9036
vn 0.4240 -0.0616 -0.9036
vn 0.2578 -0.0163 -0.9661
vn 0.3547 -0.0457 -0.9338
vn -0.0458 0.3548 -0.9338
vn -0.0163 0.2578 -0.9660
vn -0.0616 0.4239 -0.9036
vn 0.3968 -0.1611 -0.9037
vn 0.2465 -0.0776 -0.9660
vn 0.3336 -0.1293 -0.9338
vn 0.0405 0.3554 -0.9338
vn 0.0458 0.2543 -0.9660
vn 0.0417 0.4263 -0.9036
vn 0.3467 -0.2515 -0.9036
vn 0.2207 -0.1343 -0.9660
vn 0.2929 -0.2054 -0.9338
vn 0.1244 0.3355 -0.9338
vn 0.1054 0.2359 -0.9661
vn 0.1425 0.4040 -0.9036
vn 0.2765 -0.3271 -0.9036
vn 0.1821 -0.1833 -0.9660
vn 0.2352 -0.2695 -0.9338
vn 0.2010 0.2959 -0.9338
vn 0.1587 0.2038 -0.9660
vn 0.2350 0.3581 -0.9036
vn 0.1901 -0.3838 -0.9036
vn 0.1330 -0.2215 -0.9661
vn 0.1639 -0.3180 -0.9338
vn 0.2660 0.2392 -0.9338
vn 0.2029 0.1600 -0.9660
vn 0.3139 0.2915 -0.9036
vn 0.0928 -0.4182 -0.9036
vn 0.0762 -0.2469 -0.9661
vn 0.0830 -0.3480 -0.9338
vn 0.3155 0.1685 -0.9339
vn 0.2352 0.1067 -0.9661
vn 0.3745 0.2079 -0.9036
vn -0.0100 -0.4283 -0.9036
vn 0.0149 -0.2579 -0.9660
vn -0.0027 -0.3577 -0.9338
vn 0.3468 0.0882 -0.9338
vn 0.2540 0.0473 -0.9660
vn 0.4134 0.1122 -0.9036
vn -0.1122 -0.4134 -0.9036
vn -0.0473 -0.2540 -0.9661
vn -0.0882 -0.3467 -0.9338
vn 0.3577 0.0026 -0.9338
vn 0.2579 -0.0149 -0.9661
vn 0.4281 0.0099 -0.9037
vn -0.2079 -0.3745 -0.9036
vn -0.1067 -0.2353 -0.9661
vn -0.1686 -0.3155 -0.9338
vn 0.3480 -0.0831 -0.9338
vn 0.2469 -0.0761 -0.9660
vn 0.4184 -0.0927 -0.9035
vn -0.2914 -0.3139 -0.9036
vn -0.1599 -0.2029 -0.9660
vn -0.2392 -0.2660 -0.9338
vn 0.3179 -0.1639 -0.9338
vn 0.2215 -0.1330 -0.9661
vn 0.3839 -0.1901 -0.9036
vn -0.3582 -0.2350 -0.9036
vn -0.2039 -0.1588 -0.9660
vn -0.2959 -0.2010 -0.9338
vn 0.2695 -0.2352 -0.9338
vn 0.1832 -0.1822 -0.9660
vn 0.3272 -0.2765 -0.9036
vn -0.4041 -0.1425 -0.9036
vn -0.2360 -0.1053 -0.9660
vn -0.3356 -0.1243 -0.9338
vn 0.2052 -0.2928 -0.9339
vn 0.1341 -0.2206 -0.9661
vn 0.2513 -0.3466 -0.9037
vn -0.4263 -0.0416 -0.9036
vn -0.2543 -0.0458 -0.9660
vn -0.3555 -0.0404 -0.9338
vn -0.0004 -0.0021 -1.0000
vn 0.0150 0.2474 -0.9688
vn 0.0808 0.4412 -0.8938
vn -0.0021 0.0001 -1.0000
vn 0.2476 0.0150 -0.9687
vn 0.4486 -0.0271 -0.8933
vn -0.0021 -0.0006 -1.0000
vn 0.4324 0.1347 -0.8916
vn 0.2445 0.0448 -0.9686
vn 0.0004 -0.0022 -1.0000
vn -0.0816 0.4450 -0.8918
vn -0.0150 0.2479 -0.9687
vn 0.0009 0.0020 -1.0000
vn -0.0809 -0.2595 -0.9624
vn -0.1848 -0.4106 -0.8929
vn 0.0003 0.0022 -1.0000
vn -0.0161 -0.2691 -0.9630
vn -0.0485 -0.2646 -0.9631
vn 0.0015 0.0017 -1.0000
vn -0.1663 -0.2123 -0.9630
vn -0.2074 -0.2077 -0.9560
vn -0.2055 0.9177 0.3400
vn 0.6028 0.7114 0.3614
vn 0.6075 0.7170 0.3418
vn 0.5001 0.8649 0.0433
vn 0.5725 0.8170 0.0692
vn 0.5673 0.8235 -0.0005
vn 0.0409 0.9982 0.0432
vn 0.1273 0.9894 0.0692
vn 0.1197 0.9928 -0.0005
vn 0.6314 -0.7743 0.0433
vn 0.5607 -0.8251 0.0692
vn 0.5688 -0.8225 -0.0005
vn 0.9189 -0.3922 0.0433
vn 0.8799 -0.4700 0.0692
vn 0.8859 -0.4639 -0.0005
vn 0.8849 0.4657 -0.0005
vn 0.8446 0.5336 0.0432
vn 0.8866 0.4573 0.0692
vn 0.9959 0.0798 0.0432
vn 0.9976 -0.0072 0.0693
vn 1.0000 0.0011 -0.0005
vn -0.3488 0.9362 0.0421
vn -0.2637 0.9566 0.1241
vn -0.2866 0.9581 0.0002
vn -0.9860 0.1610 0.0433
vn -0.9669 0.2457 0.0692
vn -0.9712 0.2385 -0.0006
vn -0.7982 0.6008 0.0432
vn -0.7420 0.6668 0.0692
vn -0.7492 0.6624 -0.0005
vn 0.1992 -0.9790 0.0432
vn 0.1131 -0.9912 0.0692
vn 0.1214 -0.9926 -0.0005
vn -0.2785 -0.9595 0.0432
vn -0.3605 -0.9302 0.0692
vn -0.3538 -0.9353 -0.0006
vn -0.9878 -0.1555 0.0023
vn -0.9707 -0.2403 -0.0017
vn -0.9827 -0.1704 0.0728
vn -0.6926 -0.7200 0.0432
vn -0.7515 -0.6561 0.0691
vn -0.7479 -0.6638 -0.0005
vn 0.9661 0.2381 0.0993
vn 0.9860 0.1611 0.0433
vn 0.9698 0.2439 -0.0002
vn -0.9675 -0.2385 0.0842
vn -0.9827 -0.1703 0.0727
vn -0.9707 -0.2403 -0.0005
vn 0.7518 0.6580 -0.0430
vn 0.7331 0.6786 -0.0459
vn 0.8299 0.4512 -0.3281
vn 0.7866 0.5154 -0.3402
vn 0.8086 0.4905 -0.3248
vn 0.8592 0.3663 0.3573
vn 0.8584 0.3407 0.3835
vn 0.4037 0.9145 0.0274
vn 0.1227 0.9355 -0.3313
vn 0.1604 0.9305 -0.3292
vn 0.2419 0.9182 0.3138
vn 0.1650 0.9192 0.3576
vn 0.2448 0.9003 0.3599
vn 0.2588 0.8741 -0.4111
vn 0.8141 0.4660 -0.3465
vn 0.8297 0.4317 -0.3540
vn 0.8473 0.3898 -0.3608
vn 0.5122 0.8589 -0.0003
vn 0.5545 0.8322 0.0022
vn 0.5675 0.8233 -0.0005
vn 0.5561 0.8311 -0.0065
vn 0.5827 0.8127 -0.0010
vn 0.5606 0.8280 -0.0090
vn 0.6069 0.7948 -0.0000
vn 0.7345 0.6777 0.0342
vn 0.6278 0.7783 0.0030
vn 0.5637 0.8260 -0.0010
vn 0.1665 0.9293 0.3297
vn 0.6259 0.7799 -0.0008
vn 0.5446 0.8387 0.0024
vn 0.8209 0.5708 -0.0173
vn 0.8212 0.5702 0.0210
vn 0.2377 0.9712 -0.0138
vn 0.4224 0.9063 0.0142
vn 0.2172 0.9758 0.0243
vn 0.8115 0.4808 0.3321
vn 0.5440 0.8391 0.0032
vn 0.5058 0.8626 -0.0013
vn 0.8310 0.4464 0.3319
vn 0.8129 0.4790 0.3312
vn 0.8235 0.4362 0.3626
vn 0.2388 0.9177 -0.3174
vn 0.1708 0.9295 -0.3268
vn 0.6611 0.7503 0.0001
vn 0.6631 0.7485 -0.0001
vn 0.6651 0.7467 -0.0001
vn 0.1178 0.9336 0.3385
vn 0.1794 0.9124 0.3678
vn 0.5926 0.8055 0.0028
vn 0.7602 0.5439 -0.3554
vn 0.7701 0.5536 -0.3169
vn 0.5913 0.8065 -0.0044
vn 0.6267 0.7793 0.0012
vn 0.5061 0.8625 0.0010
vn 0.4649 0.8854 -0.0000
vn 0.1913 0.9284 0.3185
vn 0.5348 0.8450 -0.0055
vn 0.6223 0.7828 -0.0015
vn 0.6228 0.7824 0.0032
vn 0.6057 0.7957 -0.0000
vn 0.4267 0.9044 -0.0058
vn 0.5485 0.8362 -0.0046
vn 0.4647 0.8854 -0.0094
vn 0.8172 0.4621 -0.3445
vn 0.5688 0.8224 0.0075
vn 0.5468 0.8372 -0.0013
vn 0.7640 0.5382 0.3559
vn 0.7738 0.5490 0.3161
vn 0.4665 0.8845 -0.0000
vn 0.4668 0.8843 -0.0023
vn 0.5867 0.8086 -0.0454
vn 0.1190 0.9211 0.3707
vn 0.8705 0.3530 -0.3430
vn 0.8023 0.4633 -0.3764
vn 0.2264 0.9197 0.3208
vn 0.1332 0.9408 0.3118
vn 0.2423 0.9700 -0.0213
vn 0.2229 0.9745 0.0254
vn 0.7605 0.5346 -0.3686
vn 0.2003 0.8860 0.4182
vn 0.1267 0.9187 0.3740
vn 0.4778 0.8783 -0.0173
vn 0.3344 0.8697 0.3630
vn 0.3634 0.8523 -0.3761
vn 0.8496 0.3632 0.3825
vn 0.6648 0.7470 0.0032
vn 0.8283 0.3683 -0.4221
vn 0.6988 0.7153 -0.0006
vn 0.7001 0.7141 -0.0000
vn 0.5883 0.8086 -0.0001
vn 0.1207 0.9918 -0.0423
vn -0.1000 0.9394 -0.3279
vn -0.0226 0.9401 -0.3401
vn -0.1065 0.9271 -0.3594
vn -0.2370 0.9037 0.3567
vn 0.3790 0.9254 0.0006
vn 0.4278 0.9039 0.0001
vn 0.4160 0.9094 -0.0002
vn 0.5255 0.8504 0.0265
vn 0.6710 0.6619 -0.3342
vn 0.6904 0.6402 -0.3368
vn 0.6627 0.6580 0.3575
vn 0.5808 0.7091 -0.3998
vn -0.0509 0.9237 -0.3797
vn 0.3508 0.9356 0.0401
vn 0.4284 0.9026 0.0426
vn 0.3936 0.9193 0.0024
vn 0.3688 0.9295 0.0023
vn 0.3554 0.9347 -0.0000
vn 0.3311 0.9436 -0.0000
vn 0.3388 0.9409 0.0005
vn 0.3682 0.9297 -0.0065
vn 0.3620 0.9321 -0.0087
vn 0.3094 0.9509 0.0001
vn 0.1399 0.9894 0.0390
vn 0.1198 0.9920 0.0386
vn 0.1417 0.9890 -0.0424
vn 0.3140 0.9494 -0.0014
vn 0.3124 0.9499 0.0031
vn 0.3132 0.9497 -0.0039
vn 0.3596 0.9331 -0.0010
vn 0.6703 0.6649 0.3297
vn 0.2417 0.9704 -0.0000
vn 0.3827 0.9239 -0.0033
vn -0.0556 0.9442 -0.3245
vn 0.0043 0.9998 -0.0175
vn 0.0022 0.9998 0.0206
vn 0.6642 0.7474 -0.0142
vn 0.5278 0.8488 -0.0304
vn 0.5477 0.8352 -0.0502
vn 0.5055 0.8627 0.0139
vn 0.5016 0.8651 -0.0068
vn 0.6795 0.7333 0.0229
vn -0.0653 0.9410 0.3322
vn 0.3803 0.9249 -0.0031
vn -0.1096 0.9379 0.3291
vn -0.0639 0.9398 0.3358
vn 0.6196 0.7179 -0.3174
vn 0.2366 0.9716 -0.0022
vn 0.1926 0.9813 0.0012
vn 0.2393 0.9709 -0.0001
vn 0.7014 0.6269 0.3392
vn 0.6787 0.6540 0.3343
vn 0.6946 0.6183 0.3676
vn 0.3264 0.9452 0.0028
vn 0.0157 0.9346 -0.3555
vn 0.0183 0.9483 -0.3168
vn 0.6684 0.6685 -0.3261
vn 0.3291 0.9443 0.0033
vn 0.2420 0.9703 -0.0022
vn 0.4202 0.9074 -0.0054
vn 0.6554 0.6847 0.3188
vn 0.2875 0.9578 -0.0022
vn 0.3107 0.9505 0.0002
vn 0.2908 0.9568 0.0012
vn 0.3764 0.9265 -0.0034
vn 0.5242 0.8511 0.0289
vn 0.2901 0.9570 0.0027
vn 0.3793 0.9253 -0.0009
vn -0.0018 0.9447 0.3279
vn 0.4628 0.8864 0.0023
vn 0.4226 0.9063 -0.0011
vn 0.4626 0.8866 -0.0022
vn 0.5814 0.7116 -0.3944
vn 0.0102 0.9485 0.3165
vn -0.1262 0.9149 -0.3834
vn 0.6985 0.6442 0.3117
vn 0.0150 0.9997 -0.0178
vn 0.0127 0.9997 0.0207
vn 0.6608 0.7503 -0.0211
vn 0.6755 0.7369 0.0254
vn 0.6156 0.6682 0.4177
vn 0.0080 0.9294 -0.3689
vn 0.6842 0.6263 0.3737
vn 0.2886 0.9574 0.0051
vn -0.2017 0.9189 0.3391
vn 0.2889 0.9573 -0.0020
vn 0.1804 0.9428 0.2803
vn 0.6920 0.6524 0.3092
vn 0.1437 0.9399 0.3098
vn 0.3886 0.9214 -0.0051
vn 0.1560 0.9290 0.3355
vn 0.5378 0.8431 -0.0015
vn 0.7606 0.5690 -0.3127
vn 0.0308 0.9472 -0.3192
vn 0.0355 0.9483 -0.3154
vn 0.6478 0.6452 0.4052
vn 0.7546 0.5382 -0.3753
vn 0.1311 0.9162 0.3787
vn 0.3597 0.9331 -0.0005
vn 0.2869 0.9580 0.0010
vn 0.3932 0.9194 -0.0094
vn 0.3917 0.9201 -0.0053
vn 0.3862 0.9224 0.0071
vn 0.5338 0.8456 0.0026
vn 0.3926 0.9197 0.0023
vn 0.3574 0.9330 -0.0424
vn 0.3332 0.9416 -0.0490
vn 0.5250 0.7854 -0.3278
vn 0.4568 0.8219 -0.3403
vn 0.4879 0.8103 -0.3245
vn 0.5910 0.7234 0.3569
vn 0.6019 0.7007 0.3831
vn 0.0940 0.9956 0.0008
vn -0.3261 0.8854 -0.3312
vn -0.2905 0.8984 -0.3293
vn -0.3241 0.8753 -0.3587
vn -0.2811 0.8906 0.3574
vn -0.2007 0.9113 0.3594
vn -0.1763 0.8946 -0.4107
vn 0.5043 0.7909 -0.3466
vn 0.5345 0.7670 -0.3550
vn 0.5691 0.7388 -0.3609
vn 0.0544 0.9985 -0.0002
vn 0.1042 0.9946 0.0022
vn 0.1198 0.9928 -0.0005
vn 0.1061 0.9943 -0.0064
vn 0.1379 0.9904 -0.0002
vn 0.1115 0.9937 -0.0080
vn 0.3357 0.9412 0.0385
vn 0.1679 0.9858 0.0001
vn 0.3351 0.9416 0.0342
vn 0.1658 0.9862 -0.0007
vn 0.1932 0.9811 0.0024
vn 0.1153 0.9933 -0.0010
vn -0.2844 0.9003 0.3296
vn 0.2368 0.9716 0.0020
vn 0.1917 0.9815 -0.0008
vn 0.0924 0.9957 0.0025
vn 0.4615 0.8869 -0.0174
vn 0.4622 0.8865 0.0210
vn -0.2410 0.9704 -0.0138
vn -0.0469 0.9988 0.0142
vn -0.2612 0.9650 0.0243
vn 0.4950 0.8029 0.3321
vn 0.0916 0.9958 0.0031
vn 0.0469 0.9989 -0.0011
vn 0.5285 0.7813 0.3321
vn 0.4972 0.8020 0.3311
vn 0.5265 0.7691 0.3623
vn -0.2808 0.9025 -0.3267
vn 0.4426 0.8340 -0.3294
vn 0.4169 0.8318 -0.3666
vn -0.3295 0.8814 0.3384
vn -0.2652 0.8913 0.3678
vn 0.1503 0.9886 0.0029
vn 0.4202 0.8349 -0.3554
vn 0.4244 0.8482 -0.3168
vn 0.1486 0.9889 -0.0041
vn 0.0473 0.9989 0.0010
vn 0.0015 1.0000 -0.0000
vn -0.2622 0.9109 0.3186
vn 0.0808 0.9967 -0.0053
vn 0.1871 0.9823 -0.0014
vn 0.1878 0.9822 0.0032
vn 0.1667 0.9860 0.0002
vn -0.0420 0.9991 -0.0058
vn 0.5027 0.7950 -0.3396
vn 0.1215 0.9926 0.0076
vn 0.0930 0.9957 -0.0012
vn 0.0025 0.9999 -0.0099
vn 0.4264 0.8315 0.3560
vn 0.4315 0.8447 0.3167
vn 0.0020 1.0000 -0.0001
vn 0.0024 1.0000 -0.0021
vn 0.5203 0.7731 -0.3627
vn -0.3227 0.8709 0.3707
vn -0.2258 0.9199 0.3206
vn -0.3193 0.8949 0.3118
vn 0.4512 0.8921 -0.0247
vn 0.4531 0.8910 0.0288
vn -0.2363 0.9714 -0.0212
vn -0.2556 0.9664 0.0254
vn 0.4248 0.8267 -0.3690
vn -0.2345 0.8778 0.4176
vn -0.3150 0.8725 0.3736
vn 0.3010 0.9536 0.0011
vn 0.0843 0.9964 -0.0031
vn 0.2819 0.8951 0.3454
vn -0.2776 0.8951 0.3488
vn -0.4091 0.8567 -0.3140
vn 0.4129 0.8524 -0.3208
vn -0.4127 0.8536 -0.3178
vn -0.2727 0.8721 0.4062
vn -0.4379 0.8274 -0.3516
vn 0.4127 0.8274 -0.3809
vn 0.1451 0.9894 -0.0000
vn 0.3505 -0.9356 -0.0425
vn 0.3762 -0.9254 -0.0454
vn 0.1277 -0.9360 -0.3281
vn 0.2029 -0.9182 -0.3401
vn 0.1720 -0.9301 -0.3245
vn 0.0372 -0.9331 0.3576
vn 0.0145 -0.9235 0.3832
vn 0.6397 -0.7686 0.0001
vn 0.5692 -0.8222 -0.0003
vn 0.7115 -0.7022 0.0273
vn 0.7084 -0.7051 0.0314
vn 0.8313 -0.4465 -0.3309
vn 0.8131 -0.4799 -0.3293
vn 0.7728 -0.5517 0.3138
vn 0.8008 -0.4805 0.3575
vn 0.7550 -0.5483 0.3597
vn 0.7254 -0.5520 -0.4112
vn 0.1470 -0.9264 -0.3467
vn 0.1082 -0.9287 -0.3547
vn 0.0639 -0.9305 -0.3608
vn 0.6215 -0.7835 -0.0002
vn 0.6324 -0.7735 0.0421
vn 0.5815 -0.8135 0.0023
vn 0.5688 -0.8225 -0.0006
vn 0.5799 -0.8146 -0.0064
vn 0.5535 -0.8329 -0.0008
vn 0.5756 -0.8177 -0.0089
vn 0.5280 -0.8492 0.0001
vn 0.5052 -0.8630 0.0029
vn 0.5724 -0.8200 -0.0009
vn 0.8098 -0.4851 0.3299
vn 0.5072 -0.8618 -0.0003
vn 0.5912 -0.8066 0.0025
vn 0.2428 -0.9699 -0.0174
vn 0.2419 -0.9701 0.0211
vn 0.8238 -0.5667 -0.0137
vn 0.6967 -0.7172 0.0141
vn 0.8353 -0.5492 0.0243
vn 0.1618 -0.9293 0.3321
vn 0.5917 -0.8061 0.0031
vn 0.6273 -0.7788 -0.0011
vn 0.1228 -0.9354 0.3317
vn 0.1596 -0.9300 0.3312
vn 0.1158 -0.9247 0.3626
vn 0.7734 -0.5486 -0.3175
vn 0.8086 -0.4892 -0.3268
vn 0.4670 -0.8843 0.0001
vn 0.4647 -0.8855 -0.0001
vn 0.4623 -0.8867 -0.0001
vn 0.8310 -0.4413 0.3387
vn 0.7895 -0.4914 0.3677
vn 0.5432 -0.8396 0.0032
vn 0.2393 -0.9036 -0.3552
vn 0.2447 -0.9164 -0.3168
vn 0.5446 -0.8387 -0.0041
vn 0.5065 -0.8622 0.0013
vn 0.6270 -0.7790 0.0009
vn 0.6620 -0.7495 -0.0000
vn 0.8002 -0.5081 0.3186
vn 0.6005 -0.7996 -0.0054
vn 0.5112 -0.8595 -0.0014
vn 0.5105 -0.8599 0.0033
vn 0.5291 -0.8486 0.0003
vn 0.6934 -0.7205 -0.0058
vn 0.5873 -0.8093 -0.0047
vn 0.6632 -0.7484 -0.0096
vn 0.1409 -0.9279 -0.3452
vn 0.5673 -0.8235 0.0076
vn 0.5888 -0.8083 -0.0013
vn 0.2320 -0.9052 0.3561
vn 0.2378 -0.9184 0.3163
vn 0.6616 -0.7499 -0.0001
vn 0.6613 -0.7501 -0.0020
vn 0.5480 -0.8352 -0.0455
vn 0.8224 -0.4342 0.3676
vn 0.0214 -0.9391 -0.3429
vn 0.1486 -0.9145 -0.3763
vn 0.7796 -0.5380 0.3207
vn 0.8323 -0.4584 0.3116
vn 0.8211 -0.5704 -0.0211
vn 0.8322 -0.5538 0.0254
vn 0.2302 -0.9005 -0.3690
vn 0.7574 -0.5018 0.4178
vn 0.8142 -0.4446 0.3734
vn 0.6518 -0.7582 -0.0178
vn 0.6947 -0.6210 0.3630
vn 0.6681 -0.6420 -0.3761
vn 0.0378 -0.9231 0.3826
vn 0.4627 -0.8865 0.0032
vn 0.0504 -0.9052 -0.4220
vn 0.5516 -0.8330 0.0423
vn 0.4211 -0.9070 -0.0006
vn 0.4187 -0.9081 0.0021
vn 0.5473 -0.8369 -0.0000
vn 0.8869 -0.3126 -0.3401
vn 0.9046 -0.2295 -0.3593
vn 0.9285 -0.0977 0.3583
vn 0.7312 -0.6821 0.0005
vn 0.6906 -0.7232 -0.0001
vn 0.7028 -0.7114 -0.0004
vn 0.6087 -0.7930 0.0265
vn 0.3809 -0.8621 -0.3342
vn 0.3535 -0.8723 -0.3377
vn 0.3805 -0.8530 0.3573
vn 0.4588 -0.8209 0.3401
vn 0.4571 -0.7944 -0.4000
vn 0.8816 -0.2792 -0.3804
vn 0.7513 -0.6600 0.0004
vn 0.6915 -0.7212 0.0418
vn 0.7200 -0.6939 0.0023
vn 0.7383 -0.6745 0.0023
vn 0.7480 -0.6637 0.0001
vn 0.7648 -0.6443 -0.0000
vn 0.7596 -0.6504 0.0002
vn 0.7389 -0.6738 -0.0065
vn 0.7434 -0.6688 -0.0093
vn 0.7793 -0.6266 -0.0001
vn 0.8753 -0.4820 0.0390
vn 0.8849 -0.4641 0.0385
vn 0.7450 -0.6670 -0.0014
vn 0.7772 -0.6293 0.0031
vn 0.3841 -0.8624 0.3298
vn 0.8216 -0.5701 0.0001
vn 0.4510 -0.8347 0.3160
vn 0.9024 -0.2848 -0.3233
vn 0.9333 -0.3588 -0.0174
vn 0.7769 -0.6296 0.0005
vn 0.9341 -0.3563 0.0206
vn 0.4632 -0.8861 -0.0142
vn 0.6067 -0.7943 -0.0304
vn 0.5867 -0.8082 -0.0506
vn 0.6271 -0.7788 0.0140
vn 0.6310 -0.7757 -0.0067
vn 0.4444 -0.8955 0.0229
vn 0.9029 -0.2744 0.3309
vn 0.9013 -0.2732 0.3360
vn 0.4513 -0.8339 -0.3177
vn 0.8245 -0.5659 -0.0019
vn 0.8491 -0.5282 0.0010
vn 0.8230 -0.5680 -0.0001
vn 0.3379 -0.8783 0.3383
vn 0.3709 -0.8664 0.3342
vn 0.3318 -0.8687 0.3678
vn 0.7680 -0.6404 0.0028
vn 0.8682 -0.3461 -0.3555
vn 0.8802 -0.3535 -0.3166
vn 0.3879 -0.8620 -0.3262
vn 0.7661 -0.6427 0.0031
vn 0.8214 -0.5704 -0.0024
vn 0.6984 -0.7157 0.0010
vn 0.6983 -0.7158 -0.0045
vn 0.4033 -0.8613 0.3091
vn 0.8218 -0.5698 0.0029
vn 0.4079 -0.8556 0.3187
vn 0.7936 -0.6085 -0.0019
vn 0.7786 -0.6275 0.0004
vn 0.7914 -0.6113 0.0010
vn 0.7329 -0.6804 -0.0033
vn 0.7919 -0.6107 0.0023
vn 0.7308 -0.6826 -0.0011
vn 0.8839 -0.3336 0.3278
vn 0.6647 -0.7471 0.0022
vn 0.6649 -0.7469 -0.0022
vn 0.7630 -0.6449 -0.0453
vn 0.4597 -0.7960 -0.3939
vn 0.8829 -0.3470 0.3163
vn 0.6724 -0.7399 0.0202
vn 0.9301 -0.1342 -0.3419
vn 0.9007 -0.2067 -0.3821
vn 0.4406 -0.8384 0.3208
vn 0.3545 -0.8816 0.3118
vn 0.9294 -0.3685 -0.0178
vn 0.9302 -0.3664 0.0207
vn 0.4674 -0.8838 -0.0212
vn 0.4496 -0.8929 0.0253
vn 0.4066 -0.8130 0.4168
vn 0.8662 -0.3373 -0.3687
vn 0.3428 -0.8619 0.3737
vn 0.6741 -0.7385 -0.0173
vn 0.7929 -0.6093 0.0053
vn 0.8244 -0.5660 -0.0001
vn 0.9301 -0.1334 0.3421
vn 0.9306 -0.1368 0.3395
vn 0.8928 -0.1585 -0.4218
vn 0.8521 -0.5234 -0.0008
vn 0.7609 -0.6473 0.0453
vn 0.7927 -0.6096 -0.0016
vn 0.4018 -0.8723 0.2787
vn 0.8280 -0.4690 0.3073
vn 0.8174 -0.5042 0.2787
vn 0.7238 -0.6900 -0.0051
vn 0.8133 -0.4754 0.3355
vn 0.5976 -0.8018 -0.0014
vn 0.2568 -0.9124 -0.3187
vn 0.8748 -0.3705 -0.3122
vn 0.2615 -0.9124 -0.3149
vn 0.3732 -0.8345 0.4055
vn 0.2358 -0.8965 -0.3750
vn 0.8101 -0.4477 0.3786
vn 0.7444 -0.6677 -0.0005
vn 0.7202 -0.6937 -0.0086
vn 0.7214 -0.6925 -0.0052
vn 0.5993 -0.8004 0.0132
vn 0.7219 -0.6920 0.0008
vn 0.7263 -0.6873 0.0054
vn 0.9304 0.1362 -0.3402
vn 0.9073 0.2175 -0.3599
vn 0.8688 0.3442 0.3559
vn 0.9645 -0.2640 0.0006
vn 0.9489 -0.3156 0.0003
vn 0.9529 -0.3032 -0.0006
vn 0.9079 -0.4184 0.0263
vn 0.7381 -0.5864 -0.3337
vn 0.7185 -0.6085 -0.3369
vn 0.6899 -0.6388 -0.3405
vn 0.7330 -0.5786 0.3577
vn 0.7874 -0.5139 0.3404
vn 0.7738 -0.4911 -0.4000
vn 0.9102 0.1628 -0.3809
vn 0.9711 -0.2353 0.0399
vn 0.9601 -0.2796 0.0025
vn 0.9672 -0.2540 0.0023
vn 0.9708 -0.2400 -0.0000
vn 0.9766 -0.2150 -0.0000
vn 0.9749 -0.2228 -0.0000
vn 0.9672 -0.2538 -0.0065
vn 0.9691 -0.2467 -0.0093
vn 0.9812 -0.1928 0.0001
vn 0.9991 -0.0172 0.0382
vn 0.9992 0.0008 0.0387
vn 0.9697 -0.2443 -0.0013
vn 0.9806 -0.1958 0.0030
vn 0.7410 -0.5852 0.3295
vn 0.9924 -0.1230 -0.0004
vn 0.7874 -0.5295 0.3155
vn 0.9313 0.1673 -0.3235
vn 0.9931 0.1158 -0.0174
vn 0.9928 0.1181 0.0205
vn 0.8220 -0.5693 -0.0142
vn 0.9061 -0.4220 -0.0305
vn 0.8949 -0.4434 -0.0504
vn 0.9175 -0.3976 0.0138
vn 0.9191 -0.3939 -0.0068
vn 0.8098 -0.5863 0.0228
vn 0.9269 0.1770 0.3309
vn 0.9249 0.1771 0.3364
vn 0.7874 -0.5285 -0.3173
vn 0.9930 -0.1178 -0.0025
vn 0.9973 -0.0729 0.0014
vn 0.9927 -0.1205 0.0002
vn 0.7073 -0.6206 0.3386
vn 0.7312 -0.5949 0.3340
vn 0.6976 -0.6152 0.3672
vn 0.9778 -0.2097 0.0024
vn 0.9297 0.0968 -0.3554
vn 0.9435 0.0964 -0.3170
vn 0.7442 -0.5830 -0.3260
vn 0.9771 -0.2127 0.0034
vn 0.9924 -0.1234 -0.0022
vn 0.9510 -0.3092 0.0008
vn 0.9509 -0.3094 -0.0043
vn 0.9345 -0.3561 -0.0012
vn 0.7572 -0.5754 0.3090
vn 0.9924 -0.1227 0.0031
vn 0.7586 -0.5682 0.3187
vn 0.9855 -0.1699 -0.0023
vn 0.9810 -0.1940 0.0007
vn 0.9848 -0.1736 0.0014
vn 0.9651 -0.2619 -0.0033
vn 0.9085 -0.4168 0.0288
vn 0.9849 -0.1730 0.0030
vn 0.9643 -0.2648 -0.0011
vn 0.9352 -0.3539 -0.0093
vn 0.9375 0.1162 0.3279
vn 0.9358 -0.3527 0.0016
vn 0.9358 -0.3525 -0.0022
vn 0.9753 -0.2160 -0.0461
vn 0.7764 -0.4913 -0.3947
vn 0.9428 0.1038 0.3166
vn 0.9940 0.1079 0.0201
vn 0.9393 -0.3426 0.0207
vn 0.8929 0.2354 -0.3838
vn 0.7796 -0.5381 0.3205
vn 0.7235 -0.6159 0.3119
vn 0.9942 0.1058 -0.0178
vn 0.8246 -0.5654 -0.0212
vn 0.8130 -0.5818 0.0254
vn 0.7374 -0.5301 0.4185
vn 0.9234 0.1044 -0.3695
vn 0.7041 -0.6039 0.3735
vn 0.9400 -0.3406 -0.0179
vn 0.9852 -0.1711 0.0052
vn 0.9930 -0.1181 -0.0001
vn 0.8857 0.3142 0.3419
vn 0.8878 0.3112 0.3391
vn 0.8641 0.2751 -0.4215
vn 0.9977 -0.0680 -0.0005
vn 0.9852 -0.1714 -0.0017
vn 0.9854 -0.1705 -0.0000
vn 0.9601 -0.2794 -0.0087
vn 0.9606 -0.2779 -0.0054
vn 0.7456 -0.6650 -0.0425
vn 0.5479 -0.7695 -0.3281
vn 0.6067 -0.7184 -0.3403
vn 0.5844 -0.7436 -0.3249
vn 0.4657 -0.8095 0.3575
vn 0.4419 -0.8110 0.3834
vn 0.8975 -0.4410 0.0007
vn 0.9236 -0.3833 0.0001
vn 0.8861 -0.4635 -0.0003
vn 0.9564 -0.2908 0.0274
vn 0.9550 -0.2948 0.0317
vn 0.9438 -0.0094 -0.3303
vn 0.9430 -0.0470 -0.3296
vn 0.9335 -0.0071 -0.3584
vn 0.9325 -0.0529 0.3574
vn 0.9232 -0.1343 0.3602
vn 0.5609 -0.7519 -0.3464
vn 0.5277 -0.7716 -0.3553
vn 0.4892 -0.7943 -0.3604
vn 0.9143 -0.4050 -0.0002
vn 0.9194 -0.3910 0.0421
vn 0.8930 -0.4501 0.0022
vn 0.8857 -0.4643 -0.0006
vn 0.8920 -0.4520 -0.0063
vn 0.8772 -0.4802 -0.0004
vn 0.8897 -0.4565 -0.0082
vn 0.8623 -0.5064 -0.0000
vn 0.7614 -0.6474 0.0344
vn 0.8633 -0.5047 -0.0006
vn 0.8484 -0.5294 0.0030
vn 0.8878 -0.4602 -0.0012
vn 0.9426 -0.0532 0.3297
vn 0.8497 -0.5272 -0.0008
vn 0.8983 -0.4394 0.0025
vn 0.6658 -0.7459 -0.0174
vn 0.6652 -0.7464 0.0211
vn 0.9928 -0.1187 -0.0138
vn 0.9501 -0.3115 0.0141
vn 0.9949 -0.0978 0.0243
vn 0.5751 -0.7476 0.3321
vn 0.8986 -0.4387 0.0029
vn 0.9174 -0.3980 -0.0011
vn 0.5434 -0.7711 0.3319
vn 0.5733 -0.7494 0.3311
vn 0.5323 -0.7650 0.3625
vn 0.9434 -0.0575 -0.3267
vn 0.6301 -0.6847 -0.3663
vn 0.9408 -0.0046 0.3389
vn 0.9274 -0.0680 0.3678
vn 0.8712 -0.4909 0.0030
vn 0.6315 -0.6890 -0.3556
vn 0.6425 -0.6977 -0.3168
vn 0.8720 -0.4895 -0.0040
vn 0.9173 -0.3983 0.0004
vn 0.9445 -0.0781 0.3192
vn 0.9033 -0.4290 -0.0050
vn 0.8523 -0.5230 -0.0016
vn 0.8629 -0.5053 0.0001
vn 0.9488 -0.3158 -0.0058
vn 0.8961 -0.4439 -0.0048
vn 0.5576 -0.7556 -0.3438
vn 0.8848 -0.4659 0.0074
vn 0.8969 -0.4422 -0.0011
vn 0.6265 -0.6934 0.3559
vn 0.6380 -0.7022 0.3160
vn 0.9343 -0.3565 -0.0002
vn 0.9341 -0.3570 -0.0027
vn 0.9298 -0.0022 0.3680
vn 0.5566 -0.7408 -0.3760
vn 0.9402 -0.1139 0.3210
vn 0.9500 -0.0190 0.3118
vn 0.9921 -0.1235 -0.0211
vn 0.9943 -0.1035 0.0254
vn 0.6223 -0.6904 -0.3690
vn 0.9043 -0.0918 0.4170
vn 0.9275 -0.0151 0.3736
vn 0.7881 -0.6156 0.0021
vn 0.8499 -0.5270 0.0014
vn 0.7940 -0.6079 0.0013
vn 0.8872 -0.1705 -0.4287
vn 0.9208 -0.1396 -0.3642
vn 0.9018 -0.4322 -0.0031
vn 0.7368 -0.5812 0.3455
vn 0.9355 -0.0581 0.3486
vn 0.6565 -0.6866 -0.3124
vn 0.9439 0.0835 -0.3194
vn 0.9457 0.0788 -0.3154
vn 0.6184 -0.7029 -0.3515
vn 0.7186 -0.5642 0.4065
vn 0.9199 0.0929 -0.3811
vn 0.8737 -0.4865 -0.0000
vn 0.9027 -0.4299 0.0149
vn 0.9610 -0.2764 0.0023
vn 0.9627 -0.2705 0.0072
vn 0.9477 -0.3162 0.0427
vn 0.5680 0.8220 -0.0422
vn 0.4169 0.8427 -0.3406
vn 0.2103 0.9103 0.3566
vn 0.7657 0.6432 0.0006
vn 0.8013 0.5983 -0.0001
vn 0.7909 0.6120 -0.0001
vn 0.8614 0.5072 0.0270
vn 0.9018 0.2744 -0.3340
vn 0.9087 0.2459 -0.3372
vn 0.9175 0.2051 -0.3407
vn 0.8928 0.2752 0.3567
vn 0.8702 0.3564 0.3402
vn 0.3645 0.8642 -0.3468
vn 0.3853 0.8414 -0.3789
vn 0.7460 0.6659 0.0003
vn 0.7528 0.6582 -0.0009
vn 0.7757 0.6311 0.0024
vn 0.7585 0.6516 0.0024
vn 0.7490 0.6625 -0.0000
vn 0.7316 0.6817 0.0001
vn 0.7371 0.6758 0.0013
vn 0.7582 0.6520 -0.0066
vn 0.7540 0.6569 -0.0078
vn 0.7159 0.6982 0.0001
vn 0.7188 0.6953 -0.0013
vn 0.7183 0.6957 0.0031
vn 0.7188 0.6952 -0.0040
vn 0.7519 0.6592 -0.0012
vn 0.9024 0.2771 0.3300
vn 0.8831 0.3469 0.3158
vn 0.3915 0.8615 -0.3234
vn 0.4685 0.8833 -0.0175
vn 0.4664 0.8843 0.0206
vn 0.9355 0.3531 -0.0142
vn 0.8614 0.5070 -0.0301
vn 0.8727 0.4857 -0.0502
vn 0.8491 0.5281 0.0140
vn 0.8461 0.5330 -0.0067
vn 0.9425 0.3334 0.0229
vn 0.3814 0.8632 0.3307
vn 0.3798 0.8618 0.3362
vn 0.8632 0.3553 -0.3587
vn 0.4270 0.8259 -0.3682
vn 0.4365 0.8386 -0.3259
vn 0.9125 0.2292 0.3389
vn 0.9049 0.2639 0.3339
vn 0.9025 0.2247 0.3675
vn 0.7283 0.6852 0.0038
vn 0.4486 0.8201 -0.3552
vn 0.4569 0.8312 -0.3169
vn 0.9025 0.2813 -0.3262
vn 0.7303 0.6832 0.0038
vn 0.7946 0.6071 0.0008
vn 0.7948 0.6069 -0.0045
vn 0.8241 0.5665 -0.0011
vn 0.9037 0.2968 0.3087
vn 0.8986 0.3022 0.3182
vn 0.7167 0.6974 0.0002
vn 0.7020 0.7122 0.0011
vn 0.7638 0.6454 -0.0035
vn 0.8606 0.5085 0.0293
vn 0.7015 0.7126 0.0027
vn 0.7658 0.6430 -0.0011
vn 0.8225 0.5687 -0.0092
vn 0.4377 0.8373 0.3277
vn 0.8218 0.5698 0.0018
vn 0.8239 0.5666 -0.0102
vn 0.8216 0.5701 -0.0024
vn 0.8453 0.3606 -0.3942
vn 0.4519 0.8344 0.3157
vn 0.3135 0.8690 -0.3829
vn 0.8855 0.3371 0.3198
vn 0.9178 0.2461 0.3114
vn 0.9337 0.3574 -0.0212
vn 0.9405 0.3388 0.0253
vn 0.8554 0.3058 0.4181
vn 0.4394 0.8195 -0.3680
vn 0.8966 0.2369 0.3741
vn 0.6255 0.7802 0.0024
vn 0.7057 0.7085 -0.0018
vn 0.6274 0.7787 0.0033
vn 0.7058 0.7084 0.0039
vn 0.7383 0.6721 -0.0561
vn 0.6275 0.7786 0.0027
vn 0.2476 0.8998 -0.3592
vn 0.2795 0.8562 -0.4344
vn 0.7058 0.7084 0.0019
vn 0.7755 0.6313 -0.0092
vn 0.7745 0.6326 -0.0053
vn 0.9631 0.2666 -0.0374
vn 0.9646 0.2596 -0.0466
vn 0.9445 0.0134 -0.3283
vn 0.9358 0.0910 -0.3405
vn 0.9440 0.0584 -0.3247
vn 0.9308 -0.0761 0.3576
vn 0.9187 -0.0967 0.3830
vn 0.8722 0.4892 0.0006
vn 0.8400 0.5425 0.0001
vn 0.8849 0.4659 -0.0006
vn 0.7815 0.6233 0.0278
vn 0.7841 0.6198 0.0320
vn 0.5435 0.7713 -0.3313
vn 0.5744 0.7494 -0.3294
vn 0.5360 0.7639 -0.3594
vn 0.5733 0.7374 0.3572
vn 0.6350 0.6835 0.3599
vn 0.6354 0.6535 -0.4114
vn 0.9372 0.0342 -0.3471
vn 0.9348 -0.0041 -0.3551
vn 0.9311 -0.0494 -0.3615
vn 0.8527 0.5224 -0.0005
vn 0.8440 0.5347 0.0421
vn 0.8774 0.4797 0.0022
vn 0.8851 0.4653 -0.0005
vn 0.8785 0.4777 -0.0064
vn 0.8936 0.4490 -0.0009
vn 0.8811 0.4728 -0.0088
vn 0.9654 0.2579 0.0391
vn 0.9067 0.4217 0.0001
vn 0.9653 0.2588 0.0344
vn 0.9576 0.2879 0.0110
vn 0.8931 0.4498 0.0002
vn 0.9566 0.2912 -0.0102
vn 0.8927 0.4506 0.0002
vn 0.9055 0.4243 -0.0009
vn 0.9176 0.3975 0.0030
vn 0.8830 0.4694 -0.0010
vn 0.5792 0.7455 0.3298
vn 0.9167 0.3996 -0.0005
vn 0.8719 0.4896 0.0028
vn 0.9920 0.1250 -0.0175
vn 0.9921 0.1235 0.0210
vn 0.6618 0.7496 -0.0138
vn 0.7947 0.6068 0.0143
vn 0.6459 0.7630 0.0243
vn 0.9420 0.0486 0.3320
vn 0.8715 0.4903 0.0032
vn 0.8487 0.5289 -0.0009
vn 0.9433 0.0090 0.3318
vn 0.9425 0.0463 0.3310
vn 0.9319 0.0037 0.3626
vn 0.6380 0.7016 -0.3174
vn 0.5833 0.7438 -0.3265
vn 0.9341 0.3571 0.0002
vn 0.9350 0.3546 -0.0001
vn 0.9359 0.3521 -0.0001
vn 0.9354 0.0918 -0.3414
vn 0.9212 0.1276 -0.3674
vn 0.5384 0.7719 0.3381
vn 0.5830 0.7247 0.3674
vn 0.8990 0.4380 0.0029
vn 0.9258 0.1282 -0.3556
vn 0.9392 0.1324 -0.3169
vn 0.8983 0.4394 -0.0041
vn 0.9170 0.3990 0.0014
vn 0.8489 0.5285 0.0011
vn 0.6006 0.7331 0.3192
vn 0.8662 0.4997 -0.0050
vn 0.9148 0.4039 -0.0013
vn 0.9151 0.4033 0.0033
vn 0.9061 0.4230 0.0003
vn 0.7980 0.6026 -0.0058
vn 0.8742 0.4855 -0.0046
vn 0.9384 0.0303 -0.3441
vn 0.8859 0.4638 0.0070
vn 0.8733 0.4872 -0.0013
vn 0.9266 0.1216 0.3557
vn 0.9404 0.1249 0.3162
vn 0.8241 0.5664 -0.0003
vn 0.8243 0.5662 -0.0021
vn 0.8953 0.4430 -0.0457
vn 0.5303 0.7641 0.3673
vn 0.9347 -0.0922 -0.3432
vn 0.9256 0.0376 -0.3766
vn 0.6279 0.7091 0.3208
vn 0.5551 0.7712 0.3118
vn 0.9905 0.1354 -0.0246
vn 0.6653 0.7463 -0.0212
vn 0.6503 0.7593 0.0254
vn 0.9218 0.1200 -0.3686
vn 0.5890 0.6918 0.4178
vn 0.5390 0.7546 0.3742
vn 0.7002 0.6147 0.3632
vn 0.7181 0.5862 -0.3751
vn 0.9209 -0.0733 0.3828
vn 0.9044 -0.0595 -0.4225
vn 0.8945 0.4441 0.0508
vn 0.9512 0.3087 -0.0006
vn 0.9520 0.3060 -0.0018
vn 0.8679 0.4967 -0.0032
vn 0.8968 0.2770 0.3451
vn 0.5790 0.7370 0.3488
vn 0.4727 0.8234 -0.3139
vn 0.9360 0.1444 -0.3211
vn 0.4681 0.8245 -0.3178
vn 0.5628 0.7199 0.4063
vn 0.4322 0.8304 -0.3517
vn 0.9154 0.1303 -0.3810
vn 0.8968 0.4425 -0.0000
vn 0.8667 0.4988 0.0009
vn 0.7736 0.6335 0.0142
vn 0.8699 0.4933 0.0061
vn 0.9770 -0.2098 -0.0369
vn 0.8429 -0.4266 -0.3279
vn 0.8710 -0.3543 -0.3403
vn 0.8633 -0.3867 -0.3244
vn 0.7891 -0.4992 0.3580
vn 0.7682 -0.5126 0.3835
vn 0.9996 0.0279 0.0007
vn 0.9960 0.0899 0.0001
vn 1.0000 0.0012 -0.0006
vn 0.9819 0.1873 0.0274
vn 0.9825 0.1833 0.0319
vn 0.8394 0.4305 -0.3319
vn 0.8569 0.3966 -0.3294
vn 0.8504 0.3863 0.3572
vn 0.8807 0.3091 0.3588
vn 0.8458 -0.4055 -0.3466
vn 0.8267 -0.4378 -0.3534
vn 0.8023 -0.4757 -0.3604
vn 0.9978 0.0664 -0.0002
vn 0.9958 0.0812 0.0421
vn 0.9999 0.0170 0.0021
vn 1.0000 0.0010 -0.0006
vn 0.9999 0.0145 -0.0064
vn 0.9998 -0.0179 -0.0018
vn 0.9999 0.0089 -0.0097
vn 0.9989 -0.0478 -0.0000
vn 0.9819 -0.1889 0.0110
vn 0.9999 -0.0167 0.0001
vn 0.9826 -0.1853 -0.0100
vn 0.9999 -0.0163 0.0002
vn 0.9990 -0.0454 -0.0009
vn 0.9972 -0.0745 0.0029
vn 1.0000 0.0052 -0.0007
vn 0.8593 0.3910 0.3298
vn 0.9974 -0.0719 -0.0011
vn 0.9996 0.0284 0.0029
vn 0.9365 -0.3503 -0.0174
vn 0.9358 -0.3518 0.0211
vn 0.9343 0.3562 -0.0138
vn 0.9860 0.1663 0.0141
vn 0.9264 0.3757 0.0244
vn 0.8566 -0.3946 0.3324
vn 0.9996 0.0292 0.0035
vn 0.9973 0.0736 -0.0013
vn 0.8394 -0.4303 0.3321
vn 0.8561 -0.3968 0.3311
vn 0.8271 -0.4298 0.3621
vn 0.8908 0.3250 -0.3177
vn 0.8620 0.3875 -0.3268
vn 0.8755 -0.3142 -0.3671
vn 0.8354 0.4336 0.3377
vn 0.8528 0.3709 0.3677
vn 0.9995 -0.0300 0.0024
vn 0.8795 -0.3165 -0.3553
vn 0.8932 -0.3192 -0.3167
vn 0.9996 -0.0283 -0.0047
vn 0.9973 0.0733 0.0014
vn 0.9929 0.1187 -0.0000
vn 0.8729 0.3700 0.3180
vn 0.9992 0.0399 -0.0058
vn 0.9977 -0.0674 -0.0012
vn 0.9989 -0.0465 0.0011
vn 0.9868 0.1621 -0.0058
vn 0.9997 0.0235 -0.0047
vn 0.9927 0.1203 -0.0095
vn 0.8449 -0.4097 -0.3440
vn 1.0000 -0.0013 0.0086
vn 0.9997 0.0254 -0.0012
vn 0.8769 -0.3231 0.3560
vn 0.8912 -0.3250 0.3163
vn 0.9930 0.1184 -0.0000
vn 0.9930 0.1181 -0.0023
vn 0.8246 0.4304 0.3673
vn 0.8373 -0.3970 -0.3760
vn 0.8857 0.3355 0.3208
vn 0.8499 0.4247 0.3118
vn 0.9358 0.3518 -0.0212
vn 0.9285 0.3705 0.0255
vn 0.8717 -0.3221 -0.3693
vn 0.8434 0.3386 0.4171
vn 0.8283 0.4178 0.3733
vn 0.9829 -0.1840 0.0018
vn 0.9974 -0.0717 0.0013
vn 0.9855 -0.1696 0.0013
vn 0.8650 0.2614 -0.4282
vn 0.9997 -0.0249 -0.0000
vn 0.8854 0.4629 -0.0420
vn 0.7607 0.5526 -0.3407
vn 0.6095 0.7084 0.3560
vn 0.9769 0.2138 0.0006
vn 0.9882 0.1532 -0.0004
vn 0.9847 0.1744 -0.0006
vn 0.9984 0.0503 0.0265
vn 0.9258 -0.1762 -0.3343
vn 0.9189 -0.2047 -0.3371
vn 0.9182 -0.1715 0.3570
vn 0.7243 0.5961 -0.3466
vn 0.7307 0.5669 -0.3803
vn 0.9696 0.2445 0.0001
vn 0.9727 0.2319 -0.0005
vn 0.9802 0.1982 0.0022
vn 0.9745 0.2246 0.0023
vn 0.9712 0.2384 0.0001
vn 0.9646 0.2636 0.0001
vn 0.9668 0.2557 0.0004
vn 0.9743 0.2252 -0.0064
vn 0.9729 0.2312 -0.0085
vn 0.9583 0.2858 -0.0000
vn 0.8849 0.4642 0.0385
vn 0.9594 0.2820 -0.0003
vn 0.9593 0.2825 0.0031
vn 0.9596 0.2814 -0.0039
vn 0.9722 0.2343 -0.0010
vn 0.9278 -0.1740 0.3300
vn 0.9431 -0.1035 0.3161
vn 0.7471 0.5809 -0.3232
vn 0.8253 0.5644 -0.0175
vn 0.8240 0.5662 0.0206
vn 0.9924 -0.1223 -0.0142
vn 0.9984 0.0481 -0.0304
vn 0.9984 0.0229 -0.0507
vn 0.9972 0.0741 0.0139
vn 0.9968 0.0793 -0.0067
vn 0.9895 -0.1430 0.0230
vn 0.7388 0.5871 0.3309
vn 0.7370 0.5865 0.3360
vn 0.9295 -0.0864 -0.3587
vn 0.9145 -0.2210 0.3389
vn 0.9237 -0.1870 0.3343
vn 0.9034 -0.2205 0.3677
vn 0.9633 0.2683 0.0032
vn 0.7780 0.5180 -0.3556
vn 0.7908 0.5237 -0.3169
vn 0.9298 -0.1704 -0.3263
vn 0.9641 0.2656 0.0032
vn 0.9857 0.1683 0.0011
vn 0.9858 0.1681 -0.0046
vn 0.9383 -0.1565 0.3084
vn 0.9358 -0.1506 0.3187
vn 0.9516 0.3074 -0.0022
vn 0.9587 0.2843 -0.0004
vn 0.9526 0.3043 0.0011
vn 0.9762 0.2166 -0.0034
vn 0.9982 0.0520 0.0290
vn 0.9522 0.3053 0.0024
vn 0.9769 0.2138 -0.0007
vn 0.7764 0.5382 0.3279
vn 0.9924 0.1227 0.0019
vn 0.9924 0.1229 -0.0018
vn 0.9158 -0.0740 -0.3947
vn 0.7864 0.5304 0.3167
vn 0.6812 0.6240 -0.3829
vn 0.9405 -0.1135 0.3204
vn 0.9268 -0.2093 0.3118
vn 0.9928 -0.1176 -0.0211
vn 0.9902 -0.1374 0.0254
vn 0.8994 -0.1269 0.4182
vn 0.7697 0.5215 -0.3684
vn 0.9038 -0.2075 0.3742
vn 0.9164 0.4003 0.0023
vn 0.9519 0.3063 -0.0011
vn 0.9174 0.3981 0.0032
vn 0.9520 0.3062 0.0041
vn 0.9662 0.2514 -0.0564
vn 0.9174 0.3979 0.0028
vn 0.6381 0.6786 -0.3638
vn 0.6456 0.6283 -0.4342
vn 0.8782 0.3869 0.2813
vn 0.9296 -0.1993 0.3100
vn 0.8549 0.4157 0.3105
vn 0.8549 0.3877 0.3448
vn 0.9790 0.2039 -0.0037
vn 0.9222 -0.1678 0.3483
vn 0.9003 -0.3028 -0.3126
vn 0.7971 0.5126 -0.3194
vn 0.8006 0.5093 -0.3156
vn 0.8988 -0.1668 0.4053
vn 0.8717 -0.3152 -0.3752
vn 0.8285 0.4125 0.3786
vn 0.9800 0.1987 -0.0091
vn 0.9797 0.2003 -0.0053
vn 0.9991 0.0388 0.0151
vn 0.9794 0.2018 0.0022
vn 0.9781 0.2079 0.0075
vn 0.9863 0.1596 0.0420
vn -0.3545 0.9341 -0.0425
vn -0.4568 0.8219 -0.3401
vn -0.5251 0.7714 -0.3595
vn -0.6297 0.6898 0.3572
vn -0.0943 0.9955 0.0006
vn -0.0373 0.9993 -0.0001
vn -0.0544 0.9985 -0.0003
vn 0.0652 0.9976 0.0248
vn 0.2867 0.8978 -0.3342
vn 0.3139 0.8875 -0.3374
vn 0.3524 0.8717 -0.3406
vn 0.2810 0.8907 0.3575
vn 0.2009 0.9186 0.3402
vn 0.1842 0.8980 -0.3996
vn -0.4706 0.7986 -0.3753
vn -0.1244 0.9922 0.0004
vn -0.0393 0.9984 0.0418
vn -0.0788 0.9969 0.0025
vn -0.1054 0.9944 0.0023
vn -0.1197 0.9928 -0.0000
vn -0.1453 0.9894 -0.0000
vn -0.1372 0.9905 0.0003
vn -0.1061 0.9943 -0.0065
vn -0.1129 0.9936 -0.0092
vn -0.1679 0.9858 -0.0000
vn -0.3361 0.9410 0.0390
vn -0.3548 0.9342 0.0386
vn -0.3333 0.9417 -0.0460
vn -0.1638 0.9865 -0.0013
vn -0.1647 0.9863 0.0031
vn -0.1639 0.9865 -0.0039
vn -0.1153 0.9933 -0.0012
vn 0.2844 0.9002 0.3297
vn -0.2369 0.9715 -0.0000
vn 0.2159 0.9240 0.3157
vn -0.4868 0.8115 -0.3233
vn -0.4608 0.8873 -0.0175
vn -0.4627 0.8863 0.0207
vn 0.2409 0.9704 -0.0142
vn 0.0726 0.9969 -0.0304
vn 0.0967 0.9940 -0.0503
vn 0.0469 0.9988 0.0139
vn 0.0420 0.9991 -0.0068
vn 0.2611 0.9650 0.0229
vn -0.4937 0.8043 0.3308
vn -0.4934 0.8023 0.3360
vn 0.2147 0.9237 -0.3174
vn -0.2419 0.9703 -0.0022
vn -0.2854 0.9584 0.0012
vn -0.2393 0.9709 -0.0001
vn 0.3295 0.8814 0.3385
vn 0.2969 0.8945 0.3342
vn 0.3279 0.8702 0.3677
vn -0.1503 0.9886 0.0028
vn -0.4201 0.8350 -0.3553
vn -0.4245 0.8482 -0.3167
vn 0.2812 0.9025 -0.3261
vn -0.1474 0.9891 0.0033
vn -0.2367 0.9716 -0.0022
vn -0.0482 0.9988 0.0010
vn -0.0480 0.9988 -0.0043
vn 0.2693 0.9122 0.3089
vn 0.2622 0.9109 0.3186
vn -0.1666 0.9860 0.0003
vn -0.1871 0.9823 0.0012
vn -0.0974 0.9952 -0.0033
vn 0.0572 0.9981 0.0250
vn -0.1878 0.9822 0.0029
vn -0.0948 0.9955 -0.0009
vn -0.0586 0.9982 -0.0087
vn -0.4403 0.8359 0.3277
vn -0.0021 1.0000 0.0022
vn -0.0024 1.0000 -0.0022
vn -0.1435 0.9886 -0.0456
vn 0.1835 0.9006 -0.3940
vn -0.4301 0.8457 0.3160
vn -0.0128 0.9997 0.0202
vn -0.5372 0.7517 -0.3827
vn 0.2261 0.9199 0.3205
vn 0.3193 0.8949 0.3118
vn -0.4515 0.8921 -0.0179
vn -0.4534 0.8911 0.0207
vn 0.2362 0.9715 -0.0212
vn 0.2555 0.9665 0.0254
vn 0.2345 0.8779 0.4175
vn -0.4248 0.8267 -0.3690
vn 0.3150 0.8725 0.3736
vn -0.0150 0.9997 -0.0179
vn -0.1894 0.9819 0.0052
vn -0.2417 0.9704 -0.0000
vn -0.6079 0.7166 0.3420
vn -0.2415 0.9704 0.0032
vn -0.6061 0.7193 0.3395
vn -0.5636 0.7103 -0.4218
vn -0.2902 0.9570 -0.0008
vn -0.1406 0.9890 0.0453
vn -0.3097 0.8989 0.3098
vn 0.2784 0.9185 0.2808
vn 0.3097 0.8988 0.3103
vn -0.1138 0.9935 -0.0006
vn -0.1820 0.9833 0.0019
vn -0.0791 0.9968 -0.0095
vn -0.0808 0.9967 -0.0054
vn -0.8290 0.4540 -0.3266
vn -0.7865 0.5156 -0.3400
vn -0.8235 0.4393 -0.3588
vn -0.8784 0.3190 0.3560
vn -0.5467 0.8373 0.0006
vn -0.5007 0.8656 0.0002
vn -0.5121 0.8589 -0.0002
vn -0.4007 0.9158 0.0268
vn -0.1634 0.9282 -0.3342
vn -0.1346 0.9317 -0.3373
vn -0.0929 0.9356 -0.3407
vn -0.1651 0.9192 0.3575
vn -0.2487 0.9068 0.3403
vn -0.2536 0.8808 -0.3998
vn -0.7889 0.4830 -0.3799
vn -0.5709 0.8201 0.0399
vn -0.5332 0.8460 0.0024
vn -0.5555 0.8315 0.0023
vn -0.5675 0.8234 0.0001
vn -0.5884 0.8085 -0.0000
vn -0.5818 0.8133 -0.0001
vn -0.5560 0.8312 -0.0067
vn -0.5620 0.8271 -0.0096
vn -0.6069 0.7948 0.0001
vn -0.5638 0.8259 -0.0011
vn -0.6042 0.7969 0.0030
vn -0.1665 0.9293 0.3298
vn -0.6613 0.7501 -0.0000
vn -0.2379 0.9185 0.3160
vn -0.5471 0.8370 -0.0073
vn -0.8081 0.4925 -0.3232
vn -0.8203 0.5716 -0.0175
vn -0.8216 0.5697 0.0207
vn -0.2377 0.9712 -0.0142
vn -0.3988 0.9165 -0.0303
vn -0.3764 0.9251 -0.0503
vn -0.4224 0.9063 0.0139
vn -0.4268 0.9043 -0.0068
vn -0.2173 0.9758 0.0229
vn -0.8109 0.4829 0.3307
vn -0.8332 0.4459 0.3272
vn -0.8097 0.4813 0.3358
vn -0.2387 0.9177 -0.3174
vn -0.6652 0.7467 -0.0022
vn -0.6982 0.7159 0.0011
vn -0.6631 0.7485 0.0002
vn -0.1178 0.9335 0.3386
vn -0.1527 0.9300 0.3344
vn -0.1142 0.9230 0.3676
vn -0.5925 0.8056 0.0031
vn -0.7601 0.5441 -0.3553
vn -0.7701 0.5537 -0.3168
vn -0.1704 0.9298 -0.3262
vn -0.5902 0.8073 0.0034
vn -0.6611 0.7503 -0.0021
vn -0.5069 0.8620 0.0012
vn -0.5068 0.8621 -0.0045
vn -0.4634 0.8862 -0.0011
vn -0.1855 0.9329 0.3088
vn -0.6615 0.7500 0.0030
vn -0.1913 0.9284 0.3187
vn -0.6248 0.7808 -0.0025
vn -0.6058 0.7956 0.0001
vn -0.6224 0.7827 0.0014
vn -0.5487 0.8360 -0.0035
vn -0.4022 0.9151 0.0291
vn -0.6228 0.7824 0.0027
vn -0.5461 0.8377 -0.0011
vn -0.4657 0.8849 -0.0092
vn -0.7784 0.5353 0.3279
vn -0.4667 0.8844 0.0024
vn -0.4668 0.8843 -0.0022
vn -0.5866 0.8086 -0.0456
vn -0.2552 0.8827 -0.3945
vn -0.7741 0.5483 0.3164
vn -0.4759 0.8793 0.0202
vn -0.8249 0.4159 -0.3829
vn -0.2261 0.9196 0.3213
vn -0.1333 0.9408 0.3117
vn -0.8143 0.5802 -0.0178
vn -0.8156 0.5783 0.0207
vn -0.2423 0.9700 -0.0213
vn -0.2229 0.9745 0.0253
vn -0.2003 0.8860 0.4182
vn -0.7604 0.5347 -0.3685
vn -0.1267 0.9187 0.3740
vn -0.4779 0.8783 -0.0173
vn -0.6240 0.7814 0.0053
vn -0.6649 0.7469 0.0003
vn -0.8711 0.3525 0.3421
vn -0.8708 0.3561 0.3391
vn -0.8291 0.3674 -0.4214
vn -0.7015 0.7127 -0.0007
vn -0.6247 0.7808 -0.0000
vn -0.5333 0.8459 -0.0094
vn -0.5347 0.8450 -0.0053
vn -0.1166 0.9923 -0.0426
vn 0.1001 0.9393 -0.3280
vn 0.0226 0.9401 -0.3401
vn 0.0556 0.9442 -0.3245
vn 0.1872 0.9149 0.3577
vn 0.2068 0.9002 0.3832
vn -0.3794 0.9252 0.0008
vn -0.4279 0.9038 0.0002
vn -0.3596 0.9331 -0.0004
vn -0.5235 0.8516 0.0274
vn -0.5194 0.8539 0.0318
vn -0.7003 0.6324 -0.3310
vn -0.6747 0.6604 -0.3295
vn -0.6939 0.6240 -0.3592
vn -0.6626 0.6582 0.3575
vn -0.6019 0.7129 0.3598
vn 0.0790 0.9346 -0.3468
vn 0.1174 0.9276 -0.3546
vn 0.1607 0.9188 -0.3606
vn -0.3508 0.9356 0.0401
vn -0.4160 0.9094 -0.0002
vn -0.3699 0.9291 0.0023
vn -0.3553 0.9347 -0.0006
vn -0.3682 0.9297 -0.0064
vn -0.3382 0.9411 0.0002
vn -0.3631 0.9317 -0.0075
vn -0.3093 0.9510 0.0001
vn -0.1405 0.9895 0.0343
vn -0.3134 0.9496 -0.0013
vn -0.3002 0.9539 0.0023
vn -0.3595 0.9331 -0.0009
vn -0.6703 0.6648 0.3299
vn -0.2862 0.9582 -0.0006
vn -0.3816 0.9243 0.0029
vn -0.0037 0.9998 -0.0173
vn -0.0028 0.9998 0.0210
vn -0.6642 0.7474 -0.0138
vn -0.5062 0.8623 0.0142
vn -0.6795 0.7332 0.0243
vn 0.0653 0.9410 0.3320
vn -0.3815 0.9244 0.0043
vn -0.4227 0.9063 -0.0012
vn 0.1046 0.9376 0.3317
vn 0.0678 0.9411 0.3312
vn 0.1088 0.9256 0.3624
vn -0.6200 0.7174 -0.3178
vn -0.6681 0.6686 -0.3267
vn -0.0164 0.9300 -0.3672
vn -0.7014 0.6273 0.3385
vn -0.6492 0.6660 0.3675
vn -0.3264 0.9452 0.0030
vn -0.0157 0.9345 -0.3555
vn -0.0183 0.9483 -0.3167
vn -0.3279 0.9447 -0.0040
vn -0.6624 0.6825 0.3089
vn -0.6554 0.6849 0.3184
vn -0.3917 0.9201 -0.0054
vn -0.2908 0.9568 -0.0014
vn -0.3107 0.9505 0.0003
vn -0.5016 0.8651 -0.0058
vn -0.3766 0.9264 -0.0047
vn 0.0845 0.9349 -0.3448
vn -0.3538 0.9353 0.0075
vn -0.3783 0.9257 -0.0013
vn -0.0088 0.9344 0.3561
vn -0.0112 0.9487 0.3161
vn -0.4629 0.8864 -0.0002
vn -0.4626 0.8866 -0.0021
vn -0.4223 0.9064 0.0010
vn -0.6947 0.6183 0.3676
vn 0.0745 0.9236 -0.3760
vn -0.6283 0.7086 0.3211
vn -0.6984 0.6443 0.3116
vn -0.6607 0.7503 -0.0211
vn -0.6755 0.7370 0.0254
vn -0.0080 0.9293 -0.3693
vn -0.6156 0.6686 0.4171
vn -0.6843 0.6265 0.3732
vn -0.2869 0.9580 0.0024
vn -0.1822 0.9833 -0.0018
vn -0.3007 0.9537 0.0027
vn -0.5514 0.7157 -0.4287
vn -0.5967 0.7152 -0.3640
vn -0.3884 0.9215 -0.0031
vn -0.1664 0.9236 0.3453
vn -0.6617 0.6637 0.3488
vn -0.7604 0.5683 -0.3144
vn -0.0305 0.9465 -0.3212
vn -0.7622 0.5638 -0.3182
vn -0.6468 0.6458 0.4057
vn -0.7723 0.5290 -0.3518
vn -0.0191 0.9244 -0.3809
vn -0.3312 0.9436 -0.0000
vn -0.2876 0.9578 -0.0001
vn -0.3909 0.9204 0.0005
vn -0.5357 0.8443 0.0139
vn -0.3850 0.9229 0.0060
vn -0.4284 0.9026 0.0426
vn -0.8712 -0.3542 -0.3401
vn -0.8294 -0.4281 -0.3590
vn -0.7611 -0.5419 0.3566
vn -0.9997 0.0257 0.0005
vn -0.9968 0.0796 0.0002
vn -0.9978 0.0665 -0.0004
vn -0.9814 0.1903 0.0265
vn -0.8570 0.3926 -0.3339
vn -0.8433 0.4183 -0.3374
vn -0.8228 0.4550 -0.3407
vn -0.8505 0.3862 0.3571
vn -0.8879 0.3100 0.3399
vn -0.8690 0.2914 -0.3999
vn -0.8451 -0.3758 -0.3804
vn -0.9992 -0.0040 0.0399
vn -0.9991 0.0421 0.0023
vn -0.9999 0.0153 0.0024
vn -1.0000 0.0008 -0.0000
vn -0.9997 -0.0250 -0.0000
vn -0.9999 -0.0167 -0.0002
vn -0.9999 0.0145 -0.0065
vn -0.9999 0.0069 -0.0099
vn -0.9989 -0.0478 0.0001
vn -0.9748 -0.2197 0.0386
vn -0.9699 -0.2406 0.0387
vn -1.0000 0.0052 -0.0012
vn -0.9990 -0.0448 0.0031
vn -0.8594 0.3908 0.3297
vn -0.9930 -0.1180 -0.0000
vn -0.8911 0.3257 0.3159
vn -0.8645 -0.3850 -0.3231
vn -0.9366 -0.3501 -0.0176
vn -0.9356 -0.3523 0.0206
vn -0.9344 0.3560 -0.0142
vn -0.9809 0.1923 -0.0302
vn -0.9753 0.2153 -0.0498
vn -0.9859 0.1665 0.0139
vn -0.9868 0.1621 -0.0068
vn -0.9266 0.3754 0.0228
vn -0.8581 -0.3929 0.3306
vn -0.8562 -0.3927 0.3358
vn -0.8910 0.3244 -0.3175
vn -0.9924 -0.1231 -0.0016
vn -0.9858 -0.1678 0.0014
vn -0.9927 -0.1205 -0.0001
vn -0.8354 0.4333 0.3383
vn -0.8523 0.4025 0.3341
vn -0.8245 0.4304 0.3673
vn -0.9995 -0.0301 0.0028
vn -0.8798 -0.3161 -0.3551
vn -0.8934 -0.3188 -0.3166
vn -0.8622 0.3877 -0.3261
vn -0.9996 -0.0272 0.0033
vn -0.9931 -0.1177 -0.0027
vn -0.9974 0.0725 0.0011
vn -0.9973 0.0727 -0.0043
vn -0.9925 0.1224 -0.0011
vn -0.8732 0.3771 0.3086
vn -0.9930 -0.1181 0.0031
vn -0.8729 0.3699 0.3181
vn -0.9975 -0.0707 -0.0023
vn -0.9989 -0.0466 0.0001
vn -0.9977 -0.0672 0.0009
vn -0.9997 0.0234 -0.0033
vn -0.9815 0.1890 0.0292
vn -0.9977 -0.0680 0.0022
vn -0.9996 0.0265 -0.0011
vn -0.9928 0.1196 -0.0092
vn -0.8830 -0.3361 0.3277
vn -0.9930 0.1183 0.0021
vn -0.9930 0.1181 -0.0024
vn -0.9987 -0.0205 -0.0464
vn -0.8720 0.2908 -0.3937
vn -0.8916 -0.3247 0.3158
vn -0.9393 -0.3425 0.0202
vn -0.9940 0.1078 0.0208
vn -0.8108 -0.4424 -0.3833
vn -0.8858 0.3354 0.3208
vn -0.8500 0.4247 0.3116
vn -0.9401 -0.3405 -0.0179
vn -0.9359 0.3516 -0.0211
vn -0.9286 0.3702 0.0254
vn -0.8435 0.3385 0.4170
vn -0.8720 -0.3217 -0.3690
vn -0.8284 0.4178 0.3731
vn -0.9943 0.1055 -0.0178
vn -0.9976 -0.0696 0.0053
vn -0.9924 -0.1229 -0.0000
vn -0.7846 -0.5170 0.3421
vn -0.7871 -0.5149 0.3397
vn -0.7731 -0.4736 -0.4219
vn -0.9849 -0.1733 -0.0012
vn -0.9988 -0.0183 0.0456
vn -0.9976 -0.0692 -0.0017
vn -0.9975 -0.0707 -0.0000
vn -0.9991 0.0416 -0.0089
vn -0.9992 0.0400 -0.0055
vn -0.8825 0.4684 -0.0428
vn -0.8946 0.4445 -0.0457
vn -0.7163 0.6159 -0.3279
vn -0.7609 0.5525 -0.3402
vn -0.7455 0.5820 -0.3247
vn -0.6472 0.6730 0.3580
vn -0.6232 0.6815 0.3837
vn -0.9770 0.2134 0.0008
vn -0.9885 0.1512 0.0001
vn -0.9713 0.2380 -0.0003
vn -0.9982 0.0527 0.0275
vn -0.9978 0.0574 0.0316
vn -0.9184 -0.2172 -0.3308
vn -0.9270 -0.1799 -0.3290
vn -0.9080 -0.2164 -0.3587
vn -0.9181 -0.1716 0.3573
vn -0.9289 -0.0894 0.3593
vn -0.9091 -0.0675 -0.4111
vn -0.7244 0.5959 -0.3466
vn -0.6982 0.6233 -0.3522
vn -0.6649 0.6542 -0.3605
vn -0.9847 0.1745 -0.0004
vn -0.9863 0.1597 0.0421
vn -0.9747 0.2234 0.0024
vn -0.9711 0.2387 -0.0005
vn -0.9743 0.2252 -0.0064
vn -0.9666 0.2562 0.0003
vn -0.9730 0.2307 -0.0074
vn -0.9584 0.2853 -0.0001
vn -0.8943 0.4461 0.0344
vn -0.9590 0.2833 -0.0007
vn -0.9505 0.3108 0.0029
vn -0.9722 0.2343 -0.0007
vn -0.9278 -0.1741 0.3299
vn -0.9511 0.3087 -0.0007
vn -0.9773 0.2117 0.0024
vn -0.8249 0.5650 -0.0174
vn -0.8244 0.5657 0.0210
vn -0.9924 -0.1223 -0.0138
vn -0.9972 0.0733 0.0142
vn -0.9894 -0.1430 0.0245
vn -0.7372 0.5883 0.3323
vn -0.9775 0.2109 0.0031
vn -0.9860 0.1669 -0.0009
vn -0.7119 0.6188 0.3321
vn -0.7358 0.5905 0.3316
vn -0.7000 0.6153 0.3625
vn -0.9429 -0.1017 -0.3172
vn -0.9297 -0.1700 -0.3267
vn -0.9360 0.3521 -0.0001
vn -0.9350 0.3546 -0.0001
vn -0.9341 0.3570 -0.0001
vn -0.7747 0.5148 -0.3671
vn -0.9144 -0.2212 0.3391
vn -0.9167 -0.1556 0.3680
vn -0.9633 0.2686 0.0035
vn -0.7782 0.5177 -0.3555
vn -0.7909 0.5235 -0.3168
vn -0.9637 0.2670 -0.0036
vn -0.9509 0.3095 0.0012
vn -0.9859 0.1674 0.0007
vn -0.9359 -0.1504 0.3186
vn -0.9797 0.2002 -0.0052
vn -0.9527 0.3041 -0.0012
vn -0.9524 0.3048 0.0030
vn -0.9588 0.2842 0.0004
vn -0.9970 0.0777 -0.0058
vn -0.9764 0.2161 -0.0049
vn -0.7214 0.6008 -0.3444
vn -0.9707 0.2403 0.0084
vn -0.9767 0.2146 -0.0010
vn -0.7739 0.5236 0.3562
vn -0.7863 0.5303 0.3171
vn -0.9925 0.1224 0.0001
vn -0.9924 0.1230 -0.0024
vn -0.9035 -0.2203 0.3677
vn -0.8299 0.5575 0.0208
vn -0.6385 0.6889 -0.3430
vn -0.7181 0.5859 -0.3757
vn -0.9404 -0.1134 0.3205
vn -0.9269 -0.2091 0.3116
vn -0.9929 -0.1173 -0.0212
vn -0.9902 -0.1371 0.0255
vn -0.7698 0.5213 -0.3683
vn -0.8994 -0.1270 0.4183
vn -0.9039 -0.2074 0.3741
vn -0.9318 0.0044 0.3630
vn -0.9258 0.0375 -0.3761
vn -0.6397 0.6663 0.3832
vn -0.6374 0.6444 -0.4224
vn -0.9166 0.3998 -0.0008
vn -0.9161 0.4009 -0.0022
vn -0.8534 0.3992 0.3351
vn -0.9790 0.2036 -0.0051
vn -0.9993 0.0364 -0.0015
vn -0.9000 -0.3025 -0.3139
vn -0.7964 0.5125 -0.3210
vn -0.8973 -0.3064 -0.3176
vn -0.8714 -0.3147 -0.3764
vn -0.8995 -0.1672 0.4036
vn -0.8293 0.4128 0.3767
vn -0.9647 0.2635 -0.0000
vn -0.9796 0.2009 0.0009
vn -0.9992 0.0387 0.0136
vn -0.9783 0.2073 0.0059
vn -0.9958 0.0805 0.0426
vn -0.5642 0.8245 -0.0426
vn -0.3480 0.8782 -0.3281
vn -0.4169 0.8429 -0.3402
vn -0.3896 0.8619 -0.3246
vn -0.2587 0.8973 0.3576
vn -0.2351 0.8929 0.3840
vn -0.7660 0.6429 0.0008
vn -0.8050 0.5933 0.0001
vn -0.7495 0.6620 -0.0003
vn -0.8594 0.5106 0.0275
vn -0.8567 0.5148 0.0316
vn -0.9140 0.2345 -0.3312
vn -0.9043 0.2713 -0.3295
vn -0.9043 0.2303 -0.3595
vn -0.8926 0.2748 0.3574
vn -0.8640 0.3524 0.3596
vn -0.3642 0.8643 -0.3468
vn -0.3262 0.8758 -0.3558
vn -0.2847 0.8884 -0.3601
vn -0.7909 0.6120 -0.0000
vn -0.7991 0.5997 0.0421
vn -0.7593 0.6507 0.0023
vn -0.7491 0.6625 -0.0005
vn -0.7581 0.6520 -0.0065
vn -0.7367 0.6762 -0.0005
vn -0.7544 0.6564 -0.0083
vn -0.7157 0.6984 0.0001
vn -0.5846 0.8106 0.0341
vn -0.7174 0.6967 -0.0010
vn -0.6970 0.7170 0.0029
vn -0.7519 0.6593 -0.0010
vn -0.9024 0.2770 0.3301
vn -0.6988 0.7154 -0.0003
vn -0.7669 0.6417 0.0028
vn -0.4678 0.8836 -0.0174
vn -0.4670 0.8840 0.0210
vn -0.9356 0.3528 -0.0138
vn -0.8491 0.5281 0.0142
vn -0.9426 0.3331 0.0243
vn -0.3796 0.8635 0.3321
vn -0.7674 0.6412 0.0031
vn -0.7953 0.6062 -0.0015
vn -0.3430 0.8788 0.3318
vn -0.3775 0.8648 0.3309
vn -0.3337 0.8701 0.3626
vn -0.8822 0.3477 -0.3174
vn -0.9022 0.2815 -0.3268
vn -0.4470 0.8157 -0.3673
vn -0.9126 0.2292 0.3385
vn -0.8843 0.2878 0.3676
vn -0.7282 0.6853 0.0033
vn -0.4485 0.8201 -0.3554
vn -0.4569 0.8311 -0.3169
vn -0.7294 0.6841 -0.0045
vn -0.7952 0.6064 0.0008
vn -0.8221 0.5693 -0.0000
vn -0.8986 0.3018 0.3184
vn -0.7744 0.6326 -0.0053
vn -0.7018 0.7124 -0.0010
vn -0.7168 0.6973 0.0007
vn -0.8467 0.5321 -0.0058
vn -0.7640 0.6452 -0.0045
vn -0.8231 0.5679 -0.0095
vn -0.3595 0.8672 -0.3446
vn -0.7480 0.6637 0.0077
vn -0.7653 0.6437 -0.0009
vn -0.4422 0.8232 0.3560
vn -0.4512 0.8346 0.3161
vn -0.8218 0.5698 0.0001
vn -0.8215 0.5701 -0.0026
vn -0.9026 0.2246 0.3672
vn -0.3633 0.8525 -0.3760
vn -0.8853 0.3363 0.3213
vn -0.9179 0.2457 0.3116
vn -0.9338 0.3573 -0.0212
vn -0.9406 0.3385 0.0255
vn -0.4393 0.8194 -0.3682
vn -0.8554 0.3056 0.4182
vn -0.8967 0.2365 0.3742
vn -0.6972 0.7169 -0.0003
vn -0.6253 0.7804 0.0025
vn -0.6140 0.7893 0.0026
vn -0.8209 0.3787 -0.4274
vn -0.7317 0.6817 -0.0000
vn -0.9359 0.0909 -0.3404
vn -0.9256 -0.1263 0.3569
vn -0.8732 0.4873 0.0005
vn -0.8456 0.5339 0.0004
vn -0.8526 0.5226 -0.0003
vn -0.7804 0.6247 0.0267
vn -0.5764 0.7459 -0.3338
vn -0.5522 0.7624 -0.3375
vn -0.5171 0.7852 -0.3408
vn -0.5733 0.7373 0.3574
vn -0.9374 0.0344 -0.3465
vn -0.9231 0.0607 -0.3798
vn -0.8866 0.4608 0.0399
vn -0.8832 0.4690 -0.0006
vn -0.8652 0.5015 0.0026
vn -0.8782 0.4782 0.0023
vn -0.8852 0.4653 0.0001
vn -0.8967 0.4426 -0.0000
vn -0.8931 0.4498 0.0003
vn -0.8787 0.4774 -0.0064
vn -0.8819 0.4713 -0.0093
vn -0.9067 0.4217 0.0002
vn -0.8830 0.4694 -0.0011
vn -0.9054 0.4245 0.0031
vn -0.5792 0.7454 0.3298
vn -0.6370 0.7031 0.3160
vn -0.9443 0.0602 -0.3235
vn -0.9920 0.1251 -0.0175
vn -0.9052 0.4249 0.0019
vn -0.9922 0.1227 0.0207
vn -0.6617 0.7497 -0.0142
vn -0.7795 0.6257 -0.0303
vn -0.7629 0.6446 -0.0504
vn -0.7953 0.6060 0.0140
vn -0.7989 0.6014 -0.0067
vn -0.6457 0.7632 0.0228
vn -0.9422 0.0500 0.3312
vn -0.9404 0.0494 0.3363
vn -0.6373 0.6818 -0.3592
vn -0.9389 0.1093 -0.3264
vn -0.5382 0.7719 0.3385
vn -0.5673 0.7525 0.3344
vn -0.5303 0.7641 0.3673
vn -0.8990 0.4379 0.0028
vn -0.9257 0.1280 -0.3558
vn -0.9392 0.1323 -0.3169
vn -0.5831 0.7440 -0.3263
vn -0.8977 0.4405 0.0030
vn -0.8494 0.5277 0.0011
vn -0.8492 0.5280 -0.0039
vn -0.5983 0.7395 0.3085
vn -0.6006 0.7332 0.3189
vn -0.9061 0.4230 -0.0002
vn -0.9147 0.4040 0.0014
vn -0.8743 0.4853 -0.0034
vn -0.7815 0.6232 0.0291
vn -0.9150 0.4034 0.0024
vn -0.8730 0.4878 -0.0012
vn -0.9380 0.1118 0.3282
vn -0.8242 0.5663 0.0022
vn -0.8243 0.5662 -0.0023
vn -0.6365 0.6629 -0.3942
vn -0.9403 0.1252 0.3164
vn -0.9237 -0.0151 -0.3828
vn -0.6280 0.7092 0.3204
vn -0.5549 0.7712 0.3119
vn -0.6651 0.7464 -0.0212
vn -0.6501 0.7594 0.0253
vn -0.5894 0.6921 0.4167
vn -0.9214 0.1197 -0.3698
vn -0.5390 0.7551 0.3733
vn -0.9505 0.3106 -0.0003
vn -0.9164 0.4003 0.0025
vn -0.9105 0.4135 0.0027
vn -0.9106 0.4133 0.0037
vn -0.8904 0.4518 -0.0560
vn -0.9506 0.3105 0.0028
vn -0.9293 -0.0868 -0.3589
vn -0.9020 -0.0449 -0.4295
vn -0.9139 0.2927 0.2812
vn -0.5636 0.7655 0.3104
vn -0.9155 0.2557 0.3105
vn -0.8678 0.4968 -0.0055
vn -0.9035 0.2670 0.3353
vn -0.7721 0.6355 -0.0014
vn -0.4732 0.8236 -0.3126
vn -0.9365 0.1447 -0.3195
vn -0.9369 0.1494 -0.3159
vn -0.5620 0.7208 0.4056
vn -0.4434 0.8140 -0.3753
vn -0.8937 0.2407 0.3786
vn -0.9161 0.4010 -0.0000
vn -0.8653 0.5011 -0.0093
vn -0.8662 0.4997 -0.0053
vn -0.8443 0.5342 0.0426
vn 0.5673 -0.8224 -0.0423
vn 0.6402 -0.6888 -0.3403
vn 0.7766 -0.5198 0.3559
vn 0.3299 -0.9440 0.0006
vn 0.2791 -0.9603 0.0002
vn 0.2917 -0.9565 -0.0002
vn 0.1704 -0.9850 0.0265
vn -0.0634 -0.9404 -0.3342
vn -0.0923 -0.9369 -0.3372
vn -0.1338 -0.9307 -0.3405
vn -0.0597 -0.9321 0.3573
vn 0.0246 -0.9400 0.3402
vn 0.6789 -0.6471 -0.3468
vn 0.6505 -0.6579 -0.3796
vn 0.3579 -0.9329 0.0401
vn 0.2779 -0.9597 0.0427
vn 0.3150 -0.9491 0.0025
vn 0.3403 -0.9403 0.0024
vn 0.3538 -0.9353 -0.0000
vn 0.3779 -0.9258 -0.0000
vn 0.3703 -0.9289 0.0002
vn 0.3409 -0.9401 -0.0065
vn 0.3474 -0.9377 -0.0090
vn 0.3992 -0.9169 0.0001
vn 0.5671 -0.8227 0.0383
vn 0.3945 -0.9189 -0.0015
vn 0.3960 -0.9182 0.0031
vn 0.3953 -0.9186 -0.0039
vn 0.3497 -0.9369 -0.0011
vn -0.0608 -0.9421 0.3298
vn 0.0112 -0.9488 0.3157
vn 0.6667 -0.6716 -0.3232
vn 0.6598 -0.7512 -0.0175
vn 0.6614 -0.7497 0.0206
vn -0.0017 -0.9999 -0.0142
vn 0.1679 -0.9853 -0.0304
vn 0.1438 -0.9883 -0.0504
vn 0.1934 -0.9810 0.0139
vn 0.1982 -0.9801 -0.0068
vn -0.0225 -0.9995 0.0229
vn 0.6717 -0.6629 0.3306
vn 0.6710 -0.6609 0.3360
vn 0.0261 -0.9331 -0.3586
vn 0.6298 -0.7052 -0.3257
vn -0.1091 -0.9346 0.3386
vn -0.0744 -0.9395 0.3342
vn -0.1099 -0.9235 0.3676
vn 0.3825 -0.9239 0.0028
vn 0.6077 -0.7103 -0.3553
vn 0.6151 -0.7221 -0.3167
vn -0.0570 -0.9436 -0.3263
vn 0.3799 -0.9250 0.0030
vn 0.2859 -0.9583 0.0010
vn 0.2857 -0.9583 -0.0044
vn 0.2378 -0.9713 -0.0011
vn -0.0432 -0.9501 0.3089
vn -0.0365 -0.9472 0.3185
vn 0.3978 -0.9175 0.0006
vn 0.4170 -0.9089 0.0013
vn 0.3326 -0.9431 -0.0034
vn 0.1721 -0.9847 0.0288
vn 0.4177 -0.9086 0.0030
vn 0.3298 -0.9441 -0.0010
vn 0.2401 -0.9707 -0.0092
vn 0.6275 -0.7063 0.3278
vn 0.2414 -0.9704 0.0022
vn 0.2416 -0.9704 -0.0022
vn 0.0374 -0.9183 -0.3942
vn 0.6204 -0.7178 0.3160
vn 0.7013 -0.6008 -0.3838
vn 0.0008 -0.9474 0.3201
vn -0.0958 -0.9453 0.3118
vn 0.0031 -0.9998 -0.0212
vn -0.0169 -0.9995 0.0253
vn -0.0176 -0.9086 0.4173
vn 0.6103 -0.7010 -0.3690
vn -0.0970 -0.9226 0.3735
vn 0.5054 -0.8629 -0.0003
vn 0.4205 -0.9073 0.0024
vn 0.4073 -0.9133 0.0027
vn 0.3702 -0.9271 -0.0591
vn 0.4076 -0.9132 0.0026
vn 0.5525 -0.8313 -0.0598
vn 0.7505 -0.5520 -0.3635
vn 0.7014 -0.5649 -0.4347
vn 0.3496 -0.9369 -0.0005
vn 0.4198 -0.9076 -0.0001
vn 0.3154 -0.9489 -0.0083
vn 0.3169 -0.9484 -0.0054
vn -0.1246 -0.9913 -0.0426
vn -0.0976 -0.9942 -0.0456
vn -0.3219 -0.8881 -0.3280
vn -0.2468 -0.9073 -0.3405
vn -0.2799 -0.9035 -0.3246
vn -0.4006 -0.8436 0.3576
vn -0.4163 -0.8245 0.3832
vn 0.1470 -0.9891 0.0008
vn 0.2092 -0.9779 0.0001
vn 0.1219 -0.9925 -0.0003
vn 0.3039 -0.9523 0.0273
vn 0.2995 -0.9536 0.0315
vn 0.5285 -0.7816 -0.3314
vn 0.4971 -0.8027 -0.3294
vn 0.5243 -0.7722 -0.3589
vn 0.4860 -0.7976 0.3571
vn 0.4136 -0.8364 0.3596
vn 0.3860 -0.8257 -0.4113
vn -0.3004 -0.8885 -0.3468
vn -0.3356 -0.8728 -0.3545
vn -0.3759 -0.8536 -0.3607
vn 0.1861 -0.9825 -0.0003
vn 0.2005 -0.9788 0.0421
vn 0.1368 -0.9906 0.0023
vn 0.1213 -0.9926 -0.0006
vn 0.1349 -0.9908 -0.0064
vn 0.1031 -0.9947 -0.0003
vn 0.1296 -0.9915 -0.0082
vn -0.1014 -0.9941 0.0387
vn 0.0727 -0.9974 -0.0000
vn -0.1005 -0.9943 0.0344
vn 0.0750 -0.9972 -0.0007
vn 0.0463 -0.9989 0.0029
vn 0.1258 -0.9921 -0.0009
vn 0.4915 -0.8060 0.3297
vn 0.0487 -0.9988 -0.0008
vn 0.1486 -0.9889 0.0026
vn -0.2357 -0.9717 -0.0173
vn -0.2365 -0.9714 0.0210
vn 0.4662 -0.8846 -0.0138
vn 0.2844 -0.9586 0.0142
vn 0.4846 -0.8744 0.0243
vn -0.2885 -0.8980 0.3322
vn 0.1493 -0.9888 0.0032
vn 0.1935 -0.9811 -0.0011
vn -0.3259 -0.8853 0.3317
vn -0.2911 -0.8975 0.3313
vn -0.3273 -0.8726 0.3626
vn 0.4296 -0.8454 -0.3174
vn 0.4886 -0.8091 -0.3267
vn 0.0026 -1.0000 -0.0000
vn -0.0000 -1.0000 -0.0001
vn -0.0026 -1.0000 -0.0001
vn -0.2068 -0.9069 -0.3672
vn 0.5308 -0.7770 0.3383
vn 0.4710 -0.8019 0.3677
vn 0.0907 -0.9959 0.0029
vn -0.2083 -0.9112 -0.3555
vn -0.2092 -0.9251 -0.3168
vn 0.0923 -0.9957 -0.0042
vn 0.0478 -0.9989 0.0012
vn 0.1931 -0.9812 0.0010
vn 0.4724 -0.8219 0.3184
vn 0.1601 -0.9871 -0.0053
vn 0.0533 -0.9986 -0.0014
vn 0.0527 -0.9986 0.0032
vn 0.0742 -0.9972 0.0002
vn 0.2800 -0.9600 -0.0058
vn 0.1440 -0.9896 -0.0047
vn -0.3054 -0.8878 -0.3443
vn 0.1196 -0.9928 0.0078
vn 0.1458 -0.9893 -0.0011
vn -0.2150 -0.9094 0.3560
vn -0.2164 -0.9235 0.3166
vn 0.2373 -0.9714 -0.0000
vn 0.2369 -0.9715 -0.0022
vn 0.5218 -0.7683 0.3707
vn -0.4180 -0.8411 -0.3432
vn -0.2933 -0.8789 -0.3762
vn 0.4397 -0.8389 0.3207
vn 0.5241 -0.7926 0.3117
vn 0.4618 -0.8867 -0.0212
vn 0.4794 -0.8772 0.0254
vn -0.2146 -0.9043 -0.3690
vn 0.4377 -0.7963 0.4175
vn 0.5146 -0.7717 0.3736
vn 0.2247 -0.9743 -0.0178
vn 0.3263 -0.8728 0.3631
vn 0.2932 -0.8790 -0.3761
vn -0.3956 -0.8349 0.3826
vn -0.3762 -0.8248 -0.4221
vn 0.1001 -0.9940 0.0453
vn -0.0487 -0.9988 -0.0007
vn -0.0514 -0.9987 -0.0015
vn 0.1566 -0.9877 -0.0031
vn -0.0595 -0.9366 0.3453
vn 0.4837 -0.8028 0.3487
vn -0.1967 -0.9269 -0.3196
vn 0.6021 -0.7345 -0.3128
vn -0.1923 -0.9291 -0.3158
vn 0.4734 -0.7816 0.4062
vn 0.6230 -0.6987 -0.3515
vn -0.2029 -0.9021 -0.3809
vn 0.0958 -0.9954 -0.0000
vn 0.1593 -0.9872 0.0010
vn 0.3182 -0.9479 0.0134
vn 0.1530 -0.9882 0.0056
vn -0.5707 -0.8201 -0.0426
vn -0.5482 -0.8351 -0.0457
vn -0.6977 -0.6368 -0.3282
vn -0.6402 -0.6887 -0.3402
vn -0.6677 -0.6700 -0.3246
vn -0.7469 -0.5605 0.3578
vn -0.7517 -0.5365 0.3835
vn -0.3296 -0.9441 0.0007
vn -0.1729 -0.9846 0.0275
vn -0.1772 -0.9837 0.0319
vn 0.1047 -0.9378 -0.3311
vn 0.0670 -0.9419 -0.3292
vn 0.1055 -0.9273 -0.3591
vn -0.0152 -0.9494 0.3138
vn 0.0597 -0.9321 0.3573
vn -0.0232 -0.9330 0.3591
vn -0.0427 -0.9107 -0.4108
vn -0.6790 -0.6471 -0.3467
vn -0.7028 -0.6169 -0.3543
vn -0.7298 -0.5810 -0.3603
vn -0.2917 -0.9565 -0.0002
vn -0.3392 -0.9407 0.0023
vn -0.3409 -0.9401 -0.0064
vn -0.3711 -0.9286 -0.0003
vn -0.3461 -0.9382 -0.0082
vn -0.3990 -0.9170 -0.0000
vn -0.5509 -0.8339 0.0343
vn -0.3971 -0.9178 -0.0007
vn -0.4233 -0.9060 0.0030
vn -0.3497 -0.9369 -0.0010
vn 0.0607 -0.9422 0.3296
vn -0.4210 -0.9070 -0.0008
vn -0.3280 -0.9447 0.0022
vn -0.6604 -0.7508 -0.0173
vn -0.6609 -0.7502 0.0210
vn 0.0017 -0.9999 -0.0138
vn -0.1937 -0.9810 0.0142
vn 0.0226 -0.9994 0.0243
vn -0.6728 -0.6610 0.3322
vn -0.3273 -0.9449 0.0031
vn -0.2846 -0.9586 -0.0010
vn -0.7000 -0.6324 0.3318
vn -0.6749 -0.6593 0.3314
vn -0.6953 -0.6205 0.3625
vn -0.0126 -0.9483 -0.3172
vn 0.0567 -0.9434 -0.3267
vn -0.4624 -0.8867 -0.0000
vn -0.4647 -0.8854 -0.0001
vn -0.4671 -0.8842 -0.0001
vn -0.6043 -0.7073 -0.3669
vn 0.1090 -0.9346 0.3385
vn 0.0443 -0.9289 0.3676
vn -0.3824 -0.9240 0.0028
vn -0.6077 -0.7103 -0.3552
vn -0.6151 -0.7221 -0.3167
vn -0.3810 -0.9246 -0.0042
vn -0.4219 -0.9066 0.0010
vn -0.2850 -0.9585 0.0009
vn -0.2395 -0.9709 -0.0000
vn 0.0365 -0.9472 0.3185
vn -0.3169 -0.9484 -0.0054
vn -0.4168 -0.9090 -0.0013
vn -0.4174 -0.9087 0.0034
vn -0.3978 -0.9175 0.0003
vn -0.1983 -0.9801 -0.0058
vn -0.3324 -0.9431 -0.0047
vn -0.2393 -0.9709 -0.0094
vn -0.6833 -0.6437 -0.3446
vn -0.3555 -0.9346 0.0075
vn -0.3307 -0.9437 -0.0011
vn -0.6129 -0.7055 0.3559
vn -0.6203 -0.7178 0.3162
vn -0.2413 -0.9704 -0.0000
vn -0.2417 -0.9704 -0.0022
vn -0.3761 -0.9255 -0.0457
vn 0.1099 -0.9235 0.3675
vn -0.7609 -0.5507 -0.3430
vn -0.6681 -0.6420 -0.3761
vn -0.0006 -0.9472 0.3205
vn 0.0958 -0.9453 0.3118
vn -0.0031 -0.9998 -0.0212
vn 0.0169 -0.9995 0.0254
vn -0.6102 -0.7011 -0.3689
vn 0.0176 -0.9086 0.4173
vn 0.0969 -0.9226 0.3735
vn -0.2538 -0.9671 -0.0173
vn -0.1161 -0.9246 0.3627
vn -0.1486 -0.9145 -0.3763
vn -0.7384 -0.5548 0.3835
vn -0.7609 -0.5539 0.3380
vn -0.4668 -0.8844 0.0033
vn -0.7164 -0.5552 -0.4225
vn -0.5073 -0.8618 -0.0006
vn -0.3778 -0.9259 -0.0001
vn 0.3219 -0.8881 -0.3280
vn 0.2469 -0.9074 -0.3401
vn 0.4464 -0.8207 0.3567
vn -0.1460 -0.9893 0.0006
vn -0.1991 -0.9800 0.0003
vn -0.1862 -0.9825 -0.0003
vn -0.3065 -0.9515 0.0264
vn -0.4931 -0.8033 -0.3341
vn -0.5172 -0.7866 -0.3371
vn -0.5507 -0.7621 -0.3403
vn -0.4859 -0.7976 0.3575
vn 0.3003 -0.8886 -0.3466
vn 0.2707 -0.8846 -0.3798
vn -0.1165 -0.9924 0.0399
vn -0.1253 -0.9921 -0.0005
vn -0.1621 -0.9868 0.0025
vn -0.1357 -0.9907 0.0024
vn -0.1213 -0.9926 -0.0000
vn -0.0957 -0.9954 -0.0000
vn -0.1039 -0.9946 0.0004
vn -0.1350 -0.9908 -0.0065
vn -0.1282 -0.9917 -0.0091
vn -0.0729 -0.9973 0.0001
vn 0.1212 -0.9919 0.0386
vn -0.1258 -0.9921 -0.0012
vn -0.0761 -0.9971 0.0031
vn -0.4915 -0.8061 0.3297
vn -0.4313 -0.8451 0.3159
vn -0.1505 -0.9886 -0.0032
vn 0.2798 -0.9035 -0.3245
vn 0.2348 -0.9719 -0.0175
vn -0.0766 -0.9971 0.0017
vn 0.2372 -0.9713 0.0207
vn -0.4661 -0.8846 -0.0142
vn -0.3093 -0.9505 -0.0304
vn -0.3321 -0.9419 -0.0504
vn -0.2846 -0.9586 0.0139
vn -0.2800 -0.9600 -0.0068
vn -0.4845 -0.8745 0.0229
vn 0.2885 -0.8980 0.3322
vn -0.1479 -0.9890 -0.0030
vn 0.3308 -0.8845 0.3290
vn 0.2870 -0.8971 0.3359
vn -0.4115 -0.8376 -0.3593
vn 0.2305 -0.9168 -0.3262
vn -0.5308 -0.7769 0.3387
vn -0.5025 -0.7973 0.3343
vn -0.5265 -0.7666 0.3677
vn -0.0907 -0.9959 0.0030
vn 0.2083 -0.9112 -0.3555
vn 0.2091 -0.9252 -0.3167
vn -0.4891 -0.8090 -0.3262
vn -0.0936 -0.9956 0.0033
vn -0.1909 -0.9816 -0.0055
vn -0.4725 -0.8218 0.3186
vn -0.0499 -0.9988 -0.0022
vn -0.0742 -0.9972 0.0003
vn -0.0534 -0.9986 0.0012
vn -0.1437 -0.9896 -0.0034
vn -0.3046 -0.9520 0.0288
vn -0.0527 -0.9986 0.0027
vn -0.1467 -0.9892 -0.0010
vn 0.2278 -0.9169 0.3279
vn -0.2372 -0.9715 0.0022
vn -0.1934 -0.9811 -0.0012
vn -0.2370 -0.9715 -0.0022
vn -0.3937 -0.8304 -0.3943
vn 0.2164 -0.9236 0.3165
vn 0.3415 -0.8583 -0.3830
vn -0.4405 -0.8384 0.3210
vn -0.5240 -0.7926 0.3117
vn -0.4619 -0.8867 -0.0212
vn -0.4794 -0.8773 0.0253
vn -0.4378 -0.7963 0.4174
vn 0.2145 -0.9043 -0.3691
vn -0.5147 -0.7718 0.3734
vn -0.0494 -0.9988 0.0015
vn 0.0468 -0.9989 0.0028
vn 0.0492 -0.9988 0.0013
vn -0.0636 -0.9980 0.0038
vn -0.1058 -0.9928 -0.0557
vn 0.0467 -0.9989 0.0028
vn 0.4106 -0.8382 -0.3588
vn 0.3627 -0.8265 -0.4304
vn 0.0505 -0.9583 0.2813
vn -0.5156 -0.7987 0.3103
vn 0.0857 -0.9466 0.3107
vn -0.1567 -0.9876 -0.0052
vn 0.0707 -0.9394 0.3354
vn -0.3204 -0.9473 -0.0015
vn -0.6021 -0.7345 -0.3128
vn 0.1967 -0.9269 -0.3195
vn 0.1923 -0.9291 -0.3158
vn -0.4744 -0.7814 0.4055
vn -0.6038 -0.7035 -0.3749
vn 0.0920 -0.9210 0.3787
vn -0.0502 -0.9987 -0.0000
vn -0.1617 -0.9868 -0.0083
vn -0.1601 -0.9871 -0.0054
vn -0.1999 -0.9789 0.0426
vn -0.9989 -0.0278 -0.0375
vn -0.9204 0.2125 -0.3283
vn -0.9306 0.1358 -0.3400
vn -0.9307 0.1689 -0.3245
vn -0.8849 0.2965 0.3592
vn -0.8685 0.3138 0.3836
vn -0.9639 -0.2664 0.0007
vn -0.9455 -0.3255 0.0001
vn -0.9707 -0.2405 -0.0007
vn -0.7122 -0.6188 -0.3315
vn -0.7368 -0.5903 -0.3296
vn -0.7330 -0.5786 0.3577
vn -0.7801 -0.5117 0.3600
vn -0.9185 0.1909 -0.3464
vn -0.9074 0.2281 -0.3529
vn -0.8927 0.2709 -0.3602
vn -0.9529 -0.3031 -0.0000
vn -0.9475 -0.3169 0.0421
vn -0.9667 -0.2560 0.0022
vn -0.9708 -0.2399 -0.0005
vn -0.9673 -0.2536 -0.0065
vn -0.9750 -0.2220 -0.0002
vn -0.9687 -0.2481 -0.0082
vn -0.9812 -0.1928 -0.0000
vn -0.9992 -0.0192 0.0346
vn -0.9987 -0.0504 0.0110
vn -0.9748 -0.2231 0.0003
vn -0.9985 -0.0535 -0.0101
vn -0.9746 -0.2239 0.0004
vn -0.9807 -0.1954 -0.0007
vn -0.9860 -0.1664 0.0029
vn -0.9696 -0.2445 -0.0008
vn -0.7407 -0.5852 0.3300
vn -0.9857 -0.1687 -0.0006
vn -0.9638 -0.2668 0.0026
vn -0.9931 0.1161 -0.0175
vn -0.9928 0.1176 0.0210
vn -0.8219 -0.5694 -0.0139
vn -0.9173 -0.3981 0.0141
vn -0.8097 -0.5863 0.0243
vn -0.9241 0.1837 0.3352
vn -0.9636 -0.2675 0.0030
vn -0.9499 -0.3125 0.0003
vn -0.9182 0.2168 0.3314
vn -0.9261 0.1808 0.3312
vn -0.9058 0.2198 0.3622
vn -0.7870 -0.5291 -0.3173
vn -0.7441 -0.5826 -0.3268
vn -0.9362 0.1193 -0.3306
vn -0.7074 -0.6207 0.3383
vn -0.7393 -0.5637 0.3683
vn -0.9777 -0.2102 0.0033
vn -0.9297 0.0967 -0.3553
vn -0.9436 0.0961 -0.3167
vn -0.9773 -0.2117 -0.0043
vn -0.9507 -0.3100 0.0011
vn -0.9355 -0.3532 -0.0033
vn -0.7588 -0.5682 0.3184
vn -0.9606 -0.2780 -0.0053
vn -0.9848 -0.1737 -0.0015
vn -0.9810 -0.1940 -0.0004
vn -0.9191 -0.3939 -0.0057
vn -0.9213 0.1887 -0.3400
vn -0.9711 -0.2386 0.0082
vn -0.9639 -0.2663 -0.0012
vn -0.9359 -0.3522 -0.0100
vn -0.9223 0.1159 0.3687
vn -0.9432 0.1021 0.3160
vn -0.9359 -0.3523 -0.0023
vn -0.6979 -0.6150 0.3670
vn -0.9078 0.1852 -0.3763
vn -0.7792 -0.5382 0.3212
vn -0.7235 -0.6158 0.3119
vn -0.8245 -0.5655 -0.0211
vn -0.8129 -0.5818 0.0254
vn -0.9231 0.1041 -0.3701
vn -0.7381 -0.5309 0.4164
vn -0.7043 -0.6043 0.3726
vn -0.9984 -0.0571 0.0019
vn -0.9878 -0.1557 0.0012
vn -0.9974 -0.0715 0.0013
vn -0.7767 -0.4614 -0.4287
vn -0.7817 -0.5063 -0.3641
vn -0.9766 -0.2152 -0.0000
vn -0.6066 -0.7184 -0.3405
vn -0.5351 -0.7644 -0.3596
vn -0.4223 -0.8337 0.3559
vn -0.8971 -0.4419 0.0005
vn -0.9196 -0.3929 0.0002
vn -0.9144 -0.4049 -0.0004
vn -0.9554 -0.2942 0.0244
vn -0.9411 -0.0501 -0.3345
vn -0.9412 -0.0213 -0.3372
vn -0.9326 -0.0528 0.3572
vn -0.9302 -0.1375 0.3404
vn -0.9049 -0.1453 -0.4000
vn -0.5799 -0.7231 -0.3753
vn -0.8829 -0.4679 0.0399
vn -0.8877 -0.4605 -0.0006
vn -0.9042 -0.4272 0.0026
vn -0.8924 -0.4512 0.0024
vn -0.8859 -0.4639 -0.0001
vn -0.8737 -0.4865 -0.0000
vn -0.8776 -0.4794 0.0003
vn -0.8923 -0.4514 -0.0066
vn -0.8887 -0.4584 -0.0098
vn -0.8624 -0.5063 -0.0001
vn -0.7587 -0.6502 0.0400
vn -0.7455 -0.6654 0.0393
vn -0.8879 -0.4600 -0.0010
vn -0.8638 -0.5038 0.0032
vn -0.9426 -0.0531 0.3297
vn -0.8244 -0.5661 -0.0001
vn -0.9405 -0.1254 0.3158
vn -0.5862 -0.7429 -0.3233
vn -0.6664 -0.7453 -0.0175
vn -0.8641 -0.5033 0.0013
vn -0.6645 -0.7470 0.0205
vn -0.9928 -0.1189 -0.0142
vn -0.9578 -0.2857 -0.0304
vn -0.9640 -0.2611 -0.0504
vn -0.9505 -0.3104 0.0138
vn -0.9490 -0.3153 -0.0068
vn -0.9949 -0.0981 0.0230
vn -0.5724 -0.7491 0.3335
vn -0.5755 -0.7457 0.3357
vn -0.9399 -0.1263 -0.3173
vn -0.8214 -0.5704 -0.0025
vn -0.7948 -0.6068 0.0014
vn -0.8230 -0.5680 -0.0001
vn -0.9409 -0.0043 0.3387
vn -0.9416 -0.0394 0.3343
vn -0.9304 -0.0023 0.3666
vn -0.8711 -0.4911 0.0028
vn -0.6314 -0.6891 -0.3556
vn -0.6426 -0.6977 -0.3167
vn -0.9436 -0.0569 -0.3262
vn -0.8725 -0.4886 0.0033
vn -0.8245 -0.5658 -0.0019
vn -0.9168 -0.3993 0.0012
vn -0.9177 -0.3973 -0.0037
vn -0.9484 -0.0714 0.3089
vn -0.8243 -0.5661 0.0035
vn -0.9447 -0.0778 0.3185
vn -0.8504 -0.5262 -0.0024
vn -0.8630 -0.5052 -0.0004
vn -0.8524 -0.5230 0.0011
vn -0.8960 -0.4439 -0.0035
vn -0.8520 -0.5235 0.0025
vn -0.8971 -0.4418 -0.0009
vn -0.9125 -0.4090 -0.0088
vn -0.6115 -0.7147 0.3396
vn -0.9342 -0.3568 -0.0019
vn -0.8733 -0.4850 -0.0454
vn -0.9068 -0.1461 -0.3954
vn -0.6361 -0.7033 0.3174
vn -0.9302 -0.3664 0.0208
vn -0.6725 -0.7398 0.0208
vn -0.5124 -0.7686 -0.3830
vn -0.9403 -0.1138 0.3208
vn -0.9499 -0.0186 0.3119
vn -0.6742 -0.7384 -0.0178
vn -0.9921 -0.1235 -0.0214
vn -0.9943 -0.1038 0.0253
vn -0.9043 -0.0917 0.4170
vn -0.6223 -0.6903 -0.3690
vn -0.9275 -0.0147 0.3736
vn -0.9295 -0.3685 -0.0178
vn -0.8509 -0.5253 0.0051
vn -0.8215 -0.5702 0.0017
vn -0.4581 -0.8217 0.3391
vn -0.4646 -0.7788 -0.4213
vn -0.7919 -0.6107 -0.0005
vn -0.8734 -0.4843 0.0504
vn -0.8511 -0.5250 -0.0015
vn -0.7600 -0.5862 0.2806
vn -0.9503 -0.0293 0.3099
vn -0.7306 -0.6084 0.3100
vn -0.9018 -0.4321 -0.0053
vn -0.7330 -0.5919 0.3352
vn -0.9616 -0.2746 -0.0013
vn -0.6506 -0.6884 -0.3207
vn -0.9462 0.0786 -0.3140
vn -0.9445 0.0831 -0.3178
vn -0.7190 -0.5643 0.4058
vn -0.6183 -0.7028 -0.3518
vn -0.9200 0.0926 -0.3808
vn -0.8504 -0.5261 -0.0000
vn -0.9039 -0.4276 -0.0086
vn -0.9033 -0.4290 -0.0055
vn -0.9341 -0.3552 0.0361
vn -0.9608 -0.2769 0.0143
vn -0.9027 -0.4302 0.0015
vn -0.9000 -0.4358 0.0063
vn -0.9192 -0.3915 0.0427
vn -0.3548 -0.9340 -0.0422
vn -0.2031 -0.9181 -0.3404
vn 0.0137 -0.9342 0.3564
vn -0.5895 -0.8078 0.0006
vn -0.6348 -0.7727 -0.0001
vn -0.6215 -0.7834 -0.0002
vn -0.7110 -0.7027 0.0250
vn -0.8100 -0.4822 -0.3339
vn -0.8233 -0.4561 -0.3377
vn -0.8418 -0.4188 -0.3406
vn -0.8010 -0.4802 0.3574
vn -0.1469 -0.9264 -0.3467
vn -0.1773 -0.9096 -0.3757
vn -0.5649 -0.8252 0.0003
vn -0.5735 -0.8192 -0.0008
vn -0.6021 -0.7984 0.0026
vn -0.5805 -0.8142 0.0023
vn -0.5688 -0.8225 -0.0000
vn -0.5473 -0.8369 -0.0000
vn -0.5542 -0.8324 0.0005
vn -0.5800 -0.8146 -0.0065
vn -0.5746 -0.8184 -0.0087
vn -0.5279 -0.8493 0.0001
vn -0.5314 -0.8471 -0.0013
vn -0.5306 -0.8476 0.0031
vn -0.5313 -0.8472 -0.0040
vn -0.5725 -0.8199 -0.0012
vn -0.8098 -0.4852 0.3299
vn -0.7747 -0.5478 0.3159
vn -0.1737 -0.9302 -0.3235
vn -0.2435 -0.9697 -0.0175
vn -0.2414 -0.9702 0.0207
vn -0.8239 -0.5666 -0.0142
vn -0.7147 -0.6988 -0.0301
vn -0.7315 -0.6800 -0.0500
vn -0.6972 -0.7168 0.0139
vn -0.6931 -0.7208 -0.0067
vn -0.8354 -0.5491 0.0228
vn -0.1637 -0.9293 0.3310
vn -0.1627 -0.9276 0.3362
vn -0.7535 -0.5507 -0.3590
vn -0.2287 -0.9052 -0.3581
vn -0.2230 -0.9188 -0.3257
vn -0.8312 -0.4414 0.3381
vn -0.8154 -0.4727 0.3342
vn -0.8224 -0.4340 0.3678
vn -0.5432 -0.8396 0.0028
vn -0.2391 -0.9036 -0.3554
vn -0.2446 -0.9164 -0.3169
vn -0.8090 -0.4891 -0.3261
vn -0.5456 -0.8381 0.0030
vn -0.6262 -0.7796 0.0008
vn -0.6264 -0.7795 -0.0043
vn -0.6643 -0.7475 -0.0011
vn -0.8065 -0.5042 0.3088
vn -0.8002 -0.5083 0.3183
vn -0.5291 -0.8486 0.0003
vn -0.5112 -0.8595 0.0014
vn -0.5870 -0.8096 -0.0032
vn -0.7060 -0.7078 0.0255
vn -0.5105 -0.8598 0.0029
vn -0.5892 -0.8080 -0.0009
vn -0.2245 -0.9176 0.3280
vn -0.6615 -0.7500 0.0024
vn -0.6171 -0.7868 -0.0096
vn -0.6613 -0.7501 -0.0023
vn -0.7348 -0.5516 -0.3948
vn -0.2388 -0.9182 0.3160
vn -0.0965 -0.9188 -0.3828
vn -0.7797 -0.5378 0.3207
vn -0.8324 -0.4581 0.3118
vn -0.8211 -0.5704 -0.0213
vn -0.8322 -0.5540 0.0253
vn -0.7576 -0.5015 0.4177
vn -0.2301 -0.9005 -0.3689
vn -0.8142 -0.4442 0.3738
vn -0.4231 -0.9061 -0.0004
vn -0.5077 -0.8615 0.0023
vn -0.5159 -0.8566 0.0028
vn -0.5157 -0.8568 0.0040
vn -0.5548 -0.8301 -0.0557
vn -0.4229 -0.9062 0.0028
vn -0.0259 -0.9331 -0.3588
vn -0.0638 -0.9007 -0.4298
vn -0.5157 -0.8568 0.0020
vn -0.6018 -0.7986 -0.0090
vn -0.6004 -0.7997 -0.0055
vn -0.8865 -0.4608 -0.0425
vn -0.9138 -0.2395 -0.3281
vn -0.8870 -0.3123 -0.3400
vn -0.9026 -0.2829 -0.3245
vn -0.9223 -0.1487 0.3567
vn -0.9147 -0.1256 0.3840
vn -0.7305 -0.6829 0.0008
vn -0.6859 -0.7277 0.0001
vn -0.7476 -0.6641 -0.0003
vn -0.6162 -0.7872 0.0256
vn -0.6239 -0.7811 0.0266
vn -0.3429 -0.8789 -0.3316
vn -0.3782 -0.8650 -0.3297
vn -0.3376 -0.8701 -0.3591
vn -0.3802 -0.8530 0.3577
vn -0.4539 -0.8154 0.3594
vn -0.9021 -0.2574 -0.3465
vn -0.9083 -0.2185 -0.3567
vn -0.9163 -0.1754 -0.3601
vn -0.7028 -0.7113 -0.0003
vn -0.6916 -0.7210 0.0421
vn -0.7375 -0.6753 0.0022
vn -0.7480 -0.6637 -0.0006
vn -0.7389 -0.6738 -0.0063
vn -0.7598 -0.6501 0.0007
vn -0.7424 -0.6699 -0.0068
vn -0.7794 -0.6265 0.0001
vn -0.8748 -0.4833 0.0340
vn -0.7780 -0.6283 -0.0006
vn -0.7956 -0.6058 0.0030
vn -0.7450 -0.6670 -0.0010
vn -0.3840 -0.8624 0.3298
vn -0.7942 -0.6076 -0.0009
vn -0.7294 -0.6841 0.0022
vn -0.9336 -0.3580 -0.0174
vn -0.9338 -0.3571 0.0210
vn -0.4632 -0.8862 -0.0138
vn -0.6276 -0.7784 0.0142
vn -0.4443 -0.8955 0.0243
vn -0.9030 -0.2726 0.3322
vn -0.7288 -0.6847 0.0025
vn -0.6974 -0.7167 -0.0008
vn -0.9137 -0.2346 0.3318
vn -0.9041 -0.2704 0.3309
vn -0.9040 -0.2264 0.3627
vn -0.4513 -0.8339 -0.3176
vn -0.3882 -0.8617 -0.3267
vn -0.8837 -0.3357 -0.3261
vn -0.8640 -0.3443 -0.3673
vn -0.3377 -0.8783 0.3385
vn -0.3925 -0.8429 0.3680
vn -0.7681 -0.6403 0.0030
vn -0.8682 -0.3462 -0.3555
vn -0.8802 -0.3534 -0.3167
vn -0.7671 -0.6415 -0.0042
vn -0.6978 -0.7163 0.0012
vn -0.4079 -0.8557 0.3183
vn -0.7214 -0.6925 -0.0056
vn -0.7916 -0.6111 -0.0013
vn -0.7786 -0.6275 0.0007
vn -0.6314 -0.7754 -0.0058
vn -0.9033 -0.2644 -0.3378
vn -0.7490 -0.6625 0.0073
vn -0.8705 -0.3396 0.3561
vn -0.8832 -0.3461 0.3166
vn -0.6646 -0.7472 0.0003
vn -0.6649 -0.7469 -0.0019
vn -0.3319 -0.8687 0.3678
vn -0.4506 -0.8349 0.3160
vn -0.8899 -0.2580 -0.3761
vn -0.4407 -0.8383 0.3209
vn -0.3544 -0.8816 0.3118
vn -0.4672 -0.8839 -0.0211
vn -0.4495 -0.8929 0.0254
vn -0.8660 -0.3370 -0.3693
vn -0.4066 -0.8128 0.4173
vn -0.3427 -0.8621 0.3734
vn -0.7955 -0.6059 -0.0003
vn -0.8501 -0.5267 0.0025
vn -0.8576 -0.5144 0.0026
vn -0.4744 -0.7693 -0.4280
vn -0.7238 -0.6900 -0.0031
vn -0.8045 -0.4833 0.3452
vn -0.3858 -0.8541 0.3489
vn -0.2617 -0.9126 -0.3141
vn -0.8742 -0.3643 -0.3209
vn -0.2569 -0.9127 -0.3179
vn -0.3742 -0.8337 0.4060
vn -0.2207 -0.9097 -0.3519
vn -0.8576 -0.3456 -0.3808
vn -0.7648 -0.6442 -0.0000
vn -0.7219 -0.6920 0.0008
vn -0.5993 -0.8004 0.0135
vn -0.7264 -0.6873 0.0057
vn -0.0868 0.9962 0.0070
vn 0.0797 0.9968 0.0024
vn -0.0798 0.9968 0.0022
vn 0.4807 0.7830 -0.3947
vn 0.6245 0.7810 0.0033
vn 0.5668 0.7236 -0.3937
vn 0.2608 0.8808 -0.3952
vn 0.1907 0.9816 0.0038
vn 0.2877 0.9577 0.0025
vn 0.2794 0.8751 -0.3951
vn 0.3953 0.9186 -0.0017
vn 0.3771 0.8381 -0.3942
vn 0.3828 0.8354 -0.3944
vn 0.5311 0.8473 -0.0003
vn 0.4756 0.7869 -0.3933
vn 0.0618 0.9166 -0.3951
vn 0.1899 0.9818 0.0032
vn 0.1656 0.9040 -0.3943
vn -0.0492 0.9176 -0.3946
vn 0.0764 0.9971 -0.0003
vn 0.0555 0.9176 -0.3936
vn 0.5621 -0.7278 -0.3929
vn 0.5088 -0.8609 0.0031
vn 0.4760 -0.7873 -0.3919
vn 0.7838 -0.4812 -0.3927
vn 0.7936 -0.6084 0.0034
vn 0.7243 -0.5674 -0.3918
vn 0.7199 -0.5720 -0.3930
vn 0.7186 -0.6954 -0.0010
vn 0.6505 -0.6504 -0.3921
vn 0.6458 -0.6548 -0.3927
vn 0.6039 -0.7970 -0.0000
vn 0.5676 -0.7243 -0.3915
vn 0.9174 -0.0618 -0.3932
vn 0.9855 -0.1698 0.0033
vn 0.9048 -0.1657 -0.3923
vn 0.9031 -0.1719 -0.3936
vn 0.9595 -0.2817 -0.0012
vn 0.8781 -0.2735 -0.3927
vn 0.8358 -0.3831 -0.3932
vn 0.8506 -0.5258 0.0032
vn 0.7872 -0.4758 -0.3923
vn 0.8759 -0.2795 -0.3932
vn 0.9052 -0.4251 -0.0002
vn 0.8389 -0.3775 -0.3920
vn 0.5718 0.7196 -0.3940
vn 0.6996 0.7145 0.0037
vn 0.6501 0.6502 -0.3931
vn 0.6541 0.6452 -0.3948
vn 0.7769 0.6296 -0.0015
vn 0.7234 0.5669 -0.3941
vn 0.8408 0.3715 -0.3939
vn 0.9515 0.3076 0.0035
vn 0.8780 0.2737 -0.3928
vn 0.7895 0.4699 -0.3948
vn 0.9159 0.4014 0.0029
vn 0.8382 0.3773 -0.3938
vn 0.7273 0.5618 -0.3943
vn 0.8640 0.5035 -0.0002
vn 0.7868 0.4758 -0.3931
vn 0.9179 0.0492 -0.3938
vn 0.9975 -0.0702 0.0032
vn 0.9180 -0.0554 -0.3927
vn 0.8792 0.2674 -0.3943
vn 0.9805 0.1965 -0.0015
vn 0.9043 0.1658 -0.3933
vn 0.9053 0.1595 -0.3937
vn 0.9990 0.0442 -0.0004
vn 0.9181 0.0556 -0.3925
vn -0.1785 0.9011 -0.3953
vn -0.2873 0.9578 0.0037
vn -0.1903 0.9817 0.0024
vn -0.0686 0.9157 -0.3960
vn -0.1899 0.9818 0.0037
vn -0.0767 0.9971 -0.0026
vn -0.5768 0.7150 -0.3951
vn -0.6995 0.7146 0.0036
vn -0.6247 0.7808 0.0023
vn -0.4863 0.7790 -0.3958
vn -0.6244 0.7811 0.0037
vn -0.5313 0.8472 -0.0025
vn -0.2858 0.8727 -0.3959
vn -0.3952 0.9186 -0.0013
vn -0.2878 0.9577 0.0018
vn -0.3889 0.8321 -0.3953
vn -0.5309 0.8474 0.0003
vn -0.3955 0.9185 -0.0019
vn -0.9165 -0.0685 -0.3941
vn -0.9855 -0.1698 0.0038
vn -0.9975 -0.0704 0.0025
vn -0.9178 0.0423 -0.3949
vn -0.9975 -0.0700 0.0037
vn -0.9990 0.0441 -0.0023
vn -0.8431 0.3651 -0.3948
vn -0.9515 0.3076 0.0037
vn -0.9160 0.4011 0.0023
vn -0.8808 0.2607 -0.3953
vn -0.9805 0.1965 -0.0009
vn -0.9517 0.3072 0.0019
vn -0.9061 0.1527 -0.3945
vn -0.9990 0.0444 0.0006
vn -0.9806 0.1962 -0.0016
vn -0.6588 0.6401 -0.3954
vn -0.7768 0.6297 -0.0011
vn -0.6999 0.7143 0.0019
vn -0.7928 0.4638 -0.3955
vn -0.9159 0.4015 0.0036
vn -0.8641 0.5033 -0.0027
vn -0.7312 0.5563 -0.3949
vn -0.8639 0.5036 0.0003
vn -0.7770 0.6295 -0.0018
vn 0.4705 -0.7904 -0.3923
vn 0.4200 -0.9075 0.0033
vn 0.3777 -0.8391 -0.3914
vn 0.3717 -0.8411 -0.3929
vn 0.3132 -0.9497 -0.0013
vn 0.2737 -0.8782 -0.3921
vn 0.0499 -0.9987 0.0031
vn -0.0488 -0.9183 -0.3929
vn 0.0555 -0.9180 -0.3928
vn 0.1592 -0.9057 -0.3929
vn 0.0505 -0.9987 0.0035
vn 0.0556 -0.9179 -0.3928
vn 0.2677 -0.8800 -0.3923
vn 0.1643 -0.9864 -0.0002
vn 0.1654 -0.9050 -0.3920
vn -0.4646 -0.7931 -0.3939
vn -0.4201 -0.9075 0.0036
vn -0.5086 -0.8610 0.0021
vn -0.3652 -0.8436 -0.3937
vn -0.3133 -0.9497 -0.0008
vn -0.4197 -0.9077 0.0016
vn -0.0614 -0.9172 -0.3936
vn -0.1640 -0.9865 -0.0012
vn -0.1658 -0.9049 -0.3920
vn -0.2610 -0.8817 -0.3930
vn -0.1645 -0.9864 0.0008
vn -0.3131 -0.9497 -0.0015
vn -0.9012 -0.1786 -0.3948
vn -0.9595 -0.2817 -0.0010
vn -0.9854 -0.1702 0.0017
vn -0.7797 -0.4867 -0.3939
vn -0.7937 -0.6083 0.0033
vn -0.8505 -0.5260 0.0019
vn -0.8324 -0.3891 -0.3946
vn -0.8507 -0.5257 0.0035
vn -0.9050 -0.4253 -0.0024
vn -0.8736 -0.2859 -0.3937
vn -0.9052 -0.4250 0.0009
vn -0.9594 -0.2819 -0.0013
vn -0.5562 -0.7313 -0.3949
vn -0.5090 -0.8607 0.0040
vn -0.6038 -0.7972 -0.0021
vn -0.7153 -0.5772 -0.3940
vn -0.7187 -0.6954 -0.0012
vn -0.7934 -0.6087 0.0017
vn -0.6403 -0.6594 -0.3940
vn -0.6040 -0.7970 0.0003
vn -0.7185 -0.6956 -0.0018
vn 0.1467 -0.4338 -0.8890
vn 0.2097 -0.4076 -0.8888
vn 0.1435 -0.4296 -0.8915
vn -0.4458 0.1060 -0.8888
vn -0.4561 0.0386 -0.8891
vn -0.4513 0.0364 -0.8916
vn 0.0386 -0.4562 -0.8890
vn 0.1061 -0.4458 -0.8888
vn 0.0365 -0.4514 -0.8916
vn -0.4075 0.2096 -0.8888
vn -0.4337 0.1466 -0.8891
vn -0.4295 0.1434 -0.8916
vn -0.0717 -0.4522 -0.8890
vn -0.0036 -0.4583 -0.8888
vn -0.0726 -0.4471 -0.8916
vn -0.3455 0.3011 -0.8888
vn -0.3860 0.2461 -0.8891
vn -0.3827 0.2420 -0.8916
vn -0.1778 -0.4219 -0.8890
vn -0.1132 -0.4441 -0.8888
vn -0.1774 -0.4167 -0.8916
vn -0.2633 0.3752 -0.8888
vn -0.3158 0.3314 -0.8891
vn -0.3137 0.3266 -0.8916
vn -0.2736 -0.3671 -0.8890
vn -0.2162 -0.4042 -0.8888
vn -0.2720 -0.3621 -0.8916
vn -0.1659 0.4272 -0.8888
vn -0.2274 0.3973 -0.8891
vn -0.2264 0.3922 -0.8916
vn -0.3535 -0.2910 -0.8890
vn -0.3066 -0.3406 -0.8888
vn -0.3508 -0.2864 -0.8916
vn -0.0588 0.4545 -0.8888
vn -0.1257 0.4403 -0.8890
vn -0.1259 0.4351 -0.8915
vn -0.4129 -0.1979 -0.8890
vn -0.3792 -0.2575 -0.8888
vn -0.4091 -0.1942 -0.8916
vn 0.0516 0.4554 -0.8888
vn -0.0166 0.4575 -0.8890
vn -0.0182 0.4525 -0.8916
vn -0.4482 -0.0932 -0.8891
vn -0.4299 -0.1592 -0.8887
vn -0.4437 -0.0906 -0.8916
vn 0.1591 0.4298 -0.8888
vn 0.0933 0.4482 -0.8891
vn 0.0906 0.4437 -0.8916
vn -0.4576 0.0166 -0.8890
vn -0.4554 -0.0517 -0.8888
vn -0.4526 0.0181 -0.8915
vn 0.2574 0.3792 -0.8888
vn 0.1979 0.4129 -0.8890
vn 0.1943 0.4092 -0.8915
vn -0.4401 0.1257 -0.8891
vn -0.4545 0.0588 -0.8888
vn -0.4349 0.1259 -0.8916
vn 0.3405 0.3066 -0.8888
vn 0.2908 0.3535 -0.8891
vn 0.2865 0.3507 -0.8916
vn -0.3973 0.2273 -0.8891
vn -0.4272 0.1659 -0.8888
vn -0.3922 0.2263 -0.8916
vn 0.4038 0.2164 -0.8889
vn 0.3670 0.2736 -0.8891
vn 0.3620 0.2720 -0.8916
vn -0.3314 0.3158 -0.8890
vn -0.3753 0.2631 -0.8888
vn -0.3267 0.3136 -0.8916
vn 0.4440 0.1133 -0.8888
vn 0.4218 0.1779 -0.8891
vn 0.4165 0.1776 -0.8916
vn -0.2462 0.3859 -0.8891
vn -0.3012 0.3454 -0.8888
vn -0.2421 0.3827 -0.8916
vn 0.4583 0.0036 -0.8888
vn 0.4522 0.0715 -0.8890
vn 0.4471 0.0725 -0.8915
vn -0.1467 0.4337 -0.8890
vn -0.2098 0.4075 -0.8888
vn -0.1435 0.4296 -0.8916
vn 0.4457 -0.1058 -0.8889
vn 0.4562 -0.0386 -0.8891
vn 0.4513 -0.0364 -0.8916
vn -0.0386 0.4562 -0.8891
vn -0.1063 0.4459 -0.8888
vn -0.0365 0.4514 -0.8916
vn 0.4075 -0.2099 -0.8888
vn 0.4336 -0.1466 -0.8891
vn 0.4296 -0.1436 -0.8915
vn 0.0717 0.4522 -0.8891
vn 0.0037 0.4583 -0.8888
vn 0.0726 0.4470 -0.8916
vn 0.3454 -0.3013 -0.8888
vn 0.3860 -0.2462 -0.8890
vn 0.3827 -0.2421 -0.8916
vn 0.1778 0.4219 -0.8890
vn 0.1131 0.4441 -0.8888
vn 0.1774 0.4167 -0.8916
vn 0.2633 -0.3752 -0.8888
vn 0.3159 -0.3314 -0.8891
vn 0.3137 -0.3266 -0.8916
vn 0.2736 0.3671 -0.8890
vn 0.2162 0.4041 -0.8888
vn 0.2720 0.3621 -0.8916
vn 0.1659 -0.4272 -0.8888
vn 0.2274 -0.3974 -0.8891
vn 0.2264 -0.3922 -0.8916
vn 0.3535 0.2910 -0.8890
vn 0.3067 0.3405 -0.8888
vn 0.3508 0.2864 -0.8916
vn 0.0588 -0.4545 -0.8888
vn 0.1257 -0.4401 -0.8891
vn 0.1259 -0.4349 -0.8916
vn 0.4129 0.1980 -0.8890
vn 0.3792 0.2573 -0.8888
vn 0.4091 0.1942 -0.8916
vn -0.0516 -0.4553 -0.8888
vn 0.0166 -0.4575 -0.8891
vn 0.0182 -0.4525 -0.8916
vn 0.4482 0.0933 -0.8891
vn 0.4297 0.1589 -0.8889
vn 0.4436 0.0906 -0.8916
vn -0.1591 -0.4298 -0.8888
vn -0.0934 -0.4482 -0.8890
vn -0.0907 -0.4437 -0.8916
vn 0.4574 -0.0167 -0.8891
vn 0.4554 0.0517 -0.8888
vn 0.4526 -0.0181 -0.8916
vn -0.2571 -0.3792 -0.8889
vn -0.1978 -0.4128 -0.8891
vn -0.1941 -0.4091 -0.8916
vn 0.4404 -0.1256 -0.8890
vn 0.4546 -0.0588 -0.8888
vn 0.4351 -0.1259 -0.8915
vn -0.3405 -0.3067 -0.8888
vn -0.2909 -0.3535 -0.8891
vn -0.2865 -0.3507 -0.8916
vn 0.3974 -0.2273 -0.8890
vn 0.4273 -0.1659 -0.8888
vn 0.3922 -0.2263 -0.8916
vn -0.4039 -0.2162 -0.8889
vn -0.3669 -0.2736 -0.8891
vn -0.3619 -0.2720 -0.8917
vn 0.3315 -0.3159 -0.8890
vn 0.3751 -0.2633 -0.8888
vn 0.3267 -0.3137 -0.8916
vn -0.4439 -0.1134 -0.8889
vn -0.4219 -0.1778 -0.8890
vn -0.4166 -0.1775 -0.8916
vn 0.2463 -0.3861 -0.8890
vn 0.3012 -0.3455 -0.8888
vn 0.2422 -0.3828 -0.8915
vn -0.4581 -0.0040 -0.8889
vn -0.4522 -0.0716 -0.8890
vn -0.4470 -0.0726 -0.8916
vn 0.0869 0.0940 -0.9918
vn 0.1573 0.2426 -0.9573
vn 0.0725 0.1052 -0.9918
vn 0.1986 0.1312 -0.9713
vn 0.0940 0.0869 -0.9918
vn 0.1052 0.0725 -0.9918
vn 0.1350 0.0529 -0.9894
vn 0.1120 0.0619 -0.9918
vn 0.1196 0.0452 -0.9918
vn 0.3898 0.0316 -0.9204
vn 0.1236 0.0332 -0.9918
vn 0.1268 0.0153 -0.9918
vn 0.3908 0.0155 -0.9204
vn 0.1269 -0.0156 -0.9918
vn 0.3435 -0.0548 -0.9376
vn 0.0892 -0.0284 -0.9956
vn 0.1249 -0.0280 -0.9918
vn 0.1195 -0.0454 -0.9918
vn 0.2788 -0.2077 -0.9376
vn 0.1146 -0.0571 -0.9918
vn 0.1051 -0.0726 -0.9918
vn 0.0829 -0.0976 -0.9918
vn 0.2684 -0.2210 -0.9376
vn 0.0958 -0.0846 -0.9918
vn 0.2077 -0.2788 -0.9376
vn 0.0592 -0.1133 -0.9918
vn 0.0479 -0.0866 -0.9951
vn 0.0710 -0.3404 -0.9376
vn 0.0479 -0.1188 -0.9918
vn 0.0305 -0.1242 -0.9918
vn -0.0027 -0.1280 -0.9918
vn 0.0543 -0.3434 -0.9376
vn 0.0155 -0.1269 -0.9918
vn -0.0333 -0.1238 -0.9917
vn -0.0317 -0.3901 -0.9202
vn -0.0153 -0.1270 -0.9918
vn -0.0356 -0.0813 -0.9961
vn -0.0596 -0.1130 -0.9918
vn -0.1471 -0.2589 -0.9546
vn -0.0870 -0.0940 -0.9918
vn -0.1616 -0.2499 -0.9547
vn -0.0726 -0.1053 -0.9918
vn -0.1069 -0.0705 -0.9918
vn -0.2107 -0.1979 -0.9573
vn -0.0955 -0.0848 -0.9918
vn -0.1206 -0.0429 -0.9918
vn -0.3389 -0.1956 -0.9203
vn -0.1131 -0.0595 -0.9918
vn -0.0977 -0.0201 -0.9950
vn -0.1269 -0.0152 -0.9918
vn -0.3902 -0.0315 -0.9202
vn -0.3908 -0.0155 -0.9203
vn -0.1269 0.0156 -0.9918
vn -0.1399 0.0173 -0.9900
vn -0.1187 0.0479 -0.9918
vn -0.1361 0.0355 -0.9901
vn -0.1241 0.0305 -0.9918
vn -0.3128 0.2348 -0.9203
vn -0.1146 0.0571 -0.9918
vn -0.1051 0.0726 -0.9918
vn -0.0928 0.1016 -0.9905
vn -0.0977 0.0829 -0.9918
vn -0.0847 0.0958 -0.9918
vn -0.1679 0.3534 -0.9203
vn -0.0749 0.1038 -0.9918
vn -0.0593 0.1132 -0.9918
vn -0.0710 0.3404 -0.9376
vn -0.0480 0.1188 -0.9918
vn -0.0305 0.1241 -0.9918
vn -0.0058 0.0837 -0.9965
vn -0.0181 0.1268 -0.9918
vn 0.0001 0.1278 -0.9918
vn 0.0332 0.1237 -0.9918
vn 0.0158 0.0824 -0.9965
vn 0.0153 0.1269 -0.9918
vn 0.0619 0.1122 -0.9918
vn 0.1241 0.3712 -0.9202
vn 0.0452 0.1196 -0.9918
vn -0.4083 -0.0048 -0.9128
vn 0.1596 -0.3769 -0.9124
vn -0.4039 0.0645 -0.9125
vn -0.0050 -0.4090 -0.9125
vn -0.3773 0.1591 -0.9123
vn -0.3983 0.0929 -0.9125
vn -0.3639 0.1858 -0.9127
vn -0.0337 -0.4077 -0.9125
vn -0.3276 0.2451 -0.9125
vn -0.1944 -0.3596 -0.9126
vn -0.2599 0.3165 -0.9123
vn -0.3094 0.2675 -0.9125
vn -0.2358 0.3338 -0.9127
vn -0.2194 -0.3453 -0.9125
vn -0.1762 0.3694 -0.9124
vn -0.3393 -0.2282 -0.9126
vn -0.0832 0.4010 -0.9123
vn -0.1496 0.3806 -0.9126
vn -0.3841 -0.1404 -0.9125
vn 0.0152 0.4092 -0.9123
vn -0.0542 0.4053 -0.9126
vn 0.0447 0.4060 -0.9128
vn -0.3934 -0.1132 -0.9124
vn 0.1130 0.3931 -0.9125
vn 0.1406 0.3837 -0.9127
vn -0.4090 -0.0155 -0.9124
vn 0.2037 0.3548 -0.9125
vn -0.3806 0.1497 -0.9125
vn 0.2826 0.2965 -0.9123
vn 0.2282 0.3395 -0.9125
vn -0.3338 0.2362 -0.9126
vn 0.3452 0.2201 -0.9123
vn 0.3027 0.2748 -0.9126
vn -0.2675 0.3093 -0.9126
vn 0.3880 0.1310 -0.9123
vn 0.3597 0.1944 -0.9126
vn -0.1856 0.3645 -0.9125
vn 0.4081 0.0343 -0.9123
vn 0.3959 0.1027 -0.9125
vn 0.4083 0.0046 -0.9129
vn -0.1599 0.3766 -0.9125
vn 0.4038 -0.0647 -0.9126
vn 0.0050 0.4087 -0.9126
vn 0.3772 -0.1596 -0.9123
vn 0.3982 -0.0932 -0.9125
vn 0.1026 0.3957 -0.9126
vn 0.3282 -0.2452 -0.9123
vn 0.3643 -0.1857 -0.9126
vn 0.3088 -0.2676 -0.9127
vn 0.1304 0.3877 -0.9125
vn 0.2594 -0.3167 -0.9124
vn 0.2358 -0.3335 -0.9128
vn 0.2195 0.3454 -0.9124
vn 0.1762 -0.3692 -0.9125
vn 0.3391 0.2281 -0.9127
vn 0.0830 -0.4011 -0.9123
vn 0.1495 -0.3806 -0.9126
vn 0.3838 0.1403 -0.9127
vn -0.0154 -0.4092 -0.9123
vn 0.0540 -0.4053 -0.9126
vn 0.4064 0.0443 -0.9126
vn -0.1127 -0.3937 -0.9123
vn -0.0445 -0.4065 -0.9126
vn 0.4054 -0.0542 -0.9125
vn -0.2033 -0.3553 -0.9124
vn -0.1403 -0.3841 -0.9126
vn 0.3806 -0.1498 -0.9125
vn -0.2826 -0.2964 -0.9123
vn -0.2282 -0.3395 -0.9125
vn 0.3337 -0.2363 -0.9126
vn -0.3454 -0.2199 -0.9124
vn -0.3027 -0.2748 -0.9126
vn -0.3597 -0.1941 -0.9127
vn 0.3163 -0.2596 -0.9125
vn -0.3877 -0.1307 -0.9125
vn -0.3955 -0.1021 -0.9128
vn 0.2451 -0.3275 -0.9125
vn -0.4076 -0.0340 -0.9125
vn -0.0133 -0.0177 -0.9998
vn -0.1748 -0.2756 -0.9452
vn -0.0122 -0.0187 -0.9998
vn -0.0045 -0.0229 -0.9997
vn -0.0902 -0.3135 -0.9453
vn -0.0611 -0.3319 -0.9413
vn -0.0085 -0.0202 -0.9998
vn -0.1039 -0.3095 -0.9452
vn -0.0072 -0.0204 -0.9998
vn -0.0090 -0.0197 -0.9998
vn -0.1626 -0.2827 -0.9453
vn -0.1387 -0.3076 -0.9413
vn -0.0039 -0.0232 -0.9997
vn -0.0269 -0.3253 -0.9452
vn -0.0018 -0.0214 -0.9998
vn 0.0008 -0.0213 -0.9998
vn -0.0125 -0.3259 -0.9453
vn 0.0201 -0.3368 -0.9414
vn -0.0118 0.0186 -0.9998
vn -0.1956 0.2613 -0.9452
vn -0.0131 0.0180 -0.9998
vn -0.0187 0.0114 -0.9998
vn -0.2610 0.1955 -0.9453
vn -0.2886 0.1749 -0.9413
vn -0.0160 0.0153 -0.9998
vn -0.2525 0.2068 -0.9452
vn -0.0170 0.0143 -0.9998
vn -0.0154 0.0156 -0.9998
vn -0.2068 0.2524 -0.9453
vn -0.2384 0.2389 -0.9413
vn -0.0233 0.0017 -0.9997
vn -0.3221 0.0517 -0.9453
vn -0.3368 0.0206 -0.9413
vn -0.0210 0.0060 -0.9998
vn -0.3197 0.0659 -0.9452
vn -0.0211 0.0047 -0.9998
vn -0.0192 0.0110 -0.9998
vn -0.2947 0.1404 -0.9452
vn -0.0199 0.0098 -0.9998
vn -0.0207 0.0065 -0.9998
vn -0.3004 0.1273 -0.9453
vn -0.3222 0.1007 -0.9413
vn -0.0136 -0.0172 -0.9998
vn -0.2256 -0.2356 -0.9453
vn -0.2083 -0.2655 -0.9413
vn -0.0172 -0.0140 -0.9998
vn -0.2358 -0.2257 -0.9452
vn -0.0163 -0.0152 -0.9998
vn -0.0194 -0.0086 -0.9998
vn -0.3092 -0.1038 -0.9453
vn -0.3078 -0.1383 -0.9414
vn -0.0194 -0.0092 -0.9998
vn -0.2830 -0.1626 -0.9452
vn -0.0191 -0.0106 -0.9998
vn -0.0173 -0.0134 -0.9998
vn -0.2753 -0.1748 -0.9453
vn -0.2658 -0.2079 -0.9414
vn -0.0235 0.0011 -0.9997
vn -0.3261 -0.0125 -0.9452
vn -0.0215 -0.0008 -0.9998
vn -0.0212 -0.0040 -0.9998
vn -0.3137 -0.0902 -0.9452
vn -0.0231 -0.0065 -0.9997
vn -0.0211 -0.0034 -0.9998
vn -0.3250 -0.0268 -0.9453
vn -0.3320 -0.0606 -0.9413
vn 0.0062 -0.0202 -0.9998
vn 0.0658 -0.3194 -0.9453
vn 0.1001 -0.3222 -0.9413
vn 0.0014 -0.0214 -0.9998
vn 0.0518 -0.3223 -0.9452
vn 0.0037 -0.0238 -0.9997
vn 0.0154 -0.0156 -0.9998
vn 0.2067 -0.2523 -0.9453
vn 0.2384 -0.2388 -0.9414
vn 0.0119 -0.0188 -0.9998
vn 0.1956 -0.2613 -0.9452
vn 0.0131 -0.0181 -0.9998
vn 0.0068 -0.0203 -0.9998
vn 0.1274 -0.3005 -0.9452
vn 0.0082 -0.0203 -0.9998
vn 0.0112 -0.0188 -0.9998
vn 0.1404 -0.2943 -0.9453
vn 0.1743 -0.2889 -0.9414
vn 0.0216 0.0038 -0.9998
vn 0.3251 0.0268 -0.9453
vn 0.3319 0.0606 -0.9414
vn 0.0221 -0.0009 -0.9998
vn 0.3261 0.0126 -0.9452
vn 0.0223 0.0005 -0.9998
vn 0.0208 -0.0066 -0.9998
vn 0.3003 -0.1273 -0.9453
vn 0.3221 -0.1006 -0.9414
vn 0.0212 -0.0061 -0.9998
vn 0.3196 -0.0658 -0.9453
vn 0.0217 -0.0048 -0.9998
vn 0.0218 -0.0015 -0.9998
vn 0.3220 -0.0518 -0.9453
vn 0.3368 -0.0206 -0.9413
vn 0.0160 -0.0153 -0.9998
vn 0.2524 -0.2069 -0.9452
vn 0.0170 -0.0144 -0.9998
vn 0.0192 -0.0110 -0.9998
vn 0.2946 -0.1406 -0.9452
vn 0.0199 -0.0098 -0.9998
vn 0.0186 -0.0114 -0.9998
vn 0.2610 -0.1954 -0.9454
vn 0.2886 -0.1748 -0.9414
vn -0.0112 0.0188 -0.9998
vn -0.1403 0.2945 -0.9453
vn -0.1744 0.2889 -0.9413
vn -0.0068 0.0204 -0.9998
vn -0.1274 0.3006 -0.9452
vn -0.0082 0.0203 -0.9998
vn -0.0008 0.0215 -0.9998
vn 0.0120 0.3265 -0.9451
vn -0.0201 0.3374 -0.9411
vn -0.0015 0.0215 -0.9998
vn -0.0512 0.3227 -0.9451
vn -0.0037 0.0238 -0.9997
vn -0.0062 0.0203 -0.9998
vn -0.0658 0.3195 -0.9453
vn -0.1001 0.3223 -0.9413
vn 0.0098 0.0211 -0.9997
vn 0.1626 0.2828 -0.9453
vn 0.1388 0.3076 -0.9413
vn 0.0093 0.0216 -0.9997
vn 0.1039 0.3094 -0.9452
vn 0.0069 0.0205 -0.9998
vn 0.0038 0.0216 -0.9998
vn 0.0268 0.3253 -0.9452
vn 0.0018 0.0219 -0.9998
vn 0.0044 0.0213 -0.9998
vn 0.0902 0.3134 -0.9453
vn 0.0611 0.3319 -0.9413
vn 0.0216 0.0044 -0.9998
vn 0.3137 0.0901 -0.9452
vn 0.0214 0.0058 -0.9998
vn 0.0173 0.0134 -0.9998
vn 0.2754 0.1748 -0.9453
vn 0.2658 0.2079 -0.9413
vn 0.0200 0.0095 -0.9998
vn 0.2830 0.1627 -0.9452
vn 0.0195 0.0108 -0.9998
vn 0.0200 0.0089 -0.9998
vn 0.3092 0.1038 -0.9453
vn 0.3078 0.1382 -0.9414
vn 0.0132 0.0176 -0.9998
vn 0.1755 0.2755 -0.9452
vn 0.0119 0.0181 -0.9998
vn 0.0171 0.0140 -0.9998
vn 0.2358 0.2256 -0.9452
vn 0.0163 0.0152 -0.9998
vn 0.0136 0.0172 -0.9998
vn 0.2254 0.2364 -0.9451
vn 0.2087 0.2659 -0.9411
vn 0.1430 -0.4130 -0.8994
vn 0.1493 -0.4376 -0.8867
vn 0.1122 -0.3517 -0.9294
vn -0.4605 0.0402 -0.8867
vn -0.4352 0.0399 -0.8995
vn -0.3684 0.0248 -0.9294
vn 0.0399 -0.4352 -0.8995
vn 0.0403 -0.4606 -0.8867
vn 0.0248 -0.3683 -0.9294
vn -0.4376 0.1493 -0.8867
vn -0.4130 0.1430 -0.8994
vn -0.3517 0.1122 -0.9294
vn -0.0654 -0.4322 -0.8994
vn -0.0711 -0.4569 -0.8867
vn -0.0641 -0.3636 -0.9294
vn -0.3891 0.2497 -0.8867
vn -0.3668 0.2377 -0.8994
vn -0.3147 0.1931 -0.9293
vn -0.1669 -0.4039 -0.8995
vn -0.1784 -0.4265 -0.8867
vn -0.1492 -0.3376 -0.9294
vn -0.3181 0.3356 -0.8867
vn -0.2993 0.3185 -0.8995
vn -0.2593 0.2628 -0.9294
vn -0.2587 -0.3522 -0.8995
vn -0.2753 -0.3714 -0.8867
vn -0.2257 -0.2921 -0.9294
vn -0.2285 0.4019 -0.8867
vn -0.2144 0.3808 -0.8994
vn -0.1889 0.3172 -0.9294
vn -0.3355 -0.2803 -0.8994
vn -0.3562 -0.2948 -0.8867
vn -0.2891 -0.2296 -0.9294
vn -0.1257 0.4449 -0.8867
vn -0.1170 0.4211 -0.8994
vn -0.1075 0.3532 -0.9294
vn -0.3928 -0.1917 -0.8994
vn -0.4164 -0.2009 -0.8867
vn -0.3356 -0.1537 -0.9294
vn -0.0155 0.4621 -0.8867
vn -0.0128 0.4369 -0.8994
vn -0.0198 0.3686 -0.9294
vn -0.4273 -0.0921 -0.8994
vn -0.4524 -0.0955 -0.8867
vn -0.3627 -0.0690 -0.9293
vn 0.0955 0.4524 -0.8867
vn 0.0921 0.4272 -0.8994
vn 0.0690 0.3627 -0.9294
vn -0.4368 0.0129 -0.8995
vn -0.4621 0.0155 -0.8867
vn -0.3687 0.0198 -0.9293
vn 0.2010 0.4163 -0.8867
vn 0.1916 0.3927 -0.8995
vn 0.1538 0.3356 -0.9294
vn -0.4211 0.1170 -0.8994
vn -0.4450 0.1256 -0.8867
vn -0.3533 0.1075 -0.9293
vn 0.2948 0.3562 -0.8867
vn 0.2800 0.3355 -0.8995
vn 0.2296 0.2891 -0.9294
vn -0.3809 0.2144 -0.8994
vn -0.4021 0.2285 -0.8866
vn -0.3172 0.1888 -0.9294
vn 0.3714 0.2753 -0.8867
vn 0.3522 0.2587 -0.8995
vn 0.2921 0.2257 -0.9294
vn -0.3185 0.2993 -0.8994
vn -0.3356 0.3181 -0.8867
vn -0.2628 0.2593 -0.9293
vn 0.4265 0.1784 -0.8867
vn 0.4040 0.1669 -0.8994
vn 0.3376 0.1492 -0.9294
vn -0.2376 0.3668 -0.8994
vn -0.2497 0.3892 -0.8867
vn -0.1931 0.3147 -0.9294
vn 0.4568 0.0711 -0.8867
vn 0.4320 0.0654 -0.8995
vn 0.3636 0.0641 -0.9294
vn -0.1429 0.4130 -0.8994
vn -0.1494 0.4376 -0.8867
vn -0.1122 0.3517 -0.9294
vn 0.4605 -0.0401 -0.8867
vn 0.4353 -0.0400 -0.8994
vn 0.3682 -0.0247 -0.9294
vn -0.0399 0.4352 -0.8995
vn -0.0403 0.4606 -0.8867
vn -0.0248 0.3684 -0.9294
vn 0.4376 -0.1494 -0.8867
vn 0.4130 -0.1428 -0.8995
vn 0.3517 -0.1122 -0.9293
vn 0.0654 0.4322 -0.8994
vn 0.0711 0.4569 -0.8867
vn 0.0641 0.3636 -0.9294
vn 0.3891 -0.2497 -0.8867
vn 0.3668 -0.2376 -0.8994
vn 0.3147 -0.1931 -0.9293
vn 0.1669 0.4039 -0.8994
vn 0.1784 0.4266 -0.8867
vn 0.1492 0.3376 -0.9294
vn 0.3180 -0.3356 -0.8867
vn 0.2993 -0.3185 -0.8995
vn 0.2593 -0.2628 -0.9294
vn 0.2587 0.3522 -0.8995
vn 0.2753 0.3714 -0.8867
vn 0.2257 0.2921 -0.9294
vn 0.2285 -0.4019 -0.8867
vn 0.2144 -0.3808 -0.8995
vn 0.1889 -0.3172 -0.9294
vn 0.3355 0.2801 -0.8995
vn 0.3562 0.2947 -0.8867
vn 0.2891 0.2296 -0.9294
vn 0.1257 -0.4450 -0.8867
vn 0.1170 -0.4211 -0.8994
vn 0.1075 -0.3532 -0.9294
vn 0.3928 0.1917 -0.8994
vn 0.4163 0.2009 -0.8867
vn 0.3356 0.1537 -0.9294
vn 0.0155 -0.4621 -0.8867
vn 0.0128 -0.4369 -0.8994
vn 0.0198 -0.3687 -0.9294
vn 0.4272 0.0921 -0.8995
vn 0.4524 0.0955 -0.8867
vn 0.3626 0.0690 -0.9294
vn -0.0955 -0.4524 -0.8867
vn -0.0921 -0.4272 -0.8994
vn -0.0690 -0.3627 -0.9294
vn 0.4367 -0.0129 -0.8995
vn 0.4621 -0.0155 -0.8867
vn 0.3686 -0.0198 -0.9294
vn -0.2010 -0.4164 -0.8867
vn -0.1917 -0.3928 -0.8994
vn -0.1538 -0.3356 -0.9294
vn 0.4212 -0.1169 -0.8994
vn 0.4449 -0.1257 -0.8867
vn 0.3531 -0.1075 -0.9294
vn -0.2948 -0.3562 -0.8867
vn -0.2800 -0.3355 -0.8995
vn -0.2296 -0.2891 -0.9294
vn 0.3810 -0.2144 -0.8994
vn 0.4020 -0.2285 -0.8867
vn 0.3172 -0.1889 -0.9294
vn -0.3715 -0.2753 -0.8867
vn -0.3523 -0.2588 -0.8994
vn -0.2921 -0.2257 -0.9294
vn 0.3185 -0.2993 -0.8994
vn 0.3356 -0.3180 -0.8867
vn 0.2628 -0.2593 -0.9294
vn -0.4266 -0.1784 -0.8867
vn -0.4040 -0.1668 -0.8994
vn -0.3377 -0.1492 -0.9293
vn 0.2376 -0.3668 -0.8994
vn 0.2497 -0.3891 -0.8867
vn 0.1931 -0.3147 -0.9293
vn -0.4569 -0.0711 -0.8867
vn -0.4322 -0.0653 -0.8994
vn -0.3636 -0.0641 -0.9293
vn 0.0930 -0.3982 -0.9126
vn -0.3149 -0.0258 -0.9488
vn 0.0503 -0.3120 -0.9487
vn -0.3120 0.0503 -0.9487
vn -0.0258 -0.3150 -0.9487
vn -0.1027 -0.3959 -0.9125
vn -0.2909 0.1235 -0.9488
vn -0.1004 -0.2997 -0.9487
vn -0.1692 -0.2669 -0.9487
vn -0.3094 0.2674 -0.9125
vn -0.2529 0.1896 -0.9487
vn -0.2749 -0.3028 -0.9126
vn -0.2002 0.2445 -0.9488
vn -0.2282 -0.2186 -0.9487
vn -0.2739 -0.1577 -0.9488
vn -0.1497 0.3806 -0.9125
vn -0.1358 0.2855 -0.9487
vn -0.3842 -0.1402 -0.9126
vn -0.0636 0.3097 -0.9487
vn -0.3037 -0.0875 -0.9488
vn -0.3158 -0.0124 -0.9487
vn 0.0443 0.4065 -0.9126
vn 0.0123 0.3158 -0.9487
vn -0.4054 0.0542 -0.9125
vn 0.0875 0.3036 -0.9488
vn -0.3097 0.0635 -0.9487
vn -0.2854 0.1359 -0.9487
vn 0.2281 0.3395 -0.9125
vn 0.1577 0.2740 -0.9487
vn -0.3338 0.2364 -0.9125
vn 0.2186 0.2281 -0.9488
vn -0.2446 0.2001 -0.9488
vn 0.3597 0.1942 -0.9126
vn -0.1895 0.2526 -0.9488
vn -0.2675 0.3091 -0.9126
vn -0.1235 0.2909 -0.9488
vn 0.3959 0.1026 -0.9126
vn 0.2997 0.1004 -0.9487
vn -0.0931 0.3983 -0.9125
vn 0.3149 0.0259 -0.9488
vn -0.0503 0.3121 -0.9487
vn 0.0258 0.3150 -0.9488
vn 0.3983 -0.0931 -0.9125
vn 0.3121 -0.0504 -0.9487
vn 0.1004 0.2996 -0.9488
vn 0.3644 -0.1856 -0.9126
vn 0.2909 -0.1236 -0.9488
vn 0.1944 0.3598 -0.9125
vn 0.2529 -0.1895 -0.9488
vn 0.1692 0.2670 -0.9487
vn 0.2749 0.3028 -0.9126
vn 0.2001 -0.2445 -0.9488
vn 0.2282 0.2187 -0.9487
vn 0.2739 0.1577 -0.9488
vn 0.1497 -0.3806 -0.9126
vn 0.1358 -0.2853 -0.9488
vn 0.3036 0.0876 -0.9488
vn 0.0543 -0.4053 -0.9126
vn 0.0636 -0.3095 -0.9488
vn 0.3158 0.0124 -0.9487
vn -0.0443 -0.4066 -0.9125
vn -0.0123 -0.3159 -0.9487
vn 0.4054 -0.0543 -0.9125
vn -0.0875 -0.3037 -0.9487
vn 0.3097 -0.0636 -0.9487
vn 0.2853 -0.1358 -0.9488
vn -0.2282 -0.3393 -0.9126
vn -0.1576 -0.2738 -0.9488
vn 0.2445 -0.2001 -0.9488
vn -0.3027 -0.2749 -0.9126
vn -0.2186 -0.2281 -0.9488
vn 0.2674 -0.3094 -0.9126
vn -0.2669 -0.1692 -0.9488
vn 0.1896 -0.2529 -0.9487
vn 0.1855 -0.3644 -0.9126
vn -0.2997 -0.1004 -0.9487
vn 0.1235 -0.2909 -0.9487
vn 0.4126 -0.0899 -0.9065
vn 0.1743 -0.3843 -0.9066
vn 0.4212 -0.0908 -0.9024
vn 0.1605 -0.3902 -0.9066
vn -0.2168 -0.3614 -0.9069
vn 0.1645 -0.3979 -0.9026
vn -0.2990 -0.2976 -0.9067
vn -0.4175 0.0620 -0.9066
vn -0.4258 0.0641 -0.9026
vn 0.0621 -0.4177 -0.9065
vn -0.2976 -0.2993 -0.9066
vn 0.0643 -0.4261 -0.9024
vn -0.3617 -0.2171 -0.9067
vn -0.3906 0.1604 -0.9065
vn -0.3983 0.1645 -0.9024
vn -0.0395 -0.4206 -0.9064
vn -0.3605 -0.2196 -0.9065
vn -0.0394 -0.4293 -0.9023
vn -0.4031 -0.1239 -0.9067
vn -0.3408 0.2495 -0.9064
vn -0.3472 0.2554 -0.9023
vn -0.1391 -0.3985 -0.9065
vn -0.4025 -0.1265 -0.9066
vn -0.1411 -0.4070 -0.9025
vn -0.4212 -0.0239 -0.9067
vn -0.2713 0.3239 -0.9064
vn -0.2761 0.3311 -0.9023
vn -0.2303 -0.3538 -0.9065
vn -0.4210 -0.0266 -0.9066
vn -0.2343 -0.3616 -0.9024
vn -0.4147 0.0773 -0.9067
vn -0.1859 0.3791 -0.9065
vn -0.1889 0.3873 -0.9024
vn -0.3083 -0.2887 -0.9064
vn -0.4152 0.0746 -0.9067
vn -0.3140 -0.2953 -0.9023
vn -0.3842 0.1745 -0.9066
vn -0.0899 0.4126 -0.9065
vn -0.0908 0.4213 -0.9024
vn -0.3683 -0.2066 -0.9064
vn -0.3852 0.1718 -0.9067
vn -0.3754 -0.2116 -0.9024
vn -0.3310 0.2612 -0.9067
vn 0.0117 0.4221 -0.9065
vn 0.0128 0.4307 -0.9024
vn -0.4071 -0.1123 -0.9065
vn -0.3329 0.2589 -0.9067
vn -0.4152 -0.1155 -0.9024
vn -0.2590 0.3327 -0.9067
vn 0.1123 0.4069 -0.9066
vn 0.1154 0.4149 -0.9025
vn -0.4219 -0.0112 -0.9066
vn -0.2610 0.3316 -0.9066
vn -0.4305 -0.0124 -0.9025
vn -0.1719 0.3852 -0.9067
vn 0.2063 0.3683 -0.9065
vn 0.2114 0.3754 -0.9025
vn -0.4126 0.0899 -0.9065
vn -0.1743 0.3843 -0.9066
vn -0.4213 0.0908 -0.9024
vn -0.0748 0.4154 -0.9066
vn 0.2884 0.3085 -0.9065
vn 0.2951 0.3141 -0.9024
vn -0.3792 0.1862 -0.9064
vn -0.0769 0.4154 -0.9064
vn -0.3875 0.1892 -0.9022
vn 0.0260 0.4211 -0.9067
vn 0.3536 0.2302 -0.9066
vn 0.3612 0.2342 -0.9026
vn -0.3239 0.2714 -0.9063
vn 0.0241 0.4214 -0.9066
vn -0.3311 0.2762 -0.9023
vn 0.1270 0.4021 -0.9067
vn 0.3988 0.1388 -0.9065
vn 0.4073 0.1408 -0.9024
vn -0.2493 0.3410 -0.9064
vn 0.1242 0.4034 -0.9066
vn -0.2552 0.3474 -0.9023
vn 0.2194 0.3605 -0.9066
vn 0.4204 0.0396 -0.9065
vn 0.4290 0.0395 -0.9024
vn -0.1606 0.3907 -0.9064
vn 0.2177 0.3617 -0.9065
vn -0.1647 0.3983 -0.9023
vn 0.2990 0.2983 -0.9064
vn 0.4176 -0.0617 -0.9066
vn 0.4260 -0.0639 -0.9025
vn -0.0624 0.4177 -0.9064
vn 0.2974 0.2993 -0.9066
vn -0.0646 0.4261 -0.9024
vn 0.3617 0.2170 -0.9067
vn 0.3906 -0.1607 -0.9064
vn 0.3983 -0.1648 -0.9023
vn 0.0392 0.4202 -0.9066
vn 0.3601 0.2192 -0.9068
vn 0.0391 0.4289 -0.9025
vn 0.4032 0.1240 -0.9067
vn 0.3408 -0.2495 -0.9064
vn 0.3473 -0.2554 -0.9023
vn 0.1395 0.3985 -0.9065
vn 0.4030 0.1263 -0.9065
vn 0.1415 0.4070 -0.9024
vn 0.4211 0.0244 -0.9067
vn 0.2713 -0.3235 -0.9065
vn 0.2762 -0.3307 -0.9024
vn 0.2303 0.3541 -0.9064
vn 0.4210 0.0271 -0.9066
vn 0.2342 0.3619 -0.9023
vn 0.4147 -0.0775 -0.9067
vn 0.1860 -0.3792 -0.9065
vn 0.1889 -0.3873 -0.9024
vn 0.3085 0.2880 -0.9066
vn 0.4153 -0.0750 -0.9066
vn 0.3141 0.2946 -0.9025
vn 0.3843 -0.1745 -0.9066
vn 0.0899 -0.4129 -0.9063
vn 0.0908 -0.4215 -0.9022
vn 0.3685 0.2058 -0.9066
vn 0.3852 -0.1725 -0.9065
vn 0.3755 0.2108 -0.9025
vn 0.3314 -0.2615 -0.9065
vn -0.0114 -0.4224 -0.9064
vn -0.0126 -0.4310 -0.9023
vn 0.4071 0.1115 -0.9065
vn 0.3329 -0.2595 -0.9065
vn 0.4151 0.1147 -0.9025
vn 0.2590 -0.3330 -0.9067
vn -0.1123 -0.4071 -0.9065
vn -0.1155 -0.4152 -0.9024
vn 0.4220 0.0111 -0.9065
vn 0.2610 -0.3316 -0.9066
vn 0.4306 0.0123 -0.9025
vn 0.0749 -0.4151 -0.9067
vn -0.2883 -0.3083 -0.9066
vn -0.2948 -0.3139 -0.9025
vn 0.3790 -0.1861 -0.9065
vn 0.0772 -0.4149 -0.9066
vn 0.3871 -0.1891 -0.9024
vn -0.0270 -0.4213 -0.9065
vn -0.3541 -0.2306 -0.9063
vn -0.3618 -0.2346 -0.9023
vn 0.3235 -0.2714 -0.9065
vn -0.0241 -0.4213 -0.9066
vn 0.3307 -0.2762 -0.9024
vn -0.1267 -0.4025 -0.9066
vn -0.3988 -0.1391 -0.9064
vn -0.4071 -0.1411 -0.9024
vn 0.2490 -0.3406 -0.9066
vn -0.1244 -0.4029 -0.9067
vn 0.2548 -0.3470 -0.9026
vn -0.2193 -0.3607 -0.9066
vn -0.4203 -0.0400 -0.9065
vn -0.4289 -0.0400 -0.9025
vn -0.2319 -0.3514 -0.9070
vn -0.4113 0.0531 -0.9100
vn 0.1499 -0.3894 -0.9088
vn 0.0534 -0.4113 -0.9100
vn -0.3512 -0.2320 -0.9071
vn -0.3892 0.1500 -0.9089
vn -0.3690 -0.2031 -0.9070
vn -0.3397 0.2385 -0.9098
vn -0.0482 -0.4143 -0.9089
vn -0.4074 -0.1088 -0.9067
vn -0.2731 0.3131 -0.9096
vn -0.1465 -0.3907 -0.9088
vn -0.2326 -0.3433 -0.9099
vn -0.4167 0.0590 -0.9071
vn -0.1917 0.3703 -0.9089
vn -0.3083 -0.2778 -0.9098
vn -0.3907 0.1571 -0.9070
vn -0.0977 0.4054 -0.9089
vn -0.3655 -0.1959 -0.9099
vn -0.3413 0.2461 -0.9071
vn 0.0024 0.4171 -0.9088
vn -0.3208 0.2729 -0.9070
vn 0.1024 0.4021 -0.9098
vn -0.4047 -0.1019 -0.9088
vn -0.2459 0.3415 -0.9071
vn 0.1959 0.3654 -0.9100
vn -0.4169 -0.0024 -0.9090
vn -0.1570 0.3905 -0.9071
vn 0.2777 0.3081 -0.9099
vn -0.4054 0.0975 -0.9089
vn -0.0585 0.4170 -0.9070
vn 0.3433 0.2328 -0.9099
vn -0.3703 0.1917 -0.9089
vn 0.0425 0.4186 -0.9072
vn 0.3891 0.1437 -0.9099
vn -0.3137 0.2745 -0.9090
vn -0.2385 0.3396 -0.9098
vn 0.2031 0.3691 -0.9069
vn 0.4143 0.0483 -0.9089
vn -0.1506 0.3864 -0.9099
vn 0.2850 0.3099 -0.9070
vn 0.4134 -0.0523 -0.9090
vn 0.3095 0.2855 -0.9070
vn 0.3867 -0.1504 -0.9099
vn -0.0525 0.4139 -0.9088
vn 0.3691 0.2033 -0.9069
vn 0.3397 -0.2384 -0.9098
vn 0.0484 0.4145 -0.9087
vn 0.1440 0.3891 -0.9099
vn 0.4190 0.0424 -0.9070
vn 0.2751 -0.3138 -0.9088
vn 0.4208 0.0085 -0.9071
vn 0.1896 -0.3688 -0.9099
vn 0.2350 0.3445 -0.9089
vn 0.4109 -0.0926 -0.9070
vn 0.0960 -0.4038 -0.9098
vn 0.3109 0.2779 -0.9089
vn 0.3767 -0.1886 -0.9069
vn -0.0034 -0.4151 -0.9098
vn 0.3683 0.1953 -0.9089
vn 0.3203 -0.2726 -0.9072
vn -0.1029 -0.4017 -0.9100
vn 0.4040 0.1019 -0.9091
vn 0.2462 -0.3419 -0.9069
vn -0.1955 -0.3659 -0.9099
vn 0.4172 0.0020 -0.9088
vn 0.4037 -0.0959 -0.9099
vn 0.0926 -0.4107 -0.9070
vn -0.2780 -0.3108 -0.9089
vn 0.0590 -0.4169 -0.9070
vn -0.3433 -0.2329 -0.9099
vn 0.3703 -0.1920 -0.9089
vn -0.0424 -0.4189 -0.9071
vn -0.3890 -0.1440 -0.9099
vn 0.3135 -0.2749 -0.9089
vn 0.2385 -0.3394 -0.9099
vn -0.2030 -0.3688 -0.9071
vn -0.4141 -0.0484 -0.9090
vn 0.1720 -0.3855 -0.9065
vn -0.2061 -0.3687 -0.9064
vn -0.2112 -0.3758 -0.9023
vn -0.0024 -0.0030 -1.0000
vn -0.0084 -0.0135 -0.9999
vn -0.0019 -0.0033 -1.0000
vn -0.0016 -0.0036 -1.0000
vn -0.0048 -0.0145 -0.9999
vn -0.0010 -0.0038 -1.0000
vn -0.0006 -0.0153 -0.9999
vn 0.0004 -0.0039 -1.0000
vn -0.0004 -0.0040 -1.0000
vn -0.0019 0.0033 -1.0000
vn -0.0096 0.0126 -0.9999
vn -0.0024 0.0030 -1.0000
vn -0.0027 0.0027 -1.0000
vn -0.0123 0.0100 -0.9999
vn -0.0030 0.0023 -1.0000
vn -0.0038 0.0012 -1.0000
vn -0.0151 0.0030 -0.9999
vn -0.0039 0.0005 -1.0000
vn -0.0032 0.0020 -1.0000
vn -0.0144 0.0067 -0.9999
vn -0.0035 0.0015 -1.0000
vn -0.0030 -0.0023 -1.0000
vn -0.0114 -0.0111 -0.9999
vn -0.0027 -0.0027 -1.0000
vn -0.0135 -0.0064 -0.9999
vn -0.0033 -0.0020 -1.0000
vn -0.0035 -0.0014 -1.0000
vn -0.0154 -0.0012 -0.9999
vn -0.0039 -0.0008 -1.0000
vn -0.0039 -0.0001 -1.0000
vn 0.0019 -0.0033 -1.0000
vn 0.0096 -0.0127 -0.9999
vn 0.0024 -0.0030 -1.0000
vn 0.0047 -0.0142 -0.9999
vn 0.0016 -0.0035 -1.0000
vn 0.0009 -0.0036 -1.0000
vn 0.0038 -0.0003 -1.0000
vn 0.0158 0.0007 -0.9999
vn 0.0038 0.0003 -1.0000
vn 0.0036 -0.0012 -1.0000
vn 0.0156 -0.0031 -0.9999
vn 0.0037 -0.0007 -1.0000
vn 0.0027 -0.0027 -1.0000
vn 0.0123 -0.0100 -0.9999
vn 0.0030 -0.0024 -1.0000
vn 0.0032 -0.0020 -1.0000
vn 0.0144 -0.0068 -0.9999
vn 0.0035 -0.0016 -1.0000
vn -0.0047 0.0142 -0.9999
vn -0.0015 0.0034 -1.0000
vn -0.0009 0.0036 -1.0000
vn -0.0007 0.0152 -0.9999
vn 0.0002 0.0038 -1.0000
vn 0.0006 0.0155 -0.9999
vn 0.0043 0.0147 -0.9999
vn 0.0007 0.0039 -1.0000
vn 0.0013 0.0037 -1.0000
vn 0.0038 0.0007 -1.0000
vn 0.0152 0.0045 -0.9999
vn 0.0036 0.0012 -1.0000
vn 0.0035 0.0015 -1.0000
vn 0.0137 0.0080 -0.9999
vn 0.0032 0.0020 -1.0000
vn 0.0024 0.0032 -1.0000
vn 0.0082 0.0131 -0.9999
vn 0.0019 0.0035 -1.0000
vn 0.0031 0.0023 -1.0000
vn 0.0115 0.0111 -0.9999
vn 0.0027 0.0028 -1.0000
vn -0.3930 -0.0773 -0.9163
vn 0.1735 -0.3465 -0.9219
vn 0.1141 -0.3839 -0.9163
vn -0.3999 0.0190 -0.9164
vn 0.0856 -0.3778 -0.9219
vn 0.0190 -0.3999 -0.9164
vn -0.3838 0.1141 -0.9163
vn -0.0072 -0.3873 -0.9219
vn -0.0773 -0.3928 -0.9164
vn -0.1691 -0.3630 -0.9163
vn -0.2948 0.2514 -0.9219
vn -0.0997 -0.3745 -0.9218
vn -0.2510 -0.3119 -0.9164
vn -0.2259 0.3148 -0.9219
vn -0.1865 -0.3396 -0.9219
vn -0.3183 -0.2429 -0.9163
vn -0.1441 0.3596 -0.9219
vn -0.2623 -0.2852 -0.9219
vn -0.3673 -0.1596 -0.9163
vn -0.0538 0.3837 -0.9219
vn -0.3229 -0.2142 -0.9219
vn -0.0293 0.3993 -0.9163
vn -0.3647 -0.1307 -0.9219
vn -0.3946 -0.0671 -0.9164
vn -0.3993 0.0293 -0.9163
vn 0.1306 0.3647 -0.9219
vn -0.3855 -0.0395 -0.9219
vn 0.1595 0.3671 -0.9164
vn -0.3838 0.0538 -0.9219
vn -0.3805 0.1240 -0.9164
vn 0.2427 0.3184 -0.9164
vn -0.3597 0.1442 -0.9218
vn -0.3400 0.2115 -0.9163
vn 0.3119 0.2509 -0.9164
vn -0.3150 0.2258 -0.9218
vn -0.2795 0.2867 -0.9164
vn 0.3628 0.1690 -0.9164
vn -0.2515 0.2947 -0.9219
vn -0.2027 0.3452 -0.9164
vn -0.1142 0.3839 -0.9163
vn 0.3873 0.0073 -0.9219
vn -0.1736 0.3464 -0.9219
vn 0.4000 -0.0189 -0.9163
vn -0.0858 0.3779 -0.9219
vn -0.0190 0.3999 -0.9164
vn 0.0773 0.3929 -0.9163
vn 0.3463 -0.1737 -0.9219
vn 0.0072 0.3875 -0.9218
vn 0.1690 0.3630 -0.9163
vn 0.2947 -0.2516 -0.9219
vn 0.0997 0.3744 -0.9219
vn 0.2509 0.3119 -0.9164
vn 0.2259 -0.3149 -0.9219
vn 0.1864 0.3395 -0.9219
vn 0.3184 0.2427 -0.9164
vn 0.1441 -0.3597 -0.9219
vn 0.2624 0.2851 -0.9219
vn 0.3672 0.1596 -0.9163
vn 0.0538 -0.3838 -0.9219
vn 0.3229 0.2140 -0.9219
vn 0.0294 -0.3993 -0.9163
vn 0.3647 0.1304 -0.9219
vn 0.3947 0.0670 -0.9164
vn -0.0671 -0.3947 -0.9164
vn 0.3854 0.0394 -0.9219
vn 0.3991 -0.0294 -0.9164
vn 0.3808 -0.1241 -0.9163
vn -0.2139 -0.3230 -0.9219
vn 0.3838 -0.0539 -0.9219
vn -0.2427 -0.3183 -0.9164
vn 0.3597 -0.1441 -0.9219
vn 0.3399 -0.2115 -0.9164
vn 0.2794 -0.2868 -0.9163
vn -0.3396 -0.1864 -0.9219
vn 0.3147 -0.2261 -0.9219
vn -0.3630 -0.1690 -0.9163
vn 0.2514 -0.2947 -0.9219
vn 0.2026 -0.3452 -0.9164
vn -0.2758 -0.3864 -0.8801
vn -0.2173 -0.1448 -0.9653
vn -0.0211 -0.2647 -0.9641
vn -0.3162 -0.3527 -0.8807
vn -0.0924 -0.2413 -0.9660
vn -0.3620 -0.3080 -0.8798
vn -0.4238 -0.2140 -0.8801
vn -0.2597 -0.0273 -0.9653
vn -0.1418 -0.2246 -0.9641
vn -0.4701 -0.0545 -0.8809
vn -0.2286 -0.1194 -0.9662
vn -0.4748 0.0094 -0.8800
vn -0.4592 0.1208 -0.8801
vn -0.2127 0.1516 -0.9653
vn -0.2553 -0.0742 -0.9640
vn -0.1715 0.1926 -0.9662
vn -0.4205 0.2176 -0.8808
vn -0.4474 0.1595 -0.8800
vn -0.3507 0.3207 -0.8799
vn -0.1180 0.2335 -0.9652
vn -0.2606 0.0532 -0.9640
vn -0.3118 0.3561 -0.8809
vn -0.2283 0.1205 -0.9661
vn -0.2620 0.3962 -0.8800
vn -0.2177 0.4204 -0.8808
vn -0.1930 0.1718 -0.9661
vn -0.1597 0.4475 -0.8799
vn -0.1107 0.4601 -0.8809
vn -0.1461 0.2125 -0.9662
vn -0.0480 0.4726 -0.8800
vn 0.0647 0.4705 -0.8800
vn 0.1251 0.2294 -0.9653
vn -0.1043 0.2444 -0.9640
vn 0.1707 0.1933 -0.9662
vn 0.1654 0.4435 -0.8809
vn 0.1046 0.4633 -0.8800
vn 0.2758 0.3864 -0.8801
vn 0.2173 0.1449 -0.9653
vn 0.0212 0.2648 -0.9641
vn 0.3603 0.3091 -0.8801
vn 0.2456 0.0885 -0.9653
vn 0.0839 0.2519 -0.9641
vn 0.4240 0.2140 -0.8800
vn 0.2598 0.0273 -0.9653
vn 0.1419 0.2247 -0.9641
vn 0.4439 0.1654 -0.8807
vn 0.1938 0.1706 -0.9661
vn 0.4638 0.1044 -0.8798
vn 0.4754 -0.0076 -0.8797
vn 0.2431 -0.0966 -0.9652
vn 0.2304 0.1329 -0.9640
vn 0.4592 -0.1210 -0.8801
vn 0.2123 -0.1518 -0.9654
vn 0.2549 0.0740 -0.9641
vn 0.4418 -0.1704 -0.8808
vn 0.2581 -0.0006 -0.9661
vn 0.4163 -0.2292 -0.8798
vn 0.3882 -0.2711 -0.8808
vn 0.2503 -0.0622 -0.9662
vn 0.3495 -0.3221 -0.8798
vn 0.2636 -0.3952 -0.8800
vn 0.0584 -0.2548 -0.9652
vn 0.2401 -0.1139 -0.9640
vn 0.2178 -0.4204 -0.8808
vn 0.1929 -0.1716 -0.9661
vn 0.1597 -0.4475 -0.8799
vn -0.0611 -0.2507 -0.9661
vn 0.0597 -0.4696 -0.8808
vn 0.1228 -0.4590 -0.8799
vn -0.0026 -0.4736 -0.8807
vn 0.0910 -0.2418 -0.9661
vn -0.0666 -0.4705 -0.8799
vn -0.1158 -0.4592 -0.8808
vn 0.0307 -0.2565 -0.9661
vn -0.1771 -0.4410 -0.8799
vn -0.3789 -0.1017 -0.9198
vn 0.0976 -0.4112 -0.9063
vn 0.0861 -0.3827 -0.9199
vn -0.1741 -0.2756 -0.9454
vn -0.1629 -0.2823 -0.9454
vn -0.0114 -0.0187 -0.9998
vn -0.2526 0.2060 -0.9454
vn -0.2605 0.1959 -0.9454
vn -0.0171 0.0135 -0.9998
vn -0.3195 0.0652 -0.9453
vn -0.3219 0.0523 -0.9453
vn -0.0209 0.0040 -0.9998
vn 0.0523 -0.3218 -0.9454
vn 0.0652 -0.3195 -0.9454
vn 0.0043 -0.0233 -0.9997
vn 0.1278 -0.2999 -0.9454
vn 0.1397 -0.2945 -0.9454
vn 0.0087 -0.0197 -0.9998
vn 0.2945 -0.1399 -0.9454
vn 0.2999 -0.1278 -0.9454
vn 0.0199 -0.0091 -0.9998
vn 0.2525 -0.2061 -0.9454
vn 0.2606 -0.1957 -0.9454
vn 0.0171 -0.0136 -0.9998
vn -0.1278 0.2998 -0.9454
vn -0.1397 0.2945 -0.9454
vn -0.0086 0.0195 -0.9998
vn 0.0262 0.3249 -0.9454
vn 0.0126 0.3261 -0.9453
vn 0.0011 0.0215 -0.9998
vn -0.0518 0.3222 -0.9453
vn -0.0652 0.3193 -0.9454
vn -0.0043 0.0233 -0.9997
vn 0.1748 0.2755 -0.9453
vn 0.1630 0.2823 -0.9454
vn 0.0111 0.0181 -0.9998
vn 0.1032 0.3091 -0.9454
vn 0.0907 0.3130 -0.9454
vn 0.0062 0.0203 -0.9998
vn 0.3131 0.0906 -0.9454
vn 0.3092 0.1032 -0.9454
vn 0.0209 0.0064 -0.9998
vn -0.3922 -0.0082 -0.9198
vn -0.0037 -0.4227 -0.9063
vn -0.0081 -0.3922 -0.9198
vn -0.3827 0.0860 -0.9199
vn -0.1047 -0.4094 -0.9063
vn -0.1017 -0.3788 -0.9199
vn -0.1894 -0.3434 -0.9199
vn -0.3758 0.1932 -0.9064
vn -0.1996 -0.3724 -0.9063
vn -0.2661 -0.2882 -0.9199
vn -0.3187 0.2774 -0.9064
vn -0.2830 -0.3139 -0.9063
vn -0.3273 -0.2165 -0.9198
vn -0.2430 0.3455 -0.9064
vn -0.3499 -0.2373 -0.9062
vn -0.3696 -0.1316 -0.9198
vn -0.1533 0.3937 -0.9064
vn -0.3966 -0.1465 -0.9062
vn -0.0553 0.3885 -0.9198
vn -0.4199 -0.0472 -0.9063
vn -0.3902 -0.0392 -0.9199
vn 0.0392 0.3903 -0.9198
vn -0.4190 0.0547 -0.9063
vn -0.3883 0.0554 -0.9199
vn 0.1315 0.3696 -0.9198
vn -0.3937 0.1533 -0.9064
vn -0.3637 0.1467 -0.9199
vn 0.2160 0.3275 -0.9198
vn -0.3458 0.2432 -0.9063
vn -0.3182 0.2295 -0.9198
vn 0.2882 0.2663 -0.9198
vn -0.2775 0.3190 -0.9062
vn -0.2541 0.2990 -0.9198
vn 0.3435 0.1894 -0.9199
vn -0.1932 0.3759 -0.9063
vn -0.1751 0.3510 -0.9199
vn -0.0861 0.3828 -0.9198
vn 0.4093 0.1047 -0.9064
vn -0.0975 0.4113 -0.9063
vn 0.3924 0.0080 -0.9198
vn 0.0038 0.4225 -0.9063
vn 0.0082 0.3921 -0.9199
vn 0.1016 0.3790 -0.9198
vn 0.4110 -0.0974 -0.9064
vn 0.1046 0.4095 -0.9063
vn 0.3511 -0.1751 -0.9198
vn 0.1997 0.3724 -0.9063
vn 0.1894 0.3434 -0.9199
vn 0.2661 0.2883 -0.9198
vn 0.3187 -0.2773 -0.9064
vn 0.2830 0.3140 -0.9063
vn 0.3273 0.2163 -0.9198
vn 0.2431 -0.3454 -0.9064
vn 0.3500 0.2372 -0.9062
vn 0.3696 0.1317 -0.9198
vn 0.1533 -0.3937 -0.9064
vn 0.3965 0.1466 -0.9062
vn 0.0553 -0.3884 -0.9198
vn 0.4199 0.0472 -0.9063
vn 0.3902 0.0392 -0.9199
vn -0.0392 -0.3904 -0.9198
vn 0.4190 -0.0547 -0.9063
vn 0.3882 -0.0554 -0.9199
vn 0.3639 -0.1465 -0.9198
vn -0.1464 -0.3963 -0.9064
vn 0.3940 -0.1532 -0.9063
vn -0.2160 -0.3272 -0.9199
vn 0.3457 -0.2430 -0.9063
vn 0.3181 -0.2292 -0.9199
vn 0.2541 -0.2987 -0.9199
vn -0.3138 -0.2827 -0.9064
vn 0.2775 -0.3187 -0.9063
vn -0.3435 -0.1894 -0.9199
vn 0.1932 -0.3758 -0.9063
vn 0.1752 -0.3509 -0.9199
vn 0.1658 -0.3593 -0.9184
vn -0.1790 -0.3078 -0.9345
vn -0.1894 -0.3015 -0.9345
vn -0.3792 -0.1150 -0.9181
vn -0.1119 -0.3380 -0.9345
vn 0.2470 -0.3088 -0.9185
vn 0.3138 -0.2410 -0.9184
vn -0.0155 -0.3558 -0.9344
vn -0.0277 -0.3551 -0.9344
vn -0.3948 -0.0276 -0.9184
vn -0.2244 0.2767 -0.9344
vn -0.2148 0.2843 -0.9344
vn 0.0271 0.3953 -0.9182
vn -0.2763 0.2244 -0.9345
vn -0.3763 -0.1216 -0.9185
vn -0.2770 -0.2825 -0.9184
vn -0.3514 0.0583 -0.9344
vn -0.3492 0.0703 -0.9344
vn -0.0685 0.3902 -0.9182
vn -0.3223 0.1517 -0.9344
vn -0.3365 -0.2082 -0.9184
vn 0.0750 -0.3884 -0.9184
vn -0.2476 -0.2560 -0.9344
vn -0.2562 -0.2473 -0.9344
vn -0.1141 -0.3788 -0.9184
vn -0.3382 -0.1116 -0.9344
vn -0.3419 -0.0999 -0.9344
vn -0.0201 -0.3951 -0.9184
vn -0.3017 -0.1893 -0.9344
vn -0.3080 -0.1788 -0.9344
vn -0.2015 -0.3405 -0.9184
vn -0.3550 -0.0274 -0.9345
vn -0.3558 -0.0152 -0.9344
vn -0.2822 -0.2780 -0.9182
vn 0.0580 -0.3513 -0.9345
vn 0.3623 -0.1585 -0.9185
vn -0.1206 -0.3775 -0.9181
vn 0.2148 -0.2843 -0.9344
vn 0.3946 0.0278 -0.9184
vn 0.2015 0.3404 -0.9184
vn 0.3551 0.0274 -0.9344
vn 0.3559 0.0152 -0.9344
vn 0.3368 0.2080 -0.9183
vn 0.3274 -0.1407 -0.9344
vn 0.3223 -0.1519 -0.9344
vn 0.1598 -0.3625 -0.9182
vn 0.3491 -0.0702 -0.9345
vn 0.2768 0.2824 -0.9185
vn -0.0270 -0.3952 -0.9182
vn 0.2763 -0.2245 -0.9345
vn 0.3763 0.1214 -0.9185
vn 0.2074 0.3374 -0.9182
vn -0.1405 0.3272 -0.9345
vn -0.3898 0.0672 -0.9184
vn 0.3405 0.2027 -0.9181
vn 0.0277 0.3551 -0.9344
vn -0.3141 0.2407 -0.9184
vn 0.2822 0.2781 -0.9181
vn -0.0575 0.3519 -0.9343
vn -0.3623 0.1587 -0.9184
vn 0.3955 0.0209 -0.9182
vn 0.1901 0.3014 -0.9344
vn -0.1661 0.3589 -0.9185
vn -0.2470 0.3092 -0.9184
vn 0.1002 0.3417 -0.9344
vn 0.1119 0.3382 -0.9344
vn 0.1141 0.3790 -0.9183
vn 0.3382 0.1117 -0.9344
vn 0.3419 0.1000 -0.9344
vn 0.0201 0.3952 -0.9184
vn 0.3016 0.1894 -0.9344
vn 0.3079 0.1789 -0.9344
vn 0.3891 -0.0740 -0.9182
vn 0.2562 0.2475 -0.9344
vn -0.0754 0.3885 -0.9184
vn 0.1407 -0.3273 -0.9344
vn -0.2077 -0.3367 -0.9184
vn 0.1518 -0.3222 -0.9344
vn -0.1914 -0.1839 -0.9641
vn 0.0046 -0.0066 -1.0000
vn -0.2644 -0.3496 -0.8988
vn -0.2770 -0.3396 -0.8988
vn 0.0029 -0.0076 -1.0000
vn -0.3405 -0.2762 -0.8988
vn -0.3503 -0.2636 -0.8988
vn 0.0010 -0.0080 -1.0000
vn -0.3966 -0.1868 -0.8988
vn -0.4032 -0.1720 -0.8988
vn -0.0009 -0.0080 -1.0000
vn -0.4298 -0.0864 -0.8988
vn -0.4327 -0.0707 -0.8988
vn -0.0029 -0.0076 -1.0000
vn -0.4380 0.0189 -0.8988
vn -0.4369 0.0349 -0.8988
vn -0.4162 0.1376 -0.8988
vn -0.0000 0.0081 -1.0000
vn -0.4208 0.1222 -0.8989
vn -0.3714 0.2333 -0.8987
vn 0.0019 0.0079 -1.0000
vn -0.3796 0.2195 -0.8987
vn 0.0049 0.0082 -1.0000
vn -0.3039 0.3158 -0.8988
vn -0.0071 -0.0038 -1.0000
vn -0.0078 -0.0020 -1.0000
vn -0.2331 0.3712 -0.8988
vn -0.2194 0.3794 -0.8988
vn -0.0081 -0.0001 -1.0000
vn -0.1376 0.4162 -0.8988
vn -0.1222 0.4210 -0.8988
vn -0.0190 0.4381 -0.8987
vn 0.0076 0.0028 -1.0000
vn -0.0350 0.4371 -0.8987
vn -0.0072 0.0037 -1.0000
vn 0.0716 0.4327 -0.8987
vn 0.0874 0.4297 -0.8987
vn 0.1868 0.3968 -0.8987
vn 0.0080 -0.0010 -1.0000
vn 0.1722 0.4033 -0.8987
vn 0.0088 -0.0039 -1.0000
vn 0.2769 0.3398 -0.8988
vn -0.0045 0.0066 -1.0000
vn -0.0029 0.0075 -1.0000
vn 0.3404 0.2762 -0.8988
vn 0.3502 0.2636 -0.8988
vn -0.0010 0.0080 -1.0000
vn 0.3968 0.1869 -0.8987
vn 0.4034 0.1721 -0.8987
vn 0.4328 0.0717 -0.8986
vn 0.0038 -0.0072 -1.0000
vn 0.4298 0.0874 -0.8987
vn 0.4374 -0.0340 -0.8986
vn 0.0019 -0.0079 -1.0000
vn 0.4383 -0.0179 -0.8987
vn 0.4163 -0.1377 -0.8987
vn -0.0000 -0.0080 -1.0000
vn 0.4211 -0.1222 -0.8987
vn 0.0061 0.0053 -1.0000
vn 0.3792 -0.2205 -0.8987
vn 0.3709 -0.2342 -0.8987
vn 0.0071 0.0039 -1.0000
vn 0.3155 -0.3048 -0.8987
vn 0.3040 -0.3161 -0.8987
vn 0.0078 0.0020 -1.0000
vn 0.2333 -0.3714 -0.8987
vn 0.2195 -0.3795 -0.8988
vn 0.0080 0.0001 -1.0000
vn 0.1376 -0.4163 -0.8988
vn 0.1223 -0.4210 -0.8988
vn 0.0079 -0.0019 -1.0000
vn 0.0340 -0.4372 -0.8987
vn 0.0179 -0.4381 -0.8988
vn 0.0071 -0.0038 -1.0000
vn -0.0716 -0.4326 -0.8987
vn -0.0874 -0.4297 -0.8987
vn 0.0060 -0.0054 -1.0000
vn -0.1731 -0.4029 -0.8987
vn -0.1877 -0.3962 -0.8988
vn -0.2456 -0.0908 -0.9651
vn -0.2853 -0.3806 -0.8796
vn -0.0303 -0.2592 -0.9653
vn -0.3805 -0.2852 -0.8797
vn -0.0907 -0.2454 -0.9652
vn -0.2590 -0.0302 -0.9654
vn -0.4377 -0.1858 -0.8797
vn -0.1469 -0.2167 -0.9651
vn -0.2589 0.0326 -0.9654
vn -0.4697 -0.0758 -0.8796
vn -0.1946 -0.1751 -0.9651
vn -0.2436 0.0936 -0.9653
vn -0.4744 0.0389 -0.8794
vn -0.2314 -0.1235 -0.9650
vn -0.2147 0.1492 -0.9652
vn -0.1718 0.1973 -0.9652
vn -0.4568 0.1317 -0.8798
vn -0.2529 -0.0636 -0.9654
vn -0.4015 0.2546 -0.8798
vn -0.2613 -0.0024 -0.9652
vn -0.1198 0.2313 -0.9655
vn -0.3289 0.3434 -0.8797
vn -0.2546 0.0604 -0.9652
vn -0.0612 0.2534 -0.9654
vn 0.0021 0.2618 -0.9651
vn -0.2547 0.4017 -0.8797
vn -0.2316 0.1203 -0.9654
vn 0.0647 0.2537 -0.9651
vn -0.1512 0.4509 -0.8797
vn -0.1961 0.1722 -0.9653
vn -0.0185 0.4752 -0.8797
vn -0.1505 0.2141 -0.9652
vn 0.1224 0.2304 -0.9654
vn 0.1752 0.1942 -0.9652
vn 0.0756 0.4695 -0.8797
vn -0.0937 0.2433 -0.9654
vn 0.1923 0.4348 -0.8798
vn 0.2235 0.1451 -0.9639
vn 0.2049 0.4292 -0.8796
vn 0.3014 0.3681 -0.8796
vn 0.0295 0.2603 -0.9651
vn 0.2445 0.0916 -0.9653
vn 0.3805 0.2852 -0.8797
vn 0.0907 0.2453 -0.9652
vn 0.2590 0.0302 -0.9654
vn 0.2588 -0.0341 -0.9653
vn 0.4291 0.2042 -0.8799
vn 0.1465 0.2150 -0.9656
vn 0.4673 0.0887 -0.8796
vn 0.2465 -0.1014 -0.9638
vn 0.4700 0.0752 -0.8795
vn 0.4739 -0.0388 -0.8797
vn 0.2302 0.1237 -0.9653
vn 0.2135 -0.1491 -0.9655
vn 0.4509 -0.1513 -0.8797
vn 0.2533 0.0648 -0.9652
vn 0.1718 -0.1959 -0.9654
vn 0.1199 -0.2328 -0.9651
vn 0.4124 -0.2374 -0.8795
vn 0.2610 0.0012 -0.9653
vn 0.3292 -0.3436 -0.8795
vn 0.2547 -0.0607 -0.9651
vn 0.0614 -0.2537 -0.9653
vn 0.2373 -0.4121 -0.8797
vn 0.2327 -0.1195 -0.9652
vn -0.0013 -0.2608 -0.9654
vn -0.0647 -0.2534 -0.9652
vn 0.1512 -0.4509 -0.8797
vn 0.1960 -0.1720 -0.9654
vn -0.1234 -0.2306 -0.9652
vn 0.0389 -0.4740 -0.8797
vn 0.1491 -0.2138 -0.9654
vn -0.1751 -0.1942 -0.9652
vn -0.0756 -0.4694 -0.8797
vn 0.0937 -0.2433 -0.9654
vn -0.2166 -0.1468 -0.9652
vn -0.1858 -0.4378 -0.8797
vn 0.0328 -0.2588 -0.9654
vn 0.0116 -0.0259 -0.9996
vn -0.0694 0.0127 -0.9975
vn 0.0507 -0.2764 -0.9597
vn 0.1144 0.1893 -0.9752
vn 0.0210 -0.0094 -0.9997
vn 0.1733 -0.2212 -0.9597
vn 0.0117 -0.0259 -0.9996
vn -0.1564 -0.1564 -0.9752
vn -0.0278 -0.0086 -0.9996
vn 0.0506 -0.2765 -0.9597
vn -0.0197 -0.3251 -0.9455
vn -0.0054 -0.0174 -0.9998
vn 0.0171 -0.1966 -0.9803
vn -0.2974 -0.0033 -0.9548
vn -0.1950 -0.0304 -0.9803
vn -0.0033 -0.2974 -0.9548
vn -0.1966 0.0171 -0.9803
vn -0.0305 -0.1950 -0.9803
vn -0.0744 -0.2880 -0.9547
vn -0.1868 0.0637 -0.9803
vn -0.0762 -0.1820 -0.9803
vn -0.1411 -0.2618 -0.9548
vn -0.1661 0.1065 -0.9803
vn -0.1176 -0.1585 -0.9803
vn -0.1997 -0.2204 -0.9548
vn -0.1358 0.1432 -0.9803
vn -0.1521 -0.1257 -0.9803
vn -0.1778 -0.0858 -0.9803
vn -0.1086 0.2769 -0.9548
vn -0.0976 0.1715 -0.9803
vn -0.1931 -0.0406 -0.9803
vn -0.0391 0.2948 -0.9547
vn -0.0537 0.1899 -0.9803
vn -0.2957 -0.0326 -0.9547
vn -0.0067 0.1972 -0.9803
vn -0.1972 0.0067 -0.9803
vn -0.2948 0.0392 -0.9547
vn 0.0407 0.1931 -0.9803
vn -0.1899 0.0537 -0.9803
vn -0.2769 0.1085 -0.9548
vn 0.0857 0.1778 -0.9803
vn -0.1715 0.0976 -0.9803
vn -0.2429 0.1717 -0.9547
vn 0.1258 0.1521 -0.9803
vn -0.1431 0.1359 -0.9803
vn -0.1065 0.1662 -0.9803
vn 0.2618 0.1412 -0.9548
vn 0.1585 0.1176 -0.9803
vn -0.0637 0.1868 -0.9803
vn 0.2880 0.0744 -0.9547
vn 0.1820 0.0762 -0.9803
vn -0.0679 0.2895 -0.9548
vn 0.1950 0.0304 -0.9803
vn -0.0171 0.1966 -0.9803
vn 0.0304 0.1950 -0.9803
vn 0.2896 -0.0679 -0.9547
vn 0.1966 -0.0170 -0.9803
vn 0.0762 0.1820 -0.9803
vn 0.2649 -0.1353 -0.9547
vn 0.1868 -0.0636 -0.9803
vn 0.1175 0.1585 -0.9803
vn 0.2248 -0.1947 -0.9547
vn 0.1661 -0.1066 -0.9803
vn 0.1997 0.2204 -0.9548
vn 0.1358 -0.1431 -0.9803
vn 0.1521 0.1257 -0.9803
vn 0.2466 0.1662 -0.9548
vn 0.0976 -0.1715 -0.9803
vn 0.1778 0.0857 -0.9803
vn 0.1931 0.0407 -0.9803
vn 0.0391 -0.2948 -0.9547
vn 0.0537 -0.1899 -0.9803
vn 0.2956 0.0326 -0.9547
vn 0.0067 -0.1972 -0.9803
vn 0.1972 -0.0068 -0.9803
vn 0.2948 -0.0391 -0.9548
vn -0.0407 -0.1931 -0.9803
vn 0.1899 -0.0537 -0.9803
vn 0.1715 -0.0976 -0.9803
vn -0.1662 -0.2467 -0.9548
vn -0.0857 -0.1777 -0.9803
vn 0.1431 -0.1358 -0.9803
vn -0.2203 -0.1997 -0.9548
vn -0.1257 -0.1521 -0.9803
vn 0.1947 -0.2248 -0.9547
vn -0.1584 -0.1175 -0.9803
vn 0.1065 -0.1661 -0.9803
vn 0.1353 -0.2649 -0.9547
vn -0.1820 -0.0762 -0.9803
vn 0.0637 -0.1868 -0.9803
vn -0.3680 -0.0836 -0.9261
vn 0.0117 -0.2104 -0.9775
vn -0.1917 -0.0875 -0.9776
vn -0.3772 0.0068 -0.9261
vn -0.0390 -0.2070 -0.9776
vn -0.2070 -0.0391 -0.9776
vn -0.3646 0.0969 -0.9261
vn -0.0874 -0.1917 -0.9775
vn -0.2103 0.0116 -0.9776
vn -0.2015 0.0617 -0.9775
vn -0.1693 -0.3372 -0.9261
vn -0.1308 -0.1651 -0.9776
vn -0.1809 0.1081 -0.9775
vn -0.2450 -0.2867 -0.9261
vn -0.1665 -0.1290 -0.9776
vn -0.2087 0.3142 -0.9261
vn -0.1926 -0.0856 -0.9775
vn -0.1497 0.1481 -0.9776
vn -0.1099 0.1798 -0.9775
vn -0.3503 -0.1401 -0.9261
vn -0.2074 -0.0368 -0.9776
vn -0.0387 0.3753 -0.9261
vn -0.2102 0.0137 -0.9776
vn -0.0637 0.2008 -0.9776
vn -0.0138 0.2103 -0.9775
vn -0.3753 0.0388 -0.9261
vn -0.2008 0.0638 -0.9775
vn 0.0369 0.2074 -0.9776
vn -0.3550 0.1274 -0.9261
vn -0.1797 0.1099 -0.9776
vn 0.2199 0.3065 -0.9261
vn -0.1482 0.1496 -0.9776
vn 0.0855 0.1925 -0.9776
vn -0.2553 0.2777 -0.9261
vn 0.1291 0.1665 -0.9776
vn 0.2870 0.2450 -0.9261
vn 0.3372 0.1693 -0.9261
vn -0.0617 0.2016 -0.9775
vn 0.1652 0.1309 -0.9775
vn 0.3678 0.0836 -0.9261
vn -0.0117 0.2103 -0.9776
vn 0.1916 0.0874 -0.9776
vn 0.2070 0.0390 -0.9776
vn -0.0068 0.3772 -0.9261
vn 0.0391 0.2070 -0.9776
vn 0.3646 -0.0967 -0.9261
vn 0.0874 0.1917 -0.9775
vn 0.2103 -0.0116 -0.9776
vn 0.2015 -0.0617 -0.9775
vn 0.1693 0.3372 -0.9261
vn 0.1308 0.1651 -0.9776
vn 0.1808 -0.1081 -0.9776
vn 0.2451 0.2869 -0.9261
vn 0.1665 0.1291 -0.9776
vn 0.1498 -0.1482 -0.9775
vn 0.3066 0.2198 -0.9261
vn 0.1926 0.0854 -0.9776
vn 0.1274 -0.3551 -0.9261
vn 0.2075 0.0370 -0.9775
vn 0.1099 -0.1797 -0.9776
vn 0.0637 -0.2008 -0.9776
vn 0.3736 0.0523 -0.9261
vn 0.2101 -0.0138 -0.9776
vn 0.0138 -0.2103 -0.9775
vn 0.3752 -0.0388 -0.9261
vn 0.2008 -0.0637 -0.9776
vn -0.1402 -0.3503 -0.9261
vn 0.1797 -0.1099 -0.9776
vn -0.0369 -0.2074 -0.9776
vn -0.2198 -0.3067 -0.9261
vn 0.1482 -0.1498 -0.9775
vn -0.0855 -0.1926 -0.9775
vn -0.2869 -0.2450 -0.9261
vn 0.1081 -0.1808 -0.9776
vn -0.1290 -0.1664 -0.9776
vn -0.3373 -0.1693 -0.9261
vn 0.0617 -0.2016 -0.9775
vn -0.1652 -0.1308 -0.9775
vn 0.1517 0.2509 -0.9561
vn -0.0015 -0.0016 -1.0000
vn -0.0010 -0.0019 -1.0000
vn 0.0809 0.2597 -0.9623
vn -0.0010 -0.0020 -1.0000
vn -0.0004 -0.0022 -1.0000
vn 0.0809 0.4412 -0.8938
vn -0.0150 0.2480 -0.9687
vn 0.1105 0.2455 -0.9631
vn 0.1516 0.2509 -0.9561
vn 0.1813 -0.2314 -0.9558
vn -0.0010 0.0020 -1.0000
vn -0.0015 0.0016 -1.0000
vn 0.2313 -0.1812 -0.9558
vn -0.0018 0.0013 -1.0000
vn 0.2514 -0.1520 -0.9559
vn 0.2683 -0.0492 -0.9621
vn -0.0021 0.0008 -1.0000
vn -0.0022 0.0001 -1.0000
vn -0.0014 0.0016 -1.0000
vn 0.2077 -0.2078 -0.9559
vn 0.4485 -0.0271 -0.8933
vn 0.2679 -0.1206 -0.9559
vn 0.2074 0.2073 -0.9560
vn -0.0018 -0.0012 -1.0000
vn -0.0015 -0.0017 -1.0000
vn 0.2576 -0.0803 -0.9629
vn 0.2678 -0.1205 -0.9559
vn 0.1808 0.2307 -0.9561
vn 0.2497 0.1124 -0.9618
vn -0.0019 -0.0013 -1.0000
vn 0.2312 0.1398 -0.9628
vn 0.2476 0.0149 -0.9688
vn 0.2308 0.1808 -0.9561
vn 0.2313 0.1398 -0.9628
vn -0.1808 0.2308 -0.9561
vn 0.0010 -0.0020 -1.0000
vn 0.0015 -0.0017 -1.0000
vn 0.0004 -0.0021 -1.0000
vn -0.0814 0.2613 -0.9618
vn -0.0815 0.4450 -0.8918
vn -0.2073 0.2073 -0.9561
vn 0.0010 -0.0019 -1.0000
vn -0.1109 0.2463 -0.9628
vn -0.2930 -0.0177 -0.9559
vn 0.0022 -0.0003 -1.0000
vn 0.0022 0.0003 -1.0000
vn -0.1516 0.2508 -0.9561
vn 0.0021 0.0003 -1.0000
vn -0.2888 -0.0529 -0.9559
vn -0.2930 -0.0178 -0.9559
vn -0.2886 0.0529 -0.9560
vn 0.0020 -0.0008 -1.0000
vn -0.2801 0.0873 -0.9560
vn -0.2675 0.1204 -0.9560
vn -0.2308 0.1808 -0.9560
vn 0.0018 -0.0013 -1.0000
vn 0.0021 -0.0003 -1.0000
vn -0.2930 0.0177 -0.9560
vn 0.0816 -0.2620 -0.9616
vn 0.1112 -0.2469 -0.9626
vn -0.2510 0.1517 -0.9560
vn -0.2309 0.1809 -0.9560
vn 0.1521 -0.2515 -0.9558
vn 0.1112 -0.2470 -0.9626
vn 0.0003 0.0021 -1.0000
vn 0.0165 -0.2725 -0.9620
vn -0.0004 0.0022 -1.0000
vn 0.0814 -0.4462 -0.8912
vn 0.0165 -0.2724 -0.9620
vn 0.0816 -0.2619 -0.9616
vn 0.0814 -0.4461 -0.8913
vn -0.1413 -0.2333 -0.9621
vn -0.2804 -0.0874 -0.9559
vn 0.0020 0.0008 -1.0000
vn -0.2514 -0.1520 -0.9559
vn 0.0018 0.0012 -1.0000
vn -0.2311 -0.1811 -0.9559
vn -0.1412 -0.2333 -0.9621
vn 0.0021 0.0008 -1.0000
vn -0.2678 -0.1205 -0.9559
vn 0.0018 0.0013 -1.0000
vn -0.1363 0.8842 -0.4467
vn 0.6990 0.7151 -0.0001
vn 0.6250 0.7771 0.0737
vn 0.6897 0.7180 0.0942
vn 0.6257 0.7801 0.0002
vn 0.5739 0.8159 0.0699
vn 0.6235 0.7785 0.0724
vn 0.2611 0.9572 0.1247
vn 0.1915 0.9815 -0.0001
vn 0.1903 0.9791 0.0724
vn 0.3488 0.9363 0.0421
vn 0.2867 0.9580 0.0002
vn 0.2638 0.9566 0.1241
vn 0.1915 0.9815 0.0002
vn 0.1291 0.9892 0.0700
vn 0.4208 -0.9072 -0.0000
vn 0.5050 -0.8600 0.0737
vn 0.4369 -0.8909 0.1241
vn 0.5075 -0.8617 0.0003
vn 0.5592 -0.8261 0.0700
vn 0.5068 -0.8590 0.0723
vn 0.7941 -0.6002 0.0953
vn 0.7519 -0.6593 -0.0012
vn 0.7941 -0.6077 0.0009
vn 0.6930 -0.7196 0.0438
vn 0.7518 -0.6593 -0.0006
vn 0.7513 -0.6481 0.1241
vn 0.7941 -0.6077 -0.0000
vn 0.8467 -0.5269 0.0736
vn 0.7959 -0.5981 0.0940
vn 0.9855 -0.1694 0.0003
vn 0.9814 -0.1467 0.1241
vn 0.9715 -0.2332 0.0419
vn 0.8497 -0.5272 0.0003
vn 0.8791 -0.4715 0.0699
vn 0.8479 -0.5252 0.0723
vn 0.7322 0.6696 0.1247
vn 0.6989 0.7152 0.0002
vn 0.7979 0.6012 0.0438
vn 0.7454 0.6666 -0.0006
vn 0.7341 0.6676 0.1241
vn 0.9165 0.3999 0.0002
vn 0.8874 0.4557 0.0699
vn 0.9139 0.3995 0.0723
vn 0.9855 -0.1694 -0.0000
vn 0.9946 -0.0730 0.0737
vn 0.9974 -0.0719 0.0003
vn 0.9975 -0.0090 0.0700
vn 0.9948 -0.0710 0.0723
vn 0.9473 0.3106 0.0787
vn 0.9166 0.3999 -0.0000
vn -0.1352 0.9829 0.1247
vn -0.1915 0.9815 0.0002
vn -0.1991 0.9755 0.0941
vn 0.9479 0.3185 0.0023
vn 0.9484 0.3074 0.0779
vn 0.9698 0.2439 -0.0015
vn -0.0415 0.9982 0.0438
vn -0.1253 0.9921 -0.0006
vn -0.1324 0.9834 0.1241
vn -0.2014 0.9749 0.0951
vn -0.2866 0.9580 -0.0000
vn -0.6256 0.7802 0.0003
vn -0.6374 0.7605 0.1241
vn -0.5726 0.8188 0.0420
vn -0.9663 0.2476 0.0701
vn -0.9513 0.3083 0.0006
vn -0.9711 0.2385 -0.0008
vn -0.9991 -0.0062 0.0420
vn -0.9974 -0.0717 0.0004
vn -0.9879 -0.0926 0.1242
vn -0.6255 0.7802 -0.0000
vn -0.6962 0.7141 0.0737
vn -0.7406 0.6683 0.0701
vn -0.6990 0.7152 0.0006
vn -0.7492 0.6624 -0.0008
vn -0.9483 0.3086 0.0737
vn -0.9165 0.4001 -0.0011
vn -0.9513 0.3082 0.0008
vn 0.0489 -0.9988 0.0002
vn 0.1113 -0.9913 0.0700
vn 0.0496 -0.9962 0.0723
vn -0.8875 0.4589 0.0420
vn -0.9165 0.4001 0.0004
vn -0.9178 0.3771 0.1242
vn 0.4208 -0.9072 0.0003
vn 0.3598 -0.9321 0.0421
vn -0.4209 -0.9071 0.0002
vn -0.3622 -0.9295 0.0700
vn -0.4192 -0.9050 0.0723
vn -0.0492 -0.9988 -0.0000
vn 0.0475 -0.9962 0.0737
vn -0.0272 -0.9919 0.1241
vn -0.9876 -0.0954 0.1247
vn -0.9878 -0.1555 0.0005
vn -0.9829 -0.1694 0.0723
vn -0.0492 -0.9988 0.0003
vn -0.1143 -0.9926 0.0419
vn -0.5074 -0.8617 -0.0001
vn -0.4209 -0.9041 0.0737
vn -0.4977 -0.8622 0.0941
vn -0.8818 -0.4697 0.0420
vn -0.8499 -0.5270 0.0004
vn -0.8317 -0.5412 0.1241
vn -0.6309 -0.7746 0.0438
vn -0.5642 -0.8257 -0.0006
vn -0.5529 -0.8239 0.1241
vn -0.5641 -0.8257 -0.0004
vn -0.4997 -0.8610 0.0951
vn -0.8499 -0.5270 -0.0000
vn -0.7928 -0.6051 0.0736
vn -0.8317 -0.5412 0.1240
vn -0.7941 -0.6078 0.0003
vn -0.7526 -0.6547 0.0700
vn -0.7916 -0.6067 0.0723
vn 0.2083 0.3265 -0.9219
vn 0.5803 0.7566 -0.3015
vn 0.2349 0.3083 -0.9218
vn 0.1045 0.5255 -0.8444
vn 0.2744 0.9131 -0.3017
vn 0.1046 0.3522 -0.9301
vn 0.2929 0.9073 -0.3018
vn 0.1404 0.3362 -0.9313
vn 0.1139 0.3492 -0.9301
vn 0.1585 0.3279 -0.9313
vn 0.4849 0.8209 -0.3016
vn 0.1963 0.3343 -0.9218
vn 0.0673 0.9510 -0.3018
vn 0.0886 0.5283 -0.8444
vn 0.0256 0.3430 -0.9390
vn -0.0107 0.3441 -0.9389
vn 0.0479 0.9522 -0.3018
vn 0.0159 0.3436 -0.9390
vn 0.2465 0.2988 -0.9219
vn 0.6673 0.6810 -0.3015
vn 0.2708 0.2776 -0.9218
vn -0.1002 0.3548 -0.9296
vn -0.1815 0.9359 -0.3018
vn -0.1019 0.5301 -0.8418
vn -0.1623 0.9395 -0.3018
vn -0.0309 0.3429 -0.9389
vn -0.0927 0.5318 -0.8418
vn -0.6673 0.6811 -0.3014
vn -0.2463 0.2991 -0.9219
vn -0.2705 0.2778 -0.9218
vn -0.5804 0.7566 -0.3014
vn -0.2087 0.3264 -0.9219
vn -0.2353 0.3083 -0.9217
vn -0.3823 0.8734 -0.3017
vn -0.1191 0.3489 -0.9296
vn -0.1456 0.3353 -0.9308
vn -0.1920 0.3365 -0.9219
vn -0.4001 0.8654 -0.3017
vn -0.1545 0.3314 -0.9308
vn -0.9400 -0.1622 -0.3003
vn -0.3865 -0.0328 -0.9217
vn -0.3828 -0.0649 -0.9216
vn -0.9526 -0.0479 -0.3003
vn -0.3876 0.0137 -0.9217
vn -0.3878 -0.0185 -0.9216
vn -0.9074 0.2931 -0.3011
vn -0.3572 0.1505 -0.9218
vn -0.3687 0.1204 -0.9217
vn -0.9363 0.1814 -0.3008
vn -0.3729 0.1061 -0.9218
vn -0.3807 0.0748 -0.9217
vn -0.9514 0.0673 -0.3004
vn -0.3831 0.0607 -0.9217
vn -0.3871 0.0286 -0.9216
vn -0.7446 0.5957 -0.3013
vn -0.2808 0.2670 -0.9219
vn -0.3024 0.2430 -0.9217
vn -0.8655 0.4003 -0.3010
vn -0.3366 0.1922 -0.9218
vn -0.3518 0.1636 -0.9217
vn -0.8109 0.5017 -0.3011
vn -0.3108 0.2316 -0.9218
vn -0.3292 0.2051 -0.9217
vn -0.9135 -0.2745 -0.3004
vn -0.3794 -0.0795 -0.9218
vn -0.3719 -0.1108 -0.9216
vn -0.7571 -0.5806 -0.2994
vn -0.3271 -0.2088 -0.9216
vn -0.3088 -0.2353 -0.9216
vn -0.8215 -0.4852 -0.2995
vn -0.3497 -0.1680 -0.9217
vn -0.3349 -0.1967 -0.9215
vn -0.8739 -0.3826 -0.2999
vn -0.3675 -0.1243 -0.9217
vn -0.3562 -0.1546 -0.9215
vn -0.6810 -0.6679 -0.3001
vn -0.2992 -0.2467 -0.9217
vn -0.2776 -0.2711 -0.9217
vn 0.4983 -0.8136 -0.2995
vn 0.2284 -0.3136 -0.9217
vn 0.5862 -0.7526 -0.3000
vn 0.7542 -0.5841 -0.3001
vn 0.3244 -0.2123 -0.9218
vn 0.8148 -0.4958 -0.3004
vn 0.6784 -0.6707 -0.2998
vn 0.2968 -0.2499 -0.9216
vn 0.7492 -0.5904 -0.3002
vn 0.5926 -0.7477 -0.2997
vn 0.2642 -0.2839 -0.9217
vn 0.6725 -0.6765 -0.3002
vn 0.9391 -0.1666 -0.3005
vn 0.5345 -0.0429 -0.8441
vn 0.9518 -0.0603 -0.3009
vn 0.9122 -0.2785 -0.3004
vn 0.3588 -0.0800 -0.9300
vn 0.9376 -0.1746 -0.3007
vn 0.8192 -0.4888 -0.3000
vn 0.3478 -0.1715 -0.9218
vn 0.8687 -0.3940 -0.3004
vn 0.8721 -0.3866 -0.3000
vn 0.3438 -0.1220 -0.9311
vn 0.9097 -0.2864 -0.3007
vn 0.7470 0.5923 -0.3019
vn 0.2833 0.2641 -0.9219
vn 0.6759 0.6721 -0.3022
vn 0.9088 0.2888 -0.3012
vn 0.3418 0.1383 -0.9296
vn 0.8706 0.3887 -0.3017
vn 0.8672 0.3964 -0.3014
vn 0.3195 0.1768 -0.9309
vn 0.8173 0.4908 -0.3019
vn 0.8131 0.4978 -0.3017
vn 0.3131 0.2278 -0.9220
vn 0.7521 0.5856 -0.3023
vn 0.9523 -0.0521 -0.3006
vn 0.3436 0.0063 -0.9391
vn 0.9520 0.0548 -0.3011
vn 0.9370 0.1773 -0.3011
vn 0.5182 0.1507 -0.8419
vn 0.9111 0.2811 -0.3016
vn 0.9516 0.0629 -0.3007
vn 0.3409 0.0476 -0.9389
vn 0.9384 0.1691 -0.3014
vn 0.3965 -0.8678 -0.2994
vn 0.1887 -0.3390 -0.9217
vn 0.4912 -0.8179 -0.2998
vn 0.2891 -0.9093 -0.2993
vn 0.1372 -0.3391 -0.9307
vn 0.3891 -0.8711 -0.2996
vn -0.0077 -0.3645 -0.9312
vn 0.0521 -0.9523 -0.3008
vn -0.0544 -0.9523 -0.3003
vn 0.0362 -0.3660 -0.9299
vn 0.1662 -0.9393 -0.3000
vn 0.0603 -0.9517 -0.3010
vn 0.1769 -0.9374 -0.3000
vn 0.0962 -0.3564 -0.9294
vn 0.2812 -0.9117 -0.2997
vn -0.1782 -0.3215 -0.9300
vn -0.3966 -0.8678 -0.2993
vn -0.4915 -0.8174 -0.3004
vn -0.2107 -0.4940 -0.8435
vn -0.2890 -0.9094 -0.2993
vn -0.3890 -0.8711 -0.2997
vn -0.0514 -0.3603 -0.9314
vn -0.0626 -0.9519 -0.3001
vn -0.1692 -0.9389 -0.2996
vn -0.2788 -0.9126 -0.2992
vn -0.0796 -0.3552 -0.9314
vn -0.1747 -0.9379 -0.2996
vn -0.2136 -0.2955 -0.9312
vn -0.4985 -0.8133 -0.3001
vn -0.5859 -0.7523 -0.3014
vn -0.2642 -0.2839 -0.9218
vn -0.5924 -0.7473 -0.3009
vn -0.6721 -0.6767 -0.3006
vn 0.0290 0.0451 0.9986
vn 0.5731 0.8193 0.0181
vn 0.5007 0.8656 -0.0086
vn 0.0251 0.0471 0.9986
vn 0.4993 0.8664 -0.0084
vn 0.4289 0.9033 -0.0084
vn 0.0208 0.0492 0.9986
vn 0.3522 0.9359 -0.0100
vn 0.0209 0.0493 0.9986
vn 0.0169 0.0509 0.9986
vn 0.2674 0.9608 0.0733
vn 0.0169 0.0510 0.9986
vn 0.0128 0.0522 0.9986
vn 0.1931 0.9810 0.0214
vn 0.0127 0.0520 0.9986
vn 0.0085 0.0530 0.9986
vn 0.1300 0.9914 0.0180
vn 0.0047 0.0534 0.9986
vn 0.1266 0.9918 0.0181
vn 0.0406 0.9991 -0.0085
vn 0.0381 0.9992 -0.0085
vn 0.0001 0.0536 0.9986
vn 0.0002 0.0536 0.9986
vn -0.0044 0.0534 0.9986
vn -0.1308 0.9887 0.0733
vn -0.0045 0.0534 0.9986
vn -0.0087 0.0529 0.9986
vn -0.1974 0.9794 0.0431
vn -0.0129 0.0520 0.9986
vn -0.2628 0.9621 0.0731
vn -0.0130 0.0521 0.9986
vn -0.0167 0.0510 0.9986
vn -0.2661 0.9612 0.0732
vn -0.3499 0.9367 -0.0101
vn -0.3523 0.9358 -0.0099
vn -0.0209 0.0492 0.9986
vn -0.0209 0.0493 0.9986
vn -0.4309 0.9024 -0.0085
vn -0.0247 0.0474 0.9986
vn -0.0286 0.0451 0.9986
vn -0.5703 0.8214 -0.0101
vn -0.0287 0.0451 0.9986
vn -0.0322 0.0427 0.9986
vn -0.6388 0.7659 0.0732
vn -0.0324 0.0429 0.9986
vn -0.0357 0.0402 0.9986
vn -0.6977 0.7161 0.0213
vn -0.0356 0.0400 0.9986
vn -0.7009 0.7129 0.0212
vn -0.0386 0.0372 0.9986
vn -0.7452 0.6666 0.0181
vn -0.0414 0.0339 0.9986
vn -0.0414 0.0340 0.9986
vn -0.8007 0.5990 -0.0087
vn -0.0440 0.0305 0.9986
vn -0.0441 0.0306 0.9986
vn -0.0463 0.0266 0.9986
vn -0.8867 0.4623 -0.0103
vn -0.0464 0.0267 0.9986
vn -0.0484 0.0229 0.9986
vn -0.9215 0.3813 0.0731
vn -0.0486 0.0229 0.9986
vn -0.9233 0.3770 0.0732
vn -0.0501 0.0191 0.9986
vn -0.0501 0.0192 0.9986
vn -0.9520 0.3052 0.0214
vn -0.0513 0.0150 0.9986
vn -0.0514 0.0150 0.9986
vn -0.0525 0.0106 0.9986
vn -0.9866 0.1628 -0.0085
vn -0.0532 0.0064 0.9986
vn -0.9965 0.0834 -0.0085
vn -0.0531 0.0063 0.9986
vn -0.0532 0.0021 0.9986
vn -0.9999 -0.0027 -0.0100
vn -0.0533 0.0020 0.9986
vn -0.0535 -0.0023 0.9986
vn -0.9932 -0.0907 0.0733
vn -0.0537 -0.0023 0.9986
vn -0.9927 -0.0954 0.0733
vn -0.0533 -0.0064 0.9986
vn -0.0533 -0.0063 0.9986
vn -0.0525 -0.0104 0.9986
vn -0.9851 -0.1708 0.0213
vn -0.9705 -0.2389 0.0332
vn -0.0515 -0.0151 0.9986
vn -0.9493 -0.3144 -0.0085
vn -0.0514 -0.0150 0.9986
vn -0.9478 -0.3186 -0.0086
vn -0.0501 -0.0189 0.9986
vn -0.0502 -0.0189 0.9986
vn -0.0482 -0.0230 0.9986
vn -0.8841 -0.4671 -0.0102
vn -0.0483 -0.0230 0.9986
vn -0.0463 -0.0269 0.9986
vn -0.8373 -0.5419 0.0731
vn -0.0465 -0.0270 0.9986
vn -0.0444 -0.0302 0.9986
vn -0.8354 -0.5447 0.0730
vn -0.7937 -0.6080 0.0212
vn -0.0418 -0.0336 0.9986
vn -0.7930 -0.6088 0.0211
vn -0.7534 -0.6573 0.0180
vn -0.0385 -0.0372 0.9986
vn -0.6944 -0.7195 -0.0085
vn -0.0358 -0.0399 0.9986
vn -0.6922 -0.7217 -0.0085
vn -0.6329 -0.7742 -0.0085
vn -0.6307 -0.7760 -0.0084
vn -0.0322 -0.0427 0.9986
vn -0.0323 -0.0427 0.9986
vn -0.0290 -0.0452 0.9986
vn -0.5549 -0.8287 0.0732
vn -0.4998 -0.8651 0.0431
vn -0.0252 -0.0473 0.9986
vn -0.4987 -0.8657 0.0431
vn -0.4205 -0.9070 0.0213
vn -0.0214 -0.0492 0.9986
vn -0.4193 -0.9076 0.0212
vn -0.3615 -0.9322 0.0181
vn -0.0169 -0.0508 0.9986
vn -0.2804 -0.9599 -0.0084
vn -0.0168 -0.0509 0.9986
vn -0.0131 -0.0518 0.9986
vn -0.2773 -0.9608 -0.0084
vn -0.2003 -0.9797 -0.0084
vn -0.0085 -0.0527 0.9986
vn -0.1179 -0.9930 -0.0102
vn -0.0085 -0.0528 0.9986
vn -0.0042 -0.0533 0.9986
vn -0.0299 -0.9969 0.0733
vn -0.0042 -0.0535 0.9986
vn 0.0001 -0.0537 0.9986
vn 0.0473 -0.9987 0.0213
vn 0.0001 -0.0536 0.9986
vn 0.0044 -0.0534 0.9986
vn 0.1111 -0.9936 0.0181
vn 0.0045 -0.0534 0.9986
vn 0.0087 -0.0529 0.9986
vn 0.1978 -0.9802 -0.0084
vn 0.0088 -0.0529 0.9986
vn 0.0124 -0.0520 0.9986
vn 0.2009 -0.9796 -0.0084
vn 0.2779 -0.9606 -0.0085
vn 0.0170 -0.0506 0.9986
vn 0.3569 -0.9341 -0.0100
vn 0.0171 -0.0507 0.9986
vn 0.0211 -0.0492 0.9986
vn 0.4370 -0.8965 0.0732
vn 0.0212 -0.0494 0.9986
vn 0.0251 -0.0476 0.9986
vn 0.5060 -0.8623 0.0211
vn 0.0251 -0.0474 0.9986
vn 0.0287 -0.0453 0.9986
vn 0.5601 -0.8283 0.0180
vn 0.0288 -0.0453 0.9986
vn 0.0319 -0.0430 0.9986
vn 0.5628 -0.8264 0.0181
vn 0.6323 -0.7747 -0.0085
vn 0.0353 -0.0403 0.9986
vn 0.6331 -0.7741 -0.0084
vn 0.6926 -0.7213 -0.0084
vn 0.0388 -0.0371 0.9986
vn 0.7535 -0.6534 0.0732
vn 0.0388 -0.0370 0.9986
vn 0.0417 -0.0338 0.9986
vn 0.7973 -0.6021 0.0431
vn 0.0442 -0.0303 0.9986
vn 0.8486 -0.5285 0.0214
vn 0.0441 -0.0303 0.9986
vn 0.8511 -0.5246 0.0213
vn 0.0463 -0.0269 0.9986
vn 0.8830 -0.4690 0.0181
vn 0.0483 -0.0231 0.9986
vn 0.0484 -0.0232 0.9986
vn 0.0500 -0.0188 0.9986
vn 0.9478 -0.3187 -0.0083
vn 0.0499 -0.0187 0.9986
vn 0.0514 -0.0148 0.9986
vn 0.9715 -0.2367 -0.0103
vn 0.0515 -0.0148 0.9986
vn 0.0524 -0.0106 0.9986
vn 0.9860 -0.1498 0.0733
vn 0.0525 -0.0106 0.9986
vn 0.0533 -0.0064 0.9986
vn 0.9971 -0.0735 0.0213
vn 0.0535 -0.0021 0.9986
vn 0.9998 -0.0095 0.0183
vn 0.0535 -0.0020 0.9986
vn 0.0535 0.0023 0.9986
vn 0.9969 0.0783 -0.0084
vn 0.9965 0.0828 -0.0086
vn 0.0533 0.0064 0.9986
vn 0.0533 0.0063 0.9986
vn 0.9866 0.1627 -0.0085
vn 0.0526 0.0106 0.9986
vn 0.0525 0.0106 0.9986
vn 0.0515 0.0145 0.9986
vn 0.9696 0.2400 0.0483
vn 0.9506 0.3092 0.0264
vn 0.9498 0.3117 0.0264
vn 0.0501 0.0189 0.9986
vn 0.0502 0.0188 0.9986
vn 0.0484 0.0231 0.9986
vn 0.8897 0.4562 0.0181
vn 0.0484 0.0232 0.9986
vn 0.0463 0.0269 0.9986
vn 0.8463 0.5326 -0.0084
vn 0.0444 0.0302 0.9986
vn 0.8446 0.5353 -0.0086
vn 0.7995 0.6005 -0.0086
vn 0.0417 0.0336 0.9986
vn 0.7989 0.6014 -0.0084
vn 0.7381 0.6707 0.0734
vn 0.0390 0.0369 0.9986
vn 0.7372 0.6717 0.0731
vn 0.6923 0.7203 0.0431
vn 0.0354 0.0402 0.9986
vn 0.6267 0.7789 0.0213
vn 0.0355 0.0402 0.9986
vn 0.0322 0.0429 0.9986
vn 0.5756 0.8175 0.0180
vn 0.0321 0.0430 0.9986
vn -0.1611 -0.2370 0.9580
vn -0.0256 -0.0413 0.9988
vn -0.1451 -0.2473 0.9580
vn 0.9483 0.3076 0.0779
vn 0.9662 0.2381 0.0992
vn -0.9479 -0.3156 0.0433
vn -0.0230 -0.0428 0.9988
vn -0.1247 -0.2582 0.9580
vn -0.1416 -0.2492 0.9580
vn -0.0196 -0.0447 0.9988
vn -0.1035 -0.2674 0.9580
vn -0.1211 -0.2600 0.9580
vn -0.0159 -0.0460 0.9988
vn -0.0817 -0.2748 0.9580
vn -0.0998 -0.2688 0.9580
vn -0.0121 -0.0470 0.9988
vn -0.0593 -0.2805 0.9580
vn -0.0778 -0.2760 0.9580
vn -0.0554 -0.2813 0.9580
vn -0.0074 -0.0480 0.9988
vn -0.0365 -0.2843 0.9580
vn -0.0326 -0.2848 0.9580
vn -0.0034 -0.0485 0.9988
vn -0.0135 -0.2864 0.9580
vn 0.0001 -0.0486 0.9988
vn -0.0096 -0.2865 0.9580
vn 0.0034 -0.0485 0.9988
vn 0.0326 -0.2848 0.9580
vn 0.0136 -0.2863 0.9580
vn 0.0073 -0.0481 0.9988
vn 0.0554 -0.2812 0.9580
vn 0.0365 -0.2843 0.9580
vn 0.0593 -0.2805 0.9580
vn 0.0121 -0.0470 0.9988
vn 0.0778 -0.2760 0.9580
vn 0.0817 -0.2748 0.9580
vn 0.0158 -0.0460 0.9988
vn 0.0998 -0.2688 0.9580
vn 0.1035 -0.2674 0.9580
vn 0.0195 -0.0447 0.9988
vn 0.1211 -0.2599 0.9580
vn 0.1247 -0.2582 0.9580
vn 0.0231 -0.0430 0.9988
vn 0.1416 -0.2493 0.9580
vn 0.1451 -0.2473 0.9580
vn 0.0264 -0.0409 0.9988
vn 0.1612 -0.2371 0.9580
vn 0.1645 -0.2348 0.9580
vn 0.0295 -0.0384 0.9988
vn 0.1797 -0.2233 0.9580
vn 0.0318 -0.0366 0.9988
vn 0.1971 -0.2081 0.9580
vn 0.1829 -0.2208 0.9580
vn 0.0347 -0.0340 0.9988
vn 0.2132 -0.1915 0.9581
vn 0.1999 -0.2053 0.9581
vn 0.0374 -0.0312 0.9988
vn 0.2280 -0.1739 0.9580
vn 0.2159 -0.1886 0.9580
vn 0.2304 -0.1706 0.9580
vn 0.0405 -0.0274 0.9988
vn 0.2413 -0.1549 0.9580
vn 0.2434 -0.1516 0.9580
vn 0.0424 -0.0239 0.9988
vn 0.2529 -0.1349 0.9580
vn 0.0437 -0.0212 0.9988
vn 0.2628 -0.1141 0.9581
vn 0.2547 -0.1314 0.9581
vn 0.2645 -0.1105 0.9580
vn 0.0456 -0.0168 0.9988
vn 0.2713 -0.0926 0.9580
vn 0.0465 -0.0139 0.9988
vn 0.2778 -0.0705 0.9581
vn 0.2725 -0.0889 0.9581
vn 0.2788 -0.0667 0.9580
vn 0.0478 -0.0092 0.9988
vn 0.2826 -0.0479 0.9581
vn 0.0483 -0.0063 0.9988
vn 0.2857 -0.0251 0.9580
vn 0.2832 -0.0440 0.9580
vn 0.2859 -0.0211 0.9580
vn 0.0486 -0.0015 0.9988
vn 0.2868 -0.0020 0.9580
vn 0.2868 0.0020 0.9580
vn 0.0484 0.0024 0.9988
vn 0.2859 0.0211 0.9580
vn 0.2856 0.0251 0.9580
vn 0.0481 0.0063 0.9988
vn 0.2831 0.0440 0.9581
vn 0.0478 0.0093 0.9988
vn 0.2789 0.0667 0.9580
vn 0.2827 0.0479 0.9580
vn 0.2777 0.0705 0.9581
vn 0.0465 0.0140 0.9988
vn 0.2725 0.0889 0.9580
vn 0.0456 0.0168 0.9988
vn 0.2645 0.1104 0.9581
vn 0.2713 0.0926 0.9580
vn 0.2629 0.1141 0.9581
vn 0.0437 0.0213 0.9988
vn 0.2547 0.1314 0.9581
vn 0.0424 0.0239 0.9988
vn 0.2435 0.1516 0.9580
vn 0.2529 0.1349 0.9580
vn 0.0402 0.0272 0.9988
vn 0.2304 0.1707 0.9580
vn 0.2413 0.1550 0.9580
vn 0.2280 0.1738 0.9580
vn 0.0374 0.0312 0.9988
vn 0.2158 0.1886 0.9580
vn 0.2132 0.1915 0.9581
vn 0.0347 0.0340 0.9988
vn 0.1999 0.2053 0.9581
vn 0.1971 0.2081 0.9580
vn 0.0319 0.0367 0.9988
vn 0.1829 0.2208 0.9580
vn 0.0296 0.0386 0.9988
vn 0.1645 0.2348 0.9580
vn 0.1798 0.2233 0.9580
vn 0.0264 0.0409 0.9988
vn 0.1451 0.2472 0.9580
vn 0.1612 0.2371 0.9580
vn 0.0231 0.0429 0.9988
vn 0.1248 0.2582 0.9580
vn 0.1416 0.2493 0.9580
vn 0.0195 0.0445 0.9988
vn 0.1036 0.2674 0.9580
vn 0.1211 0.2599 0.9580
vn 0.0158 0.0460 0.9988
vn 0.0816 0.2748 0.9580
vn 0.0998 0.2688 0.9580
vn 0.0121 0.0471 0.9988
vn 0.0593 0.2805 0.9580
vn 0.0778 0.2760 0.9580
vn 0.0554 0.2813 0.9580
vn 0.0073 0.0482 0.9988
vn 0.0365 0.2844 0.9580
vn 0.0326 0.2849 0.9580
vn 0.0034 0.0485 0.9988
vn 0.0135 0.2865 0.9580
vn 0.0004 0.0485 0.9988
vn -0.0095 0.2866 0.9580
vn 0.0096 0.2866 0.9580
vn -0.0034 0.0486 0.9988
vn -0.0326 0.2849 0.9580
vn -0.0136 0.2865 0.9580
vn -0.0073 0.0481 0.9988
vn -0.0554 0.2813 0.9580
vn -0.0365 0.2844 0.9580
vn -0.0593 0.2805 0.9580
vn -0.0122 0.0473 0.9988
vn -0.0778 0.2760 0.9580
vn -0.0817 0.2748 0.9580
vn -0.0159 0.0460 0.9988
vn -0.0998 0.2688 0.9580
vn -0.1035 0.2674 0.9580
vn -0.0195 0.0445 0.9988
vn -0.1211 0.2600 0.9580
vn -0.1247 0.2582 0.9580
vn -0.0230 0.0429 0.9988
vn -0.1416 0.2493 0.9580
vn -0.0256 0.0413 0.9988
vn -0.1612 0.2370 0.9580
vn -0.1450 0.2473 0.9580
vn -0.0288 0.0391 0.9988
vn -0.1797 0.2233 0.9580
vn -0.1644 0.2348 0.9580
vn -0.0324 0.0364 0.9988
vn -0.1828 0.2209 0.9580
vn -0.0323 0.0364 0.9988
vn -0.0348 0.0340 0.9988
vn -0.2133 0.1915 0.9580
vn -0.2000 0.2054 0.9580
vn -0.0374 0.0312 0.9988
vn -0.2280 0.1738 0.9580
vn -0.2159 0.1886 0.9580
vn -0.0397 0.0280 0.9988
vn -0.2412 0.1550 0.9580
vn -0.2303 0.1706 0.9580
vn -0.2434 0.1516 0.9580
vn -0.0424 0.0239 0.9988
vn -0.2530 0.1350 0.9580
vn -0.2548 0.1314 0.9580
vn -0.0442 0.0204 0.9988
vn -0.2630 0.1142 0.9580
vn -0.2645 0.1105 0.9580
vn -0.0458 0.0168 0.9988
vn -0.2712 0.0926 0.9580
vn -0.0467 0.0140 0.9988
vn -0.2779 0.0705 0.9580
vn -0.2725 0.0889 0.9580
vn -0.0474 0.0096 0.9988
vn -0.2788 0.0667 0.9580
vn -0.0476 0.0097 0.9988
vn -0.2834 0.0440 0.9580
vn -0.0482 0.0054 0.9988
vn -0.2855 0.0251 0.9580
vn -0.0486 0.0024 0.9988
vn -0.2867 0.0020 0.9580
vn -0.2860 0.0211 0.9580
vn -0.2866 -0.0020 0.9581
vn -0.0486 -0.0024 0.9988
vn -0.2859 -0.0211 0.9580
vn -0.0484 -0.0054 0.9988
vn -0.2834 -0.0440 0.9580
vn -0.2856 -0.0251 0.9580
vn -0.2827 -0.0479 0.9580
vn -0.0475 -0.0102 0.9988
vn -0.2788 -0.0667 0.9580
vn -0.2779 -0.0706 0.9580
vn -0.0466 -0.0140 0.9988
vn -0.2725 -0.0889 0.9581
vn -0.0457 -0.0169 0.9988
vn -0.2645 -0.1105 0.9580
vn -0.2713 -0.0926 0.9580
vn -0.0442 -0.0204 0.9988
vn -0.2549 -0.1314 0.9580
vn -0.2630 -0.1141 0.9580
vn -0.0423 -0.0239 0.9988
vn -0.2434 -0.1516 0.9580
vn -0.2529 -0.1350 0.9580
vn -0.2413 -0.1550 0.9580
vn -0.0397 -0.0280 0.9988
vn -0.2303 -0.1706 0.9580
vn -0.2280 -0.1738 0.9580
vn -0.0374 -0.0311 0.9988
vn -0.2159 -0.1886 0.9580
vn -0.2132 -0.1916 0.9580
vn -0.0348 -0.0340 0.9988
vn -0.2000 -0.2054 0.9580
vn -0.0327 -0.0361 0.9988
vn -0.1829 -0.2208 0.9580
vn -0.1972 -0.2081 0.9580
vn -0.1797 -0.2233 0.9580
vn -0.0288 -0.0392 0.9988
vn -0.1644 -0.2347 0.9581
vn 0.8820 0.3086 -0.3562
vn 0.8485 -0.5291 0.0045
vn 0.7882 -0.6154 0.0015
vn 0.9084 -0.4097 -0.0839
vn 0.7307 -0.6082 0.3101
vn 0.9502 -0.0292 0.3104
vn 0.9575 -0.0655 0.2808
vn 0.5649 0.7656 0.3078
vn 0.5989 0.7508 0.2787
vn 0.9142 0.2941 0.2789
vn 0.9972 -0.0743 0.0045
vn 0.9830 -0.1838 0.0014
vn 0.9946 0.0600 -0.0843
vn -0.1890 0.9820 -0.0020
vn -0.8649 0.3544 -0.3555
vn -0.3004 0.9538 0.0038
vn -0.1819 0.9833 0.0018
vn -0.3411 0.9384 -0.0561
vn -0.6918 0.6532 0.3079
vn -0.6730 0.6850 0.2791
vn -0.1814 0.9429 0.2795
vn -0.9305 -0.1985 0.3077
vn -0.9461 -0.1648 0.2788
vn -0.8792 0.3862 0.2789
vn -0.6972 0.7168 0.0045
vn -0.6142 0.7892 0.0014
vn -0.7856 0.6130 -0.0846
vn -0.7706 0.6373 0.0070
vn -0.7750 0.6319 0.0023
vn -0.8656 0.5007 0.0025
vn 0.5155 -0.7999 0.3074
vn 0.4895 -0.8264 0.2785
vn -0.0495 -0.9591 0.2788
vn -0.1587 -0.9872 0.0130
vn -0.3237 -0.9462 0.0050
vn -0.3175 -0.9483 0.0008
vn -0.9984 -0.0121 -0.0560
vn -0.9860 -0.1669 0.0038
vn -0.9983 -0.0574 0.0044
vn -0.4555 -0.8159 -0.3561
vn -0.7954 -0.6060 0.0045
vn -0.8574 -0.5146 0.0014
vn -0.7020 -0.7070 -0.0853
vn -0.3651 -0.8785 0.3080
vn -0.4018 -0.8722 0.2791
vn -0.8172 -0.5041 0.2793
vn 0.6997 0.7145 -0.0054
vn 0.7569 0.5066 -0.4128
vn 0.7008 0.7134 -0.0019
vn 0.6257 0.7800 0.0027
vn 0.2876 0.9577 -0.0053
vn -0.0127 0.9106 -0.4131
vn 0.1814 0.9432 0.2783
vn 0.6732 0.6852 0.2783
vn 0.6919 0.6535 0.3071
vn 0.3885 0.9215 -0.0031
vn 0.6618 0.6635 0.3489
vn 0.1664 0.9236 0.3453
vn 0.7605 0.5683 -0.3142
vn 0.7622 0.5638 -0.3181
vn 0.0305 0.9465 -0.3211
vn 0.6469 0.6456 0.4059
vn 0.0191 0.9244 -0.3809
vn 0.7723 0.5289 -0.3520
vn 0.3905 0.9205 0.0138
vn 0.5409 0.8410 0.0059
vn 0.5355 0.8446 0.0006
vn 0.4345 0.8003 -0.4131
vn 0.1940 0.9810 -0.0000
vn 0.0842 0.9964 -0.0051
vn -0.0844 0.9964 -0.0015
vn 0.2934 0.8951 0.3356
vn -0.4090 0.8574 -0.3123
vn 0.4092 0.8563 -0.3151
vn 0.4128 0.8532 -0.3189
vn -0.2738 0.8721 0.4055
vn 0.3097 0.8721 0.3787
vn -0.4180 0.8274 -0.3750
vn 0.4198 -0.9076 -0.0055
vn 0.2055 -0.8873 -0.4128
vn 0.4186 -0.9082 -0.0014
vn 0.5075 -0.8617 0.0026
vn 0.7935 -0.6085 -0.0054
vn 0.8554 -0.3114 -0.4139
vn 0.4008 -0.8721 0.2807
vn 0.3642 -0.8781 0.3103
vn 0.8278 -0.4679 0.3095
vn 0.7238 -0.6900 -0.0030
vn 0.3859 -0.8541 0.3488
vn 0.8046 -0.4831 0.3453
vn 0.2563 -0.9119 -0.3207
vn 0.8750 -0.3654 -0.3175
vn 0.8745 -0.3699 -0.3137
vn 0.3741 -0.8336 0.4064
vn 0.8576 -0.3458 -0.3807
vn 0.2210 -0.9097 -0.3515
vn 0.7946 -0.6072 0.0036
vn 0.5957 -0.8032 0.0068
vn 0.6012 -0.7991 0.0029
vn 0.7206 -0.6933 0.0030
vn 0.9854 -0.1701 -0.0051
vn 0.9028 0.1228 -0.4122
vn 0.5942 -0.6897 -0.4138
vn 0.7884 -0.6152 -0.0020
vn 0.8488 -0.5288 0.0032
vn 0.8500 -0.5268 0.0023
vn 0.9018 -0.4320 -0.0050
vn 0.9616 -0.2744 -0.0015
vn 0.7327 -0.5919 0.3359
vn 0.6560 -0.6863 -0.3141
vn 0.6517 -0.6885 -0.3181
vn 0.9432 0.0842 -0.3213
vn 0.6254 -0.6843 -0.3750
vn 0.9253 -0.0198 0.3788
vn 0.7182 -0.5654 0.4056
vn 0.8497 -0.5272 0.0026
vn 0.9007 -0.4343 0.0069
vn 0.9037 -0.4281 0.0030
vn 0.9603 -0.2789 0.0031
vn 0.7993 0.5994 0.0418
vn 0.4119 0.8125 -0.4125
vn 0.6256 0.7802 0.0015
vn 0.6991 0.7150 0.0013
vn 0.7059 0.7083 0.0022
vn 0.7058 0.7084 0.0027
vn 0.5814 0.8114 -0.0600
vn 0.7367 0.6735 -0.0599
vn 0.6984 0.7157 0.0036
vn 0.9516 0.3074 -0.0053
vn 0.9055 0.0971 -0.4132
vn 0.8678 0.4968 -0.0053
vn 0.7721 0.6355 -0.0013
vn 0.9034 0.2674 0.3352
vn 0.4733 0.8237 -0.3122
vn 0.9371 0.1496 -0.3154
vn 0.9366 0.1450 -0.3191
vn 0.5622 0.7207 0.4055
vn 0.8937 0.2411 0.3784
vn 0.4435 0.8140 -0.3751
vn 0.9166 0.3999 0.0026
vn 0.8656 0.5007 0.0024
vn 0.7751 0.6318 0.0022
vn 0.7706 0.6372 0.0070
vn 0.8469 -0.3346 -0.4133
vn 0.9830 -0.1836 -0.0024
vn 0.9973 -0.0739 0.0034
vn 0.9974 -0.0716 0.0023
vn 0.9974 -0.0719 0.0027
vn 0.9520 0.3061 0.0024
vn 0.7422 0.5280 -0.4127
vn 0.9164 0.4002 0.0014
vn 0.9480 0.3183 0.0011
vn 0.9520 0.3059 0.0025
vn 0.9520 0.3061 0.0032
vn 0.8920 0.4480 -0.0601
vn 0.9655 0.2534 -0.0601
vn 0.8791 0.3863 0.2794
vn 0.9460 -0.1650 0.2789
vn 0.9305 -0.1987 0.3078
vn 0.8535 0.3992 0.3348
vn 0.9993 0.0363 -0.0021
vn 0.9790 0.2037 -0.0059
vn 0.8997 -0.3030 -0.3144
vn 0.8970 -0.3070 -0.3181
vn 0.7962 0.5126 -0.3213
vn 0.8987 -0.1658 0.4060
vn 0.7716 0.5094 -0.3810
vn 0.8741 -0.3350 -0.3518
vn 0.9479 0.3187 0.0030
vn 0.9994 0.0339 0.0073
vn 0.9992 0.0408 0.0030
vn 0.9799 0.1993 0.0032
vn -0.1904 0.9817 -0.0053
vn -0.4343 0.8003 -0.4133
vn -0.3093 0.8999 0.3076
vn -0.2777 0.9194 0.2786
vn 0.2777 0.9193 0.2789
vn -0.1922 0.9813 0.0036
vn -0.4994 0.8653 0.0426
vn -0.6249 0.7807 -0.0053
vn -0.7569 0.5069 -0.4125
vn -0.6238 0.7816 -0.0019
vn 0.0126 0.9105 -0.4134
vn -0.2868 0.9580 0.0014
vn -0.1913 0.9815 0.0013
vn -0.1818 0.9833 0.0022
vn -0.3885 0.9214 -0.0051
vn -0.5377 0.8431 -0.0014
vn -0.1562 0.9290 0.3355
vn -0.7606 0.5690 -0.3127
vn -0.0356 0.9482 -0.3156
vn -0.0309 0.9471 -0.3193
vn -0.6477 0.6453 0.4050
vn -0.1312 0.9162 0.3787
vn -0.7546 0.5383 -0.3751
vn -0.3927 0.9197 0.0025
vn -0.5339 0.8455 0.0024
vn -0.5398 0.8418 0.0072
vn -0.9975 -0.0706 -0.0054
vn -0.8470 -0.3345 -0.4131
vn -0.9161 0.4009 -0.0055
vn -0.7424 0.5279 -0.4125
vn -0.9155 0.4022 -0.0018
vn -0.8548 0.3876 0.3450
vn -0.9221 -0.1676 0.3487
vn -0.9790 0.2037 -0.0031
vn -0.9006 -0.3025 -0.3122
vn -0.8008 0.5092 -0.3152
vn -0.7973 0.5124 -0.3190
vn -0.8738 -0.3346 -0.3530
vn -0.7711 0.5089 -0.3826
vn -0.8994 -0.1660 0.4045
vn -0.9513 0.3082 0.0027
vn -0.9800 0.1991 0.0029
vn -0.9992 0.0409 0.0028
vn -0.9994 0.0340 0.0070
vn -0.4119 0.8125 -0.4126
vn -0.6974 0.7167 0.0029
vn -0.6992 0.7150 0.0013
vn -0.6254 0.7803 0.0015
vn -0.6989 0.7152 0.0026
vn -0.9050 0.0971 -0.4141
vn -0.9506 0.3103 0.0028
vn -0.9514 0.3080 0.0013
vn -0.9164 0.4003 0.0015
vn -0.9106 0.4133 0.0024
vn -0.9787 0.1837 -0.0916
vn -0.8911 0.4498 -0.0598
vn -0.9142 0.2938 0.2793
vn -0.5987 0.7508 0.2791
vn -0.5646 0.7657 0.3081
vn -0.8679 0.4967 -0.0034
vn -0.5788 0.7370 0.3489
vn -0.8968 0.2766 0.3453
vn -0.4726 0.8233 -0.3143
vn -0.4678 0.8245 -0.3183
vn -0.9359 0.1442 -0.3215
vn -0.5627 0.7199 0.4064
vn -0.9154 0.1301 -0.3810
vn -0.4322 0.8303 -0.3519
vn 0.4079 -0.9130 0.0023
vn 0.6133 -0.6731 -0.4133
vn 0.5057 -0.8627 0.0028
vn 0.5077 -0.8615 0.0013
vn 0.4205 -0.9073 0.0015
vn 0.3683 -0.9280 -0.0553
vn 0.5056 -0.8627 0.0029
vn 0.4076 -0.9131 0.0039
vn -0.0500 -0.9987 -0.0053
vn -0.2303 -0.8811 -0.4131
vn 0.1567 -0.9876 -0.0051
vn 0.3204 -0.9473 -0.0015
vn -0.0707 -0.9394 0.3354
vn -0.1971 -0.9262 -0.3215
vn 0.6049 -0.7299 -0.3183
vn 0.6021 -0.7339 -0.3145
vn 0.4744 -0.7814 0.4055
vn -0.0920 -0.9209 0.3787
vn 0.6037 -0.7035 -0.3750
vn 0.0489 -0.9988 0.0026
vn 0.1611 -0.9869 0.0032
vn 0.3161 -0.9487 0.0034
vn 0.3226 -0.9465 0.0070
vn -0.5085 -0.8611 -0.0053
vn -0.6133 -0.6731 -0.4133
vn -0.4210 -0.9071 0.0026
vn 0.2301 -0.8811 -0.4133
vn -0.0495 -0.9988 0.0024
vn -0.0639 -0.9980 0.0026
vn 0.0465 -0.9989 -0.0004
vn -0.0637 -0.9980 0.0024
vn 0.1755 -0.9802 -0.0915
vn -0.1037 -0.9928 -0.0595
vn 0.0495 -0.9589 0.2793
vn -0.4895 -0.8261 0.2792
vn -0.5154 -0.7997 0.3080
vn -0.1566 -0.9877 -0.0031
vn -0.4837 -0.8027 0.3489
vn 0.0594 -0.9366 0.3453
vn -0.6021 -0.7339 -0.3145
vn -0.6050 -0.7299 -0.3183
vn 0.1970 -0.9262 -0.3214
vn -0.4733 -0.7816 0.4063
vn 0.2028 -0.9021 -0.3809
vn -0.6231 -0.6987 -0.3515
vn -0.9019 0.1221 -0.4142
vn -0.9983 -0.0577 -0.0027
vn -0.9859 -0.1672 0.0030
vn -0.9877 -0.1561 0.0018
vn -0.9879 -0.1552 0.0026
vn -0.8504 -0.5261 -0.0054
vn -0.5942 -0.6897 -0.4137
vn -0.7612 -0.5856 0.2787
vn -0.9581 -0.0662 0.2785
vn -0.9511 -0.0298 0.3075
vn -0.9018 -0.4322 -0.0032
vn -0.9354 -0.0577 0.3489
vn -0.7371 -0.5810 0.3452
vn -0.6515 -0.6884 -0.3188
vn -0.6556 -0.6862 -0.3152
vn -0.9468 0.0785 -0.3122
vn -0.7187 -0.5651 0.4052
vn -0.9253 -0.0195 0.3788
vn -0.6254 -0.6842 -0.3751
vn -0.9622 -0.2723 0.0067
vn -0.9603 -0.2789 0.0025
vn -0.9038 -0.4280 0.0027
vn -0.6326 -0.7733 0.0418
vn -0.2053 -0.8871 -0.4133
vn -0.4228 -0.9062 0.0027
vn -0.4207 -0.9072 0.0012
vn -0.5076 -0.8616 0.0014
vn -0.5157 -0.8568 0.0028
vn -0.3703 -0.9270 -0.0601
vn -0.5530 -0.8311 -0.0595
vn -0.5068 -0.8621 0.0036
vn -0.8558 -0.3111 -0.4134
vn -0.7953 -0.6062 0.0030
vn -0.7940 -0.6079 0.0014
vn -0.8500 -0.5268 0.0016
vn -0.7238 -0.6900 -0.0052
vn -0.5976 -0.8018 -0.0015
vn -0.8132 -0.4756 0.3354
vn -0.2622 -0.9130 -0.3124
vn -0.8740 -0.3697 -0.3153
vn -0.8747 -0.3650 -0.3189
vn -0.3735 -0.8343 0.4054
vn -0.8102 -0.4474 0.3788
vn -0.2356 -0.8965 -0.3753
vn -0.7941 -0.6077 0.0026
vn -0.7206 -0.6934 0.0030
vn -0.6012 -0.7991 0.0027
vn -0.5956 -0.8033 0.0070
vn -0.0821 0.9965 0.0135
vn 0.0880 0.9961 0.0057
vn 0.0815 0.9967 0.0002
vn 0.4864 0.7794 -0.3949
vn 0.5313 0.8472 -0.0017
vn 0.6243 0.7812 0.0045
vn 0.2673 0.8789 -0.3950
vn 0.1657 0.9040 -0.3942
vn 0.1906 0.9817 0.0029
vn 0.2858 0.8730 -0.3952
vn 0.2877 0.9577 0.0024
vn 0.3951 0.9186 -0.0007
vn 0.3888 0.8319 -0.3958
vn 0.3955 0.9185 -0.0026
vn 0.5310 0.8474 -0.0003
vn 0.0685 0.9160 -0.3953
vn 0.0767 0.9971 -0.0019
vn 0.1897 0.9818 0.0043
vn -0.0422 0.9173 -0.3960
vn 0.0764 0.9971 -0.0004
vn 0.5567 -0.7318 -0.3931
vn 0.6037 -0.7972 -0.0014
vn 0.5090 -0.8608 0.0044
vn 0.7797 -0.4867 -0.3940
vn 0.8505 -0.5260 0.0018
vn 0.7936 -0.6084 0.0032
vn 0.7156 -0.5773 -0.3934
vn 0.7934 -0.6087 0.0024
vn 0.7188 -0.6952 -0.0001
vn 0.6405 -0.6592 -0.3940
vn 0.7186 -0.6955 -0.0020
vn 0.6040 -0.7970 0.0002
vn 0.9163 -0.0686 -0.3946
vn 0.9975 -0.0705 0.0015
vn 0.9855 -0.1698 0.0029
vn 0.9017 -0.1785 -0.3938
vn 0.9854 -0.1701 0.0024
vn 0.9596 -0.2815 -0.0003
vn 0.8328 -0.3892 -0.3936
vn 0.9051 -0.4252 -0.0016
vn 0.8507 -0.5256 0.0042
vn 0.8733 -0.2859 -0.3945
vn 0.9595 -0.2818 -0.0022
vn 0.9052 -0.4250 -0.0000
vn 0.5768 0.7147 -0.3956
vn 0.6247 0.7809 0.0018
vn 0.6996 0.7145 0.0031
vn 0.6588 0.6403 -0.3949
vn 0.6999 0.7142 0.0026
vn 0.7768 0.6297 -0.0004
vn 0.8429 0.3649 -0.3955
vn 0.9160 0.4011 0.0015
vn 0.9515 0.3076 0.0030
vn 0.7929 0.4640 -0.3950
vn 0.8641 0.5033 -0.0019
vn 0.9158 0.4016 0.0043
vn 0.7310 0.5559 -0.3958
vn 0.7770 0.6294 -0.0025
vn 0.8640 0.5035 -0.0003
vn 0.9182 0.0424 -0.3940
vn 0.9990 0.0440 -0.0017
vn 0.9975 -0.0700 0.0044
vn 0.8811 0.2609 -0.3944
vn 0.9516 0.3072 0.0025
vn 0.9805 0.1967 -0.0004
vn 0.9059 0.1526 -0.3950
vn 0.9805 0.1963 -0.0024
vn 0.9990 0.0442 -0.0003
vn -0.1718 0.9025 -0.3950
vn -0.2734 0.8774 -0.3942
vn -0.2875 0.9578 0.0029
vn -0.0618 0.9168 -0.3945
vn -0.1656 0.9042 -0.3936
vn -0.1899 0.9818 0.0039
vn -0.5716 0.7193 -0.3948
vn -0.6499 0.6499 -0.3940
vn -0.6996 0.7145 0.0027
vn -0.4808 0.7831 -0.3944
vn -0.5670 0.7238 -0.3933
vn -0.6244 0.7811 0.0039
vn -0.2794 0.8754 -0.3945
vn -0.3772 0.8383 -0.3936
vn -0.3952 0.9186 -0.0009
vn -0.3828 0.8351 -0.3951
vn -0.4754 0.7866 -0.3941
vn -0.5311 0.8473 -0.0010
vn -0.9171 -0.0618 -0.3938
vn -0.9045 -0.1657 -0.3929
vn -0.9854 -0.1700 0.0029
vn -0.9180 0.0491 -0.3934
vn -0.9181 -0.0554 -0.3925
vn -0.9975 -0.0701 0.0038
vn -0.8405 0.3714 -0.3945
vn -0.8776 0.2736 -0.3938
vn -0.9516 0.3074 0.0028
vn -0.8794 0.2675 -0.3939
vn -0.9046 0.1659 -0.3927
vn -0.9805 0.1965 -0.0006
vn -0.9050 0.1594 -0.3943
vn -0.9178 0.0556 -0.3931
vn -0.9990 0.0443 -0.0008
vn -0.6544 0.6455 -0.3939
vn -0.7238 0.5672 -0.3929
vn -0.7768 0.6297 -0.0006
vn -0.7898 0.4701 -0.3940
vn -0.8385 0.3775 -0.3929
vn -0.9159 0.4015 0.0038
vn -0.7271 0.5616 -0.3948
vn -0.7866 0.4756 -0.3938
vn -0.8640 0.5034 -0.0012
vn 0.4642 -0.7934 -0.3938
vn 0.5086 -0.8610 0.0016
vn 0.4200 -0.9075 0.0030
vn 0.3654 -0.8438 -0.3931
vn 0.4197 -0.9077 0.0022
vn 0.3134 -0.9496 -0.0002
vn 0.0498 -0.9988 0.0034
vn -0.0502 -0.9987 0.0022
vn -0.0420 -0.9183 -0.3938
vn 0.1523 -0.9065 -0.3937
vn 0.1641 -0.9864 -0.0017
vn 0.0507 -0.9987 0.0040
vn 0.2608 -0.8814 -0.3937
vn 0.3131 -0.9497 -0.0021
vn -0.4705 -0.7897 -0.3937
vn -0.3776 -0.8389 -0.3920
vn -0.4199 -0.9076 0.0026
vn -0.3718 -0.8414 -0.3923
vn -0.2739 -0.8786 -0.3913
vn -0.3133 -0.9497 -0.0005
vn -0.0682 -0.9167 -0.3938
vn -0.1638 -0.9865 -0.0002
vn -0.2676 -0.8799 -0.3928
vn -0.1659 -0.9049 -0.3920
vn -0.1643 -0.9864 -0.0006
vn -0.9032 -0.1719 -0.3933
vn -0.8782 -0.2736 -0.3922
vn -0.9595 -0.2816 -0.0005
vn -0.7835 -0.4810 -0.3935
vn -0.7240 -0.5672 -0.3925
vn -0.7936 -0.6084 0.0025
vn -0.8358 -0.3831 -0.3932
vn -0.7873 -0.4759 -0.3920
vn -0.8757 -0.2795 -0.3937
vn -0.8387 -0.3774 -0.3927
vn -0.9051 -0.4252 -0.0006
vn -0.5618 -0.7273 -0.3941
vn -0.4763 -0.7869 -0.3924
vn -0.5089 -0.8608 0.0034
vn -0.7201 -0.5721 -0.3926
vn -0.6502 -0.6507 -0.3924
vn -0.7187 -0.6953 -0.0010
vn -0.6454 -0.6549 -0.3932
vn -0.5672 -0.7238 -0.3930
vn -0.6040 -0.7970 -0.0004
vn 0.1858 -0.4242 -0.8863
vn 0.2449 -0.3852 -0.8898
vn 0.2485 -0.3983 -0.8830
vn -0.4461 0.1458 -0.8830
vn -0.4325 0.1455 -0.8898
vn -0.4562 0.0788 -0.8864
vn 0.0789 -0.4562 -0.8864
vn 0.1456 -0.4325 -0.8898
vn 0.1460 -0.4461 -0.8830
vn -0.3982 0.2484 -0.8830
vn -0.3851 0.2448 -0.8898
vn -0.4241 0.1857 -0.8864
vn -0.0326 -0.4618 -0.8864
vn 0.0380 -0.4548 -0.8898
vn 0.0350 -0.4681 -0.8830
vn -0.3272 0.3366 -0.8830
vn -0.3153 0.3299 -0.8898
vn -0.3673 0.2818 -0.8864
vn -0.1422 -0.4406 -0.8864
vn -0.0720 -0.4507 -0.8898
vn -0.0780 -0.4629 -0.8830
vn -0.2371 0.4052 -0.8830
vn -0.2271 0.3959 -0.8898
vn -0.2892 0.3615 -0.8864
vn -0.2435 -0.3938 -0.8864
vn -0.1778 -0.4204 -0.8898
vn -0.1865 -0.4308 -0.8830
vn -0.1333 0.4501 -0.8830
vn -0.1258 0.4387 -0.8898
vn -0.1942 0.4202 -0.8864
vn -0.3306 -0.3242 -0.8863
vn -0.2732 -0.3656 -0.8898
vn -0.2842 -0.3736 -0.8830
vn -0.0216 0.4689 -0.8830
vn -0.0172 0.4560 -0.8898
vn -0.0880 0.4546 -0.8864
vn -0.3986 -0.2356 -0.8863
vn -0.3527 -0.2896 -0.8898
vn -0.3653 -0.2948 -0.8830
vn 0.0912 0.4605 -0.8830
vn 0.0924 0.4469 -0.8898
vn 0.0233 0.4624 -0.8864
vn -0.4434 -0.1332 -0.8864
vn -0.4118 -0.1968 -0.8898
vn -0.4253 -0.1989 -0.8829
vn 0.1987 0.4253 -0.8830
vn 0.1967 0.4119 -0.8898
vn 0.1333 0.4434 -0.8864
vn -0.4624 -0.0234 -0.8864
vn -0.4469 -0.0925 -0.8898
vn -0.4605 -0.0912 -0.8830
vn 0.2948 0.3653 -0.8830
vn 0.2896 0.3527 -0.8898
vn 0.2356 0.3986 -0.8863
vn -0.4544 0.0880 -0.8864
vn -0.4561 0.0172 -0.8898
vn -0.4689 0.0216 -0.8830
vn 0.3735 0.2842 -0.8830
vn 0.3654 0.2732 -0.8899
vn 0.3240 0.3306 -0.8864
vn -0.4202 0.1942 -0.8864
vn -0.4386 0.1257 -0.8898
vn -0.4501 0.1332 -0.8830
vn 0.4305 0.1868 -0.8830
vn 0.4202 0.1780 -0.8898
vn 0.3938 0.2435 -0.8864
vn -0.3616 0.2891 -0.8864
vn -0.3960 0.2270 -0.8898
vn -0.4053 0.2369 -0.8829
vn 0.4628 0.0782 -0.8830
vn 0.4506 0.0722 -0.8898
vn 0.4405 0.1423 -0.8864
vn -0.2818 0.3672 -0.8864
vn -0.3299 0.3152 -0.8898
vn -0.3366 0.3271 -0.8830
vn 0.4681 -0.0350 -0.8830
vn 0.4548 -0.0379 -0.8898
vn 0.4618 0.0326 -0.8864
vn -0.1858 0.4241 -0.8863
vn -0.2450 0.3851 -0.8898
vn -0.2486 0.3982 -0.8830
vn 0.4460 -0.1457 -0.8831
vn 0.4324 -0.1453 -0.8899
vn 0.4562 -0.0788 -0.8864
vn -0.0789 0.4562 -0.8864
vn -0.1457 0.4325 -0.8898
vn -0.1461 0.4462 -0.8829
vn 0.3982 -0.2487 -0.8830
vn 0.3850 -0.2450 -0.8898
vn 0.4240 -0.1857 -0.8864
vn 0.0326 0.4618 -0.8864
vn -0.0379 0.4548 -0.8898
vn -0.0350 0.4682 -0.8829
vn 0.3271 -0.3367 -0.8829
vn 0.3153 -0.3301 -0.8898
vn 0.3673 -0.2819 -0.8864
vn 0.1422 0.4406 -0.8864
vn 0.0720 0.4506 -0.8898
vn 0.0780 0.4629 -0.8830
vn 0.2371 -0.4052 -0.8829
vn 0.2271 -0.3959 -0.8898
vn 0.2892 -0.3615 -0.8864
vn 0.2435 0.3938 -0.8864
vn 0.1778 0.4203 -0.8898
vn 0.1865 0.4307 -0.8830
vn 0.1332 -0.4501 -0.8830
vn 0.1258 -0.4387 -0.8898
vn 0.1943 -0.4203 -0.8864
vn 0.3307 0.3241 -0.8864
vn 0.2733 0.3654 -0.8898
vn 0.2843 0.3735 -0.8830
vn 0.0216 -0.4689 -0.8830
vn 0.0171 -0.4560 -0.8898
vn 0.0880 -0.4544 -0.8864
vn 0.3986 0.2357 -0.8863
vn 0.3527 0.2895 -0.8898
vn 0.3653 0.2947 -0.8830
vn -0.0912 -0.4604 -0.8830
vn -0.0924 -0.4468 -0.8898
vn -0.0233 -0.4624 -0.8864
vn 0.4433 0.1332 -0.8864
vn 0.4117 0.1965 -0.8899
vn 0.4252 0.1985 -0.8831
vn -0.1987 -0.4253 -0.8830
vn -0.1967 -0.4118 -0.8898
vn -0.1333 -0.4434 -0.8864
vn 0.4623 0.0232 -0.8864
vn 0.4469 0.0924 -0.8898
vn 0.4605 0.0912 -0.8830
vn -0.2945 -0.3653 -0.8831
vn -0.2893 -0.3527 -0.8899
vn -0.2355 -0.3986 -0.8864
vn 0.4548 -0.0879 -0.8863
vn 0.4562 -0.0171 -0.8897
vn 0.4690 -0.0216 -0.8829
vn -0.3734 -0.2842 -0.8830
vn -0.3654 -0.2733 -0.8898
vn -0.3240 -0.3306 -0.8864
vn 0.4203 -0.1942 -0.8863
vn 0.4388 -0.1258 -0.8898
vn 0.4502 -0.1332 -0.8829
vn -0.4306 -0.1865 -0.8831
vn -0.4202 -0.1777 -0.8899
vn -0.3937 -0.2434 -0.8864
vn 0.3616 -0.2893 -0.8863
vn 0.3958 -0.2272 -0.8898
vn 0.4051 -0.2371 -0.8830
vn -0.4627 -0.0781 -0.8830
vn -0.4506 -0.0721 -0.8898
vn -0.4406 -0.1422 -0.8864
vn 0.2819 -0.3674 -0.8863
vn 0.3301 -0.3154 -0.8897
vn 0.3367 -0.3272 -0.8829
vn -0.4679 0.0346 -0.8831
vn -0.4547 0.0376 -0.8899
vn -0.4618 -0.0326 -0.8864
vn 0.0849 0.0955 -0.9918
vn 0.2048 0.2163 -0.9546
vn 0.1571 0.2428 -0.9573
vn 0.1989 0.1309 -0.9712
vn 0.2163 0.2049 -0.9546
vn 0.0955 0.0850 -0.9918
vn 0.1353 0.0522 -0.9894
vn 0.2079 0.1162 -0.9712
vn 0.1130 0.0595 -0.9918
vn 0.3897 0.0317 -0.9204
vn 0.1407 0.0353 -0.9894
vn 0.1240 0.0308 -0.9918
vn 0.3909 0.0156 -0.9203
vn 0.1278 0.0001 -0.9918
vn 0.1268 -0.0181 -0.9918
vn 0.0890 -0.0292 -0.9956
vn 0.3406 -0.0706 -0.9376
vn 0.1241 -0.0304 -0.9918
vn 0.2788 -0.2076 -0.9376
vn 0.0817 -0.0457 -0.9956
vn 0.1132 -0.0591 -0.9918
vn 0.0846 -0.0958 -0.9918
vn 0.2208 -0.2689 -0.9375
vn 0.2076 -0.2788 -0.9376
vn 0.0727 -0.1051 -0.9918
vn 0.0571 -0.1146 -0.9918
vn 0.0330 -0.0933 -0.9951
vn 0.0455 -0.1194 -0.9918
vn -0.0002 -0.1278 -0.9918
vn -0.0157 -0.3911 -0.9202
vn -0.0308 -0.1241 -0.9918
vn -0.0185 -0.0869 -0.9960
vn -0.0317 -0.3899 -0.9203
vn -0.0365 -0.0809 -0.9961
vn -0.0452 -0.1195 -0.9918
vn -0.0619 -0.1121 -0.9918
vn -0.0850 -0.0955 -0.9918
vn -0.1989 -0.2103 -0.9572
vn -0.1615 -0.2501 -0.9547
vn -0.1053 -0.0724 -0.9918
vn -0.3308 -0.2093 -0.9202
vn -0.2106 -0.1981 -0.9573
vn -0.1195 -0.0451 -0.9918
vn -0.0924 -0.0374 -0.9950
vn -0.3389 -0.1954 -0.9203
vn -0.0978 -0.0193 -0.9950
vn -0.1241 -0.0307 -0.9918
vn -0.1274 -0.0128 -0.9918
vn -0.3909 -0.0155 -0.9203
vn -0.1278 -0.0001 -0.9918
vn -0.1267 0.0181 -0.9918
vn -0.1194 0.0455 -0.9918
vn -0.3205 0.1355 -0.9375
vn -0.1363 0.0348 -0.9901
vn -0.3128 0.2346 -0.9204
vn -0.3139 0.1500 -0.9375
vn -0.1132 0.0591 -0.9918
vn -0.0923 0.1021 -0.9905
vn -0.3032 0.2476 -0.9202
vn -0.0958 0.0846 -0.9918
vn -0.1679 0.3533 -0.9203
vn -0.0783 0.1132 -0.9905
vn -0.0728 0.1050 -0.9918
vn -0.1534 0.3602 -0.9202
vn -0.0456 0.1194 -0.9918
vn -0.0048 0.0838 -0.9965
vn -0.0548 0.3436 -0.9375
vn -0.0156 0.1269 -0.9918
vn 0.0308 0.1240 -0.9918
vn 0.1088 0.3760 -0.9202
vn 0.0149 0.0826 -0.9965
vn 0.0596 0.1131 -0.9918
vn 0.1428 0.2518 -0.9572
vn 0.1241 0.3710 -0.9203
vn -0.4086 -0.0051 -0.9127
vn 0.0932 -0.3983 -0.9125
vn 0.1594 -0.3773 -0.9123
vn -0.0048 -0.4086 -0.9127
vn 0.0645 -0.4040 -0.9125
vn -0.3770 0.1595 -0.9124
vn -0.3641 0.1855 -0.9127
vn -0.1025 -0.3959 -0.9125
vn -0.0340 -0.4081 -0.9123
vn -0.1940 -0.3595 -0.9128
vn -0.1304 -0.3878 -0.9125
vn -0.2595 0.3165 -0.9124
vn -0.2362 0.3336 -0.9126
vn -0.2747 -0.3028 -0.9126
vn -0.2198 -0.3455 -0.9123
vn -0.3389 -0.2283 -0.9127
vn -0.2957 -0.2828 -0.9125
vn -0.0827 0.4007 -0.9125
vn -0.3836 -0.1405 -0.9127
vn -0.3548 -0.2039 -0.9125
vn 0.0157 0.4091 -0.9124
vn 0.0445 0.4064 -0.9126
vn -0.4064 -0.0444 -0.9126
vn -0.3936 -0.1129 -0.9123
vn 0.1403 0.3840 -0.9126
vn -0.4055 0.0541 -0.9125
vn -0.4093 -0.0153 -0.9123
vn -0.3805 0.1493 -0.9127
vn -0.4009 0.0829 -0.9124
vn 0.2826 0.2960 -0.9124
vn -0.3337 0.2358 -0.9127
vn -0.3694 0.1761 -0.9124
vn 0.3452 0.2196 -0.9125
vn -0.2675 0.3089 -0.9127
vn -0.3166 0.2594 -0.9124
vn 0.3878 0.1306 -0.9124
vn -0.1858 0.3641 -0.9126
vn -0.2451 0.3278 -0.9124
vn 0.4078 0.0340 -0.9124
vn 0.4086 0.0048 -0.9127
vn -0.0933 0.3979 -0.9127
vn -0.1596 0.3770 -0.9124
vn 0.0045 0.4087 -0.9127
vn -0.0650 0.4042 -0.9124
vn 0.3767 -0.1596 -0.9125
vn 0.1022 0.3956 -0.9127
vn 0.0338 0.4079 -0.9124
vn 0.3277 -0.2452 -0.9124
vn 0.3092 -0.2673 -0.9127
vn 0.1942 0.3599 -0.9125
vn 0.1307 0.3882 -0.9123
vn 0.2363 -0.3336 -0.9126
vn 0.2748 0.3028 -0.9126
vn 0.2199 0.3455 -0.9123
vn 0.3387 0.2283 -0.9128
vn 0.2957 0.2827 -0.9125
vn 0.0826 -0.4008 -0.9124
vn 0.3834 0.1405 -0.9128
vn 0.3546 0.2037 -0.9125
vn -0.0157 -0.4089 -0.9124
vn 0.4061 0.0446 -0.9127
vn 0.3932 0.1128 -0.9125
vn -0.1130 -0.3933 -0.9124
vn 0.4051 -0.0539 -0.9127
vn 0.4090 0.0155 -0.9124
vn -0.2035 -0.3549 -0.9125
vn 0.3805 -0.1494 -0.9126
vn 0.4008 -0.0828 -0.9124
vn -0.2826 -0.2960 -0.9124
vn 0.3336 -0.2358 -0.9127
vn 0.3694 -0.1762 -0.9124
vn -0.3453 -0.2194 -0.9125
vn -0.3598 -0.1944 -0.9125
vn 0.3163 -0.2601 -0.9123
vn -0.3957 -0.1025 -0.9127
vn 0.1857 -0.3641 -0.9126
vn 0.2450 -0.3280 -0.9124
vn -0.0132 -0.0175 -0.9998
vn -0.2079 -0.2658 -0.9413
vn -0.1747 -0.2754 -0.9453
vn -0.0045 -0.0231 -0.9997
vn -0.0059 -0.0208 -0.9998
vn -0.0902 -0.3137 -0.9452
vn -0.0085 -0.0200 -0.9998
vn -0.1382 -0.3078 -0.9413
vn -0.1039 -0.3093 -0.9453
vn -0.0091 -0.0199 -0.9998
vn -0.0111 -0.0193 -0.9998
vn -0.1627 -0.2829 -0.9452
vn -0.0039 -0.0229 -0.9997
vn -0.0606 -0.3320 -0.9413
vn -0.0268 -0.3250 -0.9453
vn 0.0008 -0.0215 -0.9998
vn -0.0005 -0.0215 -0.9998
vn -0.0125 -0.3261 -0.9453
vn -0.0117 0.0185 -0.9998
vn -0.1749 0.2886 -0.9413
vn -0.1955 0.2612 -0.9453
vn -0.0189 0.0116 -0.9998
vn -0.0178 0.0133 -0.9998
vn -0.2612 0.1956 -0.9453
vn -0.0158 0.0152 -0.9998
vn -0.2388 0.2384 -0.9413
vn -0.2523 0.2067 -0.9453
vn -0.0155 0.0158 -0.9998
vn -0.0141 0.0172 -0.9998
vn -0.2069 0.2525 -0.9452
vn -0.0235 0.0017 -0.9997
vn -0.0214 0.0034 -0.9998
vn -0.3223 0.0518 -0.9452
vn -0.0208 0.0060 -0.9998
vn -0.3223 0.1002 -0.9413
vn -0.3195 0.0658 -0.9453
vn -0.0189 0.0109 -0.9998
vn -0.2889 0.1744 -0.9413
vn -0.2945 0.1403 -0.9453
vn -0.0209 0.0066 -0.9998
vn -0.0205 0.0087 -0.9998
vn -0.3006 0.1274 -0.9452
vn -0.0138 -0.0173 -0.9998
vn -0.0154 -0.0161 -0.9998
vn -0.2257 -0.2358 -0.9452
vn -0.0170 -0.0139 -0.9998
vn -0.2654 -0.2083 -0.9414
vn -0.2356 -0.2255 -0.9453
vn -0.0196 -0.0087 -0.9998
vn -0.0227 -0.0078 -0.9997
vn -0.3094 -0.1038 -0.9453
vn -0.0192 -0.0091 -0.9998
vn -0.3076 -0.1388 -0.9413
vn -0.2828 -0.1625 -0.9453
vn -0.0175 -0.0135 -0.9998
vn -0.0185 -0.0117 -0.9998
vn -0.2755 -0.1749 -0.9453
vn -0.0232 0.0011 -0.9997
vn -0.3369 0.0201 -0.9413
vn -0.3259 -0.0125 -0.9453
vn -0.0210 -0.0039 -0.9998
vn -0.3319 -0.0611 -0.9413
vn -0.3135 -0.0902 -0.9453
vn -0.0213 -0.0034 -0.9998
vn -0.0215 -0.0022 -0.9998
vn -0.3252 -0.0268 -0.9452
vn 0.0062 -0.0205 -0.9998
vn 0.0050 -0.0235 -0.9997
vn 0.0658 -0.3196 -0.9453
vn 0.0014 -0.0212 -0.9998
vn 0.0207 -0.3368 -0.9413
vn 0.0518 -0.3221 -0.9453
vn 0.0156 -0.0158 -0.9998
vn 0.0142 -0.0173 -0.9998
vn 0.2068 -0.2525 -0.9452
vn 0.0117 -0.0186 -0.9998
vn 0.1749 -0.2886 -0.9413
vn 0.1955 -0.2611 -0.9453
vn 0.0067 -0.0201 -0.9998
vn 0.1007 -0.3221 -0.9413
vn 0.1273 -0.3003 -0.9453
vn 0.0113 -0.0190 -0.9998
vn 0.0094 -0.0197 -0.9998
vn 0.1404 -0.2945 -0.9453
vn 0.0218 0.0038 -0.9998
vn 0.0221 0.0018 -0.9998
vn 0.3252 0.0268 -0.9453
vn 0.0219 -0.0009 -0.9998
vn 0.3368 -0.0201 -0.9414
vn 0.3259 0.0125 -0.9453
vn 0.0210 -0.0067 -0.9998
vn 0.0205 -0.0087 -0.9998
vn 0.3005 -0.1275 -0.9452
vn 0.0211 -0.0061 -0.9998
vn 0.3223 -0.1002 -0.9413
vn 0.3195 -0.0658 -0.9453
vn 0.0221 -0.0015 -0.9998
vn 0.0220 -0.0035 -0.9998
vn 0.3222 -0.0518 -0.9452
vn 0.0158 -0.0152 -0.9998
vn 0.2388 -0.2384 -0.9414
vn 0.2522 -0.2067 -0.9453
vn 0.0189 -0.0109 -0.9998
vn 0.2889 -0.1743 -0.9414
vn 0.2944 -0.1405 -0.9453
vn 0.0188 -0.0116 -0.9998
vn 0.0178 -0.0133 -0.9998
vn 0.2613 -0.1955 -0.9453
vn -0.0113 0.0190 -0.9998
vn -0.0094 0.0197 -0.9998
vn -0.1404 0.2946 -0.9452
vn -0.0067 0.0202 -0.9998
vn -0.1007 0.3222 -0.9413
vn -0.1273 0.3003 -0.9453
vn -0.0008 0.0216 -0.9998
vn 0.0005 0.0220 -0.9998
vn 0.0120 0.3266 -0.9451
vn -0.0014 0.0214 -0.9998
vn -0.0207 0.3374 -0.9411
vn -0.0513 0.3226 -0.9451
vn -0.0062 0.0205 -0.9998
vn -0.0050 0.0236 -0.9997
vn -0.0659 0.3197 -0.9452
vn 0.0100 0.0213 -0.9997
vn 0.0108 0.0188 -0.9998
vn 0.1627 0.2830 -0.9452
vn 0.0093 0.0214 -0.9997
vn 0.1383 0.3079 -0.9413
vn 0.1038 0.3092 -0.9453
vn 0.0038 0.0214 -0.9998
vn 0.0605 0.3320 -0.9413
vn 0.0268 0.3251 -0.9453
vn 0.0045 0.0215 -0.9998
vn 0.0057 0.0209 -0.9998
vn 0.0903 0.3136 -0.9453
vn 0.0214 0.0044 -0.9998
vn 0.3318 0.0611 -0.9414
vn 0.3135 0.0901 -0.9453
vn 0.0175 0.0135 -0.9998
vn 0.0187 0.0119 -0.9998
vn 0.2756 0.1750 -0.9452
vn 0.0197 0.0093 -0.9998
vn 0.3076 0.1387 -0.9413
vn 0.2828 0.1626 -0.9453
vn 0.0202 0.0089 -0.9998
vn 0.0211 0.0071 -0.9998
vn 0.3094 0.1038 -0.9452
vn 0.0131 0.0175 -0.9998
vn 0.2082 0.2662 -0.9412
vn 0.1754 0.2754 -0.9452
vn 0.0169 0.0138 -0.9998
vn 0.2654 0.2084 -0.9414
vn 0.2356 0.2255 -0.9453
vn 0.0137 0.0172 -0.9998
vn 0.0154 0.0161 -0.9998
vn 0.2255 0.2364 -0.9451
vn 0.1357 -0.4057 -0.9039
vn 0.1471 -0.4337 -0.8890
vn 0.1440 -0.4295 -0.8915
vn -0.4514 0.0369 -0.8915
vn -0.4563 0.0390 -0.8890
vn -0.4263 0.0346 -0.9039
vn 0.0346 -0.4263 -0.9039
vn 0.0390 -0.4562 -0.8890
vn 0.0370 -0.4515 -0.8915
vn -0.4295 0.1439 -0.8915
vn -0.4337 0.1470 -0.8890
vn -0.4057 0.1357 -0.9039
vn -0.0684 -0.4223 -0.9039
vn -0.0713 -0.4523 -0.8890
vn -0.0721 -0.4472 -0.8915
vn -0.3826 0.2425 -0.8915
vn -0.3859 0.2465 -0.8890
vn -0.3614 0.2289 -0.9039
vn -0.1675 -0.3936 -0.9039
vn -0.1775 -0.4221 -0.8890
vn -0.1771 -0.4169 -0.8915
vn -0.3134 0.3271 -0.8915
vn -0.3156 0.3317 -0.8890
vn -0.2962 0.3086 -0.9039
vn -0.2568 -0.3420 -0.9039
vn -0.2733 -0.3673 -0.8890
vn -0.2717 -0.3624 -0.8915
vn -0.2260 0.3926 -0.8915
vn -0.2271 0.3976 -0.8890
vn -0.2137 0.3705 -0.9039
vn -0.3312 -0.2708 -0.9039
vn -0.3533 -0.2913 -0.8890
vn -0.3506 -0.2869 -0.8915
vn -0.1255 0.4353 -0.8915
vn -0.1253 0.4404 -0.8890
vn -0.1188 0.4109 -0.9039
vn -0.3864 -0.1836 -0.9039
vn -0.4128 -0.1983 -0.8890
vn -0.4090 -0.1946 -0.8915
vn -0.0177 0.4526 -0.8915
vn -0.0163 0.4576 -0.8890
vn -0.0170 0.4274 -0.9039
vn -0.4191 -0.0857 -0.9039
vn -0.4482 -0.0937 -0.8890
vn -0.4437 -0.0911 -0.8915
vn 0.0911 0.4437 -0.8915
vn 0.0937 0.4482 -0.8890
vn 0.0858 0.4191 -0.9039
vn -0.4273 0.0171 -0.9039
vn -0.4576 0.0163 -0.8890
vn -0.4527 0.0176 -0.8915
vn 0.1947 0.4090 -0.8915
vn 0.1982 0.4127 -0.8890
vn 0.1835 0.3863 -0.9039
vn -0.4109 0.1188 -0.9039
vn -0.4404 0.1254 -0.8890
vn -0.4354 0.1255 -0.8915
vn 0.2869 0.3505 -0.8915
vn 0.2912 0.3533 -0.8890
vn 0.2706 0.3312 -0.9039
vn -0.3706 0.2137 -0.9039
vn -0.3977 0.2271 -0.8890
vn -0.3927 0.2260 -0.8915
vn 0.3624 0.2717 -0.8915
vn 0.3674 0.2733 -0.8890
vn 0.3421 0.2568 -0.9039
vn -0.3087 0.2962 -0.9039
vn -0.3318 0.3156 -0.8890
vn -0.3271 0.3134 -0.8915
vn 0.4169 0.1771 -0.8915
vn 0.4221 0.1775 -0.8890
vn 0.3937 0.1674 -0.9039
vn -0.2288 0.3614 -0.9039
vn -0.2465 0.3859 -0.8890
vn -0.2426 0.3826 -0.8915
vn 0.4472 0.0721 -0.8915
vn 0.4522 0.0713 -0.8890
vn 0.4221 0.0685 -0.9040
vn -0.1356 0.4057 -0.9039
vn -0.1471 0.4336 -0.8890
vn -0.1440 0.4295 -0.8915
vn 0.4514 -0.0368 -0.8916
vn 0.4562 -0.0390 -0.8890
vn 0.4264 -0.0347 -0.9039
vn -0.0346 0.4263 -0.9039
vn -0.0390 0.4562 -0.8890
vn -0.0370 0.4515 -0.8915
vn 0.4295 -0.1440 -0.8915
vn 0.4336 -0.1469 -0.8891
vn 0.4056 -0.1355 -0.9039
vn 0.0684 0.4223 -0.9039
vn 0.0713 0.4523 -0.8890
vn 0.0722 0.4473 -0.8915
vn 0.3826 -0.2426 -0.8915
vn 0.3859 -0.2466 -0.8890
vn 0.3614 -0.2288 -0.9039
vn 0.1675 0.3936 -0.9039
vn 0.1775 0.4221 -0.8890
vn 0.1770 0.4170 -0.8915
vn 0.3134 -0.3271 -0.8915
vn 0.3157 -0.3317 -0.8890
vn 0.2962 -0.3086 -0.9039
vn 0.2568 0.3420 -0.9039
vn 0.2733 0.3673 -0.8890
vn 0.2717 0.3624 -0.8915
vn 0.2261 -0.3926 -0.8915
vn 0.2271 -0.3976 -0.8890
vn 0.2137 -0.3705 -0.9039
vn 0.3312 0.2707 -0.9039
vn 0.3533 0.2912 -0.8890
vn 0.3505 0.2868 -0.8916
vn 0.1255 -0.4353 -0.8915
vn 0.1253 -0.4404 -0.8890
vn 0.1188 -0.4109 -0.9039
vn 0.3864 0.1836 -0.9039
vn 0.4127 0.1983 -0.8890
vn 0.4090 0.1946 -0.8915
vn 0.0177 -0.4527 -0.8915
vn 0.0163 -0.4576 -0.8890
vn 0.0170 -0.4274 -0.9039
vn 0.4190 0.0857 -0.9039
vn 0.4482 0.0937 -0.8890
vn 0.4437 0.0911 -0.8915
vn -0.0912 -0.4437 -0.8915
vn -0.0937 -0.4482 -0.8890
vn -0.0858 -0.4191 -0.9039
vn 0.4273 -0.0171 -0.9040
vn 0.4575 -0.0164 -0.8890
vn 0.4527 -0.0177 -0.8915
vn -0.1947 -0.4090 -0.8915
vn -0.1982 -0.4128 -0.8890
vn -0.1836 -0.3864 -0.9039
vn 0.4110 -0.1188 -0.9039
vn 0.4405 -0.1253 -0.8890
vn 0.4353 -0.1255 -0.8915
vn -0.2869 -0.3506 -0.8915
vn -0.2912 -0.3533 -0.8890
vn -0.2706 -0.3312 -0.9039
vn 0.3707 -0.2137 -0.9038
vn 0.3977 -0.2271 -0.8890
vn 0.3926 -0.2260 -0.8915
vn -0.3625 -0.2717 -0.8915
vn -0.3674 -0.2734 -0.8890
vn -0.3421 -0.2569 -0.9039
vn 0.3086 -0.2962 -0.9039
vn 0.3317 -0.3157 -0.8890
vn 0.3271 -0.3134 -0.8915
vn -0.4170 -0.1770 -0.8915
vn -0.4222 -0.1775 -0.8890
vn -0.3937 -0.1674 -0.9039
vn 0.2288 -0.3614 -0.9039
vn 0.2465 -0.3858 -0.8890
vn 0.2425 -0.3825 -0.8915
vn -0.4472 -0.0721 -0.8915
vn -0.4524 -0.0713 -0.8890
vn -0.4223 -0.0683 -0.9039
vn 0.0933 -0.3981 -0.9126
vn -0.4085 -0.0050 -0.9128
vn -0.3146 -0.0257 -0.9489
vn -0.0047 -0.4088 -0.9126
vn -0.3980 0.0931 -0.9127
vn -0.3117 0.0504 -0.9488
vn -0.1023 -0.3960 -0.9126
vn -0.3641 0.1854 -0.9127
vn -0.2905 0.1233 -0.9489
vn -0.1690 -0.2667 -0.9489
vn -0.1942 -0.3596 -0.9127
vn -0.3091 0.2676 -0.9126
vn -0.2746 -0.3029 -0.9126
vn -0.2361 0.3335 -0.9127
vn -0.1999 0.2443 -0.9489
vn -0.2736 -0.1577 -0.9488
vn -0.3391 -0.2282 -0.9126
vn -0.1494 0.3805 -0.9126
vn -0.3840 -0.1404 -0.9126
vn -0.0541 0.4052 -0.9126
vn -0.0634 0.3094 -0.9488
vn -0.3155 -0.0125 -0.9488
vn -0.4063 -0.0444 -0.9127
vn 0.0446 0.4063 -0.9126
vn -0.4053 0.0539 -0.9126
vn 0.1404 0.3838 -0.9127
vn 0.0875 0.3033 -0.9489
vn -0.2853 0.1357 -0.9488
vn -0.3806 0.1495 -0.9126
vn 0.2282 0.3392 -0.9126
vn -0.3337 0.2361 -0.9126
vn 0.3028 0.2746 -0.9126
vn 0.2186 0.2279 -0.9488
vn 0.3597 0.1945 -0.9126
vn 0.2669 0.1692 -0.9488
vn -0.1896 0.2529 -0.9487
vn -0.1236 0.2906 -0.9488
vn -0.1857 0.3641 -0.9126
vn 0.3957 0.1024 -0.9126
vn -0.0932 0.3981 -0.9126
vn 0.4087 0.0049 -0.9127
vn 0.3147 0.0257 -0.9488
vn 0.0257 0.3147 -0.9489
vn 0.0049 0.4086 -0.9127
vn 0.3981 -0.0933 -0.9126
vn 0.1002 0.2994 -0.9489
vn 0.1024 0.3956 -0.9127
vn 0.3641 -0.1858 -0.9126
vn 0.1941 0.3599 -0.9126
vn 0.3091 -0.2672 -0.9127
vn 0.2525 -0.1893 -0.9489
vn 0.2746 0.3029 -0.9126
vn 0.2361 -0.3335 -0.9127
vn 0.1999 -0.2443 -0.9489
vn 0.2736 0.1576 -0.9489
vn 0.1494 -0.3806 -0.9126
vn 0.3033 0.0876 -0.9489
vn 0.0539 -0.4052 -0.9126
vn 0.3155 0.0124 -0.9488
vn 0.4063 0.0444 -0.9126
vn -0.0446 -0.4064 -0.9126
vn 0.4053 -0.0540 -0.9126
vn -0.1404 -0.3839 -0.9126
vn -0.0876 -0.3034 -0.9488
vn 0.2852 -0.1355 -0.9488
vn -0.2283 -0.3391 -0.9126
vn 0.2444 -0.1998 -0.9489
vn 0.3336 -0.2361 -0.9127
vn -0.3027 -0.2746 -0.9127
vn 0.2675 -0.3091 -0.9126
vn -0.3597 -0.1941 -0.9126
vn -0.2668 -0.1689 -0.9488
vn -0.3957 -0.1025 -0.9126
vn -0.2995 -0.1002 -0.9488
vn 0.4313 -0.0589 -0.9003
vn 0.1853 -0.3211 -0.9288
vn 0.1975 -0.3564 -0.9132
vn 0.1963 -0.3881 -0.9005
vn -0.1591 -0.3345 -0.9289
vn -0.1812 -0.3646 -0.9134
vn -0.3109 -0.2631 -0.9133
vn -0.2869 -0.2344 -0.9288
vn -0.4241 0.0978 -0.9003
vn 0.0977 -0.4242 -0.9003
vn -0.2346 -0.2872 -0.9287
vn -0.2633 -0.3110 -0.9132
vn -0.3649 -0.1810 -0.9133
vn -0.3349 -0.1589 -0.9288
vn -0.3884 0.1965 -0.9003
vn -0.0067 -0.4354 -0.9002
vn -0.2966 -0.2228 -0.9287
vn -0.3302 -0.2391 -0.9131
vn -0.3976 -0.0884 -0.9133
vn -0.3631 -0.0741 -0.9288
vn -0.3301 0.2838 -0.9003
vn -0.1106 -0.4209 -0.9003
vn -0.3411 -0.1450 -0.9288
vn -0.3777 -0.1529 -0.9132
vn -0.4073 0.0093 -0.9132
vn -0.3704 0.0150 -0.9287
vn -0.2527 0.3546 -0.9002
vn -0.2080 -0.3822 -0.9003
vn -0.3659 -0.0591 -0.9288
vn -0.4033 -0.0580 -0.9132
vn -0.3933 0.1062 -0.9132
vn -0.3562 0.1028 -0.9287
vn -0.1605 0.4045 -0.9003
vn -0.2935 -0.3214 -0.9003
vn -0.3696 0.0299 -0.9287
vn -0.4055 0.0400 -0.9132
vn -0.3565 0.1975 -0.9132
vn -0.3212 0.1854 -0.9287
vn -0.0591 0.4313 -0.9003
vn -0.3619 -0.2419 -0.9003
vn -0.3516 0.1174 -0.9288
vn -0.3840 0.1358 -0.9133
vn -0.2987 0.2769 -0.9133
vn -0.2674 0.2566 -0.9288
vn 0.0459 0.4327 -0.9004
vn -0.4092 -0.1483 -0.9003
vn -0.3133 0.1981 -0.9288
vn -0.3405 0.2236 -0.9133
vn -0.2239 0.3402 -0.9133
vn -0.1983 0.3130 -0.9288
vn 0.1481 0.4090 -0.9004
vn -0.4327 -0.0457 -0.9004
vn -0.2565 0.2677 -0.9287
vn -0.2768 0.2990 -0.9132
vn -0.1360 0.3840 -0.9133
vn -0.1176 0.3515 -0.9288
vn 0.2417 0.3618 -0.9004
vn -0.4314 0.0589 -0.9002
vn -0.1853 0.3210 -0.9288
vn -0.1975 0.3564 -0.9132
vn -0.0401 0.4056 -0.9132
vn -0.0300 0.3696 -0.9287
vn 0.3212 0.2937 -0.9003
vn -0.4048 0.1606 -0.9002
vn -0.1027 0.3567 -0.9286
vn -0.1059 0.3939 -0.9130
vn 0.0572 0.4034 -0.9132
vn 0.0584 0.3661 -0.9287
vn 0.3819 0.2081 -0.9005
vn -0.3547 0.2527 -0.9002
vn -0.0149 0.3706 -0.9287
vn -0.0092 0.4075 -0.9132
vn 0.1530 0.3776 -0.9133
vn 0.1451 0.3410 -0.9288
vn 0.4209 0.1106 -0.9003
vn -0.2837 0.3303 -0.9002
vn 0.0743 0.3634 -0.9287
vn 0.0887 0.3979 -0.9132
vn 0.2390 0.3302 -0.9132
vn 0.2226 0.2965 -0.9287
vn 0.4352 0.0067 -0.9003
vn -0.1964 0.3885 -0.9003
vn 0.1596 0.3349 -0.9286
vn 0.1819 0.3649 -0.9131
vn 0.3107 0.2641 -0.9131
vn 0.2868 0.2355 -0.9286
vn 0.4241 -0.0972 -0.9004
vn -0.0978 0.4242 -0.9003
vn 0.2346 0.2871 -0.9287
vn 0.2633 0.3110 -0.9132
vn 0.3649 0.1813 -0.9132
vn 0.3349 0.1591 -0.9287
vn 0.3884 -0.1965 -0.9003
vn 0.0065 0.4349 -0.9004
vn 0.2964 0.2222 -0.9288
vn 0.3299 0.2386 -0.9133
vn 0.3977 0.0888 -0.9132
vn 0.3632 0.0743 -0.9287
vn 0.3302 -0.2836 -0.9003
vn 0.1106 0.4212 -0.9002
vn 0.3412 0.1453 -0.9287
vn 0.3777 0.1531 -0.9132
vn 0.4071 -0.0092 -0.9133
vn 0.3703 -0.0148 -0.9288
vn 0.2525 -0.3546 -0.9003
vn 0.2081 0.3822 -0.9003
vn 0.3660 0.0594 -0.9287
vn 0.4033 0.0582 -0.9132
vn 0.3932 -0.1065 -0.9133
vn 0.3560 -0.1031 -0.9288
vn 0.1604 -0.4047 -0.9003
vn 0.2935 0.3214 -0.9003
vn 0.3694 -0.0298 -0.9288
vn 0.4054 -0.0398 -0.9133
vn 0.3566 -0.1975 -0.9131
vn 0.3213 -0.1854 -0.9286
vn 0.0592 -0.4315 -0.9002
vn 0.3619 0.2417 -0.9003
vn 0.3515 -0.1177 -0.9287
vn 0.3841 -0.1361 -0.9132
vn 0.2990 -0.2771 -0.9131
vn 0.2675 -0.2569 -0.9287
vn -0.0458 -0.4331 -0.9002
vn 0.4093 0.1480 -0.9003
vn 0.3133 -0.1983 -0.9287
vn 0.3405 -0.2238 -0.9132
vn 0.2239 -0.3404 -0.9132
vn 0.1982 -0.3132 -0.9288
vn -0.1481 -0.4092 -0.9003
vn 0.4328 0.0459 -0.9003
vn 0.2566 -0.2675 -0.9288
vn 0.2770 -0.2988 -0.9132
vn 0.0402 -0.4054 -0.9133
vn 0.0301 -0.3694 -0.9288
vn -0.3211 -0.2935 -0.9004
vn 0.4047 -0.1605 -0.9003
vn 0.1030 -0.3562 -0.9287
vn 0.1063 -0.3933 -0.9132
vn -0.0583 -0.4035 -0.9131
vn -0.0595 -0.3662 -0.9286
vn -0.3825 -0.2084 -0.9002
vn 0.3544 -0.2528 -0.9003
vn 0.0148 -0.3705 -0.9287
vn 0.0091 -0.4075 -0.9132
vn -0.1529 -0.3777 -0.9132
vn -0.1451 -0.3412 -0.9287
vn -0.4210 -0.1107 -0.9003
vn 0.2835 -0.3299 -0.9004
vn -0.0744 -0.3630 -0.9288
vn -0.0887 -0.3974 -0.9133
vn -0.2389 -0.3302 -0.9132
vn -0.2226 -0.2966 -0.9287
vn -0.4352 -0.0069 -0.9003
vn -0.2323 -0.3514 -0.9069
vn -0.2857 -0.3092 -0.9071
vn -0.4099 0.0540 -0.9105
vn 0.0543 -0.4095 -0.9107
vn -0.3091 -0.2853 -0.9072
vn -0.3511 -0.2320 -0.9071
vn -0.3689 -0.2031 -0.9070
vn -0.3964 -0.1411 -0.9072
vn -0.3376 0.2383 -0.9106
vn -0.4071 -0.1090 -0.9068
vn -0.4190 -0.0422 -0.9070
vn -0.2710 0.3123 -0.9105
vn -0.2309 -0.3426 -0.9106
vn -0.4205 -0.0088 -0.9073
vn -0.4167 0.0589 -0.9071
vn -0.3062 -0.2774 -0.9106
vn -0.4104 0.0922 -0.9072
vn -0.3905 0.1571 -0.9071
vn -0.3636 -0.1961 -0.9107
vn -0.3763 0.1878 -0.9073
vn -0.2725 0.3208 -0.9071
vn 0.1031 0.4003 -0.9106
vn -0.2459 0.3412 -0.9072
vn -0.1876 0.3760 -0.9074
vn 0.1960 0.3633 -0.9108
vn -0.1571 0.3904 -0.9072
vn -0.0921 0.4102 -0.9073
vn 0.2773 0.3061 -0.9107
vn 0.0082 0.4206 -0.9072
vn 0.3425 0.2309 -0.9107
vn 0.0423 0.4185 -0.9072
vn 0.1091 0.4059 -0.9074
vn 0.3878 0.1420 -0.9107
vn -0.2384 0.3376 -0.9106
vn 0.1411 0.3964 -0.9071
vn 0.2032 0.3690 -0.9070
vn -0.1509 0.3842 -0.9108
vn 0.2322 0.3505 -0.9073
vn 0.2850 0.3096 -0.9072
vn 0.3094 0.2856 -0.9070
vn 0.3510 0.2320 -0.9072
vn 0.3847 -0.1508 -0.9107
vn 0.3689 0.2034 -0.9069
vn 0.3964 0.1413 -0.9071
vn 0.3376 -0.2383 -0.9106
vn 0.1426 0.3882 -0.9105
vn 0.4067 0.1093 -0.9070
vn 0.4192 0.0427 -0.9069
vn 0.4164 -0.0593 -0.9073
vn 0.1879 -0.3679 -0.9107
vn 0.4107 -0.0922 -0.9071
vn 0.3902 -0.1570 -0.9073
vn 0.0944 -0.4021 -0.9107
vn 0.3766 -0.1882 -0.9070
vn 0.3412 -0.2460 -0.9072
vn -0.0045 -0.4131 -0.9107
vn 0.3203 -0.2721 -0.9074
vn 0.2721 -0.3199 -0.9075
vn -0.1034 -0.3994 -0.9109
vn 0.2462 -0.3416 -0.9070
vn 0.1880 -0.3764 -0.9072
vn -0.1956 -0.3638 -0.9107
vn 0.4023 -0.0944 -0.9106
vn 0.1573 -0.3902 -0.9072
vn 0.0926 -0.4107 -0.9071
vn 0.0591 -0.4169 -0.9070
vn -0.0087 -0.4205 -0.9072
vn -0.3425 -0.2310 -0.9107
vn -0.0424 -0.4188 -0.9071
vn -0.1090 -0.4062 -0.9072
vn -0.3878 -0.1424 -0.9107
vn 0.2384 -0.3374 -0.9107
vn -0.1410 -0.3962 -0.9073
vn -0.2030 -0.3687 -0.9071
vn 0.1359 -0.3843 -0.9131
vn 0.1175 -0.3519 -0.9286
vn -0.2416 -0.3622 -0.9002
vn -0.0023 -0.0028 -1.0000
vn -0.0095 -0.0124 -0.9999
vn -0.0084 -0.0133 -0.9999
vn -0.0016 -0.0033 -1.0000
vn -0.0061 -0.0141 -0.9999
vn -0.0047 -0.0143 -0.9999
vn -0.0006 -0.0150 -0.9999
vn 0.0006 -0.0150 -0.9999
vn 0.0004 -0.0037 -1.0000
vn -0.0018 0.0032 -1.0000
vn -0.0082 0.0132 -0.9999
vn -0.0095 0.0125 -0.9999
vn -0.0026 0.0027 -1.0000
vn -0.0112 0.0109 -0.9999
vn -0.0122 0.0099 -0.9999
vn -0.0035 0.0011 -1.0000
vn -0.0147 0.0043 -0.9999
vn -0.0148 0.0030 -0.9999
vn -0.0031 0.0020 -1.0000
vn -0.0134 0.0079 -0.9999
vn -0.0142 0.0067 -0.9999
vn -0.0029 -0.0022 -1.0000
vn -0.0122 -0.0098 -0.9999
vn -0.0113 -0.0109 -0.9999
vn -0.0137 -0.0064 -0.9999
vn -0.0135 -0.0078 -0.9999
vn -0.0034 -0.0020 -1.0000
vn -0.0151 -0.0012 -0.9999
vn -0.0149 -0.0024 -0.9999
vn -0.0037 -0.0008 -1.0000
vn 0.0018 -0.0032 -1.0000
vn 0.0083 -0.0133 -0.9999
vn 0.0095 -0.0126 -0.9999
vn 0.0047 -0.0143 -0.9999
vn 0.0061 -0.0143 -0.9999
vn 0.0016 -0.0036 -1.0000
vn 0.0037 -0.0003 -1.0000
vn 0.0156 -0.0007 -0.9999
vn 0.0157 0.0007 -0.9999
vn 0.0035 -0.0012 -1.0000
vn 0.0149 -0.0044 -0.9999
vn 0.0154 -0.0031 -0.9999
vn 0.0026 -0.0027 -1.0000
vn 0.0112 -0.0109 -0.9999
vn 0.0122 -0.0099 -0.9999
vn 0.0031 -0.0020 -1.0000
vn 0.0135 -0.0079 -0.9999
vn 0.0142 -0.0067 -0.9999
vn -0.0047 0.0143 -0.9999
vn -0.0061 0.0143 -0.9999
vn -0.0016 0.0035 -1.0000
vn -0.0007 0.0151 -0.9999
vn -0.0004 0.0038 -1.0000
vn 0.0003 0.0038 -1.0000
vn 0.0042 0.0145 -0.9999
vn 0.0030 0.0150 -0.9999
vn 0.0006 0.0037 -1.0000
vn 0.0036 0.0006 -1.0000
vn 0.0152 0.0030 -0.9999
vn 0.0151 0.0044 -0.9999
vn 0.0034 0.0015 -1.0000
vn 0.0141 0.0066 -0.9999
vn 0.0136 0.0079 -0.9999
vn 0.0023 0.0029 -1.0000
vn 0.0094 0.0124 -0.9999
vn 0.0081 0.0129 -0.9999
vn 0.0030 0.0022 -1.0000
vn 0.0121 0.0098 -0.9999
vn 0.0114 0.0110 -0.9999
vn -0.3873 -0.0076 -0.9219
vn 0.1735 -0.3464 -0.9219
vn -0.3998 0.0190 -0.9164
vn -0.3779 0.0857 -0.9219
vn 0.0857 -0.3778 -0.9219
vn -0.3837 0.1141 -0.9164
vn -0.3464 0.1735 -0.9219
vn -0.0071 -0.3874 -0.9219
vn -0.1691 -0.3629 -0.9163
vn -0.3453 0.2027 -0.9163
vn -0.2868 0.2794 -0.9164
vn -0.2260 0.3148 -0.9219
vn -0.3184 -0.2430 -0.9163
vn -0.2115 0.3398 -0.9164
vn -0.1442 0.3596 -0.9219
vn -0.1241 0.3806 -0.9164
vn -0.0539 0.3836 -0.9219
vn 0.0396 0.3854 -0.9219
vn -0.3993 0.0294 -0.9164
vn 0.0671 0.3946 -0.9164
vn 0.1596 0.3671 -0.9164
vn 0.2141 0.3228 -0.9219
vn -0.3838 0.0537 -0.9219
vn 0.2851 0.2624 -0.9219
vn -0.3597 0.1441 -0.9219
vn 0.3396 0.1866 -0.9219
vn 0.3629 0.1690 -0.9164
vn 0.3744 0.0998 -0.9219
vn -0.1141 0.3839 -0.9163
vn 0.3928 0.0773 -0.9164
vn 0.3999 -0.0190 -0.9164
vn 0.3778 -0.0854 -0.9220
vn -0.0859 0.3779 -0.9218
vn 0.3837 -0.1140 -0.9164
vn 0.3453 -0.2027 -0.9164
vn 0.2948 -0.2515 -0.9219
vn 0.2510 0.3119 -0.9164
vn 0.2867 -0.2794 -0.9164
vn 0.2260 -0.3148 -0.9219
vn 0.3184 0.2428 -0.9163
vn 0.2116 -0.3398 -0.9164
vn 0.1441 -0.3596 -0.9219
vn 0.3672 0.1595 -0.9163
vn 0.1240 -0.3807 -0.9163
vn 0.0538 -0.3838 -0.9218
vn 0.0293 -0.3993 -0.9164
vn -0.0395 -0.3855 -0.9219
vn 0.3647 0.1305 -0.9219
vn -0.1306 -0.3648 -0.9219
vn 0.3854 0.0395 -0.9219
vn -0.1595 -0.3673 -0.9163
vn -0.2138 -0.3230 -0.9219
vn -0.2850 -0.2623 -0.9219
vn 0.3597 -0.1440 -0.9219
vn -0.3119 -0.2510 -0.9163
vn -0.3630 -0.1689 -0.9164
vn -0.3745 -0.0997 -0.9219
vn 0.2515 -0.2947 -0.9219
vn -0.2667 -0.3911 -0.8809
vn -0.2124 -0.4250 -0.8799
vn -0.2120 -0.1471 -0.9661
vn -0.3093 -0.3606 -0.8799
vn -0.2522 -0.0843 -0.9640
vn -0.0889 -0.2460 -0.9652
vn -0.4178 -0.2224 -0.8809
vn -0.3855 -0.2776 -0.8799
vn -0.2561 -0.0317 -0.9661
vn -0.4702 -0.0647 -0.8802
vn -0.2441 0.1043 -0.9641
vn -0.2290 -0.1251 -0.9653
vn -0.4603 0.1108 -0.8808
vn -0.4727 0.0480 -0.8799
vn -0.2130 0.1461 -0.9661
vn -0.1699 0.1983 -0.9653
vn -0.2652 -0.0107 -0.9641
vn -0.4169 0.2275 -0.8801
vn -0.3564 0.3122 -0.8806
vn -0.3966 0.2624 -0.8797
vn -0.1209 0.2286 -0.9660
vn -0.3204 0.3503 -0.8801
vn -0.0530 0.2602 -0.9641
vn -0.2332 0.1176 -0.9653
vn -0.2274 0.4168 -0.8801
vn 0.0107 0.2655 -0.9641
vn -0.1984 0.1701 -0.9652
vn -0.1210 0.4590 -0.8802
vn 0.0741 0.2549 -0.9641
vn -0.1518 0.2123 -0.9654
vn 0.0545 0.4705 -0.8807
vn -0.0093 0.4752 -0.8799
vn 0.1194 0.2290 -0.9661
vn 0.1763 0.1924 -0.9654
vn -0.0429 0.2619 -0.9641
vn 0.1754 0.4411 -0.8801
vn 0.2667 0.3911 -0.8809
vn 0.2124 0.4251 -0.8799
vn 0.2120 0.1472 -0.9661
vn 0.3525 0.3158 -0.8809
vn 0.3079 0.3616 -0.8800
vn 0.2410 0.0920 -0.9661
vn 0.4181 0.2225 -0.8807
vn 0.3856 0.2776 -0.8799
vn 0.2562 0.0318 -0.9661
vn 0.4416 0.1756 -0.8799
vn 0.2624 -0.0425 -0.9640
vn 0.1929 0.1765 -0.9652
vn 0.4740 0.0028 -0.8805
vn 0.4709 0.0668 -0.8796
vn 0.2419 -0.0908 -0.9660
vn 0.4603 -0.1106 -0.8809
vn 0.4728 -0.0477 -0.8799
vn 0.2125 -0.1459 -0.9662
vn 0.4468 -0.1613 -0.8800
vn 0.1680 -0.2058 -0.9641
vn 0.2612 0.0044 -0.9653
vn 0.3950 -0.2635 -0.8801
vn 0.1136 -0.2399 -0.9641
vn 0.2544 -0.0583 -0.9653
vn 0.2712 -0.3883 -0.8807
vn 0.3222 -0.3497 -0.8797
vn 0.0624 -0.2507 -0.9661
vn 0.2275 -0.4169 -0.8801
vn -0.0107 -0.2654 -0.9641
vn 0.1984 -0.1700 -0.9653
vn -0.0665 -0.2524 -0.9653
vn 0.1597 -0.2122 -0.9641
vn 0.0498 -0.4722 -0.8801
vn 0.0076 -0.4749 -0.8800
vn -0.1329 -0.2301 -0.9640
vn 0.0966 -0.2429 -0.9652
vn -0.1063 -0.4629 -0.8800
vn -0.1841 -0.1915 -0.9641
vn 0.0357 -0.2589 -0.9653
vn -0.3789 -0.1016 -0.9198
vn -0.4096 -0.1047 -0.9063
vn 0.0975 -0.4111 -0.9064
vn -0.3922 -0.0081 -0.9198
vn -0.4227 -0.0038 -0.9063
vn -0.0037 -0.4225 -0.9063
vn -0.3827 0.0861 -0.9198
vn -0.4113 0.0977 -0.9063
vn -0.1047 -0.4092 -0.9064
vn -0.1894 -0.3435 -0.9199
vn -0.3509 0.1751 -0.9199
vn -0.3758 0.1931 -0.9064
vn -0.2988 0.2540 -0.9199
vn -0.3188 0.2774 -0.9063
vn -0.3274 -0.2163 -0.9198
vn -0.2294 0.3181 -0.9199
vn -0.2431 0.3456 -0.9063
vn -0.3696 -0.1315 -0.9198
vn -0.1466 0.3638 -0.9199
vn -0.1533 0.3938 -0.9063
vn -0.0552 0.3884 -0.9198
vn -0.0546 0.4192 -0.9063
vn -0.4198 -0.0472 -0.9064
vn 0.0392 0.3903 -0.9199
vn 0.0472 0.4200 -0.9063
vn -0.4190 0.0546 -0.9063
vn 0.1464 0.3965 -0.9063
vn 0.2369 0.3501 -0.9063
vn -0.3457 0.2431 -0.9063
vn 0.2883 0.2663 -0.9198
vn 0.3139 0.2832 -0.9062
vn -0.2775 0.3188 -0.9063
vn 0.3436 0.1893 -0.9198
vn 0.3725 0.1997 -0.9063
vn -0.1931 0.3758 -0.9063
vn -0.0860 0.3828 -0.9198
vn 0.3787 0.1018 -0.9199
vn 0.4094 0.1048 -0.9063
vn 0.3923 0.0080 -0.9198
vn 0.4227 0.0037 -0.9063
vn 0.0037 0.4225 -0.9064
vn 0.1016 0.3789 -0.9198
vn 0.3825 -0.0858 -0.9200
vn 0.4111 -0.0974 -0.9064
vn 0.3510 -0.1751 -0.9199
vn 0.3760 -0.1931 -0.9063
vn 0.1996 0.3725 -0.9063
vn 0.2662 0.2881 -0.9199
vn 0.2989 -0.2540 -0.9199
vn 0.3188 -0.2775 -0.9063
vn 0.3274 0.2161 -0.9198
vn 0.2294 -0.3181 -0.9199
vn 0.2431 -0.3456 -0.9064
vn 0.3697 0.1318 -0.9197
vn 0.1468 -0.3635 -0.9199
vn 0.1535 -0.3936 -0.9064
vn 0.0546 -0.4191 -0.9063
vn 0.4199 0.0473 -0.9064
vn -0.0393 -0.3904 -0.9198
vn -0.0473 -0.4200 -0.9063
vn 0.4189 -0.0547 -0.9064
vn 0.3640 -0.1465 -0.9198
vn -0.1315 -0.3694 -0.9199
vn -0.2161 -0.3272 -0.9199
vn -0.2370 -0.3498 -0.9064
vn 0.3457 -0.2429 -0.9064
vn 0.2541 -0.2988 -0.9199
vn -0.2881 -0.2659 -0.9200
vn -0.3138 -0.2828 -0.9064
vn -0.3435 -0.1893 -0.9199
vn -0.3726 -0.1996 -0.9063
vn 0.1931 -0.3758 -0.9064
vn 0.1652 -0.3601 -0.9182
vn -0.3950 -0.0200 -0.9185
vn -0.1789 -0.3078 -0.9345
vn -0.3789 -0.1141 -0.9184
vn -0.1000 -0.3418 -0.9344
vn -0.1117 -0.3382 -0.9344
vn 0.3137 -0.2420 -0.9182
vn -0.3405 -0.2012 -0.9185
vn -0.0153 -0.3558 -0.9344
vn -0.3954 -0.0269 -0.9181
vn 0.1214 0.3764 -0.9185
vn -0.2245 0.2766 -0.9344
vn 0.0278 0.3947 -0.9184
vn -0.2840 0.2147 -0.9345
vn -0.2765 0.2242 -0.9345
vn -0.2780 -0.2823 -0.9182
vn -0.1586 0.3623 -0.9185
vn -0.3514 0.0581 -0.9344
vn -0.0676 0.3898 -0.9184
vn -0.3274 0.1405 -0.9344
vn -0.3224 0.1516 -0.9344
vn 0.0744 -0.3890 -0.9182
vn -0.3883 0.0753 -0.9184
vn -0.2474 -0.2561 -0.9345
vn -0.1149 -0.3792 -0.9182
vn -0.3088 0.2471 -0.9185
vn -0.3380 -0.1118 -0.9345
vn -0.0209 -0.3956 -0.9182
vn -0.3589 0.1659 -0.9185
vn -0.3014 -0.1895 -0.9345
vn -0.2023 -0.3406 -0.9182
vn -0.2406 0.3138 -0.9185
vn -0.3549 -0.0277 -0.9345
vn -0.2824 -0.2770 -0.9184
vn 0.0702 -0.3490 -0.9345
vn 0.0582 -0.3513 -0.9345
vn -0.1212 -0.3768 -0.9183
vn 0.2245 -0.2766 -0.9344
vn 0.2149 -0.2842 -0.9344
vn 0.2024 0.3406 -0.9182
vn 0.2407 -0.3139 -0.9184
vn 0.3550 0.0277 -0.9345
vn 0.3377 0.2075 -0.9181
vn 0.0675 -0.3899 -0.9184
vn 0.3274 -0.1405 -0.9344
vn 0.1589 -0.3624 -0.9184
vn 0.3513 -0.0581 -0.9345
vn 0.3491 -0.0700 -0.9345
vn -0.0278 -0.3947 -0.9184
vn 0.2840 -0.2147 -0.9345
vn 0.2765 -0.2244 -0.9344
vn 0.2079 0.3365 -0.9184
vn -0.1517 0.3221 -0.9345
vn -0.1406 0.3272 -0.9344
vn 0.3405 0.2017 -0.9184
vn 0.0148 0.3563 -0.9343
vn 0.0275 0.3551 -0.9344
vn 0.2824 0.2772 -0.9184
vn -0.0703 0.3492 -0.9344
vn -0.0578 0.3519 -0.9343
vn 0.3950 0.0200 -0.9185
vn 0.1788 0.3079 -0.9345
vn 0.1899 0.3015 -0.9343
vn -0.2467 0.3101 -0.9181
vn 0.3788 0.1139 -0.9185
vn 0.1001 0.3418 -0.9344
vn 0.1151 0.3793 -0.9181
vn 0.3089 -0.2470 -0.9185
vn 0.3381 0.1119 -0.9344
vn 0.0209 0.3957 -0.9181
vn 0.3589 -0.1661 -0.9185
vn 0.3014 0.1896 -0.9345
vn 0.3885 -0.0747 -0.9184
vn 0.2472 0.2569 -0.9343
vn 0.2561 0.2476 -0.9344
vn 0.1405 -0.3274 -0.9344
vn 0.3898 -0.0673 -0.9184
vn -0.2073 -0.3376 -0.9182
vn -0.2622 0.0430 -0.9641
vn 0.0059 -0.0076 -1.0000
vn -0.0075 0.0029 -1.0000
vn -0.2637 -0.3501 -0.8988
vn 0.0038 -0.0089 -1.0000
vn -0.0066 0.0046 -1.0000
vn -0.3398 -0.2768 -0.8988
vn 0.0016 -0.0095 -1.0000
vn -0.0054 0.0059 -1.0000
vn -0.3962 -0.1876 -0.8988
vn -0.0007 -0.0097 -1.0000
vn -0.0037 0.0071 -1.0000
vn -0.4297 -0.0872 -0.8988
vn -0.0030 -0.0092 -1.0000
vn -0.0019 0.0078 -1.0000
vn -0.4380 0.0181 -0.8988
vn -0.4159 0.1383 -0.8988
vn -0.0045 -0.0066 -1.0000
vn 0.0004 0.0096 -1.0000
vn -0.3709 0.2340 -0.8987
vn -0.0060 -0.0053 -1.0000
vn 0.0027 0.0093 -1.0000
vn 0.0038 0.0071 -1.0000
vn -0.3160 0.3038 -0.8988
vn -0.3046 0.3153 -0.8988
vn -0.0093 -0.0028 -1.0000
vn 0.0053 0.0060 -1.0000
vn -0.2338 0.3707 -0.8988
vn -0.0096 -0.0005 -1.0000
vn 0.0066 0.0045 -1.0000
vn -0.1383 0.4159 -0.8988
vn -0.0181 0.4381 -0.8987
vn -0.0077 0.0019 -1.0000
vn 0.0092 0.0029 -1.0000
vn -0.0087 0.0040 -1.0000
vn 0.0080 0.0010 -1.0000
vn 0.0708 0.4327 -0.8987
vn 0.1875 0.3964 -0.8987
vn -0.0060 0.0053 -1.0000
vn 0.0095 -0.0016 -1.0000
vn 0.0075 -0.0029 -1.0000
vn 0.2636 0.3503 -0.8988
vn 0.2763 0.3404 -0.8988
vn -0.0040 0.0088 -1.0000
vn 0.0065 -0.0045 -1.0000
vn 0.3398 0.2769 -0.8988
vn -0.0016 0.0095 -1.0000
vn 0.0053 -0.0060 -1.0000
vn 0.3964 0.1876 -0.8987
vn 0.4329 0.0709 -0.8987
vn 0.0010 0.0080 -1.0000
vn 0.0041 -0.0088 -1.0000
vn 0.4373 -0.0348 -0.8986
vn 0.0029 0.0074 -1.0000
vn 0.0019 -0.0095 -1.0000
vn 0.4161 -0.1385 -0.8987
vn 0.0046 0.0066 -1.0000
vn -0.0004 -0.0096 -1.0000
vn 0.0069 0.0067 -1.0000
vn -0.0019 -0.0078 -1.0000
vn 0.3795 -0.2197 -0.8987
vn 0.0083 0.0050 -1.0000
vn -0.0037 -0.0071 -1.0000
vn 0.3160 -0.3042 -0.8987
vn 0.0092 0.0028 -1.0000
vn -0.0053 -0.0060 -1.0000
vn 0.2340 -0.3709 -0.8987
vn 0.0096 0.0005 -1.0000
vn -0.0066 -0.0045 -1.0000
vn 0.1384 -0.4160 -0.8988
vn 0.0095 -0.0018 -1.0000
vn -0.0075 -0.0029 -1.0000
vn 0.0348 -0.4371 -0.8987
vn 0.0087 -0.0041 -1.0000
vn -0.0079 -0.0010 -1.0000
vn -0.0708 -0.4327 -0.8988
vn 0.0075 -0.0060 -1.0000
vn -0.0079 0.0010 -1.0000
vn -0.1723 -0.4032 -0.8988
vn -0.2517 -0.0876 -0.9638
vn -0.3018 -0.3677 -0.8796
vn -0.2908 -0.3762 -0.8797
vn -0.3761 -0.2906 -0.8798
vn -0.3676 -0.3016 -0.8797
vn -0.0874 -0.2515 -0.9639
vn -0.4348 -0.1921 -0.8798
vn -0.4292 -0.2050 -0.8797
vn -0.1452 -0.2235 -0.9638
vn -0.4682 -0.0827 -0.8797
vn -0.4659 -0.0963 -0.8796
vn -0.1945 -0.1822 -0.9638
vn -0.4747 0.0318 -0.8796
vn -0.4757 0.0180 -0.8794
vn -0.2330 -0.1304 -0.9637
vn -0.1709 0.2042 -0.9639
vn -0.4506 0.1517 -0.8797
vn -0.4545 0.1384 -0.8799
vn -0.4050 0.2485 -0.8799
vn -0.4123 0.2366 -0.8798
vn -0.2660 -0.0077 -0.9640
vn -0.3338 0.3383 -0.8798
vn -0.3438 0.3285 -0.8797
vn -0.2604 0.0564 -0.9639
vn 0.0073 0.2664 -0.9638
vn -0.2369 0.4125 -0.8796
vn -0.2486 0.4052 -0.8798
vn 0.0709 0.2569 -0.9638
vn -0.1312 0.4572 -0.8796
vn -0.1444 0.4529 -0.8798
vn -0.0256 0.4747 -0.8798
vn -0.0395 0.4740 -0.8796
vn -0.1574 0.2149 -0.9639
vn 0.1822 0.1942 -0.9639
vn 0.0963 0.4657 -0.8797
vn 0.0825 0.4681 -0.8798
vn 0.1859 0.4378 -0.8796
vn -0.0327 0.2587 -0.9654
vn 0.2166 0.1468 -0.9652
vn 0.2958 0.3724 -0.8797
vn 0.2849 0.3811 -0.8796
vn 0.0248 0.2655 -0.9638
vn 0.3760 0.2906 -0.8798
vn 0.3676 0.3016 -0.8797
vn 0.0874 0.2515 -0.9639
vn 0.2628 -0.0399 -0.9640
vn 0.4377 0.1851 -0.8798
vn 0.4319 0.1978 -0.8800
vn 0.4661 0.0956 -0.8795
vn 0.1945 0.1738 -0.9654
vn 0.2440 -0.0949 -0.9651
vn 0.4743 -0.0318 -0.8798
vn 0.4753 -0.0180 -0.8797
vn 0.2318 0.1305 -0.9640
vn 0.4529 -0.1445 -0.8798
vn 0.4572 -0.1312 -0.8797
vn 0.2566 0.0710 -0.9639
vn 0.1174 -0.2393 -0.9638
vn 0.4016 -0.2553 -0.8795
vn 0.4087 -0.2434 -0.8796
vn 0.3342 -0.3386 -0.8796
vn 0.3441 -0.3288 -0.8795
vn 0.2605 -0.0566 -0.9638
vn 0.2433 -0.4083 -0.8798
vn 0.2552 -0.4013 -0.8797
vn 0.2392 -0.1170 -0.9639
vn -0.0710 -0.2567 -0.9639
vn 0.1312 -0.4572 -0.8796
vn 0.1444 -0.4529 -0.8798
vn -0.1303 -0.2322 -0.9639
vn 0.0180 -0.4752 -0.8797
vn 0.0319 -0.4743 -0.8798
vn -0.1821 -0.1942 -0.9639
vn -0.0963 -0.4657 -0.8797
vn -0.0826 -0.4680 -0.8799
vn -0.2234 -0.1450 -0.9639
vn -0.2050 -0.4292 -0.8797
vn -0.1922 -0.4348 -0.8798
vn 0.1145 0.1893 -0.9752
vn 0.1626 0.1626 -0.9732
vn 0.1448 0.0875 -0.9856
vn 0.2212 -0.1733 -0.9597
vn -0.0054 -0.0172 -0.9998
vn -0.1189 -0.1966 -0.9732
vn 0.0172 -0.1966 -0.9803
vn 0.0680 -0.2896 -0.9547
vn -0.2973 -0.0033 -0.9548
vn -0.0033 -0.2974 -0.9547
vn -0.2895 0.0680 -0.9548
vn -0.1965 0.0171 -0.9804
vn -0.2648 0.1353 -0.9548
vn -0.2247 0.1947 -0.9548
vn -0.1716 0.2429 -0.9548
vn -0.1358 0.1431 -0.9803
vn -0.1777 -0.0858 -0.9803
vn -0.2466 -0.1662 -0.9548
vn -0.1085 0.2769 -0.9548
vn -0.1930 -0.0406 -0.9803
vn -0.2792 -0.1023 -0.9548
vn -0.0391 0.2948 -0.9548
vn -0.2956 -0.0326 -0.9547
vn 0.0326 0.2956 -0.9548
vn -0.2948 0.0391 -0.9547
vn 0.1024 0.2792 -0.9548
vn 0.1662 0.2466 -0.9548
vn 0.0857 0.1777 -0.9803
vn -0.2429 0.1716 -0.9548
vn 0.2204 0.1997 -0.9548
vn -0.1065 0.1661 -0.9803
vn -0.1947 0.2248 -0.9548
vn 0.2618 0.1411 -0.9548
vn -0.1353 0.2649 -0.9548
vn 0.2880 0.0743 -0.9547
vn -0.0680 0.2895 -0.9548
vn 0.2973 0.0033 -0.9548
vn 0.0033 0.2974 -0.9548
vn 0.2896 -0.0680 -0.9547
vn 0.0744 0.2880 -0.9547
vn 0.1411 0.2618 -0.9548
vn 0.2248 -0.1947 -0.9548
vn 0.1716 -0.2428 -0.9548
vn 0.1358 -0.1431 -0.9804
vn 0.1085 -0.2769 -0.9548
vn 0.2792 0.1023 -0.9548
vn 0.0391 -0.2948 -0.9548
vn 0.2956 0.0326 -0.9548
vn -0.0326 -0.2956 -0.9547
vn 0.2948 -0.0391 -0.9547
vn -0.1024 -0.2792 -0.9547
vn 0.2769 -0.1085 -0.9547
vn -0.1662 -0.2466 -0.9548
vn 0.1431 -0.1358 -0.9804
vn 0.2428 -0.1716 -0.9548
vn -0.2203 -0.1996 -0.9548
vn 0.1947 -0.2248 -0.9548
vn -0.2618 -0.1411 -0.9548
vn -0.2880 -0.0743 -0.9547
vn -0.3679 -0.0835 -0.9261
vn 0.0969 -0.3647 -0.9261
vn -0.3772 0.0069 -0.9261
vn 0.0068 -0.3773 -0.9261
vn -0.3646 0.0970 -0.9261
vn -0.0836 -0.3679 -0.9261
vn -0.0874 -0.1917 -0.9776
vn -0.2015 0.0616 -0.9776
vn -0.3309 0.1813 -0.9261
vn -0.1692 -0.3373 -0.9261
vn -0.1808 0.1080 -0.9776
vn -0.2779 0.2552 -0.9261
vn -0.2450 -0.2868 -0.9261
vn -0.2087 0.3143 -0.9261
vn -0.3067 -0.2201 -0.9260
vn -0.1926 -0.0855 -0.9776
vn -0.1275 0.3552 -0.9261
vn -0.3503 -0.1402 -0.9261
vn -0.0386 0.3753 -0.9261
vn -0.3736 -0.0522 -0.9261
vn -0.2102 0.0138 -0.9776
vn 0.0522 0.3736 -0.9261
vn 0.0370 0.2074 -0.9776
vn 0.1402 0.3502 -0.9261
vn -0.3550 0.1273 -0.9262
vn 0.2199 0.3064 -0.9261
vn -0.3143 0.2086 -0.9261
vn -0.1481 0.1496 -0.9776
vn -0.2553 0.2778 -0.9261
vn -0.1081 0.1808 -0.9776
vn -0.1813 0.3310 -0.9261
vn 0.3678 0.0836 -0.9262
vn -0.0969 0.3646 -0.9261
vn 0.2071 0.0389 -0.9776
vn 0.3774 -0.0069 -0.9260
vn -0.0068 0.3771 -0.9261
vn 0.3645 -0.0968 -0.9261
vn 0.0837 0.3679 -0.9261
vn 0.0874 0.1918 -0.9775
vn 0.2015 -0.0618 -0.9775
vn 0.3309 -0.1814 -0.9261
vn 0.1693 0.3371 -0.9261
vn 0.2779 -0.2552 -0.9261
vn 0.2450 0.2869 -0.9261
vn 0.1497 -0.1482 -0.9776
vn 0.2087 -0.3143 -0.9261
vn 0.3065 0.2199 -0.9261
vn 0.1274 -0.3550 -0.9261
vn 0.3504 0.1403 -0.9260
vn 0.0387 -0.3753 -0.9261
vn -0.0522 -0.3737 -0.9261
vn -0.1402 -0.3502 -0.9261
vn 0.3553 -0.1273 -0.9260
vn 0.1798 -0.1099 -0.9776
vn -0.2199 -0.3066 -0.9261
vn 0.3144 -0.2088 -0.9260
vn 0.2553 -0.2778 -0.9261
vn -0.3372 -0.1693 -0.9261
vn 0.1814 -0.3310 -0.9261
vn 0.1520 -0.2515 -0.9558
vn 0.2313 -0.1812 -0.9559
vn 0.2078 -0.2078 -0.9559
vn -0.0015 0.0017 -1.0000
vn 0.2577 -0.0803 -0.9629
vn 0.2073 0.2073 -0.9560
vn 0.2476 0.0149 -0.9687
vn -0.0023 0.0001 -1.0000
vn -0.0022 -0.0006 -1.0000
vn -0.1808 0.2307 -0.9561
vn -0.0815 0.2613 -0.9618
vn -0.2887 0.0529 -0.9560
vn -0.2675 0.1203 -0.9560
vn -0.0809 -0.2595 -0.9623
vn -0.2312 -0.1811 -0.9559
vn 0.6990 0.7152 -0.0012
vn 0.6257 0.7800 0.0008
vn 0.6257 0.7800 0.0006
vn 0.5673 0.8235 -0.0008
vn 0.5741 0.8158 0.0701
vn 0.2600 0.9575 0.1249
vn 0.2867 0.9580 0.0008
vn 0.1915 0.9815 -0.0012
vn 0.1915 0.9815 0.0006
vn 0.1197 0.9928 -0.0008
vn 0.1293 0.9891 0.0702
vn 0.4208 -0.9072 -0.0011
vn 0.5075 -0.8617 0.0008
vn 0.5075 -0.8617 0.0006
vn 0.5687 -0.8225 -0.0008
vn 0.5590 -0.8262 0.0701
vn 0.7944 -0.5999 0.0951
vn 0.7513 -0.6482 0.1241
vn 0.7518 -0.6594 -0.0004
vn 0.7941 -0.6077 -0.0011
vn 0.8497 -0.5272 0.0008
vn 0.8497 -0.5272 0.0007
vn 0.8858 -0.4640 -0.0008
vn 0.8789 -0.4718 0.0701
vn 0.7314 0.6704 0.1249
vn 0.7454 0.6666 0.0002
vn 0.6990 0.7152 -0.0005
vn 0.9165 0.4000 0.0006
vn 0.8850 0.4657 -0.0008
vn 0.8875 0.4554 0.0701
vn 0.9855 -0.1694 -0.0011
vn 0.9974 -0.0718 0.0008
vn 0.9974 -0.0719 0.0006
vn 1.0000 0.0011 -0.0008
vn 0.9975 -0.0092 0.0702
vn 0.9472 0.3107 0.0787
vn 0.9479 0.3185 0.0011
vn 0.9165 0.3999 -0.0011
vn -0.1364 0.9828 0.1249
vn -0.1252 0.9921 0.0002
vn -0.1915 0.9815 -0.0005
vn -0.2018 0.9748 0.0953
vn -0.1915 0.9815 0.0008
vn -0.2866 0.9581 -0.0012
vn -0.9664 0.2474 0.0700
vn -0.9490 0.3067 0.0724
vn -0.9513 0.3083 0.0002
vn -0.6256 0.7802 -0.0011
vn -0.6990 0.7151 0.0008
vn -0.7408 0.6681 0.0700
vn -0.6977 0.7128 0.0724
vn -0.6990 0.7152 0.0002
vn -0.9178 0.3771 0.1241
vn -0.9165 0.4001 -0.0000
vn 0.0490 -0.9988 0.0006
vn 0.1214 -0.9926 -0.0008
vn 0.1111 -0.9913 0.0701
vn -0.4209 -0.9071 0.0006
vn -0.3538 -0.9353 -0.0008
vn -0.3624 -0.9294 0.0702
vn -0.0492 -0.9988 -0.0011
vn 0.0490 -0.9988 0.0008
vn -0.9875 -0.0965 0.1249
vn -0.9974 -0.0717 0.0008
vn -0.9878 -0.1555 -0.0003
vn -0.5074 -0.8617 -0.0012
vn -0.4209 -0.9071 0.0008
vn -0.4210 -0.9041 0.0737
vn -0.5641 -0.8257 -0.0012
vn -0.5074 -0.8617 0.0008
vn -0.5001 -0.8607 0.0953
vn -0.8499 -0.5270 -0.0011
vn -0.7941 -0.6078 0.0008
vn -0.7941 -0.6078 0.0007
vn -0.7479 -0.6638 -0.0008
vn -0.7528 -0.6545 0.0701
vn 0.2118 0.3241 -0.9220
vn 0.4955 0.8144 -0.3022
vn 0.5836 0.7538 -0.3019
vn 0.1069 0.5248 -0.8445
vn 0.1746 0.9370 -0.3025
vn 0.2785 0.9117 -0.3022
vn 0.2887 0.9085 -0.3022
vn 0.3886 0.8703 -0.3025
vn 0.1362 0.3376 -0.9314
vn 0.1623 0.3259 -0.9314
vn 0.3937 0.8680 -0.3025
vn 0.4886 0.8186 -0.3020
vn 0.0630 0.9511 -0.3023
vn 0.1691 0.9380 -0.3026
vn 0.0861 0.5285 -0.8446
vn -0.0061 0.3440 -0.9389
vn -0.0548 0.9515 -0.3026
vn 0.0522 0.9518 -0.3023
vn 0.2495 0.2960 -0.9220
vn 0.5901 0.7486 -0.3023
vn 0.6703 0.6779 -0.3020
vn -0.0960 0.3558 -0.9296
vn -0.2809 0.9108 -0.3025
vn -0.1772 0.9366 -0.3023
vn -0.1665 0.9386 -0.3022
vn -0.0603 0.9512 -0.3026
vn -0.0353 0.3423 -0.9389
vn -0.6702 0.6780 -0.3018
vn -0.5900 0.7487 -0.3021
vn -0.2494 0.2963 -0.9220
vn -0.5837 0.7538 -0.3018
vn -0.4956 0.8143 -0.3023
vn -0.2120 0.3240 -0.9220
vn -0.3863 0.8715 -0.3022
vn -0.2862 0.9091 -0.3025
vn -0.1231 0.3473 -0.9296
vn -0.1883 0.3383 -0.9220
vn -0.4907 0.8172 -0.3024
vn -0.3961 0.8671 -0.3021
vn -0.9391 -0.1665 -0.3007
vn -0.9517 -0.0602 -0.3010
vn -0.3860 -0.0370 -0.9218
vn -0.9523 -0.0521 -0.3007
vn -0.9520 0.0547 -0.3011
vn -0.3875 0.0096 -0.9218
vn -0.9086 0.2889 -0.3016
vn -0.8705 0.3889 -0.3018
vn -0.3586 0.1465 -0.9219
vn -0.9369 0.1772 -0.3013
vn -0.9110 0.2810 -0.3018
vn -0.3737 0.1021 -0.9219
vn -0.9516 0.0630 -0.3008
vn -0.9384 0.1692 -0.3014
vn -0.3835 0.0565 -0.9218
vn -0.7472 0.5922 -0.3017
vn -0.6760 0.6721 -0.3021
vn -0.2834 0.2639 -0.9220
vn -0.8672 0.3963 -0.3015
vn -0.8173 0.4908 -0.3019
vn -0.3385 0.1885 -0.9219
vn -0.8131 0.4980 -0.3015
vn -0.7521 0.5858 -0.3020
vn -0.3132 0.2281 -0.9219
vn -0.9121 -0.2786 -0.3008
vn -0.9374 -0.1746 -0.3012
vn -0.3784 -0.0834 -0.9219
vn -0.7543 -0.5840 -0.2998
vn -0.8149 -0.4958 -0.3002
vn -0.3247 -0.2122 -0.9217
vn -0.8192 -0.4889 -0.3000
vn -0.8685 -0.3940 -0.3007
vn -0.3477 -0.1716 -0.9218
vn -0.8720 -0.3865 -0.3003
vn -0.9097 -0.2863 -0.3008
vn -0.3660 -0.1283 -0.9217
vn -0.6779 -0.6709 -0.3005
vn -0.7491 -0.5904 -0.3003
vn -0.2964 -0.2498 -0.9218
vn 0.5021 -0.8114 -0.2991
vn 0.2053 -0.3297 -0.9215
vn 0.2319 -0.3112 -0.9216
vn 0.7570 -0.5807 -0.2996
vn 0.3087 -0.2356 -0.9215
vn 0.3268 -0.2089 -0.9217
vn 0.6816 -0.6677 -0.2994
vn 0.2784 -0.2710 -0.9215
vn 0.2997 -0.2468 -0.9216
vn 0.5961 -0.7451 -0.2992
vn 0.2434 -0.3028 -0.9215
vn 0.2674 -0.2812 -0.9216
vn 0.9400 -0.1623 -0.3001
vn 0.3629 -0.0615 -0.9298
vn 0.5350 -0.0404 -0.8439
vn 0.9136 -0.2744 -0.3000
vn 0.3502 -0.1037 -0.9309
vn 0.3599 -0.0757 -0.9299
vn 0.8215 -0.4852 -0.2996
vn 0.3348 -0.1964 -0.9216
vn 0.3497 -0.1677 -0.9217
vn 0.8739 -0.3827 -0.2996
vn 0.3561 -0.1548 -0.9215
vn 0.3454 -0.1180 -0.9310
vn 0.7444 0.5957 -0.3015
vn 0.3020 0.2432 -0.9218
vn 0.2805 0.2673 -0.9219
vn 0.9076 0.2930 -0.3007
vn 0.5144 0.1652 -0.8415
vn 0.3403 0.1423 -0.9295
vn 0.8655 0.4003 -0.3010
vn 0.3343 0.1562 -0.9294
vn 0.3175 0.1808 -0.9309
vn 0.8110 0.5016 -0.3012
vn 0.3103 0.1933 -0.9308
vn 0.3109 0.2312 -0.9219
vn 0.9527 -0.0478 -0.3001
vn 0.5360 -0.0275 -0.8437
vn 0.3436 0.0110 -0.9391
vn 0.9363 0.1816 -0.3006
vn 0.3380 0.0673 -0.9388
vn 0.5176 0.1532 -0.8418
vn 0.9515 0.0672 -0.3003
vn 0.3432 0.0256 -0.9389
vn 0.3405 0.0520 -0.9388
vn 0.4005 -0.8662 -0.2989
vn 0.1547 -0.3319 -0.9305
vn 0.1925 -0.3371 -0.9216
vn 0.2933 -0.9081 -0.2988
vn 0.1150 -0.3514 -0.9292
vn 0.1414 -0.3375 -0.9306
vn -0.0121 -0.3646 -0.9311
vn 0.0172 -0.3679 -0.9297
vn 0.0478 -0.9526 -0.3003
vn 0.0319 -0.3666 -0.9298
vn 0.0924 -0.5329 -0.8411
vn 0.1619 -0.9402 -0.2996
vn 0.1812 -0.9367 -0.2995
vn 0.1017 -0.5312 -0.8411
vn 0.1005 -0.3555 -0.9293
vn -0.1822 -0.3194 -0.9299
vn -0.2252 -0.4883 -0.8432
vn -0.4006 -0.8661 -0.2989
vn -0.2131 -0.4933 -0.8434
vn -0.1139 -0.3491 -0.9302
vn -0.2932 -0.9082 -0.2988
vn -0.0558 -0.3598 -0.9313
vn -0.0267 -0.3640 -0.9310
vn -0.0669 -0.9517 -0.2996
vn -0.2746 -0.9140 -0.2988
vn -0.1046 -0.3520 -0.9301
vn -0.0754 -0.3563 -0.9313
vn -0.2172 -0.2931 -0.9311
vn -0.1949 -0.3122 -0.9298
vn -0.5023 -0.8111 -0.2997
vn -0.2673 -0.2812 -0.9217
vn -0.2292 -0.2843 -0.9309
vn -0.5959 -0.7447 -0.3005
vn 0.0288 0.0452 0.9986
vn 0.0288 0.0453 0.9986
vn 0.5719 0.8201 0.0181
vn 0.0249 0.0473 0.9986
vn 0.0250 0.0474 0.9986
vn 0.4980 0.8671 -0.0085
vn 0.0206 0.0493 0.9986
vn 0.4286 0.9035 -0.0085
vn 0.3510 0.9363 -0.0100
vn 0.0167 0.0510 0.9986
vn 0.3499 0.9367 -0.0101
vn 0.2661 0.9612 0.0732
vn 0.0125 0.0522 0.9986
vn 0.2649 0.9615 0.0733
vn 0.1916 0.9812 0.0214
vn 0.0082 0.0530 0.9986
vn 0.1905 0.9815 0.0212
vn 0.1285 0.9915 0.0180
vn 0.0044 0.0535 0.9986
vn 0.0045 0.0534 0.9986
vn 0.1252 0.9920 0.0181
vn 0.0393 0.9992 -0.0085
vn -0.0400 0.9992 -0.0085
vn 0.0004 0.0536 0.9986
vn -0.0047 0.0534 0.9986
vn -0.0404 0.9991 -0.0085
vn -0.1320 0.9885 0.0733
vn -0.0089 0.0529 0.9986
vn -0.1334 0.9884 0.0732
vn -0.1987 0.9791 0.0431
vn -0.0132 0.0520 0.9986
vn -0.2001 0.9788 0.0431
vn -0.2642 0.9617 0.0731
vn -0.0169 0.0508 0.9986
vn -0.0169 0.0510 0.9986
vn -0.2673 0.9608 0.0732
vn -0.3510 0.9363 -0.0099
vn -0.4286 0.9034 -0.0084
vn -0.0206 0.0493 0.9986
vn -0.4296 0.9030 -0.0085
vn -0.4997 0.8661 -0.0085
vn -0.0246 0.0476 0.9986
vn -0.0289 0.0450 0.9986
vn -0.5000 0.8660 -0.0085
vn -0.5713 0.8207 -0.0102
vn -0.0325 0.0426 0.9986
vn -0.5723 0.8200 -0.0102
vn -0.6398 0.7651 0.0732
vn -0.0359 0.0400 0.9986
vn -0.6408 0.7642 0.0731
vn -0.6987 0.7151 0.0213
vn -0.7001 0.7138 0.0213
vn -0.7435 0.6685 0.0181
vn -0.0385 0.0374 0.9986
vn -0.7444 0.6675 0.0182
vn -0.7993 0.6009 -0.0084
vn -0.0412 0.0341 0.9986
vn -0.7999 0.6000 -0.0086
vn -0.8449 0.5349 -0.0086
vn -0.0438 0.0307 0.9986
vn -0.0464 0.0264 0.9986
vn -0.8451 0.5345 -0.0085
vn -0.8872 0.4613 -0.0103
vn -0.0486 0.0228 0.9986
vn -0.8878 0.4601 -0.0104
vn -0.9221 0.3801 0.0730
vn -0.9228 0.3782 0.0733
vn -0.9512 0.3078 0.0214
vn -0.0500 0.0193 0.9986
vn -0.9516 0.3066 0.0213
vn -0.9690 0.2464 0.0182
vn -0.0513 0.0152 0.9986
vn -0.0526 0.0104 0.9986
vn -0.9691 0.2459 0.0181
vn -0.9868 0.1614 -0.0086
vn -0.0532 0.0061 0.9986
vn -0.9870 0.1603 -0.0084
vn -0.9966 0.0819 -0.0084
vn -0.0533 0.0018 0.9986
vn -0.9967 0.0804 -0.0083
vn -0.9999 -0.0040 -0.0100
vn -0.0535 -0.0025 0.9986
vn -0.9999 -0.0053 -0.0101
vn -0.9931 -0.0919 0.0733
vn -0.9929 -0.0941 0.0733
vn -0.9853 -0.1695 0.0214
vn -0.0533 -0.0061 0.9986
vn -0.0524 -0.0106 0.9986
vn -0.0525 -0.0106 0.9986
vn -0.9848 -0.1721 0.0214
vn -0.0515 -0.0153 0.9986
vn -0.9703 -0.2395 0.0331
vn -0.9488 -0.3156 -0.0086
vn -0.9483 -0.3173 -0.0086
vn -0.9201 -0.3916 -0.0086
vn -0.0502 -0.0187 0.9986
vn -0.0481 -0.0232 0.9986
vn -0.9199 -0.3921 -0.0085
vn -0.8835 -0.4683 -0.0102
vn -0.0463 -0.0271 0.9986
vn -0.8830 -0.4693 -0.0103
vn -0.8366 -0.5429 0.0730
vn -0.0442 -0.0304 0.9986
vn -0.0443 -0.0304 0.9986
vn -0.8347 -0.5458 0.0731
vn -0.0416 -0.0338 0.9986
vn -0.0417 -0.0338 0.9986
vn -0.7921 -0.6100 0.0211
vn -0.0384 -0.0374 0.9986
vn -0.7530 -0.6578 0.0181
vn -0.6935 -0.7204 -0.0085
vn -0.0357 -0.0401 0.9986
vn -0.6911 -0.7227 -0.0086
vn -0.6318 -0.7751 -0.0083
vn -0.5561 -0.8279 0.0734
vn -0.0324 -0.0426 0.9986
vn -0.0287 -0.0453 0.9986
vn -0.0288 -0.0452 0.9986
vn -0.5538 -0.8294 0.0733
vn -0.0250 -0.0474 0.9986
vn -0.0251 -0.0475 0.9986
vn -0.4975 -0.8664 0.0431
vn -0.0211 -0.0493 0.9986
vn -0.0212 -0.0493 0.9986
vn -0.4181 -0.9082 0.0212
vn -0.0166 -0.0509 0.9986
vn -0.3611 -0.9324 0.0183
vn -0.2790 -0.9602 -0.0084
vn -0.0129 -0.0518 0.9986
vn -0.0129 -0.0520 0.9986
vn -0.2760 -0.9611 -0.0084
vn -0.0083 -0.0528 0.9986
vn -0.1998 -0.9798 -0.0086
vn -0.1166 -0.9931 -0.0102
vn -0.0040 -0.0534 0.9986
vn -0.1153 -0.9933 -0.0102
vn -0.0285 -0.9969 0.0733
vn 0.0004 -0.0537 0.9986
vn -0.0270 -0.9969 0.0732
vn 0.0486 -0.9986 0.0213
vn 0.0047 -0.0534 0.9986
vn 0.0499 -0.9985 0.0213
vn 0.1123 -0.9935 0.0181
vn 0.0089 -0.0528 0.9986
vn 0.1137 -0.9934 0.0182
vn 0.1991 -0.9799 -0.0085
vn 0.0127 -0.0519 0.9986
vn 0.0127 -0.0521 0.9986
vn 0.2022 -0.9793 -0.0084
vn 0.0172 -0.0506 0.9986
vn 0.2784 -0.9604 -0.0085
vn 0.3581 -0.9336 -0.0099
vn 0.0213 -0.0492 0.9986
vn 0.3592 -0.9332 -0.0101
vn 0.4381 -0.8959 0.0731
vn 0.0252 -0.0474 0.9986
vn 0.4394 -0.8953 0.0731
vn 0.5071 -0.8616 0.0212
vn 0.0289 -0.0451 0.9986
vn 0.5083 -0.8609 0.0212
vn 0.5613 -0.8274 0.0180
vn 0.0321 -0.0429 0.9986
vn 0.5639 -0.8257 0.0181
vn 0.0354 -0.0402 0.9986
vn 0.6342 -0.7732 -0.0084
vn 0.0390 -0.0370 0.9986
vn 0.6929 -0.7210 -0.0085
vn 0.7543 -0.6524 0.0732
vn 0.0418 -0.0336 0.9986
vn 0.7554 -0.6512 0.0732
vn 0.7981 -0.6010 0.0431
vn 0.0443 -0.0302 0.9986
vn 0.7989 -0.5999 0.0433
vn 0.8494 -0.5273 0.0214
vn 0.8504 -0.5257 0.0213
vn 0.8818 -0.4713 0.0181
vn 0.0462 -0.0271 0.9986
vn 0.8824 -0.4702 0.0181
vn 0.9199 -0.3919 -0.0085
vn 0.0482 -0.0233 0.9986
vn 0.0501 -0.0186 0.9986
vn 0.9200 -0.3918 -0.0083
vn 0.9483 -0.3174 -0.0083
vn 0.0514 -0.0145 0.9986
vn 0.9486 -0.3163 -0.0086
vn 0.9718 -0.2354 -0.0103
vn 0.0526 -0.0104 0.9986
vn 0.9721 -0.2343 -0.0102
vn 0.9862 -0.1485 0.0732
vn 0.0533 -0.0061 0.9986
vn 0.9864 -0.1471 0.0732
vn 0.9972 -0.0723 0.0213
vn 0.0535 -0.0018 0.9986
vn 0.9972 -0.0709 0.0215
vn 0.9998 -0.0082 0.0183
vn 0.0535 0.0025 0.9986
vn 0.9998 -0.0069 0.0183
vn 0.9968 0.0796 -0.0083
vn 0.9966 0.0816 -0.0086
vn 0.9870 0.1603 -0.0086
vn 0.0533 0.0061 0.9986
vn 0.9868 0.1614 -0.0085
vn 0.9699 0.2387 0.0483
vn 0.0527 0.0104 0.9986
vn 0.0516 0.0148 0.9986
vn 0.9692 0.2413 0.0483
vn 0.9502 0.3105 0.0264
vn 0.9161 0.4003 0.0213
vn 0.0502 0.0187 0.9986
vn 0.0483 0.0233 0.9986
vn 0.9160 0.4007 0.0212
vn 0.8891 0.4574 0.0181
vn 0.0462 0.0271 0.9986
vn 0.8885 0.4586 0.0182
vn 0.8455 0.5338 -0.0084
vn 0.0442 0.0304 0.9986
vn 0.8439 0.5364 -0.0085
vn 0.0415 0.0338 0.9986
vn 0.0416 0.0338 0.9986
vn 0.7981 0.6024 -0.0085
vn 0.0388 0.0371 0.9986
vn 0.7363 0.6727 0.0732
vn 0.0353 0.0403 0.9986
vn 0.6919 0.7207 0.0431
vn 0.6258 0.7797 0.0213
vn 0.0319 0.0431 0.9986
vn 0.6248 0.7805 0.0213
vn 0.5745 0.8183 0.0180
vn -0.1611 -0.2370 0.9581
vn -0.0260 -0.0411 0.9988
vn -0.0259 -0.0411 0.9988
vn -0.0227 -0.0430 0.9988
vn -0.0227 -0.0432 0.9988
vn -0.0192 -0.0449 0.9988
vn -0.0192 -0.0448 0.9988
vn -0.0155 -0.0462 0.9988
vn -0.0154 -0.0461 0.9988
vn -0.0117 -0.0471 0.9988
vn -0.0117 -0.0472 0.9988
vn -0.0554 -0.2812 0.9580
vn -0.0077 -0.0480 0.9988
vn -0.0325 -0.2848 0.9580
vn -0.0039 -0.0485 0.9988
vn -0.0038 -0.0484 0.9988
vn 0.0004 -0.0486 0.9988
vn 0.0096 -0.2865 0.9580
vn 0.0038 -0.0485 0.9988
vn 0.0039 -0.0484 0.9988
vn 0.0077 -0.0480 0.9988
vn 0.0117 -0.0472 0.9988
vn 0.0117 -0.0471 0.9988
vn 0.0154 -0.0460 0.9988
vn 0.0155 -0.0461 0.9988
vn 0.0191 -0.0448 0.9988
vn 0.0192 -0.0448 0.9988
vn 0.0227 -0.0432 0.9988
vn 0.0228 -0.0431 0.9988
vn 0.1451 -0.2472 0.9580
vn 0.0261 -0.0412 0.9988
vn 0.0262 -0.0411 0.9988
vn 0.0293 -0.0389 0.9988
vn 0.0292 -0.0387 0.9988
vn 0.0321 -0.0363 0.9988
vn 0.0322 -0.0365 0.9988
vn 0.1970 -0.2080 0.9581
vn 0.0350 -0.0338 0.9988
vn 0.0376 -0.0309 0.9988
vn 0.0377 -0.0308 0.9988
vn 0.0400 -0.0276 0.9988
vn 0.0403 -0.0276 0.9988
vn 0.0423 -0.0244 0.9988
vn 0.0423 -0.0243 0.9988
vn 0.0439 -0.0209 0.9988
vn 0.0437 -0.0208 0.9988
vn 0.0454 -0.0171 0.9988
vn 0.0455 -0.0171 0.9988
vn 0.0466 -0.0136 0.9988
vn 0.0467 -0.0136 0.9988
vn 0.2777 -0.0705 0.9581
vn 0.0477 -0.0097 0.9988
vn 0.0477 -0.0096 0.9988
vn 0.0483 -0.0060 0.9988
vn 0.0484 -0.0059 0.9988
vn 0.2856 -0.0250 0.9580
vn 0.2858 -0.0210 0.9581
vn 0.0486 -0.0019 0.9988
vn 0.0486 -0.0018 0.9988
vn 0.0487 0.0020 0.9988
vn 0.0484 0.0021 0.9988
vn 0.2856 0.0250 0.9580
vn 0.0481 0.0059 0.9988
vn 0.0482 0.0060 0.9988
vn 0.0478 0.0096 0.9988
vn 0.0479 0.0097 0.9988
vn 0.0466 0.0135 0.9988
vn 0.0466 0.0136 0.9988
vn 0.0455 0.0171 0.9988
vn 0.0456 0.0172 0.9988
vn 0.2644 0.1104 0.9581
vn 0.0440 0.0209 0.9988
vn 0.0439 0.0210 0.9988
vn 0.0423 0.0243 0.9988
vn 0.0421 0.0242 0.9988
vn 0.2434 0.1516 0.9580
vn 0.0400 0.0275 0.9988
vn 0.0400 0.0276 0.9988
vn 0.2303 0.1707 0.9580
vn 0.0376 0.0308 0.9988
vn 0.0376 0.0309 0.9988
vn 0.2132 0.1916 0.9581
vn 0.0350 0.0337 0.9988
vn 0.0350 0.0338 0.9988
vn 0.1971 0.2080 0.9581
vn 0.0322 0.0364 0.9988
vn 0.0321 0.0364 0.9988
vn 0.0293 0.0388 0.9988
vn 0.0261 0.0410 0.9988
vn 0.0260 0.0410 0.9988
vn 0.1450 0.2472 0.9580
vn 0.0228 0.0431 0.9988
vn 0.0227 0.0431 0.9988
vn 0.1247 0.2583 0.9580
vn 0.0192 0.0447 0.9988
vn 0.0191 0.0447 0.9988
vn 0.0155 0.0461 0.9988
vn 0.0154 0.0461 0.9988
vn 0.0118 0.0472 0.9988
vn 0.0117 0.0474 0.9988
vn 0.0554 0.2812 0.9580
vn 0.0077 0.0482 0.9988
vn 0.0077 0.0481 0.9988
vn 0.0039 0.0486 0.9988
vn 0.0038 0.0484 0.9988
vn 0.0001 0.0485 0.9988
vn 0.0001 0.0486 0.9988
vn -0.0038 0.0485 0.9988
vn -0.0039 0.0485 0.9988
vn -0.0326 0.2848 0.9580
vn -0.0077 0.0480 0.9988
vn -0.0554 0.2812 0.9580
vn -0.0117 0.0472 0.9988
vn -0.0118 0.0474 0.9988
vn -0.0155 0.0463 0.9988
vn -0.0155 0.0462 0.9988
vn -0.1036 0.2674 0.9580
vn -0.0192 0.0448 0.9988
vn -0.0192 0.0447 0.9988
vn -0.0226 0.0429 0.9988
vn -0.0227 0.0431 0.9988
vn -0.0258 0.0411 0.9988
vn -0.0259 0.0411 0.9988
vn -0.1612 0.2369 0.9581
vn -0.0291 0.0389 0.9988
vn -0.0292 0.0389 0.9988
vn -0.0326 0.0361 0.9988
vn -0.1972 0.2082 0.9580
vn -0.1829 0.2208 0.9580
vn -0.0350 0.0338 0.9988
vn -0.0351 0.0338 0.9988
vn -0.0376 0.0309 0.9988
vn -0.0376 0.0308 0.9988
vn -0.2279 0.1738 0.9580
vn -0.0399 0.0277 0.9988
vn -0.0400 0.0277 0.9988
vn -0.2434 0.1517 0.9580
vn -0.0422 0.0243 0.9988
vn -0.0422 0.0242 0.9988
vn -0.2549 0.1314 0.9580
vn -0.0440 0.0208 0.9988
vn -0.0440 0.0207 0.9988
vn -0.2645 0.1104 0.9581
vn -0.0455 0.0171 0.9988
vn -0.0457 0.0171 0.9988
vn -0.0468 0.0137 0.9988
vn -0.0468 0.0136 0.9988
vn -0.0476 0.0093 0.9988
vn -0.2827 0.0480 0.9580
vn -0.0482 0.0058 0.9988
vn -0.0483 0.0057 0.9988
vn -0.0486 0.0021 0.9988
vn -0.0486 0.0020 0.9988
vn -0.2866 0.0020 0.9580
vn -0.2865 -0.0020 0.9581
vn -0.0485 -0.0020 0.9988
vn -0.0486 -0.0021 0.9988
vn -0.0483 -0.0057 0.9988
vn -0.0484 -0.0058 0.9988
vn -0.2827 -0.0480 0.9580
vn -0.0476 -0.0098 0.9988
vn -0.0467 -0.0136 0.9988
vn -0.0456 -0.0172 0.9988
vn -0.0441 -0.0208 0.9988
vn -0.0421 -0.0242 0.9988
vn -0.0421 -0.0243 0.9988
vn -0.0400 -0.0276 0.9988
vn -0.0399 -0.0277 0.9988
vn -0.2279 -0.1738 0.9580
vn -0.0376 -0.0308 0.9988
vn -0.2132 -0.1915 0.9580
vn -0.0350 -0.0338 0.9988
vn -0.0324 -0.0364 0.9988
vn -0.0324 -0.0365 0.9988
vn -0.0292 -0.0390 0.9988
vn -0.0291 -0.0390 0.9988
vn 0.9200 -0.3919 -0.0000
vn 0.8924 -0.4506 0.0251
vn 0.8855 -0.4646 -0.0000
vn 0.9709 -0.2394 -0.0000
vn 0.9871 -0.1604 -0.0000
vn 0.9743 -0.2241 0.0251
vn 1.0000 -0.0000 -0.0000
vn 0.9967 -0.0803 0.0135
vn 0.9967 -0.0806 -0.0000
vn 0.9871 0.1604 -0.0000
vn 0.9975 0.0662 0.0259
vn 0.9967 0.0806 -0.0000
vn 0.9200 0.3919 -0.0000
vn 0.8855 0.4646 -0.0000
vn 0.9198 0.3921 0.0136
vn 0.0403 0.9992 -0.0000
vn 0.1050 0.9942 0.0251
vn 0.1338 0.9910 -0.0000
vn -0.2000 0.9798 -0.0000
vn -0.1360 0.9904 0.0251
vn -0.1205 0.9927 -0.0000
vn -0.9968 0.0804 -0.0000
vn -0.9843 0.1744 0.0258
vn -0.9870 0.1604 -0.0000
vn -1.0000 -0.0000 -0.0000
vn -0.9968 -0.0804 -0.0000
vn -0.9996 -0.0156 0.0251
vn -0.5128 -0.8583 0.0186
vn -0.4287 -0.9034 0.0068
vn -0.4286 -0.9026 0.0395
vn -0.4287 -0.9034 0.0069
vn -0.3405 -0.9401 0.0186
vn -0.4282 -0.9028 0.0395
vn -0.2925 -0.9561 0.0186
vn -0.2000 -0.9798 0.0068
vn -0.2001 -0.9790 0.0395
vn -0.2000 -0.9798 0.0069
vn -0.1057 -0.9942 0.0186
vn -0.1996 -0.9791 0.0395
vn -0.0552 -0.9983 0.0186
vn 0.0403 -0.9992 0.0068
vn 0.0400 -0.9984 0.0395
vn 0.1354 -0.9906 0.0186
vn 0.0405 -0.9984 0.0395
vn 0.1853 -0.9825 0.0186
vn 0.2782 -0.9605 0.0068
vn 0.2778 -0.9598 0.0395
vn 0.2782 -0.9605 0.0069
vn 0.3685 -0.9295 0.0186
vn 0.2782 -0.9597 0.0395
vn 0.4151 -0.9096 0.0187
vn 0.5000 -0.8660 0.0069
vn 0.4994 -0.8655 0.0395
vn 0.5802 -0.8142 0.0186
vn 0.4998 -0.8652 0.0395
vn 0.6207 -0.7838 0.0186
vn 0.6928 -0.7211 0.0068
vn 0.6920 -0.7208 0.0395
vn 0.6928 -0.7211 0.0069
vn 0.7581 -0.6518 0.0186
vn 0.6924 -0.7205 0.0395
vn 0.7902 -0.6126 0.0186
vn 0.8413 -0.5404 0.0091
vn 0.8444 -0.5343 0.0395
vn 0.8413 -0.5404 0.0090
vn 0.8922 -0.4512 0.0186
vn 0.8447 -0.5338 0.0395
vn 0.9149 -0.4031 0.0212
vn 0.9463 -0.3233 0.0091
vn 0.9477 -0.3167 0.0395
vn 0.9463 -0.3233 0.0090
vn 0.9742 -0.2248 0.0186
vn 0.9479 -0.3161 0.0394
vn 0.9836 -0.1785 0.0243
vn 0.9967 -0.0806 0.0068
vn 0.9960 -0.0807 0.0395
vn 0.9967 -0.0806 0.0069
vn 0.9995 0.0184 0.0244
vn 0.9960 -0.0801 0.0395
vn 0.9977 0.0656 0.0186
vn 0.9859 0.1673 0.0091
vn 0.9863 0.1600 0.0395
vn 0.9859 0.1673 0.0090
vn 0.9671 0.2537 0.0186
vn 0.9862 0.1606 0.0395
vn 0.9547 0.2969 0.0212
vn 0.9200 0.3918 0.0068
vn 0.9194 0.3914 0.0395
vn 0.9200 0.3919 0.0068
vn 0.8755 0.4828 0.0212
vn 0.9192 0.3919 0.0395
vn 0.8529 0.5217 0.0186
vn 0.7994 0.6008 0.0069
vn 0.7990 0.6001 0.0395
vn 0.7994 0.6008 0.0068
vn 0.7383 0.6742 0.0186
vn 0.7986 0.6005 0.0395
vn 0.7033 0.7106 0.0186
vn 0.6325 0.7746 0.0069
vn 0.6322 0.7738 0.0395
vn 0.6325 0.7745 0.0069
vn 0.5556 0.8312 0.0186
vn 0.6318 0.7742 0.0395
vn 0.5128 0.8583 0.0186
vn 0.4287 0.9034 0.0069
vn 0.4286 0.9026 0.0395
vn 0.3405 0.9401 0.0186
vn 0.4281 0.9029 0.0395
vn 0.2979 0.9544 0.0212
vn 0.2000 0.9798 0.0069
vn 0.2001 0.9790 0.0395
vn 0.1057 0.9942 0.0186
vn 0.1996 0.9791 0.0395
vn 0.0526 0.9984 0.0212
vn -0.0332 0.9994 0.0091
vn -0.0400 0.9984 0.0395
vn -0.1353 0.9906 0.0186
vn -0.0405 0.9984 0.0395
vn -0.1879 0.9820 0.0212
vn -0.2782 0.9605 0.0069
vn -0.2777 0.9598 0.0395
vn -0.3685 0.9295 0.0186
vn -0.2782 0.9597 0.0395
vn -0.4151 0.9096 0.0186
vn -0.5000 0.8660 0.0068
vn -0.4994 0.8655 0.0395
vn -0.5000 0.8660 0.0069
vn -0.5802 0.8142 0.0186
vn -0.4998 0.8652 0.0395
vn -0.6206 0.7839 0.0186
vn -0.6928 0.7211 0.0068
vn -0.6920 0.7208 0.0395
vn -0.6928 0.7211 0.0069
vn -0.7582 0.6517 0.0186
vn -0.6924 0.7204 0.0395
vn -0.7902 0.6126 0.0186
vn -0.8450 0.5347 0.0069
vn -0.8444 0.5343 0.0395
vn -0.8922 0.4513 0.0186
vn -0.8447 0.5339 0.0395
vn -0.9139 0.4055 0.0186
vn -0.9485 0.3167 0.0068
vn -0.9477 0.3167 0.0395
vn -0.9736 0.2273 0.0212
vn -0.9479 0.3161 0.0395
vn -0.9844 0.1751 0.0186
vn -0.9967 0.0804 0.0122
vn -0.9960 0.0806 0.0395
vn -0.9997 -0.0149 0.0186
vn -0.9960 0.0801 0.0395
vn -0.9975 -0.0681 0.0212
vn -0.9870 -0.1604 0.0069
vn -0.9863 -0.1600 0.0395
vn -0.9671 -0.2538 0.0186
vn -0.9862 -0.1605 0.0395
vn -0.9530 -0.3024 0.0186
vn -0.9201 -0.3917 0.0068
vn -0.9194 -0.3914 0.0395
vn -0.8783 -0.4777 0.0186
vn -0.9192 -0.3919 0.0395
vn -0.8528 -0.5218 0.0186
vn -0.7994 -0.6008 0.0068
vn -0.7989 -0.6001 0.0395
vn -0.7384 -0.6741 0.0186
vn -0.7986 -0.6005 0.0395
vn -0.7033 -0.7106 0.0186
vn -0.6324 -0.7746 0.0068
vn -0.6321 -0.7738 0.0395
vn -0.6324 -0.7746 0.0069
vn -0.5556 -0.8312 0.0186
vn -0.6318 -0.7741 0.0395
vn 0.0157 -0.0171 0.9997
vn 0.0223 -0.0130 0.9997
vn 0.0025 -0.0007 1.0000
vn 0.0014 0.0018 1.0000
vn -0.0018 -0.0007 1.0000
vn -0.0223 0.0130 0.9997
vn -0.0167 0.0046 0.9999
vn -0.0029 0.0031 1.0000
vn 0.0212 0.0147 0.9997
vn 0.0013 0.0017 1.0000
vn 0.0163 0.0059 0.9998
vn -0.0248 -0.0035 0.9997
vn -0.0271 0.0016 0.9996
vn 0.0178 0.0025 0.9998
vn 0.0271 -0.0016 0.9996
vn -0.0019 -0.0007 1.0000
vn -0.0212 -0.0146 0.9997
vn -0.0142 -0.0182 0.9997
vn 0.8920 -0.4514 0.0249
vn 0.8413 -0.5404 0.0148
vn 0.8452 -0.5345 -0.0010
vn 0.9148 -0.4030 0.0270
vn 0.8923 -0.4508 0.0249
vn 0.9200 -0.3919 -0.0009
vn 0.9835 -0.1785 0.0300
vn 0.9742 -0.2243 0.0248
vn 0.9871 -0.1604 -0.0010
vn 0.8754 0.4827 0.0270
vn 0.9199 0.3919 0.0128
vn 0.8855 0.4646 -0.0009
vn -0.9842 0.1755 0.0248
vn -0.9735 0.2273 0.0270
vn -0.9709 0.2395 -0.0009
vn -0.9966 0.0804 0.0179
vn -0.9843 0.1748 0.0249
vn -0.9968 0.0805 -0.0009
vn -0.9996 -0.0147 0.0250
vn -0.9968 0.0804 -0.0009
vn -0.9973 -0.0681 0.0270
vn -0.9996 -0.0154 0.0249
vn -0.9968 -0.0804 -0.0009
vn 0.8918 -0.4518 0.0258
vn 0.8452 -0.5344 -0.0000
vn 0.9485 -0.3166 -0.0000
vn 0.9739 -0.2253 0.0259
vn 0.9966 -0.0809 0.0136
vn 0.9976 0.0649 0.0251
vn 0.9201 0.3915 0.0136
vn 0.9485 0.3166 -0.0000
vn 0.1868 0.9824 -0.0000
vn 0.2003 0.9796 0.0136
vn 0.2782 0.9605 -0.0000
vn -0.5551 -0.8316 0.0160
vn -0.4285 -0.9028 0.0371
vn -0.6320 -0.7741 0.0370
vn -0.1347 0.9905 0.0258
vn -0.0403 0.9992 -0.0000
vn -0.9841 0.1757 0.0251
vn -0.9709 0.2394 -0.0000
vn -0.9996 -0.0143 0.0258
vn -0.2001 -0.9789 0.0417
vn -0.3402 -0.9402 0.0164
vn -0.2924 -0.9561 0.0171
vn 0.0400 -0.9983 0.0417
vn -0.1053 -0.9943 0.0164
vn -0.0551 -0.9983 0.0171
vn 0.0403 -0.9985 0.0371
vn 0.1847 -0.9827 0.0160
vn 0.2780 -0.9599 0.0370
vn 0.4994 -0.8654 0.0416
vn 0.3688 -0.9294 0.0164
vn 0.4152 -0.9096 0.0171
vn 0.6919 -0.7207 0.0416
vn 0.5805 -0.8141 0.0164
vn 0.6208 -0.7838 0.0171
vn 0.6923 -0.7207 0.0371
vn 0.7898 -0.6131 0.0160
vn 0.8446 -0.5341 0.0370
vn 0.8925 -0.4507 0.0160
vn 0.9479 -0.3165 0.0371
vn 0.9479 -0.3164 0.0371
vn 0.9836 -0.1789 0.0218
vn 0.9961 -0.0805 0.0370
vn 0.9862 0.1600 0.0416
vn 0.9996 0.0186 0.0222
vn 0.9977 0.0657 0.0171
vn 0.9864 0.1603 0.0371
vn 0.9549 0.2964 0.0187
vn 0.9194 0.3916 0.0370
vn 0.7989 0.6001 0.0417
vn 0.8754 0.4830 0.0190
vn 0.8529 0.5218 0.0171
vn 0.6321 0.7738 0.0416
vn 0.7381 0.6744 0.0164
vn 0.7033 0.7107 0.0171
vn 0.6320 0.7741 0.0371
vn 0.5134 0.8580 0.0160
vn 0.4285 0.9028 0.0370
vn 0.4284 0.9028 0.0371
vn 0.2984 0.9543 0.0188
vn 0.1999 0.9791 0.0370
vn 0.1999 0.9791 0.0371
vn 0.0531 0.9984 0.0185
vn -0.0402 0.9985 0.0370
vn -0.1360 0.9906 0.0160
vn -0.2780 0.9599 0.0371
vn -0.0403 0.9985 0.0370
vn -0.4994 0.8654 0.0417
vn -0.3688 0.9294 0.0164
vn -0.4152 0.9096 0.0171
vn -0.6919 0.7208 0.0416
vn -0.5805 0.8141 0.0165
vn -0.6208 0.7838 0.0171
vn -0.6923 0.7207 0.0371
vn -0.7899 0.6131 0.0160
vn -0.8446 0.5341 0.0371
vn -0.9137 0.4060 0.0160
vn -0.9479 0.3165 0.0370
vn -0.9479 0.3164 0.0371
vn -0.9843 0.1757 0.0160
vn -0.9961 0.0804 0.0370
vn -0.9961 0.0803 0.0371
vn -0.9975 -0.0676 0.0185
vn -0.9864 -0.1603 0.0370
vn -0.9670 -0.2545 0.0160
vn -0.9194 -0.3916 0.0371
vn -0.9194 -0.3917 0.0371
vn -0.8532 -0.5213 0.0160
vn -0.7989 -0.6003 0.0370
vn -0.7988 -0.6004 0.0371
vn -0.7038 -0.7102 0.0160
vn -0.4294 -0.8989 0.0872
vn -0.6320 -0.7742 0.0353
vn -0.4285 -0.9029 0.0355
vn -0.4265 -0.9007 0.0826
vn -0.2004 -0.9793 0.0290
vn -0.1994 -0.9766 0.0803
vn -0.1985 -0.9766 0.0826
vn 0.0398 -0.9988 0.0290
vn 0.0400 -0.9960 0.0803
vn 0.2747 -0.9576 0.0872
vn 0.0403 -0.9986 0.0353
vn 0.2780 -0.9599 0.0355
vn 0.4959 -0.8640 0.0872
vn 0.2781 -0.9599 0.0353
vn 0.4997 -0.8655 0.0355
vn 0.4990 -0.8627 0.0826
vn 0.6921 -0.7213 0.0290
vn 0.6904 -0.7189 0.0803
vn 0.8406 -0.5346 0.0872
vn 0.6923 -0.7207 0.0353
vn 0.8446 -0.5342 0.0355
vn 0.9441 -0.3179 0.0872
vn 0.8447 -0.5341 0.0353
vn 0.9479 -0.3165 0.0355
vn 0.9928 -0.0827 0.0872
vn 0.9480 -0.3164 0.0353
vn 0.9961 -0.0804 0.0355
vn 0.9934 -0.0793 0.0826
vn 0.9867 0.1598 0.0290
vn 0.9839 0.1598 0.0803
vn 0.9835 0.1607 0.0826
vn 0.9198 0.3913 0.0290
vn 0.9170 0.3906 0.0804
vn 0.9165 0.3914 0.0826
vn 0.7994 0.6001 0.0289
vn 0.7969 0.5988 0.0803
vn 0.7962 0.5994 0.0826
vn 0.6326 0.7740 0.0290
vn 0.6305 0.7721 0.0803
vn 0.4293 0.8989 0.0872
vn 0.6320 0.7742 0.0353
vn 0.4284 0.9029 0.0355
vn 0.2018 0.9755 0.0872
vn 0.4284 0.9029 0.0353
vn 0.1999 0.9792 0.0355
vn -0.0376 0.9955 0.0872
vn 0.1998 0.9792 0.0353
vn -0.0402 0.9986 0.0355
vn -0.0410 0.9957 0.0826
vn -0.2777 0.9602 0.0289
vn -0.2772 0.9574 0.0803
vn -0.2781 0.9570 0.0826
vn -0.4994 0.8659 0.0289
vn -0.4983 0.8633 0.0803
vn -0.4990 0.8626 0.0826
vn -0.6921 0.7213 0.0290
vn -0.6904 0.7189 0.0803
vn -0.8406 0.5346 0.0872
vn -0.6924 0.7207 0.0353
vn -0.8446 0.5342 0.0355
vn -0.9441 0.3179 0.0872
vn -0.8447 0.5341 0.0353
vn -0.9479 0.3165 0.0355
vn -0.9928 0.0827 0.0872
vn -0.9480 0.3164 0.0353
vn -0.9961 0.0804 0.0355
vn -0.9837 -0.1572 0.0872
vn -0.9961 0.0804 0.0353
vn -0.9864 -0.1602 0.0355
vn -0.9835 -0.1607 0.0826
vn -0.9198 -0.3913 0.0290
vn -0.9171 -0.3906 0.0803
vn -0.9165 -0.3914 0.0826
vn -0.7994 -0.6001 0.0290
vn -0.7969 -0.5988 0.0803
vn -0.7962 -0.5994 0.0826
vn -0.6326 -0.7740 0.0290
vn -0.6305 -0.7721 0.0803
vn -0.0394 -0.0515 0.9979
vn -0.0890 -0.1863 0.9785
vn -0.0281 -0.0585 0.9979
vn -0.0257 -0.0594 0.9979
vn -0.0420 -0.2015 0.9786
vn -0.0136 -0.0632 0.9979
vn -0.0396 -0.2020 0.9786
vn 0.0014 -0.0647 0.9979
vn -0.0112 -0.0637 0.9979
vn 0.0039 -0.0646 0.9979
vn 0.0558 -0.1981 0.9786
vn 0.0163 -0.0626 0.9979
vn 0.0187 -0.0621 0.9979
vn 0.1016 -0.1798 0.9784
vn 0.0305 -0.0573 0.9979
vn 0.0328 -0.0562 0.9979
vn 0.1422 -0.1507 0.9783
vn 0.0435 -0.0483 0.9979
vn 0.0456 -0.0464 0.9979
vn 0.1745 -0.1114 0.9783
vn 0.0546 -0.0352 0.9979
vn 0.0615 -0.0202 0.9979
vn 0.1758 -0.1088 0.9784
vn 0.1953 -0.0654 0.9786
vn 0.0621 -0.0178 0.9979
vn 0.2043 -0.0173 0.9788
vn 0.0642 -0.0058 0.9979
vn 0.0644 -0.0035 0.9979
vn 0.2026 0.0314 0.9788
vn 0.0639 0.0086 0.9979
vn 0.0637 0.0110 0.9979
vn 0.1903 0.0787 0.9786
vn 0.0606 0.0228 0.9979
vn 0.0601 0.0251 0.9979
vn 0.1668 0.1227 0.9783
vn 0.0534 0.0371 0.9979
vn 0.0516 0.0394 0.9979
vn 0.1317 0.1599 0.9783
vn 0.0417 0.0499 0.9979
vn 0.0394 0.0515 0.9979
vn 0.0891 0.1863 0.9785
vn 0.0280 0.0585 0.9979
vn 0.0257 0.0594 0.9979
vn 0.0420 0.2015 0.9786
vn 0.0136 0.0632 0.9979
vn 0.0112 0.0637 0.9979
vn -0.0071 0.2054 0.9786
vn -0.0014 0.0646 0.9979
vn -0.0038 0.0646 0.9979
vn -0.0558 0.1981 0.9786
vn -0.0163 0.0626 0.9979
vn -0.0187 0.0621 0.9979
vn -0.1016 0.1798 0.9784
vn -0.0305 0.0573 0.9979
vn -0.0436 0.0483 0.9979
vn -0.1039 0.1786 0.9784
vn -0.1422 0.1506 0.9783
vn -0.0546 0.0352 0.9979
vn -0.1442 0.1488 0.9783
vn -0.1745 0.1114 0.9783
vn -0.0615 0.0202 0.9979
vn -0.1757 0.1088 0.9784
vn -0.1952 0.0654 0.9786
vn -0.0621 0.0178 0.9979
vn -0.2042 0.0173 0.9788
vn -0.0642 0.0058 0.9979
vn -0.0644 0.0034 0.9979
vn -0.2026 -0.0314 0.9788
vn -0.0639 -0.0086 0.9979
vn -0.0606 -0.0228 0.9979
vn -0.2024 -0.0338 0.9787
vn -0.1903 -0.0788 0.9786
vn -0.0534 -0.0371 0.9979
vn -0.1897 -0.0811 0.9785
vn -0.1668 -0.1228 0.9783
vn -0.0417 -0.0499 0.9979
vn -0.1650 -0.1250 0.9783
vn -0.1318 -0.1599 0.9783
vn -0.0355 -0.0472 0.9983
vn -0.0291 -0.0602 0.9978
vn -0.0257 -0.0531 0.9983
vn -0.0230 -0.0543 0.9983
vn -0.0143 -0.0653 0.9978
vn -0.0127 -0.0577 0.9983
vn -0.0098 -0.0583 0.9983
vn 0.0012 -0.0669 0.9978
vn 0.0009 -0.0591 0.9983
vn 0.0039 -0.0590 0.9983
vn 0.0166 -0.0648 0.9978
vn 0.0144 -0.0573 0.9983
vn 0.0173 -0.0565 0.9983
vn 0.0313 -0.0592 0.9978
vn 0.0273 -0.0524 0.9983
vn 0.0299 -0.0509 0.9983
vn 0.0446 -0.0499 0.9978
vn 0.0392 -0.0443 0.9982
vn 0.0416 -0.0420 0.9983
vn 0.0561 -0.0364 0.9978
vn 0.0495 -0.0321 0.9983
vn 0.0562 -0.0184 0.9982
vn 0.0579 -0.0334 0.9978
vn 0.0635 -0.0210 0.9978
vn 0.0571 -0.0156 0.9982
vn 0.0665 -0.0062 0.9978
vn 0.0590 -0.0055 0.9982
vn 0.0592 -0.0027 0.9982
vn 0.0663 0.0087 0.9978
vn 0.0588 0.0075 0.9982
vn 0.0584 0.0103 0.9982
vn 0.0628 0.0233 0.9978
vn 0.0557 0.0202 0.9982
vn 0.0547 0.0229 0.9982
vn 0.0551 0.0379 0.9978
vn 0.0489 0.0331 0.9983
vn 0.0381 0.0453 0.9982
vn 0.0529 0.0408 0.9978
vn 0.0430 0.0512 0.9978
vn 0.0257 0.0532 0.9983
vn 0.0405 0.0533 0.9978
vn 0.0291 0.0602 0.9978
vn 0.0127 0.0577 0.9983
vn 0.0264 0.0615 0.9978
vn 0.0143 0.0653 0.9978
vn 0.0113 0.0659 0.9978
vn -0.0009 0.0591 0.9983
vn 0.0098 0.0583 0.9983
vn -0.0144 0.0573 0.9983
vn -0.0042 0.0667 0.9978
vn -0.0166 0.0648 0.9978
vn -0.0273 0.0524 0.9983
vn -0.0195 0.0640 0.9978
vn -0.0313 0.0592 0.9978
vn -0.0299 0.0509 0.9983
vn -0.0446 0.0499 0.9978
vn -0.0392 0.0443 0.9982
vn -0.0416 0.0420 0.9983
vn -0.0561 0.0364 0.9978
vn -0.0495 0.0321 0.9983
vn -0.0562 0.0184 0.9982
vn -0.0579 0.0334 0.9978
vn -0.0635 0.0210 0.9978
vn -0.0590 0.0056 0.9982
vn -0.0644 0.0182 0.9978
vn -0.0665 0.0062 0.9978
vn -0.0592 0.0027 0.9982
vn -0.0663 -0.0087 0.9978
vn -0.0588 -0.0075 0.9982
vn -0.0584 -0.0103 0.9982
vn -0.0628 -0.0233 0.9978
vn -0.0557 -0.0202 0.9982
vn -0.0546 -0.0229 0.9982
vn -0.0551 -0.0379 0.9978
vn -0.0489 -0.0331 0.9983
vn -0.0467 -0.0359 0.9983
vn -0.0430 -0.0512 0.9978
vn -0.0381 -0.0452 0.9983
vn -0.0113 -0.0241 0.9996
vn -0.0320 -0.0417 0.9986
vn -0.0222 -0.0476 0.9986
vn -0.0029 -0.0120 0.9999
vn -0.0209 -0.0482 0.9986
vn -0.0106 -0.0515 0.9986
vn -0.0002 -0.0123 0.9999
vn -0.0093 -0.0518 0.9986
vn 0.0014 -0.0526 0.9986
vn 0.0012 -0.0122 0.9999
vn 0.0134 -0.0508 0.9986
vn 0.0057 -0.0235 0.9997
vn 0.0071 -0.0231 0.9997
vn 0.0248 -0.0462 0.9986
vn 0.0121 -0.0238 0.9996
vn 0.0133 -0.0230 0.9996
vn 0.0353 -0.0388 0.9986
vn 0.0192 -0.0220 0.9996
vn 0.0204 -0.0209 0.9996
vn 0.0444 -0.0279 0.9986
vn 0.0271 -0.0168 0.9995
vn 0.0281 -0.0153 0.9995
vn 0.0503 -0.0157 0.9986
vn 0.0082 -0.0031 1.0000
vn 0.0087 -0.0018 1.0000
vn 0.0526 -0.0043 0.9986
vn 0.0333 -0.0027 0.9994
vn 0.0334 -0.0014 0.9994
vn 0.0523 0.0072 0.9986
vn 0.0241 0.0028 0.9997
vn 0.0238 0.0041 0.9997
vn 0.0493 0.0184 0.9986
vn 0.0224 0.0075 0.9997
vn 0.0267 0.0174 0.9995
vn 0.0488 0.0195 0.9986
vn 0.0431 0.0298 0.9986
vn 0.0256 0.0190 0.9995
vn 0.0333 0.0406 0.9986
vn 0.0058 0.0060 1.0000
vn 0.0127 0.0274 0.9995
vn 0.0320 0.0417 0.9986
vn 0.0222 0.0477 0.9986
vn 0.0063 0.0299 0.9995
vn 0.0209 0.0483 0.9986
vn 0.0106 0.0516 0.9986
vn -0.0001 0.0194 0.9998
vn 0.0092 0.0518 0.9986
vn -0.0014 0.0526 0.9986
vn -0.0015 0.0194 0.9998
vn -0.0134 0.0508 0.9986
vn -0.0073 0.0295 0.9995
vn -0.0087 0.0290 0.9995
vn -0.0248 0.0463 0.9986
vn -0.0137 0.0267 0.9995
vn -0.0150 0.0259 0.9996
vn -0.0353 0.0388 0.9986
vn -0.0064 0.0080 0.9999
vn -0.0075 0.0069 0.9999
vn -0.0444 0.0279 0.9986
vn -0.0270 0.0168 0.9995
vn -0.0281 0.0153 0.9995
vn -0.0502 0.0157 0.9986
vn -0.0224 0.0070 0.9997
vn -0.0229 0.0057 0.9997
vn -0.0526 0.0043 0.9986
vn -0.0333 0.0027 0.9994
vn -0.0334 0.0014 0.9994
vn -0.0524 -0.0072 0.9986
vn -0.0311 -0.0038 0.9995
vn -0.0522 -0.0086 0.9986
vn -0.0080 -0.0023 1.0000
vn -0.0309 -0.0051 0.9995
vn -0.0267 -0.0172 0.9995
vn -0.0488 -0.0195 0.9986
vn -0.0431 -0.0297 0.9986
vn -0.0186 -0.0225 0.9996
vn -0.0420 -0.0313 0.9986
vn -0.0333 -0.0406 0.9986
vn -0.1163 -0.2292 0.9664
vn -0.4374 -0.5485 0.7126
vn -0.3062 -0.6307 0.7131
vn -0.0582 -0.2497 0.9666
vn -0.2932 -0.6369 0.7130
vn -0.1464 -0.6852 0.7135
vn 0.0030 -0.2561 0.9667
vn -0.1323 -0.6882 0.7134
vn 0.0217 -0.7002 0.7136
vn 0.0640 -0.2482 0.9666
vn 0.0361 -0.6997 0.7135
vn 0.1886 -0.6748 0.7135
vn 0.1216 -0.2264 0.9664
vn 0.2025 -0.6709 0.7133
vn 0.3447 -0.6105 0.7131
vn 0.1728 -0.1911 0.9662
vn 0.3573 -0.6034 0.7129
vn 0.4811 -0.5106 0.7126
vn 0.2139 -0.1435 0.9663
vn 0.4917 -0.5006 0.7125
vn 0.5895 -0.3803 0.7127
vn 0.2411 -0.0874 0.9666
vn 0.5971 -0.3679 0.7128
vn 0.6627 -0.2277 0.7134
vn 0.2540 -0.0276 0.9668
vn 0.6672 -0.2141 0.7134
vn 0.6973 -0.0627 0.7140
vn 0.6924 0.1044 0.7139
vn 0.2552 -0.0130 0.9668
vn 0.6983 -0.0498 0.7140
vn 0.6478 0.2671 0.7135
vn 0.2509 0.0479 0.9668
vn 0.6900 0.1185 0.7140
vn 0.5655 0.4147 0.7129
vn 0.2332 0.1065 0.9666
vn 0.6422 0.2803 0.7135
vn 0.1684 0.1951 0.9662
vn 0.5561 0.4277 0.7126
vn 0.4486 0.5394 0.7126
vn 0.1163 0.2292 0.9664
vn 0.4374 0.5485 0.7127
vn 0.3062 0.6307 0.7131
vn 0.0582 0.2497 0.9666
vn 0.2932 0.6368 0.7131
vn 0.1464 0.6852 0.7135
vn -0.0030 0.2561 0.9667
vn 0.1323 0.6881 0.7134
vn -0.0217 0.7001 0.7137
vn -0.0640 0.2482 0.9666
vn -0.0361 0.6997 0.7135
vn -0.1886 0.6748 0.7135
vn -0.3435 0.6111 0.7131
vn -0.0781 0.2441 0.9666
vn -0.2010 0.6711 0.7136
vn -0.4801 0.5115 0.7126
vn -0.1344 0.2191 0.9664
vn -0.3560 0.6040 0.7131
vn -0.2139 0.1435 0.9662
vn -0.4917 0.5006 0.7124
vn -0.5895 0.3803 0.7126
vn -0.2411 0.0874 0.9666
vn -0.5972 0.3679 0.7127
vn -0.6627 0.2277 0.7134
vn -0.2540 0.0276 0.9668
vn -0.6672 0.2141 0.7134
vn -0.6973 0.0626 0.7140
vn -0.6924 -0.1044 0.7139
vn -0.2552 0.0130 0.9668
vn -0.6983 0.0497 0.7140
vn -0.6478 -0.2670 0.7134
vn -0.2510 -0.0479 0.9668
vn -0.6900 -0.1186 0.7140
vn -0.5656 -0.4148 0.7128
vn -0.2333 -0.1065 0.9666
vn -0.6422 -0.2803 0.7134
vn -0.1684 -0.1951 0.9662
vn -0.5562 -0.4277 0.7126
vn -0.4486 -0.5394 0.7126
vn -0.3089 -0.6343 0.7086
vn -0.6207 -0.7839 0.0155
vn -0.4308 -0.9022 0.0195
vn -0.2146 -0.9766 0.0155
vn -0.2957 -0.6406 0.7087
vn -0.4264 -0.9043 0.0196
vn 0.0211 -0.7048 0.7091
vn -0.1853 -0.9826 0.0155
vn 0.0378 -0.9991 0.0196
vn 0.1890 -0.6794 0.7090
vn 0.0552 -0.9984 0.0155
vn 0.2758 -0.9610 0.0196
vn 0.4869 -0.8733 0.0154
vn 0.2031 -0.6753 0.7090
vn 0.2805 -0.9596 0.0195
vn 0.6818 -0.7314 0.0155
vn 0.3589 -0.6074 0.7087
vn 0.5020 -0.8646 0.0196
vn 0.8370 -0.5470 0.0155
vn 0.4941 -0.5040 0.7084
vn 0.6944 -0.7194 0.0196
vn 0.6667 -0.2300 0.7089
vn 0.8530 -0.5217 0.0155
vn 0.9476 -0.3189 0.0196
vn 0.7019 -0.0639 0.7094
vn 0.9530 -0.3024 0.0154
vn 0.9964 -0.0829 0.0195
vn 0.6968 0.1057 0.7094
vn 0.9977 -0.0656 0.0155
vn 0.9873 0.1579 0.0195
vn 0.9256 0.3781 0.0154
vn 0.6945 0.1202 0.7094
vn 0.9865 0.1628 0.0195
vn 0.8082 0.5886 0.0154
vn 0.6460 0.2829 0.7089
vn 0.9188 0.3941 0.0195
vn 0.4520 0.5422 0.7084
vn 0.7903 0.6126 0.0156
vn 0.6342 0.7729 0.0196
vn 0.4253 0.5600 0.7110
vn 0.4346 0.9004 0.0181
vn 0.3056 0.6367 0.7079
vn 0.2146 0.9766 0.0155
vn 0.2957 0.6406 0.7087
vn 0.4264 0.9043 0.0196
vn -0.0211 0.7048 0.7091
vn 0.1853 0.9826 0.0154
vn -0.0378 0.9991 0.0195
vn -0.2638 0.9645 0.0155
vn -0.0357 0.7042 0.7091
vn -0.0427 0.9989 0.0195
vn -0.3462 0.6148 0.7087
vn -0.2925 0.9561 0.0154
vn -0.4978 0.8671 0.0195
vn -0.6818 0.7314 0.0155
vn -0.3589 0.6074 0.7087
vn -0.5020 0.8646 0.0196
vn -0.8370 0.5470 0.0155
vn -0.4942 0.5040 0.7084
vn -0.6944 0.7194 0.0196
vn -0.6667 0.2300 0.7090
vn -0.8530 0.5218 0.0155
vn -0.9476 0.3189 0.0196
vn -0.7019 0.0639 0.7094
vn -0.9530 0.3024 0.0154
vn -0.9964 0.0829 0.0195
vn -0.6969 -0.1057 0.7094
vn -0.9977 0.0655 0.0154
vn -0.9873 -0.1579 0.0195
vn -0.9256 -0.3781 0.0155
vn -0.6944 -0.1202 0.7094
vn -0.9865 -0.1628 0.0195
vn -0.8082 -0.5887 0.0156
vn -0.6460 -0.2829 0.7090
vn -0.9188 -0.3941 0.0197
vn -0.4520 -0.5422 0.7084
vn -0.7903 -0.6126 0.0155
vn -0.6342 -0.7729 0.0196
vn 0.0002 -0.0060 1.0000
vn -0.0028 0.0030 1.0000
vn -0.0082 -0.0187 0.9998
vn 0.0047 -0.0174 0.9998
vn -0.0005 0.0132 0.9999
vn 0.0096 0.0220 0.9997
vn 0.0045 0.0239 0.9997
vn -0.0064 0.0233 0.9997
vn -0.0113 0.0210 0.9997
vn 0.0098 -0.0181 0.9998
vn 0.0178 0.0026 0.9998
vn 0.0014 0.0017 1.0000
vn -0.0028 0.0031 1.0000
vn -0.0011 -0.0060 1.0000
vn 0.1868 0.9824 -0.0006
vn 0.1058 0.9941 0.0249
vn 0.2000 0.9797 0.0126
vn -0.5681 -0.8230 -0.0009
vn -0.5131 -0.8580 0.0249
vn -0.5555 -0.8311 0.0244
vn -0.5000 -0.8660 -0.0010
vn -0.4287 -0.9033 0.0128
vn -0.5128 -0.8582 0.0244
vn -0.4287 -0.9035 -0.0010
vn -0.3407 -0.9398 0.0249
vn -0.4287 -0.9034 0.0126
vn -0.2782 -0.9605 -0.0000
vn -0.3398 -0.9402 0.0251
vn -0.3546 -0.9350 -0.0000
vn -0.2000 -0.9798 -0.0000
vn -0.2918 -0.9561 0.0258
vn -0.2000 -0.9798 -0.0009
vn -0.1058 -0.9941 0.0249
vn -0.2000 -0.9797 0.0126
vn -0.1206 -0.9927 -0.0009
vn -0.0556 -0.9981 0.0248
vn -0.1056 -0.9941 0.0244
vn 0.0403 -0.9992 -0.0000
vn -0.0546 -0.9982 0.0258
vn -0.0403 -0.9992 -0.0000
vn 0.0403 -0.9992 -0.0009
vn 0.1351 -0.9905 0.0249
vn 0.0403 -0.9991 0.0126
vn 0.1206 -0.9927 -0.0009
vn 0.1849 -0.9825 0.0249
vn 0.1354 -0.9905 0.0244
vn 0.2000 -0.9798 -0.0009
vn 0.2781 -0.9605 0.0128
vn 0.1853 -0.9824 0.0244
vn 0.2782 -0.9604 0.0128
vn 0.3546 -0.9350 -0.0010
vn 0.3685 -0.9293 0.0245
vn 0.3688 -0.9292 0.0249
vn 0.4287 -0.9034 -0.0009
vn 0.4150 -0.9095 0.0244
vn 0.4287 -0.9034 -0.0010
vn 0.4999 -0.8660 0.0128
vn 0.5001 -0.8660 -0.0009
vn 0.5800 -0.8142 0.0250
vn 0.5000 -0.8659 0.0126
vn 0.5681 -0.8230 -0.0009
vn 0.6203 -0.7840 0.0249
vn 0.5802 -0.8141 0.0245
vn 0.6927 -0.7212 -0.0000
vn 0.6211 -0.7833 0.0259
vn 0.6325 -0.7745 -0.0000
vn 0.7484 -0.6632 -0.0000
vn 0.6929 -0.7209 0.0135
vn 0.6928 -0.7212 -0.0000
vn 0.7583 -0.6514 0.0249
vn 0.7994 -0.6008 -0.0009
vn 0.7901 -0.6125 0.0244
vn 0.8452 -0.5345 -0.0000
vn 0.7904 -0.6120 0.0258
vn 0.7994 -0.6008 -0.0000
vn 0.9486 -0.3166 -0.0000
vn 0.9150 -0.4024 0.0283
vn 0.9709 0.2394 -0.0000
vn 0.9857 0.1677 0.0156
vn 0.9741 -0.2249 0.0249
vn 0.9462 -0.3232 0.0148
vn 0.9485 -0.3166 -0.0009
vn 0.9967 -0.0807 0.0128
vn 0.9835 -0.1785 0.0301
vn 0.9871 -0.1604 -0.0009
vn 1.0000 -0.0000 -0.0009
vn 0.9994 0.0184 0.0301
vn 0.9967 -0.0805 0.0128
vn 0.9976 0.0652 0.0248
vn 0.9871 0.1603 -0.0010
vn 0.9858 0.1673 0.0148
vn 0.9975 0.0658 0.0249
vn 0.9669 0.2541 0.0249
vn 0.9486 0.3166 -0.0010
vn 0.9545 0.2968 0.0270
vn 0.8452 0.5345 -0.0000
vn 0.8750 0.4833 0.0275
vn 0.9200 0.3918 0.0128
vn 0.8452 0.5345 -0.0010
vn 0.7994 0.6007 0.0128
vn 0.8528 0.5216 0.0245
vn 0.7994 0.6009 -0.0009
vn 0.7384 0.6739 0.0249
vn 0.7993 0.6008 0.0126
vn 0.7484 0.6632 -0.0009
vn 0.7036 0.7102 0.0248
vn 0.7382 0.6741 0.0244
vn 0.6928 0.7212 -0.0009
vn 0.6325 0.7744 0.0128
vn 0.7033 0.7105 0.0244
vn 0.6324 0.7746 0.0128
vn 0.5681 0.8230 -0.0009
vn 0.5555 0.8311 0.0244
vn 0.5000 0.8660 -0.0000
vn 0.5549 0.8315 0.0251
vn 0.5681 0.8230 -0.0000
vn 0.4288 0.9034 -0.0000
vn 0.5122 0.8585 0.0259
vn 0.4288 0.9034 -0.0009
vn 0.3407 0.9399 0.0250
vn 0.4287 0.9033 0.0126
vn 0.3398 0.9402 0.0251
vn 0.3546 0.9350 -0.0000
vn 0.0519 0.9983 0.0283
vn 0.2001 0.9797 0.0128
vn 0.2979 0.9542 0.0270
vn 0.2781 0.9605 -0.0009
vn 0.0402 0.9992 -0.0009
vn 0.0526 0.9983 0.0270
vn 0.1052 0.9941 0.0249
vn -0.2000 0.9798 -0.0009
vn -0.2781 0.9605 0.0128
vn -0.1878 0.9818 0.0270
vn -0.1351 0.9905 0.0249
vn -0.0332 0.9993 0.0148
vn -0.0403 0.9992 -0.0009
vn -0.1357 0.9904 0.0249
vn -0.2782 0.9605 -0.0009
vn -0.3683 0.9294 0.0249
vn -0.2782 0.9605 0.0126
vn -0.4287 0.9035 -0.0000
vn -0.3691 0.9291 0.0251
vn -0.3546 0.9350 -0.0000
vn -0.5001 0.8660 -0.0000
vn -0.4156 0.9092 0.0258
vn -0.5681 0.8230 -0.0000
vn -0.5003 0.8658 0.0136
vn -0.5681 0.8230 -0.0009
vn -0.6202 0.7840 0.0249
vn -0.5801 0.8141 0.0245
vn -0.6928 0.7211 -0.0000
vn -0.6211 0.7833 0.0258
vn -0.6324 0.7746 -0.0000
vn -0.6928 0.7210 0.0128
vn -0.7485 0.6631 -0.0010
vn -0.7581 0.6517 0.0244
vn -0.7584 0.6513 0.0248
vn -0.7994 0.6009 -0.0009
vn -0.7901 0.6125 0.0244
vn -0.7994 0.6008 -0.0010
vn -0.8449 0.5347 0.0128
vn -0.8855 0.4646 -0.0000
vn -0.8451 0.5344 0.0136
vn -0.8450 0.5347 -0.0000
vn -0.8923 0.4508 0.0249
vn -0.9201 0.3917 -0.0010
vn -0.9138 0.4054 0.0244
vn -0.9484 0.3167 0.0128
vn -0.9485 0.3167 -0.0009
vn -0.9734 0.2275 0.0275
vn -0.9485 0.3167 0.0125
vn -0.9870 -0.1603 0.0128
vn -0.9870 -0.1605 0.0128
vn -0.9709 -0.2394 -0.0010
vn -0.9669 -0.2538 0.0244
vn -0.9668 -0.2542 0.0249
vn -0.9485 -0.3167 -0.0009
vn -0.9529 -0.3023 0.0244
vn -0.9528 -0.3026 0.0249
vn -0.9201 -0.3917 -0.0010
vn -0.9200 -0.3917 0.0125
vn -0.8783 -0.4775 0.0250
vn -0.9200 -0.3917 0.0126
vn -0.8855 -0.4646 -0.0009
vn -0.8530 -0.5214 0.0249
vn -0.8782 -0.4777 0.0245
vn -0.8526 -0.5219 0.0250
vn -0.7994 -0.6008 -0.0010
vn -0.7993 -0.6008 0.0125
vn -0.7994 -0.6008 -0.0009
vn -0.7385 -0.6738 0.0249
vn -0.7993 -0.6008 0.0126
vn -0.7485 -0.6631 -0.0010
vn -0.7036 -0.7102 0.0249
vn -0.7383 -0.6740 0.0245
vn -0.6928 -0.7211 -0.0009
vn -0.6324 -0.7745 0.0128
vn -0.7032 -0.7105 0.0244
vn -0.5681 -0.8230 -0.0000
vn -0.6321 -0.7748 0.0136
vn -0.6324 -0.7746 -0.0000
vn -0.5553 -0.8315 0.0164
vn -0.5128 -0.8584 0.0171
vn -0.4286 -0.9026 0.0416
vn -0.2000 -0.9791 0.0371
vn -0.4284 -0.9028 0.0370
vn -0.3400 -0.9403 0.0160
vn 0.0402 -0.9985 0.0371
vn -0.1998 -0.9791 0.0370
vn -0.1050 -0.9943 0.0160
vn 0.0405 -0.9983 0.0416
vn 0.1353 -0.9907 0.0171
vn 0.1850 -0.9826 0.0164
vn 0.4996 -0.8655 0.0371
vn 0.3690 -0.9293 0.0160
vn 0.6922 -0.7208 0.0371
vn 0.4997 -0.8654 0.0370
vn 0.5807 -0.8139 0.0160
vn 0.6923 -0.7204 0.0417
vn 0.7581 -0.6519 0.0171
vn 0.7900 -0.6129 0.0164
vn 0.8924 -0.4510 0.0164
vn 0.9150 -0.4030 0.0196
vn 0.9476 -0.3166 0.0416
vn 0.9478 -0.3161 0.0417
vn 0.9742 -0.2249 0.0171
vn 0.9836 -0.1787 0.0222
vn 0.9864 0.1602 0.0371
vn 0.9961 -0.0803 0.0370
vn 0.9996 0.0188 0.0218
vn 0.9862 0.1605 0.0417
vn 0.9671 0.2537 0.0171
vn 0.9548 0.2966 0.0190
vn 0.7989 0.6003 0.0371
vn 0.9193 0.3917 0.0370
vn 0.8753 0.4832 0.0187
vn 0.6321 0.7740 0.0371
vn 0.7988 0.6004 0.0370
vn 0.7379 0.6747 0.0160
vn 0.6317 0.7741 0.0417
vn 0.5557 0.8312 0.0171
vn 0.5132 0.8581 0.0164
vn 0.4281 0.9028 0.0417
vn 0.3406 0.9401 0.0171
vn 0.2982 0.9543 0.0190
vn 0.1996 0.9790 0.0417
vn 0.1058 0.9942 0.0171
vn 0.0528 0.9984 0.0190
vn -0.1357 0.9906 0.0164
vn -0.1880 0.9820 0.0196
vn -0.2777 0.9598 0.0416
vn -0.4996 0.8654 0.0371
vn -0.2781 0.9598 0.0370
vn -0.3691 0.9293 0.0160
vn -0.6922 0.7207 0.0371
vn -0.4997 0.8654 0.0370
vn -0.5807 0.8139 0.0160
vn -0.6923 0.7204 0.0417
vn -0.7582 0.6518 0.0171
vn -0.7900 0.6129 0.0164
vn -0.8446 0.5338 0.0417
vn -0.8922 0.4514 0.0171
vn -0.9138 0.4058 0.0164
vn -0.9478 0.3161 0.0417
vn -0.9736 0.2274 0.0196
vn -0.9844 0.1754 0.0165
vn -0.9959 0.0801 0.0417
vn -0.9997 -0.0148 0.0171
vn -0.9975 -0.0678 0.0190
vn -0.9670 -0.2542 0.0165
vn -0.9530 -0.3025 0.0171
vn -0.9193 -0.3914 0.0417
vn -0.9191 -0.3918 0.0416
vn -0.8784 -0.4776 0.0171
vn -0.8531 -0.5215 0.0164
vn -0.7986 -0.6004 0.0417
vn -0.7385 -0.6740 0.0171
vn -0.7036 -0.7104 0.0164
vn -0.4280 -0.9000 0.0826
vn -0.6303 -0.7722 0.0803
vn -0.6318 -0.7746 0.0290
vn -0.4248 -0.9011 0.0872
vn -0.4284 -0.9029 0.0355
vn -0.2000 -0.9792 0.0353
vn -0.1968 -0.9766 0.0872
vn -0.1999 -0.9792 0.0355
vn 0.0402 -0.9986 0.0353
vn 0.2764 -0.9575 0.0826
vn 0.0402 -0.9960 0.0803
vn 0.0407 -0.9988 0.0290
vn 0.4976 -0.8635 0.0826
vn 0.2774 -0.9574 0.0803
vn 0.2785 -0.9600 0.0290
vn 0.5003 -0.8614 0.0872
vn 0.4997 -0.8654 0.0355
vn 0.6923 -0.7208 0.0353
vn 0.8418 -0.5334 0.0826
vn 0.6906 -0.7188 0.0803
vn 0.6928 -0.7206 0.0290
vn 0.9450 -0.3164 0.0826
vn 0.8425 -0.5327 0.0803
vn 0.8451 -0.5338 0.0290
vn 0.9933 -0.0810 0.0826
vn 0.9455 -0.3156 0.0803
vn 0.9483 -0.3161 0.0290
vn 0.9932 -0.0776 0.0872
vn 0.9864 0.1602 0.0353
vn 0.9829 0.1623 0.0872
vn 0.9864 0.1604 0.0355
vn 0.9194 0.3916 0.0353
vn 0.9155 0.3928 0.0872
vn 0.9194 0.3917 0.0355
vn 0.7990 0.6004 0.0353
vn 0.7948 0.6005 0.0872
vn 0.7989 0.6004 0.0355
vn 0.6321 0.7741 0.0353
vn 0.4280 0.9000 0.0826
vn 0.6303 0.7722 0.0803
vn 0.6318 0.7746 0.0290
vn 0.2002 0.9763 0.0826
vn 0.4272 0.9006 0.0803
vn 0.4280 0.9033 0.0290
vn -0.0393 0.9958 0.0826
vn 0.1993 0.9766 0.0803
vn 0.1994 0.9795 0.0290
vn -0.0427 0.9953 0.0872
vn -0.0403 0.9986 0.0355
vn -0.2780 0.9599 0.0353
vn -0.2796 0.9561 0.0872
vn -0.2781 0.9599 0.0355
vn -0.4996 0.8655 0.0353
vn -0.5003 0.8614 0.0872
vn -0.4997 0.8654 0.0355
vn -0.6923 0.7208 0.0353
vn -0.8418 0.5334 0.0826
vn -0.6906 0.7188 0.0803
vn -0.6928 0.7205 0.0290
vn -0.9450 0.3164 0.0826
vn -0.8425 0.5327 0.0803
vn -0.8451 0.5339 0.0290
vn -0.9933 0.0810 0.0826
vn -0.9455 0.3156 0.0803
vn -0.9483 0.3160 0.0290
vn -0.9838 -0.1590 0.0826
vn -0.9935 0.0801 0.0803
vn -0.9964 0.0799 0.0290
vn -0.9829 -0.1623 0.0872
vn -0.9864 -0.1603 0.0355
vn -0.9195 -0.3916 0.0353
vn -0.9155 -0.3928 0.0872
vn -0.9194 -0.3917 0.0355
vn -0.7990 -0.6004 0.0353
vn -0.7949 -0.6005 0.0872
vn -0.7989 -0.6004 0.0355
vn -0.6321 -0.7741 0.0353
vn -0.0395 -0.0516 0.9979
vn -0.1297 -0.1616 0.9783
vn -0.0892 -0.1864 0.9784
vn -0.0258 -0.0595 0.9979
vn -0.0869 -0.1873 0.9784
vn -0.0421 -0.2016 0.9786
vn -0.0396 -0.2019 0.9786
vn 0.0071 -0.2055 0.9786
vn 0.0039 -0.0645 0.9979
vn 0.0095 -0.2053 0.9786
vn 0.0187 -0.0620 0.9979
vn 0.0581 -0.1975 0.9786
vn 0.1016 -0.1796 0.9785
vn 0.0327 -0.0560 0.9979
vn 0.1038 -0.1785 0.9785
vn 0.1421 -0.1505 0.9783
vn 0.1442 -0.1487 0.9783
vn 0.0618 -0.0203 0.9979
vn 0.0562 -0.0326 0.9979
vn 0.1762 -0.1089 0.9783
vn 0.0623 -0.0179 0.9979
vn 0.1961 -0.0632 0.9786
vn 0.2044 -0.0174 0.9787
vn 0.2044 -0.0150 0.9788
vn 0.0635 0.0110 0.9979
vn 0.2022 0.0337 0.9788
vn 0.1901 0.0787 0.9786
vn 0.0597 0.0250 0.9979
vn 0.1894 0.0809 0.9786
vn 0.1664 0.1226 0.9784
vn 0.0516 0.0395 0.9979
vn 0.1650 0.1251 0.9783
vn 0.1318 0.1599 0.9783
vn 0.0395 0.0516 0.9979
vn 0.1297 0.1616 0.9783
vn 0.0892 0.1864 0.9784
vn 0.0258 0.0595 0.9979
vn 0.0868 0.1873 0.9785
vn 0.0421 0.2016 0.9786
vn 0.0112 0.0638 0.9979
vn 0.0397 0.2020 0.9786
vn -0.0070 0.2055 0.9786
vn -0.0038 0.0645 0.9979
vn -0.0095 0.2054 0.9786
vn -0.0187 0.0619 0.9979
vn -0.0581 0.1975 0.9786
vn -0.1016 0.1796 0.9785
vn -0.0434 0.0482 0.9979
vn -0.0327 0.0560 0.9979
vn -0.1038 0.1785 0.9785
vn -0.0456 0.0463 0.9979
vn -0.0619 0.0202 0.9979
vn -0.0563 0.0327 0.9979
vn -0.1761 0.1089 0.9783
vn -0.0623 0.0179 0.9979
vn -0.1960 0.0632 0.9786
vn -0.2044 0.0174 0.9787
vn -0.2044 0.0150 0.9788
vn -0.0605 -0.0227 0.9979
vn -0.0635 -0.0109 0.9979
vn -0.2022 -0.0337 0.9788
vn -0.0531 -0.0368 0.9979
vn -0.0597 -0.0249 0.9979
vn -0.1894 -0.0808 0.9786
vn -0.0516 -0.0395 0.9979
vn -0.1650 -0.1251 0.9783
vn -0.0356 -0.0472 0.9983
vn -0.0405 -0.0533 0.9978
vn -0.0292 -0.0602 0.9978
vn -0.0230 -0.0544 0.9983
vn -0.0264 -0.0615 0.9978
vn -0.0114 -0.0659 0.9978
vn 0.0042 -0.0667 0.9978
vn 0.0195 -0.0640 0.9978
vn 0.0300 -0.0509 0.9983
vn 0.0339 -0.0577 0.9978
vn 0.0447 -0.0498 0.9978
vn 0.0470 -0.0476 0.9978
vn 0.0560 -0.0364 0.9978
vn 0.0563 -0.0184 0.9982
vn 0.0515 -0.0291 0.9983
vn 0.0580 -0.0333 0.9978
vn 0.0571 -0.0157 0.9982
vn 0.0644 -0.0183 0.9978
vn 0.0665 -0.0063 0.9978
vn 0.0667 -0.0034 0.9978
vn 0.0583 0.0103 0.9982
vn 0.0658 0.0116 0.9978
vn 0.0627 0.0234 0.9978
vn 0.0545 0.0229 0.9982
vn 0.0616 0.0260 0.9978
vn 0.0550 0.0379 0.9978
vn 0.0468 0.0360 0.9983
vn 0.0257 0.0533 0.9982
vn 0.0355 0.0473 0.9982
vn 0.0230 0.0545 0.9982
vn -0.0012 0.0668 0.9978
vn -0.0039 0.0590 0.9983
vn -0.0041 0.0667 0.9978
vn -0.0173 0.0565 0.9983
vn -0.0194 0.0640 0.9978
vn -0.0300 0.0509 0.9983
vn -0.0339 0.0577 0.9978
vn -0.0470 0.0476 0.9978
vn -0.0560 0.0364 0.9978
vn -0.0563 0.0184 0.9982
vn -0.0514 0.0291 0.9983
vn -0.0580 0.0334 0.9978
vn -0.0591 0.0055 0.9982
vn -0.0572 0.0156 0.9982
vn -0.0593 0.0027 0.9982
vn -0.0667 0.0034 0.9978
vn -0.0658 -0.0115 0.9978
vn -0.0627 -0.0234 0.9978
vn -0.0545 -0.0229 0.9983
vn -0.0616 -0.0260 0.9978
vn -0.0550 -0.0380 0.9978
vn -0.0529 -0.0408 0.9978
vn -0.0431 -0.0512 0.9978
vn -0.0114 -0.0239 0.9996
vn -0.0173 -0.0234 0.9996
vn -0.0321 -0.0415 0.9986
vn -0.0030 -0.0119 0.9999
vn -0.0101 -0.0246 0.9996
vn -0.0210 -0.0481 0.9986
vn -0.0016 -0.0123 0.9999
vn 0.0012 -0.0123 0.9999
vn 0.0028 -0.0525 0.9986
vn 0.0134 -0.0509 0.9986
vn 0.0070 -0.0232 0.9997
vn 0.0147 -0.0505 0.9986
vn 0.0247 -0.0464 0.9986
vn 0.0133 -0.0232 0.9996
vn 0.0259 -0.0456 0.9986
vn 0.0352 -0.0390 0.9986
vn 0.0204 -0.0210 0.9996
vn 0.0364 -0.0378 0.9986
vn 0.0281 -0.0151 0.9995
vn 0.0454 -0.0262 0.9986
vn 0.0502 -0.0155 0.9986
vn 0.0087 -0.0017 1.0000
vn 0.0507 -0.0143 0.9986
vn 0.0526 -0.0042 0.9986
vn 0.0528 -0.0030 0.9986
vn 0.0239 0.0040 0.9997
vn 0.0521 0.0085 0.9986
vn 0.0494 0.0184 0.9986
vn 0.0267 0.0176 0.9995
vn 0.0219 0.0088 0.9997
vn 0.0489 0.0197 0.9986
vn 0.0255 0.0190 0.9995
vn 0.0419 0.0314 0.9986
vn 0.0127 0.0272 0.9995
vn 0.0045 0.0070 1.0000
vn 0.0320 0.0416 0.9986
vn 0.0064 0.0298 0.9995
vn 0.0115 0.0278 0.9995
vn 0.0210 0.0482 0.9986
vn 0.0049 0.0301 0.9995
vn 0.0093 0.0518 0.9986
vn -0.0028 0.0525 0.9986
vn -0.0134 0.0509 0.9986
vn -0.0087 0.0292 0.9995
vn -0.0147 0.0505 0.9986
vn -0.0247 0.0464 0.9986
vn -0.0149 0.0261 0.9995
vn -0.0260 0.0456 0.9986
vn -0.0352 0.0390 0.9986
vn -0.0075 0.0070 0.9999
vn -0.0364 0.0378 0.9986
vn -0.0280 0.0152 0.9995
vn -0.0454 0.0262 0.9986
vn -0.0502 0.0155 0.9986
vn -0.0228 0.0056 0.9997
vn -0.0507 0.0143 0.9986
vn -0.0526 0.0042 0.9986
vn -0.0335 0.0013 0.9994
vn -0.0528 0.0030 0.9986
vn -0.0521 -0.0084 0.9986
vn -0.0494 -0.0184 0.9986
vn -0.0079 -0.0022 1.0000
vn -0.0267 -0.0174 0.9995
vn -0.0073 -0.0034 1.0000
vn -0.0488 -0.0196 0.9986
vn -0.0185 -0.0224 0.9996
vn -0.0256 -0.0188 0.9995
vn -0.1169 -0.2289 0.9664
vn -0.1571 -0.2044 0.9662
vn -0.4383 -0.5478 0.7126
vn -0.0588 -0.2495 0.9666
vn -0.1032 -0.2355 0.9664
vn -0.2942 -0.6364 0.7131
vn 0.0024 -0.2559 0.9667
vn -0.0440 -0.2526 0.9666
vn -0.1335 -0.6879 0.7135
vn 0.0633 -0.2482 0.9667
vn 0.0174 -0.2555 0.9666
vn 0.0349 -0.6996 0.7136
vn 0.1209 -0.2264 0.9665
vn 0.0779 -0.2443 0.9666
vn 0.2012 -0.6711 0.7135
vn 0.1721 -0.1913 0.9663
vn 0.1342 -0.2193 0.9664
vn 0.3561 -0.6039 0.7131
vn 0.2134 -0.1439 0.9663
vn 0.1835 -0.1811 0.9662
vn 0.4907 -0.5014 0.7126
vn 0.2411 -0.0879 0.9665
vn 0.2218 -0.1310 0.9663
vn 0.5967 -0.3689 0.7127
vn 0.2540 -0.0282 0.9668
vn 0.2458 -0.0736 0.9665
vn 0.6669 -0.2152 0.7134
vn 0.6921 0.1056 0.7140
vn 0.2533 0.0337 0.9668
vn 0.2550 -0.0123 0.9669
vn 0.6474 0.2681 0.7134
vn 0.2390 0.0931 0.9665
vn 0.2508 0.0485 0.9668
vn 0.5650 0.4157 0.7127
vn 0.2106 0.1484 0.9662
vn 0.2332 0.1070 0.9665
vn 0.1688 0.1946 0.9663
vn 0.2018 0.1601 0.9662
vn 0.5568 0.4267 0.7127
vn 0.1168 0.2289 0.9664
vn 0.1570 0.2044 0.9662
vn 0.4383 0.5478 0.7126
vn 0.0588 0.2494 0.9666
vn 0.1032 0.2355 0.9664
vn 0.2942 0.6364 0.7131
vn -0.0024 0.2559 0.9667
vn 0.0440 0.2526 0.9666
vn 0.1335 0.6878 0.7135
vn -0.0633 0.2482 0.9666
vn -0.0174 0.2556 0.9666
vn -0.0349 0.6997 0.7136
vn -0.3445 0.6106 0.7131
vn -0.1218 0.2264 0.9664
vn -0.0786 0.2439 0.9666
vn -0.4810 0.5108 0.7126
vn -0.1730 0.1911 0.9662
vn -0.1349 0.2187 0.9664
vn -0.2133 0.1439 0.9663
vn -0.1834 0.1811 0.9662
vn -0.4907 0.5014 0.7126
vn -0.2411 0.0879 0.9665
vn -0.2219 0.1310 0.9662
vn -0.5968 0.3689 0.7126
vn -0.2539 0.0281 0.9668
vn -0.2457 0.0736 0.9665
vn -0.6669 0.2152 0.7134
vn -0.6921 -0.1056 0.7140
vn -0.2534 -0.0337 0.9668
vn -0.2550 0.0123 0.9669
vn -0.6474 -0.2681 0.7134
vn -0.2390 -0.0931 0.9665
vn -0.2509 -0.0485 0.9668
vn -0.5651 -0.4157 0.7126
vn -0.2107 -0.1485 0.9662
vn -0.2332 -0.1071 0.9665
vn -0.1688 -0.1946 0.9663
vn -0.2019 -0.1602 0.9662
vn -0.5569 -0.4267 0.7126
vn -0.3232 -0.6241 0.7113
vn -0.4442 -0.5495 0.7076
vn -0.6272 -0.7787 0.0182
vn -0.2065 -0.9783 0.0181
vn -0.1443 -0.6910 0.7083
vn -0.2788 -0.6453 0.7113
vn 0.0037 -0.7024 0.7117
vn -0.1378 -0.6924 0.7083
vn -0.1934 -0.9809 0.0181
vn 0.1716 -0.6813 0.7116
vn 0.0317 -0.7051 0.7084
vn 0.0469 -0.9987 0.0181
vn 0.4941 -0.8692 0.0181
vn 0.3501 -0.6134 0.7080
vn 0.2189 -0.6676 0.7117
vn 0.6878 -0.7257 0.0182
vn 0.4869 -0.5119 0.7077
vn 0.3723 -0.5961 0.7114
vn 0.8415 -0.5400 0.0182
vn 0.5955 -0.3803 0.7077
vn 0.5044 -0.4899 0.7110
vn 0.6582 -0.2454 0.7117
vn 0.5989 -0.3746 0.7078
vn 0.8486 -0.5287 0.0183
vn 0.6975 -0.0809 0.7120
vn 0.6709 -0.2202 0.7081
vn 0.9505 -0.3103 0.0180
vn 0.6966 0.0881 0.7120
vn 0.7035 -0.0534 0.7087
vn 0.9971 -0.0738 0.0181
vn 0.9224 0.3857 0.0181
vn 0.6509 0.2734 0.7082
vn 0.6888 0.1367 0.7120
vn 0.8033 0.5953 0.0181
vn 0.5669 0.4216 0.7077
vn 0.6364 0.2976 0.7116
vn 0.4634 0.5289 0.7110
vn 0.5629 0.4269 0.7077
vn 0.7953 0.6060 0.0182
vn 0.4406 0.5514 0.7084
vn 0.6305 0.7760 0.0196
vn 0.4421 0.8968 0.0155
vn 0.2066 0.9783 0.0181
vn 0.1443 0.6910 0.7083
vn 0.2787 0.6452 0.7113
vn -0.0037 0.7024 0.7118
vn 0.1378 0.6923 0.7083
vn 0.1934 0.9809 0.0181
vn -0.2717 0.9622 0.0181
vn -0.1931 0.6790 0.7083
vn -0.0528 0.7004 0.7118
vn -0.3297 0.6207 0.7113
vn -0.1995 0.6771 0.7083
vn -0.2846 0.9585 0.0181
vn -0.6878 0.7257 0.0182
vn -0.4870 0.5119 0.7077
vn -0.3723 0.5961 0.7114
vn -0.8414 0.5400 0.0182
vn -0.5954 0.3802 0.7077
vn -0.5045 0.4898 0.7110
vn -0.6583 0.2454 0.7116
vn -0.5990 0.3747 0.7077
vn -0.8486 0.5287 0.0182
vn -0.6975 0.0809 0.7120
vn -0.6708 0.2201 0.7082
vn -0.9505 0.3103 0.0181
vn -0.6966 -0.0882 0.7120
vn -0.7036 0.0533 0.7086
vn -0.9971 0.0737 0.0180
vn -0.9224 -0.3857 0.0181
vn -0.6509 -0.2734 0.7082
vn -0.6887 -0.1367 0.7121
vn -0.8033 -0.5953 0.0182
vn -0.5668 -0.4216 0.7078
vn -0.6364 -0.2975 0.7117
vn -0.4635 -0.5289 0.7110
vn -0.5629 -0.4269 0.7077
vn -0.7953 -0.6060 0.0182
vn 0.0164 0.0060 0.9998
vn 0.1339 0.9910 -0.0000
vn 0.1063 0.9940 0.0258
vn -0.5000 -0.8660 -0.0000
vn -0.5133 -0.8578 0.0251
vn -0.5001 -0.8660 -0.0000
vn -0.4287 -0.9034 -0.0000
vn -0.4289 -0.9032 0.0136
vn -0.4287 -0.9035 -0.0000
vn -0.3410 -0.9397 0.0259
vn -0.2782 -0.9605 -0.0009
vn -0.2925 -0.9560 0.0245
vn -0.3401 -0.9401 0.0248
vn -0.2000 -0.9798 -0.0010
vn -0.2922 -0.9560 0.0249
vn -0.1206 -0.9927 -0.0000
vn -0.1063 -0.9940 0.0259
vn -0.0559 -0.9981 0.0251
vn -0.0550 -0.9982 0.0249
vn 0.1206 -0.9927 -0.0000
vn 0.1347 -0.9906 0.0258
vn 0.2000 -0.9798 -0.0000
vn 0.1846 -0.9825 0.0251
vn 0.2782 -0.9605 -0.0000
vn 0.2779 -0.9605 0.0136
vn 0.2785 -0.9603 0.0136
vn 0.3546 -0.9350 -0.0000
vn 0.3691 -0.9291 0.0251
vn 0.4288 -0.9034 -0.0000
vn 0.4287 -0.9034 -0.0000
vn 0.5000 -0.8660 -0.0000
vn 0.4997 -0.8661 0.0136
vn 0.5681 -0.8230 -0.0000
vn 0.5796 -0.8145 0.0258
vn 0.6201 -0.7841 0.0252
vn 0.6927 -0.7212 -0.0009
vn 0.6927 -0.7211 0.0126
vn 0.6208 -0.7836 0.0249
vn 0.7484 -0.6632 -0.0010
vn 0.7581 -0.6517 0.0244
vn 0.6928 -0.7210 0.0128
vn 0.7585 -0.6512 0.0251
vn 0.7902 -0.6123 0.0249
vn 0.9462 -0.3233 0.0147
vn 0.9149 -0.4028 0.0275
vn 0.9709 0.2393 -0.0010
vn 0.9670 0.2537 0.0244
vn 0.9858 0.1674 0.0151
vn 0.9668 0.2544 0.0251
vn 0.9709 0.2393 -0.0000
vn 0.8528 0.5216 0.0244
vn 0.8751 0.4832 0.0274
vn 0.7994 0.6008 -0.0000
vn 0.7995 0.6005 0.0136
vn 0.7484 0.6632 -0.0000
vn 0.7386 0.6736 0.0258
vn 0.6928 0.7212 -0.0000
vn 0.7037 0.7100 0.0251
vn 0.6325 0.7746 -0.0000
vn 0.6327 0.7743 0.0136
vn 0.6322 0.7747 0.0136
vn 0.5000 0.8660 -0.0010
vn 0.5128 0.8582 0.0244
vn 0.5552 0.8314 0.0249
vn 0.4287 0.9033 0.0125
vn 0.5126 0.8583 0.0249
vn 0.4287 0.9034 -0.0000
vn 0.3410 0.9397 0.0259
vn 0.2782 0.9605 -0.0009
vn 0.3401 0.9401 0.0249
vn -0.0402 0.9992 -0.0009
vn 0.0523 0.9983 0.0275
vn -0.2782 0.9605 -0.0000
vn -0.2779 0.9605 0.0136
vn -0.3678 0.9295 0.0258
vn -0.4287 0.9035 -0.0010
vn -0.4150 0.9095 0.0244
vn -0.3688 0.9292 0.0249
vn -0.5000 0.8660 -0.0009
vn -0.5000 0.8659 0.0126
vn -0.4152 0.9094 0.0249
vn -0.5680 0.8230 -0.0010
vn -0.5801 0.8142 0.0244
vn -0.5001 0.8659 0.0128
vn -0.6200 0.7842 0.0251
vn -0.6928 0.7212 -0.0010
vn -0.6927 0.7211 0.0126
vn -0.6207 0.7836 0.0249
vn -0.6930 0.7209 0.0136
vn -0.7485 0.6631 -0.0000
vn -0.7586 0.6511 0.0251
vn -0.7994 0.6008 -0.0000
vn -0.8451 0.5347 -0.0000
vn -0.8448 0.5349 0.0136
vn -0.8855 0.4646 -0.0010
vn -0.8921 0.4512 0.0245
vn -0.8450 0.5346 0.0128
vn -0.8924 0.4506 0.0251
vn -0.8856 0.4645 -0.0000
vn -0.9201 0.3917 -0.0000
vn -0.9485 0.3167 -0.0000
vn -0.9483 0.3170 0.0135
vn -0.9709 0.2395 -0.0000
vn -0.9733 0.2280 0.0283
vn -0.9871 -0.1604 -0.0000
vn -0.9870 -0.1601 0.0136
vn -0.9869 -0.1607 0.0136
vn -0.9709 -0.2394 -0.0000
vn -0.9667 -0.2545 0.0251
vn -0.9709 -0.2395 -0.0000
vn -0.9485 -0.3167 -0.0000
vn -0.9527 -0.3029 0.0258
vn -0.9201 -0.3917 -0.0000
vn -0.8855 -0.4646 -0.0000
vn -0.8785 -0.4771 0.0259
vn -0.8450 -0.5347 -0.0000
vn -0.8531 -0.5212 0.0251
vn -0.8524 -0.5223 0.0259
vn -0.8451 -0.5347 -0.0000
vn -0.7994 -0.6008 -0.0000
vn -0.7485 -0.6631 -0.0000
vn -0.7387 -0.6735 0.0258
vn -0.6928 -0.7211 -0.0000
vn -0.7037 -0.7100 0.0251
vn -0.6326 -0.7744 0.0136
vn -0.6323 -0.7746 0.0128
vt 0.811031 0.520716
vt 0.760878 0.513133
vt 0.591696 0.538132
vt 0.587557 0.537402
vt 0.754105 0.512109
vt 0.703989 0.504532
vt 0.372735 0.910134
vt 0.011716 0.910753
vt 0.191586 0.983231
vt 0.645500 0.724398
vt 0.639642 0.813512
vt 0.659591 0.723151
vt 0.995649 0.541553
vt 0.755130 0.641922
vt 0.989597 0.643224
vt 0.601967 0.063308
vt 0.991440 0.119202
vt 0.622320 0.060071
vt 0.004937 0.846358
vt 0.256172 0.758860
vt 0.230874 0.761099
vt 0.773850 0.908843
vt 0.995414 0.993075
vt 0.989752 0.904829
vt 0.005165 0.843014
vt 0.217676 0.760953
vt 0.010914 0.758663
vt 0.178066 0.452661
vt 0.005143 0.383426
vt 0.010605 0.452485
vt 0.992195 0.440902
vt 0.992322 0.435329
vt 0.996170 0.532791
vt 0.996159 0.532982
vt 0.989721 0.811690
vt 0.989800 0.722637
vt 0.315449 0.831104
vt 0.733777 0.909158
vt 0.011716 0.000000
vt 0.831158 -0.014096
vt 0.465210 0.407005
vt 0.010468 0.350132
vt 0.010665 0.320278
vt 0.991383 0.124874
vt 0.774172 0.474801
vt 0.785100 0.471806
vt 0.787360 0.474047
vt 0.908781 0.186155
vt 0.920064 0.197153
vt 0.903724 0.190672
vt 0.009730 0.377011
vt 0.010890 0.383426
vt 0.004845 0.363663
vt 0.005183 0.359118
vt -0.013769 0.278747
vt -0.016465 0.322806
vt 0.372736 0.910115
vt 0.639737 0.813507
vt 0.210956 0.452556
vt 0.004646 0.376902
vt 0.188755 0.452672
vt 0.997450 0.204897
vt 0.899246 0.189098
vt 0.639693 0.813509
vt 0.996171 0.532777
vt 0.740165 0.641839
vt 0.756385 0.909108
vt 0.995755 0.998392
vt 0.988962 1.000000
vt 0.752091 0.159153
vt 0.784877 0.157929
vt 0.784877 0.160393
vt 0.774148 0.474774
vt 0.756580 0.909107
vt 0.752091 0.159164
vt 0.774113 0.474733
vt 0.372746 0.909955
vt 0.639140 0.813539
vt 0.639690 0.813509
vt 0.988781 1.008575
vt 0.995685 1.001690
vt 0.023545 -0.000000
vt 0.020400 -0.000000
vt 0.752091 0.159142
vt 0.774116 0.474737
vt 0.996168 0.532819
vt 0.752091 0.159181
vt 0.774068 0.474681
vt 0.752091 0.159149
vt 0.774167 0.474796
vt 0.756688 0.909107
vt 0.996172 0.532765
vt 0.774130 0.474753
vt 0.639296 0.813530
vt 0.639672 0.813510
vt 0.756254 0.909108
vt 0.752091 0.159159
vt 0.774131 0.474754
vt 0.639369 0.813527
vt 0.639725 0.813507
vt 0.996169 0.532815
vt 0.639803 0.813503
vt 0.756437 0.909108
vt 0.752091 0.159164
vt 0.774234 0.474874
vt 0.008617 0.000000
vt 0.752091 0.159146
vt 0.774179 0.474810
vt 0.639688 0.813509
vt 0.991440 0.119202
vt 0.372735 0.910136
vt 0.639644 0.813512
vt 0.996170 0.532788
vt 0.752236 0.005557
vt 0.756259 0.909108
vt 0.774165 0.474794
vt 0.004642 0.376945
vt 0.756342 0.909108
vt 0.752090 0.159123
vt 0.774165 0.474794
vt 0.752091 0.159170
vt 0.774156 0.474783
vt 0.639638 0.813512
vt 0.405930 0.416897
vt 0.009225 0.357643
vt 0.067622 -0.000962
vt 0.807220 -0.013684
vt 0.753300 0.005292
vt 0.778885 -0.001079
vt 0.775252 -0.013134
vt 0.034835 -0.000208
vt 0.067622 -0.000962
vt 0.807220 -0.013684
vt 0.753300 0.005292
vt 0.778885 -0.001079
vt 0.775251 -0.013134
vt 0.034835 -0.000208
vt 0.067622 -0.000962
vt 0.807220 -0.013684
vt 0.778885 -0.001079
vt 0.775252 -0.013134
vt 0.034835 -0.000208
vt 0.067622 -0.000962
vt 0.753300 0.005292
vt 0.778885 -0.001079
vt 0.775252 -0.013134
vt 0.034835 -0.000208
vt 0.067622 -0.000962
vt 0.753300 0.005292
vt 0.778885 -0.001079
vt 0.034835 -0.000208
vt 0.067622 -0.000962
vt 0.830022 -0.014077
vt 0.807220 -0.013684
vt 0.753501 0.005242
vt 0.778885 -0.001079
vt 0.775251 -0.013134
vt 0.034835 -0.000208
vt 0.067622 -0.000962
vt 0.807220 -0.013684
vt 0.778885 -0.001079
vt 0.775251 -0.013134
vt 0.012264 -0.000005
vt 0.034835 -0.000208
vt 0.067622 -0.000962
vt 0.807220 -0.013684
vt 0.778885 -0.001079
vt 0.775252 -0.013134
vt 0.034835 -0.000208
vt 0.067622 -0.000962
vt 0.778885 -0.001079
vt 0.775251 -0.013134
vt 0.034835 -0.000208
vt 0.067622 -0.000962
vt 0.778885 -0.001079
vt 0.034835 -0.000208
vt 0.067621 -0.000962
vt 0.807220 -0.013684
vt 0.034835 -0.000208
vt 0.067622 -0.000962
vt 0.807220 -0.013684
vt 0.778885 -0.001079
vt 0.034835 -0.000208
vt 0.067622 -0.000962
vt 0.775251 -0.013134
vt 0.034835 -0.000208
vt 0.778885 -0.001079
vt 0.778885 -0.001079
vt 0.778885 -0.001079
vt 0.778885 -0.001079
vt 0.778885 -0.001079
vt 0.778885 -0.001079
vt 0.778885 -0.001079
vt 0.024031 -0.000212
vt 0.039828 -0.000484
vt 0.039595 -0.000480
vt 0.433752 -0.007260
vt 0.024031 -0.000212
vt 0.039710 -0.000482
vt 0.024031 -0.000212
vt 0.038686 -0.000464
vt 0.024031 -0.000212
vt 0.039669 -0.000481
vt 0.039702 -0.000481
vt 0.433752 -0.007260
vt 0.775957 -0.013147
vt 0.396806 -0.006624
vt 0.775957 -0.013147
vt 0.396806 -0.006624
vt 0.024031 -0.000212
vt 0.039768 -0.000483
vt 0.039669 -0.000481
vt 0.024031 -0.000212
vt 0.038974 -0.000469
vt 0.039966 -0.000486
vt 0.273770 -0.004508
vt 0.775957 -0.013147
vt 0.039799 -0.000483
vt 0.433752 -0.007260
vt 0.775956 -0.013147
vt 0.039819 -0.000483
vt 0.036347 -0.000424
vt 0.040707 -0.000499
vt 0.039316 -0.000475
vt 0.685578 -0.011270
vt 0.423083 -0.005491
vt 0.614273 -0.009862
vt 0.142533 0.000850
vt 0.358249 -0.067501
vt 0.176873 -0.139796
vt 0.685578 -0.011270
vt 0.423083 -0.005491
vt 0.614272 -0.009862
vt 0.685577 -0.011270
vt 0.423082 -0.005491
vt 0.614272 -0.009862
vt 0.142533 0.000850
vt 0.358249 -0.067502
vt 0.176874 -0.139798
vt 0.685577 -0.011270
vt 0.423082 -0.005491
vt 0.614272 -0.009862
vt 0.142534 0.000850
vt 0.358249 -0.067502
vt 0.176874 -0.139797
vt 0.142534 0.000850
vt 0.358250 -0.067502
vt 0.176874 -0.139797
vt 0.685577 -0.011270
vt 0.423082 -0.005491
vt 0.614271 -0.009862
vt 0.142534 0.000850
vt 0.358249 -0.067503
vt 0.176875 -0.139798
vt 0.685578 -0.011270
vt 0.423083 -0.005491
vt 0.614272 -0.009862
vt 0.142532 0.000850
vt 0.358248 -0.067502
vt 0.176872 -0.139798
vt 0.685578 -0.011270
vt 0.423083 -0.005491
vt 0.614273 -0.009862
vt 0.142532 0.000850
vt 0.358249 -0.067502
vt 0.176873 -0.139798
vt 0.685577 -0.011270
vt 0.423082 -0.005491
vt 0.614272 -0.009862
vt 0.142533 0.000850
vt 0.358249 -0.067502
vt 0.176874 -0.139798
vt 0.685577 -0.011270
vt 0.423082 -0.005491
vt 0.614272 -0.009862
vt 0.142533 0.000850
vt 0.358249 -0.067501
vt 0.176873 -0.139796
vt 0.685577 -0.011270
vt 0.423083 -0.005491
vt 0.614272 -0.009862
vt 0.142534 0.000850
vt 0.358249 -0.067502
vt 0.176874 -0.139797
vt 0.685577 -0.011270
vt 0.423082 -0.005491
vt 0.614272 -0.009862
vt 0.142534 0.000850
vt 0.358250 -0.067501
vt 0.176874 -0.139796
vt 0.685576 -0.011270
vt 0.423082 -0.005491
vt 0.614271 -0.009862
vt 0.142534 0.000850
vt 0.358250 -0.067502
vt 0.176875 -0.139798
vt 0.187605 0.001320
vt 0.542711 0.002275
vt 0.763044 -0.000481
vt 0.135940 0.000932
vt 0.135941 0.000932
vt 0.698816 -0.027449
vt 0.701829 -0.028816
vt 0.701833 -0.028816
vt 0.701815 -0.028818
vt 0.135925 0.000934
vt 0.135798 0.000945
vt 0.136136 0.000915
vt 0.135940 0.000932
vt 0.701831 -0.028815
vt 0.135941 0.000932
vt 0.615719 -0.041796
vt 0.135940 0.000932
vt 0.135941 0.000932
vt 0.615719 -0.041795
vt 0.135940 0.000932
vt 0.135940 0.000932
vt 0.615719 -0.041796
vt 0.775667 -0.013142
vt 0.750061 -0.012701
vt 0.398084 -0.006646
vt 0.756831 0.004413
vt 0.760081 0.003603
vt 0.771593 0.000737
vt 0.062863 0.000127
vt 0.085578 0.000407
vt 0.437809 -0.005711
vt 0.341052 -0.005564
vt 0.670389 -0.011128
vt 0.775667 -0.013142
vt 0.750060 -0.012701
vt 0.398084 -0.006646
vt 0.756831 0.004413
vt 0.760081 0.003603
vt 0.771593 0.000737
vt 0.071015 0.000191
vt 0.101883 0.000534
vt 0.445962 -0.005648
vt 0.341052 -0.005564
vt 0.670389 -0.011128
vt 0.775667 -0.013142
vt 0.750060 -0.012701
vt 0.398084 -0.006646
vt 0.756831 0.004413
vt 0.760081 0.003603
vt 0.771593 0.000737
vt 0.062862 0.000127
vt 0.085577 0.000407
vt 0.437809 -0.005711
vt 0.341052 -0.005564
vt 0.670389 -0.011128
vt 0.775667 -0.013142
vt 0.750060 -0.012701
vt 0.398083 -0.006646
vt 0.756831 0.004413
vt 0.760081 0.003603
vt 0.771593 0.000737
vt 0.062863 0.000127
vt 0.085578 0.000407
vt 0.437809 -0.005711
vt 0.341053 -0.005564
vt 0.670390 -0.011128
vt 0.775667 -0.013142
vt 0.398084 -0.006646
vt 0.756831 0.004413
vt 0.760081 0.003603
vt 0.771593 0.000737
vt 0.062863 0.000127
vt 0.437809 -0.005711
vt 0.341052 -0.005564
vt 0.670388 -0.011128
vt 0.775666 -0.013142
vt 0.750059 -0.012701
vt 0.398083 -0.006646
vt 0.756831 0.004413
vt 0.771593 0.000737
vt 0.062863 0.000127
vt 0.085578 0.000407
vt 0.437809 -0.005711
vt 0.341052 -0.005564
vt 0.670389 -0.011128
vt 0.775667 -0.013142
vt 0.750061 -0.012701
vt 0.398084 -0.006646
vt 0.760081 0.003603
vt 0.771593 0.000737
vt 0.062862 0.000127
vt 0.085577 0.000407
vt 0.437808 -0.005711
vt 0.341053 -0.005564
vt 0.670390 -0.011128
vt 0.775667 -0.013142
vt 0.750061 -0.012701
vt 0.398084 -0.006646
vt 0.760081 0.003603
vt 0.771593 0.000737
vt 0.062862 0.000127
vt 0.085576 0.000407
vt 0.437808 -0.005711
vt 0.341052 -0.005564
vt 0.670389 -0.011128
vt 0.775667 -0.013142
vt 0.750059 -0.012701
vt 0.398083 -0.006646
vt 0.756831 0.004413
vt 0.760081 0.003603
vt 0.771593 0.000737
vt 0.062863 0.000127
vt 0.085578 0.000407
vt 0.437809 -0.005711
vt 0.341052 -0.005564
vt 0.670389 -0.011128
vt 0.775667 -0.013142
vt 0.398084 -0.006646
vt 0.756831 0.004413
vt 0.760081 0.003603
vt 0.771593 0.000737
vt 0.062862 0.000127
vt 0.085577 0.000407
vt 0.437809 -0.005711
vt 0.341052 -0.005564
vt 0.670388 -0.011128
vt 0.775667 -0.013142
vt 0.750060 -0.012701
vt 0.398084 -0.006646
vt 0.756831 0.004413
vt 0.760081 0.003603
vt 0.771593 0.000737
vt 0.062863 0.000127
vt 0.085579 0.000407
vt 0.437809 -0.005711
vt 0.341052 -0.005564
vt 0.670389 -0.011128
vt 0.775667 -0.013142
vt 0.750060 -0.012701
vt 0.398084 -0.006646
vt 0.756831 0.004413
vt 0.760081 0.003603
vt 0.771593 0.000737
vt 0.062863 0.000127
vt 0.085578 0.000407
vt 0.437809 -0.005711
vt 0.670388 -0.011128
vt 0.775666 -0.013142
vt 0.398083 -0.006646
vt 0.756831 0.004413
vt 0.760081 0.003603
vt 0.771593 0.000737
vt 0.062863 0.000127
vt 0.085578 0.000407
vt 0.437809 -0.005711
vt 0.341053 -0.005564
vt 0.670390 -0.011128
vt 0.036347 -0.000424
vt 0.036346 -0.000424
vt 0.781896 -0.013249
vt 0.781896 -0.013249
vt 0.036346 -0.000424
vt 0.036347 -0.000424
vt 0.036347 -0.000424
vt 1.026962 0.440984
vt 1.222660 0.472929
vt 0.367541 0.992788
vt 0.372735 0.910140
vt 0.372738 0.910087
vt 0.372741 0.910046
vt 0.372729 0.910227
vt 0.500339 1.000000
vt 0.372735 0.910138
vt 0.372726 0.910278
vt 0.372736 0.910126
vt 0.372732 0.910186
vt 0.372738 0.910084
vt 0.367541 0.992787
vt 0.760069 0.909100
vt 0.445119 0.088189
vt 0.394494 0.096307
vt 0.895479 0.490396
vt 0.004636 0.377011
vt 0.215123 0.315778
vt 0.456481 0.246807
vt 0.021715 0.315506
vt 0.456403 0.086394
vt 0.893185 0.171856
vt 0.989561 0.506540
vt 0.893768 0.488761
vt 0.011116 0.847618
vt 0.450836 0.741629
vt 0.557079 0.646207
vt 0.346002 0.548297
vt 0.567538 0.542409
vt 0.546530 0.543405
vt 0.717803 0.642372
vt 0.683776 0.502401
vt 0.616060 0.381530
vt 0.639170 0.377682
vt 0.752077 0.157922
vt 0.660043 0.813435
vt 0.679404 0.723120
vt 0.338178 0.650811
vt 0.323456 0.549196
vt 0.304696 0.549029
vt 0.395799 0.221808
vt 0.752104 0.160395
vt 0.381575 0.219553
vt 0.445246 0.245026
vt 0.882101 0.175996
vt 0.991376 0.193247
vt 0.602655 0.254606
vt 1.008394 0.199621
vt 1.370540 0.257363
vt 0.215123 0.318242
vt 0.475992 0.405201
vt 0.269465 0.318249
vt 0.008483 0.035376
vt 0.009276 0.003630
vt 0.269532 0.315866
vt 0.630265 0.258984
vt 0.991620 0.199658
vt 0.379007 0.098771
vt 0.002822 0.158603
vt 0.008483 0.000000
vt 0.981933 0.530332
vt 0.990460 0.510372
vt 0.842861 0.522507
vt 0.359065 0.650932
vt 0.005225 0.370764
vt 0.419604 0.414396
vt 0.774235 0.474875
vt 0.010127 0.354683
vt 0.008483 0.282946
vt 0.011151 0.313618
vt 0.008438 0.279127
vt 0.008465 0.040020
vt 1.000763 0.998392
vt 1.000824 0.993075
vt 0.021921 0.318544
vt 0.987144 0.719031
vt 0.986889 0.639547
vt 1.002459 0.208578
vt 1.002669 0.214942
vt 0.882147 0.172957
vt 0.903209 0.487656
vt 0.010054 0.001742
vt 1.001842 0.904829
vt 0.010948 0.648910
vt 0.010785 0.546402
vt 0.998763 0.325192
vt 0.987392 0.816267
vt 0.987429 0.909393
vt 0.910284 0.214587
vt 1.006921 0.529181
vt 1.006162 0.525509
vt 0.634718 0.318333
vt 0.637441 0.644290
vt 0.658878 0.723214
vt 0.639383 0.813526
vt 0.893185 0.177471
vt 0.898083 0.492395
vt 0.004982 0.849694
vt 0.011226 0.855794
vt 0.023383 0.452485
vt -0.007261 -0.000000
vt -0.007127 -0.000000
vt 0.001943 0.270142
vt 0.001950 0.273909
vt -0.003154 0.371309
vt -0.003507 0.377540
vt 0.001978 0.044412
vt 0.001975 0.049037
vt 0.001447 0.897991
vt 0.000691 0.842931
vt 0.010451 0.319649
vt 0.010320 0.314440
vt 0.014821 0.997020
vt 0.014821 0.907772
vt 0.774199 0.474833
vt 0.897999 0.159546
vt 0.996224 0.112496
vt 3.846522 0.901232
vt 4.197698 0.958556
vt 0.774156 0.474783
vt 0.658761 0.723225
vt 0.639061 0.813543
vt 0.658875 0.723215
vt 0.774281 0.474928
vt 1.001045 0.995759
vt 1.002640 0.989283
vt 0.995168 0.449191
vt 0.901737 0.488464
vt 0.900871 0.488939
vt 0.995883 0.530249
vt 0.988101 0.523097
vt 0.658851 0.723217
vt 0.639361 0.813527
vt 0.901508 0.488589
vt 0.901188 0.488765
vt 0.639000 0.813547
vt 0.619781 0.814589
vt 0.774226 0.474864
vt 0.774258 0.474902
vt 0.658931 0.723210
vt 0.639286 0.813531
vt 0.658895 0.723213
vt 0.639343 0.813528
vt 0.004845 0.363664
vt 0.004822 0.363777
vt 0.658965 0.723207
vt 0.752090 0.159139
vt 0.774149 0.474775
vt 0.658714 0.723229
vt 0.774145 0.474770
vt 0.774169 0.474798
vt 0.658897 0.723213
vt 0.639289 0.813531
vt 0.658825 0.723219
vt 0.639264 0.813532
vt 0.774188 0.474820
vt 0.774179 0.474810
vt 0.658888 0.723213
vt 0.639289 0.813531
vt 0.774169 0.474798
vt 0.658895 0.723213
vt 0.639407 0.813524
vt 0.004876 0.363510
vt -0.003503 0.377474
vt 0.658858 0.723216
vt 0.639207 0.813535
vt 0.774152 0.474778
vt 0.004409 0.365830
vt -0.003501 0.377431
vt 0.046107 -0.000592
vt 0.806370 -0.013670
vt 0.801274 -0.013582
vt 0.779668 -0.001274
vt 0.753581 0.005222
vt 0.783105 -0.002130
vt 0.790040 -0.011830
vt 0.035626 -0.000208
vt 0.040147 -0.000152
vt 0.046108 -0.000592
vt 0.806370 -0.013670
vt 0.801274 -0.013582
vt 0.779668 -0.001274
vt 0.753581 0.005222
vt 0.783105 -0.002130
vt 0.790040 -0.011830
vt 0.035626 -0.000208
vt 0.040147 -0.000152
vt 0.046107 -0.000592
vt 0.806370 -0.013670
vt 0.801274 -0.013582
vt 0.779668 -0.001274
vt 0.753581 0.005222
vt 0.783105 -0.002130
vt 0.035626 -0.000208
vt 0.040147 -0.000152
vt 0.046107 -0.000592
vt 0.806370 -0.013670
vt 0.783105 -0.002130
vt 0.035626 -0.000208
vt 0.040148 -0.000152
vt 0.046108 -0.000592
vt 0.801274 -0.013582
vt 0.779668 -0.001274
vt 0.783105 -0.002130
vt 0.790041 -0.011830
vt 0.035626 -0.000208
vt 0.040147 -0.000152
vt 0.046107 -0.000592
vt 0.806370 -0.013670
vt 0.801274 -0.013582
vt 0.779668 -0.001274
vt 0.035626 -0.000208
vt 0.040148 -0.000152
vt 0.046107 -0.000592
vt 0.806370 -0.013670
vt 0.801274 -0.013582
vt 0.779668 -0.001274
vt 0.753581 0.005222
vt 0.783105 -0.002130
vt 0.790040 -0.011830
vt 0.035626 -0.000208
vt 0.040147 -0.000152
vt 0.046107 -0.000592
vt 0.806370 -0.013670
vt 0.779668 -0.001274
vt 0.753581 0.005222
vt 0.783105 -0.002130
vt 0.035626 -0.000208
vt 0.040147 -0.000152
vt 0.046107 -0.000592
vt 0.806370 -0.013670
vt 0.779668 -0.001274
vt 0.035626 -0.000208
vt 0.040147 -0.000152
vt 0.046107 -0.000592
vt 0.801274 -0.013582
vt 0.779668 -0.001274
vt 0.783105 -0.002130
vt 0.035626 -0.000208
vt 0.040147 -0.000152
vt 0.806370 -0.013670
vt 0.779668 -0.001274
vt 0.035626 -0.000208
vt 0.040148 -0.000152
vt 0.046107 -0.000592
vt 0.779668 -0.001274
vt 0.783105 -0.002130
vt 0.790040 -0.011830
vt 0.035626 -0.000208
vt 0.040147 -0.000152
vt 0.046107 -0.000592
vt 0.806370 -0.013670
vt 0.801273 -0.013582
vt 0.779668 -0.001274
vt 0.783105 -0.002130
vt 0.035626 -0.000208
vt 0.040148 -0.000152
vt 0.736087 -0.046913
vt 0.734586 -0.046233
vt 0.364948 0.002579
vt 0.736085 -0.046913
vt 0.701831 -0.028815
vt 0.736085 -0.046913
vt 0.615719 -0.041796
vt 0.135940 0.000932
vt 0.736086 -0.046913
vt 0.701825 -0.028817
vt 0.135941 0.000932
vt 0.736085 -0.046912
vt 0.615718 -0.041797
vt 0.736085 -0.046913
vt 0.701831 -0.028815
vt 0.615719 -0.041796
vt 0.736085 -0.046913
vt 0.615719 -0.041796
vt 0.736085 -0.046913
vt 0.701831 -0.028815
vt 0.736087 -0.046913
vt 0.736087 -0.046912
vt 0.736089 -0.046913
vt 0.736086 -0.046913
vt 0.779668 -0.001274
vt 0.779668 -0.001274
vt 0.783105 -0.002130
vt 0.779668 -0.001274
vt 0.783105 -0.002130
vt 0.779668 -0.001274
vt 0.783105 -0.002130
vt 0.783105 -0.002130
vt 0.783105 -0.002130
vt 0.779668 -0.001274
vt 0.775956 -0.013147
vt 0.775957 -0.013147
vt 0.775956 -0.013147
vt 0.775957 -0.013147
vt 0.775957 -0.013147
vt 0.775957 -0.013147
vt 0.800371 -0.006430
vt 0.800371 -0.006430
vt 0.783105 -0.002130
vt 0.800371 -0.006430
vt 0.800371 -0.006430
vt 0.783105 -0.002130
vt 0.800371 -0.006430
vt 0.800371 -0.006430
vt 0.800371 -0.006430
vt 0.783105 -0.002130
vt 0.800371 -0.006430
vt 0.800371 -0.006430
vt 0.783105 -0.002130
vt 0.800371 -0.006430
vt 0.043488 -0.000547
vt 0.043488 -0.000547
vt 0.753333 0.005284
vt 0.799006 -0.013455
vt 0.043488 -0.000547
vt 0.799007 -0.013455
vt 0.043488 -0.000547
vt 0.753333 0.005284
vt 0.799006 -0.013455
vt 0.043488 -0.000547
vt 0.753333 0.005284
vt 0.043488 -0.000547
vt 0.799006 -0.013455
vt 0.043488 -0.000547
vt 0.799006 -0.013455
vt 0.043488 -0.000547
vt 0.043488 -0.000547
vt 0.043488 -0.000547
vt 0.799006 -0.013455
vt 0.043488 -0.000547
vt 0.753333 0.005284
vt 0.753333 0.005284
vt 0.779491 -0.001230
vt 0.779491 -0.001230
vt 0.779491 -0.001230
vt 0.779668 -0.001274
vt 0.779491 -0.001230
vt 0.779491 -0.001230
vt 0.779491 -0.001230
vt 0.779491 -0.001230
vt 0.779668 -0.001274
vt 0.779491 -0.001230
vt 0.779491 -0.001230
vt 0.779668 -0.001274
vt 0.779668 -0.001274
vt 0.779491 -0.001230
vt 0.779491 -0.001230
vt 0.781896 -0.013249
vt 0.781896 -0.013249
vt 0.781896 -0.013249
vt 0.781896 -0.013249
vt 0.781896 -0.013249
vt 0.781896 -0.013249
vt 0.790121 -0.011092
vt 0.799085 -0.012734
vt 0.799085 -0.012734
vt 0.790121 -0.011092
vt 0.790121 -0.011092
vt 0.790121 -0.011092
vt 0.799085 -0.012734
vt 0.799085 -0.012734
vt 0.799085 -0.012734
vt 0.799085 -0.012734
vt 0.790121 -0.011092
vt 0.790121 -0.011092
vt 0.790121 -0.011092
vt 0.128274 -0.140403
vt 0.128274 -0.140403
vt 0.128275 -0.140403
vt 0.128272 -0.140403
vt 0.128272 -0.140403
vt 0.128274 -0.140404
vt 0.128274 -0.140402
vt 0.128273 -0.140402
vt 0.442098 -0.005711
vt 0.798408 -0.011830
vt 0.798661 -0.011830
vt 0.440298 -0.005711
vt 0.438176 -0.005711
vt 0.798805 -0.011830
vt 0.797541 -0.011830
vt 0.798789 -0.011830
vt 0.798033 -0.011830
vt 0.441550 -0.005711
vt 0.438903 -0.005711
vt 0.439614 -0.005711
vt 0.799120 -0.012584
vt 0.799120 -0.012583
vt 0.799492 -0.012664
vt 0.799492 -0.012664
vt 0.799120 -0.012584
vt 0.799120 -0.012583
vt 0.799492 -0.012664
vt 0.799492 -0.012664
vt 0.799120 -0.012583
vt 0.799120 -0.012583
vt 0.799120 -0.012584
vt 0.799492 -0.012664
vt 0.763147 -0.061210
vt 0.762831 -0.061067
vt 0.157127 0.000963
vt 0.763146 -0.061210
vt 0.763146 -0.061209
vt 0.763147 -0.061210
vt 0.763146 -0.061209
vt 0.763146 -0.061210
vt 0.763146 -0.061210
vt 0.763146 -0.061209
vt 0.763147 -0.061209
vt 0.763147 -0.061209
vt 0.763148 -0.061209
vt 0.763146 -0.061209
vt 0.770341 -0.065010
vt 0.770339 -0.065010
vt 0.770339 -0.065010
vt 0.770339 -0.065010
vt 0.770340 -0.065010
vt 0.770339 -0.065010
vt 0.770339 -0.065010
vt 0.770339 -0.065010
vt 0.770339 -0.065010
vt 0.770340 -0.065010
vt 0.770340 -0.065010
vt 0.770341 -0.065010
vt 0.770339 -0.065010
vt 0.701830 -0.028815
vt 0.817636 -0.010729
vt 0.701834 -0.028815
vt 0.817636 -0.010729
vt 0.817636 -0.010729
vt 0.817636 -0.010729
vt 0.817636 -0.010729
vt 0.817636 -0.010729
vt 0.817636 -0.010729
vt 0.817636 -0.010729
vt 0.817636 -0.010729
vt 0.087958 0.000407
vt 0.088790 0.000407
vt 0.443775 -0.005711
vt 0.088888 0.000407
vt 0.085578 0.000407
vt 0.086959 0.000407
vt 0.085782 0.000407
vt 0.443873 -0.005711
vt 0.088942 0.000407
vt 0.442999 -0.005711
vt 0.088456 0.000407
vt 0.088937 0.000407
vt 0.443340 -0.005711
vt 0.088646 0.000407
vt 0.087654 0.000407
vt 0.086185 0.000407
vt 0.086579 0.000407
vt 0.036346 -0.000424
vt 0.036346 -0.000424
vt 0.036346 -0.000424
vt 0.036346 -0.000424
vt 0.036346 -0.000424
vt 0.036346 -0.000424
vt 0.036347 -0.000424
vt 0.781896 -0.013249
vt 1.229527 0.474050
vt 1.238933 0.475585
vt 1.245706 0.476691
vt 1.389070 0.500093
vt 1.408278 0.503228
vt 1.408278 0.503228
vt 1.518879 0.521282
vt 1.489428 0.516475
vt 1.561146 0.528181
vt 2.078567 0.612642
vt 2.460920 0.675055
vt 1.561146 0.528181
vt 2.903183 0.747247
vt 3.367867 0.823099
vt 3.810851 0.895409
vt 3.784803 0.891157
vt 0.840493 -0.301288
vt 0.799563 0.265632
vt 0.036588 -0.009355
vt 0.018262 -0.288255
vt 0.036597 -0.009357
vt 0.799265 0.265664
vt 0.798985 0.265584
vt 0.018572 -0.288227
vt 0.036607 -0.009356
vt 0.798710 0.265184
vt 0.018975 -0.287881
vt 0.011129 -0.008874
vt 0.018828 -0.288094
vt 0.798786 0.265411
vt 0.011126 -0.008881
vt 0.018978 -0.287638
vt 0.798778 0.264955
vt 0.011128 -0.008866
vt 0.018836 -0.287422
vt 0.025668 0.208564
vt 0.817124 -0.222669
vt 0.817024 -0.222696
vt 0.025811 0.208585
vt 0.817143 -0.222773
vt 0.025799 0.208657
vt 0.025859 0.208620
vt 0.817031 -0.222735
vt 0.817303 -0.222657
vt 0.824707 0.194817
vt 0.824510 0.194627
vt 0.018254 -0.208723
vt 0.018486 -0.208919
vt 0.103203 0.990125
vt 2.349019 0.979278
vt 0.103203 0.990125
vt 0.751490 0.994641
vt -0.019966 0.305123
vt -0.006470 0.316987
vt 0.701833 -0.028815
vt 0.615720 -0.041796
vt 0.628012 0.004625
vt 0.615719 -0.041796
vt 0.615720 -0.041796
vt 0.615719 -0.041795
vt 0.615721 -0.041795
vt 0.701832 -0.028816
vt 0.779491 -0.001230
vt 0.779491 -0.001230
vt 0.779491 -0.001230
vt 0.779491 -0.001230
vt 0.779491 -0.001230
vt 0.779491 -0.001230
vt 0.779491 -0.001230
vt 0.799085 -0.012734
vt 0.790121 -0.011092
vt 0.790121 -0.011092
vt 0.799085 -0.012734
vt 0.799085 -0.012734
vt 0.799085 -0.012734
vt 0.790121 -0.011092
vt 0.790121 -0.011092
vt 0.790121 -0.011092
vt 0.790121 -0.011092
vt 0.799085 -0.012734
vt 0.799085 -0.012734
vt 0.799085 -0.012734
vt 0.128273 -0.140401
vt 0.128274 -0.140402
vt 0.128272 -0.140402
vt 0.128275 -0.140404
vt 0.796238 -0.011830
vt 0.443599 -0.005711
vt 0.793638 -0.011830
vt 0.790570 -0.011830
vt 0.443863 -0.005711
vt 0.795446 -0.011830
vt 0.791620 -0.011830
vt 0.792648 -0.011830
vt 0.799492 -0.012664
vt 0.799492 -0.012664
vt 0.799120 -0.012583
vt 0.799120 -0.012584
vt 0.799120 -0.012583
vt 0.799492 -0.012664
vt 0.799492 -0.012664
vt 0.799120 -0.012584
vt 0.799492 -0.012664
vt 0.799492 -0.012664
vt 0.799120 -0.012583
vt 1.238933 0.475585
vt 1.229528 0.474050
vt 1.389070 0.500093
vt 0.017976 -0.288162
vt 0.002535 0.278350
vt 0.011100 -0.008885
vt 0.840783 -0.301382
vt 0.011109 -0.008887
vt 0.002237 0.278382
vt 0.001958 0.278303
vt 0.841089 -0.301353
vt 0.011118 -0.008886
vt 0.001681 0.277901
vt 0.841494 -0.301006
vt 0.036617 -0.009344
vt 0.841347 -0.301217
vt 0.001757 0.278129
vt 0.036614 -0.009351
vt 0.841497 -0.300763
vt 0.001749 0.277670
vt 0.036616 -0.009336
vt 0.841356 -0.300546
vt 0.824947 0.194647
vt 0.017839 -0.208758
vt 0.017728 -0.208794
vt 0.825102 0.194677
vt 0.017819 -0.208862
vt 0.825116 0.194752
vt 0.825163 0.194718
vt 0.017720 -0.208832
vt 0.018029 -0.208732
vt 0.025461 0.208562
vt 0.025234 0.208578
vt 0.817525 -0.222664
vt 0.817739 -0.222688
vt 0.191316 0.991013
vt 1.688526 0.983781
vt 0.623507 0.994023
vt 0.624421 0.994030
vt 0.189310 0.990999
vt 0.624026 0.994027
vt 0.192472 0.991021
vt 0.191402 0.991013
vt 0.623348 0.994021
vt 1.002640 0.989282
s 1
f 53/1/1 55/2/2 54/3/3
f 66/4/4 45/5/5 42/6/6
f 71/7/7 46/8/8 72/9/9
f 85/10/10 86/11/11 84/12/12
f 99/13/13 98/14/14 100/15/15
f 60/16/16 130/17/17 131/18/18
f 105/19/19 73/20/20 102/21/21
f 35/22/22 36/23/23 148/24/24
f 106/25/25 103/26/26 149/27/27
f 50/28/28 51/29/29 152/30/30
f 91/31/31 955/32/32 90/32/33
f 99/13/13 963/33/34 81/34/35
f 147/35/36 1007/36/37 144/36/38
f 48/37/39 87/38/40 86/11/11
f 155/39/41 131/18/18 154/40/42
f 176/1/43 178/3/44 177/2/45
f 189/4/46 164/6/47 165/5/48
f 221/13/49 222/15/50 220/14/51
f 192/41/52 245/42/53 244/43/54
f 183/16/55 253/17/56 186/44/57
f 262/45/58 190/46/59 167/47/60
f 159/22/61 275/24/62 158/23/63
f 227/25/64 279/27/65 225/26/66
f 175/28/67 281/30/68 174/29/69
f 238/48/70 236/49/71 185/50/72
f 52/51/73 174/52/69 51/52/29
f 139/53/74 120/54/75 245/54/53
f 121/55/76 58/56/77 181/56/78
f 316/1/79 318/2/80 317/3/81
f 326/4/82 309/5/83 306/6/84
f 331/57/85 310/8/86 332/9/87
f 344/10/88 345/58/89 343/12/90
f 293/13/91 354/14/92 271/15/93
f 323/16/94 290/17/95 297/18/96
f 359/19/97 333/20/98 356/21/99
f 380/59/100 381/60/101 313/61/102
f 302/22/103 268/23/104 277/24/105
f 360/25/106 357/26/107 391/27/108
f 314/28/109 315/29/110 394/30/111
f 273/62/112 238/63/70 285/63/113
f 396/39/114 297/18/96 298/40/115
f 416/1/116 418/2/117 417/3/118
f 429/4/119 408/5/120 405/6/121
f 448/10/122 449/64/123 447/12/124
f 444/65/125 461/14/126 462/15/127
f 423/16/128 492/17/129 493/18/130
f 467/19/131 436/20/132 464/21/133
f 398/22/134 399/23/135 510/24/136
f 444/65/125 445/66/137 461/14/126
f 468/25/138 465/26/139 511/27/140
f 413/28/141 414/29/142 514/30/143
f 454/31/144 2276/32/145 453/32/146
f 509/35/147 2328/36/148 506/36/149
f 411/37/150 450/38/151 449/64/123
f 517/39/152 493/18/130 516/40/153
f 538/1/154 540/3/155 539/2/156
f 551/4/157 526/6/158 527/5/159
f 518/67/160 519/68/161 571/69/162
f 581/13/163 582/15/164 580/14/165
f 554/41/166 605/42/167 604/43/168
f 591/70/169 524/71/170 594/72/171
f 622/73/172 552/46/173 529/47/174
f 521/22/175 635/24/176 520/23/177
f 587/25/178 639/27/179 585/26/180
f 537/28/181 641/30/182 536/29/183
f 598/48/184 596/49/185 547/50/186
f 414/52/142 535/51/187 536/52/183
f 501/53/188 482/54/189 605/54/167
f 483/55/190 421/56/191 543/56/192
f 681/1/193 683/3/194 682/2/195
f 694/4/196 669/6/197 670/5/198
f 661/74/199 662/68/200 714/69/201
f 724/13/202 725/15/203 723/14/204
f 697/41/205 748/42/206 747/43/207
f 734/75/208 667/71/209 737/72/210
f 766/76/211 695/46/212 672/47/213
f 664/22/214 779/24/215 663/23/216
f 730/25/217 783/27/218 728/26/219
f 680/28/220 785/30/221 679/29/222
f 741/48/223 739/49/224 690/50/225
f 674/77/226 713/78/227 661/74/199
f 820/1/228 822/2/229 821/3/230
f 830/4/231 812/5/232 809/6/233
f 848/10/234 849/79/235 847/12/236
f 653/13/237 858/14/238 631/15/239
f 827/16/240 650/17/241 657/18/242
f 863/19/243 837/20/244 860/21/245
f 805/22/246 628/23/247 637/24/248
f 864/25/249 861/26/250 894/27/251
f 817/28/252 818/29/253 897/30/254
s 0
f 851/80/255 519/81/256 627/81/257
s 1
f 748/54/206 887/53/258 872/54/259
s 0
f 778/82/260 881/83/261 760/83/262
s 1
f 899/39/263 657/18/242 658/40/264
f 920/1/265 922/3/266 921/2/267
f 933/4/268 908/6/269 909/5/270
f 963/33/34 964/15/271 962/14/272
f 973/84/273 906/71/274 976/72/275
f 1002/85/276 934/46/277 911/47/278
f 903/22/279 1010/24/280 902/23/281
f 949/66/282 963/33/34 962/14/272
f 969/25/283 1013/27/284 967/26/285
f 919/28/286 1015/30/287 918/29/288
f 1038/1/289 1040/2/290 1039/3/291
f 1051/4/292 1030/5/293 1027/6/294
f 1085/13/295 1084/14/296 1086/15/297
f 1045/16/298 1152/17/299 1117/18/300
f 1091/19/301 1058/20/302 1088/21/303
f 1020/22/304 1021/23/305 1139/24/306
f 1092/25/307 1089/26/308 1141/27/309
f 1035/28/310 1036/29/311 1144/30/312
f 1077/31/313 1146/32/314 1076/32/315
f 1153/44/316 1152/17/299 1046/44/317
f 1134/36/318 1145/35/319 1133/36/320
s 0
f 1137/82/321 996/83/322 1009/82/323
s 1
f 1163/39/324 1117/18/300 1159/40/325
f 1180/1/326 1182/2/327 1181/3/328
f 1190/4/329 1172/5/330 1169/6/331
f 797/86/332 1219/14/333 775/15/334
f 1187/16/335 794/17/336 800/18/337
f 1224/19/338 1197/20/339 1221/21/340
f 1165/22/341 772/23/342 781/24/343
f 797/86/332 1205/66/344 1219/14/333
f 1225/25/345 1222/26/346 1256/27/347
f 1177/28/348 1178/29/349 1259/30/350
s 0
f 1212/80/351 662/81/352 771/81/353
s 1
f 1261/39/354 800/18/337 801/40/355
f 1279/1/356 1281/3/357 1280/2/358
f 1289/4/359 1267/6/360 1268/5/361
f 1157/13/362 1132/15/363 1315/14/364
f 1324/87/365 1266/71/366 1327/72/367
f 1344/88/368 1290/46/369 1270/47/370
f 1263/22/371 1140/24/372 1130/23/373
f 1320/25/374 1352/27/375 1318/26/376
f 1278/28/377 1354/30/378 1277/29/379
f 1330/54/380 1249/53/381 1233/54/382
f 1329/55/383 1185/56/384 1284/56/385
f 1378/1/386 1380/3/387 1379/2/388
f 1391/4/389 1366/6/390 1367/5/391
f 1422/13/392 1423/15/393 1421/14/394
f 1394/41/395 1446/42/396 1445/43/397
f 1432/89/398 1364/71/399 1435/72/400
f 1462/90/401 1392/46/402 1369/47/403
f 1361/22/404 1476/24/405 1360/23/406
f 1428/25/407 1480/27/408 1426/26/409
f 1377/28/410 1482/30/411 1376/29/412
f 1439/48/413 1437/49/414 1387/50/415
f 1454/17/416 1455/18/417 1498/18/418
f 1522/1/419 1524/3/420 1523/2/421
f 1535/4/422 1510/6/423 1511/5/424
f 1502/91/425 1503/68/426 1554/69/427
f 1564/92/428 1565/15/429 1563/14/430
f 1538/41/431 1588/42/432 1587/43/433
f 1606/93/434 1536/46/435 1513/47/436
f 1505/22/437 1619/24/438 1504/23/439
f 1551/66/440 1564/92/428 1563/14/430
f 1570/25/441 1623/27/442 1568/26/443
f 1521/28/444 1625/30/445 1520/29/446
f 1581/48/447 1579/49/448 1531/50/449
f 1564/92/428 1638/34/450 1637/13/451
f 1515/77/452 1553/94/453 1502/91/425
f 1662/1/454 1664/2/455 1663/3/456
f 1672/4/457 1653/5/458 1650/6/459
f 1690/10/460 1691/95/461 1689/12/462
f 1494/13/463 1700/14/464 1472/15/465
f 1705/19/466 1679/20/467 1702/21/468
f 1646/22/469 1469/23/470 1478/24/471
f 1706/25/472 1703/26/473 1736/27/474
f 1659/28/475 1660/29/476 1739/30/477
s 0
f 1693/80/478 1359/81/479 1468/81/480
s 1
f 1588/54/432 1729/53/481 1714/54/482
s 0
f 1735/82/483 1600/83/484 1618/82/485
s 1
f 1741/39/486 1498/18/418 1499/40/487
f 1762/1/488 1764/3/489 1763/2/490
f 1775/4/491 1750/6/492 1751/5/493
f 1742/96/494 1743/68/495 1795/69/496
f 1805/13/497 1806/15/498 1804/14/499
f 1778/41/500 1829/42/501 1828/43/502
f 1815/97/503 1748/71/504 1818/72/505
f 1847/98/506 1776/46/507 1753/47/508
f 1745/22/509 1860/24/510 1744/23/511
f 1811/25/512 1864/27/513 1809/26/514
f 1761/28/515 1866/30/516 1760/29/517
f 1822/48/518 1820/49/519 1771/50/520
f 1755/77/521 1794/99/522 1742/96/494
f 1905/1/523 1907/2/524 1906/3/525
f 1918/4/526 1897/5/527 1894/6/528
f 1937/10/529 1938/100/530 1936/12/531
f 1951/13/532 1950/14/533 1952/15/534
f 1912/16/535 2018/17/536 1983/18/537
f 1957/19/538 1925/20/539 1954/21/540
f 1887/22/541 1888/23/542 2005/24/543
f 1958/25/544 1955/26/545 2007/27/546
f 1902/28/547 1903/29/548 2010/30/549
f 1943/31/550 2012/32/551 1942/32/552
f 2019/44/553 2018/17/536 1913/44/554
f 2022/101/555 1933/34/556 1951/13/532
f 1999/36/557 2004/35/558 2011/35/559
f 1829/54/501 1991/53/560 1974/54/561
s 0
f 2003/82/562 1841/83/563 1859/82/564
s 1
f 2028/39/565 1983/18/537 2024/40/566
f 2045/1/567 2047/2/568 2046/3/569
f 2055/4/570 2037/5/571 2034/6/572
f 2073/10/573 2074/102/574 2072/12/575
f 1637/13/451 2083/14/576 1615/15/577
f 2052/16/578 1634/17/579 1641/18/580
f 2088/19/581 2062/20/582 2085/21/583
f 2030/22/584 1612/23/585 1621/24/586
f 2089/25/587 2086/26/588 2120/27/589
f 2042/28/590 2043/29/591 2123/30/592
s 0
f 2076/80/593 1503/81/594 1611/81/595
s 1
f 2125/39/596 1641/18/580 1642/40/597
f 2143/1/598 2145/3/599 2144/2/600
f 2153/4/601 2131/6/602 2132/5/603
f 2126/103/604 1997/68/605 2172/69/606
f 2022/101/555 1998/15/607 2178/14/608
f 2187/104/609 2130/71/610 2190/72/611
f 2207/105/612 2154/46/613 2134/47/614
f 2127/22/615 2006/24/616 1996/23/617
f 2169/66/618 2022/101/555 2178/14/608
f 2183/25/619 2215/27/620 2181/26/621
f 2142/28/622 2217/30/623 2141/29/624
f 2113/53/625 2097/54/626 2193/54/627
s 0
f 2108/106/628 2219/39/629 2201/106/630
s 1
f 2240/1/631 2242/3/632 2241/2/633
f 2253/4/634 2228/6/635 2229/5/636
f 2284/13/637 2285/15/638 2283/14/639
f 2294/107/640 2226/71/641 2297/72/642
f 2323/108/643 2254/46/644 2231/47/645
f 2223/22/646 2331/24/647 2222/23/648
f 2290/25/649 2334/27/650 2288/26/651
f 2239/28/652 2336/30/653 2238/29/654
f 2359/1/655 2361/2/656 2360/3/657
f 2372/4/658 2351/5/659 2348/6/660
f 2391/10/661 2392/109/662 2390/12/663
f 2405/13/664 2404/14/665 2406/15/666
f 2366/16/667 2472/110/668 2437/18/669
f 2411/19/670 2379/20/671 2408/21/672
f 2341/22/673 2342/23/674 2459/24/675
f 2412/25/676 2409/26/677 2461/27/678
f 2356/28/679 2357/29/680 2464/30/681
f 2397/31/682 2466/32/683 2396/32/684
f 2473/44/685 2472/110/668 2367/44/686
f 2458/35/687 2453/36/688 2454/36/689
f 2305/54/690 2445/53/691 2428/54/692
s 0
f 2457/82/693 2317/83/694 2330/82/695
s 1
f 2483/39/696 2437/18/669 2479/40/697
f 2503/1/698 2505/2/699 2504/3/700
f 2516/4/701 2495/5/702 2492/6/703
f 2521/111/704 2496/8/705 2522/9/706
f 2535/10/707 2536/112/708 2534/12/709
f 2549/13/710 2548/14/711 2550/15/712
f 2510/16/713 2582/17/714 2583/18/715
f 2555/19/716 2523/20/717 2552/21/718
f 2485/22/719 2486/23/720 2605/24/721
f 2556/25/722 2553/26/723 2607/27/724
f 2500/28/725 2501/29/726 2610/30/727
f 2541/31/728 2612/32/729 2540/32/730
f 2549/13/710 2622/113/731 2531/34/732
f 2604/35/733 2599/36/734 2600/36/735
f 2626/18/736 2625/114/737 2583/18/715
f 2628/39/738 2583/18/715 2624/40/739
f 2646/1/740 2648/3/741 2647/2/742
f 2656/4/743 2634/6/744 2635/5/745
f 2629/115/746 2451/68/747 2675/69/748
f 2477/13/749 2452/15/750 2682/14/751
f 2653/16/752 2472/110/668 2473/44/685
f 2711/116/753 2657/46/754 2637/47/755
f 2630/22/756 2460/24/757 2450/23/758
f 2687/25/759 2719/27/760 2685/26/761
f 2645/28/762 2721/30/763 2644/29/764
f 2591/53/765 2572/54/766 2697/54/767
s 0
f 2705/106/768 2628/39/769 2723/39/770
s 1
f 2739/1/771 2741/2/772 2740/3/773
f 2749/4/774 2732/5/775 2729/6/776
f 1878/13/777 2778/14/778 1856/15/779
f 2746/16/780 1875/17/781 1882/18/782
f 2783/19/783 2756/20/784 2780/21/785
f 2805/59/786 2806/117/787 2736/61/788
f 2725/22/789 1853/23/790 1862/24/791
f 2784/25/792 2781/26/793 2815/27/794
f 2737/28/795 2738/29/796 2818/30/797
s 0
f 1852/81/798 1795/80/799 1743/81/800
s 1
f 2820/39/801 1882/18/782 1883/40/802
f 2841/1/803 2843/3/804 2842/2/805
f 2854/4/806 2829/6/807 2830/5/808
f 2821/118/809 2822/68/810 2874/69/811
f 2884/13/812 2885/15/813 2883/14/814
f 2857/41/815 2908/42/816 2907/43/817
f 2894/119/818 2827/71/819 2897/72/820
f 2924/120/821 2855/46/822 2832/47/823
f 2824/22/824 2938/24/825 2823/23/826
f 2890/25/827 2942/27/828 2888/26/829
f 2840/28/830 2944/30/831 2839/29/832
f 2901/48/833 2899/49/834 2850/50/835
f 2738/52/796 2838/51/836 2839/52/832
f 2793/55/837 2744/56/838 2846/56/839
f 2981/1/840 2983/3/841 2982/2/842
f 2991/4/843 2969/6/844 2970/5/845
f 2622/113/731 2598/15/846 3017/14/847
f 3026/121/848 2968/71/849 3029/72/850
f 3046/122/851 2992/46/852 2972/47/853
f 2965/22/854 2606/24/855 2596/23/856
f 3007/66/857 2622/113/731 3017/14/847
f 3022/25/858 3055/27/859 3020/26/860
f 2980/28/861 3057/30/862 2979/29/863
f 3076/1/864 3078/2/865 3077/3/866
f 3086/4/867 3068/5/868 3065/6/869
f 3104/10/870 3105/123/871 3103/12/872
f 2956/13/873 3114/14/874 2934/15/875
f 3083/16/876 2953/17/877 2960/18/878
f 3119/19/879 3093/20/880 3116/21/881
f 3141/124/882 3143/125/883 3140/59/884
f 3061/22/885 2931/23/886 2940/24/887
f 3120/25/888 3117/26/889 3150/27/890
f 3073/28/891 3074/29/892 3153/30/893
s 0
f 3107/80/894 2822/81/895 2930/81/896
f 3149/82/897 3042/83/898 3053/82/899
s 1
f 3155/39/900 2960/18/878 2961/40/901
s 0
f 3383/126/902 3185/40/903 3210/127/904
f 3185/114/905 3516/128/906 3209/129/907
f 3515/130/908 3193/39/909 3212/131/910
f 3193/39/911 3520/39/912 3211/39/913
f 3519/132/914 3194/40/915 3214/133/916
f 3194/114/917 3518/134/918 3213/135/919
f 3517/136/920 3195/39/921 3216/137/922
f 3195/39/923 3615/39/924 3424/39/925
f 3397/138/926 3191/40/927 3218/139/928
f 3191/114/929 3514/134/930 3426/140/931
f 3513/141/932 3192/39/933 3220/142/934
f 3192/39/935 3610/39/936 3219/39/937
f 3392/143/938 3189/40/939 3222/139/940
f 3189/114/941 3512/144/942 3430/145/943
f 3511/146/944 3190/39/945 3224/147/946
f 3190/39/947 3606/39/948 3432/39/949
f 3388/148/950 3188/40/951 3226/133/952
f 3188/114/953 3532/149/954 3225/150/955
f 3531/141/956 3204/39/957 3228/151/958
f 3204/39/959 3537/39/960 3227/39/961
f 3536/152/962 3533/153/963 3230/154/964
f 3533/155/965 3535/144/966 3229/156/967
f 3534/157/968 3206/39/969 3232/158/970
f 3206/39/971 3630/39/972 3440/39/973
f 3412/159/974 3205/40/975 3234/160/976
f 3205/114/977 3539/144/978 3233/161/979
f 3538/162/980 3542/163/981 3236/164/982
f 3542/163/983 3635/39/984 3235/39/985
f 3417/165/986 3207/40/987 3238/166/988
f 3207/114/989 3541/134/990 3446/167/991
f 3540/168/992 3208/39/993 3240/169/994
f 3208/39/995 3632/39/996 3448/39/997
f 3414/170/998 3200/40/999 3242/154/1000
f 3200/114/1001 3526/144/1002 3450/171/1003
f 3525/172/1004 3201/39/1005 3244/173/1006
f 3201/39/1007 3530/39/1008 3243/39/1009
f 3529/174/1010 3202/40/1011 3246/166/1012
f 3202/114/1013 3528/144/1014 3245/175/1015
f 3527/168/1016 3203/39/1017 3248/176/1018
f 3203/39/1019 3624/39/1020 3456/39/1021
f 3406/177/1022 3198/40/1023 3250/178/1024
f 3198/114/1025 3524/149/1026 3458/150/1027
f 3523/162/1028 3199/39/1029 3252/179/1030
f 3199/39/1031 3619/39/1032 3251/39/1033
f 3401/180/1034 3196/40/1035 3254/181/1036
f 3196/114/1037 3522/128/1038 3462/182/1039
f 3521/162/1040 3197/39/1041 3256/183/1042
f 3197/39/1043 3604/39/1044 3464/39/1045
f 3386/184/1046 3186/40/1047 3258/127/1048
f 3186/114/1049 3510/144/1050 3466/175/1051
f 3509/185/1052 3187/39/1053 3260/186/1054
f 3187/39/1055 3601/39/1056 3468/39/1057
f 3185/114/1058 3209/129/1059 3210/187/1060
f 3193/39/1061 3211/39/1062 3212/131/1063
f 3194/114/1064 3213/135/1065 3214/188/1066
f 3195/39/1067 3424/39/1068 3216/137/1069
f 3191/114/1070 3426/140/1071 3218/189/1072
f 3192/39/1073 3219/39/1074 3220/142/1075
f 3189/114/1076 3430/145/1077 3222/190/1078
f 3190/39/1079 3432/39/1080 3224/147/1081
f 3188/114/1082 3225/150/1083 3226/191/1084
f 3204/39/1085 3227/39/1086 3228/151/1087
f 3533/155/1088 3229/156/1089 3230/192/1090
f 3206/39/1091 3440/39/1092 3232/158/1093
f 3205/114/1094 3233/161/1095 3234/191/1096
f 3542/163/1097 3235/39/1098 3236/164/1099
f 3207/114/1100 3446/167/1101 3238/189/1102
f 3208/39/1103 3448/39/1104 3240/169/1105
f 3200/114/1106 3450/171/1107 3242/145/1108
f 3201/39/1109 3243/39/1110 3244/173/1111
f 3202/114/1112 3245/175/1113 3246/189/1114
f 3203/39/1115 3456/39/1116 3248/176/1117
f 3198/114/1118 3458/150/1119 3250/135/1120
f 3199/39/1121 3251/39/1122 3252/179/1123
f 3196/114/1124 3462/182/1125 3254/187/1126
f 3197/39/1127 3464/39/1128 3256/183/1129
f 3186/114/1130 3466/175/1131 3258/193/1132
f 3187/39/1133 3468/39/1134 3260/186/1135
f 3569/114/1136 3637/114/1137 3471/114/1138
f 3287/194/1139 3636/195/1140 3472/39/1141
f 3638/196/1142 3569/197/1143 3471/40/1144
f 3289/114/1145 3640/114/1146 3474/114/1147
f 3290/198/1148 3639/199/1149 3475/39/1150
f 3570/114/1151 3641/114/1152 3476/114/1153
f 3291/200/1154 3642/201/1155 3477/39/1156
f 3286/114/1157 3643/114/1158 3470/114/1159
f 3293/114/1160 3644/114/1161 3479/114/1162
f 3292/202/1163 3645/203/1164 3478/39/1165
f 3646/204/1166 3570/205/1167 3476/40/1168
f 3644/206/1169 3293/207/1170 3480/39/1171
f 3294/114/1172 3647/114/1173 3481/114/1174
f 3647/208/1175 3294/209/1176 3482/39/1177
f 3295/114/1178 3648/114/1179 3483/114/1180
f 3296/210/1181 3649/211/1182 3484/39/1183
f 3297/114/1184 3650/114/1185 3485/114/1186
f 3299/114/1187 3651/114/1188 3487/114/1189
f 3298/200/1190 3652/212/1191 3486/39/1192
f 3300/213/1193 3653/214/1194 3488/39/1195
f 3288/114/1196 3654/114/1197 3473/114/1198
f 3657/215/1199 3301/216/1200 3655/217/1201
f 3301/216/1202 3657/215/1203 3489/39/1204
f 3572/114/1205 3658/114/1206 3490/114/1207
f 3659/218/1208 3572/219/1209 3490/40/1210
f 3656/220/1211 3571/209/1212 3491/39/1213
f 3302/114/1214 3661/114/1215 3492/114/1216
f 3303/200/1217 3660/221/1218 3493/39/1219
f 3573/222/1220 3663/223/1221 3662/224/1222
f 3510/144/1223 3637/114/1224 3509/114/1225
f 3604/39/1226 3638/196/1227 3386/184/1228
f 3606/39/1229 3639/199/1230 3388/148/1231
f 3610/39/1232 3642/201/1233 3392/143/1234
f 3516/128/1235 3643/114/1236 3515/114/1237
f 3518/134/1238 3644/114/1239 3517/114/1240
f 3520/39/1241 3645/203/1242 3519/132/1243
f 3615/39/1244 3646/204/1245 3397/138/1246
f 3524/149/1247 3648/114/1248 3523/114/1249
f 3526/144/1250 3650/114/1251 3525/114/1252
f 3530/39/1253 3652/212/1254 3529/174/1255
f 3541/134/1256 3661/114/1257 3540/114/1258
f 3635/39/1259 3663/223/1260 3417/165/1261
f 3717/225/1262 3665/226/1263 3691/227/1264
f 3718/228/1265 3666/229/1266 3692/230/1267
f 3719/231/1268 3667/232/1269 3693/233/1270
f 3720/234/1271 3668/235/1272 3695/236/1273
f 3721/237/1274 3669/238/1275 3696/239/1276
f 3722/240/1277 3670/241/1278 3697/242/1279
f 3723/243/1280 3671/244/1281 3698/245/1282
f 3724/225/1283 3672/226/1284 3699/227/1285
f 3725/246/1286 3673/247/1287 3700/248/1288
f 3726/249/1289 3674/250/1290 3701/251/1291
f 3727/252/1292 3675/253/1293 3702/254/1294
f 3728/255/1295 3676/256/1296 3703/257/1297
f 3729/258/1298 3677/259/1299 3704/260/1300
f 3730/261/1301 3678/262/1302 3705/263/1303
f 3731/264/1304 3679/265/1305 3706/266/1306
f 3732/267/1307 3680/268/1308 3707/269/1309
f 3733/270/1310 3681/271/1311 3708/272/1312
f 3734/273/1313 3682/274/1314 3709/275/1315
f 3735/276/1316 3683/277/1317 3710/278/1318
f 3736/279/1319 3684/280/1320 3711/281/1321
f 3737/282/1322 3685/283/1323 3712/284/1324
f 3738/285/1325 3686/286/1326 3713/287/1327
f 3739/288/1328 3687/289/1329 3714/290/1330
f 3740/291/1331 3688/292/1332 3715/293/1333
f 3741/294/1334 3689/295/1335 3716/296/1336
s 1
f 3742/297/1337 3690/298/1338 3694/299/1339
s 0
f 3744/300/1340 3746/301/1341 3745/302/1342
f 3751/303/1343 3747/304/1344 3746/301/1341
f 3744/300/1340 3745/302/1345 3496/305/1346
f 3750/306/1347 3746/301/1341 3749/307/1348
f 3748/308/1349 3745/302/1342 3746/301/1341
f 3496/305/1350 3745/302/1345 3495/309/1351
f 3503/310/1352 3750/306/1353 3502/311/1354
f 3504/312/1355 3505/313/1356 3750/306/1347
f 3507/314/1357 3751/303/1358 3506/315/1359
f 3508/316/1360 3747/304/1361 3751/303/1362
f 3183/317/1363 3746/301/1364 3184/318/1365
f 3753/319/1366 3543/320/1367 3830/321/1368
f 3754/322/1369 3262/323/1370 3804/324/1371
f 3755/325/1372 3544/326/1373 3831/327/1374
f 3756/328/1375 3263/329/1376 3805/328/1377
f 3757/330/1378 3545/331/1379 3832/332/1380
f 3758/333/1381 3546/334/1382 3806/335/1383
f 3759/336/1384 3664/337/1385 3833/338/1386
f 3760/339/1387 3264/340/1388 3807/339/1389
f 3761/341/1390 3547/342/1391 3834/343/1392
f 3762/344/1393 3265/345/1394 3808/346/1395
f 3763/347/1396 3548/348/1397 3835/349/1398
f 3764/350/1399 3266/351/1400 3809/350/1401
f 3765/352/1402 3549/353/1403 3836/354/1404
f 3766/355/1405 3267/356/1406 3810/357/1407
f 3767/358/1408 3550/359/1409 3837/360/1410
f 3768/361/1411 3268/362/1412 3811/361/1413
f 3769/363/1414 3551/320/1415 3838/364/1416
f 3770/365/1417 3269/366/1418 3812/367/1419
f 3771/368/1420 3552/326/1421 3839/369/1422
f 3772/370/1423 3270/371/1424 3813/370/1425
f 3773/372/1426 3553/373/1427 3840/374/1428
f 3774/375/1429 3271/345/1430 3814/376/1431
f 3775/377/1432 3554/378/1433 3841/379/1434
f 3776/380/1435 3272/381/1436 3815/380/1437
f 3777/382/1438 3555/383/1439 3842/384/1440
f 3778/344/1441 3273/385/1442 3816/386/1443
f 3779/387/1444 3556/388/1445 3843/389/1446
f 3780/390/1447 3274/391/1448 3817/390/1449
f 3781/392/1450 3557/393/1451 3844/394/1452
f 3782/375/1453 3275/395/1454 3818/396/1455
f 3783/397/1456 3558/398/1457 3845/399/1458
f 3784/400/1459 3276/401/1460 3819/400/1461
f 3785/402/1462 3559/403/1463 3846/404/1464
f 3786/405/1465 3277/406/1466 3820/407/1467
f 3787/408/1468 3560/409/1469 3847/410/1470
f 3788/411/1471 3278/412/1472 3821/411/1473
f 3789/413/1474 3561/342/1475 3848/414/1476
f 3790/415/1477 3279/416/1478 3822/417/1479
f 3791/418/1480 3562/419/1481 3849/420/1482
f 3792/421/1483 3280/422/1484 3823/421/1485
f 3793/423/1486 3563/424/1487 3850/425/1488
f 3794/426/1489 3281/427/1490 3824/428/1491
f 3795/429/1492 3564/430/1493 3851/431/1494
f 3796/432/1495 3282/433/1496 3825/432/1497
f 3797/434/1498 3565/435/1499 3852/436/1500
f 3798/437/1501 3283/438/1502 3826/439/1503
f 3799/440/1504 3566/441/1505 3853/442/1506
f 3800/370/1507 3284/443/1508 3827/370/1509
f 3801/444/1510 3567/373/1511 3854/445/1512
f 3802/446/1513 3285/447/1514 3828/448/1515
f 3803/449/1516 3568/450/1517 3855/451/1518
f 3752/452/1519 3261/453/1520 3829/452/1521
f 3569/197/1522 3888/454/1523 3886/40/1524
f 3570/205/1525 3927/455/1526 3913/40/1527
f 3293/207/1528 3925/456/1529 3917/39/1530
f 3294/209/1531 3890/457/1532 3892/39/1533
f 3572/219/1534 3933/458/1535 3919/40/1536
f 3571/209/1537 3930/457/1538 3920/39/1539
f 3573/222/1540 3934/459/1541 3909/460/1542
s 1
f 283/461/1543 272/462/1544 215/461/1545
s 0
f 72/9/1546 3958/463/1547 71/7/1548
f 332/9/1549 3961/463/1550 331/57/1551
f 435/9/1552 3963/463/1553 434/464/1554
f 836/9/1555 3968/463/1556 835/465/1557
f 1056/466/1558 1057/9/1559 3972/463/1560
f 1196/9/1561 3974/463/1562 1195/467/1563
f 1677/463/1564 3980/468/1565 1740/468/1566
f 1924/9/1567 3982/463/1568 1923/469/1569
f 2061/9/1570 3984/463/1571 2060/470/1572
f 2378/9/1573 3988/463/1574 2377/471/1575
f 2522/9/1576 3990/463/1577 2521/111/1578
f 2819/468/1579 2754/472/1580 3993/468/1581
f 3092/9/1582 3997/463/1583 3091/473/1584
f 3881/463/1585 1295/9/1586 1294/474/1587
f 3882/463/1588 3993/468/1589 2754/472/1590
s 1
f 36/23/23 34/475/1591 37/68/1592
f 40/71/1593 38/476/1594 41/477/1595
f 43/47/1596 45/5/5 44/478/1597
f 48/37/39 46/8/8 71/7/7
f 51/29/29 49/61/1598 52/479/73
f 57/480/1599 59/481/1600 58/482/77
f 61/44/1601 63/483/1602 62/484/1603
f 65/485/1604 55/2/2 53/1/1
f 69/41/1605 67/46/1606 70/486/1607
f 48/37/39 73/20/20 47/487/1608
f 74/488/1609 75/489/1610 73/20/20
f 77/490/1611 79/491/1612 78/492/1613
f 81/34/35 83/493/1614 82/66/1615
f 84/12/12 83/493/1614 85/10/10
f 37/68/1592 87/38/40 88/69/1616
f 87/38/40 34/475/1591 86/11/11
f 66/4/4 89/494/1617 78/492/1613
f 92/495/1618 90/32/33 93/496/1619
f 41/477/1595 95/497/1620 40/71/1593
f 96/498/1621 34/475/1591 35/22/22
f 86/11/11 97/499/1622 84/12/12
f 82/66/1615 97/499/1622 98/14/14
f 102/21/21 104/500/1623 103/26/26
f 106/25/25 102/21/21 103/26/26
f 104/500/1623 107/501/1624 108/502/1625
f 108/502/1625 49/61/1598 50/28/28
f 111/503/1626 109/504/1627 112/505/1628
f 110/72/1629 114/506/1630 113/507/1631
f 116/508/1632 59/481/1600 56/509/1633
f 117/510/1634 118/511/1635 981/510/1636
f 120/42/75 69/41/1605 121/43/76
f 124/512/1637 122/513/1638 92/495/1618
f 125/514/1639 92/495/1618 93/496/1619
f 126/515/1640 38/476/1594 127/516/1641
f 56/509/1633 128/517/1642 119/518/1643
f 56/509/1633 117/519/1634 116/508/1632
f 95/497/1620 94/520/1644 129/521/1645
f 132/522/1646 131/18/18 133/106/1647
f 80/523/1648 135/524/1649 134/525/1650
f 101/526/1651 73/20/20 75/489/1610
f 101/526/1651 77/490/1611 107/501/1624
f 107/501/1624 136/59/1652 49/61/1598
f 52/479/73 136/59/1652 260/527/1653
f 77/490/1611 89/494/1617 136/59/1652
f 68/528/1654 138/529/1655 67/46/1606
f 54/3/3 134/525/1650 53/1/1
f 53/1/1 135/524/1649 65/485/1604
f 42/6/6 138/529/1655 89/494/1617
f 137/124/1656 89/494/1617 138/529/1655
f 260/527/1653 137/124/1656 139/530/74
f 114/506/1630 140/531/1657 141/532/1658
f 111/503/1626 142/533/1659 140/531/1657
f 120/42/75 137/124/1656 68/528/1654
f 41/477/1595 143/534/1660 94/520/1644
f 901/535/1661 36/536/23 37/535/1592
f 113/507/1631 40/71/1593 110/72/1629
f 55/2/2 44/478/1597 45/5/5
f 45/5/5 54/3/3 55/2/2
f 59/481/1600 141/532/1658 58/482/77
f 123/537/1662 57/480/1599 58/482/77
f 54/3/3 78/492/1613 79/491/1612
f 40/71/1593 109/504/1627 110/72/1629
f 1007/538/37 100/539/15 144/538/38
f 59/481/1600 113/507/1631 114/506/1630
f 69/41/1605 123/537/1662 121/43/76
f 125/514/1639 57/480/1599 124/512/1637
f 122/513/1638 91/31/31 92/495/1618
f 116/540/1632 981/541/1636 979/540/1663
f 63/483/1602 39/542/1664 62/484/1603
f 70/486/1607 43/47/1596 44/478/1597
f 69/41/1605 145/543/1665 122/513/1638
f 138/529/1655 43/47/1596 67/46/1606
f 60/16/16 146/544/1666 63/483/1602
f 147/35/36 35/22/22 148/24/24
f 147/35/36 97/499/1622 96/498/1621
f 144/36/38 98/14/14 97/499/1622
f 1010/545/280 36/536/23 902/536/281
f 82/66/1615 99/13/13 81/34/35
f 150/546/1667 103/26/26 104/500/1623
f 150/546/1667 108/502/1625 151/547/1668
f 151/547/1668 50/28/28 152/30/30
f 127/540/1669 63/483/1670 146/548/1671
f 1011/549/1672 148/550/24 1010/550/280
f 119/518/1643 128/517/1642 125/514/1639
f 978/49/1673 907/551/1674 929/50/1675
f 61/44/1601 993/17/1676 130/17/17
f 135/552/1649 932/553/1677 65/553/1604
f 955/32/32 956/496/1678 118/554/1635
f 993/17/1676 994/18/1679 131/18/18
f 86/11/11 74/488/1609 48/37/39
f 85/10/10 76/555/1680 74/488/1609
f 79/491/1612 76/555/1680 134/525/1650
f 71/7/7 88/69/1616 87/38/40
f 158/23/63 156/475/1681 159/22/61
f 162/71/1682 160/476/1683 163/542/1684
f 165/5/48 167/47/60 166/478/1685
f 170/37/1686 168/8/1687 171/487/1688
f 174/29/69 172/61/1689 175/28/67
f 180/481/1690 182/480/1691 181/482/78
f 184/483/1692 186/44/57 185/484/72
f 177/2/45 188/485/1693 176/1/43
f 192/41/52 190/46/59 193/528/1694
f 168/8/1687 194/463/1695 195/9/1696
f 170/37/1686 196/20/1697 197/488/1698
f 197/488/1698 198/489/1699 199/555/1700
f 200/491/1701 202/490/1702 201/492/1703
f 204/493/1704 206/34/1705 205/66/1706
f 157/68/1707 209/38/1708 156/475/1681
f 204/493/1704 205/66/1706 207/556/1709
f 208/557/1710 156/475/1681 209/38/1708
f 211/494/1711 189/4/46 201/492/1703
f 214/495/1712 212/32/1713 215/31/1545
f 217/497/1714 161/477/1715 162/71/1682
f 218/498/1716 156/475/1681 208/557/1710
f 218/498/1716 207/556/1709 219/499/1717
f 219/499/1717 205/66/1706 220/14/51
f 224/500/1718 226/21/1719 225/26/66
f 227/25/64 226/21/1719 228/19/1720
f 224/500/1718 229/501/1721 223/526/1722
f 230/502/1723 172/61/1689 229/501/1721
f 233/503/1724 231/504/1725 234/72/1726
f 235/506/1727 234/72/1726 236/507/71
f 237/508/1728 180/481/1690 238/558/70
f 243/510/1729 242/511/1730 241/511/1731
f 247/512/1732 246/513/1733 248/537/1734
f 249/514/1735 214/495/1712 247/512/1732
f 160/476/1683 251/515/1736 250/516/1737
f 179/509/1738 252/517/1739 182/480/1691
f 239/519/1740 179/509/1738 237/508/1728
f 129/521/1645 216/520/1741 217/497/1714
f 256/522/1742 254/18/1743 183/16/55
f 204/493/1704 258/525/1744 203/523/1745
f 196/20/1697 228/19/1720 226/21/1719
f 223/526/1722 196/20/1697 226/21/1719
f 202/490/1702 223/526/1722 229/501/1721
f 259/59/1746 229/501/1721 172/61/1689
f 173/479/1747 259/59/1746 172/61/1689
f 211/494/1711 202/490/1702 259/59/1746
f 262/45/58 193/528/1694 190/46/59
f 258/525/1744 178/3/44 176/1/43
f 257/524/1748 176/1/43 188/485/1693
f 262/45/58 164/6/47 211/494/1711
f 211/494/1711 261/124/1749 262/45/58
f 260/527/1653 261/124/1749 259/59/1746
f 235/506/1727 263/531/1750 233/503/1724
f 233/503/1724 265/533/1751 232/505/1752
f 245/42/53 261/124/1749 139/530/74
f 266/534/1753 161/477/1715 216/520/1741
f 162/71/1682 236/507/71 234/72/1726
f 177/2/45 166/478/1685 187/559/1754
f 165/5/48 178/3/44 189/4/46
f 264/532/1755 180/481/1690 181/482/78
f 182/480/1691 248/537/1734 181/482/78
f 201/492/1703 178/3/44 200/491/1701
f 162/71/1682 231/504/1725 217/497/1714
f 180/481/1690 236/507/71 238/558/70
f 248/537/1734 192/41/52 244/43/54
f 182/480/1691 249/514/1735 247/512/1732
f 215/31/1545 246/513/1733 214/495/1712
f 237/540/1728 243/541/1729 239/541/1740
f 184/483/1692 163/542/1684 160/476/1683
f 191/486/1756 167/47/60 190/46/59
f 272/543/1544 192/41/52 246/513/1733
f 274/544/1757 183/16/55 184/483/1692
f 159/22/61 276/35/1758 275/24/62
f 276/35/1758 219/499/1717 269/36/1759
f 269/36/1759 220/14/51 222/15/50
f 221/13/49 205/66/1706 206/34/1705
f 278/546/1760 225/26/66 279/27/65
f 230/502/1723 278/546/1760 280/547/1761
f 175/28/67 280/547/1761 281/30/68
f 184/483/1762 250/540/1763 274/548/1764
f 241/554/1731 213/496/1765 249/514/1735
f 186/44/57 290/17/95 289/44/1766
f 254/18/1743 296/114/1767 297/18/96
f 228/560/1720 47/561/1608 105/560/19
f 51/52/29 281/562/68 152/562/30
f 266/534/1753 129/521/1645 143/534/1660
s 0
f 132/83/1768 274/82/1769 146/82/1770
f 255/563/1771 132/564/1772 133/563/1773
f 126/515/1774 250/516/1775 251/515/1776
f 274/548/1777 127/540/1778 146/548/1779
s 1
f 169/77/1780 208/557/1710 209/38/1708
f 208/557/1710 197/488/1698 207/556/1709
f 207/556/1709 199/555/1700 204/493/1704
f 200/491/1701 199/555/1700 198/489/1699
f 299/468/1781 194/463/1695 169/77/1780
f 300/39/1782 254/18/1743 255/106/1783
f 142/565/1659 263/566/1750 140/566/1657
f 260/567/1653 173/568/1747 52/568/73
f 126/569/1640 266/570/1753 143/570/1660
f 150/546/1667 279/27/65 149/27/27
f 106/25/25 279/27/65 227/25/64
f 46/571/8 171/572/1688 168/571/1687
f 228/19/1720 106/25/25 227/25/64
s 0
f 255/106/1784 155/39/1785 300/39/1786
s 1
f 151/547/1668 278/546/1760 150/546/1667
f 151/547/1668 281/30/68 280/547/1761
f 120/42/75 244/573/54 245/42/53
f 264/574/1755 140/531/1657 263/531/1750
f 142/533/1659 112/505/1628 129/521/1645
f 72/575/9 168/576/1687 195/575/1696
f 268/23/104 301/475/1787 267/68/1788
f 304/71/1789 303/476/1790 305/477/1791
f 307/47/1792 309/5/83 308/478/1793
f 312/37/1794 310/8/86 331/57/85
f 315/29/110 313/61/102 381/60/101
f 320/480/1795 322/481/1796 321/482/1797
f 289/44/1766 324/483/1798 288/484/1799
f 292/485/1800 318/2/80 316/1/79
f 329/41/1801 327/46/1802 330/486/1803
f 312/37/1794 333/20/98 311/487/1804
f 334/488/1805 335/489/1806 333/20/98
f 337/490/1807 339/491/1808 338/492/1809
f 294/34/1810 342/493/1811 341/66/1812
f 343/12/90 342/493/1811 344/10/88
f 267/68/1788 346/38/1813 347/69/1814
f 346/38/1813 301/475/1787 345/58/89
f 326/4/82 348/494/1815 338/492/1809
f 349/495/1816 284/32/1817 295/496/1818
f 305/477/1791 351/497/1819 304/71/1789
f 352/498/1820 301/475/1787 302/22/103
f 345/58/89 353/499/1821 343/12/90
f 341/66/1812 353/499/1821 354/14/92
f 356/21/99 358/500/1822 357/26/107
f 360/25/106 356/21/99 357/26/107
f 358/500/1822 361/501/1823 362/502/1824
f 362/502/1824 313/61/102 314/28/109
f 365/503/1825 363/504/1826 366/505/1827
f 364/72/1828 367/506/1829 286/507/1830
f 273/508/112 322/481/1796 319/509/1831
f 368/42/1832 329/41/1801 369/43/1833
f 372/512/1834 370/513/1835 349/495/1816
f 373/514/1836 349/495/1816 295/496/1818
f 374/515/1837 303/476/1790 375/516/1838
f 319/509/1831 376/517/1839 242/518/1730
f 319/509/1831 243/519/1729 273/508/112
f 351/497/1819 350/520/1840 1357/521/1841
f 377/522/1842 297/18/96 378/106/1843
f 340/523/1844 291/524/1845 379/525/1846
f 355/526/1847 333/20/98 335/489/1806
f 355/526/1847 337/490/1807 361/501/1823
f 361/501/1823 380/59/100 313/61/102
f 337/490/1807 348/494/1815 380/59/100
f 328/528/1848 383/577/1849 327/46/1802
f 317/3/81 379/525/1846 316/1/79
f 316/1/79 291/524/1845 292/485/1800
f 306/6/84 383/577/1849 348/494/1815
f 382/124/1850 348/494/1815 383/577/1849
f 381/60/101 382/124/1850 384/530/1851
f 367/506/1829 385/531/1852 386/532/1853
f 365/503/1825 387/533/1854 385/531/1852
f 328/528/1848 384/530/1851 382/124/1850
f 305/477/1791 388/534/1855 350/520/1840
f 287/542/1856 364/72/1828 286/507/1830
f 318/2/80 308/478/1793 309/5/83
f 309/5/83 317/3/81 318/2/80
f 322/481/1796 386/532/1853 321/482/1797
f 371/537/1857 320/480/1795 321/482/1797
f 317/3/81 338/492/1809 339/491/1808
f 304/71/1789 363/504/1826 364/72/1828
f 322/481/1796 286/507/1830 367/506/1829
f 329/41/1801 371/537/1857 369/43/1833
f 373/514/1836 320/480/1795 372/512/1834
f 370/513/1835 283/31/1543 349/495/1816
f 185/578/72 289/579/1766 288/578/1799
f 324/483/1798 287/542/1856 288/484/1799
f 330/486/1803 307/47/1792 308/478/1793
f 329/41/1801 389/543/1858 370/513/1835
f 383/577/1849 307/47/1792 327/46/1802
f 323/16/94 390/544/1859 324/483/1798
f 282/35/1860 302/22/103 277/24/105
f 282/35/1860 353/499/1821 352/498/1820
f 270/36/1861 354/14/92 353/499/1821
f 341/66/1812 293/13/91 294/34/1810
f 392/546/1862 357/26/107 358/500/1822
f 392/546/1862 362/502/1824 393/547/1863
f 393/547/1863 314/28/109 394/30/111
f 375/540/1864 324/483/1865 390/548/1866
f 347/580/1814 299/581/1781 210/580/1867
f 242/518/1730 376/517/1839 373/514/1836
s 0
f 378/563/1868 1457/564/1869 377/564/1870
f 1452/515/1871 375/516/1872 1451/516/1873
f 390/548/1874 1451/540/1875 375/540/1876
s 1
f 312/37/1794 346/38/1813 345/58/89
f 345/58/89 334/488/1805 312/37/1794
f 344/10/88 336/555/1877 334/488/1805
f 339/491/1808 336/555/1877 379/525/1846
f 331/57/85 347/69/1814 346/38/1813
f 399/23/135 397/475/1878 400/68/1879
f 403/71/1880 401/476/1881 404/477/1882
f 406/47/1883 408/5/120 407/478/1884
f 411/37/150 409/8/1885 434/464/1886
f 414/29/142 412/61/1887 415/479/1888
f 420/480/1889 422/481/1890 421/482/191
f 424/44/1891 426/483/1892 425/484/1893
f 428/485/1894 418/2/117 416/1/116
f 432/41/1895 430/46/1896 433/486/1897
f 411/37/150 436/20/132 410/487/1898
f 434/464/1886 409/8/1885 435/9/1899
f 437/488/1900 438/489/1901 436/20/132
f 440/490/1902 442/491/1903 441/492/1904
f 444/65/125 446/493/1905 445/66/137
f 447/12/124 446/493/1905 448/10/122
f 400/68/1879 450/38/151 451/69/1906
f 450/38/151 397/475/1878 449/64/123
f 429/4/119 452/494/1907 441/492/1904
f 455/495/1908 453/32/146 456/496/1909
f 404/477/1882 458/497/1910 403/71/1880
f 459/498/1911 397/475/1878 398/22/134
f 449/64/123 460/499/1912 447/12/124
f 445/66/137 460/499/1912 461/14/126
f 464/21/133 466/500/1913 465/26/139
f 468/25/138 464/21/133 465/26/139
f 466/500/1913 469/501/1914 470/502/1915
f 470/502/1915 412/61/1887 413/28/141
f 473/503/1916 471/504/1917 474/505/1918
f 472/72/1919 476/506/1920 475/507/1921
f 478/508/1922 422/481/1890 419/509/1923
f 479/510/1924 480/511/1925 2302/510/1926
f 482/42/189 432/41/1895 483/43/190
f 486/512/1927 484/513/1928 455/495/1908
f 487/514/1929 455/495/1908 456/496/1909
f 488/515/1930 401/476/1881 489/516/1931
f 419/509/1923 490/517/1932 481/518/1933
f 419/509/1923 479/519/1924 478/508/1922
f 458/497/1910 457/520/1934 491/521/1935
f 494/522/1936 493/18/130 495/106/1937
f 443/523/1938 497/524/1939 496/525/1940
f 463/526/1941 436/20/132 438/489/1901
f 463/526/1941 440/490/1902 469/501/1914
f 469/501/1914 498/59/1942 412/61/1887
f 415/479/1888 498/59/1942 620/527/1943
f 440/490/1902 452/494/1907 498/59/1942
f 431/528/1944 500/582/1945 430/46/1896
f 417/3/118 496/525/1940 416/1/116
f 416/1/116 497/524/1939 428/485/1894
f 405/6/121 500/582/1945 452/494/1907
f 499/124/1946 452/494/1907 500/582/1945
f 620/527/1943 499/124/1946 501/530/188
f 476/506/1920 502/531/1947 503/532/1948
f 473/503/1916 504/533/1949 502/531/1947
f 482/42/189 499/124/1946 431/528/1944
f 404/477/1882 505/534/1950 457/520/1934
f 2222/536/648 400/535/1879 2221/535/1951
f 475/507/1921 403/71/1880 472/72/1919
f 418/2/117 407/478/1884 408/5/120
f 408/5/120 417/3/118 418/2/117
f 422/481/1890 503/532/1948 421/482/191
f 420/480/1889 485/537/1952 486/512/1927
f 417/3/118 441/492/1904 442/491/1903
f 403/71/1880 471/504/1917 472/72/1919
f 2285/539/638 506/538/149 2328/538/148
f 422/481/1890 475/507/1921 476/506/1920
f 432/41/1895 485/537/1952 483/43/190
f 487/514/1929 420/480/1889 486/512/1927
f 484/513/1928 454/31/144 455/495/1908
f 478/540/1922 2302/541/1926 2300/540/1953
f 426/483/1892 402/542/1954 425/484/1893
f 433/486/1897 406/47/1883 407/478/1884
f 432/41/1895 507/543/1955 484/513/1928
f 500/582/1945 406/47/1883 430/46/1896
f 423/16/128 508/544/1956 426/483/1892
f 509/35/147 398/22/134 510/24/136
f 509/35/147 460/499/1912 459/498/1911
f 506/36/149 461/14/126 460/499/1912
f 510/545/136 2222/536/648 2331/545/647
f 512/546/1957 465/26/139 466/500/1913
f 512/546/1957 470/502/1915 513/547/1958
f 513/547/1958 413/28/141 514/30/143
f 489/540/1959 426/483/1960 508/548/1961
f 509/549/147 2331/550/647 2332/549/1962
f 481/518/1933 490/517/1932 487/514/1929
f 2299/49/1963 2227/551/1964 2249/50/1965
f 424/44/1891 2314/17/1966 492/17/129
f 497/552/1939 2252/553/1967 428/553/1894
f 2284/13/637 2270/34/1968 444/65/125
f 2276/32/145 2277/496/1969 480/554/1925
f 492/17/129 2314/17/1966 2315/18/1970
f 449/64/123 437/488/1900 411/37/150
f 448/10/122 439/555/1971 437/488/1900
f 442/491/1903 439/555/1971 496/525/1940
f 434/464/1886 451/69/1906 450/38/151
f 520/23/177 518/67/160 521/22/175
f 524/71/170 522/476/1972 525/542/1973
f 527/5/159 529/47/174 528/478/1974
f 532/37/1975 530/8/1976 533/487/1977
f 536/29/183 534/61/1978 537/28/181
f 542/481/1979 544/480/1980 543/482/192
f 546/483/1981 548/44/1982 547/484/186
f 539/2/156 550/485/1983 538/1/154
f 554/41/166 552/46/173 555/528/1984
f 530/8/1976 556/463/1985 557/9/1986
f 532/37/1975 558/20/1987 559/488/1988
f 559/488/1988 560/489/1989 561/555/1990
f 562/491/1991 564/490/1992 563/492/1993
f 566/493/1994 568/34/1995 567/66/1996
f 572/494/1997 551/4/157 563/492/1993
f 566/493/1994 567/66/1996 569/583/1998
f 575/495/1999 573/32/2000 576/31/2001
f 591/70/169 523/477/2002 524/71/170
f 578/498/2003 518/67/160 570/584/2004
f 578/498/2003 569/583/1998 579/499/2005
f 579/499/2005 567/66/1996 580/14/165
f 584/500/2006 586/21/2007 585/26/180
f 587/25/178 586/21/2007 588/19/2008
f 584/500/2006 589/501/2009 583/526/2010
f 590/502/2011 534/61/1978 589/501/2009
f 593/503/2012 591/70/169 594/72/171
f 595/506/2013 594/72/171 596/507/185
f 597/508/2014 542/481/1979 598/558/184
f 603/510/2015 602/511/2016 601/511/2017
f 607/512/2018 606/513/2019 608/537/2020
f 609/514/2021 575/495/1999 607/512/2018
f 522/476/1972 611/515/2022 610/516/2023
f 541/509/2024 612/517/2025 544/480/1980
f 599/519/2026 541/509/2024 597/508/2014
f 577/520/2027 592/505/2028 491/521/1935
f 545/16/2029 613/17/2030 548/44/1982
f 616/522/2031 614/18/2032 545/16/2029
f 566/493/1994 618/525/2033 565/523/2034
f 558/20/1987 588/19/2008 586/21/2007
f 583/526/2010 558/20/1987 586/21/2007
f 564/490/1992 583/526/2010 589/501/2009
f 619/59/2035 589/501/2009 534/61/1978
f 535/479/187 619/59/2035 534/61/1978
f 572/494/1997 564/490/1992 619/59/2035
f 622/73/172 555/528/1984 552/46/173
f 618/525/2033 540/3/155 538/1/154
f 617/524/2036 538/1/154 550/485/1983
f 622/73/172 526/6/158 572/494/1997
f 572/494/1997 621/124/2037 622/73/172
f 620/527/1943 621/124/2037 619/59/2035
f 595/506/2013 623/531/2038 593/503/2012
f 593/503/2012 625/533/2039 592/505/2028
f 605/42/167 621/124/2037 501/530/188
f 626/534/2040 523/477/2002 577/520/2027
f 519/535/161 628/536/247 627/535/2041
f 524/71/170 596/507/185 594/72/171
f 539/2/156 528/478/1974 549/559/2042
f 527/5/159 540/3/155 551/4/157
f 624/532/2043 542/481/1979 543/482/192
f 544/480/1980 608/537/2020 543/482/192
f 563/492/1993 540/3/155 562/491/1991
f 630/538/2044 582/539/164 631/539/239
f 542/481/1979 596/507/185 598/558/184
f 608/537/2020 554/41/166 604/43/168
f 544/480/1980 609/514/2021 607/512/2018
f 576/31/2001 606/513/2019 575/495/1999
f 599/541/2026 633/540/2045 603/541/2015
f 546/483/1981 525/542/1973 522/476/1972
f 553/486/2046 529/47/174 552/46/173
f 632/543/2047 554/41/166 606/513/2019
f 634/544/2048 545/16/2029 546/483/1981
f 521/22/175 636/35/2049 635/24/176
f 636/35/2049 579/499/2005 629/36/2050
f 629/36/2050 580/14/165 582/15/164
f 637/545/248 520/536/177 635/545/176
f 581/13/163 567/66/1996 568/34/1995
f 638/546/2051 585/26/180 639/27/179
f 590/502/2011 638/546/2051 640/547/2052
f 537/28/181 640/547/2052 641/30/182
f 546/483/2053 610/540/2054 634/548/2055
f 642/549/2056 635/550/176 636/549/2049
f 601/554/2017 574/496/2057 609/514/2021
f 576/31/2001 644/32/2058 643/31/2059
f 548/44/1982 650/17/241 649/44/2060
f 617/552/2036 652/553/2061 651/552/2062
f 653/13/237 568/34/1995 654/34/2063
f 573/32/2000 601/554/2017 644/32/2058
f 636/35/2049 630/36/2044 642/35/2056
f 614/18/2032 656/114/2064 658/114/264
f 588/560/2008 410/561/1898 467/560/131
f 514/562/143 536/52/183 641/562/182
f 626/534/2040 491/521/1935 505/534/1950
s 0
f 616/83/2065 508/82/2066 494/83/2067
f 615/563/2068 494/564/2069 495/563/2070
f 489/516/2071 611/515/2072 488/515/2073
f 634/548/2074 489/540/2075 508/548/2076
s 1
f 531/77/2077 570/584/2004 518/67/160
f 570/584/2004 559/488/1988 569/583/1998
f 569/583/1998 561/555/1990 566/493/1994
f 562/491/1991 561/555/1990 560/489/1989
f 531/77/2077 571/69/162 556/463/1985
f 660/39/2078 614/18/2032 615/106/2079
f 504/565/1949 623/566/2038 502/566/1947
f 620/567/1943 535/568/187 415/568/1888
f 488/569/1930 626/570/2040 505/570/1950
f 639/27/179 512/546/1957 638/546/2051
f 587/25/178 511/27/140 639/27/179
f 409/571/1885 533/572/1977 530/571/1976
f 467/19/131 587/25/178 588/19/2008
s 0
f 495/106/2080 660/39/2081 615/106/2082
s 1
f 513/547/1958 638/546/2051 512/546/1957
f 513/547/1958 641/30/182 640/547/2052
f 605/42/167 483/573/190 604/573/168
f 503/574/1948 623/531/2038 624/574/2043
f 504/533/1949 474/505/1918 491/521/1935
f 435/575/1899 530/576/1976 557/575/1986
f 663/23/216 661/74/199 664/22/214
f 667/71/209 665/476/2083 668/542/2084
f 670/5/198 672/47/213 671/478/2085
f 675/37/2086 673/8/2087 676/487/2088
f 679/29/222 677/61/2089 680/28/220
f 685/481/2090 687/480/2091 686/482/2092
f 689/483/2093 691/44/2094 690/484/225
f 682/2/195 693/485/2095 681/1/193
f 697/41/205 695/46/212 698/528/2096
f 699/463/2097 673/8/2087 674/77/226
f 675/37/2086 701/20/2098 702/488/2099
f 702/488/2099 703/489/2100 704/555/2101
f 705/491/2102 707/490/2103 706/492/2104
f 709/493/2105 711/34/2106 710/66/2107
f 715/494/2108 694/4/196 706/492/2104
f 709/493/2105 710/66/2107 712/585/2109
f 718/495/2110 716/32/2111 719/31/2112
f 734/75/208 666/477/2113 667/71/209
f 721/498/2114 661/74/199 713/78/227
f 721/498/2114 712/585/2109 722/499/2115
f 722/499/2115 710/66/2107 723/14/204
f 727/500/2116 729/21/2117 728/26/219
f 730/25/217 729/21/2117 731/19/2118
f 727/500/2116 732/501/2119 726/526/2120
f 733/502/2121 677/61/2089 732/501/2119
f 736/503/2122 734/75/208 737/72/210
f 738/506/2123 737/72/210 739/507/224
f 740/508/2124 685/481/2090 741/558/223
f 746/510/2125 745/511/2126 744/511/2127
f 750/512/2128 749/513/2129 751/537/2130
f 752/514/2131 718/495/2110 750/512/2128
f 665/476/2083 754/515/2132 753/516/2133
f 684/509/2134 755/517/2135 687/480/2091
f 742/519/2136 684/509/2134 740/508/2124
f 720/520/2137 735/505/2138 756/521/2139
f 688/16/2140 757/17/2141 691/44/2094
f 760/522/2142 758/18/2143 688/16/2140
f 709/493/2105 762/525/2144 708/523/2145
f 701/20/2098 731/19/2118 729/21/2117
f 726/526/2120 701/20/2098 729/21/2117
f 707/490/2103 726/526/2120 732/501/2119
f 763/59/2146 732/501/2119 677/61/2089
f 678/479/2147 763/59/2146 677/61/2089
f 715/494/2108 707/490/2103 763/59/2146
f 766/76/211 698/528/2096 695/46/212
f 762/525/2144 683/3/194 681/1/193
f 761/524/2148 681/1/193 693/485/2095
f 766/76/211 669/6/197 715/494/2108
f 715/494/2108 765/124/2149 766/76/211
f 764/527/2150 765/124/2149 763/59/2146
f 738/506/2123 767/531/2151 736/503/2122
f 736/503/2122 769/533/2152 735/505/2138
f 748/42/206 765/124/2149 887/530/258
f 770/534/2153 666/477/2113 720/520/2137
f 663/536/216 771/535/2154 662/535/200
f 667/71/209 739/507/224 737/72/210
f 682/2/195 671/478/2085 692/559/2155
f 670/5/198 683/3/194 694/4/196
f 768/532/2156 685/481/2090 686/482/2092
f 687/480/2091 751/537/2130 686/482/2092
f 706/492/2104 683/3/194 705/491/2102
f 773/538/2157 775/539/334 774/538/2158
f 685/481/2090 739/507/224 741/558/223
f 751/537/2130 697/41/205 747/43/207
f 687/480/2091 752/514/2131 750/512/2128
f 719/31/2112 749/513/2129 718/495/2110
f 740/540/2124 746/541/2125 742/541/2136
f 689/483/2093 668/542/2084 665/476/2083
f 696/486/2159 672/47/213 695/46/212
f 776/543/2160 697/41/205 749/513/2129
f 778/544/2161 688/16/2140 689/483/2093
f 664/22/214 780/35/2162 779/24/215
f 780/35/2162 722/499/2115 773/36/2157
f 773/36/2157 723/14/204 725/15/203
f 781/545/343 663/536/216 779/545/215
f 724/13/202 710/66/2107 711/34/2106
f 782/546/2163 728/26/219 783/27/218
f 733/502/2121 782/546/2163 784/547/2164
f 680/28/220 784/547/2164 785/30/221
f 689/483/2165 753/540/2166 778/548/2167
f 781/550/343 780/549/2162 786/549/2168
f 744/554/2127 717/496/2169 752/514/2131
f 719/31/2112 788/32/2170 787/31/2171
f 691/44/2094 794/17/336 793/44/2172
f 761/552/2148 796/553/2173 795/552/2174
f 724/13/202 711/34/2106 797/86/332
f 716/32/2111 744/554/2127 788/32/2170
f 780/35/2162 774/36/2158 786/35/2168
f 758/18/2143 799/114/2175 800/18/337
f 713/78/227 702/488/2099 712/585/2109
f 712/585/2109 704/555/2101 709/493/2105
f 705/491/2102 704/555/2101 703/489/2100
f 802/468/2176 699/463/2097 674/77/226
f 803/39/2177 758/18/2143 759/106/2178
f 628/23/247 804/475/2179 627/68/2041
f 807/71/2180 806/476/2181 808/477/2182
f 810/47/2183 812/5/232 811/478/2184
f 815/37/2185 813/8/2186 835/465/2187
f 818/29/253 816/61/2188 819/479/2189
f 824/480/2190 826/481/2191 825/482/2192
f 649/44/2060 828/483/2193 648/484/2194
f 652/485/2061 822/2/229 820/1/228
f 833/41/2195 831/46/2196 834/486/2197
f 815/37/2185 837/20/244 814/487/2198
f 835/465/2187 813/8/2186 836/9/2199
f 838/488/2200 839/489/2201 837/20/244
f 841/490/2202 843/491/2203 842/492/2204
f 654/34/2063 846/493/2205 845/66/2206
f 847/12/236 846/493/2205 848/10/234
f 627/68/2041 850/38/2207 851/69/2208
f 850/38/2207 804/475/2179 849/79/235
f 830/4/231 852/494/2209 842/492/2204
f 853/495/2210 644/32/2058 655/496/2211
f 808/477/2182 855/497/2212 807/71/2180
f 856/498/2213 804/475/2179 805/22/246
f 849/79/235 857/499/2214 847/12/236
f 845/66/2206 857/499/2214 858/14/238
f 860/21/245 862/500/2215 861/26/250
f 864/25/249 860/21/245 861/26/250
f 862/500/2215 865/501/2216 866/502/2217
f 866/502/2217 816/61/2188 817/28/252
f 869/503/2218 867/504/2219 870/505/2220
f 868/72/2221 871/506/2222 646/507/2223
f 633/508/2045 826/481/2191 823/509/2224
f 872/42/259 833/41/2195 873/43/2225
f 876/512/2226 874/513/2227 853/495/2210
f 877/514/2228 853/495/2210 655/496/2211
f 878/515/2229 806/476/2181 879/516/2230
f 823/509/2224 880/517/2231 602/518/2016
f 823/509/2224 603/519/2015 633/508/2045
f 855/497/2212 854/520/2232 756/521/2139
f 881/522/2233 657/18/242 882/106/2234
f 844/523/2235 651/524/2062 883/525/2236
f 859/526/2237 837/20/244 839/489/2201
f 859/526/2237 841/490/2202 865/501/2216
f 865/501/2216 884/59/2238 816/61/2188
f 819/479/2189 884/59/2238 764/527/2150
f 841/490/2202 852/494/2209 884/59/2238
f 832/528/2239 886/586/2240 831/46/2196
f 821/3/230 883/525/2236 820/1/228
f 820/1/228 651/524/2062 652/485/2061
f 809/6/233 886/586/2240 852/494/2209
f 885/124/2241 852/494/2209 886/586/2240
f 764/527/2150 885/124/2241 887/530/258
f 871/506/2222 888/531/2242 889/532/2243
f 869/503/2218 890/533/2244 888/531/2242
f 872/42/259 885/124/2241 832/528/2239
f 808/477/2182 891/534/2245 854/520/2232
f 646/507/2223 807/71/2180 868/72/2221
f 822/2/229 811/478/2184 812/5/232
f 812/5/232 821/3/230 822/2/229
f 826/481/2191 889/532/2243 825/482/2192
f 824/480/2190 875/537/2246 876/512/2226
f 821/3/230 842/492/2204 843/491/2203
f 867/504/2219 807/71/2180 855/497/2212
f 826/481/2191 646/507/2223 871/506/2222
f 833/41/2195 875/537/2246 873/43/2225
f 877/514/2228 824/480/2190 876/512/2226
f 874/513/2227 643/31/2059 853/495/2210
f 548/579/1982 648/578/2194 547/578/186
f 828/483/2193 647/542/2247 648/484/2194
f 834/486/2197 810/47/2183 811/478/2184
f 833/41/2195 892/543/2248 874/513/2227
f 886/586/2240 810/47/2183 831/46/2196
f 827/16/240 893/544/2249 828/483/2193
f 642/35/2056 805/22/246 637/24/248
f 642/35/2056 857/499/2214 856/498/2213
f 630/36/2044 858/14/238 857/499/2214
f 845/66/2206 653/13/237 654/34/2063
f 895/546/2250 861/26/250 862/500/2215
f 895/546/2250 866/502/2217 896/547/2251
f 896/547/2251 817/28/252 897/30/254
f 879/540/2252 828/483/2253 893/548/2254
s 0
f 571/587/2255 898/588/2256 659/588/2257
s 1
f 576/589/2001 892/543/2248 632/543/2047
f 829/590/2258 549/590/2042 632/591/2047
f 602/518/2016 880/517/2231 877/514/2228
f 654/592/2063 565/593/2034 844/593/2235
f 844/523/2235 617/524/2036 651/524/2062
f 645/63/2259 597/62/2014 598/63/184
f 829/559/2258 550/485/1983 549/559/2042
f 581/13/163 631/15/239 582/15/164
f 679/52/222 819/51/2189 678/51/2147
f 676/561/2088 863/560/243 731/560/2118
f 897/562/254 679/52/222 785/562/221
f 770/534/2153 720/520/2137 756/521/2139
s 0
f 882/563/2260 760/564/2261 881/564/2262
f 878/515/2263 753/516/2264 754/515/2265
f 879/540/2266 778/548/2267 753/540/2268
s 1
f 815/37/2185 850/38/2207 849/79/235
f 849/79/235 838/488/2200 815/37/2185
f 848/10/234 840/555/2269 838/488/2200
f 843/491/2203 840/555/2269 883/525/2236
f 835/465/2187 851/69/2208 850/38/2207
f 769/565/2152 888/566/2242 890/565/2244
f 678/568/2147 819/568/2189 764/567/2150
f 754/569/2132 891/570/2245 878/569/2229
f 782/546/2163 894/27/251 895/546/2250
f 864/25/249 783/27/218 730/25/217
f 814/572/2198 673/571/2087 813/571/2186
f 730/25/217 863/19/243 864/25/249
s 0
f 882/106/2270 803/39/2271 759/106/2272
s 1
f 825/56/2192 686/56/2092 873/55/2225
f 784/547/2164 895/546/2250 896/547/2251
f 897/30/254 784/547/2164 896/547/2251
f 872/42/259 747/573/207 748/42/206
f 888/531/2242 768/574/2156 889/574/2243
f 890/533/2244 870/505/2220 756/521/2139
f 813/576/2186 700/575/2273 836/575/2199
f 902/23/281 900/475/2274 903/22/279
f 906/71/274 904/476/2275 907/542/1674
f 909/5/270 911/47/278 910/478/2276
f 914/37/2277 912/8/2278 915/487/2279
f 918/29/288 916/61/2280 919/28/286
f 924/481/2281 926/480/2282 925/482/2283
f 928/483/2284 930/44/2285 929/484/1675
f 921/2/267 932/485/1677 920/1/265
f 936/41/2286 934/46/277 937/528/2287
f 938/463/2288 912/8/2278 913/77/2289
f 914/37/2277 940/20/2290 941/488/2291
f 941/488/2291 942/489/2292 943/555/2293
f 944/491/2294 946/490/2295 945/492/2296
f 948/493/2297 963/33/34 949/66/282
f 901/68/1661 952/38/2298 900/475/2274
f 948/493/2297 949/66/282 950/594/2299
f 951/595/2300 900/475/2274 952/38/2298
f 954/494/2301 933/4/268 945/492/2296
f 957/495/2302 955/32/32 958/31/2303
f 973/84/273 905/477/2304 906/71/274
f 960/498/2305 900/475/2274 951/595/2300
f 960/498/2305 950/594/2299 961/499/2306
f 961/499/2306 949/66/282 962/14/272
f 966/500/2307 968/21/2308 967/26/285
f 969/25/283 968/21/2308 970/19/2309
f 966/500/2307 971/501/2310 965/526/2311
f 972/502/2312 916/61/2280 971/501/2310
f 975/503/2313 973/84/273 976/72/275
f 977/506/2314 976/72/275 978/507/1673
f 979/508/1663 924/481/2281 980/558/2315
f 936/41/2286 984/42/2316 983/43/2317
f 986/512/2318 985/513/2319 987/537/2320
f 988/514/2321 957/495/2302 986/512/2318
f 904/476/2275 990/515/2322 989/516/2323
f 923/509/2324 991/517/2325 926/480/2282
f 981/519/1636 923/509/2324 979/508/1663
f 959/520/2326 974/505/2327 992/521/2328
f 927/16/2329 993/17/1676 930/44/2285
f 996/522/2330 994/18/1679 927/16/2329
f 948/493/2297 998/525/2331 947/523/2332
f 940/20/2290 970/19/2309 968/21/2308
f 965/526/2311 940/20/2290 968/21/2308
f 946/490/2295 965/526/2311 971/501/2310
f 999/59/2333 971/501/2310 916/61/2280
f 917/479/2334 999/59/2333 916/61/2280
f 954/494/2301 946/490/2295 999/59/2333
f 1002/85/276 937/528/2287 934/46/277
f 998/525/2331 922/3/266 920/1/265
f 997/524/2335 920/1/265 932/485/1677
f 1002/85/276 908/6/269 954/494/2301
f 954/494/2301 1001/124/2336 1002/85/276
f 1000/527/2337 1001/124/2336 999/59/2333
f 977/506/2314 1003/531/2338 975/503/2313
f 975/503/2313 1005/533/2339 974/505/2327
f 984/42/2316 1001/124/2336 1125/530/2340
f 1006/534/2341 905/477/2304 959/520/2326
f 906/71/274 978/507/1673 976/72/275
f 921/2/267 910/478/2276 931/559/2342
f 909/5/270 922/3/266 933/4/268
f 1004/532/2343 924/481/2281 925/482/2283
f 926/480/2282 987/537/2320 925/482/2283
f 945/492/2296 922/3/266 944/491/2294
f 924/481/2281 978/507/1673 980/558/2315
f 987/537/2320 936/41/2286 983/43/2317
f 926/480/2282 988/514/2321 986/512/2318
f 958/31/2303 985/513/2319 957/495/2302
f 62/578/1603 930/579/2285 61/579/1601
f 928/483/2284 907/542/1674 904/476/2275
f 935/486/2344 911/47/278 934/46/277
f 1008/543/2345 936/41/2286 985/513/2319
f 1009/544/2346 927/16/2329 928/483/2284
f 903/22/279 1011/35/1672 1010/24/280
f 1011/35/1672 961/499/2306 1007/36/37
f 1007/36/37 962/14/272 964/15/271
f 1012/546/2347 967/26/285 1013/27/284
f 972/502/2312 1012/546/2347 1014/547/2348
f 919/28/286 1014/547/2348 1015/30/287
f 928/483/2349 989/540/2350 1009/548/2351
s 0
f 153/588/2352 953/587/2353 88/587/2354
s 1
f 145/543/1665 958/589/2303 91/589/31
f 931/590/2342 910/596/2276 935/597/2344
f 118/554/1635 956/496/1678 988/514/2321
s 0
f 953/80/2355 37/81/2356 88/80/2357
s 1
f 963/33/34 80/593/1648 81/592/35
f 947/523/2332 135/524/1649 80/523/1648
f 979/62/1663 115/63/2358 116/62/1632
f 64/559/2359 932/485/1677 931/559/2342
f 99/13/13 964/15/271 963/33/34
f 913/77/2289 951/595/2300 952/38/2298
f 951/595/2300 941/488/2291 950/594/2299
f 950/594/2299 943/555/2293 948/493/2297
f 944/491/2294 943/555/2293 942/489/2292
f 913/77/2289 953/69/2360 938/463/2288
f 1018/39/2361 994/18/1679 995/106/2362
f 1021/23/305 1019/475/2363 1022/68/2364
f 1025/71/2365 1023/476/2366 1026/477/2367
f 1028/47/2368 1030/5/293 1029/478/2369
f 1033/37/2370 1031/8/2371 1056/466/2372
f 1036/29/311 1034/61/2373 1037/479/2374
f 1042/480/2375 1044/481/2376 1043/482/2377
f 1046/44/317 1048/483/2378 1047/484/2379
f 1050/485/2380 1040/2/290 1038/1/289
f 1054/41/2381 1052/46/2382 1055/486/2383
f 1033/37/2370 1058/20/302 1032/487/2384
f 1056/466/2372 1031/8/2371 1057/9/2385
f 1059/488/2386 1060/489/2387 1058/20/302
f 1062/490/2388 1064/491/2389 1063/492/2390
f 1066/34/2391 1068/493/2392 1067/66/2393
f 1069/12/2394 1068/493/2392 1070/10/2395
f 1071/598/2396 1070/10/2395 1072/599/2397
f 1071/598/2396 1073/38/2398 1019/475/2363
f 1022/68/2364 1073/38/2398 1074/69/2399
f 1051/4/292 1075/494/2400 1063/492/2390
f 1078/495/2401 1076/32/315 1079/496/2402
f 1026/477/2367 1081/497/2403 1025/71/2365
f 1082/498/2404 1019/475/2363 1020/22/304
f 1069/12/2394 1082/498/2404 1083/499/2405
f 1067/66/2393 1083/499/2405 1084/14/296
f 1088/21/303 1090/500/2406 1089/26/308
f 1092/25/307 1088/21/303 1089/26/308
f 1090/500/2406 1093/501/2407 1094/502/2408
f 1094/502/2408 1034/61/2373 1035/28/310
f 1097/503/2409 1095/504/2410 1098/505/2411
f 1096/72/2412 1100/506/2413 1099/507/2414
f 1102/508/2415 1044/481/2376 1041/509/2416
f 1103/510/2417 1106/511/2418 1104/510/2419
f 1108/42/2420 1054/41/2381 1109/43/2421
f 1112/512/2422 1110/513/2423 1078/495/2401
f 1113/514/2424 1078/495/2401 1079/496/2402
f 1114/515/2425 1023/476/2366 1115/516/2426
f 1041/509/2416 1116/517/2427 1107/518/2428
f 1041/509/2416 1103/519/2417 1102/508/2415
f 1081/497/2403 1080/520/2429 992/521/2328
f 1118/522/2430 1117/18/300 1119/106/2431
f 1065/523/2432 1121/524/2433 1120/525/2434
f 1087/526/2435 1058/20/302 1060/489/2387
f 1087/526/2435 1062/490/2388 1093/501/2407
f 1093/501/2407 1122/59/2436 1034/61/2373
f 1037/479/2374 1122/59/2436 1000/527/2337
f 1062/490/2388 1075/494/2400 1122/59/2436
f 1053/528/2437 1124/600/2438 1052/46/2382
f 1039/3/291 1120/525/2434 1038/1/289
f 1038/1/289 1121/524/2433 1050/485/2380
f 1027/6/294 1124/600/2438 1075/494/2400
f 1123/124/2439 1075/494/2400 1124/600/2438
f 1000/527/2337 1123/124/2439 1125/530/2340
f 1100/506/2413 1126/531/2440 1127/532/2441
f 1097/503/2409 1128/533/2442 1126/531/2440
f 1108/42/2420 1123/124/2439 1053/528/2437
f 1026/477/2367 1129/534/2443 1080/520/2429
f 1131/535/2444 1021/536/305 1022/535/2364
f 1099/507/2414 1025/71/2365 1096/72/2412
f 1040/2/290 1029/478/2369 1030/5/293
f 1030/5/293 1039/3/291 1040/2/290
f 1044/481/2376 1127/532/2441 1043/482/2377
f 1042/480/2375 1111/537/2445 1112/512/2422
f 1039/3/291 1063/492/2390 1064/491/2389
f 1025/71/2365 1095/504/2410 1096/72/2412
f 1132/539/363 1134/538/318 1133/538/320
f 1044/481/2376 1099/507/2414 1100/506/2413
f 1054/41/2381 1111/537/2445 1109/43/2421
f 1113/514/2424 1042/480/2375 1112/512/2422
f 1110/513/2423 1077/31/313 1078/495/2401
f 1102/540/2415 1104/541/2419 1136/540/2446
f 1048/483/2378 1024/542/2447 1047/484/2379
f 1055/486/2383 1028/47/2368 1029/478/2369
f 1054/41/2381 1135/543/2448 1110/513/2423
f 1124/600/2438 1028/47/2368 1052/46/2382
f 1045/16/298 1137/544/2449 1048/483/2378
f 1138/35/2450 1020/22/304 1139/24/306
f 1138/35/2450 1083/499/2405 1082/498/2404
f 1134/36/318 1084/14/296 1083/499/2405
f 1021/536/305 1140/545/372 1139/545/306
f 1067/66/2393 1085/13/295 1066/34/2391
f 1142/546/2451 1089/26/308 1090/500/2406
f 1142/546/2451 1094/502/2408 1143/547/2452
f 1143/547/2452 1035/28/310 1144/30/312
f 1115/540/2453 1048/483/2454 1137/548/2455
f 1145/549/319 1139/550/306 1140/550/372
f 1107/518/2428 1116/517/2427 1113/514/2424
f 1150/49/2456 1149/551/2457 1148/50/2458
f 1121/552/2433 1154/553/2459 1050/553/2380
f 1156/34/2460 1085/13/295 1157/13/362
f 1146/32/314 1158/496/2461 1106/554/2418
f 1160/114/2462 1159/114/325 1117/18/300
f 1036/52/311 917/51/2334 918/52/288
f 1091/560/301 915/561/2279 1032/561/2384
f 1015/562/287 1036/52/311 918/52/288
f 1108/54/2420 984/54/2316 1125/53/2340
f 1006/534/2341 959/520/2326 992/521/2328
s 0
f 1119/563/2463 996/564/2464 1118/564/2465
f 990/515/2466 1115/516/2467 989/516/2468
f 1137/548/2469 989/540/2470 1115/540/2471
s 1
f 1072/599/2397 1056/466/2372 1073/38/2398
f 1072/599/2397 1059/488/2386 1033/37/2370
f 1070/10/2395 1061/555/2472 1059/488/2386
f 1064/491/2389 1061/555/2472 1120/525/2434
f 1056/466/2372 1074/69/2399 1073/38/2398
f 1005/565/2339 1126/566/2440 1128/565/2442
f 917/568/2334 1037/568/2374 1000/567/2337
f 990/569/2322 1129/570/2443 1114/569/2425
f 1142/546/2451 1013/27/284 1141/27/309
f 1092/25/307 1013/27/284 969/25/283
f 1031/571/2371 915/572/2279 912/571/2278
f 1091/19/301 969/25/283 970/19/2309
f 983/55/2317 1043/56/2377 925/56/2283
s 0
f 1163/39/2473 995/106/2474 1119/106/2475
s 1
f 1143/547/2452 1012/546/2347 1142/546/2451
f 1143/547/2452 1015/30/287 1014/547/2348
f 1109/573/2421 984/42/2316 1108/42/2420
f 1127/574/2441 1003/531/2338 1004/574/2343
f 1128/533/2442 1098/505/2411 992/521/2328
f 912/576/2278 1057/575/2385 1031/576/2371
f 772/23/342 1164/475/2476 771/68/2154
f 1167/71/2477 1166/476/2478 1168/477/2479
f 1170/47/2480 1172/5/330 1171/478/2481
f 1175/37/2482 1173/8/2483 1195/467/2484
f 1178/29/349 1176/61/2485 1179/479/2486
f 1184/480/2487 1186/481/2488 1185/482/384
f 793/44/2172 1188/483/2489 792/484/2490
f 796/485/2173 1182/2/327 1180/1/326
f 1193/41/2491 1191/46/2492 1194/486/2493
f 1175/37/2482 1197/20/339 1174/487/2494
f 1195/467/2484 1173/8/2483 1196/9/2495
f 1198/488/2496 1199/489/2497 1197/20/339
f 1201/490/2498 1203/491/2499 1202/492/2500
f 797/86/332 1206/493/2501 1205/66/344
f 1207/12/2502 1206/493/2501 1208/10/2503
f 1209/598/2504 1208/10/2503 1210/599/2505
f 1209/598/2504 1211/38/2506 1164/475/2476
f 771/68/2154 1211/38/2506 1212/69/2507
f 1190/4/329 1213/494/2508 1202/492/2500
f 1214/495/2509 788/32/2170 798/496/2510
f 1168/477/2479 1216/497/2511 1167/71/2477
f 1217/498/2512 1164/475/2476 1165/22/341
f 1207/12/2502 1217/498/2512 1218/499/2513
f 1205/66/344 1218/499/2513 1219/14/333
f 1221/21/340 1223/500/2514 1222/26/346
f 1225/25/345 1221/21/340 1222/26/346
f 1223/500/2514 1226/501/2515 1227/502/2516
f 1227/502/2516 1176/61/2485 1177/28/348
f 1230/503/2517 1228/504/2518 1231/505/2519
f 1229/72/2520 1232/506/2521 790/507/2522
f 777/508/2523 1186/481/2488 1183/509/2524
f 1233/42/382 1193/41/2491 1234/43/2525
f 1237/512/2526 1235/513/2527 1214/495/2509
f 1238/514/2528 1214/495/2509 798/496/2510
f 1239/515/2529 1166/476/2478 1240/516/2530
f 1183/509/2524 1241/517/2531 745/518/2126
f 1183/509/2524 746/519/2125 777/508/2523
f 1216/497/2511 1215/520/2532 1242/521/2533
f 1243/522/2534 800/18/337 1244/106/2535
f 1204/523/2536 795/524/2174 1245/525/2537
f 1220/526/2538 1197/20/339 1199/489/2497
f 1220/526/2538 1201/490/2498 1226/501/2515
f 1226/501/2515 1246/59/2539 1176/61/2485
f 1179/479/2486 1246/59/2539 1342/527/2540
f 1201/490/2498 1213/494/2508 1246/59/2539
f 1192/528/2541 1248/601/2542 1191/46/2492
f 1181/3/328 1245/525/2537 1180/1/326
f 1180/1/326 795/524/2174 796/485/2173
f 1169/6/331 1248/601/2542 1213/494/2508
f 1247/124/2543 1213/494/2508 1248/601/2542
f 1342/527/2540 1247/124/2543 1249/530/381
f 1232/506/2521 1250/531/2544 1251/532/2545
f 1230/503/2517 1252/533/2546 1250/531/2544
f 1233/42/382 1247/124/2543 1192/528/2541
f 1168/477/2479 1253/534/2547 1215/520/2532
f 790/507/2522 1167/71/2477 1229/72/2520
f 1182/2/327 1171/478/2481 1172/5/330
f 1172/5/330 1181/3/328 1182/2/327
f 1186/481/2488 1251/532/2545 1185/482/384
f 1184/480/2487 1236/537/2548 1237/512/2526
f 1181/3/328 1202/492/2500 1203/491/2499
f 1167/71/2477 1228/504/2518 1229/72/2520
f 1186/481/2488 790/507/2522 1232/506/2521
f 1193/41/2491 1236/537/2548 1234/43/2525
f 1238/514/2528 1184/480/2487 1237/512/2526
f 1235/513/2527 787/31/2171 1214/495/2509
f 690/578/225 793/579/2172 792/578/2490
f 1188/483/2489 791/542/2549 792/484/2490
f 1194/486/2493 1170/47/2480 1171/478/2481
f 1193/41/2491 1254/543/2550 1235/513/2527
f 1248/601/2542 1170/47/2480 1191/46/2492
f 1187/16/335 1255/544/2551 1188/483/2489
f 786/35/2168 1165/22/341 781/24/343
f 786/35/2168 1218/499/2513 1217/498/2512
f 774/36/2158 1219/14/333 1218/499/2513
f 1257/546/2552 1222/26/346 1223/500/2514
f 1257/546/2552 1227/502/2516 1258/547/2553
f 1258/547/2553 1177/28/348 1259/30/350
f 1240/540/2554 1188/483/2555 1255/548/2556
s 0
f 714/587/2557 1260/588/2558 802/588/2559
s 1
f 787/589/2171 776/543/2160 719/589/2112
f 1189/590/2560 692/590/2155 776/591/2160
f 745/518/2126 1241/517/2531 1238/514/2528
f 797/86/332 708/593/2145 1204/593/2536
f 1204/523/2536 761/524/2148 795/524/2174
f 741/63/223 777/62/2523 740/62/2124
f 692/559/2155 796/485/2173 693/485/2095
f 724/13/202 775/15/334 725/15/203
f 1210/599/2505 1195/467/2484 1211/38/2506
f 1210/599/2505 1198/488/2496 1175/37/2482
f 1208/10/2503 1200/555/2561 1198/488/2496
f 1203/491/2499 1200/555/2561 1245/525/2537
f 1195/467/2484 1212/69/2507 1211/38/2506
f 1130/23/373 1262/475/2562 1263/22/371
f 1266/71/366 1264/476/2563 1149/542/2457
f 1268/5/361 1270/47/370 1269/478/2564
f 1273/37/2565 1271/8/2566 1274/487/2567
f 1277/29/379 1275/61/2568 1278/28/377
f 1283/481/2569 1285/480/2570 1284/482/385
f 1287/483/2571 1153/44/316 1148/484/2458
f 1280/2/358 1154/485/2459 1279/1/356
f 1292/41/2572 1290/46/369 1293/528/2573
f 1294/474/2574 1271/8/2566 1272/77/2575
f 1273/37/2565 1296/20/2576 1297/488/2577
f 1297/488/2577 1298/489/2578 1299/555/2579
f 1300/491/2580 1302/490/2581 1301/492/2582
f 1304/493/2583 1156/34/2460 1305/66/2584
f 1131/68/2444 1308/38/2585 1262/475/2562
f 1304/493/2583 1305/66/2584 1306/602/2586
f 1307/603/2587 1262/475/2562 1308/38/2585
f 1310/494/2588 1289/4/359 1301/492/2582
f 1311/495/2589 1146/32/314 1147/31/2590
f 1324/87/365 1265/477/2591 1266/71/366
f 1313/498/2592 1262/475/2562 1307/603/2587
f 1313/498/2592 1306/602/2586 1314/499/2593
f 1314/499/2593 1305/66/2584 1315/14/364
f 1317/500/2594 1319/21/2595 1318/26/376
f 1320/25/374 1319/21/2595 1321/19/2596
f 1317/500/2594 1322/501/2597 1316/526/2598
f 1323/502/2599 1275/61/2568 1322/501/2597
f 1326/503/2600 1324/87/365 1327/72/367
f 1328/506/2601 1327/72/367 1150/507/2456
f 1136/508/2446 1283/481/2569 1151/558/2602
f 1292/41/2572 1330/42/380 1329/43/383
f 1332/512/2603 1331/513/2604 1333/537/2605
f 1334/514/2606 1311/495/2589 1332/512/2603
f 1264/476/2563 1336/515/2607 1335/516/2608
f 1282/509/2609 1337/517/2610 1285/480/2570
f 1104/519/2419 1282/509/2609 1136/508/2446
f 1312/520/2611 1325/505/2612 1242/521/2533
f 1286/16/2613 1152/17/299 1153/44/316
f 1339/522/2614 1161/18/2615 1286/16/2613
f 1304/493/2583 1340/525/2616 1303/523/2617
f 1296/20/2576 1321/19/2596 1319/21/2595
f 1316/526/2598 1296/20/2576 1319/21/2595
f 1302/490/2581 1316/526/2598 1322/501/2597
f 1341/59/2618 1322/501/2597 1275/61/2568
f 1276/479/2619 1341/59/2618 1275/61/2568
f 1310/494/2588 1302/490/2581 1341/59/2618
f 1344/88/368 1293/528/2573 1290/46/369
f 1340/525/2616 1281/3/357 1279/1/356
f 1155/524/2620 1279/1/356 1154/485/2459
f 1344/88/368 1267/6/360 1310/494/2588
f 1310/494/2588 1343/124/2621 1344/88/368
f 1342/527/2540 1343/124/2621 1341/59/2618
f 1328/506/2601 1345/531/2622 1326/503/2600
f 1326/503/2600 1347/533/2623 1325/505/2612
f 1330/42/380 1343/124/2621 1249/530/381
f 1348/534/2624 1265/477/2591 1312/520/2611
f 1266/71/366 1150/507/2456 1327/72/367
f 1280/2/358 1269/478/2564 1288/559/2625
f 1268/5/361 1281/3/357 1289/4/359
f 1346/532/2626 1283/481/2569 1284/482/385
f 1285/480/2570 1333/537/2605 1284/482/385
f 1301/492/2582 1281/3/357 1300/491/2580
f 1283/481/2569 1150/507/2456 1151/558/2602
f 1333/537/2605 1292/41/2572 1329/43/383
f 1285/480/2570 1334/514/2606 1332/512/2603
f 1147/31/2590 1331/513/2604 1311/495/2589
f 1047/578/2379 1153/579/316 1046/579/317
f 1287/483/2571 1149/542/2457 1264/476/2563
f 1291/486/2627 1270/47/370 1290/46/369
f 1349/543/2628 1292/41/2572 1331/513/2604
f 1350/544/2629 1286/16/2613 1287/483/2571
f 1263/22/371 1145/35/319 1140/24/372
f 1145/35/319 1314/499/2593 1133/36/320
f 1133/36/320 1315/14/364 1132/15/363
f 1157/13/362 1305/66/2584 1156/34/2460
f 1351/546/2630 1318/26/376 1352/27/375
f 1323/502/2599 1351/546/2630 1353/547/2631
f 1278/28/377 1353/547/2631 1354/30/378
f 1287/483/2632 1335/540/2633 1350/548/2634
s 0
f 1162/588/2635 1309/587/2636 1074/587/2637
s 1
f 1135/543/2448 1147/589/2590 1077/589/313
f 1288/590/2625 1269/596/2564 1291/597/2627
f 1106/554/2418 1158/496/2461 1334/514/2606
s 0
f 1309/80/2638 1022/81/2639 1074/80/2640
s 1
f 1156/592/2460 1065/593/2432 1066/592/2391
f 1303/523/2617 1121/524/2433 1065/523/2432
f 1101/63/2641 1136/62/2446 1151/63/2602
f 1049/559/2642 1154/485/2459 1288/559/2625
f 1086/15/297 1157/13/362 1085/13/295
f 1179/51/2486 1277/52/379 1178/52/349
f 1224/560/338 1274/561/2567 1174/561/2494
f 1277/52/379 1259/562/350 1178/52/349
f 1348/534/2624 1242/521/2533 1253/534/2547
s 0
f 1243/83/2643 1350/82/2644 1255/82/2645
f 1243/564/2646 1338/563/2647 1339/564/2648
f 1239/515/2649 1335/516/2650 1336/515/2651
f 1350/548/2652 1240/540/2653 1255/548/2654
s 1
f 1272/77/2575 1307/603/2587 1308/38/2585
f 1307/603/2587 1297/488/2577 1306/602/2586
f 1306/602/2586 1299/555/2579 1304/493/2583
f 1300/491/2580 1299/555/2579 1298/489/2578
f 1294/474/2574 1272/77/2575 1308/38/2585
f 1356/39/2655 1161/18/2615 1338/106/2656
f 1345/566/2622 1252/565/2546 1347/565/2623
f 1342/567/2540 1276/568/2619 1179/568/2486
f 1348/570/2624 1239/569/2529 1336/569/2607
f 1256/27/347 1351/546/2630 1352/27/375
f 1225/25/345 1352/27/375 1320/25/374
f 1271/571/2566 1174/572/2494 1274/572/2567
f 1224/19/338 1320/25/374 1321/19/2596
s 0
f 1244/106/2657 1356/39/2658 1338/106/2659
s 1
f 1258/547/2553 1351/546/2630 1257/546/2552
f 1353/547/2631 1259/30/350 1354/30/378
f 1233/42/382 1329/573/383 1330/42/380
f 1346/574/2626 1250/531/2544 1345/531/2622
f 1252/533/2546 1231/505/2519 1242/521/2533
f 1196/575/2495 1271/576/2566 1295/575/2660
f 1360/23/406 1358/475/2661 1361/22/404
f 1364/71/399 1362/476/2662 1365/542/2663
f 1367/5/391 1369/47/403 1368/478/2664
f 1372/37/2665 1370/8/2666 1373/487/2667
f 1376/29/412 1374/61/2668 1377/28/410
f 1382/481/2669 1384/480/2670 1383/482/2671
f 1386/483/2672 1388/44/2673 1387/484/415
f 1379/2/388 1390/485/2674 1378/1/386
f 1394/41/395 1392/46/402 1395/528/2675
f 1370/8/2666 1396/463/2676 1397/9/2677
f 1372/37/2665 1398/20/2678 1399/488/2679
f 1399/488/2679 1400/489/2680 1401/555/2681
f 1402/491/2682 1404/490/2683 1403/492/2684
f 1406/493/2685 1408/34/2686 1407/66/2687
f 1359/68/2688 1411/38/2689 1358/475/2661
f 1406/493/2685 1407/66/2687 1409/604/2690
f 1410/605/2691 1358/475/2661 1411/38/2689
f 1413/494/2692 1391/4/389 1403/492/2684
f 1416/495/2693 1414/32/2694 1417/31/2695
f 1432/89/398 1363/477/2696 1364/71/399
f 1419/498/2697 1358/475/2661 1410/605/2691
f 1419/498/2697 1409/604/2690 1420/499/2698
f 1420/499/2698 1407/66/2687 1421/14/394
f 1425/500/2699 1427/21/2700 1426/26/409
f 1428/25/407 1427/21/2700 1429/19/2701
f 1425/500/2699 1430/501/2702 1424/526/2703
f 1431/502/2704 1374/61/2668 1430/501/2702
f 1434/503/2705 1432/89/398 1435/72/400
f 1436/506/2706 1435/72/400 1437/507/414
f 1438/508/2707 1382/481/2669 1439/558/413
f 1444/510/2708 1443/511/2709 1442/511/2710
f 1448/512/2711 1447/513/2712 1449/537/2713
f 1450/514/2714 1416/495/2693 1448/512/2711
f 1362/476/2662 1452/515/2715 1451/516/2716
f 1381/509/2717 1453/517/2718 1384/480/2670
f 1440/519/2719 1381/509/2717 1438/508/2707
f 1418/520/2720 1433/505/2721 1357/521/1841
f 1385/16/2722 1454/17/416 1388/44/2673
f 1457/522/2723 1455/18/417 1385/16/2722
f 1406/493/2685 1459/525/2724 1405/523/2725
f 1398/20/2678 1429/19/2701 1427/21/2700
f 1424/526/2703 1398/20/2678 1427/21/2700
f 1404/490/2683 1424/526/2703 1430/501/2702
f 1460/59/2726 1430/501/2702 1374/61/2668
f 1375/479/2727 1460/59/2726 1374/61/2668
f 1413/494/2692 1404/490/2683 1460/59/2726
f 1462/90/401 1395/528/2675 1392/46/402
f 1459/525/2724 1380/3/387 1378/1/386
f 1458/524/2728 1378/1/386 1390/485/2674
f 1462/90/401 1366/6/390 1413/494/2692
f 1413/494/2692 1461/124/2729 1462/90/401
f 1463/530/2730 1460/59/2726 384/527/1851
f 1436/506/2706 1464/531/2731 1434/503/2705
f 1434/503/2705 1466/533/2732 1433/505/2721
f 1463/530/2730 1395/528/2675 1461/124/2729
f 1467/534/2733 1363/477/2696 1418/520/2720
f 1359/535/2688 1469/536/470 1468/535/2734
f 1364/71/399 1437/507/414 1435/72/400
f 1379/2/388 1368/478/2664 1389/559/2735
f 1367/5/391 1380/3/387 1391/4/389
f 1465/532/2736 1382/481/2669 1383/482/2671
f 1449/537/2713 1384/480/2670 1448/512/2711
f 1403/492/2684 1380/3/387 1402/491/2682
f 1471/538/2737 1423/539/393 1472/539/465
f 1382/481/2669 1437/507/414 1439/558/413
f 1449/537/2713 1394/41/395 1445/43/397
f 1384/480/2670 1450/514/2714 1448/512/2711
f 1417/31/2695 1447/513/2712 1416/495/2693
f 1438/540/2707 1444/541/2708 1440/541/2719
f 1386/483/2672 1365/542/2663 1362/476/2662
f 1393/486/2738 1369/47/403 1392/46/402
f 1473/543/2739 1394/41/395 1447/513/2712
f 1475/544/2740 1385/16/2722 1386/483/2672
f 1361/22/404 1477/35/2741 1476/24/405
f 1477/35/2741 1420/499/2698 1470/36/2742
f 1470/36/2742 1421/14/394 1423/15/393
f 1469/536/470 1476/545/405 1478/545/471
f 1422/13/392 1407/66/2687 1408/34/2686
f 1479/546/2743 1426/26/409 1480/27/408
f 1431/502/2704 1479/546/2743 1481/547/2744
f 1377/28/410 1481/547/2744 1482/30/411
f 1386/483/2745 1451/540/2746 1475/548/2747
f 1476/550/405 1483/549/2748 1478/550/471
f 1442/554/2710 1415/496/2749 1450/514/2714
f 1417/31/2695 1485/32/2750 1484/31/2751
f 1388/44/2673 1491/17/2752 1490/44/2753
f 1458/552/2728 1493/553/2754 1492/552/2755
f 1494/13/463 1408/34/2686 1495/34/2756
f 1414/32/2694 1442/554/2710 1485/32/2750
f 1477/35/2741 1471/36/2737 1483/35/2748
f 1375/51/2727 315/52/110 381/51/101
f 359/560/97 1373/561/2667 311/561/1804
f 368/54/1832 1463/606/2730 384/607/1851
f 315/52/110 1482/562/411 394/562/111
f 1467/534/2733 1357/521/1841 388/534/1855
s 0
f 390/82/2757 1457/83/2758 1475/82/2759
s 1
f 1371/77/2760 1410/605/2691 1411/38/2689
f 1410/605/2691 1399/488/2679 1409/604/2690
f 1409/604/2690 1401/555/2681 1406/493/2685
f 1402/491/2682 1401/555/2681 1400/489/2680
f 1371/77/2760 1412/69/2761 1396/463/2676
f 1501/39/2762 1455/18/417 1456/106/2763
f 1504/23/439 1502/91/425 1505/22/437
f 1508/71/2764 1506/476/2765 1509/542/2766
f 1511/5/424 1513/47/436 1512/478/2767
f 1516/37/2768 1514/8/2769 1517/487/2770
f 1520/29/446 1518/61/2771 1521/28/444
f 1526/481/2772 1528/480/2773 1527/482/2774
f 1530/483/2775 1532/44/2776 1531/484/449
f 1523/2/421 1534/485/2777 1522/1/419
f 1538/41/431 1536/46/435 1539/528/2778
f 1540/463/2779 1514/8/2769 1515/77/452
f 1516/37/2768 1542/20/2780 1543/488/2781
f 1543/488/2781 1544/489/2782 1545/555/2783
f 1546/491/2784 1548/490/2785 1547/492/2786
f 1550/493/2787 1564/92/428 1551/66/440
f 1555/494/2788 1535/4/422 1547/492/2786
f 1550/493/2787 1551/66/440 1552/608/2789
f 1558/495/2790 1556/32/2791 1559/31/2792
f 1574/609/2793 1507/477/2794 1508/71/2764
f 1561/498/2795 1502/91/425 1553/94/453
f 1561/498/2795 1552/608/2789 1562/499/2796
f 1562/499/2796 1551/66/440 1563/14/430
f 1567/500/2797 1569/21/2798 1568/26/443
f 1570/25/441 1569/21/2798 1571/19/2799
f 1567/500/2797 1572/501/2800 1566/526/2801
f 1573/502/2802 1518/61/2771 1572/501/2800
f 1576/503/2803 1574/609/2793 1577/72/2804
f 1578/506/2805 1577/72/2804 1579/507/448
f 1580/508/2806 1526/481/2772 1581/558/447
f 1586/510/2807 1585/511/2808 1584/511/2809
f 1590/512/2810 1589/513/2811 1591/537/2812
f 1592/514/2813 1558/495/2790 1590/512/2810
f 1506/476/2765 1594/515/2814 1593/516/2815
f 1525/509/2816 1595/517/2817 1528/480/2773
f 1582/519/2818 1525/509/2816 1580/508/2806
f 1560/520/2819 1575/505/2820 1596/521/2821
f 1529/16/2822 1597/17/2823 1532/44/2776
f 1600/522/2824 1598/18/2825 1529/16/2822
f 1550/493/2787 1602/525/2826 1549/523/2827
f 1542/20/2780 1571/19/2799 1569/21/2798
f 1566/526/2801 1542/20/2780 1569/21/2798
f 1548/490/2785 1566/526/2801 1572/501/2800
f 1603/59/2828 1572/501/2800 1518/61/2771
f 1519/479/2829 1603/59/2828 1518/61/2771
f 1555/494/2788 1548/490/2785 1603/59/2828
f 1606/93/434 1539/528/2778 1536/46/435
f 1602/525/2826 1524/3/420 1522/1/419
f 1601/524/2830 1522/1/419 1534/485/2777
f 1606/93/434 1510/6/423 1555/494/2788
f 1555/494/2788 1605/124/2831 1606/93/434
f 1604/527/2832 1605/124/2831 1603/59/2828
f 1578/506/2805 1607/531/2833 1576/503/2803
f 1576/503/2803 1609/533/2834 1575/505/2820
f 1588/42/432 1605/124/2831 1729/530/481
f 1610/534/2835 1507/477/2794 1560/520/2819
f 1611/535/2836 1504/536/439 1612/536/585
f 1508/71/2764 1579/507/448 1577/72/2804
f 1523/2/421 1512/478/2767 1533/559/2837
f 1511/5/424 1524/3/420 1535/4/422
f 1608/532/2838 1526/481/2772 1527/482/2774
f 1528/480/2773 1591/537/2812 1527/482/2774
f 1547/492/2786 1524/3/420 1546/491/2784
f 1614/538/2839 1565/539/429 1615/539/577
f 1574/609/2793 1508/71/2764 1577/72/2804
f 1526/481/2772 1579/507/448 1581/558/447
f 1591/537/2812 1538/41/431 1587/43/433
f 1528/480/2773 1592/514/2813 1590/512/2810
f 1559/31/2792 1589/513/2811 1558/495/2790
f 1580/540/2806 1586/541/2807 1582/541/2818
f 1530/483/2775 1509/542/2766 1506/476/2765
f 1537/486/2840 1513/47/436 1536/46/435
f 1616/543/2841 1538/41/431 1589/513/2811
f 1618/544/2842 1529/16/2822 1530/483/2775
f 1505/22/437 1620/35/2843 1619/24/438
f 1620/35/2843 1562/499/2796 1613/36/2844
f 1613/36/2844 1563/14/430 1565/15/429
f 1612/536/585 1619/545/438 1621/545/586
f 1622/546/2845 1568/26/443 1623/27/442
f 1573/502/2802 1622/546/2845 1624/547/2846
f 1521/28/444 1624/547/2846 1625/30/445
f 1530/483/2847 1593/540/2848 1618/548/2849
f 1626/549/2850 1619/550/438 1620/549/2843
f 1584/554/2809 1557/496/2851 1592/514/2813
f 1559/31/2792 1628/32/2852 1627/31/2853
f 1532/44/2776 1634/17/579 1633/44/2854
f 1601/552/2830 1636/553/2855 1635/552/2856
f 1556/32/2791 1584/554/2809 1628/32/2852
f 1620/35/2843 1614/36/2839 1626/35/2850
f 1597/17/2823 1598/18/2825 1641/18/580
f 1553/94/453 1543/488/2781 1552/608/2789
f 1552/608/2789 1545/555/2783 1550/493/2787
f 1546/491/2784 1545/555/2783 1544/489/2782
f 1643/468/2857 1540/463/2779 1515/77/452
f 1644/39/2858 1598/18/2825 1599/106/2859
f 1469/23/470 1645/475/2860 1468/68/2734
f 1648/71/2861 1647/476/2862 1649/477/2863
f 1651/47/2864 1653/5/458 1652/478/2865
f 1656/37/2866 1654/8/2867 1657/77/2868
f 1660/29/476 1658/61/2869 1661/479/2870
f 1666/480/2871 1668/481/2872 1667/482/2873
f 1490/44/2753 1670/483/2874 1489/484/2875
f 1493/485/2754 1664/2/455 1662/1/454
f 1675/41/2876 1673/46/2877 1676/486/2878
f 1654/8/2867 1677/463/2879 1657/77/2868
f 1656/37/2866 1679/20/467 1655/487/2880
f 1680/488/2881 1681/489/2882 1679/20/467
f 1683/490/2883 1685/491/2884 1684/492/2885
f 1495/34/2756 1688/493/2886 1687/66/2887
f 1689/12/462 1688/493/2886 1690/10/460
f 1468/68/2734 1692/38/2888 1693/69/2889
f 1692/38/2888 1645/475/2860 1691/95/461
f 1672/4/457 1694/494/2890 1684/492/2885
f 1695/495/2891 1485/32/2750 1496/496/2892
f 1649/477/2863 1697/497/2893 1648/71/2861
f 1698/498/2894 1645/475/2860 1646/22/469
f 1691/95/461 1699/499/2895 1689/12/462
f 1687/66/2887 1699/499/2895 1700/14/464
f 1702/21/468 1704/500/2896 1703/26/473
f 1706/25/472 1702/21/468 1703/26/473
f 1704/500/2896 1707/501/2897 1708/502/2898
f 1708/502/2898 1658/61/2869 1659/28/475
f 1711/503/2899 1709/504/2900 1712/505/2901
f 1710/72/2902 1713/506/2903 1487/507/2904
f 1474/508/2905 1668/481/2872 1665/509/2906
f 1714/42/482 1675/41/2876 1715/43/2907
f 1718/512/2908 1716/513/2909 1695/495/2891
f 1719/514/2910 1695/495/2891 1496/496/2892
f 1720/515/2911 1647/476/2862 1721/516/2912
f 1665/509/2906 1722/517/2913 1443/518/2709
f 1665/509/2906 1444/519/2708 1474/508/2905
f 1596/521/2821 1712/505/2901 1697/497/2893
f 1669/16/2914 1491/17/2752 1498/18/418
f 1723/522/2915 1498/18/418 1724/106/2916
f 1686/523/2917 1492/524/2755 1725/525/2918
f 1701/526/2919 1679/20/467 1681/489/2882
f 1701/526/2919 1683/490/2883 1707/501/2897
f 1707/501/2897 1726/59/2920 1658/61/2869
f 1661/479/2870 1726/59/2920 1604/527/2832
f 1683/490/2883 1694/494/2890 1726/59/2920
f 1674/528/2921 1728/610/2922 1673/46/2877
f 1663/3/456 1725/525/2918 1662/1/454
f 1662/1/454 1492/524/2755 1493/485/2754
f 1650/6/459 1728/610/2922 1694/494/2890
f 1727/124/2923 1694/494/2890 1728/610/2922
f 1604/527/2832 1727/124/2923 1729/530/481
f 1713/506/2903 1730/531/2924 1731/532/2925
f 1711/503/2899 1732/533/2926 1730/531/2924
f 1714/42/482 1727/124/2923 1674/528/2921
f 1649/477/2863 1733/534/2927 1696/520/2928
f 1487/507/2904 1648/71/2861 1710/72/2902
f 1664/2/455 1652/478/2865 1653/5/458
f 1653/5/458 1663/3/456 1664/2/455
f 1668/481/2872 1731/532/2925 1667/482/2873
f 1666/480/2871 1717/537/2929 1718/512/2908
f 1663/3/456 1684/492/2885 1685/491/2884
f 1648/71/2861 1709/504/2900 1710/72/2902
f 1668/481/2872 1487/507/2904 1713/506/2903
f 1675/41/2876 1717/537/2929 1715/43/2907
f 1719/514/2910 1666/480/2871 1718/512/2908
f 1716/513/2909 1484/31/2751 1695/495/2891
f 1388/579/2673 1489/578/2875 1387/578/415
f 1670/483/2874 1488/542/2930 1489/484/2875
f 1676/486/2878 1651/47/2864 1652/478/2865
f 1675/41/2876 1734/543/2931 1716/513/2909
f 1728/610/2922 1651/47/2864 1673/46/2877
f 1669/16/2914 1735/544/2932 1670/483/2874
f 1483/35/2748 1646/22/469 1478/24/471
f 1483/35/2748 1699/499/2895 1698/498/2894
f 1471/36/2737 1700/14/464 1699/499/2895
f 1687/66/2887 1494/13/463 1495/34/2756
f 1737/546/2933 1703/26/473 1704/500/2896
f 1737/546/2933 1708/502/2898 1738/547/2934
f 1738/547/2934 1659/28/475 1739/30/477
f 1721/540/2935 1670/483/2936 1735/548/2937
s 0
f 1740/588/2938 1412/587/2939 1693/587/2940
s 1
f 1417/589/2695 1734/543/2931 1473/543/2739
f 1671/590/2941 1389/590/2735 1473/591/2739
f 1443/518/2709 1722/517/2913 1719/514/2910
f 1495/592/2756 1405/593/2725 1686/593/2917
f 1686/523/2917 1458/524/2728 1492/524/2755
f 1486/63/2942 1438/62/2707 1439/63/413
f 1671/559/2941 1390/485/2674 1389/559/2735
f 1494/13/463 1423/15/393 1422/13/392
f 1660/52/476 1519/51/2829 1520/52/446
f 1705/560/466 1517/561/2770 1655/561/2880
f 1739/562/477 1520/52/446 1625/562/445
f 1610/534/2835 1560/520/2819 1596/521/2821
s 0
f 1724/563/2943 1600/564/2944 1723/564/2945
f 1594/515/2946 1721/516/2947 1593/516/2948
f 1735/548/2949 1593/540/2950 1721/540/2951
s 1
f 1656/37/2866 1692/38/2888 1691/95/461
f 1691/95/461 1680/488/2881 1656/37/2866
f 1690/10/460 1682/555/2952 1680/488/2881
f 1685/491/2884 1682/555/2952 1725/525/2918
f 1693/69/2889 1657/77/2868 1740/468/2953
f 1609/565/2834 1730/566/2924 1732/565/2926
f 1519/568/2829 1661/568/2870 1604/567/2832
f 1594/569/2814 1733/570/2927 1720/569/2911
f 1737/546/2933 1623/27/442 1736/27/474
f 1736/27/474 1570/25/441 1706/25/472
f 1655/572/2880 1514/571/2769 1654/571/2867
f 1706/25/472 1571/19/2799 1705/19/466
s 0
f 1741/39/2954 1599/106/2955 1724/106/2956
s 1
f 1667/56/2873 1527/56/2774 1715/55/2907
f 1738/547/2934 1622/546/2845 1737/546/2933
f 1738/547/2934 1625/30/445 1624/547/2846
f 1715/573/2907 1588/42/432 1714/42/482
f 1731/574/2925 1607/531/2833 1608/574/2838
f 1732/533/2926 1712/505/2901 1596/521/2821
f 1514/576/2769 1678/575/2957 1654/576/2867
f 1744/23/511 1742/96/494 1745/22/509
f 1748/71/504 1746/476/2958 1749/542/2959
f 1751/5/493 1753/47/508 1752/478/2960
f 1756/37/2961 1754/8/2962 1757/487/2963
f 1760/29/517 1758/61/2964 1761/28/515
f 1766/481/2965 1768/480/2966 1767/482/2967
f 1770/483/2968 1772/44/2969 1771/484/520
f 1763/2/490 1774/485/2970 1762/1/488
f 1778/41/500 1776/46/507 1779/528/2971
f 1780/463/2972 1754/8/2962 1755/77/521
f 1756/37/2961 1782/20/2973 1783/488/2974
f 1783/488/2974 1784/489/2975 1785/555/2976
f 1786/491/2977 1788/490/2978 1787/492/2979
f 1790/493/2980 1792/34/2981 1791/66/2982
f 1796/494/2983 1775/4/491 1787/492/2979
f 1790/493/2980 1791/66/2982 1793/611/2984
f 1799/495/2985 1797/32/2986 1800/31/2987
f 1815/97/503 1747/477/2988 1748/71/504
f 1802/498/2989 1742/96/494 1794/99/522
f 1802/498/2989 1793/611/2984 1803/499/2990
f 1803/499/2990 1791/66/2982 1804/14/499
f 1808/500/2991 1810/21/2992 1809/26/514
f 1811/25/512 1810/21/2992 1812/19/2993
f 1808/500/2991 1813/501/2994 1807/526/2995
f 1814/502/2996 1758/61/2964 1813/501/2994
f 1817/503/2997 1815/97/503 1818/72/505
f 1819/506/2998 1818/72/505 1820/507/519
f 1821/508/2999 1766/481/2965 1822/558/518
f 1827/510/3000 1826/511/3001 1825/511/3002
f 1831/512/3003 1830/513/3004 1832/537/3005
f 1833/514/3006 1799/495/2985 1831/512/3003
f 1746/476/2958 1835/515/3007 1834/516/3008
f 1765/509/3009 1836/517/3010 1768/480/2966
f 1823/519/3011 1765/509/3009 1821/508/2999
f 1801/520/3012 1816/505/3013 1837/521/3014
f 1769/16/3015 1838/17/3016 1772/44/2969
f 1841/522/3017 1839/18/3018 1769/16/3015
f 1790/493/2980 1843/525/3019 1789/523/3020
f 1782/20/2973 1812/19/2993 1810/21/2992
f 1807/526/2995 1782/20/2973 1810/21/2992
f 1788/490/2978 1807/526/2995 1813/501/2994
f 1844/59/3021 1813/501/2994 1758/61/2964
f 1759/479/3022 1844/59/3021 1758/61/2964
f 1796/494/2983 1788/490/2978 1844/59/3021
f 1847/98/506 1779/528/2971 1776/46/507
f 1843/525/3019 1764/3/489 1762/1/488
f 1842/524/3023 1762/1/488 1774/485/2970
f 1847/98/506 1750/6/492 1796/494/2983
f 1796/494/2983 1846/124/3024 1847/98/506
f 1845/527/3025 1846/124/3024 1844/59/3021
f 1819/506/2998 1848/531/3026 1817/503/2997
f 1817/503/2997 1850/533/3027 1816/505/3013
f 1829/42/501 1846/124/3024 1991/530/560
f 1851/534/3028 1747/477/2988 1801/520/3012
f 1743/535/495 1853/536/790 1852/535/3029
f 1748/71/504 1820/507/519 1818/72/505
f 1763/2/490 1752/478/2960 1773/559/3030
f 1751/5/493 1764/3/489 1775/4/491
f 1849/532/3031 1766/481/2965 1767/482/2967
f 1768/480/2966 1832/537/3005 1767/482/2967
f 1787/492/2979 1764/3/489 1786/491/2977
f 1854/538/3032 1856/539/779 1855/538/3033
f 1766/481/2965 1820/507/519 1822/558/518
f 1832/537/3005 1778/41/500 1828/43/502
f 1768/480/2966 1833/514/3006 1831/512/3003
f 1800/31/2987 1830/513/3004 1799/495/2985
f 1821/540/2999 1827/541/3000 1823/541/3011
f 1770/483/2968 1749/542/2959 1746/476/2958
f 1777/486/3034 1753/47/508 1776/46/507
f 1857/543/3035 1778/41/500 1830/513/3004
f 1859/544/3036 1769/16/3015 1770/483/2968
f 1745/22/509 1861/35/3037 1860/24/510
f 1861/35/3037 1803/499/2990 1854/36/3032
f 1854/36/3032 1804/14/499 1806/15/498
f 1853/536/790 1860/545/510 1862/545/791
f 1805/13/497 1791/66/2982 1792/34/2981
f 1863/546/3038 1809/26/514 1864/27/513
f 1814/502/2996 1863/546/3038 1865/547/3039
f 1761/28/515 1865/547/3039 1866/30/516
f 1770/483/3040 1834/540/3041 1859/548/3042
f 1862/550/791 1861/549/3037 1867/549/3043
f 1825/554/3002 1798/496/3044 1833/514/3006
f 1800/31/2987 1869/32/3045 1868/31/3046
f 1772/44/2969 1875/17/781 1874/44/3047
f 1842/552/3023 1877/553/3048 1876/552/3049
f 1878/13/777 1792/34/2981 1879/34/3050
f 1797/32/2986 1825/554/3002 1869/32/3045
f 1861/35/3037 1855/36/3033 1867/35/3043
f 1839/18/3018 1881/114/3051 1882/18/782
f 1794/99/522 1783/488/2974 1793/611/2984
f 1793/611/2984 1785/555/2976 1790/493/2980
f 1786/491/2977 1785/555/2976 1784/489/2975
f 1884/468/3052 1780/463/2972 1755/77/521
f 1885/39/3053 1839/18/3018 1840/106/3054
f 1888/23/542 1886/475/3055 1889/68/3056
f 1892/71/3057 1890/476/3058 1893/477/3059
f 1895/47/3060 1897/5/527 1896/478/3061
f 1900/37/3062 1898/8/3063 1923/469/3064
f 1903/29/548 1901/61/3065 1904/479/3066
f 1909/480/3067 1911/481/3068 1910/482/3069
f 1913/44/554 1915/483/3070 1914/484/3071
f 1917/485/3072 1907/2/524 1905/1/523
f 1921/41/3073 1919/46/3074 1922/486/3075
f 1900/37/3062 1925/20/539 1899/487/3076
f 1923/469/3064 1898/8/3063 1924/9/3077
f 1926/488/3078 1927/489/3079 1925/20/539
f 1929/490/3080 1931/491/3081 1930/492/3082
f 1933/34/556 1935/493/3083 1934/66/3084
f 1936/12/531 1935/493/3083 1937/10/529
f 1889/68/3056 1939/38/3085 1940/69/3086
f 1939/38/3085 1886/475/3055 1938/100/530
f 1918/4/526 1941/494/3087 1930/492/3082
f 1944/495/3088 1942/32/552 1945/496/3089
f 1893/477/3059 1947/497/3090 1892/71/3057
f 1948/498/3091 1886/475/3055 1887/22/541
f 1938/100/530 1949/499/3092 1936/12/531
f 1934/66/3084 1949/499/3092 1950/14/533
f 1954/21/540 1956/500/3093 1955/26/545
f 1958/25/544 1954/21/540 1955/26/545
f 1956/500/3093 1959/501/3094 1960/502/3095
f 1960/502/3095 1901/61/3065 1902/28/547
f 1963/503/3096 1961/504/3097 1964/505/3098
f 1962/72/3099 1966/506/3100 1965/507/3101
f 1968/508/3102 1911/481/3068 1908/509/3103
f 1969/510/3104 1972/511/3105 1970/510/3106
f 1974/42/561 1921/41/3073 1975/43/3107
f 1978/512/3108 1976/513/3109 1944/495/3088
f 1979/514/3110 1944/495/3088 1945/496/3089
f 1980/515/3111 1890/476/3058 1981/516/3112
f 1908/509/3103 1982/517/3113 1973/518/3114
f 1908/509/3103 1969/519/3104 1968/508/3102
f 1947/497/3090 1946/520/3115 1837/521/3014
f 1984/522/3116 1983/18/537 1985/106/3117
f 1932/523/3118 1987/524/3119 1986/525/3120
f 1953/526/3121 1925/20/539 1927/489/3079
f 1953/526/3121 1929/490/3080 1959/501/3094
f 1959/501/3094 1988/59/3122 1901/61/3065
f 1904/479/3066 1988/59/3122 1845/527/3025
f 1929/490/3080 1941/494/3087 1988/59/3122
f 1920/528/3123 1990/612/3124 1919/46/3074
f 1906/3/525 1986/525/3120 1905/1/523
f 1905/1/523 1987/524/3119 1917/485/3072
f 1894/6/528 1990/612/3124 1941/494/3087
f 1989/124/3125 1941/494/3087 1990/612/3124
f 1845/527/3025 1989/124/3125 1991/530/560
f 1966/506/3100 1992/531/3126 1993/532/3127
f 1963/503/3096 1994/533/3128 1992/531/3126
f 1974/42/561 1989/124/3125 1920/528/3123
f 1893/477/3059 1995/534/3129 1946/520/3115
f 1996/536/617 1889/535/3056 1997/535/605
f 1965/507/3101 1892/71/3057 1962/72/3099
f 1907/2/524 1896/478/3061 1897/5/527
f 1897/5/527 1906/3/525 1907/2/524
f 1911/481/3068 1993/532/3127 1910/482/3069
f 1909/480/3067 1977/537/3130 1978/512/3108
f 1906/3/525 1930/492/3082 1931/491/3081
f 1892/71/3057 1961/504/3097 1962/72/3099
f 1998/539/607 2000/538/3131 1999/538/557
f 1911/481/3068 1965/507/3101 1966/506/3100
f 1921/41/3073 1977/537/3130 1975/43/3107
f 1979/514/3110 1909/480/3067 1978/512/3108
f 1976/513/3109 1943/31/550 1944/495/3088
f 1968/540/3102 1970/541/3106 2002/540/3132
f 1915/483/3070 1891/542/3133 1914/484/3071
f 1922/486/3075 1895/47/3060 1896/478/3061
f 1921/41/3073 2001/543/3134 1976/513/3109
f 1990/612/3124 1895/47/3060 1919/46/3074
f 1912/16/535 2003/544/3135 1915/483/3070
f 2004/35/558 1887/22/541 2005/24/543
f 2004/35/558 1949/499/3092 1948/498/3091
f 2000/36/3131 1950/14/533 1949/499/3092
f 2006/545/616 1888/536/542 1996/536/617
f 1934/66/3084 1951/13/532 1933/34/556
f 2008/546/3136 1955/26/545 1956/500/3093
f 2008/546/3136 1960/502/3095 2009/547/3137
f 2009/547/3137 1902/28/547 2010/30/549
f 1981/540/3138 1915/483/3139 2003/548/3140
f 2011/549/559 2005/550/543 2006/550/616
f 1973/518/3114 1982/517/3113 1979/514/3110
f 2016/49/3141 2015/551/3142 2014/50/3143
f 1987/552/3119 2020/553/3144 1917/553/3072
f 2012/32/551 2023/496/3145 1972/554/3105
f 1983/18/537 2026/18/3146 2024/114/566
f 1903/52/548 1759/51/3022 1760/52/517
f 1957/560/538 1757/561/2963 1899/561/3076
f 2010/562/549 1760/52/517 1866/562/516
f 1851/534/3028 1801/520/3012 1837/521/3014
s 0
f 1841/564/3147 1985/563/3148 1840/563/3149
f 1835/515/3150 1981/516/3151 1834/516/3152
f 1834/540/3153 2003/548/3154 1859/548/3155
s 1
f 1900/37/3062 1939/38/3085 1938/100/530
f 1938/100/530 1926/488/3078 1900/37/3062
f 1937/10/529 1928/555/3156 1926/488/3078
f 1931/491/3081 1928/555/3156 1986/525/3120
f 1923/469/3064 1940/69/3086 1939/38/3085
f 1992/566/3126 1850/565/3027 1848/566/3026
f 1759/568/3022 1904/568/3066 1845/567/3025
f 1835/569/3007 1995/570/3129 1980/569/3111
f 2007/27/546 1863/546/3038 1864/27/513
f 1958/25/544 1864/27/513 1811/25/512
f 1898/571/3063 1757/572/2963 1754/571/2962
f 1958/25/544 1812/19/2993 1957/19/538
s 0
f 2028/39/3157 1840/106/3158 1985/106/3159
s 1
f 1767/56/2967 1975/55/3107 1910/56/3069
f 1865/547/3039 2008/546/3136 2009/547/3137
f 2010/30/549 1865/547/3039 2009/547/3137
f 1975/573/3107 1829/42/501 1974/42/561
f 1993/574/3127 1848/531/3026 1849/574/3031
f 1994/533/3128 1964/505/3098 1837/521/3014
f 1898/576/3063 1781/575/3160 1924/575/3077
f 1612/23/585 2029/475/3161 1611/68/2836
f 2032/71/3162 2031/476/3163 2033/477/3164
f 2035/47/3165 2037/5/571 2036/478/3166
f 2040/37/3167 2038/8/3168 2060/470/3169
f 2043/29/591 2041/61/3170 2044/479/3171
f 2049/480/3172 2051/481/3173 2050/482/3174
f 1633/44/2854 2053/483/3175 1632/484/3176
f 1636/485/2855 2047/2/568 2045/1/567
f 2058/41/3177 2056/46/3178 2059/486/3179
f 2040/37/3167 2062/20/582 2039/487/3180
f 2060/470/3169 2038/8/3168 2061/9/3181
f 2063/488/3182 2064/489/3183 2062/20/582
f 2066/490/3184 2068/491/3185 2067/492/3186
f 1638/34/450 2071/493/3187 2070/66/3188
f 2072/12/575 2071/493/3187 2073/10/573
f 1611/68/2836 2075/38/3189 2076/69/3190
f 2075/38/3189 2029/475/3161 2074/102/574
f 2055/4/570 2077/494/3191 2067/492/3186
f 2078/495/3192 1628/32/2852 1639/496/3193
f 2033/477/3164 2080/497/3194 2032/71/3162
f 2081/498/3195 2029/475/3161 2030/22/584
f 2074/102/574 2082/499/3196 2072/12/575
f 2070/66/3188 2082/499/3196 2083/14/576
f 2085/21/583 2087/500/3197 2086/26/588
f 2089/25/587 2085/21/583 2086/26/588
f 2087/500/3197 2090/501/3198 2091/502/3199
f 2091/502/3199 2041/61/3170 2042/28/590
f 2094/503/3200 2092/504/3201 2095/505/3202
f 2093/72/3203 2096/506/3204 1630/507/3205
f 1617/508/3206 2051/481/3173 2048/509/3207
f 2097/42/626 2058/41/3177 2098/43/3208
f 2101/512/3209 2099/513/3210 2078/495/3192
f 2102/514/3211 2078/495/3192 1639/496/3193
f 2103/515/3212 2031/476/3163 2104/516/3213
f 2048/509/3207 2105/517/3214 1585/518/2808
f 2048/509/3207 1586/519/2807 1617/508/3206
f 2080/497/3194 2079/520/3215 2106/521/3216
f 2107/522/3217 1641/18/580 2108/106/3218
f 2069/523/3219 1635/524/2856 2109/525/3220
f 2084/526/3221 2062/20/582 2064/489/3183
f 2084/526/3221 2066/490/3184 2090/501/3198
f 2090/501/3198 2110/59/3222 2041/61/3170
f 2044/479/3171 2110/59/3222 2205/527/3223
f 2066/490/3184 2077/494/3191 2110/59/3222
f 2057/528/3224 2112/613/3225 2056/46/3178
f 2046/3/569 2109/525/3220 2045/1/567
f 2045/1/567 1635/524/2856 1636/485/2855
f 2034/6/572 2112/613/3225 2077/494/3191
f 2111/124/3226 2077/494/3191 2112/613/3225
f 2205/527/3223 2111/124/3226 2113/530/625
f 2096/506/3204 2114/531/3227 2115/532/3228
f 2094/503/3200 2116/533/3229 2114/531/3227
f 2097/42/626 2111/124/3226 2057/528/3224
f 2033/477/3164 2117/534/3230 2079/520/3215
f 1630/507/3205 2032/71/3162 2093/72/3203
f 2047/2/568 2036/478/3166 2037/5/571
f 2037/5/571 2046/3/569 2047/2/568
f 2051/481/3173 2115/532/3228 2050/482/3174
f 2049/480/3172 2100/537/3231 2101/512/3209
f 2046/3/569 2067/492/3186 2068/491/3185
f 2032/71/3162 2092/504/3201 2093/72/3203
f 2051/481/3173 1630/507/3205 2096/506/3204
f 2058/41/3177 2100/537/3231 2098/43/3208
f 2102/514/3211 2049/480/3172 2101/512/3209
f 2099/513/3210 1627/31/2853 2078/495/3192
f 1531/578/449 1633/579/2854 1632/578/3176
f 2053/483/3175 1631/542/3232 1632/484/3176
f 2059/486/3179 2035/47/3165 2036/478/3166
f 2058/41/3177 2118/543/3233 2099/513/3210
f 2112/613/3225 2035/47/3165 2056/46/3178
f 2052/16/578 2119/544/3234 2053/483/3175
f 1626/35/2850 2030/22/584 1621/24/586
f 1626/35/2850 2082/499/3196 2081/498/3195
f 1614/36/2839 2083/14/576 2082/499/3196
f 2070/66/3188 1637/13/451 1638/34/450
f 2121/546/3235 2086/26/588 2087/500/3197
f 2121/546/3235 2091/502/3199 2122/547/3236
f 2122/547/3236 2042/28/590 2123/30/592
f 2104/540/3237 2053/483/3238 2119/548/3239
s 0
f 2076/587/3240 1643/588/3241 1554/587/3242
s 1
f 1627/589/2853 1616/543/2841 1559/589/2792
f 2054/590/3243 1533/590/2837 1616/591/2841
f 1585/518/2808 2105/517/3214 2102/514/3211
f 2069/593/3219 1564/92/428 1549/593/2827
f 2069/523/3219 1601/524/2830 1635/524/2856
f 1581/63/447 1617/62/3206 1580/62/2806
f 1533/559/2837 1636/485/2855 1534/485/2777
f 1637/13/451 1565/15/429 1564/92/428
f 2040/37/3167 2075/38/3189 2074/102/574
f 2074/102/574 2063/488/3182 2040/37/3167
f 2073/10/573 2065/555/3244 2063/488/3182
f 2068/491/3185 2065/555/3244 2109/525/3220
f 2060/470/3169 2076/69/3190 2075/38/3189
f 1996/23/617 2126/103/604 2127/22/615
f 2130/71/610 2128/476/3245 2015/542/3142
f 2132/5/603 2134/47/614 2133/478/3246
f 2137/37/3247 2135/8/3248 2138/487/3249
f 2141/29/624 2139/61/3250 2142/28/622
f 2147/481/3251 2149/480/3252 2148/482/3253
f 2151/483/3254 2019/44/553 2014/484/3143
f 2144/2/600 2020/485/3144 2143/1/598
f 2156/41/3255 2154/46/613 2157/528/3256
f 2158/463/3257 2135/8/3248 2136/77/3258
f 2137/37/3247 2160/20/3259 2161/488/3260
f 2161/488/3260 2162/489/3261 2163/555/3262
f 2164/491/3263 2166/490/3264 2165/492/3265
f 2168/493/3266 2022/101/555 2169/66/618
f 2173/494/3267 2153/4/601 2165/492/3265
f 2168/493/3266 2169/66/618 2170/614/3268
f 2174/495/3269 2012/32/551 2013/31/3270
f 2187/104/609 2129/477/3271 2130/71/610
f 2176/498/3272 2126/103/604 2171/615/3273
f 2176/498/3272 2170/614/3268 2177/499/3274
f 2177/499/3274 2169/66/618 2178/14/608
f 2180/500/3275 2182/21/3276 2181/26/621
f 2183/25/619 2182/21/3276 2184/19/3277
f 2180/500/3275 2185/501/3278 2179/526/3279
f 2186/502/3280 2139/61/3250 2185/501/3278
f 2189/503/3281 2187/104/609 2190/72/611
f 2191/506/3282 2190/72/611 2016/507/3141
f 2002/508/3132 2147/481/3251 2017/558/3283
f 2156/41/3255 2193/42/627 2192/43/3284
f 2195/512/3285 2194/513/3286 2196/537/3287
f 2197/514/3288 2174/495/3269 2195/512/3285
f 2128/476/3245 2199/515/3289 2198/516/3290
f 2146/509/3291 2200/517/3292 2149/480/3252
f 1970/519/3106 2146/509/3291 2002/508/3132
f 2175/520/3293 2188/505/3294 2106/521/3216
f 2150/16/3295 2018/17/536 2019/44/553
f 2202/522/3296 2026/18/3146 2150/16/3295
f 2168/493/3266 2203/525/3297 2167/523/3298
f 2160/20/3259 2184/19/3277 2182/21/3276
f 2179/526/3279 2160/20/3259 2182/21/3276
f 2166/490/3264 2179/526/3279 2185/501/3278
f 2204/59/3299 2185/501/3278 2139/61/3250
f 2140/479/3300 2204/59/3299 2139/61/3250
f 2173/494/3267 2166/490/3264 2204/59/3299
f 2207/105/612 2157/528/3256 2154/46/613
f 2203/525/3297 2145/3/599 2143/1/598
f 2021/524/3301 2143/1/598 2020/485/3144
f 2207/105/612 2131/6/602 2173/494/3267
f 2173/494/3267 2206/124/3302 2207/105/612
f 2205/527/3223 2206/124/3302 2204/59/3299
f 2191/506/3282 2208/531/3303 2189/503/3281
f 2189/503/3281 2210/533/3304 2188/505/3294
f 2193/42/627 2206/124/3302 2113/530/625
f 2211/534/3305 2129/477/3271 2175/520/3293
f 2130/71/610 2016/507/3141 2190/72/611
f 2144/2/600 2133/478/3246 2152/559/3306
f 2132/5/603 2145/3/599 2153/4/601
f 2209/532/3307 2147/481/3251 2148/482/3253
f 2149/480/3252 2196/537/3287 2148/482/3253
f 2165/492/3265 2145/3/599 2164/491/3263
f 2147/481/3251 2016/507/3141 2017/558/3283
f 2196/537/3287 2156/41/3255 2192/43/3284
f 2149/480/3252 2197/514/3288 2195/512/3285
f 2013/31/3270 2194/513/3286 2174/495/3269
f 2014/578/3143 1913/579/554 1914/578/3071
f 2151/483/3254 2015/542/3142 2128/476/3245
f 2155/486/3308 2134/47/614 2154/46/613
f 2212/543/3309 2156/41/3255 2194/513/3286
f 2213/544/3310 2150/16/3295 2151/483/3254
f 2127/22/615 2011/35/559 2006/24/616
f 2011/35/559 2177/499/3274 1999/36/557
f 1999/36/557 2178/14/608 1998/15/607
f 2214/546/3311 2181/26/621 2215/27/620
f 2186/502/3280 2214/546/3311 2216/547/3312
f 2142/28/622 2216/547/3312 2217/30/623
f 2151/483/3313 2198/540/3314 2213/548/3315
s 0
f 1940/587/3316 2218/588/3317 2172/587/3318
s 1
f 1943/589/550 2212/543/3309 2013/589/3270
f 2152/590/3306 2133/596/3246 2155/597/3308
f 1972/554/3105 2023/496/3145 2197/514/3288
s 0
f 2172/80/3319 1889/81/3320 1940/80/3321
s 1
f 2022/101/555 1932/593/3118 1933/592/556
f 2167/523/3298 1987/524/3119 1932/523/3118
f 1968/62/3102 2017/63/3283 1967/63/3322
f 1917/485/3072 2152/559/3306 1916/559/3323
f 1951/13/532 1998/15/607 2022/101/555
f 2044/51/3171 2141/52/624 2043/52/591
f 2039/561/3180 2184/560/3277 2138/561/3249
f 2043/52/591 2217/562/623 2123/562/592
f 2211/534/3305 2106/521/3216 2117/534/3230
s 0
f 2107/83/3324 2213/82/3325 2119/82/3326
f 2201/563/3327 2107/564/3328 2108/563/3329
f 2103/515/3330 2198/516/3331 2199/515/3332
f 2213/548/3333 2104/540/3334 2119/548/3335
s 1
f 2136/77/3258 2171/615/3273 2126/103/604
f 2171/615/3273 2161/488/3260 2170/614/3268
f 2170/614/3268 2163/555/3262 2168/493/3266
f 2164/491/3263 2163/555/3262 2162/489/3261
f 2218/468/3336 2158/463/3257 2136/77/3258
f 2219/39/3337 2026/18/3146 2201/106/3338
f 2116/565/3229 2208/566/3303 2114/566/3227
f 2205/567/3223 2140/568/3300 2044/568/3171
f 2103/569/3212 2211/570/3305 2117/570/3230
f 2120/27/589 2214/546/3311 2215/27/620
f 2183/25/619 2120/27/589 2215/27/620
f 2038/571/3168 2138/572/3249 2135/571/3248
f 2184/19/3277 2089/25/587 2183/25/619
f 2192/55/3284 2050/56/3174 2148/56/3253
f 2122/547/3236 2214/546/3311 2121/546/3235
f 2216/547/3312 2123/30/592 2217/30/623
f 2097/42/626 2192/573/3284 2193/42/627
f 2209/574/3307 2114/531/3227 2208/531/3303
f 2116/533/3229 2095/505/3202 2106/521/3216
f 2061/575/3181 2135/576/3248 2159/575/3339
f 2222/23/648 2220/475/3340 2223/22/646
f 2226/71/641 2224/476/3341 2227/542/1964
f 2229/5/636 2231/47/645 2230/478/3342
f 2234/37/3343 2232/8/3344 2235/487/3345
f 2238/29/654 2236/61/3346 2239/28/652
f 2244/481/3347 2246/480/3348 2245/482/3349
f 2248/483/3350 2250/44/3351 2249/484/1965
f 2241/2/633 2252/485/1967 2240/1/631
f 2256/41/3352 2254/46/644 2257/528/3353
f 2232/8/3344 2258/463/3354 2259/9/3355
f 2234/37/3343 2260/20/3356 2261/488/3357
f 2261/488/3357 2262/489/3358 2263/555/3359
f 2264/491/3360 2266/490/3361 2265/492/3362
f 2268/493/3363 2270/34/1968 2269/66/3364
f 2221/68/1951 2273/38/3365 2220/475/3340
f 2268/493/3363 2269/66/3364 2271/616/3366
f 2272/617/3367 2220/475/3340 2273/38/3365
f 2275/494/3368 2253/4/634 2265/492/3362
f 2278/495/3369 2276/32/145 2279/31/3370
f 2294/107/640 2225/477/3371 2226/71/641
f 2281/498/3372 2220/475/3340 2272/617/3367
f 2281/498/3372 2271/616/3366 2282/499/3373
f 2282/499/3373 2269/66/3364 2283/14/639
f 2287/500/3374 2289/21/3375 2288/26/651
f 2290/25/649 2289/21/3375 2291/19/3376
f 2287/500/3374 2292/501/3377 2286/526/3378
f 2293/502/3379 2236/61/3346 2292/501/3377
f 2296/503/3380 2294/107/640 2297/72/642
f 2298/506/3381 2297/72/642 2299/507/1963
f 2300/508/1953 2244/481/3347 2301/558/3382
f 2256/41/3352 2305/42/690 2304/43/3383
f 2307/512/3384 2306/513/3385 2308/537/3386
f 2309/514/3387 2278/495/3369 2307/512/3384
f 2224/476/3341 2311/515/3388 2310/516/3389
f 2243/509/3390 2312/517/3391 2246/480/3348
f 2302/519/1926 2243/509/3390 2300/508/1953
f 2280/520/3392 2295/505/3393 2313/521/3394
f 2247/16/3395 2314/17/1966 2250/44/3351
f 2317/522/3396 2315/18/1970 2247/16/3395
f 2268/493/3363 2319/525/3397 2267/523/3398
f 2260/20/3356 2291/19/3376 2289/21/3375
f 2286/526/3378 2260/20/3356 2289/21/3375
f 2266/490/3361 2286/526/3378 2292/501/3377
f 2320/59/3399 2292/501/3377 2236/61/3346
f 2237/479/3400 2320/59/3399 2236/61/3346
f 2275/494/3368 2266/490/3361 2320/59/3399
f 2323/108/643 2257/528/3353 2254/46/644
f 2319/525/3397 2242/3/632 2240/1/631
f 2318/524/3401 2240/1/631 2252/485/1967
f 2323/108/643 2228/6/635 2275/494/3368
f 2275/494/3368 2322/124/3402 2323/108/643
f 2321/527/3403 2322/124/3402 2320/59/3399
f 2298/506/3381 2324/531/3404 2296/503/3380
f 2296/503/3380 2326/533/3405 2295/505/3393
f 2305/42/690 2322/124/3402 2445/530/691
f 2327/534/3406 2225/477/3371 2280/520/3392
f 2226/71/641 2299/507/1963 2297/72/642
f 2241/2/633 2230/478/3342 2251/559/3407
f 2229/5/636 2242/3/632 2253/4/634
f 2325/532/3408 2244/481/3347 2245/482/3349
f 2246/480/3348 2308/537/3386 2245/482/3349
f 2265/492/3362 2242/3/632 2264/491/3360
f 2244/481/3347 2299/507/1963 2301/558/3382
f 2308/537/3386 2256/41/3352 2304/43/3383
f 2246/480/3348 2309/514/3387 2307/512/3384
f 2279/31/3370 2306/513/3385 2278/495/3369
f 425/578/1893 2250/579/3351 424/579/1891
f 2248/483/3350 2227/542/1964 2224/476/3341
f 2255/486/3409 2231/47/645 2254/46/644
f 2329/543/3410 2256/41/3352 2306/513/3385
f 2330/544/3411 2247/16/3395 2248/483/3350
f 2223/22/646 2332/35/1962 2331/24/647
f 2332/35/1962 2282/499/3373 2328/36/148
f 2328/36/148 2283/14/639 2285/15/638
f 2284/13/637 2269/66/3364 2270/34/1968
f 2333/546/3412 2288/26/651 2334/27/650
f 2293/502/3379 2333/546/3412 2335/547/3413
f 2239/28/652 2335/547/3413 2336/30/653
f 2248/483/3414 2310/540/3415 2330/548/3416
s 0
f 451/587/3417 2337/588/3418 2274/587/3419
s 1
f 507/543/1955 2279/589/3370 454/589/144
f 2251/590/3407 2230/596/3342 2255/597/3409
f 480/554/1925 2277/496/1969 2309/514/3387
s 0
f 400/81/3420 2274/80/3421 2221/81/3422
s 1
f 444/65/125 2267/593/3398 443/593/1938
f 2267/523/3398 497/524/1939 443/523/1938
f 477/63/3423 2300/62/1953 2301/63/3382
f 427/559/3424 2252/485/1967 2251/559/3407
f 462/15/127 2284/13/637 444/65/125
f 2233/77/3425 2272/617/3367 2273/38/3365
f 2272/617/3367 2261/488/3357 2271/616/3366
f 2271/616/3366 2263/555/3359 2268/493/3363
f 2264/491/3360 2263/555/3359 2262/489/3358
f 2337/468/3426 2258/463/3354 2233/77/3425
f 2339/39/3427 2315/18/1970 2316/106/3428
f 2342/23/674 2340/475/3429 2343/68/3430
f 2346/71/3431 2344/476/3432 2347/477/3433
f 2349/47/3434 2351/5/659 2350/478/3435
f 2354/37/3436 2352/8/3437 2377/471/3438
f 2357/29/680 2355/61/3439 2358/479/3440
f 2363/480/3441 2365/481/3442 2364/482/3443
f 2367/44/686 2369/483/3444 2368/484/3445
f 2371/485/3446 2361/2/656 2359/1/655
f 2375/41/3447 2373/46/3448 2376/486/3449
f 2354/37/3436 2379/20/671 2353/487/3450
f 2377/471/3438 2352/8/3437 2378/9/3451
f 2380/488/3452 2381/489/3453 2379/20/671
f 2383/490/3454 2385/491/3455 2384/492/3456
f 2387/34/3457 2389/493/3458 2388/66/3459
f 2390/12/663 2389/493/3458 2391/10/661
f 2343/68/3430 2393/38/3460 2394/69/3461
f 2393/38/3460 2340/475/3429 2392/109/662
f 2372/4/658 2395/494/3462 2384/492/3456
f 2398/495/3463 2396/32/684 2399/496/3464
f 2347/477/3433 2401/497/3465 2346/71/3431
f 2402/498/3466 2340/475/3429 2341/22/673
f 2392/109/662 2403/499/3467 2390/12/663
f 2388/66/3459 2403/499/3467 2404/14/665
f 2408/21/672 2410/500/3468 2409/26/677
f 2412/25/676 2408/21/672 2409/26/677
f 2410/500/3468 2413/501/3469 2414/502/3470
f 2414/502/3470 2355/61/3439 2356/28/679
f 2417/503/3471 2415/504/3472 2418/505/3473
f 2416/72/3474 2420/506/3475 2419/507/3476
f 2422/508/3477 2365/481/3442 2362/509/3478
f 2423/510/3479 2426/511/3480 2424/510/3481
f 2428/42/692 2375/41/3447 2429/43/3482
f 2432/512/3483 2430/513/3484 2398/495/3463
f 2433/514/3485 2398/495/3463 2399/496/3464
f 2434/515/3486 2344/476/3432 2435/516/3487
f 2362/509/3478 2436/517/3488 2427/518/3489
f 2362/509/3478 2423/519/3479 2422/508/3477
f 2401/497/3465 2400/520/3490 2313/521/3394
f 2438/522/3491 2437/18/669 2439/106/3492
f 2386/523/3493 2441/524/3494 2440/525/3495
f 2407/526/3496 2379/20/671 2381/489/3453
f 2407/526/3496 2383/490/3454 2413/501/3469
f 2413/501/3469 2442/59/3497 2355/61/3439
f 2358/479/3440 2442/59/3497 2321/527/3403
f 2383/490/3454 2395/494/3462 2442/59/3497
f 2374/528/3498 2444/618/3499 2373/46/3448
f 2360/3/657 2440/525/3495 2359/1/655
f 2359/1/655 2441/524/3494 2371/485/3446
f 2348/6/660 2444/618/3499 2395/494/3462
f 2443/124/3500 2395/494/3462 2444/618/3499
f 2321/527/3403 2443/124/3500 2445/530/691
f 2420/506/3475 2446/531/3501 2447/532/3502
f 2417/503/3471 2448/533/3503 2446/531/3501
f 2428/42/692 2443/124/3500 2374/528/3498
f 2347/477/3433 2449/534/3504 2400/520/3490
f 2342/536/674 2451/535/747 2450/536/758
f 2419/507/3476 2346/71/3431 2416/72/3474
f 2361/2/656 2350/478/3435 2351/5/659
f 2351/5/659 2360/3/657 2361/2/656
f 2365/481/3442 2447/532/3502 2364/482/3443
f 2431/537/3505 2363/480/3441 2364/482/3443
f 2360/3/657 2384/492/3456 2385/491/3455
f 2346/71/3431 2415/504/3472 2416/72/3474
f 2452/539/750 2454/538/689 2453/538/688
f 2365/481/3442 2419/507/3476 2420/506/3475
f 2375/41/3447 2431/537/3505 2429/43/3482
f 2433/514/3485 2363/480/3441 2432/512/3483
f 2430/513/3484 2397/31/682 2398/495/3463
f 2422/540/3477 2424/541/3481 2456/540/3506
f 2369/483/3444 2345/542/3507 2368/484/3445
f 2376/486/3449 2349/47/3434 2350/478/3435
f 2375/41/3447 2455/543/3508 2430/513/3484
f 2444/618/3499 2349/47/3434 2373/46/3448
f 2366/16/667 2457/544/3509 2369/483/3444
f 2458/35/687 2341/22/673 2459/24/675
f 2458/35/687 2403/499/3467 2402/498/3466
f 2454/36/689 2404/14/665 2403/499/3467
f 2460/545/757 2342/536/674 2450/536/758
f 2388/66/3459 2405/13/664 2387/34/3457
f 2462/546/3510 2409/26/677 2410/500/3468
f 2462/546/3510 2414/502/3470 2463/547/3511
f 2463/547/3511 2356/28/679 2464/30/681
f 2435/540/3512 2369/483/3513 2457/548/3514
f 2458/549/687 2460/550/757 2465/549/3515
f 2427/518/3489 2436/517/3488 2433/514/3485
f 2470/49/3516 2469/551/3517 2468/50/3518
f 2441/552/3494 2474/553/3519 2371/553/3446
f 2405/13/664 2476/34/3520 2387/34/3457
f 2466/32/683 2478/496/3521 2426/554/3480
f 2480/114/3522 2479/114/697 2437/18/669
f 2357/52/680 2237/51/3400 2238/52/654
f 2411/560/670 2235/561/3345 2353/561/3450
f 2357/52/680 2336/562/653 2464/562/681
f 2327/534/3406 2280/520/3392 2313/521/3394
s 0
f 2439/563/3523 2317/564/3524 2438/564/3525
f 2435/516/3526 2311/515/3527 2434/515/3528
f 2457/548/3529 2310/540/3530 2435/540/3531
s 1
f 2354/37/3436 2393/38/3460 2392/109/662
f 2392/109/662 2380/488/3452 2354/37/3436
f 2391/10/661 2382/555/3532 2380/488/3452
f 2385/491/3455 2382/555/3532 2440/525/3495
f 2377/471/3438 2394/69/3461 2393/38/3460
f 2326/565/3405 2446/566/3501 2448/565/3503
f 2237/568/3400 2358/568/3440 2321/567/3403
f 2311/569/3388 2449/570/3504 2434/569/3486
f 2461/27/678 2333/546/3412 2334/27/650
f 2461/27/678 2290/25/649 2412/25/676
f 2352/571/3437 2235/572/3345 2232/571/3344
f 2290/25/649 2411/19/670 2412/25/676
s 0
f 2483/39/3533 2316/106/3534 2439/106/3535
s 1
f 2364/56/3443 2245/56/3349 2429/55/3482
f 2463/547/3511 2333/546/3412 2462/546/3510
f 2464/30/681 2335/547/3413 2463/547/3511
f 2429/573/3482 2305/42/690 2428/42/692
f 2324/531/3404 2447/574/3502 2446/531/3501
f 2448/533/3503 2418/505/3473 2313/521/3394
f 2352/576/3437 2259/575/3355 2378/575/3451
f 2486/23/720 2484/475/3536 2487/68/3537
f 2490/71/3538 2488/476/3539 2491/477/3540
f 2493/47/3541 2495/5/702 2494/478/3542
f 2498/37/3543 2496/8/705 2521/111/704
f 2501/29/726 2499/61/3544 2502/479/3545
f 2507/480/3546 2509/481/3547 2508/482/3548
f 2511/44/3549 2513/483/3550 2512/484/3551
f 2515/485/3552 2505/2/699 2503/1/698
f 2519/41/3553 2517/46/3554 2520/486/3555
f 2498/37/3543 2523/20/717 2497/487/3556
f 2524/488/3557 2525/489/1578 2523/20/717
f 2527/490/3558 2529/491/3559 2528/492/3560
f 2531/34/732 2533/493/3561 2532/66/3562
f 2534/12/709 2533/493/3561 2535/10/707
f 2487/68/3537 2537/38/3563 2538/69/3564
f 2537/38/3563 2484/475/3536 2536/112/708
f 2516/4/701 2539/494/3565 2528/492/3560
f 2542/495/3566 2540/32/730 2543/496/3567
f 2491/477/3540 2545/497/3568 2490/71/3538
f 2546/498/3569 2484/475/3536 2485/22/719
f 2536/112/708 2547/499/3570 2534/12/709
f 2532/66/3562 2547/499/3570 2548/14/711
f 2552/21/718 2554/500/3571 2553/26/723
f 2556/25/722 2552/21/718 2553/26/723
f 2554/500/3571 2557/501/3572 2558/502/3573
f 2558/502/3573 2499/61/3544 2500/28/725
f 2561/503/3574 2559/504/3575 2562/505/3576
f 2560/72/3577 2564/506/3578 2563/507/3579
f 2566/508/3580 2509/481/3547 2506/509/3581
f 2567/510/3582 2570/511/3583 2568/510/3584
f 2572/42/766 2519/41/3553 2573/43/3585
f 2576/512/3586 2574/513/3587 2542/495/3566
f 2577/514/3588 2542/495/3566 2543/496/3567
f 2578/515/3589 2488/476/3539 2579/516/3590
f 2506/509/3581 2580/517/3591 2571/518/3592
f 2506/509/3581 2567/519/3582 2566/508/3580
f 2545/497/3568 2544/520/3593 2581/521/3594
f 2584/522/3595 2583/18/715 2585/106/3596
f 2530/523/3597 2587/524/3598 2586/525/3599
f 2551/526/3600 2523/20/717 2525/489/1578
f 2551/526/3600 2527/490/3558 2557/501/3572
f 2557/501/3572 2588/59/3601 2499/61/3544
f 2502/479/3545 2588/59/3601 2709/527/3602
f 2527/490/3558 2539/494/3565 2588/59/3601
f 2518/528/3603 2590/619/3604 2517/46/3554
f 2504/3/700 2586/525/3599 2503/1/698
f 2503/1/698 2587/524/3598 2515/485/3552
f 2492/6/703 2590/619/3604 2539/494/3565
f 2589/124/3605 2539/494/3565 2590/619/3604
f 2709/527/3602 2589/124/3605 2591/530/765
f 2564/506/3578 2592/531/3606 2593/532/3607
f 2561/503/3574 2594/533/3608 2592/531/3606
f 2572/42/766 2589/124/3605 2518/528/3603
f 2491/477/3540 2595/534/3609 2544/520/3593
f 2486/536/720 2597/535/3610 2596/536/856
f 2563/507/3579 2490/71/3538 2560/72/3577
f 2505/2/699 2494/478/3542 2495/5/702
f 2495/5/702 2504/3/700 2505/2/699
f 2509/481/3547 2593/532/3607 2508/482/3548
f 2507/480/3546 2575/537/3611 2576/512/3586
f 2504/3/700 2528/492/3560 2529/491/3559
f 2490/71/3538 2559/504/3575 2560/72/3577
f 2550/539/712 2599/538/734 2598/539/846
f 2509/481/3547 2563/507/3579 2564/506/3578
f 2519/41/3553 2575/537/3611 2573/43/3585
f 2577/514/3588 2507/480/3546 2576/512/3586
f 2574/513/3587 2541/31/728 2542/495/3566
f 2566/540/3580 2568/541/3584 2602/540/3612
f 2513/483/3550 2489/542/3613 2512/484/3551
f 2520/486/3555 2493/47/3541 2494/478/3542
f 2519/41/3553 2601/543/3614 2574/513/3587
f 2590/619/3604 2493/47/3541 2517/46/3554
f 2510/16/713 2603/544/3615 2513/483/3550
f 2604/35/733 2485/22/719 2605/24/721
f 2604/35/733 2547/499/3570 2546/498/3569
f 2600/36/735 2548/14/711 2547/499/3570
f 2606/545/855 2486/536/720 2596/536/856
f 2532/66/3562 2549/13/710 2531/34/732
f 2608/546/3616 2553/26/723 2554/500/3571
f 2608/546/3616 2558/502/3573 2609/547/3617
f 2609/547/3617 2500/28/725 2610/30/727
f 2579/540/3618 2513/483/3619 2603/548/3620
f 2611/549/3621 2605/550/721 2606/550/855
f 2571/518/3592 2580/517/3591 2577/514/3588
f 2616/49/3622 2615/551/3623 2614/50/3624
f 2582/17/714 2619/44/3625 2618/17/3626
f 2587/552/3598 2620/553/3627 2515/553/3552
f 2612/32/729 2623/496/3628 2570/554/3583
f 2498/37/3543 2537/38/3563 2536/112/708
f 2536/112/708 2524/488/3557 2498/37/3543
f 2535/10/707 2526/555/3629 2524/488/3557
f 2529/491/3559 2526/555/3629 2586/525/3599
f 2521/111/704 2538/69/3564 2537/38/3563
f 2450/23/758 2629/115/746 2630/22/756
f 2633/71/3630 2631/476/3631 2469/542/3517
f 2635/5/745 2637/47/755 2636/478/3632
f 2640/37/3633 2638/8/3634 2641/487/3635
f 2644/29/764 2642/61/3636 2645/28/762
f 2650/481/3637 2652/480/3638 2651/482/3639
f 2654/483/3640 2473/44/685 2468/484/3518
f 2647/2/742 2474/485/3519 2646/1/740
f 2659/41/3641 2657/46/754 2660/528/3642
f 2661/463/3643 2638/8/3634 2639/77/3644
f 2640/37/3633 2663/20/3645 2664/488/3646
f 2664/488/3646 2665/489/3647 2666/555/3648
f 2667/491/3649 2669/490/3650 2668/492/3651
f 2671/493/3652 2476/34/3520 2672/66/3653
f 2676/494/3654 2656/4/743 2668/492/3651
f 2671/493/3652 2672/66/3653 2673/620/3655
f 2677/495/3656 2466/32/683 2467/31/3657
f 2679/497/3658 2632/477/3659 2633/71/3630
f 2680/498/3660 2629/115/746 2674/621/3661
f 2680/498/3660 2673/620/3655 2681/499/3662
f 2681/499/3662 2672/66/3653 2682/14/751
f 2684/500/3663 2686/21/3664 2685/26/761
f 2687/25/759 2686/21/3664 2688/19/3665
f 2684/500/3663 2689/501/3666 2683/526/3667
f 2690/502/3668 2642/61/3636 2689/501/3666
f 2693/503/3669 2691/504/3670 2694/72/3671
f 2695/506/3672 2694/72/3671 2470/507/3516
f 2456/508/3506 2650/481/3637 2471/558/3673
f 2659/41/3641 2697/42/767 2696/43/3674
f 2699/512/3675 2698/513/3676 2700/537/3677
f 2701/514/3678 2677/495/3656 2699/512/3675
f 2631/476/3631 2703/515/3679 2702/516/3680
f 2649/509/3681 2704/517/3682 2652/480/3638
f 2424/519/3481 2649/509/3681 2456/508/3506
f 2581/521/3594 2678/520/3683 2679/497/3658
f 2706/522/3684 2481/18/3685 2653/16/752
f 2671/493/3652 2707/525/3686 2670/523/3687
f 2663/20/3645 2688/19/3665 2686/21/3664
f 2683/526/3667 2663/20/3645 2686/21/3664
f 2669/490/3650 2683/526/3667 2689/501/3666
f 2708/59/3688 2689/501/3666 2642/61/3636
f 2643/479/3689 2708/59/3688 2642/61/3636
f 2676/494/3654 2669/490/3650 2708/59/3688
f 2711/116/753 2660/528/3642 2657/46/754
f 2707/525/3686 2648/3/741 2646/1/740
f 2475/524/3690 2646/1/740 2474/485/3519
f 2711/116/753 2634/6/744 2676/494/3654
f 2676/494/3654 2710/124/3691 2711/116/753
f 2709/527/3602 2710/124/3691 2708/59/3688
f 2695/506/3672 2712/531/3692 2693/503/3669
f 2693/503/3669 2714/533/3693 2692/505/3694
f 2697/42/767 2710/124/3691 2591/530/765
f 2715/534/3695 2632/477/3659 2678/520/3683
f 2633/71/3630 2470/507/3516 2694/72/3671
f 2647/2/742 2636/478/3632 2655/559/3696
f 2635/5/745 2648/3/741 2656/4/743
f 2713/532/3697 2650/481/3637 2651/482/3639
f 2652/480/3638 2700/537/3677 2651/482/3639
f 2668/492/3651 2648/3/741 2667/491/3649
f 2633/71/3630 2691/504/3670 2679/497/3658
f 2650/481/3637 2470/507/3516 2471/558/3673
f 2700/537/3677 2659/41/3641 2696/43/3674
f 2652/480/3638 2701/514/3678 2699/512/3675
f 2467/31/3657 2698/513/3676 2677/495/3656
f 2473/579/685 2368/578/3445 2468/578/3518
f 2654/483/3640 2469/542/3517 2631/476/3631
f 2658/486/3698 2637/47/755 2657/46/754
f 2716/543/3699 2659/41/3641 2698/513/3676
f 2717/544/3700 2653/16/752 2654/483/3640
f 2630/22/756 2465/35/3515 2460/24/757
f 2465/35/3515 2681/499/3662 2453/36/688
f 2453/36/688 2682/14/751 2452/15/750
f 2477/13/749 2672/66/3653 2476/34/3520
f 2718/546/3701 2685/26/761 2719/27/760
f 2690/502/3668 2718/546/3701 2720/547/3702
f 2645/28/762 2720/547/3702 2721/30/763
f 2654/483/3703 2702/540/3704 2717/548/3705
s 0
f 2722/588/3706 2394/587/3707 2482/588/3708
s 1
f 2716/543/3699 2397/589/682 2455/543/3508
f 2655/590/3696 2636/596/3632 2658/597/3698
f 2426/554/3480 2478/496/3521 2701/514/3678
s 0
f 2675/80/3709 2343/81/3710 2394/80/3711
s 1
f 2476/592/3520 2386/593/3493 2387/592/3457
f 2670/523/3687 2441/524/3494 2386/523/3493
f 2422/62/3477 2471/63/3673 2421/63/3712
f 2474/485/3519 2370/559/3713 2371/485/3446
f 2405/13/664 2452/15/750 2477/13/749
f 2502/51/3545 2644/52/764 2501/52/726
f 2688/560/3665 2497/561/3556 2555/560/716
f 2644/52/764 2610/562/727 2501/52/726
f 2715/534/3695 2581/521/3594 2595/534/3609
s 0
f 2584/83/3714 2717/82/3715 2603/82/3716
f 2705/563/3717 2584/564/3718 2585/563/3719
f 2578/515/3720 2702/516/3721 2703/515/3722
f 2717/548/3723 2579/540/3724 2603/548/3725
s 1
f 2639/77/3644 2674/621/3661 2629/115/746
f 2674/621/3661 2664/488/3646 2673/620/3655
f 2673/620/3655 2666/555/3648 2671/493/3652
f 2667/491/3649 2666/555/3648 2665/489/3647
f 2722/468/3726 2661/463/3643 2639/77/3644
f 2723/39/3727 2481/18/3685 2705/106/3728
f 2594/565/3608 2712/566/3692 2592/566/3606
f 2709/567/3602 2643/568/3689 2502/568/3545
f 2578/569/3589 2715/570/3695 2595/570/3609
f 2607/27/724 2718/546/3701 2719/27/760
f 2556/25/722 2719/27/760 2687/25/759
f 2496/571/705 2641/572/3635 2638/571/3634
f 2688/19/3665 2556/25/722 2687/25/759
f 2696/55/3674 2508/56/3548 2651/56/3639
f 2608/546/3616 2720/547/3702 2718/546/3701
f 2609/547/3617 2721/30/763 2720/547/3702
f 2572/42/766 2696/573/3674 2697/42/767
f 2713/574/3697 2592/531/3606 2712/531/3692
f 2594/533/3608 2562/505/3576 2581/521/3594
f 2522/575/706 2638/576/3634 2662/575/3729
f 1853/23/790 2724/475/3730 1852/68/3029
f 2727/71/3731 2726/476/3732 2728/477/3733
f 2730/47/3734 2732/5/775 2731/478/3735
f 2735/37/3736 2733/8/3737 2754/472/3738
f 2738/29/796 2736/61/788 2806/117/787
f 2743/480/3739 2745/481/3740 2744/482/838
f 1874/44/3047 2747/483/3741 1873/484/3742
f 1877/485/3048 2741/2/772 2739/1/771
f 2752/41/3743 2750/46/3744 2753/486/3745
f 2735/37/3736 2756/20/784 2734/487/3746
f 2754/472/3738 2733/8/3737 2755/9/3747
f 2757/488/3748 2758/489/3749 2756/20/784
f 2760/490/3750 2762/491/3751 2761/492/3752
f 1879/34/3050 2765/493/3753 2764/66/3754
f 2766/12/3755 2765/493/3753 2767/10/3756
f 2768/598/3757 2767/10/3756 2769/599/3758
f 2768/598/3757 2770/38/3759 2724/475/3730
f 1852/68/3029 2770/38/3759 2771/69/3760
f 2749/4/774 2772/494/3761 2761/492/3752
f 2773/495/3762 1869/32/3045 1880/496/3763
f 2728/477/3733 2775/497/3764 2727/71/3731
f 2776/498/3765 2724/475/3730 2725/22/789
f 2766/12/3755 2776/498/3765 2777/499/3766
f 2764/66/3754 2777/499/3766 2778/14/778
f 2780/21/785 2782/500/3767 2781/26/793
f 2784/25/792 2780/21/785 2781/26/793
f 2782/500/3767 2785/501/3768 2786/502/3769
f 2786/502/3769 2736/61/788 2737/28/795
f 2789/503/3770 2787/504/3771 2790/505/3772
f 2788/72/3773 2791/506/3774 1871/507/3775
f 1858/508/3776 2745/481/3740 2742/509/3777
f 2792/42/3778 2752/41/3743 2793/43/837
f 2796/512/3779 2794/513/3780 2773/495/3762
f 2797/514/3781 2773/495/3762 1880/496/3763
f 2798/515/3782 2726/476/3732 2799/516/3783
f 2742/509/3777 2800/517/3784 1826/518/3001
f 2742/509/3777 1827/519/3000 1858/508/3776
f 2775/497/3764 2774/520/3785 2801/521/3786
f 2802/522/3787 1882/18/782 2803/106/3788
f 2763/523/3789 1876/524/3049 2804/525/3790
f 2779/526/3791 2756/20/784 2758/489/3749
f 2779/526/3791 2760/490/3750 2785/501/3768
f 2785/501/3768 2805/59/786 2736/61/788
f 2760/490/3750 2772/494/3761 2805/59/786
f 2751/528/3792 2808/622/3793 2750/46/3744
f 2740/3/773 2804/525/3790 2739/1/771
f 2739/1/771 1876/524/3049 1877/485/3048
f 2729/6/776 2808/622/3793 2772/494/3761
f 2807/124/3794 2772/494/3761 2808/622/3793
f 2806/117/787 2807/124/3794 2809/530/3795
f 2791/506/3774 2810/531/3796 2811/532/3797
f 2790/505/3772 2810/531/3796 2789/503/3770
f 2751/528/3792 2809/530/3795 2807/124/3794
f 2728/477/3733 2812/534/3798 2774/520/3785
f 1871/507/3775 2727/71/3731 2788/72/3773
f 2741/2/772 2731/478/3735 2732/5/775
f 2732/5/775 2740/3/773 2741/2/772
f 2745/481/3740 2811/532/3797 2744/482/838
f 2743/480/3739 2795/537/3799 2796/512/3779
f 2740/3/773 2761/492/3752 2762/491/3751
f 2727/71/3731 2787/504/3771 2788/72/3773
f 2745/481/3740 1871/507/3775 2791/506/3774
f 2752/41/3743 2795/537/3799 2793/43/837
f 2797/514/3781 2743/480/3739 2796/512/3779
f 2794/513/3780 1868/31/3046 2773/495/3762
f 1772/579/2969 1873/578/3742 1771/578/520
f 2747/483/3741 1872/542/3800 1873/484/3742
f 2753/486/3745 2730/47/3734 2731/478/3735
f 2752/41/3743 2813/543/3801 2794/513/3780
f 2808/622/3793 2730/47/3734 2750/46/3744
f 2746/16/780 2814/544/3802 2747/483/3741
f 1867/35/3043 2725/22/789 1862/24/791
f 1867/35/3043 2777/499/3766 2776/498/3765
f 1855/36/3033 2778/14/778 2777/499/3766
f 2764/66/3754 1878/13/777 1879/34/3050
f 2816/546/3803 2781/26/793 2782/500/3767
f 2816/546/3803 2786/502/3769 2817/547/3804
f 2817/547/3804 2737/28/795 2818/30/797
f 2799/540/3805 2747/483/3806 2814/548/3807
s 0
f 1795/587/3808 2819/588/3809 1884/588/3810
s 1
f 1800/589/2987 2813/543/3801 1857/543/3035
f 2748/590/3811 1773/590/3030 1857/591/3035
f 1826/518/3001 2800/517/3784 2797/514/3781
f 1879/592/3050 1789/593/3020 2763/593/3789
f 2763/523/3789 1842/524/3023 1876/524/3049
f 1870/63/3812 1821/62/2999 1822/63/518
f 2748/559/3811 1774/485/2970 1773/559/3030
f 1878/13/777 1806/15/498 1805/13/497
f 2769/599/3758 2754/472/3738 2770/38/3759
f 2769/599/3758 2757/488/3748 2735/37/3736
f 2767/10/3756 2759/555/3813 2757/488/3748
f 2762/491/3751 2759/555/3813 2804/525/3790
f 2754/472/3738 2771/69/3760 2770/38/3759
f 2823/23/826 2821/118/809 2824/22/824
f 2827/71/819 2825/476/3814 2828/542/3815
f 2830/5/808 2832/47/823 2831/478/3816
f 2835/37/3817 2833/8/3818 2836/487/3819
f 2839/29/832 2837/61/3820 2840/28/830
f 2845/481/3821 2847/480/3822 2846/482/839
f 2849/483/3823 2851/44/3824 2850/484/835
f 2842/2/805 2853/485/3825 2841/1/803
f 2857/41/815 2855/46/822 2858/528/3826
f 2859/463/3827 2833/8/3818 2834/77/3828
f 2835/37/3817 2861/20/3829 2862/488/3830
f 2862/488/3830 2863/489/3831 2864/555/3832
f 2865/491/3833 2867/490/3834 2866/492/3835
f 2869/493/3836 2871/34/3837 2870/66/3838
f 2875/494/3839 2854/4/806 2866/492/3835
f 2869/493/3836 2870/66/3838 2872/623/3840
f 2878/495/3841 2876/32/3842 2879/31/3843
f 2894/119/818 2826/477/3844 2827/71/819
f 2881/498/3845 2821/118/809 2873/624/3846
f 2881/498/3845 2872/623/3840 2882/499/3847
f 2882/499/3847 2870/66/3838 2883/14/814
f 2887/500/3848 2889/21/3849 2888/26/829
f 2890/25/827 2889/21/3849 2891/19/3850
f 2887/500/3848 2892/501/3851 2886/526/3852
f 2893/502/3853 2837/61/3820 2892/501/3851
f 2896/503/3854 2894/119/818 2897/72/820
f 2898/506/3855 2897/72/820 2899/507/834
f 2900/508/3856 2845/481/3821 2901/558/833
f 2906/510/3857 2905/511/3858 2904/511/3859
f 2910/512/3860 2909/513/3861 2911/537/3862
f 2912/514/3863 2878/495/3841 2910/512/3860
f 2825/476/3814 2914/515/3864 2913/516/3865
f 2844/509/3866 2915/517/3867 2847/480/3822
f 2902/519/3868 2844/509/3866 2900/508/3856
f 2880/520/3869 2895/505/3870 2801/521/3786
f 2848/16/3871 2916/17/3872 2851/44/3824
f 2919/522/3873 2917/18/3874 2848/16/3871
f 2869/493/3836 2921/525/3875 2868/523/3876
f 2861/20/3829 2891/19/3850 2889/21/3849
f 2886/526/3852 2861/20/3829 2889/21/3849
f 2867/490/3834 2886/526/3852 2892/501/3851
f 2922/59/3877 2892/501/3851 2837/61/3820
f 2838/479/836 2922/59/3877 2837/61/3820
f 2875/494/3839 2867/490/3834 2922/59/3877
f 2924/120/821 2858/528/3826 2855/46/822
f 2921/525/3875 2843/3/804 2841/1/803
f 2920/524/3878 2841/1/803 2853/485/3825
f 2924/120/821 2829/6/807 2875/494/3839
f 2875/494/3839 2923/124/3879 2924/120/821
f 2925/530/3880 2922/59/3877 2809/527/3795
f 2898/506/3855 2926/531/3881 2896/503/3854
f 2926/531/3881 2895/505/3870 2896/503/3854
f 2925/530/3880 2858/528/3826 2923/124/3879
f 2929/534/3882 2826/477/3844 2880/520/3869
f 2930/535/3883 2823/536/826 2931/536/886
f 2827/71/819 2899/507/834 2897/72/820
f 2842/2/805 2831/478/3816 2852/559/3884
f 2830/5/808 2843/3/804 2854/4/806
f 2927/532/3885 2845/481/3821 2846/482/839
f 2847/480/3822 2911/537/3862 2846/482/839
f 2866/492/3835 2843/3/804 2865/491/3833
f 2885/539/813 2933/538/3886 2932/538/3887
f 2845/481/3821 2899/507/834 2901/558/833
f 2911/537/3862 2857/41/815 2907/43/817
f 2847/480/3822 2912/514/3863 2910/512/3860
f 2879/31/3843 2909/513/3861 2878/495/3841
f 2900/540/3856 2906/541/3857 2902/541/3868
f 2849/483/3823 2828/542/3815 2825/476/3814
f 2856/486/3888 2832/47/823 2855/46/822
f 2935/543/3889 2857/41/815 2909/513/3861
f 2937/544/3890 2848/16/3871 2849/483/3823
f 2824/22/824 2939/35/3891 2938/24/825
f 2939/35/3891 2882/499/3847 2932/36/3887
f 2932/36/3887 2883/14/814 2885/15/813
f 2940/545/887 2823/536/826 2938/545/825
f 2884/13/812 2870/66/3838 2871/34/3837
f 2941/546/3892 2888/26/829 2942/27/828
f 2893/502/3853 2941/546/3892 2943/547/3893
f 2840/28/830 2943/547/3893 2944/30/831
f 2849/483/3894 2913/540/3895 2937/548/3896
f 2938/550/825 2945/549/3897 2940/550/887
f 2904/554/3859 2877/496/3898 2912/514/3863
f 2947/32/3899 2879/31/3843 2876/32/3842
f 2851/44/3824 2953/17/877 2952/44/3900
f 2920/552/3878 2955/553/3901 2954/552/3902
f 2957/34/3903 2884/13/812 2871/34/3837
f 2876/32/3842 2904/554/3859 2947/32/3899
f 2939/35/3891 2933/36/3886 2945/35/3897
f 2917/18/3874 2959/114/3904 2960/18/878
f 2734/561/3746 2891/560/3850 2836/561/3819
f 2908/54/816 2809/625/3795 2792/54/3778
f 2818/562/797 2839/52/832 2944/562/831
f 2929/534/3882 2801/521/3786 2812/534/3798
s 0
f 2802/83/3905 2937/82/3906 2814/82/3907
f 2918/563/3908 2802/564/3909 2803/563/3910
f 2913/516/3911 2798/515/3912 2799/516/3913
f 2814/548/3914 2913/540/3915 2799/540/3916
s 1
f 2834/77/3828 2873/624/3846 2821/118/809
f 2873/624/3846 2862/488/3830 2872/623/3840
f 2872/623/3840 2864/555/3832 2869/493/3836
f 2865/491/3833 2864/555/3832 2863/489/3831
f 2962/468/3917 2859/463/3827 2834/77/3828
f 2963/39/3918 2917/18/3874 2918/106/3919
f 2929/570/3882 2798/569/3782 2914/569/3864
f 2809/567/3795 2838/568/836 2806/626/787
f 2928/565/3920 2926/566/3881 2810/566/3796
f 2942/27/828 2816/546/3803 2941/546/3892
f 2890/25/827 2815/27/794 2942/27/828
f 2733/571/3737 2836/572/3819 2833/571/3818
f 2783/19/783 2890/25/827 2891/19/3850
s 0
f 2803/106/3921 2963/39/3922 2918/106/3923
s 1
f 2816/546/3803 2943/547/3893 2941/546/3892
f 2817/547/3804 2944/30/831 2943/547/3893
f 2792/42/3778 2907/573/817 2908/42/816
f 2927/574/3885 2810/531/3796 2926/531/3881
f 2790/505/3772 2895/505/3870 2928/533/3920
f 2755/575/3747 2833/576/3818 2860/575/3924
f 2596/23/856 2964/475/3925 2965/22/854
f 2968/71/849 2966/476/3926 2615/542/3623
f 2970/5/845 2972/47/853 2971/478/3927
f 2975/37/3928 2973/8/3929 2976/487/3930
f 2979/29/863 2977/61/3931 2980/28/861
f 2985/481/3932 2987/480/3933 2986/482/3934
f 2989/483/3935 2619/44/3625 2614/484/3624
f 2982/2/842 2620/485/3627 2981/1/840
f 2994/41/3936 2992/46/852 2995/528/3937
f 2996/463/3938 2973/8/3929 2974/77/3939
f 2975/37/3928 2998/20/3940 2999/488/3941
f 2999/488/3941 3000/489/3942 3001/555/3943
f 3002/491/3944 3004/490/3945 3003/492/3946
f 3006/493/3947 2622/113/731 3007/66/857
f 2597/68/3610 3010/38/3948 2964/475/3925
f 3006/493/3947 3007/66/857 3008/627/3949
f 3009/628/3950 2964/475/3925 3010/38/3948
f 3012/494/3951 2991/4/843 3003/492/3946
f 3013/495/3952 2612/32/729 2613/31/3953
f 3026/121/848 2967/477/3954 2968/71/849
f 3015/498/3955 2964/475/3925 3009/628/3950
f 3015/498/3955 3008/627/3949 3016/499/3956
f 3016/499/3956 3007/66/857 3017/14/847
f 3019/500/3957 3021/21/3958 3020/26/860
f 3022/25/858 3021/21/3958 3023/19/3959
f 3019/500/3957 3024/501/3960 3018/526/3961
f 3025/502/3962 2977/61/3931 3024/501/3960
f 3028/503/3963 3026/121/848 3029/72/850
f 3030/506/3964 3029/72/850 2616/507/3622
f 2602/508/3612 2985/481/3932 2617/558/3965
f 2994/41/3936 3032/42/3966 3031/43/3967
f 3034/512/3968 3033/513/3969 3035/537/3970
f 3036/514/3971 3013/495/3952 3034/512/3968
f 2966/476/3926 3038/515/3972 3037/516/3973
f 2984/509/3974 3039/517/3975 2987/480/3933
f 2568/519/3584 2984/509/3974 2602/508/3612
f 3014/520/3976 3027/505/3977 3040/521/3978
f 2988/16/3979 2618/17/3626 2619/44/3625
f 3042/522/3980 2626/18/736 2988/16/3979
f 3006/493/3947 3043/525/3981 3005/523/3982
f 2998/20/3940 3023/19/3959 3021/21/3958
f 3018/526/3961 2998/20/3940 3021/21/3958
f 3004/490/3945 3018/526/3961 3024/501/3960
f 3044/59/3983 3024/501/3960 2977/61/3931
f 2978/479/3984 3044/59/3983 2977/61/3931
f 3012/494/3951 3004/490/3945 3044/59/3983
f 3046/122/851 2995/528/3937 2992/46/852
f 3043/525/3981 2983/3/841 2981/1/840
f 2621/524/3985 2981/1/840 2620/485/3627
f 3046/122/851 2969/6/844 3012/494/3951
f 3012/494/3951 3045/124/3986 3046/122/851
f 3143/125/883 3045/124/3986 3044/59/3983
f 3030/506/3964 3048/531/3987 3028/503/3963
f 3028/503/3963 3050/533/3988 3027/505/3977
f 3047/530/3989 2995/528/3937 3045/124/3986
f 3051/534/3990 2967/477/3954 3014/520/3976
f 2968/71/849 2616/507/3622 3029/72/850
f 2982/2/842 2971/478/3927 2990/559/3991
f 2970/5/845 2983/3/841 2991/4/843
f 3049/532/3992 2985/481/3932 2986/482/3934
f 2987/480/3933 3035/537/3970 2986/482/3934
f 3003/492/3946 2983/3/841 3002/491/3944
f 2985/481/3932 2616/507/3622 2617/558/3965
f 3035/537/3970 2994/41/3936 3031/43/3967
f 2987/480/3933 3036/514/3971 3034/512/3968
f 2613/31/3953 3033/513/3969 3013/495/3952
f 2614/578/3624 2511/579/3549 2512/578/3551
f 2989/483/3935 2615/542/3623 2966/476/3926
f 2993/486/3993 2972/47/853 2992/46/852
f 3052/543/3994 2994/41/3936 3033/513/3969
f 3053/544/3995 2988/16/3979 2989/483/3935
f 2965/22/854 2611/35/3621 2606/24/855
f 2611/35/3621 3016/499/3956 2599/36/734
f 2599/36/734 3017/14/847 2598/15/846
f 3054/546/3996 3020/26/860 3055/27/859
f 3025/502/3962 3054/546/3996 3056/547/3997
f 2980/28/861 3056/547/3997 3057/30/862
f 2989/483/3998 3037/540/3999 3053/548/4000
s 0
f 2538/587/4001 3058/588/4002 3011/587/4003
s 1
f 2541/589/728 3052/543/3994 2613/589/3953
f 2990/590/3991 2971/596/3927 2993/597/3993
f 2570/554/3583 2623/496/3628 3036/514/3971
s 0
f 3011/80/4004 2487/81/4005 2538/80/4006
s 1
f 2622/113/731 2530/593/3597 2531/592/732
f 3005/523/3982 2587/524/3598 2530/523/3597
f 2566/62/3580 2617/63/3965 2565/63/4007
f 2515/485/3552 2990/559/3991 2514/559/4008
f 2549/13/710 2598/15/846 2622/113/731
f 2974/77/3939 3009/628/3950 3010/38/3948
f 3009/628/3950 2999/488/3941 3008/627/3949
f 3008/627/3949 3001/555/3943 3006/493/3947
f 3002/491/3944 3001/555/3943 3000/489/3942
f 2974/77/3939 3011/69/4009 2996/463/3938
f 3059/39/4010 2626/18/736 3041/106/4011
f 2931/23/886 3060/475/4012 2930/68/3883
f 3063/71/4013 3062/476/4014 3064/477/4015
f 3066/47/4016 3068/5/868 3067/478/4017
f 3071/37/4018 3069/8/4019 3091/473/4020
f 3074/29/892 3072/61/4021 3075/479/4022
f 3080/480/4023 3082/481/4024 3081/482/4025
f 2952/44/3900 3084/483/4026 2951/484/4027
f 2955/485/3901 3078/2/865 3076/1/864
f 3089/41/4028 3087/46/4029 3090/486/4030
f 3071/37/4018 3093/20/880 3070/487/4031
f 3091/473/4020 3069/8/4019 3092/9/4032
f 3094/488/4033 3095/489/4034 3093/20/880
f 3097/490/4035 3099/491/4036 3098/492/4037
f 2957/34/3903 3102/493/4038 3101/66/4039
f 3103/12/872 3102/493/4038 3104/10/870
f 2930/68/3883 3106/38/4040 3107/69/4041
f 3106/38/4040 3060/475/4012 3105/123/871
f 3086/4/867 3108/494/4042 3098/492/4037
f 3109/495/4043 2947/32/3899 2958/496/4044
f 3064/477/4015 3111/497/4045 3063/71/4013
f 3112/498/4046 3060/475/4012 3061/22/885
f 3105/123/871 3113/499/4047 3103/12/872
f 3101/66/4039 3113/499/4047 3114/14/874
f 3116/21/881 3118/500/4048 3117/26/889
f 3120/25/888 3116/21/881 3117/26/889
f 3118/500/4048 3121/501/4049 3122/502/4050
f 3122/502/4050 3072/61/4021 3073/28/891
f 3125/503/4051 3123/504/4052 3126/505/4053
f 3124/72/4054 3127/506/4055 2949/507/4056
f 2936/508/4057 3082/481/4024 3079/509/4058
f 3128/42/4059 3089/41/4028 3129/43/4060
f 3132/512/4061 3130/513/4062 3109/495/4043
f 3133/514/4063 3109/495/4043 2958/496/4044
f 3134/515/4064 3062/476/4014 3135/516/4065
f 3079/509/4058 3136/517/4066 2905/518/3858
f 3079/509/4058 2906/519/3857 2936/508/4057
f 3111/497/4045 3110/520/4067 3040/521/3978
f 3137/522/4068 2960/18/878 3138/106/4069
f 3100/523/4070 2954/524/3902 3139/525/4071
f 3115/526/4072 3093/20/880 3095/489/4034
f 3115/526/4072 3097/490/4035 3121/501/4049
f 3121/501/4049 3140/59/884 3072/61/4021
f 3075/479/4022 3140/59/884 3143/125/883
f 3097/490/4035 3108/494/4042 3140/59/884
f 3088/528/4073 3142/629/4074 3087/46/4029
f 3077/3/866 3139/525/4071 3076/1/864
f 3076/1/864 2954/524/3902 2955/485/3901
f 3065/6/869 3142/629/4074 3108/494/4042
f 3141/124/882 3108/494/4042 3142/629/4074
f 3127/506/4055 3144/531/4075 3145/532/4076
f 3125/503/4051 3146/533/4077 3144/531/4075
f 3088/528/4073 3143/125/883 3141/124/882
f 3064/477/4015 3147/534/4078 3110/520/4067
f 2949/507/4056 3063/71/4013 3124/72/4054
f 3078/2/865 3067/478/4017 3068/5/868
f 3068/5/868 3077/3/866 3078/2/865
f 3082/481/4024 3145/532/4076 3081/482/4025
f 3080/480/4023 3131/537/4079 3132/512/4061
f 3077/3/866 3098/492/4037 3099/491/4036
f 3063/71/4013 3123/504/4052 3124/72/4054
f 3082/481/4024 2949/507/4056 3127/506/4055
f 3089/41/4028 3131/537/4079 3129/43/4060
f 3133/514/4063 3080/480/4023 3132/512/4061
f 3130/513/4062 2946/31/4080 3109/495/4043
f 2850/578/835 2952/579/3900 2951/578/4027
f 3084/483/4026 2950/542/4081 2951/484/4027
f 3090/486/4030 3066/47/4016 3067/478/4017
f 3089/41/4028 3148/543/4082 3130/513/4062
f 3142/629/4074 3066/47/4016 3087/46/4029
f 3083/16/876 3149/544/4083 3084/483/4026
f 2945/35/3897 3061/22/885 2940/24/887
f 2945/35/3897 3113/499/4047 3112/498/4046
f 2933/36/3886 3114/14/874 3113/499/4047
f 3101/66/4039 2956/13/873 2957/34/3903
f 3151/546/4084 3117/26/889 3118/500/4048
f 3151/546/4084 3122/502/4050 3152/547/4085
f 3152/547/4085 3073/28/891 3153/30/893
f 3135/540/4086 3084/483/4087 3149/548/4088
s 0
f 3107/587/4089 2962/588/4090 2874/587/4091
s 1
f 2946/589/4080 2935/543/3889 2879/589/3843
f 3085/590/4092 2852/590/3884 2935/591/3889
f 2905/518/3858 3136/517/4066 3133/514/4063
f 2957/592/3903 2868/593/3876 3100/593/4070
f 3100/523/4070 2920/524/3878 2954/524/3902
f 2901/63/833 2936/62/4057 2900/62/3856
f 2852/559/3884 2955/485/3901 2853/485/3825
f 2934/15/875 2884/13/812 2956/13/873
f 3074/52/892 2978/51/3984 2979/52/863
f 3119/560/879 2976/561/3930 3070/561/4031
f 3128/54/4059 3047/606/3989 3143/630/883
f 3153/562/893 2979/52/863 3057/562/862
f 3051/534/3990 3014/520/3976 3040/521/3978
s 0
f 3138/563/4093 3042/564/4094 3137/564/4095
f 3038/515/4096 3135/516/4097 3037/516/4098
f 3149/548/4099 3037/540/4100 3135/540/4101
s 1
f 3071/37/4018 3106/38/4040 3105/123/871
f 3105/123/871 3094/488/4033 3071/37/4018
f 3104/10/870 3096/555/4102 3094/488/4033
f 3099/491/4036 3096/555/4102 3139/525/4071
f 3091/473/4020 3107/69/4041 3106/38/4040
f 3050/565/3988 3144/566/4075 3146/565/4077
f 2978/568/3984 3075/568/4022 3143/567/883
f 3038/569/3972 3147/570/4078 3134/569/4064
f 3150/27/890 3054/546/3996 3055/27/859
f 3150/27/890 3022/25/858 3120/25/888
f 2976/572/3930 3069/571/4019 3070/572/4031
f 3120/25/888 3023/19/3959 3119/19/879
f 3031/55/3967 3081/56/4025 2986/56/3934
s 0
f 3155/39/4103 3041/106/4104 3138/106/4105
s 1
f 3056/547/3997 3151/546/4084 3152/547/4085
f 3153/30/893 3056/547/3997 3152/547/4085
f 3129/573/4060 3032/42/3966 3128/42/4059
f 3145/574/4076 3048/531/3987 3049/574/3992
f 3146/533/4077 3126/505/4053 3040/521/3978
f 2973/576/3929 3092/575/4032 3069/576/4019
f 310/571/86 1373/572/2667 1370/571/2666
f 381/631/101 384/567/1851 1375/568/2727
f 1429/19/2701 360/25/106 1428/25/407
s 0
f 1456/106/4106 396/39/4107 1501/39/4108
s 1
f 368/42/1832 1445/573/397 1446/42/396
f 332/575/87 1370/576/2666 1397/575/2677
f 1466/565/2732 385/566/1852 387/565/1854
f 1452/569/2715 388/570/1855 374/569/1837
f 392/546/1862 1480/27/408 391/27/108
f 360/25/106 1480/27/408 1428/25/407
f 1481/547/2744 392/546/1862 393/547/1863
f 1383/56/2671 369/55/1833 321/56/1797
f 393/547/1863 1482/30/411 1481/547/2744
f 386/574/1853 1464/531/2731 1465/574/2736
f 387/533/1854 366/505/1827 1357/521/1841
s 0
f 3157/39/4109 154/40/4110 3156/40/4111
f 3158/114/4112 298/114/4113 296/114/4114
f 3158/40/4115 300/39/4116 3160/39/4117
f 3160/39/4118 155/39/4119 3157/39/4120
f 3161/39/4121 298/40/4122 3159/40/4123
f 3165/39/4124 396/39/4125 3161/39/4126
f 3867/39/4127 516/40/4128 3856/40/4129
f 3857/114/4130 656/114/4131 3868/114/4132
f 3868/40/4133 660/39/4134 3858/39/4135
f 3858/39/4136 517/39/4137 3867/39/4138
f 3859/114/4139 799/114/4140 3869/114/4141
f 3869/40/4142 803/39/4143 3860/39/4144
f 3870/39/4145 658/40/4146 3857/40/4147
f 3860/39/4148 899/39/4149 3870/39/4150
f 3156/114/4151 1017/114/4152 3162/114/4153
f 3162/40/4154 1018/39/4155 3861/39/4156
f 3862/114/4157 1160/114/4158 3871/114/4159
f 3872/39/4160 1159/40/4161 3862/40/4162
f 3861/39/4163 1163/39/4164 3872/39/4165
f 3873/39/4166 801/40/4167 3859/40/4168
f 3871/40/4169 1356/39/4170 3863/39/4171
f 3863/39/4172 1261/39/4173 3873/39/4174
f 3163/114/4175 1499/114/4176 1497/114/4177
f 3165/39/4178 1497/40/4179 1501/39/4180
f 3166/114/4181 1642/114/4182 1640/114/4183
f 3168/39/4184 1640/40/4185 1644/39/4186
f 3164/40/4187 1741/39/4188 1499/40/4189
f 3169/39/4190 1644/39/4191 1741/39/4192
f 3170/114/4193 1883/114/4194 1881/114/4195
f 3172/39/4196 1881/40/4197 1885/39/4198
f 3174/114/4199 2024/114/4200 2025/114/4201
f 3173/40/4202 2028/39/4203 2024/40/4204
f 3175/39/4205 1885/39/4206 2028/39/4207
f 3167/40/4208 2125/39/4209 1642/40/4210
f 3177/39/4211 2025/40/4212 2219/39/4213
f 3176/39/4214 2219/39/4215 2125/39/4216
f 3856/114/4217 2338/114/4218 3874/114/4219
f 3874/40/4220 2339/39/4221 3864/39/4222
f 2479/114/4223 3876/114/4224 3875/114/4225
f 3877/39/4226 2479/40/4227 3875/40/4228
f 3864/39/4229 2483/39/4230 3877/39/4231
f 3878/114/4232 2624/114/4233 2625/114/4234
f 3865/40/4235 2628/39/4236 2624/40/4237
f 3876/40/4238 2723/39/4239 3866/39/4240
f 3879/39/4241 2723/39/4242 2628/39/4243
f 3171/40/4244 2820/39/4245 1883/40/4246
f 3179/114/4247 2961/114/4248 2959/114/4249
f 3181/39/4250 2959/40/4251 2963/39/4252
f 3178/39/4253 2963/39/4254 2820/39/4255
f 3880/39/4256 2625/40/4257 3059/39/4258
f 3180/40/4259 3155/39/4260 2961/40/4261
f 3182/39/4262 3059/39/4263 3155/39/4264
f 3574/632/4265 3419/633/4266 3305/634/4267
f 3418/635/4268 3306/636/4269 3356/637/4270
f 3575/638/4271 3421/639/4272 3307/640/4273
f 3420/39/4274 3308/39/4275 3357/39/4276
f 3576/641/4277 3423/642/4278 3309/643/4279
f 3422/644/4280 3310/645/4281 3358/646/4282
f 3577/647/4283 3425/648/4284 3311/649/4285
f 3215/39/4286 3312/39/4287 3359/39/4288
f 3578/650/4289 3427/651/4290 3313/652/4291
f 3217/653/4292 3314/654/4293 3360/655/4294
f 3579/647/4295 3429/656/4296 3315/657/4297
f 3428/39/4298 3316/39/4299 3361/39/4300
f 3580/658/4301 3431/659/4302 3317/652/4303
f 3221/644/4304 3318/645/4305 3362/660/4306
f 3581/647/4307 3433/661/4308 3319/662/4309
f 3223/39/4310 3320/39/4311 3363/39/4312
f 3582/663/4313 3435/642/4314 3321/664/4315
f 3434/665/4316 3322/645/4317 3364/666/4318
f 3583/667/4319 3437/668/4320 3323/669/4321
f 3436/39/4322 3324/39/4323 3365/39/4324
f 3584/670/4325 3439/671/4326 3325/672/4327
f 3438/673/4328 3326/645/4329 3366/666/4330
f 3585/638/4331 3441/674/4332 3327/675/4333
f 3231/39/4334 3328/39/4335 3367/39/4336
f 3586/676/4337 3443/677/4338 3329/678/4339
f 3442/679/4340 3330/680/4341 3368/681/4342
f 3587/682/4343 3445/683/4344 3331/684/4345
f 3444/39/4346 3332/39/4347 3369/39/4348
f 3588/685/4349 3447/686/4350 3333/643/4351
f 3237/687/4352 3334/688/4353 3370/689/4354
f 3589/682/4355 3449/690/4356 3335/691/4357
f 3239/39/4358 3336/39/4359 3371/39/4360
f 3590/692/4361 3451/693/4362 3337/652/4363
f 3241/694/4364 3338/654/4365 3372/666/4366
f 3591/667/4367 3453/695/4368 3339/696/4369
f 3452/39/4370 3340/39/4371 3373/39/4372
f 3592/697/4373 3455/686/4374 3341/698/4375
f 3454/699/4376 3342/654/4377 3374/700/4378
f 3593/647/4379 3457/701/4380 3343/702/4381
f 3247/39/4382 3344/39/4383 3375/39/4384
f 3594/676/4385 3459/703/4386 3345/678/4387
f 3249/704/4388 3346/688/4389 3376/660/4390
f 3595/682/4391 3461/705/4392 3347/706/4393
f 3460/39/4394 3348/39/4395 3377/39/4396
f 3596/707/4397 3463/651/4398 3349/652/4399
f 3253/708/4400 3350/680/4401 3378/709/4402
f 3597/710/4403 3465/711/4404 3351/712/4405
f 3255/39/4406 3352/39/4407 3379/39/4408
f 3598/713/4409 3467/714/4410 3353/715/4411
f 3257/716/4412 3354/680/4413 3380/717/4414
f 3599/682/4415 3469/718/4416 3355/719/4417
f 3259/39/4418 3304/39/4419 3381/39/4420
f 3666/720/4421 3183/317/4422 3665/226/4423
f 3748/308/4424 3666/229/4425 3667/232/4426
f 3745/302/4427 3667/232/4428 3690/721/4429
f 3495/309/4430 3690/722/4431 3668/235/4432
f 3495/309/4433 3669/723/4434 3496/305/4435
f 3744/300/4436 3669/238/4437 3670/241/4438
f 3497/724/4439 3670/241/4440 3671/725/4441
f 3672/226/4442 3497/726/4443 3671/244/4444
f 3498/727/4445 3673/728/4446 3743/729/4447
f 3499/730/4448 3673/247/4449 3674/250/4450
f 3675/731/4451 3499/730/4452 3674/250/4453
f 3676/256/4454 3500/732/4455 3675/253/4456
f 3749/307/4457 3677/733/4458 3501/734/4459
f 3678/262/4460 3501/735/4461 3677/259/4462
f 3679/736/4463 3502/311/4464 3678/262/4465
f 3680/268/4466 3503/737/4467 3679/265/4468
f 3750/306/4469 3681/738/4470 3504/739/4471
f 3504/312/4472 3682/274/4473 3505/313/4474
f 3683/740/4475 3505/313/4476 3682/274/4477
f 3507/314/4478 3683/277/4479 3684/280/4480
f 3751/303/4481 3684/280/4482 3685/741/4483
f 3508/316/4484 3685/283/4485 3686/286/4486
f 3747/304/4487 3686/286/4488 3687/742/4489
f 3746/301/4490 3687/289/4491 3688/292/4492
f 3689/743/4493 3746/301/4494 3688/292/4495
f 3665/226/4496 3184/318/4497 3689/295/4498
f 3356/637/4499 3419/744/4500 3418/635/4501
f 3307/640/4502 3420/39/4503 3357/39/4504
f 3358/646/4505 3423/679/4506 3422/644/4507
f 3311/649/4508 3215/39/4509 3359/39/4510
f 3360/655/4511 3427/745/4512 3217/653/4513
f 3315/657/4514 3428/39/4515 3361/39/4516
f 3317/746/4517 3221/644/4518 3362/660/4519
f 3363/39/4520 3433/661/4521 3223/39/4522
f 3364/666/4523 3435/747/4524 3434/665/4525
f 3323/669/4526 3436/39/4527 3365/39/4528
f 3325/748/4529 3438/673/4530 3366/666/4531
f 3327/675/4532 3231/39/4533 3367/39/4534
f 3329/666/4535 3442/679/4536 3368/681/4537
f 3369/39/4538 3445/683/4539 3444/39/4540
f 3333/666/4541 3237/687/4542 3370/689/4543
f 3335/691/4544 3239/39/4545 3371/39/4546
f 3372/666/4547 3451/749/4548 3241/694/4549
f 3373/39/4550 3453/695/4551 3452/39/4552
f 3341/750/4553 3454/699/4554 3374/700/4555
f 3343/702/4556 3247/39/4557 3375/39/4558
f 3345/751/4559 3249/704/4560 3376/660/4561
f 3347/706/4562 3460/39/4563 3377/39/4564
f 3349/752/4565 3253/708/4566 3378/709/4567
f 3351/712/4568 3255/39/4569 3379/39/4570
f 3380/717/4571 3467/753/4572 3257/716/4573
f 3381/39/4574 3469/718/4575 3259/39/4576
f 3470/40/4577 3383/126/4578 3636/195/4579
f 3471/114/4580 3510/144/4581 3186/114/4582
f 3472/39/4583 3509/185/4584 3637/754/4585
f 3472/39/4586 3601/39/4587 3187/39/4588
f 3471/40/4589 3386/184/4590 3638/196/4591
f 3482/39/4592 3604/39/4593 3197/39/4594
f 3473/40/4595 3388/148/4596 3639/199/4597
f 3474/114/4598 3512/144/4599 3189/114/4600
f 3475/39/4601 3511/146/4602 3640/206/4603
f 3475/39/4604 3606/39/4605 3190/39/4606
f 3476/114/4607 3514/134/4608 3191/114/4609
f 3477/39/4610 3513/141/4611 3641/755/4612
f 3474/40/4613 3392/143/4614 3642/201/4615
f 3477/39/4616 3610/39/4617 3192/39/4618
f 3470/114/4619 3516/128/4620 3185/114/4621
f 3478/39/4622 3515/130/4623 3643/217/4624
f 3479/114/4625 3518/134/4626 3194/114/4627
f 3479/40/4628 3519/132/4629 3645/203/4630
f 3478/39/4631 3520/39/4632 3193/39/4633
f 3476/40/4634 3397/138/4635 3646/204/4636
f 3480/39/4637 3517/136/4638 3644/206/4639
f 3480/39/4640 3615/39/4641 3195/39/4642
f 3481/114/4643 3522/128/4644 3196/114/4645
f 3482/39/4646 3521/162/4647 3647/208/4648
f 3483/114/4649 3524/149/4650 3198/114/4651
f 3484/39/4652 3523/162/4653 3648/756/4654
f 3481/40/4655 3401/180/4656 3649/211/4657
f 3484/39/4658 3619/39/4659 3199/39/4660
f 3485/114/4661 3526/144/4662 3200/114/4663
f 3486/39/4664 3525/172/4665 3650/206/4666
f 3487/114/4667 3528/144/4668 3202/114/4669
f 3487/40/4670 3529/174/4671 3652/212/4672
f 3486/39/4673 3530/39/4674 3201/39/4675
f 3483/40/4676 3406/177/4677 3653/214/4678
f 3488/39/4679 3527/168/4680 3651/217/4681
f 3488/39/4682 3624/39/4683 3203/39/4684
f 3473/114/4685 3532/149/4686 3188/114/4687
f 3489/39/4688 3531/141/4689 3654/757/4690
f 3655/114/4691 3535/144/4692 3533/155/4693
f 3655/217/4694 3536/152/4695 3657/215/4696
f 3489/39/4697 3537/39/4698 3204/39/4699
f 3490/114/4700 3539/144/4701 3205/114/4702
f 3490/40/4703 3412/159/4704 3659/218/4705
f 3491/39/4706 3534/157/4707 3656/220/4708
f 3491/39/4709 3630/39/4710 3206/39/4711
f 3485/40/4712 3414/170/4713 3660/221/4714
f 3492/114/4715 3541/134/4716 3207/114/4717
f 3493/39/4718 3540/168/4719 3661/758/4720
f 3493/39/4721 3632/39/4722 3208/39/4723
f 3662/224/4724 3538/162/4725 3658/759/4726
f 3492/40/4727 3417/165/4728 3663/223/4729
f 3662/224/4730 3635/39/4731 3542/163/4732
f 3830/321/4733 3305/634/4734 3753/319/4735
f 3356/637/4736 3754/322/4737 3804/324/4738
f 3831/327/4739 3307/640/4740 3755/325/4741
f 3357/39/4742 3756/328/4743 3805/328/4744
f 3832/332/4745 3309/643/4746 3757/330/4747
f 3358/646/4748 3758/333/4749 3806/335/4750
f 3833/338/4751 3311/649/4752 3759/336/4753
f 3359/39/4754 3760/339/4755 3807/339/4756
f 3834/343/4757 3313/652/4758 3761/341/4759
f 3360/655/4760 3762/344/4761 3808/346/4762
f 3835/349/4763 3315/657/4764 3763/347/4765
f 3361/39/4766 3764/350/4767 3809/350/4768
f 3836/354/4769 3317/652/4770 3765/352/4771
f 3362/660/4772 3766/355/4773 3810/357/4774
f 3837/360/4775 3319/662/4776 3767/358/4777
f 3363/39/4778 3768/361/4779 3811/361/4780
f 3838/364/4781 3321/664/4782 3769/363/4783
f 3364/666/4784 3770/365/4785 3812/367/4786
f 3839/369/4787 3323/669/4788 3771/368/4789
f 3365/39/4790 3772/370/4791 3813/370/4792
f 3840/374/4793 3325/672/4794 3773/372/4795
f 3366/666/4796 3774/375/4797 3814/376/4798
f 3841/379/4799 3327/675/4800 3775/377/4801
f 3367/39/4802 3776/380/4803 3815/380/4804
f 3842/384/4805 3329/678/4806 3777/382/4807
f 3368/681/4808 3778/344/4809 3816/386/4810
f 3843/389/4811 3331/684/4812 3779/387/4813
f 3369/39/4814 3780/390/4815 3817/390/4816
f 3844/394/4817 3333/643/4818 3781/392/4819
f 3370/689/4820 3782/375/4821 3818/396/4822
f 3845/399/4823 3335/691/4824 3783/397/4825
f 3371/39/4826 3784/400/4827 3819/400/4828
f 3846/404/4829 3337/652/4830 3785/402/4831
f 3372/666/4832 3786/405/4833 3820/407/4834
f 3847/410/4835 3339/696/4836 3787/408/4837
f 3373/39/4838 3788/411/4839 3821/411/4840
f 3848/414/4841 3341/698/4842 3789/413/4843
f 3374/700/4844 3790/415/4845 3822/417/4846
f 3849/420/4847 3343/702/4848 3791/418/4849
f 3375/39/4850 3792/421/4851 3823/421/4852
f 3850/425/4853 3345/678/4854 3793/423/4855
f 3376/660/4856 3794/426/4857 3824/428/4858
f 3851/431/4859 3347/706/4860 3795/429/4861
f 3377/39/4862 3796/432/4863 3825/432/4864
f 3852/436/4865 3349/652/4866 3797/434/4867
f 3378/709/4868 3798/437/4869 3826/439/4870
f 3853/442/4871 3351/712/4872 3799/440/4873
f 3379/39/4874 3800/370/4875 3827/370/4876
f 3854/445/4877 3353/715/4878 3801/444/4879
f 3380/717/4880 3802/446/4881 3828/448/4882
f 3855/451/4883 3355/719/4884 3803/449/4885
f 3381/39/4886 3752/452/4887 3829/452/4888
f 3305/689/4889 3804/324/4890 3753/760/4891
f 3307/640/4502 3805/328/4892 3755/325/4893
f 3309/689/4894 3806/335/4895 3757/761/4896
f 3759/336/4897 3359/39/4898 3807/339/4899
f 3313/762/4900 3808/346/4901 3761/763/4902
f 3763/347/4903 3361/39/4904 3809/350/4905
f 3317/746/4906 3810/357/4907 3765/764/4908
f 3767/358/4909 3363/39/4910 3811/361/4911
f 3321/765/4912 3812/367/4913 3769/766/4914
f 3771/368/4915 3365/39/4916 3813/370/4917
f 3325/748/4918 3814/376/4919 3773/767/4920
f 3367/39/4921 3775/377/4922 3327/675/4923
f 3777/768/4924 3368/681/4925 3816/386/4926
f 3331/684/4927 3817/390/4928 3779/387/4929
f 3781/768/4930 3370/689/4931 3818/396/4932
f 3783/397/4933 3371/39/4934 3819/400/4935
f 3337/769/4936 3820/407/4937 3785/764/4938
f 3339/696/4939 3821/411/4940 3787/408/4941
f 3789/763/4942 3374/700/4943 3822/417/4944
f 3791/418/4945 3375/39/4946 3823/421/4947
f 3793/770/4948 3376/660/4949 3824/428/4950
f 3347/706/4951 3825/432/4952 3795/429/4953
f 3797/771/4954 3378/709/4955 3826/439/4956
f 3799/440/4957 3379/39/4958 3827/370/4959
f 3353/772/4960 3828/448/4961 3801/773/4962
f 3355/719/4963 3829/452/4964 3803/449/4965
f 3618/774/4966 3254/181/4967 3463/651/4968
f 3600/775/4969 3210/127/4970 3419/633/4971
f 3209/129/4972 3611/776/4973 3418/635/4974
f 3393/777/4975 3212/131/4976 3421/639/4977
f 3211/39/4978 3613/39/4979 3420/39/4980
f 3395/778/4981 3214/133/4982 3423/642/4983
f 3213/135/4984 3612/776/4985 3422/644/4986
f 3394/779/4987 3216/137/4988 3425/648/4989
f 3424/39/4990 3396/39/4991 3215/39/4992
f 3614/780/4993 3218/139/4994 3427/651/4995
f 3426/140/4996 3608/781/4997 3217/653/4998
f 3390/782/4999 3220/142/5000 3429/656/5001
f 3219/39/5002 3391/39/5003 3428/39/5004
f 3609/783/5005 3222/139/5006 3431/659/5007
f 3430/145/5008 3607/784/5009 3221/644/5010
f 3389/782/5011 3224/147/5012 3433/661/5013
f 3432/39/5014 3387/39/5015 3223/39/5016
f 3605/778/5017 3226/133/5018 3435/642/5019
f 3225/150/5020 3625/784/5021 3434/665/5022
f 3407/779/5023 3228/151/5024 3437/668/5025
f 3227/39/5026 3627/39/5027 3436/39/5028
f 3409/785/5029 3230/154/5030 3439/671/5031
f 3229/156/5032 3626/784/5033 3438/673/5034
f 3408/786/5035 3232/158/5036 3441/674/5037
f 3440/39/5038 3411/39/5039 3231/39/5040
f 3629/787/5041 3234/160/5042 3443/677/5043
f 3233/161/5044 3628/781/5045 3442/679/5046
f 3410/788/5047 3236/164/5048 3445/683/5049
f 3235/39/5050 3416/39/5051 3444/39/5052
f 3634/789/5053 3238/166/5054 3447/686/5055
f 3446/167/5056 3633/781/5057 3237/687/5058
f 3415/788/5059 3240/169/5060 3449/690/5061
f 3448/39/5062 3413/39/5063 3239/39/5064
f 3631/790/5065 3242/154/5066 3451/693/5067
f 3450/171/5068 3620/781/5069 3241/694/5070
f 3402/777/5071 3244/173/5072 3453/695/5073
f 3243/39/5074 3622/39/5075 3452/39/5076
f 3404/791/5077 3246/166/5078 3455/686/5079
f 3245/175/5080 3621/784/5081 3454/699/5082
f 3403/792/5083 3248/176/5084 3457/701/5085
f 3456/39/5086 3405/39/5087 3247/39/5088
f 3623/793/5089 3250/178/5090 3459/703/5091
f 3458/150/5092 3617/794/5093 3249/704/5094
f 3399/788/5095 3252/179/5096 3461/705/5097
f 3462/182/5098 3616/795/5099 3253/708/5100
f 3398/786/5101 3256/183/5102 3465/711/5103
f 3464/39/5104 3385/39/5105 3255/39/5106
f 3603/778/5107 3258/127/5108 3467/714/5109
f 3466/175/5110 3602/781/5111 3257/716/5112
f 3384/782/5113 3260/186/5114 3469/718/5115
f 3468/39/5116 3382/39/5117 3259/39/5118
f 3210/796/5119 3418/635/5120 3419/744/5121
f 3421/639/5122 3211/39/5123 3420/39/5124
f 3214/797/5125 3422/644/5126 3423/679/5127
f 3216/137/5128 3215/39/5129 3425/648/5130
f 3427/745/5131 3426/798/5132 3217/653/5133
f 3429/656/5134 3219/39/5135 3428/39/5136
f 3431/799/5137 3430/798/5138 3221/644/5139
f 3224/147/5140 3223/39/5141 3433/661/5142
f 3226/800/5143 3434/665/5144 3435/747/5145
f 3228/151/5146 3436/39/5147 3437/668/5148
f 3230/801/5149 3438/673/5150 3439/749/5151
f 3232/158/5152 3231/39/5153 3441/674/5154
f 3443/704/5155 3233/802/5156 3442/679/5157
f 3445/683/5158 3235/39/5159 3444/39/5160
f 3238/803/5161 3237/687/5162 3447/804/5163
f 3240/169/5164 3239/39/5165 3449/690/5166
f 3451/749/5167 3450/805/5168 3241/694/5169
f 3244/173/5170 3452/39/5171 3453/695/5172
f 3246/806/5173 3454/699/5174 3455/807/5175
f 3248/176/5176 3247/39/5177 3457/701/5178
f 3250/805/5179 3249/704/5180 3459/679/5181
f 3252/179/5182 3460/39/5183 3461/705/5184
f 3463/808/5185 3462/809/5186 3253/708/5187
f 3256/183/5188 3255/39/5189 3465/711/5190
f 3258/810/5191 3257/716/5192 3467/753/5193
f 3469/718/5194 3468/39/5195 3259/39/5196
f 3251/39/5197 3400/39/5198 3460/39/5199
f 3286/40/5200 3636/195/5201 3287/194/5202
f 3287/194/5203 3637/754/5204 3569/811/5205
f 3638/196/5206 3294/209/5207 3569/197/5208
f 3288/40/5209 3639/199/5210 3290/198/5211
f 3290/198/5212 3640/206/5213 3289/812/5214
f 3291/200/5215 3641/755/5216 3570/813/5217
f 3289/40/5218 3642/201/5219 3291/200/5220
f 3292/202/5221 3643/217/5222 3286/814/5223
f 3479/40/5224 3292/202/5225 3293/40/5226
f 3646/204/5227 3293/207/5228 3570/205/5229
f 3296/210/5230 3648/756/5231 3295/815/5232
f 3481/40/5233 3296/210/5234 3294/40/5235
f 3298/200/5236 3650/206/5237 3297/813/5238
f 3299/40/5239 3652/212/5240 3298/200/5241
f 3295/40/5242 3653/214/5243 3300/213/5244
f 3300/213/5245 3651/217/5246 3299/812/5247
f 3489/39/5248 3288/813/5249 3301/216/5250
f 3655/114/5251 3571/114/5252 3656/114/5253
f 3659/218/5254 3571/209/5255 3572/219/5256
f 3297/40/5257 3660/221/5258 3303/200/5259
f 3303/200/5260 3661/758/5261 3302/816/5262
f 3573/222/5263 3658/759/5264 3572/815/5265
f 3302/40/5266 3663/223/5267 3573/222/5268
f 3304/39/5269 3600/775/5270 3574/632/5271
f 3306/817/5272 3393/777/5273 3575/638/5274
f 3308/39/5275 3395/778/5276 3576/641/5277
f 3577/647/5278 3612/818/5279 3394/779/5280
f 3578/650/5281 3396/39/5282 3614/780/5283
f 3579/647/5284 3608/819/5285 3390/782/5286
f 3580/658/5287 3391/39/5288 3609/783/5289
f 3318/820/5290 3389/782/5291 3581/647/5292
f 3582/663/5293 3387/39/5294 3605/778/5295
f 3322/821/5296 3407/779/5297 3583/667/5298
f 3324/39/5299 3409/785/5300 3584/670/5301
f 3326/822/5302 3408/786/5303 3585/638/5304
f 3328/39/5305 3629/787/5306 3586/676/5307
f 3587/682/5308 3628/823/5309 3410/788/5310
f 3332/39/5311 3634/789/5312 3588/685/5313
f 3589/682/5314 3633/824/5315 3415/788/5316
f 3590/692/5317 3413/39/5318 3631/790/5319
f 3591/667/5320 3620/825/5321 3402/777/5322
f 3592/697/5323 3622/39/5324 3404/791/5325
f 3593/647/5326 3621/826/5327 3403/792/5328
f 3344/39/5329 3623/793/5330 3594/676/5331
f 3346/827/5332 3399/788/5333 3595/682/5334
f 3596/707/5335 3400/39/5336 3618/774/5337
f 3350/828/5338 3398/786/5339 3597/710/5340
f 3598/713/5341 3385/39/5342 3603/778/5343
f 3354/829/5344 3384/782/5345 3599/682/5346
f 3717/225/5347 3261/453/5348 3543/320/5349
f 3692/230/5350 3544/326/5351 3718/228/5352
f 3719/231/5353 3263/329/5354 3545/331/5355
f 3695/236/5356 3547/342/5357 3720/234/5358
f 3721/237/5359 3265/830/5360 3548/348/5361
f 3266/351/5362 3722/240/5363 3697/242/5364
f 3723/243/5365 3267/831/5366 3550/359/5367
f 3699/227/5368 3551/320/5369 3724/225/5370
f 3700/248/5371 3552/326/5372 3725/246/5373
f 3701/251/5374 3553/373/5375 3726/249/5376
f 3727/252/5377 3271/832/5378 3554/378/5379
f 3272/381/5380 3728/255/5381 3703/257/5382
f 3729/258/5383 3273/833/5384 3556/388/5385
f 3730/261/5386 3274/391/5387 3557/393/5388
f 3731/264/5389 3275/834/5390 3558/398/5391
f 3707/269/5392 3559/403/5393 3732/267/5394
f 3733/270/5395 3277/835/5396 3560/409/5397
f 3734/273/5398 3278/412/5399 3561/342/5400
f 3710/278/5401 3562/419/5402 3735/276/5403
f 3711/281/5404 3563/424/5405 3736/279/5406
f 3737/282/5407 3281/836/5408 3564/430/5409
f 3713/287/5410 3565/435/5411 3738/285/5412
f 3283/837/5413 3739/288/5414 3714/290/5415
f 3715/293/5416 3567/373/5417 3740/291/5418
f 3716/296/5419 3568/450/5420 3741/294/5421
f 3752/452/5422 3574/632/5423 3830/321/5424
f 3383/126/5425 3601/39/5426 3636/195/5427
f 3511/114/5428 3512/144/5429 3640/114/5430
f 3513/114/5431 3514/134/5432 3641/114/5433
f 3521/114/5434 3522/128/5435 3647/114/5436
f 3401/180/5437 3619/39/5438 3649/211/5439
f 3527/114/5440 3528/144/5441 3651/114/5442
f 3406/177/5443 3624/39/5444 3653/214/5445
f 3531/114/5446 3532/149/5447 3654/114/5448
f 3534/114/5449 3535/144/5450 3656/114/5451
f 3536/152/5452 3537/39/5453 3657/215/5454
f 3538/114/5455 3539/144/5456 3658/114/5457
f 3412/159/5458 3630/39/5459 3659/218/5460
f 3414/170/5461 3632/39/5462 3660/221/5463
f 3754/838/5464 3575/638/5465 3831/327/5466
f 3756/328/5467 3576/641/5468 3832/332/5469
f 3833/338/5470 3310/839/5471 3577/647/5472
f 3834/343/5473 3312/39/5474 3578/650/5475
f 3835/349/5476 3314/840/5477 3579/647/5478
f 3836/354/5479 3316/39/5480 3580/658/5481
f 3766/360/5482 3581/647/5483 3837/360/5484
f 3768/361/5485 3582/663/5486 3838/364/5487
f 3770/841/5488 3583/667/5489 3839/369/5490
f 3772/370/5491 3584/670/5492 3840/374/5493
f 3774/842/5494 3585/638/5495 3841/379/5496
f 3776/380/5497 3586/676/5498 3842/384/5499
f 3843/389/5500 3330/843/5501 3587/682/5502
f 3780/390/5503 3588/685/5504 3844/394/5505
f 3845/399/5506 3334/844/5507 3589/682/5508
f 3784/400/5509 3590/692/5510 3846/404/5511
f 3847/410/5512 3338/845/5513 3591/667/5514
f 3848/414/5515 3340/39/5516 3592/697/5517
f 3849/420/5518 3342/846/5519 3593/647/5520
f 3792/421/5521 3594/676/5522 3850/425/5523
f 3794/847/5524 3595/682/5525 3851/431/5526
f 3852/436/5527 3348/39/5528 3596/707/5529
f 3798/848/5530 3597/710/5531 3853/442/5532
f 3854/445/5533 3352/39/5534 3598/713/5535
f 3802/849/5536 3599/682/5537 3855/451/5538
f 3600/775/5539 3601/39/5540 3383/126/5541
f 3602/850/5542 3509/185/5543 3384/782/5544
f 3603/778/5545 3604/39/5546 3386/184/5547
f 3605/778/5548 3606/39/5549 3388/148/5550
f 3607/851/5551 3511/146/5552 3389/782/5553
f 3390/782/5554 3514/852/5555 3513/141/5556
f 3391/39/5557 3392/143/5558 3609/783/5559
f 3393/777/5560 3516/853/5561 3515/130/5562
f 3394/779/5563 3518/852/5564 3517/136/5565
f 3395/778/5566 3520/39/5567 3519/132/5568
f 3614/780/5569 3615/39/5570 3397/138/5571
f 3616/854/5572 3521/162/5573 3398/786/5574
f 3617/855/5575 3523/162/5576 3399/788/5577
f 3402/777/5578 3526/856/5579 3525/172/5580
f 3403/792/5581 3528/857/5582 3527/168/5583
f 3622/39/5584 3529/174/5585 3404/791/5586
f 3405/39/5587 3406/177/5588 3623/793/5589
f 3625/858/5590 3531/141/5591 3407/779/5592
f 3626/859/5593 3534/157/5594 3408/786/5595
f 3627/39/5596 3536/152/5597 3409/785/5598
f 3628/860/5599 3538/162/5600 3410/788/5601
f 3629/787/5602 3630/39/5603 3412/159/5604
f 3631/790/5605 3632/39/5606 3414/170/5607
f 3415/788/5608 3541/861/5609 3540/168/5610
f 3416/39/5611 3417/165/5612 3634/789/5613
f 3401/180/5614 3400/39/5615 3619/39/5616
s 1
f 3694/299/1339 3664/316/5617 3742/297/1337
s 0
f 3666/720/5618 3717/225/5619 3692/862/5620
f 3667/232/5621 3718/228/5622 3693/233/5623
f 3690/721/5624 3719/231/5625 3694/863/5626
f 3668/235/5627 3742/864/5628 3695/236/5629
f 3669/723/5630 3720/234/5631 3696/865/5632
f 3697/242/5633 3669/238/5634 3721/237/5635
f 3698/866/5636 3670/241/5637 3722/240/5638
f 3671/244/5639 3699/227/5640 3672/226/5641
f 3673/728/5642 3724/225/5643 3700/867/5644
f 3674/250/5645 3725/246/5646 3701/251/5647
f 3702/868/5648 3674/250/5649 3726/249/5650
f 3676/256/5651 3727/252/5652 3703/257/5653
f 3704/869/5654 3676/256/5655 3728/255/5656
f 3677/259/5657 3705/263/5658 3678/262/5659
f 3679/736/5660 3730/261/5661 3706/870/5662
f 3680/268/5663 3731/264/5664 3707/269/5665
f 3708/871/5666 3680/268/5667 3732/267/5668
f 3709/275/5669 3681/271/5670 3733/270/5671
f 3710/872/5672 3682/274/5673 3734/273/5674
f 3684/280/5675 3735/276/5676 3711/281/5677
f 3685/741/5678 3736/279/5679 3712/873/5680
f 3686/286/5681 3737/282/5682 3713/287/5683
f 3687/742/5684 3738/285/5685 3714/874/5686
f 3688/292/5687 3739/288/5688 3715/293/5689
f 3689/743/5690 3740/291/5691 3716/875/5692
f 3665/226/5693 3741/294/5694 3691/227/5695
f 3262/876/5696 3717/225/5697 3543/320/5698
f 3693/233/5699 3544/326/5700 3263/329/5701
f 3694/863/5702 3545/331/5703 3546/877/5704
f 3695/236/5705 3664/337/5706 3264/340/5707
f 3696/865/5708 3547/342/5709 3265/878/5710
f 3266/351/5711 3721/237/5712 3548/348/5713
f 3698/866/5714 3549/353/5715 3267/879/5716
f 3699/227/5717 3550/359/5718 3268/362/5719
f 3269/880/5720 3724/225/5721 3551/320/5722
f 3270/371/5723 3725/246/5724 3552/326/5725
f 3702/868/5726 3553/373/5727 3271/881/5728
f 3272/381/5729 3727/252/5730 3554/378/5731
f 3728/255/5732 3273/882/5733 3704/869/5734
f 3705/263/5735 3556/388/5736 3274/391/5737
f 3706/870/5738 3557/393/5739 3275/883/5740
f 3276/401/5741 3731/264/5742 3558/398/5743
f 3732/267/5744 3277/884/5745 3708/871/5746
f 3709/275/5747 3560/409/5748 3278/412/5749
f 3710/872/5750 3561/342/5751 3279/885/5752
f 3280/422/5753 3735/276/5754 3562/419/5755
f 3712/873/5756 3563/424/5757 3281/886/5758
f 3713/287/5759 3564/430/5760 3282/433/5761
f 3283/887/5762 3738/285/5763 3565/435/5764
f 3284/443/5765 3739/288/5766 3566/441/5767
f 3285/888/5768 3740/291/5769 3567/373/5770
f 3261/453/5771 3741/294/5772 3568/450/5773
f 3749/307/1348 3744/300/1340 3743/729/5774
f 3505/313/5775 3746/301/1341 3750/306/1347
f 3499/730/5776 3749/307/1348 3743/729/5774
f 3183/317/5777 3748/308/1349 3746/301/1341
f 3744/300/5778 3498/727/5779 3743/729/5780
f 3749/307/1348 3502/311/5781 3750/306/5782
f 3499/730/5783 3500/889/5784 3749/307/5785
f 3543/890/5786 3804/324/5787 3262/323/5788
f 3506/891/1359 3751/303/1358 3505/313/1356
f 3755/325/5789 3263/329/5790 3544/326/5791
f 3757/761/5792 3546/334/5793 3545/892/5794
f 3759/336/5795 3264/340/5796 3664/337/5797
f 3761/763/5798 3265/345/5799 3547/893/5800
f 3548/348/5801 3809/350/5802 3266/351/5803
f 3549/894/5804 3810/357/5805 3267/356/5806
f 3767/358/5807 3268/362/5808 3550/359/5809
f 3769/766/5810 3269/366/5811 3551/890/5812
f 3771/368/5813 3270/371/5814 3552/326/5815
f 3773/767/5816 3271/345/5817 3553/895/5818
f 3554/378/5819 3815/380/5820 3272/381/5821
f 3555/896/5822 3816/386/5823 3273/385/5824
f 3779/387/5825 3274/391/5826 3556/388/5827
f 3557/897/5828 3818/396/5829 3275/395/5830
f 3558/398/5831 3819/400/5832 3276/401/5833
f 3559/894/5834 3820/407/5835 3277/406/5836
f 3787/408/5837 3278/412/5838 3560/409/5839
f 3789/763/5840 3279/416/5841 3561/893/5842
f 3562/419/5843 3823/421/5844 3280/422/5845
f 3793/770/5846 3281/427/5847 3563/898/5848
f 3795/429/5849 3282/433/5850 3564/430/5851
f 3565/899/5852 3826/439/5853 3283/438/5854
f 3566/441/5855 3827/370/5856 3284/443/5857
f 3801/773/5858 3285/447/5859 3567/895/5860
f 3803/449/5861 3261/453/5862 3568/450/5863
f 3752/452/5864 3543/320/5865 3261/453/5866
f 3754/838/5867 3544/326/5868 3262/900/5869
f 3756/328/5870 3545/331/5871 3263/329/5872
f 3546/901/5873 3833/338/5874 3664/337/5875
f 3264/340/5876 3834/343/5877 3547/342/5878
f 3762/902/5879 3548/348/5880 3265/903/5881
f 3266/351/5882 3836/354/5883 3549/353/5884
f 3766/360/5885 3550/359/5886 3267/904/5887
f 3268/362/5888 3838/364/5889 3551/320/5890
f 3269/905/5891 3839/369/5892 3552/326/5893
f 3772/370/5894 3553/373/5895 3270/371/5896
f 3841/379/5897 3271/906/5898 3774/842/5899
f 3776/380/5900 3555/383/5901 3272/381/5902
f 3778/907/5903 3556/388/5904 3273/908/5905
f 3274/391/5906 3844/394/5907 3557/393/5908
f 3782/909/5909 3558/398/5910 3275/910/5911
f 3276/401/5912 3846/404/5913 3559/403/5914
f 3277/911/5915 3847/410/5916 3560/409/5917
f 3278/412/5918 3848/414/5919 3561/342/5920
f 3790/912/5921 3562/419/5922 3279/913/5923
f 3280/422/5924 3850/425/5925 3563/424/5926
f 3281/914/5927 3851/431/5928 3564/430/5929
f 3796/432/5930 3565/435/5931 3282/433/5932
f 3798/848/5933 3566/441/5934 3283/915/5935
f 3800/370/5936 3567/373/5937 3284/443/5938
f 3802/849/5939 3568/450/5940 3285/916/5941
f 3884/917/5942 3286/40/5943 3287/194/5944
f 3885/811/5945 3287/194/5946 3569/811/5947
f 3569/114/1522 3886/114/5948 3885/114/5945
f 3569/197/1522 3892/39/5949 3888/454/1523
f 3287/194/5946 3887/39/5950 3884/917/5951
f 3921/918/5952 3288/40/5953 3290/198/5954
f 3922/812/5955 3290/198/5954 3289/812/5956
f 3289/114/5956 3911/114/5957 3922/114/5955
f 3923/813/5958 3291/200/5959 3570/813/5960
f 3290/198/5961 3912/39/5962 3921/918/5952
f 3570/114/5960 3913/114/5963 3923/114/5958
f 3924/919/5964 3289/40/5956 3291/200/5959
f 3889/814/5965 3292/202/5966 3286/814/5967
f 3291/200/5959 3914/39/5968 3924/919/5969
f 3286/114/5967 3883/114/5970 3889/114/5965
f 3916/40/5971 3292/202/5972 3926/920/5973
f 3293/114/1528 3916/114/5971 3925/114/1529
f 3927/455/5974 3293/207/1528 3917/39/1530
f 3292/202/5966 3915/39/5975 3926/920/5976
f 3893/815/5977 3296/210/5978 3295/815/5979
f 3294/114/5980 3891/114/5981 3890/114/5982
f 3295/114/5979 3894/114/5983 3893/114/5977
f 3891/40/5981 3296/210/5984 3896/921/5985
f 3897/813/5986 3298/200/5987 3297/813/5988
f 3296/210/5984 3895/39/5989 3896/921/5985
f 3297/114/5990 3898/114/5991 3897/114/5992
f 3902/919/5993 3299/40/5994 3298/200/5987
f 3299/114/5994 3900/114/5995 3901/114/5996
f 3903/922/5997 3295/40/5979 3300/213/5998
f 3298/200/5999 3899/39/6000 3902/919/5993
f 3901/812/5996 3300/213/5998 3299/812/5994
f 3918/39/6001 3288/813/5953 3928/813/6002
f 3300/213/5998 3904/39/6003 3903/922/6004
f 3288/114/5953 3910/114/6005 3928/114/6006
f 3571/114/6007 3929/114/6008 3930/114/1538
f 3933/458/1535 3571/209/1537 3920/39/1539
f 3301/216/6009 3931/923/6010 3929/924/6011
f 3301/216/6009 3918/39/6012 3931/923/6013
f 3572/114/1534 3919/114/1536 3932/114/6014
f 3905/919/6015 3297/40/5990 3303/200/6016
f 3906/816/6017 3303/200/6016 3302/816/6018
f 3302/114/6018 3907/114/6019 3906/114/6017
f 3932/815/6020 3573/222/1540 3572/815/1534
f 3303/200/6021 3908/39/6022 3905/919/6015
f 3909/460/1542 3302/40/6023 3573/222/1540
s 1
f 212/32/1713 241/554/1731 284/32/1817
f 215/461/1545 284/32/1817 283/461/1543
f 330/925/1803 308/926/1793 325/927/6024
f 292/928/1800 187/927/1754 325/927/6024
f 257/929/1748 292/928/1800 291/930/1845
f 206/931/1705 340/932/1844 294/931/1810
f 203/932/1745 291/930/1845 340/932/1844
f 293/933/91 206/931/1705 294/931/1810
f 271/934/93 269/935/1759 222/934/50
f 293/933/91 222/934/50 221/936/49
f 276/937/1758 270/935/1861 282/937/1860
f 277/938/105 276/937/1758 282/937/1860
f 210/580/1867 267/939/1788 347/580/1814
f 268/940/104 157/939/1707 158/940/63
f 268/940/104 275/938/62 277/938/105
s 0
f 1016/588/6025 3959/588/6026 3971/588/6027
f 153/468/6028 3958/463/6029 3959/468/6030
f 3960/581/6031 395/581/6032 3962/581/6033
f 194/463/6034 299/468/6035 3960/468/6036
f 395/468/6037 3961/463/6038 3962/468/6033
f 2337/588/6039 3964/588/6040 3987/588/6041
f 515/468/6042 3963/463/6043 3964/468/6044
f 3966/468/6045 556/463/6046 659/468/6047
f 557/9/6048 556/463/6049 3965/463/6050
f 659/588/6051 3969/588/6052 3966/588/6053
f 802/468/6054 3967/468/6055 699/463/6056
f 898/468/6057 3968/463/6058 3969/468/6059
f 3970/463/6060 1016/468/6061 3971/468/6027
f 939/9/6062 938/463/6063 3970/463/6064
f 1162/468/6065 3972/463/6066 3973/468/6067
f 802/588/6068 3975/588/6069 3967/588/6055
f 1260/468/6070 3974/463/6071 3975/468/6072
f 3976/588/6073 1162/588/6074 3973/588/6067
f 3977/463/6075 1500/468/6076 3978/468/6077
f 1355/468/6078 3976/468/6079 1294/474/6080
f 1397/9/6081 1396/463/6082 3977/463/6083
f 3978/588/6084 1740/588/6085 3980/588/1565
f 1643/468/6086 3979/468/6087 1540/463/6088
f 3982/463/6089 2027/468/6090 1923/469/6091
f 1780/463/6092 1884/468/6093 3981/468/6094
f 1643/588/6095 3985/588/6096 3979/588/6087
f 3984/463/6097 2124/468/6098 2060/470/6099
f 3983/588/6100 2218/588/6101 2027/588/6102
f 2482/468/6103 3988/463/6104 3989/468/6105
f 2158/463/6106 2218/468/6107 3986/468/6108
f 2337/468/6109 3987/468/6041 2258/463/6110
f 2627/468/6111 3990/463/6112 3991/468/6113
f 2722/588/6114 3989/588/6115 3992/588/6116
f 3981/588/6117 2819/588/6118 3993/588/6119
f 2722/468/6120 3992/468/6116 2661/463/6121
f 3058/588/6122 3991/588/6123 3996/588/6124
f 2859/463/6125 2962/468/6126 3994/468/6127
f 2997/9/6128 2996/463/6129 3995/463/6130
f 2996/463/6131 3996/468/6132 3995/463/6130
f 2962/588/6133 3998/588/6134 3994/588/6135
f 3154/468/6136 3997/463/6137 3998/468/6138
f 3884/917/6139 3156/941/6140 3883/40/6141
f 3886/114/6142 3158/114/6143 3885/114/6144
f 3158/942/6145 3887/39/6146 3885/811/6147
f 3887/39/6148 3157/943/6149 3884/917/6150
f 3161/944/6151 3886/40/6152 3888/454/6153
f 3892/39/6154 3161/945/6155 3888/454/6156
f 3883/114/6157 3162/114/6158 3889/114/6159
f 3891/114/6160 3163/114/6161 3890/114/6162
f 3163/946/6163 3892/39/6164 3890/457/6165
f 3167/114/6166 3893/114/6167 3894/114/6168
f 3166/947/6169 3895/39/6170 3893/815/6171
f 3169/948/6172 3891/40/6173 3896/921/6174
f 3895/39/6175 3169/949/6176 3896/921/6177
f 3171/114/6178 3897/114/6179 3898/114/6180
f 3170/950/6181 3899/39/6182 3897/813/6183
f 3173/114/6184 3901/114/6185 3900/114/6186
f 3175/951/6187 3900/40/6188 3902/919/6189
f 3172/952/6190 3902/919/6191 3899/39/6192
f 3176/953/6193 3894/40/6194 3903/922/6195
f 3174/954/6196 3904/39/6197 3901/812/6198
f 3177/955/6199 3903/922/6200 3904/39/6201
f 3178/956/6202 3898/40/6203 3905/919/6204
f 3180/114/6205 3906/114/6206 3907/114/6207
f 3179/957/6208 3908/39/6209 3906/816/6210
f 3181/958/6211 3905/919/6212 3908/39/6213
f 3182/959/6214 3907/40/6215 3909/460/6216
f 3856/40/6217 3921/960/6218 3867/39/6219
f 3868/114/6220 3911/114/6221 3857/114/6222
f 3858/39/6223 3922/961/6224 3868/40/6225
f 3867/39/6226 3912/39/6227 3858/39/6228
f 3869/114/6229 3913/114/6230 3859/114/6231
f 3860/39/6232 3923/962/6233 3869/40/6234
f 3857/40/6235 3924/963/6236 3870/39/6237
f 3870/39/6238 3914/39/6239 3860/39/6240
f 3861/39/6241 3889/964/6242 3162/40/6243
f 3871/114/6244 3916/114/6245 3862/114/6246
f 3862/40/6247 3926/965/6248 3872/39/6249
f 3872/39/6250 3915/39/6251 3861/39/6252
f 3859/40/6253 3927/966/6254 3873/39/6255
f 3863/39/6256 3925/967/6257 3871/40/6258
f 3873/39/6259 3917/39/6260 3863/39/6261
f 3874/114/6262 3910/114/6263 3856/114/6264
f 3864/39/6265 3928/968/6266 3874/40/6267
f 3930/114/6268 3875/114/6269 3876/114/6270
f 3929/969/6271 3877/39/6272 3875/40/6273
f 3877/39/6274 3918/39/6275 3864/39/6276
f 3932/114/6277 3865/114/6278 3878/114/6279
f 3919/970/6280 3879/39/6281 3865/40/6282
f 3920/971/6283 3876/40/6284 3866/39/6285
f 3879/39/6286 3920/39/6287 3866/39/6288
f 3934/972/6289 3878/40/6290 3880/39/6291
f 3909/39/6292 3880/39/6293 3182/39/6294
f 4000/9/6295 3958/463/6296 72/9/6297
f 4001/575/6298 72/575/6299 195/575/6300
f 4001/973/6301 194/463/6302 4002/463/6303
f 4002/463/6304 3960/468/6305 4003/468/6306
f 4003/974/6307 3962/581/6308 4004/581/6309
f 4004/974/6310 3961/463/6311 4005/463/6310
f 4006/9/6312 3961/463/6313 332/9/6314
f 332/575/6315 4007/575/6316 4006/975/6317
f 4007/973/6318 3977/463/6319 4008/463/6320
f 4008/463/6321 3978/468/6322 4009/468/6321
f 4009/976/6323 3980/588/6324 4010/588/6325
f 4011/463/6326 3980/468/6327 1677/463/6328
f 1677/463/6329 4012/9/6330 4011/463/6331
f 1678/575/6332 4013/575/6333 4012/975/6333
f 4013/973/6334 1540/463/6335 4014/463/6336
f 4014/463/6337 3979/468/6338 4015/468/6339
f 4015/976/6340 3985/588/6341 4016/588/6342
f 3985/468/6343 4017/463/6344 4016/976/6344
f 3984/463/6345 4018/9/6346 4017/463/6347
f 2061/575/6348 4019/575/6349 4018/975/6350
f 4019/973/6351 2158/463/6352 4020/463/6353
f 4020/463/6354 3986/468/6355 4021/468/6356
f 3986/588/6357 4022/588/6358 4021/976/6359
f 3983/468/6360 4023/463/6361 4022/976/6362
f 4023/463/6363 1924/9/6364 4024/9/6363
f 4024/975/6365 1781/575/6366 4025/575/6367
f 4025/973/6368 1780/463/6369 4026/463/6370
f 4026/463/6371 3981/468/6372 4027/468/6373
f 3981/588/6374 4028/588/6375 4027/976/6376
f 4029/463/6377 3993/468/6378 3882/463/6379
f 4029/463/6380 2755/9/6381 4030/9/6382
f 2755/575/6383 4031/575/6384 4030/975/6385
f 4031/973/6386 2859/463/6387 4032/463/6388
f 4032/463/6389 3994/468/6390 4033/468/6391
f 4034/588/6392 3994/588/6393 3998/588/6394
f 4035/463/6395 3998/468/6396 3997/463/6397
f 4035/463/6398 3092/9/6399 4036/9/6398
f 4037/575/6400 3092/575/6401 2997/575/6402
f 2997/9/6403 4038/463/6404 4037/973/6405
f 4039/468/6406 3995/463/6407 3996/468/6408
f 4040/588/6409 3996/588/6410 3991/588/6411
f 4041/463/6412 3991/468/6413 3990/463/6414
f 4041/463/6415 2522/9/6416 4042/9/6417
f 4043/575/6418 2522/575/6419 2662/575/6420
f 4043/973/6421 2661/463/6422 4044/463/6423
f 4044/463/6424 3992/468/6425 4045/468/6426
f 4045/976/6427 3989/588/6428 4046/588/6429
f 4046/976/6430 3988/463/6431 4047/463/6432
f 4047/463/6433 2378/9/6434 4048/9/6435
f 4049/575/6436 2378/575/6437 2259/575/6438
f 4049/973/6439 2258/463/6440 4050/463/6441
f 4050/463/6442 3987/468/6443 4051/468/6444
f 4051/976/6445 3964/588/6446 4052/588/6447
f 4052/976/6448 3963/463/6449 4053/463/6450
f 4054/9/6451 3963/463/6452 435/9/6453
f 4055/575/6454 435/575/6455 557/575/6456
f 4055/973/6457 3965/463/6458 4056/463/6459
f 4056/463/6460 3966/468/6461 4057/468/6460
f 4057/976/6462 3969/588/6463 4058/588/6464
f 3969/468/6465 4059/463/6466 4058/976/6466
f 3968/463/6467 4060/9/6468 4059/463/6469
f 4060/975/6470 700/575/6471 4061/575/6472
f 4061/973/6473 699/463/6474 4062/463/6475
f 4062/463/6476 3967/468/6477 4063/468/6478
f 4063/976/6479 3975/588/6480 4064/588/6479
f 4064/976/6481 3974/463/6482 4065/463/6483
f 4065/463/6484 1196/9/6485 4066/9/6484
f 1196/575/6486 4067/575/6487 4066/975/6488
f 1295/9/6489 4068/463/6490 4067/973/6491
f 4069/468/6492 3881/463/6493 3976/468/6494
f 3976/588/6495 4070/588/6496 4069/976/6497
f 4070/976/6498 3972/463/6499 4071/463/6500
f 4071/463/6501 1057/9/6502 4072/9/6501
f 4073/575/6503 1057/575/6504 939/575/6505
f 4074/463/6506 939/9/6507 3970/463/6508
f 4075/468/6509 3970/463/6510 3971/468/6511
f 4075/976/6512 3959/588/6513 4076/588/6514
f 4076/976/6515 3958/463/6516 3999/463/6517
f 4077/463/6518 4000/9/6519 1/9/6520
f 3976/468/6521 3881/463/6522 1294/474/1587
f 2755/9/6523 3882/463/1588 2754/472/1590
f 4000/975/6524 2/575/6525 1/9/6526
f 4001/973/6527 3935/463/6528 2/575/6529
f 4002/463/6530 4078/468/6531 3935/463/6532
f 4003/974/6533 3/581/6534 4078/468/6535
f 3/581/6536 4005/463/6537 4/463/6538
f 4/463/6539 4006/9/6540 3936/9/6541
f 4007/575/6542 3936/9/6543 4006/975/6542
f 4007/973/6544 5/463/6545 4079/575/6546
f 4008/463/6547 3937/468/6548 5/463/6549
f 3937/468/6550 4010/588/6551 4088/588/6552
f 4088/588/6553 4011/463/6554 6/463/6555
f 6/463/6556 4012/9/6557 3938/9/6558
f 3938/9/6559 4013/575/6560 3939/575/6561
f 3939/575/6562 4014/463/6563 4089/463/6564
f 4089/463/6565 4015/468/6566 7/468/6567
f 4015/976/6568 3940/588/6569 7/468/6570
f 4016/976/6571 8/463/6572 3940/588/6573
f 4017/463/6574 3941/9/6575 8/463/6576
f 3941/9/6577 4019/575/6578 4090/575/6579
f 4090/575/6580 4020/463/6581 4080/463/6582
f 4020/463/6583 9/468/6584 4080/463/6585
f 9/468/6586 4022/588/6587 3942/588/6588
f 4022/976/6589 4091/463/6590 3942/588/6591
f 4091/463/6592 4024/9/6593 4081/9/6594
f 4024/975/6595 10/575/6596 4081/9/6597
f 10/575/6598 4026/463/6599 3943/463/6600
f 3943/463/6601 4027/468/6602 11/468/6603
f 11/468/6604 4028/588/6605 3944/588/6606
f 4028/976/6607 4092/463/6608 3944/588/6609
f 4092/463/6610 4030/9/6611 4082/9/6612
f 4030/975/6613 12/575/6614 4082/9/6615
f 12/575/6616 4032/463/6617 13/463/6618
f 4032/463/6619 14/468/6620 13/463/6621
f 4033/976/6622 15/588/6623 14/468/6624
f 15/588/6625 4035/463/6626 16/463/6627
f 16/463/6628 4036/9/6629 3945/9/6630
f 3945/9/6631 4037/575/6632 3946/575/6633
f 4037/973/6634 4093/463/6635 3946/575/6636
f 4038/463/6637 4083/468/6638 4093/463/6639
f 4039/976/6640 17/588/6641 4083/468/6642
f 4040/976/6643 3947/463/6644 17/588/6645
f 4041/463/6646 4094/9/6647 3947/463/6648
f 4042/975/6649 4084/575/6650 4094/9/6651
f 4084/575/6652 4044/463/6653 18/463/6654
f 18/463/6655 4045/468/6656 19/468/6657
f 4045/976/6658 20/588/6659 19/468/6660
f 4046/976/6661 3948/463/6662 20/588/6663
f 4047/463/6664 4095/9/6665 3948/463/6666
f 4095/9/6667 4049/575/6668 4085/575/6669
f 4085/575/6670 4050/463/6671 21/463/6672
f 21/463/6673 4051/468/6674 22/468/6675
f 22/468/6676 4052/588/6677 23/588/6678
f 4052/976/6679 3949/463/6680 23/588/6681
f 4053/463/6682 24/9/6683 3949/463/6684
f 4055/575/6685 24/9/6686 4054/975/6687
f 4055/973/6688 4086/463/6689 3950/575/6690
f 4056/463/6691 25/468/6692 4086/463/6693
f 4057/976/6694 26/588/6695 25/468/6696
f 26/588/6697 4059/463/6698 27/463/6699
f 27/463/6700 4060/9/6701 28/9/6702
f 28/9/6703 4061/575/6704 3951/575/6705
f 4061/973/6706 4087/463/6707 3951/575/6708
f 4063/468/6709 4087/463/6710 4062/463/6711
f 29/468/6712 4064/588/6713 3952/588/6714
f 4064/976/6715 30/463/6716 3952/588/6717
f 30/463/6718 4066/9/6719 3953/9/6720
f 4066/975/6721 4096/575/6722 3953/9/6723
f 4096/575/6724 4068/463/6725 31/463/6726
f 31/463/6727 4069/468/6728 3954/468/6729
f 4069/976/6730 32/588/6731 3954/468/6732
f 4070/976/6733 3955/463/6734 32/588/6735
f 4071/463/6736 3956/9/6737 3955/463/6738
f 3956/9/6739 4073/575/6740 4097/575/6741
f 4097/575/6742 4074/463/6743 33/463/6744
f 33/463/6745 4075/468/6746 3957/468/6747
f 4075/976/6748 4098/588/6749 3957/468/6750
f 4098/588/6751 3999/463/6752 4077/463/6753
s 1
f 60/16/16 61/44/1601 130/17/17
f 105/19/19 47/487/1608 73/20/20
f 91/31/31 958/31/2303 955/32/32
f 147/35/36 1011/35/1672 1007/36/37
f 48/37/39 71/7/7 87/38/40
f 155/39/41 133/106/1647 131/18/18
f 192/41/52 193/528/1694 245/42/53
f 183/16/55 254/18/1743 253/17/56
f 163/551/1684 185/50/72 236/49/71
f 185/50/72 288/50/1799 238/48/70
f 288/50/1799 287/551/1856 286/49/1830
f 286/49/1830 285/48/113 288/50/1799
f 285/48/113 238/48/70 288/50/1799
f 52/51/73 173/51/1747 174/52/69
f 244/55/54 121/55/76 181/56/78
f 121/55/76 123/977/1662 58/56/77
f 58/56/77 141/978/1658 181/56/78
f 141/978/1658 264/978/1755 181/56/78
f 181/56/78 248/977/1734 244/55/54
f 323/16/94 289/44/1766 290/17/95
f 359/19/97 311/487/1804 333/20/98
f 273/62/112 237/62/1728 238/63/70
f 396/39/114 378/106/1843 297/18/96
f 423/16/128 424/44/1891 492/17/129
f 467/19/131 410/487/1898 436/20/132
f 454/31/144 2279/31/3370 2276/32/145
f 509/35/147 2332/35/1962 2328/36/148
f 411/37/150 434/464/1886 450/38/151
f 517/39/152 495/106/1937 493/18/130
f 554/41/166 555/528/1984 605/42/167
f 525/551/1973 547/50/186 596/49/185
f 547/50/186 648/50/2194 598/48/184
f 648/50/2194 647/551/2247 646/49/2223
f 646/49/2223 645/48/2259 648/50/2194
f 645/48/2259 598/48/184 648/50/2194
f 414/52/142 415/51/1888 535/51/187
f 604/55/168 483/55/190 543/56/192
f 483/55/190 485/977/1952 421/56/191
f 421/56/191 503/978/1948 543/56/192
f 503/978/1948 624/978/2043 543/56/192
f 543/56/192 608/977/2020 604/55/168
f 697/41/205 698/528/2096 748/42/206
f 668/551/2084 690/50/225 739/49/224
f 690/50/225 792/50/2490 741/48/223
f 792/50/2490 791/551/2549 790/49/2522
f 790/49/2522 789/48/6754 792/50/2490
f 789/48/6754 741/48/223 792/50/2490
f 674/77/226 675/37/2086 713/78/227
f 827/16/240 649/44/2060 650/17/241
f 863/19/243 814/487/2198 837/20/244
s 0
f 851/80/6755 571/80/6756 519/81/6757
f 778/82/6758 893/82/6759 881/83/6760
s 1
f 899/39/263 882/106/2234 657/18/242
f 1045/16/298 1046/44/317 1152/17/299
f 1091/19/301 1032/487/2384 1058/20/302
f 1077/31/313 1147/31/2590 1146/32/314
f 1134/36/318 1138/35/2450 1145/35/319
s 0
f 1137/82/6761 1118/83/6762 996/83/6763
s 1
f 1163/39/324 1119/106/2431 1117/18/300
f 1187/16/335 793/44/2172 794/17/336
f 1224/19/338 1174/487/2494 1197/20/339
s 0
f 1212/80/6764 714/80/6765 662/81/6766
s 1
f 1261/39/354 1244/106/2535 800/18/337
f 1251/978/2545 1346/978/2626 1284/56/385
f 1284/56/385 1333/977/2605 1329/55/383
f 1329/55/383 1234/55/2525 1185/56/384
f 1234/55/2525 1236/977/2548 1185/56/384
f 1185/56/384 1251/978/2545 1284/56/385
f 1394/41/395 1395/528/2675 1446/42/396
f 1365/551/2663 1387/50/415 1437/49/414
f 1387/50/415 1489/50/2875 1439/48/413
f 1489/50/2875 1488/551/2930 1487/49/2904
f 1487/49/2904 1486/48/2942 1489/50/2875
f 1486/48/2942 1439/48/413 1489/50/2875
f 1497/114/6767 1499/114/487 1455/18/417
f 1499/114/487 1498/18/418 1455/18/417
f 1498/18/418 1491/17/2752 1454/17/416
f 1538/41/431 1539/528/2778 1588/42/432
f 1509/551/2766 1531/50/449 1579/49/448
f 1531/50/449 1632/50/3176 1581/48/447
f 1632/50/3176 1631/551/3232 1630/49/3205
f 1630/49/3205 1629/48/6768 1632/50/3176
f 1629/48/6768 1581/48/447 1632/50/3176
f 1515/77/452 1516/37/2768 1553/94/453
f 1705/19/466 1655/487/2880 1679/20/467
s 0
f 1693/80/6769 1412/80/6770 1359/81/6771
f 1735/82/6772 1723/83/6773 1600/83/6774
s 1
f 1741/39/486 1724/106/2916 1498/18/418
f 1778/41/500 1779/528/2971 1829/42/501
f 1749/551/2959 1771/50/520 1820/49/519
f 1771/50/520 1873/50/3742 1822/48/518
f 1873/50/3742 1872/551/3800 1871/49/3775
f 1871/49/3775 1870/48/3812 1873/50/3742
f 1870/48/3812 1822/48/518 1873/50/3742
f 1755/77/521 1756/37/2961 1794/99/522
f 1912/16/535 1913/44/554 2018/17/536
f 1957/19/538 1899/487/3076 1925/20/539
f 1943/31/550 2013/31/3270 2012/32/551
f 1999/36/557 2000/36/3131 2004/35/558
s 0
f 2003/82/6775 1984/83/6776 1841/83/6777
s 1
f 2028/39/565 1985/106/3117 1983/18/537
f 2052/16/578 1633/44/2854 1634/17/579
f 2088/19/581 2039/487/3180 2062/20/582
s 0
f 2076/80/6778 1554/80/6779 1503/81/6780
s 1
f 2125/39/596 2108/106/3218 1641/18/580
s 0
f 2108/106/6781 2125/39/6782 2219/39/6783
s 1
f 2366/16/667 2367/44/686 2472/110/668
f 2411/19/670 2353/487/3450 2379/20/671
f 2397/31/682 2467/31/3657 2466/32/683
f 2458/35/687 2465/35/3515 2453/36/688
s 0
f 2457/82/6784 2438/83/6785 2317/83/6786
s 1
f 2483/39/696 2439/106/3492 2437/18/669
f 2510/16/713 2511/44/3549 2582/17/714
f 2555/19/716 2497/487/3556 2523/20/717
f 2541/31/728 2613/31/3953 2612/32/729
f 2604/35/733 2611/35/3621 2599/36/734
f 2625/114/737 2624/114/739 2583/18/715
f 2583/18/715 2582/17/714 2618/17/3626
f 2618/17/3626 2626/18/736 2583/18/715
f 2628/39/738 2585/106/3596 2583/18/715
f 2653/16/752 2481/18/3685 2472/110/668
s 0
f 2705/106/6787 2585/106/6788 2628/39/6789
s 1
f 2746/16/780 1874/44/3047 1875/17/781
f 2783/19/783 2734/487/3746 2756/20/784
s 0
f 1852/81/6790 2771/80/6791 1795/80/6792
s 1
f 2820/39/801 2803/106/3788 1882/18/782
f 2857/41/815 2858/528/3826 2908/42/816
f 2828/551/3815 2850/50/835 2899/49/834
f 2850/50/835 2951/50/4027 2901/48/833
f 2951/50/4027 2950/551/4081 2949/49/4056
f 2949/49/4056 2948/48/6793 2951/50/4027
f 2948/48/6793 2901/48/833 2951/50/4027
f 2738/52/796 2806/51/787 2838/51/836
f 2907/55/817 2793/55/837 2846/56/839
f 2793/55/837 2795/977/3799 2744/56/838
f 2744/56/838 2811/978/3797 2846/56/839
f 2811/978/3797 2927/978/3885 2846/56/839
f 2846/56/839 2911/977/3862 2907/55/817
f 3083/16/876 2952/44/3900 2953/17/877
f 3119/19/879 3070/487/4031 3093/20/880
s 0
f 3107/80/6794 2874/80/6795 2822/81/6796
f 3149/82/6797 3137/83/6798 3042/83/6799
s 1
f 3155/39/900 3138/106/4069 2960/18/878
f 283/461/1543 389/462/1858 272/462/1544
f 36/23/23 35/22/22 34/475/1591
f 40/71/1593 39/542/1664 38/476/1594
f 43/47/1596 42/6/6 45/5/5
f 48/37/39 47/487/1608 46/8/8
f 51/29/29 50/28/28 49/61/1598
f 57/480/1599 56/509/1633 59/481/1600
f 61/44/1601 60/16/16 63/483/1602
f 65/485/1604 64/559/2359 55/2/2
f 69/41/1605 68/528/1654 67/46/1606
f 48/37/39 74/488/1609 73/20/20
f 74/488/1609 76/555/1680 75/489/1610
f 77/490/1611 75/489/1610 79/491/1612
f 81/34/35 80/523/1648 83/493/1614
f 84/12/12 82/66/1615 83/493/1614
f 37/68/1592 34/475/1591 87/38/40
f 66/4/4 42/6/6 89/494/1617
f 92/495/1618 91/31/31 90/32/33
f 41/477/1595 94/520/1644 95/497/1620
f 96/498/1621 86/11/11 34/475/1591
f 86/11/11 96/498/1621 97/499/1622
f 82/66/1615 84/12/12 97/499/1622
f 102/21/21 101/526/1651 104/500/1623
f 106/25/25 105/19/19 102/21/21
f 104/500/1623 101/526/1651 107/501/1624
f 108/502/1625 107/501/1624 49/61/1598
f 111/503/1626 110/72/1629 109/504/1627
f 110/72/1629 111/503/1626 114/506/1630
f 116/508/1632 115/558/2358 59/481/1600
f 119/511/1643 118/511/1635 117/510/1634
f 118/511/1635 982/511/6800 981/510/1636
f 120/42/75 68/528/1654 69/41/1605
f 124/512/1637 123/537/1662 122/513/1638
f 125/514/1639 124/512/1637 92/495/1618
f 126/515/1640 41/477/1595 38/476/1594
f 56/509/1633 57/480/1599 128/517/1642
f 56/509/1633 119/518/1643 117/519/1634
f 112/505/1628 109/504/1627 129/521/1645
f 109/504/1627 95/497/1620 129/521/1645
f 132/522/1646 60/16/16 131/18/18
f 76/555/1680 83/493/1614 134/525/1650
f 83/493/1614 80/523/1648 134/525/1650
f 101/526/1651 102/21/21 73/20/20
f 101/526/1651 75/489/1610 77/490/1611
f 107/501/1624 77/490/1611 136/59/1652
f 52/479/73 49/61/1598 136/59/1652
f 77/490/1611 78/492/1613 89/494/1617
f 68/528/1654 137/124/1656 138/529/1655
f 54/3/3 79/491/1612 134/525/1650
f 53/1/1 134/525/1650 135/524/1649
f 42/6/6 43/47/1596 138/529/1655
f 137/124/1656 136/59/1652 89/494/1617
f 260/527/1653 136/59/1652 137/124/1656
f 114/506/1630 111/503/1626 140/531/1657
f 111/503/1626 112/505/1628 142/533/1659
f 120/42/75 139/530/74 137/124/1656
f 41/477/1595 126/515/1640 143/534/1660
f 901/535/1661 902/536/281 36/536/23
f 113/507/1631 39/542/1664 40/71/1593
f 55/2/2 64/559/2359 44/478/1597
f 45/5/5 66/4/4 54/3/3
f 59/481/1600 114/506/1630 141/532/1658
f 123/537/1662 124/512/1637 57/480/1599
f 54/3/3 66/4/4 78/492/1613
f 40/71/1593 95/497/1620 109/504/1627
f 1007/538/37 964/539/271 100/539/15
f 59/481/1600 115/558/2358 113/507/1631
f 69/41/1605 122/513/1638 123/537/1662
f 125/514/1639 128/517/1642 57/480/1599
f 122/513/1638 145/543/1665 91/31/31
f 116/540/1632 117/541/1634 981/541/1636
f 63/483/1602 38/476/1594 39/542/1664
f 70/486/1607 67/46/1606 43/47/1596
f 69/41/1605 70/486/1607 145/543/1665
f 60/16/16 132/522/1646 146/544/1666
f 147/35/36 96/498/1621 35/22/22
f 147/35/36 144/36/38 97/499/1622
f 144/36/38 100/15/15 98/14/14
f 1010/545/280 148/545/24 36/536/23
f 82/66/1615 98/14/14 99/13/13
f 150/546/1667 149/27/27 103/26/26
f 150/546/1667 104/500/1623 108/502/1625
f 151/547/1668 108/502/1625 50/28/28
f 127/540/1669 38/530/6801 63/483/1670
f 1011/549/1672 147/549/36 148/550/24
f 93/496/1619 118/554/1635 125/514/1639
f 118/554/1635 119/518/1643 125/514/1639
f 929/50/1675 62/50/1603 115/48/2358
f 62/50/1603 39/551/1664 113/49/1631
f 115/48/2358 62/50/1603 113/49/1631
f 115/48/2358 980/48/2315 929/50/1675
f 980/48/2315 978/49/1673 929/50/1675
f 61/44/1601 930/44/2285 993/17/1676
f 135/552/1649 997/552/2335 932/553/1677
f 93/496/1619 90/32/33 118/554/1635
f 90/32/33 955/32/32 118/554/1635
f 1017/114/6802 154/114/42 994/18/1679
f 154/114/42 131/18/18 994/18/1679
f 131/18/18 130/17/17 993/17/1676
f 86/11/11 85/10/10 74/488/1609
f 85/10/10 83/493/1614 76/555/1680
f 79/491/1612 75/489/1610 76/555/1680
f 71/7/7 153/468/6803 88/69/1616
f 158/23/63 157/68/1707 156/475/1681
f 162/71/1682 161/477/1715 160/476/1683
f 165/5/48 164/6/47 167/47/60
f 170/37/1686 169/77/1780 168/8/1687
f 174/29/69 173/479/1747 172/61/1689
f 180/481/1690 179/509/1738 182/480/1691
f 184/483/1692 183/16/55 186/44/57
f 177/2/45 187/559/1754 188/485/1693
f 192/41/52 191/486/1756 190/46/59
f 168/8/1687 169/77/1780 194/463/1695
f 170/37/1686 171/487/1688 196/20/1697
f 197/488/1698 196/20/1697 198/489/1699
f 200/491/1701 198/489/1699 202/490/1702
f 204/493/1704 203/523/1745 206/34/1705
f 157/68/1707 210/69/1867 209/38/1708
f 211/494/1711 164/6/47 189/4/46
f 214/495/1712 213/496/1765 212/32/1713
f 217/497/1714 216/520/1741 161/477/1715
f 218/498/1716 159/22/61 156/475/1681
f 218/498/1716 208/557/1710 207/556/1709
f 219/499/1717 207/556/1709 205/66/1706
f 224/500/1718 223/526/1722 226/21/1719
f 227/25/64 225/26/66 226/21/1719
f 224/500/1718 230/502/1723 229/501/1721
f 230/502/1723 175/28/67 172/61/1689
f 233/503/1724 232/505/1752 231/504/1725
f 235/506/1727 233/503/1724 234/72/1726
f 237/508/1728 179/509/1738 180/481/1690
f 240/511/6804 239/510/1740 241/511/1731
f 239/510/1740 243/510/1729 241/511/1731
f 247/512/1732 214/495/1712 246/513/1733
f 249/514/1735 213/496/1765 214/495/1712
f 160/476/1683 161/477/1715 251/515/1736
f 179/509/1738 240/518/6804 252/517/1739
f 239/519/1740 240/518/6804 179/509/1738
f 231/504/1725 232/505/1752 217/497/1714
f 232/505/1752 129/521/1645 217/497/1714
f 256/522/1742 255/106/1783 254/18/1743
f 199/555/1700 258/525/1744 204/493/1704
f 258/525/1744 257/524/1748 203/523/1745
f 196/20/1697 171/487/1688 228/19/1720
f 223/526/1722 198/489/1699 196/20/1697
f 202/490/1702 198/489/1699 223/526/1722
f 259/59/1746 202/490/1702 229/501/1721
f 173/479/1747 260/527/1653 259/59/1746
f 211/494/1711 201/492/1703 202/490/1702
f 262/45/58 261/124/1749 193/528/1694
f 258/525/1744 200/491/1701 178/3/44
f 257/524/1748 258/525/1744 176/1/43
f 262/45/58 167/47/60 164/6/47
f 211/494/1711 259/59/1746 261/124/1749
f 260/527/1653 139/530/74 261/124/1749
f 235/506/1727 264/532/1755 263/531/1750
f 233/503/1724 263/531/1750 265/533/1751
f 245/42/53 193/528/1694 261/124/1749
f 266/534/1753 251/515/1736 161/477/1715
f 162/71/1682 163/542/1684 236/507/71
f 177/2/45 165/5/48 166/478/1685
f 165/5/48 177/2/45 178/3/44
f 264/532/1755 235/506/1727 180/481/1690
f 182/480/1691 247/512/1732 248/537/1734
f 201/492/1703 189/4/46 178/3/44
f 162/71/1682 234/72/1726 231/504/1725
f 180/481/1690 235/506/1727 236/507/71
f 248/537/1734 246/513/1733 192/41/52
f 182/480/1691 252/517/1739 249/514/1735
f 215/31/1545 272/543/1544 246/513/1733
f 237/540/1728 273/540/112 243/541/1729
f 184/483/1692 185/484/72 163/542/1684
f 191/486/1756 166/478/1685 167/47/60
f 272/543/1544 191/486/1756 192/41/52
f 274/544/1757 256/522/1742 183/16/55
f 159/22/61 218/498/1716 276/35/1758
f 276/35/1758 218/498/1716 219/499/1717
f 269/36/1759 219/499/1717 220/14/51
f 221/13/49 220/14/51 205/66/1706
f 278/546/1760 224/500/1718 225/26/66
f 230/502/1723 224/500/1718 278/546/1760
f 175/28/67 230/502/1723 280/547/1761
f 184/483/1762 160/530/6805 250/540/1763
f 252/517/1739 240/518/6804 249/514/1735
f 240/518/6804 241/554/1731 249/514/1735
f 186/44/57 253/17/56 290/17/95
f 298/114/115 297/18/96 296/114/1767
f 297/18/96 290/17/95 254/18/1743
f 290/17/95 253/17/56 254/18/1743
f 228/560/1720 171/561/1688 47/561/1608
f 51/52/29 174/52/69 281/562/68
f 216/520/1741 129/521/1645 266/534/1753
f 129/521/1645 94/520/1644 143/534/1660
s 0
f 132/83/6806 256/83/6807 274/82/6808
f 255/563/6809 256/564/6810 132/564/6811
f 126/515/6812 127/516/6813 250/516/6814
f 274/548/6815 250/540/6816 127/540/6817
s 1
f 169/77/1780 170/37/1686 208/557/1710
f 208/557/1710 170/37/1686 197/488/1698
f 207/556/1709 197/488/1698 199/555/1700
f 200/491/1701 258/525/1744 199/555/1700
f 209/38/1708 210/69/1867 169/77/1780
f 210/69/1867 299/468/1781 169/77/1780
f 300/39/1782 296/40/1767 254/18/1743
f 142/565/1659 265/565/1751 263/566/1750
f 126/569/1640 251/569/1736 266/570/1753
f 150/546/1667 278/546/1760 279/27/65
f 106/25/25 149/27/27 279/27/65
f 46/571/8 47/572/1608 171/572/1688
f 228/19/1720 105/19/19 106/25/25
s 0
f 255/106/6818 133/106/6819 155/39/6820
s 1
f 151/547/1668 280/547/1761 278/546/1760
f 151/547/1668 152/30/30 281/30/68
f 120/42/75 121/573/76 244/573/54
f 264/574/1755 141/574/1658 140/531/1657
f 232/505/1752 265/533/1751 129/521/1645
f 265/533/1751 142/533/1659 129/521/1645
f 72/575/9 46/576/8 168/576/1687
f 268/23/104 302/22/103 301/475/1787
f 304/71/1789 287/542/1856 303/476/1790
f 307/47/1792 306/6/84 309/5/83
f 312/37/1794 311/487/1804 310/8/86
f 315/29/110 314/28/109 313/61/102
f 320/480/1795 319/509/1831 322/481/1796
f 289/44/1766 323/16/94 324/483/1798
f 292/485/1800 325/559/6024 318/2/80
f 329/41/1801 328/528/1848 327/46/1802
f 312/37/1794 334/488/1805 333/20/98
f 334/488/1805 336/555/1877 335/489/1806
f 337/490/1807 335/489/1806 339/491/1808
f 294/34/1810 340/523/1844 342/493/1811
f 343/12/90 341/66/1812 342/493/1811
f 267/68/1788 301/475/1787 346/38/1813
f 326/4/82 306/6/84 348/494/1815
f 349/495/1816 283/31/1543 284/32/1817
f 305/477/1791 350/520/1840 351/497/1819
f 352/498/1820 345/58/89 301/475/1787
f 345/58/89 352/498/1820 353/499/1821
f 341/66/1812 343/12/90 353/499/1821
f 356/21/99 355/526/1847 358/500/1822
f 360/25/106 359/19/97 356/21/99
f 358/500/1822 355/526/1847 361/501/1823
f 362/502/1824 361/501/1823 313/61/102
f 365/503/1825 364/72/1828 363/504/1826
f 364/72/1828 365/503/1825 367/506/1829
f 273/508/112 285/558/113 322/481/1796
f 368/42/1832 328/528/1848 329/41/1801
f 372/512/1834 371/537/1857 370/513/1835
f 373/514/1836 372/512/1834 349/495/1816
f 374/515/1837 305/477/1791 303/476/1790
f 319/509/1831 320/480/1795 376/517/1839
f 319/509/1831 242/518/1730 243/519/1729
f 366/505/1827 363/504/1826 1357/521/1841
f 363/504/1826 351/497/1819 1357/521/1841
f 377/522/1842 323/16/94 297/18/96
f 336/555/1877 342/493/1811 379/525/1846
f 342/493/1811 340/523/1844 379/525/1846
f 355/526/1847 356/21/99 333/20/98
f 355/526/1847 335/489/1806 337/490/1807
f 361/501/1823 337/490/1807 380/59/100
f 337/490/1807 338/492/1809 348/494/1815
f 328/528/1848 382/124/1850 383/577/1849
f 317/3/81 339/491/1808 379/525/1846
f 316/1/79 379/525/1846 291/524/1845
f 306/6/84 307/47/1792 383/577/1849
f 382/124/1850 380/59/100 348/494/1815
f 381/60/101 380/59/100 382/124/1850
f 367/506/1829 365/503/1825 385/531/1852
f 365/503/1825 366/505/1827 387/533/1854
f 328/528/1848 368/42/1832 384/530/1851
f 305/477/1791 374/515/1837 388/534/1855
f 287/542/1856 304/71/1789 364/72/1828
f 318/2/80 325/559/6024 308/478/1793
f 309/5/83 326/4/82 317/3/81
f 322/481/1796 367/506/1829 386/532/1853
f 371/537/1857 372/512/1834 320/480/1795
f 317/3/81 326/4/82 338/492/1809
f 304/71/1789 351/497/1819 363/504/1826
f 322/481/1796 285/558/113 286/507/1830
f 329/41/1801 370/513/1835 371/537/1857
f 373/514/1836 376/517/1839 320/480/1795
f 370/513/1835 389/543/1858 283/31/1543
f 185/578/72 186/579/57 289/579/1766
f 324/483/1798 303/476/1790 287/542/1856
f 330/486/1803 327/46/1802 307/47/1792
f 329/41/1801 330/486/1803 389/543/1858
f 323/16/94 377/522/1842 390/544/1859
f 282/35/1860 352/498/1820 302/22/103
f 282/35/1860 270/36/1861 353/499/1821
f 270/36/1861 271/15/93 354/14/92
f 341/66/1812 354/14/92 293/13/91
f 392/546/1862 391/27/108 357/26/107
f 392/546/1862 358/500/1822 362/502/1824
f 393/547/1863 362/502/1824 314/28/109
f 375/540/1864 303/530/6821 324/483/1865
f 347/580/1814 395/581/6822 299/581/1781
f 295/496/1818 241/554/1731 373/514/1836
f 241/554/1731 242/518/1730 373/514/1836
s 0
f 378/563/6823 1456/563/6824 1457/564/6825
f 1452/515/6826 374/515/6827 375/516/6828
f 390/548/6829 1475/548/6830 1451/540/6831
s 1
f 312/37/1794 331/57/85 346/38/1813
f 345/58/89 344/10/88 334/488/1805
f 344/10/88 342/493/1811 336/555/1877
f 339/491/1808 335/489/1806 336/555/1877
f 331/57/85 395/468/6822 347/69/1814
f 399/23/135 398/22/134 397/475/1878
f 403/71/1880 402/542/1954 401/476/1881
f 406/47/1883 405/6/121 408/5/120
f 411/37/150 410/487/1898 409/8/1885
f 414/29/142 413/28/141 412/61/1887
f 420/480/1889 419/509/1923 422/481/1890
f 424/44/1891 423/16/128 426/483/1892
f 428/485/1894 427/559/3424 418/2/117
f 432/41/1895 431/528/1944 430/46/1896
f 411/37/150 437/488/1900 436/20/132
f 437/488/1900 439/555/1971 438/489/1901
f 440/490/1902 438/489/1901 442/491/1903
f 444/65/125 443/523/1938 446/493/1905
f 447/12/124 445/66/137 446/493/1905
f 400/68/1879 397/475/1878 450/38/151
f 429/4/119 405/6/121 452/494/1907
f 455/495/1908 454/31/144 453/32/146
f 404/477/1882 457/520/1934 458/497/1910
f 459/498/1911 449/64/123 397/475/1878
f 449/64/123 459/498/1911 460/499/1912
f 445/66/137 447/12/124 460/499/1912
f 464/21/133 463/526/1941 466/500/1913
f 468/25/138 467/19/131 464/21/133
f 466/500/1913 463/526/1941 469/501/1914
f 470/502/1915 469/501/1914 412/61/1887
f 473/503/1916 472/72/1919 471/504/1917
f 472/72/1919 473/503/1916 476/506/1920
f 478/508/1922 477/558/3423 422/481/1890
f 481/511/1933 480/511/1925 479/510/1924
f 480/511/1925 2303/511/6832 2302/510/1926
f 482/42/189 431/528/1944 432/41/1895
f 486/512/1927 485/537/1952 484/513/1928
f 487/514/1929 486/512/1927 455/495/1908
f 488/515/1930 404/477/1882 401/476/1881
f 419/509/1923 420/480/1889 490/517/1932
f 419/509/1923 481/518/1933 479/519/1924
f 474/505/1918 471/504/1917 491/521/1935
f 471/504/1917 458/497/1910 491/521/1935
f 494/522/1936 423/16/128 493/18/130
f 439/555/1971 446/493/1905 496/525/1940
f 446/493/1905 443/523/1938 496/525/1940
f 463/526/1941 464/21/133 436/20/132
f 463/526/1941 438/489/1901 440/490/1902
f 469/501/1914 440/490/1902 498/59/1942
f 415/479/1888 412/61/1887 498/59/1942
f 440/490/1902 441/492/1904 452/494/1907
f 431/528/1944 499/124/1946 500/582/1945
f 417/3/118 442/491/1903 496/525/1940
f 416/1/116 496/525/1940 497/524/1939
f 405/6/121 406/47/1883 500/582/1945
f 499/124/1946 498/59/1942 452/494/1907
f 620/527/1943 498/59/1942 499/124/1946
f 476/506/1920 473/503/1916 502/531/1947
f 473/503/1916 474/505/1918 504/533/1949
f 482/42/189 501/530/188 499/124/1946
f 404/477/1882 488/515/1930 505/534/1950
f 2222/536/648 399/536/135 400/535/1879
f 475/507/1921 402/542/1954 403/71/1880
f 418/2/117 427/559/3424 407/478/1884
f 408/5/120 429/4/119 417/3/118
f 422/481/1890 476/506/1920 503/532/1948
f 420/480/1889 421/482/191 485/537/1952
f 417/3/118 429/4/119 441/492/1904
f 403/71/1880 458/497/1910 471/504/1917
f 2285/539/638 462/539/127 506/538/149
f 422/481/1890 477/558/3423 475/507/1921
f 432/41/1895 484/513/1928 485/537/1952
f 487/514/1929 490/517/1932 420/480/1889
f 484/513/1928 507/543/1955 454/31/144
f 478/540/1922 479/541/1924 2302/541/1926
f 426/483/1892 401/476/1881 402/542/1954
f 433/486/1897 430/46/1896 406/47/1883
f 432/41/1895 433/486/1897 507/543/1955
f 423/16/128 494/522/1936 508/544/1956
f 509/35/147 459/498/1911 398/22/134
f 509/35/147 506/36/149 460/499/1912
f 506/36/149 462/15/127 461/14/126
f 510/545/136 399/536/135 2222/536/648
f 512/546/1957 511/27/140 465/26/139
f 512/546/1957 466/500/1913 470/502/1915
f 513/547/1958 470/502/1915 413/28/141
f 489/540/1959 401/530/6833 426/483/1960
f 509/549/147 510/550/136 2331/550/647
f 456/496/1909 480/554/1925 487/514/1929
f 480/554/1925 481/518/1933 487/514/1929
f 2249/50/1965 425/50/1893 477/48/3423
f 425/50/1893 402/551/1954 475/49/1921
f 477/48/3423 425/50/1893 475/49/1921
f 477/48/3423 2301/48/3382 2249/50/1965
f 2301/48/3382 2299/49/1963 2249/50/1965
f 424/44/1891 2250/44/3351 2314/17/1966
f 497/552/1939 2318/552/3401 2252/553/1967
f 456/496/1909 453/32/146 480/554/1925
f 453/32/146 2276/32/145 480/554/1925
f 2338/114/6834 516/114/153 2315/18/1970
f 516/114/153 493/18/130 2315/18/1970
f 493/18/130 492/17/129 2315/18/1970
f 449/64/123 448/10/122 437/488/1900
f 448/10/122 446/493/1905 439/555/1971
f 442/491/1903 438/489/1901 439/555/1971
f 434/464/1886 515/468/6835 451/69/1906
f 520/23/177 519/68/161 518/67/160
f 524/71/170 523/477/2002 522/476/1972
f 527/5/159 526/6/158 529/47/174
f 532/37/1975 531/77/2077 530/8/1976
f 536/29/183 535/479/187 534/61/1978
f 542/481/1979 541/509/2024 544/480/1980
f 546/483/1981 545/16/2029 548/44/1982
f 539/2/156 549/559/2042 550/485/1983
f 554/41/166 553/486/2046 552/46/173
f 530/8/1976 531/77/2077 556/463/1985
f 532/37/1975 533/487/1977 558/20/1987
f 559/488/1988 558/20/1987 560/489/1989
f 562/491/1991 560/489/1989 564/490/1992
f 566/493/1994 565/523/2034 568/34/1995
f 572/494/1997 526/6/158 551/4/157
f 575/495/1999 574/496/2057 573/32/2000
f 591/70/169 577/520/2027 523/477/2002
f 578/498/2003 521/22/175 518/67/160
f 578/498/2003 570/584/2004 569/583/1998
f 579/499/2005 569/583/1998 567/66/1996
f 584/500/2006 583/526/2010 586/21/2007
f 587/25/178 585/26/180 586/21/2007
f 584/500/2006 590/502/2011 589/501/2009
f 590/502/2011 537/28/181 534/61/1978
f 593/503/2012 592/505/2028 591/70/169
f 595/506/2013 593/503/2012 594/72/171
f 597/508/2014 541/509/2024 542/481/1979
f 600/511/6836 599/510/2026 601/511/2017
f 599/510/2026 603/510/2015 601/511/2017
f 607/512/2018 575/495/1999 606/513/2019
f 609/514/2021 574/496/2057 575/495/1999
f 522/476/1972 523/477/2002 611/515/2022
f 541/509/2024 600/518/6836 612/517/2025
f 599/519/2026 600/518/6836 541/509/2024
f 577/520/2027 591/70/169 592/505/2028
f 545/16/2029 614/18/2032 613/17/2030
f 616/522/2031 615/106/2079 614/18/2032
f 561/555/1990 618/525/2033 566/493/1994
f 618/525/2033 617/524/2036 565/523/2034
f 558/20/1987 533/487/1977 588/19/2008
f 583/526/2010 560/489/1989 558/20/1987
f 564/490/1992 560/489/1989 583/526/2010
f 619/59/2035 564/490/1992 589/501/2009
f 535/479/187 620/527/1943 619/59/2035
f 572/494/1997 563/492/1993 564/490/1992
f 622/73/172 621/124/2037 555/528/1984
f 618/525/2033 562/491/1991 540/3/155
f 617/524/2036 618/525/2033 538/1/154
f 622/73/172 529/47/174 526/6/158
f 572/494/1997 619/59/2035 621/124/2037
f 620/527/1943 501/530/188 621/124/2037
f 595/506/2013 624/532/2043 623/531/2038
f 593/503/2012 623/531/2038 625/533/2039
f 605/42/167 555/528/1984 621/124/2037
f 626/534/2040 611/515/2022 523/477/2002
f 519/535/161 520/536/177 628/536/247
f 524/71/170 525/542/1973 596/507/185
f 539/2/156 527/5/159 528/478/1974
f 527/5/159 539/2/156 540/3/155
f 624/532/2043 595/506/2013 542/481/1979
f 544/480/1980 607/512/2018 608/537/2020
f 563/492/1993 551/4/157 540/3/155
f 630/538/2044 629/538/2050 582/539/164
f 542/481/1979 595/506/2013 596/507/185
f 608/537/2020 606/513/2019 554/41/166
f 544/480/1980 612/517/2025 609/514/2021
f 576/31/2001 632/543/2047 606/513/2019
f 599/541/2026 597/540/2014 633/540/2045
f 546/483/1981 547/484/186 525/542/1973
f 553/486/2046 528/478/1974 529/47/174
f 632/543/2047 553/486/2046 554/41/166
f 634/544/2048 616/522/2031 545/16/2029
f 521/22/175 578/498/2003 636/35/2049
f 636/35/2049 578/498/2003 579/499/2005
f 629/36/2050 579/499/2005 580/14/165
f 637/545/248 628/536/247 520/536/177
f 581/13/163 580/14/165 567/66/1996
f 638/546/2051 584/500/2006 585/26/180
f 590/502/2011 584/500/2006 638/546/2051
f 537/28/181 590/502/2011 640/547/2052
f 546/483/2053 522/530/6837 610/540/2054
f 642/549/2056 637/550/248 635/550/176
f 612/517/2025 600/518/6836 609/514/2021
f 600/518/6836 601/554/2017 609/514/2021
f 576/31/2001 573/32/2000 644/32/2058
f 548/44/1982 613/17/2030 650/17/241
f 617/552/2036 550/553/1983 652/553/2061
f 653/13/237 581/13/163 568/34/1995
f 574/496/2057 601/554/2017 573/32/2000
f 601/554/2017 655/496/2211 644/32/2058
f 636/35/2049 629/36/2050 630/36/2044
f 658/114/264 657/18/242 614/18/2032
f 657/18/242 650/17/241 614/18/2032
f 650/17/241 613/17/2030 614/18/2032
f 588/560/2008 533/561/1977 410/561/1898
f 514/562/143 414/52/142 536/52/183
f 577/520/2027 491/521/1935 626/534/2040
f 491/521/1935 457/520/1934 505/534/1950
s 0
f 616/83/6838 634/82/6839 508/82/6840
f 615/563/6841 616/564/6842 494/564/6843
f 489/516/6844 610/516/6845 611/515/6846
f 634/548/6847 610/540/6848 489/540/6849
s 1
f 531/77/2077 532/37/1975 570/584/2004
f 570/584/2004 532/37/1975 559/488/1988
f 569/583/1998 559/488/1988 561/555/1990
f 562/491/1991 618/525/2033 561/555/1990
f 518/67/160 571/69/162 531/77/2077
f 571/69/162 659/468/6850 556/463/1985
f 660/39/2078 656/40/2064 614/18/2032
f 504/565/1949 625/565/2039 623/566/2038
f 488/569/1930 611/569/2022 626/570/2040
f 639/27/179 511/27/140 512/546/1957
f 587/25/178 468/25/138 511/27/140
f 409/571/1885 410/572/1898 533/572/1977
f 467/19/131 468/25/138 587/25/178
s 0
f 495/106/6851 517/39/6852 660/39/6853
s 1
f 513/547/1958 640/547/2052 638/546/2051
f 513/547/1958 514/30/143 641/30/182
f 605/42/167 482/42/189 483/573/190
f 503/574/1948 502/531/1947 623/531/2038
f 592/505/2028 625/533/2039 491/521/1935
f 625/533/2039 504/533/1949 491/521/1935
f 435/575/1899 409/576/1885 530/576/1976
f 663/23/216 662/68/200 661/74/199
f 667/71/209 666/477/2113 665/476/2083
f 670/5/198 669/6/197 672/47/213
f 675/37/2086 674/77/226 673/8/2087
f 679/29/222 678/479/2147 677/61/2089
f 685/481/2090 684/509/2134 687/480/2091
f 689/483/2093 688/16/2140 691/44/2094
f 682/2/195 692/559/2155 693/485/2095
f 697/41/205 696/486/2159 695/46/212
f 699/463/2097 700/9/2273 673/8/2087
f 675/37/2086 676/487/2088 701/20/2098
f 702/488/2099 701/20/2098 703/489/2100
f 705/491/2102 703/489/2100 707/490/2103
f 709/493/2105 708/523/2145 711/34/2106
f 715/494/2108 669/6/197 694/4/196
f 718/495/2110 717/496/2169 716/32/2111
f 734/75/208 720/520/2137 666/477/2113
f 721/498/2114 664/22/214 661/74/199
f 721/498/2114 713/78/227 712/585/2109
f 722/499/2115 712/585/2109 710/66/2107
f 727/500/2116 726/526/2120 729/21/2117
f 730/25/217 728/26/219 729/21/2117
f 727/500/2116 733/502/2121 732/501/2119
f 733/502/2121 680/28/220 677/61/2089
f 736/503/2122 735/505/2138 734/75/208
f 738/506/2123 736/503/2122 737/72/210
f 740/508/2124 684/509/2134 685/481/2090
f 743/511/6854 742/510/2136 744/511/2127
f 742/510/2136 746/510/2125 744/511/2127
f 750/512/2128 718/495/2110 749/513/2129
f 752/514/2131 717/496/2169 718/495/2110
f 665/476/2083 666/477/2113 754/515/2132
f 684/509/2134 743/518/6854 755/517/2135
f 742/519/2136 743/518/6854 684/509/2134
f 720/520/2137 734/75/208 735/505/2138
f 688/16/2140 758/18/2143 757/17/2141
f 760/522/2142 759/106/2178 758/18/2143
f 704/555/2101 762/525/2144 709/493/2105
f 762/525/2144 761/524/2148 708/523/2145
f 701/20/2098 676/487/2088 731/19/2118
f 726/526/2120 703/489/2100 701/20/2098
f 707/490/2103 703/489/2100 726/526/2120
f 763/59/2146 707/490/2103 732/501/2119
f 678/479/2147 764/527/2150 763/59/2146
f 715/494/2108 706/492/2104 707/490/2103
f 766/76/211 765/124/2149 698/528/2096
f 762/525/2144 705/491/2102 683/3/194
f 761/524/2148 762/525/2144 681/1/193
f 766/76/211 672/47/213 669/6/197
f 715/494/2108 763/59/2146 765/124/2149
f 764/527/2150 887/530/258 765/124/2149
f 738/506/2123 768/532/2156 767/531/2151
f 736/503/2122 767/531/2151 769/533/2152
f 748/42/206 698/528/2096 765/124/2149
f 770/534/2153 754/515/2132 666/477/2113
f 663/536/216 772/536/342 771/535/2154
f 667/71/209 668/542/2084 739/507/224
f 682/2/195 670/5/198 671/478/2085
f 670/5/198 682/2/195 683/3/194
f 768/532/2156 738/506/2123 685/481/2090
f 687/480/2091 750/512/2128 751/537/2130
f 706/492/2104 694/4/196 683/3/194
f 773/538/2157 725/539/203 775/539/334
f 685/481/2090 738/506/2123 739/507/224
f 751/537/2130 749/513/2129 697/41/205
f 687/480/2091 755/517/2135 752/514/2131
f 719/31/2112 776/543/2160 749/513/2129
f 740/540/2124 777/540/2523 746/541/2125
f 689/483/2093 690/484/225 668/542/2084
f 696/486/2159 671/478/2085 672/47/213
f 776/543/2160 696/486/2159 697/41/205
f 778/544/2161 760/522/2142 688/16/2140
f 664/22/214 721/498/2114 780/35/2162
f 780/35/2162 721/498/2114 722/499/2115
f 773/36/2157 722/499/2115 723/14/204
f 781/545/343 772/536/342 663/536/216
f 724/13/202 723/14/204 710/66/2107
f 782/546/2163 727/500/2116 728/26/219
f 733/502/2121 727/500/2116 782/546/2163
f 680/28/220 733/502/2121 784/547/2164
f 689/483/2165 665/530/6855 753/540/2166
f 781/550/343 779/550/215 780/549/2162
f 755/517/2135 743/518/6854 752/514/2131
f 743/518/6854 744/554/2127 752/514/2131
f 719/31/2112 716/32/2111 788/32/2170
f 691/44/2094 757/17/2141 794/17/336
f 761/552/2148 693/553/2095 796/553/2173
f 717/496/2169 744/554/2127 716/32/2111
f 744/554/2127 798/496/2510 788/32/2170
f 780/35/2162 773/36/2157 774/36/2158
f 799/114/2175 801/114/355 800/18/337
f 800/18/337 794/17/336 757/17/2141
f 757/17/2141 758/18/2143 800/18/337
f 713/78/227 675/37/2086 702/488/2099
f 712/585/2109 702/488/2099 704/555/2101
f 705/491/2102 762/525/2144 704/555/2101
f 661/74/199 714/69/201 674/77/226
f 714/69/201 802/468/2176 674/77/226
f 803/39/2177 799/40/2175 758/18/2143
f 628/23/247 805/22/246 804/475/2179
f 807/71/2180 647/542/2247 806/476/2181
f 810/47/2183 809/6/233 812/5/232
f 815/37/2185 814/487/2198 813/8/2186
f 818/29/253 817/28/252 816/61/2188
f 824/480/2190 823/509/2224 826/481/2191
f 649/44/2060 827/16/240 828/483/2193
f 652/485/2061 829/559/2258 822/2/229
f 833/41/2195 832/528/2239 831/46/2196
f 815/37/2185 838/488/2200 837/20/244
f 838/488/2200 840/555/2269 839/489/2201
f 841/490/2202 839/489/2201 843/491/2203
f 654/34/2063 844/523/2235 846/493/2205
f 847/12/236 845/66/2206 846/493/2205
f 627/68/2041 804/475/2179 850/38/2207
f 830/4/231 809/6/233 852/494/2209
f 853/495/2210 643/31/2059 644/32/2058
f 808/477/2182 854/520/2232 855/497/2212
f 856/498/2213 849/79/235 804/475/2179
f 849/79/235 856/498/2213 857/499/2214
f 845/66/2206 847/12/236 857/499/2214
f 860/21/245 859/526/2237 862/500/2215
f 864/25/249 863/19/243 860/21/245
f 862/500/2215 859/526/2237 865/501/2216
f 866/502/2217 865/501/2216 816/61/2188
f 869/503/2218 868/72/2221 867/504/2219
f 868/72/2221 869/503/2218 871/506/2222
f 633/508/2045 645/558/2259 826/481/2191
f 872/42/259 832/528/2239 833/41/2195
f 876/512/2226 875/537/2246 874/513/2227
f 877/514/2228 876/512/2226 853/495/2210
f 878/515/2229 808/477/2182 806/476/2181
f 823/509/2224 824/480/2190 880/517/2231
f 823/509/2224 602/518/2016 603/519/2015
f 870/505/2220 867/504/2219 756/521/2139
f 867/504/2219 855/497/2212 756/521/2139
f 881/522/2233 827/16/240 657/18/242
f 840/555/2269 846/493/2205 883/525/2236
f 846/493/2205 844/523/2235 883/525/2236
f 859/526/2237 860/21/245 837/20/244
f 859/526/2237 839/489/2201 841/490/2202
f 865/501/2216 841/490/2202 884/59/2238
f 819/479/2189 816/61/2188 884/59/2238
f 841/490/2202 842/492/2204 852/494/2209
f 832/528/2239 885/124/2241 886/586/2240
f 821/3/230 843/491/2203 883/525/2236
f 820/1/228 883/525/2236 651/524/2062
f 809/6/233 810/47/2183 886/586/2240
f 885/124/2241 884/59/2238 852/494/2209
f 764/527/2150 884/59/2238 885/124/2241
f 871/506/2222 869/503/2218 888/531/2242
f 869/503/2218 870/505/2220 890/533/2244
f 872/42/259 887/530/258 885/124/2241
f 808/477/2182 878/515/2229 891/534/2245
f 646/507/2223 647/542/2247 807/71/2180
f 822/2/229 829/559/2258 811/478/2184
f 812/5/232 830/4/231 821/3/230
f 826/481/2191 871/506/2222 889/532/2243
f 824/480/2190 825/482/2192 875/537/2246
f 821/3/230 830/4/231 842/492/2204
f 867/504/2219 868/72/2221 807/71/2180
f 826/481/2191 645/558/2259 646/507/2223
f 833/41/2195 874/513/2227 875/537/2246
f 877/514/2228 880/517/2231 824/480/2190
f 874/513/2227 892/543/2248 643/31/2059
f 548/579/1982 649/579/2060 648/578/2194
f 828/483/2193 806/476/2181 647/542/2247
f 834/486/2197 831/46/2196 810/47/2183
f 833/41/2195 834/486/2197 892/543/2248
f 827/16/240 881/522/2233 893/544/2249
f 642/35/2056 856/498/2213 805/22/246
f 642/35/2056 630/36/2044 857/499/2214
f 630/36/2044 631/15/239 858/14/238
f 845/66/2206 858/14/238 653/13/237
f 895/546/2250 894/27/251 861/26/250
f 895/546/2250 862/500/2215 866/502/2217
f 896/547/2251 866/502/2217 817/28/252
f 879/540/2252 806/530/6856 828/483/2253
s 0
f 571/587/6857 851/587/6858 898/588/6859
s 1
f 576/589/2001 643/589/2059 892/543/2248
f 528/596/1974 553/597/2046 549/590/2042
f 553/597/2046 632/591/2047 549/590/2042
f 632/591/2047 892/591/2248 829/590/2258
f 892/591/2248 834/597/2197 829/590/2258
f 834/597/2197 811/596/2184 829/590/2258
f 655/496/2211 601/554/2017 877/514/2228
f 601/554/2017 602/518/2016 877/514/2228
f 654/592/2063 568/592/1995 565/593/2034
f 844/523/2235 565/523/2034 617/524/2036
f 645/63/2259 633/62/2045 597/62/2014
f 829/559/2258 652/485/2061 550/485/1983
f 581/13/163 653/13/237 631/15/239
f 679/52/222 818/52/253 819/51/2189
f 676/561/2088 814/561/2198 863/560/243
f 897/562/254 818/52/253 679/52/222
f 854/520/2232 891/534/2245 756/521/2139
f 891/534/2245 770/534/2153 756/521/2139
s 0
f 882/563/6860 759/563/6861 760/564/6862
f 878/515/6863 879/516/6864 753/516/6865
f 879/540/6866 893/548/6867 778/548/6868
s 1
f 815/37/2185 835/465/2187 850/38/2207
f 849/79/235 848/10/234 838/488/2200
f 848/10/234 846/493/2205 840/555/2269
f 843/491/2203 839/489/2201 840/555/2269
f 835/465/2187 898/468/6869 851/69/2208
f 769/565/2152 767/566/2151 888/566/2242
f 754/569/2132 770/570/2153 891/570/2245
f 782/546/2163 783/27/218 894/27/251
f 864/25/249 894/27/251 783/27/218
f 814/572/2198 676/572/2088 673/571/2087
f 730/25/217 731/19/2118 863/19/243
s 0
f 882/106/6870 899/39/6871 803/39/6872
s 1
f 751/977/2130 747/55/207 686/56/2092
f 747/55/207 873/55/2225 686/56/2092
f 873/55/2225 875/977/2246 825/56/2192
f 825/56/2192 889/978/2243 768/978/2156
f 768/978/2156 686/56/2092 825/56/2192
f 784/547/2164 782/546/2163 895/546/2250
f 897/30/254 785/30/221 784/547/2164
f 872/42/259 873/573/2225 747/573/207
f 888/531/2242 767/531/2151 768/574/2156
f 735/505/2138 769/533/2152 756/521/2139
f 769/533/2152 890/533/2244 756/521/2139
f 813/576/2186 673/576/2087 700/575/2273
f 902/23/281 901/68/1661 900/475/2274
f 906/71/274 905/477/2304 904/476/2275
f 909/5/270 908/6/269 911/47/278
f 914/37/2277 913/77/2289 912/8/2278
f 918/29/288 917/479/2334 916/61/2280
f 924/481/2281 923/509/2324 926/480/2282
f 928/483/2284 927/16/2329 930/44/2285
f 921/2/267 931/559/2342 932/485/1677
f 936/41/2286 935/486/2344 934/46/277
f 938/463/2288 939/9/6873 912/8/2278
f 914/37/2277 915/487/2279 940/20/2290
f 941/488/2291 940/20/2290 942/489/2292
f 944/491/2294 942/489/2292 946/490/2295
f 948/493/2297 947/523/2332 963/33/34
f 901/68/1661 953/69/2360 952/38/2298
f 954/494/2301 908/6/269 933/4/268
f 957/495/2302 956/496/1678 955/32/32
f 973/84/273 959/520/2326 905/477/2304
f 960/498/2305 903/22/279 900/475/2274
f 960/498/2305 951/595/2300 950/594/2299
f 961/499/2306 950/594/2299 949/66/282
f 966/500/2307 965/526/2311 968/21/2308
f 969/25/283 967/26/285 968/21/2308
f 966/500/2307 972/502/2312 971/501/2310
f 972/502/2312 919/28/286 916/61/2280
f 975/503/2313 974/505/2327 973/84/273
f 977/506/2314 975/503/2313 976/72/275
f 979/508/1663 923/509/2324 924/481/2281
f 936/41/2286 937/528/2287 984/42/2316
f 986/512/2318 957/495/2302 985/513/2319
f 988/514/2321 956/496/1678 957/495/2302
f 904/476/2275 905/477/2304 990/515/2322
f 923/509/2324 982/518/6800 991/517/2325
f 981/519/1636 982/518/6800 923/509/2324
f 959/520/2326 973/84/273 974/505/2327
f 927/16/2329 994/18/1679 993/17/1676
f 996/522/2330 995/106/2362 994/18/1679
f 943/555/2293 998/525/2331 948/493/2297
f 998/525/2331 997/524/2335 947/523/2332
f 940/20/2290 915/487/2279 970/19/2309
f 965/526/2311 942/489/2292 940/20/2290
f 946/490/2295 942/489/2292 965/526/2311
f 999/59/2333 946/490/2295 971/501/2310
f 917/479/2334 1000/527/2337 999/59/2333
f 954/494/2301 945/492/2296 946/490/2295
f 1002/85/276 1001/124/2336 937/528/2287
f 998/525/2331 944/491/2294 922/3/266
f 997/524/2335 998/525/2331 920/1/265
f 1002/85/276 911/47/278 908/6/269
f 954/494/2301 999/59/2333 1001/124/2336
f 1000/527/2337 1125/530/2340 1001/124/2336
f 977/506/2314 1004/532/2343 1003/531/2338
f 975/503/2313 1003/531/2338 1005/533/2339
f 984/42/2316 937/528/2287 1001/124/2336
f 1006/534/2341 990/515/2322 905/477/2304
f 906/71/274 907/542/1674 978/507/1673
f 921/2/267 909/5/270 910/478/2276
f 909/5/270 921/2/267 922/3/266
f 1004/532/2343 977/506/2314 924/481/2281
f 926/480/2282 986/512/2318 987/537/2320
f 945/492/2296 933/4/268 922/3/266
f 924/481/2281 977/506/2314 978/507/1673
f 987/537/2320 985/513/2319 936/41/2286
f 926/480/2282 991/517/2325 988/514/2321
f 958/31/2303 1008/543/2345 985/513/2319
f 62/578/1603 929/578/1675 930/579/2285
f 928/483/2284 929/484/1675 907/542/1674
f 935/486/2344 910/478/2276 911/47/278
f 1008/543/2345 935/486/2344 936/41/2286
f 1009/544/2346 996/522/2330 927/16/2329
f 903/22/279 960/498/2305 1011/35/1672
f 1011/35/1672 960/498/2305 961/499/2306
f 1007/36/37 961/499/2306 962/14/272
f 1012/546/2347 966/500/2307 967/26/285
f 972/502/2312 966/500/2307 1012/546/2347
f 919/28/286 972/502/2312 1014/547/2348
f 928/483/2349 904/530/6874 989/540/2350
s 0
f 153/588/6875 1016/588/6876 953/587/6877
s 1
f 145/543/1665 1008/543/2345 958/589/2303
f 935/597/2344 1008/591/2345 931/590/2342
f 1008/591/2345 145/591/1665 931/590/2342
f 145/591/1665 70/597/1607 64/590/2359
f 70/597/1607 44/596/1597 64/590/2359
f 64/590/2359 931/590/2342 145/591/1665
f 991/517/2325 982/518/6800 988/514/2321
f 982/518/6800 118/554/1635 988/514/2321
s 0
f 953/80/6878 901/81/6879 37/81/6880
s 1
f 963/33/34 947/593/2332 80/593/1648
f 947/523/2332 997/524/2335 135/524/1649
f 979/62/1663 980/63/2315 115/63/2358
f 64/559/2359 65/485/1604 932/485/1677
f 99/13/13 100/15/15 964/15/271
f 913/77/2289 914/37/2277 951/595/2300
f 951/595/2300 914/37/2277 941/488/2291
f 950/594/2299 941/488/2291 943/555/2293
f 944/491/2294 998/525/2331 943/555/2293
f 952/38/2298 953/69/2360 913/77/2289
f 953/69/2360 1016/468/6881 938/463/2288
f 1018/39/2361 1017/40/6802 994/18/1679
f 1021/23/305 1020/22/304 1019/475/2363
f 1025/71/2365 1024/542/2447 1023/476/2366
f 1028/47/2368 1027/6/294 1030/5/293
f 1033/37/2370 1032/487/2384 1031/8/2371
f 1036/29/311 1035/28/310 1034/61/2373
f 1042/480/2375 1041/509/2416 1044/481/2376
f 1046/44/317 1045/16/298 1048/483/2378
f 1050/485/2380 1049/559/2642 1040/2/290
f 1054/41/2381 1053/528/2437 1052/46/2382
f 1033/37/2370 1059/488/2386 1058/20/302
f 1059/488/2386 1061/555/2472 1060/489/2387
f 1062/490/2388 1060/489/2387 1064/491/2389
f 1066/34/2391 1065/523/2432 1068/493/2392
f 1069/12/2394 1067/66/2393 1068/493/2392
f 1071/598/2396 1069/12/2394 1070/10/2395
f 1071/598/2396 1072/599/2397 1073/38/2398
f 1022/68/2364 1019/475/2363 1073/38/2398
f 1051/4/292 1027/6/294 1075/494/2400
f 1078/495/2401 1077/31/313 1076/32/315
f 1026/477/2367 1080/520/2429 1081/497/2403
f 1082/498/2404 1071/598/2396 1019/475/2363
f 1069/12/2394 1071/598/2396 1082/498/2404
f 1067/66/2393 1069/12/2394 1083/499/2405
f 1088/21/303 1087/526/2435 1090/500/2406
f 1092/25/307 1091/19/301 1088/21/303
f 1090/500/2406 1087/526/2435 1093/501/2407
f 1094/502/2408 1093/501/2407 1034/61/2373
f 1097/503/2409 1096/72/2412 1095/504/2410
f 1096/72/2412 1097/503/2409 1100/506/2413
f 1102/508/2415 1101/558/2641 1044/481/2376
f 1107/511/2428 1106/511/2418 1103/510/2417
f 1106/511/2418 1105/511/6882 1104/510/2419
f 1108/42/2420 1053/528/2437 1054/41/2381
f 1112/512/2422 1111/537/2445 1110/513/2423
f 1113/514/2424 1112/512/2422 1078/495/2401
f 1114/515/2425 1026/477/2367 1023/476/2366
f 1041/509/2416 1042/480/2375 1116/517/2427
f 1041/509/2416 1107/518/2428 1103/519/2417
f 1098/505/2411 1095/504/2410 992/521/2328
f 1095/504/2410 1081/497/2403 992/521/2328
f 1118/522/2430 1045/16/298 1117/18/300
f 1061/555/2472 1068/493/2392 1120/525/2434
f 1068/493/2392 1065/523/2432 1120/525/2434
f 1087/526/2435 1088/21/303 1058/20/302
f 1087/526/2435 1060/489/2387 1062/490/2388
f 1093/501/2407 1062/490/2388 1122/59/2436
f 1037/479/2374 1034/61/2373 1122/59/2436
f 1062/490/2388 1063/492/2390 1075/494/2400
f 1053/528/2437 1123/124/2439 1124/600/2438
f 1039/3/291 1064/491/2389 1120/525/2434
f 1038/1/289 1120/525/2434 1121/524/2433
f 1027/6/294 1028/47/2368 1124/600/2438
f 1123/124/2439 1122/59/2436 1075/494/2400
f 1000/527/2337 1122/59/2436 1123/124/2439
f 1100/506/2413 1097/503/2409 1126/531/2440
f 1097/503/2409 1098/505/2411 1128/533/2442
f 1108/42/2420 1125/530/2340 1123/124/2439
f 1026/477/2367 1114/515/2425 1129/534/2443
f 1131/535/2444 1130/536/373 1021/536/305
f 1099/507/2414 1024/542/2447 1025/71/2365
f 1040/2/290 1049/559/2642 1029/478/2369
f 1030/5/293 1051/4/292 1039/3/291
f 1044/481/2376 1100/506/2413 1127/532/2441
f 1042/480/2375 1043/482/2377 1111/537/2445
f 1039/3/291 1051/4/292 1063/492/2390
f 1025/71/2365 1081/497/2403 1095/504/2410
f 1132/539/363 1086/539/297 1134/538/318
f 1044/481/2376 1101/558/2641 1099/507/2414
f 1054/41/2381 1110/513/2423 1111/537/2445
f 1113/514/2424 1116/517/2427 1042/480/2375
f 1110/513/2423 1135/543/2448 1077/31/313
f 1102/540/2415 1103/541/2417 1104/541/2419
f 1048/483/2378 1023/476/2366 1024/542/2447
f 1055/486/2383 1052/46/2382 1028/47/2368
f 1054/41/2381 1055/486/2383 1135/543/2448
f 1045/16/298 1118/522/2430 1137/544/2449
f 1138/35/2450 1082/498/2404 1020/22/304
f 1138/35/2450 1134/36/318 1083/499/2405
f 1134/36/318 1086/15/297 1084/14/296
f 1021/536/305 1130/536/373 1140/545/372
f 1067/66/2393 1084/14/296 1085/13/295
f 1142/546/2451 1141/27/309 1089/26/308
f 1142/546/2451 1090/500/2406 1094/502/2408
f 1143/547/2452 1094/502/2408 1035/28/310
f 1115/540/2453 1023/530/6883 1048/483/2454
f 1145/549/319 1138/549/2450 1139/550/306
f 1079/496/2402 1106/554/2418 1113/514/2424
f 1106/554/2418 1107/518/2428 1113/514/2424
f 1148/50/2458 1047/50/2379 1101/48/2641
f 1047/50/2379 1024/551/2447 1099/49/2414
f 1101/48/2641 1047/50/2379 1099/49/2414
f 1101/48/2641 1151/48/2602 1148/50/2458
f 1151/48/2602 1150/49/2456 1148/50/2458
f 1121/552/2433 1155/552/2620 1154/553/2459
f 1156/34/2460 1066/34/2391 1085/13/295
f 1079/496/2402 1076/32/315 1106/554/2418
f 1076/32/315 1146/32/314 1106/554/2418
f 1152/17/299 1161/18/2615 1117/18/300
f 1161/18/2615 1160/114/2462 1117/18/300
f 1036/52/311 1037/51/2374 917/51/2334
f 1091/560/301 970/560/2309 915/561/2279
f 1015/562/287 1144/562/312 1036/52/311
f 1080/520/2429 1129/534/2443 992/521/2328
f 1129/534/2443 1006/534/2341 992/521/2328
s 0
f 1119/563/6884 995/563/6885 996/564/6886
f 990/515/6887 1114/515/6888 1115/516/6889
f 1137/548/6890 1009/548/6891 989/540/6892
s 1
f 1072/599/2397 1033/37/2370 1056/466/2372
f 1072/599/2397 1070/10/2395 1059/488/2386
f 1070/10/2395 1068/493/2392 1061/555/2472
f 1064/491/2389 1060/489/2387 1061/555/2472
f 1056/466/2372 1162/468/6893 1074/69/2399
f 1005/565/2339 1003/566/2338 1126/566/2440
f 990/569/2322 1006/570/2341 1129/570/2443
f 1142/546/2451 1012/546/2347 1013/27/284
f 1092/25/307 1141/27/309 1013/27/284
f 1031/571/2371 1032/572/2384 915/572/2279
f 1091/19/301 1092/25/307 969/25/283
f 1127/978/2441 1004/978/2343 1043/56/2377
f 1004/978/2343 925/56/2283 1043/56/2377
f 925/56/2283 987/977/2320 983/55/2317
f 983/55/2317 1109/55/2421 1043/56/2377
f 1109/55/2421 1111/977/2445 1043/56/2377
s 0
f 1163/39/6894 1018/39/6895 995/106/6896
s 1
f 1143/547/2452 1014/547/2348 1012/546/2347
f 1143/547/2452 1144/30/312 1015/30/287
f 1109/573/2421 983/573/2317 984/42/2316
f 1127/574/2441 1126/531/2440 1003/531/2338
f 974/505/2327 1005/533/2339 992/521/2328
f 1005/533/2339 1128/533/2442 992/521/2328
f 912/576/2278 939/575/6873 1057/575/2385
f 772/23/342 1165/22/341 1164/475/2476
f 1167/71/2477 791/542/2549 1166/476/2478
f 1170/47/2480 1169/6/331 1172/5/330
f 1175/37/2482 1174/487/2494 1173/8/2483
f 1178/29/349 1177/28/348 1176/61/2485
f 1184/480/2487 1183/509/2524 1186/481/2488
f 793/44/2172 1187/16/335 1188/483/2489
f 796/485/2173 1189/559/2560 1182/2/327
f 1193/41/2491 1192/528/2541 1191/46/2492
f 1175/37/2482 1198/488/2496 1197/20/339
f 1198/488/2496 1200/555/2561 1199/489/2497
f 1201/490/2498 1199/489/2497 1203/491/2499
f 797/86/332 1204/523/2536 1206/493/2501
f 1207/12/2502 1205/66/344 1206/493/2501
f 1209/598/2504 1207/12/2502 1208/10/2503
f 1209/598/2504 1210/599/2505 1211/38/2506
f 771/68/2154 1164/475/2476 1211/38/2506
f 1190/4/329 1169/6/331 1213/494/2508
f 1214/495/2509 787/31/2171 788/32/2170
f 1168/477/2479 1215/520/2532 1216/497/2511
f 1217/498/2512 1209/598/2504 1164/475/2476
f 1207/12/2502 1209/598/2504 1217/498/2512
f 1205/66/344 1207/12/2502 1218/499/2513
f 1221/21/340 1220/526/2538 1223/500/2514
f 1225/25/345 1224/19/338 1221/21/340
f 1223/500/2514 1220/526/2538 1226/501/2515
f 1227/502/2516 1226/501/2515 1176/61/2485
f 1230/503/2517 1229/72/2520 1228/504/2518
f 1229/72/2520 1230/503/2517 1232/506/2521
f 777/508/2523 789/558/6754 1186/481/2488
f 1233/42/382 1192/528/2541 1193/41/2491
f 1237/512/2526 1236/537/2548 1235/513/2527
f 1238/514/2528 1237/512/2526 1214/495/2509
f 1239/515/2529 1168/477/2479 1166/476/2478
f 1183/509/2524 1184/480/2487 1241/517/2531
f 1183/509/2524 745/518/2126 746/519/2125
f 1231/505/2519 1228/504/2518 1242/521/2533
f 1228/504/2518 1216/497/2511 1242/521/2533
f 1243/522/2534 1187/16/335 800/18/337
f 1200/555/2561 1206/493/2501 1245/525/2537
f 1206/493/2501 1204/523/2536 1245/525/2537
f 1220/526/2538 1221/21/340 1197/20/339
f 1220/526/2538 1199/489/2497 1201/490/2498
f 1226/501/2515 1201/490/2498 1246/59/2539
f 1179/479/2486 1176/61/2485 1246/59/2539
f 1201/490/2498 1202/492/2500 1213/494/2508
f 1192/528/2541 1247/124/2543 1248/601/2542
f 1181/3/328 1203/491/2499 1245/525/2537
f 1180/1/326 1245/525/2537 795/524/2174
f 1169/6/331 1170/47/2480 1248/601/2542
f 1247/124/2543 1246/59/2539 1213/494/2508
f 1342/527/2540 1246/59/2539 1247/124/2543
f 1232/506/2521 1230/503/2517 1250/531/2544
f 1230/503/2517 1231/505/2519 1252/533/2546
f 1233/42/382 1249/530/381 1247/124/2543
f 1168/477/2479 1239/515/2529 1253/534/2547
f 790/507/2522 791/542/2549 1167/71/2477
f 1182/2/327 1189/559/2560 1171/478/2481
f 1172/5/330 1190/4/329 1181/3/328
f 1186/481/2488 1232/506/2521 1251/532/2545
f 1184/480/2487 1185/482/384 1236/537/2548
f 1181/3/328 1190/4/329 1202/492/2500
f 1167/71/2477 1216/497/2511 1228/504/2518
f 1186/481/2488 789/558/6754 790/507/2522
f 1193/41/2491 1235/513/2527 1236/537/2548
f 1238/514/2528 1241/517/2531 1184/480/2487
f 1235/513/2527 1254/543/2550 787/31/2171
f 690/578/225 691/579/2094 793/579/2172
f 1188/483/2489 1166/476/2478 791/542/2549
f 1194/486/2493 1191/46/2492 1170/47/2480
f 1193/41/2491 1194/486/2493 1254/543/2550
f 1187/16/335 1243/522/2534 1255/544/2551
f 786/35/2168 1217/498/2512 1165/22/341
f 786/35/2168 774/36/2158 1218/499/2513
f 774/36/2158 775/15/334 1219/14/333
f 1257/546/2552 1256/27/347 1222/26/346
f 1257/546/2552 1223/500/2514 1227/502/2516
f 1258/547/2553 1227/502/2516 1177/28/348
f 1240/540/2554 1166/530/6897 1188/483/2555
s 0
f 714/587/6898 1212/587/6899 1260/588/6900
s 1
f 787/589/2171 1254/543/2550 776/543/2160
f 671/596/2085 696/597/2159 692/590/2155
f 696/597/2159 776/591/2160 692/590/2155
f 776/591/2160 1254/591/2550 1189/590/2560
f 1254/591/2550 1194/597/2493 1189/590/2560
f 1194/597/2493 1171/596/2481 1189/590/2560
f 798/496/2510 744/554/2127 1238/514/2528
f 744/554/2127 745/518/2126 1238/514/2528
f 797/86/332 711/592/2106 708/593/2145
f 1204/523/2536 708/523/2145 761/524/2148
f 741/63/223 789/63/6754 777/62/2523
f 692/559/2155 1189/559/2560 796/485/2173
f 724/13/202 797/86/332 775/15/334
f 1210/599/2505 1175/37/2482 1195/467/2484
f 1210/599/2505 1208/10/2503 1198/488/2496
f 1208/10/2503 1206/493/2501 1200/555/2561
f 1203/491/2499 1199/489/2497 1200/555/2561
f 1195/467/2484 1260/468/6901 1212/69/2507
f 1130/23/373 1131/68/2444 1262/475/2562
f 1266/71/366 1265/477/2591 1264/476/2563
f 1268/5/361 1267/6/360 1270/47/370
f 1273/37/2565 1272/77/2575 1271/8/2566
f 1277/29/379 1276/479/2619 1275/61/2568
f 1283/481/2569 1282/509/2609 1285/480/2570
f 1287/483/2571 1286/16/2613 1153/44/316
f 1280/2/358 1288/559/2625 1154/485/2459
f 1292/41/2572 1291/486/2627 1290/46/369
f 1294/474/2574 1295/9/2660 1271/8/2566
f 1273/37/2565 1274/487/2567 1296/20/2576
f 1297/488/2577 1296/20/2576 1298/489/2578
f 1300/491/2580 1298/489/2578 1302/490/2581
f 1304/493/2583 1303/523/2617 1156/34/2460
f 1131/68/2444 1309/69/6902 1308/38/2585
f 1310/494/2588 1267/6/360 1289/4/359
f 1311/495/2589 1158/496/2461 1146/32/314
f 1324/87/365 1312/520/2611 1265/477/2591
f 1313/498/2592 1263/22/371 1262/475/2562
f 1313/498/2592 1307/603/2587 1306/602/2586
f 1314/499/2593 1306/602/2586 1305/66/2584
f 1317/500/2594 1316/526/2598 1319/21/2595
f 1320/25/374 1318/26/376 1319/21/2595
f 1317/500/2594 1323/502/2599 1322/501/2597
f 1323/502/2599 1278/28/377 1275/61/2568
f 1326/503/2600 1325/505/2612 1324/87/365
f 1328/506/2601 1326/503/2600 1327/72/367
f 1136/508/2446 1282/509/2609 1283/481/2569
f 1292/41/2572 1293/528/2573 1330/42/380
f 1332/512/2603 1311/495/2589 1331/513/2604
f 1334/514/2606 1158/496/2461 1311/495/2589
f 1264/476/2563 1265/477/2591 1336/515/2607
f 1282/509/2609 1105/518/6882 1337/517/2610
f 1104/519/2419 1105/518/6882 1282/509/2609
f 1312/520/2611 1324/87/365 1325/505/2612
f 1286/16/2613 1161/18/2615 1152/17/299
f 1339/522/2614 1338/106/2656 1161/18/2615
f 1299/555/2579 1340/525/2616 1304/493/2583
f 1340/525/2616 1155/524/2620 1303/523/2617
f 1296/20/2576 1274/487/2567 1321/19/2596
f 1316/526/2598 1298/489/2578 1296/20/2576
f 1302/490/2581 1298/489/2578 1316/526/2598
f 1341/59/2618 1302/490/2581 1322/501/2597
f 1276/479/2619 1342/527/2540 1341/59/2618
f 1310/494/2588 1301/492/2582 1302/490/2581
f 1344/88/368 1343/124/2621 1293/528/2573
f 1340/525/2616 1300/491/2580 1281/3/357
f 1155/524/2620 1340/525/2616 1279/1/356
f 1344/88/368 1270/47/370 1267/6/360
f 1310/494/2588 1341/59/2618 1343/124/2621
f 1342/527/2540 1249/530/381 1343/124/2621
f 1328/506/2601 1346/532/2626 1345/531/2622
f 1326/503/2600 1345/531/2622 1347/533/2623
f 1330/42/380 1293/528/2573 1343/124/2621
f 1348/534/2624 1336/515/2607 1265/477/2591
f 1266/71/366 1149/542/2457 1150/507/2456
f 1280/2/358 1268/5/361 1269/478/2564
f 1268/5/361 1280/2/358 1281/3/357
f 1346/532/2626 1328/506/2601 1283/481/2569
f 1285/480/2570 1332/512/2603 1333/537/2605
f 1301/492/2582 1289/4/359 1281/3/357
f 1283/481/2569 1328/506/2601 1150/507/2456
f 1333/537/2605 1331/513/2604 1292/41/2572
f 1285/480/2570 1337/517/2610 1334/514/2606
f 1147/31/2590 1349/543/2628 1331/513/2604
f 1047/578/2379 1148/578/2458 1153/579/316
f 1287/483/2571 1148/484/2458 1149/542/2457
f 1291/486/2627 1269/478/2564 1270/47/370
f 1349/543/2628 1291/486/2627 1292/41/2572
f 1350/544/2629 1339/522/2614 1286/16/2613
f 1263/22/371 1313/498/2592 1145/35/319
f 1145/35/319 1313/498/2592 1314/499/2593
f 1133/36/320 1314/499/2593 1315/14/364
f 1157/13/362 1315/14/364 1305/66/2584
f 1351/546/2630 1317/500/2594 1318/26/376
f 1323/502/2599 1317/500/2594 1351/546/2630
f 1278/28/377 1323/502/2599 1353/547/2631
f 1287/483/2632 1264/530/6903 1335/540/2633
s 0
f 1162/588/6904 1355/588/6905 1309/587/6906
s 1
f 1135/543/2448 1349/543/2628 1147/589/2590
f 1291/597/2627 1349/591/2628 1288/590/2625
f 1349/591/2628 1135/591/2448 1288/590/2625
f 1135/591/2448 1055/597/2383 1049/590/2642
f 1055/597/2383 1029/596/2369 1049/590/2642
f 1049/590/2642 1288/590/2625 1135/591/2448
f 1337/517/2610 1105/518/6882 1334/514/2606
f 1105/518/6882 1106/554/2418 1334/514/2606
s 0
f 1309/80/6907 1131/81/6908 1022/81/6909
s 1
f 1156/592/2460 1303/593/2617 1065/593/2432
f 1303/523/2617 1155/524/2620 1121/524/2433
f 1101/63/2641 1102/62/2415 1136/62/2446
f 1049/559/2642 1050/485/2380 1154/485/2459
f 1086/15/297 1132/15/363 1157/13/362
f 1179/51/2486 1276/51/2619 1277/52/379
f 1224/560/338 1321/560/2596 1274/561/2567
f 1277/52/379 1354/562/378 1259/562/350
f 1312/520/2611 1242/521/2533 1348/534/2624
f 1242/521/2533 1215/520/2532 1253/534/2547
s 0
f 1243/83/6910 1339/83/6911 1350/82/6912
f 1243/564/6913 1244/563/6914 1338/563/6915
f 1239/515/6916 1240/516/6917 1335/516/6918
f 1350/548/6919 1335/540/6920 1240/540/6921
s 1
f 1272/77/2575 1273/37/2565 1307/603/2587
f 1307/603/2587 1273/37/2565 1297/488/2577
f 1306/602/2586 1297/488/2577 1299/555/2579
f 1300/491/2580 1340/525/2616 1299/555/2579
f 1308/38/2585 1309/69/6902 1294/474/2574
f 1309/69/6902 1355/468/6922 1294/474/2574
f 1356/39/2655 1160/40/2462 1161/18/2615
f 1345/566/2622 1250/566/2544 1252/565/2546
f 1348/570/2624 1253/570/2547 1239/569/2529
f 1256/27/347 1257/546/2552 1351/546/2630
f 1225/25/345 1256/27/347 1352/27/375
f 1271/571/2566 1173/571/2483 1174/572/2494
f 1224/19/338 1225/25/345 1320/25/374
s 0
f 1244/106/6923 1261/39/6924 1356/39/6925
s 1
f 1258/547/2553 1353/547/2631 1351/546/2630
f 1353/547/2631 1258/547/2553 1259/30/350
f 1233/42/382 1234/573/2525 1329/573/383
f 1346/574/2626 1251/574/2545 1250/531/2544
f 1325/505/2612 1347/533/2623 1242/521/2533
f 1347/533/2623 1252/533/2546 1242/521/2533
f 1196/575/2495 1173/576/2483 1271/576/2566
f 1360/23/406 1359/68/2688 1358/475/2661
f 1364/71/399 1363/477/2696 1362/476/2662
f 1367/5/391 1366/6/390 1369/47/403
f 1372/37/2665 1371/77/2760 1370/8/2666
f 1376/29/412 1375/479/2727 1374/61/2668
f 1382/481/2669 1381/509/2717 1384/480/2670
f 1386/483/2672 1385/16/2722 1388/44/2673
f 1379/2/388 1389/559/2735 1390/485/2674
f 1394/41/395 1393/486/2738 1392/46/402
f 1370/8/2666 1371/77/2760 1396/463/2676
f 1372/37/2665 1373/487/2667 1398/20/2678
f 1399/488/2679 1398/20/2678 1400/489/2680
f 1402/491/2682 1400/489/2680 1404/490/2683
f 1406/493/2685 1405/523/2725 1408/34/2686
f 1359/68/2688 1412/69/2761 1411/38/2689
f 1413/494/2692 1366/6/390 1391/4/389
f 1416/495/2693 1415/496/2749 1414/32/2694
f 1432/89/398 1418/520/2720 1363/477/2696
f 1419/498/2697 1361/22/404 1358/475/2661
f 1419/498/2697 1410/605/2691 1409/604/2690
f 1420/499/2698 1409/604/2690 1407/66/2687
f 1425/500/2699 1424/526/2703 1427/21/2700
f 1428/25/407 1426/26/409 1427/21/2700
f 1425/500/2699 1431/502/2704 1430/501/2702
f 1431/502/2704 1377/28/410 1374/61/2668
f 1434/503/2705 1433/505/2721 1432/89/398
f 1436/506/2706 1434/503/2705 1435/72/400
f 1438/508/2707 1381/509/2717 1382/481/2669
f 1441/511/6926 1440/510/2719 1442/511/2710
f 1440/510/2719 1444/510/2708 1442/511/2710
f 1448/512/2711 1416/495/2693 1447/513/2712
f 1450/514/2714 1415/496/2749 1416/495/2693
f 1362/476/2662 1363/477/2696 1452/515/2715
f 1381/509/2717 1441/518/6926 1453/517/2718
f 1440/519/2719 1441/518/6926 1381/509/2717
f 1418/520/2720 1432/89/398 1433/505/2721
f 1385/16/2722 1455/18/417 1454/17/416
f 1457/522/2723 1456/106/2763 1455/18/417
f 1401/555/2681 1459/525/2724 1406/493/2685
f 1459/525/2724 1458/524/2728 1405/523/2725
f 1398/20/2678 1373/487/2667 1429/19/2701
f 1424/526/2703 1400/489/2680 1398/20/2678
f 1404/490/2683 1400/489/2680 1424/526/2703
f 1460/59/2726 1404/490/2683 1430/501/2702
f 1375/479/2727 384/527/1851 1460/59/2726
f 1413/494/2692 1403/492/2684 1404/490/2683
f 1462/90/401 1461/124/2729 1395/528/2675
f 1459/525/2724 1402/491/2682 1380/3/387
f 1458/524/2728 1459/525/2724 1378/1/386
f 1462/90/401 1369/47/403 1366/6/390
f 1413/494/2692 1460/59/2726 1461/124/2729
f 1463/530/2730 1461/124/2729 1460/59/2726
f 1436/506/2706 1465/532/2736 1464/531/2731
f 1434/503/2705 1464/531/2731 1466/533/2732
f 1463/530/2730 1446/42/396 1395/528/2675
f 1467/534/2733 1452/515/2715 1363/477/2696
f 1359/535/2688 1360/536/406 1469/536/470
f 1364/71/399 1365/542/2663 1437/507/414
f 1379/2/388 1367/5/391 1368/478/2664
f 1367/5/391 1379/2/388 1380/3/387
f 1465/532/2736 1436/506/2706 1382/481/2669
f 1449/537/2713 1383/482/2671 1384/480/2670
f 1403/492/2684 1391/4/389 1380/3/387
f 1471/538/2737 1470/538/2742 1423/539/393
f 1382/481/2669 1436/506/2706 1437/507/414
f 1449/537/2713 1447/513/2712 1394/41/395
f 1384/480/2670 1453/517/2718 1450/514/2714
f 1417/31/2695 1473/543/2739 1447/513/2712
f 1438/540/2707 1474/540/2905 1444/541/2708
f 1386/483/2672 1387/484/415 1365/542/2663
f 1393/486/2738 1368/478/2664 1369/47/403
f 1473/543/2739 1393/486/2738 1394/41/395
f 1475/544/2740 1457/522/2723 1385/16/2722
f 1361/22/404 1419/498/2697 1477/35/2741
f 1477/35/2741 1419/498/2697 1420/499/2698
f 1470/36/2742 1420/499/2698 1421/14/394
f 1469/536/470 1360/536/406 1476/545/405
f 1422/13/392 1421/14/394 1407/66/2687
f 1479/546/2743 1425/500/2699 1426/26/409
f 1431/502/2704 1425/500/2699 1479/546/2743
f 1377/28/410 1431/502/2704 1481/547/2744
f 1386/483/2745 1362/530/6927 1451/540/2746
f 1476/550/405 1477/549/2741 1483/549/2748
f 1453/517/2718 1441/518/6926 1450/514/2714
f 1441/518/6926 1442/554/2710 1450/514/2714
f 1417/31/2695 1414/32/2694 1485/32/2750
f 1388/44/2673 1454/17/416 1491/17/2752
f 1458/552/2728 1390/553/2674 1493/553/2754
f 1494/13/463 1422/13/392 1408/34/2686
f 1415/496/2749 1442/554/2710 1414/32/2694
f 1442/554/2710 1496/496/2892 1485/32/2750
f 1477/35/2741 1470/36/2742 1471/36/2737
f 1375/51/2727 1376/52/412 315/52/110
f 359/560/97 1429/560/2701 1373/561/2667
f 368/54/1832 1446/54/396 1463/606/2730
f 315/52/110 1376/52/412 1482/562/411
f 1418/520/2720 1357/521/1841 1467/534/2733
f 1357/521/1841 350/520/1840 388/534/1855
s 0
f 390/82/6928 377/83/6929 1457/83/6930
s 1
f 1371/77/2760 1372/37/2665 1410/605/2691
f 1410/605/2691 1372/37/2665 1399/488/2679
f 1409/604/2690 1399/488/2679 1401/555/2681
f 1402/491/2682 1459/525/2724 1401/555/2681
f 1411/38/2689 1412/69/2761 1371/77/2760
f 1412/69/2761 1500/468/6931 1396/463/2676
f 1501/39/2762 1497/40/6767 1455/18/417
f 1504/23/439 1503/68/426 1502/91/425
f 1508/71/2764 1507/477/2794 1506/476/2765
f 1511/5/424 1510/6/423 1513/47/436
f 1516/37/2768 1515/77/452 1514/8/2769
f 1520/29/446 1519/479/2829 1518/61/2771
f 1526/481/2772 1525/509/2816 1528/480/2773
f 1530/483/2775 1529/16/2822 1532/44/2776
f 1523/2/421 1533/559/2837 1534/485/2777
f 1538/41/431 1537/486/2840 1536/46/435
f 1540/463/2779 1541/9/6932 1514/8/2769
f 1516/37/2768 1517/487/2770 1542/20/2780
f 1543/488/2781 1542/20/2780 1544/489/2782
f 1546/491/2784 1544/489/2782 1548/490/2785
f 1550/493/2787 1549/523/2827 1564/92/428
f 1555/494/2788 1510/6/423 1535/4/422
f 1558/495/2790 1557/496/2851 1556/32/2791
f 1574/609/2793 1560/520/2819 1507/477/2794
f 1561/498/2795 1505/22/437 1502/91/425
f 1561/498/2795 1553/94/453 1552/608/2789
f 1562/499/2796 1552/608/2789 1551/66/440
f 1567/500/2797 1566/526/2801 1569/21/2798
f 1570/25/441 1568/26/443 1569/21/2798
f 1567/500/2797 1573/502/2802 1572/501/2800
f 1573/502/2802 1521/28/444 1518/61/2771
f 1576/503/2803 1575/505/2820 1574/609/2793
f 1578/506/2805 1576/503/2803 1577/72/2804
f 1580/508/2806 1525/509/2816 1526/481/2772
f 1583/511/6933 1582/510/2818 1584/511/2809
f 1582/510/2818 1586/510/2807 1584/511/2809
f 1590/512/2810 1558/495/2790 1589/513/2811
f 1592/514/2813 1557/496/2851 1558/495/2790
f 1506/476/2765 1507/477/2794 1594/515/2814
f 1525/509/2816 1583/518/6933 1595/517/2817
f 1582/519/2818 1583/518/6933 1525/509/2816
f 1560/520/2819 1574/609/2793 1575/505/2820
f 1529/16/2822 1598/18/2825 1597/17/2823
f 1600/522/2824 1599/106/2859 1598/18/2825
f 1545/555/2783 1602/525/2826 1550/493/2787
f 1602/525/2826 1601/524/2830 1549/523/2827
f 1542/20/2780 1517/487/2770 1571/19/2799
f 1566/526/2801 1544/489/2782 1542/20/2780
f 1548/490/2785 1544/489/2782 1566/526/2801
f 1603/59/2828 1548/490/2785 1572/501/2800
f 1519/479/2829 1604/527/2832 1603/59/2828
f 1555/494/2788 1547/492/2786 1548/490/2785
f 1606/93/434 1605/124/2831 1539/528/2778
f 1602/525/2826 1546/491/2784 1524/3/420
f 1601/524/2830 1602/525/2826 1522/1/419
f 1606/93/434 1513/47/436 1510/6/423
f 1555/494/2788 1603/59/2828 1605/124/2831
f 1604/527/2832 1729/530/481 1605/124/2831
f 1578/506/2805 1608/532/2838 1607/531/2833
f 1576/503/2803 1607/531/2833 1609/533/2834
f 1588/42/432 1539/528/2778 1605/124/2831
f 1610/534/2835 1594/515/2814 1507/477/2794
f 1611/535/2836 1503/535/426 1504/536/439
f 1508/71/2764 1509/542/2766 1579/507/448
f 1523/2/421 1511/5/424 1512/478/2767
f 1511/5/424 1523/2/421 1524/3/420
f 1608/532/2838 1578/506/2805 1526/481/2772
f 1528/480/2773 1590/512/2810 1591/537/2812
f 1547/492/2786 1535/4/422 1524/3/420
f 1614/538/2839 1613/538/2844 1565/539/429
f 1526/481/2772 1578/506/2805 1579/507/448
f 1591/537/2812 1589/513/2811 1538/41/431
f 1528/480/2773 1595/517/2817 1592/514/2813
f 1559/31/2792 1616/543/2841 1589/513/2811
f 1580/540/2806 1617/540/3206 1586/541/2807
f 1530/483/2775 1531/484/449 1509/542/2766
f 1537/486/2840 1512/478/2767 1513/47/436
f 1616/543/2841 1537/486/2840 1538/41/431
f 1618/544/2842 1600/522/2824 1529/16/2822
f 1505/22/437 1561/498/2795 1620/35/2843
f 1620/35/2843 1561/498/2795 1562/499/2796
f 1613/36/2844 1562/499/2796 1563/14/430
f 1612/536/585 1504/536/439 1619/545/438
f 1622/546/2845 1567/500/2797 1568/26/443
f 1573/502/2802 1567/500/2797 1622/546/2845
f 1521/28/444 1573/502/2802 1624/547/2846
f 1530/483/2847 1506/530/6934 1593/540/2848
f 1626/549/2850 1621/550/586 1619/550/438
f 1595/517/2817 1583/518/6933 1592/514/2813
f 1583/518/6933 1584/554/2809 1592/514/2813
f 1559/31/2792 1556/32/2791 1628/32/2852
f 1532/44/2776 1597/17/2823 1634/17/579
f 1601/552/2830 1534/553/2777 1636/553/2855
f 1557/496/2851 1584/554/2809 1556/32/2791
f 1584/554/2809 1639/496/3193 1628/32/2852
f 1620/35/2843 1613/36/2844 1614/36/2839
f 1640/114/6935 1642/114/597 1598/18/2825
f 1642/114/597 1641/18/580 1598/18/2825
f 1641/18/580 1634/17/579 1597/17/2823
f 1553/94/453 1516/37/2768 1543/488/2781
f 1552/608/2789 1543/488/2781 1545/555/2783
f 1546/491/2784 1602/525/2826 1545/555/2783
f 1502/91/425 1554/69/427 1515/77/452
f 1554/69/427 1643/468/2857 1515/77/452
f 1644/39/2858 1640/40/6935 1598/18/2825
f 1469/23/470 1646/22/469 1645/475/2860
f 1648/71/2861 1488/542/2930 1647/476/2862
f 1651/47/2864 1650/6/459 1653/5/458
f 1656/37/2866 1655/487/2880 1654/8/2867
f 1660/29/476 1659/28/475 1658/61/2869
f 1666/480/2871 1665/509/2906 1668/481/2872
f 1490/44/2753 1669/16/2914 1670/483/2874
f 1493/485/2754 1671/559/2941 1664/2/455
f 1675/41/2876 1674/528/2921 1673/46/2877
f 1654/8/2867 1678/9/2957 1677/463/2879
f 1656/37/2866 1680/488/2881 1679/20/467
f 1680/488/2881 1682/555/2952 1681/489/2882
f 1683/490/2883 1681/489/2882 1685/491/2884
f 1495/34/2756 1686/523/2917 1688/493/2886
f 1689/12/462 1687/66/2887 1688/493/2886
f 1468/68/2734 1645/475/2860 1692/38/2888
f 1672/4/457 1650/6/459 1694/494/2890
f 1695/495/2891 1484/31/2751 1485/32/2750
f 1649/477/2863 1696/520/2928 1697/497/2893
f 1698/498/2894 1691/95/461 1645/475/2860
f 1691/95/461 1698/498/2894 1699/499/2895
f 1687/66/2887 1689/12/462 1699/499/2895
f 1702/21/468 1701/526/2919 1704/500/2896
f 1706/25/472 1705/19/466 1702/21/468
f 1704/500/2896 1701/526/2919 1707/501/2897
f 1708/502/2898 1707/501/2897 1658/61/2869
f 1711/503/2899 1710/72/2902 1709/504/2900
f 1710/72/2902 1711/503/2899 1713/506/2903
f 1474/508/2905 1486/558/2942 1668/481/2872
f 1714/42/482 1674/528/2921 1675/41/2876
f 1718/512/2908 1717/537/2929 1716/513/2909
f 1719/514/2910 1718/512/2908 1695/495/2891
f 1720/515/2911 1649/477/2863 1647/476/2862
f 1665/509/2906 1666/480/2871 1722/517/2913
f 1665/509/2906 1443/518/2709 1444/519/2708
f 1709/504/2900 1697/497/2893 1712/505/2901
f 1697/497/2893 1696/520/2928 1596/521/2821
f 1669/16/2914 1490/44/2753 1491/17/2752
f 1723/522/2915 1669/16/2914 1498/18/418
f 1682/555/2952 1688/493/2886 1725/525/2918
f 1688/493/2886 1686/523/2917 1725/525/2918
f 1701/526/2919 1702/21/468 1679/20/467
f 1701/526/2919 1681/489/2882 1683/490/2883
f 1707/501/2897 1683/490/2883 1726/59/2920
f 1661/479/2870 1658/61/2869 1726/59/2920
f 1683/490/2883 1684/492/2885 1694/494/2890
f 1674/528/2921 1727/124/2923 1728/610/2922
f 1663/3/456 1685/491/2884 1725/525/2918
f 1662/1/454 1725/525/2918 1492/524/2755
f 1650/6/459 1651/47/2864 1728/610/2922
f 1727/124/2923 1726/59/2920 1694/494/2890
f 1604/527/2832 1726/59/2920 1727/124/2923
f 1713/506/2903 1711/503/2899 1730/531/2924
f 1711/503/2899 1712/505/2901 1732/533/2926
f 1714/42/482 1729/530/481 1727/124/2923
f 1649/477/2863 1720/515/2911 1733/534/2927
f 1487/507/2904 1488/542/2930 1648/71/2861
f 1664/2/455 1671/559/2941 1652/478/2865
f 1653/5/458 1672/4/457 1663/3/456
f 1668/481/2872 1713/506/2903 1731/532/2925
f 1666/480/2871 1667/482/2873 1717/537/2929
f 1663/3/456 1672/4/457 1684/492/2885
f 1648/71/2861 1697/497/2893 1709/504/2900
f 1668/481/2872 1486/558/2942 1487/507/2904
f 1675/41/2876 1716/513/2909 1717/537/2929
f 1719/514/2910 1722/517/2913 1666/480/2871
f 1716/513/2909 1734/543/2931 1484/31/2751
f 1388/579/2673 1490/579/2753 1489/578/2875
f 1670/483/2874 1647/476/2862 1488/542/2930
f 1676/486/2878 1673/46/2877 1651/47/2864
f 1675/41/2876 1676/486/2878 1734/543/2931
f 1669/16/2914 1723/522/2915 1735/544/2932
f 1483/35/2748 1698/498/2894 1646/22/469
f 1483/35/2748 1471/36/2737 1699/499/2895
f 1471/36/2737 1472/15/465 1700/14/464
f 1687/66/2887 1700/14/464 1494/13/463
f 1737/546/2933 1736/27/474 1703/26/473
f 1737/546/2933 1704/500/2896 1708/502/2898
f 1738/547/2934 1708/502/2898 1659/28/475
f 1721/540/2935 1647/530/6936 1670/483/2936
s 0
f 1740/588/6937 1500/588/6938 1412/587/6939
s 1
f 1417/589/2695 1484/589/2751 1734/543/2931
f 1368/596/2664 1393/597/2738 1389/590/2735
f 1393/597/2738 1473/591/2739 1389/590/2735
f 1473/591/2739 1734/591/2931 1671/590/2941
f 1734/591/2931 1676/597/2878 1671/590/2941
f 1676/597/2878 1652/596/2865 1671/590/2941
f 1496/496/2892 1442/554/2710 1719/514/2910
f 1442/554/2710 1443/518/2709 1719/514/2910
f 1495/592/2756 1408/592/2686 1405/593/2725
f 1686/523/2917 1405/523/2725 1458/524/2728
f 1486/63/2942 1474/62/2905 1438/62/2707
f 1671/559/2941 1493/485/2754 1390/485/2674
f 1494/13/463 1472/15/465 1423/15/393
f 1660/52/476 1661/51/2870 1519/51/2829
f 1705/560/466 1571/560/2799 1517/561/2770
f 1739/562/477 1660/52/476 1520/52/446
f 1696/520/2928 1733/534/2927 1596/521/2821
f 1733/534/2927 1610/534/2835 1596/521/2821
s 0
f 1724/563/6940 1599/563/6941 1600/564/6942
f 1594/515/6943 1720/515/6944 1721/516/6945
f 1735/548/6946 1618/548/6947 1593/540/6948
s 1
f 1656/37/2866 1657/77/2868 1692/38/2888
f 1691/95/461 1690/10/460 1680/488/2881
f 1690/10/460 1688/493/2886 1682/555/2952
f 1685/491/2884 1681/489/2882 1682/555/2952
f 1692/38/2888 1657/77/2868 1693/69/2889
f 1657/77/2868 1677/463/2879 1740/468/2953
f 1609/565/2834 1607/566/2833 1730/566/2924
f 1594/569/2814 1610/570/2835 1733/570/2927
f 1737/546/2933 1622/546/2845 1623/27/442
f 1736/27/474 1623/27/442 1570/25/441
f 1655/572/2880 1517/572/2770 1514/571/2769
f 1706/25/472 1570/25/441 1571/19/2799
s 0
f 1741/39/6949 1644/39/6950 1599/106/6951
s 1
f 1591/977/2812 1587/55/433 1527/56/2774
f 1587/55/433 1715/55/2907 1527/56/2774
f 1715/55/2907 1717/977/2929 1667/56/2873
f 1667/56/2873 1731/978/2925 1527/56/2774
f 1731/978/2925 1608/978/2838 1527/56/2774
f 1738/547/2934 1624/547/2846 1622/546/2845
f 1738/547/2934 1739/30/477 1625/30/445
f 1715/573/2907 1587/573/433 1588/42/432
f 1731/574/2925 1730/531/2924 1607/531/2833
f 1575/505/2820 1609/533/2834 1596/521/2821
f 1609/533/2834 1732/533/2926 1596/521/2821
f 1514/576/2769 1541/575/6932 1678/575/2957
f 1744/23/511 1743/68/495 1742/96/494
f 1748/71/504 1747/477/2988 1746/476/2958
f 1751/5/493 1750/6/492 1753/47/508
f 1756/37/2961 1755/77/521 1754/8/2962
f 1760/29/517 1759/479/3022 1758/61/2964
f 1766/481/2965 1765/509/3009 1768/480/2966
f 1770/483/2968 1769/16/3015 1772/44/2969
f 1763/2/490 1773/559/3030 1774/485/2970
f 1778/41/500 1777/486/3034 1776/46/507
f 1780/463/2972 1781/9/3160 1754/8/2962
f 1756/37/2961 1757/487/2963 1782/20/2973
f 1783/488/2974 1782/20/2973 1784/489/2975
f 1786/491/2977 1784/489/2975 1788/490/2978
f 1790/493/2980 1789/523/3020 1792/34/2981
f 1796/494/2983 1750/6/492 1775/4/491
f 1799/495/2985 1798/496/3044 1797/32/2986
f 1815/97/503 1801/520/3012 1747/477/2988
f 1802/498/2989 1745/22/509 1742/96/494
f 1802/498/2989 1794/99/522 1793/611/2984
f 1803/499/2990 1793/611/2984 1791/66/2982
f 1808/500/2991 1807/526/2995 1810/21/2992
f 1811/25/512 1809/26/514 1810/21/2992
f 1808/500/2991 1814/502/2996 1813/501/2994
f 1814/502/2996 1761/28/515 1758/61/2964
f 1817/503/2997 1816/505/3013 1815/97/503
f 1819/506/2998 1817/503/2997 1818/72/505
f 1821/508/2999 1765/509/3009 1766/481/2965
f 1824/511/6952 1823/510/3011 1825/511/3002
f 1823/510/3011 1827/510/3000 1825/511/3002
f 1831/512/3003 1799/495/2985 1830/513/3004
f 1833/514/3006 1798/496/3044 1799/495/2985
f 1746/476/2958 1747/477/2988 1835/515/3007
f 1765/509/3009 1824/518/6952 1836/517/3010
f 1823/519/3011 1824/518/6952 1765/509/3009
f 1801/520/3012 1815/97/503 1816/505/3013
f 1769/16/3015 1839/18/3018 1838/17/3016
f 1841/522/3017 1840/106/3054 1839/18/3018
f 1785/555/2976 1843/525/3019 1790/493/2980
f 1843/525/3019 1842/524/3023 1789/523/3020
f 1782/20/2973 1757/487/2963 1812/19/2993
f 1807/526/2995 1784/489/2975 1782/20/2973
f 1788/490/2978 1784/489/2975 1807/526/2995
f 1844/59/3021 1788/490/2978 1813/501/2994
f 1759/479/3022 1845/527/3025 1844/59/3021
f 1796/494/2983 1787/492/2979 1788/490/2978
f 1847/98/506 1846/124/3024 1779/528/2971
f 1843/525/3019 1786/491/2977 1764/3/489
f 1842/524/3023 1843/525/3019 1762/1/488
f 1847/98/506 1753/47/508 1750/6/492
f 1796/494/2983 1844/59/3021 1846/124/3024
f 1845/527/3025 1991/530/560 1846/124/3024
f 1819/506/2998 1849/532/3031 1848/531/3026
f 1817/503/2997 1848/531/3026 1850/533/3027
f 1829/42/501 1779/528/2971 1846/124/3024
f 1851/534/3028 1835/515/3007 1747/477/2988
f 1743/535/495 1744/536/511 1853/536/790
f 1748/71/504 1749/542/2959 1820/507/519
f 1763/2/490 1751/5/493 1752/478/2960
f 1751/5/493 1763/2/490 1764/3/489
f 1849/532/3031 1819/506/2998 1766/481/2965
f 1768/480/2966 1831/512/3003 1832/537/3005
f 1787/492/2979 1775/4/491 1764/3/489
f 1854/538/3032 1806/539/498 1856/539/779
f 1766/481/2965 1819/506/2998 1820/507/519
f 1832/537/3005 1830/513/3004 1778/41/500
f 1768/480/2966 1836/517/3010 1833/514/3006
f 1800/31/2987 1857/543/3035 1830/513/3004
f 1821/540/2999 1858/540/3776 1827/541/3000
f 1770/483/2968 1771/484/520 1749/542/2959
f 1777/486/3034 1752/478/2960 1753/47/508
f 1857/543/3035 1777/486/3034 1778/41/500
f 1859/544/3036 1841/522/3017 1769/16/3015
f 1745/22/509 1802/498/2989 1861/35/3037
f 1861/35/3037 1802/498/2989 1803/499/2990
f 1854/36/3032 1803/499/2990 1804/14/499
f 1853/536/790 1744/536/511 1860/545/510
f 1805/13/497 1804/14/499 1791/66/2982
f 1863/546/3038 1808/500/2991 1809/26/514
f 1814/502/2996 1808/500/2991 1863/546/3038
f 1761/28/515 1814/502/2996 1865/547/3039
f 1770/483/3040 1746/530/6953 1834/540/3041
f 1862/550/791 1860/550/510 1861/549/3037
f 1836/517/3010 1824/518/6952 1833/514/3006
f 1824/518/6952 1825/554/3002 1833/514/3006
f 1800/31/2987 1797/32/2986 1869/32/3045
f 1772/44/2969 1838/17/3016 1875/17/781
f 1842/552/3023 1774/553/2970 1877/553/3048
f 1878/13/777 1805/13/497 1792/34/2981
f 1798/496/3044 1825/554/3002 1797/32/2986
f 1825/554/3002 1880/496/3763 1869/32/3045
f 1861/35/3037 1854/36/3032 1855/36/3033
f 1881/114/3051 1883/114/802 1882/18/782
f 1882/18/782 1875/17/781 1838/17/3016
f 1838/17/3016 1839/18/3018 1882/18/782
f 1794/99/522 1756/37/2961 1783/488/2974
f 1793/611/2984 1783/488/2974 1785/555/2976
f 1786/491/2977 1843/525/3019 1785/555/2976
f 1742/96/494 1795/69/496 1755/77/521
f 1795/69/496 1884/468/3052 1755/77/521
f 1885/39/3053 1881/40/3051 1839/18/3018
f 1888/23/542 1887/22/541 1886/475/3055
f 1892/71/3057 1891/542/3133 1890/476/3058
f 1895/47/3060 1894/6/528 1897/5/527
f 1900/37/3062 1899/487/3076 1898/8/3063
f 1903/29/548 1902/28/547 1901/61/3065
f 1909/480/3067 1908/509/3103 1911/481/3068
f 1913/44/554 1912/16/535 1915/483/3070
f 1917/485/3072 1916/559/3323 1907/2/524
f 1921/41/3073 1920/528/3123 1919/46/3074
f 1900/37/3062 1926/488/3078 1925/20/539
f 1926/488/3078 1928/555/3156 1927/489/3079
f 1929/490/3080 1927/489/3079 1931/491/3081
f 1933/34/556 1932/523/3118 1935/493/3083
f 1936/12/531 1934/66/3084 1935/493/3083
f 1889/68/3056 1886/475/3055 1939/38/3085
f 1918/4/526 1894/6/528 1941/494/3087
f 1944/495/3088 1943/31/550 1942/32/552
f 1893/477/3059 1946/520/3115 1947/497/3090
f 1948/498/3091 1938/100/530 1886/475/3055
f 1938/100/530 1948/498/3091 1949/499/3092
f 1934/66/3084 1936/12/531 1949/499/3092
f 1954/21/540 1953/526/3121 1956/500/3093
f 1958/25/544 1957/19/538 1954/21/540
f 1956/500/3093 1953/526/3121 1959/501/3094
f 1960/502/3095 1959/501/3094 1901/61/3065
f 1963/503/3096 1962/72/3099 1961/504/3097
f 1962/72/3099 1963/503/3096 1966/506/3100
f 1968/508/3102 1967/558/3322 1911/481/3068
f 1973/511/3114 1972/511/3105 1969/510/3104
f 1972/511/3105 1971/511/6954 1970/510/3106
f 1974/42/561 1920/528/3123 1921/41/3073
f 1978/512/3108 1977/537/3130 1976/513/3109
f 1979/514/3110 1978/512/3108 1944/495/3088
f 1980/515/3111 1893/477/3059 1890/476/3058
f 1908/509/3103 1909/480/3067 1982/517/3113
f 1908/509/3103 1973/518/3114 1969/519/3104
f 1964/505/3098 1961/504/3097 1837/521/3014
f 1961/504/3097 1947/497/3090 1837/521/3014
f 1984/522/3116 1912/16/535 1983/18/537
f 1928/555/3156 1935/493/3083 1986/525/3120
f 1935/493/3083 1932/523/3118 1986/525/3120
f 1953/526/3121 1954/21/540 1925/20/539
f 1953/526/3121 1927/489/3079 1929/490/3080
f 1959/501/3094 1929/490/3080 1988/59/3122
f 1904/479/3066 1901/61/3065 1988/59/3122
f 1929/490/3080 1930/492/3082 1941/494/3087
f 1920/528/3123 1989/124/3125 1990/612/3124
f 1906/3/525 1931/491/3081 1986/525/3120
f 1905/1/523 1986/525/3120 1987/524/3119
f 1894/6/528 1895/47/3060 1990/612/3124
f 1989/124/3125 1988/59/3122 1941/494/3087
f 1845/527/3025 1988/59/3122 1989/124/3125
f 1966/506/3100 1963/503/3096 1992/531/3126
f 1963/503/3096 1964/505/3098 1994/533/3128
f 1974/42/561 1991/530/560 1989/124/3125
f 1893/477/3059 1980/515/3111 1995/534/3129
f 1996/536/617 1888/536/542 1889/535/3056
f 1965/507/3101 1891/542/3133 1892/71/3057
f 1907/2/524 1916/559/3323 1896/478/3061
f 1897/5/527 1918/4/526 1906/3/525
f 1911/481/3068 1966/506/3100 1993/532/3127
f 1909/480/3067 1910/482/3069 1977/537/3130
f 1906/3/525 1918/4/526 1930/492/3082
f 1892/71/3057 1947/497/3090 1961/504/3097
f 1998/539/607 1952/539/534 2000/538/3131
f 1911/481/3068 1967/558/3322 1965/507/3101
f 1921/41/3073 1976/513/3109 1977/537/3130
f 1979/514/3110 1982/517/3113 1909/480/3067
f 1976/513/3109 2001/543/3134 1943/31/550
f 1968/540/3102 1969/541/3104 1970/541/3106
f 1915/483/3070 1890/476/3058 1891/542/3133
f 1922/486/3075 1919/46/3074 1895/47/3060
f 1921/41/3073 1922/486/3075 2001/543/3134
f 1912/16/535 1984/522/3116 2003/544/3135
f 2004/35/558 1948/498/3091 1887/22/541
f 2004/35/558 2000/36/3131 1949/499/3092
f 2000/36/3131 1952/15/534 1950/14/533
f 2006/545/616 2005/545/543 1888/536/542
f 1934/66/3084 1950/14/533 1951/13/532
f 2008/546/3136 2007/27/546 1955/26/545
f 2008/546/3136 1956/500/3093 1960/502/3095
f 2009/547/3137 1960/502/3095 1902/28/547
f 1981/540/3138 1890/530/6955 1915/483/3139
f 2011/549/559 2004/549/558 2005/550/543
f 1945/496/3089 1972/554/3105 1979/514/3110
f 1972/554/3105 1973/518/3114 1979/514/3110
f 2014/50/3143 1914/50/3071 1967/48/3322
f 1914/50/3071 1891/551/3133 1965/49/3101
f 1967/48/3322 1914/50/3071 1965/49/3101
f 1967/48/3322 2017/48/3283 2014/50/3143
f 2017/48/3283 2016/49/3141 2014/50/3143
f 1987/552/3119 2021/552/3301 2020/553/3144
f 1945/496/3089 1942/32/552 1972/554/3105
f 1942/32/552 2012/32/551 1972/554/3105
f 2018/17/536 2026/18/3146 1983/18/537
f 2026/18/3146 2025/114/6956 2024/114/566
f 1903/52/548 1904/51/3066 1759/51/3022
f 1957/560/538 1812/560/2993 1757/561/2963
f 2010/562/549 1903/52/548 1760/52/517
f 1946/520/3115 1995/534/3129 1837/521/3014
f 1995/534/3129 1851/534/3028 1837/521/3014
s 0
f 1841/564/6957 1984/564/6958 1985/563/6959
f 1835/515/6960 1980/515/6961 1981/516/6962
f 1834/540/6963 1981/540/6964 2003/548/6965
s 1
f 1900/37/3062 1923/469/3064 1939/38/3085
f 1938/100/530 1937/10/529 1926/488/3078
f 1937/10/529 1935/493/3083 1928/555/3156
f 1931/491/3081 1927/489/3079 1928/555/3156
f 1923/469/3064 2027/468/6966 1940/69/3086
f 1992/566/3126 1994/565/3128 1850/565/3027
f 1835/569/3007 1851/570/3028 1995/570/3129
f 2007/27/546 2008/546/3136 1863/546/3038
f 1958/25/544 2007/27/546 1864/27/513
f 1898/571/3063 1899/572/3076 1757/572/2963
f 1958/25/544 1811/25/512 1812/19/2993
s 0
f 2028/39/6967 1885/39/6968 1840/106/6969
s 1
f 1849/978/3031 1767/56/2967 1910/56/3069
f 1767/56/2967 1832/977/3005 1828/55/502
f 1975/55/3107 1767/56/2967 1828/55/502
f 1975/55/3107 1977/977/3130 1910/56/3069
f 1910/56/3069 1993/978/3127 1849/978/3031
f 1865/547/3039 1863/546/3038 2008/546/3136
f 2010/30/549 1866/30/516 1865/547/3039
f 1975/573/3107 1828/573/502 1829/42/501
f 1993/574/3127 1992/531/3126 1848/531/3026
f 1816/505/3013 1850/533/3027 1837/521/3014
f 1850/533/3027 1994/533/3128 1837/521/3014
f 1898/576/3063 1754/576/2962 1781/575/3160
f 1612/23/585 2030/22/584 2029/475/3161
f 2032/71/3162 1631/542/3232 2031/476/3163
f 2035/47/3165 2034/6/572 2037/5/571
f 2040/37/3167 2039/487/3180 2038/8/3168
f 2043/29/591 2042/28/590 2041/61/3170
f 2049/480/3172 2048/509/3207 2051/481/3173
f 1633/44/2854 2052/16/578 2053/483/3175
f 1636/485/2855 2054/559/3243 2047/2/568
f 2058/41/3177 2057/528/3224 2056/46/3178
f 2040/37/3167 2063/488/3182 2062/20/582
f 2063/488/3182 2065/555/3244 2064/489/3183
f 2066/490/3184 2064/489/3183 2068/491/3185
f 1638/34/450 2069/523/3219 2071/493/3187
f 2072/12/575 2070/66/3188 2071/493/3187
f 1611/68/2836 2029/475/3161 2075/38/3189
f 2055/4/570 2034/6/572 2077/494/3191
f 2078/495/3192 1627/31/2853 1628/32/2852
f 2033/477/3164 2079/520/3215 2080/497/3194
f 2081/498/3195 2074/102/574 2029/475/3161
f 2074/102/574 2081/498/3195 2082/499/3196
f 2070/66/3188 2072/12/575 2082/499/3196
f 2085/21/583 2084/526/3221 2087/500/3197
f 2089/25/587 2088/19/581 2085/21/583
f 2087/500/3197 2084/526/3221 2090/501/3198
f 2091/502/3199 2090/501/3198 2041/61/3170
f 2094/503/3200 2093/72/3203 2092/504/3201
f 2093/72/3203 2094/503/3200 2096/506/3204
f 1617/508/3206 1629/558/6768 2051/481/3173
f 2097/42/626 2057/528/3224 2058/41/3177
f 2101/512/3209 2100/537/3231 2099/513/3210
f 2102/514/3211 2101/512/3209 2078/495/3192
f 2103/515/3212 2033/477/3164 2031/476/3163
f 2048/509/3207 2049/480/3172 2105/517/3214
f 2048/509/3207 1585/518/2808 1586/519/2807
f 2095/505/3202 2092/504/3201 2106/521/3216
f 2092/504/3201 2080/497/3194 2106/521/3216
f 2107/522/3217 2052/16/578 1641/18/580
f 2065/555/3244 2071/493/3187 2109/525/3220
f 2071/493/3187 2069/523/3219 2109/525/3220
f 2084/526/3221 2085/21/583 2062/20/582
f 2084/526/3221 2064/489/3183 2066/490/3184
f 2090/501/3198 2066/490/3184 2110/59/3222
f 2044/479/3171 2041/61/3170 2110/59/3222
f 2066/490/3184 2067/492/3186 2077/494/3191
f 2057/528/3224 2111/124/3226 2112/613/3225
f 2046/3/569 2068/491/3185 2109/525/3220
f 2045/1/567 2109/525/3220 1635/524/2856
f 2034/6/572 2035/47/3165 2112/613/3225
f 2111/124/3226 2110/59/3222 2077/494/3191
f 2205/527/3223 2110/59/3222 2111/124/3226
f 2096/506/3204 2094/503/3200 2114/531/3227
f 2094/503/3200 2095/505/3202 2116/533/3229
f 2097/42/626 2113/530/625 2111/124/3226
f 2033/477/3164 2103/515/3212 2117/534/3230
f 1630/507/3205 1631/542/3232 2032/71/3162
f 2047/2/568 2054/559/3243 2036/478/3166
f 2037/5/571 2055/4/570 2046/3/569
f 2051/481/3173 2096/506/3204 2115/532/3228
f 2049/480/3172 2050/482/3174 2100/537/3231
f 2046/3/569 2055/4/570 2067/492/3186
f 2032/71/3162 2080/497/3194 2092/504/3201
f 2051/481/3173 1629/558/6768 1630/507/3205
f 2058/41/3177 2099/513/3210 2100/537/3231
f 2102/514/3211 2105/517/3214 2049/480/3172
f 2099/513/3210 2118/543/3233 1627/31/2853
f 1531/578/449 1532/579/2776 1633/579/2854
f 2053/483/3175 2031/476/3163 1631/542/3232
f 2059/486/3179 2056/46/3178 2035/47/3165
f 2058/41/3177 2059/486/3179 2118/543/3233
f 2052/16/578 2107/522/3217 2119/544/3234
f 1626/35/2850 2081/498/3195 2030/22/584
f 1626/35/2850 1614/36/2839 2082/499/3196
f 1614/36/2839 1615/15/577 2083/14/576
f 2070/66/3188 2083/14/576 1637/13/451
f 2121/546/3235 2120/27/589 2086/26/588
f 2121/546/3235 2087/500/3197 2091/502/3199
f 2122/547/3236 2091/502/3199 2042/28/590
f 2104/540/3237 2031/530/6970 2053/483/3238
s 0
f 2076/587/6971 2124/588/6972 1643/588/6973
s 1
f 1627/589/2853 2118/543/3233 1616/543/2841
f 1512/596/2767 1537/597/2840 1533/590/2837
f 1537/597/2840 1616/591/2841 1533/590/2837
f 1616/591/2841 2118/591/3233 2054/590/3243
f 2118/591/3233 2059/597/3179 2054/590/3243
f 2059/597/3179 2036/596/3166 2054/590/3243
f 1639/496/3193 1584/554/2809 2102/514/3211
f 1584/554/2809 1585/518/2808 2102/514/3211
f 2069/593/3219 1638/592/450 1564/92/428
f 2069/523/3219 1549/523/2827 1601/524/2830
f 1581/63/447 1629/63/6768 1617/62/3206
f 1533/559/2837 2054/559/3243 1636/485/2855
f 1637/13/451 1615/15/577 1565/15/429
f 2040/37/3167 2060/470/3169 2075/38/3189
f 2074/102/574 2073/10/573 2063/488/3182
f 2073/10/573 2071/493/3187 2065/555/3244
f 2068/491/3185 2064/489/3183 2065/555/3244
f 2060/470/3169 2124/468/6974 2076/69/3190
f 1996/23/617 1997/68/605 2126/103/604
f 2130/71/610 2129/477/3271 2128/476/3245
f 2132/5/603 2131/6/602 2134/47/614
f 2137/37/3247 2136/77/3258 2135/8/3248
f 2141/29/624 2140/479/3300 2139/61/3250
f 2147/481/3251 2146/509/3291 2149/480/3252
f 2151/483/3254 2150/16/3295 2019/44/553
f 2144/2/600 2152/559/3306 2020/485/3144
f 2156/41/3255 2155/486/3308 2154/46/613
f 2158/463/3257 2159/9/3339 2135/8/3248
f 2137/37/3247 2138/487/3249 2160/20/3259
f 2161/488/3260 2160/20/3259 2162/489/3261
f 2164/491/3263 2162/489/3261 2166/490/3264
f 2168/493/3266 2167/523/3298 2022/101/555
f 2173/494/3267 2131/6/602 2153/4/601
f 2174/495/3269 2023/496/3145 2012/32/551
f 2187/104/609 2175/520/3293 2129/477/3271
f 2176/498/3272 2127/22/615 2126/103/604
f 2176/498/3272 2171/615/3273 2170/614/3268
f 2177/499/3274 2170/614/3268 2169/66/618
f 2180/500/3275 2179/526/3279 2182/21/3276
f 2183/25/619 2181/26/621 2182/21/3276
f 2180/500/3275 2186/502/3280 2185/501/3278
f 2186/502/3280 2142/28/622 2139/61/3250
f 2189/503/3281 2188/505/3294 2187/104/609
f 2191/506/3282 2189/503/3281 2190/72/611
f 2002/508/3132 2146/509/3291 2147/481/3251
f 2156/41/3255 2157/528/3256 2193/42/627
f 2195/512/3285 2174/495/3269 2194/513/3286
f 2197/514/3288 2023/496/3145 2174/495/3269
f 2128/476/3245 2129/477/3271 2199/515/3289
f 2146/509/3291 1971/518/6954 2200/517/3292
f 1970/519/3106 1971/518/6954 2146/509/3291
f 2175/520/3293 2187/104/609 2188/505/3294
f 2150/16/3295 2026/18/3146 2018/17/536
f 2202/522/3296 2201/106/3338 2026/18/3146
f 2163/555/3262 2203/525/3297 2168/493/3266
f 2203/525/3297 2021/524/3301 2167/523/3298
f 2160/20/3259 2138/487/3249 2184/19/3277
f 2179/526/3279 2162/489/3261 2160/20/3259
f 2166/490/3264 2162/489/3261 2179/526/3279
f 2204/59/3299 2166/490/3264 2185/501/3278
f 2140/479/3300 2205/527/3223 2204/59/3299
f 2173/494/3267 2165/492/3265 2166/490/3264
f 2207/105/612 2206/124/3302 2157/528/3256
f 2203/525/3297 2164/491/3263 2145/3/599
f 2021/524/3301 2203/525/3297 2143/1/598
f 2207/105/612 2134/47/614 2131/6/602
f 2173/494/3267 2204/59/3299 2206/124/3302
f 2205/527/3223 2113/530/625 2206/124/3302
f 2191/506/3282 2209/532/3307 2208/531/3303
f 2189/503/3281 2208/531/3303 2210/533/3304
f 2193/42/627 2157/528/3256 2206/124/3302
f 2211/534/3305 2199/515/3289 2129/477/3271
f 2130/71/610 2015/542/3142 2016/507/3141
f 2144/2/600 2132/5/603 2133/478/3246
f 2132/5/603 2144/2/600 2145/3/599
f 2209/532/3307 2191/506/3282 2147/481/3251
f 2149/480/3252 2195/512/3285 2196/537/3287
f 2165/492/3265 2153/4/601 2145/3/599
f 2147/481/3251 2191/506/3282 2016/507/3141
f 2196/537/3287 2194/513/3286 2156/41/3255
f 2149/480/3252 2200/517/3292 2197/514/3288
f 2013/31/3270 2212/543/3309 2194/513/3286
f 2014/578/3143 2019/579/553 1913/579/554
f 2151/483/3254 2014/484/3143 2015/542/3142
f 2155/486/3308 2133/478/3246 2134/47/614
f 2212/543/3309 2155/486/3308 2156/41/3255
f 2213/544/3310 2202/522/3296 2150/16/3295
f 2127/22/615 2176/498/3272 2011/35/559
f 2011/35/559 2176/498/3272 2177/499/3274
f 1999/36/557 2177/499/3274 2178/14/608
f 2214/546/3311 2180/500/3275 2181/26/621
f 2186/502/3280 2180/500/3275 2214/546/3311
f 2142/28/622 2186/502/3280 2216/547/3312
f 2151/483/3313 2128/530/6975 2198/540/3314
s 0
f 1940/587/6976 2027/588/6977 2218/588/6978
s 1
f 1943/589/550 2001/543/3134 2212/543/3309
f 2155/597/3308 2212/591/3309 2152/590/3306
f 2212/591/3309 2001/591/3134 2152/590/3306
f 2001/591/3134 1922/597/3075 1916/590/3323
f 1922/597/3075 1896/596/3061 1916/590/3323
f 1916/590/3323 2152/590/3306 2001/591/3134
f 2200/517/3292 1971/518/6954 2197/514/3288
f 1971/518/6954 1972/554/3105 2197/514/3288
s 0
f 2172/80/6979 1997/81/6980 1889/81/6981
s 1
f 2022/101/555 2167/593/3298 1932/593/3118
f 2167/523/3298 2021/524/3301 1987/524/3119
f 1968/62/3102 2002/62/3132 2017/63/3283
f 1917/485/3072 2020/485/3144 2152/559/3306
f 1951/13/532 1952/15/534 1998/15/607
f 2044/51/3171 2140/51/3300 2141/52/624
f 2039/561/3180 2088/560/581 2184/560/3277
f 2043/52/591 2141/52/624 2217/562/623
f 2175/520/3293 2106/521/3216 2211/534/3305
f 2106/521/3216 2079/520/3215 2117/534/3230
s 0
f 2107/83/6982 2202/83/6983 2213/82/6984
f 2201/563/6985 2202/564/6986 2107/564/6987
f 2103/515/6988 2104/516/6989 2198/516/6990
f 2213/548/6991 2198/540/6992 2104/540/6993
s 1
f 2136/77/3258 2137/37/3247 2171/615/3273
f 2171/615/3273 2137/37/3247 2161/488/3260
f 2170/614/3268 2161/488/3260 2163/555/3262
f 2164/491/3263 2203/525/3297 2163/555/3262
f 2126/103/604 2172/69/606 2136/77/3258
f 2172/69/606 2218/468/3336 2136/77/3258
f 2219/39/3337 2025/40/6956 2026/18/3146
f 2116/565/3229 2210/565/3304 2208/566/3303
f 2103/569/3212 2199/569/3289 2211/570/3305
f 2120/27/589 2121/546/3235 2214/546/3311
f 2183/25/619 2089/25/587 2120/27/589
f 2038/571/3168 2039/572/3180 2138/572/3249
f 2184/19/3277 2088/19/581 2089/25/587
f 2115/978/3228 2209/978/3307 2050/56/3174
f 2209/978/3307 2148/56/3253 2050/56/3174
f 2148/56/3253 2196/977/3287 2192/55/3284
f 2192/55/3284 2098/55/3208 2050/56/3174
f 2098/55/3208 2100/977/3231 2050/56/3174
f 2122/547/3236 2216/547/3312 2214/546/3311
f 2216/547/3312 2122/547/3236 2123/30/592
f 2097/42/626 2098/573/3208 2192/573/3284
f 2209/574/3307 2115/574/3228 2114/531/3227
f 2188/505/3294 2210/533/3304 2106/521/3216
f 2210/533/3304 2116/533/3229 2106/521/3216
f 2061/575/3181 2038/576/3168 2135/576/3248
f 2222/23/648 2221/68/1951 2220/475/3340
f 2226/71/641 2225/477/3371 2224/476/3341
f 2229/5/636 2228/6/635 2231/47/645
f 2234/37/3343 2233/77/3425 2232/8/3344
f 2238/29/654 2237/479/3400 2236/61/3346
f 2244/481/3347 2243/509/3390 2246/480/3348
f 2248/483/3350 2247/16/3395 2250/44/3351
f 2241/2/633 2251/559/3407 2252/485/1967
f 2256/41/3352 2255/486/3409 2254/46/644
f 2232/8/3344 2233/77/3425 2258/463/3354
f 2234/37/3343 2235/487/3345 2260/20/3356
f 2261/488/3357 2260/20/3356 2262/489/3358
f 2264/491/3360 2262/489/3358 2266/490/3361
f 2268/493/3363 2267/523/3398 2270/34/1968
f 2221/68/1951 2274/69/6994 2273/38/3365
f 2275/494/3368 2228/6/635 2253/4/634
f 2278/495/3369 2277/496/1969 2276/32/145
f 2294/107/640 2280/520/3392 2225/477/3371
f 2281/498/3372 2223/22/646 2220/475/3340
f 2281/498/3372 2272/617/3367 2271/616/3366
f 2282/499/3373 2271/616/3366 2269/66/3364
f 2287/500/3374 2286/526/3378 2289/21/3375
f 2290/25/649 2288/26/651 2289/21/3375
f 2287/500/3374 2293/502/3379 2292/501/3377
f 2293/502/3379 2239/28/652 2236/61/3346
f 2296/503/3380 2295/505/3393 2294/107/640
f 2298/506/3381 2296/503/3380 2297/72/642
f 2300/508/1953 2243/509/3390 2244/481/3347
f 2256/41/3352 2257/528/3353 2305/42/690
f 2307/512/3384 2278/495/3369 2306/513/3385
f 2309/514/3387 2277/496/1969 2278/495/3369
f 2224/476/3341 2225/477/3371 2311/515/3388
f 2243/509/3390 2303/518/6832 2312/517/3391
f 2302/519/1926 2303/518/6832 2243/509/3390
f 2280/520/3392 2294/107/640 2295/505/3393
f 2247/16/3395 2315/18/1970 2314/17/1966
f 2317/522/3396 2316/106/3428 2315/18/1970
f 2263/555/3359 2319/525/3397 2268/493/3363
f 2319/525/3397 2318/524/3401 2267/523/3398
f 2260/20/3356 2235/487/3345 2291/19/3376
f 2286/526/3378 2262/489/3358 2260/20/3356
f 2266/490/3361 2262/489/3358 2286/526/3378
f 2320/59/3399 2266/490/3361 2292/501/3377
f 2237/479/3400 2321/527/3403 2320/59/3399
f 2275/494/3368 2265/492/3362 2266/490/3361
f 2323/108/643 2322/124/3402 2257/528/3353
f 2319/525/3397 2264/491/3360 2242/3/632
f 2318/524/3401 2319/525/3397 2240/1/631
f 2323/108/643 2231/47/645 2228/6/635
f 2275/494/3368 2320/59/3399 2322/124/3402
f 2321/527/3403 2445/530/691 2322/124/3402
f 2298/506/3381 2325/532/3408 2324/531/3404
f 2296/503/3380 2324/531/3404 2326/533/3405
f 2305/42/690 2257/528/3353 2322/124/3402
f 2327/534/3406 2311/515/3388 2225/477/3371
f 2226/71/641 2227/542/1964 2299/507/1963
f 2241/2/633 2229/5/636 2230/478/3342
f 2229/5/636 2241/2/633 2242/3/632
f 2325/532/3408 2298/506/3381 2244/481/3347
f 2246/480/3348 2307/512/3384 2308/537/3386
f 2265/492/3362 2253/4/634 2242/3/632
f 2244/481/3347 2298/506/3381 2299/507/1963
f 2308/537/3386 2306/513/3385 2256/41/3352
f 2246/480/3348 2312/517/3391 2309/514/3387
f 2279/31/3370 2329/543/3410 2306/513/3385
f 425/578/1893 2249/578/1965 2250/579/3351
f 2248/483/3350 2249/484/1965 2227/542/1964
f 2255/486/3409 2230/478/3342 2231/47/645
f 2329/543/3410 2255/486/3409 2256/41/3352
f 2330/544/3411 2317/522/3396 2247/16/3395
f 2223/22/646 2281/498/3372 2332/35/1962
f 2332/35/1962 2281/498/3372 2282/499/3373
f 2328/36/148 2282/499/3373 2283/14/639
f 2284/13/637 2283/14/639 2269/66/3364
f 2333/546/3412 2287/500/3374 2288/26/651
f 2293/502/3379 2287/500/3374 2333/546/3412
f 2239/28/652 2293/502/3379 2335/547/3413
f 2248/483/3414 2224/530/6995 2310/540/3415
s 0
f 451/587/6996 515/588/6997 2337/588/6998
s 1
f 507/543/1955 2329/543/3410 2279/589/3370
f 2255/597/3409 2329/591/3410 2251/590/3407
f 2329/591/3410 507/591/1955 2251/590/3407
f 507/591/1955 433/597/1897 427/590/3424
f 433/597/1897 407/596/1884 427/590/3424
f 427/590/3424 2251/590/3407 507/591/1955
f 2312/517/3391 2303/518/6832 2309/514/3387
f 2303/518/6832 480/554/1925 2309/514/3387
s 0
f 400/81/6999 451/80/7000 2274/80/7001
s 1
f 444/65/125 2270/592/1968 2267/593/3398
f 2267/523/3398 2318/524/3401 497/524/1939
f 477/63/3423 478/62/1922 2300/62/1953
f 427/559/3424 428/485/1894 2252/485/1967
f 462/15/127 2285/15/638 2284/13/637
f 2233/77/3425 2234/37/3343 2272/617/3367
f 2272/617/3367 2234/37/3343 2261/488/3357
f 2271/616/3366 2261/488/3357 2263/555/3359
f 2264/491/3360 2319/525/3397 2263/555/3359
f 2273/38/3365 2274/69/6994 2233/77/3425
f 2274/69/6994 2337/468/3426 2233/77/3425
f 2339/39/3427 2338/40/6834 2315/18/1970
f 2342/23/674 2341/22/673 2340/475/3429
f 2346/71/3431 2345/542/3507 2344/476/3432
f 2349/47/3434 2348/6/660 2351/5/659
f 2354/37/3436 2353/487/3450 2352/8/3437
f 2357/29/680 2356/28/679 2355/61/3439
f 2363/480/3441 2362/509/3478 2365/481/3442
f 2367/44/686 2366/16/667 2369/483/3444
f 2371/485/3446 2370/559/3713 2361/2/656
f 2375/41/3447 2374/528/3498 2373/46/3448
f 2354/37/3436 2380/488/3452 2379/20/671
f 2380/488/3452 2382/555/3532 2381/489/3453
f 2383/490/3454 2381/489/3453 2385/491/3455
f 2387/34/3457 2386/523/3493 2389/493/3458
f 2390/12/663 2388/66/3459 2389/493/3458
f 2343/68/3430 2340/475/3429 2393/38/3460
f 2372/4/658 2348/6/660 2395/494/3462
f 2398/495/3463 2397/31/682 2396/32/684
f 2347/477/3433 2400/520/3490 2401/497/3465
f 2402/498/3466 2392/109/662 2340/475/3429
f 2392/109/662 2402/498/3466 2403/499/3467
f 2388/66/3459 2390/12/663 2403/499/3467
f 2408/21/672 2407/526/3496 2410/500/3468
f 2412/25/676 2411/19/670 2408/21/672
f 2410/500/3468 2407/526/3496 2413/501/3469
f 2414/502/3470 2413/501/3469 2355/61/3439
f 2417/503/3471 2416/72/3474 2415/504/3472
f 2416/72/3474 2417/503/3471 2420/506/3475
f 2422/508/3477 2421/558/3712 2365/481/3442
f 2427/511/3489 2426/511/3480 2423/510/3479
f 2426/511/3480 2425/511/7002 2424/510/3481
f 2428/42/692 2374/528/3498 2375/41/3447
f 2432/512/3483 2431/537/3505 2430/513/3484
f 2433/514/3485 2432/512/3483 2398/495/3463
f 2434/515/3486 2347/477/3433 2344/476/3432
f 2362/509/3478 2363/480/3441 2436/517/3488
f 2362/509/3478 2427/518/3489 2423/519/3479
f 2418/505/3473 2415/504/3472 2313/521/3394
f 2415/504/3472 2401/497/3465 2313/521/3394
f 2438/522/3491 2366/16/667 2437/18/669
f 2382/555/3532 2389/493/3458 2440/525/3495
f 2389/493/3458 2386/523/3493 2440/525/3495
f 2407/526/3496 2408/21/672 2379/20/671
f 2407/526/3496 2381/489/3453 2383/490/3454
f 2413/501/3469 2383/490/3454 2442/59/3497
f 2358/479/3440 2355/61/3439 2442/59/3497
f 2383/490/3454 2384/492/3456 2395/494/3462
f 2374/528/3498 2443/124/3500 2444/618/3499
f 2360/3/657 2385/491/3455 2440/525/3495
f 2359/1/655 2440/525/3495 2441/524/3494
f 2348/6/660 2349/47/3434 2444/618/3499
f 2443/124/3500 2442/59/3497 2395/494/3462
f 2321/527/3403 2442/59/3497 2443/124/3500
f 2420/506/3475 2417/503/3471 2446/531/3501
f 2417/503/3471 2418/505/3473 2448/533/3503
f 2428/42/692 2445/530/691 2443/124/3500
f 2347/477/3433 2434/515/3486 2449/534/3504
f 2342/536/674 2343/535/3430 2451/535/747
f 2419/507/3476 2345/542/3507 2346/71/3431
f 2361/2/656 2370/559/3713 2350/478/3435
f 2351/5/659 2372/4/658 2360/3/657
f 2365/481/3442 2420/506/3475 2447/532/3502
f 2431/537/3505 2432/512/3483 2363/480/3441
f 2360/3/657 2372/4/658 2384/492/3456
f 2346/71/3431 2401/497/3465 2415/504/3472
f 2452/539/750 2406/539/666 2454/538/689
f 2365/481/3442 2421/558/3712 2419/507/3476
f 2375/41/3447 2430/513/3484 2431/537/3505
f 2433/514/3485 2436/517/3488 2363/480/3441
f 2430/513/3484 2455/543/3508 2397/31/682
f 2422/540/3477 2423/541/3479 2424/541/3481
f 2369/483/3444 2344/476/3432 2345/542/3507
f 2376/486/3449 2373/46/3448 2349/47/3434
f 2375/41/3447 2376/486/3449 2455/543/3508
f 2366/16/667 2438/522/3491 2457/544/3509
f 2458/35/687 2402/498/3466 2341/22/673
f 2458/35/687 2454/36/689 2403/499/3467
f 2454/36/689 2406/15/666 2404/14/665
f 2460/545/757 2459/545/675 2342/536/674
f 2388/66/3459 2404/14/665 2405/13/664
f 2462/546/3510 2461/27/678 2409/26/677
f 2462/546/3510 2410/500/3468 2414/502/3470
f 2463/547/3511 2414/502/3470 2356/28/679
f 2435/540/3512 2344/530/7003 2369/483/3513
f 2458/549/687 2459/550/675 2460/550/757
f 2399/496/3464 2426/554/3480 2433/514/3485
f 2426/554/3480 2427/518/3489 2433/514/3485
f 2468/50/3518 2368/50/3445 2421/48/3712
f 2368/50/3445 2345/551/3507 2419/49/3476
f 2421/48/3712 2368/50/3445 2419/49/3476
f 2421/48/3712 2471/48/3673 2468/50/3518
f 2471/48/3673 2470/49/3516 2468/50/3518
f 2441/552/3494 2475/552/3690 2474/553/3519
f 2405/13/664 2477/13/749 2476/34/3520
f 2399/496/3464 2396/32/684 2426/554/3480
f 2396/32/684 2466/32/683 2426/554/3480
f 2472/110/668 2481/18/3685 2437/18/669
f 2481/18/3685 2480/114/3522 2437/18/669
f 2357/52/680 2358/51/3440 2237/51/3400
f 2411/560/670 2291/560/3376 2235/561/3345
f 2357/52/680 2238/52/654 2336/562/653
f 2400/520/3490 2449/534/3504 2313/521/3394
f 2449/534/3504 2327/534/3406 2313/521/3394
s 0
f 2439/563/7004 2316/563/7005 2317/564/7006
f 2435/516/7007 2310/516/7008 2311/515/7009
f 2457/548/7010 2330/548/7011 2310/540/7012
s 1
f 2354/37/3436 2377/471/3438 2393/38/3460
f 2392/109/662 2391/10/661 2380/488/3452
f 2391/10/661 2389/493/3458 2382/555/3532
f 2385/491/3455 2381/489/3453 2382/555/3532
f 2377/471/3438 2482/468/7013 2394/69/3461
f 2326/565/3405 2324/566/3404 2446/566/3501
f 2311/569/3388 2327/570/3406 2449/570/3504
f 2461/27/678 2462/546/3510 2333/546/3412
f 2461/27/678 2334/27/650 2290/25/649
f 2352/571/3437 2353/572/3450 2235/572/3345
f 2290/25/649 2291/19/3376 2411/19/670
s 0
f 2483/39/7014 2339/39/7015 2316/106/7016
s 1
f 2308/977/3386 2304/55/3383 2245/56/3349
f 2304/55/3383 2429/55/3482 2245/56/3349
f 2429/55/3482 2431/977/3505 2364/56/3443
f 2364/56/3443 2447/978/3502 2245/56/3349
f 2447/978/3502 2325/978/3408 2245/56/3349
f 2463/547/3511 2335/547/3413 2333/546/3412
f 2464/30/681 2336/30/653 2335/547/3413
f 2429/573/3482 2304/573/3383 2305/42/690
f 2324/531/3404 2325/574/3408 2447/574/3502
f 2295/505/3393 2326/533/3405 2313/521/3394
f 2326/533/3405 2448/533/3503 2313/521/3394
f 2352/576/3437 2232/576/3344 2259/575/3355
f 2486/23/720 2485/22/719 2484/475/3536
f 2490/71/3538 2489/542/3613 2488/476/3539
f 2493/47/3541 2492/6/703 2495/5/702
f 2498/37/3543 2497/487/3556 2496/8/705
f 2501/29/726 2500/28/725 2499/61/3544
f 2507/480/3546 2506/509/3581 2509/481/3547
f 2511/44/3549 2510/16/713 2513/483/3550
f 2515/485/3552 2514/559/4008 2505/2/699
f 2519/41/3553 2518/528/3603 2517/46/3554
f 2498/37/3543 2524/488/3557 2523/20/717
f 2524/488/3557 2526/555/3629 2525/489/1578
f 2527/490/3558 2525/489/1578 2529/491/3559
f 2531/34/732 2530/523/3597 2533/493/3561
f 2534/12/709 2532/66/3562 2533/493/3561
f 2487/68/3537 2484/475/3536 2537/38/3563
f 2516/4/701 2492/6/703 2539/494/3565
f 2542/495/3566 2541/31/728 2540/32/730
f 2491/477/3540 2544/520/3593 2545/497/3568
f 2546/498/3569 2536/112/708 2484/475/3536
f 2536/112/708 2546/498/3569 2547/499/3570
f 2532/66/3562 2534/12/709 2547/499/3570
f 2552/21/718 2551/526/3600 2554/500/3571
f 2556/25/722 2555/19/716 2552/21/718
f 2554/500/3571 2551/526/3600 2557/501/3572
f 2558/502/3573 2557/501/3572 2499/61/3544
f 2561/503/3574 2560/72/3577 2559/504/3575
f 2560/72/3577 2561/503/3574 2564/506/3578
f 2566/508/3580 2565/558/4007 2509/481/3547
f 2571/511/3592 2570/511/3583 2567/510/3582
f 2570/511/3583 2569/511/7017 2568/510/3584
f 2572/42/766 2518/528/3603 2519/41/3553
f 2576/512/3586 2575/537/3611 2574/513/3587
f 2577/514/3588 2576/512/3586 2542/495/3566
f 2578/515/3589 2491/477/3540 2488/476/3539
f 2506/509/3581 2507/480/3546 2580/517/3591
f 2506/509/3581 2571/518/3592 2567/519/3582
f 2562/505/3576 2559/504/3575 2581/521/3594
f 2559/504/3575 2545/497/3568 2581/521/3594
f 2584/522/3595 2510/16/713 2583/18/715
f 2526/555/3629 2533/493/3561 2586/525/3599
f 2533/493/3561 2530/523/3597 2586/525/3599
f 2551/526/3600 2552/21/718 2523/20/717
f 2551/526/3600 2525/489/1578 2527/490/3558
f 2557/501/3572 2527/490/3558 2588/59/3601
f 2502/479/3545 2499/61/3544 2588/59/3601
f 2527/490/3558 2528/492/3560 2539/494/3565
f 2518/528/3603 2589/124/3605 2590/619/3604
f 2504/3/700 2529/491/3559 2586/525/3599
f 2503/1/698 2586/525/3599 2587/524/3598
f 2492/6/703 2493/47/3541 2590/619/3604
f 2589/124/3605 2588/59/3601 2539/494/3565
f 2709/527/3602 2588/59/3601 2589/124/3605
f 2564/506/3578 2561/503/3574 2592/531/3606
f 2561/503/3574 2562/505/3576 2594/533/3608
f 2572/42/766 2591/530/765 2589/124/3605
f 2491/477/3540 2578/515/3589 2595/534/3609
f 2486/536/720 2487/535/3537 2597/535/3610
f 2563/507/3579 2489/542/3613 2490/71/3538
f 2505/2/699 2514/559/4008 2494/478/3542
f 2495/5/702 2516/4/701 2504/3/700
f 2509/481/3547 2564/506/3578 2593/532/3607
f 2507/480/3546 2508/482/3548 2575/537/3611
f 2504/3/700 2516/4/701 2528/492/3560
f 2490/71/3538 2545/497/3568 2559/504/3575
f 2550/539/712 2600/538/735 2599/538/734
f 2509/481/3547 2565/558/4007 2563/507/3579
f 2519/41/3553 2574/513/3587 2575/537/3611
f 2577/514/3588 2580/517/3591 2507/480/3546
f 2574/513/3587 2601/543/3614 2541/31/728
f 2566/540/3580 2567/541/3582 2568/541/3584
f 2513/483/3550 2488/476/3539 2489/542/3613
f 2520/486/3555 2517/46/3554 2493/47/3541
f 2519/41/3553 2520/486/3555 2601/543/3614
f 2510/16/713 2584/522/3595 2603/544/3615
f 2604/35/733 2546/498/3569 2485/22/719
f 2604/35/733 2600/36/735 2547/499/3570
f 2600/36/735 2550/15/712 2548/14/711
f 2606/545/855 2605/545/721 2486/536/720
f 2532/66/3562 2548/14/711 2549/13/710
f 2608/546/3616 2607/27/724 2553/26/723
f 2608/546/3616 2554/500/3571 2558/502/3573
f 2609/547/3617 2558/502/3573 2500/28/725
f 2579/540/3618 2488/530/7018 2513/483/3619
f 2611/549/3621 2604/549/733 2605/550/721
f 2543/496/3567 2570/554/3583 2577/514/3588
f 2570/554/3583 2571/518/3592 2577/514/3588
f 2614/50/3624 2512/50/3551 2565/48/4007
f 2512/50/3551 2489/551/3613 2563/49/3579
f 2565/48/4007 2512/50/3551 2563/49/3579
f 2565/48/4007 2617/48/3965 2614/50/3624
f 2617/48/3965 2616/49/3622 2614/50/3624
f 2582/17/714 2511/44/3549 2619/44/3625
f 2587/552/3598 2621/552/3985 2620/553/3627
f 2543/496/3567 2540/32/730 2570/554/3583
f 2540/32/730 2612/32/729 2570/554/3583
f 2498/37/3543 2521/111/704 2537/38/3563
f 2536/112/708 2535/10/707 2524/488/3557
f 2535/10/707 2533/493/3561 2526/555/3629
f 2529/491/3559 2525/489/1578 2526/555/3629
f 2521/111/704 2627/468/7019 2538/69/3564
f 2450/23/758 2451/68/747 2629/115/746
f 2633/71/3630 2632/477/3659 2631/476/3631
f 2635/5/745 2634/6/744 2637/47/755
f 2640/37/3633 2639/77/3644 2638/8/3634
f 2644/29/764 2643/479/3689 2642/61/3636
f 2650/481/3637 2649/509/3681 2652/480/3638
f 2654/483/3640 2653/16/752 2473/44/685
f 2647/2/742 2655/559/3696 2474/485/3519
f 2659/41/3641 2658/486/3698 2657/46/754
f 2661/463/3643 2662/9/3729 2638/8/3634
f 2640/37/3633 2641/487/3635 2663/20/3645
f 2664/488/3646 2663/20/3645 2665/489/3647
f 2667/491/3649 2665/489/3647 2669/490/3650
f 2671/493/3652 2670/523/3687 2476/34/3520
f 2676/494/3654 2634/6/744 2656/4/743
f 2677/495/3656 2478/496/3521 2466/32/683
f 2679/497/3658 2678/520/3683 2632/477/3659
f 2680/498/3660 2630/22/756 2629/115/746
f 2680/498/3660 2674/621/3661 2673/620/3655
f 2681/499/3662 2673/620/3655 2672/66/3653
f 2684/500/3663 2683/526/3667 2686/21/3664
f 2687/25/759 2685/26/761 2686/21/3664
f 2684/500/3663 2690/502/3668 2689/501/3666
f 2690/502/3668 2645/28/762 2642/61/3636
f 2693/503/3669 2692/505/3694 2691/504/3670
f 2695/506/3672 2693/503/3669 2694/72/3671
f 2456/508/3506 2649/509/3681 2650/481/3637
f 2659/41/3641 2660/528/3642 2697/42/767
f 2699/512/3675 2677/495/3656 2698/513/3676
f 2701/514/3678 2478/496/3521 2677/495/3656
f 2631/476/3631 2632/477/3659 2703/515/3679
f 2649/509/3681 2425/518/7002 2704/517/3682
f 2424/519/3481 2425/518/7002 2649/509/3681
f 2691/504/3670 2692/505/3694 2679/497/3658
f 2692/505/3694 2581/521/3594 2679/497/3658
f 2706/522/3684 2705/106/3728 2481/18/3685
f 2666/555/3648 2707/525/3686 2671/493/3652
f 2707/525/3686 2475/524/3690 2670/523/3687
f 2663/20/3645 2641/487/3635 2688/19/3665
f 2683/526/3667 2665/489/3647 2663/20/3645
f 2669/490/3650 2665/489/3647 2683/526/3667
f 2708/59/3688 2669/490/3650 2689/501/3666
f 2643/479/3689 2709/527/3602 2708/59/3688
f 2676/494/3654 2668/492/3651 2669/490/3650
f 2711/116/753 2710/124/3691 2660/528/3642
f 2707/525/3686 2667/491/3649 2648/3/741
f 2475/524/3690 2707/525/3686 2646/1/740
f 2711/116/753 2637/47/755 2634/6/744
f 2676/494/3654 2708/59/3688 2710/124/3691
f 2709/527/3602 2591/530/765 2710/124/3691
f 2695/506/3672 2713/532/3697 2712/531/3692
f 2693/503/3669 2712/531/3692 2714/533/3693
f 2697/42/767 2660/528/3642 2710/124/3691
f 2715/534/3695 2703/515/3679 2632/477/3659
f 2633/71/3630 2469/542/3517 2470/507/3516
f 2647/2/742 2635/5/745 2636/478/3632
f 2635/5/745 2647/2/742 2648/3/741
f 2713/532/3697 2695/506/3672 2650/481/3637
f 2652/480/3638 2699/512/3675 2700/537/3677
f 2668/492/3651 2656/4/743 2648/3/741
f 2633/71/3630 2694/72/3671 2691/504/3670
f 2650/481/3637 2695/506/3672 2470/507/3516
f 2700/537/3677 2698/513/3676 2659/41/3641
f 2652/480/3638 2704/517/3682 2701/514/3678
f 2467/31/3657 2716/543/3699 2698/513/3676
f 2473/579/685 2367/579/686 2368/578/3445
f 2654/483/3640 2468/484/3518 2469/542/3517
f 2658/486/3698 2636/478/3632 2637/47/755
f 2716/543/3699 2658/486/3698 2659/41/3641
f 2717/544/3700 2706/522/3684 2653/16/752
f 2630/22/756 2680/498/3660 2465/35/3515
f 2465/35/3515 2680/498/3660 2681/499/3662
f 2453/36/688 2681/499/3662 2682/14/751
f 2477/13/749 2682/14/751 2672/66/3653
f 2718/546/3701 2684/500/3663 2685/26/761
f 2690/502/3668 2684/500/3663 2718/546/3701
f 2645/28/762 2690/502/3668 2720/547/3702
f 2654/483/3703 2631/530/7020 2702/540/3704
s 0
f 2722/588/7021 2675/587/7022 2394/587/7023
s 1
f 2716/543/3699 2467/589/3657 2397/589/682
f 2658/597/3698 2716/591/3699 2655/590/3696
f 2716/591/3699 2455/591/3508 2655/590/3696
f 2455/591/3508 2376/597/3449 2370/590/3713
f 2376/597/3449 2350/596/3435 2370/590/3713
f 2370/590/3713 2655/590/3696 2455/591/3508
f 2704/517/3682 2425/518/7002 2701/514/3678
f 2425/518/7002 2426/554/3480 2701/514/3678
s 0
f 2675/80/7024 2451/81/7025 2343/81/7026
s 1
f 2476/592/3520 2670/593/3687 2386/593/3493
f 2670/523/3687 2475/524/3690 2441/524/3494
f 2422/62/3477 2456/62/3506 2471/63/3673
f 2474/485/3519 2655/559/3696 2370/559/3713
f 2405/13/664 2406/15/666 2452/15/750
f 2502/51/3545 2643/51/3689 2644/52/764
f 2688/560/3665 2641/561/3635 2497/561/3556
f 2644/52/764 2721/562/763 2610/562/727
f 2678/520/3683 2581/521/3594 2715/534/3695
f 2581/521/3594 2544/520/3593 2595/534/3609
s 0
f 2584/83/7027 2706/83/7028 2717/82/7029
f 2705/563/7030 2706/564/7031 2584/564/7032
f 2578/515/7033 2579/516/7034 2702/516/7035
f 2717/548/7036 2702/540/7037 2579/540/7038
s 1
f 2639/77/3644 2640/37/3633 2674/621/3661
f 2674/621/3661 2640/37/3633 2664/488/3646
f 2673/620/3655 2664/488/3646 2666/555/3648
f 2667/491/3649 2707/525/3686 2666/555/3648
f 2629/115/746 2675/69/748 2639/77/3644
f 2675/69/748 2722/468/3726 2639/77/3644
f 2723/39/3727 2480/40/3522 2481/18/3685
f 2594/565/3608 2714/565/3693 2712/566/3692
f 2578/569/3589 2703/569/3679 2715/570/3695
f 2607/27/724 2608/546/3616 2718/546/3701
f 2556/25/722 2607/27/724 2719/27/760
f 2496/571/705 2497/572/3556 2641/572/3635
f 2688/19/3665 2555/19/716 2556/25/722
f 2593/978/3607 2713/978/3697 2508/56/3548
f 2713/978/3697 2651/56/3639 2508/56/3548
f 2651/56/3639 2700/977/3677 2696/55/3674
f 2696/55/3674 2573/55/3585 2508/56/3548
f 2573/55/3585 2575/977/3611 2508/56/3548
f 2608/546/3616 2609/547/3617 2720/547/3702
f 2609/547/3617 2610/30/727 2721/30/763
f 2572/42/766 2573/573/3585 2696/573/3674
f 2713/574/3697 2593/574/3607 2592/531/3606
f 2692/505/3694 2714/533/3693 2581/521/3594
f 2714/533/3693 2594/533/3608 2581/521/3594
f 2522/575/706 2496/576/705 2638/576/3634
f 1853/23/790 2725/22/789 2724/475/3730
f 2727/71/3731 1872/542/3800 2726/476/3732
f 2730/47/3734 2729/6/776 2732/5/775
f 2735/37/3736 2734/487/3746 2733/8/3737
f 2738/29/796 2737/28/795 2736/61/788
f 2743/480/3739 2742/509/3777 2745/481/3740
f 1874/44/3047 2746/16/780 2747/483/3741
f 1877/485/3048 2748/559/3811 2741/2/772
f 2752/41/3743 2751/528/3792 2750/46/3744
f 2735/37/3736 2757/488/3748 2756/20/784
f 2757/488/3748 2759/555/3813 2758/489/3749
f 2760/490/3750 2758/489/3749 2762/491/3751
f 1879/34/3050 2763/523/3789 2765/493/3753
f 2766/12/3755 2764/66/3754 2765/493/3753
f 2768/598/3757 2766/12/3755 2767/10/3756
f 2768/598/3757 2769/599/3758 2770/38/3759
f 1852/68/3029 2724/475/3730 2770/38/3759
f 2749/4/774 2729/6/776 2772/494/3761
f 2773/495/3762 1868/31/3046 1869/32/3045
f 2728/477/3733 2774/520/3785 2775/497/3764
f 2776/498/3765 2768/598/3757 2724/475/3730
f 2766/12/3755 2768/598/3757 2776/498/3765
f 2764/66/3754 2766/12/3755 2777/499/3766
f 2780/21/785 2779/526/3791 2782/500/3767
f 2784/25/792 2783/19/783 2780/21/785
f 2782/500/3767 2779/526/3791 2785/501/3768
f 2786/502/3769 2785/501/3768 2736/61/788
f 2789/503/3770 2788/72/3773 2787/504/3771
f 2788/72/3773 2789/503/3770 2791/506/3774
f 1858/508/3776 1870/558/3812 2745/481/3740
f 2792/42/3778 2751/528/3792 2752/41/3743
f 2796/512/3779 2795/537/3799 2794/513/3780
f 2797/514/3781 2796/512/3779 2773/495/3762
f 2798/515/3782 2728/477/3733 2726/476/3732
f 2742/509/3777 2743/480/3739 2800/517/3784
f 2742/509/3777 1826/518/3001 1827/519/3000
f 2790/505/3772 2787/504/3771 2801/521/3786
f 2787/504/3771 2775/497/3764 2801/521/3786
f 2802/522/3787 2746/16/780 1882/18/782
f 2759/555/3813 2765/493/3753 2804/525/3790
f 2765/493/3753 2763/523/3789 2804/525/3790
f 2779/526/3791 2780/21/785 2756/20/784
f 2779/526/3791 2758/489/3749 2760/490/3750
f 2785/501/3768 2760/490/3750 2805/59/786
f 2760/490/3750 2761/492/3752 2772/494/3761
f 2751/528/3792 2807/124/3794 2808/622/3793
f 2740/3/773 2762/491/3751 2804/525/3790
f 2739/1/771 2804/525/3790 1876/524/3049
f 2729/6/776 2730/47/3734 2808/622/3793
f 2807/124/3794 2805/59/786 2772/494/3761
f 2806/117/787 2805/59/786 2807/124/3794
f 2791/506/3774 2789/503/3770 2810/531/3796
f 2790/505/3772 2928/533/3920 2810/531/3796
f 2751/528/3792 2792/42/3778 2809/530/3795
f 2728/477/3733 2798/515/3782 2812/534/3798
f 1871/507/3775 1872/542/3800 2727/71/3731
f 2741/2/772 2748/559/3811 2731/478/3735
f 2732/5/775 2749/4/774 2740/3/773
f 2745/481/3740 2791/506/3774 2811/532/3797
f 2743/480/3739 2744/482/838 2795/537/3799
f 2740/3/773 2749/4/774 2761/492/3752
f 2727/71/3731 2775/497/3764 2787/504/3771
f 2745/481/3740 1870/558/3812 1871/507/3775
f 2752/41/3743 2794/513/3780 2795/537/3799
f 2797/514/3781 2800/517/3784 2743/480/3739
f 2794/513/3780 2813/543/3801 1868/31/3046
f 1772/579/2969 1874/579/3047 1873/578/3742
f 2747/483/3741 2726/476/3732 1872/542/3800
f 2753/486/3745 2750/46/3744 2730/47/3734
f 2752/41/3743 2753/486/3745 2813/543/3801
f 2746/16/780 2802/522/3787 2814/544/3802
f 1867/35/3043 2776/498/3765 2725/22/789
f 1867/35/3043 1855/36/3033 2777/499/3766
f 1855/36/3033 1856/15/779 2778/14/778
f 2764/66/3754 2778/14/778 1878/13/777
f 2816/546/3803 2815/27/794 2781/26/793
f 2816/546/3803 2782/500/3767 2786/502/3769
f 2817/547/3804 2786/502/3769 2737/28/795
f 2799/540/3805 2726/530/7039 2747/483/3806
s 0
f 1795/587/7040 2771/587/7041 2819/588/7042
s 1
f 1800/589/2987 1868/589/3046 2813/543/3801
f 1752/596/2960 1777/597/3034 1773/590/3030
f 1777/597/3034 1857/591/3035 1773/590/3030
f 1857/591/3035 2813/591/3801 2748/590/3811
f 2813/591/3801 2753/597/3745 2748/590/3811
f 2753/597/3745 2731/596/3735 2748/590/3811
f 1880/496/3763 1825/554/3002 2797/514/3781
f 1825/554/3002 1826/518/3001 2797/514/3781
f 1879/592/3050 1792/592/2981 1789/593/3020
f 2763/523/3789 1789/523/3020 1842/524/3023
f 1870/63/3812 1858/62/3776 1821/62/2999
f 2748/559/3811 1877/485/3048 1774/485/2970
f 1878/13/777 1856/15/779 1806/15/498
f 2769/599/3758 2735/37/3736 2754/472/3738
f 2769/599/3758 2767/10/3756 2757/488/3748
f 2767/10/3756 2765/493/3753 2759/555/3813
f 2762/491/3751 2758/489/3749 2759/555/3813
f 2754/472/3738 2819/468/7043 2771/69/3760
f 2823/23/826 2822/68/810 2821/118/809
f 2827/71/819 2826/477/3844 2825/476/3814
f 2830/5/808 2829/6/807 2832/47/823
f 2835/37/3817 2834/77/3828 2833/8/3818
f 2839/29/832 2838/479/836 2837/61/3820
f 2845/481/3821 2844/509/3866 2847/480/3822
f 2849/483/3823 2848/16/3871 2851/44/3824
f 2842/2/805 2852/559/3884 2853/485/3825
f 2857/41/815 2856/486/3888 2855/46/822
f 2859/463/3827 2860/9/3924 2833/8/3818
f 2835/37/3817 2836/487/3819 2861/20/3829
f 2862/488/3830 2861/20/3829 2863/489/3831
f 2865/491/3833 2863/489/3831 2867/490/3834
f 2869/493/3836 2868/523/3876 2871/34/3837
f 2875/494/3839 2829/6/807 2854/4/806
f 2878/495/3841 2877/496/3898 2876/32/3842
f 2894/119/818 2880/520/3869 2826/477/3844
f 2881/498/3845 2824/22/824 2821/118/809
f 2881/498/3845 2873/624/3846 2872/623/3840
f 2882/499/3847 2872/623/3840 2870/66/3838
f 2887/500/3848 2886/526/3852 2889/21/3849
f 2890/25/827 2888/26/829 2889/21/3849
f 2887/500/3848 2893/502/3853 2892/501/3851
f 2893/502/3853 2840/28/830 2837/61/3820
f 2896/503/3854 2895/505/3870 2894/119/818
f 2898/506/3855 2896/503/3854 2897/72/820
f 2900/508/3856 2844/509/3866 2845/481/3821
f 2903/511/7044 2902/510/3868 2904/511/3859
f 2902/510/3868 2906/510/3857 2904/511/3859
f 2910/512/3860 2878/495/3841 2909/513/3861
f 2912/514/3863 2877/496/3898 2878/495/3841
f 2825/476/3814 2826/477/3844 2914/515/3864
f 2844/509/3866 2903/518/7044 2915/517/3867
f 2902/519/3868 2903/518/7044 2844/509/3866
f 2880/520/3869 2894/119/818 2895/505/3870
f 2848/16/3871 2917/18/3874 2916/17/3872
f 2919/522/3873 2918/106/3919 2917/18/3874
f 2864/555/3832 2921/525/3875 2869/493/3836
f 2921/525/3875 2920/524/3878 2868/523/3876
f 2861/20/3829 2836/487/3819 2891/19/3850
f 2886/526/3852 2863/489/3831 2861/20/3829
f 2867/490/3834 2863/489/3831 2886/526/3852
f 2922/59/3877 2867/490/3834 2892/501/3851
f 2838/479/836 2809/527/3795 2922/59/3877
f 2875/494/3839 2866/492/3835 2867/490/3834
f 2924/120/821 2923/124/3879 2858/528/3826
f 2921/525/3875 2865/491/3833 2843/3/804
f 2920/524/3878 2921/525/3875 2841/1/803
f 2924/120/821 2832/47/823 2829/6/807
f 2875/494/3839 2922/59/3877 2923/124/3879
f 2925/530/3880 2923/124/3879 2922/59/3877
f 2898/506/3855 2927/532/3885 2926/531/3881
f 2926/531/3881 2928/533/3920 2895/505/3870
f 2925/530/3880 2908/42/816 2858/528/3826
f 2929/534/3882 2914/515/3864 2826/477/3844
f 2930/535/3883 2822/535/810 2823/536/826
f 2827/71/819 2828/542/3815 2899/507/834
f 2842/2/805 2830/5/808 2831/478/3816
f 2830/5/808 2842/2/805 2843/3/804
f 2927/532/3885 2898/506/3855 2845/481/3821
f 2847/480/3822 2910/512/3860 2911/537/3862
f 2866/492/3835 2854/4/806 2843/3/804
f 2885/539/813 2934/539/875 2933/538/3886
f 2845/481/3821 2898/506/3855 2899/507/834
f 2911/537/3862 2909/513/3861 2857/41/815
f 2847/480/3822 2915/517/3867 2912/514/3863
f 2879/31/3843 2935/543/3889 2909/513/3861
f 2900/540/3856 2936/540/4057 2906/541/3857
f 2849/483/3823 2850/484/835 2828/542/3815
f 2856/486/3888 2831/478/3816 2832/47/823
f 2935/543/3889 2856/486/3888 2857/41/815
f 2937/544/3890 2919/522/3873 2848/16/3871
f 2824/22/824 2881/498/3845 2939/35/3891
f 2939/35/3891 2881/498/3845 2882/499/3847
f 2932/36/3887 2882/499/3847 2883/14/814
f 2940/545/887 2931/536/886 2823/536/826
f 2884/13/812 2883/14/814 2870/66/3838
f 2941/546/3892 2887/500/3848 2888/26/829
f 2893/502/3853 2887/500/3848 2941/546/3892
f 2840/28/830 2893/502/3853 2943/547/3893
f 2849/483/3894 2825/530/7045 2913/540/3895
f 2938/550/825 2939/549/3891 2945/549/3897
f 2915/517/3867 2903/518/7044 2912/514/3863
f 2903/518/7044 2904/554/3859 2912/514/3863
f 2947/32/3899 2946/31/4080 2879/31/3843
f 2851/44/3824 2916/17/3872 2953/17/877
f 2920/552/3878 2853/553/3825 2955/553/3901
f 2957/34/3903 2956/13/873 2884/13/812
f 2877/496/3898 2904/554/3859 2876/32/3842
f 2904/554/3859 2958/496/4044 2947/32/3899
f 2939/35/3891 2932/36/3887 2933/36/3886
f 2961/114/901 2960/18/878 2959/114/3904
f 2960/18/878 2953/17/877 2917/18/3874
f 2953/17/877 2916/17/3872 2917/18/3874
f 2734/561/3746 2783/560/783 2891/560/3850
f 2908/54/816 2925/606/3880 2809/625/3795
f 2818/562/797 2738/52/796 2839/52/832
f 2880/520/3869 2801/521/3786 2929/534/3882
f 2801/521/3786 2774/520/3785 2812/534/3798
s 0
f 2802/83/7046 2919/83/7047 2937/82/7048
f 2918/563/7049 2919/564/7050 2802/564/7051
f 2913/516/7052 2914/515/7053 2798/515/7054
f 2814/548/7055 2937/548/7056 2913/540/7057
s 1
f 2834/77/3828 2835/37/3817 2873/624/3846
f 2873/624/3846 2835/37/3817 2862/488/3830
f 2872/623/3840 2862/488/3830 2864/555/3832
f 2865/491/3833 2921/525/3875 2864/555/3832
f 2821/118/809 2874/69/811 2834/77/3828
f 2874/69/811 2962/468/3917 2834/77/3828
f 2963/39/3918 2959/40/3904 2917/18/3874
f 2929/570/3882 2812/570/3798 2798/569/3782
f 2942/27/828 2815/27/794 2816/546/3803
f 2890/25/827 2784/25/792 2815/27/794
f 2733/571/3737 2734/572/3746 2836/572/3819
f 2783/19/783 2784/25/792 2890/25/827
s 0
f 2803/106/7058 2820/39/7059 2963/39/7060
s 1
f 2816/546/3803 2817/547/3804 2943/547/3893
f 2817/547/3804 2818/30/797 2944/30/831
f 2792/42/3778 2793/573/837 2907/573/817
f 2927/574/3885 2811/574/3797 2810/531/3796
f 2790/505/3772 2801/521/3786 2895/505/3870
f 2755/575/3747 2733/576/3737 2833/576/3818
f 2596/23/856 2597/68/3610 2964/475/3925
f 2968/71/849 2967/477/3954 2966/476/3926
f 2970/5/845 2969/6/844 2972/47/853
f 2975/37/3928 2974/77/3939 2973/8/3929
f 2979/29/863 2978/479/3984 2977/61/3931
f 2985/481/3932 2984/509/3974 2987/480/3933
f 2989/483/3935 2988/16/3979 2619/44/3625
f 2982/2/842 2990/559/3991 2620/485/3627
f 2994/41/3936 2993/486/3993 2992/46/852
f 2996/463/3938 2997/9/7061 2973/8/3929
f 2975/37/3928 2976/487/3930 2998/20/3940
f 2999/488/3941 2998/20/3940 3000/489/3942
f 3002/491/3944 3000/489/3942 3004/490/3945
f 3006/493/3947 3005/523/3982 2622/113/731
f 2597/68/3610 3011/69/4009 3010/38/3948
f 3012/494/3951 2969/6/844 2991/4/843
f 3013/495/3952 2623/496/3628 2612/32/729
f 3026/121/848 3014/520/3976 2967/477/3954
f 3015/498/3955 2965/22/854 2964/475/3925
f 3015/498/3955 3009/628/3950 3008/627/3949
f 3016/499/3956 3008/627/3949 3007/66/857
f 3019/500/3957 3018/526/3961 3021/21/3958
f 3022/25/858 3020/26/860 3021/21/3958
f 3019/500/3957 3025/502/3962 3024/501/3960
f 3025/502/3962 2980/28/861 2977/61/3931
f 3028/503/3963 3027/505/3977 3026/121/848
f 3030/506/3964 3028/503/3963 3029/72/850
f 2602/508/3612 2984/509/3974 2985/481/3932
f 2994/41/3936 2995/528/3937 3032/42/3966
f 3034/512/3968 3013/495/3952 3033/513/3969
f 3036/514/3971 2623/496/3628 3013/495/3952
f 2966/476/3926 2967/477/3954 3038/515/3972
f 2984/509/3974 2569/518/7017 3039/517/3975
f 2568/519/3584 2569/518/7017 2984/509/3974
f 3014/520/3976 3026/121/848 3027/505/3977
f 2988/16/3979 2626/18/736 2618/17/3626
f 3042/522/3980 3041/106/4011 2626/18/736
f 3001/555/3943 3043/525/3981 3006/493/3947
f 3043/525/3981 2621/524/3985 3005/523/3982
f 2998/20/3940 2976/487/3930 3023/19/3959
f 3018/526/3961 3000/489/3942 2998/20/3940
f 3004/490/3945 3000/489/3942 3018/526/3961
f 3044/59/3983 3004/490/3945 3024/501/3960
f 2978/479/3984 3143/125/883 3044/59/3983
f 3012/494/3951 3003/492/3946 3004/490/3945
f 3046/122/851 3045/124/3986 2995/528/3937
f 3043/525/3981 3002/491/3944 2983/3/841
f 2621/524/3985 3043/525/3981 2981/1/840
f 3046/122/851 2972/47/853 2969/6/844
f 3012/494/3951 3044/59/3983 3045/124/3986
f 3143/125/883 3047/530/3989 3045/124/3986
f 3030/506/3964 3049/532/3992 3048/531/3987
f 3028/503/3963 3048/531/3987 3050/533/3988
f 3047/530/3989 3032/42/3966 2995/528/3937
f 3051/534/3990 3038/515/3972 2967/477/3954
f 2968/71/849 2615/542/3623 2616/507/3622
f 2982/2/842 2970/5/845 2971/478/3927
f 2970/5/845 2982/2/842 2983/3/841
f 3049/532/3992 3030/506/3964 2985/481/3932
f 2987/480/3933 3034/512/3968 3035/537/3970
f 3003/492/3946 2991/4/843 2983/3/841
f 2985/481/3932 3030/506/3964 2616/507/3622
f 3035/537/3970 3033/513/3969 2994/41/3936
f 2987/480/3933 3039/517/3975 3036/514/3971
f 2613/31/3953 3052/543/3994 3033/513/3969
f 2614/578/3624 2619/579/3625 2511/579/3549
f 2989/483/3935 2614/484/3624 2615/542/3623
f 2993/486/3993 2971/478/3927 2972/47/853
f 3052/543/3994 2993/486/3993 2994/41/3936
f 3053/544/3995 3042/522/3980 2988/16/3979
f 2965/22/854 3015/498/3955 2611/35/3621
f 2611/35/3621 3015/498/3955 3016/499/3956
f 2599/36/734 3016/499/3956 3017/14/847
f 3054/546/3996 3019/500/3957 3020/26/860
f 3025/502/3962 3019/500/3957 3054/546/3996
f 2980/28/861 3025/502/3962 3056/547/3997
f 2989/483/3998 2966/530/7062 3037/540/3999
s 0
f 2538/587/7063 2627/588/7064 3058/588/7065
s 1
f 2541/589/728 2601/543/3614 3052/543/3994
f 2993/597/3993 3052/591/3994 2990/590/3991
f 3052/591/3994 2601/591/3614 2990/590/3991
f 2601/591/3614 2520/597/3555 2514/590/4008
f 2520/597/3555 2494/596/3542 2514/590/4008
f 2514/590/4008 2990/590/3991 2601/591/3614
f 3039/517/3975 2569/518/7017 3036/514/3971
f 2569/518/7017 2570/554/3583 3036/514/3971
s 0
f 3011/80/7066 2597/81/7067 2487/81/7068
s 1
f 2622/113/731 3005/593/3982 2530/593/3597
f 3005/523/3982 2621/524/3985 2587/524/3598
f 2566/62/3580 2602/62/3612 2617/63/3965
f 2515/485/3552 2620/485/3627 2990/559/3991
f 2549/13/710 2550/15/712 2598/15/846
f 2974/77/3939 2975/37/3928 3009/628/3950
f 3009/628/3950 2975/37/3928 2999/488/3941
f 3008/627/3949 2999/488/3941 3001/555/3943
f 3002/491/3944 3043/525/3981 3001/555/3943
f 3010/38/3948 3011/69/4009 2974/77/3939
f 3011/69/4009 3058/468/7069 2996/463/3938
f 3059/39/4010 2625/40/737 2626/18/736
f 2931/23/886 3061/22/885 3060/475/4012
f 3063/71/4013 2950/542/4081 3062/476/4014
f 3066/47/4016 3065/6/869 3068/5/868
f 3071/37/4018 3070/487/4031 3069/8/4019
f 3074/29/892 3073/28/891 3072/61/4021
f 3080/480/4023 3079/509/4058 3082/481/4024
f 2952/44/3900 3083/16/876 3084/483/4026
f 2955/485/3901 3085/559/4092 3078/2/865
f 3089/41/4028 3088/528/4073 3087/46/4029
f 3071/37/4018 3094/488/4033 3093/20/880
f 3094/488/4033 3096/555/4102 3095/489/4034
f 3097/490/4035 3095/489/4034 3099/491/4036
f 2957/34/3903 3100/523/4070 3102/493/4038
f 3103/12/872 3101/66/4039 3102/493/4038
f 2930/68/3883 3060/475/4012 3106/38/4040
f 3086/4/867 3065/6/869 3108/494/4042
f 3109/495/4043 2946/31/4080 2947/32/3899
f 3064/477/4015 3110/520/4067 3111/497/4045
f 3112/498/4046 3105/123/871 3060/475/4012
f 3105/123/871 3112/498/4046 3113/499/4047
f 3101/66/4039 3103/12/872 3113/499/4047
f 3116/21/881 3115/526/4072 3118/500/4048
f 3120/25/888 3119/19/879 3116/21/881
f 3118/500/4048 3115/526/4072 3121/501/4049
f 3122/502/4050 3121/501/4049 3072/61/4021
f 3125/503/4051 3124/72/4054 3123/504/4052
f 3124/72/4054 3125/503/4051 3127/506/4055
f 2936/508/4057 2948/558/6793 3082/481/4024
f 3128/42/4059 3088/528/4073 3089/41/4028
f 3132/512/4061 3131/537/4079 3130/513/4062
f 3133/514/4063 3132/512/4061 3109/495/4043
f 3134/515/4064 3064/477/4015 3062/476/4014
f 3079/509/4058 3080/480/4023 3136/517/4066
f 3079/509/4058 2905/518/3858 2906/519/3857
f 3126/505/4053 3123/504/4052 3040/521/3978
f 3123/504/4052 3111/497/4045 3040/521/3978
f 3137/522/4068 3083/16/876 2960/18/878
f 3096/555/4102 3102/493/4038 3139/525/4071
f 3102/493/4038 3100/523/4070 3139/525/4071
f 3115/526/4072 3116/21/881 3093/20/880
f 3115/526/4072 3095/489/4034 3097/490/4035
f 3121/501/4049 3097/490/4035 3140/59/884
f 3075/479/4022 3072/61/4021 3140/59/884
f 3097/490/4035 3098/492/4037 3108/494/4042
f 3088/528/4073 3141/124/882 3142/629/4074
f 3077/3/866 3099/491/4036 3139/525/4071
f 3076/1/864 3139/525/4071 2954/524/3902
f 3065/6/869 3066/47/4016 3142/629/4074
f 3141/124/882 3140/59/884 3108/494/4042
f 3127/506/4055 3125/503/4051 3144/531/4075
f 3125/503/4051 3126/505/4053 3146/533/4077
f 3088/528/4073 3128/42/4059 3143/125/883
f 3064/477/4015 3134/515/4064 3147/534/4078
f 2949/507/4056 2950/542/4081 3063/71/4013
f 3078/2/865 3085/559/4092 3067/478/4017
f 3068/5/868 3086/4/867 3077/3/866
f 3082/481/4024 3127/506/4055 3145/532/4076
f 3080/480/4023 3081/482/4025 3131/537/4079
f 3077/3/866 3086/4/867 3098/492/4037
f 3063/71/4013 3111/497/4045 3123/504/4052
f 3082/481/4024 2948/558/6793 2949/507/4056
f 3089/41/4028 3130/513/4062 3131/537/4079
f 3133/514/4063 3136/517/4066 3080/480/4023
f 3130/513/4062 3148/543/4082 2946/31/4080
f 2850/578/835 2851/579/3824 2952/579/3900
f 3084/483/4026 3062/476/4014 2950/542/4081
f 3090/486/4030 3087/46/4029 3066/47/4016
f 3089/41/4028 3090/486/4030 3148/543/4082
f 3083/16/876 3137/522/4068 3149/544/4083
f 2945/35/3897 3112/498/4046 3061/22/885
f 2945/35/3897 2933/36/3886 3113/499/4047
f 2933/36/3886 2934/15/875 3114/14/874
f 3101/66/4039 3114/14/874 2956/13/873
f 3151/546/4084 3150/27/890 3117/26/889
f 3151/546/4084 3118/500/4048 3122/502/4050
f 3152/547/4085 3122/502/4050 3073/28/891
f 3135/540/4086 3062/530/7070 3084/483/4087
s 0
f 3107/587/7071 3154/588/7072 2962/588/7073
s 1
f 2946/589/4080 3148/543/4082 2935/543/3889
f 2831/596/3816 2856/597/3888 2852/590/3884
f 2856/597/3888 2935/591/3889 2852/590/3884
f 2935/591/3889 3148/591/4082 3085/590/4092
f 3148/591/4082 3090/597/4030 3085/590/4092
f 3090/597/4030 3067/596/4017 3085/590/4092
f 2958/496/4044 2904/554/3859 3133/514/4063
f 2904/554/3859 2905/518/3858 3133/514/4063
f 2957/592/3903 2871/592/3837 2868/593/3876
f 3100/523/4070 2868/523/3876 2920/524/3878
f 2901/63/833 2948/63/6793 2936/62/4057
f 2852/559/3884 3085/559/4092 2955/485/3901
f 2934/15/875 2885/15/813 2884/13/812
f 3074/52/892 3075/51/4022 2978/51/3984
f 3119/560/879 3023/560/3959 2976/561/3930
f 3128/54/4059 3032/54/3966 3047/606/3989
f 3153/562/893 3074/52/892 2979/52/863
f 3110/520/4067 3147/534/4078 3040/521/3978
f 3147/534/4078 3051/534/3990 3040/521/3978
s 0
f 3138/563/7074 3041/563/7075 3042/564/7076
f 3038/515/7077 3134/515/7078 3135/516/7079
f 3149/548/7080 3053/548/7081 3037/540/7082
s 1
f 3071/37/4018 3091/473/4020 3106/38/4040
f 3105/123/871 3104/10/870 3094/488/4033
f 3104/10/870 3102/493/4038 3096/555/4102
f 3099/491/4036 3095/489/4034 3096/555/4102
f 3091/473/4020 3154/468/7083 3107/69/4041
f 3050/565/3988 3048/566/3987 3144/566/4075
f 3038/569/3972 3051/570/3990 3147/570/4078
f 3150/27/890 3151/546/4084 3054/546/3996
f 3150/27/890 3055/27/859 3022/25/858
f 2976/572/3930 2973/571/3929 3069/571/4019
f 3120/25/888 3022/25/858 3023/19/3959
f 3145/978/4076 3049/978/3992 3081/56/4025
f 3049/978/3992 2986/56/3934 3081/56/4025
f 2986/56/3934 3035/977/3970 3031/55/3967
f 3031/55/3967 3129/55/4060 3081/56/4025
f 3129/55/4060 3131/977/4079 3081/56/4025
s 0
f 3155/39/7084 3059/39/7085 3041/106/7086
s 1
f 3056/547/3997 3054/546/3996 3151/546/4084
f 3153/30/893 3057/30/862 3056/547/3997
f 3129/573/4060 3031/573/3967 3032/42/3966
f 3145/574/4076 3144/531/4075 3048/531/3987
f 3027/505/3977 3050/533/3988 3040/521/3978
f 3050/533/3988 3146/533/4077 3040/521/3978
f 2973/576/3929 2997/575/7061 3092/575/4032
f 310/571/86 311/572/1804 1373/572/2667
f 1429/19/2701 359/19/97 360/25/106
s 0
f 1456/106/7087 378/106/7088 396/39/7089
s 1
f 368/42/1832 369/573/1833 1445/573/397
f 332/575/87 310/576/86 1370/576/2666
f 1466/565/2732 1464/566/2731 385/566/1852
f 1452/569/2715 1467/570/2733 388/570/1855
f 392/546/1862 1479/546/2743 1480/27/408
f 360/25/106 391/27/108 1480/27/408
f 1481/547/2744 1479/546/2743 392/546/1862
f 1465/978/2736 1383/56/2671 321/56/1797
f 1383/56/2671 1449/977/2713 1445/55/397
f 369/55/1833 1383/56/2671 1445/55/397
f 369/55/1833 371/977/1857 321/56/1797
f 321/56/1797 386/978/1853 1465/978/2736
f 393/547/1863 394/30/111 1482/30/411
f 386/574/1853 385/531/1852 1464/531/2731
f 1433/505/2721 1466/533/2732 1357/521/1841
f 1466/533/2732 387/533/1854 1357/521/1841
s 0
f 3157/39/7090 155/39/7091 154/40/7092
f 3158/114/7093 3159/114/7094 298/114/7095
f 3158/40/7096 296/40/7097 300/39/7098
f 3160/39/7099 300/39/7100 155/39/7101
f 3161/39/7102 396/39/7103 298/40/7104
f 3165/39/7105 1501/39/4180 396/39/7106
f 3867/39/7107 517/39/7108 516/40/7109
f 3857/114/7110 658/114/7111 656/114/7112
f 3868/40/7113 656/40/7114 660/39/7115
f 3858/39/7116 660/39/7117 517/39/7118
f 3859/114/7119 801/114/7120 799/114/7121
f 3869/40/7122 799/40/7123 803/39/7124
f 3870/39/7125 899/39/7126 658/40/7127
f 3860/39/7128 803/39/7129 899/39/7130
f 3156/114/7131 154/114/7132 1017/114/7133
f 3162/40/7134 1017/40/7135 1018/39/7136
f 3862/114/7137 1159/114/7138 1160/114/7139
f 3872/39/7140 1163/39/7141 1159/40/7142
f 3861/39/7143 1018/39/7144 1163/39/7145
f 3873/39/7146 1261/39/7147 801/40/7148
f 3871/40/7149 1160/40/7150 1356/39/7151
f 3863/39/7152 1356/39/7153 1261/39/7154
f 3163/114/7155 3164/114/7156 1499/114/7157
f 3165/39/7158 3163/40/7159 1497/40/7160
f 3166/114/7161 3167/114/7162 1642/114/7163
f 3168/39/7164 3166/40/7165 1640/40/7166
f 3164/40/7167 3169/39/7168 1741/39/7169
f 3169/39/7170 3168/39/7171 1644/39/7172
f 3170/114/7173 3171/114/7174 1883/114/7175
f 3172/39/7176 3170/40/7177 1881/40/7178
f 3174/114/7179 3173/114/7180 2024/114/7181
f 3173/40/7182 3175/39/7183 2028/39/7184
f 3175/39/7185 3172/39/7186 1885/39/7187
f 3167/40/7188 3176/39/7189 2125/39/7190
f 3177/39/7191 3174/40/7192 2025/40/7193
f 3176/39/7194 3177/39/7195 2219/39/7196
f 3856/114/7197 516/114/7198 2338/114/7199
f 3874/40/7200 2338/40/7201 2339/39/7202
f 2479/114/7203 2480/114/7204 3876/114/7205
f 3877/39/7206 2483/39/7207 2479/40/7208
f 3864/39/7209 2339/39/7210 2483/39/4230
f 3878/114/7211 3865/114/7212 2624/114/7213
f 3865/40/7214 3879/39/7215 2628/39/7216
f 3876/40/7217 2480/40/7204 2723/39/7218
f 3879/39/7219 3866/39/7220 2723/39/7221
f 3171/40/7222 3178/39/7223 2820/39/7224
f 3179/114/7225 3180/114/7226 2961/114/7227
f 3181/39/7228 3179/40/7229 2959/40/4251
f 3178/39/7230 3181/39/7231 2963/39/7232
f 3880/39/7233 3878/40/7234 2625/40/7235
f 3180/40/7236 3182/39/7237 3155/39/7238
f 3182/39/7239 3880/39/7240 3059/39/7241
f 3574/632/7242 3600/775/7243 3419/633/7244
f 3418/635/7245 3611/776/7246 3306/636/7247
f 3575/638/7248 3393/777/7249 3421/639/7250
f 3420/39/7251 3613/39/7252 3308/39/7253
f 3576/641/7254 3395/778/7255 3423/642/7256
f 3422/644/7257 3612/776/7258 3310/645/7259
f 3577/647/7260 3394/779/7261 3425/648/7262
f 3215/39/7263 3396/39/7264 3312/39/7265
f 3578/650/7266 3614/780/7267 3427/651/7268
f 3217/653/7269 3608/781/7270 3314/654/7271
f 3579/647/7272 3390/782/7273 3429/656/7274
f 3428/39/7275 3391/39/7276 3316/39/7277
f 3580/658/7278 3609/783/7279 3431/659/7280
f 3221/644/7281 3607/784/7282 3318/645/7283
f 3581/647/7284 3389/782/7285 3433/661/7286
f 3223/39/7287 3387/39/7288 3320/39/7289
f 3582/663/7290 3605/778/7291 3435/642/7292
f 3434/665/7293 3625/784/7294 3322/645/7295
f 3583/667/7296 3407/779/7297 3437/668/7298
f 3436/39/7299 3627/39/7300 3324/39/7301
f 3584/670/7302 3409/785/7303 3439/671/7304
f 3438/673/7305 3626/784/7306 3326/645/7307
f 3585/638/7308 3408/786/7309 3441/674/7310
f 3231/39/7311 3411/39/7312 3328/39/7313
f 3586/676/7314 3629/787/7315 3443/677/7316
f 3442/679/7317 3628/781/7318 3330/680/7319
f 3587/682/7320 3410/788/7321 3445/683/7322
f 3444/39/7323 3416/39/7324 3332/39/7325
f 3588/685/7326 3634/789/7327 3447/686/7328
f 3237/687/7329 3633/781/7330 3334/688/7331
f 3589/682/7332 3415/788/7333 3449/690/7334
f 3239/39/7335 3413/39/7336 3336/39/7337
f 3590/692/7338 3631/790/7339 3451/693/7340
f 3241/694/7341 3620/781/7342 3338/654/7343
f 3591/667/7344 3402/777/7345 3453/695/7346
f 3452/39/7347 3622/39/7348 3340/39/7349
f 3592/697/7350 3404/791/7351 3455/686/7352
f 3454/699/7353 3621/784/7354 3342/654/7355
f 3593/647/7356 3403/792/7357 3457/701/7358
f 3247/39/7359 3405/39/7360 3344/39/7361
f 3594/676/7362 3623/793/7363 3459/703/7364
f 3249/704/7365 3617/794/7366 3346/688/7367
f 3595/682/7368 3399/788/7369 3461/705/7370
f 3460/39/7371 3400/39/7372 3348/39/7373
f 3596/707/7374 3618/774/7375 3463/651/7376
f 3253/708/7377 3616/795/7378 3350/680/7379
f 3597/710/7380 3398/786/7381 3465/711/7382
f 3255/39/7383 3385/39/7384 3352/39/7385
f 3598/713/7386 3603/778/7387 3467/714/7388
f 3257/716/7389 3602/781/7390 3354/680/7391
f 3599/682/7392 3384/782/7393 3469/718/7394
f 3259/39/7395 3382/39/7396 3304/39/7397
f 3666/720/7398 3494/979/7399 3183/317/7400
f 3748/308/7401 3494/980/7402 3666/229/7403
f 3745/302/7404 3748/308/7405 3667/232/7406
f 3495/309/7407 3745/981/7408 3690/722/7409
f 3495/309/7410 3668/235/7411 3669/723/7412
f 3744/300/7413 3496/982/7414 3669/238/7415
f 3497/724/7416 3744/300/7417 3670/241/7418
f 3672/226/7419 3498/727/7420 3497/726/4443
f 3498/727/7421 3672/226/7422 3673/728/7423
f 3499/730/4448 3743/983/7424 3673/247/7425
f 3675/731/7426 3500/889/7427 3499/730/4452
f 3676/256/7428 3749/307/7429 3500/732/7430
f 3749/307/7431 3676/256/7432 3677/733/7433
f 3678/262/7434 3502/311/7435 3501/735/7436
f 3679/736/7437 3503/310/7438 3502/311/7439
f 3680/268/7440 3750/306/7441 3503/737/7442
f 3750/306/7443 3680/268/7444 3681/738/7445
f 3504/312/7446 3681/271/7447 3682/274/7448
f 3683/740/7449 3506/891/7450 3505/313/7451
f 3507/314/7452 3506/315/7453 3683/277/7454
f 3751/303/7455 3507/314/7456 3684/280/7457
f 3508/316/7458 3751/984/7459 3685/283/7460
f 3747/304/4487 3508/316/7461 3686/286/7462
f 3746/301/7463 3747/985/7464 3687/289/7465
f 3689/743/7466 3184/986/7467 3746/301/7468
f 3665/226/7469 3183/317/7470 3184/318/7471
f 3356/637/7472 3305/689/7473 3419/744/7474
f 3307/640/7475 3421/639/7476 3420/39/7477
f 3358/646/7478 3309/689/7479 3423/679/7480
f 3311/649/7481 3425/648/7482 3215/39/7483
f 3360/655/7484 3313/762/7485 3427/745/7486
f 3315/657/7487 3429/656/7488 3428/39/7489
f 3317/746/7490 3431/799/7491 3221/644/7492
f 3363/39/7493 3319/662/7494 3433/661/7495
f 3364/666/7496 3321/765/7497 3435/747/7498
f 3323/669/7499 3437/668/7500 3436/39/7501
f 3325/748/7502 3439/749/7503 3438/673/7504
f 3327/675/7505 3441/674/7506 3231/39/7507
f 3329/666/7508 3443/704/7509 3442/679/7510
f 3369/39/7511 3331/684/7512 3445/683/7513
f 3333/666/7514 3447/804/7515 3237/687/7516
f 3335/691/7517 3449/690/7518 3239/39/7519
f 3372/666/7520 3337/769/7521 3451/749/7522
f 3373/39/7523 3339/696/7524 3453/695/7525
f 3341/750/7526 3455/807/7527 3454/699/7528
f 3343/702/7529 3457/701/7530 3247/39/7531
f 3345/751/7532 3459/679/7533 3249/704/7534
f 3347/706/7535 3461/705/7536 3460/39/7537
f 3349/752/7538 3463/808/7539 3253/708/7540
f 3351/712/7541 3465/711/7542 3255/39/7543
f 3380/717/7544 3353/772/4960 3467/753/7545
f 3381/39/7546 3355/719/7547 3469/718/7548
f 3470/40/7549 3185/40/7550 3383/126/7551
f 3471/114/7552 3637/114/7553 3510/144/7554
f 3472/39/7555 3187/39/7556 3509/185/7557
f 3472/39/7558 3636/195/7559 3601/39/7560
f 3471/40/7561 3186/40/7562 3386/184/7563
f 3482/39/7564 3638/196/7565 3604/39/7566
f 3473/40/7567 3188/40/7568 3388/148/7569
f 3474/114/7570 3640/114/7571 3512/144/7572
f 3475/39/7573 3190/39/7574 3511/146/7575
f 3475/39/7576 3639/199/7577 3606/39/7578
f 3476/114/7579 3641/114/7580 3514/134/7581
f 3477/39/7582 3192/39/7583 3513/141/7584
f 3474/40/7585 3189/40/7586 3392/143/7587
f 3477/39/7588 3642/201/7589 3610/39/7590
f 3470/114/7591 3643/114/7592 3516/128/7593
f 3478/39/7594 3193/39/7595 3515/130/7596
f 3479/114/7597 3644/114/7598 3518/134/7599
f 3479/40/7600 3194/40/7601 3519/132/7602
f 3478/39/7603 3645/203/7604 3520/39/7605
f 3476/40/7606 3191/40/7607 3397/138/7608
f 3480/39/7609 3195/39/7610 3517/136/7611
f 3480/39/7612 3646/204/7613 3615/39/7614
f 3481/114/7615 3647/114/7616 3522/128/7617
f 3482/39/7618 3197/39/7619 3521/162/7620
f 3483/114/7621 3648/114/7622 3524/149/7623
f 3484/39/7624 3199/39/7625 3523/162/7626
f 3481/40/7627 3196/40/7628 3401/180/7629
f 3484/39/7630 3649/211/7631 3619/39/7632
f 3485/114/7633 3650/114/7634 3526/144/7635
f 3486/39/7636 3201/39/7637 3525/172/7638
f 3487/114/7639 3651/114/7640 3528/144/7641
f 3487/40/7642 3202/40/7643 3529/174/7644
f 3486/39/7645 3652/212/7646 3530/39/7647
f 3483/40/7648 3198/40/7649 3406/177/7650
f 3488/39/7651 3203/39/7652 3527/168/7653
f 3488/39/7654 3653/214/7655 3624/39/7656
f 3473/114/7657 3654/114/7658 3532/149/7659
f 3489/39/7660 3204/39/7661 3531/141/7662
f 3655/114/7663 3656/114/7664 3535/144/7665
f 3655/217/7666 3533/153/7667 3536/152/7668
f 3489/39/7669 3657/215/7670 3537/39/7671
f 3490/114/7672 3658/114/7673 3539/144/7674
f 3490/40/7675 3205/40/7676 3412/159/7677
f 3491/39/7678 3206/39/7679 3534/157/7680
f 3491/39/7681 3659/218/7682 3630/39/7683
f 3485/40/7684 3200/40/7685 3414/170/7686
f 3492/114/7687 3661/114/7688 3541/134/7689
f 3493/39/7690 3208/39/7691 3540/168/7692
f 3493/39/7693 3660/221/7694 3632/39/7695
f 3662/224/7696 3542/163/7697 3538/162/7698
f 3492/40/7699 3207/40/7700 3417/165/7701
f 3662/224/7702 3663/223/7703 3635/39/7704
f 3830/321/7705 3574/632/7706 3305/634/7707
f 3356/637/7708 3306/636/7709 3754/322/7710
f 3831/327/7711 3575/638/7712 3307/640/7713
f 3357/39/7714 3308/39/7715 3756/328/7716
f 3832/332/7717 3576/641/7718 3309/643/7719
f 3358/646/7720 3310/645/7721 3758/333/7722
f 3833/338/7723 3577/647/7724 3311/649/7725
f 3359/39/7726 3312/39/7727 3760/339/7728
f 3834/343/7729 3578/650/7730 3313/652/7731
f 3360/655/7732 3314/654/7733 3762/344/7734
f 3835/349/7735 3579/647/7736 3315/657/7737
f 3361/39/7738 3316/39/7739 3764/350/7740
f 3836/354/7741 3580/658/7742 3317/652/7743
f 3362/660/7744 3318/645/7745 3766/355/7746
f 3837/360/7747 3581/647/7748 3319/662/7749
f 3363/39/7750 3320/39/7751 3768/361/7752
f 3838/364/7753 3582/663/7754 3321/664/7755
f 3364/666/7756 3322/645/7757 3770/365/7758
f 3839/369/7759 3583/667/7760 3323/669/7761
f 3365/39/7762 3324/39/7763 3772/370/7764
f 3840/374/7765 3584/670/7766 3325/672/7767
f 3366/666/7768 3326/645/7769 3774/375/7770
f 3841/379/7771 3585/638/7772 3327/675/7773
f 3367/39/7774 3328/39/7775 3776/380/7776
f 3842/384/7777 3586/676/7778 3329/678/7779
f 3368/681/7780 3330/680/7781 3778/344/7782
f 3843/389/7783 3587/682/7784 3331/684/7785
f 3369/39/7786 3332/39/7787 3780/390/7788
f 3844/394/7789 3588/685/7790 3333/643/7791
f 3370/689/7792 3334/688/7793 3782/375/7794
f 3845/399/7795 3589/682/7796 3335/691/7797
f 3371/39/7798 3336/39/7799 3784/400/7800
f 3846/404/7801 3590/692/7802 3337/652/7803
f 3372/666/7804 3338/654/7805 3786/405/7806
f 3847/410/7807 3591/667/7808 3339/696/7809
f 3373/39/7810 3340/39/7811 3788/411/7812
f 3848/414/7813 3592/697/7814 3341/698/7815
f 3374/700/7816 3342/654/7817 3790/415/7818
f 3849/420/7819 3593/647/7820 3343/702/7821
f 3375/39/7822 3344/39/7823 3792/421/7824
f 3850/425/7825 3594/676/7826 3345/678/7827
f 3376/660/7828 3346/688/7829 3794/426/7830
f 3851/431/7831 3595/682/7832 3347/706/7833
f 3377/39/7834 3348/39/7835 3796/432/7836
f 3852/436/7837 3596/707/7838 3349/652/7839
f 3378/709/7840 3350/680/7841 3798/437/7842
f 3853/442/7843 3597/710/7844 3351/712/7845
f 3379/39/7846 3352/39/7847 3800/370/7848
f 3854/445/7849 3598/713/7850 3353/715/7851
f 3380/717/7852 3354/680/7853 3802/446/7854
f 3855/451/7855 3599/682/7856 3355/719/7857
f 3381/39/7858 3304/39/7859 3752/452/7860
f 3305/689/7861 3356/637/7862 3804/324/7863
f 3307/640/7864 3357/39/7865 3805/328/7866
f 3309/689/7867 3358/646/7868 3806/335/7869
f 3759/336/7870 3311/649/7871 3359/39/7872
f 3313/762/7873 3360/655/7874 3808/346/7875
f 3763/347/7876 3315/657/7877 3361/39/7878
f 3317/746/7879 3362/660/7880 3810/357/7881
f 3767/358/7882 3319/662/7883 3363/39/7884
f 3321/765/7885 3364/666/7886 3812/367/7887
f 3771/368/7888 3323/669/7889 3365/39/7890
f 3325/748/7891 3366/666/7892 3814/376/7893
f 3367/39/7894 3815/380/7895 3775/377/7896
f 3777/768/7897 3329/666/7898 3368/681/7899
f 3331/684/7900 3369/39/7901 3817/390/7902
f 3781/768/7903 3333/666/7904 3370/689/7905
f 3783/397/7906 3335/691/7907 3371/39/7908
f 3337/769/7909 3372/666/7910 3820/407/7911
f 3339/696/7912 3373/39/7913 3821/411/7914
f 3789/763/7915 3341/750/4553 3374/700/7916
f 3791/418/7917 3343/702/4556 3375/39/7918
f 3793/770/7919 3345/751/7920 3376/660/7921
f 3347/706/7922 3377/39/7923 3825/432/7924
f 3797/771/7925 3349/752/7538 3378/709/7926
f 3799/440/7927 3351/712/7928 3379/39/7929
f 3353/772/7930 3380/717/7931 3828/448/7932
f 3355/719/7547 3381/39/7933 3829/452/7934
f 3618/774/7935 3401/180/7936 3254/181/7937
f 3600/775/7938 3383/126/7939 3210/127/7940
f 3209/129/7941 3516/128/7942 3611/776/7943
f 3393/777/7944 3515/130/7945 3212/131/7946
f 3211/39/7947 3520/39/7948 3613/39/7949
f 3395/778/7950 3519/132/7951 3214/133/7952
f 3213/135/7953 3518/134/7954 3612/776/7955
f 3394/779/7956 3517/136/7957 3216/137/7958
f 3424/39/7959 3615/39/7960 3396/39/7961
f 3614/780/7962 3397/138/7963 3218/139/7964
f 3426/140/7965 3514/134/7966 3608/781/7967
f 3390/782/7968 3513/141/7969 3220/142/7970
f 3219/39/7971 3610/39/7972 3391/39/7973
f 3609/783/7974 3392/143/7975 3222/139/7976
f 3430/145/7977 3512/144/7978 3607/784/7979
f 3389/782/7980 3511/146/7981 3224/147/7982
f 3432/39/7983 3606/39/7984 3387/39/7985
f 3605/778/7986 3388/148/7987 3226/133/7988
f 3225/150/7989 3532/149/7990 3625/784/7991
f 3407/779/7992 3531/141/7993 3228/151/7994
f 3227/39/7995 3537/39/7996 3627/39/7997
f 3409/785/7998 3536/152/7999 3230/154/8000
f 3229/156/8001 3535/144/8002 3626/784/8003
f 3408/786/8004 3534/157/8005 3232/158/8006
f 3440/39/8007 3630/39/8008 3411/39/8009
f 3629/787/8010 3412/159/8011 3234/160/8012
f 3233/161/8013 3539/144/8014 3628/781/8015
f 3410/788/8016 3538/162/8017 3236/164/8018
f 3235/39/8019 3635/39/8020 3416/39/8021
f 3634/789/8022 3417/165/8023 3238/166/8024
f 3446/167/8025 3541/134/8026 3633/781/8027
f 3415/788/8028 3540/168/8029 3240/169/8030
f 3448/39/8031 3632/39/8032 3413/39/8033
f 3631/790/8034 3414/170/8035 3242/154/8036
f 3450/171/8037 3526/144/8038 3620/781/8039
f 3402/777/8040 3525/172/8041 3244/173/8042
f 3243/39/8043 3530/39/8044 3622/39/8045
f 3404/791/8046 3529/174/8047 3246/166/8048
f 3245/175/8049 3528/144/8050 3621/784/8051
f 3403/792/8052 3527/168/8053 3248/176/8054
f 3456/39/8055 3624/39/8056 3405/39/8057
f 3623/793/8058 3406/177/8059 3250/178/8060
f 3458/150/8061 3524/149/8062 3617/794/8063
f 3399/788/8064 3523/162/8065 3252/179/8066
f 3462/182/8067 3522/128/8068 3616/795/8069
f 3398/786/8070 3521/162/8071 3256/183/8072
f 3464/39/8073 3604/39/8074 3385/39/8075
f 3603/778/8076 3386/184/8077 3258/127/8078
f 3466/175/8079 3510/144/8080 3602/781/8081
f 3384/782/8082 3509/185/8083 3260/186/8084
f 3468/39/8085 3601/39/8086 3382/39/8087
f 3210/796/8088 3209/987/8089 3418/635/8090
f 3421/639/8091 3212/131/8092 3211/39/8093
f 3214/797/8094 3213/806/8095 3422/644/8096
f 3216/137/8097 3424/39/8098 3215/39/8099
f 3427/745/8100 3218/801/8101 3426/798/8102
f 3429/656/8103 3220/142/8104 3219/39/8105
f 3431/799/8106 3222/988/8107 3430/798/5138
f 3224/147/5140 3432/39/8108 3223/39/8109
f 3226/800/8110 3225/989/8111 3434/665/8112
f 3228/151/8113 3227/39/8114 3436/39/8115
f 3230/801/5149 3229/990/8116 3438/673/8117
f 3232/158/8118 3440/39/8119 3231/39/8120
f 3443/704/8121 3234/803/8122 3233/802/8123
f 3445/683/8124 3236/164/8125 3235/39/8126
f 3238/803/8127 3446/991/8128 3237/687/8129
f 3240/169/8130 3448/39/8131 3239/39/8132
f 3451/749/8133 3242/989/8134 3450/805/8135
f 3244/173/5170 3243/39/8136 3452/39/8137
f 3246/806/8138 3245/991/8139 3454/699/8140
f 3248/176/8141 3456/39/8142 3247/39/8143
f 3250/805/8144 3458/806/8145 3249/704/8146
f 3252/179/8147 3251/39/8148 3460/39/8149
f 3463/808/8150 3254/992/8151 3462/809/8152
f 3256/183/8153 3464/39/8154 3255/39/8155
f 3258/810/8156 3466/993/8157 3257/716/8158
f 3469/718/8159 3260/186/8160 3468/39/8161
f 3251/39/8162 3619/39/8163 3400/39/8164
f 3286/40/8165 3470/40/8166 3636/195/8167
f 3287/194/8168 3472/39/8169 3637/754/8170
f 3638/196/8171 3482/39/8172 3294/209/8173
f 3288/40/8174 3473/40/8175 3639/199/8176
f 3290/198/8177 3475/39/8178 3640/206/8179
f 3291/200/8180 3477/39/8181 3641/755/8182
f 3289/40/8183 3474/40/8184 3642/201/8185
f 3292/202/8186 3478/39/8187 3643/217/8188
f 3479/40/8189 3645/203/8190 3292/202/8191
f 3646/204/8192 3480/39/8193 3293/207/8194
f 3296/210/8195 3484/39/8196 3648/756/8197
f 3481/40/8198 3649/211/8199 3296/210/8200
f 3298/200/8201 3486/39/8202 3650/206/8203
f 3299/40/8204 3487/40/8205 3652/212/8206
f 3295/40/8207 3483/40/8208 3653/214/8209
f 3300/213/8210 3488/39/8211 3651/217/8212
f 3489/39/8213 3654/757/8214 3288/813/8215
f 3655/114/8216 3301/114/8217 3571/114/8218
f 3659/218/8219 3491/39/8220 3571/209/8221
f 3297/40/8222 3485/40/8223 3660/221/8224
f 3303/200/8225 3493/39/8226 3661/758/8227
f 3573/222/8228 3662/224/8229 3658/759/8230
f 3302/40/8231 3492/40/8232 3663/223/8233
f 3304/39/5269 3382/39/8234 3600/775/8235
f 3306/817/8236 3611/994/8237 3393/777/8238
f 3308/39/8239 3613/39/8240 3395/778/8241
f 3577/647/8242 3310/995/8243 3612/818/5279
f 3578/650/5281 3312/39/8244 3396/39/8245
f 3579/647/8246 3314/996/8247 3608/819/8248
f 3580/658/5287 3316/39/8249 3391/39/8250
f 3318/820/5290 3607/997/8251 3389/782/5291
f 3582/663/8252 3320/39/8253 3387/39/5294
f 3322/821/8254 3625/998/8255 3407/779/8256
f 3324/39/5299 3627/39/8257 3409/785/8258
f 3326/822/5302 3626/999/8259 3408/786/5303
f 3328/39/8260 3411/39/8261 3629/787/5306
f 3587/682/8262 3330/1000/8263 3628/823/5309
f 3332/39/8264 3416/39/8265 3634/789/8266
f 3589/682/5314 3334/1001/8267 3633/824/5315
f 3590/692/5317 3336/39/8268 3413/39/8269
f 3591/667/8270 3338/1002/8271 3620/825/8272
f 3592/697/8273 3340/39/8274 3622/39/8275
f 3593/647/8276 3342/1003/8277 3621/826/8278
f 3344/39/8279 3405/39/8280 3623/793/8281
f 3346/827/5332 3617/1004/8282 3399/788/8283
f 3596/707/5335 3348/39/8284 3400/39/8285
f 3350/828/5338 3616/1005/8286 3398/786/8287
f 3598/713/5341 3352/39/8288 3385/39/5342
f 3354/829/8289 3602/1006/8290 3384/782/8291
f 3717/225/8292 3691/227/8293 3261/453/8294
f 3692/230/8295 3262/1007/8296 3544/326/8297
f 3719/231/8298 3693/233/8299 3263/329/8300
f 3695/236/8301 3264/340/8302 3547/342/8303
f 3721/237/8304 3696/239/8305 3265/830/8306
f 3266/351/8307 3549/353/8308 3722/240/8309
f 3723/243/8310 3698/245/8311 3267/831/8312
f 3699/227/8313 3268/362/8314 3551/320/8315
f 3700/248/8316 3269/1008/8317 3552/326/8318
f 3701/251/8319 3270/371/8320 3553/373/8321
f 3727/252/8322 3702/254/8323 3271/832/8324
f 3272/381/8325 3555/383/8326 3728/255/8327
f 3729/258/8328 3704/260/8329 3273/833/8330
f 3730/261/8331 3705/263/8332 3274/391/8333
f 3731/264/8334 3706/266/8335 3275/834/8336
f 3707/269/8337 3276/401/8338 3559/403/8339
f 3733/270/8340 3708/272/8341 3277/835/8342
f 3734/273/8343 3709/275/8344 3278/412/8345
f 3710/278/8346 3279/1009/8347 3562/419/8348
f 3711/281/8349 3280/422/8350 3563/424/8351
f 3737/282/8352 3712/284/8353 3281/836/8354
f 3713/287/8355 3282/433/8356 3565/435/8357
f 3283/837/8358 3566/441/8359 3739/288/8360
f 3715/293/8361 3284/443/8362 3567/373/8363
f 3716/296/8364 3285/1010/8365 3568/450/8366
f 3752/452/8367 3304/39/8368 3574/632/8369
f 3754/838/8370 3306/1011/8371 3575/638/8372
f 3756/328/8373 3308/39/8374 3576/641/8375
f 3833/338/8376 3758/1012/8377 3310/839/8378
f 3834/343/5473 3760/339/8379 3312/39/8380
f 3835/349/8381 3762/902/8382 3314/840/8383
f 3836/354/8384 3764/350/8385 3316/39/8386
f 3766/360/8387 3318/647/8388 3581/647/8389
f 3768/361/8390 3320/39/8391 3582/663/8392
f 3770/841/5488 3322/1013/8393 3583/667/5489
f 3772/370/5491 3324/39/8394 3584/670/8395
f 3774/842/8396 3326/1014/8397 3585/638/8398
f 3776/380/8399 3328/39/8400 3586/676/8401
f 3843/389/8402 3778/907/8403 3330/843/8404
f 3780/390/8405 3332/39/8406 3588/685/8407
f 3845/399/8408 3782/909/8409 3334/844/8410
f 3784/400/8411 3336/39/8412 3590/692/8413
f 3847/410/8414 3786/1015/8415 3338/845/8416
f 3848/414/8417 3788/411/8418 3340/39/8419
f 3849/420/8420 3790/912/8421 3342/846/8422
f 3792/421/5521 3344/39/8423 3594/676/8424
f 3794/847/8425 3346/1016/8426 3595/682/8427
f 3852/436/8428 3796/432/8429 3348/39/5528
f 3798/848/8430 3350/1017/8431 3597/710/8432
f 3854/445/8433 3800/370/8434 3352/39/8435
f 3802/849/8436 3354/1018/8437 3599/682/8438
f 3600/775/8439 3382/39/8440 3601/39/8441
f 3602/850/8442 3510/1019/8443 3509/185/8444
f 3603/778/8445 3385/39/8446 3604/39/8447
f 3605/778/8448 3387/39/8449 3606/39/8450
f 3607/851/8451 3512/1020/8452 3511/146/8453
f 3390/782/8454 3608/1021/8455 3514/852/8456
f 3391/39/8457 3610/39/8458 3392/143/8459
f 3393/777/8460 3611/1022/8461 3516/853/8462
f 3394/779/8463 3612/1023/8464 3518/852/8465
f 3395/778/8466 3613/39/8467 3520/39/8468
f 3614/780/8469 3396/39/8470 3615/39/8471
f 3616/854/8472 3522/1024/8473 3521/162/8474
f 3617/855/8475 3524/1025/8476 3523/162/8477
f 3402/777/8478 3620/1026/8479 3526/856/8480
f 3403/792/8481 3621/851/8482 3528/857/8483
f 3622/39/8484 3530/39/8485 3529/174/8486
f 3405/39/8487 3624/39/8488 3406/177/8489
f 3625/858/8490 3532/1025/8491 3531/141/8492
f 3626/859/8493 3535/1027/8494 3534/157/8495
f 3627/39/8496 3537/39/8497 3536/152/8498
f 3628/860/8499 3539/1028/8500 3538/162/8501
f 3629/787/8502 3411/39/8503 3630/39/8504
f 3631/790/8505 3413/39/8506 3632/39/8507
f 3415/788/8508 3633/1029/8509 3541/861/8510
f 3416/39/8511 3635/39/8512 3417/165/8513
f 3401/180/8514 3618/774/8515 3400/39/8516
s 1
f 3694/299/1339 3546/140/8517 3664/316/5617
s 0
f 3666/720/8518 3665/226/8519 3717/225/8520
f 3667/232/8521 3666/229/8522 3718/228/8523
f 3690/721/8524 3667/232/8525 3719/231/8526
f 3668/235/8527 3690/722/8528 3742/864/8529
f 3669/723/8530 3668/235/8531 3720/234/8532
f 3697/242/8533 3670/241/8534 3669/238/8535
f 3698/866/8536 3671/725/8537 3670/241/8538
f 3671/244/8539 3723/243/8540 3699/227/8541
f 3673/728/8542 3672/226/8543 3724/225/8544
f 3674/250/8545 3673/247/8546 3725/246/8547
f 3702/868/8548 3675/731/8549 3674/250/8550
f 3676/256/8551 3675/253/8552 3727/252/8553
f 3704/869/8554 3677/733/8555 3676/256/8556
f 3677/259/8557 3729/258/8558 3705/263/8559
f 3679/736/8560 3678/262/8561 3730/261/8562
f 3680/268/8563 3679/265/8564 3731/264/8565
f 3708/871/8566 3681/738/8567 3680/268/8568
f 3709/275/8569 3682/274/8570 3681/271/8571
f 3710/872/8572 3683/740/8573 3682/274/8574
f 3684/280/8575 3683/277/8576 3735/276/8577
f 3685/741/8578 3684/280/8579 3736/279/8580
f 3686/286/8581 3685/283/8582 3737/282/8583
f 3687/742/8584 3686/286/8585 3738/285/8586
f 3688/292/8587 3687/289/8588 3739/288/8589
f 3689/743/8590 3688/292/8591 3740/291/8592
f 3665/226/8593 3689/295/8594 3741/294/8595
f 3262/876/8596 3692/862/8597 3717/225/8598
f 3693/233/8599 3718/228/8600 3544/326/8601
f 3694/863/8602 3719/231/8603 3545/331/8604
f 3695/236/8605 3742/864/8606 3664/337/8607
f 3696/865/8608 3720/234/8609 3547/342/8610
f 3266/351/8611 3697/242/8612 3721/237/8613
f 3698/866/8614 3722/240/8615 3549/353/8616
f 3699/227/8617 3723/243/8618 3550/359/8619
f 3269/880/8620 3700/867/8621 3724/225/8622
f 3270/371/8623 3701/251/8624 3725/246/8625
f 3702/868/8626 3726/249/8627 3553/373/8628
f 3272/381/8629 3703/257/8630 3727/252/8631
f 3728/255/8632 3555/383/8633 3273/882/8634
f 3705/263/8635 3729/258/8636 3556/388/8637
f 3706/870/8638 3730/261/8639 3557/393/8640
f 3276/401/8641 3707/269/8642 3731/264/8643
f 3732/267/8644 3559/403/8645 3277/884/8646
f 3709/275/8647 3733/270/8648 3560/409/8649
f 3710/872/8650 3734/273/8651 3561/342/8652
f 3280/422/8653 3711/281/8654 3735/276/8655
f 3712/873/8656 3736/279/8657 3563/424/8658
f 3713/287/8659 3737/282/8660 3564/430/8661
f 3283/887/8662 3714/874/8663 3738/285/8664
f 3284/443/8665 3715/293/8666 3739/288/8667
f 3285/888/8668 3716/875/8669 3740/291/8670
f 3261/453/8671 3691/227/8672 3741/294/8673
f 3749/307/1348 3746/301/1341 3744/300/1340
f 3505/313/5775 3751/303/1343 3746/301/1341
f 3183/317/8674 3494/979/8675 3748/308/8676
f 3744/300/5778 3497/726/8677 3498/727/5779
f 3749/307/8678 3501/735/8679 3502/311/5781
f 3543/890/8680 3753/760/8681 3804/324/8682
f 3755/325/8683 3805/328/8684 3263/329/8685
f 3757/761/5792 3806/335/8686 3546/334/5793
f 3759/336/5795 3807/339/8687 3264/340/5796
f 3761/763/5798 3808/346/8688 3265/345/8689
f 3548/348/8690 3763/347/8691 3809/350/8692
f 3549/894/8693 3765/764/8694 3810/357/8695
f 3767/358/8696 3811/361/8697 3268/362/5808
f 3769/766/8698 3812/367/8699 3269/366/5811
f 3771/368/5813 3813/370/8700 3270/371/8701
f 3773/767/8702 3814/376/8703 3271/345/5817
f 3554/378/8704 3775/377/8705 3815/380/8706
f 3555/896/5822 3777/768/8707 3816/386/8708
f 3779/387/8709 3817/390/8710 3274/391/5826
f 3557/897/5828 3781/768/8711 3818/396/8712
f 3558/398/5831 3783/397/8713 3819/400/5832
f 3559/894/5834 3785/764/8714 3820/407/8715
f 3787/408/5837 3821/411/8716 3278/412/8717
f 3789/763/5840 3822/417/8718 3279/416/5841
f 3562/419/5843 3791/418/8719 3823/421/8720
f 3793/770/8721 3824/428/8722 3281/427/5847
f 3795/429/8723 3825/432/8724 3282/433/5850
f 3565/899/5852 3797/771/8725 3826/439/8726
f 3566/441/8727 3799/440/8728 3827/370/8729
f 3801/773/8730 3828/448/8731 3285/447/5859
f 3803/449/5861 3829/452/8732 3261/453/5862
f 3752/452/8733 3830/321/8734 3543/320/5865
f 3754/838/8735 3831/327/8736 3544/326/5868
f 3756/328/8737 3832/332/8738 3545/331/8739
f 3546/901/8740 3758/1012/8741 3833/338/8742
f 3264/340/8743 3760/339/8744 3834/343/8745
f 3762/902/8746 3835/349/8747 3548/348/8748
f 3266/351/5882 3764/350/8749 3836/354/8750
f 3766/360/8751 3837/360/8752 3550/359/8753
f 3268/362/5888 3768/361/8754 3838/364/5889
f 3269/905/8755 3770/841/8756 3839/369/8757
f 3772/370/8758 3840/374/8759 3553/373/8760
f 3841/379/8761 3554/378/8762 3271/906/5898
f 3776/380/5900 3842/384/8763 3555/383/5901
f 3778/907/8764 3843/389/8765 3556/388/5904
f 3274/391/8766 3780/390/8767 3844/394/8768
f 3782/909/8769 3845/399/8770 3558/398/8771
f 3276/401/8772 3784/400/8773 3846/404/8774
f 3277/911/5915 3786/1015/8775 3847/410/8776
f 3278/412/8777 3788/411/8778 3848/414/8779
f 3790/912/8780 3849/420/8781 3562/419/5922
f 3280/422/5924 3792/421/8782 3850/425/5925
f 3281/914/5927 3794/847/8783 3851/431/5928
f 3796/432/8784 3852/436/8785 3565/435/8786
f 3798/848/8787 3853/442/8788 3566/441/5934
f 3800/370/5936 3854/445/8789 3567/373/5937
f 3802/849/8790 3855/451/8791 3568/450/5940
f 3884/917/5942 3883/40/5970 3286/40/5943
f 3885/811/5945 3887/39/5950 3287/194/5946
f 3569/197/1522 3294/209/5980 3892/39/5949
f 3921/918/5952 3910/40/8792 3288/40/5953
f 3922/812/8793 3912/39/8794 3290/198/8795
f 3923/813/5958 3914/39/8796 3291/200/5959
f 3924/919/5964 3911/40/5957 3289/40/5956
f 3889/814/8797 3915/39/5975 3292/202/5966
f 3916/40/5971 3293/40/1528 3292/202/5966
f 3927/455/8798 3570/205/8799 3293/207/8800
f 3893/815/8801 3895/39/5989 3296/210/5978
f 3891/40/8802 3294/40/1531 3296/210/5978
f 3897/813/5986 3899/39/6000 3298/200/5987
f 3902/919/8803 3900/40/5995 3299/40/5994
f 3903/922/5997 3894/40/5983 3295/40/5979
f 3901/812/8804 3904/39/6003 3300/213/5998
f 3918/39/6001 3301/216/6009 3288/813/5953
f 3571/114/6007 3301/114/6009 3929/114/6008
f 3933/458/8805 3572/219/1534 3571/209/1537
f 3905/919/6015 3898/40/5991 3297/40/5988
f 3906/816/6017 3908/39/6022 3303/200/6016
f 3932/815/6014 3934/459/1541 3573/222/1540
f 3909/460/1542 3907/40/8806 3302/40/6018
s 1
f 213/496/1765 241/554/1731 212/32/1713
f 241/554/1731 295/496/1818 284/32/1817
f 215/461/1545 212/32/1713 284/32/1817
f 325/927/6024 187/927/1754 272/462/1544
f 187/927/1754 166/1030/1685 191/1031/1756
f 272/462/1544 187/927/1754 191/1031/1756
f 272/462/1544 389/462/1858 325/927/6024
f 389/462/1858 330/925/1803 325/927/6024
f 292/928/1800 188/1032/1693 187/927/1754
f 257/929/1748 188/1032/1693 292/928/1800
f 206/931/1705 203/932/1745 340/932/1844
f 203/932/1745 257/929/1748 291/930/1845
f 293/933/91 221/936/49 206/931/1705
f 271/934/93 270/935/1861 269/935/1759
f 293/933/91 271/934/93 222/934/50
f 276/937/1758 269/935/1759 270/935/1861
f 277/938/105 275/938/62 276/937/1758
f 210/580/1867 157/939/1707 267/939/1788
f 268/940/104 267/939/1788 157/939/1707
f 268/940/104 158/940/63 275/938/62
s 0
f 1016/588/8807 153/588/8808 3959/588/6026
f 153/468/8809 71/7/8810 3958/463/8811
f 3960/581/8812 299/581/8813 395/581/8814
f 395/468/8815 331/57/8816 3961/463/8817
f 2337/588/8818 515/588/8819 3964/588/6040
f 515/468/8820 434/464/8821 3963/463/8822
f 3966/468/8823 3965/463/8824 556/463/8825
f 659/588/8826 898/588/8827 3969/588/6052
f 898/468/8828 835/465/8829 3968/463/8830
f 3970/463/8831 938/463/8832 1016/468/8833
f 1162/468/8834 1056/466/8835 3972/463/8836
f 802/588/8837 1260/588/8838 3975/588/6069
f 1260/468/8839 1195/467/8840 3974/463/8841
f 3976/588/8842 1355/588/8843 1162/588/8844
f 3977/463/8845 1396/463/8846 1500/468/8847
f 3978/588/8848 1500/588/8849 1740/588/8850
f 3982/463/8851 3983/468/8852 2027/468/8853
f 1643/588/8854 2124/588/8855 3985/588/6096
f 3984/463/8856 3985/468/8857 2124/468/8858
f 3983/588/6100 3986/588/8859 2218/588/8860
f 2482/468/8861 2377/471/8862 3988/463/8863
f 2627/468/8864 2521/111/8865 3990/463/8866
f 2722/588/8867 2482/588/8868 3989/588/6115
f 3981/588/8869 1884/588/8870 2819/588/8871
f 3058/588/8872 2627/588/8873 3991/588/8874
f 2996/463/8875 3058/468/8876 3996/468/8877
f 2962/588/8878 3154/588/8879 3998/588/6134
f 3154/468/8880 3091/473/8881 3997/463/8882
f 3884/917/8883 3157/1033/8884 3156/941/8885
f 3886/114/8886 3159/114/8887 3158/114/8888
f 3158/942/8889 3160/1034/8890 3887/39/8891
f 3887/39/8892 3160/1035/8893 3157/943/8894
f 3161/944/8895 3159/1036/8896 3886/40/8897
f 3892/39/8898 3165/1037/8899 3161/945/8900
f 3883/114/8901 3156/114/8902 3162/114/8903
f 3891/114/8904 3164/114/8905 3163/114/8906
f 3163/946/8907 3165/1038/8908 3892/39/8909
f 3167/114/8910 3166/114/8911 3893/114/8912
f 3166/947/8913 3168/1039/8914 3895/39/8915
f 3169/948/8916 3164/1040/8917 3891/40/8918
f 3895/39/8919 3168/1041/8920 3169/949/8921
f 3171/114/8922 3170/114/8923 3897/114/8924
f 3170/950/8925 3172/1042/8926 3899/39/8927
f 3173/114/8928 3174/114/8929 3901/114/8930
f 3175/951/8931 3173/1043/8932 3900/40/8933
f 3172/952/8934 3175/1044/8935 3902/919/8936
f 3176/953/8937 3167/1045/8938 3894/40/8939
f 3174/954/8940 3177/1046/8941 3904/39/8942
f 3177/955/8943 3176/1047/8944 3903/922/8945
f 3178/956/8946 3171/1048/8947 3898/40/8948
f 3180/114/8949 3179/114/8950 3906/114/8951
f 3179/957/8952 3181/1049/8953 3908/39/8954
f 3181/958/8955 3178/1050/8956 3905/919/8957
f 3182/959/8958 3180/1051/8959 3907/40/8960
f 3856/40/8961 3910/1052/8962 3921/960/8963
f 3868/114/8964 3922/114/8965 3911/114/8966
f 3858/39/8967 3912/1053/8968 3922/961/8969
f 3867/39/8970 3921/39/8971 3912/39/8972
f 3869/114/8973 3923/114/8974 3913/114/8975
f 3860/39/8976 3914/1054/8977 3923/962/8978
f 3857/40/8979 3911/1055/8980 3924/963/8981
f 3870/39/8982 3924/39/8983 3914/39/8984
f 3861/39/8985 3915/1056/8986 3889/964/8987
f 3871/114/8988 3925/114/8989 3916/114/8990
f 3862/40/8991 3916/1057/8992 3926/965/8993
f 3872/39/8994 3926/39/8995 3915/39/8996
f 3859/40/8997 3913/1058/8998 3927/966/8999
f 3863/39/9000 3917/1059/9001 3925/967/9002
f 3873/39/9003 3927/39/9004 3917/39/9005
f 3874/114/9006 3928/114/9007 3910/114/9008
f 3864/39/9009 3918/1060/9010 3928/968/9011
f 3930/114/9012 3929/114/9013 3875/114/9014
f 3929/969/9015 3931/1061/9016 3877/39/9017
f 3877/39/9018 3931/39/9019 3918/39/9020
f 3932/114/9021 3919/114/9022 3865/114/9023
f 3919/970/9024 3933/1062/9025 3879/39/9026
f 3920/971/9027 3930/1063/9028 3876/40/9029
f 3879/39/9030 3933/39/9031 3920/39/9032
f 3934/972/9033 3932/1064/9034 3878/40/9035
f 3909/39/9036 3934/39/9037 3880/39/9038
f 4000/9/9039 3999/463/9040 3958/463/9041
f 4001/575/9042 4000/975/9043 72/575/9044
f 4001/973/9045 195/9/9046 194/463/9047
f 4002/463/9048 194/463/9049 3960/468/9050
f 4003/974/9051 3960/581/9052 3962/581/9053
f 4004/974/9054 3962/468/9055 3961/463/9056
f 4006/9/9057 4005/463/9058 3961/463/9059
f 332/575/9060 1397/575/9061 4007/575/9062
f 4007/973/9063 1397/9/9064 3977/463/9065
f 4008/463/9066 3977/463/9067 3978/468/9068
f 4009/976/9069 3978/588/9070 3980/588/9071
f 4011/463/9072 4010/976/9073 3980/468/9074
f 1677/463/9075 1678/9/9076 4012/9/9077
f 1678/575/9078 1541/575/9079 4013/575/9080
f 4013/973/9081 1541/9/9082 1540/463/9083
f 4014/463/9084 1540/463/9085 3979/468/9086
f 4015/976/9087 3979/588/9088 3985/588/9089
f 3985/468/9090 3984/463/9091 4017/463/9092
f 3984/463/9093 2061/9/9094 4018/9/9095
f 2061/575/9096 2159/575/9097 4019/575/9098
f 4019/973/9099 2159/9/9100 2158/463/9101
f 4020/463/9102 2158/463/9103 3986/468/9104
f 3986/588/9105 3983/588/9106 4022/588/9107
f 3983/468/9108 3982/463/9109 4023/463/9110
f 4023/463/9111 3982/463/9112 1924/9/9113
f 4024/975/9114 1924/575/9115 1781/575/9116
f 4025/973/9117 1781/9/9118 1780/463/9119
f 4026/463/9120 1780/463/9121 3981/468/9122
f 3981/588/9123 3993/588/9124 4028/588/9125
f 4029/463/9126 4028/976/9127 3993/468/9128
f 4029/463/9129 3882/463/9130 2755/9/9131
f 2755/575/9132 2860/575/9133 4031/575/9134
f 4031/973/9135 2860/9/9136 2859/463/9137
f 4032/463/9138 2859/463/9139 3994/468/9140
f 4034/588/9141 4033/976/9142 3994/588/9143
f 4035/463/9144 4034/976/9145 3998/468/9146
f 4035/463/9147 3997/463/9148 3092/9/9149
f 4037/575/9150 4036/975/9150 3092/575/9151
f 2997/9/9152 3995/463/9153 4038/463/9154
f 4039/468/9155 4038/463/9156 3995/463/9157
f 4040/588/9158 4039/976/9159 3996/588/9160
f 4041/463/9161 4040/976/9162 3991/468/9163
f 4041/463/9164 3990/463/9165 2522/9/9166
f 4043/575/9167 4042/975/9168 2522/575/9169
f 4043/973/9170 2662/9/9171 2661/463/9172
f 4044/463/9173 2661/463/9174 3992/468/9175
f 4045/976/9176 3992/588/9177 3989/588/9178
f 4046/976/9179 3989/468/9180 3988/463/9181
f 4047/463/9182 3988/463/9183 2378/9/9184
f 4049/575/9185 4048/975/9186 2378/575/9187
f 4049/973/9188 2259/9/9189 2258/463/9190
f 4050/463/9191 2258/463/9192 3987/468/9193
f 4051/976/9194 3987/588/9195 3964/588/9196
f 4052/976/9197 3964/468/9198 3963/463/9199
f 4054/9/9200 4053/463/9200 3963/463/9201
f 4055/575/9202 4054/975/9202 435/575/9203
f 4055/973/9204 557/9/9205 3965/463/9206
f 4056/463/9207 3965/463/9208 3966/468/9209
f 4057/976/9210 3966/588/9211 3969/588/9212
f 3969/468/9213 3968/463/9214 4059/463/9215
f 3968/463/9216 836/9/9217 4060/9/9218
f 4060/975/9219 836/575/9220 700/575/9221
f 4061/973/9222 700/9/9223 699/463/9224
f 4062/463/9225 699/463/9226 3967/468/9227
f 4063/976/9228 3967/588/9229 3975/588/9230
f 4064/976/9231 3975/468/9232 3974/463/9233
f 4065/463/9234 3974/463/9235 1196/9/9236
f 1196/575/9237 1295/575/9238 4067/575/9239
f 1295/9/9240 3881/463/9241 4068/463/9242
f 4069/468/9243 4068/463/9243 3881/463/9244
f 3976/588/9245 3973/588/9246 4070/588/9247
f 4070/976/9248 3973/468/9249 3972/463/9250
f 4071/463/9251 3972/463/9252 1057/9/9253
f 4073/575/9254 4072/975/9254 1057/575/9255
f 4074/463/9256 4073/973/9257 939/9/9258
f 4075/468/9259 4074/463/9259 3970/463/9260
f 4075/976/9261 3971/588/9262 3959/588/9263
f 4076/976/9264 3959/468/9265 3958/463/9266
f 4077/463/9267 3999/463/9268 4000/9/9269
f 4000/975/9270 4001/575/9271 2/575/6525
f 4001/973/9272 4002/463/9273 3935/463/6528
f 4002/463/9274 4003/468/9275 4078/468/6531
f 4003/974/9276 4004/581/9277 3/581/6534
f 3/581/9278 4004/974/9279 4005/463/9279
f 4/463/9280 4005/463/9281 4006/9/9282
f 4007/575/9283 4079/575/9284 3936/9/6543
f 4007/973/9285 4008/463/9286 5/463/6545
f 4008/463/9287 4009/468/9287 3937/468/6548
f 3937/468/6550 4009/976/9288 4010/588/9289
f 4088/588/6553 4010/976/9290 4011/463/9291
f 6/463/6556 4011/463/9292 4012/9/9293
f 3938/9/6559 4012/975/9294 4013/575/9295
f 3939/575/9296 4013/973/9297 4014/463/9298
f 4089/463/6565 4014/463/9299 4015/468/9300
f 4015/976/9301 4016/588/9302 3940/588/9303
f 4016/976/9304 4017/463/9304 8/463/6572
f 4017/463/9305 4018/9/9306 3941/9/6575
f 3941/9/6577 4018/975/9307 4019/575/9308
f 4090/575/6580 4019/973/9309 4020/463/9310
f 4020/463/9311 4021/468/9312 9/468/6584
f 9/468/6586 4021/976/9313 4022/588/9314
f 4022/976/9315 4023/463/9316 4091/463/9317
f 4091/463/6592 4023/463/9318 4024/9/9319
f 4024/975/9320 4025/575/9321 10/575/9322
f 10/575/9323 4025/973/9324 4026/463/9325
f 3943/463/6601 4026/463/9326 4027/468/9327
f 11/468/9328 4027/976/9329 4028/588/9330
f 4028/976/9331 4029/463/9332 4092/463/6608
f 4092/463/6610 4029/463/9333 4030/9/9334
f 4030/975/9335 4031/575/9336 12/575/9337
f 12/575/6616 4031/973/9338 4032/463/9339
f 4032/463/9340 4033/468/9341 14/468/9342
f 4033/976/9343 4034/588/9344 15/588/9345
f 15/588/6625 4034/976/9346 4035/463/9347
f 16/463/9348 4035/463/9349 4036/9/9350
f 3945/9/9351 4036/975/9352 4037/575/9353
f 4037/973/9354 4038/463/9354 4093/463/6635
f 4038/463/9355 4039/468/9356 4083/468/9357
f 4039/976/9358 4040/588/9359 17/588/9360
f 4040/976/9361 4041/463/9362 3947/463/6644
f 4041/463/9363 4042/9/9364 4094/9/6647
f 4042/975/9365 4043/575/9366 4084/575/6650
f 4084/575/9367 4043/973/9368 4044/463/9369
f 18/463/6655 4044/463/9370 4045/468/9371
f 4045/976/9372 4046/588/9373 20/588/6659
f 4046/976/9374 4047/463/9375 3948/463/9376
f 4047/463/9377 4048/9/9377 4095/9/9378
f 4095/9/6667 4048/975/9379 4049/575/9380
f 4085/575/6670 4049/973/9381 4050/463/9382
f 21/463/9383 4050/463/9384 4051/468/9385
f 22/468/6676 4051/976/9386 4052/588/9387
f 4052/976/9388 4053/463/9389 3949/463/9390
f 4053/463/9391 4054/9/9392 24/9/6683
f 4055/575/9393 3950/575/9394 24/9/9395
f 4055/973/9396 4056/463/9397 4086/463/6689
f 4056/463/9398 4057/468/9399 25/468/9400
f 4057/976/9401 4058/588/9402 26/588/6695
f 26/588/9403 4058/976/9404 4059/463/9405
f 27/463/9406 4059/463/9407 4060/9/9408
f 28/9/9409 4060/975/9410 4061/575/9411
f 4061/973/9412 4062/463/9413 4087/463/6707
f 4063/468/9414 29/468/9415 4087/463/6710
f 29/468/6712 4063/976/9416 4064/588/9417
f 4064/976/9418 4065/463/9419 30/463/9420
f 30/463/9421 4065/463/9422 4066/9/9423
f 4066/975/9424 4067/575/9425 4096/575/6722
f 4096/575/9426 4067/973/9427 4068/463/9427
f 31/463/6727 4068/463/9428 4069/468/9428
f 4069/976/9429 4070/588/9429 32/588/6731
f 4070/976/9430 4071/463/9430 3955/463/6734
f 4071/463/9431 4072/9/9432 3956/9/6737
f 3956/9/6739 4072/975/9433 4073/575/9434
f 4097/575/9435 4073/973/9436 4074/463/9436
f 33/463/9437 4074/463/9438 4075/468/9438
f 4075/976/9439 4076/588/9440 4098/588/6749
f 4098/588/6751 4076/976/9441 3999/463/9442
f 4389/468/9443 4371/463/9444 4170/463/9445
f 4363/463/9446 4171/9/9447 4372/463/9448
f 4422/463/9449 4373/575/9450 4390/575/9451
f 4423/588/9452 4374/468/9453 4391/468/9454
f 4392/575/9455 4393/463/9456 4375/575/9457
f 4399/468/9458 4377/463/9459 4398/463/9460
f 4367/9/9461 4378/463/9462 4427/463/9463
f 4431/588/9464 4379/468/9465 4409/468/9466
f 4410/463/9467 4432/9/9468 4380/463/9469
f 4100/9/9470 4101/575/9471 4179/1065/9472
f 4101/575/9473 4102/463/9474 4179/1065/9475
f 4103/468/9476 4104/581/9477 4180/1066/9478
f 4104/581/9479 4105/463/9480 4180/1066/9481
f 4106/9/9482 4107/575/9483 4181/1065/9484
f 4107/575/9483 4108/463/9485 4181/1065/9486
f 4109/468/9487 4110/588/9488 4182/1067/9489
f 4110/588/9490 4111/463/9491 4182/1067/9492
f 4112/9/9493 4113/575/9494 4183/1065/9495
f 4113/575/9494 4114/463/9496 4183/1065/9497
f 4115/468/9498 4116/588/9499 4184/1067/9500
f 4116/588/9501 4117/463/9502 4184/1067/9503
f 4118/9/9504 4119/575/9505 4185/1065/9506
f 4119/575/9507 4371/463/9508 4185/1065/9509
f 4120/468/9510 4121/588/9511 4186/1067/9512
f 4121/588/9513 4372/463/9514 4186/1067/9515
f 4122/9/9516 4373/575/9517 4187/1065/9518
f 4373/575/9519 4123/463/9520 4187/1065/9521
f 4374/468/9522 4124/588/9523 4188/1067/9524
f 4124/588/9525 4125/463/9526 4188/1067/9527
f 4126/9/9528 4375/575/9529 4189/1065/9530
f 4375/575/9531 4127/463/9532 4189/1065/9533
f 4128/468/9534 4129/588/9535 4190/1067/9536
f 4129/588/9537 4130/463/9538 4190/1067/9539
f 4131/9/9540 4132/575/9541 4191/1065/9542
f 4132/575/9543 4133/463/9544 4191/1065/9545
f 4134/468/9546 4135/588/9547 4192/1067/9548
f 4135/588/9547 4136/463/9549 4192/1067/9550
f 4137/9/9551 4376/575/9552 4193/1065/9553
f 4376/575/9552 4377/463/9554 4193/1065/9555
f 4138/468/9556 4139/588/9557 4194/1067/9558
f 4139/588/9557 4378/463/9559 4194/1067/9560
f 4140/9/9561 4141/575/9562 4195/1065/9563
f 4141/575/9562 4142/463/9564 4195/1065/9565
f 4143/468/9566 4144/588/9567 4196/1067/9568
f 4144/588/9569 4145/463/9570 4196/1067/9571
f 4146/9/9572 4147/575/9573 4197/1065/9574
f 4147/575/9575 4148/463/9576 4197/1065/9577
f 4149/468/9578 4150/588/9579 4198/1067/9580
f 4150/588/9579 4151/463/9581 4198/1067/9582
f 4152/9/9583 4153/575/9584 4199/1065/9585
f 4153/575/9584 4154/463/9586 4199/1065/9587
f 4379/468/9588 4155/588/9589 4200/1067/9590
f 4155/588/9589 4380/463/9591 4200/1067/9592
f 4156/9/9593 4157/575/9594 4201/1065/9595
f 4157/575/9594 4158/463/9596 4201/1065/9597
f 4159/468/9598 4160/588/9599 4202/1067/9600
f 4160/588/9599 4161/463/9601 4202/1067/9602
f 4162/9/9603 4163/575/9604 4203/1065/9605
f 4163/575/9604 4164/463/9606 4203/1065/9607
f 4165/468/9608 4166/588/9609 4178/1067/9610
f 4166/588/9611 4099/463/9612 4178/1067/9613
f 4288/1067/9614 4289/1065/9615 4355/1068/9616
f 4355/1068/9616 4359/1069/9617 4356/1070/9618
f 4299/1067/9619 4358/1071/9620 4298/1072/9621
f 4293/1067/9622 4359/1069/9623 4292/1065/9624
f 4301/1065/9625 4358/1071/9620 4300/1067/9626
f 4291/1067/9627 4355/1068/9616 4290/1065/9628
f 4356/1070/9629 4358/1071/9620 4301/1065/9625
f 4302/1065/9630 4282/1067/9631 4356/1070/9618
f 4371/463/9632 4119/575/9633 4362/575/9634
f 4120/468/9635 4371/463/9636 4389/468/9637
f 4122/9/9638 4372/463/9639 4171/9/9640
f 4127/463/9641 4375/575/9642 4393/463/9643
f 4379/468/9644 4154/463/9645 4177/463/9646
f 4155/588/9647 4379/468/9648 4431/588/9649
f 4380/463/9650 4155/588/9647 4431/588/9651
f 4156/9/9652 4380/463/9653 4432/9/9654
f 4170/463/9445 4371/463/9655 4362/575/9656
f 4421/588/9657 4363/463/9446 4372/463/9658
f 4390/575/9451 4373/575/9659 4171/9/9447
f 4391/468/9454 4374/468/9660 4422/463/9449
f 4392/575/9455 4375/575/9661 4172/9/9662
f 4174/575/9663 4376/575/9664 4366/9/9665
f 4099/463/9666 4179/1065/9667 4178/1067/9668
f 4427/463/9463 4378/463/9669 4400/588/9670
f 4409/468/9466 4379/468/9671 4177/463/9672
f 4410/463/9467 4380/463/9673 4431/588/9464
f 4180/1066/9674 4102/463/9675 4103/468/9676
f 4181/1065/9677 4105/463/9678 4106/9/9679
f 4181/1065/9680 4109/468/9681 4182/1067/9682
f 4183/1065/9683 4111/463/9684 4112/9/9685
f 4184/1067/9686 4114/463/9687 4115/468/9688
f 4184/1067/9689 4118/9/9690 4185/1065/9691
f 4371/463/9692 4186/1067/9693 4185/1065/9691
f 4186/1067/9694 4122/9/9695 4187/1065/9696
f 4188/1067/9697 4123/463/9698 4374/468/9699
f 4188/1067/9700 4126/9/9701 4189/1065/9702
f 4190/1067/9703 4127/463/9704 4128/468/9705
f 4191/1065/9706 4130/463/9707 4131/9/9708
f 4191/1065/9709 4134/468/9710 4192/1067/9711
f 4192/1067/9712 4137/9/9713 4193/1065/9714
f 4193/1065/9715 4138/468/9716 4194/1067/9717
f 4378/463/9718 4195/1065/9719 4194/1067/9720
f 4196/1067/9721 4142/463/9722 4143/468/9723
f 4197/1065/9724 4145/463/9725 4146/9/9726
f 4197/1065/9727 4149/468/9728 4198/1067/9729
f 4198/1067/9729 4152/9/9730 4199/1065/9731
f 4199/1065/9732 4379/468/9733 4200/1067/9734
f 4200/1067/9735 4156/9/9736 4201/1065/9737
f 4158/463/9738 4202/1067/9739 4201/1065/9737
f 4202/1067/9740 4162/9/9741 4203/1065/9742
f 4203/1065/9743 4165/468/9744 4178/1067/9668
f 4205/1065/9745 4178/1067/9746 4179/1065/9747
f 4205/1065/9748 4180/1066/9749 4206/1066/9750
f 4206/1066/9751 4181/1065/9752 4207/1065/9753
f 4208/1067/9754 4181/1065/9755 4182/1067/9756
f 4209/1065/9757 4182/1067/9758 4183/1065/9759
f 4209/1065/9760 4184/1067/9761 4210/1067/9762
f 4211/1065/9763 4184/1067/9764 4185/1065/9765
f 4212/1067/9766 4185/1065/9767 4186/1067/9768
f 4213/1065/9769 4186/1067/9770 4187/1065/9771
f 4213/1065/9772 4188/1067/9773 4214/1067/9774
f 4214/1067/9775 4189/1065/9776 4215/1065/9777
f 4215/1065/9778 4190/1067/9779 4216/1067/9780
f 4216/1067/9781 4191/1065/9782 4217/1065/9783
f 4218/1067/9784 4191/1065/9785 4192/1067/9786
f 4219/1065/9787 4192/1067/9788 4193/1065/9789
f 4220/1067/9790 4193/1065/9791 4194/1067/9792
f 4220/1067/9793 4195/1065/9794 4221/1065/9795
f 4221/1065/9796 4196/1067/9797 4222/1067/9798
f 4222/1067/9799 4197/1065/9800 4223/1065/9801
f 4224/1067/9802 4197/1065/9803 4198/1067/9804
f 4225/1065/9805 4198/1067/9806 4199/1065/9807
f 4226/1067/9808 4199/1065/9809 4200/1067/9810
f 4227/1065/9811 4200/1067/9812 4201/1065/9813
f 4227/1065/9814 4202/1067/9815 4228/1067/9816
f 4228/1067/9817 4203/1065/9818 4229/1065/9819
f 4229/1065/9820 4178/1067/9821 4204/1067/9822
f 4230/1067/9823 4304/1065/9824 4231/1065/9825
f 4231/1065/9826 4305/1066/9827 4232/1066/9828
f 4305/1066/9829 4233/1065/9830 4232/1066/9831
f 4233/1065/9832 4307/1067/9833 4234/1067/9834
f 4234/1067/9835 4308/1065/9836 4235/1065/9837
f 4235/1065/9838 4309/1067/9839 4236/1067/9840
f 4236/1067/9841 4310/1065/9842 4237/1065/9843
f 4238/1067/9844 4310/1065/9845 4311/1067/9846
f 4238/1067/9847 4312/1065/9848 4239/1065/9849
f 4239/1065/9850 4313/1067/9851 4240/1067/9852
f 4240/1067/9853 4314/1065/9854 4241/1065/9855
f 4241/1065/9856 4315/1067/9857 4242/1067/9858
f 4242/1067/9859 4316/1065/9860 4243/1065/9861
f 4243/1065/9862 4317/1067/9863 4244/1067/9864
f 4244/1067/9865 4318/1065/9866 4245/1065/9867
f 4245/1065/9868 4319/1067/9869 4246/1067/9870
f 4246/1067/9871 4320/1065/9872 4247/1065/9873
f 4247/1065/9874 4321/1067/9875 4248/1067/9876
f 4249/1065/9877 4321/1067/9878 4322/1065/9879
f 4250/1067/9880 4322/1065/9881 4323/1067/9882
f 4251/1065/9883 4323/1067/9884 4324/1065/9885
f 4251/1065/9886 4325/1067/9887 4252/1067/9888
f 4252/1067/9889 4326/1065/9890 4253/1065/9891
f 4254/1067/9892 4326/1065/9893 4327/1067/9894
f 4255/1065/9895 4327/1067/9896 4328/1065/9897
f 4230/1067/9898 4328/1065/9899 4303/1067/9900
f 4256/1067/9901 4231/1065/9902 4257/1065/9903
f 4257/1065/9904 4232/1066/9905 4258/1066/9906
f 4258/1066/9907 4233/1065/9908 4259/1065/9909
f 4259/1065/9910 4234/1067/9911 4260/1067/9912
f 4260/1067/9913 4235/1065/9914 4261/1065/9915
f 4261/1065/9916 4236/1067/9917 4262/1067/9918
f 4262/1067/9919 4237/1065/9920 4263/1065/9921
f 4264/1067/9922 4237/1065/9923 4238/1067/9924
f 4264/1067/9925 4239/1065/9926 4265/1065/9927
f 4265/1065/9928 4240/1067/9929 4266/1067/9930
f 4266/1067/9931 4241/1065/9932 4267/1065/9933
f 4267/1065/9934 4242/1067/9935 4268/1067/9936
f 4269/1065/9937 4242/1067/9938 4243/1065/9939
f 4270/1067/9940 4243/1065/9941 4244/1067/9942
f 4271/1065/9943 4244/1067/9944 4245/1065/9945
f 4245/1065/9946 4272/1067/9947 4271/1065/9948
f 4273/1065/9949 4246/1067/9950 4247/1065/9951
f 4274/1067/9952 4247/1065/9953 4248/1067/9954
f 4274/1067/9955 4249/1065/9956 4275/1065/9957
f 4275/1065/9958 4250/1067/9959 4276/1067/9960
f 4277/1065/9961 4250/1067/9962 4251/1065/9963
f 4278/1067/9964 4251/1065/9965 4252/1067/9966
f 4278/1067/9967 4253/1065/9968 4279/1065/9969
f 4279/1065/9970 4254/1067/9971 4280/1067/9972
f 4280/1067/9973 4255/1065/9974 4281/1065/9975
f 4281/1065/9976 4230/1067/9977 4256/1067/9978
f 4283/1065/9979 4256/1067/9980 4257/1065/9981
f 4284/1066/9982 4257/1065/9983 4258/1066/9984
f 4285/1065/9985 4258/1066/9986 4259/1065/9987
f 4285/1065/9988 4260/1067/9989 4286/1067/9990
f 4286/1067/9991 4261/1065/9992 4287/1065/9993
f 4287/1065/9994 4262/1067/9995 4288/1067/9996
f 4288/1067/9997 4263/1065/9998 4289/1065/9999
f 4289/1065/10000 4264/1067/10001 4355/1068/10002
f 4355/1068/10003 4265/1065/10004 4290/1065/10005
f 4290/1065/10006 4266/1067/10007 4291/1067/10008
f 4291/1067/10009 4267/1065/10010 4292/1065/10011
f 4293/1067/10012 4267/1065/10013 4268/1067/10014
f 4293/1067/10015 4269/1065/10016 4359/1069/10017
f 4294/1067/10018 4269/1065/10019 4270/1067/10020
f 4295/1065/10021 4270/1067/10022 4271/1065/10023
f 4357/1073/10024 4271/1065/10025 4272/1067/10026
f 4357/1073/10027 4273/1065/10028 4296/1065/10029
f 4296/1065/10030 4274/1067/10031 4297/1067/10032
f 4297/1067/10033 4275/1065/10034 4298/1072/10035
f 4298/1072/10036 4276/1067/10037 4299/1067/10038
f 4299/1067/10039 4277/1065/10040 4358/1071/10041
f 4358/1071/10042 4278/1067/10043 4300/1067/10044
f 4300/1067/10045 4279/1065/10046 4301/1065/10047
f 4279/1065/10048 4356/1070/10049 4301/1065/10050
f 4302/1065/10051 4280/1067/10052 4281/1065/10053
f 4282/1067/10054 4281/1065/10055 4256/1067/10056
f 4304/1065/10057 4329/1067/10058 4330/1065/10059
f 4305/1066/10060 4330/1065/10061 4331/1066/10062
f 4306/1065/10063 4331/1066/10064 4332/1065/10065
f 4307/1067/10066 4332/1065/10067 4333/1067/10068
f 4308/1065/10069 4333/1067/10070 4334/1065/10071
f 4309/1067/10072 4334/1065/10073 4335/1067/10074
f 4310/1065/10075 4335/1067/10076 4336/1065/10077
f 4311/1067/10078 4336/1065/10079 4337/1067/10080
f 4312/1065/10081 4337/1067/10082 4338/1065/10083
f 4339/1067/10084 4312/1065/10085 4338/1065/10086
f 4340/1065/10087 4313/1067/10088 4339/1067/10089
f 4341/1067/10090 4314/1065/10091 4340/1065/10092
f 4316/1065/10093 4341/1067/10094 4342/1065/10095
f 4317/1067/10096 4342/1065/10097 4343/1067/10098
f 4318/1065/10099 4343/1067/10100 4344/1065/10101
f 4319/1067/10102 4344/1065/10103 4345/1067/10104
f 4320/1065/10105 4345/1067/10106 4346/1065/10107
f 4347/1067/10108 4320/1065/10109 4346/1065/10110
f 4348/1065/10111 4321/1067/10112 4347/1067/10113
f 4323/1067/10114 4348/1065/10115 4349/1067/10116
f 4324/1065/10117 4349/1067/10118 4350/1065/10119
f 4325/1067/10120 4350/1065/10121 4351/1067/10122
f 4352/1065/10123 4325/1067/10124 4351/1067/10125
f 4353/1067/10126 4326/1065/10127 4352/1065/10128
f 4354/1065/10129 4327/1067/10130 4353/1067/10131
f 4303/1067/10132 4354/1065/10133 4329/1067/10134
f 4330/1065/10135 4204/1067/10136 4205/1065/10137
f 4206/1066/10138 4330/1065/10139 4205/1065/10140
f 4332/1065/10141 4206/1066/10142 4207/1065/10143
f 4333/1067/10144 4207/1065/10145 4208/1067/10146
f 4209/1065/10147 4333/1067/10148 4208/1067/10149
f 4210/1067/10150 4334/1065/10151 4209/1065/10152
f 4211/1065/10153 4335/1067/10154 4210/1067/10155
f 4337/1067/10156 4211/1065/10157 4212/1067/10158
f 4338/1065/10159 4212/1067/10160 4213/1065/10161
f 4339/1067/10162 4213/1065/10163 4214/1067/10164
f 4215/1065/10165 4339/1067/10166 4214/1067/10167
f 4216/1067/10168 4340/1065/10169 4215/1065/10170
f 4342/1065/10171 4216/1067/10172 4217/1065/10173
f 4342/1065/10174 4218/1067/10175 4343/1067/10176
f 4219/1065/10177 4343/1067/10178 4218/1067/10179
f 4345/1067/10180 4219/1065/10181 4220/1067/10182
f 4221/1065/10183 4345/1067/10184 4220/1067/10185
f 4347/1067/10186 4221/1065/10187 4222/1067/10188
f 4223/1065/10189 4347/1067/10190 4222/1067/10191
f 4224/1067/10192 4348/1065/10193 4223/1065/10194
f 4350/1065/10195 4224/1067/10196 4225/1065/10197
f 4351/1067/10198 4225/1065/10199 4226/1067/10200
f 4352/1065/10201 4226/1067/10202 4227/1065/10203
f 4228/1067/10204 4352/1065/10205 4227/1065/10206
f 4229/1065/10207 4353/1067/10208 4228/1067/10209
f 4329/1067/10210 4229/1065/10211 4204/1067/10212
f 4356/1070/9618 4285/1065/10213 4355/1068/9616
f 4356/1070/9629 4298/1072/10214 4358/1071/9620
f 4282/1067/9631 4283/1065/10215 4356/1070/9618
f 4355/1068/9616 4285/1065/10213 4286/1067/10216
f 4357/1073/10217 4294/1067/10218 4295/1065/10219
f 4298/1072/9621 4296/1065/10220 4297/1067/10221
f 4355/1068/9616 4286/1067/10216 4287/1065/10222
f 4291/1067/10223 4359/1069/10224 4355/1068/9616
f 4359/1069/10224 4357/1073/10217 4298/1072/10225
f 4356/1070/9618 4359/1069/10224 4298/1072/10214
f 4283/1065/10215 4284/1066/10226 4356/1070/9618
f 4355/1068/9616 4287/1065/10222 4288/1067/9614
f 4174/575/10227 4377/463/10228 4376/575/10229
f 4167/463/10230 4100/9/10231 4099/463/10232
f 4381/9/10233 4101/575/10234 4100/9/10235
f 4382/575/10236 4102/463/10237 4101/575/10238
f 4168/468/10239 4102/463/10240 4414/463/10241
f 4383/581/10242 4103/468/10243 4168/468/10239
f 4383/581/10244 4105/463/10245 4104/581/10246
f 4384/463/10247 4106/9/10248 4105/463/10249
f 4169/575/10250 4106/9/10251 4415/9/10252
f 4169/575/10253 4108/463/10254 4107/575/10255
f 4385/463/10256 4109/468/10257 4108/463/10258
f 4416/468/10259 4110/588/10260 4109/468/10261
f 4110/588/10262 4386/463/10263 4111/463/10264
f 4111/463/10265 4417/9/10266 4112/9/10267
f 4417/9/10268 4113/575/10269 4112/9/10267
f 4418/575/10270 4114/463/10271 4113/575/10272
f 4361/463/10273 4115/468/10274 4114/463/10275
f 4419/588/10276 4115/468/10277 4387/468/10278
f 4388/463/10279 4116/588/10280 4419/588/10281
f 4117/463/10282 4420/9/10283 4118/9/10284
f 4362/575/10285 4118/9/10286 4420/9/10287
f 4421/588/10288 4120/468/10289 4389/468/9443
f 4364/463/10290 4124/588/10291 4423/588/9452
f 4372/463/10292 4121/588/10293 4421/588/10294
f 4373/575/10295 4122/9/10296 4171/9/10297
f 4422/463/10298 4123/463/10299 4373/575/10300
f 4374/468/10301 4123/463/10299 4422/463/10298
f 4423/588/10302 4124/588/10303 4374/468/10304
f 4125/463/10305 4172/9/10306 4126/9/10307
f 4394/468/10308 4127/463/10309 4393/463/9456
f 4375/575/10310 4126/9/10307 4172/9/10306
f 4394/468/10311 4129/588/10312 4128/468/10313
f 4395/588/10314 4130/463/10315 4129/588/10316
f 4396/463/10317 4131/9/10318 4130/463/10319
f 4424/9/10320 4132/575/10321 4131/9/10322
f 4132/575/10323 4365/463/10324 4133/463/10325
f 4173/468/10326 4133/463/10327 4365/463/10328
f 4397/588/10329 4134/468/10330 4173/468/10326
f 4397/588/10331 4136/463/10332 4135/588/10333
f 4366/9/9665 4136/463/10334 4426/463/10335
f 4400/588/9670 4138/468/10336 4399/468/9458
f 4376/575/10337 4137/9/10338 4366/9/10339
f 4399/468/10340 4138/468/10341 4377/463/10342
f 4367/9/10343 4141/575/10344 4140/9/10345
f 4378/463/10346 4139/588/10347 4400/588/10348
f 4367/9/10343 4140/9/10345 4378/463/10349
f 4175/575/10350 4142/463/10351 4141/575/10352
f 4402/468/10353 4142/463/10354 4401/463/10355
f 4403/588/10356 4143/468/10357 4402/468/10353
f 4428/463/10358 4144/588/10359 4403/588/10356
f 4428/463/10360 4146/9/10361 4145/463/10362
f 4429/575/10363 4146/9/10364 4404/9/10365
f 4147/575/10366 4176/463/10367 4148/463/10368
f 4148/463/10369 4405/468/10370 4149/468/10371
f 4405/468/10372 4150/588/10373 4149/468/10371
f 4407/463/10374 4150/588/10375 4406/1074/10376
f 4151/463/10377 4408/9/10378 4152/9/10379
f 4408/9/10378 4153/575/10380 4152/9/10379
f 4430/575/10381 4154/463/10382 4153/575/10383
f 4432/9/9654 4157/575/10384 4156/9/9652
f 4157/575/10385 4411/463/10386 4158/463/10387
f 4158/463/10388 4433/468/10389 4159/468/10390
f 4159/468/10391 4412/588/10392 4160/588/10393
f 4412/588/10392 4161/463/10394 4160/588/10395
f 4434/463/10396 4162/9/10397 4161/463/10398
f 4162/9/10399 4369/575/10400 4163/575/10401
f 4369/575/10402 4164/463/10403 4163/575/10404
f 4413/463/10405 4165/468/10406 4164/463/10407
f 4436/468/10408 4166/588/10409 4165/468/10410
f 4167/463/10411 4166/588/10412 4370/588/10413
f 4099/463/10414 4100/9/10415 4179/1065/10416
f 4180/1066/10417 4179/1065/10418 4102/463/10419
f 4181/1065/10420 4180/1066/10421 4105/463/10422
f 4181/1065/10423 4108/463/10424 4109/468/10425
f 4183/1065/10426 4182/1067/9682 4111/463/10427
f 4184/1067/10428 4183/1065/10429 4114/463/10430
f 4184/1067/10431 4117/463/10432 4118/9/10433
f 4371/463/10434 4120/468/10435 4186/1067/10436
f 4186/1067/10437 4372/463/10438 4122/9/10439
f 4188/1067/10440 4187/1065/10441 4123/463/10442
f 4188/1067/10443 4125/463/10444 4126/9/10445
f 4190/1067/10446 4189/1065/10447 4127/463/10448
f 4191/1065/10449 4190/1067/10450 4130/463/10451
f 4191/1065/10452 4133/463/10453 4134/468/10454
f 4192/1067/10455 4136/463/10456 4137/9/10457
f 4193/1065/10458 4377/463/10459 4138/468/10460
f 4378/463/10461 4140/9/10462 4195/1065/10463
f 4196/1067/10464 4195/1065/10465 4142/463/10466
f 4197/1065/10467 4196/1067/10468 4145/463/10469
f 4197/1065/10470 4148/463/10471 4149/468/10472
f 4198/1067/10473 4151/463/10474 4152/9/10475
f 4199/1065/10476 4154/463/10477 4379/468/10478
f 4200/1067/10479 4380/463/10480 4156/9/10481
f 4158/463/10482 4159/468/10483 4202/1067/10484
f 4202/1067/10485 4161/463/10486 4162/9/10487
f 4203/1065/10488 4164/463/10489 4165/468/10490
f 4205/1065/10491 4204/1067/10492 4178/1067/10493
f 4205/1065/10494 4179/1065/10495 4180/1066/10496
f 4206/1066/10497 4180/1066/10498 4181/1065/10499
f 4208/1067/10500 4207/1065/10501 4181/1065/10502
f 4209/1065/10503 4208/1067/10504 4182/1067/10505
f 4209/1065/10506 4183/1065/10507 4184/1067/10508
f 4211/1065/10509 4210/1067/10510 4184/1067/10511
f 4212/1067/10512 4211/1065/10513 4185/1065/10514
f 4213/1065/10515 4212/1067/10516 4186/1067/10517
f 4213/1065/10518 4187/1065/9771 4188/1067/10519
f 4214/1067/10520 4188/1067/10521 4189/1065/10522
f 4215/1065/10523 4189/1065/10524 4190/1067/10525
f 4216/1067/10526 4190/1067/10527 4191/1065/10528
f 4218/1067/10529 4217/1065/10530 4191/1065/10531
f 4219/1065/10532 4218/1067/10533 4192/1067/10534
f 4220/1067/10535 4219/1065/10536 4193/1065/10537
f 4220/1067/10538 4194/1067/10539 4195/1065/10540
f 4221/1065/10541 4195/1065/10542 4196/1067/10543
f 4222/1067/10544 4196/1067/10545 4197/1065/10546
f 4224/1067/10547 4223/1065/10548 4197/1065/10549
f 4225/1065/10550 4224/1067/10551 4198/1067/10552
f 4226/1067/10553 4225/1065/10554 4199/1065/10555
f 4227/1065/10556 4226/1067/10557 4200/1067/10558
f 4227/1065/10559 4201/1065/10560 4202/1067/10561
f 4228/1067/10562 4202/1067/10563 4203/1065/10564
f 4229/1065/10565 4203/1065/10566 4178/1067/10567
f 4230/1067/10568 4303/1067/10569 4304/1065/10570
f 4231/1065/10571 4304/1065/10572 4305/1066/10573
f 4305/1066/10574 4306/1065/10575 4233/1065/9830
f 4233/1065/10576 4306/1065/10577 4307/1067/9833
f 4234/1067/10578 4307/1067/10579 4308/1065/10580
f 4235/1065/10581 4308/1065/10582 4309/1067/10583
f 4236/1067/9841 4309/1067/10584 4310/1065/9842
f 4238/1067/10585 4237/1065/10586 4310/1065/10587
f 4238/1067/10588 4311/1067/10589 4312/1065/10590
f 4239/1065/9850 4312/1065/10591 4313/1067/9851
f 4240/1067/10592 4313/1067/10593 4314/1065/10594
f 4241/1065/10595 4314/1065/10596 4315/1067/10597
f 4242/1067/10598 4315/1067/10599 4316/1065/10600
f 4243/1065/10601 4316/1065/10602 4317/1067/10603
f 4244/1067/10604 4317/1067/10605 4318/1065/10606
f 4245/1065/10607 4318/1065/10608 4319/1067/10609
f 4246/1067/10610 4319/1067/10611 4320/1065/9872
f 4247/1065/10612 4320/1065/10613 4321/1067/10614
f 4249/1065/10615 4248/1067/10616 4321/1067/10617
f 4250/1067/9880 4249/1065/10618 4322/1065/9881
f 4251/1065/10619 4250/1067/10620 4323/1067/10621
f 4251/1065/10622 4324/1065/10623 4325/1067/10624
f 4252/1067/9889 4325/1067/10625 4326/1065/9890
f 4254/1067/10626 4253/1065/10627 4326/1065/10628
f 4255/1065/10629 4254/1067/10630 4327/1067/10631
f 4230/1067/9898 4255/1065/10632 4328/1065/10633
f 4256/1067/10634 4230/1067/10635 4231/1065/10636
f 4257/1065/10637 4231/1065/10638 4232/1066/9905
f 4258/1066/9907 4232/1066/10639 4233/1065/9908
f 4259/1065/9910 4233/1065/10640 4234/1067/9911
f 4260/1067/9913 4234/1067/10641 4235/1065/9914
f 4261/1065/10642 4235/1065/10643 4236/1067/10644
f 4262/1067/9919 4236/1067/10645 4237/1065/10646
f 4264/1067/10647 4263/1065/10648 4237/1065/10649
f 4264/1067/10650 4238/1067/10651 4239/1065/10652
f 4265/1065/9928 4239/1065/10653 4240/1067/9929
f 4266/1067/10654 4240/1067/10655 4241/1065/10656
f 4267/1065/10657 4241/1065/10658 4242/1067/10659
f 4269/1065/9937 4268/1067/10660 4242/1067/9938
f 4270/1067/10661 4269/1065/10662 4243/1065/9941
f 4271/1065/9943 4270/1067/10663 4244/1067/9944
f 4245/1065/9946 4246/1067/10664 4272/1067/9947
f 4273/1065/9949 4272/1067/10665 4246/1067/10666
f 4274/1067/9952 4273/1065/10667 4247/1065/10668
f 4274/1067/10669 4248/1067/10670 4249/1065/9956
f 4275/1065/9958 4249/1065/10671 4250/1067/10672
f 4277/1065/10673 4276/1067/10674 4250/1067/10675
f 4278/1067/10676 4277/1065/10677 4251/1065/9965
f 4278/1067/10678 4252/1067/10679 4253/1065/9968
f 4279/1065/9970 4253/1065/10680 4254/1067/10681
f 4280/1067/10682 4254/1067/10683 4255/1065/10684
f 4281/1065/9976 4255/1065/10685 4230/1067/10686
f 4283/1065/10687 4282/1067/10688 4256/1067/10689
f 4284/1066/10690 4283/1065/10691 4257/1065/10692
f 4285/1065/9985 4284/1066/10693 4258/1066/9986
f 4285/1065/10694 4259/1065/10695 4260/1067/10696
f 4286/1067/10697 4260/1067/10698 4261/1065/10699
f 4287/1065/10700 4261/1065/10701 4262/1067/10702
f 4288/1067/10703 4262/1067/10704 4263/1065/9998
f 4289/1065/10705 4263/1065/10706 4264/1067/10707
f 4355/1068/10708 4264/1067/10709 4265/1065/10710
f 4290/1065/10006 4265/1065/10711 4266/1067/10007
f 4291/1067/10712 4266/1067/10713 4267/1065/10714
f 4293/1067/10715 4292/1065/10716 4267/1065/10717
f 4293/1067/10718 4268/1067/10719 4269/1065/10016
f 4294/1067/10720 4359/1069/10721 4269/1065/10722
f 4295/1065/10723 4294/1067/10724 4270/1067/10725
f 4357/1073/10024 4295/1065/10726 4271/1065/10727
f 4357/1073/10027 4272/1067/10728 4273/1065/10729
f 4296/1065/10730 4273/1065/10731 4274/1067/10732
f 4297/1067/10733 4274/1067/10734 4275/1065/10735
f 4298/1072/10736 4275/1065/10737 4276/1067/10037
f 4299/1067/10738 4276/1067/10739 4277/1065/10740
f 4358/1071/10741 4277/1065/10742 4278/1067/10743
f 4300/1067/10744 4278/1067/10745 4279/1065/10046
f 4279/1065/10746 4280/1067/10747 4356/1070/10748
f 4302/1065/10749 4356/1070/10750 4280/1067/10751
f 4282/1067/10752 4302/1065/10753 4281/1065/10055
f 4304/1065/10754 4303/1067/10755 4329/1067/10756
f 4305/1066/10757 4304/1065/10758 4330/1065/10759
f 4306/1065/10760 4305/1066/10761 4331/1066/10762
f 4307/1067/10763 4306/1065/10764 4332/1065/10765
f 4308/1065/10766 4307/1067/10767 4333/1067/10768
f 4309/1067/10769 4308/1065/10770 4334/1065/10771
f 4310/1065/10772 4309/1067/10773 4335/1067/10774
f 4311/1067/10775 4310/1065/10776 4336/1065/10777
f 4312/1065/10778 4311/1067/10779 4337/1067/10780
f 4339/1067/10781 4313/1067/10782 4312/1065/10783
f 4340/1065/10784 4314/1065/10785 4313/1067/10786
f 4341/1067/10787 4315/1067/10788 4314/1065/10789
f 4316/1065/10790 4315/1067/10791 4341/1067/10792
f 4317/1067/10793 4316/1065/10794 4342/1065/10795
f 4318/1065/10796 4317/1067/10797 4343/1067/10798
f 4319/1067/10799 4318/1065/10800 4344/1065/10801
f 4320/1065/10802 4319/1067/10803 4345/1067/10804
f 4347/1067/10805 4321/1067/10806 4320/1065/10807
f 4348/1065/10808 4322/1065/10809 4321/1067/10810
f 4323/1067/10811 4322/1065/10812 4348/1065/10813
f 4324/1065/10814 4323/1067/10815 4349/1067/10816
f 4325/1067/10817 4324/1065/10818 4350/1065/10819
f 4352/1065/10820 4326/1065/10821 4325/1067/10822
f 4353/1067/10823 4327/1067/10824 4326/1065/10825
f 4354/1065/10826 4328/1065/10827 4327/1067/10828
f 4303/1067/10829 4328/1065/10830 4354/1065/10831
f 4330/1065/10832 4329/1067/10833 4204/1067/10834
f 4206/1066/10835 4331/1066/10836 4330/1065/10837
f 4332/1065/10838 4331/1066/10839 4206/1066/10840
f 4333/1067/10841 4332/1065/10842 4207/1065/10843
f 4209/1065/10844 4334/1065/10845 4333/1067/10846
f 4210/1067/10847 4335/1067/10848 4334/1065/10849
f 4211/1065/10850 4336/1065/10851 4335/1067/10852
f 4337/1067/10853 4336/1065/10854 4211/1065/10855
f 4338/1065/10856 4337/1067/10857 4212/1067/10858
f 4339/1067/10859 4338/1065/10860 4213/1065/10861
f 4215/1065/10862 4340/1065/10863 4339/1067/10864
f 4216/1067/10865 4341/1067/10866 4340/1065/10867
f 4342/1065/10868 4341/1067/10869 4216/1067/10870
f 4342/1065/10871 4217/1065/10872 4218/1067/10873
f 4219/1065/10874 4344/1065/10875 4343/1067/10876
f 4345/1067/10877 4344/1065/10878 4219/1065/10879
f 4221/1065/10880 4346/1065/10881 4345/1067/10882
f 4347/1067/10883 4346/1065/10884 4221/1065/10885
f 4223/1065/10886 4348/1065/10887 4347/1067/10888
f 4224/1067/10889 4349/1067/10890 4348/1065/10891
f 4350/1065/10892 4349/1067/10893 4224/1067/10894
f 4351/1067/10895 4350/1065/10896 4225/1065/10897
f 4352/1065/10898 4351/1067/10899 4226/1067/10900
f 4228/1067/10901 4353/1067/10902 4352/1065/10903
f 4229/1065/10904 4354/1065/10905 4353/1067/10906
f 4329/1067/10907 4354/1065/10908 4229/1065/10909
f 4356/1070/9618 4284/1066/10226 4285/1065/10213
f 4357/1073/10217 4359/1069/9617 4294/1067/10218
f 4298/1072/9621 4357/1073/10217 4296/1065/10220
f 4291/1067/10223 4292/1065/10910 4359/1069/9617
f 4174/575/9663 4398/463/10911 4377/463/10912
f 4167/463/10411 4381/9/10913 4100/9/10914
f 4381/9/10915 4382/575/10916 4101/575/10917
f 4382/575/10918 4414/463/10241 4102/463/10919
f 4168/468/10920 4103/468/10921 4102/463/10922
f 4383/581/10923 4104/581/10246 4103/468/10924
f 4383/581/10242 4384/463/10925 4105/463/10926
f 4384/463/10925 4415/9/10252 4106/9/10927
f 4169/575/10253 4107/575/10255 4106/9/10928
f 4169/575/10250 4385/463/10929 4108/463/10930
f 4385/463/10929 4416/468/10931 4109/468/10932
f 4416/468/10931 4360/588/10933 4110/588/10934
f 4110/588/10935 4360/588/10933 4386/463/10936
f 4111/463/10937 4386/463/10936 4417/9/10938
f 4417/9/10939 4418/575/10940 4113/575/10941
f 4418/575/10940 4361/463/10942 4114/463/10943
f 4361/463/10942 4387/468/10278 4115/468/10944
f 4419/588/10945 4116/588/10946 4115/468/10947
f 4388/463/10948 4117/463/10949 4116/588/10950
f 4117/463/10951 4388/463/10279 4420/9/10287
f 4362/575/9634 4119/575/9633 4118/9/10952
f 4421/588/10294 4121/588/10953 4120/468/10954
f 4364/463/10955 4125/463/10956 4124/588/10957
f 4125/463/10958 4364/463/10959 4172/9/9662
f 4394/468/10311 4128/468/10960 4127/463/10961
f 4394/468/10308 4395/588/10962 4129/588/10963
f 4395/588/10962 4396/463/10964 4130/463/10965
f 4396/463/10964 4424/9/10966 4131/9/10967
f 4424/9/10966 4425/575/10968 4132/575/10969
f 4132/575/10970 4425/575/10968 4365/463/10328
f 4173/468/10971 4134/468/10972 4133/463/10973
f 4397/588/10331 4135/588/10974 4134/468/10975
f 4397/588/10976 4426/463/10335 4136/463/10977
f 4366/9/10978 4137/9/10338 4136/463/10979
f 4400/588/10980 4139/588/10347 4138/468/10981
f 4367/9/9461 4175/575/10982 4141/575/10983
f 4175/575/10982 4401/463/10355 4142/463/10984
f 4402/468/10985 4143/468/10986 4142/463/10987
f 4403/588/10988 4144/588/10989 4143/468/10990
f 4428/463/10991 4145/463/10992 4144/588/10993
f 4428/463/10358 4404/9/10365 4146/9/10994
f 4429/575/10995 4147/575/10996 4146/9/10997
f 4147/575/10998 4429/575/10363 4176/463/10999
f 4148/463/11000 4176/463/10999 4405/468/11001
f 4405/468/11001 4406/1074/11002 4150/588/11003
f 4407/463/11004 4151/463/11005 4150/588/11006
f 4151/463/11007 4407/463/11008 4408/9/11009
f 4408/9/11009 4430/575/11010 4153/575/11011
f 4430/575/11010 4177/463/11012 4154/463/11013
f 4432/9/9468 4368/575/11014 4157/575/11015
f 4157/575/11016 4368/575/11014 4411/463/11017
f 4158/463/11018 4411/463/11019 4433/468/11020
f 4159/468/11021 4433/468/11020 4412/588/11022
f 4412/588/11022 4434/463/11023 4161/463/11024
f 4434/463/11023 4435/9/11025 4162/9/11026
f 4162/9/11027 4435/9/11028 4369/575/11029
f 4369/575/11029 4413/463/11030 4164/463/11031
f 4413/463/11030 4436/468/11032 4165/468/11033
f 4436/468/11032 4370/588/10413 4166/588/11034
f 4167/463/10230 4099/463/10232 4166/588/11035
