# Blender 4.0.0
# www.blender.org
o GlassCup016_Clear
v 0.026995 0.005837 -0.021443
v -0.016879 -0.027382 0.005809
v 0.017034 0.027261 0.004953
v -0.015981 -0.025680 -0.025087
v -0.027082 -0.006993 -0.023684
v -0.025623 0.015595 -0.026125
v 0.027087 -0.007644 -0.020440
v -0.007906 -0.027328 -0.024060
v 0.008186 0.027350 -0.025189
v -0.001096 -0.026168 0.000625
v 0.022057 -0.026951 0.002015
v 0.026789 0.021869 0.002566
v 0.001100 0.026144 0.000625
v -0.022053 0.026927 0.002015
v 0.026383 -0.026150 0.001848
v 0.030838 -0.016203 0.036710
v 0.018538 -0.030138 0.043611
v -0.029909 -0.018548 0.043611
v -0.031039 0.015522 0.038452
v -0.018535 0.030115 0.043609
v 0.029912 0.018525 0.043611
v 0.027178 -0.000674 -0.028568
v -0.013890 -0.023549 -0.030379
v -0.026151 -0.006862 -0.030346
v -0.023454 0.014037 -0.030379
v 0.013906 0.023531 -0.030379
v 0.026167 0.006844 -0.030346
v 0.014150 0.019260 -0.030837
v -0.010299 -0.033140 0.052397
v -0.017126 0.030730 0.036140
v 0.010302 0.033117 0.052397
v 0.005377 -0.027323 -0.028193
v -0.015381 -0.024343 -0.028758
v -0.027147 -0.005312 -0.028193
v -0.024248 0.015540 -0.028758
v -0.026476 -0.023001 -0.004139
v 0.023049 -0.026680 -0.004555
v 0.022197 0.026911 -0.000317
v 0.026481 0.022977 -0.004141
v -0.026853 0.022386 -0.000315
v -0.023044 0.026657 -0.004555
v 0.013035 -0.025804 -0.029669
v -0.025611 -0.013021 -0.029669
v -0.013018 0.025786 -0.029669
v 0.026243 0.012143 -0.029619
v 0.026360 0.026093 0.003620
v 0.018108 -0.030796 0.054859
v -0.009172 -0.034328 0.054877
v -0.030564 -0.018113 0.054859
v -0.018105 0.030771 0.054859
v 0.009177 0.034305 0.054877
v 0.030566 0.018092 0.054859
v 0.026771 -0.012538 -0.028501
v -0.009448 -0.027133 -0.015644
v 0.009268 0.027104 -0.015610
v 0.026228 -0.003280 -0.004678
v 0.031971 -0.016629 0.054849
v 0.033416 -0.014713 0.054829
v 0.015612 -0.032050 0.052291
v 0.013586 -0.033969 0.054832
v -0.016427 -0.032094 0.054849
v -0.014515 -0.033554 0.054829
v -0.031820 -0.015601 0.052291
v -0.033984 -0.011333 0.054852
v -0.033735 -0.013558 0.054832
v -0.031967 0.016606 0.054849
v -0.033413 0.014689 0.054829
v -0.015608 0.032027 0.052291
v -0.013582 0.033945 0.054832
v 0.016429 0.032072 0.054849
v 0.014519 0.033530 0.054829
v 0.031824 0.015577 0.052291
v 0.033987 0.011309 0.054852
v 0.033739 0.013534 0.054832
v 0.000944 -0.026201 -0.003883
v -0.000964 0.026181 -0.003959
v -0.018776 -0.029891 0.054870
v 0.008066 -0.034306 0.054868
v 0.029787 -0.018984 0.054870
v 0.031168 0.012047 0.041037
v 0.018780 0.029868 0.054870
v -0.008064 0.034283 0.054868
v -0.029783 0.018960 0.054870
v -0.018791 -0.016897 -0.030732
v 0.017782 -0.017962 -0.030736
v 0.018807 0.016879 -0.030732
v -0.017765 0.017944 -0.030736
v -0.019977 -0.026966 -0.005912
v -0.026876 0.020159 -0.005913
v 0.019983 0.026943 -0.005912
v 0.023188 -0.010275 -0.030752
v -0.024628 -0.006649 -0.030707
v -0.023173 0.010257 -0.030752
v 0.024644 0.006631 -0.030707
v 0.015626 -0.032997 0.054845
v 0.016016 -0.031973 0.053863
v 0.015355 -0.032702 0.054364
v -0.032762 -0.015612 0.054845
v -0.031742 -0.016007 0.053863
v -0.032470 -0.015340 0.054364
v -0.015623 0.032973 0.054845
v -0.016012 0.031950 0.053863
v -0.015351 0.032679 0.054364
v 0.032765 0.015589 0.054845
v 0.031746 0.015983 0.053863
v 0.032474 0.015316 0.054364
v 0.024236 -0.015416 -0.028986
v 0.013309 -0.024377 -0.030330
v -0.009028 -0.026655 -0.030079
v -0.024425 -0.012032 -0.030512
v -0.026529 0.009160 -0.030079
v -0.013292 0.024359 -0.030330
v 0.009045 0.026638 -0.030079
v 0.026652 0.007761 -0.029918
v -0.022821 -0.027121 0.002340
v 0.022825 0.027098 0.002339
v -0.027079 0.022458 0.002655
v 0.026093 -0.000990 0.001484
v 0.031435 -0.013570 0.041936
v -0.031445 -0.012154 0.043271
v 0.014662 -0.026799 0.002407
v -0.014893 -0.027091 -0.022862
v -0.024773 -0.026611 -0.001563
v -0.012700 -0.027353 -0.018723
v -0.026601 -0.019023 0.000915
v -0.027102 -0.013679 -0.023303
v -0.026656 0.022111 -0.007867
v -0.026514 0.025024 -0.001618
v -0.027232 0.013030 -0.018547
v -0.014657 0.026776 0.002407
v 0.014907 0.027072 -0.022863
v 0.024824 0.026562 -0.001614
v 0.010314 0.027392 -0.022877
v 0.012712 0.027334 -0.018726
v 0.026472 0.016655 -0.000387
v 0.026603 0.014644 0.002408
v 0.027117 0.013661 -0.023303
v -0.010492 -0.031136 0.038767
v 0.000531 0.026494 0.004047
v -0.013236 0.032685 0.051025
v -0.026830 0.005104 -0.029827
v -0.020017 -0.019572 -0.029083
v -0.022076 -0.016195 -0.030143
v -0.004989 -0.026972 -0.029827
v 0.026541 -0.024963 -0.001672
v 0.019531 -0.020205 -0.029083
v 0.014928 -0.023668 -0.030002
v 0.026719 -0.004026 -0.029999
v 0.027271 -0.008590 -0.026201
v 0.020080 0.019509 -0.029081
v 0.022092 0.016178 -0.030143
v 0.005006 0.026954 -0.029827
v -0.019515 0.020186 -0.029083
v 0.032833 -0.013316 0.052395
v 0.032040 -0.015210 0.049815
v 0.031622 -0.015536 0.044561
v 0.030496 -0.017783 0.054557
v 0.032891 -0.015503 0.054855
v 0.000199 -0.033928 0.054505
v 0.012847 -0.034087 0.054859
v -0.013128 -0.032972 0.052396
v -0.013239 -0.031862 0.044506
v -0.015015 -0.032168 0.049813
v -0.015728 -0.031675 0.044682
v -0.017580 -0.030608 0.054557
v -0.015303 -0.033023 0.054855
v -0.033703 -0.008799 0.054584
v -0.033856 -0.012814 0.054859
v -0.032036 0.015187 0.049814
v -0.031618 0.015513 0.044561
v -0.030493 0.017760 0.054557
v -0.032887 0.015480 0.054855
v -0.000193 0.033905 0.054505
v -0.012843 0.034064 0.054859
v 0.013132 0.032948 0.052396
v 0.012404 0.032378 0.048311
v 0.015018 0.032145 0.049814
v 0.015731 0.031651 0.044682
v 0.017583 0.030586 0.054557
v 0.015307 0.033000 0.054855
v 0.032383 0.012741 0.050237
v 0.033707 0.008779 0.054584
v 0.033860 0.012791 0.054859
v 0.026717 -0.011485 -0.029463
v 0.026197 -0.011135 -0.030081
v 0.026408 -0.006220 -0.030265
v 0.025951 -0.009528 -0.030368
v 0.023563 -0.014676 -0.030130
v 0.010004 -0.027190 -0.028948
v 0.016878 -0.026609 -0.020957
v 0.017127 -0.024585 -0.025609
v -0.011081 -0.027199 -0.028651
v -0.011572 -0.027441 -0.025374
v -0.009135 -0.027171 -0.029243
v -0.027140 -0.008658 -0.025593
v -0.027042 0.009269 -0.029243
v -0.008586 0.027308 -0.025460
v -0.009988 0.027172 -0.028948
v 0.011097 0.027181 -0.028651
v 0.011588 0.027423 -0.025373
v 0.009152 0.027153 -0.029243
v -0.026032 0.001060 0.000794
v -0.026376 0.000513 0.004136
v -0.022577 -0.026891 -0.000881
v -0.025807 -0.026315 0.000201
v -0.025951 -0.025601 -0.001997
v -0.026774 -0.022584 0.002485
v -0.000652 -0.026491 0.003794
v 0.026820 -0.024545 0.000606
v 0.026400 -0.025814 0.000069
v 0.025487 -0.026227 -0.001958
v 0.026614 -0.026096 0.005135
v 0.025958 0.000022 -0.001310
v 0.022399 0.026810 -0.005336
v 0.025811 0.026291 0.000202
v 0.025955 0.025579 -0.001993
v -0.026816 0.024522 0.000607
v -0.026250 0.026029 0.000257
v -0.025483 0.026204 -0.001959
v -0.027508 0.024510 0.011953
v -0.018990 -0.024852 -0.020519
v -0.026372 -0.017118 -0.020535
v -0.024768 0.019165 -0.020520
v -0.017095 0.026562 -0.020540
v 0.026386 0.017080 -0.020572
v -0.026304 0.003507 -0.030331
v 0.025627 -0.020405 -0.015689
v 0.012086 -0.027345 -0.021238
v 0.020831 -0.026803 -0.004226
v -0.026603 -0.020550 -0.004896
v -0.026892 0.008257 -0.014472
v -0.026227 0.003305 -0.004730
v -0.020826 0.026780 -0.004226
v 0.027162 0.012041 -0.021240
v 0.026588 0.020839 -0.004227
v -0.020693 -0.028044 0.042246
v -0.013614 -0.030138 0.029809
v 0.027956 -0.020904 0.042245
v 0.020697 0.028020 0.042243
v -0.009052 0.031870 0.044659
v -0.027952 0.020880 0.042248
v 0.025395 -0.016579 -0.024728
v 0.015468 0.025807 -0.025841
v 0.016958 -0.015245 -0.030883
v -0.016160 0.014076 -0.030925
v 0.000431 0.021360 -0.030919
v 0.033056 -0.013817 0.053819
v -0.013626 -0.033194 0.053819
v 0.013629 0.033171 0.053819
v 0.013093 -0.026246 -0.029140
v 0.011290 -0.027065 -0.028908
v -0.014977 -0.023712 -0.029854
v -0.025568 -0.010562 -0.030386
v -0.024465 0.013955 -0.029963
v -0.011273 0.027047 -0.028908
v 0.014993 0.023695 -0.029854
v -0.026007 -0.001167 0.000676
v 0.001269 -0.026159 0.000576
v 0.027083 -0.022724 0.002685
v 0.027596 -0.023905 0.008356
v 0.023683 0.027650 0.008356
v -0.001266 0.026136 0.000576
v 0.027192 -0.017219 0.004983
v -0.032666 0.005733 0.050614
v -0.033384 0.009983 0.053813
v -0.010494 -0.026529 -0.000229
v -0.026317 -0.012175 -0.000558
v -0.026822 0.021345 -0.001993
v -0.025954 -0.000070 -0.001281
v -0.026594 0.014841 -0.000618
v 0.021161 0.026884 -0.001994
v 0.014687 0.026675 -0.000618
v -0.031303 -0.014972 0.042488
v -0.031452 -0.015953 0.045949
v -0.023101 -0.025027 0.054317
v -0.016477 -0.031360 0.053944
v -0.017441 -0.030901 0.041060
v -0.009833 -0.033540 0.053812
v 0.014986 -0.031528 0.042487
v 0.015961 -0.031681 0.045951
v 0.024604 -0.027431 0.009154
v 0.024960 -0.023316 0.054317
v 0.031240 -0.016677 0.053944
v 0.032996 -0.010327 0.052401
v 0.033388 -0.010006 0.053812
v 0.031306 0.014949 0.042489
v 0.031455 0.015929 0.045951
v 0.023106 0.025002 0.054317
v 0.016480 0.031336 0.053944
v 0.017445 0.030877 0.041059
v 0.009837 0.033516 0.053812
v -0.017709 0.030765 0.037932
v -0.024601 0.027407 0.009154
v -0.024956 0.023294 0.054317
v -0.031237 0.016654 0.053944
v 0.032223 -0.014080 0.048776
v 0.016044 -0.031745 0.049066
v 0.013995 -0.032897 0.052912
v 0.015368 -0.031775 0.045335
v -0.013890 -0.032355 0.048774
v -0.031516 -0.016036 0.049065
v -0.032668 -0.013973 0.052911
v -0.031564 -0.015321 0.045448
v -0.032058 0.013996 0.047226
v -0.016041 0.031722 0.049066
v -0.013992 0.032874 0.052911
v 0.013894 0.032332 0.048774
v 0.031519 0.016013 0.049066
v 0.032672 0.013949 0.052911
v 0.031551 0.015333 0.045334
v 0.027032 -0.008905 -0.029415
v 0.025684 -0.012541 -0.029940
v -0.012796 -0.027112 -0.027046
v -0.013928 -0.026122 -0.027987
v -0.027039 -0.010446 -0.028542
v -0.026193 -0.013470 -0.028458
v -0.027318 0.011666 -0.025565
v -0.013467 0.026372 -0.028457
v 0.012812 0.027094 -0.027045
v 0.013033 0.026267 -0.028942
v 0.026647 0.011924 -0.029121
v 0.025584 0.010545 -0.030386
v -0.024847 -0.025660 -0.005090
v -0.026506 -0.024601 0.000412
v -0.026187 -0.026178 0.009820
v -0.026895 -0.024922 0.015145
v -0.025824 -0.026683 0.007061
v 0.001570 -0.027516 0.011814
v 0.026847 -0.022385 -0.000479
v 0.025599 -0.025077 -0.005080
v 0.024543 -0.026748 0.000518
v 0.025733 -0.026726 0.003388
v 0.026224 -0.026476 0.003949
v 0.026469 -0.026149 0.008894
v 0.024869 -0.027129 0.015144
v 0.025591 -0.025672 0.022388
v 0.026323 0.000736 0.003715
v 0.026006 -0.001059 0.000121
v 0.024834 0.025632 -0.005145
v 0.026509 0.024577 0.000410
v 0.026191 0.026154 0.009820
v 0.026898 0.024899 0.015142
v 0.025447 0.025629 0.022385
v -0.025594 0.025051 -0.005087
v -0.024539 0.026724 0.000517
v -0.025863 0.026620 0.003071
v -0.026245 0.026436 0.004200
v -0.026113 0.026398 0.009819
v -0.024866 0.027105 0.015143
v -0.026614 0.026035 0.007061
v -0.026360 0.025265 0.018899
v 0.030959 -0.017313 0.041014
v -0.033767 0.010283 0.054529
v -0.018720 -0.026988 0.001584
v -0.030955 0.017289 0.041016
v -0.030309 -0.018335 0.039602
v 0.018329 -0.030539 0.039598
v 0.033771 -0.010307 0.054529
v 0.030313 0.018311 0.039607
v -0.018323 0.030517 0.039604
v -0.025533 0.001929 -0.030622
v -0.001840 -0.026316 -0.030420
v 0.025550 -0.001946 -0.030622
v 0.001856 0.026298 -0.030420
v 0.009786 -0.027094 -0.016029
v 0.026976 0.009985 -0.017206
v -0.027741 -0.020695 0.045100
v 0.020664 -0.027967 0.045113
v 0.030612 -0.008100 0.035974
v 0.027743 0.020673 0.045101
v -0.000402 0.026400 0.003420
v -0.020662 0.027942 0.045111
v 0.026746 -0.016115 -0.004702
v 0.021089 0.022256 -0.021806
v 0.011473 -0.022606 -0.030760
v 0.009177 -0.017752 -0.030931
v -0.011456 0.022588 -0.030760
v 0.012341 0.012620 -0.030942
v 0.034123 -0.011127 0.054858
v 0.033359 -0.012923 0.054127
v 0.034014 -0.012622 0.054859
v 0.014859 -0.032706 0.053672
v 0.014930 -0.033466 0.054828
v -0.012735 -0.033502 0.054127
v -0.032475 -0.014841 0.053672
v -0.033231 -0.014911 0.054828
v -0.034119 0.011103 0.054858
v -0.033356 0.012899 0.054127
v -0.034011 0.012599 0.054859
v -0.014855 0.032683 0.053672
v -0.014927 0.033443 0.054828
v 0.012739 0.033479 0.054127
v 0.032479 0.014818 0.053672
v 0.033235 0.014887 0.054828
v 0.026710 -0.014259 -0.025892
v 0.026224 -0.013834 -0.027993
v 0.026358 -0.012610 -0.029243
v 0.010052 -0.025719 -0.030457
v 0.011072 -0.026744 -0.029728
v 0.012445 -0.025631 -0.030089
v -0.010315 -0.024671 -0.030623
v -0.009378 -0.026057 -0.030368
v -0.011264 -0.026075 -0.030162
v -0.010617 -0.026926 -0.029575
v -0.026243 -0.012155 -0.029605
v -0.026659 -0.010499 -0.029662
v -0.025441 -0.012429 -0.030089
v -0.024807 0.010678 -0.030568
v -0.025935 0.009510 -0.030368
v -0.025959 0.011406 -0.030162
v -0.026803 0.010759 -0.029576
v -0.010035 0.025701 -0.030457
v -0.012160 0.026418 -0.029605
v -0.010513 0.026832 -0.029661
v -0.012429 0.025613 -0.030089
v 0.010332 0.024654 -0.030623
v 0.009395 0.026039 -0.030368
v 0.011280 0.026057 -0.030162
v 0.010634 0.026908 -0.029575
v 0.027057 0.010223 -0.028623
v -0.025681 -0.026707 0.002870
v -0.025110 -0.027106 0.004966
v 0.026805 -0.001078 0.007464
v 0.025615 0.026643 0.002129
v -0.026646 0.025884 0.002939
v -0.027032 0.025319 0.004966
v 0.030212 -0.010384 0.032561
v -0.033034 -0.003419 0.052775
v -0.030054 -0.008447 0.032582
v 0.008374 -0.027315 -0.025014
v 0.005430 -0.026930 -0.017199
v 0.012731 -0.026576 -0.003085
v 0.015427 -0.026632 -0.000380
v 0.025324 -0.026492 -0.000638
v -0.023322 -0.026810 -0.002594
v -0.013639 -0.026736 -0.004006
v -0.019575 -0.026854 -0.000997
v -0.026978 -0.010366 -0.017316
v -0.026419 -0.012063 -0.004263
v -0.026557 -0.021895 -0.001147
v -0.026231 -0.025235 -0.001365
v -0.026721 -0.017570 -0.017517
v -0.026664 0.014674 -0.004134
v -0.011718 0.027321 -0.021165
v -0.015426 0.026608 -0.000380
v -0.012996 0.026563 -0.003146
v -0.025321 0.026469 -0.000637
v 0.013640 0.026713 -0.004006
v 0.026856 0.006322 -0.018469
v 0.026065 0.001060 -0.004004
v 0.026388 0.012687 -0.003086
v 0.026234 0.025215 -0.001356
v 0.026733 0.017542 -0.017532
v -0.030499 -0.014106 0.035300
v -0.030190 -0.017615 0.053222
v -0.017446 -0.030712 0.045330
v 0.003499 -0.033230 0.052775
v 0.011819 -0.031457 0.041659
v 0.024650 -0.027231 0.005852
v 0.017611 -0.030418 0.053222
v 0.033037 0.003402 0.052775
v 0.031727 0.009010 0.044926
v 0.027125 0.024416 0.006871
v 0.030193 0.017592 0.053222
v 0.017450 0.030689 0.045330
v -0.003498 0.033207 0.052775
v -0.015821 0.030582 0.034247
v -0.024647 0.027208 0.005852
v -0.017607 0.030394 0.053222
v -0.027255 0.008582 -0.026189
v -0.019531 -0.021375 -0.027007
v 0.004806 -0.027348 -0.025797
v -0.000286 -0.027219 -0.029161
v 0.020591 -0.020541 -0.026855
v 0.017689 0.023157 -0.027006
v 0.021382 0.019476 -0.027068
v 0.000299 0.027201 -0.029161
v -0.021310 0.019700 -0.027007
v 0.032413 -0.012123 0.049218
v 0.032237 -0.015148 0.053024
v 0.031522 -0.016153 0.049221
v 0.030551 -0.017239 0.051225
v 0.031005 -0.016774 0.053128
v 0.032561 -0.015308 0.054374
v 0.013669 -0.032578 0.050551
v 0.012189 -0.032685 0.050562
v 0.007984 -0.032770 0.050511
v 0.012593 -0.033670 0.054382
v 0.014106 -0.033227 0.054139
v -0.011718 -0.032655 0.049821
v -0.014953 -0.032367 0.053024
v -0.015954 -0.031645 0.049222
v -0.017038 -0.030665 0.051224
v -0.016574 -0.031123 0.053128
v -0.015110 -0.032692 0.054374
v -0.032352 -0.013646 0.050553
v -0.032463 -0.012158 0.050561
v -0.032431 -0.008439 0.049782
v -0.033441 -0.012561 0.054382
v -0.032996 -0.014083 0.054140
v -0.032376 0.012235 0.049036
v -0.033056 0.013674 0.053736
v -0.032641 0.013712 0.051709
v -0.032234 0.015125 0.053024
v -0.031518 0.016129 0.049222
v -0.030547 0.017216 0.051224
v -0.031002 0.016751 0.053128
v -0.032557 0.015284 0.054374
v -0.014077 0.032060 0.046877
v -0.007979 0.032746 0.050511
v -0.012590 0.033646 0.054382
v -0.014103 0.033203 0.054139
v 0.014956 0.032344 0.053024
v 0.015957 0.031621 0.049221
v 0.017041 0.030642 0.051225
v 0.016578 0.031100 0.053128
v 0.015113 0.032668 0.054374
v 0.032355 0.013622 0.050552
v 0.032559 0.007949 0.050482
v 0.033445 0.012537 0.054382
v 0.032999 0.014060 0.054140
v 0.027292 -0.013825 -0.020549
v 0.027349 -0.011247 -0.025288
v 0.027144 -0.010294 -0.028817
v 0.026647 -0.010143 -0.029891
v 0.024823 -0.010697 -0.030568
v 0.024656 -0.012588 -0.030383
v 0.011514 -0.027366 -0.026160
v 0.015034 -0.027000 -0.023362
v 0.015506 -0.024806 -0.028156
v 0.014585 -0.024827 -0.029361
v -0.014161 -0.026666 -0.026176
v -0.012356 -0.026840 -0.028603
v -0.012744 -0.026262 -0.029217
v -0.027064 -0.001137 -0.029119
v -0.027189 -0.011148 -0.024965
v -0.026874 -0.014224 -0.024694
v -0.026964 -0.012386 -0.027554
v -0.026501 -0.013884 -0.026976
v -0.024535 -0.015936 -0.027614
v -0.024634 -0.014582 -0.029361
v -0.026666 0.014206 -0.026052
v -0.026208 0.013813 -0.027998
v -0.026724 0.012506 -0.028603
v -0.026149 0.012894 -0.029217
v -0.027282 0.010487 -0.022763
v -0.015019 0.026981 -0.023363
v -0.012391 0.027144 -0.027553
v -0.013880 0.026683 -0.026976
v -0.015915 0.024714 -0.027614
v -0.014568 0.024810 -0.029361
v 0.014211 0.026638 -0.026140
v 0.012372 0.026822 -0.028603
v 0.026890 0.014203 -0.024700
v 0.024677 0.015746 -0.027673
v 0.026646 0.012873 -0.028186
v 0.025920 0.013455 -0.028931
v 0.025458 0.012411 -0.030089
v 0.024441 0.012014 -0.030512
v -0.026286 -0.000894 0.003407
v -0.024320 -0.026894 0.000645
v -0.026831 -0.025347 0.005797
v -0.026288 -0.026231 0.004026
v -0.024304 -0.027586 0.011953
v 0.000200 -0.026103 -0.001188
v -0.002457 -0.026292 -0.003779
v 0.022269 -0.026781 -0.000822
v 0.026116 -0.000754 -0.005353
v 0.024327 0.026809 -0.000013
v 0.026556 0.022519 -0.000796
v 0.026835 0.025324 0.005796
v 0.026074 0.026453 0.004214
v -0.000221 0.026080 -0.001251
v 0.002488 0.026272 -0.003828
v -0.022266 0.026758 -0.000823
v 0.030599 -0.017649 0.045331
v -0.018438 -0.026164 -0.018441
v -0.000548 -0.026244 -0.005117
v -0.026813 -0.005760 -0.018197
v -0.025602 -0.020703 -0.014754
v -0.026072 0.018613 -0.018442
v -0.026889 0.018613 0.001591
v -0.027037 0.006615 -0.020850
v -0.006498 0.027017 -0.018750
v -0.020660 0.025797 -0.014760
v 0.018518 0.025954 -0.018863
v 0.018442 0.026960 0.001591
v 0.000553 0.026222 -0.005117
v 0.006016 0.027029 -0.018311
v 0.025233 0.017451 -0.023021
v 0.025778 0.019999 -0.015827
v -0.030595 0.017626 0.045329
v -0.023769 0.003219 -0.030821
v -0.020824 -0.016647 -0.030443
v 0.004916 -0.024094 -0.030799
v -0.005383 -0.023634 -0.030813
v 0.026384 -0.017742 -0.019508
v 0.018872 -0.018981 -0.030391
v 0.013879 -0.022545 -0.030610
v 0.023786 -0.003239 -0.030821
v 0.020840 0.016629 -0.030443
v -0.004899 0.024076 -0.030799
v 0.005400 0.023616 -0.030813
v -0.018856 0.018963 -0.030391
v -0.013862 0.022527 -0.030610
v -0.031714 0.008819 0.044108
v -0.007748 -0.032221 0.046601
v 0.013887 -0.030695 0.035169
v 0.032069 -0.007902 0.046602
v 0.030581 0.013936 0.035990
v 0.007749 0.032197 0.046601
v -0.011257 0.030848 0.037195
v -0.021911 -0.021842 -0.020916
v 0.022074 -0.021878 -0.020796
v 0.018818 -0.025542 -0.019729
v 0.024569 0.021867 -0.014604
v -0.021783 0.022090 -0.020920
v -0.016806 -0.016794 -0.030857
v -0.008411 -0.018403 -0.030937
v -0.021497 -0.000764 -0.030914
v 0.019282 0.011941 -0.030878
v 0.021513 0.000746 -0.030914
v 0.033378 -0.014065 0.054570
v 0.021040 -0.027702 0.054761
v 0.017486 -0.030797 0.054303
v 0.014526 -0.033455 0.054668
v -0.011013 -0.033879 0.054525
v -0.013871 -0.033517 0.054570
v -0.027477 -0.021071 0.054761
v -0.030567 -0.017489 0.054303
v -0.033222 -0.014504 0.054668
v -0.033374 0.014042 0.054570
v -0.021036 0.027679 0.054761
v -0.017482 0.030774 0.054303
v -0.014522 0.033432 0.054668
v 0.011017 0.033856 0.054525
v 0.013875 0.033494 0.054570
v 0.027481 0.021048 0.054761
v 0.030571 0.017465 0.054303
v 0.033225 0.014481 0.054668
v 0.010564 -0.026484 -0.030047
v -0.011910 -0.026397 -0.029679
v -0.026296 -0.010535 -0.030047
v -0.026281 0.012056 -0.029679
v -0.010548 0.026466 -0.030047
v 0.011926 0.026379 -0.029679
v 0.026780 0.010494 -0.029503
v 0.027169 -0.025130 0.005930
v 0.013881 -0.027244 -0.023988
v -0.015110 -0.027303 -0.018645
v -0.009775 -0.027406 -0.023396
v -0.026187 -0.003282 -0.004957
v -0.026983 0.014412 -0.024218
v -0.026739 0.023202 -0.003342
v -0.027196 0.015236 -0.018685
v -0.009776 0.027074 -0.016048
v -0.013865 0.027225 -0.023988
v 0.015121 0.027284 -0.018648
v 0.026016 0.001199 0.000694
v -0.027691 0.023960 0.009761
v -0.031036 0.011816 0.038941
v -0.027129 -0.024420 0.006915
v -0.021418 -0.026472 0.050718
v -0.022973 -0.024888 0.053125
v -0.024538 -0.027315 0.014445
v 0.026396 -0.021627 0.050718
v 0.024822 -0.023187 0.053125
v 0.021420 0.026450 0.050718
v 0.022981 0.024860 0.053125
v 0.024577 0.027428 0.011226
v -0.026390 0.021606 0.050718
v -0.024818 0.023164 0.053125
v -0.026712 -0.006464 -0.029885
v -0.014403 -0.024665 -0.029460
v 0.006518 -0.026890 -0.029885
v 0.027121 -0.010405 -0.017199
v 0.026744 -0.023223 -0.003347
v 0.024342 -0.016099 -0.027814
v 0.023624 -0.015263 -0.029782
v 0.027158 0.011083 -0.027254
v 0.026938 0.007965 -0.029394
v 0.014536 0.024682 -0.029325
v -0.009074 0.027319 -0.026985
v -0.006501 0.026872 -0.029885
v -0.024566 0.014557 -0.029459
v -0.016650 0.022192 -0.029899
v 0.032637 -0.014473 0.053223
v 0.017962 -0.030065 0.051312
v 0.014765 -0.032467 0.051554
v 0.011985 -0.033142 0.052874
v 0.008157 -0.033510 0.053843
v 0.012247 -0.033416 0.053833
v -0.014279 -0.032771 0.053222
v -0.029838 -0.017969 0.051312
v -0.032237 -0.014747 0.051554
v -0.032918 -0.011951 0.052874
v -0.033296 -0.008100 0.053844
v -0.033190 -0.012214 0.053834
v -0.033022 0.010444 0.052556
v -0.032633 0.014450 0.053222
v -0.017958 0.030042 0.051312
v -0.015344 0.031973 0.047769
v -0.014761 0.032443 0.051554
v -0.011981 0.033118 0.052874
v -0.008152 0.033486 0.053843
v -0.012244 0.033392 0.053833
v 0.011123 0.031084 0.038492
v 0.014283 0.032747 0.053222
v 0.029841 0.017946 0.051312
v 0.032241 0.014724 0.051554
v 0.032922 0.011927 0.052874
v 0.033300 0.008077 0.053843
v 0.033193 0.012190 0.053833
v 0.027213 -0.013993 -0.023430
v 0.027283 -0.011326 -0.027353
v 0.027047 -0.012227 -0.027968
v 0.014373 -0.027287 -0.020291
v 0.012280 -0.027218 -0.027449
v 0.012161 -0.026829 -0.028985
v 0.013079 -0.026740 -0.028194
v 0.014252 -0.026388 -0.027228
v -0.013911 -0.027310 -0.023243
v -0.011525 -0.027332 -0.027442
v -0.008445 -0.027386 -0.026977
v -0.009573 -0.027340 -0.028293
v -0.026931 -0.010662 -0.029063
v -0.027082 -0.013918 -0.019037
v -0.027139 -0.011587 -0.026792
v -0.026633 -0.012139 -0.028985
v -0.025421 -0.016517 -0.024602
v -0.027198 0.013975 -0.023429
v -0.027265 0.011301 -0.027378
v -0.027031 0.012212 -0.027964
v -0.027144 0.010394 -0.028704
v -0.014358 0.027268 -0.020293
v -0.011192 0.027330 -0.027124
v -0.012145 0.026811 -0.028985
v -0.016496 0.025606 -0.024599
v 0.015511 0.024508 -0.028311
v 0.013926 0.027292 -0.023243
v 0.011541 0.027314 -0.027442
v 0.009257 0.027345 -0.028143
v 0.027154 0.008502 -0.025685
v 0.027118 0.013801 -0.020504
v 0.027013 0.012140 -0.027733
v 0.026201 0.014222 -0.027241
v 0.024793 0.014360 -0.029422
v 0.026312 0.010517 -0.030047
v -0.026007 -0.000083 -0.003563
v -0.025497 -0.025729 -0.003203
v -0.026260 -0.026013 0.002017
v -0.025059 -0.026430 0.018896
v 0.026832 -0.021238 -0.004173
v 0.025668 -0.025727 -0.003203
v 0.025501 0.025706 -0.003201
v 0.024169 0.027267 0.018599
v 0.025609 0.026838 0.007639
v -0.025664 0.025703 -0.003203
v 0.026674 -0.014901 0.000969
v 0.026654 -0.016181 -0.001374
v 0.027378 -0.024803 0.011228
v 0.027217 -0.024392 0.018600
v 0.001245 -0.026369 0.002745
v 0.021733 -0.026028 -0.011661
v -0.017627 -0.026684 -0.018515
v -0.024876 -0.026294 -0.003004
v -0.005671 -0.027060 -0.018925
v -0.026986 -0.016872 0.005174
v -0.026587 0.017801 -0.018513
v -0.026224 0.025082 -0.003003
v -0.027098 0.014674 0.005090
v -0.000520 0.027040 -0.019538
v 0.017636 0.026664 -0.018521
v 0.024883 0.026271 -0.002998
v -0.027238 0.024745 0.014442
v -0.027003 -0.025101 0.010156
v -0.016242 -0.031219 0.039559
v -0.023756 -0.027773 0.009763
v 0.011377 -0.034209 0.054856
v 0.025048 -0.027238 0.010155
v 0.027007 0.025078 0.010154
v 0.016247 0.031195 0.039554
v 0.014385 0.031305 0.039831
v 0.024902 0.027216 0.005929
v 0.007556 0.030652 0.035398
v -0.011373 0.034186 0.054856
v -0.025044 0.027215 0.010155
v 0.007850 -0.026424 -0.030258
v -0.001892 -0.025411 -0.030666
v 0.027096 -0.005922 -0.021911
v 0.026918 -0.015208 -0.023053
v 0.026228 -0.025107 -0.002999
v -0.007833 0.026406 -0.030258
v 0.001908 0.025393 -0.030666
v 0.033904 -0.013356 0.054832
v -0.012949 -0.034084 0.054859
v -0.033900 0.013333 0.054832
v 0.012952 0.034061 0.054858
v -0.025031 -0.023728 0.054873
v -0.001005 -0.034372 0.054878
v 0.023674 -0.025252 0.054873
v 0.025033 0.023705 0.054873
v 0.001010 0.034348 0.054878
v -0.023672 0.025227 0.054873
v 0.033747 -0.013941 0.054830
v 0.016221 -0.032527 0.054843
v -0.011762 -0.034231 0.054848
v -0.013747 -0.033889 0.054830
v -0.032293 -0.016212 0.054843
v -0.033744 0.013918 0.054830
v -0.016218 0.032504 0.054843
v 0.011766 0.034207 0.054848
v 0.013751 0.033865 0.054830
v 0.032296 0.016189 0.054843
v 0.034182 -0.007814 0.054888
v -0.034179 0.007790 0.054888
v 0.014166 -0.033806 0.054829
v -0.033572 -0.014141 0.054829
v -0.014163 0.033783 0.054829
v 0.033576 0.014118 0.054829
v -0.034168 -0.001341 0.054877
v -0.034074 -0.008552 0.054872
v 0.034172 0.001319 0.054877
v 0.034077 0.008529 0.054872
v 0.031442 0.012910 -0.051975
v 0.013515 -0.033487 0.021290
v -0.033257 -0.013488 0.021292
v -0.013512 0.033464 0.021292
v 0.013073 -0.031642 -0.051952
v -0.012963 -0.031594 -0.051954
v -0.031425 -0.012928 -0.051975
v -0.031439 0.013085 -0.051971
v -0.013056 0.031624 -0.051952
v 0.012980 0.031576 -0.051954
v -0.031434 0.006229 0.007271
v -0.006105 -0.031591 0.007271
v 0.032900 0.000716 0.018061
v 0.006109 0.031568 0.007271
v 0.035256 -0.013009 -0.042075
v -0.010064 -0.034169 -0.033280
v -0.034008 0.010223 -0.033280
v 0.010078 0.034150 -0.033283
v -0.029131 0.005504 0.000515
v -0.029395 -0.026252 0.000347
v -0.028364 -0.029420 -0.002357
v -0.005392 -0.029279 0.000515
v 0.026200 -0.029647 0.000347
v 0.029348 -0.028622 -0.002350
v 0.029717 -0.026092 0.000228
v 0.029399 0.026228 0.000347
v 0.028369 0.029396 -0.002351
v 0.005396 0.029255 0.000514
v -0.026197 0.029623 0.000347
v -0.029345 0.028597 -0.002356
v -0.012827 0.030654 -0.054095
v 0.012844 -0.030672 -0.054096
v -0.014287 -0.035898 0.051093
v 0.013900 0.035851 0.050718
v 0.022070 -0.024266 -0.054310
v -0.034699 -0.003543 0.032037
v 0.003700 -0.034949 0.032455
v -0.003696 0.034926 0.032455
v 0.030254 -0.012530 -0.054292
v -0.034037 0.019026 0.043390
v 0.035095 -0.015937 -0.038852
v 0.018500 -0.034347 -0.041746
v 0.020236 -0.029454 -0.050703
v -0.015725 -0.035229 -0.038857
v -0.029219 -0.020248 -0.050703
v -0.035080 0.015919 -0.038855
v -0.018484 0.034329 -0.041748
v -0.020219 0.029437 -0.050703
v 0.015740 0.035210 -0.038855
v 0.029234 0.020232 -0.050703
v -0.030900 0.001497 0.010947
v -0.029848 0.004860 0.002377
v -0.018988 -0.030321 -0.002418
v -0.001399 -0.031069 0.010945
v -0.004748 -0.030002 0.002377
v 0.030144 -0.018769 -0.002106
v 0.030903 -0.001520 0.010946
v 0.018992 0.030297 -0.002418
v 0.001403 0.031046 0.010945
v 0.004752 0.029978 0.002377
v -0.030211 0.019174 -0.002418
v -0.032851 -0.009838 0.016534
v 0.011555 -0.033615 0.022495
v -0.011551 0.033592 0.022496
v 0.007900 -0.036163 0.050353
v 0.012888 -0.034666 0.038835
v -0.016609 -0.034883 0.040135
v -0.035949 -0.007834 0.050685
v -0.034431 -0.012853 0.038834
v -0.034857 0.016563 0.041220
v -0.008411 0.036161 0.051154
v -0.012884 0.034643 0.038836
v 0.019320 0.032446 0.052137
v 0.016690 0.034885 0.040545
v 0.035972 0.005585 0.049782
v 0.017112 -0.035003 -0.038926
v 0.010002 -0.034937 -0.050585
v 0.025026 -0.027356 -0.045824
v -0.034749 -0.017090 -0.038927
v -0.034706 -0.009941 -0.050586
v -0.017097 0.034984 -0.038927
v -0.009984 0.034919 -0.050586
v -0.025007 0.027341 -0.045824
v 0.034797 0.017059 -0.039397
v 0.031451 0.001902 0.013034
v 0.035664 -0.013652 0.049758
v -0.014067 -0.035528 0.054494
v -0.035577 -0.014503 0.051179
v -0.035456 0.014097 0.054442
v -0.014529 0.035800 0.051179
v -0.015791 -0.035145 -0.048089
v -0.034147 -0.017022 -0.048278
v 0.035485 0.013947 -0.046096
v -0.015474 -0.032938 -0.014876
v -0.032802 0.015654 -0.014876
v 0.015483 0.032916 -0.014877
v -0.032621 -0.012213 0.014362
v 0.012169 -0.032836 0.014264
v 0.032625 0.012190 0.014362
v -0.012166 0.032813 0.014264
v 0.032748 -0.012001 -0.012308
v 0.021353 -0.028635 0.054952
v -0.019962 0.030197 0.054916
v -0.012592 -0.035946 -0.047639
v -0.035719 0.013414 -0.047108
v 0.013248 0.035862 -0.047107
v 0.034917 0.015146 -0.049246
v 0.028723 -0.028354 0.017168
v 0.033904 -0.013356 0.054832
v -0.033900 0.013333 0.054832
v 0.013168 0.034025 0.054832
v 0.000512 -0.036133 -0.044088
v 0.013463 -0.035772 0.054320
v 0.014231 0.035931 0.052704
v 0.034027 0.018601 -0.041391
v 0.034787 0.016693 -0.046720
v -0.028112 -0.000414 0.001329
v 0.000492 -0.028274 0.001329
v 0.028116 0.000391 0.001329
v -0.000489 0.028250 0.001328
v -0.005075 -0.031874 -0.018172
v -0.031711 0.005198 -0.018178
v 0.008711 0.034796 -0.035789
v 0.005083 0.031853 -0.018172
v 0.034199 0.011622 0.038359
v 0.034660 -0.008871 -0.035788
v 0.031961 -0.005361 -0.019283
v -0.034186 0.007790 0.054868
v 0.034190 -0.007815 0.054868
v 0.007654 0.034330 0.054868
v 0.034677 -0.013583 0.054984
v 0.018574 -0.027622 -0.053932
v -0.006207 -0.032676 -0.053931
v -0.032502 0.006383 -0.053932
v -0.018558 0.027604 -0.053932
v 0.032519 -0.006400 -0.053932
v 0.033901 -0.012120 0.027497
v 0.031790 -0.014381 0.008528
v 0.032744 -0.013291 0.014567
v -0.036050 0.005125 0.049938
v 0.012941 -0.033142 -0.015082
v -0.013443 -0.032637 -0.011186
v -0.013322 -0.033575 -0.018721
v -0.017332 -0.034121 -0.028516
v -0.032914 -0.012908 -0.015083
v -0.032496 0.013611 -0.011186
v -0.033428 0.013494 -0.018722
v -0.033984 0.017528 -0.028517
v -0.012932 0.033120 -0.015083
v 0.013450 0.032615 -0.011186
v 0.013332 0.033554 -0.018723
v 0.017344 0.034101 -0.028515
v 0.032922 0.012887 -0.015083
v -0.031786 0.014357 0.008528
v -0.032740 0.013267 0.014567
v -0.033455 -0.018355 0.029432
v -0.031911 -0.011265 0.009182
v -0.028568 -0.025797 0.036471
v -0.014190 -0.031919 0.008528
v -0.013103 -0.032882 0.014567
v -0.002360 -0.035347 0.035499
v -0.000778 -0.033336 0.019475
v 0.008821 -0.035421 0.043066
v 0.018357 -0.033702 0.029437
v 0.011403 -0.032103 0.009071
v 0.020624 -0.030889 0.006794
v 0.035184 -0.002636 0.035797
v 0.033156 -0.000902 0.019475
v 0.035719 0.008392 0.047790
v 0.036065 -0.006230 0.050603
v 0.033258 0.013444 0.021207
v 0.034010 0.018256 0.035629
v 0.031915 0.011241 0.009182
v 0.019215 0.033396 0.047289
v 0.014194 0.031896 0.008528
v 0.013106 0.032859 0.014568
v 0.002364 0.035324 0.035499
v 0.000781 0.033313 0.019475
v -0.007501 0.035661 0.044073
v -0.018354 0.033679 0.029435
v -0.011399 0.032080 0.009071
v -0.020620 0.030866 0.006794
v -0.032698 0.020584 0.043576
v -0.025741 0.028790 0.036474
v -0.028257 -0.028972 -0.009932
v 0.004859 -0.035897 -0.041503
v 0.003237 -0.034899 -0.029106
v 0.033440 -0.013521 -0.018751
v 0.034360 -0.017778 -0.032785
v 0.032005 -0.011044 -0.007610
v 0.032608 -0.015397 -0.013092
v 0.028263 0.028949 -0.009917
v 0.028368 -0.018893 -0.051798
v 0.023680 -0.023599 -0.052658
v 0.027816 -0.018578 -0.052672
v 0.031456 -0.013103 -0.051971
v 0.019413 -0.028157 -0.051754
v 0.018747 -0.027769 -0.052686
v 0.027653 -0.018423 -0.053921
v 0.030875 -0.012741 -0.052853
v 0.006833 -0.033464 -0.051798
v 0.000206 -0.033460 -0.052656
v 0.006674 -0.032861 -0.052672
v -0.007877 -0.033308 -0.051795
v -0.006228 -0.032893 -0.052683
v 0.006664 -0.032638 -0.053921
v -0.018687 -0.028456 -0.051798
v -0.023384 -0.023728 -0.052658
v -0.018375 -0.027903 -0.052672
v -0.027931 -0.019425 -0.051754
v -0.027547 -0.018757 -0.052685
v -0.018219 -0.027740 -0.053921
v -0.033252 -0.006762 -0.051798
v -0.033268 -0.000101 -0.052655
v -0.032652 -0.006604 -0.052672
v -0.033144 0.006482 -0.051995
v -0.032668 0.006412 -0.052884
v -0.032441 -0.006556 -0.053910
v -0.028351 0.018875 -0.051798
v -0.023663 0.023581 -0.052658
v -0.027800 0.018560 -0.052672
v -0.019396 0.028139 -0.051754
v -0.018731 0.027751 -0.052686
v -0.027616 0.018435 -0.053921
v -0.006816 0.033446 -0.051798
v -0.000190 0.033442 -0.052655
v -0.006657 0.032843 -0.052672
v 0.007894 0.033290 -0.051795
v 0.006245 0.032875 -0.052683
v -0.006648 0.032620 -0.053921
v 0.018704 0.028438 -0.051798
v 0.023400 0.023710 -0.052658
v 0.018392 0.027885 -0.052672
v 0.027948 0.019407 -0.051754
v 0.027564 0.018739 -0.052685
v 0.018238 0.027721 -0.053921
v 0.033268 0.006744 -0.051798
v 0.033285 0.000082 -0.052655
v 0.032668 0.006586 -0.052672
v 0.033161 -0.006500 -0.051995
v 0.032685 -0.006431 -0.052884
v 0.032447 0.006577 -0.053921
v 0.025223 0.000380 -0.054940
v -0.002266 0.027327 -0.054898
v 0.017741 0.016285 -0.054959
v -0.005560 -0.035153 0.054985
v 0.013617 -0.034795 0.054987
v 0.016050 -0.034089 0.054850
v 0.016101 -0.034621 0.054488
v 0.014743 -0.035808 0.053397
v 0.018128 -0.032970 0.054331
v -0.034179 -0.015687 0.054838
v -0.034376 -0.016083 0.054488
v -0.034673 0.013560 0.054984
v -0.035673 0.012601 0.054484
v -0.035585 0.014557 0.053891
v -0.035845 0.005326 0.054348
v -0.015569 0.034435 0.054854
v -0.016097 0.034598 0.054488
v -0.018124 0.032946 0.054331
v 0.014106 0.034707 0.054956
v 0.015234 0.035302 0.053995
v 0.005040 0.036008 0.054342
v 0.035054 0.008629 0.041861
v 0.035940 0.010808 0.052901
v 0.035752 0.011431 0.054172
v 0.035394 -0.012522 -0.049684
v 0.030040 -0.020051 -0.050305
v 0.018821 -0.032813 -0.048225
v -0.009526 -0.035911 -0.049050
v -0.008704 -0.036060 -0.048147
v -0.032360 -0.018618 -0.049028
v -0.032362 -0.019107 -0.048004
v -0.035799 0.007815 -0.044008
v -0.035738 0.009690 -0.049050
v -0.035913 0.009259 -0.047720
v -0.018805 0.032795 -0.048225
v 0.007577 0.035944 -0.043757
v 0.009543 0.035893 -0.049050
v 0.009112 0.036070 -0.047720
v 0.033751 0.016357 -0.049816
v -0.031848 0.001213 0.013871
v -0.030058 0.002079 0.009339
v -0.027566 -0.029615 0.014391
v -0.001114 -0.032024 0.013870
v -0.001981 -0.030222 0.009338
v 0.028689 -0.002465 0.000653
v 0.027819 0.029408 0.014006
v 0.026056 0.030743 0.010348
v 0.001118 0.032000 0.013870
v 0.001985 0.030199 0.009339
v -0.029536 0.027796 0.014391
v 0.034022 -0.012622 0.054841
v 0.014169 -0.033807 0.054826
v -0.033568 -0.014142 0.054841
v -0.034019 0.012598 0.054841
v -0.014165 0.033783 0.054826
v 0.012437 0.034146 0.054841
v 0.033572 0.014118 0.054841
v 0.030712 -0.019983 0.005578
v 0.029533 -0.014074 0.000653
v 0.029108 -0.005306 0.000674
v 0.031352 -0.004645 0.011114
v 0.033142 -0.008647 0.028357
v -0.036018 0.005062 0.053803
v -0.030475 0.003223 0.012005
v 0.005502 -0.029219 0.000680
v 0.007162 -0.031225 -0.004328
v 0.006052 -0.032031 -0.012739
v 0.014327 -0.034976 -0.036663
v -0.022833 -0.029959 -0.001343
v -0.019776 -0.030962 -0.005510
v -0.020505 -0.032859 -0.020626
v -0.028349 -0.029370 -0.000115
v -0.021658 -0.032725 -0.022123
v -0.009406 -0.033601 -0.022712
v -0.002763 -0.030529 -0.010197
v -0.029036 -0.005446 0.000680
v -0.031026 -0.007108 -0.004328
v -0.031831 -0.005988 -0.012739
v -0.034732 -0.014291 -0.036663
v -0.029864 0.023039 -0.001343
v -0.030851 0.019970 -0.005511
v -0.032739 0.020711 -0.020627
v -0.029295 0.028581 -0.000115
v -0.032610 0.021870 -0.022126
v -0.033441 0.009558 -0.022714
v -0.030365 0.002866 -0.010194
v -0.005498 0.029196 0.000680
v -0.007157 0.031202 -0.004328
v -0.006044 0.032009 -0.012739
v -0.014312 0.034957 -0.036662
v 0.022837 0.029936 -0.001343
v 0.019782 0.030939 -0.005510
v 0.020514 0.032838 -0.020627
v 0.028359 0.029344 -0.000120
v 0.021664 0.032706 -0.022134
v 0.009417 0.033580 -0.022712
v 0.002769 0.030507 -0.010197
v 0.029040 0.005423 0.000680
v 0.031031 0.007085 -0.004328
v 0.031838 0.005966 -0.012740
v 0.034747 0.014273 -0.036665
v -0.032094 -0.021906 0.020059
v -0.030066 -0.026678 0.007164
v -0.032309 -0.022581 0.024970
v -0.033665 -0.019842 0.038638
v -0.034969 -0.015586 0.043989
v -0.020920 -0.033332 0.032848
v -0.029299 -0.021973 0.053835
v -0.006692 -0.032559 0.018391
v -0.007874 -0.036279 0.052195
v 0.021886 -0.032345 0.020058
v 0.026627 -0.030322 0.007162
v 0.022558 -0.032564 0.024968
v 0.019838 -0.033918 0.038637
v 0.015608 -0.035215 0.043989
v 0.021944 -0.029536 0.053835
v 0.030176 0.002701 0.010411
v 0.036016 -0.005046 0.053829
v 0.032097 0.021884 0.020056
v 0.030070 0.026655 0.007162
v 0.032312 0.022559 0.024963
v 0.034445 0.018155 0.042811
v 0.029303 0.021950 0.053835
v 0.006696 0.032535 0.018390
v 0.004933 0.036180 0.053803
v -0.021883 0.032322 0.020058
v -0.026624 0.030299 0.007162
v -0.022555 0.032540 0.024966
v -0.019834 0.033895 0.038639
v -0.015604 0.035192 0.043989
v -0.021939 0.029514 0.053835
v -0.035737 0.001199 -0.049213
v -0.035641 -0.008379 -0.049127
v -0.027761 -0.024396 -0.045903
v -0.022986 -0.027848 -0.049489
v -0.025188 -0.026413 -0.047930
v -0.001077 -0.035937 -0.049212
v 0.008452 -0.035871 -0.049127
v 0.033452 -0.009579 -0.022711
v 0.033387 -0.008807 -0.028918
v 0.030374 -0.002893 -0.010208
v 0.032688 -0.021687 -0.022235
v 0.035753 -0.001220 -0.049213
v 0.025384 0.026543 -0.046871
v 0.001095 0.035919 -0.049212
v -0.008434 0.035853 -0.049127
v -0.014800 -0.034295 0.054980
v -0.012727 -0.034591 0.054971
v 0.034346 -0.012590 0.054935
v 0.034546 0.013680 0.054988
v 0.014450 0.033908 0.054940
v 0.012631 0.034777 0.054991
v -0.013549 0.034780 0.054988
v 0.035955 -0.012980 0.052629
v 0.035986 -0.010188 0.050973
v 0.035691 -0.012542 0.054467
v 0.035848 -0.005349 0.054348
v 0.011739 -0.034543 0.039725
v 0.016599 -0.035335 0.049854
v 0.020882 -0.032251 0.046111
v -0.015342 -0.035628 0.052730
v -0.014551 -0.035273 0.043498
v -0.035661 -0.011692 0.054333
v -0.035419 -0.015510 0.052216
v -0.034313 -0.011699 0.039726
v -0.035085 -0.016582 0.049853
v -0.033212 -0.019273 0.048564
v -0.034357 0.012457 0.035215
v -0.035124 0.014731 0.043498
v -0.015530 0.035644 0.052216
v -0.011736 0.034520 0.039726
v -0.016595 0.035312 0.049854
v -0.019265 0.033438 0.048564
v 0.014555 0.035250 0.043500
v 0.035118 0.015776 0.045866
v 0.034149 0.016791 0.054025
v 0.032731 0.018103 0.054331
v 0.013289 -0.035835 -0.047551
v 0.012845 -0.035649 -0.049223
v 0.012638 -0.034781 -0.050464
v -0.015438 -0.035534 -0.046799
v -0.013299 -0.035475 -0.049594
v -0.019833 -0.030133 -0.050305
v -0.035590 -0.013243 -0.047551
v -0.035406 -0.012798 -0.049222
v -0.033735 -0.016375 -0.049816
v -0.034542 -0.012593 -0.050464
v -0.035382 0.015632 -0.046799
v -0.035316 0.013482 -0.049594
v -0.030023 0.020033 -0.050305
v -0.013272 0.035817 -0.047551
v -0.012890 0.035640 -0.049180
v -0.012621 0.034763 -0.050464
v 0.015455 0.035515 -0.046799
v 0.013316 0.035457 -0.049594
v 0.019850 0.030115 -0.050305
v 0.035584 0.013460 -0.048007
v 0.035756 0.010714 -0.046927
v -0.028709 0.000764 0.003315
v -0.031177 0.004700 0.007903
v -0.030529 0.005208 0.004112
v -0.029731 0.003069 0.002916
v -0.029318 0.006874 0.000936
v -0.029336 0.001884 -0.002205
v -0.030898 -0.003717 -0.012989
v -0.028301 -0.001115 0.000124
v -0.027913 -0.000132 0.000507
v -0.028631 -0.002523 0.000653
v -0.031062 -0.007077 0.005605
v -0.031169 -0.016938 0.007502
v -0.028910 -0.028869 0.000054
v -0.021953 -0.030136 0.002953
v -0.000678 -0.028870 0.003315
v -0.005091 -0.030685 0.004111
v -0.002967 -0.029890 0.002916
v -0.006753 -0.029463 0.000936
v -0.001789 -0.029498 -0.002205
v 0.003790 -0.031085 -0.012989
v 0.001191 -0.028467 0.000124
v 0.000211 -0.028073 0.000507
v 0.002593 -0.028802 0.000653
v 0.028803 -0.029167 0.000050
v 0.030564 -0.019246 -0.003850
v 0.029341 -0.001907 -0.002205
v 0.031094 -0.000910 -0.009675
v 0.030902 0.003690 -0.012972
v 0.028305 0.001092 0.000124
v 0.027917 0.000108 0.000509
v 0.028634 0.002500 0.000654
v 0.031066 0.007054 0.005605
v 0.031852 -0.001237 0.013871
v 0.030518 -0.003064 0.012311
v 0.031173 0.016911 0.007503
v 0.028913 0.028846 0.000046
v 0.021958 0.030113 0.002953
v 0.000682 0.028847 0.003315
v 0.005096 0.030662 0.004112
v 0.002971 0.029867 0.002916
v 0.006757 0.029440 0.000936
v 0.001794 0.029474 -0.002205
v -0.003783 0.031063 -0.012990
v -0.001187 0.028443 0.000124
v -0.000207 0.028049 0.000507
v -0.002589 0.028778 0.000653
v -0.028799 0.029143 0.000049
v -0.030037 0.022155 0.002953
v -0.032398 0.006822 0.018391
v 0.010337 -0.031278 0.005281
v -0.004025 -0.033593 -0.022839
v -0.033416 0.004148 -0.022838
v -0.010334 0.031254 0.005282
v 0.004034 0.033572 -0.022840
v 0.033337 0.009797 0.026095
v -0.034795 -0.000953 -0.050910
v -0.023239 -0.026507 -0.050648
v 0.001060 -0.034997 -0.050909
v 0.033426 -0.004169 -0.022840
v 0.032670 -0.021959 -0.027749
v 0.032828 -0.021205 -0.033360
v 0.026009 -0.023254 -0.051040
v 0.034811 0.000935 -0.050910
v 0.023049 0.026053 -0.051040
v -0.001043 0.034979 -0.050909
v -0.025993 0.023236 -0.051040
v 0.023545 -0.023456 -0.053944
v 0.030699 -0.012663 -0.053917
v -0.032385 0.004494 -0.054300
v -0.000194 0.033247 -0.053944
v 0.023258 0.023575 -0.053944
v 0.033091 0.000087 -0.053944
v 0.033225 -0.019884 0.026753
v 0.033463 -0.011883 0.021376
v 0.033138 -0.009374 0.019191
v -0.035287 -0.001651 0.036581
v -0.033823 0.001043 0.023470
v -0.032921 0.000532 0.018153
v 0.008115 -0.032179 -0.008393
v 0.010066 -0.033430 -0.018605
v 0.019462 -0.033166 -0.022445
v -0.009935 -0.032191 -0.007728
v -0.012671 -0.031787 -0.006324
v -0.010284 -0.033611 -0.019266
v -0.009664 -0.033001 -0.013065
v -0.031972 -0.008063 -0.008393
v -0.033209 -0.010017 -0.018604
v -0.032916 -0.019463 -0.022445
v -0.032042 0.010082 -0.007729
v -0.031649 0.012831 -0.006324
v -0.033454 0.010440 -0.019265
v -0.032847 0.009814 -0.013065
v -0.008109 0.032156 -0.008393
v -0.010057 0.033409 -0.018607
v -0.019452 0.033145 -0.022445
v 0.009940 0.032168 -0.007729
v 0.012676 0.031764 -0.006325
v 0.010294 0.033590 -0.019267
v 0.009671 0.032979 -0.013065
v 0.031978 0.008040 -0.008393
v 0.033219 0.009997 -0.018608
v 0.032927 0.019442 -0.022447
v -0.033221 0.019860 0.026754
v -0.033557 0.012511 0.022645
v -0.032777 0.009059 0.014785
v -0.033433 -0.011838 0.023057
v -0.031900 -0.007978 0.009478
v -0.032702 -0.015747 0.017619
v -0.019981 -0.033366 0.027522
v -0.012348 -0.033706 0.022645
v -0.008906 -0.032931 0.014778
v 0.009655 -0.032960 0.015657
v 0.008099 -0.032126 0.009562
v 0.015761 -0.032937 0.017620
v 0.033366 0.011382 0.022168
v 0.032732 0.009581 0.015471
v 0.031904 0.007955 0.009478
v 0.032706 0.015724 0.017621
v 0.019985 0.033342 0.027521
v 0.012352 0.033683 0.022646
v 0.008909 0.032908 0.014778
v -0.009652 0.032937 0.015658
v -0.008095 0.032103 0.009562
v -0.015757 0.032914 0.017620
v -0.035018 -0.000844 -0.030844
v -0.035499 0.000235 -0.036644
v -0.033337 -0.019426 -0.041601
v -0.000360 -0.035441 -0.033086
v 0.000137 -0.033566 -0.018977
v 0.033476 -0.010487 -0.019407
v 0.033110 -0.016064 -0.017959
v 0.032841 -0.009410 -0.013332
v 0.031958 -0.007741 -0.007812
v 0.030413 -0.025123 -0.023734
v 0.035030 0.000824 -0.030845
v 0.035554 0.009401 -0.043359
v 0.035513 -0.000255 -0.036650
v -0.000936 0.035200 -0.030845
v 0.000136 0.035681 -0.036648
v -0.030403 0.025103 -0.023730
v 0.030026 -0.016042 -0.051949
v 0.012964 -0.030904 -0.052868
v 0.029330 -0.015542 -0.053960
v 0.009956 -0.032651 -0.051952
v -0.012536 -0.031009 -0.052839
v -0.012463 -0.030823 -0.053932
v 0.009801 -0.031824 -0.053960
v -0.015900 -0.030089 -0.051955
v -0.030685 -0.012963 -0.052851
v -0.030522 -0.012846 -0.053930
v -0.015424 -0.029394 -0.053960
v -0.032433 -0.009904 -0.051952
v -0.030858 0.012723 -0.052853
v -0.030672 0.012660 -0.053932
v -0.031625 -0.009711 -0.053956
v -0.030009 0.016024 -0.051949
v -0.012947 0.030886 -0.052868
v -0.029293 0.015565 -0.053959
v -0.009940 0.032633 -0.051952
v 0.012553 0.030990 -0.052839
v 0.012498 0.030801 -0.053917
v -0.009785 0.031806 -0.053960
v 0.015916 0.030071 -0.051955
v 0.030701 0.012945 -0.052851
v 0.030542 0.012828 -0.053917
v 0.015441 0.029376 -0.053960
v 0.032450 0.009886 -0.051952
v 0.031627 0.009733 -0.053960
v -0.005602 -0.026993 -0.054866
v -0.020876 -0.021726 -0.054778
v 0.000615 -0.023961 -0.054962
v -0.016946 0.017440 -0.054957
v -0.021341 0.021525 -0.054742
v 0.028076 0.012865 -0.054688
v -0.034977 0.005067 0.054984
v -0.028848 -0.021324 0.054847
v 0.035066 -0.004677 0.054960
v 0.004529 0.035221 0.054960
v 0.033313 -0.020944 0.033198
v 0.035148 -0.016767 0.048507
v 0.035529 -0.015382 0.052882
v 0.032162 -0.019900 0.051458
v 0.014527 -0.035332 0.054646
v 0.015726 -0.035527 0.052850
v -0.012815 -0.035739 0.054552
v -0.009741 -0.036200 0.053554
v -0.035620 -0.014389 0.053446
v -0.014416 0.035842 0.053445
v 0.012456 0.035809 0.054479
v 0.014894 0.035691 0.053206
v 0.035739 0.011898 0.050756
v 0.035526 0.015006 0.052975
v 0.035569 -0.013766 -0.048850
v 0.034694 -0.015990 -0.048914
v -0.008794 -0.036060 -0.045798
v 0.033352 0.015369 -0.050574
v 0.034268 0.015110 -0.050019
v 0.034723 0.009923 -0.050585
v 0.034853 0.013185 -0.050092
v -0.032931 -0.000966 0.018379
v -0.028098 0.000158 0.001389
v -0.031448 -0.001926 0.013035
v -0.027312 -0.030156 0.010094
v 0.000832 -0.033084 0.018062
v -0.000076 -0.028258 0.001389
v 0.002007 -0.031632 0.013034
v 0.029571 -0.028521 0.007002
v 0.032079 -0.007294 0.010377
v 0.028334 -0.000619 0.001454
v 0.027316 0.030133 0.010094
v -0.000828 0.033060 0.018062
v 0.000080 0.028234 0.001389
v -0.002003 0.031608 0.013034
v -0.030074 0.027542 0.010095
v 0.029891 -0.016872 0.001994
v 0.032869 -0.008014 0.020467
v 0.034062 -0.011348 0.032222
v -0.032969 0.007859 0.029030
v -0.032904 -0.008265 0.029279
v -0.034522 -0.010980 0.041418
v 0.005452 -0.030159 -0.001705
v 0.008259 -0.032970 -0.017829
v 0.012375 -0.035226 -0.041530
v -0.006603 -0.030500 -0.002092
v -0.025848 -0.029799 0.000228
v -0.013571 -0.034254 -0.026559
v -0.003852 -0.031109 -0.007915
v -0.007279 -0.032806 -0.017701
v -0.029972 -0.005393 -0.001705
v -0.032757 -0.008201 -0.017827
v -0.034987 -0.012328 -0.041531
v -0.030350 0.006726 -0.002092
v -0.029714 0.026069 0.000228
v -0.033326 0.020700 -0.029955
v -0.034104 0.013749 -0.026560
v -0.030945 0.003964 -0.007914
v -0.032644 0.007417 -0.017700
v -0.005448 0.030136 -0.001705
v -0.008250 0.032949 -0.017830
v -0.012359 0.035207 -0.041531
v 0.006607 0.030477 -0.002093
v 0.025851 0.029775 0.000228
v 0.020442 0.033456 -0.030265
v 0.013584 0.034234 -0.026560
v 0.003858 0.031086 -0.007915
v 0.007289 0.032785 -0.017700
v 0.029976 0.005370 -0.001705
v 0.032767 0.008180 -0.017827
v 0.032683 0.007721 -0.024913
v 0.035071 0.013017 -0.041903
v -0.034655 -0.017152 0.041926
v -0.004586 -0.031338 0.007903
v -0.007724 -0.033131 0.029037
v -0.012292 -0.034510 0.035215
v 0.006421 -0.032131 0.022032
v 0.017165 -0.034905 0.041926
v 0.034503 0.004240 0.031298
v 0.034100 0.014330 0.032834
v 0.020924 0.033308 0.032845
v 0.004589 0.031315 0.007903
v 0.007727 0.033107 0.029034
v 0.012296 0.034486 0.035215
v -0.008315 0.033093 0.029282
v -0.011021 0.034728 0.041419
v -0.017161 0.034881 0.041925
v -0.026412 -0.026639 -0.040925
v 0.030951 -0.003987 -0.007915
v 0.032653 -0.007438 -0.017700
v 0.034117 -0.013770 -0.026563
v 0.025003 -0.025632 -0.049993
v 0.032593 -0.018106 -0.049496
v 0.025418 0.025034 -0.049993
v 0.017908 0.032686 -0.049496
v -0.024986 0.025614 -0.049993
v -0.032574 0.018089 -0.049496
v 0.035498 -0.014030 0.054459
v 0.013461 -0.035954 0.053731
v 0.011719 -0.035423 0.046206
v 0.014685 -0.035810 0.051248
v 0.013178 -0.034394 0.033973
v 0.021873 -0.032687 0.035260
v -0.016611 -0.034249 0.054105
v -0.016554 -0.035288 0.048517
v -0.034159 -0.013145 0.033971
v -0.034096 0.016814 0.054109
v -0.035144 0.016743 0.048518
v -0.033212 0.021128 0.032842
v -0.012781 0.035730 0.054480
v -0.013174 0.034370 0.033972
v 0.016615 0.034226 0.054105
v 0.017772 0.033498 0.053545
v 0.016036 0.035104 0.053116
v 0.016054 0.035455 0.050422
v 0.034517 0.017710 0.048377
v 0.034589 0.016789 0.052848
v 0.034400 0.015558 0.054767
v 0.035796 -0.012706 -0.047920
v 0.015414 -0.033576 -0.050574
v -0.017258 -0.034713 -0.044923
v -0.013904 -0.035683 -0.048778
v -0.014460 -0.034618 -0.050110
v -0.033335 -0.015387 -0.050574
v -0.034252 -0.015127 -0.050020
v -0.034536 0.017467 -0.045111
v -0.034676 0.015975 -0.048913
v -0.035526 0.014091 -0.048778
v -0.034446 0.013437 -0.050481
v -0.015397 0.033558 -0.050574
v 0.017274 0.034694 -0.044922
v 0.015797 0.034805 -0.048913
v 0.013920 0.035665 -0.048778
v 0.013273 0.034582 -0.050481
v 0.034597 0.017683 -0.041487
v 0.035145 0.016240 -0.045247
v -0.031113 0.004222 0.010112
v -0.030117 0.002727 0.006104
v -0.031916 -0.002456 -0.014152
v -0.032829 0.000742 -0.016458
v -0.028082 -0.000412 -0.000315
v -0.030278 -0.006974 0.003141
v -0.030013 -0.020324 0.003623
v -0.029311 -0.027847 0.001760
v -0.002625 -0.030279 0.006103
v 0.002538 -0.032105 -0.014153
v 0.000490 -0.028243 -0.000314
v 0.005158 -0.029977 0.002385
v 0.007389 -0.031490 0.006524
v 0.027787 -0.029568 0.001760
v 0.029868 -0.023063 -0.001343
v 0.030354 -0.006749 -0.002093
v 0.029387 -0.001650 -0.005145
v 0.031423 -0.001814 -0.011818
v 0.032798 -0.000727 -0.016252
v 0.031900 0.002423 -0.014056
v 0.030292 0.000766 -0.007019
v 0.028083 0.000387 -0.000301
v 0.030281 0.006950 0.003140
v 0.030017 0.020300 0.003623
v 0.029315 0.027823 0.001761
v 0.002629 0.030255 0.006104
v -0.002531 0.032083 -0.014153
v 0.000647 0.032991 -0.016458
v -0.000486 0.028220 -0.000314
v -0.005154 0.029954 0.002385
v -0.007385 0.031467 0.006524
v -0.027783 0.029544 0.001760
v 0.017085 0.031910 0.054965
v 0.029813 -0.014144 -0.000772
v 0.033695 -0.003299 0.024821
v 0.033952 -0.008465 0.034888
v -0.032131 0.006427 0.022016
v -0.033242 -0.009732 0.023400
v -0.033273 -0.009462 0.029572
v 0.020425 -0.030181 0.003340
v 0.008424 -0.030550 0.003270
v 0.016728 -0.029896 0.001896
v 0.007832 -0.033508 -0.028046
v -0.013893 -0.029652 0.000653
v -0.016675 -0.030003 0.001994
v -0.002397 -0.032494 -0.015907
v -0.029736 -0.015290 0.002002
v -0.033293 -0.007770 -0.028047
v -0.029530 0.014052 0.000653
v -0.029888 0.016848 0.001994
v -0.032040 0.023015 -0.025469
v -0.032318 0.002507 -0.015906
v -0.020422 0.030158 0.003341
v -0.008420 0.030526 0.003269
v -0.016723 0.029873 0.001896
v -0.007820 0.033487 -0.028046
v 0.013898 0.029629 0.000653
v 0.016678 0.029980 0.001994
v 0.002404 0.032472 -0.015907
v 0.029740 0.015265 0.002002
v 0.033304 0.007749 -0.028045
v -0.003160 -0.033871 0.024822
v 0.009779 -0.033460 0.023401
v 0.009511 -0.033491 0.029574
v 0.033076 0.008944 0.027749
v 0.030443 0.025497 0.023870
v 0.003164 0.033847 0.024821
v -0.009775 0.033437 0.023400
v -0.009507 0.033467 0.029575
v 0.032326 -0.002528 -0.015906
v -0.034342 0.012567 0.054935
v 0.017121 -0.028057 -0.054299
v 0.013618 -0.028372 -0.054614
v 0.025311 -0.020803 -0.054304
v -0.011006 -0.030918 -0.054297
v 0.000236 -0.033241 -0.054017
v 0.001641 -0.032382 -0.054442
v -0.030722 -0.011302 -0.054332
v -0.023480 -0.022112 -0.054508
v -0.023199 -0.023602 -0.054018
v -0.029355 -0.007807 -0.054812
v -0.030894 0.010840 -0.054294
v -0.033052 -0.000057 -0.054017
v -0.017104 0.028040 -0.054299
v -0.023495 0.023437 -0.054019
v -0.013603 0.028353 -0.054614
v -0.024073 0.021605 -0.054444
v -0.003377 0.032639 -0.054297
v 0.028988 0.014947 -0.054357
v 0.021742 0.024408 -0.054309
v 0.031800 -0.007742 -0.054299
v 0.032760 -0.015912 0.016711
v 0.032828 -0.010616 0.014751
v -0.035437 -0.007480 0.043868
v -0.034428 -0.000991 0.027868
v 0.014770 -0.032557 -0.011773
v 0.012362 -0.032472 -0.010000
v -0.022243 -0.031199 -0.008627
v -0.032326 -0.014750 -0.011773
v -0.032249 -0.012330 -0.009999
v -0.031095 0.022450 -0.008628
v -0.014763 0.032534 -0.011773
v -0.012355 0.032450 -0.010000
v 0.022249 0.031177 -0.008627
v 0.032333 0.014728 -0.011773
v 0.032256 0.012307 -0.010000
v -0.033006 0.014788 0.017870
v -0.032824 0.010593 0.014751
v -0.032135 -0.015310 0.012428
v -0.028679 -0.027548 0.022403
v -0.014615 -0.033144 0.017870
v -0.010444 -0.032976 0.014763
v 0.000406 -0.034516 0.026737
v 0.001055 -0.035445 0.035694
v 0.015323 -0.032365 0.012428
v 0.027461 -0.026797 0.038510
v 0.034257 -0.000025 0.026259
v 0.034348 0.002070 0.027671
v 0.035192 0.001504 0.035163
v 0.032139 0.015285 0.012429
v 0.027076 0.027461 0.035182
v 0.014619 0.033121 0.017870
v 0.010448 0.032953 0.014763
v -0.000402 0.034493 0.026737
v -0.001051 0.035421 0.035695
v -0.015320 0.032342 0.012428
v -0.027481 0.028909 0.022412
v -0.034337 0.000757 -0.025186
v -0.035819 -0.006106 -0.044650
v -0.001906 -0.035007 -0.029292
v 0.000892 -0.034511 -0.025052
v 0.031685 -0.015976 -0.007634
v 0.034347 -0.000778 -0.025186
v 0.035835 0.006088 -0.044648
v 0.000658 0.034509 -0.025187
v -0.006173 0.036025 -0.044649
v 0.016068 -0.030086 -0.051973
v 0.021310 -0.025799 -0.052671
v 0.015910 -0.029474 -0.052887
v -0.009624 -0.032453 -0.052201
v -0.003025 -0.033326 -0.052668
v -0.029917 -0.015982 -0.051967
v -0.025579 -0.021339 -0.052671
v -0.029248 -0.015924 -0.052855
v -0.032542 0.009786 -0.051940
v -0.033146 0.003147 -0.052668
v -0.031923 0.009607 -0.052877
v -0.016051 0.030068 -0.051973
v -0.021294 0.025781 -0.052671
v -0.015893 0.029456 -0.052887
v 0.009640 0.032435 -0.052201
v 0.003042 0.033308 -0.052668
v 0.029933 0.015964 -0.051967
v 0.025596 0.021321 -0.052671
v 0.029265 0.015905 -0.052855
v 0.032558 -0.009804 -0.051940
v 0.033162 -0.003165 -0.052668
v 0.031939 -0.009626 -0.052877
v -0.033346 -0.015893 0.055000
v 0.031817 -0.017213 0.054950
v 0.028808 0.020933 0.054958
v -0.032461 0.017152 0.054970
v 0.033328 -0.019584 0.045984
v 0.034940 -0.016919 0.050519
v 0.033022 -0.018443 0.053422
v 0.034331 -0.017461 0.051816
v 0.018086 -0.032532 0.054732
v 0.017195 -0.034418 0.053319
v -0.013058 -0.035372 0.054834
v -0.014521 -0.035790 0.053592
v -0.012445 -0.036000 0.054069
v -0.007333 -0.035875 0.054596
v -0.034171 -0.017184 0.053319
v -0.035250 0.013379 0.054809
v -0.035938 0.012478 0.053667
v -0.018082 0.032509 0.054732
v -0.017191 0.034395 0.053319
v 0.012306 0.035394 0.054839
v 0.013991 0.035702 0.054233
v 0.012311 0.036076 0.053666
v 0.035107 0.011832 0.045826
v 0.034462 -0.013455 -0.050481
v 0.033017 -0.015695 -0.050670
v 0.035156 -0.014971 -0.049080
v 0.035156 -0.013926 -0.049685
v 0.032427 -0.017417 -0.050285
v 0.034445 -0.015430 -0.049772
v 0.016221 -0.035107 -0.047888
v -0.010061 -0.034567 -0.035813
v -0.011791 -0.035782 -0.044916
v -0.034856 -0.016194 -0.047888
v -0.034403 0.010222 -0.035810
v -0.035594 0.011759 -0.044584
v -0.016205 0.035089 -0.047888
v 0.011809 0.035511 -0.042948
v 0.034001 0.012602 -0.050778
v -0.031829 0.000177 0.013198
v -0.030620 -0.000097 0.008730
v -0.031655 -0.001279 0.013005
v -0.029893 0.000461 0.006679
v -0.028443 -0.000204 0.002391
v -0.029010 -0.000767 0.004237
v -0.030173 -0.002725 0.010411
v -0.029103 -0.028587 0.009778
v -0.029404 -0.028374 0.007495
v -0.028832 -0.029105 0.001787
v -0.028580 -0.029384 0.005560
v -0.000084 -0.032008 0.013199
v 0.000185 -0.030794 0.008730
v 0.001365 -0.031839 0.013006
v -0.000372 -0.030061 0.006678
v 0.000285 -0.028606 0.002392
v 0.000847 -0.029178 0.004236
v 0.002797 -0.030353 0.010410
v 0.027857 -0.029714 0.012340
v 0.028311 -0.029662 0.007497
v 0.029037 -0.029090 0.001789
v 0.029314 -0.028837 0.005559
v 0.030927 -0.005181 0.005737
v 0.030086 -0.003254 0.004164
v 0.031139 -0.004703 0.007787
v 0.029383 -0.002723 0.002246
v 0.028236 -0.000773 0.000802
v 0.029175 -0.001297 0.005082
v 0.029679 0.027847 0.009558
v 0.029002 0.028638 0.010142
v 0.028835 0.029082 0.001787
v 0.028718 0.029256 0.005348
v 0.000087 0.031985 0.013199
v -0.000182 0.030771 0.008730
v -0.001361 0.031815 0.013006
v 0.000376 0.030038 0.006678
v -0.000281 0.028583 0.002392
v -0.000843 0.029154 0.004237
v -0.002793 0.030329 0.010410
v -0.028518 0.029338 0.009780
v -0.028307 0.029639 0.007497
v -0.029033 0.029066 0.001789
v -0.029310 0.028814 0.005559
v 0.016221 -0.032527 0.054846
v 0.014745 -0.033557 0.054832
v 0.015298 -0.033240 0.054833
v -0.012960 -0.034093 0.054835
v -0.032292 -0.016211 0.054846
v -0.033322 -0.014724 0.054832
v -0.033005 -0.015281 0.054833
v -0.016217 0.032503 0.054846
v -0.014741 0.033534 0.054832
v -0.015294 0.033217 0.054833
v 0.032295 0.016188 0.054846
v 0.033326 0.014701 0.054832
v 0.033009 0.015257 0.054833
v 0.034614 -0.016925 0.038714
v 0.030687 -0.026287 0.010392
v 0.030925 -0.025007 0.010148
v 0.030041 -0.022179 0.002953
v 0.032213 -0.006740 0.013167
v -0.036112 -0.001624 0.052516
v -0.035158 0.007948 0.041309
v -0.034656 0.008931 0.039294
v -0.033717 0.008503 0.033896
v -0.032854 -0.003126 0.020402
v -0.033862 -0.003131 0.025463
v -0.033235 -0.007491 0.030129
v -0.034810 -0.009294 0.041002
v 0.021327 -0.030299 -0.003310
v 0.014719 -0.031332 -0.005235
v 0.015881 -0.029649 -0.000086
v 0.015657 -0.029981 -0.001151
v 0.008805 -0.029491 0.000023
v 0.006971 -0.032301 -0.011181
v 0.009603 -0.033555 -0.028449
v 0.020897 -0.033231 -0.026521
v -0.008493 -0.031361 -0.004373
v -0.006927 -0.029461 0.000079
v -0.015728 -0.029738 -0.000022
v -0.017018 -0.034933 -0.037415
v -0.006491 -0.032365 -0.020464
v -0.007504 -0.032777 -0.014081
v -0.030059 -0.021351 -0.003310
v -0.031108 -0.014705 -0.005235
v -0.029431 -0.015878 -0.000086
v -0.029762 -0.015652 -0.001151
v -0.029296 -0.008766 0.000023
v -0.032096 -0.006911 -0.011180
v -0.033334 -0.009548 -0.028445
v -0.032976 -0.020904 -0.026521
v -0.031212 0.008629 -0.004374
v -0.029317 0.007048 0.000079
v -0.029621 0.015897 -0.000022
v -0.034789 0.017217 -0.037416
v -0.032202 0.006623 -0.020460
v -0.032616 0.007642 -0.014081
v -0.021323 0.030275 -0.003310
v -0.014715 0.031309 -0.005236
v -0.015878 0.029626 -0.000086
v -0.015653 0.029958 -0.001151
v -0.008801 0.029468 0.000023
v -0.006964 0.032278 -0.011181
v -0.009592 0.033536 -0.028451
v -0.020885 0.033211 -0.026522
v 0.008498 0.031338 -0.004374
v 0.006931 0.029438 0.000079
v 0.015732 0.029715 -0.000022
v 0.017033 0.034914 -0.037414
v 0.006501 0.032344 -0.020463
v 0.007512 0.032755 -0.014081
v 0.030063 0.021328 -0.003310
v 0.031113 0.014682 -0.005236
v 0.029435 0.015854 -0.000086
v 0.029766 0.015628 -0.001151
v 0.029300 0.008742 0.000023
v 0.032103 0.006889 -0.011182
v 0.033346 0.009529 -0.028446
v 0.033512 0.019864 -0.030155
v -0.030684 0.026262 0.010395
v -0.030921 0.024984 0.010148
v -0.022132 -0.031780 0.039109
v -0.023599 -0.031757 0.027685
v -0.018827 -0.034167 0.043389
v -0.006586 -0.032369 0.013167
v -0.009491 -0.033793 0.033294
v 0.003206 -0.033050 0.020402
v 0.003214 -0.034063 0.025463
v 0.007549 -0.033446 0.030131
v 0.008993 -0.034687 0.038507
v 0.033160 0.003174 0.021819
v 0.032584 0.006771 0.026271
v 0.024201 0.031021 0.029296
v 0.020121 0.033537 0.039020
v 0.025819 0.026601 0.049476
v 0.032903 0.018737 0.052747
v 0.006589 0.032346 0.013167
v 0.009495 0.033770 0.033294
v -0.003202 0.033026 0.020402
v -0.003210 0.034039 0.025463
v -0.007546 0.033423 0.030131
v -0.009344 0.035012 0.041002
v -0.001083 0.036024 0.045337
v -0.001320 0.036279 0.051373
v -0.035949 0.001231 -0.047865
v -0.035824 -0.007837 -0.047965
v -0.001111 -0.036150 -0.047865
v 0.007910 -0.036053 -0.047965
v 0.032212 -0.006644 -0.020463
v 0.032624 -0.007663 -0.014080
v 0.035965 -0.001251 -0.047865
v 0.035852 0.007155 -0.047998
v 0.026462 0.026583 -0.040942
v 0.001129 0.036132 -0.047865
v -0.009885 0.035979 -0.048211
v -0.017088 -0.032427 0.054987
v 0.035224 0.009717 0.054849
v 0.033837 0.014603 0.054956
v 0.035334 -0.014446 0.046096
v 0.034527 -0.012094 0.039199
v 0.035607 -0.015421 0.050561
v 0.035654 -0.011323 0.048419
v 0.035263 -0.012494 0.054839
v 0.035133 -0.015064 0.054422
v 0.035013 -0.016146 0.053280
v 0.030865 -0.019608 0.054745
v 0.010758 -0.035794 0.054562
v 0.010180 -0.036094 0.053881
v 0.013639 -0.035999 0.052318
v 0.012741 -0.035332 0.046256
v 0.013994 -0.035568 0.048316
v 0.017654 -0.034751 0.049424
v 0.016844 -0.035066 0.051519
v 0.020488 -0.031818 0.051138
v 0.018602 -0.033206 0.053010
v -0.019472 -0.032499 0.051362
v -0.016945 -0.034895 0.050778
v -0.011641 -0.035431 0.046115
v -0.012124 -0.036140 0.052384
v -0.035116 -0.014076 0.054704
v -0.035821 -0.011503 0.053847
v -0.035684 -0.012144 0.050346
v -0.035346 -0.013639 0.048670
v -0.033781 -0.019225 0.044046
v -0.034816 -0.016829 0.051520
v -0.031573 -0.020504 0.051138
v -0.032960 -0.018603 0.053010
v -0.032379 0.019668 0.051362
v -0.035489 0.015525 0.052559
v -0.034754 0.017136 0.050779
v -0.035271 0.011806 0.046114
v -0.035734 0.014225 0.050921
v -0.035759 0.009139 0.047871
v -0.036082 0.008997 0.052961
v -0.010327 0.035819 0.054517
v -0.011546 0.036035 0.053847
v -0.012580 0.035694 0.049020
v -0.013820 0.035484 0.047789
v -0.019220 0.034009 0.044047
v -0.016840 0.035042 0.051519
v -0.020485 0.031794 0.051138
v -0.018598 0.033183 0.053010
v 0.015400 0.034803 0.054583
v 0.017237 0.033022 0.054741
v 0.016697 0.034979 0.051369
v 0.011645 0.035407 0.046115
v 0.010135 0.035974 0.049324
v 0.008427 0.036258 0.052549
v 0.035241 0.016062 0.048376
v 0.035091 0.016553 0.049868
v 0.033448 0.018895 0.049108
v 0.035113 0.016027 0.052788
v 0.032296 0.018062 0.054732
v 0.035440 0.014245 0.054192
v 0.035712 0.013413 0.053737
v 0.035120 0.014055 0.054703
v 0.035391 0.012326 0.054682
v 0.035544 -0.013227 -0.044742
v 0.034740 -0.012590 -0.036607
v 0.035076 -0.016684 -0.040262
v 0.035541 -0.014924 -0.044143
v 0.034468 -0.018224 -0.040328
v 0.034939 -0.016539 -0.046930
v 0.032571 -0.019639 -0.045551
v 0.033818 -0.017522 -0.048156
v 0.015255 -0.035576 -0.043903
v 0.014063 -0.035254 -0.049671
v 0.015908 -0.034187 -0.049972
v -0.012396 -0.034883 -0.036605
v -0.019393 -0.032695 -0.045576
v -0.016720 -0.034593 -0.047689
v -0.014763 -0.035292 -0.049080
v -0.017205 -0.032541 -0.050285
v -0.012533 -0.034328 -0.050731
v -0.015490 -0.033139 -0.050670
v -0.035325 -0.015220 -0.043904
v -0.035009 -0.014024 -0.049671
v -0.034725 0.012571 -0.036603
v -0.034325 0.018287 -0.041218
v -0.032571 0.019599 -0.045576
v -0.033809 0.017494 -0.048157
v -0.035012 0.016102 -0.047764
v -0.035139 0.014952 -0.049081
v -0.032410 0.017399 -0.050285
v -0.034428 0.015412 -0.049772
v -0.033000 0.015677 -0.050670
v -0.015238 0.035558 -0.043902
v -0.014047 0.035236 -0.049671
v -0.015891 0.034169 -0.049972
v 0.012411 0.034864 -0.036605
v 0.019410 0.032676 -0.045575
v 0.017312 0.033929 -0.048157
v 0.015923 0.035142 -0.047765
v 0.014779 0.035274 -0.049080
v 0.017221 0.032523 -0.050285
v 0.015239 0.034558 -0.049772
v 0.015507 0.033122 -0.050670
v 0.032363 0.019104 -0.048004
v 0.035341 0.015203 -0.043901
v 0.035259 0.012052 -0.043144
v -0.029467 0.001673 0.006519
v -0.028742 0.002670 0.000664
v -0.029035 0.001173 -0.003559
v -0.028075 0.000111 -0.000477
v -0.028825 0.000570 -0.002831
v -0.029461 0.001564 -0.005655
v -0.030523 -0.000108 -0.007494
v -0.029354 -0.001763 -0.005353
v -0.028800 -0.001085 -0.002936
v -0.030220 -0.004239 -0.002923
v -0.030359 -0.003477 -0.004880
v -0.028950 -0.004009 0.000161
v -0.028685 -0.002352 0.000084
v -0.028178 -0.000847 0.000729
v -0.030639 -0.004342 0.005753
v -0.030044 -0.004479 0.003196
v -0.029162 -0.001483 0.005173
v -0.029609 -0.002341 0.004352
v -0.029485 -0.025266 0.001669
v -0.029336 -0.027789 -0.002030
v -0.028806 -0.029034 -0.002088
v -0.025047 -0.030230 -0.003750
v -0.023395 -0.030669 0.006351
v -0.001579 -0.029629 0.006519
v -0.002574 -0.028897 0.000664
v -0.001083 -0.029196 -0.003559
v -0.000030 -0.028235 -0.000478
v -0.000483 -0.028987 -0.002829
v -0.001470 -0.029624 -0.005655
v 0.000197 -0.030697 -0.007494
v 0.001839 -0.029527 -0.005354
v 0.001162 -0.028967 -0.002935
v 0.004305 -0.030405 -0.002922
v 0.003549 -0.030543 -0.004881
v 0.004072 -0.029128 0.000161
v 0.002422 -0.028856 0.000084
v 0.000924 -0.028342 0.000729
v 0.005153 -0.031181 0.006763
v 0.003493 -0.030223 0.004178
v 0.005561 -0.030699 0.004203
v 0.001559 -0.029333 0.005173
v 0.002414 -0.029785 0.004351
v 0.025219 -0.029734 0.001669
v 0.027727 -0.029593 -0.002035
v 0.028967 -0.029064 -0.002088
v 0.028905 -0.028534 -0.009714
v 0.030238 -0.025256 -0.004434
v 0.030576 -0.023628 0.006351
v 0.028717 -0.000785 -0.002605
v 0.028060 -0.000215 -0.000211
v 0.031710 0.000360 -0.011622
v 0.028230 0.000153 -0.000982
v 0.029107 0.001443 -0.003949
v 0.030224 0.004216 -0.002923
v 0.030364 0.003454 -0.004881
v 0.028954 0.003985 0.000161
v 0.028689 0.002328 0.000084
v 0.028182 0.000824 0.000729
v 0.030643 0.004318 0.005753
v 0.030048 0.004456 0.003196
v 0.029166 0.001459 0.005173
v 0.029613 0.002317 0.004352
v 0.028151 -0.000148 0.001562
v 0.028447 0.000181 0.002391
v 0.029014 0.000744 0.004237
v 0.031832 -0.000201 0.013198
v 0.030624 0.000073 0.008730
v 0.031659 0.001256 0.013005
v 0.029897 -0.000485 0.006679
v 0.029489 0.025242 0.001669
v 0.029341 0.027761 -0.002040
v 0.028810 0.029011 -0.002087
v 0.025052 0.030206 -0.003750
v 0.023398 0.030646 0.006350
v 0.001583 0.029605 0.006519
v 0.002577 0.028873 0.000664
v 0.001087 0.029173 -0.003560
v 0.000034 0.028212 -0.000478
v 0.000488 0.028964 -0.002829
v 0.001475 0.029601 -0.005654
v -0.000192 0.030674 -0.007494
v -0.001835 0.029504 -0.005354
v -0.001158 0.028944 -0.002935
v -0.004301 0.030382 -0.002922
v -0.003544 0.030520 -0.004881
v -0.004068 0.029105 0.000161
v -0.002418 0.028832 0.000084
v -0.000920 0.028318 0.000729
v -0.005149 0.031157 0.006763
v -0.003489 0.030200 0.004178
v -0.005557 0.030676 0.004203
v -0.001555 0.029310 0.005173
v -0.002411 0.029761 0.004352
v -0.025216 0.029711 0.001669
v -0.027723 0.029569 -0.002037
v -0.028963 0.029040 -0.002088
v -0.028900 0.028510 -0.009720
v -0.030140 0.025266 -0.003750
v -0.030572 0.023605 0.006350
v 0.031972 -0.016628 0.054849
v 0.033416 -0.014713 0.054831
v 0.011374 -0.034211 0.054852
v 0.013585 -0.033967 0.054837
v -0.016425 -0.032096 0.054849
v -0.014515 -0.033553 0.054831
v -0.034161 -0.012522 0.054928
v -0.031968 0.016604 0.054849
v -0.033411 0.014689 0.054833
v -0.013378 0.033989 0.054842
v 0.016428 0.032073 0.054849
v 0.014519 0.033529 0.054831
v 0.034183 0.012337 0.054932
v 0.031250 -0.024266 0.028163
v 0.033481 -0.020393 0.037875
v 0.029625 -0.015919 -0.000022
v 0.031217 -0.008652 -0.004374
v 0.029321 -0.007072 0.000079
v 0.034568 -0.008565 0.038149
v -0.033635 0.009639 0.033295
v -0.032210 0.006716 0.013167
v -0.031790 -0.006099 0.020509
v -0.032513 -0.007788 0.016209
v 0.014958 -0.029583 0.000711
v 0.015085 -0.031468 0.006991
v 0.008708 -0.029493 0.000984
v 0.003078 -0.033790 -0.021911
v 0.008575 -0.034659 -0.034486
v -0.009083 -0.031452 0.005727
v -0.021635 -0.032325 -0.033708
v -0.019884 -0.033709 -0.033832
v -0.008398 -0.035299 -0.038442
v -0.008055 -0.034251 -0.031975
v -0.002615 -0.034248 -0.024311
v -0.029603 -0.019052 0.001797
v -0.029368 -0.014951 0.000711
v -0.030832 -0.010938 0.004636
v -0.031356 -0.012130 0.006597
v -0.029299 -0.008668 0.000984
v -0.033590 -0.002991 -0.021911
v -0.034436 -0.008513 -0.034488
v -0.031305 0.009222 0.005727
v -0.032627 0.020834 -0.037698
v -0.035127 0.008554 -0.038444
v -0.034083 0.008203 -0.031971
v -0.034101 0.002733 -0.024523
v -0.014953 0.029560 0.000711
v -0.015081 0.031444 0.006991
v -0.008703 0.029470 0.000984
v -0.003069 0.033769 -0.021912
v -0.008562 0.034640 -0.034486
v 0.009087 0.031429 0.005727
v 0.021640 0.032308 -0.033731
v 0.019632 0.033732 -0.035960
v 0.008028 0.035340 -0.038482
v 0.002625 0.034265 -0.024523
v 0.029606 0.019029 0.001797
v 0.029372 0.014927 0.000711
v 0.030836 0.010915 0.004637
v 0.031360 0.012108 0.006597
v 0.029302 0.008644 0.000984
v 0.033599 0.002970 -0.021911
v 0.034787 0.008813 -0.036772
v -0.029896 0.024872 0.034179
v -0.031654 0.023815 0.027682
v -0.031920 -0.022796 0.032819
v -0.026037 -0.030773 0.010394
v -0.024765 -0.031016 0.010147
v -0.024277 -0.026442 0.054539
v -0.032652 -0.018040 0.054513
v -0.007804 -0.035330 0.041310
v -0.008783 -0.034822 0.039295
v -0.008361 -0.033879 0.033897
v 0.007843 -0.032722 0.016210
v -0.005050 -0.036121 0.054114
v 0.024535 -0.030553 0.032424
v 0.031983 0.006463 0.021827
v 0.032517 0.007764 0.016210
v 0.032240 0.022702 0.029092
v 0.032747 0.020825 0.040767
v 0.024768 0.030992 0.010148
v 0.007807 0.035306 0.041309
v 0.008787 0.034798 0.039295
v 0.008365 0.033855 0.033897
v -0.006156 0.031965 0.020508
v -0.007839 0.032698 0.016210
v -0.022765 0.032151 0.032827
v -0.025559 0.025288 0.054549
v -0.033664 0.003229 -0.051813
v -0.026028 -0.021658 -0.051802
v -0.003504 -0.033766 -0.051879
v -0.000392 -0.033913 -0.051858
v 0.035181 -0.008367 -0.038550
v 0.034111 -0.002755 -0.024524
v 0.031678 -0.021838 -0.037929
v 0.021628 -0.026251 -0.051802
v 0.035235 -0.007648 -0.050275
v 0.033680 -0.003247 -0.051813
v 0.026044 0.021640 -0.051802
v 0.003520 0.033748 -0.051879
v 0.000408 0.033894 -0.051858
v -0.021612 0.026232 -0.051802
v -0.032154 -0.016756 0.054937
v 0.016762 -0.032390 0.054937
v 0.032139 0.016824 0.054952
v 0.012050 0.034450 0.054931
v -0.016759 0.032366 0.054937
v 0.015342 -0.034131 0.054983
v 0.014562 -0.034168 0.054971
v 0.033126 0.016249 0.054989
v -0.014481 0.034083 0.054952
v 0.015803 -0.029323 -0.053933
v 0.020183 -0.023603 -0.054693
v 0.024480 -0.019679 -0.054633
v 0.025725 -0.021048 -0.053915
v -0.009394 -0.031885 -0.053954
v -0.004475 -0.031127 -0.054618
v 0.004917 -0.030851 -0.054667
v -0.029085 -0.015832 -0.053922
v -0.027338 -0.018634 -0.054012
v -0.028375 -0.015933 -0.054435
v -0.013693 -0.028424 -0.054608
v -0.031746 0.009559 -0.053933
v -0.031125 0.003858 -0.054619
v -0.032040 -0.006580 -0.054302
v -0.015787 0.029305 -0.053933
v -0.020431 0.025236 -0.054450
v -0.028584 0.013233 -0.054609
v 0.006246 0.032628 -0.054015
v -0.005869 0.031018 -0.054609
v -0.003434 0.033100 -0.053914
v 0.029120 0.015774 -0.053933
v 0.027392 0.018559 -0.054015
v 0.021158 0.023572 -0.054585
v 0.020855 0.025775 -0.053915
v 0.031762 -0.009576 -0.053933
v 0.030825 -0.002408 -0.054693
v 0.030388 0.008455 -0.054575
v 0.033438 -0.014055 0.021962
v 0.032070 -0.010019 0.009185
v -0.035654 0.000383 0.041548
v -0.035127 0.001327 0.034292
v -0.034616 0.002723 0.030383
v 0.024875 -0.030750 -0.008459
v 0.015235 -0.033229 -0.017508
v 0.012931 -0.034039 -0.024499
v 0.011388 -0.033140 -0.014542
v -0.007548 -0.032163 -0.008204
v -0.030496 -0.024915 -0.008459
v -0.032993 -0.015212 -0.017507
v -0.033805 -0.012893 -0.024501
v -0.032917 -0.011348 -0.014543
v -0.032007 0.007683 -0.008204
v -0.024869 0.030727 -0.008459
v -0.015226 0.033208 -0.017510
v -0.012920 0.034019 -0.024500
v -0.011380 0.033119 -0.014543
v 0.007554 0.032141 -0.008204
v 0.030502 0.024891 -0.008459
v 0.033002 0.015192 -0.017510
v 0.033817 0.012873 -0.024499
v 0.032925 0.011326 -0.014543
v -0.032066 0.009995 0.009185
v -0.009849 -0.032218 0.009202
v -0.002723 -0.034768 0.030175
v -0.000876 -0.035670 0.038886
v 0.034587 -0.002863 0.030175
v 0.035478 -0.001008 0.038885
v 0.031086 0.022103 0.044296
v 0.009853 0.032195 0.009202
v 0.002727 0.034745 0.030175
v 0.000880 0.035646 0.038887
v -0.033395 -0.000432 -0.019131
v -0.034614 -0.003272 -0.028669
v -0.035028 0.002683 -0.031731
v -0.027364 -0.027059 -0.031262
v 0.026298 -0.027550 -0.036883
v 0.033386 0.000404 -0.019034
v 0.034625 0.003251 -0.028669
v 0.035040 -0.002704 -0.031733
v 0.027426 0.026959 -0.031474
v -0.000523 0.033564 -0.019132
v -0.003350 0.034800 -0.028670
v 0.002573 0.035199 -0.031734
v -0.026284 0.027533 -0.036875
v 0.025099 -0.022834 -0.051842
v 0.029477 -0.015705 -0.052852
v 0.021166 -0.025658 -0.053930
v 0.025859 -0.021198 -0.052657
v 0.003418 -0.033838 -0.051792
v 0.009893 -0.032006 -0.052874
v -0.009459 -0.032064 -0.052907
v -0.002982 -0.033131 -0.053928
v 0.003443 -0.033315 -0.052657
v -0.022617 -0.025158 -0.051842
v -0.015490 -0.029587 -0.052875
v -0.025372 -0.021236 -0.054014
v -0.020988 -0.025927 -0.052657
v -0.033714 -0.001649 -0.051843
v -0.031791 -0.009842 -0.052874
v -0.032947 0.003149 -0.053930
v -0.033114 -0.003355 -0.052657
v -0.025082 0.022816 -0.051842
v -0.029460 0.015687 -0.052852
v -0.021149 0.025640 -0.053930
v -0.025843 0.021180 -0.052657
v -0.003402 0.033820 -0.051792
v -0.009876 0.031988 -0.052874
v 0.009476 0.032046 -0.052907
v 0.003041 0.033108 -0.053930
v -0.003427 0.033297 -0.052657
v 0.022634 0.025140 -0.051842
v 0.015506 0.029569 -0.052875
v 0.025456 0.021177 -0.053930
v 0.021004 0.025909 -0.052657
v 0.033730 0.001631 -0.051843
v 0.031808 0.009824 -0.052874
v 0.032963 -0.003164 -0.053930
v 0.033131 0.003337 -0.052657
v 0.021085 -0.016724 -0.054908
v 0.014226 -0.009942 -0.055000
v 0.009584 -0.026348 -0.054841
v -0.024171 -0.010030 -0.054993
v -0.027344 0.007827 -0.054829
v -0.000169 0.017430 -0.054999
v 0.019401 0.021785 -0.054826
v 0.033567 -0.015905 0.054982
v -0.015602 0.033857 0.054986
v 0.015588 -0.035223 0.054103
v -0.004939 -0.035602 0.054822
v -0.034915 -0.015280 0.054449
v -0.035061 -0.015773 0.053617
v -0.035556 0.003676 0.054744
v -0.015298 0.035132 0.054455
v -0.015788 0.035287 0.053616
v 0.005494 0.035709 0.054748
v 0.035786 0.013312 0.052964
v 0.034847 -0.011273 -0.050469
v 0.035612 -0.009428 -0.049536
v 0.018291 -0.033890 -0.046091
v 0.016867 -0.035095 -0.045479
v 0.016987 -0.034478 -0.048167
v -0.013238 -0.035594 -0.043779
v -0.013255 -0.035868 -0.048119
v -0.033638 -0.018278 -0.046091
v -0.034260 -0.018256 -0.041417
v -0.034842 -0.016843 -0.045479
v -0.035435 0.013420 -0.043779
v -0.035708 0.013439 -0.048119
v -0.018275 0.033872 -0.046091
v -0.016850 0.035077 -0.045479
v -0.016971 0.034460 -0.048167
v 0.013254 0.035576 -0.043778
v 0.013271 0.035850 -0.048119
v 0.030953 0.019569 -0.049763
v 0.035357 0.014462 -0.048633
v 0.035249 0.013310 -0.049495
v -0.028893 0.000592 0.003915
v -0.000506 -0.029056 0.003914
v 0.030075 -0.005010 0.002854
v 0.030010 -0.002648 0.005260
v 0.000510 0.029032 0.003914
v 0.034399 -0.018441 0.039026
v 0.031226 -0.011326 0.005469
v 0.029494 -0.009854 0.001051
v 0.030459 -0.008458 0.003229
v 0.031157 -0.006938 0.005619
v 0.030842 -0.003889 0.013661
v 0.033167 -0.008382 0.030458
v -0.033691 0.003276 0.024821
v -0.031642 0.004671 0.019068
v -0.032263 0.002913 0.017897
v -0.031476 -0.004668 0.018295
v 0.021570 -0.029704 -0.000497
v 0.009162 -0.030779 -0.002757
v 0.010880 -0.031716 -0.005911
v 0.004514 -0.031227 -0.007868
v 0.003473 -0.030551 -0.010283
v 0.005863 -0.031806 -0.017156
v 0.011300 -0.034122 -0.029457
v 0.016634 -0.034616 -0.033402
v -0.011726 -0.031218 -0.004026
v -0.013961 -0.029933 -0.000772
v -0.012943 -0.034733 -0.033133
v -0.009283 -0.033631 -0.027714
v -0.003187 -0.030612 -0.009996
v -0.004955 -0.031523 -0.007159
v -0.029467 -0.021599 -0.000497
v -0.030576 -0.009120 -0.002756
v -0.031503 -0.010845 -0.005911
v -0.031036 -0.004444 -0.007868
v -0.030367 -0.003400 -0.010280
v -0.031607 -0.005797 -0.017154
v -0.033893 -0.011252 -0.029455
v -0.034367 -0.016613 -0.033403
v -0.031080 0.011878 -0.004026
v -0.029809 0.014121 -0.000772
v -0.034578 0.013120 -0.033134
v -0.033470 0.009435 -0.027713
v -0.030450 0.003294 -0.009996
v -0.031361 0.005073 -0.007159
v -0.021565 0.029680 -0.000497
v -0.009158 0.030756 -0.002757
v -0.010875 0.031693 -0.005911
v -0.004507 0.031204 -0.007867
v -0.003467 0.030529 -0.010284
v -0.005854 0.031784 -0.017155
v -0.011287 0.034102 -0.029454
v -0.016621 0.034597 -0.033402
v 0.011730 0.031195 -0.004026
v 0.013965 0.029910 -0.000772
v 0.012958 0.034714 -0.033135
v 0.009295 0.033611 -0.027714
v 0.003193 0.030590 -0.009996
v 0.004960 0.031500 -0.007160
v 0.029471 0.021572 -0.000498
v 0.030580 0.009096 -0.002756
v 0.031508 0.010821 -0.005911
v 0.031042 0.004422 -0.007868
v 0.030374 0.003378 -0.010281
v 0.031615 0.005775 -0.017154
v 0.033905 0.011232 -0.029451
v 0.034381 0.016593 -0.033402
v -0.034407 0.018400 0.039175
v -0.029889 -0.027446 0.008007
v -0.024902 -0.027931 0.046999
v -0.020417 -0.031238 0.052814
v -0.004110 -0.031276 0.010112
v -0.008464 -0.033186 0.019923
v -0.003118 -0.030638 0.012006
v -0.006301 -0.032292 0.022018
v -0.011247 -0.034342 0.035365
v -0.011687 -0.034059 0.028044
v 0.004735 -0.031669 0.018296
v 0.001789 -0.036279 0.053192
v -0.000187 -0.036270 0.049920
v 0.027390 -0.030147 0.008009
v 0.027630 -0.025372 0.046959
v 0.027771 -0.024029 0.052914
v 0.031457 0.004823 0.018520
v 0.034172 0.008667 0.036435
v 0.036071 0.001378 0.053108
v 0.036112 -0.000596 0.050863
v 0.029893 0.027423 0.008007
v 0.024742 0.026891 0.052905
v 0.004114 0.031252 0.010112
v 0.008468 0.033163 0.019924
v 0.003122 0.030614 0.012005
v 0.006305 0.032268 0.022018
v 0.011251 0.034319 0.035365
v 0.011691 0.034036 0.028044
v -0.004732 0.031646 0.018296
v -0.007105 0.036223 0.053062
v -0.027386 0.030124 0.008009
v -0.027855 0.025109 0.046999
v -0.031129 0.020614 0.052814
v -0.035935 0.000477 -0.044517
v 0.034592 -0.013140 -0.033138
v 0.033482 -0.009456 -0.027714
v 0.030456 -0.003316 -0.009996
v 0.031367 -0.005096 -0.007159
v 0.032665 -0.020312 -0.019157
v 0.024925 -0.026646 -0.048506
v 0.035879 -0.008402 -0.045261
v 0.035951 -0.000494 -0.044517
v 0.035840 -0.009158 -0.048662
v 0.029864 0.022202 -0.046148
v 0.032994 0.017985 -0.048954
v 0.026359 0.024899 -0.048743
v 0.000375 0.036120 -0.044517
v -0.024910 0.026626 -0.048506
v -0.034555 -0.013432 0.054993
v -0.015040 -0.033713 0.054953
v 0.034956 -0.014387 0.054814
v 0.033457 -0.015548 0.054982
v 0.035331 -0.015624 0.046269
v 0.036081 -0.009432 0.053069
v 0.035944 -0.012571 0.053637
v 0.035807 -0.014082 0.053399
v 0.035560 -0.003700 0.054744
v 0.034325 -0.015869 0.054708
v 0.034343 -0.016539 0.054128
v 0.013622 -0.035406 0.054750
v 0.011183 -0.036156 0.052794
v 0.016771 -0.035280 0.046747
v -0.014935 -0.034883 0.054744
v -0.015184 -0.035240 0.054236
v -0.016506 -0.034798 0.053033
v -0.015132 -0.035771 0.050766
v -0.012892 -0.035395 0.046198
v -0.013355 -0.036050 0.053318
v -0.010128 -0.036060 0.049910
v -0.035387 -0.012342 0.054683
v -0.035433 -0.014259 0.054202
v -0.035837 -0.012609 0.052711
v -0.035926 -0.011175 0.052966
v -0.035029 -0.016754 0.046748
v -0.034736 0.015116 0.054744
v -0.035050 0.015482 0.054199
v -0.034657 0.016694 0.053033
v -0.035621 0.015316 0.050765
v -0.035240 0.013063 0.046199
v -0.035844 0.013916 0.053148
v -0.036023 0.011575 0.052406
v -0.013869 0.035370 0.054729
v -0.014285 0.035654 0.054202
v -0.012646 0.036055 0.052711
v -0.010026 0.035937 0.049165
v -0.016767 0.035256 0.046747
v 0.014185 0.035222 0.054735
v 0.015740 0.033680 0.054975
v 0.015566 0.035572 0.048122
v 0.012896 0.035372 0.046198
v 0.011413 0.036164 0.052406
v 0.035345 0.013647 0.048413
v 0.034717 0.013464 0.041827
v 0.035558 0.014580 0.050981
v 0.034910 0.015447 0.054355
v 0.035931 -0.008846 -0.047366
v 0.035139 -0.011567 -0.041143
v 0.035610 -0.009152 -0.042851
v 0.035617 -0.014515 -0.047671
v 0.034095 -0.019151 -0.034425
v 0.035303 -0.016224 -0.044482
v 0.035386 -0.015446 -0.047647
v 0.034065 -0.018071 -0.045090
v 0.031579 -0.019849 -0.048422
v 0.017850 -0.034788 -0.039566
v 0.012663 -0.034833 -0.037622
v 0.015815 -0.035516 -0.046404
v 0.013825 -0.035696 -0.045772
v 0.010394 -0.035955 -0.046229
v 0.013631 -0.035778 -0.048391
v 0.014821 -0.035455 -0.048819
v 0.015649 -0.034800 -0.049411
v 0.019584 -0.031179 -0.049763
v 0.017716 -0.033405 -0.049136
v -0.018997 -0.034180 -0.034096
v -0.016493 -0.035261 -0.043544
v -0.014714 -0.035604 -0.043078
v -0.015198 -0.035656 -0.045371
v -0.019609 -0.031698 -0.048422
v -0.015620 -0.034559 -0.049496
v -0.017090 -0.033640 -0.049179
v -0.011085 -0.034994 -0.050469
v -0.009321 -0.035540 -0.050016
v -0.034533 -0.017833 -0.039567
v -0.034595 -0.012619 -0.037620
v -0.035263 -0.015785 -0.046404
v -0.035449 -0.013784 -0.045771
v -0.035718 -0.010333 -0.046230
v -0.035531 -0.013587 -0.048392
v -0.035206 -0.014785 -0.048820
v -0.034685 -0.015568 -0.049224
v -0.031138 -0.019280 -0.049852
v -0.034492 0.018176 -0.037046
v -0.035114 0.016692 -0.043544
v -0.035450 0.014905 -0.043078
v -0.035503 0.015392 -0.045371
v -0.031580 0.019812 -0.048422
v -0.034830 0.011255 -0.050469
v -0.035368 0.009483 -0.050016
v -0.017092 0.035101 -0.042155
v -0.012648 0.034814 -0.037622
v -0.015539 0.035528 -0.046905
v -0.013809 0.035678 -0.045771
v -0.010379 0.035937 -0.046229
v -0.014215 0.035687 -0.048230
v -0.014804 0.035436 -0.048819
v -0.015633 0.034782 -0.049411
v -0.019568 0.031160 -0.049763
v -0.017699 0.033387 -0.049136
v 0.017987 0.034612 -0.037046
v 0.016509 0.035243 -0.043544
v 0.014731 0.035586 -0.043078
v 0.015215 0.035638 -0.045371
v 0.019625 0.031681 -0.048422
v 0.011101 0.034975 -0.050469
v 0.009337 0.035522 -0.050016
v 0.034682 0.016340 -0.048227
v 0.033722 0.018080 -0.046559
v 0.033161 0.019361 -0.043207
v 0.034610 0.012600 -0.037621
v 0.035311 0.015508 -0.046902
v 0.035624 0.010484 -0.049057
v -0.029395 0.002037 0.003063
v -0.028355 0.001222 0.000556
v -0.028927 0.003378 0.000129
v -0.028529 0.001502 0.000109
v -0.029820 0.003939 -0.001651
v -0.030964 0.005622 -0.004328
v -0.029990 0.003125 -0.002890
v -0.031786 0.000434 -0.011940
v -0.031235 0.001385 -0.010685
v -0.029998 -0.000827 -0.006202
v -0.029214 -0.002096 -0.001757
v -0.031281 -0.005874 -0.006220
v -0.029570 -0.002931 0.002931
v -0.030647 -0.003764 0.007972
v -0.029829 -0.024979 0.003967
v -0.029427 -0.026822 -0.001037
v -0.029781 -0.024884 -0.003118
v -0.030559 -0.021773 -0.006237
v -0.028099 -0.029483 -0.006174
v -0.027458 -0.029702 -0.001202
v -0.025222 -0.030722 -0.008003
v -0.025507 -0.029862 -0.000842
v -0.027576 -0.029676 0.001385
v -0.028120 -0.029673 0.003729
v -0.025548 -0.029878 0.001655
v -0.001941 -0.029555 0.003063
v -0.001134 -0.028513 0.000556
v -0.003277 -0.029081 0.000129
v -0.001412 -0.028687 0.000110
v -0.003832 -0.029977 -0.001651
v -0.005502 -0.031121 -0.004328
v -0.003022 -0.030150 -0.002891
v -0.000468 -0.032324 -0.013337
v -0.001286 -0.031408 -0.010684
v 0.000910 -0.030171 -0.006202
v 0.002170 -0.029388 -0.001757
v 0.005936 -0.031477 -0.006220
v 0.002874 -0.029438 0.002093
v 0.003834 -0.030833 0.007971
v 0.024936 -0.030078 0.003968
v 0.026767 -0.029681 -0.001037
v 0.024841 -0.030030 -0.003118
v 0.021750 -0.030803 -0.006237
v 0.029313 -0.028496 -0.005765
v 0.029627 -0.027711 -0.001203
v 0.029297 -0.028609 -0.000184
v 0.029779 -0.025750 -0.000842
v 0.029601 -0.027829 0.001385
v 0.029600 -0.028376 0.003729
v 0.029795 -0.025791 0.001655
v 0.028931 -0.003402 0.000129
v 0.028404 -0.001313 0.000337
v 0.029824 -0.003962 -0.001651
v 0.030969 -0.005645 -0.004328
v 0.029994 -0.003148 -0.002890
v 0.029539 -0.001436 -0.005763
v 0.030078 0.000018 -0.006078
v 0.029168 0.001138 -0.004172
v 0.029218 0.002073 -0.001757
v 0.031286 0.005852 -0.006220
v 0.029574 0.002907 0.002931
v 0.030651 0.003741 0.007972
v 0.029431 -0.001229 0.006152
v 0.029832 0.024955 0.003968
v 0.029431 0.026798 -0.001038
v 0.029785 0.024861 -0.003117
v 0.030564 0.021750 -0.006237
v 0.028107 0.029458 -0.006159
v 0.027462 0.029679 -0.001203
v 0.025230 0.030698 -0.007997
v 0.025511 0.029838 -0.000842
v 0.027580 0.029652 0.001385
v 0.028124 0.029650 0.003729
v 0.025551 0.029854 0.001655
v 0.001945 0.029532 0.003063
v 0.001138 0.028489 0.000556
v 0.003281 0.029057 0.000129
v 0.001416 0.028663 0.000109
v 0.003836 0.029954 -0.001651
v 0.005507 0.031098 -0.004328
v 0.003026 0.030127 -0.002890
v 0.000344 0.031942 -0.011939
v 0.001291 0.031386 -0.010685
v -0.000906 0.030148 -0.006202
v -0.002166 0.029364 -0.001757
v -0.005930 0.031454 -0.006220
v -0.002870 0.029415 0.002092
v -0.003830 0.030810 0.007972
v -0.024932 0.030055 0.003968
v -0.026764 0.029657 -0.001038
v -0.024837 0.030006 -0.003118
v -0.021745 0.030780 -0.006237
v -0.029310 0.028472 -0.005770
v -0.029623 0.027688 -0.001202
v -0.030630 0.025443 -0.008003
v -0.029775 0.025727 -0.000841
v -0.029597 0.027806 0.001385
v -0.029596 0.028353 0.003729
v -0.029792 0.025767 0.001655
v 0.009482 -0.034491 0.054933
v 0.012855 -0.034091 0.054851
v -0.009479 0.034467 0.054933
v 0.031126 -0.012711 -0.004239
v 0.032074 -0.005475 0.022041
v 0.032266 -0.002937 0.017896
v 0.035252 -0.008188 0.042276
v 0.035181 -0.012018 0.045519
v -0.035220 -0.009772 0.054849
v -0.034187 0.011406 0.035366
v -0.033907 0.011848 0.028045
v -0.033028 0.008606 0.019924
v -0.030460 -0.003505 0.011662
v -0.031816 -0.005909 0.014251
v -0.031612 -0.005962 0.009864
v 0.001206 -0.032189 -0.013006
v 0.009443 -0.035445 -0.040578
v 0.008235 -0.033151 -0.026741
v 0.021638 -0.032944 -0.027778
v 0.023300 -0.031595 -0.028852
v 0.021316 -0.031863 -0.041161
v 0.022607 -0.032341 -0.027141
v 0.028191 -0.029488 -0.006818
v -0.010922 -0.029826 0.001483
v -0.008303 -0.030601 0.003229
v -0.017947 -0.030883 0.005145
v -0.032004 -0.001116 -0.013006
v -0.035214 -0.009381 -0.040578
v -0.032937 -0.008176 -0.026740
v -0.032684 -0.021658 -0.027752
v -0.031347 -0.023173 -0.030035
v -0.032083 -0.022630 -0.027127
v -0.029232 -0.028251 -0.006825
v -0.029693 0.011064 0.001483
v -0.030456 0.008435 0.003229
v -0.030767 0.018128 0.005145
v -0.001199 0.032167 -0.013007
v -0.009429 0.035426 -0.040579
v -0.008224 0.033130 -0.026741
v -0.021628 0.032923 -0.027775
v -0.023292 0.031573 -0.028844
v -0.021301 0.031845 -0.041161
v -0.022598 0.032319 -0.027136
v -0.028186 0.029465 -0.006821
v 0.010926 0.029803 0.001483
v 0.008307 0.030578 0.003229
v 0.017951 0.030859 0.005144
v 0.007701 0.033474 -0.028246
v 0.032339 0.001259 -0.014514
v 0.034146 0.009989 -0.034768
v 0.032701 0.021624 -0.027799
v 0.031487 0.022972 -0.030335
v 0.032096 0.022604 -0.027146
v 0.029235 0.028230 -0.006816
v -0.018024 -0.034634 0.040171
v -0.018247 -0.032736 0.054132
v -0.016950 -0.033336 0.054728
v -0.004556 -0.031806 0.019070
v -0.002804 -0.032436 0.017898
v 0.003575 -0.030643 0.011662
v 0.005972 -0.032015 0.014252
v 0.006023 -0.031810 0.009864
v 0.009824 -0.035449 0.054849
v 0.030851 -0.020097 0.054370
v 0.030463 0.003481 0.011662
v 0.031820 0.005886 0.014251
v 0.031616 0.005939 0.009864
v 0.033394 0.010600 0.023632
v 0.018556 0.034376 0.038338
v 0.024158 0.026219 0.054751
v 0.019405 0.031427 0.054347
v 0.004560 0.031783 0.019071
v 0.002808 0.032412 0.017896
v -0.003571 0.030620 0.011661
v -0.005968 0.031992 0.014253
v -0.006020 0.031787 0.009864
v -0.009822 0.035425 0.054849
v -0.032707 0.018336 0.054137
v -0.033204 0.017136 0.054728
v -0.035389 -0.001631 -0.050059
v -0.035298 -0.010585 -0.049843
v 0.001736 -0.035597 -0.050059
v 0.010643 -0.035534 -0.049842
v 0.033341 -0.007852 -0.028243
v 0.035406 0.001614 -0.050059
v 0.035315 0.010567 -0.049843
v -0.001719 0.035579 -0.050059
v -0.010626 0.035516 -0.049842
v -0.034170 0.014953 0.054978
v -0.033262 0.015572 0.054951
v -0.013259 -0.034989 0.054948
v 0.028062 -0.016993 -0.054289
v -0.004713 -0.032495 -0.054300
v 0.007999 -0.031896 -0.054298
v 0.003441 -0.033097 -0.053999
v -0.025904 -0.015740 -0.054801
v -0.016787 -0.028150 -0.054296
v -0.020820 -0.025780 -0.053998
v -0.029968 -0.011143 -0.054587
v -0.031986 -0.003336 -0.054520
v -0.032904 -0.003291 -0.053994
v -0.028214 0.016656 -0.054298
v -0.025663 0.021050 -0.054001
v 0.009452 0.031823 -0.054034
v 0.001367 0.032761 -0.054317
v 0.009940 0.031204 -0.054358
v 0.011803 0.028994 -0.054638
v 0.001182 0.030948 -0.054697
v -0.007982 0.031878 -0.054298
v 0.025043 0.020944 -0.054305
v 0.016770 0.028146 -0.054298
v 0.032613 -0.001480 -0.054317
v 0.029137 -0.011956 -0.054602
v 0.031784 0.002585 -0.054533
v 0.031704 0.007921 -0.054298
v 0.032913 0.003337 -0.054000
v 0.034125 -0.011131 0.054852
v -0.034122 0.011108 0.054852
v 0.010954 0.034254 0.054852
v -0.034056 -0.009549 0.054862
v -0.033782 -0.013353 0.054834
v -0.009597 0.034255 0.054862
v 0.034060 0.009527 0.054862
v 0.033785 0.013330 0.054834
v -0.034168 -0.001342 0.054877
v 0.034172 0.001319 0.054877
v -0.001429 0.034341 0.054877
v -0.033930 -0.012161 0.054846
v -0.012194 0.034136 0.054846
v 0.033933 0.012138 0.054846
v 0.033745 -0.013941 0.054841
v -0.011774 -0.034231 0.054845
v -0.013749 -0.033890 0.054827
v -0.033741 0.013918 0.054841
v 0.013753 0.033866 0.054827
v 0.029785 -0.018989 0.054864
v 0.032895 -0.015512 0.054838
v 0.008074 -0.034306 0.054868
v -0.018781 -0.029889 0.054864
v -0.015312 -0.033027 0.054838
v -0.029781 0.018965 0.054864
v -0.032892 0.015488 0.054838
v 0.018785 0.029866 0.054864
v 0.015315 0.033004 0.054838
v -0.030570 -0.018107 0.054860
v -0.025032 -0.023726 0.054873
v -0.009174 -0.034334 0.054864
v -0.001006 -0.034372 0.054877
v 0.018101 -0.030802 0.054860
v 0.023673 -0.025253 0.054873
v 0.030572 0.018085 0.054860
v 0.025034 0.023704 0.054873
v -0.018098 0.030777 0.054860
v -0.023671 0.025228 0.054873
vn -0.9929 -0.0342 0.1141
vn -0.9921 -0.0266 0.1224
vn -0.9922 -0.0203 0.1233
vn -0.9925 -0.0022 0.1221
vn 0.0063 0.9998 -0.0191
vn 0.0331 0.9987 -0.0391
vn -0.0169 0.9998 -0.0116
vn -0.0067 0.9997 -0.0254
vn -0.0324 0.9989 -0.0339
vn -0.0399 0.9984 -0.0403
vn 0.9995 0.0261 -0.0166
vn 0.9990 -0.0272 -0.0354
vn 0.9997 0.0165 -0.0171
vn 0.9981 0.0465 -0.0405
vn 0.9989 0.0346 -0.0325
vn 0.9981 0.0460 -0.0398
vn -0.0105 -0.9998 -0.0192
vn -0.0336 -0.9986 -0.0398
vn 0.0170 -0.9998 -0.0118
vn 0.0065 -0.9996 -0.0258
vn 0.0324 -0.9989 -0.0330
vn 0.0412 -0.9983 -0.0401
vn -0.9999 0.0030 -0.0160
vn -0.9988 0.0297 -0.0377
vn -0.9998 -0.0168 -0.0127
vn 0.9929 0.0392 0.1126
vn 0.9922 0.0116 0.1242
vn 0.9929 0.0202 0.1172
vn 0.9953 -0.0016 0.0964
vn 0.7141 0.6964 -0.0708
vn 0.6891 0.7208 -0.0745
vn 0.6933 0.7169 -0.0733
vn -0.0098 0.9918 0.1272
vn -0.0060 0.9916 0.1290
vn 0.0046 0.9918 0.1274
vn 0.0110 0.9930 0.1179
vn -0.0014 0.9959 0.0899
vn 0.0317 0.9950 0.0945
vn -0.7001 0.7105 -0.0710
vn -0.7244 0.6853 -0.0749
vn -0.7062 0.7039 -0.0770
vn -0.9914 -0.0089 0.1304
vn -0.9920 -0.0076 0.1257
vn -0.9931 0.0068 0.1167
vn -0.9954 -0.0010 0.0956
vn -0.9951 0.0285 0.0945
vn -0.7141 -0.6964 -0.0708
vn -0.6891 -0.7208 -0.0747
vn -0.7075 -0.7025 -0.0768
vn -0.0136 -0.9932 0.1156
vn 0.0145 -0.9920 0.1251
vn 0.0317 -0.9932 0.1117
vn -0.0079 -0.9920 0.1258
vn 0.0042 -0.9912 0.1321
vn 0.0078 -0.9904 0.1380
vn 0.0009 -0.9959 0.0905
vn -0.0315 -0.9950 0.0947
vn 0.7001 -0.7105 -0.0710
vn 0.7245 -0.6853 -0.0747
vn 0.7206 -0.6895 -0.0735
vn 0.9989 -0.0172 -0.0440
vn 0.9988 0.0278 -0.0392
vn 0.9995 0.0054 -0.0317
vn 0.6551 0.6638 0.3609
vn 0.6509 0.6999 0.2942
vn 0.6186 0.7241 0.3050
vn 0.6763 0.6726 0.3003
vn 0.7311 0.6143 0.2967
vn 0.0222 0.9988 -0.0440
vn -0.0269 0.9987 -0.0438
vn -0.0200 0.9989 -0.0425
vn -0.0045 0.9998 -0.0177
vn -0.0276 0.9993 -0.0262
vn -0.6646 0.6553 0.3591
vn -0.6449 0.6933 0.3216
vn -0.6807 0.6685 0.2996
vn -0.6293 0.7250 0.2801
vn -0.9989 -0.0063 -0.0460
vn -0.9991 -0.0156 -0.0405
vn -0.9988 -0.0230 -0.0423
vn -0.6091 -0.7289 0.3127
vn -0.6696 -0.6784 0.3023
vn -0.6066 -0.7482 0.2688
vn -0.6624 -0.6562 0.3614
vn -0.7219 -0.6270 0.2927
vn -0.6946 -0.6608 0.2844
vn 0.0176 -0.9998 -0.0123
vn 0.0026 -0.9987 -0.0514
vn -0.0095 -0.9998 -0.0170
vn 0.6667 -0.6517 0.3617
vn 0.7040 -0.6459 0.2953
vn 0.7272 -0.6089 0.3170
vn 0.6760 -0.6726 0.3011
vn 0.6174 -0.7281 0.2976
vn -0.0099 0.0938 0.9955
vn 0.0071 0.0167 0.9998
vn 0.0104 0.0666 0.9977
vn -0.0068 0.0151 0.9999
vn -0.0387 0.0780 0.9962
vn 0.0382 0.0401 0.9985
vn 0.0276 0.0034 0.9996
vn 0.0204 -0.0177 0.9996
vn 0.0775 -0.0104 0.9969
vn 0.0123 -0.0948 0.9954
vn -0.0001 -0.0237 0.9997
vn -0.0124 -0.0684 0.9976
vn 0.0377 -0.0764 0.9964
vn -0.0380 -0.0212 0.9991
vn -0.0053 -0.0063 1.0000
vn -0.0278 -0.0025 0.9996
vn -0.0372 -0.0501 0.9980
vn -0.0283 0.0237 0.9993
vn -0.0771 0.0105 0.9970
vn -0.6434 -0.0037 0.7655
vn -0.7794 0.0215 0.6261
vn -0.6316 0.0386 0.7743
vn -0.7383 0.2679 0.6190
vn -0.7276 0.0787 0.6815
vn -0.8813 0.1284 0.4548
vn -0.5086 0.0600 0.8589
vn -0.5204 0.5199 0.6774
vn -0.6453 0.6853 0.3377
vn -0.4404 0.6041 0.6642
vn -0.4846 0.7143 0.5049
vn -0.2872 0.8501 0.4415
vn -0.4586 0.8582 0.2305
vn -0.2347 0.9523 0.1951
vn -0.3037 0.6617 0.6856
vn -0.3119 0.4791 0.8205
vn 0.0050 0.6305 0.7762
vn 0.0379 0.7647 0.6432
vn 0.0664 0.5948 0.8011
vn -0.0030 0.7956 0.6059
vn 0.0182 0.9329 0.3597
vn 0.2749 0.7363 0.6183
vn 0.1317 0.7218 0.6794
vn 0.1209 0.8797 0.4599
vn 0.5233 0.5184 0.6763
vn 0.6887 0.6421 0.3367
vn 0.6070 0.4392 0.6622
vn 0.7169 0.4826 0.5032
vn 0.8512 0.2870 0.4393
vn 0.8597 0.4565 0.2293
vn 0.9524 0.2352 0.1941
vn 0.6639 0.3034 0.6835
vn 0.4813 0.3113 0.8194
vn 0.6434 0.0037 0.7655
vn 0.7794 -0.0215 0.6261
vn 0.6316 -0.0387 0.7743
vn 0.7405 -0.2705 0.6152
vn 0.7276 -0.0787 0.6814
vn 0.8273 -0.1069 0.5514
vn 0.5086 -0.0600 0.8589
vn 0.5204 -0.5199 0.6774
vn 0.6452 -0.6853 0.3377
vn 0.4404 -0.6041 0.6642
vn 0.4846 -0.7143 0.5049
vn 0.2872 -0.8501 0.4415
vn 0.4586 -0.8582 0.2305
vn 0.2351 -0.9516 0.1978
vn 0.3037 -0.6617 0.6855
vn 0.3119 -0.4791 0.8205
vn -0.0050 -0.6305 0.7762
vn -0.0379 -0.7647 0.6432
vn -0.0664 -0.5949 0.8010
vn 0.0030 -0.7956 0.6059
vn -0.0182 -0.9329 0.3597
vn -0.2750 -0.7363 0.6183
vn -0.1317 -0.7218 0.6794
vn -0.1209 -0.8797 0.4599
vn -0.5233 -0.5184 0.6763
vn -0.6887 -0.6421 0.3367
vn -0.6071 -0.4393 0.6622
vn -0.7169 -0.4826 0.5032
vn -0.8512 -0.2870 0.4393
vn -0.8597 -0.4565 0.2293
vn -0.9524 -0.2352 0.1941
vn -0.6640 -0.3034 0.6834
vn -0.4813 -0.3113 0.8194
vn -0.8526 0.4635 0.2413
vn -0.7566 0.5402 0.3684
vn -0.7262 0.6173 0.3026
vn -0.9428 0.2528 0.2171
vn -0.9089 0.3805 0.1704
vn -0.8603 0.3795 0.3405
vn -0.7236 0.4346 0.5362
vn -0.8169 0.2394 0.5247
vn -0.5291 0.3550 0.7707
vn -0.5345 0.4931 0.6865
vn -0.6448 0.5786 0.4995
vn -0.6802 0.6273 0.3791
vn -0.0720 0.2808 0.9571
vn -0.1220 0.1485 0.9814
vn -0.2342 0.2975 0.9256
vn -0.0274 0.5132 0.8578
vn -0.0118 0.8177 0.5756
vn -0.1096 0.5720 0.8129
vn -0.1873 0.7652 0.6160
vn -0.4733 0.7196 0.5081
vn -0.4207 0.6004 0.6801
vn -0.2697 0.4612 0.8453
vn -0.4303 0.4494 0.7829
vn 0.2349 0.2831 0.9299
vn 0.4623 0.4952 0.7355
vn 0.1996 0.4551 0.8678
vn 0.3473 0.6715 0.6546
vn 0.1549 0.8175 0.5547
vn 0.0458 0.6603 0.7496
vn 0.0040 0.8270 0.5622
vn 0.1349 0.0193 0.9907
vn 0.3100 0.0907 0.9464
vn 0.2012 0.1296 0.9709
vn 0.4516 0.0250 0.8919
vn 0.8204 0.0177 0.5715
vn 0.5907 0.1259 0.7970
vn 0.8205 0.1156 0.5599
vn 0.8675 0.3105 0.3886
vn 0.7026 0.3238 0.6337
vn 0.4443 0.2826 0.8502
vn 0.4340 0.4098 0.8024
vn 0.2485 0.2417 0.9380
vn 0.6036 0.4543 0.6552
vn 0.2701 -0.2310 0.9347
vn 0.4818 -0.3975 0.7809
vn 0.4648 -0.1956 0.8635
vn 0.6801 -0.3400 0.6495
vn 0.8233 -0.1581 0.5452
vn 0.6625 -0.0441 0.7477
vn 0.8383 -0.0020 0.5452
vn 0.0720 -0.2807 0.9571
vn 0.1220 -0.1485 0.9814
vn 0.2481 -0.3072 0.9187
vn 0.0274 -0.5132 0.8578
vn 0.0113 -0.8176 0.5756
vn 0.1321 -0.5833 0.8015
vn 0.1149 -0.8298 0.5461
vn 0.3178 -0.8618 0.3953
vn 0.3245 -0.7007 0.6355
vn 0.2717 -0.4390 0.8564
vn 0.4689 -0.4818 0.7403
vn 0.4559 -0.6001 0.6573
vn -0.2349 -0.2831 0.9299
vn -0.4586 -0.4940 0.7387
vn -0.1996 -0.4552 0.8677
vn -0.3522 -0.6706 0.6529
vn -0.1549 -0.8175 0.5547
vn -0.0458 -0.6603 0.7496
vn -0.0040 -0.8270 0.5622
vn -0.8728 -0.1224 0.4725
vn -0.9626 -0.2043 0.1779
vn -0.8681 -0.2786 0.4108
vn -0.9801 -0.0617 0.1888
vn 0.1347 0.9877 0.0798
vn 0.0241 0.9918 0.1257
vn 0.0129 0.9954 0.0947
vn -0.0275 0.9962 0.0827
vn -0.0322 0.9930 0.1139
vn 0.0193 0.9992 0.0362
vn 0.5356 0.8409 0.0774
vn 0.3711 0.9273 0.0483
vn 0.3545 0.9274 0.1190
vn -0.9890 0.1254 0.0787
vn -0.9939 0.0450 0.1003
vn -0.9952 0.0026 0.0976
vn -0.9992 0.0049 0.0394
vn -0.8196 0.5602 0.1203
vn -0.9380 0.3431 0.0490
vn -0.9351 0.3335 0.1203
vn -0.7427 0.6637 0.0890
vn -0.9934 0.0068 0.1146
vn -0.9955 -0.0255 0.0910
vn -0.1395 -0.9873 0.0766
vn -0.0100 -0.9953 0.0963
vn 0.0272 -0.9959 0.0865
vn -0.0196 -0.9984 0.0539
vn -0.5017 -0.8616 0.0776
vn -0.3555 -0.9332 0.0531
vn -0.3747 -0.9191 0.1217
vn 0.9880 -0.1330 0.0788
vn 0.9940 -0.0299 0.1047
vn 0.9989 -0.0072 0.0456
vn 0.8378 -0.5404 0.0778
vn 0.9296 -0.3653 0.0481
vn 0.9236 -0.3633 0.1226
vn -0.9969 -0.0402 0.0679
vn -0.9771 0.1994 0.0737
vn -0.9150 0.4033 0.0080
vn -0.9853 0.1532 0.0752
vn 0.9917 -0.0053 0.1284
vn 0.9890 -0.0337 0.1437
vn 0.9907 0.0020 0.1364
vn 0.9770 -0.0302 0.2111
vn 0.9257 -0.0252 0.3775
vn 0.9744 0.0063 0.2247
vn 0.9875 0.0145 0.1566
vn 0.9866 0.0019 0.1633
vn 0.9850 0.0505 0.1648
vn 0.9914 0.0200 0.1296
vn 0.0131 0.9997 -0.0212
vn 0.0200 0.9991 -0.0383
vn 0.0295 0.9991 0.0295
vn 0.0195 0.9982 0.0573
vn -0.0122 0.9995 0.0292
vn -0.1291 0.9909 0.0395
vn -0.3703 0.9238 0.0976
vn -0.3691 0.9145 0.1656
vn 0.1697 0.9829 0.0713
vn 0.1192 0.9920 0.0415
vn 0.0059 0.9998 -0.0206
vn 0.0668 0.9977 0.0062
vn -0.0225 0.9996 0.0170
vn -0.0407 0.9990 0.0171
vn -0.0033 1.0000 -0.0057
vn -0.0261 0.9979 0.0600
vn -0.0443 0.9984 -0.0338
vn -0.0293 0.9994 -0.0183
vn 0.9987 -0.0354 -0.0379
vn 0.9996 -0.0287 0.0077
vn 0.9990 -0.0239 -0.0366
vn 0.9996 0.0103 0.0262
vn 0.9918 0.1209 0.0403
vn 0.9499 0.2923 0.1102
vn 0.9350 0.3216 0.1493
vn 0.9930 0.1143 0.0310
vn 0.9829 -0.1703 0.0699
vn 0.9436 -0.3079 0.1215
vn 0.9928 -0.1132 0.0396
vn 0.9979 -0.0648 0.0073
vn 0.9998 -0.0062 -0.0202
vn 0.9996 0.0104 -0.0258
vn 1.0000 0.0033 0.0018
vn 0.9990 0.0405 0.0184
vn 0.9960 0.0313 0.0837
vn 1.0000 0.0065 -0.0060
vn 0.9975 0.0292 0.0642
vn 0.9994 0.0274 -0.0194
vn -0.0248 -0.9989 -0.0409
vn -0.0204 -0.9990 -0.0393
vn -0.0295 -0.9991 0.0292
vn -0.0207 -0.9981 0.0579
vn 0.0122 -0.9995 0.0291
vn 0.1289 -0.9909 0.0393
vn 0.3634 -0.9264 0.0989
vn 0.3630 -0.9181 0.1592
vn -0.1699 -0.9829 0.0711
vn -0.1373 -0.9897 0.0409
vn -0.0160 -0.9997 -0.0177
vn -0.0677 -0.9977 0.0061
vn -0.0019 -1.0000 0.0004
vn 0.0371 -0.9992 0.0180
vn 0.0030 -1.0000 -0.0066
vn 0.0273 -0.9979 0.0588
vn 0.0260 -0.9995 -0.0195
vn 0.0305 -0.9986 -0.0422
vn -0.9990 0.0183 -0.0397
vn -0.9988 0.0275 -0.0406
vn -0.9993 0.0231 0.0277
vn -0.9992 0.0272 -0.0290
vn -0.9999 -0.0063 -0.0086
vn -0.9980 0.0171 0.0600
vn -0.9994 -0.0190 0.0302
vn -0.9925 -0.1149 0.0407
vn -0.9988 -0.0477 -0.0072
vn -0.9499 -0.2926 0.1098
vn -0.9287 -0.3354 0.1582
vn -0.9929 -0.1146 0.0317
vn 0.9805 -0.1800 0.0785
vn 0.9694 -0.2392 0.0548
vn 0.9143 -0.4050 0.0072
vn 0.9930 0.0482 0.1078
vn 0.9826 0.1695 0.0752
vn 0.9895 0.1222 0.0777
vn 0.9795 0.1823 0.0862
vn 0.9284 0.3687 0.0454
vn 0.9956 0.0108 0.0933
vn 0.9934 -0.0243 0.1117
vn 0.9931 -0.0065 0.1169
vn 0.7010 0.7118 -0.0442
vn 0.7347 0.6778 -0.0292
vn 0.6656 0.6749 0.3186
vn 0.7325 0.6738 0.0973
vn 0.7038 0.7065 0.0740
vn 0.6573 0.7504 0.0692
vn 0.6381 0.7406 0.2108
vn 0.6278 0.7770 -0.0463
vn 0.6236 0.7801 -0.0512
vn 0.4736 0.8807 -0.0103
vn 0.4869 0.8734 -0.0084
vn 0.2743 0.9600 0.0552
vn 0.0007 0.9894 0.1453
vn 0.0306 0.9770 0.2109
vn -0.0107 0.9867 0.1622
vn -0.0020 0.9728 0.2314
vn -0.0449 0.9930 0.1094
vn -0.2089 0.9752 0.0735
vn -0.1206 0.9897 0.0775
vn -0.1802 0.9798 0.0863
vn -0.3449 0.9379 0.0382
vn -0.7155 0.6972 -0.0443
vn -0.6814 0.7313 -0.0293
vn -0.6782 0.6619 0.3194
vn -0.6774 0.7291 0.0977
vn -0.7102 0.7001 0.0743
vn -0.7541 0.6531 0.0693
vn -0.7440 0.6339 0.2113
vn -0.9895 -0.0005 0.1447
vn -0.9773 0.0250 0.2103
vn -0.9864 -0.0157 0.1633
vn -0.9282 0.0193 0.3716
vn -0.9732 -0.0052 0.2299
vn -0.9904 -0.0114 0.1381
vn -0.9859 -0.0584 0.1567
vn -0.9929 -0.0479 0.1089
vn -0.9825 -0.1703 0.0751
vn -0.9897 -0.1212 0.0765
vn -0.9797 -0.1813 0.0858
vn -0.9288 -0.3679 0.0449
vn -0.7009 -0.7118 -0.0442
vn -0.7347 -0.6778 -0.0292
vn -0.6656 -0.6749 0.3186
vn -0.7325 -0.6738 0.0973
vn -0.7039 -0.7065 0.0740
vn -0.6573 -0.7504 0.0692
vn -0.6381 -0.7406 0.2108
vn -0.6278 -0.7770 -0.0464
vn -0.4724 -0.8813 -0.0100
vn -0.5130 -0.8582 -0.0192
vn -0.2744 -0.9600 0.0552
vn -0.6558 -0.7524 -0.0618
vn -0.0046 -0.9892 0.1462
vn -0.0298 -0.9773 0.2096
vn 0.0132 -0.9864 0.1641
vn 0.0020 -0.9728 0.2315
vn -0.0041 -0.9938 0.1114
vn 0.1099 -0.9829 0.1479
vn 0.1069 -0.9901 0.0906
vn 0.2168 -0.9735 0.0732
vn 0.1207 -0.9896 0.0776
vn 0.2870 -0.9569 0.0434
vn 0.3470 -0.9371 0.0385
vn 0.0105 -0.9937 0.1112
vn 0.7155 -0.6972 -0.0443
vn 0.6814 -0.7313 -0.0293
vn 0.6782 -0.6619 0.3194
vn 0.6774 -0.7291 0.0977
vn 0.7102 -0.7001 0.0742
vn 0.7541 -0.6531 0.0693
vn 0.7440 -0.6339 0.2113
vn 0.9993 -0.0184 -0.0323
vn 0.9973 0.0083 0.0735
vn 0.9999 0.0155 -0.0051
vn 0.9922 -0.0811 0.0951
vn 0.5997 0.5966 0.5333
vn 0.6086 0.6505 0.4544
vn 0.5129 0.6103 0.6036
vn 0.6824 0.6253 0.3787
vn 0.6047 0.5433 0.5824
vn -0.0055 0.9972 0.0740
vn -0.0069 0.9999 0.0150
vn -0.9815 0.1740 0.0797
vn -0.9932 0.1106 0.0374
vn -0.9994 0.0338 -0.0035
vn -0.9990 -0.0287 -0.0348
vn -0.9988 -0.0358 -0.0343
vn -0.6012 0.5976 0.5305
vn -0.6178 0.6744 0.4042
vn -0.5476 0.6120 0.5706
vn -0.9998 -0.0167 -0.0050
vn -0.9999 0.0044 -0.0139
vn -0.9928 -0.0063 0.1197
vn -0.9396 -0.0189 0.3416
vn -0.5999 -0.5991 0.5302
vn -0.6510 -0.6704 0.3559
vn -0.6160 -0.6707 0.4132
vn -0.5240 -0.6193 0.5847
vn -0.5948 -0.5258 0.6081
vn -0.6804 -0.6266 0.3800
vn -0.0028 -0.9996 -0.0273
vn -0.0128 -0.9952 0.0973
vn 0.0561 -0.9959 0.0707
vn 0.0048 -0.9713 0.2379
vn 0.6081 -0.5992 0.5207
vn 0.6548 -0.6026 0.4562
vn 0.6046 -0.5289 0.5956
vn 0.6283 -0.6790 0.3797
vn 0.5467 -0.6063 0.5775
vn -0.9883 0.0403 0.1468
vn -0.9102 0.2163 0.3532
vn -0.9697 0.1600 0.1845
vn -0.9847 -0.0556 0.1652
vn -0.9200 0.3890 0.0479
vn -0.8326 0.5536 -0.0151
vn -0.8441 0.5362 0.0008
vn -0.7882 0.6140 -0.0417
vn -0.7376 0.6751 -0.0154
vn -0.8864 0.4127 0.2096
vn -0.7111 0.5126 0.4813
vn -0.6140 0.4349 0.6587
vn -0.6241 0.5834 0.5197
vn -0.4665 0.3042 0.8305
vn -0.6076 0.1928 0.7704
vn -0.6239 0.7587 0.1876
vn -0.5710 0.8184 0.0646
vn -0.6491 0.7586 -0.0571
vn -0.4859 0.8738 0.0178
vn -0.3522 0.9308 0.0977
vn -0.3067 0.9503 0.0528
vn -0.1309 0.9823 0.1341
vn -0.0748 0.9272 0.3671
vn -0.0471 0.9853 0.1642
vn -0.0609 0.9701 0.2348
vn -0.0167 0.9451 0.3265
vn -0.0995 0.7193 0.6876
vn -0.0906 0.7967 0.5975
vn -0.0150 0.6770 0.7358
vn -0.0317 0.3570 0.9336
vn -0.1648 0.5464 0.8211
vn 0.0447 0.9874 0.1516
vn 0.2207 0.9087 0.3543
vn 0.1645 0.9688 0.1854
vn 0.4020 0.9147 0.0425
vn 0.0315 0.9883 0.1491
vn 0.5589 0.8291 -0.0159
vn 0.5411 0.8409 0.0007
vn 0.6790 0.7339 -0.0154
vn 0.4179 0.8839 0.2098
vn 0.5171 0.7082 0.4808
vn 0.4383 0.6121 0.6582
vn 0.5872 0.6214 0.5187
vn 0.3072 0.4652 0.8302
vn 0.1659 0.6024 0.7808
vn 0.7615 0.6207 0.1868
vn 0.8206 0.5679 0.0643
vn 0.7616 0.6456 -0.0568
vn 0.8751 0.4836 0.0177
vn 0.9312 0.3512 0.0971
vn 0.9508 0.3054 0.0520
vn 0.9821 0.1327 0.1333
vn 0.9244 0.0835 0.3722
vn 0.9704 0.0640 0.2327
vn 0.9178 0.0127 0.3968
vn 0.7162 0.0821 0.6930
vn 0.8068 0.0862 0.5845
vn 0.7608 0.0191 0.6487
vn 0.3584 0.0326 0.9330
vn 0.5484 0.1651 0.8197
vn 0.9257 -0.1748 0.3355
vn 0.9906 -0.0544 0.1255
vn 0.9207 -0.3873 0.0483
vn 0.9656 -0.2117 0.1510
vn 0.8326 -0.5536 -0.0151
vn 0.8441 -0.5361 0.0008
vn 0.7882 -0.6140 -0.0417
vn 0.7376 -0.6751 -0.0154
vn 0.8804 -0.4292 0.2017
vn 0.7111 -0.5126 0.4813
vn 0.6140 -0.4349 0.6587
vn 0.6241 -0.5834 0.5197
vn 0.4665 -0.3042 0.8305
vn 0.6076 -0.1928 0.7705
vn 0.6239 -0.7587 0.1876
vn 0.5710 -0.8184 0.0646
vn 0.2685 -0.9608 0.0687
vn 0.5064 -0.8621 -0.0174
vn 0.6491 -0.7586 -0.0571
vn 0.4724 -0.8811 0.0234
vn 0.3425 -0.9344 0.0981
vn 0.0897 -0.9890 0.1179
vn 0.0748 -0.9272 0.3671
vn 0.0167 -0.9451 0.3265
vn 0.0598 -0.9693 0.2386
vn 0.0995 -0.7192 0.6876
vn 0.0906 -0.7967 0.5975
vn 0.0149 -0.6770 0.7358
vn 0.0318 -0.3571 0.9335
vn 0.1649 -0.5465 0.8210
vn -0.0423 -0.9893 0.1399
vn -0.2207 -0.9088 0.3542
vn -0.1653 -0.9689 0.1840
vn -0.0341 -0.9883 0.1485
vn -0.4019 -0.9147 0.0425
vn -0.5590 -0.8290 -0.0159
vn -0.5411 -0.8409 0.0007
vn -0.6791 -0.7339 -0.0153
vn -0.4179 -0.8839 0.2098
vn -0.5171 -0.7082 0.4808
vn -0.4382 -0.6121 0.6582
vn -0.5872 -0.6214 0.5187
vn -0.3072 -0.4653 0.8301
vn -0.1659 -0.6024 0.7808
vn -0.7615 -0.6207 0.1868
vn -0.8206 -0.5679 0.0643
vn -0.7616 -0.6456 -0.0568
vn -0.8751 -0.4836 0.0177
vn -0.9312 -0.3513 0.0971
vn -0.9505 -0.3063 0.0524
vn -0.9815 -0.1380 0.1328
vn -0.9244 -0.0835 0.3722
vn -0.9704 -0.0630 0.2333
vn -0.9178 -0.0127 0.3968
vn -0.7162 -0.0821 0.6931
vn -0.8068 -0.0862 0.5845
vn -0.7608 -0.0192 0.6487
vn -0.3586 -0.0327 0.9329
vn -0.5486 -0.1652 0.8196
vn -0.9999 0.0110 0.0077
vn -0.9920 0.0818 0.0957
vn -0.9987 -0.0363 -0.0345
vn -0.9652 0.0747 0.2508
vn -0.5167 0.1853 0.8359
vn -0.7277 0.0895 0.6800
vn -0.9164 0.0215 0.3997
vn -0.7807 -0.0049 0.6249
vn -0.3708 0.0523 0.9272
vn -0.5417 0.0179 0.8404
vn -0.2773 0.1989 0.9400
vn -0.3893 0.3459 0.8537
vn -0.0395 0.9985 0.0370
vn -0.0453 0.9633 0.2647
vn -0.0661 0.9978 0.0040
vn -0.1752 0.9816 0.0757
vn -0.2046 0.9660 0.1578
vn -0.4311 0.8469 0.3113
vn -0.3176 0.8475 0.4252
vn -0.5038 0.8348 0.2221
vn -0.5414 0.7812 0.3109
vn 0.5621 0.7363 0.3767
vn 0.4821 0.6896 0.5404
vn 0.3284 0.9230 0.2004
vn 0.5051 0.8231 0.2597
vn 0.3606 0.9192 0.1582
vn 0.3757 0.8544 0.3591
vn 0.1658 0.9500 0.2644
vn 0.1288 0.9846 0.1182
vn 0.0423 0.9988 0.0262
vn 0.0220 0.9929 0.1168
vn 0.0279 0.9388 0.3433
vn -0.0033 0.9683 0.2499
vn 0.9895 0.0492 0.1358
vn 0.9422 0.1139 0.3152
vn 0.9711 0.0054 0.2385
vn 1.0000 0.0082 -0.0008
vn 0.9952 0.0725 0.0653
vn 0.9518 0.2436 0.1866
vn 0.8363 0.4783 0.2680
vn 0.7694 0.5022 0.3947
vn 0.8408 0.4958 0.2171
vn 0.7564 -0.5399 0.3692
vn 0.6933 -0.4785 0.5389
vn 0.9406 -0.2573 0.2216
vn 0.8487 -0.4678 0.2465
vn 0.9253 -0.3426 0.1626
vn 0.8522 -0.3693 0.3706
vn 0.9991 -0.0357 0.0229
vn 0.9738 -0.0741 0.2149
vn 0.9372 -0.0203 0.3482
vn 0.0637 -0.9980 0.0037
vn 0.2430 -0.9523 0.1848
vn 0.0433 -0.9667 0.2521
vn 0.4772 -0.8382 0.2640
vn 0.5045 -0.7672 0.3961
vn 0.5051 -0.8346 0.2197
vn -0.5084 -0.7131 0.4827
vn -0.3293 -0.9227 0.2005
vn -0.5061 -0.8188 0.2708
vn -0.3607 -0.9192 0.1578
vn -0.3720 -0.8571 0.3564
vn -0.1630 -0.9511 0.2623
vn -0.1290 -0.9845 0.1191
vn -0.0408 -0.9988 0.0263
vn -0.0290 -0.9402 0.3395
vn -0.9971 -0.0493 0.0586
vn -0.8599 -0.4010 0.3158
vn -0.7867 -0.5374 0.3037
vn -0.7164 -0.5089 0.4772
vn -0.6939 -0.3369 0.6364
vn -0.3100 -0.0908 0.9464
vn -0.6041 -0.1276 0.7866
vn -0.4557 -0.3023 0.8372
vn -0.4320 -0.4079 0.8044
vn -0.2485 -0.2417 0.9380
vn -0.1372 -0.0190 0.9904
vn -0.2012 -0.1296 0.9709
vn -0.4520 -0.0188 0.8918
vn -0.7636 -0.0275 0.6451
vn 0.9981 -0.0152 0.0603
vn 0.9937 -0.0112 0.1118
vn 0.8079 0.5628 0.1751
vn 0.6622 0.7394 0.1220
vn 0.7054 0.6709 0.2286
vn 0.5251 0.8289 0.1928
vn 0.8511 0.5187 0.0814
vn 0.9342 0.3404 0.1068
vn 0.9969 -0.0229 0.0757
vn 0.6430 0.7658 -0.0110
vn 0.7861 0.6168 0.0391
vn 0.7314 0.6807 -0.0404
vn 0.8616 0.5076 -0.0096
vn 0.7708 0.6347 -0.0549
vn 0.0305 0.9991 -0.0287
vn -0.9995 -0.0330 -0.0004
vn -0.9999 0.0105 -0.0111
vn -0.5415 0.8244 0.1647
vn -0.6742 0.7029 0.2267
vn -0.8313 0.5212 0.1932
vn -0.4033 0.9119 0.0756
vn -0.6242 0.7805 0.0351
vn -0.7929 0.6092 0.0149
vn -0.7210 0.6923 -0.0298
vn -0.5267 0.8500 -0.0120
vn -0.6435 0.7635 -0.0553
vn -0.7560 0.6516 -0.0619
vn -0.8598 0.5103 -0.0185
vn -0.8080 -0.5630 0.1735
vn -0.6805 -0.7228 0.1202
vn -0.7052 -0.6712 0.2287
vn -0.5279 -0.8268 0.1940
vn -0.8398 -0.5382 0.0711
vn -0.9322 -0.3467 0.1037
vn -0.6665 -0.7452 0.0202
vn -0.7333 -0.6786 -0.0415
vn -0.6115 -0.7911 -0.0107
vn -0.8614 -0.5079 -0.0090
vn -0.7667 -0.6396 -0.0556
vn 0.0441 -0.9984 -0.0348
vn 0.5330 -0.8292 0.1683
vn 0.7310 -0.6722 0.1176
vn 0.6722 -0.7043 0.2280
vn 0.8300 -0.5229 0.1942
vn 0.4840 -0.8715 0.0785
vn 0.7711 -0.6365 -0.0118
vn 0.6464 -0.7625 0.0266
vn 0.6843 -0.7280 -0.0407
vn 0.5188 -0.8548 -0.0105
vn 0.6381 -0.7680 -0.0551
vn 0.7836 -0.6191 -0.0513
vn 0.8759 -0.4825 -0.0083
vn -0.9989 -0.0297 0.0365
vn -0.9981 -0.0474 -0.0382
vn -0.0349 -0.0012 0.9994
vn 0.6145 0.0119 0.7888
vn 0.0155 0.9940 0.1085
vn 0.5898 0.7649 0.2590
vn 0.4688 0.8598 0.2023
vn 0.6480 0.7152 0.2617
vn -0.0179 0.9931 0.1159
vn 0.9988 0.0154 -0.0467
vn 0.7486 0.6089 0.2624
vn 0.8672 -0.4561 0.1998
vn 0.7681 -0.5853 0.2597
vn 0.7186 -0.6441 0.2623
vn 0.0196 -0.9989 -0.0427
vn 0.6117 -0.7461 0.2630
vn -0.4746 -0.8563 0.2039
vn -0.6492 -0.7142 0.2617
vn 0.0280 -0.9926 0.1178
vn -0.7627 -0.5940 0.2558
vn -0.8399 -0.4969 0.2183
vn 0.8589 0.5116 -0.0214
vn 0.4808 0.4878 0.7287
vn 0.2472 0.9674 0.0546
vn 0.1101 0.9902 0.0862
vn -0.0289 0.9924 0.1192
vn 0.0005 0.0955 0.9954
vn -0.5142 0.8574 -0.0215
vn -0.4895 0.4774 0.7297
vn 0.0343 0.0012 0.9994
vn -0.6145 -0.0119 0.7888
vn -0.8589 -0.5117 -0.0214
vn -0.4808 -0.4877 0.7287
vn -0.1605 -0.9842 0.0746
vn -0.1147 -0.9896 0.0870
vn -0.0005 -0.0954 0.9954
vn 0.4895 -0.4774 0.7297
vn 0.5247 -0.0049 0.8513
vn 0.2363 -0.0014 0.9717
vn 0.0732 -0.0319 0.9968
vn 0.3432 -0.0541 0.9377
vn 0.1831 -0.0795 0.9799
vn 0.0691 0.1537 0.9857
vn 0.1083 0.1020 0.9889
vn 0.0010 0.4780 0.8784
vn 0.0035 0.1797 0.9837
vn 0.0576 0.3399 0.9387
vn -0.8108 0.5348 0.2379
vn -0.7314 0.6243 0.2746
vn -0.7168 0.6462 0.2621
vn -0.3085 0.3026 0.9018
vn -0.1904 0.0757 0.9788
vn -0.0732 0.0317 0.9968
vn -0.1023 0.0990 0.9898
vn -0.2521 0.0018 0.9677
vn -0.0693 -0.1561 0.9853
vn -0.1020 -0.0992 0.9898
vn -0.0010 -0.4780 0.8784
vn -0.0035 -0.1797 0.9837
vn -0.0576 -0.3399 0.9387
vn 0.3027 -0.2933 0.9068
vn 0.0988 -0.0959 0.9905
vn -0.0302 -0.9991 -0.0289
vn -0.2062 0.2253 0.9522
vn 0.0700 -0.0855 0.9939
vn 0.2270 0.2057 0.9519
vn -0.0864 -0.0700 0.9938
vn 0.2061 -0.2253 0.9522
vn -0.0701 0.0857 0.9939
vn -0.2270 -0.2057 0.9519
vn 0.0867 0.0704 0.9937
vn -0.1525 0.9433 0.2949
vn 0.1567 -0.9401 0.3028
vn 0.1715 -0.9823 0.0757
vn 0.1248 -0.1074 0.9864
vn -0.1080 -0.1242 0.9864
vn -0.2106 -0.0138 0.9775
vn -0.1249 0.1074 0.9863
vn 0.1078 0.1241 0.9864
vn 0.2097 0.0138 0.9777
vn -0.5805 0.7760 0.2466
vn 0.3808 0.3858 0.8403
vn 0.0002 0.1171 0.9931
vn -0.3871 0.3779 0.8410
vn -0.3808 -0.3858 0.8403
vn -0.0002 -0.1171 0.9931
vn 0.3870 -0.3779 0.8411
vn 0.9887 -0.1033 -0.1087
vn 0.9940 -0.0679 -0.0863
vn 0.9838 -0.1604 -0.0798
vn 0.9914 -0.1048 -0.0785
vn 0.9966 0.0140 -0.0806
vn 0.9904 -0.0599 -0.1243
vn 0.9836 -0.1498 -0.1010
vn 0.9810 -0.0661 -0.1826
vn 0.9803 0.1507 -0.1275
vn 0.9935 0.0317 -0.1097
vn 0.9844 0.0156 -0.1754
vn 0.9874 0.1461 -0.0609
vn -0.9950 0.0323 -0.0947
vn -0.9955 -0.0448 -0.0835
vn -0.9981 0.0020 -0.0611
vn -0.9673 0.1929 -0.1646
vn -0.9852 0.1135 -0.1282
vn -0.9651 -0.1999 -0.1692
vn -0.9854 0.0558 -0.1606
vn -0.9733 -0.1208 -0.1953
vn -0.9848 -0.1277 -0.1182
vn -0.9906 -0.0405 -0.1304
vn 0.1049 -0.9811 0.1625
vn 0.1019 -0.9838 0.1475
vn 0.1544 -0.9813 0.1146
vn 0.0696 -0.9671 0.2448
vn 0.0440 -0.9848 0.1680
vn 0.1004 -0.9892 0.1071
vn 0.0194 -0.9702 0.2415
vn -0.0941 -0.9832 0.1563
vn -0.0211 -0.9935 0.1122
vn -0.1378 -0.9883 0.0651
vn 0.1676 -0.9813 0.0951
vn 0.1116 -0.9902 0.0844
vn 0.0500 -0.9940 0.0971
vn 0.0034 -0.9810 0.1941
vn 0.0582 -0.9916 0.1151
vn 0.1187 -0.9806 0.1560
vn -0.0520 -0.9936 0.1001
vn -0.0698 -0.9860 0.1515
vn -0.0882 -0.9780 0.1890
vn -0.0569 -0.9737 0.2208
vn -0.1182 -0.9830 0.1402
vn -0.1107 -0.9864 0.1211
vn 0.1026 -0.9922 0.0713
vn -0.0262 -0.9962 0.0831
vn -0.1342 -0.9869 0.0893
vn -0.9811 -0.1069 0.1615
vn -0.9837 -0.1039 0.1466
vn -0.9812 -0.1559 0.1138
vn -0.9672 -0.0720 0.2435
vn -0.9849 -0.0467 0.1670
vn -0.9890 -0.1025 0.1064
vn -0.9705 -0.0223 0.2402
vn -0.9837 0.0901 0.1555
vn -0.9936 0.0178 0.1116
vn -0.9889 0.1335 0.0647
vn -0.9811 -0.1688 0.0945
vn -0.9900 -0.1135 0.0838
vn -0.9939 -0.0526 0.0965
vn -0.9812 -0.0065 0.1931
vn -0.9916 -0.0607 0.1144
vn -0.9805 -0.1205 0.1551
vn -0.9939 0.0483 0.0995
vn -0.9864 0.0660 0.1507
vn -0.9785 0.0842 0.1881
vn -0.9741 0.0533 0.2197
vn -0.9836 0.1139 0.1396
vn -0.9870 0.1065 0.1205
vn -0.9920 -0.1046 0.0708
vn -0.9963 0.0228 0.0826
vn -0.9875 0.1298 0.0888
vn -0.1049 0.9811 0.1626
vn -0.1019 0.9838 0.1476
vn -0.1544 0.9813 0.1147
vn -0.0696 0.9670 0.2449
vn -0.0440 0.9848 0.1681
vn -0.1005 0.9891 0.1072
vn -0.0194 0.9702 0.2416
vn 0.0941 0.9832 0.1565
vn 0.0211 0.9934 0.1124
vn 0.1378 0.9883 0.0653
vn -0.1676 0.9812 0.0952
vn -0.1116 0.9901 0.0845
vn -0.0500 0.9940 0.0972
vn -0.0034 0.9809 0.1943
vn -0.0582 0.9916 0.1153
vn -0.1187 0.9806 0.1561
vn 0.0520 0.9936 0.1003
vn 0.0699 0.9860 0.1516
vn 0.0882 0.9780 0.1891
vn 0.0570 0.9736 0.2209
vn 0.1182 0.9830 0.1404
vn 0.1108 0.9864 0.1212
vn -0.1026 0.9922 0.0714
vn 0.0263 0.9962 0.0832
vn 0.1343 0.9869 0.0894
vn 0.9810 0.1070 0.1618
vn 0.9837 0.1040 0.1469
vn 0.9810 0.1574 0.1134
vn 0.9672 0.0720 0.2437
vn 0.9848 0.0467 0.1673
vn 0.9890 0.1025 0.1067
vn 0.9704 0.0224 0.2405
vn 0.9837 -0.0901 0.1558
vn 0.9936 -0.0178 0.1119
vn 0.9889 -0.1335 0.0650
vn 0.9806 0.1718 0.0942
vn 0.9903 0.1115 0.0835
vn 0.9939 0.0526 0.0968
vn -0.9837 0.1614 -0.0794
vn -0.9911 0.0842 -0.1032
vn -0.9914 0.1095 -0.0715
vn -0.9968 0.0019 -0.0796
vn -0.9900 0.0652 -0.1253
vn -0.9836 0.1495 -0.1008
vn -0.9808 0.0629 -0.1846
vn -0.9896 -0.1083 -0.0947
vn -0.9850 -0.0215 -0.1712
vn -0.9716 -0.1519 -0.1814
vn -0.9937 -0.0062 -0.1122
vn -0.9946 -0.0556 -0.0881
vn -0.9872 -0.1367 -0.0827
vn -0.9833 -0.1685 -0.0686
vn -0.9933 0.0742 -0.0887
vn -0.9972 0.0342 -0.0672
vn -0.9846 -0.0190 -0.1738
vn -0.9920 -0.0305 -0.1222
vn -0.9860 -0.0942 -0.1378
vn -0.6988 -0.7059 0.1156
vn -0.7424 -0.6611 0.1086
vn -0.7086 -0.6990 0.0964
vn -0.1830 -0.9803 -0.0749
vn -0.0885 -0.9907 -0.1034
vn -0.1135 -0.9908 -0.0738
vn -0.0055 -0.9968 -0.0798
vn -0.0690 -0.9896 -0.1259
vn -0.1539 -0.9829 -0.1017
vn -0.0667 -0.9804 -0.1855
vn 0.1068 -0.9897 -0.0951
vn 0.0187 -0.9849 -0.1719
vn 0.1505 -0.9716 -0.1824
vn 0.0032 -0.9936 -0.1125
vn 0.2038 -0.9646 -0.1671
vn 0.0098 -0.9904 -0.1378
vn 0.0950 -0.9747 -0.2024
vn 0.1244 -0.9852 -0.1184
vn -0.1231 -0.9841 -0.1277
vn -0.0638 -0.9935 -0.0946
vn 0.0395 -0.9978 -0.0536
vn 0.0263 -0.9958 -0.0876
vn -0.0154 -0.9977 -0.0667
vn 0.0024 -0.9995 -0.0327
vn -0.0182 -0.9998 -0.0076
vn 0.0524 -0.9947 -0.0888
vn 0.1351 -0.9873 -0.0832
vn 0.1672 -0.9835 -0.0690
vn -0.0818 -0.9924 -0.0915
vn -0.0497 -0.9962 -0.0713
vn -0.0932 -0.9844 -0.1494
vn 0.0285 -0.9922 -0.1213
vn 0.0924 -0.9860 -0.1388
vn 0.0218 -0.9837 -0.1785
vn 0.6900 -0.7185 0.0880
vn 0.7150 -0.6946 0.0792
vn 0.7108 -0.6965 0.0984
vn 0.7544 -0.6498 0.0932
vn 0.7566 -0.6494 0.0763
vn 0.7094 -0.6952 0.1159
vn 0.6853 -0.7210 0.1027
vn 0.9840 0.1127 -0.1379
vn 0.9899 -0.0118 -0.1414
vn 0.9748 0.0959 -0.2014
vn 0.9947 0.0435 -0.0927
vn 0.9849 -0.1178 -0.1265
vn 0.9938 -0.0586 -0.0940
vn 0.9943 0.0658 -0.0835
vn 0.9739 0.1826 -0.1344
vn 0.9977 -0.0106 -0.0673
vn 0.9986 0.0275 -0.0456
vn 0.9998 0.0041 -0.0203
vn 0.9990 -0.0153 -0.0415
vn 0.9962 -0.0429 -0.0763
vn 0.9946 0.0545 -0.0885
vn 0.9960 0.0412 -0.0788
vn 0.9926 -0.0768 -0.0940
vn 0.9845 0.0194 -0.1745
vn 0.9922 0.0329 -0.1204
vn 0.9860 0.0942 -0.1378
vn 0.6606 0.7440 0.1006
vn 0.7027 0.7050 0.0957
vn 0.6692 0.7385 0.0820
vn 0.1808 0.9806 -0.0757
vn 0.0885 0.9907 -0.1034
vn 0.1238 0.9896 -0.0737
vn 0.0056 0.9968 -0.0797
vn 0.0690 0.9896 -0.1259
vn 0.1539 0.9828 -0.1016
vn 0.0667 0.9804 -0.1855
vn -0.1068 0.9897 -0.0951
vn -0.0186 0.9849 -0.1719
vn -0.1505 0.9716 -0.1824
vn -0.0032 0.9936 -0.1125
vn -0.2059 0.9642 -0.1672
vn -0.0098 0.9904 -0.1378
vn -0.0950 0.9747 -0.2024
vn -0.1235 0.9852 -0.1186
vn 0.1231 0.9841 -0.1277
vn 0.0638 0.9935 -0.0947
vn -0.0953 0.9903 -0.1006
vn -0.0252 0.9958 -0.0886
vn -0.0340 0.9985 -0.0438
vn 0.0188 0.9975 -0.0683
vn 0.0195 0.9996 0.0207
vn -0.0524 0.9947 -0.0888
vn -0.1351 0.9873 -0.0832
vn -0.1673 0.9835 -0.0690
vn 0.0818 0.9924 -0.0915
vn 0.0497 0.9962 -0.0713
vn 0.0932 0.9844 -0.1494
vn -0.0285 0.9922 -0.1213
vn -0.0924 0.9860 -0.1388
vn -0.0218 0.9837 -0.1785
vn -0.7094 0.6953 0.1158
vn -0.6646 0.7392 0.1090
vn -0.7018 0.7057 0.0973
vn -0.9742 0.1531 0.1659
vn -0.9821 -0.0363 0.1849
vn -0.9720 0.0959 0.2146
vn -0.9576 -0.2170 0.1895
vn -0.9828 -0.1249 0.1364
vn -0.9900 0.0130 0.1403
vn -0.9944 -0.0264 0.1019
vn -0.9966 0.0449 0.0693
vn -0.9974 -0.0035 0.0722
vn -0.9917 0.0710 0.1075
vn -0.9975 -0.0534 0.0471
vn -0.9985 -0.0325 0.0440
vn -0.7528 -0.6507 -0.0994
vn -0.7012 -0.7040 -0.1126
vn -0.7381 -0.6692 -0.0859
vn -0.6590 -0.7473 -0.0856
vn -0.7030 -0.7047 -0.0962
vn -0.0398 -0.9980 0.0487
vn -0.0034 -0.9961 0.0879
vn -0.0682 -0.9903 0.1208
vn 0.0031 -0.9994 0.0353
vn 0.0409 -0.9968 0.0691
vn 0.1126 -0.9853 0.1285
vn 0.0275 -0.9890 0.1456
vn -0.0078 -0.9812 0.1930
vn 0.2163 -0.9570 0.1934
vn 0.9920 0.1040 0.0721
vn 0.9940 -0.0444 0.1002
vn 0.9963 -0.0229 0.0826
vn 0.9873 -0.1152 0.1090
vn 0.9862 -0.0987 0.1327
vn 0.9902 0.0857 0.1101
vn 0.9807 -0.0171 0.1947
vn 0.9898 -0.0269 0.1397
vn 0.9788 -0.0791 0.1887
vn 0.9824 -0.1577 0.1004
vn 0.7074 -0.6992 -0.1037
vn 0.7304 -0.6775 -0.0869
vn 0.7177 -0.6922 -0.0763
vn 0.6864 -0.7189 -0.1096
vn 0.6716 -0.7362 -0.0840
vn 0.9742 -0.1526 0.1664
vn 0.9824 0.0323 0.1837
vn 0.9714 -0.0934 0.2184
vn 0.9576 0.2170 0.1894
vn 0.9832 0.1214 0.1366
vn 0.9900 -0.0128 0.1408
vn 0.9944 0.0260 0.1024
vn 0.9978 -0.0351 0.0557
vn 0.9916 -0.0708 0.1078
vn 0.9911 -0.0789 0.1074
vn 0.9974 0.0031 0.0724
vn 0.9921 0.0817 0.0957
vn 0.9985 0.0328 0.0448
vn 0.7420 0.6607 -0.1137
vn 0.7013 0.7038 -0.1133
vn 0.7402 0.6669 -0.0854
vn 0.6613 0.7453 -0.0851
vn 0.7035 0.7042 -0.0960
vn 0.1570 0.9734 0.1670
vn -0.0336 0.9820 0.1860
vn 0.0997 0.9713 0.2158
vn -0.2163 0.9575 0.1907
vn -0.1231 0.9828 0.1374
vn 0.0163 0.9898 0.1413
vn -0.0235 0.9944 0.1027
vn 0.0495 0.9961 0.0724
vn -0.0004 0.9974 0.0727
vn 0.0745 0.9913 0.1083
vn -0.0501 0.9974 0.0514
vn -0.0297 0.9987 0.0416
vn -0.7080 0.6985 -0.1041
vn -0.7314 0.6764 -0.0869
vn -0.7172 0.6926 -0.0764
vn -0.6864 0.7189 -0.1098
vn -0.6715 0.7362 -0.0841
vn 0.5499 -0.5144 -0.6581
vn 0.6679 -0.6663 -0.3317
vn 0.7258 -0.5981 -0.3399
vn 0.5595 -0.4113 -0.7196
vn 0.7597 -0.5155 -0.3964
vn 0.8092 -0.4384 -0.3911
vn 0.5888 -0.2397 -0.7720
vn 0.5704 -0.3350 -0.7500
vn 0.5045 -0.5517 -0.6642
vn 0.4122 -0.5452 -0.7300
vn 0.6079 -0.7070 -0.3614
vn 0.3423 -0.5765 -0.7419
vn 0.5212 -0.7533 -0.4012
vn 0.3515 -0.8370 -0.4193
vn 0.2341 -0.5826 -0.7783
vn 0.4540 -0.8107 -0.3697
vn 0.2833 -0.6833 -0.6729
vn 0.4116 -0.7550 -0.5104
vn 0.5392 -0.6598 -0.5234
vn 0.4896 -0.6949 -0.5267
vn 0.6769 -0.5462 -0.4934
vn 0.6134 -0.5967 -0.5174
vn 0.7476 -0.3857 -0.5407
vn 0.8019 -0.3239 -0.5021
vn 0.7041 -0.4810 -0.5223
vn 0.0489 -0.7551 -0.6538
vn 0.0049 -0.9430 -0.3327
vn 0.0816 -0.9331 -0.3502
vn 0.1042 -0.6822 -0.7237
vn 0.1695 -0.9042 -0.3920
vn 0.1666 -0.6478 -0.7434
vn 0.2687 -0.8837 -0.3831
vn -0.0542 -0.7650 -0.6418
vn -0.0155 -0.7746 -0.6322
vn -0.1269 -0.6295 -0.7666
vn -0.0746 -0.9356 -0.3452
vn -0.2393 -0.5786 -0.7797
vn -0.2361 -0.7919 -0.5632
vn -0.1560 -0.9046 -0.3967
vn -0.3437 -0.8448 -0.4102
vn -0.2612 -0.9009 -0.3466
vn -0.2285 -0.8042 -0.5487
vn -0.1696 -0.8367 -0.5207
vn -0.3325 -0.7805 -0.5295
vn -0.0736 -0.8583 -0.5078
vn 0.0818 -0.8045 -0.5883
vn -0.0014 -0.8068 -0.5908
vn 0.2525 -0.8142 -0.5228
vn 0.1631 -0.8455 -0.5084
vn -0.5183 -0.5480 -0.6566
vn -0.6691 -0.6636 -0.3347
vn -0.6021 -0.7215 -0.3418
vn -0.4148 -0.5575 -0.7191
vn -0.5201 -0.7568 -0.3960
vn -0.3393 -0.5717 -0.7470
vn -0.4398 -0.8130 -0.3815
vn -0.5552 -0.5034 -0.6620
vn -0.5481 -0.4110 -0.7285
vn -0.7093 -0.6037 -0.3639
vn -0.5747 -0.3387 -0.7450
vn -0.7548 -0.5181 -0.4024
vn -0.8074 -0.4535 -0.3774
vn -0.5927 -0.2314 -0.7715
vn -0.8431 -0.3549 -0.4041
vn -0.7995 -0.3472 -0.4901
vn -0.7723 -0.4129 -0.4828
vn -0.6291 -0.5148 -0.5825
vn -0.6647 -0.4682 -0.5822
vn -0.5064 -0.6160 -0.6034
vn -0.5727 -0.5868 -0.5724
vn -0.3859 -0.7403 -0.5505
vn -0.4849 -0.7130 -0.5065
vn -0.7624 -0.0289 -0.6464
vn -0.9454 -0.0005 -0.3260
vn -0.9386 -0.0886 -0.3335
vn -0.6858 -0.1038 -0.7203
vn -0.9048 -0.1712 -0.3900
vn -0.6496 -0.1670 -0.7417
vn -0.8862 -0.2667 -0.3788
vn -0.7637 0.0460 -0.6439
vn -0.7360 0.1044 -0.6689
vn -0.9341 0.0767 -0.3486
vn -0.8486 0.3399 -0.4055
vn -0.6394 0.1638 -0.7512
vn -0.5887 0.2396 -0.7720
vn -0.8923 0.2511 -0.3753
vn -0.9322 0.1674 -0.3208
vn -0.7757 0.3264 -0.5402
vn -0.8178 0.2255 -0.5295
vn -0.8675 0.0720 -0.4922
vn -0.8336 0.1670 -0.5266
vn -0.8267 -0.0751 -0.5577
vn -0.8040 -0.0008 -0.5947
vn -0.8345 -0.2441 -0.4940
vn -0.8752 -0.1744 -0.4513
vn -0.5499 0.5144 -0.6581
vn -0.6673 0.6651 -0.3352
vn -0.7250 0.5977 -0.3422
vn -0.5595 0.4113 -0.7196
vn -0.7600 0.5151 -0.3963
vn -0.8093 0.4383 -0.3910
vn -0.5704 0.3350 -0.7500
vn -0.5045 0.5517 -0.6642
vn -0.4122 0.5452 -0.7300
vn -0.6079 0.7070 -0.3613
vn -0.3423 0.5765 -0.7419
vn -0.5212 0.7533 -0.4012
vn -0.3515 0.8370 -0.4193
vn -0.2341 0.5826 -0.7783
vn -0.4540 0.8107 -0.3697
vn -0.2833 0.6833 -0.6729
vn -0.4116 0.7550 -0.5104
vn -0.5434 0.6521 -0.5286
vn -0.4896 0.6949 -0.5267
vn -0.6282 0.5079 -0.5894
vn -0.5747 0.5687 -0.5885
vn -0.7466 0.3802 -0.5459
vn -0.7095 0.4771 -0.5185
vn -0.0489 0.7551 -0.6538
vn -0.0044 0.9442 -0.3292
vn -0.0821 0.9340 -0.3476
vn -0.1042 0.6822 -0.7237
vn -0.1695 0.9042 -0.3920
vn -0.1666 0.6478 -0.7434
vn -0.2687 0.8837 -0.3831
vn 0.0542 0.7650 -0.6417
vn 0.0155 0.7746 -0.6322
vn 0.1274 0.6311 -0.7651
vn 0.0749 0.9353 -0.3459
vn 0.2381 0.5787 -0.7800
vn 0.2361 0.7919 -0.5632
vn 0.1553 0.9031 -0.4004
vn 0.3435 0.8450 -0.4098
vn 0.2597 0.8992 -0.3521
vn 0.2329 0.8049 -0.5459
vn 0.1452 0.7810 -0.6074
vn 0.3282 0.7714 -0.5452
vn 0.0842 0.8568 -0.5088
vn -0.0887 0.8669 -0.4905
vn -0.0082 0.8564 -0.5163
vn -0.2526 0.8142 -0.5227
vn -0.1544 0.8374 -0.5244
vn 0.5180 0.5477 -0.6570
vn 0.6699 0.6647 -0.3308
vn 0.6024 0.7225 -0.3393
vn 0.4148 0.5575 -0.7191
vn 0.5200 0.7568 -0.3961
vn 0.3393 0.5717 -0.7471
vn 0.4399 0.8130 -0.3814
vn 0.5549 0.5026 -0.6629
vn 0.5481 0.4110 -0.7285
vn 0.7104 0.6043 -0.3607
vn 0.5747 0.3387 -0.7450
vn 0.7542 0.5183 -0.4031
vn 0.8068 0.4539 -0.3781
vn 0.5894 0.2323 -0.7737
vn 0.8431 0.3549 -0.4040
vn 0.7747 0.3140 -0.5489
vn 0.7611 0.4162 -0.4975
vn 0.6684 0.5568 -0.4933
vn 0.6646 0.4530 -0.5942
vn 0.5362 0.6674 -0.5168
vn 0.6087 0.6016 -0.5173
vn 0.3815 0.7374 -0.5574
vn 0.4845 0.7002 -0.5245
vn 0.7624 0.0289 -0.6464
vn 0.9464 0.0006 -0.3230
vn 0.9385 0.0882 -0.3339
vn 0.6859 0.1041 -0.7202
vn 0.9047 0.1707 -0.3903
vn 0.6498 0.1653 -0.7419
vn 0.8861 0.2664 -0.3793
vn 0.7637 -0.0460 -0.6439
vn 0.7360 -0.1044 -0.6689
vn 0.9341 -0.0767 -0.3486
vn 0.8486 -0.3402 -0.4051
vn 0.6394 -0.1638 -0.7512
vn 0.8923 -0.2510 -0.3752
vn 0.9322 -0.1674 -0.3208
vn 0.8145 -0.2438 -0.5265
vn 0.8479 -0.0851 -0.5233
vn 0.8413 -0.1457 -0.5206
vn 0.7962 0.0798 -0.5997
vn 0.8587 0.0102 -0.5124
vn 0.7901 0.2544 -0.5577
vn 0.8462 0.1641 -0.5070
vn 0.0157 -0.0409 -0.9990
vn 0.0014 -0.0211 -0.9998
vn 0.0299 -0.0208 -0.9993
vn -0.0105 -0.0421 -0.9991
vn 0.0231 -0.1347 -0.9906
vn -0.0534 -0.0677 -0.9963
vn -0.0223 -0.0095 -0.9997
vn -0.0856 -0.0582 -0.9946
vn -0.1002 -0.0194 -0.9948
vn 0.0003 0.0057 -1.0000
vn 0.0043 -0.0031 -1.0000
vn -0.0485 0.0149 -0.9987
vn -0.0151 0.0162 -0.9998
vn -0.0046 0.0384 -0.9993
vn -0.0641 0.0630 -0.9960
vn 0.0413 0.0467 -0.9981
vn 0.0090 0.1292 -0.9916
vn 0.0149 0.0112 -0.9998
vn 0.1132 0.0484 -0.9924
vn 0.0277 0.0015 -0.9996
vn 0.1305 -0.0145 -0.9913
vn 0.2044 0.1927 0.9597
vn -0.1360 -0.1447 0.9801
vn -0.1024 -0.1579 0.9821
vn 0.0949 -0.1759 0.9798
vn 0.1968 -0.1956 0.9607
vn 0.1774 -0.1477 0.9730
vn -0.1809 0.1905 0.9649
vn -0.1571 0.1486 0.9763
vn 0.1579 -0.0304 0.9870
vn 0.2366 -0.0014 0.9716
vn 0.1803 0.0392 0.9828
vn 0.1276 0.1102 0.9857
vn -0.1259 -0.1325 0.9832
vn -0.1615 -0.1503 0.9754
vn 0.1440 0.1922 0.9707
vn 0.0022 0.0688 0.9976
vn -0.0001 0.2380 0.9713
vn -0.0336 0.1718 0.9846
vn -0.0148 -0.2404 0.9706
vn -0.1691 0.1555 0.9733
vn -0.1611 0.0973 0.9821
vn -0.0752 0.0940 0.9927
vn 0.1827 -0.1924 0.9642
vn 0.7169 -0.6802 0.1528
vn 0.7624 -0.6281 0.1554
vn 0.8271 -0.5597 0.0515
vn 0.9112 -0.4117 0.0156
vn 0.8390 -0.5373 0.0857
vn 0.9184 -0.3640 0.1548
vn 0.8094 -0.5288 0.2554
vn 0.6993 -0.6459 0.3063
vn 0.6934 -0.6817 0.2335
vn 0.2900 -0.3729 0.8814
vn 0.4099 -0.4241 0.8076
vn 0.4614 -0.6333 0.6214
vn 0.2323 -0.6709 0.7043
vn 0.4276 -0.8022 0.4166
vn 0.6088 -0.7413 0.2825
vn 0.5870 -0.6207 0.5198
vn -0.0829 -0.4887 0.8685
vn 0.0021 -0.5111 0.8595
vn -0.0036 -0.1700 0.9854
vn -0.0156 -0.7721 0.6353
vn -0.0989 -0.7978 0.5948
vn -0.0570 -0.2106 0.9759
vn -0.2964 -0.5117 0.8064
vn -0.2203 -0.7715 0.5968
vn -0.1295 -0.9861 0.1039
vn -0.0719 -0.9507 0.3017
vn -0.2855 -0.9297 0.2329
vn -0.0239 -0.9886 0.1487
vn 0.0005 -0.9480 0.3184
vn -0.5584 -0.5239 0.6432
vn -0.4050 -0.2585 0.8770
vn -0.6452 -0.4836 0.5915
vn -0.7295 -0.3520 0.5864
vn -0.9657 -0.2086 0.1545
vn -0.8436 -0.4572 0.2815
vn -0.8866 -0.2084 0.4128
vn -0.7398 -0.6096 0.2850
vn -0.5285 0.0935 0.8438
vn -0.6290 -0.0046 0.7774
vn -0.2055 0.0028 0.9786
vn -0.8336 0.0594 0.5491
vn -0.1385 0.0396 0.9896
vn -0.5229 0.2900 0.8016
vn -0.7998 0.2088 0.5627
vn -0.9850 0.1510 0.0839
vn -0.9142 0.2804 0.2927
vn -0.9120 0.3898 0.1276
vn -0.9824 0.0676 0.1741
vn -0.8889 0.0062 0.4581
vn -0.2468 0.4004 0.8825
vn -0.4102 0.4329 0.8027
vn -0.2524 0.2496 0.9349
vn -0.4782 0.6349 0.6069
vn -0.3484 0.7230 0.5965
vn -0.2079 0.9657 0.1554
vn -0.4586 0.8424 0.2830
vn -0.2156 0.8831 0.4167
vn -0.6112 0.7395 0.2822
vn -0.5865 0.6214 0.5195
vn 0.0394 0.4646 0.8846
vn 0.0063 0.6239 0.7815
vn 0.0746 0.8296 0.5534
vn 0.2142 0.5815 0.7848
vn 0.2232 0.8771 0.4254
vn 0.4346 0.8111 0.3913
vn 0.3491 0.9215 0.1704
vn 0.1838 0.9815 0.0541
vn 0.0718 0.9828 0.1703
vn 0.0041 0.8919 0.4522
vn 0.9794 0.1543 -0.1299
vn 0.9839 0.1116 -0.1396
vn 0.9939 0.0682 -0.0862
vn 0.9985 0.0389 0.0380
vn 0.9929 0.0439 -0.1102
vn 0.9708 0.1116 0.2124
vn 0.9953 0.0946 0.0197
vn 0.9503 0.2844 0.1271
vn 0.9917 0.1171 -0.0532
vn 0.9358 0.0355 0.3506
vn 0.5723 -0.1748 -0.8012
vn 0.4752 -0.2838 -0.8329
vn 0.7743 -0.0185 -0.6325
vn 0.8612 -0.0909 -0.5001
vn 0.6615 -0.0736 -0.7464
vn 0.9253 -0.0344 -0.3776
vn 0.9507 -0.1573 -0.2673
vn 0.9187 -0.3605 -0.1614
vn 0.9803 -0.1785 -0.0841
vn 0.8515 -0.3415 -0.3979
vn 0.7897 -0.2147 -0.5748
vn 0.6583 -0.3868 -0.6458
vn 0.7667 -0.5082 -0.3924
vn 0.5467 -0.4335 -0.7164
vn 0.6594 -0.5740 -0.4855
vn 0.5539 -0.5128 -0.6559
vn 0.7011 -0.6943 -0.1626
vn 0.6495 -0.7451 -0.1519
vn 0.5810 -0.8109 -0.0699
vn 0.3981 -0.9173 -0.0009
vn 0.5031 -0.8603 -0.0823
vn 0.2946 -0.9536 -0.0623
vn 0.4731 -0.8523 -0.2228
vn 0.2868 -0.9104 -0.2982
vn 0.5869 -0.7604 -0.2782
vn 0.6659 -0.6945 -0.2725
vn -0.1396 -0.9808 0.1359
vn -0.1171 -0.9799 0.1616
vn -0.0632 -0.9930 0.0993
vn 0.0192 -0.9941 0.1070
vn -0.0352 -0.9670 -0.2524
vn -0.1099 -0.9881 -0.1074
vn -0.2069 -0.9457 -0.2507
vn -0.0600 -0.9981 -0.0161
vn -0.0184 -0.9968 -0.0781
vn -0.7020 -0.6940 -0.1601
vn -0.7502 -0.6440 -0.1498
vn -0.8419 -0.5366 -0.0575
vn -0.9217 -0.3880 0.0022
vn -0.8604 -0.5030 -0.0815
vn -0.9537 -0.2943 -0.0620
vn -0.8531 -0.4749 -0.2160
vn -0.9134 -0.2811 -0.2944
vn -0.7509 -0.5890 -0.2987
vn -0.7010 -0.6680 -0.2498
vn -0.9989 0.0263 -0.0386
vn -0.9939 0.0536 0.0963
vn -0.9974 0.0675 0.0236
vn -0.9815 0.1355 0.1352
vn -0.9805 0.1129 0.1609
vn -0.9947 -0.0146 0.1014
vn -0.9688 0.0288 -0.2463
vn -0.9901 0.0981 -0.1008
vn -0.9467 0.2035 -0.2498
vn -0.7013 0.6941 -0.1624
vn -0.6495 0.7451 -0.1519
vn -0.5842 0.8087 -0.0681
vn -0.3566 0.9342 -0.0020
vn -0.4921 0.8661 -0.0873
vn -0.4769 0.8502 -0.2227
vn -0.2793 0.9576 -0.0705
vn -0.2898 0.9048 -0.3119
vn -0.5869 0.7604 -0.2783
vn -0.6659 0.6945 -0.2725
vn 0.0632 0.9901 0.1252
vn 0.1252 0.9836 0.1297
vn 0.0269 0.9987 -0.0424
vn 0.0729 0.9970 0.0249
vn 0.0322 0.9684 -0.2474
vn 0.1022 0.9896 -0.1012
vn 0.2080 0.9455 -0.2504
vn 0.4852 0.2762 -0.8296
vn 0.5093 0.1349 -0.8499
vn 0.6965 0.1566 -0.7003
vn 0.5032 0.4501 -0.7377
vn 0.6365 0.4699 -0.6116
vn 0.6133 0.5764 -0.5401
vn 0.6927 0.6074 -0.3888
vn 0.8147 0.5077 -0.2801
vn 0.6397 0.2902 -0.7118
vn 0.9450 0.2262 -0.2363
vn 0.8202 0.3539 -0.4494
vn 0.8926 0.1396 -0.4286
vn 0.9719 0.0438 -0.2315
vn 0.8567 0.0524 -0.5132
vn -0.9363 0.2530 -0.2434
vn -0.9684 0.0341 -0.2470
vn -0.9757 0.0948 -0.1977
vn -0.9452 -0.2030 -0.2559
vn -0.8924 0.3569 -0.2762
vn -0.9561 -0.0257 -0.2917
vn -0.9278 -0.1770 -0.3285
vn -0.9269 0.1986 -0.3184
vn -0.9534 -0.0117 -0.3015
vn -0.8841 -0.3870 -0.2619
vn -0.9182 0.2975 -0.2615
vn -0.9490 -0.2883 -0.1276
vn -0.9478 0.1144 -0.2975
vn -0.9464 -0.2527 -0.2010
vn -0.9594 0.1920 -0.2068
vn -0.9600 -0.1685 -0.2237
vn -0.9998 0.0158 -0.0127
vn -0.9612 0.2311 -0.1509
vn -0.9582 -0.1675 -0.2321
vn -0.7382 -0.6723 0.0555
vn -0.6693 -0.7395 0.0713
vn -0.7122 -0.6967 0.0856
vn -0.4465 -0.8939 -0.0406
vn -0.6574 -0.7535 0.0084
vn -0.7473 -0.6640 -0.0249
vn -0.8260 -0.5637 0.0071
vn -0.9250 -0.3786 -0.0308
vn -0.3208 -0.9461 -0.0442
vn -0.5526 -0.8331 0.0238
vn -0.2562 -0.9355 -0.2432
vn -0.0384 -0.9680 -0.2481
vn -0.1192 -0.9748 -0.1883
vn 0.2026 -0.9447 -0.2578
vn -0.3619 -0.8903 -0.2766
vn 0.0233 -0.9558 -0.2932
vn 0.1761 -0.9273 -0.3304
vn -0.2028 -0.9257 -0.3194
vn 0.0089 -0.9530 -0.3029
vn 0.3884 -0.8831 -0.2633
vn -0.3023 -0.9165 -0.2620
vn 0.2887 -0.9488 -0.1283
vn -0.1183 -0.9470 -0.2986
vn 0.2525 -0.9462 -0.2021
vn -0.1965 -0.9583 -0.2076
vn 0.1675 -0.9598 -0.2251
vn -0.0183 -0.9998 -0.0127
vn -0.2351 -0.9601 -0.1516
vn 0.1666 -0.9580 -0.2335
vn 0.6463 -0.7608 0.0596
vn 0.8037 -0.5946 0.0207
vn 0.5728 -0.8196 0.0135
vn 0.8964 -0.4413 -0.0416
vn 0.7337 -0.6795 -0.0016
vn 0.6662 -0.7454 -0.0247
vn 0.3798 -0.9245 -0.0310
vn 0.9447 -0.3255 -0.0399
vn 0.9579 0.2000 -0.2060
vn 0.9436 0.3128 -0.1087
vn 0.9276 0.1305 -0.3500
vn 0.9653 0.0868 -0.2462
vn 0.9205 0.3250 -0.2168
vn 0.8888 0.4482 -0.0961
vn 0.9166 0.2679 -0.2968
vn 0.9000 0.3902 -0.1945
vn 0.8978 0.4396 -0.0266
vn 0.9797 0.1011 -0.1732
vn 0.9368 0.3236 -0.1328
vn 0.9616 0.2252 -0.1567
vn 0.9438 0.3004 0.1380
vn 0.9997 -0.0128 -0.0193
vn 0.9620 0.1463 -0.2307
vn 0.9350 0.3179 -0.1573
vn 0.9186 0.3946 -0.0218
vn 0.7248 0.6867 0.0560
vn 0.6733 0.7357 0.0729
vn 0.7483 0.6592 0.0750
vn 0.4470 0.8937 -0.0398
vn 0.6982 0.7159 0.0061
vn 0.7479 0.6633 -0.0245
vn 0.9198 0.3907 -0.0360
vn 0.8376 0.5458 0.0219
vn 0.3210 0.9460 -0.0443
vn 0.5516 0.8338 0.0237
vn 0.2562 0.9355 -0.2432
vn 0.0384 0.9680 -0.2482
vn 0.1192 0.9748 -0.1883
vn -0.2026 0.9447 -0.2578
vn 0.3619 0.8902 -0.2766
vn -0.0233 0.9558 -0.2932
vn -0.1761 0.9273 -0.3303
vn 0.2028 0.9257 -0.3194
vn -0.0089 0.9530 -0.3029
vn -0.3883 0.8831 -0.2633
vn 0.3023 0.9165 -0.2620
vn -0.2887 0.9488 -0.1283
vn 0.1183 0.9470 -0.2986
vn -0.2525 0.9462 -0.2021
vn 0.1965 0.9583 -0.2075
vn -0.1675 0.9598 -0.2250
vn 0.0183 0.9998 -0.0127
vn 0.2351 0.9601 -0.1516
vn -0.1665 0.9580 -0.2336
vn -0.6758 0.7350 0.0557
vn -0.7432 0.6653 0.0714
vn -0.6995 0.7095 0.0855
vn -0.8964 0.4414 -0.0406
vn -0.7569 0.6534 0.0085
vn -0.6670 0.7446 -0.0250
vn -0.5666 0.8240 0.0071
vn -0.3798 0.9245 -0.0310
vn -0.9480 0.3153 -0.0438
vn -0.8363 0.5478 0.0239
vn -0.2818 0.0248 0.9591
vn -0.2108 0.0173 0.9774
vn -0.3378 0.0027 0.9412
vn -0.4890 0.1615 0.8572
vn -0.4207 0.1219 0.8990
vn -0.2854 0.2850 0.9150
vn -0.2238 0.2664 0.9375
vn -0.4993 0.8652 -0.0453
vn -0.1899 0.2802 0.9410
vn 0.0085 0.3094 0.9509
vn 0.0158 0.1094 0.9939
vn 0.0004 0.3800 0.9250
vn 0.1332 0.3739 0.9179
vn 0.0523 0.2861 0.9568
vn 0.2871 0.2845 0.9147
vn 0.2684 0.2234 0.9370
vn 0.2385 0.0990 0.9661
vn -0.0507 -0.0453 0.9977
vn 0.3157 0.1356 0.9391
vn 0.8667 0.4968 -0.0450
vn 0.2818 -0.0247 0.9591
vn 0.2109 -0.0163 0.9774
vn 0.3379 -0.0027 0.9412
vn 0.6233 -0.2273 0.7482
vn 0.4206 -0.1219 0.8990
vn 0.2857 -0.2851 0.9149
vn 0.2238 -0.2664 0.9375
vn 0.4993 -0.8652 -0.0466
vn 0.2096 -0.3101 0.9273
vn -0.0390 -0.3291 0.9435
vn -0.0044 -0.3534 0.9355
vn -0.1022 -0.2304 0.9677
vn -0.1166 -0.4565 0.8821
vn -0.1444 -0.5677 0.8105
vn -0.2692 -0.2668 0.9254
vn -0.2652 -0.2211 0.9385
vn -0.3005 -0.0699 0.9512
vn -0.1967 -0.0933 0.9760
vn -0.2728 -0.1743 0.9461
vn -0.8475 -0.4865 0.2124
vn 0.9960 0.0615 -0.0653
vn 0.9611 -0.2733 -0.0387
vn 0.8988 -0.4383 0.0025
vn 0.9767 -0.0708 -0.2024
vn 0.9863 -0.0789 -0.1447
vn 0.9577 -0.0115 -0.2875
vn 0.9624 -0.0139 -0.2714
vn 0.9823 -0.0254 -0.1857
vn 0.9942 -0.0416 -0.0991
vn 0.9964 0.0285 -0.0802
vn 0.9182 0.0306 -0.3949
vn 0.9305 0.0332 -0.3647
vn 0.9623 0.2661 -0.0556
vn 0.9491 0.3145 -0.0156
vn 0.9505 0.3095 -0.0288
vn 0.9894 0.1096 -0.0951
vn 0.9646 -0.1563 -0.2125
vn 0.9799 0.1897 -0.0616
vn 0.9945 -0.0525 -0.0906
vn 0.9791 0.1988 -0.0437
vn -0.9988 -0.0420 0.0262
vn -0.9810 -0.0006 0.1942
vn -0.9989 -0.0111 0.0465
vn -0.9990 0.0120 -0.0420
vn -0.9985 0.0495 -0.0221
vn -0.9789 0.1553 -0.1330
vn -0.9510 0.2510 -0.1807
vn -0.9944 -0.0228 -0.1033
vn -0.9585 0.2222 -0.1787
vn -0.9889 0.0742 -0.1287
vn -0.9037 0.3625 -0.2280
vn -0.9916 -0.0312 -0.1253
vn -0.8986 0.3714 -0.2336
vn -0.9163 -0.3371 -0.2162
vn -0.9875 0.1257 -0.0947
vn -0.8786 -0.4136 -0.2387
vn -0.8977 -0.3861 -0.2121
vn -0.9730 -0.1665 -0.1599
vn -0.9719 -0.1853 -0.1450
vn -0.9896 -0.1023 -0.1006
vn 0.0162 -0.9903 0.1383
vn -0.0044 -0.9828 0.1849
vn 0.0216 -0.9530 0.3020
vn -0.0181 -0.9964 -0.0828
vn -0.1026 -0.9194 0.3796
vn -0.0301 -0.9500 0.3109
vn -0.1361 -0.9457 0.2950
vn -0.0828 -0.9601 0.2672
vn -0.0065 -0.9355 0.3532
vn -0.4154 -0.9083 0.0496
vn -0.4250 -0.9052 0.0065
vn -0.2419 -0.9675 0.0741
vn -0.3063 -0.9516 0.0263
vn -0.2476 -0.9675 0.0523
vn -0.2889 -0.9532 0.0892
vn -0.4360 -0.8999 0.0053
vn 0.0085 -0.9885 0.1510
vn 0.0310 -0.9923 0.1201
vn -0.2368 -0.9709 0.0363
vn -0.1235 -0.9875 0.0978
vn 0.2928 -0.9547 0.0530
vn 0.4702 -0.8825 -0.0085
vn 0.1892 -0.9798 0.0649
vn 0.3860 -0.9224 -0.0093
vn 0.0273 -0.9587 0.2831
vn 0.1613 -0.9573 0.2399
vn 0.0620 -0.9251 0.3745
vn -0.0256 -0.9524 0.3039
vn 0.0196 -0.9951 -0.0970
vn 0.0487 -0.9428 0.3298
vn 0.1122 -0.9933 0.0274
vn -0.0016 -0.9457 0.3249
vn -0.0448 -0.9954 0.0842
vn -0.0427 -0.9991 0.0009
vn -0.0205 -0.9855 0.1684
vn 0.0018 -0.9835 0.1808
vn -0.0457 -0.9687 0.2440
vn -0.1670 -0.9806 0.1031
vn -0.1769 -0.9798 0.0938
vn -0.3846 -0.9231 0.0072
vn -0.2838 -0.9572 0.0570
vn -0.5374 -0.8433 -0.0040
vn -0.3765 -0.9262 0.0175
vn -0.2268 -0.9725 0.0537
vn -0.0903 -0.9935 0.0698
vn 0.0887 -0.9936 0.0703
vn 0.3816 -0.9243 0.0086
vn 0.3511 -0.9362 -0.0159
vn 0.1621 -0.9844 0.0687
vn 0.3330 -0.9425 0.0265
vn -0.1399 -0.9713 0.1924
vn 0.3319 -0.9427 0.0341
vn 0.0954 -0.9892 0.1111
vn 0.4002 -0.9155 0.0418
vn 0.4758 -0.8791 0.0287
vn 0.2936 -0.9489 0.1158
vn 0.2577 -0.9643 0.0616
vn -0.9903 -0.0192 0.1375
vn -0.9829 0.0012 0.1840
vn -0.9535 -0.0244 0.3005
vn -0.9946 0.0106 -0.1033
vn -0.9205 0.0987 0.3782
vn -0.9505 0.0267 0.3095
vn -0.9467 0.1319 0.2940
vn -0.9607 0.0789 0.2660
vn -0.9362 0.0034 0.3515
vn -0.9106 0.4102 0.0494
vn -0.9077 0.4197 0.0065
vn -0.9687 0.2370 0.0739
vn -0.9532 0.3011 0.0262
vn -0.9687 0.2426 0.0521
vn -0.9546 0.2846 0.0885
vn -0.9025 0.4307 0.0053
vn -0.9886 -0.0113 0.1501
vn -0.9923 -0.0338 0.1194
vn -0.9721 0.2318 0.0362
vn -0.9881 0.1192 0.0973
vn -0.9548 -0.2924 0.0526
vn -0.8838 -0.4678 -0.0085
vn -0.9796 -0.1903 0.0643
vn -0.9228 -0.3852 -0.0092
vn -0.9590 -0.0300 0.2817
vn -0.9574 -0.1626 0.2385
vn -0.9257 -0.0644 0.3727
vn -0.9529 0.0223 0.3024
vn -0.9951 -0.0226 -0.0966
vn -0.9432 -0.0513 0.3283
vn -0.9931 -0.1142 0.0273
vn -0.9463 -0.0014 0.3234
vn -0.9956 0.0412 0.0837
vn -0.9992 0.0391 0.0009
vn -0.9857 0.0171 0.1675
vn -0.9837 -0.0049 0.1799
vn -0.9691 0.0422 0.2429
vn -0.9814 0.1624 0.1027
vn -0.9806 0.1721 0.0934
vn -0.9253 0.3792 0.0072
vn -0.9577 0.2823 0.0555
vn -0.8466 0.5323 -0.0035
vn -0.8959 0.4442 -0.0034
vn -0.9763 0.2088 0.0572
vn -0.9264 0.3765 0.0114
vn -0.9938 0.0863 0.0694
vn -0.9934 -0.0909 0.0698
vn -0.9248 -0.3803 0.0084
vn -0.9365 -0.3503 -0.0160
vn -0.9842 -0.1634 0.0682
vn -0.9428 -0.3322 0.0262
vn -0.9719 0.1363 0.1917
vn -0.9430 -0.3310 0.0339
vn -0.9891 -0.0974 0.1104
vn -0.9162 -0.3986 0.0413
vn -0.8803 -0.4735 0.0284
vn -0.9491 -0.2933 0.1149
vn -0.9643 -0.2578 0.0611
vn -0.0162 0.9903 0.1383
vn 0.0044 0.9827 0.1849
vn -0.0216 0.9530 0.3021
vn 0.0181 0.9964 -0.0828
vn 0.1026 0.9194 0.3797
vn 0.0301 0.9500 0.3109
vn 0.1361 0.9457 0.2951
vn 0.0827 0.9600 0.2673
vn 0.0065 0.9355 0.3532
vn 0.4155 0.9082 0.0498
vn 0.4251 0.9051 0.0067
vn 0.2419 0.9674 0.0744
vn 0.3064 0.9515 0.0265
vn 0.2477 0.9674 0.0525
vn 0.2890 0.9531 0.0893
vn 0.4362 0.8998 0.0055
vn -0.0084 0.9885 0.1511
vn -0.0309 0.9923 0.1201
vn 0.2369 0.9709 0.0365
vn 0.1236 0.9875 0.0979
vn -0.2928 0.9547 0.0527
vn -0.4691 0.8831 -0.0089
vn -0.1891 0.9798 0.0650
vn -0.3860 0.9224 -0.0093
vn -0.0273 0.9587 0.2832
vn -0.1613 0.9573 0.2399
vn -0.0620 0.9251 0.3746
vn 0.0256 0.9523 0.3040
vn -0.0196 0.9951 -0.0970
vn -0.0487 0.9428 0.3298
vn -0.1122 0.9933 0.0274
vn 0.0016 0.9457 0.3249
vn 0.0448 0.9954 0.0842
vn 0.0427 0.9991 0.0009
vn 0.0205 0.9855 0.1685
vn -0.0018 0.9835 0.1808
vn 0.0457 0.9687 0.2441
vn 0.1672 0.9805 0.1032
vn 0.1769 0.9797 0.0940
vn 0.3854 0.9227 0.0072
vn 0.2895 0.9556 0.0552
vn 0.2138 0.9752 0.0576
vn 0.4539 0.8910 -0.0025
vn 0.3808 0.9246 0.0120
vn 0.0903 0.9935 0.0699
vn -0.0887 0.9936 0.0704
vn -0.3815 0.9243 0.0086
vn -0.3510 0.9362 -0.0159
vn -0.1621 0.9844 0.0687
vn -0.3330 0.9425 0.0265
vn 0.1434 0.9700 0.1964
vn -0.3319 0.9427 0.0341
vn -0.0924 0.9900 0.1062
vn -0.4002 0.9155 0.0418
vn -0.4757 0.8791 0.0287
vn -0.2936 0.9489 0.1158
vn -0.2576 0.9643 0.0617
vn 0.9903 0.0192 0.1377
vn 0.9829 -0.0012 0.1840
vn 0.9534 0.0244 0.3007
vn 0.9946 -0.0106 -0.1033
vn 0.9204 -0.0987 0.3783
vn 0.9505 -0.0267 0.3096
vn 0.9467 -0.1319 0.2940
vn 0.9607 -0.0789 0.2663
vn 0.9361 -0.0034 0.3517
vn 0.9087 -0.4145 0.0502
vn 0.9076 -0.4197 0.0067
vn 0.9687 -0.2370 0.0741
vn 0.9532 -0.3012 0.0264
vn 0.9625 -0.2681 0.0416
vn 0.9596 -0.2654 0.0933
vn 0.8980 -0.4399 0.0015
vn 0.9884 -0.0975 0.1169
vn 0.9943 -0.0195 0.1044
vn 0.9721 -0.2319 0.0364
vn 0.9876 -0.1308 0.0869
vn 0.9542 0.2953 0.0478
vn 0.9794 0.1914 0.0640
vn 0.8826 0.4701 -0.0077
vn 0.9230 0.3847 -0.0092
vn -0.9594 0.2794 -0.0383
vn -0.8850 0.4653 0.0127
vn -0.9745 -0.2035 -0.0947
vn -0.9889 -0.1068 -0.1034
vn -0.9809 -0.1751 -0.0854
vn -0.9427 -0.3318 -0.0345
vn -0.9960 -0.0431 -0.0783
vn -0.6272 -0.7760 0.0663
vn -0.6757 -0.7314 0.0923
vn -0.4697 -0.8828 0.0124
vn -0.5812 -0.8114 0.0621
vn -0.7074 -0.6904 0.1515
vn -0.6696 -0.7255 0.1588
vn -0.6561 -0.6526 0.3790
vn -0.7069 -0.6655 0.2397
vn -0.6776 -0.6948 0.2410
vn 0.2670 -0.9612 -0.0686
vn 0.3154 -0.9420 -0.1147
vn 0.4507 -0.8924 -0.0240
vn 0.2235 -0.9740 -0.0382
vn 0.2463 -0.9655 -0.0841
vn 0.4191 -0.9079 -0.0110
vn 0.0286 -0.9916 -0.1259
vn 0.2353 -0.9706 -0.0504
vn 0.1987 -0.9787 -0.0517
vn 0.3963 -0.9181 -0.0067
vn 0.0774 -0.9953 -0.0581
vn 0.1597 -0.9860 -0.0479
vn 0.3338 -0.9172 -0.2175
vn -0.1972 -0.9779 -0.0693
vn 0.3242 -0.9191 -0.2239
vn 0.3574 -0.9101 -0.2096
vn 0.2494 -0.9537 -0.1678
vn 0.0070 -0.9954 0.0960
vn -0.0582 -0.9943 -0.0892
vn 0.2019 -0.9747 -0.0956
vn 0.1045 -0.9891 -0.1041
vn 0.1739 -0.9810 -0.0859
vn 0.3324 -0.9425 -0.0347
vn 0.0410 -0.9961 -0.0787
vn 0.6911 -0.7075 0.1475
vn 0.6538 -0.6501 0.3872
vn 0.6690 -0.7037 0.2390
vn 0.9344 0.2941 -0.2012
vn 0.9450 0.2038 -0.2560
vn 0.8847 0.3859 -0.2615
vn 0.9052 0.3658 -0.2163
vn 0.9531 0.2260 -0.2015
vn 0.9373 0.2972 -0.1822
vn 0.9922 0.0144 0.1237
vn 0.9799 0.0003 0.1995
vn 0.9979 -0.0186 0.0624
vn 0.9969 -0.0432 -0.0656
vn 0.9745 0.2035 -0.0947
vn 0.9888 0.1074 -0.1034
vn 0.9810 0.1745 -0.0851
vn 0.9836 0.1660 -0.0711
vn 0.9434 0.3298 -0.0359
vn 0.9943 0.0739 -0.0770
vn 0.5847 0.8090 0.0595
vn 0.4674 0.8840 0.0107
vn 0.6435 0.7025 0.3040
vn 0.6537 0.6502 0.3871
vn 0.6852 0.6896 0.2344
vn 0.7102 0.6666 0.2264
vn -0.2670 0.9612 -0.0686
vn -0.3154 0.9420 -0.1147
vn -0.4507 0.8924 -0.0240
vn -0.2235 0.9740 -0.0382
vn -0.2463 0.9655 -0.0841
vn -0.4191 0.9079 -0.0110
vn -0.0286 0.9916 -0.1259
vn -0.2353 0.9706 -0.0504
vn -0.1987 0.9787 -0.0517
vn -0.3963 0.9181 -0.0067
vn -0.0773 0.9953 -0.0581
vn -0.1597 0.9860 -0.0479
vn -0.3339 0.9172 -0.2174
vn 0.1298 0.9870 -0.0952
vn -0.4153 0.8775 -0.2400
vn -0.3874 0.8969 -0.2133
vn -0.1377 0.9777 -0.1586
vn -0.1826 0.9721 -0.1470
vn -0.0033 0.9999 -0.0102
vn -0.0077 0.9985 -0.0539
vn -0.0142 0.9964 0.0834
vn 0.0531 0.9984 -0.0212
vn -0.2019 0.9747 -0.0956
vn -0.1045 0.9891 -0.1041
vn -0.1739 0.9810 -0.0859
vn -0.3325 0.9425 -0.0347
vn -0.0399 0.9961 -0.0786
vn -0.6940 0.7038 0.1520
vn -0.7285 0.6658 0.1609
vn -0.6570 0.6530 0.3767
vn -0.6689 0.7034 0.2404
vn -0.6982 0.6738 0.2419
vn -0.9971 -0.0034 -0.0761
vn -0.9995 -0.0043 0.0305
vn -0.9625 -0.0005 -0.2713
vn -0.9974 -0.0247 -0.0676
vn -0.6281 -0.6377 -0.4458
vn -0.6823 -0.6841 -0.2579
vn -0.6582 -0.6921 -0.2962
vn -0.5815 -0.6847 -0.4394
vn -0.0004 -0.9972 -0.0748
vn -0.0016 -0.9619 -0.2732
vn 0.0219 -0.9976 -0.0657
vn 0.9934 0.0909 0.0700
vn 0.9248 0.3804 0.0087
vn 0.9366 0.3501 -0.0156
vn 0.9841 0.1632 0.0700
vn 0.9491 0.3134 0.0325
vn 0.9185 0.3951 0.0152
vn 0.9897 0.0887 0.1121
vn 0.9155 0.4002 0.0418
vn 0.8823 0.4699 0.0286
vn 0.9491 0.2933 0.1144
vn 0.9811 0.1056 0.1619
vn 0.9630 0.2627 0.0606
vn 0.9861 -0.0962 0.1357
vn 0.9268 -0.3754 0.0057
vn 0.9940 -0.0774 0.0773
vn 0.9822 -0.1718 0.0765
vn 0.9701 -0.2397 0.0378
vn 0.9630 -0.2618 0.0635
vn 0.5872 -0.6735 -0.4489
vn 0.5782 -0.6107 -0.5411
vn 0.6760 -0.6693 -0.3082
vn 0.5947 -0.5884 -0.5478
vn 0.6896 -0.6579 -0.3026
vn 0.7315 -0.6739 -0.1036
vn 0.7231 -0.6739 -0.1514
vn 0.9973 0.0036 -0.0735
vn 0.9995 0.0038 0.0301
vn 0.9866 -0.0247 -0.1611
vn 0.9631 0.0031 -0.2690
vn 0.9967 0.0186 -0.0786
vn 0.9983 0.0535 0.0213
vn 0.6916 0.6967 -0.1904
vn 0.7043 0.6908 -0.1635
vn 0.7021 0.6644 -0.2563
vn 0.6681 0.6660 -0.3318
vn 0.5895 0.5906 -0.5511
vn 0.6603 0.6871 -0.3032
vn 0.5780 0.6566 -0.4846
vn -0.0004 0.9971 -0.0764
vn -0.0009 0.9995 0.0308
vn 0.0026 0.9621 -0.2726
vn -0.0366 0.9949 -0.0939
vn -0.5872 0.6735 -0.4489
vn -0.5782 0.6107 -0.5411
vn -0.6761 0.6693 -0.3083
vn -0.5947 0.5884 -0.5478
vn -0.6897 0.6578 -0.3027
vn -0.6594 0.5740 -0.4855
vn -0.7468 0.6586 -0.0926
vn -0.7245 0.6723 -0.1519
vn -0.4430 -0.0086 0.8965
vn -0.1387 -0.0300 0.9899
vn 0.2286 0.0133 0.9734
vn 0.0898 0.1453 0.9853
vn 0.0067 -0.4428 0.8966
vn 0.0445 -0.1789 0.9829
vn -0.0387 0.4911 0.8703
vn -0.0023 0.2453 0.9694
vn -0.0596 0.1487 0.9871
vn -0.0992 0.0708 0.9925
vn 0.4392 0.0086 0.8984
vn -0.2266 -0.0151 0.9739
vn -0.0096 0.4495 0.8932
vn 0.0455 -0.4930 0.8688
vn 0.0026 -0.2471 0.9690
vn 0.0795 -0.1933 0.9779
vn 0.9926 -0.0990 -0.0708
vn 0.9745 -0.2241 -0.0128
vn 0.9955 0.0145 -0.0940
vn 0.9819 -0.1401 -0.1271
vn 0.9902 -0.0743 -0.1187
vn 0.9967 -0.0791 -0.0153
vn 0.9674 -0.1948 0.1619
vn 0.8132 -0.1932 0.5490
vn 0.8386 -0.0647 0.5408
vn 0.9823 -0.0685 0.1743
vn 0.8884 -0.0070 0.4591
vn 0.4751 -0.0359 0.8792
vn 0.6383 0.0055 0.7697
vn 0.7566 -0.3623 0.5442
vn 0.6879 -0.5560 0.4666
vn 0.4649 -0.1780 0.8673
vn 0.5156 -0.3736 0.7711
vn 0.4179 -0.3950 0.8181
vn 0.6068 -0.5882 0.5346
vn 0.1202 -0.8802 0.4591
vn 0.0951 -0.5834 0.8066
vn 0.0298 -0.7911 0.6110
vn 0.1085 -0.9775 0.1810
vn 0.2551 -0.9486 0.1873
vn 0.1287 -0.9845 -0.1189
vn 0.0444 -0.9990 0.0094
vn 0.1013 -0.9945 -0.0280
vn 0.1257 -0.9822 -0.1395
vn 0.0511 -0.9908 -0.1255
vn 0.1450 -0.9882 -0.0500
vn -0.0443 -0.9962 -0.0754
vn 0.3780 -0.9254 0.0280
vn 0.2663 -0.9634 -0.0299
vn -0.0616 -0.9959 -0.0660
vn -0.1214 -0.9904 -0.0659
vn 0.5565 -0.8223 0.1189
vn 0.5908 -0.8025 0.0838
vn 0.6258 -0.7772 0.0666
vn -0.4097 -0.4689 0.7825
vn -0.6113 -0.6448 0.4589
vn -0.5655 -0.6803 0.4663
vn -0.4069 -0.9031 0.1371
vn -0.4418 -0.7589 0.4784
vn -0.5959 -0.7691 0.2311
vn -0.5860 -0.8032 0.1072
vn -0.4153 -0.9095 0.0183
vn -0.2367 -0.9715 -0.0103
vn -0.2938 -0.9553 -0.0325
vn -0.1402 -0.9895 0.0352
vn 0.0043 -0.9966 -0.0824
vn 0.0174 -0.9945 -0.1028
vn -0.0585 -0.9980 -0.0227
vn -0.1535 -0.9790 -0.1344
vn -0.0802 -0.9886 -0.1274
vn -0.6641 -0.0660 0.7447
vn -0.6125 -0.1525 0.7756
vn -0.8959 -0.0483 0.4416
vn -0.9780 -0.0506 0.2025
vn -0.9927 -0.0717 -0.0975
vn -0.9968 -0.0793 0.0042
vn -0.9981 -0.0367 -0.0501
vn -0.9935 -0.0265 -0.1104
vn -0.9910 -0.1230 -0.0520
vn -0.9068 -0.4205 0.0311
vn -0.9444 -0.3221 0.0663
vn -0.9632 -0.2669 -0.0302
vn -0.9962 0.0578 -0.0658
vn -0.9909 0.1169 -0.0664
vn -0.8249 -0.5532 0.1158
vn -0.8056 -0.5889 0.0645
vn -0.4706 0.4063 0.7832
vn -0.6473 0.6069 0.4610
vn -0.6811 0.5638 0.4671
vn -0.7635 0.4479 0.4652
vn -0.8076 0.5796 0.1088
vn -0.7758 0.5884 0.2277
vn -0.8195 0.5701 0.0587
vn -0.7395 0.6663 0.0955
vn -0.9125 0.4088 0.0174
vn -0.9751 0.2216 -0.0118
vn -0.9953 0.0793 -0.0563
vn -0.9948 -0.0833 -0.0580
vn -0.9858 -0.1611 -0.0476
vn -0.9966 -0.0111 -0.0819
vn -0.9785 -0.1996 -0.0514
vn -0.9705 -0.2358 -0.0501
vn -0.9985 0.0140 0.0528
vn -0.1377 0.6083 0.7817
vn -0.0201 0.8173 0.5758
vn -0.0725 0.8371 0.5422
vn -0.0447 0.9761 0.2128
vn -0.0648 0.9942 -0.0862
vn -0.0731 0.9973 0.0057
vn -0.0789 0.9896 -0.1199
vn -0.0053 0.9944 -0.1057
vn -0.1205 0.9913 -0.0520
vn -0.4221 0.9060 0.0313
vn -0.3226 0.9442 0.0666
vn -0.2669 0.9633 -0.0304
vn 0.0616 0.9959 -0.0661
vn 0.1214 0.9904 -0.0660
vn -0.5561 0.8230 0.1164
vn -0.5921 0.8033 0.0648
vn 0.0995 0.2361 0.9666
vn 0.4289 0.4695 0.7718
vn 0.3880 0.5952 0.7037
vn 0.5694 0.6730 0.4722
vn 0.5865 0.5988 0.5454
vn 0.5450 0.8094 0.2187
vn 0.5793 0.8054 0.1256
vn 0.6794 0.7129 0.1741
vn 0.4008 0.9154 0.0381
vn 0.0688 0.9948 -0.0752
vn 0.1816 0.9822 -0.0470
vn 0.3076 0.9510 -0.0313
vn -0.0049 0.9965 -0.0835
vn -0.0215 0.9943 -0.1048
vn 0.0948 0.9893 -0.1109
vn 0.1543 0.9788 -0.1351
vn 0.0810 0.9884 -0.1283
vn 0.9808 -0.1859 -0.0594
vn 0.9940 -0.0697 -0.0839
vn 0.9755 0.2171 -0.0347
vn 0.9103 0.4117 0.0429
vn 0.8268 0.5586 0.0664
vn 0.9294 0.3688 -0.0132
vn 0.7409 0.6618 0.1146
vn 0.6995 0.7025 0.1313
vn 0.6976 0.5620 0.4444
vn 0.7825 0.5884 0.2038
vn 0.7645 0.4020 0.5039
vn 0.8865 0.2250 0.4042
vn 0.4695 0.3094 0.8270
vn 0.6243 0.5812 0.5220
vn 0.4285 0.4047 0.8079
vn 0.1994 0.1981 0.9597
vn 0.6232 0.1547 0.7666
vn 0.6772 0.0632 0.7331
vn 0.9997 -0.0202 -0.0152
vn 0.9960 -0.0589 -0.0676
vn 0.9955 -0.0104 0.0947
vn 0.9885 -0.0610 0.1385
vn 0.9941 0.0337 0.1027
vn 0.9956 -0.0783 0.0516
vn 0.9398 -0.3407 -0.0250
vn 0.8568 -0.5136 -0.0460
vn 0.8337 -0.5305 -0.1533
vn 0.7758 -0.6267 -0.0742
vn 0.7717 -0.6245 -0.1206
vn 0.7330 -0.6203 -0.2790
vn 0.0934 -0.9941 0.0542
vn 0.2069 -0.9768 0.0548
vn -0.0427 -0.9958 0.0807
vn 0.0776 -0.9970 -0.0024
vn 0.0229 -0.9648 -0.2620
vn 0.1264 -0.9808 -0.1487
vn 0.0496 -0.9976 0.0473
vn 0.0876 -0.9332 -0.3486
vn 0.3989 -0.6196 -0.6760
vn 0.4193 -0.7665 -0.4864
vn 0.2069 -0.7879 -0.5800
vn 0.0535 -0.8619 -0.5043
vn 0.1295 -0.6171 -0.7762
vn 0.2607 -0.4837 -0.8355
vn 0.4516 -0.5002 -0.7388
vn -0.0515 -0.9962 0.0707
vn -0.3926 -0.9196 -0.0170
vn -0.2016 -0.9795 0.0019
vn -0.3486 -0.9322 -0.0977
vn -0.5793 -0.8083 -0.1054
vn -0.5485 -0.8351 -0.0424
vn -0.6749 -0.7224 -0.1504
vn -0.6029 -0.7654 -0.2251
vn -0.4766 -0.8421 -0.2526
vn -0.4603 -0.7010 -0.5447
vn -0.3585 -0.8378 -0.4117
vn -0.2755 -0.6228 -0.7323
vn -0.1518 -0.8331 -0.5319
vn -0.5170 -0.5592 -0.6481
vn -0.4497 -0.5408 -0.7108
vn -0.2848 -0.4701 -0.8354
vn -0.1466 -0.5205 -0.8412
vn -0.0839 -0.6512 -0.7542
vn -0.0315 -0.8330 -0.5524
vn -0.9940 -0.0954 0.0539
vn -0.9767 -0.2076 0.0544
vn -0.9960 0.0391 0.0802
vn -0.9968 -0.0799 -0.0023
vn -0.9651 -0.0257 -0.2607
vn -0.9806 -0.1282 -0.1480
vn -0.9336 -0.0896 -0.3469
vn -0.6421 -0.2982 -0.7062
vn -0.7844 -0.4208 -0.4557
vn -0.7999 -0.2030 -0.5648
vn -0.8628 -0.0558 -0.5024
vn -0.6195 -0.1275 -0.7746
vn -0.4843 -0.2754 -0.8304
vn -0.5021 -0.4496 -0.7388
vn -0.6320 -0.4731 -0.6138
vn -0.6007 -0.5589 -0.5717
vn -0.6742 -0.6181 -0.4043
vn -0.9965 0.0471 0.0694
vn -0.9229 0.3846 -0.0206
vn -0.9803 0.1977 0.0018
vn -0.9374 0.3353 -0.0938
vn -0.8286 0.5568 -0.0585
vn -0.8079 0.5779 -0.1150
vn -0.7329 0.6217 -0.2762
vn -0.8498 0.4846 -0.2072
vn -0.5751 0.1811 -0.7978
vn -0.8414 0.1556 -0.5176
vn -0.6616 0.3816 -0.6455
vn -0.8465 0.3464 -0.4042
vn -0.7607 0.5062 -0.4063
vn -0.5467 0.4336 -0.7164
vn -0.5539 0.5128 -0.6559
vn -0.4752 0.2838 -0.8329
vn -0.8341 0.0286 -0.5508
vn -0.6591 0.0794 -0.7479
vn -0.0944 0.9943 0.0502
vn -0.2160 0.9748 0.0562
vn 0.0427 0.9958 0.0808
vn -0.0783 0.9967 -0.0208
vn -0.0920 0.9432 -0.3191
vn -0.1557 0.9787 -0.1340
vn -0.3989 0.6196 -0.6760
vn -0.4193 0.7666 -0.4864
vn -0.2067 0.7876 -0.5805
vn -0.0539 0.8624 -0.5034
vn -0.1295 0.6171 -0.7762
vn -0.2608 0.4837 -0.8355
vn -0.4516 0.5002 -0.7388
vn -0.0244 0.9953 0.0942
vn 0.0508 0.9963 0.0699
vn 0.3929 0.9194 -0.0168
vn 0.2025 0.9793 0.0019
vn 0.3393 0.9359 -0.0942
vn 0.5661 0.8225 -0.0554
vn 0.5801 0.8073 -0.1081
vn 0.6742 0.7232 -0.1495
vn 0.6259 0.7300 -0.2745
vn 0.4901 0.8467 -0.2070
vn 0.1806 0.5715 -0.8005
vn 0.1594 0.8400 -0.5187
vn 0.3856 0.6593 -0.6454
vn 0.3513 0.8444 -0.4046
vn 0.5108 0.7579 -0.4059
vn 0.4371 0.5446 -0.7158
vn 0.5164 0.5517 -0.6549
vn 0.2867 0.4736 -0.8328
vn 0.0315 0.8330 -0.5524
vn 0.0808 0.6426 -0.7620
vn 0.7485 0.6418 -0.1669
vn 0.9371 0.3479 -0.0278
vn 0.8420 0.5221 -0.1363
vn 0.8977 0.4399 -0.0238
vn 0.8047 0.5895 -0.0706
vn 0.9555 0.2824 -0.0850
vn 0.9706 0.2360 0.0475
vn 0.9946 0.0902 0.0519
vn 0.9961 -0.0400 0.0792
vn 0.9913 0.0980 -0.0877
vn 0.9972 0.0417 0.0628
vn 0.9729 0.1493 0.1767
vn 0.9906 0.0720 0.1162
vn 0.9700 0.1867 0.1559
vn -0.8934 -0.4487 -0.0238
vn -0.9655 -0.2464 -0.0837
vn -0.8984 -0.3981 -0.1858
vn -0.8823 -0.4635 -0.0822
vn -0.9423 -0.3149 -0.1141
vn -0.9242 -0.2621 -0.2779
vn -0.9505 -0.1525 -0.2707
vn -0.9145 -0.1129 -0.3885
vn -0.9695 -0.2054 -0.1338
vn -0.9342 -0.0517 -0.3530
vn -0.9455 -0.3251 -0.0197
vn -0.9488 -0.1503 0.2777
vn -0.9208 -0.1793 0.3465
vn -0.9450 -0.1806 0.2727
vn -0.9255 -0.3220 0.1996
vn -0.8896 -0.4266 0.1631
vn -0.9644 0.0956 0.2466
vn -0.9740 0.0961 0.2051
vn -0.9653 -0.1680 0.1997
vn -0.9391 -0.3181 0.1300
vn -0.9541 0.2433 0.1747
vn -0.9507 0.0488 0.3061
vn -0.9129 0.2961 0.2810
vn -0.9542 -0.1614 0.2520
vn -0.9254 -0.2136 0.3131
vn -0.9523 0.0184 0.3047
vn -0.9138 -0.3217 0.2480
vn -0.9015 -0.3521 0.2518
vn -0.9786 0.0928 0.1834
vn -0.9561 0.1880 0.2250
vn -0.9332 0.3263 0.1506
vn -0.9027 0.3785 0.2047
vn -0.9108 0.3981 0.1096
vn -0.9649 0.2054 0.1634
vn -0.9390 0.2245 0.2605
vn -0.9393 0.2387 0.2463
vn -0.9704 0.2195 -0.1004
vn -0.9402 0.3314 -0.0792
vn -0.9348 0.1658 -0.3140
vn -0.9796 0.0833 -0.1829
vn -0.9309 0.0486 -0.3621
vn -0.9181 0.3047 -0.2535
vn -0.9614 0.2575 -0.0969
vn -0.9682 0.0856 -0.2353
vn -0.9841 0.0911 -0.1526
vn -0.8944 0.4450 -0.0452
vn -0.9480 0.2734 -0.1630
vn -0.8851 0.4481 -0.1257
vn -0.9282 0.3701 -0.0376
vn -0.9812 -0.1832 -0.0601
vn -0.9786 -0.0871 -0.1863
vn -0.9871 -0.0781 -0.1400
vn -0.9712 -0.0413 -0.2346
vn -0.9997 -0.0255 0.0062
vn -0.9937 -0.0372 -0.1056
vn -0.9867 -0.0769 0.1431
vn -0.9965 -0.0729 0.0420
vn -0.9771 -0.0661 0.2021
vn -0.7759 -0.6307 -0.0159
vn -0.6242 -0.7802 -0.0407
vn -0.8096 -0.5861 -0.0329
vn -0.6984 -0.7115 -0.0774
vn -0.2117 -0.9762 0.0477
vn -0.1927 -0.9797 -0.0555
vn -0.0779 -0.9879 0.1339
vn -0.0452 -0.9940 -0.0996
vn -0.0828 -0.9859 -0.1454
vn 0.3996 -0.8975 -0.1867
vn 0.4656 -0.8811 -0.0827
vn 0.2620 -0.9237 -0.2794
vn 0.1512 -0.9503 -0.2721
vn 0.1111 -0.9139 -0.3904
vn 0.2045 -0.9696 -0.1345
vn 0.0492 -0.9337 -0.3547
vn 0.3255 -0.9453 -0.0198
vn 0.1488 -0.9486 0.2792
vn 0.1783 -0.9203 0.3483
vn 0.1793 -0.9448 0.2743
vn 0.3225 -0.9250 0.2008
vn 0.4284 -0.8886 0.1642
vn -0.0991 -0.9638 0.2475
vn -0.0991 -0.9736 0.2057
vn 0.1671 -0.9652 0.2010
vn 0.3189 -0.9387 0.1308
vn -0.2479 -0.9528 0.1752
vn -0.0522 -0.9501 0.3075
vn -0.2918 -0.9141 0.2814
vn 0.1627 -0.9526 0.2570
vn -0.1027 -0.9648 0.2421
vn 0.2129 -0.9249 0.3149
vn -0.0214 -0.9520 0.3055
vn 0.3222 -0.9132 0.2495
vn 0.3529 -0.9007 0.2533
vn -0.0954 -0.9781 0.1848
vn -0.1918 -0.9550 0.2261
vn -0.3316 -0.9313 0.1509
vn -0.3837 -0.9004 0.2052
vn -0.4033 -0.9085 0.1098
vn -0.2102 -0.9638 0.1640
vn -0.2292 -0.9376 0.2613
vn -0.2436 -0.9379 0.2470
vn -0.2180 -0.9704 -0.1044
vn -0.3370 -0.9382 -0.0789
vn -0.2547 -0.9183 -0.3030
vn -0.0865 -0.9797 -0.1810
vn -0.1225 -0.9182 -0.3766
vn -0.2629 -0.9602 -0.0943
vn -0.0874 -0.9726 -0.2155
vn -0.2488 -0.9564 -0.1528
vn -0.1397 -0.9484 -0.2845
vn -0.4473 -0.8930 -0.0501
vn -0.3045 -0.9285 -0.2124
vn -0.4584 -0.8791 -0.1305
vn -0.3807 -0.9240 -0.0342
vn 0.1820 -0.9814 -0.0606
vn 0.0912 -0.9801 -0.1763
vn 0.0720 -0.9875 -0.1399
vn 0.0422 -0.9745 -0.2205
vn 0.0225 -0.9997 0.0062
vn 0.0340 -0.9938 -0.1057
vn 0.0746 -0.9868 0.1439
vn 0.0702 -0.9966 0.0423
vn 0.0637 -0.9770 0.2033
vn 0.6337 -0.7734 -0.0154
vn 0.8471 -0.5314 -0.0032
vn 0.7726 -0.6335 -0.0425
vn 0.5874 -0.8086 -0.0335
vn 0.8796 -0.4378 -0.1859
vn 0.9809 -0.1866 -0.0551
vn 0.9955 -0.0410 0.0854
vn 0.9992 -0.0391 0.0009
vn 0.9682 -0.0732 0.2391
vn 0.9659 -0.0401 0.2560
vn 0.9865 -0.0144 0.1629
vn 0.9452 0.1554 0.2872
vn 0.9258 0.0634 0.3726
vn 0.9210 0.1784 0.3464
vn 0.9570 0.1636 0.2397
vn 0.9256 0.3218 0.1993
vn 0.8897 0.4276 0.1601
vn 0.9503 0.2735 0.1488
vn 0.9734 -0.0931 0.2091
vn 0.9539 0.2030 0.2212
vn 0.9630 0.2082 0.1713
vn 0.9464 -0.1841 0.2653
vn 0.8996 -0.3474 0.2647
vn 0.9336 -0.2130 0.2881
vn 0.9436 -0.0465 0.3278
vn 0.9600 0.1539 0.2341
vn 0.9626 0.0709 0.2614
vn 0.9009 0.3468 0.2609
vn 0.9228 0.2435 0.2985
vn 0.9515 0.1198 0.2833
vn 0.9160 0.3158 0.2473
vn 0.9670 -0.0120 0.2544
vn 0.9506 -0.2601 0.1696
vn 0.9604 -0.2164 0.1755
vn 0.9332 -0.3262 0.1509
vn 0.9013 -0.3841 0.2001
vn 0.9093 -0.4021 0.1069
vn 0.9649 -0.2054 0.1637
vn 0.9390 -0.2245 0.2607
vn 0.9393 -0.2387 0.2463
vn 0.9704 -0.2195 -0.1005
vn 0.9402 -0.3313 -0.0791
vn 0.9603 -0.1904 -0.2041
vn 0.9348 -0.1658 -0.3140
vn 0.9796 -0.0834 -0.1829
vn 0.9309 -0.0486 -0.3622
vn 0.9181 -0.3047 -0.2534
vn 0.9614 -0.2575 -0.0969
vn 0.9682 -0.0856 -0.2353
vn 0.9839 -0.0916 -0.1533
vn 0.8944 -0.4450 -0.0452
vn 0.9480 -0.2735 -0.1630
vn 0.8851 -0.4482 -0.1257
vn 0.9612 -0.2310 -0.1509
vn 0.9278 -0.3713 -0.0368
vn 0.9581 0.1674 -0.2323
vn 0.9514 0.0220 -0.3071
vn 0.9278 0.1770 -0.3285
vn 0.9370 -0.2514 -0.2425
vn 0.9684 -0.0351 -0.2470
vn 0.9754 -0.1154 -0.1880
vn 0.8943 -0.3489 -0.2804
vn 0.9561 0.0257 -0.2918
vn 0.9314 -0.1743 -0.3196
vn 0.9305 -0.2468 -0.2706
vn 0.9812 0.1831 -0.0602
vn 0.9786 0.0871 -0.1863
vn 0.9871 0.0781 -0.1400
vn 0.9712 0.0413 -0.2346
vn 0.9997 0.0255 0.0062
vn 0.9937 0.0372 -0.1056
vn 0.9867 0.0770 0.1432
vn 0.9965 0.0725 0.0421
vn 0.9771 0.0661 0.2023
vn 0.7760 0.6306 -0.0158
vn 0.5380 0.8429 -0.0040
vn 0.6248 0.7797 -0.0406
vn 0.8094 0.5864 -0.0328
vn 0.6984 0.7115 -0.0771
vn 0.2119 0.9761 0.0476
vn 0.1928 0.9797 -0.0555
vn 0.0779 0.9879 0.1339
vn 0.0452 0.9940 -0.0996
vn 0.0828 0.9859 -0.1454
vn -0.3996 0.8975 -0.1867
vn -0.4656 0.8811 -0.0827
vn -0.2620 0.9237 -0.2795
vn -0.1511 0.9503 -0.2721
vn -0.1111 0.9139 -0.3904
vn -0.2045 0.9696 -0.1345
vn -0.0492 0.9337 -0.3547
vn -0.3255 0.9453 -0.0198
vn -0.1488 0.9486 0.2792
vn -0.1783 0.9202 0.3484
vn -0.1793 0.9448 0.2743
vn -0.3225 0.9250 0.2009
vn -0.4284 0.8886 0.1642
vn 0.0989 0.9638 0.2476
vn 0.0990 0.9736 0.2058
vn -0.1670 0.9652 0.2010
vn -0.3190 0.9387 0.1308
vn 0.2480 0.9528 0.1752
vn 0.0521 0.9501 0.3075
vn 0.3008 0.9111 0.2818
vn -0.1601 0.9540 0.2536
vn -0.2129 0.9249 0.3149
vn 0.0213 0.9517 0.3062
vn -0.3222 0.9132 0.2496
vn -0.3529 0.9007 0.2533
vn 0.0955 0.9781 0.1849
vn 0.1919 0.9550 0.2262
vn 0.3316 0.9313 0.1510
vn 0.3837 0.9003 0.2053
vn 0.4033 0.9084 0.1100
vn 0.2102 0.9638 0.1642
vn 0.2292 0.9376 0.2615
vn 0.2436 0.9379 0.2470
vn 0.2180 0.9703 -0.1044
vn 0.3370 0.9382 -0.0789
vn 0.2547 0.9183 -0.3030
vn 0.0865 0.9797 -0.1811
vn 0.1225 0.9182 -0.3766
vn 0.2629 0.9602 -0.0943
vn 0.0874 0.9726 -0.2155
vn 0.2488 0.9564 -0.1528
vn 0.1397 0.9484 -0.2845
vn 0.4473 0.8930 -0.0501
vn 0.3045 0.9285 -0.2124
vn 0.4584 0.8791 -0.1305
vn 0.3752 0.9262 -0.0378
vn -0.1820 0.9814 -0.0606
vn -0.0912 0.9801 -0.1763
vn -0.0720 0.9875 -0.1399
vn -0.0422 0.9745 -0.2205
vn -0.0225 0.9997 0.0062
vn -0.0340 0.9938 -0.1057
vn -0.0746 0.9868 0.1440
vn -0.0702 0.9966 0.0424
vn -0.0637 0.9770 0.2034
vn -0.6337 0.7734 -0.0154
vn -0.7737 0.6321 -0.0425
vn -0.5874 0.8086 -0.0335
vn -0.8032 0.5931 -0.0548
vn -0.9772 0.2069 0.0474
vn -0.9806 0.1881 -0.0553
vn -0.9883 0.0740 0.1332
vn -0.9942 0.0416 -0.0991
vn -0.9863 0.0789 -0.1447
vn -0.2652 0.2323 0.9358
vn -0.2723 0.2667 0.9245
vn -0.8033 0.5276 0.2762
vn -0.3448 0.1559 0.9256
vn -0.0414 0.5269 0.8489
vn -0.0015 0.3217 0.9468
vn -0.0502 0.3710 0.9273
vn 0.2972 0.3123 0.9023
vn 0.2340 0.2365 0.9430
vn 0.2027 0.2400 0.9494
vn 0.1384 0.2710 0.9526
vn 0.3168 0.0137 0.9484
vn 0.4401 0.0045 0.8979
vn 0.5200 0.1420 0.8423
vn 0.1429 -0.0927 0.9854
vn 0.2905 -0.2736 0.9169
vn 0.2356 -0.2308 0.9440
vn 0.2465 -0.1953 0.9492
vn 0.4534 -0.1935 0.8701
vn 0.1226 -0.9908 -0.0567
vn 0.0064 -0.3224 0.9466
vn -0.2302 -0.2595 0.9379
vn -0.2573 -0.2600 0.9307
vn -0.4803 -0.7182 0.5034
vn -0.2142 -0.3114 0.9258
vn -0.3140 -0.0158 0.9493
vn -0.4177 -0.0042 0.9086
vn -0.6018 -0.1644 0.7816
vn 0.9835 0.0051 0.1808
vn 0.9462 0.0034 0.3235
vn 0.9575 -0.0340 0.2864
vn 0.9578 0.0253 0.2864
vn 0.9483 0.0508 0.3134
vn 0.8986 -0.3728 -0.2316
vn 0.9034 -0.3644 -0.2261
vn 0.9534 -0.2417 -0.1805
vn 0.9506 -0.2628 -0.1654
vn 0.9344 -0.2986 -0.1945
vn -0.9187 -0.3949 -0.0067
vn -0.9738 -0.2240 -0.0381
vn -0.9614 -0.2667 -0.0683
vn -0.9087 -0.4174 -0.0109
vn -0.9134 0.4069 -0.0130
vn -0.9169 0.3989 -0.0081
vn -0.9580 0.2852 -0.0287
vn -0.9683 0.2458 -0.0454
vn -0.9779 0.2055 -0.0376
vn -0.9832 0.1664 -0.0748
vn 0.0205 -0.9575 -0.2876
vn 0.0708 -0.9751 -0.2102
vn 0.0035 -0.9608 -0.2772
vn -0.0285 -0.9302 -0.3659
vn -0.0263 -0.9014 -0.4322
vn 0.1167 -0.9852 0.1253
vn 0.2094 -0.9622 0.1739
vn 0.2644 -0.9430 0.2022
vn 0.5950 -0.8020 -0.0525
vn 0.0279 -0.9305 -0.3653
vn 0.0171 -0.9308 -0.3652
vn 0.0168 -0.9646 -0.2633
vn -0.0580 -0.9689 -0.2407
vn -0.0168 -0.9617 -0.2737
vn -0.0275 -0.9821 -0.1866
vn -0.1467 -0.9750 0.1668
vn -0.3118 -0.9198 0.2384
vn -0.2549 -0.9472 0.1947
vn -0.3032 -0.9288 0.2128
vn -0.9691 -0.0164 -0.2460
vn -0.9537 -0.0208 -0.3000
vn -0.9505 -0.0129 -0.3104
vn -0.9719 -0.0361 -0.2325
vn -0.9020 0.0193 -0.4313
vn -0.9854 -0.1167 0.1241
vn -0.9619 -0.2118 0.1730
vn -0.9432 -0.2646 0.2009
vn -0.8029 -0.5938 -0.0530
vn -0.9310 -0.0306 -0.3636
vn -0.9314 -0.0199 -0.3636
vn -0.9648 -0.0197 -0.2621
vn -0.9693 0.0544 -0.2396
vn -0.9621 0.0136 -0.2725
vn -0.9823 0.0242 -0.1856
vn -0.9180 0.3138 0.2427
vn -0.9630 0.0875 0.2549
vn -0.9486 0.2499 0.1941
vn -0.9312 0.2963 0.2123
vn -0.0205 0.9575 -0.2876
vn -0.0708 0.9751 -0.2102
vn -0.0035 0.9608 -0.2772
vn 0.0285 0.9302 -0.3660
vn 0.0263 0.9014 -0.4323
vn -0.1147 0.9855 0.1250
vn -0.2110 0.9618 0.1742
vn -0.2643 0.9430 0.2022
vn -0.5949 0.8020 -0.0525
vn -0.0279 0.9305 -0.3653
vn -0.0171 0.9308 -0.3652
vn -0.0168 0.9646 -0.2633
vn 0.0580 0.9689 -0.2407
vn 0.0168 0.9617 -0.2737
vn 0.0275 0.9821 -0.1866
vn 0.2143 0.9609 0.1754
vn 0.2937 0.9322 0.2113
vn 0.2262 0.9535 0.1990
vn 0.3184 0.9161 0.2438
vn 0.0912 0.9623 0.2562
vn 0.9691 0.0164 -0.2460
vn 0.9537 0.0208 -0.3000
vn 0.9505 0.0129 -0.3103
vn 0.9719 0.0361 -0.2325
vn 0.9020 -0.0194 -0.4313
vn 0.8950 0.3825 0.2295
vn 0.8033 0.5933 -0.0525
vn -0.7787 0.6238 0.0670
vn -0.7214 0.6862 0.0931
vn -0.7709 -0.6332 0.0690
vn -0.5336 -0.5376 0.6528
vn -0.3260 -0.3226 0.8886
vn -0.3676 -0.9015 -0.2283
vn -0.2269 -0.9573 -0.1792
vn -0.3765 -0.8964 -0.2338
vn -0.2450 -0.9525 -0.1809
vn -0.4111 -0.9115 -0.0142
vn -0.3302 -0.9438 -0.0162
vn -0.2486 -0.9677 -0.0425
vn -0.2144 -0.9760 -0.0390
vn -0.1342 -0.9871 -0.0871
vn 0.0211 -0.9709 0.2385
vn 0.9131 -0.4076 -0.0129
vn 0.9573 -0.2863 -0.0404
vn 0.9265 -0.3764 -0.0026
vn 0.9697 -0.2399 -0.0451
vn 0.9680 -0.2495 -0.0266
vn 0.9904 -0.1289 -0.0502
vn 0.7591 0.6463 0.0782
vn 0.7149 0.6917 0.1025
vn 0.8442 0.5349 0.0336
vn 0.4285 0.4298 0.7948
vn 0.3676 0.9015 -0.2283
vn 0.2269 0.9573 -0.1793
vn 0.3765 0.8964 -0.2339
vn 0.2450 0.9525 -0.1809
vn 0.4122 0.9110 -0.0131
vn 0.4043 0.9146 -0.0082
vn 0.2904 0.9565 -0.0288
vn 0.2485 0.9677 -0.0425
vn 0.2144 0.9760 -0.0390
vn 0.2018 0.9774 -0.0629
vn 0.0028 0.9821 0.1881
vn -0.6366 0.7681 0.0693
vn -0.5285 0.5199 0.6711
vn -0.8826 -0.0128 -0.4699
vn -0.7400 -0.0037 -0.6726
vn -0.6640 -0.0570 -0.7456
vn -0.5212 -0.5315 -0.6677
vn 0.0100 -0.8817 -0.4717
vn 0.0077 -0.7354 -0.6776
vn 0.0552 -0.6622 -0.7473
vn 0.9612 -0.1997 0.1905
vn 0.9819 -0.1324 0.1356
vn 0.9632 -0.2044 0.1744
vn 0.9339 -0.2886 0.2109
vn 0.9167 -0.3162 0.2442
vn 0.9036 -0.3505 0.2464
vn 0.8434 -0.5363 -0.0326
vn 0.9260 -0.3771 0.0168
vn 0.4986 -0.4796 -0.7221
vn 0.8844 0.0142 -0.4665
vn 0.7395 0.0044 -0.6732
vn 0.6575 0.0612 -0.7510
vn 0.4829 0.4969 -0.7210
vn -0.0101 0.8817 -0.4717
vn -0.0077 0.7354 -0.6776
vn -0.0552 0.6622 -0.7473
vn -0.0166 0.9630 -0.2689
vn -0.4986 0.4796 -0.7221
vn 0.3197 0.3185 0.8924
vn -0.0003 0.4041 0.9147
vn -0.3596 0.3559 0.8626
vn -0.3172 -0.3174 0.8937
vn -0.0003 -0.4522 0.8919
vn 0.3193 -0.3171 0.8930
vn 0.2399 -0.3859 -0.8908
vn 0.3077 -0.3366 -0.8899
vn 0.0696 -0.1553 -0.9854
vn 0.0845 -0.1042 -0.9910
vn 0.1220 -0.0924 -0.9882
vn 0.1411 -0.0566 -0.9884
vn 0.3956 -0.2373 -0.8872
vn 0.3496 -0.2834 -0.8930
vn 0.4158 -0.1694 -0.8935
vn -0.1486 -0.4242 -0.8933
vn -0.0689 -0.4639 -0.8832
vn -0.0234 -0.1451 -0.9891
vn -0.0719 -0.1498 -0.9861
vn 0.0134 -0.3159 -0.9487
vn 0.1117 -0.4394 -0.8913
vn -0.3798 -0.2152 -0.8997
vn -0.2396 -0.2261 -0.9442
vn -0.2122 -0.0760 -0.9743
vn -0.2433 -0.3900 -0.8881
vn -0.4290 0.1414 -0.8922
vn -0.4731 0.0694 -0.8783
vn -0.3141 -0.0224 -0.9491
vn -0.1519 0.0703 -0.9859
vn -0.1536 0.0220 -0.9879
vn -0.5254 -0.1853 -0.8304
vn -0.4936 -0.1070 -0.8631
vn -0.2406 0.3945 -0.8868
vn -0.2207 0.2768 -0.9352
vn -0.2336 0.2008 -0.9514
vn -0.0664 0.1489 -0.9866
vn -0.3904 0.2352 -0.8901
vn 0.1307 0.3852 -0.9135
vn 0.0223 0.4479 -0.8938
vn -0.1144 0.4460 -0.8877
vn -0.0305 0.1552 -0.9874
vn -0.0433 0.4395 -0.8972
vn 0.3843 0.1969 -0.9020
vn 0.3223 0.2663 -0.9084
vn 0.3187 0.3586 -0.8774
vn 0.1226 0.1344 -0.9833
vn 0.0560 0.1260 -0.9904
vn 0.2344 0.3842 -0.8930
vn 0.4407 -0.1026 -0.8918
vn 0.4564 -0.0223 -0.8895
vn 0.2506 0.0261 -0.9677
vn 0.4575 0.1142 -0.8818
vn 0.1593 0.0511 -0.9859
vn -0.0013 -0.9967 0.0816
vn -0.9967 -0.0018 0.0810
vn 0.0013 0.9967 0.0817
vn 0.9967 0.0018 0.0813
vn 0.4199 -0.8960 0.1442
vn -0.4361 -0.0017 0.8999
vn -0.0853 0.2881 0.9538
vn 0.4360 0.0017 0.9000
vn 0.0874 -0.3050 0.9483
vn -0.9617 0.2178 -0.1663
vn -0.8819 -0.4711 0.0142
vn 0.4746 -0.8800 0.0170
vn -0.4733 0.8808 0.0143
vn 0.9824 -0.1078 -0.1524
vn -0.2227 -0.9605 -0.1668
vn 0.2227 0.9605 -0.1668
vn 0.8646 0.4712 0.1743
vn 0.0099 -0.9960 0.0890
vn -0.9960 -0.0129 0.0885
vn -0.0098 0.9960 0.0890
vn 0.5915 0.0041 0.8063
vn -0.5569 -0.0035 0.8306
vn 0.0004 -0.3831 0.9237
vt 0.686361 0.152666
vt 0.702983 0.072851
vt 0.741714 0.140925
vt 0.689528 0.047340
vt 0.593921 0.218873
vt 0.585031 0.204923
vt 0.619850 0.168396
vt 0.509203 0.219312
vt 0.502883 0.178220
vt 0.519646 0.209669
vt 0.162076 0.804806
vt 0.149707 0.800021
vt 0.184967 0.764815
vt 0.084911 0.792333
vt 0.062464 0.763293
vt 0.102031 0.764792
vt 0.368407 0.810568
vt 0.361069 0.796429
vt 0.398102 0.761543
vt 0.283235 0.807170
vt 0.278308 0.765832
vt 0.294840 0.797905
vt 0.793898 0.217656
vt 0.785852 0.206947
vt 0.820401 0.167277
vt 0.062311 0.737247
vt 0.071571 0.641493
vt 0.111608 0.739720
vt 0.035280 0.744257
vt 0.184714 0.623698
vt 0.210687 0.631975
vt 0.205166 0.697661
vt 0.500100 0.057080
vt 0.574879 0.042198
vt 0.550104 0.129152
vt 0.584005 0.059807
vt 0.622395 0.150483
vt 0.597313 0.151620
vt 0.606504 0.029772
vt 0.636901 0.035547
vt 0.630342 0.092132
vt 0.710013 0.062544
vt 0.778465 0.042268
vt 0.786299 0.055942
vt 0.822317 0.147862
vt 0.797374 0.150474
vt 0.807907 0.028592
vt 0.835149 0.035083
vt 0.830834 0.091168
vt 0.270653 0.642155
vt 0.282146 0.645475
vt 0.265480 0.741037
vt 0.360066 0.645956
vt 0.294896 0.653711
vt 0.351541 0.625182
vt 0.401646 0.743767
vt 0.375899 0.743722
vt 0.391833 0.622429
vt 0.417498 0.629773
vt 0.414662 0.695631
vt 0.133708 0.802596
vt 0.090702 0.810291
vt 0.113809 0.761450
vt 0.188522 0.827538
vt 0.200553 0.809198
vt 0.203656 0.822222
vt 0.189933 0.810224
vt 0.171280 0.820544
vt 0.570648 0.209531
vt 0.533310 0.217745
vt 0.547915 0.177372
vt 0.570323 0.233892
vt 0.526783 0.232861
vt 0.628920 0.232012
vt 0.614024 0.229601
vt 0.631545 0.214545
vt 0.617665 0.212570
vt 0.772497 0.220088
vt 0.731885 0.224894
vt 0.745993 0.176912
vt 0.274479 0.827689
vt 0.254480 0.817269
vt 0.263074 0.808444
vt 0.821947 0.232353
vt 0.813358 0.221228
vt 0.830365 0.216764
vt 0.826751 0.196320
vt 0.299707 0.824744
vt 0.329309 0.807588
vt 0.358021 0.823123
vt 0.045590 0.828184
vt 0.047176 0.809698
vt 0.059622 0.825405
vt 0.037169 0.811031
vt 0.402416 0.826006
vt 0.385409 0.819645
vt 0.403355 0.808675
vt 0.759856 0.956788
vt 0.806066 0.936668
vt 0.795662 0.954935
vt 0.744883 0.934840
vt 0.737015 0.951777
vt 0.835221 0.930866
vt 0.851140 0.875001
vt 0.832214 0.823523
vt 0.858944 0.861092
vt 0.792804 0.789022
vt 0.774337 0.798598
vt 0.756999 0.790875
vt 0.815645 0.794033
vt 0.709006 0.831820
vt 0.733131 0.829288
vt 0.701524 0.870810
vt 0.726676 0.806239
vt 0.717759 0.926312
vt 0.693717 0.884726
vt 0.007262 0.563777
vt 0.008812 0.572427
vt 0.007622 0.575294
vt 0.684496 0.011803
vt 0.689323 0.010504
vt 0.688559 0.012709
vt 0.010370 0.581509
vt 0.008069 0.580488
vt 0.008652 0.303268
vt 0.008944 0.300209
vt 0.010370 0.298054
vt 0.464885 0.272394
vt 0.463425 0.258149
vt 0.464885 0.250240
vt 0.468751 0.262499
vt 0.467368 0.262314
vt 0.469867 0.252618
vt 0.578371 0.006442
vt 0.581403 0.007522
vt 0.578522 0.009923
vt 0.579505 0.004832
vt 0.582920 0.005426
vt 0.468282 0.266362
vt 0.467436 0.265233
vt 0.935708 0.086375
vt 0.934913 0.092922
vt 0.932856 0.094926
vt 0.530598 0.009635
vt 0.497001 0.014616
vt 0.492583 0.012974
vt 0.932595 0.102669
vt 0.931881 0.098970
vt 0.934031 0.098993
vt 0.471332 0.272394
vt 0.469867 0.259805
vt 0.471332 0.253123
vt 0.466253 0.262439
vt 0.464885 0.262244
vt 0.467368 0.252518
vt 0.161317 0.598049
vt 0.163988 0.599380
vt 0.160966 0.601534
vt 0.467267 0.267065
vt 0.465790 0.266319
vt 0.464951 0.265180
vt 0.009957 0.599236
vt 0.008416 0.590586
vt 0.009598 0.587715
vt 0.063487 0.597320
vt 0.068467 0.596447
vt 0.067467 0.598549
vt 0.006869 0.581509
vt 0.009151 0.582520
vt 0.434767 0.686316
vt 0.434472 0.689368
vt 0.433045 0.691521
vt 0.471358 0.291316
vt 0.469895 0.278994
vt 0.471358 0.272491
vt 0.467032 0.282390
vt 0.468413 0.282563
vt 0.465915 0.292272
vt 0.367996 0.597679
vt 0.370665 0.598912
vt 0.367751 0.601172
vt 0.466010 0.277799
vt 0.467500 0.278520
vt 0.468345 0.279645
vt 0.008887 0.406610
vt 0.007159 0.400257
vt 0.008314 0.397618
vt 0.319616 0.598599
vt 0.284844 0.601996
vt 0.280659 0.600140
vt 0.430812 0.686551
vt 0.430150 0.690257
vt 0.428134 0.689467
vt 0.274724 0.601523
vt 0.273896 0.599467
vt 0.469895 0.292266
vt 0.468413 0.279397
vt 0.469895 0.272484
vt 0.464534 0.282352
vt 0.465915 0.282543
vt 0.463425 0.292272
vt 0.782024 0.004677
vt 0.784843 0.005813
vt 0.781984 0.008192
vt 0.463510 0.277728
vt 0.465002 0.278470
vt 0.465847 0.279607
vt 0.704030 0.238599
vt 0.706081 0.244420
vt 0.695933 0.236139
vt 0.711505 0.243797
vt 0.700038 0.230883
vt 0.710599 0.245412
vt 0.710594 0.247558
vt 0.714484 0.247809
vt 0.687331 0.917115
vt 0.684981 0.917369
vt 0.683706 0.913466
vt 0.694561 0.926532
vt 0.653017 0.233430
vt 0.645403 0.236842
vt 0.644998 0.233523
vt 0.742029 0.962564
vt 0.728643 0.951623
vt 0.730667 0.957979
vt 0.749702 0.964961
vt 0.754341 0.966547
vt 0.740260 0.965236
vt 0.738496 0.966149
vt 0.731448 0.964465
vt 0.731646 0.962928
vt 0.733698 0.962317
vt 0.725013 0.955551
vt 0.825238 0.954428
vt 0.829015 0.954967
vt 0.816164 0.963277
vt 0.818412 0.964376
vt 0.813930 0.966248
vt 0.808402 0.965350
vt 0.519201 0.249181
vt 0.538328 0.248182
vt 0.524906 0.250113
vt 0.862171 0.895391
vt 0.865532 0.908974
vt 0.861595 0.914117
vt 0.867467 0.896092
vt 0.869405 0.894691
vt 0.868058 0.908860
vt 0.869317 0.908723
vt 0.156051 0.832928
vt 0.156138 0.834696
vt 0.150356 0.834864
vt 0.865133 0.915468
vt 0.867908 0.914494
vt 0.853525 0.928648
vt 0.849185 0.930253
vt 0.865733 0.917519
vt 0.857577 0.823474
vt 0.861087 0.823732
vt 0.866349 0.832564
vt 0.867445 0.830291
vt 0.869293 0.834789
vt 0.868386 0.840359
vt 0.076426 0.834995
vt 0.096092 0.835601
vt 0.082007 0.836402
vt 0.810622 0.783242
vt 0.824012 0.794185
vt 0.821981 0.787826
vt 0.802944 0.780843
vt 0.798296 0.779253
vt 0.812380 0.780566
vt 0.812247 0.779293
vt 0.370795 0.832574
vt 0.370918 0.834337
vt 0.365205 0.834713
vt 0.818944 0.783485
vt 0.817981 0.780690
vt 0.833705 0.795279
vt 0.820984 0.782868
vt 0.727411 0.791377
vt 0.723621 0.790832
vt 0.736479 0.782525
vt 0.734218 0.781422
vt 0.738698 0.779548
vt 0.744239 0.780452
vt 0.291709 0.837478
vt 0.311295 0.837383
vt 0.297289 0.838684
vt 0.790570 0.241373
vt 0.795809 0.235887
vt 0.795452 0.239886
vt 0.789377 0.238956
vt 0.465400 0.168383
vt 0.488877 0.041791
vt 0.469917 0.163168
vt 0.484110 0.164048
vt 0.489054 0.151618
vt 0.471688 0.172144
vt 0.460375 0.162540
vt 0.461524 0.156480
vt 0.464599 0.174725
vt 0.662101 0.167182
vt 0.681749 0.062867
vt 0.667870 0.160773
vt 0.669835 0.169584
vt 0.657903 0.169107
vt 0.658756 0.152361
vt 0.661241 0.173732
vt 0.656321 0.164209
vt 0.748962 0.150966
vt 0.743551 0.157769
vt 0.240710 0.756093
vt 0.245657 0.749237
vt 0.260975 0.750726
vt 0.248147 0.756641
vt 0.235985 0.750247
vt 0.238024 0.739405
vt 0.239168 0.760689
vt 0.028144 0.750087
vt 0.058688 0.642940
vt 0.035582 0.752648
vt 0.023385 0.743540
vt 0.025301 0.737790
vt 0.026445 0.756389
vt 0.695426 0.163304
vt 0.682065 0.040533
vt 0.676865 0.051088
vt 0.662349 0.145139
vt 0.142174 0.659121
vt 0.069900 0.612952
vt 0.081883 0.626827
vt 0.076046 0.602957
vt 0.077612 0.599384
vt 0.124248 0.602088
vt 0.141778 0.610474
vt 0.092473 0.608367
vt 0.154698 0.608207
vt 0.154841 0.628826
vt 0.582264 0.230609
vt 0.552711 0.173452
vt 0.600703 0.159221
vt 0.552762 0.160817
vt 0.623922 0.158393
vt 0.627543 0.168649
vt 0.634445 0.156947
vt 0.604681 0.223946
vt 0.506221 0.232384
vt 0.469631 0.177184
vt 0.481677 0.185501
vt 0.501043 0.219821
vt 0.481927 0.171560
vt 0.512784 0.166648
vt 0.549602 0.166099
vt 0.544717 0.161396
vt 0.541081 0.174190
vt 0.520225 0.231562
vt 0.124943 0.765317
vt 0.155800 0.752740
vt 0.155457 0.763192
vt 0.189594 0.754216
vt 0.161303 0.816846
vt 0.174774 0.800469
vt 0.163230 0.820771
vt 0.193488 0.762642
vt 0.065135 0.817690
vt 0.036653 0.773958
vt 0.032793 0.761208
vt 0.060683 0.804329
vt 0.043403 0.768399
vt 0.068349 0.803900
vt 0.039229 0.757365
vt 0.061839 0.753379
vt 0.048676 0.747200
vt 0.113732 0.755016
vt 0.109771 0.749179
vt 0.077250 0.815745
vt 0.349990 0.804518
vt 0.329051 0.763643
vt 0.378895 0.751477
vt 0.329578 0.750819
vt 0.402714 0.751744
vt 0.405849 0.762160
vt 0.413307 0.750799
vt 0.380133 0.816308
vt 0.279537 0.820079
vt 0.248024 0.770825
vt 0.256488 0.772098
vt 0.274854 0.807295
vt 0.251941 0.761223
vt 0.274279 0.756433
vt 0.326156 0.756120
vt 0.321348 0.751018
vt 0.292046 0.818528
vt 0.306456 0.805061
vt 0.751961 0.172587
vt 0.773491 0.211599
vt 0.805023 0.157742
vt 0.791941 0.166516
vt 0.747744 0.165334
vt 0.751332 0.159345
vt 0.825404 0.157138
vt 0.800003 0.222975
vt 0.799824 0.215069
vt 0.812130 0.205637
vt 0.802250 0.226762
vt 0.827798 0.166409
vt 0.058605 0.625674
vt 0.029923 0.724205
vt 0.052513 0.635741
vt 0.164660 0.630993
vt 0.198233 0.731397
vt 0.198985 0.749771
vt 0.165817 0.622621
vt 0.201489 0.734549
vt 0.191929 0.743946
vt 0.172018 0.736451
vt 0.161790 0.651327
vt 0.205064 0.608063
vt 0.175039 0.606116
vt 0.199898 0.597850
vt 0.173761 0.600716
vt 0.173287 0.597649
vt 0.199441 0.601223
vt 0.221465 0.601425
vt 0.222281 0.599123
vt 0.220098 0.623388
vt 0.208333 0.710230
vt 0.475210 0.040735
vt 0.476130 0.052738
vt 0.462226 0.136599
vt 0.461019 0.129663
vt 0.480522 0.042048
vt 0.506750 0.034242
vt 0.496044 0.018730
vt 0.558797 0.018491
vt 0.542707 0.013490
vt 0.585372 0.038911
vt 0.630066 0.138916
vt 0.631335 0.153937
vt 0.585805 0.030793
vt 0.628969 0.129650
vt 0.629043 0.012211
vt 0.594359 0.013187
vt 0.622115 0.002547
vt 0.592456 0.007928
vt 0.591506 0.004931
vt 0.622027 0.005939
vt 0.647507 0.003989
vt 0.648174 0.001623
vt 0.707937 0.032482
vt 0.698014 0.016822
vt 0.761809 0.016817
vt 0.698729 0.012723
vt 0.745447 0.011680
vt 0.766935 0.032191
vt 0.778485 0.016095
vt 0.788142 0.037309
vt 0.830059 0.134975
vt 0.832251 0.153141
vt 0.788756 0.029179
vt 0.833503 0.137752
vt 0.827582 0.011667
vt 0.796655 0.011758
vt 0.821442 0.001829
vt 0.794917 0.006462
vt 0.794161 0.003427
vt 0.821254 0.005234
vt 0.843880 0.003956
vt 0.844520 0.001601
vt 0.259370 0.627116
vt 0.259880 0.639150
vt 0.238543 0.724419
vt 0.265416 0.628656
vt 0.239109 0.703583
vt 0.234230 0.693162
vt 0.248442 0.636398
vt 0.292934 0.622086
vt 0.283389 0.606069
vt 0.347135 0.608801
vt 0.331303 0.603034
vt 0.326247 0.742911
vt 0.365344 0.606606
vt 0.380581 0.648099
vt 0.410215 0.732569
vt 0.410459 0.747645
vt 0.382401 0.642962
vt 0.409673 0.723256
vt 0.376266 0.653628
vt 0.411089 0.606086
vt 0.381721 0.605241
vt 0.405690 0.596070
vt 0.380280 0.599891
vt 0.379721 0.596843
vt 0.405350 0.599456
vt 0.054212 0.601557
vt 0.031766 0.598623
vt 0.054527 0.599241
vt 0.037609 0.608674
vt 0.032242 0.601991
vt 0.143874 0.823393
vt 0.132275 0.830790
vt 0.083922 0.825378
vt 0.074484 0.828781
vt 0.182253 0.833403
vt 0.199090 0.832635
vt 0.827037 0.958290
vt 0.846433 0.940437
vt 0.169349 0.829097
vt 0.164660 0.834046
vt 0.862372 0.922972
vt 0.572858 0.240455
vt 0.525618 0.241223
vt 0.704288 0.231555
vt 0.667631 0.177903
vt 0.704171 0.223399
vt 0.692559 0.179595
vt 0.715238 0.212984
vt 0.647487 0.224535
vt 0.626099 0.238590
vt 0.692426 0.927074
vt 0.708908 0.943613
vt 0.608988 0.237254
vt 0.606138 0.240921
vt 0.726228 0.959570
vt 0.723641 0.237727
vt 0.782706 0.231203
vt 0.751622 0.242032
vt 0.781763 0.241807
vt 0.822749 0.238118
vt 0.835265 0.231422
vt 0.840601 0.234885
vt 0.725179 0.787384
vt 0.706022 0.805510
vt 0.689764 0.823536
vt 0.808653 0.234861
vt 0.359893 0.827350
vt 0.296327 0.833225
vt 0.367271 0.827442
vt 0.327573 0.834826
vt 0.044026 0.834140
vt 0.059924 0.832904
vt 0.861416 0.821635
vt 0.843709 0.802180
vt 0.383738 0.828265
vt 0.396420 0.832093
vt 0.379259 0.833378
vt 0.826393 0.786223
vt 0.692649 0.026354
vt 0.685586 0.013871
vt 0.687693 0.017743
vt 0.686008 0.028198
vt 0.681878 0.025631
vt 0.678840 0.027628
vt 0.681296 0.016574
vt 0.675945 0.014537
vt 0.675840 0.016880
vt 0.674730 0.039090
vt 0.647405 0.026037
vt 0.646100 0.009481
vt 0.650644 0.014808
vt 0.683523 0.015780
vt 0.680373 0.012800
vt 0.006557 0.308113
vt 0.007869 0.308383
vt 0.644726 0.000137
vt 0.653512 0.000000
vt 0.007043 0.304847
vt 0.007986 0.302084
vt 0.585797 0.006627
vt 0.584754 0.011168
vt 0.598129 0.034662
vt 0.587217 0.020099
vt 0.581766 0.013503
vt 0.587736 0.028880
vt 0.578213 0.016653
vt 0.572004 0.007867
vt 0.573114 0.017073
vt 0.571538 0.010641
vt 0.558056 0.009079
vt 0.963435 0.014988
vt 0.967772 0.011947
vt 0.964481 0.016329
vt 0.572867 0.006224
vt 0.961242 0.019624
vt 0.948473 0.056362
vt 0.468717 0.270058
vt 0.468010 0.268086
vt 0.492191 0.026398
vt 0.484372 0.015744
vt 0.487103 0.014610
vt 0.486562 0.019591
vt 0.481349 0.027413
vt 0.485286 0.029995
vt 0.478675 0.029354
vt 0.480643 0.018370
vt 0.475956 0.016236
vt 0.475989 0.018557
vt 0.475198 0.024043
vt 0.219872 0.606780
vt 0.223366 0.612467
vt 0.482597 0.017614
vt 0.479554 0.014628
vt 0.483129 0.013710
vt 0.932455 0.107933
vt 0.933766 0.107713
vt 0.219601 0.597351
vt 0.226979 0.597956
vt 0.931691 0.104717
vt 0.931541 0.101808
vt 0.168076 0.598859
vt 0.166682 0.603296
vt 0.177153 0.627830
vt 0.168259 0.612405
vt 0.163703 0.605372
vt 0.168015 0.621201
vt 0.159880 0.608210
vt 0.154809 0.598936
vt 0.153922 0.601663
vt 0.140499 0.598977
vt 0.009791 0.670904
vt 0.006869 0.675360
vt 0.008344 0.670042
vt 0.142896 0.596856
vt 0.155994 0.597371
vt 0.466224 0.270039
vt 0.465521 0.268051
vt 0.064793 0.599683
vt 0.063820 0.618107
vt 0.059643 0.610826
vt 0.064713 0.605424
vt 0.056402 0.612539
vt 0.059803 0.601758
vt 0.051299 0.623595
vt 0.052647 0.606958
vt 0.062126 0.601166
vt 0.059213 0.597938
vt 0.436858 0.681463
vt 0.435552 0.681206
vt 0.050712 0.597569
vt 0.436373 0.684730
vt 0.435430 0.687492
vt 0.374663 0.598243
vt 0.373441 0.602727
vt 0.373044 0.615515
vt 0.384342 0.638175
vt 0.384613 0.626869
vt 0.375317 0.611771
vt 0.370582 0.604908
vt 0.368746 0.618207
vt 0.361570 0.598799
vt 0.347351 0.599348
vt 0.360769 0.601553
vt 0.010041 0.483190
vt 0.007159 0.487656
vt 0.008564 0.482352
vt 0.362709 0.597192
vt 0.010331 0.478068
vt 0.008342 0.439226
vt 0.467065 0.274819
vt 0.467772 0.276792
vt 0.276560 0.617920
vt 0.271665 0.602534
vt 0.273558 0.606484
vt 0.271328 0.616829
vt 0.267300 0.614066
vt 0.264105 0.615893
vt 0.267145 0.604998
vt 0.261743 0.602667
vt 0.261499 0.604993
vt 0.260107 0.610443
vt 0.244949 0.612680
vt 0.269462 0.604327
vt 0.266443 0.601203
vt 0.270723 0.600436
vt 0.432851 0.681691
vt 0.431537 0.681428
vt 0.257840 0.601129
vt 0.432402 0.684965
vt 0.431491 0.687733
vt 0.788949 0.004998
vt 0.787904 0.009528
vt 0.800478 0.033222
vt 0.790228 0.018491
vt 0.785059 0.011816
vt 0.790690 0.027274
vt 0.781465 0.014950
vt 0.775593 0.006077
vt 0.774954 0.008877
vt 0.761335 0.007263
vt 0.007428 0.492107
vt 0.010370 0.487656
vt 0.008888 0.492972
vt 0.763523 0.004936
vt 0.776623 0.004409
vt 0.464570 0.274750
vt 0.465275 0.276736
vt 0.714213 0.235946
vt 0.714439 0.241778
vt 0.725572 0.221272
vt 0.718383 0.245598
vt 0.685515 0.912240
vt 0.683924 0.908799
vt 0.723352 0.246878
vt 0.740433 0.247094
vt 0.719243 0.248618
vt 0.686335 0.906647
vt 0.684663 0.895152
vt 0.690916 0.917258
vt 0.694764 0.924491
vt 0.593158 0.232882
vt 0.588836 0.241172
vt 0.601492 0.215518
vt 0.600749 0.226056
vt 0.596175 0.236270
vt 0.599402 0.238119
vt 0.596417 0.240619
vt 0.610630 0.216623
vt 0.603396 0.235043
vt 0.600027 0.240765
vt 0.825403 0.963363
vt 0.830424 0.957144
vt 0.821305 0.963883
vt 0.205344 0.830499
vt 0.511066 0.242731
vt 0.506535 0.240696
vt 0.502951 0.231608
vt 0.513128 0.246974
vt 0.508146 0.245709
vt 0.517214 0.246726
vt 0.515319 0.243464
vt 0.514582 0.237665
vt 0.522144 0.245264
vt 0.523979 0.247801
vt 0.553952 0.244890
vt 0.150138 0.831688
vt 0.150902 0.833158
vt 0.117772 0.833480
vt 0.152520 0.821575
vt 0.154074 0.826725
vt 0.156872 0.828868
vt 0.162100 0.827235
vt 0.160696 0.831438
vt 0.173264 0.809012
vt 0.159182 0.834894
vt 0.065814 0.830629
vt 0.063336 0.834848
vt 0.866961 0.827376
vt 0.071338 0.830465
vt 0.064395 0.825124
vt 0.063636 0.819935
vt 0.070342 0.832287
vt 0.073187 0.823670
vt 0.077662 0.832513
vt 0.081587 0.834019
vt 0.377482 0.807735
vt 0.371485 0.828489
vt 0.363296 0.832761
vt 0.376594 0.826670
vt 0.375329 0.830919
vt 0.387022 0.808075
vt 0.373910 0.834425
vt 0.283299 0.836062
vt 0.278120 0.837427
vt 0.274614 0.834713
vt 0.730363 0.781834
vt 0.266894 0.831406
vt 0.283847 0.830647
vt 0.278879 0.828316
vt 0.276085 0.819156
vt 0.285555 0.834988
vt 0.289990 0.834926
vt 0.288308 0.831575
vt 0.287907 0.825745
vt 0.296821 0.836320
vt 0.792014 0.234843
vt 0.798514 0.236976
vt 0.803029 0.233961
vt 0.804251 0.240178
vt 0.800823 0.238964
vt 0.796392 0.241258
vt 0.687117 0.836829
vt 0.684583 0.836942
vt 0.687508 0.830334
vt 0.682947 0.837030
vt 0.684778 0.831283
vt 0.699121 0.817152
vt 0.703467 0.815552
vt 0.690487 0.850418
vt 0.691058 0.831690
vt 0.685181 0.849713
vt 0.683467 0.846535
vt 0.117517 0.749471
vt 0.116516 0.741757
vt 0.202526 0.756578
vt 0.204986 0.750371
vt 0.203011 0.760002
vt 0.205008 0.759461
vt 0.203887 0.745230
vt 0.201230 0.754786
vt 0.179575 0.748448
vt 0.206319 0.742841
vt 0.206169 0.731008
vt 0.204617 0.739557
vt 0.204355 0.723217
vt 0.200561 0.722247
vt 0.199875 0.708180
vt 0.458890 0.150801
vt 0.592247 0.167642
vt 0.691555 0.170271
vt 0.674687 0.179626
vt 0.635504 0.160606
vt 0.638399 0.154627
vt 0.636770 0.164044
vt 0.639056 0.163295
vt 0.637677 0.149636
vt 0.634694 0.145508
vt 0.636396 0.143781
vt 0.637701 0.140323
vt 0.636259 0.129803
vt 0.630366 0.126701
vt 0.628627 0.112729
vt 0.637676 0.102274
vt 0.639723 0.122953
vt 0.654635 0.144399
vt 0.658593 0.137356
vt 0.655690 0.154932
vt 0.836380 0.159646
vt 0.838347 0.153280
vt 0.837180 0.163046
vt 0.239123 0.764612
vt 0.236999 0.765297
vt 0.235528 0.755722
vt 0.836759 0.143682
vt 0.834922 0.157941
vt 0.233224 0.746172
vt 0.837911 0.141931
vt 0.835523 0.126256
vt 0.234149 0.744440
vt 0.235370 0.734703
vt 0.831586 0.125563
vt 0.829798 0.111609
vt 0.837610 0.101439
vt 0.233097 0.728668
vt 0.317039 0.763764
vt 0.414024 0.754513
vt 0.416432 0.748164
vt 0.414795 0.758017
vt 0.026279 0.760309
vt 0.024150 0.760914
vt 0.022938 0.751127
vt 0.414765 0.740261
vt 0.417498 0.740555
vt 0.416911 0.728931
vt 0.415961 0.737032
vt 0.414851 0.721211
vt 0.021468 0.740011
vt 0.022805 0.731913
vt 0.411099 0.720382
vt 0.409902 0.706349
vt 0.027154 0.711037
vt 0.021528 0.724164
vt 0.025331 0.698515
vt 0.027990 0.718039
vt 0.743654 0.161628
vt 0.737069 0.175757
vt 0.010345 0.630988
vt 0.010351 0.656070
vt 0.076537 0.597347
vt 0.009078 0.656948
vt 0.552006 0.154731
vt 0.500787 0.238175
vt 0.490499 0.220242
vt 0.492906 0.220211
vt 0.202835 0.765360
vt 0.205115 0.803339
vt 0.465869 0.184652
vt 0.464819 0.178803
vt 0.545229 0.152357
vt 0.138061 0.818042
vt 0.185690 0.792676
vt 0.051794 0.803922
vt 0.048995 0.803763
vt 0.026449 0.766221
vt 0.323914 0.767122
vt 0.398743 0.791307
vt 0.266101 0.807322
vt 0.239539 0.770685
vt 0.322931 0.741273
vt 0.820381 0.200203
vt 0.811309 0.214351
vt 0.176447 0.639123
vt 0.937527 0.118302
vt 0.956467 0.162190
vt 0.938401 0.123068
vt 0.464486 0.142594
vt 0.480338 0.056597
vt 0.492378 0.083199
vt 0.945560 0.059735
vt 0.598110 0.046010
vt 0.007428 0.319582
vt 0.008731 0.367225
vt 0.006462 0.324331
vt 0.006874 0.532015
vt 0.006869 0.506936
vt 0.697455 0.010763
vt 0.008148 0.506053
vt 0.800625 0.044500
vt 0.431859 0.670196
vt 0.430050 0.622423
vt 0.432773 0.665427
vt 0.841598 0.000000
vt 0.241981 0.732373
vt 0.264215 0.643206
vt 0.009777 0.435002
vt 0.435991 0.670003
vt 0.434686 0.622356
vt 0.436953 0.665246
vt 0.867746 0.860027
vt 0.865108 0.865533
vt 0.856696 0.836629
vt 0.866314 0.839157
vt 0.862365 0.835124
vt 0.869530 0.854457
vt 0.812838 0.958421
vt 0.842124 0.931174
vt 0.783402 0.964347
vt 0.783561 0.961202
vt 0.809609 0.963261
vt 0.794360 0.966547
vt 0.690508 0.221723
vt 0.643395 0.199098
vt 0.648759 0.209573
vt 0.637447 0.169334
vt 0.661810 0.183430
vt 0.680500 0.211854
vt 0.661110 0.177534
vt 0.711187 0.939350
vt 0.690289 0.910685
vt 0.695967 0.909180
vt 0.714958 0.935780
vt 0.683525 0.887527
vt 0.687548 0.880272
vt 0.739818 0.787387
vt 0.710535 0.814635
vt 0.769251 0.781459
vt 0.769096 0.784607
vt 0.743039 0.782544
vt 0.758273 0.779252
vt 0.841462 0.806456
vt 0.837700 0.810029
vt 0.370769 0.759621
vt 0.844520 0.227563
vt 0.837494 0.168592
vt 0.009093 0.382041
vt 0.010370 0.393507
vt 0.009928 0.390907
vt 0.962319 0.175859
vt 0.967772 0.186073
vt 0.966395 0.183814
vt 0.165710 0.597419
vt 0.434323 0.607539
vt 0.433045 0.596070
vt 0.433488 0.598670
vt 0.372306 0.596891
vt 0.007698 0.393507
vt 0.429532 0.607571
vt 0.428134 0.596070
vt 0.428604 0.598678
vt 0.786403 0.003720
vt 0.654635 0.236891
vt 0.593277 0.240670
vt 0.592963 0.243038
vt 0.367758 0.832472
vt 0.781227 0.243366
vt 0.376195 0.818225
vt 0.136326 0.835564
vt 0.577444 0.244859
vt 0.841602 0.237774
vt 0.351289 0.835912
vt 0.860280 0.818219
vt 0.654635 0.003203
vt 0.006309 0.313163
vt 0.573318 0.004811
vt 0.469867 0.272394
vt 0.227315 0.601245
vt 0.934103 0.112726
vt 0.465059 0.292272
vt 0.465059 0.298209
vt 0.463425 0.296909
vt 0.010168 0.665744
vt 0.467368 0.272394
vt 0.040168 0.632480
vt 0.437106 0.676414
vt 0.466694 0.292344
vt 0.466694 0.298209
vt 0.465059 0.296903
vt 0.465915 0.272484
vt 0.842672 0.009397
vt 0.433045 0.676630
vt 0.463043 0.287012
vt 0.463043 0.293009
vt 0.461393 0.291741
vt 0.007052 0.497266
vt 0.463425 0.272394
vt 0.600269 0.242268
vt 0.466694 0.292704
vt 0.470264 0.292535
vt 0.470264 0.298209
vt 0.515213 0.249858
vt 0.512364 0.248811
vt 0.069029 0.834056
vt 0.071943 0.835338
vt 0.287230 0.837978
vt 0.685858 0.826707
vt 0.460869 0.170076
vt 0.625260 0.189016
vt 0.839136 0.147778
vt 0.838502 0.132235
vt 0.414771 0.763366
vt 0.658287 0.116530
vt 0.842878 0.207629
vt 0.458890 0.270594
vt 0.460016 0.250113
vt 0.460016 0.287012
vt 0.950812 0.150973
vt 0.185903 0.596447
vt 0.956873 0.030283
vt 0.461154 0.270659
vt 0.462292 0.250236
vt 0.462292 0.287012
vt 0.007637 0.354759
vt 0.605624 0.002533
vt 0.461154 0.266526
vt 0.460016 0.287007
vt 0.460016 0.250113
vt 0.431276 0.634928
vt 0.806948 0.001356
vt 0.010370 0.466553
vt 0.463425 0.266580
vt 0.462292 0.287007
vt 0.462292 0.250236
vt 0.435779 0.634825
vt 0.016723 0.597645
vt 0.178437 0.107155
vt 0.172016 0.092374
vt 0.192274 0.078841
vt 0.182058 0.045167
vt 0.164465 0.094032
vt 0.169321 0.113205
vt 0.209969 0.125572
vt 0.173060 0.130192
vt 0.148434 0.124996
vt 0.160025 0.112693
vt 0.157907 0.128356
vt 0.155721 0.100180
vt 0.137637 0.356171
vt 0.127314 0.349743
vt 0.134436 0.335765
vt 0.164875 0.317903
vt 0.142410 0.367136
vt 0.121956 0.380960
vt 0.136454 0.386557
vt 0.129339 0.400832
vt 0.120650 0.362506
vt 0.129479 0.374225
vt 0.260526 0.470296
vt 0.284897 0.485841
vt 0.249697 0.476628
vt 0.284959 0.467340
vt 0.293240 0.480782
vt 0.283381 0.502062
vt 0.298321 0.469180
vt 0.307981 0.476142
vt 0.296705 0.493606
vt 0.301374 0.505052
vt 0.268764 0.516079
vt 0.278789 0.546995
vt 0.291316 0.495163
vt 0.370744 0.473877
vt 0.369895 0.488975
vt 0.362451 0.475269
vt 0.382717 0.504881
vt 0.383007 0.483576
vt 0.404935 0.467352
vt 0.380238 0.469838
vt 0.413567 0.476103
vt 0.390132 0.493958
vt 0.372161 0.506485
vt 0.383720 0.527017
vt 0.396832 0.532451
vt 0.056682 0.470105
vt 0.081352 0.485871
vt 0.045757 0.476378
vt 0.081324 0.467303
vt 0.089750 0.480848
vt 0.079847 0.502116
vt 0.094796 0.469233
vt 0.104534 0.476269
vt 0.093263 0.493729
vt 0.097932 0.505209
vt 0.065065 0.516053
vt 0.075190 0.547098
vt 0.087840 0.495259
vt 0.167590 0.474321
vt 0.166779 0.489456
vt 0.159247 0.475670
vt 0.179657 0.505457
vt 0.179919 0.484103
vt 0.201768 0.467895
vt 0.177081 0.470306
vt 0.210419 0.476700
vt 0.187065 0.494533
vt 0.169049 0.507005
vt 0.180644 0.527633
vt 0.193757 0.533122
vt 0.287905 0.172642
vt 0.313007 0.188133
vt 0.277261 0.178999
vt 0.312208 0.169631
vt 0.321122 0.183055
vt 0.311996 0.204364
vt 0.325568 0.171440
vt 0.335355 0.178380
vt 0.324986 0.195874
vt 0.329761 0.207314
vt 0.297634 0.218408
vt 0.308474 0.249305
vt 0.319708 0.197443
vt 0.396840 0.175972
vt 0.396578 0.191072
vt 0.388698 0.177384
vt 0.409543 0.206954
vt 0.409163 0.185644
vt 0.429467 0.169365
vt 0.405853 0.171912
vt 0.438090 0.178096
vt 0.416358 0.196011
vt 0.399227 0.208580
vt 0.411003 0.229089
vt 0.423749 0.234487
vt 0.047353 0.171818
vt 0.071865 0.187520
vt 0.036427 0.178085
vt 0.071959 0.169014
vt 0.080278 0.182512
vt 0.070285 0.203741
vt 0.085406 0.170936
vt 0.095103 0.177961
vt 0.083725 0.195362
vt 0.088365 0.206845
vt 0.055503 0.217670
vt 0.065488 0.248648
vt 0.078299 0.196889
vt 0.201745 0.377146
vt 0.184089 0.402203
vt 0.190535 0.336532
vt 0.176260 0.388802
vt 0.178763 0.411496
vt 0.219198 0.423717
vt 0.182406 0.428424
vt 0.164147 0.410907
vt 0.167291 0.426619
vt 0.154110 0.431970
vt 0.169484 0.410998
vt 0.085878 0.392708
vt 0.068998 0.369790
vt 0.073358 0.334675
vt 0.098498 0.406067
vt 0.091636 0.387739
vt 0.093399 0.426710
vt 0.090211 0.412179
vt 0.079378 0.417598
vt 0.034430 0.319394
vt 0.065772 0.315810
vt 0.042399 0.349460
vt 0.405061 0.374256
vt 0.386569 0.401595
vt 0.393111 0.338809
vt 0.378600 0.388196
vt 0.381369 0.410935
vt 0.422008 0.423071
vt 0.385258 0.427907
vt 0.366769 0.410433
vt 0.370147 0.426112
vt 0.357163 0.431615
vt 0.372119 0.410444
vt 0.324428 0.380598
vt 0.334171 0.376964
vt 0.332844 0.401386
vt 0.322616 0.360922
vt 0.344993 0.367207
vt 0.343635 0.352220
vt 0.307692 0.310569
vt 0.331757 0.351746
vt 0.338414 0.342710
vt 0.335823 0.311621
vt 0.362517 0.305035
vt 0.288678 0.392570
vt 0.271694 0.369698
vt 0.275619 0.334489
vt 0.302202 0.408355
vt 0.295474 0.389134
vt 0.307723 0.425482
vt 0.293482 0.412335
vt 0.282547 0.417562
vt 0.296240 0.426939
vt 0.250162 0.361266
vt 0.235866 0.404304
vt 0.239883 0.343992
vt 0.191238 0.024589
vt 0.216007 0.045374
vt 0.207410 0.074760
vt 0.239149 0.320095
vt 0.262623 0.322645
vt 0.115992 0.076326
vt 0.123271 0.080304
vt 0.120621 0.103364
vt 0.118004 0.055231
vt 0.133157 0.069270
vt 0.132398 0.053438
vt 0.094080 0.019638
vt 0.108453 0.066102
vt 0.126753 0.044741
vt 0.103851 0.014028
vt 0.125354 0.010979
vt 0.144944 0.011705
vt 0.083556 0.091809
vt 0.076378 0.094517
vt 0.073341 0.061757
vt 0.089785 0.110670
vt 0.083967 0.128375
vt 0.080708 0.113797
vt 0.069917 0.119229
vt 0.006250 0.020235
vt 0.027306 0.054787
vt 0.014773 0.071249
vt 0.431311 0.076278
vt 0.413031 0.103656
vt 0.420959 0.039701
vt 0.405626 0.090273
vt 0.407749 0.113005
vt 0.446239 0.125044
vt 0.410877 0.129968
vt 0.393483 0.112538
vt 0.396287 0.128209
vt 0.383125 0.133740
vt 0.398756 0.112537
vt 0.352817 0.082803
vt 0.362680 0.079146
vt 0.360365 0.103570
vt 0.351672 0.063131
vt 0.373461 0.069366
vt 0.372543 0.054381
vt 0.339037 0.030499
vt 0.360976 0.053934
vt 0.336173 0.010573
vt 0.367659 0.044883
vt 0.393577 0.006140
vt 0.317389 0.094851
vt 0.300915 0.072029
vt 0.305617 0.036810
vt 0.330260 0.110608
vt 0.324138 0.091401
vt 0.335077 0.127721
vt 0.321631 0.114610
vt 0.310587 0.119861
vt 0.323813 0.129205
vt 0.262260 0.022368
vt 0.297331 0.018076
vt 0.272212 0.052167
vt 0.142368 0.521936
vt 0.131263 0.506670
vt 0.135258 0.499066
vt 0.122401 0.514542
vt 0.121582 0.533710
vt 0.135537 0.523842
vt 0.130079 0.539877
vt 0.160283 0.577046
vt 0.133899 0.556281
vt 0.142335 0.542363
vt 0.097214 0.583387
vt 0.111917 0.578924
vt 0.065257 0.570126
vt 0.039146 0.567526
vt 0.051938 0.537312
vt 0.018667 0.546694
vt 0.037831 0.540373
vt 0.367440 0.581482
vt 0.337886 0.545772
vt 0.343196 0.535016
vt 0.335047 0.576863
vt 0.319884 0.569651
vt 0.325309 0.534598
vt 0.333391 0.523090
vt 0.335914 0.505894
vt 0.325737 0.514245
vt 0.159610 0.209097
vt 0.170159 0.207243
vt 0.171061 0.229317
vt 0.178985 0.204990
vt 0.176638 0.191232
vt 0.155832 0.191926
vt 0.161468 0.175737
vt 0.164837 0.189030
vt 0.178605 0.175787
vt 0.193733 0.208342
vt 0.218566 0.258027
vt 0.210344 0.221139
vt 0.222125 0.181506
vt 0.262647 0.568867
vt 0.245251 0.556714
vt 0.255530 0.534168
vt 0.132755 0.223571
vt 0.121731 0.208048
vt 0.125633 0.200170
vt 0.112820 0.216178
vt 0.111897 0.235297
vt 0.125893 0.225454
vt 0.120360 0.241455
vt 0.152487 0.282163
vt 0.132627 0.243958
vt 0.155080 0.275350
vt 0.124137 0.257858
vt 0.090562 0.276795
vt 0.102098 0.280444
vt 0.055797 0.276254
vt 0.030326 0.269529
vt 0.043151 0.239853
vt 0.010161 0.248945
vt 0.029069 0.242865
vt 0.373658 0.223668
vt 0.362359 0.208518
vt 0.365899 0.200914
vt 0.353874 0.216447
vt 0.353746 0.235568
vt 0.367140 0.225610
vt 0.362284 0.241652
vt 0.392016 0.277863
vt 0.366368 0.258015
vt 0.374253 0.244057
vt 0.330883 0.285370
vt 0.345247 0.280792
vt 0.270660 0.259067
vt 0.254715 0.221991
vt 0.261998 0.182577
vt 0.290727 0.271209
vt 0.283555 0.236504
vt 0.480166 0.280727
vt 0.478300 0.286019
vt 0.478300 0.274741
vt 0.658430 0.737878
vt 0.649676 0.745866
vt 0.656513 0.736779
vt 0.461393 0.288247
vt 0.458890 0.297156
vt 0.458890 0.287012
vt 0.475982 0.298085
vt 0.473662 0.290961
vt 0.475982 0.286019
vt 0.627175 0.769988
vt 0.633800 0.761813
vt 0.634903 0.763385
vt 0.615518 0.776658
vt 0.624863 0.768634
vt 0.604711 0.779470
vt 0.605084 0.782033
vt 0.002153 0.444588
vt 0.000267 0.435268
vt 0.002821 0.434724
vt 0.006309 0.424071
vt 0.005766 0.434361
vt 0.002855 0.424481
vt 0.005551 0.453005
vt 0.001850 0.461736
vt 0.002003 0.453499
vt 0.005664 0.443995
vt 0.011152 0.461596
vt 0.014804 0.470361
vt 0.011181 0.469854
vt 0.010839 0.442644
vt 0.010889 0.432705
vt 0.013958 0.443218
vt 0.014694 0.462126
vt 0.011035 0.452572
vt 0.014551 0.453121
vt 0.000030 0.391281
vt 0.002476 0.380114
vt 0.002447 0.391373
vt 0.000000 0.403154
vt 0.002442 0.402607
vt 0.000374 0.414018
vt 0.002946 0.413802
vt 0.000330 0.367208
vt 0.000250 0.378031
vt 0.000109 0.351994
vt 0.002532 0.368877
vt 0.472311 0.272394
vt 0.471332 0.260797
vt 0.472311 0.254700
vt 0.475982 0.298085
vt 0.475982 0.286178
vt 0.478146 0.291679
vt 0.516024 0.779529
vt 0.526138 0.784587
vt 0.514535 0.781557
vt 0.002584 0.357736
vt 0.001231 0.345922
vt 0.003207 0.346499
vt 0.006152 0.346732
vt 0.006094 0.357817
vt 0.006069 0.336058
vt 0.002994 0.335795
vt 0.006079 0.369036
vt 0.006224 0.391375
vt 0.006309 0.380226
vt 0.006003 0.413491
vt 0.005955 0.402581
vt 0.473216 0.292372
vt 0.471358 0.297698
vt 0.471358 0.286388
vt 0.494665 0.770575
vt 0.486691 0.761756
vt 0.495753 0.768657
vt 0.000488 0.324090
vt 0.003059 0.325520
vt 0.476928 0.271400
vt 0.474645 0.263846
vt 0.476928 0.258720
vt 0.462624 0.739057
vt 0.470777 0.745746
vt 0.469217 0.746846
vt 0.455758 0.727059
vt 0.463963 0.736741
vt 0.458082 0.726867
vt 0.450548 0.716420
vt 0.453121 0.716554
vt 0.014777 0.488266
vt 0.016569 0.498268
vt 0.014133 0.498369
vt 0.010982 0.509256
vt 0.014006 0.508872
vt 0.011143 0.498661
vt 0.011246 0.479322
vt 0.015268 0.470361
vt 0.015013 0.478995
vt 0.011058 0.488660
vt 0.006103 0.306983
vt 0.002254 0.298054
vt 0.006083 0.298705
vt 0.006110 0.325755
vt 0.002329 0.306391
vt 0.005950 0.316031
vt 0.002436 0.315480
vt 0.016585 0.548643
vt 0.014348 0.553957
vt 0.014344 0.542626
vt 0.016738 0.530810
vt 0.014335 0.531267
vt 0.016373 0.519766
vt 0.013842 0.519884
vt 0.016697 0.565586
vt 0.016253 0.576809
vt 0.014341 0.565223
vt 0.452822 0.627220
vt 0.446935 0.637411
vt 0.450807 0.625949
vt 0.013907 0.587484
vt 0.016487 0.588197
vt 0.013796 0.576496
vt 0.011079 0.597902
vt 0.014102 0.598147
vt 0.010947 0.587288
vt 0.010802 0.565199
vt 0.010858 0.576367
vt 0.010596 0.542817
vt 0.010531 0.554077
vt 0.010808 0.520316
vt 0.010866 0.531400
vt 0.478146 0.292092
vt 0.480012 0.286806
vt 0.480012 0.298085
vt 0.461618 0.605848
vt 0.470366 0.597865
vt 0.463529 0.606953
vt 0.457720 0.616927
vt 0.455817 0.615744
vt 0.006599 0.479688
vt 0.004296 0.470843
vt 0.006621 0.465472
vt 0.006664 0.488571
vt 0.004175 0.480455
vt 0.005985 0.501317
vt 0.004062 0.490566
vt 0.515330 0.564262
vt 0.504528 0.567069
vt 0.514962 0.561694
vt 0.003437 0.501427
vt 0.000000 0.512711
vt 0.000495 0.501684
vt 0.003450 0.512465
vt 0.000630 0.480848
vt 0.000555 0.491053
vt 0.000612 0.462256
vt 0.000466 0.471315
vt 0.011160 0.607784
vt 0.014265 0.608235
vt 0.004395 0.461736
vt 0.015217 0.626772
vt 0.011456 0.617504
vt 0.014958 0.617967
vt 0.006437 0.547037
vt 0.004053 0.557715
vt 0.004023 0.546586
vt 0.006405 0.535145
vt 0.003969 0.535262
vt 0.005978 0.523934
vt 0.003410 0.523698
vt 0.006266 0.570568
vt 0.006287 0.560067
vt 0.006572 0.585145
vt 0.004058 0.568629
vt 0.605512 0.562170
vt 0.593907 0.559142
vt 0.587844 0.556148
vt 0.582101 0.557572
vt 0.604018 0.564203
vt 0.004069 0.579237
vt 0.005487 0.590497
vt 0.003510 0.589664
vt 0.000342 0.589428
vt 0.000324 0.579070
vt 0.000756 0.599089
vt 0.003786 0.599407
vt 0.000507 0.568488
vt 0.000486 0.546422
vt 0.000428 0.557564
vt 0.000356 0.523882
vt 0.000459 0.535140
vt 0.639011 0.584666
vt 0.641657 0.589650
vt 0.633351 0.581976
vt 0.625382 0.573150
vt 0.624289 0.575074
vt 0.615707 0.567436
vt 0.614273 0.569182
vt 0.478300 0.286019
vt 0.475983 0.278688
vt 0.478300 0.273665
vt 0.657425 0.604669
vt 0.649266 0.597986
vt 0.650831 0.596881
vt 0.664288 0.616667
vt 0.656079 0.606990
vt 0.661959 0.616866
vt 0.669499 0.627307
vt 0.666921 0.627178
vt 0.014498 0.323337
vt 0.016408 0.333113
vt 0.013935 0.333281
vt 0.010877 0.344049
vt 0.013875 0.343652
vt 0.010900 0.333730
vt 0.011090 0.314748
vt 0.014781 0.305827
vt 0.014636 0.314252
vt 0.010754 0.323953
vt 0.011362 0.298514
vt 0.011159 0.306292
vt 0.003785 0.608474
vt 0.000734 0.608115
vt 0.014903 0.298054
vt 0.004638 0.624640
vt 0.000954 0.616484
vt 0.004471 0.617124
vt 0.016576 0.383158
vt 0.014308 0.388519
vt 0.014308 0.377194
vt 0.016723 0.365355
vt 0.014287 0.365871
vt 0.016326 0.354382
vt 0.013759 0.354564
vt 0.016667 0.400120
vt 0.016182 0.411403
vt 0.014282 0.399807
vt 0.013882 0.432984
vt 0.016370 0.422860
vt 0.016340 0.434276
vt 0.013757 0.422207
vt 0.013699 0.411136
vt 0.010787 0.422027
vt 0.010730 0.399793
vt 0.010751 0.411021
vt 0.010531 0.377184
vt 0.010681 0.388492
vt 0.010703 0.354871
vt 0.010774 0.365891
vt 0.826916 0.756779
vt 0.796130 0.747069
vt 0.868394 0.725162
vt 0.774052 0.756619
vt 0.809988 0.771684
vt 0.721818 0.735904
vt 0.712220 0.694747
vt 0.705297 0.714309
vt 0.694562 0.686202
vt 0.799956 0.603140
vt 0.845637 0.700515
vt 0.704024 0.632203
vt 0.741669 0.600450
vt 0.794235 0.568421
vt 0.727047 0.585560
vt 0.868635 0.591105
vt 0.806787 0.556387
vt 0.861998 0.609949
vt 0.897364 0.623468
vt 0.885477 0.666394
vt 0.904500 0.676966
vt 0.673210 0.480214
vt 0.621444 0.535315
vt 0.613560 0.541905
vt 0.508731 0.542542
vt 0.487609 0.523670
vt 0.444622 0.479889
vt 0.503723 0.536544
vt 0.450760 0.484368
vt 0.440668 0.471860
vt 0.438958 0.440902
vt 0.440030 0.377043
vt 0.444866 0.368053
vt 0.500022 0.312945
vt 0.448276 0.366013
vt 0.504629 0.306737
vt 0.515396 0.302796
vt 0.543555 0.300927
vt 0.606441 0.301735
vt 0.517434 0.303910
vt 0.672918 0.362280
vt 0.678950 0.369860
vt 0.613618 0.304862
vt 0.617703 0.310001
vt 0.192274 0.009087
vt 0.183906 0.008188
vt 0.194060 0.047475
vt 0.181537 0.017567
vt 0.182057 0.011879
vt 0.176743 0.005243
vt 0.179371 0.004093
vt 0.187251 0.003589
vt 0.206398 0.004754
vt 0.506271 0.542425
vt 0.499130 0.537095
vt 0.506120 0.544281
vt 0.511618 0.546690
vt 0.507933 0.546355
vt 0.275315 0.302325
vt 0.272055 0.299426
vt 0.279100 0.299013
vt 0.499007 0.538622
vt 0.607548 0.545719
vt 0.579322 0.546845
vt 0.581461 0.545260
vt 0.587662 0.547700
vt 0.606723 0.547009
vt 0.608232 0.544380
vt 0.614059 0.543945
vt 0.611070 0.546224
vt 0.381562 0.301737
vt 0.378383 0.299636
vt 0.385610 0.300927
vt 0.384018 0.298381
vt 0.379662 0.298255
vt 0.368988 0.301156
vt 0.352661 0.299675
vt 0.360594 0.298254
vt 0.674998 0.484660
vt 0.680212 0.476416
vt 0.680917 0.477788
vt 0.682759 0.474971
vt 0.083105 0.302273
vt 0.078212 0.301736
vt 0.083529 0.300119
vt 0.077030 0.299211
vt 0.079905 0.299373
vt 0.073174 0.302491
vt 0.069971 0.298967
vt 0.682772 0.375290
vt 0.684224 0.409024
vt 0.682150 0.404207
vt 0.684278 0.377981
vt 0.680756 0.374682
vt 0.680915 0.369272
vt 0.683464 0.372789
vt 0.181486 0.303005
vt 0.183677 0.300879
vt 0.187026 0.304624
vt 0.176507 0.301560
vt 0.151642 0.299661
vt 0.176894 0.299227
vt 0.613481 0.302855
vt 0.622300 0.309452
vt 0.628930 0.317415
vt 0.615316 0.302269
vt 0.612519 0.300445
vt 0.315458 0.004270
vt 0.310392 0.003805
vt 0.315757 0.002124
vt 0.308842 0.001323
vt 0.311936 0.001417
vt 0.304991 0.004644
vt 0.300781 0.001750
vt 0.622436 0.307931
vt 0.516505 0.300639
vt 0.540184 0.299269
vt 0.515973 0.299204
vt 0.509980 0.301311
vt 0.510640 0.299638
vt 0.412117 0.001200
vt 0.416074 0.001816
vt 0.415201 0.004068
vt 0.413118 0.005515
vt 0.406664 0.002865
vt 0.381837 0.001171
vt 0.406956 0.000556
vt 0.383166 -0.000000
vt 0.093219 0.036331
vt 0.082083 0.025151
vt 0.081888 0.011271
vt 0.085689 0.005230
vt 0.075785 0.017865
vt 0.076618 0.002860
vt 0.076973 0.005047
vt 0.071066 0.005003
vt 0.072551 0.010629
vt 0.083513 0.001635
vt 0.669239 0.717778
vt 0.679694 0.719031
vt 0.674640 0.726807
vt 0.682452 0.698846
vt 0.682947 0.715795
vt 0.681058 0.711448
vt 0.149833 0.296278
vt 0.156042 0.294211
vt 0.166788 0.294614
vt 0.171124 0.292271
vt 0.176957 0.288865
vt 0.173732 0.288945
vt 0.175292 0.292898
vt 0.682103 0.720678
vt 0.679613 0.725900
vt 0.171661 0.294605
vt 0.680475 0.727845
vt 0.672570 0.732786
vt 0.673139 0.735181
vt 0.664235 0.741920
vt 0.249835 0.581905
vt 0.273253 0.582799
vt 0.272449 0.570566
vt 0.274671 0.564420
vt 0.278193 0.581094
vt 0.281865 0.583700
vt 0.280480 0.587878
vt 0.285368 0.590491
vt 0.277822 0.588654
vt 0.271447 0.588785
vt 0.365937 0.560704
vt 0.371675 0.553216
vt 0.377849 0.578917
vt 0.382861 0.575669
vt 0.370044 0.590636
vt 0.382997 0.587926
vt 0.385265 0.589762
vt 0.380682 0.586590
vt 0.367170 0.588111
vt 0.047144 0.581696
vt 0.069291 0.582815
vt 0.069463 0.569696
vt 0.070975 0.564506
vt 0.074461 0.581209
vt 0.078203 0.583857
vt 0.076718 0.588002
vt 0.081668 0.590659
vt 0.073733 0.589031
vt 0.066218 0.588080
vt 0.165318 0.587522
vt 0.173956 0.578631
vt 0.179724 0.585756
vt 0.162749 0.561279
vt 0.168433 0.553768
vt 0.179703 0.576337
vt 0.166787 0.591254
vt 0.179809 0.588607
vt 0.182047 0.590443
vt 0.275022 0.284269
vt 0.302536 0.285119
vt 0.302073 0.272894
vt 0.307361 0.274037
vt 0.308222 0.283405
vt 0.310469 0.290184
vt 0.313027 0.287411
vt 0.315499 0.292786
vt 0.307423 0.290965
vt 0.300009 0.291108
vt 0.406114 0.275436
vt 0.393043 0.262941
vt 0.397395 0.289003
vt 0.411329 0.287142
vt 0.398762 0.292736
vt 0.411418 0.289997
vt 0.413509 0.291828
vt 0.676175 0.618773
vt 0.678398 0.628405
vt 0.681371 0.626385
vt 0.661910 0.601812
vt 0.677578 0.615339
vt 0.054956 0.294638
vt 0.060574 0.292457
vt 0.066275 0.294926
vt 0.066385 0.290490
vt 0.679360 0.619684
vt 0.072949 0.291669
vt 0.070548 0.293378
vt 0.076949 0.294095
vt 0.681620 0.619563
vt 0.077364 0.295759
vt 0.086797 0.292876
vt 0.086494 0.295076
vt 0.136746 0.413422
vt 0.133143 0.415322
vt 0.134539 0.401460
vt 0.128055 0.415856
vt 0.137586 0.421568
vt 0.132007 0.427799
vt 0.129434 0.440306
vt 0.133835 0.433505
vt 0.131303 0.445448
vt 0.125778 0.415753
vt 0.139481 0.426013
vt 0.137980 0.433906
vt 0.134140 0.441193
vt 0.134709 0.442867
vt 0.130525 0.448411
vt 0.132510 0.448237
vt 0.131475 0.450707
vt 0.126971 0.437685
vt 0.122809 0.423022
vt 0.032786 0.424813
vt 0.028982 0.411646
vt 0.036332 0.389159
vt 0.433793 0.441048
vt 0.435359 0.435858
vt 0.436302 0.446485
vt 0.033572 0.431284
vt 0.029937 0.436659
vt 0.036868 0.429887
vt 0.030944 0.447325
vt 0.426430 0.422336
vt 0.430870 0.423126
vt 0.437106 0.423910
vt 0.431679 0.410973
vt 0.339688 0.413123
vt 0.336116 0.415038
vt 0.338417 0.397375
vt 0.331082 0.415608
vt 0.340731 0.421328
vt 0.335261 0.427598
vt 0.333043 0.440221
vt 0.337237 0.433344
vt 0.335028 0.445387
vt 0.328849 0.415534
vt 0.342786 0.425811
vt 0.341438 0.433747
vt 0.337753 0.441096
vt 0.338361 0.442773
vt 0.334327 0.448377
vt 0.336304 0.448194
vt 0.335320 0.450681
vt 0.330549 0.437600
vt 0.326148 0.422895
vt 0.238963 0.417966
vt 0.233097 0.433012
vt 0.221489 0.105652
vt 0.222114 0.134376
vt 0.237469 0.431638
vt 0.221614 0.143612
vt 0.223202 0.138432
vt 0.224065 0.149056
vt 0.234016 0.437089
vt 0.240662 0.430194
vt 0.235045 0.447732
vt 0.214405 0.124869
vt 0.141022 0.138030
vt 0.139371 0.132259
vt 0.140384 0.146123
vt 0.147145 0.138375
vt 0.134279 0.142430
vt 0.132166 0.139334
vt 0.132395 0.147805
vt 0.125021 0.149987
vt 0.139182 0.122883
vt 0.141362 0.152223
vt 0.125553 0.151823
vt 0.131458 0.152265
vt 0.127438 0.153142
vt 0.122470 0.152633
vt 0.123372 0.149674
vt 0.127424 0.139795
vt 0.136527 0.115672
vt 0.023315 0.125531
vt 0.020575 0.114570
vt 0.034315 0.086870
vt 0.456833 0.142993
vt 0.458555 0.138390
vt 0.458890 0.148424
vt 0.027588 0.131599
vt 0.021763 0.149096
vt 0.026100 0.127214
vt 0.450446 0.124428
vt 0.454317 0.125080
vt 0.018028 0.125583
vt 0.366320 0.115289
vt 0.362809 0.117212
vt 0.366002 0.099547
vt 0.357759 0.117794
vt 0.366668 0.123490
vt 0.361114 0.129774
vt 0.357801 0.142396
vt 0.362533 0.135513
vt 0.359343 0.147559
vt 0.355426 0.117724
vt 0.368085 0.127965
vt 0.366343 0.135907
vt 0.362329 0.143261
vt 0.362794 0.144937
vt 0.358422 0.150550
vt 0.360347 0.150362
vt 0.359253 0.152851
vt 0.355469 0.139783
vt 0.351880 0.125091
vt 0.263563 0.127587
vt 0.258942 0.114536
vt 0.266592 0.091898
vt 0.230703 0.441665
vt 0.232262 0.436472
vt 0.233097 0.447074
vt 0.264531 0.134036
vt 0.260568 0.139495
vt 0.268000 0.132585
vt 0.261748 0.150134
vt 0.223604 0.422989
vt 0.227958 0.423765
vt 0.257000 0.126662
vt 0.442908 0.468491
vt 0.441781 0.468393
vt 0.442491 0.463313
vt 0.443928 0.473068
vt 0.443349 0.471042
vt 0.499006 0.531077
vt 0.505614 0.536999
vt 0.010370 0.306499
vt 0.010448 0.312090
vt 0.010370 0.314194
vt 0.603038 0.541803
vt 0.606363 0.543018
vt 0.594000 0.542265
vt 0.609893 0.540537
vt 0.607158 0.541275
vt 0.667758 0.484974
vt 0.673670 0.478311
vt 0.678025 0.471065
vt 0.677319 0.477163
vt 0.677193 0.473101
vt 0.010370 0.321755
vt 0.010448 0.326936
vt 0.010370 0.328888
vt 0.678519 0.378055
vt 0.679645 0.378151
vt 0.678936 0.383234
vt 0.677500 0.373478
vt 0.678078 0.375505
vt 0.622425 0.315473
vt 0.615813 0.309547
vt 0.010448 0.328888
vt 0.010526 0.333987
vt 0.010448 0.335907
vt 0.516100 0.304983
vt 0.521253 0.304547
vt 0.509108 0.305889
vt 0.511536 0.306009
vt 0.513561 0.305434
vt 0.453675 0.361566
vt 0.447761 0.368230
vt 0.443402 0.375482
vt 0.442461 0.373803
vt 0.444235 0.373446
vt 0.010370 0.314194
vt 0.010457 0.319774
vt 0.010370 0.321755
vt 0.165312 0.076782
vt 0.187320 0.044275
vt 0.195968 0.060663
vt 0.192486 0.138458
vt 0.205153 0.136266
vt 0.181623 0.148531
vt 0.162407 0.138797
vt 0.200087 0.145828
vt 0.212634 0.149474
vt 0.171875 0.152299
vt 0.157198 0.151178
vt 0.152395 0.145081
vt 0.146511 0.117133
vt 0.150978 0.096569
vt 0.153192 0.074322
vt 0.152274 0.068395
vt 0.133640 0.119465
vt 0.165254 0.043800
vt 0.170731 0.014066
vt 0.162635 0.063462
vt 0.094319 0.303641
vt 0.150752 0.301217
vt 0.127535 0.304888
vt 0.150975 0.312120
vt 0.173381 0.305128
vt 0.160647 0.336352
vt 0.144192 0.382723
vt 0.178433 0.322544
vt 0.162358 0.357106
vt 0.174069 0.322793
vt 0.148728 0.398726
vt 0.160006 0.370754
vt 0.142715 0.402103
vt 0.121820 0.395127
vt 0.103972 0.370120
vt 0.116254 0.400932
vt 0.106713 0.367753
vt 0.094784 0.336064
vt 0.100686 0.337261
vt 0.107085 0.329234
vt 0.261053 0.454048
vt 0.280830 0.452761
vt 0.281627 0.455777
vt 0.284028 0.450491
vt 0.317129 0.457126
vt 0.305440 0.452295
vt 0.321898 0.451787
vt 0.311226 0.464613
vt 0.304243 0.460201
vt 0.320499 0.474541
vt 0.315235 0.488352
vt 0.312009 0.483989
vt 0.307646 0.502804
vt 0.303157 0.532821
vt 0.324162 0.481303
vt 0.315970 0.500802
vt 0.307885 0.527954
vt 0.293747 0.569863
vt 0.297273 0.535727
vt 0.292674 0.558824
vt 0.263847 0.527612
vt 0.261290 0.531161
vt 0.239665 0.458515
vt 0.235890 0.452638
vt 0.365673 0.464407
vt 0.355271 0.464333
vt 0.359060 0.457974
vt 0.376910 0.463350
vt 0.384368 0.450034
vt 0.360152 0.451793
vt 0.354804 0.450591
vt 0.384627 0.454064
vt 0.424785 0.454007
vt 0.425950 0.450979
vt 0.415493 0.455484
vt 0.390761 0.451901
vt 0.402139 0.458616
vt 0.423917 0.474256
vt 0.407732 0.510068
vt 0.434655 0.451874
vt 0.411767 0.514260
vt 0.434749 0.458203
vt 0.402721 0.548162
vt 0.395897 0.557604
vt 0.391424 0.561711
vt 0.381651 0.545601
vt 0.361684 0.502098
vt 0.369167 0.516227
vt 0.379809 0.555415
vt 0.368827 0.530342
vt 0.354026 0.503434
vt 0.358993 0.509891
vt 0.371641 0.546054
vt 0.347319 0.480353
vt 0.349596 0.474488
vt 0.353416 0.472351
vt 0.362402 0.491879
vt 0.057123 0.453801
vt 0.076994 0.452609
vt 0.077829 0.455648
vt 0.080206 0.450352
vt 0.113508 0.457184
vt 0.101684 0.452257
vt 0.118162 0.451810
vt 0.107707 0.464703
vt 0.100648 0.460231
vt 0.116964 0.474674
vt 0.111722 0.488504
vt 0.108556 0.484139
vt 0.104172 0.502960
vt 0.099578 0.532975
vt 0.120491 0.481402
vt 0.112351 0.500931
vt 0.104286 0.528118
vt 0.090171 0.570068
vt 0.093743 0.535890
vt 0.089101 0.558998
vt 0.060069 0.527563
vt 0.057405 0.531006
vt 0.035593 0.458139
vt 0.031775 0.452220
vt 0.162416 0.464778
vt 0.151930 0.464637
vt 0.155673 0.458261
vt 0.173684 0.463769
vt 0.181002 0.450401
vt 0.156637 0.452027
vt 0.151242 0.450788
vt 0.181285 0.454449
vt 0.221605 0.454587
vt 0.222784 0.451563
vt 0.212281 0.456024
vt 0.187429 0.452305
vt 0.198904 0.459108
vt 0.220749 0.474877
vt 0.204629 0.510724
vt 0.231450 0.452474
vt 0.208633 0.514931
vt 0.231515 0.458800
vt 0.204677 0.537095
vt 0.192799 0.558305
vt 0.196084 0.557228
vt 0.188331 0.562402
vt 0.178531 0.546226
vt 0.158420 0.502520
vt 0.165983 0.516733
vt 0.176644 0.556029
vt 0.165558 0.530836
vt 0.150571 0.503779
vt 0.155595 0.510262
vt 0.168379 0.546590
vt 0.143762 0.480579
vt 0.146166 0.474757
vt 0.150084 0.472666
vt 0.159199 0.492309
vt 0.287657 0.156390
vt 0.306985 0.155059
vt 0.307999 0.158073
vt 0.310075 0.152781
vt 0.342897 0.159342
vt 0.330979 0.154535
vt 0.346847 0.153990
vt 0.337864 0.166842
vt 0.330712 0.162447
vt 0.346949 0.176747
vt 0.342356 0.190576
vt 0.339386 0.186219
vt 0.335584 0.205046
vt 0.331595 0.235079
vt 0.350060 0.183504
vt 0.342920 0.203018
vt 0.335943 0.230194
vt 0.323549 0.272140
vt 0.326233 0.237985
vt 0.322226 0.261104
vt 0.292864 0.229956
vt 0.290152 0.233499
vt 0.266625 0.160912
vt 0.262627 0.155039
vt 0.391290 0.166512
vt 0.380933 0.166462
vt 0.384209 0.160093
vt 0.402195 0.165430
vt 0.408406 0.152093
vt 0.384550 0.153908
vt 0.379184 0.152718
vt 0.408857 0.156124
vt 0.448138 0.155974
vt 0.449235 0.152943
vt 0.439105 0.157472
vt 0.414726 0.153946
vt 0.426277 0.160635
vt 0.447897 0.176209
vt 0.433534 0.212081
vt 0.457482 0.153830
vt 0.437385 0.216291
vt 0.423402 0.259640
vt 0.433880 0.239301
vt 0.426435 0.258561
vt 0.419230 0.263756
vt 0.409311 0.247680
vt 0.388398 0.204211
vt 0.396287 0.218325
vt 0.407610 0.257493
vt 0.395974 0.232444
vt 0.380240 0.205566
vt 0.385451 0.212011
vt 0.399110 0.248156
vt 0.372785 0.182498
vt 0.375366 0.176630
vt 0.379398 0.174484
vt 0.389081 0.193994
vt 0.047911 0.155569
vt 0.067795 0.154400
vt 0.068598 0.157423
vt 0.071016 0.152149
vt 0.104282 0.158988
vt 0.092521 0.154082
vt 0.109044 0.153671
vt 0.098374 0.166445
vt 0.091355 0.161988
vt 0.107636 0.176429
vt 0.102309 0.190218
vt 0.099112 0.185835
vt 0.094659 0.204618
vt 0.089998 0.234609
vt 0.111229 0.183202
vt 0.102959 0.202658
vt 0.096251 0.224605
vt 0.077959 0.272667
vt 0.084106 0.237472
vt 0.079385 0.260560
vt 0.054068 0.239446
vt 0.026384 0.159920
vt 0.047903 0.232759
vt 0.022588 0.154014
vt 0.196851 0.342243
vt 0.206148 0.359969
vt 0.039563 0.432280
vt 0.077945 0.403017
vt 0.056453 0.396101
vt 0.054141 0.382276
vt 0.078848 0.328880
vt 0.417644 0.373648
vt 0.412342 0.341450
vt 0.408233 0.359209
vt 0.400770 0.329550
vt 0.061246 0.308386
vt 0.017734 0.306539
vt 0.055796 0.300545
vt 0.068061 0.303241
vt 0.022257 0.302537
vt 0.358729 0.415005
vt 0.351867 0.429854
vt 0.350176 0.423628
vt 0.365143 0.395938
vt 0.346693 0.418279
vt 0.357584 0.390035
vt 0.362408 0.370236
vt 0.368479 0.358216
vt 0.374547 0.352361
vt 0.359007 0.400270
vt 0.376207 0.372993
vt 0.378185 0.352767
vt 0.324547 0.394832
vt 0.313339 0.390264
vt 0.319268 0.400748
vt 0.309270 0.367495
vt 0.304101 0.343948
vt 0.328894 0.302431
vt 0.370398 0.311422
vt 0.243329 0.432574
vt 0.280933 0.402948
vt 0.259588 0.396176
vt 0.257165 0.382347
vt 0.280998 0.328650
vt 0.211060 0.021546
vt 0.233097 0.009390
vt 0.258798 0.300755
vt 0.270429 0.303173
vt 0.238556 0.303240
vt 0.263904 0.308435
vt 0.112087 0.092776
vt 0.118678 0.117567
vt 0.116419 0.117476
vt 0.099548 0.080191
vt 0.106263 0.102000
vt 0.093038 0.051596
vt 0.118489 0.004645
vt 0.140823 0.002604
vt 0.156081 0.004747
vt 0.158705 0.010656
vt 0.030266 0.133992
vt 0.068421 0.104609
vt 0.046968 0.097712
vt 0.059686 0.053870
vt 0.044631 0.083880
vt 0.068370 0.025040
vt 0.005805 0.043610
vt 0.434401 0.061226
vt 0.431725 0.043839
vt 0.005817 0.002513
vt 0.046590 0.002267
vt 0.029164 0.004664
vt 0.057953 0.005518
vt 0.385212 0.117127
vt 0.377761 0.131992
vt 0.376063 0.125768
vt 0.392076 0.098046
vt 0.372205 0.120428
vt 0.384045 0.092161
vt 0.389363 0.072363
vt 0.395783 0.060322
vt 0.402115 0.054450
vt 0.385622 0.102395
vt 0.403534 0.075080
vt 0.405796 0.054849
vt 0.352216 0.097034
vt 0.334703 0.072136
vt 0.346074 0.102960
vt 0.337541 0.069732
vt 0.326435 0.038049
vt 0.332352 0.039188
vt 0.360410 0.009749
vt 0.361135 0.026759
vt 0.340633 0.005154
vt 0.403688 0.006453
vt 0.270733 0.134960
vt 0.309415 0.105252
vt 0.288092 0.098528
vt 0.285878 0.084710
vt 0.311106 0.030955
vt 0.291985 0.010776
vt 0.242965 0.009943
vt 0.285389 0.003105
vt 0.299353 0.005501
vt 0.247865 0.005852
vt 0.137428 0.587972
vt 0.134809 0.578532
vt 0.137286 0.591750
vt 0.105903 0.588280
vt 0.034426 0.591325
vt 0.039747 0.587153
vt 0.405106 0.588459
vt 0.416875 0.591227
vt 0.396357 0.590734
vt 0.020536 0.587980
vt 0.340757 0.587485
vt 0.340664 0.591277
vt 0.309386 0.587957
vt 0.168895 0.247891
vt 0.148963 0.204242
vt 0.156450 0.218417
vt 0.166992 0.257687
vt 0.156024 0.232534
vt 0.146181 0.212016
vt 0.153765 0.235929
vt 0.134513 0.182397
vt 0.136871 0.176552
vt 0.140750 0.174440
vt 0.149980 0.176309
vt 0.149745 0.194028
vt 0.210795 0.166678
vt 0.222408 0.154636
vt 0.178650 0.264037
vt 0.185013 0.246881
vt 0.181245 0.268013
vt 0.198516 0.217027
vt 0.275308 0.591356
vt 0.268823 0.593068
vt 0.250235 0.589437
vt 0.249988 0.593591
vt 0.192065 0.290855
vt 0.211825 0.294952
vt 0.186057 0.293938
vt 0.215347 0.290750
vt 0.198986 0.261256
vt 0.217823 0.283190
vt 0.191388 0.282807
vt 0.127626 0.289522
vt 0.124992 0.280074
vt 0.155114 0.291757
vt 0.127506 0.293312
vt 0.098385 0.289896
vt 0.086007 0.286872
vt 0.030407 0.286204
vt 0.045741 0.284385
vt 0.056648 0.289747
vt 0.036178 0.291532
vt 0.035659 0.295013
vt 0.012235 0.290292
vt 0.008649 0.293236
vt 0.370247 0.289653
vt 0.367618 0.280229
vt 0.370003 0.293446
vt 0.332624 0.290950
vt 0.304206 0.293671
vt 0.296289 0.295394
vt 0.274896 0.291799
vt 0.273951 0.295952
vt 0.247398 0.291450
vt 0.242820 0.294431
vt 0.244375 0.261273
vt 0.243827 0.283439
vt 0.683593 0.455802
vt 0.681426 0.468558
vt 0.680019 0.465410
vt 0.614374 0.539871
vt 0.527976 0.546905
vt 0.514759 0.544783
vt 0.517382 0.542306
vt 0.529127 0.543559
vt 0.511447 0.542641
vt 0.444988 0.478644
vt 0.437835 0.390851
vt 0.441348 0.381699
vt 0.593457 0.299641
vt 0.605882 0.304494
vt 0.592300 0.302986
vt 0.609712 0.304121
vt 0.177572 0.023891
vt 0.176880 0.011795
vt 0.173478 0.024378
vt 0.151711 0.035158
vt 0.162632 0.017843
vt 0.168413 0.005981
vt 0.172237 0.003798
vt 0.172038 0.000794
vt 0.166873 0.000782
vt 0.166988 0.003137
vt 0.141870 0.001130
vt 0.438589 0.468096
vt 0.437206 0.437527
vt 0.437106 0.468282
vt 0.437840 0.473449
vt 0.175615 0.000878
vt 0.180704 0.001667
vt 0.439733 0.474669
vt 0.441986 0.479796
vt 0.439151 0.477032
vt 0.454172 0.492662
vt 0.192890 0.000803
vt 0.454245 0.494363
vt 0.441959 0.482133
vt 0.288273 0.299478
vt 0.284568 0.298564
vt 0.287713 0.298254
vt 0.514766 0.546908
vt 0.524747 0.548145
vt 0.288292 0.301150
vt 0.283839 0.302114
vt 0.304618 0.331115
vt 0.296231 0.303753
vt 0.287696 0.305141
vt 0.294483 0.322320
vt 0.290929 0.322195
vt 0.284077 0.308174
vt 0.286534 0.316421
vt 0.277448 0.312129
vt 0.276905 0.320896
vt 0.289627 0.356820
vt 0.290550 0.343106
vt 0.276566 0.307423
vt 0.273787 0.313339
vt 0.259365 0.353300
vt 0.621004 0.538485
vt 0.625497 0.536350
vt 0.619869 0.541677
vt 0.388482 0.303335
vt 0.387907 0.299073
vt 0.392525 0.302417
vt 0.394091 0.308774
vt 0.406137 0.302794
vt 0.402875 0.306967
vt 0.398564 0.299188
vt 0.392771 0.315181
vt 0.387785 0.308887
vt 0.398031 0.338667
vt 0.384841 0.307987
vt 0.385895 0.329383
vt 0.380076 0.321807
vt 0.377297 0.304402
vt 0.362466 0.335705
vt 0.375728 0.322069
vt 0.684278 0.464734
vt 0.683407 0.470776
vt 0.092484 0.299761
vt 0.093163 0.301148
vt 0.090183 0.298750
vt 0.090916 0.311012
vt 0.089322 0.304360
vt 0.105931 0.310062
vt 0.085671 0.315708
vt 0.082703 0.308660
vt 0.075404 0.312358
vt 0.079180 0.305724
vt 0.074797 0.321110
vt 0.087206 0.357040
vt 0.088262 0.343350
vt 0.074505 0.307631
vt 0.066025 0.328611
vt 0.675506 0.362307
vt 0.673737 0.358157
vt 0.678629 0.363396
vt 0.186808 0.299950
vt 0.182057 0.299314
vt 0.233110 0.011544
vt 0.233097 0.005160
vt 0.240871 0.002063
vt 0.236997 0.032454
vt 0.242648 0.031962
vt 0.191206 0.315978
vt 0.198968 0.330314
vt 0.192510 0.309559
vt 0.190960 0.303192
vt 0.186318 0.309696
vt 0.182543 0.309273
vt 0.174009 0.373613
vt 0.176195 0.353436
vt 0.184211 0.330143
vt 0.172517 0.352995
vt 0.166294 0.358788
vt 0.164431 0.303580
vt 0.607534 0.299673
vt 0.595203 0.298254
vt 0.320931 0.001298
vt 0.325361 0.003061
vt 0.330546 0.016220
vt 0.321648 0.006300
vt 0.321678 0.016694
vt 0.317327 0.020195
vt 0.315080 0.010665
vt 0.307720 0.014442
vt 0.311543 0.007763
vt 0.307146 0.023211
vt 0.318971 0.059107
vt 0.320071 0.045387
vt 0.306669 0.009740
vt 0.297960 0.030846
vt 0.510273 0.303098
vt 0.499454 0.309086
vt 0.505772 0.302817
vt 0.003225 0.000873
vt 0.013107 0.000330
vt 0.491984 0.314723
vt 0.501578 0.304878
vt 0.418682 0.004262
vt 0.416280 0.000128
vt 0.420021 0.001415
vt 0.000609 0.008598
vt 0.009557 0.006562
vt 0.000139 0.003635
vt 0.419033 0.011879
vt 0.420875 0.009166
vt 0.428408 0.020530
vt 0.411965 0.011125
vt 0.417488 0.018389
vt 0.426993 0.045847
vt 0.413894 0.031444
vt 0.408282 0.023887
vt 0.399250 0.015177
vt 0.390981 0.037827
vt 0.404047 0.024160
vt 0.082764 0.046172
vt 0.076388 0.036413
vt 0.067381 0.017966
vt 0.065664 0.013748
vt 0.061612 0.017926
vt 0.060058 0.033627
vt 0.057432 0.015813
vt 0.030230 0.014392
vt 0.064786 0.001974
vt 0.064816 0.005315
vt 0.069501 0.001080
vt 0.073711 0.001565
vt 0.440466 0.370506
vt 0.446174 0.361591
vt 0.447684 0.361715
vt 0.459694 0.351590
vt 0.074352 0.000106
vt 0.080380 0.000179
vt 0.438024 0.375762
vt 0.437151 0.381787
vt 0.154035 0.288106
vt 0.167451 0.289660
vt 0.169249 0.280679
vt 0.163455 0.270506
vt 0.168476 0.273140
vt 0.175151 0.278987
vt 0.179659 0.279931
vt 0.186570 0.268167
vt 0.180733 0.286819
vt 0.196849 0.248423
vt 0.186016 0.281582
vt 0.184093 0.290222
vt 0.178810 0.292405
vt 0.283772 0.576636
vt 0.277226 0.562609
vt 0.286870 0.556161
vt 0.290673 0.586895
vt 0.307522 0.591240
vt 0.289498 0.589272
vt 0.300717 0.583110
vt 0.292245 0.591595
vt 0.614919 0.790914
vt 0.614014 0.793040
vt 0.608492 0.794602
vt 0.282497 0.592149
vt 0.299916 0.593291
vt 0.288017 0.592868
vt 0.603537 0.792940
vt 0.596592 0.795535
vt 0.613206 0.788785
vt 0.630028 0.774507
vt 0.387984 0.573661
vt 0.394178 0.574921
vt 0.389707 0.580121
vt 0.390566 0.584139
vt 0.411891 0.546928
vt 0.396863 0.578771
vt 0.405804 0.547378
vt 0.404303 0.580478
vt 0.395040 0.586581
vt 0.391817 0.587754
vt 0.391248 0.591701
vt 0.388258 0.590580
vt 0.387224 0.593463
vt 0.383178 0.592069
vt 0.500165 0.788615
vt 0.490664 0.776390
vt 0.499774 0.784795
vt 0.505731 0.786898
vt 0.509298 0.792050
vt 0.516001 0.791068
vt 0.521029 0.793399
vt 0.369350 0.593347
vt 0.513326 0.795044
vt 0.527160 0.795319
vt 0.080172 0.576809
vt 0.073587 0.562720
vt 0.083311 0.556321
vt 0.087082 0.587113
vt 0.103989 0.591542
vt 0.085878 0.589480
vt 0.088600 0.591807
vt 0.080333 0.593945
vt 0.078868 0.591749
vt 0.084281 0.593035
vt 0.096275 0.593535
vt 0.439716 0.715212
vt 0.438078 0.720182
vt 0.437112 0.708218
vt 0.443880 0.724945
vt 0.458137 0.741902
vt 0.442481 0.728374
vt 0.065433 0.593165
vt 0.067916 0.590967
vt 0.075919 0.593321
vt 0.440697 0.724030
vt 0.184864 0.574356
vt 0.191021 0.575627
vt 0.186563 0.580825
vt 0.187381 0.584839
vt 0.196446 0.568976
vt 0.193628 0.579981
vt 0.235631 0.282089
vt 0.238176 0.290664
vt 0.233097 0.289527
vt 0.440361 0.624687
vt 0.437336 0.624514
vt 0.440446 0.617813
vt 0.179902 0.592726
vt 0.184982 0.591252
vt 0.439594 0.615852
vt 0.447487 0.610930
vt 0.446927 0.608525
vt 0.455821 0.601797
vt 0.445414 0.616912
vt 0.166013 0.593938
vt 0.438997 0.632269
vt 0.437106 0.638425
vt 0.314024 0.278931
vt 0.307213 0.264922
vt 0.316642 0.258451
vt 0.320964 0.289179
vt 0.322166 0.293755
vt 0.317671 0.291116
vt 0.505139 0.552800
vt 0.506047 0.550671
vt 0.511568 0.549111
vt 0.312227 0.294449
vt 0.329804 0.295552
vt 0.317952 0.295156
vt 0.516518 0.550777
vt 0.523467 0.548178
vt 0.506849 0.554933
vt 0.490027 0.569211
vt 0.411094 0.277738
vt 0.416122 0.275718
vt 0.421947 0.276965
vt 0.417845 0.282175
vt 0.418599 0.286191
vt 0.431404 0.255406
vt 0.001630 0.280301
vt 0.005102 0.255133
vt 0.008761 0.282249
vt 0.004293 0.289430
vt 0.000000 0.288252
vt 0.424191 0.280806
vt 0.606572 0.551715
vt 0.606734 0.548668
vt 0.613411 0.551817
vt 0.411317 0.294139
vt 0.416166 0.292638
vt 0.615359 0.550962
vt 0.620280 0.558920
vt 0.622672 0.558361
vt 0.629393 0.567328
vt 0.614323 0.556819
vt 0.397814 0.295449
vt 0.599024 0.550319
vt 0.592894 0.548396
vt 0.060283 0.285739
vt 0.066756 0.282105
vt 0.065163 0.286244
vt 0.061710 0.271472
vt 0.058487 0.271173
vt 0.069312 0.286785
vt 0.063888 0.265583
vt 0.070373 0.278317
vt 0.073577 0.257873
vt 0.076448 0.289914
vt 0.074749 0.284517
vt 0.088439 0.252485
vt 0.081324 0.276175
vt 0.092563 0.258170
vt 0.147089 0.423932
vt 0.143521 0.418530
vt 0.139235 0.443643
vt 0.141742 0.435139
vt 0.148760 0.430169
vt 0.142872 0.444089
vt 0.150425 0.440790
vt 0.149112 0.445613
vt 0.141337 0.450338
vt 0.156030 0.449612
vt 0.136246 0.450610
vt 0.143824 0.451864
vt 0.145909 0.456975
vt 0.137246 0.451886
vt 0.143106 0.460491
vt 0.138694 0.458494
vt 0.137601 0.468242
vt 0.142264 0.481130
vt 0.132344 0.453499
vt 0.136179 0.462287
vt 0.130528 0.453044
vt 0.134051 0.460213
vt 0.137250 0.482615
vt 0.128674 0.489252
vt 0.129376 0.469852
vt 0.131955 0.473546
vt 0.119470 0.489101
vt 0.124008 0.492482
vt 0.126025 0.467393
vt 0.128298 0.460516
vt 0.128117 0.451831
vt 0.124847 0.457238
vt 0.120223 0.466173
vt 0.112033 0.470059
vt 0.117554 0.460640
vt 0.123879 0.451992
vt 0.123275 0.450380
vt 0.129030 0.450111
vt 0.116694 0.443366
vt 0.113182 0.450362
vt 0.108061 0.443558
vt 0.122001 0.444058
vt 0.111778 0.424731
vt 0.107821 0.436692
vt 0.104819 0.425860
vt 0.119270 0.429956
vt 0.117261 0.436216
vt 0.124056 0.440050
vt 0.120142 0.419527
vt 0.035389 0.447446
vt 0.073574 0.431398
vt 0.045431 0.441263
vt 0.061636 0.442231
vt 0.040944 0.451432
vt 0.044384 0.447709
vt 0.045756 0.461240
vt 0.038969 0.455343
vt 0.058074 0.461795
vt 0.031186 0.458252
vt 0.436281 0.457416
vt 0.029519 0.469705
vt 0.033973 0.471653
vt 0.031321 0.480316
vt 0.433895 0.468980
vt 0.431577 0.454975
vt 0.431941 0.447672
vt 0.423237 0.462239
vt 0.424881 0.446962
vt 0.417310 0.433796
vt 0.342759 0.443488
vt 0.345083 0.434926
vt 0.346328 0.443894
vt 0.353694 0.440512
vt 0.352531 0.445382
vt 0.345001 0.450214
vt 0.359532 0.449380
vt 0.339997 0.450534
vt 0.347456 0.451716
vt 0.349416 0.456766
vt 0.340972 0.451794
vt 0.346620 0.460288
vt 0.342323 0.458352
vt 0.341272 0.468097
vt 0.345848 0.480925
vt 0.336176 0.453461
vt 0.339891 0.462175
vt 0.334364 0.453011
vt 0.337793 0.460119
vt 0.340717 0.482370
vt 0.332092 0.489010
vt 0.337918 0.489912
vt 0.333003 0.469715
vt 0.335507 0.473371
vt 0.323108 0.488968
vt 0.327479 0.492270
vt 0.329758 0.467315
vt 0.332072 0.460452
vt 0.331918 0.451798
vt 0.328543 0.457170
vt 0.323804 0.466063
vt 0.315525 0.469933
vt 0.321139 0.460547
vt 0.327637 0.451957
vt 0.327033 0.450351
vt 0.332836 0.450080
vt 0.326030 0.446325
vt 0.316915 0.450359
vt 0.318079 0.445572
vt 0.314936 0.424572
vt 0.310247 0.434009
vt 0.318018 0.433275
vt 0.316644 0.440484
vt 0.322587 0.429820
vt 0.323839 0.440489
vt 0.327587 0.439957
vt 0.323423 0.419394
vt 0.239392 0.447807
vt 0.264214 0.433508
vt 0.249269 0.441540
vt 0.264965 0.443217
vt 0.244934 0.451763
vt 0.248322 0.448016
vt 0.249722 0.461527
vt 0.242986 0.455684
vt 0.261945 0.462005
vt 0.235357 0.458668
vt 0.223970 0.159991
vt 0.222455 0.160751
vt 0.234217 0.469026
vt 0.238139 0.472016
vt 0.235707 0.480161
vt 0.222015 0.170385
vt 0.219302 0.157528
vt 0.219712 0.150226
vt 0.212489 0.156519
vt 0.213676 0.153496
vt 0.189915 0.165050
vt 0.188234 0.160111
vt 0.203151 0.157940
vt 0.134729 0.153755
vt 0.146446 0.160092
vt 0.136726 0.158822
vt 0.142640 0.166430
vt 0.133903 0.162326
vt 0.129554 0.160362
vt 0.128661 0.168658
vt 0.133036 0.182993
vt 0.125618 0.161460
vt 0.123600 0.154673
vt 0.127928 0.170411
vt 0.129341 0.187587
vt 0.126180 0.181528
vt 0.122900 0.171328
vt 0.118703 0.195243
vt 0.121796 0.187053
vt 0.114631 0.193930
vt 0.120309 0.173993
vt 0.118956 0.165905
vt 0.110172 0.190822
vt 0.122331 0.156857
vt 0.117890 0.165273
vt 0.121510 0.154928
vt 0.119069 0.153739
vt 0.115707 0.159095
vt 0.110965 0.167967
vt 0.102676 0.171794
vt 0.108309 0.162435
vt 0.114790 0.153874
vt 0.114191 0.152264
vt 0.119996 0.152025
vt 0.121498 0.150331
vt 0.107465 0.145163
vt 0.104049 0.152213
vt 0.098804 0.145334
vt 0.112824 0.145886
vt 0.102391 0.126431
vt 0.098485 0.138421
vt 0.095396 0.127537
vt 0.109984 0.131718
vt 0.107975 0.137979
vt 0.114877 0.141880
vt 0.117838 0.139539
vt 0.110876 0.121299
vt 0.113573 0.124812
vt 0.122245 0.147351
vt 0.120318 0.142173
vt 0.127356 0.115133
vt 0.123753 0.117031
vt 0.126263 0.099388
vt 0.128291 0.123335
vt 0.122735 0.129575
vt 0.124636 0.135326
vt 0.127200 0.136789
vt 0.026166 0.149194
vt 0.064211 0.133079
vt 0.036166 0.142992
vt 0.052365 0.143969
vt 0.031716 0.153186
vt 0.035151 0.149459
vt 0.036492 0.162979
vt 0.029738 0.157095
vt 0.048792 0.163533
vt 0.022008 0.160024
vt 0.020647 0.160747
vt 0.020416 0.171480
vt 0.024746 0.173388
vt 0.022195 0.182088
vt 0.454678 0.156928
vt 0.455019 0.149622
vt 0.446878 0.164210
vt 0.448246 0.148929
vt 0.441390 0.135782
vt 0.367583 0.145642
vt 0.370370 0.137076
vt 0.371314 0.146041
vt 0.379090 0.142642
vt 0.377467 0.147515
vt 0.369313 0.152363
vt 0.383945 0.151497
vt 0.364142 0.152693
vt 0.371847 0.153860
vt 0.374396 0.158907
vt 0.365219 0.153952
vt 0.371778 0.162434
vt 0.367110 0.160507
vt 0.366168 0.170255
vt 0.371286 0.183072
vt 0.360204 0.155629
vt 0.364516 0.164336
vt 0.358435 0.155183
vt 0.362314 0.162284
vt 0.366876 0.184535
vt 0.358975 0.191194
vt 0.358452 0.171895
vt 0.361273 0.175544
vt 0.349402 0.191173
vt 0.354398 0.194464
vt 0.354823 0.169500
vt 0.356697 0.162631
vt 0.356196 0.153977
vt 0.353538 0.159355
vt 0.349705 0.168264
vt 0.342251 0.172154
vt 0.346997 0.162753
vt 0.352276 0.154145
vt 0.351648 0.152541
vt 0.357009 0.152256
vt 0.351114 0.148519
vt 0.342030 0.152573
vt 0.343704 0.147785
vt 0.341920 0.126794
vt 0.337100 0.136242
vt 0.344494 0.135489
vt 0.342807 0.142702
vt 0.348726 0.132023
vt 0.349520 0.142689
vt 0.352884 0.142147
vt 0.349416 0.121597
vt 0.266342 0.150200
vt 0.291588 0.135846
vt 0.276378 0.143911
vt 0.291823 0.145552
vt 0.271824 0.154143
vt 0.275205 0.150389
vt 0.276779 0.163897
vt 0.269939 0.158070
vt 0.288942 0.164348
vt 0.262032 0.161069
vt 0.260424 0.161816
vt 0.260511 0.171441
vt 0.265053 0.174419
vt 0.231074 0.468425
vt 0.212527 0.524298
vt 0.228396 0.455579
vt 0.228803 0.448279
vt 0.220059 0.462832
vt 0.221750 0.447547
vt 0.214356 0.434396
vt 0.450200 0.482341
vt 0.457900 0.490464
vt 0.446945 0.478498
vt 0.445103 0.475739
vt 0.522536 0.542663
vt 0.534016 0.542861
vt 0.514836 0.541903
vt 0.619127 0.534191
vt 0.627231 0.526424
vt 0.615292 0.537476
vt 0.612543 0.539336
vt 0.679202 0.464162
vt 0.679537 0.455074
vt 0.678735 0.468314
vt 0.675767 0.367743
vt 0.671228 0.364206
vt 0.663528 0.356083
vt 0.674483 0.368050
vt 0.676324 0.370808
vt 0.601757 0.304029
vt 0.592721 0.303721
vt 0.502303 0.312352
vt 0.494195 0.320123
vt 0.506136 0.309070
vt 0.508884 0.307211
vt 0.442225 0.382382
vt 0.441890 0.391468
vt 0.442693 0.378230
vt 0.178295 0.154206
vt 0.172132 0.156334
vt 0.167221 0.166183
vt 0.153110 0.166569
vt 0.147513 0.153911
vt 0.133290 0.103796
vt 0.142106 0.092089
vt 0.134627 0.084329
vt 0.152985 0.046766
vt 0.152603 0.055936
vt 0.145863 0.298522
vt 0.156316 0.400706
vt 0.162609 0.396440
vt 0.155920 0.415419
vt 0.154905 0.390455
vt 0.111993 0.412378
vt 0.111329 0.394728
vt 0.099869 0.369336
vt 0.105572 0.406938
vt 0.098928 0.386741
vt 0.092253 0.340819
vt 0.277849 0.447200
vt 0.283472 0.432858
vt 0.300014 0.437570
vt 0.306705 0.443173
vt 0.305759 0.449581
vt 0.303925 0.567121
vt 0.306837 0.549881
vt 0.309310 0.531645
vt 0.257912 0.529360
vt 0.364878 0.442927
vt 0.374019 0.447763
vt 0.367546 0.435899
vt 0.398384 0.437326
vt 0.394017 0.446205
vt 0.412358 0.443391
vt 0.345576 0.520913
vt 0.344671 0.497129
vt 0.364632 0.542417
vt 0.350453 0.516699
vt 0.065992 0.447333
vt 0.079084 0.446752
vt 0.094370 0.439416
vt 0.090309 0.433945
vt 0.102025 0.449546
vt 0.100446 0.567391
vt 0.103344 0.550129
vt 0.105752 0.531838
vt 0.053935 0.529186
vt 0.161627 0.443257
vt 0.170646 0.448089
vt 0.164490 0.436297
vt 0.195355 0.437842
vt 0.190772 0.446643
vt 0.209236 0.443928
vt 0.247705 0.226853
vt 0.141310 0.497449
vt 0.134030 0.486215
vt 0.161370 0.542916
vt 0.147180 0.517107
vt 0.304245 0.149505
vt 0.310857 0.135153
vt 0.326925 0.139826
vt 0.332967 0.145414
vt 0.331298 0.151821
vt 0.333670 0.269378
vt 0.335974 0.252125
vt 0.337588 0.233881
vt 0.286416 0.231699
vt 0.389983 0.145033
vt 0.398391 0.149846
vt 0.393196 0.138001
vt 0.423003 0.139356
vt 0.418102 0.148242
vt 0.436164 0.145387
vt 0.394944 0.255297
vt 0.377947 0.218847
vt 0.390455 0.233983
vt 0.371511 0.199284
vt 0.364057 0.188126
vt 0.056763 0.149100
vt 0.069858 0.148526
vt 0.085046 0.141144
vt 0.080925 0.135641
vt 0.092860 0.151370
vt 0.096185 0.233474
vt 0.044463 0.230888
vt 0.248723 0.076919
vt 0.255349 0.058587
vt 0.215249 0.374344
vt 0.053332 0.360097
vt 0.016723 0.298598
vt 0.039507 0.298054
vt 0.646210 0.514217
vt 0.661896 0.496232
vt 0.351566 0.398367
vt 0.364538 0.356543
vt 0.345495 0.401741
vt 0.346609 0.382262
vt 0.315038 0.412198
vt 0.302459 0.369111
vt 0.308496 0.406747
vt 0.301635 0.386533
vt 0.294529 0.340566
vt 0.299701 0.300662
vt 0.297679 0.298740
vt 0.225240 0.001855
vt 0.102586 0.114064
vt 0.100589 0.092698
vt 0.092017 0.076048
vt 0.096090 0.108575
vt 0.089064 0.080728
vt 0.086277 0.087681
vt 0.136120 0.000000
vt 0.050684 0.039310
vt 0.046153 0.029272
vt 0.044129 0.072226
vt 0.475657 0.333020
vt 0.377807 0.100503
vt 0.391984 0.058656
vt 0.372300 0.103899
vt 0.374407 0.084416
vt 0.342169 0.114418
vt 0.341410 0.096776
vt 0.330900 0.071363
vt 0.336259 0.108986
vt 0.330066 0.088790
vt 0.323882 0.042836
vt 0.381601 0.002703
vt 0.329351 0.001126
vt 0.284762 0.062520
vt 0.648596 0.334264
vt 0.270084 0.001006
vt 0.127400 0.594114
vt 0.442954 0.660200
vt 0.438975 0.674729
vt 0.444800 0.648895
vt 0.444269 0.694952
vt 0.447079 0.705892
vt 0.439177 0.705990
vt 0.451478 0.738508
vt 0.478859 0.763738
vt 0.504340 0.776290
vt 0.481036 0.759059
vt 0.330895 0.593712
vt 0.558230 0.789771
vt 0.563267 0.793557
vt 0.547408 0.789225
vt 0.583360 0.788297
vt 0.594233 0.785508
vt 0.594369 0.793453
vt 0.150438 0.234021
vt 0.152330 0.263194
vt 0.154052 0.255374
vt 0.137638 0.218785
vt 0.131872 0.199168
vt 0.141704 0.208675
vt 0.199460 0.232584
vt 0.189772 0.251493
vt 0.627742 0.780493
vt 0.646654 0.761267
vt 0.650177 0.753013
vt 0.664230 0.727982
vt 0.647015 0.751543
vt 0.117631 0.295686
vt 0.677093 0.683526
vt 0.681078 0.668991
vt 0.675246 0.694832
vt 0.675778 0.648774
vt 0.672968 0.637834
vt 0.680878 0.637728
vt 0.682947 0.635496
vt 0.667885 0.604134
vt 0.648699 0.585064
vt 0.640469 0.581495
vt 0.360191 0.295902
vt 0.561816 0.553956
vt 0.556787 0.550163
vt 0.572639 0.554501
vt 0.536688 0.555429
vt 0.525814 0.558219
vt 0.525692 0.550266
vt 0.337495 0.293484
vt 0.492316 0.563221
vt 0.473406 0.582445
vt 0.469874 0.590708
vt 0.485144 0.580341
vt 0.473032 0.592182
vt 0.648724 0.504739
vt 0.565596 0.542725
vt 0.479405 0.512005
vt 0.472709 0.341801
vt 0.532726 0.304152
vt 0.642027 0.334547
vt 0.852832 0.763909
vt 0.857951 0.762626
vt 0.848054 0.768098
vt 0.867266 0.756211
vt 0.870627 0.751520
vt 0.840611 0.764450
vt 0.837558 0.772315
vt 0.864174 0.748920
vt 0.879723 0.735966
vt 0.897124 0.709871
vt 0.892593 0.727200
vt 0.882433 0.740000
vt 0.900915 0.712039
vt 0.897230 0.722359
vt 0.875880 0.748936
vt 0.883834 0.740915
vt 0.890948 0.732101
vt 0.749613 0.768836
vt 0.754658 0.769397
vt 0.760106 0.773013
vt 0.776273 0.775872
vt 0.771053 0.776265
vt 0.793348 0.779248
vt 0.782188 0.778354
vt 0.777314 0.771159
vt 0.745716 0.760310
vt 0.798364 0.776487
vt 0.820531 0.775802
vt 0.826806 0.775836
vt 0.804508 0.779252
vt 0.815777 0.778169
vt 0.689712 0.703521
vt 0.696683 0.714588
vt 0.694232 0.714124
vt 0.712713 0.736831
vt 0.699859 0.724137
vt 0.691905 0.697693
vt 0.735011 0.758866
vt 0.739549 0.763403
vt 0.713453 0.742051
vt 0.721374 0.749993
vt 0.730101 0.757216
vt 0.692165 0.621172
vt 0.689007 0.625488
vt 0.693227 0.614882
vt 0.685876 0.636402
vt 0.682947 0.658688
vt 0.685982 0.642986
vt 0.686129 0.670251
vt 0.700570 0.613225
vt 0.690259 0.645393
vt 0.689261 0.698128
vt 0.686378 0.692455
vt 0.685430 0.681513
vt 0.682947 0.669948
vt 0.742799 0.563597
vt 0.737680 0.564879
vt 0.747576 0.559407
vt 0.719867 0.578575
vt 0.730795 0.572811
vt 0.717567 0.584850
vt 0.728365 0.571295
vt 0.755009 0.563064
vt 0.758072 0.555191
vt 0.702399 0.601389
vt 0.711956 0.586527
vt 0.837258 0.556881
vt 0.824651 0.551351
vt 0.835662 0.554653
vt 0.846084 0.558685
vt 0.813592 0.549173
vt 0.807717 0.550115
vt 0.775098 0.551704
vt 0.782303 0.555026
vt 0.791219 0.549789
vt 0.768824 0.551669
vt 0.802373 0.548178
vt 0.791093 0.548179
vt 0.779853 0.549336
vt 0.900863 0.616377
vt 0.901455 0.613523
vt 0.905929 0.623982
vt 0.895891 0.603574
vt 0.882324 0.585494
vt 0.888108 0.594916
vt 0.877187 0.582362
vt 0.889579 0.594173
vt 0.875024 0.585174
vt 0.843379 0.564857
vt 0.860504 0.568587
vt 0.856081 0.564101
vt 0.874320 0.577471
vt 0.865537 0.570295
vt 0.906625 0.702016
vt 0.902441 0.712573
vt 0.907046 0.695651
vt 0.909755 0.691100
vt 0.911812 0.679929
vt 0.910860 0.674023
vt 0.908623 0.659769
vt 0.909190 0.641217
vt 0.904699 0.639152
vt 0.909208 0.634908
vt 0.912666 0.657335
vt 0.911559 0.646004
vt 0.291514 0.521771
vt 0.088028 0.521916
vt 0.320533 0.224054
vt 0.078395 0.223499
vt 0.020633 0.341374
vt 0.473661 0.286019
vt 0.473661 0.272491
vt 0.475983 0.278147
vt 0.478243 0.270043
vt 0.476928 0.258720
vt 0.479311 0.258720
vt 0.662322 0.726806
vt 0.642068 0.754191
vt 0.005474 0.461276
vt 0.472332 0.272394
vt 0.472311 0.258720
vt 0.474645 0.264388
vt 0.505768 0.774551
vt 0.478385 0.754080
vt 0.016400 0.509107
vt 0.011454 0.470772
vt 0.473661 0.272491
vt 0.473661 0.286388
vt 0.471358 0.282699
vt 0.479311 0.259729
vt 0.481792 0.258720
vt 0.481792 0.269962
vt 0.011446 0.626293
vt 0.016309 0.343814
vt 0.001094 0.624035
vt 0.280430 0.303664
vt 0.280890 0.300114
vt 0.176853 0.294813
vt 0.021151 0.139045
vt 0.442134 0.451781
vt 0.512802 0.541369
vt 0.510787 0.540525
vt 0.508852 0.539444
vt 0.676112 0.475050
vt 0.679293 0.394770
vt 0.608626 0.305177
vt 0.610640 0.306021
vt 0.612575 0.307101
vt 0.445316 0.371496
vt 0.163986 0.341979
vt 0.457589 0.160127
vt 0.063861 0.343855
vt 0.266382 0.343783
vt 0.295876 0.046115
vt 0.017039 0.579935
vt 0.165025 0.026002
vt 0.515340 0.548178
vt 0.614945 0.545181
vt 0.392873 0.299366
vt 0.365909 0.341347
vt 0.084116 0.298669
vt 0.681998 0.367990
vt 0.191291 0.300100
vt 0.235073 0.002115
vt 0.603740 0.298465
vt 0.316969 0.000611
vt 0.393995 0.043458
vt 0.067494 0.005511
vt 0.438704 0.370915
vt 0.441298 0.366212
vt 0.060149 0.001039
vt 0.288776 0.581881
vt 0.621218 0.788212
vt 0.281609 0.593712
vt 0.505267 0.791830
vt 0.479728 0.768403
vt 0.085183 0.582083
vt 0.439187 0.725554
vt 0.236862 0.271138
vt 0.193613 0.588497
vt 0.188464 0.590726
vt 0.188958 0.587521
vt 0.234170 0.292752
vt 0.186473 0.593125
vt 0.319010 0.284168
vt 0.492872 0.573737
vt 0.498845 0.555497
vt 0.310926 0.296014
vt 0.423836 0.289897
vt 0.419303 0.292114
vt 0.419949 0.288885
vt 0.001166 0.291486
vt 0.417241 0.294543
vt 0.611823 0.549319
vt 0.006659 0.405794
vt 0.006309 0.396544
vt 0.006659 0.393507
vt 0.456800 0.170883
vt 0.010461 0.298054
vt 0.010461 0.306499
vt 0.010370 0.303802
vt 0.010531 0.298054
vt 0.010531 0.311619
vt 0.010463 0.307501
vt 0.010563 0.311619
vt 0.010563 0.320553
vt 0.010463 0.317784
vt 0.434508 0.479555
vt 0.485605 0.526836
vt 0.129666 0.596447
vt 0.442723 0.677167
vt 0.333263 0.596070
vt 0.532202 0.787578
vt 0.571481 0.789556
vt 0.119962 0.298054
vt 0.673111 0.706316
vt 0.677324 0.666560
vt 0.362090 0.298254
vt 0.548566 0.554170
vt 0.252886 0.296727
vt 0.679598 0.426527
vt 0.441829 0.420015
vt 0.564313 0.303748
vt 0.706278 0.733487
vt 0.683820 0.647567
vt 0.684043 0.681367
vt 0.698479 0.605010
vt 0.704757 0.595302
vt 0.912771 0.668651
s 1
f 263/1/1 427/2/2 423/3/3
f 119/4/4 427/2/2 263/1/1
f 228/5/5 365/6/6 229/7/7
f 124/8/8 436/9/9 54/10/10
f 727/11/11 438/12/12 230/13/13
f 231/14/14 443/15/15 232/16/16
f 444/17/17 656/18/18 233/19/19
f 134/20/20 448/21/21 55/22/22
f 234/23/23 366/24/24 235/25/25
f 771/26/26 661/27/27 203/28/28
f 117/29/29 661/27/27 771/26/26
f 367/30/30 236/31/31 752/32/32
f 138/33/33 458/34/34 328/35/35
f 608/36/36 11/37/37 121/38/38
f 368/39/39 238/40/40 336/41/41
f 369/42/42 80/43/43 423/3/3
f 610/44/44 12/45/45 136/46/46
f 370/47/47 239/48/48 343/49/49
f 783/50/50 707/51/51 3/52/52
f 612/53/53 785/54/54 240/55/55
f 612/53/53 14/56/56 130/57/57
f 372/58/58 241/59/59 351/60/60
f 579/61/61 583/62/62 749/63/63
f 471/64/64 221/65/65 4/66/66
f 471/64/64 613/67/67 221/65/65
f 471/64/64 730/68/68 613/67/67
f 431/69/69 767/70/70 578/71/71
f 767/70/70 472/72/72 8/73/73
f 474/74/74 191/75/75 614/76/76
f 614/76/76 191/75/75 615/77/77
f 1/78/78 790/79/79 568/80/80
f 243/81/81 374/82/82 586/83/83
f 476/84/84 590/85/85 374/86/82
f 374/86/82 590/85/85 616/87/86
f 9/88/87 772/89/88 197/90/89
f 478/91/90 223/92/91 6/93/92
f 478/91/90 617/94/93 223/92/91
f 478/95/90 738/96/94 617/97/93
f 595/98/95 619/99/96 596/100/97
f 376/101/98 595/98/95 375/102/99
f 595/98/95 376/101/98 619/99/96
f 618/103/100 619/99/96 620/104/101
f 245/105/102 593/106/103 620/104/101
f 602/107/104 246/108/105 603/109/106
f 246/108/105 602/107/104 377/110/107
f 621/111/108 378/112/109 622/113/110
f 246/108/105 28/114/111 603/109/106
f 378/112/109 28/114/111 246/108/105
f 244/115/112 600/116/113 622/113/110
f 245/105/102 619/99/96 378/112/109
f 620/104/101 619/99/96 245/105/102
f 622/113/110 378/112/109 376/101/98
f 815/117/114 358/118/115 379/119/116
f 623/120/117 381/121/118 380/122/119
f 358/118/115 380/123/119 381/124/118
f 623/125/117 795/126/120 381/127/118
f 624/128/121 625/129/122 95/130/123
f 97/131/124 95/132/123 625/133/122
f 489/134/125 382/135/126 298/136/127
f 489/134/125 626/137/128 97/138/124
f 95/132/123 97/131/124 626/139/128
f 95/132/123 626/139/128 383/140/129
f 48/141/130 627/142/131 807/143/132
f 159/144/133 278/145/134 627/146/131
f 628/147/135 796/148/136 384/149/137
f 627/142/131 384/149/137 796/148/136
f 629/150/138 630/151/139 98/152/140
f 100/153/141 98/154/140 630/155/139
f 500/156/142 385/157/143 302/158/144
f 500/159/142 631/160/145 100/153/141
f 98/154/140 100/153/141 631/160/145
f 98/154/140 631/160/145 386/161/146
f 816/162/147 353/163/148 387/164/149
f 632/165/150 389/166/151 388/167/152
f 353/163/148 388/168/152 389/169/151
f 632/170/150 797/171/153 389/172/151
f 633/173/154 634/174/155 101/175/156
f 103/176/157 101/177/156 634/178/155
f 512/179/158 390/180/159 306/181/160
f 512/182/158 635/183/161 103/176/157
f 101/177/156 103/176/157 635/183/161
f 101/177/156 635/183/161 391/184/162
f 51/185/163 636/186/164 812/187/165
f 173/188/166 291/189/167 636/190/164
f 637/191/168 798/192/169 392/193/170
f 636/190/164 392/194/170 798/195/169
f 638/196/171 639/197/172 104/198/173
f 106/199/174 104/200/173 639/201/172
f 521/202/175 393/203/176 309/204/177
f 521/205/175 640/206/178 106/199/174
f 104/200/173 106/199/174 640/206/178
f 104/200/173 640/206/178 394/207/179
f 395/208/180 396/209/181 242/210/182
f 716/211/183 395/208/180 791/212/184
f 396/209/181 395/208/180 53/213/185
f 397/214/186 53/213/185 184/215/187
f 312/216/188 397/217/186 184/218/187
f 53/213/185 397/214/186 396/209/181
f 679/219/189 397/217/186 312/216/188
f 396/220/181 107/221/190 678/222/191
f 595/98/95 398/223/192 375/102/99
f 599/224/193 375/102/99 398/223/192
f 108/225/194 599/224/193 398/223/192
f 788/226/195 675/227/196 641/228/197
f 399/229/198 641/228/197 675/227/196
f 641/228/197 398/223/192 788/226/195
f 250/230/199 42/231/200 399/229/198
f 398/223/192 641/228/197 400/232/201
f 147/233/202 108/225/194 400/232/201
f 42/231/200 147/233/202 400/232/201
f 23/234/203 252/235/204 403/236/205
f 642/237/206 403/236/205 252/235/204
f 403/236/205 404/238/207 109/239/208
f 403/236/205 642/237/206 404/238/207
f 404/240/207 144/241/209 109/242/208
f 92/243/210 253/244/211 110/245/212
f 24/246/213 673/247/214 643/248/215
f 406/249/216 643/248/215 673/247/214
f 643/248/215 253/244/211 24/246/213
f 729/250/217 405/251/218 406/252/216
f 253/244/211 643/248/215 407/253/219
f 643/248/215 406/249/216 405/254/218
f 143/255/220 594/256/221 407/253/219
f 43/257/222 143/255/220 407/253/219
f 25/258/223 254/259/224 410/260/225
f 644/261/226 410/260/225 254/259/224
f 410/260/225 411/262/227 111/263/228
f 410/260/225 644/261/226 411/262/227
f 411/264/227 141/265/229 111/266/228
f 602/107/104 412/267/230 377/110/107
f 605/268/231 377/110/107 412/267/230
f 112/269/232 605/268/231 412/267/230
f 793/270/233 684/271/234 645/272/235
f 414/273/236 645/272/235 684/271/234
f 645/272/235 412/267/230 793/270/233
f 737/274/237 413/275/238 414/276/236
f 412/267/230 645/272/235 415/277/239
f 645/272/235 414/273/236 413/278/238
f 686/279/240 112/269/232 415/277/239
f 44/280/241 686/279/240 415/277/239
f 26/281/242 256/282/243 418/283/244
f 646/284/245 418/283/244 256/282/243
f 418/283/244 419/285/246 113/286/247
f 418/283/244 646/284/245 419/285/246
f 419/287/246 152/288/248 113/289/247
f 647/290/249 745/291/250 321/292/251
f 647/290/249 420/293/252 745/291/250
f 561/294/253 162/295/254 115/296/255
f 354/297/256 115/296/255 2/298/257
f 561/294/253 115/296/255 204/299/258
f 421/300/259 422/301/260 123/302/261
f 561/294/253 123/302/261 422/301/260
f 209/303/262 16/304/263 259/305/264
f 209/303/262 259/305/264 329/306/265
f 210/307/266 648/308/267 145/309/268
f 15/310/269 648/308/267 210/307/266
f 209/303/262 145/309/268 648/308/267
f 423/3/3 337/311/270 118/312/271
f 569/313/272 783/50/50 116/314/273
f 587/315/274 116/314/273 3/52/52
f 569/313/272 116/314/273 38/316/275
f 424/317/276 784/318/277 132/319/278
f 569/313/272 132/319/278 784/318/277
f 217/320/279 19/321/280 117/29/29
f 217/320/279 117/29/29 40/322/281
f 425/323/282 426/324/283 128/325/284
f 217/320/279 128/325/284 426/324/283
f 423/3/3 118/312/271 263/1/1
f 118/312/271 759/326/285 263/1/1
f 156/327/286 648/308/267 352/328/287
f 260/329/288 16/304/263 209/303/262
f 259/305/264 119/4/4 263/1/1
f 119/4/4 369/42/42 427/2/2
f 203/28/28 661/27/27 429/330/289
f 661/27/27 501/331/290 606/332/291
f 429/330/289 661/27/27 606/332/291
f 699/333/292 265/334/293 428/335/294
f 428/335/294 498/336/295 264/337/296
f 497/338/297 429/330/289 498/336/295
f 120/339/298 429/330/289 497/338/297
f 228/5/5 430/340/299 365/6/6
f 430/340/299 431/69/69 365/6/6
f 75/341/300 365/6/6 431/69/69
f 121/38/38 433/342/301 258/343/302
f 567/344/303 121/38/38 11/37/37
f 229/7/7 433/342/301 567/344/303
f 37/345/304 434/346/305 529/347/306
f 722/348/307 123/302/261 435/349/308
f 88/350/309 650/351/310 435/349/308
f 650/351/310 88/350/309 124/8/8
f 88/350/309 437/352/311 436/9/9
f 266/353/312 437/352/311 354/297/256
f 565/354/313 266/353/312 10/355/314
f 54/10/10 566/356/315 767/70/70
f 124/8/8 54/10/10 651/357/316
f 652/358/317 438/12/12 579/61/61
f 652/358/317 267/359/318 439/360/319
f 230/13/13 267/359/318 440/361/320
f 230/13/13 126/362/321 727/11/11
f 126/362/321 442/363/322 537/364/323
f 442/363/322 126/362/321 36/365/324
f 731/366/325 127/367/326 654/368/327
f 655/369/328 89/370/329 129/371/330
f 89/370/329 268/372/331 443/15/15
f 40/322/281 270/373/332 268/372/331
f 40/322/281 582/374/333 270/373/332
f 269/375/334 270/373/332 202/376/335
f 232/16/16 443/15/15 269/375/334
f 129/371/330 231/14/14 546/377/336
f 444/17/17 584/378/337 656/18/18
f 76/379/338 656/18/18 584/378/337
f 130/57/57 445/380/339 262/381/340
f 575/382/341 130/57/57 14/56/56
f 233/19/19 445/380/339 575/382/341
f 41/383/342 447/384/343 547/385/344
f 740/386/345 132/319/278 214/387/346
f 90/388/347 658/389/348 214/387/346
f 658/389/348 90/388/347 134/20/20
f 90/388/347 271/390/349 448/21/21
f 38/316/275 272/391/350 271/390/349
f 38/316/275 587/315/274 272/391/350
f 573/392/351 272/391/350 13/393/352
f 133/394/353 589/395/354 9/88/87
f 134/20/20 55/22/22 133/394/353
f 450/396/355 366/24/24 449/397/356
f 135/398/357 451/399/358 213/400/359
f 136/46/46 135/398/357 659/401/360
f 570/402/361 136/46/46 12/45/45
f 235/25/25 137/403/362 744/404/363
f 137/403/362 453/405/364 554/406/365
f 453/405/364 137/403/362 39/407/366
f 170/408/367 660/409/368 355/410/369
f 660/409/368 19/321/280 217/320/279
f 19/321/280 661/27/27 117/29/29
f 273/411/370 662/412/371 324/413/372
f 303/414/373 562/415/374 662/412/371
f 207/416/375 768/417/376 454/418/377
f 236/31/31 367/30/30 663/419/378
f 663/419/378 367/30/30 694/420/379
f 275/421/380 455/422/381 630/423/139
f 664/424/382 694/420/379 455/422/381
f 494/425/383 275/421/380 276/426/384
f 663/419/378 664/424/382 494/425/383
f 752/32/32 456/427/385 665/428/386
f 456/429/385 277/430/387 564/431/388
f 564/431/388 665/432/386 456/429/385
f 164/433/389 564/431/388 277/430/387
f 607/434/390 29/435/391 487/436/392
f 29/435/391 278/145/134 457/437/393
f 487/436/392 458/34/34 607/434/390
f 279/438/394 459/439/395 331/440/396
f 299/441/397 281/442/398 459/439/395
f 608/36/36 331/440/396 11/37/37
f 238/40/40 368/39/39 666/443/399
f 666/443/399 368/39/39 688/444/400
f 282/445/401 460/446/402 625/447/122
f 667/448/403 688/444/400 460/446/402
f 483/449/404 282/445/401 283/450/405
f 666/443/399 667/448/403 483/449/404
f 609/451/406 284/452/407 519/453/408
f 284/452/407 285/454/409 461/455/410
f 461/455/410 519/453/408 284/452/407
f 519/453/408 462/456/411 609/451/406
f 181/457/412 80/43/43 462/456/411
f 286/458/413 463/459/414 340/460/415
f 310/461/416 571/462/417 463/459/414
f 239/48/48 370/47/47 668/463/418
f 668/463/418 370/47/47 709/464/419
f 288/465/420 464/466/421 639/467/172
f 669/468/422 709/464/419 464/466/421
f 516/469/423 288/465/420 289/470/424
f 668/463/418 669/468/422 516/469/423
f 465/471/425 290/472/426 670/473/427
f 178/474/428 670/473/427 290/472/426
f 756/475/429 343/476/49 239/477/48
f 611/478/430 31/479/431 510/480/432
f 31/479/431 291/189/167 466/481/433
f 510/480/432 240/55/55 611/478/430
f 785/54/54 612/53/53 371/482/434
f 140/483/435 612/53/53 240/55/55
f 30/484/436 468/485/437 345/486/438
f 292/487/439 293/488/440 468/485/437
f 467/489/441 30/484/436 345/486/438
f 467/489/441 345/486/438 14/56/56
f 241/59/59 372/58/58 671/490/442
f 671/490/442 372/58/58 701/491/443
f 294/492/444 469/493/445 634/494/155
f 672/495/446 701/491/443 469/493/445
f 507/496/447 294/497/444 295/498/448
f 671/499/442 672/500/446 507/496/447
f 195/501/449 34/502/450 470/503/451
f 470/503/451 34/502/450 732/504/452
f 142/505/453 471/64/64 33/506/454
f 674/507/455 252/235/204 142/508/453
f 540/509/456 142/505/453 541/510/457
f 252/235/204 541/511/457 142/508/453
f 430/340/299 32/512/458 472/72/72
f 32/512/458 724/513/459 472/72/72
f 714/514/460 145/309/268 677/515/461
f 522/516/462 373/517/463 676/518/464
f 242/519/182 678/222/191 474/74/74
f 146/520/465 678/222/191 107/221/190
f 107/521/190 679/219/189 146/522/465
f 530/523/466 146/520/465 531/524/467
f 679/219/189 531/525/467 146/522/465
f 191/75/75 474/74/74 530/523/466
f 1/78/78 149/526/468 790/79/79
f 743/527/469 22/528/470 149/526/468
f 420/293/252 681/529/471 22/528/470
f 150/530/472 475/531/473 739/532/474
f 682/533/475 256/282/243 150/534/472
f 256/282/243 747/535/476 150/534/472
f 590/85/85 476/84/84 555/536/477
f 683/537/478 742/538/479 197/90/89
f 736/539/480 477/540/481 742/538/479
f 742/538/479 9/88/87 197/90/89
f 153/541/482 478/91/90 35/542/483
f 685/543/484 686/279/240 153/544/482
f 550/545/485 153/546/482 551/547/486
f 686/279/240 551/548/486 153/544/482
f 284/452/407 609/451/406 479/549/487
f 247/550/488 380/122/119 154/551/489
f 479/549/487 154/551/489 284/452/407
f 296/552/490 479/549/487 119/4/4
f 155/553/491 154/551/489 156/327/286
f 154/551/489 296/552/490 156/327/286
f 155/553/491 481/554/492 480/555/493
f 283/556/405 480/555/493 483/557/404
f 576/558/494 481/554/492 352/328/287
f 576/559/494 482/560/495 481/561/492
f 483/449/404 482/560/495 666/443/399
f 481/561/492 482/560/495 483/449/404
f 687/562/496 484/563/497 623/120/117
f 480/555/493 283/556/405 687/562/496
f 158/564/498 623/125/117 484/565/497
f 283/450/405 157/566/499 484/567/497
f 623/125/117 58/568/500 805/569/501
f 625/447/122 460/446/402 96/570/502
f 59/571/503 460/446/402 688/444/400
f 59/571/503 96/570/502 460/446/402
f 17/572/504 297/573/505 59/571/503
f 689/574/506 297/573/505 280/575/507
f 382/135/126 59/571/503 689/574/506
f 458/34/34 279/438/394 608/36/36
f 279/438/394 458/34/34 485/576/508
f 280/575/507 299/441/397 689/574/506
f 298/136/127 692/577/509 489/134/125
f 485/576/508 486/578/510 690/579/511
f 691/580/512 690/579/511 457/437/393
f 160/581/513 489/582/125 488/583/514
f 692/577/509 159/144/133 488/584/514
f 779/585/515 488/583/514 159/586/133
f 626/139/128 60/587/516 817/588/517
f 29/435/391 607/434/390 490/589/518
f 248/590/519 384/591/137 161/592/520
f 490/589/518 161/592/520 29/435/391
f 163/593/521 161/592/520 164/433/389
f 161/592/520 300/594/522 164/433/389
f 163/593/521 492/595/523 491/596/524
f 276/597/384 491/596/524 494/598/383
f 456/429/385 492/595/523 277/430/387
f 456/429/385 493/599/525 492/595/523
f 494/425/383 493/600/525 663/419/378
f 492/601/523 493/600/525 494/425/383
f 693/602/526 495/603/527 628/604/135
f 491/596/524 276/597/384 693/602/526
f 166/605/528 628/147/135 495/606/527
f 276/426/384 165/607/529 495/608/527
f 628/147/135 62/609/530 808/610/531
f 630/423/139 455/422/381 99/611/532
f 63/612/533 455/422/381 694/420/379
f 63/612/533 99/611/532 455/422/381
f 18/613/534 301/614/535 63/612/533
f 695/615/536 301/614/535 274/616/537
f 385/157/143 63/612/533 695/615/536
f 120/339/298 273/411/370 454/418/377
f 273/411/370 120/339/298 496/617/538
f 274/616/537 303/414/373 695/615/536
f 302/158/144 698/618/539 500/156/142
f 496/617/538 497/338/297 696/619/540
f 697/620/541 696/619/540 428/335/294
f 168/621/542 500/622/142 499/623/543
f 698/618/539 167/624/544 499/625/543
f 631/160/145 65/626/545 818/627/546
f 606/332/291 501/331/290 264/337/296
f 501/331/290 502/628/547 699/333/292
f 304/629/548 501/331/290 661/27/27
f 304/629/548 661/27/27 19/321/280
f 169/630/549 503/631/550 170/408/367
f 304/629/548 170/408/367 503/631/550
f 169/630/549 505/632/551 504/633/552
f 295/498/448 504/633/552 507/496/447
f 592/634/553 505/632/551 355/410/369
f 592/634/553 506/635/554 505/632/551
f 507/496/447 506/635/554 671/499/442
f 505/632/551 506/635/554 507/496/447
f 700/636/555 508/637/556 632/165/150
f 504/633/552 295/498/448 700/636/555
f 172/638/557 632/170/150 508/639/556
f 295/498/448 171/640/558 508/637/556
f 632/170/150 67/641/559 810/642/560
f 634/494/155 469/493/445 102/643/561
f 68/644/562 469/493/445 701/491/443
f 68/644/562 102/643/561 469/493/445
f 702/645/563 360/646/564 292/487/439
f 20/647/565 305/648/566 68/644/562
f 703/649/567 305/648/566 702/645/563
f 390/180/159 68/644/562 703/649/567
f 292/487/439 509/650/568 702/645/563
f 140/483/435 509/650/568 612/53/53
f 702/645/563 509/650/568 140/483/435
f 306/181/160 706/651/569 512/179/158
f 240/55/55 510/480/432 140/483/435
f 705/652/570 704/653/571 466/481/433
f 174/654/572 512/655/158 511/656/573
f 706/651/569 173/188/166 511/657/573
f 786/658/574 511/656/573 173/659/166
f 635/183/161 69/660/575 819/661/576
f 31/479/431 611/478/430 176/662/577
f 249/663/578 392/194/170 175/664/579
f 176/662/577 175/664/579 31/479/431
f 707/51/51 783/50/50 176/662/577
f 307/665/580 176/662/577 783/50/50
f 177/666/581 175/664/579 178/474/428
f 175/664/579 307/665/580 178/474/428
f 177/666/581 514/667/582 513/668/583
f 289/669/424 513/668/583 516/670/423
f 465/471/425 514/667/582 290/472/426
f 465/471/425 515/671/584 514/667/582
f 516/670/423 515/671/584 668/672/418
f 514/667/582 515/671/584 516/670/423
f 708/673/585 517/674/586 637/675/168
f 513/668/583 289/669/424 708/673/585
f 180/676/587 637/191/168 517/677/586
f 289/669/424 179/678/588 517/674/586
f 637/191/168 71/679/589 813/680/590
f 639/467/172 464/466/421 105/681/591
f 72/682/592 464/466/421 709/464/419
f 72/682/592 105/681/591 464/466/421
f 21/683/593 308/684/594 72/682/592
f 710/685/595 308/684/594 287/686/596
f 393/203/176 72/682/592 710/685/595
f 80/43/43 286/458/413 610/44/44
f 286/458/413 80/43/43 518/687/597
f 287/686/596 310/461/416 710/685/595
f 309/204/177 713/688/598 521/202/175
f 518/687/597 181/457/412 711/689/599
f 462/456/411 519/453/408 181/457/412
f 712/690/600 711/689/599 461/455/410
f 183/691/601 521/692/175 520/693/602
f 713/688/598 182/694/603 520/695/602
f 640/206/178 74/696/604 820/697/605
f 523/698/606 714/514/460 522/516/462
f 715/699/607 716/211/183 714/514/460
f 7/700/608 522/516/462 676/518/464
f 184/215/187 716/211/183 524/701/609
f 715/699/607 22/528/470 524/701/609
f 185/702/610 184/218/187 525/703/611
f 311/704/612 148/705/613 525/706/611
f 187/707/614 525/703/611 186/708/615
f 185/702/610 187/707/614 527/709/616
f 188/710/617 679/219/189 312/216/188
f 185/702/610 527/709/616 312/216/188
f 32/512/458 430/340/299 528/711/618
f 528/711/618 189/712/619 32/512/458
f 528/711/618 430/340/299 228/5/5
f 528/711/618 228/5/5 717/713/620
f 528/711/618 649/714/621 718/715/622
f 718/715/622 720/716/623 719/717/624
f 718/715/622 529/347/306 720/716/623
f 529/347/306 190/718/625 721/719/626
f 721/719/626 190/718/625 615/77/77
f 615/77/77 191/75/75 721/719/626
f 147/233/202 42/231/200 531/525/467
f 721/719/626 531/524/467 250/720/199
f 314/721/627 674/507/455 33/722/454
f 534/723/628 252/235/204 674/507/455
f 471/64/64 4/66/66 314/724/627
f 313/725/629 532/726/630 122/727/631
f 313/725/629 533/728/632 532/726/630
f 314/729/627 532/726/630 533/728/632
f 192/730/633 404/240/207 533/728/632
f 723/731/634 313/725/629 722/348/307
f 650/351/310 124/8/8 193/732/635
f 651/357/316 193/732/635 124/8/8
f 724/513/459 193/732/635 651/357/316
f 725/733/636 723/731/634 193/732/635
f 313/725/629 723/731/634 192/730/633
f 404/240/207 192/730/633 194/734/637
f 473/735/638 725/733/636 32/512/458
f 144/241/209 194/734/637 473/735/638
f 315/736/639 726/737/640 535/738/641
f 34/502/450 195/501/449 536/739/642
f 728/740/643 315/736/639 34/502/450
f 438/12/12 727/11/11 536/739/642
f 126/362/321 536/739/642 727/11/11
f 126/362/321 537/364/323 538/741/644
f 538/741/644 539/742/645 729/250/217
f 539/742/645 316/743/646 729/250/217
f 538/741/644 537/364/323 539/742/645
f 537/364/323 222/744/647 539/742/645
f 316/743/646 539/742/645 730/68/68
f 730/68/68 540/509/456 316/743/646
f 143/255/220 43/257/222 541/511/457
f 316/743/646 43/745/222 405/251/218
f 543/746/648 685/747/484 35/542/483
f 545/748/649 254/259/224 685/543/484
f 543/746/648 35/542/483 6/93/92
f 733/749/650 542/750/651 653/751/652
f 543/746/648 542/750/651 544/752/653
f 733/749/650 411/264/227 544/752/653
f 732/504/452 733/749/650 731/366/325
f 655/369/328 129/371/330 317/753/654
f 546/377/336 317/753/654 129/371/330
f 470/503/451 317/753/654 546/377/336
f 411/264/227 733/749/650 734/754/655
f 411/264/227 734/754/655 196/755/656
f 317/753/654 470/503/451 732/504/452
f 535/738/641 732/504/452 34/502/450
f 141/265/229 196/755/656 535/738/641
f 197/90/89 444/17/17 683/537/478
f 736/539/480 444/17/17 735/756/657
f 736/539/480 548/757/658 198/758/659
f 548/757/658 549/759/660 737/274/237
f 549/759/660 318/760/661 737/274/237
f 548/757/658 547/385/344 549/759/660
f 547/385/344 224/761/662 549/759/660
f 318/760/661 549/759/660 738/96/94
f 738/96/94 550/545/485 318/760/661
f 686/279/240 44/280/241 551/548/486
f 318/760/661 44/762/241 413/275/238
f 320/763/663 682/764/475 739/765/474
f 320/766/663 256/282/243 682/533/475
f 475/767/473 243/81/81 739/765/474
f 319/768/664 552/769/665 131/770/666
f 319/768/664 553/771/667 552/769/665
f 320/763/663 552/769/665 553/771/667
f 199/772/668 419/287/246 553/771/667
f 741/773/669 319/768/664 740/386/345
f 658/389/348 134/20/20 200/774/670
f 133/394/353 200/774/670 134/20/20
f 9/88/87 200/774/670 133/394/353
f 742/538/479 741/773/669 200/774/670
f 319/768/664 741/773/669 199/772/668
f 419/287/246 199/772/668 201/775/671
f 200/774/670 9/88/87 742/538/479
f 152/288/248 201/775/671 477/540/481
f 680/776/672 743/527/469 234/23/23
f 137/403/362 554/406/365 745/291/250
f 321/292/251 745/291/250 556/777/673
f 680/776/672 745/291/250 420/293/252
f 680/776/672 137/403/362 745/291/250
f 745/291/250 554/406/365 556/777/673
f 590/85/85 555/536/477 746/778/674
f 555/536/477 747/779/476 557/780/675
f 45/781/676 556/777/673 557/780/675
f 321/292/251 45/781/676 647/290/249
f 322/782/677 748/783/678 558/784/679
f 748/783/678 647/785/249 45/786/676
f 151/787/680 601/788/681 558/784/679
f 747/535/476 151/787/680 558/784/679
f 94/789/682 322/782/677 559/790/683
f 27/791/684 114/792/685 748/783/678
f 647/785/249 748/783/678 114/792/685
f 748/783/678 322/782/677 27/791/684
f 202/376/335 257/793/686 269/375/334
f 749/63/63 232/16/16 269/375/334
f 203/28/28 560/794/687 202/376/335
f 354/297/256 204/299/258 115/296/255
f 437/352/311 88/350/309 204/299/258
f 435/349/308 204/299/258 88/350/309
f 206/795/688 205/796/689 750/797/690
f 766/798/691 750/797/690 205/796/689
f 206/795/688 751/799/692 205/796/689
f 206/795/688 441/800/693 751/799/692
f 324/413/372 441/800/693 36/365/324
f 440/361/320 207/416/375 324/413/372
f 36/365/324 440/361/320 324/413/372
f 751/799/692 441/800/693 562/415/374
f 662/412/371 441/800/693 324/413/372
f 207/416/375 125/801/694 768/417/376
f 454/418/377 324/413/372 207/416/375
f 751/799/692 421/802/259 205/796/689
f 327/803/695 563/804/696 325/805/697
f 421/802/259 563/804/696 327/803/695
f 325/805/697 776/806/698 326/807/699
f 665/428/386 325/805/697 752/32/32
f 325/805/697 665/428/386 327/803/695
f 327/808/695 564/431/388 422/301/260
f 75/341/300 565/354/313 432/809/700
f 10/355/314 258/343/302 565/354/313
f 566/356/315 266/353/312 565/354/313
f 760/810/701 753/811/702 329/306/265
f 677/515/461 329/306/265 753/811/702
f 211/812/703 210/813/266 754/814/704
f 792/815/705 754/814/704 210/813/266
f 15/816/269 434/346/305 332/817/706
f 331/440/396 434/346/305 37/345/304
f 37/345/304 567/344/303 331/440/396
f 15/816/269 332/817/706 333/818/707
f 459/439/395 434/346/305 331/440/396
f 459/439/395 332/817/706 434/346/305
f 332/817/706 459/439/395 281/442/398
f 212/819/708 333/818/707 334/820/709
f 281/442/398 333/818/707 332/817/706
f 334/820/709 780/821/710 335/822/711
f 762/823/712 335/822/711 336/41/41
f 761/824/713 334/820/709 762/823/712
f 334/825/709 761/826/713 212/827/708
f 587/315/274 38/316/275 116/314/273
f 569/313/272 38/316/275 271/390/349
f 214/387/346 271/390/349 90/388/347
f 569/313/272 214/387/346 132/319/278
f 216/828/714 215/829/715 755/830/716
f 774/831/717 755/832/716 215/833/715
f 216/828/714 46/834/718 215/829/715
f 216/828/714 452/835/719 46/834/718
f 340/460/415 452/835/719 39/407/366
f 570/402/361 12/45/45 340/460/415
f 39/407/366 570/402/361 340/460/415
f 46/834/718 452/835/719 571/462/417
f 463/459/414 452/835/719 340/460/415
f 610/44/44 340/460/415 12/45/45
f 46/836/718 424/317/276 215/833/715
f 572/837/720 46/834/718 341/838/721
f 784/318/277 572/839/720 757/840/722
f 341/838/721 781/841/723 342/842/724
f 756/843/429 342/842/724 343/49/49
f 757/840/722 341/844/721 756/475/429
f 670/473/427 757/840/722 756/475/429
f 13/393/352 262/381/340 573/392/351
f 574/845/725 272/391/350 573/392/351
f 582/374/333 40/322/281 117/29/29
f 654/368/327 40/322/281 268/372/331
f 654/368/327 268/372/331 89/370/329
f 654/368/327 127/367/326 128/325/284
f 219/846/726 218/847/727 758/848/728
f 770/849/729 758/850/728 218/851/727
f 218/847/727 447/384/343 346/852/730
f 345/486/438 447/384/343 41/383/342
f 41/383/342 575/382/341 345/486/438
f 468/485/437 447/384/343 345/486/438
f 468/485/437 346/852/730 447/384/343
f 346/852/730 468/485/437 293/488/440
f 346/852/730 425/853/282 218/847/727
f 350/854/731 347/855/732 348/856/733
f 425/323/282 347/857/732 350/858/731
f 293/488/440 347/855/732 346/852/730
f 348/856/733 787/859/734 349/860/735
f 775/861/736 348/862/733 351/863/60
f 348/862/733 775/861/736 350/858/731
f 350/858/731 220/864/737 426/324/283
f 338/865/738 759/326/285 118/312/271
f 213/400/359 760/810/701 338/865/738
f 56/866/739 760/810/701 213/400/359
f 760/810/701 56/866/739 373/517/463
f 329/306/265 759/326/285 760/810/701
f 762/823/712 336/41/41 238/40/40
f 576/558/494 352/328/287 761/826/713
f 423/3/3 427/2/2 369/42/42
f 821/867/740 822/868/741 816/162/147
f 353/869/148 697/620/541 265/334/293
f 816/162/147 167/870/544 353/163/148
f 454/418/377 429/330/289 120/339/298
f 454/418/377 560/794/687 429/330/289
f 472/72/72 431/69/69 430/340/299
f 763/871/742 121/38/38 258/343/302
f 4/872/66 577/873/743 532/726/630
f 532/726/630 577/873/743 765/874/744
f 323/875/745 221/65/65 613/67/67
f 323/875/745 577/876/743 221/65/65
f 323/877/745 765/874/744 577/873/743
f 766/878/691 123/302/261 765/874/744
f 122/727/631 765/874/744 123/302/261
f 208/879/746 354/297/256 2/298/257
f 10/355/314 266/353/312 354/297/256
f 578/71/71 767/70/70 566/356/315
f 651/357/316 767/70/70 8/73/73
f 5/880/747 579/61/61 195/501/449
f 580/881/748 222/744/647 206/795/688
f 613/67/67 730/68/68 580/881/748
f 222/744/647 580/881/748 730/68/68
f 653/751/652 769/882/749 127/367/326
f 6/93/92 581/883/750 542/750/651
f 542/750/651 581/883/750 769/882/749
f 344/884/751 223/92/91 617/94/93
f 344/884/751 581/883/750 223/92/91
f 344/884/751 769/882/749 581/883/750
f 770/849/729 128/325/284 769/882/749
f 127/367/326 769/882/749 128/325/284
f 203/28/28 582/374/333 771/26/26
f 749/63/63 583/62/62 232/16/16
f 197/90/89 772/89/88 584/378/337
f 588/885/752 584/378/337 772/89/88
f 371/482/434 130/57/57 262/381/340
f 585/886/753 224/761/662 219/846/726
f 617/97/93 738/96/94 585/886/753
f 224/761/662 585/886/753 738/96/94
f 552/769/665 586/83/83 773/887/754
f 339/888/755 773/887/754 586/83/83
f 774/831/717 132/319/278 773/887/754
f 131/770/666 773/887/754 132/319/278
f 139/889/756 587/315/274 3/52/52
f 588/885/752 589/395/354 574/845/725
f 9/88/87 589/395/354 772/89/88
f 1/78/78 449/397/356 743/527/469
f 568/80/80 449/397/356 1/78/78
f 591/890/757 225/891/758 216/828/714
f 616/87/86 590/85/85 591/890/757
f 225/891/758 591/890/757 590/85/85
f 220/864/737 775/861/736 592/634/553
f 351/863/60 592/634/553 775/861/736
f 592/634/553 355/410/369 220/864/737
f 326/807/699 356/892/759 18/613/534
f 274/616/537 776/806/698 562/415/374
f 356/892/759 326/807/699 776/806/698
f 165/893/529 629/894/138 77/895/760
f 276/426/384 275/421/380 165/607/529
f 778/896/761 777/897/762 561/294/253
f 115/296/255 237/898/763 2/298/257
f 162/295/254 237/898/763 115/296/255
f 777/897/762 778/896/761 164/433/389
f 800/899/764 779/585/515 48/141/130
f 159/144/133 691/580/512 278/145/134
f 608/36/36 763/871/742 458/34/34
f 335/822/711 357/900/765 17/572/504
f 280/575/507 780/821/710 281/442/398
f 357/900/765 335/822/711 780/821/710
f 157/901/499 624/902/121 79/903/766
f 283/450/405 282/445/401 157/566/499
f 823/904/767 824/905/768 815/117/114
f 358/906/115 712/690/600 285/454/409
f 815/117/114 182/907/603 358/118/115
f 423/3/3 80/43/43 337/311/270
f 610/44/44 337/311/270 80/43/43
f 342/842/724 359/908/769 21/683/593
f 287/686/596 781/841/723 571/462/417
f 359/908/769 342/842/724 781/841/723
f 179/909/588 638/910/171 81/911/770
f 289/470/424 288/465/420 179/912/588
f 261/913/771 782/914/772 569/313/272
f 116/314/273 783/50/50 3/52/52
f 782/914/772 784/318/277 178/474/428
f 803/915/773 786/658/574 51/185/163
f 173/188/166 705/652/570 291/189/167
f 349/860/735 360/646/564 20/647/565
f 292/487/439 787/859/734 293/488/440
f 360/646/564 349/860/735 787/859/734
f 171/916/558 633/917/154 83/918/774
f 295/498/448 294/497/444 171/640/558
f 226/919/775 673/247/214 24/246/213
f 361/920/776 24/246/213 92/243/210
f 361/920/776 593/106/103 93/921/777
f 409/922/778 361/920/776 408/923/779
f 226/919/775 361/920/776 409/922/778
f 141/924/229 226/919/775 111/263/228
f 226/919/775 141/924/229 673/247/214
f 361/920/776 226/919/775 24/246/213
f 252/235/204 23/234/203 143/255/220
f 401/925/780 618/103/100 84/926/781
f 110/245/212 84/926/781 92/243/210
f 788/226/195 398/223/192 362/927/782
f 362/927/782 675/227/196 788/226/195
f 789/928/783 398/223/192 595/98/95
f 789/928/783 596/100/97 401/925/780
f 402/929/784 789/928/783 401/925/780
f 144/930/209 362/927/782 109/239/208
f 362/927/782 144/930/209 675/227/196
f 568/80/80 7/700/608 56/866/739
f 7/700/608 568/80/80 790/79/79
f 395/208/180 597/931/785 791/212/184
f 242/210/182 597/931/785 395/208/180
f 227/932/786 597/933/785 242/519/182
f 330/934/787 227/932/786 614/76/76
f 330/935/787 597/931/785 227/936/786
f 792/937/705 145/309/268 791/212/184
f 792/937/705 791/212/184 597/931/785
f 188/710/617 598/938/788 679/219/189
f 598/938/788 188/710/617 527/709/616
f 526/939/789 91/940/790 85/941/791
f 108/225/194 598/938/788 599/224/193
f 147/233/202 598/938/788 108/225/194
f 598/938/788 147/233/202 679/219/189
f 114/792/685 27/791/684 148/942/613
f 186/708/615 148/942/613 27/791/684
f 363/943/792 27/791/684 94/789/682
f 363/943/792 600/116/113 91/940/790
f 187/707/614 363/943/792 526/939/789
f 186/708/615 363/943/792 187/707/614
f 363/943/792 186/708/615 27/791/684
f 256/282/243 26/281/242 151/787/680
f 416/944/793 28/114/111 86/945/794
f 559/790/683 86/945/794 94/789/682
f 793/270/233 412/267/230 364/946/795
f 364/946/795 684/271/234 793/270/233
f 794/947/796 412/267/230 602/107/104
f 794/947/796 603/109/106 416/944/793
f 417/948/797 794/947/796 416/944/793
f 152/949/248 364/946/795 113/286/247
f 364/946/795 152/949/248 684/271/234
f 254/259/224 604/950/798 686/279/240
f 254/259/224 25/258/223 604/950/798
f 408/923/779 93/921/777 87/951/799
f 112/269/232 604/950/798 605/268/231
f 686/279/240 604/950/798 112/269/232
f 498/336/295 429/330/289 606/332/291
f 229/7/7 365/6/6 432/809/700
f 124/8/8 88/350/309 436/9/9
f 566/356/315 54/10/10 436/9/9
f 230/13/13 438/12/12 439/360/319
f 129/371/330 443/15/15 231/14/14
f 129/371/330 89/370/329 443/15/15
f 656/18/18 76/379/338 446/952/800
f 233/19/19 656/18/18 446/952/800
f 134/20/20 90/388/347 448/21/21
f 574/845/725 55/22/22 448/21/21
f 235/25/25 366/24/24 451/399/358
f 454/418/377 768/417/376 560/794/687
f 2/298/257 237/898/763 208/879/746
f 607/434/390 458/34/34 138/33/33
f 608/36/36 121/38/38 763/871/742
f 609/451/406 462/456/411 369/42/42
f 462/456/411 80/43/43 369/42/42
f 610/44/44 136/46/46 337/311/270
f 3/52/52 707/51/51 139/889/756
f 611/478/430 240/55/55 785/54/54
f 707/51/51 785/54/54 371/482/434
f 612/53/53 467/489/441 14/56/56
f 612/53/53 130/57/57 371/482/434
f 5/880/747 583/62/62 579/61/61
f 767/70/70 431/69/69 472/72/72
f 373/517/463 56/866/739 676/518/464
f 242/519/182 474/74/74 614/76/76
f 614/76/76 227/932/786 242/519/182
f 475/531/473 374/86/82 243/953/81
f 475/531/473 476/84/84 374/86/82
f 339/954/755 374/86/82 616/87/86
f 376/101/98 375/102/99 244/115/112
f 244/115/112 375/102/99 85/941/791
f 91/940/790 600/116/113 244/115/112
f 244/115/112 85/941/791 91/940/790
f 622/113/110 376/101/98 244/115/112
f 92/243/210 84/926/781 618/103/100
f 401/925/780 596/100/97 618/103/100
f 596/100/97 619/99/96 618/103/100
f 618/103/100 620/104/101 92/243/210
f 620/104/101 593/106/103 92/243/210
f 246/108/105 377/110/107 245/105/102
f 245/105/102 377/110/107 87/951/799
f 93/921/777 593/106/103 245/105/102
f 245/105/102 87/951/799 93/921/777
f 94/789/682 86/945/794 621/111/108
f 28/114/111 621/111/108 86/945/794
f 416/944/793 603/109/106 28/114/111
f 621/111/108 28/114/111 378/112/109
f 621/111/108 622/113/110 94/789/682
f 622/113/110 600/116/113 94/789/682
f 376/101/98 378/112/109 619/99/96
f 246/108/105 245/105/102 378/112/109
f 247/550/488 623/120/117 380/122/119
f 358/906/115 285/454/409 380/122/119
f 623/125/117 805/569/501 795/126/120
f 379/119/116 358/118/115 381/124/118
f 47/955/801 624/902/121 95/956/123
f 95/956/123 806/957/802 47/955/801
f 96/570/502 97/138/124 625/447/122
f 382/135/126 489/134/125 97/138/124
f 97/138/124 96/570/502 382/135/126
f 626/139/128 817/588/517 383/140/129
f 48/141/130 159/586/133 627/142/131
f 248/590/519 628/604/135 384/591/137
f 627/146/131 278/145/134 384/591/137
f 628/147/135 808/610/531 796/148/136
f 807/143/132 627/142/131 796/148/136
f 49/958/803 629/894/138 98/959/140
f 98/959/140 809/960/804 49/958/803
f 99/611/532 100/961/141 630/423/139
f 385/157/143 500/156/142 100/961/141
f 100/961/141 99/611/532 385/157/143
f 631/160/145 818/627/546 386/161/146
f 502/628/547 632/165/150 388/167/152
f 353/869/148 265/334/293 388/167/152
f 632/170/150 810/642/560 797/171/153
f 387/164/149 353/163/148 389/169/151
f 50/962/805 633/917/154 101/963/156
f 101/963/156 811/964/806 50/962/805
f 102/643/561 103/965/157 634/494/155
f 390/180/159 512/179/158 103/965/157
f 103/965/157 102/643/561 390/180/159
f 635/183/161 819/661/576 391/184/162
f 51/185/163 173/659/166 636/186/164
f 249/663/578 637/675/168 392/194/170
f 636/190/164 291/189/167 392/194/170
f 637/191/168 813/680/590 798/192/169
f 812/187/165 636/186/164 798/966/169
f 52/967/807 638/910/171 104/968/173
f 104/968/173 814/969/808 52/967/807
f 105/681/591 106/970/174 639/467/172
f 393/203/176 521/202/175 106/970/174
f 106/970/174 105/681/591 393/203/176
f 640/206/178 820/697/605 394/207/179
f 678/222/191 242/519/182 396/220/181
f 716/211/183 53/213/185 395/208/180
f 184/215/187 53/213/185 716/211/183
f 679/219/189 107/521/190 397/217/186
f 396/220/181 397/971/186 107/221/190
f 251/972/809 719/717/624 399/973/198
f 399/229/198 42/231/200 400/232/201
f 719/717/624 250/720/199 399/973/198
f 400/232/201 641/228/197 399/229/198
f 108/225/194 398/223/192 400/232/201
f 401/925/780 23/234/203 403/236/205
f 403/236/205 402/929/784 401/925/780
f 362/927/782 402/929/784 109/239/208
f 402/929/784 403/236/205 109/239/208
f 92/243/210 24/246/213 253/244/211
f 726/737/640 729/250/217 406/252/216
f 405/254/218 43/257/222 407/253/219
f 407/253/219 643/248/215 405/254/218
f 594/256/221 110/245/212 407/253/219
f 110/245/212 253/244/211 407/253/219
f 408/923/779 25/258/223 410/260/225
f 410/260/225 409/922/778 408/923/779
f 226/919/775 409/922/778 111/263/228
f 409/922/778 410/260/225 111/263/228
f 255/974/810 737/274/237 414/276/236
f 413/278/238 44/280/241 415/277/239
f 415/277/239 645/272/235 413/278/238
f 112/269/232 412/267/230 415/277/239
f 416/944/793 26/281/242 418/283/244
f 418/283/244 417/948/797 416/944/793
f 364/946/795 417/948/797 113/286/247
f 417/948/797 418/283/244 113/286/247
f 647/290/249 681/529/471 420/293/252
f 114/975/685 681/529/471 647/290/249
f 778/896/761 561/294/253 422/301/260
f 259/305/264 16/304/263 119/4/4
f 260/329/288 209/303/262 648/308/267
f 337/311/270 659/401/360 118/312/271
f 261/913/771 569/313/272 784/318/277
f 660/409/368 217/320/279 426/324/283
f 259/305/264 263/1/1 759/326/285
f 156/327/286 260/329/288 648/308/267
f 260/329/288 156/327/286 16/304/263
f 606/332/291 264/337/296 498/336/295
f 264/337/296 699/333/292 428/335/294
f 265/334/293 697/620/541 428/335/294
f 203/28/28 429/330/289 560/794/687
f 432/809/700 365/6/6 75/341/300
f 432/809/700 565/354/313 433/342/301
f 565/354/313 258/343/302 433/342/301
f 567/344/303 433/342/301 121/38/38
f 229/7/7 432/809/700 433/342/301
f 229/7/7 37/345/304 717/713/620
f 717/713/620 228/5/5 229/7/7
f 649/714/621 37/345/304 529/347/306
f 529/347/306 434/346/305 211/812/703
f 37/345/304 649/714/621 717/713/620
f 650/351/310 722/348/307 435/349/308
f 722/348/307 122/727/631 123/302/261
f 266/353/312 436/9/9 437/352/311
f 566/356/315 436/9/9 266/353/312
f 767/70/70 651/357/316 54/10/10
f 438/12/12 195/501/449 579/61/61
f 439/360/319 438/12/12 652/358/317
f 652/358/317 269/375/334 267/359/318
f 269/375/334 257/793/686 267/359/318
f 267/359/318 125/801/694 440/361/320
f 230/13/13 439/360/319 267/359/318
f 230/13/13 36/365/324 126/362/321
f 36/365/324 441/800/693 442/363/322
f 731/366/325 653/751/652 127/367/326
f 655/369/328 731/366/325 654/368/327
f 655/369/328 654/368/327 89/370/329
f 270/373/332 443/15/15 268/372/331
f 202/376/335 270/373/332 582/374/333
f 269/375/334 443/15/15 270/373/332
f 231/14/14 232/16/16 583/62/62
f 546/377/336 231/14/14 583/62/62
f 444/17/17 197/90/89 584/378/337
f 76/379/338 573/392/351 446/952/800
f 446/952/800 573/392/351 445/380/339
f 573/392/351 262/381/340 445/380/339
f 575/382/341 445/380/339 130/57/57
f 233/19/19 446/952/800 445/380/339
f 233/19/19 41/383/342 735/756/657
f 735/756/657 444/17/17 233/19/19
f 657/976/811 41/383/342 547/385/344
f 547/385/344 447/384/343 219/846/726
f 41/383/342 657/976/811 735/756/657
f 658/389/348 740/386/345 214/387/346
f 740/386/345 131/770/666 132/319/278
f 272/391/350 448/21/21 271/390/349
f 13/393/352 272/391/350 587/315/274
f 574/845/725 448/21/21 272/391/350
f 55/22/22 574/845/725 589/395/354
f 133/394/353 55/22/22 589/395/354
f 366/24/24 743/527/469 449/397/356
f 451/399/358 366/24/24 450/396/355
f 213/400/359 659/401/360 135/398/357
f 570/402/361 135/398/357 136/46/46
f 235/25/25 451/399/358 135/398/357
f 235/25/25 39/407/366 137/403/362
f 744/404/363 234/23/23 235/25/25
f 39/407/366 452/835/719 453/405/364
f 660/409/368 170/408/367 19/321/280
f 273/411/370 303/414/373 662/412/371
f 303/414/373 274/616/537 562/415/374
f 454/418/377 273/411/370 324/413/372
f 275/421/380 664/424/382 455/422/381
f 664/424/382 663/419/378 694/420/379
f 494/425/383 664/424/382 275/421/380
f 752/32/32 236/31/31 456/427/385
f 164/433/389 778/896/761 564/431/388
f 208/879/746 237/898/763 138/33/33
f 457/437/393 487/436/392 29/435/391
f 278/145/134 691/580/512 457/437/393
f 279/438/394 299/441/397 459/439/395
f 299/441/397 280/575/507 281/442/398
f 608/36/36 279/438/394 331/440/396
f 282/445/401 667/448/403 460/446/402
f 667/448/403 666/443/399 688/444/400
f 483/449/404 667/448/403 282/445/401
f 285/454/409 712/690/600 461/455/410
f 286/458/413 310/461/416 463/459/414
f 310/461/416 287/686/596 571/462/417
f 610/44/44 286/458/413 340/460/415
f 288/465/420 669/468/422 464/466/421
f 669/468/422 668/463/418 709/464/419
f 516/469/423 669/468/422 288/465/420
f 756/475/429 239/477/48 465/471/425
f 465/471/425 670/473/427 756/475/429
f 178/474/428 784/318/277 670/473/427
f 466/481/433 510/480/432 31/479/431
f 291/189/167 705/652/570 466/481/433
f 30/484/436 292/487/439 468/485/437
f 294/492/444 672/495/446 469/493/445
f 672/495/446 671/490/442 701/491/443
f 507/496/447 672/500/446 294/497/444
f 5/880/747 195/501/449 470/503/451
f 535/738/641 673/977/214 141/265/229
f 583/62/62 5/880/747 470/503/451
f 33/722/454 674/507/455 142/508/453
f 252/235/204 143/255/220 541/511/457
f 540/509/456 471/64/64 142/505/453
f 730/68/68 471/64/64 540/509/456
f 32/512/458 189/712/619 473/735/638
f 473/735/638 675/978/196 144/241/209
f 8/73/73 472/72/72 724/513/459
f 676/518/464 56/866/739 7/700/608
f 714/514/460 791/212/184 145/309/268
f 522/516/462 714/514/460 677/515/461
f 522/516/462 753/811/702 373/517/463
f 522/516/462 677/515/461 753/811/702
f 146/520/465 474/74/74 678/222/191
f 679/219/189 147/233/202 531/525/467
f 530/523/466 474/74/74 146/520/465
f 1/78/78 743/527/469 149/526/468
f 743/527/469 680/776/672 22/528/470
f 680/776/672 420/293/252 22/528/470
f 22/528/470 681/529/471 311/704/612
f 681/529/471 114/975/685 148/705/613
f 148/705/613 311/704/612 681/529/471
f 22/528/470 715/699/607 149/526/468
f 150/530/472 476/84/84 475/531/473
f 739/532/474 682/979/475 150/530/472
f 555/536/477 150/530/472 747/779/476
f 256/282/243 151/787/680 747/535/476
f 555/536/477 476/84/84 150/530/472
f 683/537/478 736/539/480 742/538/479
f 736/539/480 198/758/659 477/540/481
f 477/540/481 684/980/234 152/288/248
f 35/981/483 685/543/484 153/544/482
f 685/543/484 254/259/224 686/279/240
f 550/545/485 478/95/90 153/546/482
f 738/96/94 478/95/90 550/545/485
f 609/451/406 369/42/42 479/549/487
f 296/552/490 154/551/489 479/549/487
f 380/122/119 285/454/409 154/551/489
f 285/454/409 284/452/407 154/551/489
f 369/42/42 119/4/4 479/549/487
f 16/304/263 296/552/490 119/4/4
f 352/328/287 155/553/491 156/327/286
f 296/552/490 16/304/263 156/327/286
f 155/553/491 687/562/496 154/551/489
f 687/562/496 247/550/488 154/551/489
f 687/562/496 155/553/491 480/555/493
f 483/557/404 480/555/493 481/554/492
f 155/553/491 352/328/287 481/554/492
f 666/443/399 482/560/495 238/40/40
f 576/559/494 238/40/40 482/560/495
f 247/550/488 687/562/496 623/120/117
f 687/982/496 283/450/405 484/567/497
f 157/901/499 158/564/498 484/565/497
f 158/564/498 157/901/499 79/903/766
f 158/564/498 79/903/766 57/983/812
f 623/125/117 158/564/498 58/568/500
f 688/444/400 368/39/39 17/572/504
f 59/571/503 688/444/400 17/572/504
f 280/575/507 297/573/505 357/900/765
f 17/572/504 357/900/765 297/573/505
f 689/574/506 59/571/503 297/573/505
f 298/136/127 382/135/126 689/574/506
f 96/570/502 59/571/503 382/135/126
f 458/34/34 486/578/510 485/576/508
f 485/576/508 298/136/127 689/574/506
f 689/574/506 299/441/397 485/576/508
f 299/441/397 279/438/394 485/576/508
f 298/136/127 690/579/511 692/577/509
f 298/136/127 485/576/508 690/579/511
f 486/578/510 458/34/34 487/436/392
f 457/437/393 690/579/511 487/436/392
f 690/579/511 691/580/512 692/577/509
f 486/578/510 487/436/392 690/579/511
f 489/134/125 692/577/509 488/584/514
f 160/984/513 626/137/128 489/134/125
f 692/577/509 691/580/512 159/144/133
f 779/585/515 160/581/513 488/583/514
f 626/139/128 160/985/513 60/587/516
f 162/295/254 490/589/518 138/33/33
f 607/434/390 138/33/33 490/589/518
f 300/594/522 161/592/520 490/589/518
f 384/591/137 278/145/134 161/592/520
f 278/145/134 29/435/391 161/592/520
f 300/594/522 490/589/518 162/295/254
f 138/33/33 237/898/763 162/295/254
f 777/897/762 300/594/522 162/295/254
f 300/594/522 777/897/762 164/433/389
f 163/593/521 693/602/526 161/592/520
f 693/602/526 248/590/519 161/592/520
f 693/602/526 163/593/521 491/596/524
f 494/598/383 491/596/524 492/595/523
f 163/593/521 164/433/389 277/430/387
f 163/593/521 277/430/387 492/595/523
f 663/419/378 493/600/525 236/31/31
f 456/427/385 236/31/31 493/600/525
f 248/590/519 693/602/526 628/604/135
f 693/986/526 276/426/384 495/608/527
f 165/893/529 166/605/528 495/606/527
f 166/605/528 165/893/529 77/895/760
f 166/605/528 77/895/760 61/987/813
f 628/147/135 166/605/528 62/609/530
f 694/420/379 367/30/30 18/613/534
f 63/612/533 694/420/379 18/613/534
f 274/616/537 301/614/535 356/892/759
f 18/613/534 356/892/759 301/614/535
f 695/615/536 63/612/533 301/614/535
f 302/158/144 385/157/143 695/615/536
f 99/611/532 63/612/533 385/157/143
f 120/339/298 497/338/297 496/617/538
f 496/617/538 302/158/144 695/615/536
f 695/615/536 303/414/373 496/617/538
f 303/414/373 273/411/370 496/617/538
f 302/158/144 696/619/540 698/618/539
f 302/158/144 496/617/538 696/619/540
f 428/335/294 696/619/540 498/336/295
f 696/619/540 697/620/541 698/618/539
f 497/338/297 498/336/295 696/619/540
f 500/156/142 698/618/539 499/625/543
f 168/988/542 631/989/145 500/990/142
f 698/618/539 697/620/541 167/624/544
f 167/870/544 168/621/542 499/623/543
f 168/621/542 167/870/544 822/868/741
f 168/621/542 822/868/741 64/991/814
f 631/160/145 168/992/542 65/626/545
f 699/333/292 264/337/296 501/331/290
f 503/631/550 502/628/547 501/331/290
f 388/167/152 265/334/293 502/628/547
f 265/334/293 699/333/292 502/628/547
f 355/410/369 169/630/549 170/408/367
f 304/629/548 19/321/280 170/408/367
f 169/630/549 700/636/555 503/631/550
f 700/636/555 502/628/547 503/631/550
f 501/331/290 304/629/548 503/631/550
f 700/636/555 169/630/549 504/633/552
f 507/496/447 504/633/552 505/632/551
f 169/630/549 355/410/369 505/632/551
f 671/499/442 506/635/554 241/993/59
f 592/634/553 241/993/59 506/635/554
f 502/628/547 700/636/555 632/165/150
f 700/636/555 295/498/448 508/637/556
f 171/916/558 172/638/557 508/639/556
f 172/638/557 171/916/558 83/918/774
f 172/638/557 83/918/774 66/994/815
f 632/170/150 172/638/557 67/641/559
f 701/491/443 372/58/58 20/647/565
f 68/644/562 701/491/443 20/647/565
f 702/645/563 305/648/566 360/646/564
f 20/647/565 360/646/564 305/648/566
f 703/649/567 68/644/562 305/648/566
f 306/181/160 390/180/159 703/649/567
f 102/643/561 68/644/562 390/180/159
f 292/487/439 30/484/436 509/650/568
f 30/484/436 467/489/441 509/650/568
f 509/650/568 467/489/441 612/53/53
f 140/483/435 306/181/160 703/649/567
f 703/649/567 702/645/563 140/483/435
f 306/181/160 704/653/571 706/651/569
f 306/181/160 140/483/435 704/653/571
f 466/481/433 704/653/571 510/480/432
f 704/653/571 705/652/570 706/651/569
f 140/483/435 510/480/432 704/653/571
f 512/179/158 706/651/569 511/657/573
f 174/995/572 635/996/161 512/997/158
f 706/651/569 705/652/570 173/188/166
f 786/658/574 174/654/572 511/656/573
f 635/183/161 174/998/572 69/660/575
f 611/478/430 785/54/54 176/662/577
f 307/665/580 175/664/579 176/662/577
f 392/194/170 291/189/167 175/664/579
f 291/189/167 31/479/431 175/664/579
f 785/54/54 707/51/51 176/662/577
f 782/914/772 307/665/580 783/50/50
f 307/665/580 782/914/772 178/474/428
f 177/666/581 708/673/585 175/664/579
f 708/673/585 249/663/578 175/664/579
f 708/673/585 177/666/581 513/668/583
f 516/670/423 513/668/583 514/667/582
f 177/666/581 178/474/428 290/472/426
f 177/666/581 290/472/426 514/667/582
f 668/463/418 515/999/584 239/48/48
f 465/471/425 239/477/48 515/671/584
f 249/663/578 708/673/585 637/675/168
f 708/673/585 289/669/424 517/674/586
f 179/909/588 180/676/587 517/677/586
f 180/676/587 179/909/588 81/911/770
f 180/676/587 81/911/770 70/1000/816
f 637/191/168 180/676/587 71/679/589
f 709/464/419 370/47/47 21/683/593
f 72/682/592 709/464/419 21/683/593
f 287/686/596 308/684/594 359/908/769
f 21/683/593 359/908/769 308/684/594
f 710/685/595 72/682/592 308/684/594
f 309/204/177 393/203/176 710/685/595
f 105/681/591 72/682/592 393/203/176
f 518/687/597 80/43/43 181/457/412
f 518/687/597 309/204/177 710/685/595
f 710/685/595 310/461/416 518/687/597
f 310/461/416 286/458/413 518/687/597
f 309/204/177 711/689/599 713/688/598
f 309/204/177 518/687/597 711/689/599
f 461/455/410 711/689/599 519/453/408
f 711/689/599 712/690/600 713/688/598
f 181/457/412 519/453/408 711/689/599
f 521/202/175 713/688/598 520/695/602
f 183/1001/601 640/1002/178 521/1003/175
f 713/688/598 712/690/600 182/694/603
f 182/907/603 183/691/601 520/693/602
f 183/691/601 182/907/603 824/905/768
f 183/691/601 824/905/768 73/1004/817
f 640/206/178 183/1005/601 74/696/604
f 523/698/606 715/699/607 714/514/460
f 714/514/460 716/211/183 791/212/184
f 7/700/608 523/698/606 522/516/462
f 7/700/608 149/526/468 523/698/606
f 149/526/468 715/699/607 523/698/606
f 524/701/609 716/211/183 715/699/607
f 7/700/608 790/79/79 149/526/468
f 524/701/609 22/528/470 311/704/612
f 311/704/612 184/215/187 524/701/609
f 184/215/187 311/704/612 525/706/611
f 185/702/610 312/216/188 184/218/187
f 525/703/611 148/942/613 186/708/615
f 187/707/614 185/702/610 525/703/611
f 527/709/616 187/707/614 526/939/789
f 527/709/616 188/710/617 312/216/188
f 675/978/196 473/735/638 189/712/619
f 189/712/619 399/973/198 675/978/196
f 718/715/622 189/712/619 528/711/618
f 399/973/198 189/712/619 251/972/809
f 529/347/306 718/715/622 649/714/621
f 528/711/618 717/713/620 649/714/621
f 251/972/809 189/712/619 718/715/622
f 719/717/624 251/972/809 718/715/622
f 250/720/199 720/716/623 721/719/626
f 250/720/199 719/717/624 720/716/623
f 720/716/623 529/347/306 721/719/626
f 721/719/626 191/75/75 530/523/466
f 250/720/199 531/524/467 42/1006/200
f 721/719/626 530/523/466 531/524/467
f 314/1007/627 534/1008/628 674/1009/455
f 534/723/628 642/237/206 252/235/204
f 33/506/454 471/64/64 314/724/627
f 314/729/627 4/872/66 532/726/630
f 313/725/629 192/730/633 533/728/632
f 533/728/632 404/240/207 642/1010/206
f 642/1010/206 534/1011/628 533/728/632
f 534/1011/628 314/729/627 533/728/632
f 722/348/307 650/351/310 193/732/635
f 193/732/635 723/731/634 722/348/307
f 722/348/307 313/725/629 122/727/631
f 8/73/73 724/513/459 651/357/316
f 725/733/636 192/730/633 723/731/634
f 194/734/637 192/730/633 725/733/636
f 725/733/636 193/732/635 724/513/459
f 32/512/458 725/733/636 724/513/459
f 473/735/638 194/734/637 725/733/636
f 144/241/209 404/240/207 194/734/637
f 673/977/214 535/738/641 726/737/640
f 34/502/450 315/736/639 535/738/641
f 726/737/640 406/252/216 673/977/214
f 536/739/642 728/740/643 34/502/450
f 195/501/449 438/12/12 536/739/642
f 126/362/321 728/740/643 536/739/642
f 726/737/640 315/736/639 538/741/644
f 729/250/217 726/737/640 538/741/644
f 315/736/639 728/740/643 538/741/644
f 728/740/643 126/362/321 538/741/644
f 405/251/218 729/250/217 316/743/646
f 730/68/68 539/742/645 222/744/647
f 316/743/646 541/510/457 43/745/222
f 316/743/646 540/509/456 541/510/457
f 543/746/648 545/1012/649 685/747/484
f 545/748/649 644/261/226 254/259/224
f 35/542/483 478/91/90 6/93/92
f 733/749/650 544/752/653 542/750/651
f 543/746/648 6/93/92 542/750/651
f 544/752/653 411/264/227 644/1013/226
f 644/1013/226 545/1012/649 544/752/653
f 545/1012/649 543/746/648 544/752/653
f 731/366/325 655/369/328 317/753/654
f 317/753/654 732/504/452 731/366/325
f 731/366/325 733/749/650 653/751/652
f 583/62/62 470/503/451 546/377/336
f 734/754/655 733/749/650 732/504/452
f 535/738/641 734/754/655 732/504/452
f 535/738/641 196/755/656 734/754/655
f 141/265/229 411/264/227 196/755/656
f 684/980/234 477/540/481 198/758/659
f 198/758/659 414/276/236 684/980/234
f 414/276/236 198/758/659 255/974/810
f 736/539/480 683/537/478 444/17/17
f 547/385/344 548/757/658 657/976/811
f 736/539/480 735/756/657 657/976/811
f 255/974/810 198/758/659 548/757/658
f 737/274/237 255/974/810 548/757/658
f 736/539/480 657/976/811 548/757/658
f 413/275/238 737/274/237 318/760/661
f 738/96/94 549/759/660 224/761/662
f 318/760/661 551/547/486 44/762/241
f 318/760/661 550/545/485 551/547/486
f 320/766/663 646/284/245 256/282/243
f 243/81/81 320/763/663 739/765/474
f 320/763/663 243/81/81 552/769/665
f 319/768/664 199/772/668 553/771/667
f 553/771/667 419/287/246 646/1014/245
f 646/1014/245 320/763/663 553/771/667
f 740/386/345 658/389/348 200/774/670
f 200/774/670 741/773/669 740/386/345
f 740/386/345 319/768/664 131/770/666
f 742/538/479 199/772/668 741/773/669
f 201/775/671 199/772/668 742/538/479
f 477/540/481 201/775/671 742/538/479
f 152/288/248 419/287/246 201/775/671
f 743/527/469 366/24/24 234/23/23
f 744/404/363 680/776/672 234/23/23
f 137/403/362 680/776/672 744/404/363
f 225/891/758 746/778/674 554/406/365
f 225/891/758 590/85/85 746/778/674
f 556/777/673 554/406/365 746/778/674
f 747/535/476 45/786/676 557/1015/675
f 746/778/674 555/536/477 557/780/675
f 45/781/676 321/292/251 556/777/673
f 556/777/673 746/778/674 557/780/675
f 558/784/679 748/783/678 45/786/676
f 45/786/676 747/535/476 558/784/679
f 601/788/681 559/790/683 558/784/679
f 559/790/683 322/782/677 558/784/679
f 94/789/682 27/791/684 322/782/677
f 749/63/63 269/375/334 652/358/317
f 202/376/335 560/794/687 257/793/686
f 354/297/256 437/352/311 204/299/258
f 435/349/308 561/294/253 204/299/258
f 205/1016/689 421/300/259 123/302/261
f 561/294/253 435/349/308 123/302/261
f 580/881/748 750/797/690 323/875/745
f 750/797/690 580/881/748 206/795/688
f 123/302/261 766/878/691 205/1016/689
f 766/798/691 323/875/745 750/797/690
f 36/365/324 230/13/13 440/361/320
f 125/801/694 207/416/375 440/361/320
f 662/412/371 562/415/374 441/800/693
f 562/415/374 563/804/696 751/799/692
f 751/799/692 563/804/696 421/802/259
f 422/301/260 421/300/259 327/808/695
f 562/415/374 776/806/698 563/804/696
f 325/805/697 563/804/696 776/806/698
f 752/32/32 325/805/697 326/807/699
f 778/896/761 422/301/260 564/431/388
f 327/808/695 665/432/386 564/431/388
f 578/71/71 565/354/313 75/341/300
f 565/354/313 578/71/71 566/356/315
f 10/355/314 763/871/742 258/343/302
f 10/355/314 208/879/746 763/871/742
f 208/879/746 328/35/35 763/871/742
f 677/515/461 209/303/262 329/306/265
f 760/810/701 373/517/463 753/811/702
f 209/303/262 677/515/461 145/309/268
f 764/1017/818 754/814/704 330/934/787
f 754/814/704 764/1017/818 211/812/703
f 211/812/703 15/816/269 210/813/266
f 145/309/268 792/937/705 210/307/266
f 792/815/705 330/934/787 754/814/704
f 15/816/269 211/812/703 434/346/305
f 37/345/304 229/7/7 567/344/303
f 331/440/396 567/344/303 11/37/37
f 333/818/707 212/819/708 15/816/269
f 648/308/267 15/310/269 212/827/708
f 281/442/398 780/821/710 333/818/707
f 334/820/709 333/818/707 780/821/710
f 762/823/712 334/820/709 335/822/711
f 212/827/708 761/826/713 648/308/267
f 450/396/355 213/400/359 451/399/358
f 659/401/360 213/400/359 338/865/738
f 450/396/355 568/80/80 213/400/359
f 56/866/739 213/400/359 568/80/80
f 659/401/360 338/865/738 118/312/271
f 214/387/346 569/313/272 271/390/349
f 215/833/715 424/317/276 132/319/278
f 591/890/757 755/830/716 339/954/755
f 755/830/716 591/890/757 216/828/714
f 132/319/278 774/831/717 215/833/715
f 774/831/717 339/888/755 755/832/716
f 135/398/357 570/402/361 235/25/25
f 39/407/366 235/25/25 570/402/361
f 463/459/414 571/462/417 452/835/719
f 46/834/718 572/837/720 424/1018/276
f 757/1019/722 572/837/720 341/838/721
f 784/318/277 424/317/276 572/839/720
f 571/462/417 781/841/723 46/834/718
f 341/838/721 46/834/718 781/841/723
f 756/843/429 341/838/721 342/842/724
f 757/840/722 670/473/427 784/318/277
f 588/885/752 573/392/351 76/379/338
f 573/392/351 588/885/752 574/845/725
f 13/393/352 371/482/434 262/381/340
f 13/393/352 139/889/756 371/482/434
f 654/368/327 217/320/279 40/322/281
f 218/851/727 425/323/282 128/325/284
f 217/320/279 654/368/327 128/325/284
f 585/886/753 758/848/728 344/1020/751
f 758/848/728 585/886/753 219/846/726
f 128/325/284 770/849/729 218/851/727
f 770/849/729 344/884/751 758/850/728
f 218/847/727 219/846/726 447/384/343
f 41/383/342 233/19/19 575/382/341
f 345/486/438 575/382/341 14/56/56
f 346/852/730 347/855/732 425/853/282
f 426/324/283 425/323/282 350/858/731
f 293/488/440 787/859/734 347/855/732
f 348/856/733 347/855/732 787/859/734
f 351/60/60 348/856/733 349/860/735
f 660/409/368 426/324/283 220/864/737
f 350/858/731 775/861/736 220/864/737
f 338/865/738 760/810/701 759/326/285
f 329/306/265 259/305/264 759/326/285
f 576/558/494 761/826/713 762/1021/712
f 352/328/287 648/308/267 761/826/713
f 762/823/712 238/40/40 576/559/494
f 816/162/147 822/868/741 167/870/544
f 353/869/148 167/624/544 697/620/541
f 578/71/71 75/341/300 431/69/69
f 211/812/703 764/1017/818 190/718/625
f 529/347/306 211/812/703 190/718/625
f 330/934/787 615/77/77 764/1017/818
f 330/934/787 614/76/76 615/77/77
f 764/1017/818 615/77/77 190/718/625
f 122/727/631 532/726/630 765/874/744
f 221/65/65 577/876/743 4/66/66
f 323/877/745 766/878/691 765/874/744
f 208/879/746 10/355/314 354/297/256
f 749/63/63 652/358/317 579/61/61
f 257/793/686 125/801/694 267/359/318
f 560/794/687 125/801/694 257/793/686
f 560/794/687 768/417/376 125/801/694
f 206/795/688 222/744/647 441/800/693
f 442/363/322 441/800/693 222/744/647
f 323/875/745 613/67/67 580/881/748
f 537/364/323 442/363/322 222/744/647
f 653/751/652 542/750/651 769/882/749
f 223/92/91 581/883/750 6/93/92
f 344/884/751 770/849/729 769/882/749
f 117/29/29 771/26/26 582/374/333
f 203/28/28 202/376/335 582/374/333
f 588/885/752 76/379/338 584/378/337
f 547/385/344 219/846/726 224/761/662
f 344/1020/751 617/97/93 585/886/753
f 131/770/666 552/769/665 773/887/754
f 552/769/665 243/81/81 586/83/83
f 586/1022/83 374/86/82 339/954/755
f 339/888/755 774/831/717 773/887/754
f 139/889/756 13/393/352 587/315/274
f 588/885/752 772/89/88 589/395/354
f 568/80/80 450/396/355 449/397/356
f 337/311/270 136/46/46 659/401/360
f 216/828/714 225/891/758 452/835/719
f 453/405/364 452/835/719 225/891/758
f 339/954/755 616/87/86 591/890/757
f 554/406/365 453/405/364 225/891/758
f 355/410/369 660/409/368 220/864/737
f 351/863/60 241/993/59 592/634/553
f 367/30/30 326/807/699 18/613/534
f 326/807/699 367/30/30 752/32/32
f 274/616/537 356/892/759 776/806/698
f 629/1023/138 275/1024/380 630/1025/139
f 629/894/138 49/958/803 799/1026/819
f 799/1026/819 77/895/760 629/894/138
f 165/607/529 275/421/380 629/1027/138
f 561/294/253 777/897/762 162/295/254
f 328/35/35 208/879/746 138/33/33
f 800/899/764 78/1028/820 779/585/515
f 48/141/130 779/585/515 159/586/133
f 458/34/34 763/871/742 328/35/35
f 368/39/39 335/822/711 17/572/504
f 335/822/711 368/39/39 336/41/41
f 280/575/507 357/900/765 780/821/710
f 624/1029/121 282/1030/401 625/1031/122
f 624/902/121 47/955/801 801/1032/821
f 801/1032/821 79/903/766 624/902/121
f 157/566/499 282/445/401 624/1033/121
f 815/117/114 824/905/768 182/907/603
f 358/906/115 182/694/603 712/690/600
f 370/47/47 342/842/724 21/683/593
f 342/842/724 370/47/47 343/49/49
f 287/686/596 359/908/769 781/841/723
f 638/1034/171 288/1035/420 639/1036/172
f 638/910/171 52/967/807 802/1037/822
f 802/1037/822 81/911/770 638/910/171
f 179/912/588 288/465/420 638/1038/171
f 569/313/272 782/914/772 783/50/50
f 782/914/772 261/913/771 784/318/277
f 371/482/434 139/889/756 707/51/51
f 803/915/773 82/1039/823 786/658/574
f 51/185/163 786/658/574 173/659/166
f 372/58/58 349/860/735 20/647/565
f 349/860/735 372/58/58 351/60/60
f 292/487/439 360/646/564 787/859/734
f 633/1040/154 294/1041/444 634/1042/155
f 633/917/154 50/962/805 804/1043/824
f 804/1043/824 83/918/774 633/917/154
f 171/640/558 294/497/444 633/1044/154
f 593/106/103 361/920/776 92/243/210
f 408/923/779 361/920/776 93/921/777
f 594/256/221 143/255/220 23/234/203
f 23/234/203 401/925/780 84/926/781
f 84/926/781 594/256/221 23/234/203
f 110/245/212 594/256/221 84/926/781
f 789/928/783 362/927/782 398/223/192
f 402/929/784 362/927/782 789/928/783
f 595/98/95 596/100/97 789/928/783
f 330/935/787 792/937/705 597/931/785
f 527/709/616 526/939/789 85/941/791
f 85/941/791 598/938/788 527/709/616
f 375/102/99 599/224/193 85/941/791
f 85/941/791 599/224/193 598/938/788
f 600/116/113 363/943/792 94/789/682
f 526/939/789 363/943/792 91/940/790
f 601/788/681 151/787/680 26/281/242
f 26/281/242 416/944/793 86/945/794
f 86/945/794 601/788/681 26/281/242
f 559/790/683 601/788/681 86/945/794
f 794/947/796 364/946/795 412/267/230
f 417/948/797 364/946/795 794/947/796
f 602/107/104 603/109/106 794/947/796
f 25/258/223 408/923/779 87/951/799
f 87/951/799 604/950/798 25/258/223
f 377/110/107 605/268/231 87/951/799
f 87/951/799 605/268/231 604/950/798
f 1670/1045/825 2272/1046/826 1337/1047/827
f 1337/1047/827 2272/1046/826 1831/1048/828
f 1338/1049/829 2272/1046/826 963/1050/830
f 1670/1045/825 1833/1051/831 962/1052/832
f 1472/1053/833 1671/1054/834 2273/1055/835
f 1339/1056/836 1338/1049/829 1671/1054/834
f 963/1050/830 1671/1054/834 1338/1049/829
f 2273/1055/835 1671/1054/834 963/1050/830
f 2275/1057/837 1340/1058/838 2274/1059/839
f 2275/1057/837 1967/1060/840 2276/1061/841
f 1841/1062/842 1341/1063/843 1464/1064/844
f 860/1065/845 1673/1066/846 1841/1062/842
f 2276/1061/841 1673/1066/846 2275/1057/837
f 2661/1067/847 1674/1068/848 2277/1069/849
f 1845/1070/850 1675/1071/851 1674/1068/848
f 2278/1072/852 2277/1069/849 1674/1068/848
f 2409/1073/853 1343/1074/854 1675/1071/851
f 2280/1075/855 1343/1074/854 1344/1076/856
f 1345/1077/857 2278/1072/852 2414/1078/858
f 965/1079/859 2278/1072/852 1674/1068/848
f 2280/1075/855 2278/1072/852 965/1079/859
f 1346/1080/860 1349/1081/861 2281/1082/862
f 967/1083/863 1349/1081/861 966/1084/864
f 1136/1085/865 966/1084/864 1347/1086/866
f 1676/1087/867 918/1088/868 966/1084/864
f 1348/1089/869 967/1083/863 1490/1090/870
f 918/1088/868 967/1083/863 966/1084/864
f 968/1091/871 967/1083/863 918/1088/868
f 2636/1092/872 1677/1093/873 2282/1094/874
f 1859/1095/875 1678/1096/876 1677/1093/873
f 2283/1097/877 2282/1094/874 1677/1093/873
f 2423/1098/878 1350/1099/879 1678/1096/876
f 2285/1100/880 1350/1099/879 1351/1101/881
f 1352/1102/882 2283/1097/877 2428/1103/883
f 969/1104/884 2283/1097/877 1677/1093/873
f 2285/1100/880 2283/1097/877 969/1104/884
f 1353/1105/885 1356/1106/886 2286/1107/887
f 971/1108/888 1356/1106/886 970/1109/889
f 1147/1110/890 970/1109/889 1354/1111/891
f 1679/1112/892 919/1113/893 970/1109/889
f 1355/1114/894 971/1108/888 1499/1115/895
f 919/1113/893 971/1108/888 970/1109/889
f 972/1116/896 971/1108/888 919/1113/893
f 2710/1117/897 1680/1118/898 2287/1119/899
f 1873/1120/900 1681/1121/901 1680/1118/898
f 2288/1122/902 2287/1119/899 1680/1118/898
f 2437/1123/903 1357/1124/904 1681/1121/901
f 2290/1125/905 1357/1124/904 1358/1126/906
f 1359/1127/907 2288/1122/902 2442/1128/908
f 973/1129/909 2288/1122/902 1680/1118/898
f 2290/1125/905 2288/1122/902 973/1129/909
f 1360/1130/910 1363/1131/911 2291/1132/912
f 975/1133/913 1363/1131/911 974/1134/914
f 1158/1135/915 974/1134/914 1361/1136/916
f 1682/1137/917 920/1138/918 974/1134/914
f 1362/1139/919 975/1133/913 1508/1140/920
f 920/1138/918 975/1133/913 974/1134/914
f 976/1141/921 975/1133/913 920/1138/918
f 2685/1142/922 1683/1143/923 2292/1144/924
f 1887/1145/925 1684/1146/926 1683/1143/923
f 2293/1147/927 2292/1144/924 1683/1143/923
f 2451/1148/928 1364/1149/929 1684/1146/926
f 2295/1150/930 1364/1149/929 1365/1151/931
f 1366/1152/932 2293/1147/927 2456/1153/933
f 977/1154/934 2293/1147/927 1683/1143/923
f 2295/1150/930 2293/1147/927 977/1154/934
f 1367/1155/935 1685/1156/936 894/1157/937
f 1368/1158/938 1685/1156/936 979/1159/939
f 1685/1156/936 1895/1160/940 978/1161/941
f 1369/1162/942 2296/1163/943 835/1164/944
f 1369/1162/942 1686/1165/945 2296/1163/943
f 1369/1162/942 1368/1158/938 1686/1165/945
f 979/1159/939 1686/1165/945 1368/1158/938
f 2296/1163/943 1686/1165/945 979/1159/939
f 827/1166/946 980/1167/947 1515/1168/948
f 886/1169/949 827/1166/946 1370/1170/950
f 886/1169/949 981/1171/951 921/1172/952
f 1687/1173/953 921/1172/952 981/1171/951
f 2459/1174/954 1233/1175/955 982/1176/956
f 1373/1177/957 1689/1178/958 891/1179/959
f 1374/1180/960 1689/1178/958 984/1181/961
f 1689/1178/958 2201/1182/962 983/1183/963
f 1375/1184/964 2297/1185/965 836/1186/966
f 1375/1184/964 1690/1187/967 2297/1185/965
f 1375/1184/964 1374/1180/960 1690/1187/967
f 984/1181/961 1690/1187/967 1374/1180/960
f 2297/1185/965 1690/1187/967 984/1181/961
f 1902/1188/968 1691/1189/969 1468/1190/970
f 861/1191/971 1691/1189/969 1902/1188/968
f 2298/1192/972 1691/1189/969 985/1193/973
f 889/1194/974 1692/1195/975 861/1191/971
f 2299/1196/976 889/1194/974 2469/1197/977
f 985/1193/973 2299/1196/976 1176/1198/978
f 826/1199/979 988/1200/980 1520/1201/981
f 1376/1202/982 826/1199/979 887/1203/983
f 1377/1204/984 922/1205/985 1376/1202/982
f 1693/1206/986 922/1205/985 989/1207/987
f 2209/1208/988 932/1209/989 1694/1210/990
f 1741/1211/991 1694/1212/990 2147/1213/992
f 2471/1214/993 1226/1215/994 1694/1210/990
f 1696/1216/995 1695/1217/996 837/1218/997
f 1695/1217/996 1696/1216/995 1697/1219/998
f 2300/1220/999 1695/1217/996 991/1221/1000
f 993/1222/1001 1697/1219/998 1521/1223/1002
f 2301/1224/1003 899/1225/1004 2476/1226/1005
f 991/1221/1000 2301/1224/1003 994/1227/1006
f 1379/1228/1007 995/1229/1008 1522/1230/1009
f 1380/1231/1010 995/1229/1008 1379/1228/1007
f 1380/1231/1010 997/1232/1011 923/1233/1012
f 1698/1234/1013 923/1233/1012 997/1232/1011
f 998/1235/1014 1699/1236/1015 1907/1237/1016
f 1383/1238/1017 1700/1239/1018 898/1240/1019
f 1384/1241/1020 1700/1239/1018 1000/1242/1021
f 1700/1239/1018 2214/1243/1022 999/1244/1023
f 1385/1245/1024 2303/1246/1025 838/1247/1026
f 1385/1245/1024 1701/1248/1027 2303/1246/1025
f 1385/1245/1024 1384/1241/1020 1701/1248/1027
f 1000/1242/1021 1701/1248/1027 1384/1241/1020
f 2303/1246/1025 1701/1248/1027 1000/1242/1021
f 1914/1249/1028 1702/1250/1029 1475/1251/1030
f 862/1252/1031 1702/1250/1029 1914/1249/1028
f 2304/1253/1032 1702/1250/1029 1001/1254/1033
f 1003/1255/1034 1703/1256/1035 862/1252/1031
f 895/1257/1036 1703/1256/1035 1003/1255/1034
f 1001/1254/1033 2305/1258/1037 1982/1259/1038
f 828/1260/1039 1004/1261/1040 1529/1262/1041
f 1386/1263/1042 828/1260/1039 888/1264/1043
f 1387/1265/1044 924/1266/1045 1386/1263/1042
f 1704/1267/1046 924/1266/1045 1005/1268/1047
f 2488/1269/1048 1239/1270/1049 1008/1271/1050
f 2179/1272/1051 2306/1273/1052 1582/1274/1053
f 2173/1275/1054 2306/1273/1052 2307/1276/1055
f 2307/1276/1055 1706/1277/1056 1389/1278/1057
f 1098/1279/1058 1390/1280/1059 2308/1281/1060
f 1389/1278/1057 2308/1281/1060 1390/1280/1059
f 2584/1282/1061 1389/1278/1057 1707/1283/1062
f 1390/1280/1059 1707/1283/1062 1389/1278/1057
f 1391/1284/1063 1530/1285/1064 2748/1286/1065
f 2163/1287/1066 2309/1288/1067 1530/1285/1064
f 1459/1289/1068 1392/1290/1069 1708/1291/1070
f 1459/1289/1068 936/1292/1071 1392/1290/1069
f 1010/1293/1072 1392/1290/1069 936/1292/1071
f 1392/1290/1069 1010/1293/1072 1011/1294/1073
f 1708/1291/1070 1709/1295/1074 1393/1296/1075
f 1709/1295/1074 1708/1291/1070 1392/1290/1069
f 2160/1297/1076 1709/1295/1074 1011/1294/1073
f 1394/1298/1077 1012/1299/1078 1533/1300/1079
f 1395/1301/1080 1012/1299/1078 1015/1302/1081
f 1396/1303/1082 1012/1299/1078 1394/1298/1077
f 1396/1303/1082 1014/1304/1083 925/1305/1084
f 1710/1306/1085 925/1305/1084 1014/1304/1083
f 2495/1307/1086 1395/1301/1080 1015/1302/1081
f 2310/1308/1087 1398/1309/1088 2080/1310/1089
f 2738/1311/1090 2310/1312/1087 2737/1313/1091
f 2227/1314/1092 2311/1315/1093 1597/1316/1094
f 2195/1317/1095 2311/1315/1093 2312/1318/1096
f 2312/1318/1096 1711/1319/1097 1399/1320/1098
f 2497/1321/1099 2313/1322/1100 2554/1323/1101
f 2497/1321/1099 1401/1324/1102 2313/1322/1100
f 1399/1320/1098 2313/1322/1100 1401/1324/1102
f 1400/1325/1103 1399/1320/1098 1712/1326/1104
f 1401/1324/1102 1712/1326/1104 1399/1320/1098
f 2615/1327/1105 1927/1328/1106 2769/1329/1107
f 2186/1330/1108 2314/1331/1109 1927/1328/1106
f 2189/1332/1110 2315/1333/1111 1606/1334/1112
f 2183/1335/1113 2315/1333/1111 2316/1336/1114
f 2316/1336/1114 1713/1337/1115 1402/1338/1116
f 1102/1339/1117 1403/1340/1118 2317/1341/1119
f 1402/1338/1116 2317/1341/1119 1403/1340/1118
f 2600/1342/1120 1402/1338/1116 1714/1343/1121
f 1403/1340/1118 1714/1343/1121 1402/1338/1116
f 2318/1344/1122 1404/1345/1123 2131/1346/1124
f 2759/1347/1125 2318/1344/1122 2758/1348/1126
f 2319/1349/1127 1018/1350/1128 2322/1351/1129
f 1017/1352/1130 2322/1353/1129 1019/1354/1131
f 2320/1355/1132 1020/1356/1133 1405/1357/1134
f 2229/1358/1135 1018/1359/1128 2319/1360/1127
f 1021/1361/1136 1716/1362/1137 2229/1363/1135
f 1715/1364/1138 1022/1365/1139 1021/1361/1136
f 1406/1366/1140 1715/1364/1138 829/1367/1141
f 1022/1368/1139 1715/1369/1138 1717/1370/1142
f 856/1371/1143 2245/1372/1144 1406/1373/1140
f 2245/1372/1144 1022/1368/1139 1717/1370/1142
f 2321/1374/1145 1018/1375/1128 1716/1376/1137
f 956/1377/1146 1716/1376/1137 1022/1368/1139
f 2248/1378/1147 1018/1379/1128 1331/1380/1148
f 1407/1381/1149 1332/1382/1150 2320/1383/1132
f 1018/1379/1128 2248/1378/1147 2322/1384/1129
f 2322/1384/1129 1023/1385/1151 1019/1386/1131
f 2323/1387/1152 1026/1388/1153 2327/1389/1154
f 1025/1390/1155 2327/1389/1154 1027/1391/1156
f 1406/1373/1140 1408/1392/1157 2324/1393/1158
f 2224/1394/1159 1026/1388/1153 2225/1395/1160
f 1028/1396/1161 1719/1397/1162 2224/1394/1159
f 830/1398/1163 1718/1399/1164 1028/1400/1161
f 1718/1401/1164 1029/1402/1165 1028/1403/1161
f 1409/1404/1166 1718/1405/1164 830/1406/1163
f 1029/1407/1165 1718/1408/1164 2325/1409/1167
f 2249/1410/1168 957/1411/1169 2325/1409/1167
f 1410/1412/1170 2325/1409/1167 1409/1413/1166
f 2326/1414/1171 1026/1388/1153 1719/1397/1162
f 957/1411/1169 1719/1397/1162 1029/1407/1165
f 2812/1415/1172 1026/1388/1153 1654/1416/1173
f 856/1371/1143 2324/1393/1158 1411/1417/1174
f 1026/1388/1153 2812/1415/1172 2327/1389/1154
f 2327/1389/1154 1030/1418/1175 1027/1391/1156
f 2328/1419/1176 1032/1420/1177 2331/1421/1178
f 1031/1422/1179 2331/1423/1178 1033/1424/1180
f 1409/1413/1166 1412/1425/1181 2329/1426/1182
f 2223/1427/1183 1032/1428/1177 2328/1429/1176
f 1034/1430/1184 1721/1431/1185 2223/1432/1183
f 1720/1433/1186 1035/1434/1187 1034/1430/1184
f 1722/1435/1188 831/1436/1189 1413/1437/1190
f 1035/1438/1187 1720/1439/1186 1722/1440/1188
f 1414/1441/1191 1722/1440/1188 1413/1442/1190
f 2252/1443/1192 1035/1438/1187 1722/1440/1188
f 2330/1444/1193 1032/1445/1177 1721/1446/1185
f 2253/1447/1194 1721/1446/1185 1035/1438/1187
f 2815/1448/1195 1032/1449/1177 1658/1450/1196
f 1410/1412/1170 2329/1426/1182 1415/1451/1197
f 1032/1449/1177 2815/1448/1195 2331/1452/1178
f 2331/1452/1178 1036/1453/1198 1033/1454/1180
f 2332/1455/1199 1038/1456/1200 2335/1457/1201
f 1037/1458/1202 2335/1457/1201 1039/1459/1203
f 1413/1442/1190 1416/1460/1204 2333/1461/1205
f 2222/1462/1206 1038/1456/1200 2332/1455/1199
f 1040/1463/1207 1724/1464/1208 2222/1462/1206
f 1417/1465/1209 1723/1466/1210 832/1467/1211
f 1725/1468/1212 1040/1463/1207 1723/1469/1210
f 1724/1464/1208 1040/1463/1207 1041/1470/1213
f 1418/1471/1214 1725/1468/1212 1417/1472/1209
f 2256/1473/1215 1041/1470/1213 1725/1468/1212
f 2334/1474/1216 1038/1456/1200 1724/1464/1208
f 958/1475/1217 1724/1464/1208 1041/1470/1213
f 2818/1476/1218 1038/1456/1200 1661/1477/1219
f 1414/1441/1191 2333/1461/1205 1419/1478/1220
f 1038/1456/1200 2818/1476/1218 2335/1457/1201
f 2335/1457/1201 1042/1479/1221 1039/1459/1203
f 2336/1480/1222 1044/1481/1223 2339/1482/1224
f 1043/1483/1225 2339/1484/1224 1045/1485/1226
f 2337/1486/1227 832/1467/1211 1420/1487/1228
f 2235/1488/1229 1044/1489/1223 2336/1490/1222
f 1046/1491/1230 1727/1492/1231 2235/1488/1229
f 1726/1493/1232 1047/1494/1233 1046/1491/1230
f 1421/1495/1234 1726/1496/1232 833/1497/1235
f 1047/1494/1233 1726/1493/1232 1728/1498/1236
f 855/1499/1237 2259/1500/1238 1421/1501/1234
f 2259/1500/1238 1047/1494/1233 1728/1498/1236
f 2338/1502/1239 1044/1489/1223 1727/1492/1231
f 959/1503/1240 1727/1492/1231 1047/1494/1233
f 2820/1504/1241 1044/1489/1223 1663/1505/1242
f 1422/1506/1243 1418/1471/1214 2337/1507/1227
f 1044/1489/1223 2820/1504/1241 2339/1508/1224
f 2339/1509/1224 1048/1510/1244 1045/1511/1226
f 2340/1512/1245 1050/1513/1246 2344/1514/1247
f 1049/1515/1248 2344/1514/1247 1051/1516/1249
f 1421/1501/1234 1423/1517/1250 2341/1518/1251
f 2233/1519/1252 1050/1513/1246 2234/1520/1253
f 1052/1521/1254 1730/1522/1255 2233/1519/1252
f 834/1523/1256 1729/1524/1257 1052/1525/1254
f 1729/1524/1257 1053/1526/1258 1052/1525/1254
f 1424/1527/1259 1729/1524/1257 834/1523/1256
f 1053/1528/1258 1729/1529/1257 2342/1530/1260
f 2821/1531/1261 2262/1532/1262 2342/1530/1260
f 1425/1533/1263 2342/1530/1260 1424/1534/1259
f 2343/1535/1264 1050/1513/1246 1730/1522/1255
f 2262/1532/1262 1730/1522/1255 1053/1528/1258
f 2264/1536/1265 1050/1513/1246 1334/1537/1266
f 855/1499/1237 2341/1518/1251 1426/1538/1267
f 1050/1513/1246 2264/1536/1265 2344/1514/1247
f 2344/1514/1247 1054/1539/1268 1051/1516/1249
f 2345/1540/1269 1056/1541/1270 2348/1542/1271
f 1055/1543/1272 2348/1542/1271 1057/1544/1273
f 1424/1527/1259 1427/1545/1274 2346/1546/1275
f 2232/1547/1276 1056/1548/1270 2345/1549/1269
f 1058/1550/1277 1732/1551/1278 2232/1552/1276
f 1731/1553/1279 1059/1554/1280 1058/1550/1277
f 1733/1555/1281 825/1556/1282 1428/1557/1283
f 1059/1558/1280 1731/1559/1279 1733/1560/1281
f 1429/1561/1284 1733/1560/1281 1428/1562/1283
f 2265/1563/1285 1059/1558/1280 1733/1560/1281
f 2347/1564/1286 1056/1565/1270 1732/1566/1278
f 2266/1567/1287 1732/1566/1278 1059/1558/1280
f 2268/1568/1288 1056/1565/1270 1335/1569/1289
f 1425/1533/1263 2346/1570/1275 1430/1571/1290
f 1056/1565/1270 2268/1568/1288 2348/1572/1271
f 2348/1573/1271 1060/1574/1291 1057/1575/1273
f 2349/1576/1292 1062/1577/1293 2352/1578/1294
f 1061/1579/1295 2352/1578/1294 1063/1580/1296
f 1428/1562/1283 1431/1581/1297 2350/1582/1298
f 2231/1583/1299 1062/1577/1293 2349/1576/1292
f 1064/1584/1300 1735/1585/1301 2231/1583/1299
f 1024/1586/1302 1734/1587/1303 1020/1588/1133
f 1736/1589/1304 1064/1584/1300 1734/1587/1303
f 1735/1585/1301 1064/1584/1300 1065/1590/1305
f 1332/1382/1150 1736/1589/1304 1024/1586/1302
f 2269/1591/1306 1065/1590/1305 1736/1589/1304
f 2351/1592/1307 1062/1577/1293 1735/1585/1301
f 960/1593/1308 1735/1585/1301 1065/1590/1305
f 2833/1594/1309 1062/1577/1293 1336/1595/1310
f 1429/1561/1284 2350/1582/1298 1432/1596/1311
f 1062/1577/1293 2833/1594/1309 2352/1578/1294
f 2352/1578/1294 1066/1597/1312 1063/1580/1296
f 2355/1598/1313 1435/1599/1314 2353/1600/1315
f 1433/1601/1316 1435/1599/1314 2251/1602/1317
f 1434/1603/1318 2356/1604/1319 1433/1601/1316
f 2813/1605/1320 2356/1604/1319 1434/1603/1318
f 1659/1606/1321 2356/1604/1319 2813/1605/1320
f 2358/1607/1322 2354/1608/1323 2356/1604/1319
f 1659/1606/1321 2357/1609/1324 2356/1604/1319
f 2357/1609/1324 1436/1610/1325 2356/1604/1319
f 1068/1611/1326 1436/1610/1325 1437/1612/1327
f 2358/1607/1322 1436/1610/1325 1068/1611/1326
f 2359/1613/1328 1068/1611/1326 2825/1614/1329
f 2359/1613/1328 1069/1615/1330 1068/1611/1326
f 1438/1616/1331 1069/1615/1330 2359/1613/1328
f 2353/1600/1315 1067/1617/1332 2270/1618/1333
f 1067/1617/1332 2353/1600/1315 2354/1608/1323
f 1067/1617/1332 2354/1608/1323 1069/1615/1330
f 2236/1619/1334 1930/1620/1335 1213/1621/1336
f 2241/1622/1337 926/1623/1338 2360/1624/1339
f 2237/1625/1340 2241/1622/1337 1738/1626/1341
f 955/1627/1342 1441/1628/1343 1216/1629/1344
f 2243/1630/1345 1611/1631/1346 2238/1632/1347
f 2544/1633/1348 1611/1631/1346 2243/1630/1345
f 1218/1634/1349 1442/1635/1350 1219/1636/1351
f 2239/1637/1352 1218/1634/1349 1219/1636/1351
f 1740/1638/1353 2806/1639/1354 2361/1640/1355
f 2240/1641/1356 2361/1640/1355 2806/1639/1354
f 1446/1642/1357 1741/1211/991 1744/1643/1358
f 2148/1644/1359 1444/1645/1360 1742/1646/1361
f 1742/1646/1361 1445/1647/1362 1939/1648/1363
f 1743/1649/1364 1744/1643/1358 1939/1648/1363
f 1743/1649/1364 2472/1650/1365 1446/1642/1357
f 1744/1643/1358 1743/1649/1364 1446/1642/1357
f 1072/1651/1366 1745/1652/1367 926/1623/1338
f 1745/1652/1367 1072/1651/1366 1073/1653/1368
f 1447/1654/1369 2362/1655/1370 1073/1653/1368
f 1746/1656/1371 1075/1657/1372 1073/1658/1368
f 1073/1653/1368 1075/1659/1372 1745/1652/1367
f 1747/1660/1373 2363/1661/1374 1070/1662/1375
f 1750/1663/1376 1747/1660/1373 1449/1664/1377
f 2808/1665/1378 2519/1666/1379 1747/1660/1373
f 1449/1664/1377 1747/1660/1373 911/1667/1380
f 2524/1668/1381 1749/1669/1382 1748/1670/1383
f 911/1671/1380 1748/1670/1383 1449/1672/1377
f 1450/1673/1384 2208/1674/1385 1749/1669/1382
f 1750/1675/1376 1749/1669/1382 2208/1674/1385
f 2203/1676/1386 1076/1677/1387 1077/1678/1388
f 1077/1678/1388 1076/1677/1387 2364/1679/1389
f 1451/1680/1390 2365/1681/1391 2527/1682/1392
f 2365/1681/1391 1077/1683/1388 2364/1684/1389
f 1751/1685/1393 2203/1686/1386 1077/1683/1388
f 1752/1687/1394 2366/1688/1395 1439/1689/1396
f 2366/1688/1395 1752/1687/1394 1079/1690/1397
f 1078/1691/1398 2531/1692/1399 1752/1687/1394
f 913/1693/1400 1752/1687/1394 2531/1692/1399
f 2536/1694/1401 1080/1695/1402 1963/1696/1403
f 2536/1694/1401 1753/1697/1404 1080/1695/1402
f 1753/1697/1404 1081/1698/1405 1079/1699/1397
f 1082/1700/1406 1754/1701/1407 927/1702/1408
f 1754/1701/1407 1082/1700/1406 1083/1703/1409
f 1083/1703/1409 1082/1700/1406 2367/1704/1410
f 1452/1705/1411 2368/1706/1412 2539/1707/1413
f 2368/1706/1412 1083/1708/1409 2367/1709/1410
f 1755/1710/1414 1084/1711/1415 1083/1708/1409
f 1083/1703/1409 1084/1712/1415 1754/1701/1407
f 1756/1713/1416 2369/1714/1417 1442/1635/1350
f 2369/1714/1417 1756/1713/1416 1453/1715/1418
f 1453/1715/1418 2543/1716/1419 1757/1717/1420
f 1757/1718/1420 1086/1719/1421 1454/1720/1422
f 938/1721/1423 1758/1722/1424 1757/1718/1420
f 1758/1722/1424 1087/1723/1425 1453/1724/1418
f 2369/1725/1417 1453/1724/1418 1087/1723/1425
f 1088/1726/1426 1759/1727/1427 1455/1728/1428
f 899/1225/1004 993/1222/1001 1089/1729/1429
f 2548/1730/1430 1455/1728/1428 1759/1727/1427
f 1989/1731/1431 2370/1732/1432 1456/1733/1433
f 2550/1734/1434 2370/1732/1432 1455/1728/1428
f 1090/1735/1435 2370/1732/1432 1989/1731/1431
f 1455/1728/1428 2370/1732/1432 1089/1729/1429
f 1020/1736/1133 1760/1737/1436 1761/1738/1437
f 2230/1739/1438 1091/1740/1439 2371/1741/1440
f 2230/1742/1438 2372/1743/1441 1091/1744/1439
f 1457/1745/1442 1091/1744/1439 2372/1743/1441
f 2558/1746/1443 1457/1745/1442 2555/1747/1444
f 2558/1746/1443 1762/1748/1445 1457/1745/1442
f 1760/1737/1436 1763/1749/1446 1765/1750/1447
f 1091/1744/1439 1457/1745/1442 1763/1751/1446
f 1763/1751/1446 1457/1745/1442 1762/1748/1445
f 1458/1752/1448 1764/1753/1449 1765/1750/1447
f 1535/1754/1450 1092/1755/1451 1764/1753/1449
f 1761/1738/1437 1765/1750/1447 1764/1753/1449
f 902/1756/1452 2738/1311/1090 2373/1757/1453
f 866/1758/1454 2561/1759/1455 2374/1760/1456
f 2563/1761/1457 2374/1760/1456 2561/1759/1455
f 2373/1757/1453 866/1758/1454 2374/1760/1456
f 1766/1762/1458 2563/1761/1457 2567/1763/1459
f 2374/1760/1456 2375/1764/1460 2373/1757/1453
f 2373/1757/1453 1093/1765/1461 902/1756/1452
f 2165/1766/1462 1767/1767/1463 1768/1768/1464
f 2376/1769/1465 1768/1768/1464 1767/1767/1463
f 1094/1770/1466 2377/1771/1467 1564/1772/1468
f 928/1773/1469 1095/1774/1470 1459/1289/1068
f 1391/1284/1063 1200/1775/1471 1530/1285/1064
f 1200/1775/1471 1391/1284/1063 2378/1776/1472
f 2379/1777/1473 2580/1778/1474 2380/1779/1475
f 2582/1780/1476 2380/1779/1475 2580/1778/1474
f 2378/1776/1472 2379/1777/1473 2380/1779/1475
f 1769/1781/1477 2582/1780/1476 2586/1782/1478
f 2380/1779/1475 916/1783/1479 2378/1776/1472
f 2378/1776/1472 1097/1784/1480 1200/1775/1471
f 1100/1785/1481 1771/1786/1482 929/1787/1483
f 2177/1788/1484 1770/1789/1485 1771/1786/1482
f 2381/1790/1486 1771/1786/1482 1770/1789/1485
f 1099/1791/1487 2382/1792/1488 1570/1793/1489
f 929/1787/1483 2382/1792/1488 1100/1785/1481
f 907/1794/1490 2759/1347/1125 2383/1795/1491
f 871/1796/1492 2596/1797/1493 2384/1798/1494
f 2383/1795/1491 871/1796/1492 2384/1798/1494
f 1772/1799/1495 2598/1800/1496 2602/1801/1497
f 2384/1798/1494 2385/1802/1498 2383/1795/1491
f 2383/1795/1491 1101/1803/1499 907/1794/1490
f 1773/1804/1500 1102/1339/1117 2188/1805/1501
f 1104/1806/1502 1102/1339/1117 930/1807/1503
f 1103/1808/1504 2387/1809/1505 1575/1810/1506
f 930/1807/1503 2387/1809/1505 1104/1806/1502
f 825/1556/1282 1460/1811/1507 1774/1812/1508
f 1463/1813/1509 1774/1812/1508 1460/1811/1507
f 874/1814/1510 1105/1815/1511 1460/1811/1507
f 2388/1816/1512 2501/1817/1513 1105/1818/1511
f 2613/1819/1514 1105/1818/1511 2501/1817/1513
f 1461/1820/1515 1460/1811/1507 1105/1815/1511
f 2389/1821/1516 931/1822/1517 2613/1819/1514
f 2389/1821/1516 2390/1823/1518 931/1822/1517
f 1461/1820/1515 931/1824/1517 1463/1813/1509
f 1463/1825/1509 931/1822/1517 2390/1823/1518
f 2618/1826/1519 2803/1827/1520 2390/1823/1518
f 1463/1825/1509 2390/1823/1518 2803/1827/1520
f 1106/1828/1521 1775/1829/1522 1342/1830/1523
f 1775/1829/1522 1777/1831/1524 1464/1064/844
f 875/1832/1525 1776/1833/1526 1106/1828/1521
f 1106/1828/1521 1776/1833/1526 1775/1829/1522
f 1780/1834/1527 1778/1835/1528 1779/1836/1529
f 1466/1837/1530 1776/1833/1526 1780/1834/1527
f 1107/1838/1531 1778/1835/1528 875/1832/1525
f 2035/1839/1532 2391/1840/1533 1107/1838/1531
f 2391/1840/1533 2035/1839/1532 1265/1841/1534
f 1779/1836/1529 1778/1835/1528 2391/1840/1533
f 941/1842/1535 1465/1843/1536 1273/1844/1537
f 2051/1845/1538 1779/1836/1529 941/1842/1535
f 1781/1846/1539 1780/1834/1527 2051/1845/1538
f 1780/1834/1527 1781/1846/1539 1466/1837/1530
f 1782/1847/1540 1108/1848/1541 1688/1849/1542
f 2642/1850/1543 1785/1851/1544 1784/1852/1545
f 1783/1853/1546 1785/1854/1544 1782/1847/1540
f 2458/1855/1547 1784/1856/1545 1783/1853/1546
f 1784/1856/1545 1785/1854/1544 1783/1853/1546
f 2200/1857/1548 1467/1858/1549 2642/1850/1543
f 1467/1858/1549 1785/1851/1544 2642/1850/1543
f 1782/1859/1540 1467/1858/1549 1108/1860/1541
f 1109/1861/1550 1786/1862/1551 986/1863/1552
f 1786/1862/1551 1788/1864/1553 1468/1190/970
f 878/1865/1554 1787/1866/1555 1109/1861/1550
f 1109/1861/1550 1787/1866/1555 1786/1862/1551
f 1791/1867/1556 1789/1868/1557 1790/1869/1558
f 1470/1870/1559 1787/1866/1555 1791/1867/1556
f 1110/1871/1560 1789/1868/1557 878/1865/1554
f 2058/1872/1561 2392/1873/1562 1110/1871/1560
f 2392/1873/1562 2058/1872/1561 1279/1874/1563
f 1790/1869/1558 1789/1868/1557 2392/1873/1562
f 942/1875/1564 1469/1876/1565 1286/1877/1566
f 2075/1878/1567 1790/1869/1558 942/1875/1564
f 1792/1879/1568 1791/1867/1556 2075/1878/1567
f 1791/1867/1556 1792/1879/1568 1470/1870/1559
f 932/1209/989 1793/1880/1569 1471/1881/1570
f 2147/1213/992 932/1882/989 1471/1883/1570
f 1471/1881/1570 1793/1880/1569 1794/1884/1571
f 2667/1885/1572 1796/1886/1573 1795/1887/1574
f 1794/1884/1571 1796/1888/1573 1471/1881/1570
f 2470/1889/1575 1795/1890/1574 1794/1884/1571
f 1795/1890/1574 1796/1888/1573 1794/1884/1571
f 1832/1891/1576 1471/1883/1570 2667/1885/1572
f 1471/1883/1570 1796/1886/1573 2667/1885/1572
f 1797/1892/1577 1799/1893/1578 1472/1053/833
f 2393/1894/1579 1797/1892/1577 2400/1895/1580
f 2393/1894/1579 1798/1896/1581 1797/1892/1577
f 2394/1897/1582 1800/1898/1583 1473/1899/1584
f 1127/1900/1585 1799/1893/1578 2394/1897/1582
f 1126/1901/1586 1800/1898/1583 2393/1894/1579
f 1801/1902/1587 1111/1903/1588 2670/1904/1589
f 1473/1899/1584 1800/1898/1583 1801/1902/1587
f 1801/1902/1587 2670/1904/1589 1294/1905/1590
f 2097/1906/1591 1473/1899/1584 1801/1902/1587
f 1127/1900/1585 1802/1907/1592 2401/1908/1593
f 1473/1899/1584 1802/1907/1592 2394/1897/1582
f 1804/1909/1594 1112/1910/1595 1644/1911/1596
f 2691/1912/1597 1806/1913/1598 1805/1914/1599
f 2477/1915/1600 1805/1916/1599 1803/1917/1601
f 1113/1918/1602 1474/1919/1603 2691/1912/1597
f 1474/1919/1603 1806/1913/1598 2691/1912/1597
f 1804/1909/1594 1474/1920/1603 1112/1910/1595
f 1114/1921/1604 1807/1922/1605 1002/1923/1606
f 1807/1922/1605 1809/1924/1607 1475/1251/1030
f 883/1925/1608 1808/1926/1609 1114/1921/1604
f 1114/1921/1604 1808/1926/1609 1807/1922/1605
f 1812/1927/1610 1810/1928/1611 1811/1929/1612
f 1477/1930/1613 1808/1926/1609 1812/1927/1610
f 1115/1931/1614 1810/1928/1611 883/1925/1608
f 2109/1932/1615 2395/1933/1616 1115/1931/1614
f 2395/1933/1616 2109/1932/1615 1302/1934/1617
f 1811/1929/1612 1810/1928/1611 2395/1933/1616
f 944/1935/1618 1476/1936/1619 1309/1937/1620
f 2126/1938/1621 1811/1929/1612 944/1935/1618
f 1813/1939/1622 1812/1927/1610 2126/1938/1621
f 1812/1927/1610 1813/1939/1622 1477/1930/1613
f 1814/1940/1623 1116/1941/1624 1705/1942/1625
f 2716/1943/1626 1817/1944/1627 1816/1945/1628
f 1815/1946/1629 1817/1947/1627 1814/1940/1623
f 2487/1948/1630 1816/1949/1628 1815/1946/1629
f 1816/1949/1628 1817/1947/1627 1815/1946/1629
f 1894/1950/1631 1478/1951/1632 2716/1943/1626
f 1478/1951/1632 1817/1944/1627 2716/1943/1626
f 1814/1940/1623 1478/1952/1632 1116/1941/1624
f 1117/1953/1633 1215/1954/1634 2834/1955/1635
f 2848/1956/1636 1215/1954/1634 933/1957/1637
f 2237/1625/1340 2866/1958/1638 1818/1959/1639
f 2237/1960/1340 1820/1961/1640 1819/1962/1641
f 2849/1963/1642 1214/1964/1643 2864/1965/1644
f 2850/1966/1645 1214/1964/1643 1821/1967/1646
f 2236/1619/1334 2862/1968/1647 1822/1969/1648
f 1119/1970/1649 1737/1971/1650 1823/1972/1651
f 2236/1973/1334 1824/1974/1652 1823/1975/1651
f 1120/1976/1653 1649/1977/1654 2835/1978/1655
f 2851/1979/1656 1649/1977/1654 934/1980/1657
f 2240/1641/1356 2870/1981/1658 1825/1982/1659
f 2240/1983/1356 1827/1984/1660 1826/1985/1661
f 1122/1986/1662 2239/1637/1352 2836/1987/1663
f 1217/1988/1664 1218/1634/1349 2239/1637/1352
f 2852/1989/1665 2239/1637/1352 935/1990/1666
f 2238/1632/1347 2868/1991/1667 1828/1992/1668
f 1123/1993/1669 1932/1994/1670 1829/1995/1671
f 2238/1996/1347 1830/1997/1672 1829/1998/1671
f 961/1999/1673 1831/1048/828 2272/1046/826
f 1831/1048/828 2396/2000/1674 1337/1047/827
f 1337/1047/827 1832/1891/1576 1833/1051/831
f 2396/2000/1674 1443/2001/1675 1832/1891/1576
f 1124/2002/1676 962/1052/832 2082/2003/1677
f 1479/2004/1678 2397/2005/1679 1834/2006/1680
f 962/1052/832 1124/2002/1676 2397/2005/1679
f 1834/2006/1680 2668/2007/1681 1479/2004/1678
f 1125/2008/1682 1479/2004/1678 2668/2007/1681
f 2393/1894/1579 2398/2009/1683 1126/1901/1586
f 2400/1895/1580 2399/2010/1684 2393/1894/1579
f 2273/1055/835 2397/2005/1679 2400/1895/1580
f 1799/1893/1578 1127/1900/1585 1835/2011/1685
f 1480/2012/1686 1127/1900/1585 1128/2013/1687
f 1339/1056/836 1835/2011/1685 1480/2012/1686
f 1128/2013/1687 2401/1908/1593 2402/2014/1688
f 2401/1908/1593 1298/2015/1689 2402/2014/1688
f 1934/2016/1690 2402/2014/1688 910/2017/1691
f 1480/2012/1686 961/1999/1673 1339/1056/836
f 1128/2013/1687 1481/2018/1692 1480/2012/1686
f 2529/2019/1693 1129/2020/1694 1836/2021/1695
f 2275/1057/837 964/2022/1696 2537/2023/1697
f 1836/2021/1695 964/2022/1696 2274/1059/839
f 2276/1061/841 1837/2024/1698 2403/2025/1699
f 2535/2026/1700 1839/2027/1701 1965/2028/1702
f 875/1832/1525 2404/2029/1703 1107/1838/1531
f 1482/2030/1704 2404/2029/1703 1839/2027/1701
f 1106/1828/1521 2405/2031/1705 875/1832/1525
f 1342/1830/1523 2403/2025/1699 1106/1828/1521
f 2403/2025/1699 1341/1063/843 2276/1061/841
f 1464/1064/844 1840/2032/1706 1841/1062/842
f 1777/1831/1524 1466/1837/1530 1840/2032/1706
f 1483/2033/1707 2406/2034/1708 1781/1846/1539
f 1842/2035/1709 1466/1837/1530 2406/2034/1708
f 2406/2034/1708 1483/2033/1707 1484/2036/1710
f 860/1065/845 1843/2037/1711 1672/2038/1712
f 1840/2032/1706 1842/2035/1709 1843/2037/1711
f 2407/2039/1713 1846/2040/1714 1847/2041/1715
f 2407/2039/1713 2157/2042/1716 1846/2040/1714
f 1485/2043/1717 1848/2044/1718 2069/2045/1719
f 1846/2040/1714 2157/2042/1716 1848/2044/1718
f 1846/2040/1714 1848/2044/1718 1847/2041/1715
f 1132/2046/1720 2408/2047/1721 1485/2043/1717
f 1343/1074/854 2409/1073/853 1132/2046/1720
f 1847/2041/1715 2408/2047/1721 1845/1070/850
f 2410/2048/1722 1133/2049/1723 1849/2050/1724
f 1486/2051/1725 1133/2049/1723 1850/2052/1726
f 1344/1076/856 1849/2050/1724 1486/2051/1725
f 2411/2053/1727 2412/2054/1728 2410/2048/1722
f 2412/2054/1728 2411/2053/1727 2735/2055/1729
f 1850/2052/1726 2735/2055/1729 1487/2056/1730
f 2413/2057/1731 1850/2052/1726 2562/2058/1732
f 1850/2052/1726 2413/2057/1731 1486/2051/1725
f 2414/1078/858 1851/2059/1733 1345/1077/857
f 2561/1759/1455 2736/2060/1734 1851/2059/1733
f 2078/2061/1735 2277/1069/849 1851/2059/1733
f 1851/2059/1733 2736/2060/1734 1288/2062/1736
f 1851/2059/1733 1288/2062/1736 2078/2061/1735
f 2281/1082/862 1852/2063/1737 1346/1080/860
f 2649/2064/1738 1488/2065/1739 1852/2063/1737
f 2415/2066/1740 1852/2063/1737 1488/2065/1739
f 2415/2066/1740 1346/1080/860 1852/2063/1737
f 1622/2067/1741 1853/2068/1742 846/2069/1743
f 2416/2070/1744 1488/2065/1739 1853/2068/1742
f 2640/2071/1745 1622/2067/1741 1489/2072/1746
f 1135/2073/1747 1854/2074/1748 2640/2071/1745
f 877/2075/1749 1854/2074/1748 1135/2073/1747
f 1854/2074/1748 877/2075/1749 2416/2070/1744
f 1347/1086/866 877/2075/1749 1136/1085/865
f 918/1088/868 2639/2076/1750 1137/2077/1751
f 1138/2078/1752 1139/2079/1753 2639/2076/1750
f 1139/2079/1753 1137/2077/1751 2639/2076/1750
f 845/2080/1754 2571/2081/1755 1138/2078/1752
f 1139/2079/1753 1855/2082/1756 1137/2077/1751
f 1490/1090/870 968/1091/871 868/2083/1757
f 1137/2077/1751 968/1091/871 918/1088/868
f 1490/1090/870 2417/2084/1758 1348/1089/869
f 2417/2084/1758 1492/2085/1759 1140/2086/1760
f 1140/2086/1760 1348/1089/869 2417/2084/1758
f 2003/2087/1761 2418/2088/1762 1492/2085/1759
f 945/2089/1763 1856/2090/1764 840/2091/1765
f 1856/2090/1764 2418/2088/1762 840/2091/1765
f 1856/2090/1764 1492/2085/1759 2418/2088/1762
f 2419/2092/1766 1491/2093/1767 1856/2090/1764
f 1492/2085/1759 1856/2090/1764 1491/2093/1767
f 2420/2094/1768 1492/2085/1759 1491/2093/1767
f 2281/1082/862 1857/2095/1769 2420/2094/1768
f 1348/1089/869 1857/2095/1769 1349/1081/861
f 1140/2086/1760 1492/2085/1759 1857/2095/1769
f 2421/2096/1770 1860/2097/1771 1861/2098/1772
f 2421/2096/1770 2169/2099/1773 1860/2097/1771
f 1493/2100/1774 1862/2101/1775 2046/2102/1776
f 1860/2097/1771 2169/2099/1773 1862/2101/1775
f 1860/2097/1771 1862/2101/1775 1861/2098/1772
f 1143/2103/1777 2422/2104/1778 1493/2100/1774
f 1350/1099/879 2423/1098/878 1143/2103/1777
f 1861/2098/1772 2422/2104/1778 1859/1095/875
f 2424/2105/1779 1144/2106/1780 1863/2107/1781
f 1494/2108/1782 1144/2106/1780 1864/2109/1783
f 1351/1101/881 1863/2107/1781 1494/2108/1782
f 2425/2110/1784 2426/2111/1785 2424/2105/1779
f 2426/2111/1785 2425/2110/1784 2746/2112/1786
f 1864/2109/1783 2746/2112/1786 1495/2113/1787
f 2427/2114/1788 1864/2109/1783 2581/2115/1789
f 1864/2109/1783 2427/2114/1788 1494/2108/1782
f 2428/1103/883 1865/2116/1790 1352/1102/882
f 2580/1778/1474 2747/2117/1791 1865/2116/1790
f 2054/2118/1792 2282/1094/874 1865/2116/1790
f 1865/2116/1790 2747/2117/1791 1277/2119/1793
f 1865/2116/1790 1277/2119/1793 2054/2118/1792
f 2286/1107/887 1866/2120/1794 1353/1105/885
f 2624/2121/1795 1496/2122/1796 1866/2120/1794
f 2429/2123/1797 1866/2120/1794 1496/2122/1796
f 2429/2123/1797 1353/1105/885 1866/2120/1794
f 1627/2124/1798 1867/2125/1799 843/2126/1800
f 2430/2127/1801 1496/2122/1796 1867/2125/1799
f 2714/2128/1802 1627/2124/1798 1497/2129/1803
f 1146/2130/1804 1868/2131/1805 2714/2128/1802
f 885/2132/1806 1868/2131/1805 1146/2130/1804
f 1868/2131/1805 885/2132/1806 2430/2127/1801
f 1354/1111/891 885/2132/1806 1147/1110/890
f 919/1113/893 2713/2133/1807 1148/2134/1808
f 1149/2135/1809 1150/2136/1810 2713/2133/1807
f 1150/2136/1810 1148/2134/1808 2713/2133/1807
f 854/2137/1811 1498/2138/1812 1149/2135/1809
f 1150/2136/1810 1869/2139/1813 1148/2134/1808
f 1498/2138/1812 2589/2140/1814 1150/2136/1810
f 1499/1115/895 972/1116/896 870/2141/1815
f 1148/2134/1808 972/1116/896 919/1113/893
f 1499/1115/895 2431/2142/1816 1355/1114/894
f 2431/2142/1816 1501/2143/1817 1151/2144/1818
f 1151/2144/1818 1355/1114/894 2431/2142/1816
f 2012/2145/1819 2432/2146/1820 1501/2143/1817
f 946/2147/1821 1870/2148/1822 841/2149/1823
f 1870/2148/1822 2432/2146/1820 841/2149/1823
f 1870/2148/1822 1501/2143/1817 2432/2146/1820
f 2433/2150/1824 1500/2151/1825 1870/2148/1822
f 1501/2143/1817 1870/2148/1822 1500/2151/1825
f 2434/2152/1826 1501/2143/1817 1500/2151/1825
f 2286/1107/887 1871/2153/1827 2434/2152/1826
f 1355/1114/894 1871/2153/1827 1356/1106/886
f 1151/2144/1818 1501/2143/1817 1871/2153/1827
f 2435/2154/1828 1874/2155/1829 1875/2156/1830
f 2435/2154/1828 2180/2157/1831 1874/2155/1829
f 1502/2158/1832 1876/2159/1833 2120/2160/1834
f 1874/2155/1829 2180/2157/1831 1876/2159/1833
f 1874/2155/1829 1876/2159/1833 1875/2156/1830
f 1154/2161/1835 2436/2162/1836 1502/2158/1832
f 1357/1124/904 2437/1123/903 1154/2161/1835
f 1875/2156/1830 2436/2162/1836 1873/1120/900
f 2438/2163/1837 1155/2164/1838 1877/2165/1839
f 1503/2166/1840 1155/2164/1838 1878/2167/1841
f 1358/1126/906 1877/2165/1839 1503/2166/1840
f 2439/2168/1842 2440/2169/1843 2438/2163/1837
f 2440/2169/1843 2439/2168/1842 2756/2170/1844
f 1878/2167/1841 2756/2170/1844 1504/2171/1845
f 2441/2172/1846 1878/2167/1841 2597/2173/1847
f 1878/2167/1841 2441/2172/1846 1503/2166/1840
f 2442/1128/908 1879/2174/1848 1359/1127/907
f 2596/1797/1493 2757/2175/1849 1879/2174/1848
f 2129/2176/1850 2287/1119/899 1879/2174/1848
f 1879/2174/1848 2757/2175/1849 1311/2177/1851
f 1879/2174/1848 1311/2177/1851 2129/2176/1850
f 2291/1132/912 1880/2178/1852 1360/1130/910
f 2698/2179/1853 1505/2180/1854 1880/2178/1852
f 2443/2181/1855 1880/2178/1852 1505/2180/1854
f 2443/2181/1855 1360/1130/910 1880/2178/1852
f 1635/2182/1856 1881/2183/1857 852/2184/1858
f 2444/2185/1859 1505/2180/1854 1881/2183/1857
f 2689/2186/1860 1635/2182/1856 1506/2187/1861
f 1157/2188/1862 1882/2189/1863 2689/2186/1860
f 882/2190/1864 1882/2189/1863 1157/2188/1862
f 1882/2189/1863 882/2190/1864 2444/2185/1859
f 1361/1136/916 882/2190/1864 1158/1135/915
f 920/1138/918 2688/2191/1865 1159/2192/1866
f 1160/2193/1867 1161/2194/1868 2688/2191/1865
f 1161/2194/1868 1159/2192/1866 2688/2191/1865
f 1161/2194/1868 1883/2195/1869 1159/2192/1866
f 1507/2196/1870 2606/2197/1871 1161/2194/1868
f 1508/1140/920 976/1141/921 873/2198/1872
f 1159/2192/1866 976/1141/921 920/1138/918
f 1508/1140/920 2445/2199/1873 1362/1139/919
f 2445/2199/1873 1510/2200/1874 1162/2201/1875
f 1162/2201/1875 1362/1139/919 2445/2199/1873
f 2024/2202/1876 2446/2203/1877 1510/2200/1874
f 948/2204/1878 1884/2205/1879 842/2206/1880
f 1884/2205/1879 2446/2203/1877 842/2206/1880
f 1884/2205/1879 1510/2200/1874 2446/2203/1877
f 2447/2207/1881 1509/2208/1882 1884/2205/1879
f 1510/2200/1874 1884/2205/1879 1509/2208/1882
f 2448/2209/1883 1510/2200/1874 1509/2208/1882
f 2291/1132/912 1885/2210/1884 2448/2209/1883
f 1362/1139/919 1885/2210/1884 1363/1131/911
f 1162/2201/1875 1510/2200/1874 1885/2210/1884
f 2449/2211/1885 1888/2212/1886 1889/2213/1887
f 2449/2211/1885 2191/2214/1888 1888/2212/1886
f 1511/2215/1889 1890/2216/1890 2090/2217/1891
f 1888/2212/1886 2191/2214/1888 1890/2216/1890
f 1888/2212/1886 1890/2216/1890 1889/2213/1887
f 1165/2218/1892 2450/2219/1893 1511/2215/1889
f 1364/1149/929 2451/1148/928 1165/2218/1892
f 1889/2213/1887 2450/2219/1893 1887/1145/925
f 2452/2220/1894 1166/2221/1895 1891/2222/1896
f 1512/2223/1897 1166/2221/1895 1892/2224/1898
f 1365/1151/931 1891/2222/1896 1512/2223/1897
f 2453/2225/1899 2454/2226/1900 2452/2220/1894
f 2454/2226/1900 2453/2225/1899 1513/2227/1901
f 1892/2224/1898 1513/2227/1901 1514/2228/1902
f 2455/2229/1903 1892/2224/1898 2616/2230/1904
f 1892/2224/1898 2455/2229/1903 1512/2223/1897
f 2456/1153/933 1893/2231/1905 1366/1152/932
f 2105/2232/1906 2292/1144/924 1893/2231/1905
f 1893/2231/1905 2768/2233/1907 1300/2234/1908
f 1893/2231/1905 1300/2234/1908 2105/2232/1906
f 894/1157/937 2457/2235/1909 1367/1155/935
f 1367/1155/935 1894/1950/1631 1895/1160/940
f 2457/2235/1909 1551/2236/1910 1894/1950/1631
f 1169/2237/1911 1372/2238/1912 1687/1173/953
f 1372/2238/1912 1168/2239/1913 980/1167/947
f 2458/1855/1547 1170/2240/1914 1169/2237/1911
f 1170/2240/1914 1515/1168/948 1168/2239/1913
f 827/1166/946 1515/1168/948 1172/2241/1915
f 1108/1860/1541 1897/2242/1916 1896/2243/1917
f 1467/1858/1549 1173/2244/1918 1897/2242/1916
f 1467/1858/1549 2200/1857/1548 1173/2244/1918
f 1897/2242/1916 1898/2245/1919 1896/2243/1917
f 1960/2246/1920 2459/1174/954 1950/2247/1921
f 1174/2248/1922 1961/2249/1923 2460/2250/1924
f 1233/1175/955 2459/1174/954 1960/2246/1920
f 836/1186/966 1899/2251/1925 1375/1184/964
f 1516/2252/1926 2461/2253/1927 1899/2251/1925
f 1375/1184/964 1899/2251/1925 2462/2254/1928
f 2463/2255/1929 2464/2256/1930 2461/2253/1927
f 2464/2256/1930 2463/2255/1929 1517/2257/1931
f 1900/2258/1932 2465/2259/1933 1175/2260/1934
f 2466/2261/1935 2465/2259/1933 1518/2262/1936
f 2462/2254/1928 2466/2261/1935 1375/1184/964
f 1175/2260/1934 2465/2259/1933 2462/2254/1928
f 1468/1190/970 1901/2263/1937 1902/1188/968
f 1788/1864/1553 1470/1870/1559 1901/2263/1937
f 1519/2264/1938 2467/2265/1939 1792/1879/1568
f 1903/2266/1940 1470/1870/1559 2467/2265/1939
f 1901/2263/1937 1903/2266/1940 1904/2267/1941
f 889/1194/974 2468/2268/1942 2469/1197/977
f 2468/2268/1942 1176/1198/978 2469/1197/977
f 985/1193/973 1176/1198/978 2525/2269/1943
f 1178/2270/1944 1378/2271/1945 1693/1206/986
f 1378/2271/1945 1177/2272/1946 988/1200/980
f 2470/1889/1575 1179/2273/1947 1178/2270/1944
f 1179/2273/1947 1520/1201/981 1177/2272/1946
f 826/1199/979 1520/1201/981 1181/2274/1948
f 1741/1211/991 1446/1642/1357 2471/2275/993
f 1948/2276/1949 2471/2275/993 1446/1642/1357
f 1182/2277/1950 1949/2278/1951 2472/2279/1365
f 1226/1215/994 2471/1214/993 1948/2280/1949
f 837/1218/997 1905/2281/1952 1696/1216/995
f 2102/2282/1953 909/2283/1954 1905/2281/1952
f 1521/1223/1002 1696/1216/995 1905/2281/1952
f 1906/2284/1955 909/2283/1954 2473/2285/1956
f 2548/1730/1430 1906/2284/1955 2473/2285/1956
f 1759/1727/1427 1088/1726/1426 2474/2286/1957
f 1521/1223/1002 1088/1726/1426 993/1222/1001
f 1089/1729/1429 2475/2287/1958 2476/1226/1005
f 1089/1729/1429 1184/2288/1959 2475/2287/1958
f 2475/2287/1958 2510/2289/1960 2476/1226/1005
f 1184/2288/1959 2510/2289/1960 2475/2287/1958
f 991/1221/1000 994/1227/1006 1221/2290/1961
f 1186/2291/1962 1382/2292/1963 1698/1234/1013
f 1382/2292/1963 1185/2293/1964 996/2294/1965
f 2477/1915/1600 1187/2295/1966 1186/2291/1962
f 1187/2295/1966 996/2294/1965 1185/2293/1964
f 1522/1230/1009 996/2294/1965 1241/2296/1967
f 1112/1910/1595 1908/2297/1968 1907/1237/1016
f 1474/1919/1603 1523/2298/1969 1908/2299/1968
f 1474/1919/1603 1113/1918/1602 1523/2298/1969
f 1907/1237/1016 1908/2297/1968 998/1235/1014
f 1555/2300/1970 1189/2301/1971 2478/2302/1972
f 1189/2301/1971 1910/2303/1973 2478/2302/1972
f 838/1247/1026 1911/2304/1974 1385/1245/1024
f 1524/2305/1975 2479/2306/1976 1911/2304/1974
f 1385/1245/1024 1911/2304/1974 2480/2307/1977
f 2481/2308/1978 2482/2309/1979 2479/2306/1976
f 2482/2309/1979 2481/2308/1978 1525/2310/1980
f 1912/2311/1981 2483/2312/1982 1190/2313/1983
f 2484/2314/1984 2483/2312/1982 1526/2315/1985
f 2480/2307/1977 2484/2314/1984 1385/1245/1024
f 1190/2313/1983 2483/2312/1982 2480/2307/1977
f 1475/1251/1030 1913/2316/1986 1914/1249/1028
f 1809/1924/1607 1477/1930/1613 1913/2316/1986
f 1527/2317/1987 2485/2318/1988 1813/1939/1622
f 1915/2319/1989 1477/1930/1613 2485/2318/1988
f 2485/2318/1988 1527/2317/1987 1528/2320/1990
f 862/1252/1031 1916/2321/1991 1003/1255/1034
f 1913/2316/1986 1915/2319/1989 1916/2321/1991
f 1918/2322/1992 1917/2323/1993 895/1257/1036
f 2486/2324/1994 1982/1259/1038 1918/2322/1992
f 1001/1254/1033 1982/1259/1038 2547/2325/1995
f 1918/2322/1992 1982/1259/1038 1917/2323/1993
f 1193/2326/1996 1388/2327/1997 1704/1267/1046
f 1388/2327/1997 1192/2328/1998 1004/1261/1040
f 2487/1948/1630 1194/2329/1999 1193/2326/1996
f 1194/2329/1999 1529/1262/1041 1192/2328/1998
f 828/1260/1039 1529/1262/1041 1196/2330/2000
f 1975/2331/2001 2488/1269/1048 1962/2332/2002
f 1197/2333/2003 1976/2334/2004 2489/2335/2005
f 1239/1270/1049 2488/1269/1048 1975/2331/2001
f 1100/1785/1481 1919/2336/2006 2490/2337/2007
f 1100/1785/1481 1198/2338/2008 1919/2336/2006
f 1198/2338/2008 1920/2339/2009 1919/2336/2006
f 2490/2337/2007 1707/1283/1062 1390/1280/1059
f 1919/2336/2006 1707/1283/1062 2490/2337/2007
f 1097/1784/1480 1201/2340/2010 1202/2341/2011
f 2575/2342/2012 1201/2343/2010 2577/2344/2013
f 1201/2340/2010 2575/2345/2012 1202/2341/2011
f 1459/1289/1068 1921/2346/2014 936/1292/1071
f 1095/1774/1470 1203/2347/2015 1921/2346/2014
f 1203/2347/2015 1922/2348/2016 1921/2346/2014
f 1533/1300/1079 2491/2349/2017 1394/1298/1077
f 2491/2349/2017 1532/2350/2018 1205/2351/2019
f 1205/2351/2019 1394/1298/1077 2491/2349/2017
f 1993/2352/2020 2492/2353/2021 1532/2350/2018
f 1923/2354/2022 2492/2353/2021 1206/2355/2023
f 1923/2354/2022 1532/2350/2018 2492/2353/2021
f 2493/2356/2024 1531/2357/2025 1923/2354/2022
f 1532/2350/2018 1923/2354/2022 1531/2357/2025
f 2494/2358/2026 1532/2350/2018 1531/2357/2025
f 1397/2359/2027 1924/2360/2028 2494/2358/2026
f 1394/1298/1077 1924/2360/2028 1396/1303/1082
f 1205/2351/2019 1532/2350/2018 1924/2360/2028
f 2081/2361/2029 1015/1302/1081 1710/1306/1085
f 2664/2362/2030 2495/1307/1086 2081/2361/2029
f 865/2363/2031 1013/2364/2032 1994/2365/2033
f 1533/1300/1079 1013/2364/2032 865/2363/2031
f 2495/1307/1086 1013/2364/2032 1395/1301/1080
f 1208/2366/2034 1013/2364/2032 2495/1307/1086
f 2738/1311/1090 902/1756/1452 2310/1312/1087
f 2570/2367/2035 2569/2368/2036 2496/2369/2037
f 1534/2370/2038 2496/2369/2037 2569/2368/2036
f 2560/2371/2039 1534/2372/2038 1535/2373/1450
f 1534/2372/2038 2560/2371/2039 2496/2374/2037
f 2228/2375/2040 902/2376/1452 1998/2377/2041
f 2497/1321/1099 1925/2378/2042 2498/2379/2043
f 2499/2380/2044 1209/2381/2045 1925/2378/2042
f 1209/2381/2045 1926/2382/2046 1925/2378/2042
f 1400/1325/1103 1712/1326/1104 1264/2383/2047
f 2498/2379/2043 1712/1326/1104 1401/1324/1102
f 1925/2378/2042 1712/1326/1104 2498/2379/2043
f 1210/2384/2048 1927/1328/1106 2500/2385/2049
f 2032/2386/2050 2502/2387/2051 1210/2384/2048
f 2501/1817/1513 2388/1816/1512 2502/2387/2051
f 1536/2388/2052 2502/2387/2051 2388/1816/1512
f 2610/2389/2053 1536/2388/2052 1537/2390/2054
f 2502/2387/2051 2610/2389/2053 1210/2384/2048
f 1536/2388/2052 2610/2389/2053 2502/2387/2051
f 1104/1806/1502 1928/2391/2055 2503/2392/2056
f 1104/1806/1502 1211/2393/2057 1928/2391/2055
f 1211/2393/2057 1929/2394/2058 1928/2391/2055
f 2503/2392/2056 1714/1343/1121 1403/1340/1118
f 1928/2391/2055 1714/1343/1121 2503/2392/2056
f 2759/1347/1125 907/1794/1490 2318/1344/1122
f 2605/2395/2059 2604/2396/2060 2504/2397/2061
f 1538/2398/2062 2504/2397/2061 2604/2396/2060
f 2593/2399/2063 1538/2398/2062 1539/2400/2064
f 1538/2398/2062 2593/2399/2063 2504/2397/2061
f 2176/2401/2065 907/1794/1490 2014/2402/2066
f 2726/2403/2067 2505/2404/2068 1439/1689/1396
f 1119/1970/1649 2140/2405/2069 2505/2404/2068
f 1213/1621/1336 1214/1964/1643 2506/2406/2070
f 2780/2407/2071 1071/2408/2072 1070/1662/1375
f 2719/2409/2073 2718/2410/2074 2242/2411/2075
f 2848/1956/1636 2508/2412/2076 1215/1954/1634
f 2360/1624/1339 955/1627/1342 2508/2412/2076
f 2360/1624/1339 2508/2412/2076 1738/1626/1341
f 1931/2413/2077 1216/1629/1344 1441/1628/1343
f 2146/2414/2078 1216/1629/1344 1932/1994/1670
f 2544/1633/1348 1218/1634/1349 1217/1988/1664
f 2794/2415/2079 1219/1636/1351 1442/1635/1350
f 2143/2416/2080 2720/2417/2081 2244/2418/2082
f 1443/2001/1675 2396/2000/1674 1444/1645/1360
f 2396/2000/1674 2509/2419/2083 1935/2420/2084
f 1935/2420/2084 1444/1645/1360 2396/2000/1674
f 1831/1048/828 961/1999/1673 2509/2419/2083
f 2509/2419/2083 1481/2018/1692 1933/2421/2085
f 1934/2016/1690 1933/2421/2085 1481/2018/1692
f 910/2017/1691 1933/2421/2085 1934/2016/1690
f 910/2017/1691 2509/2419/2083 1933/2421/2085
f 910/2017/1691 1935/2420/2084 2509/2419/2083
f 1444/1645/1360 1935/2420/2084 1445/1647/1362
f 2724/2422/2086 1221/2290/1961 1936/2423/2087
f 1221/2290/1961 2510/2289/1960 1220/2424/2088
f 1935/2420/2084 1220/2424/2088 2512/2425/2089
f 2512/2425/2089 1540/2426/2090 1445/1647/1362
f 2512/2425/2089 1222/2427/2091 1540/2426/2090
f 2511/2428/2092 1223/2429/2093 1222/2427/2091
f 1937/2430/2094 2513/2431/2095 1441/1628/1343
f 1222/2432/2091 1937/2430/2094 1540/2433/2090
f 2513/2431/2095 1937/2430/2094 1222/2432/2091
f 1445/1647/1362 1938/2434/2096 1939/1648/1363
f 2515/2435/2097 1939/1648/1363 1938/2434/2096
f 2507/2436/2098 2514/2437/2099 1938/2438/2096
f 2360/1624/1339 1940/2439/2100 2514/2437/2099
f 2781/2440/2101 1743/1649/1364 2515/2435/2097
f 2514/2437/2099 2781/2441/2101 2515/2442/2097
f 1071/2408/2072 1447/1654/1369 2241/1622/1337
f 937/2443/2102 1447/2444/1369 2516/2445/2103
f 1071/2408/2072 2780/2407/2071 2516/2446/2103
f 1941/2447/2104 2516/2446/2103 2780/2407/2071
f 1541/2448/2105 1074/2449/2106 937/2443/2102
f 1447/2444/1369 937/2443/2102 1074/2449/2106
f 889/1194/974 987/2450/2107 2517/2451/2108
f 2517/2451/2108 987/2450/2107 1943/2452/2109
f 1542/2453/2110 1944/2454/2111 1943/2452/2109
f 1543/2455/2112 1945/2456/2113 1181/2274/1948
f 1225/2457/2114 1074/2449/2106 2518/2458/2115
f 1181/2274/1948 1544/2459/2116 826/1199/979
f 890/2460/2117 1181/2274/1948 1945/2456/2113
f 1181/2274/1948 1520/1201/981 1543/2455/2112
f 1746/1656/1371 1947/2461/2118 1946/2462/2119
f 1225/2457/2114 1946/2462/2119 1947/2461/2118
f 1545/2463/2120 1226/1215/994 1946/2462/2119
f 1946/2462/2119 1949/2278/1951 1746/1656/1371
f 1213/1621/1336 2774/2464/2121 2519/1666/1379
f 2774/2464/2121 2773/2465/2122 1546/2466/2123
f 1227/2467/2124 2520/2468/2125 2521/2469/2126
f 1748/1670/1383 2520/2468/2125 1227/2467/2124
f 1951/2470/2127 2460/2471/1924 1950/2472/1921
f 2521/2469/2126 2773/2473/2122 2460/2471/1924
f 1898/2245/1919 1951/2470/2127 1896/2243/1917
f 1547/2474/2128 1898/2245/1919 1173/2244/1918
f 1227/2467/2124 1951/2470/2127 1547/2474/2128
f 2521/2469/2126 1951/2470/2127 1227/2467/2124
f 1227/2467/2124 2522/2475/2129 1748/1670/1383
f 1547/2474/2128 2522/2475/2129 1227/2467/2124
f 1173/2244/1918 2772/2476/2130 1547/2474/2128
f 857/2477/2131 2772/2476/2130 891/1179/959
f 2466/2261/1935 891/1179/959 1374/1180/960
f 1518/2262/1936 1228/2478/2132 2466/2261/1935
f 2465/2259/1933 1228/2478/2132 1518/2262/1936
f 891/1179/959 1228/2478/2132 857/2477/2131
f 1900/2258/1932 2523/2479/2133 2465/2259/1933
f 2522/2475/2129 2524/1668/1381 1748/1670/1383
f 2522/2475/2129 857/2477/2131 1953/2480/2134
f 2525/2269/1943 2204/2481/2135 985/1193/973
f 2204/2481/2135 2525/2269/1943 1952/2482/2136
f 1953/2480/2134 1450/1673/1384 2524/1668/1381
f 2505/2404/2068 2526/2483/2137 1954/2484/2138
f 2505/2404/2068 2726/2403/2067 2526/2483/2137
f 1451/1680/1390 1229/2485/2139 1955/2486/2140
f 2526/2487/2137 1229/2485/2139 2527/1682/1392
f 2529/2019/1693 1956/2488/2141 2528/2489/2142
f 2528/2489/2142 1955/2486/2140 2529/2019/1693
f 892/2490/2143 1672/2038/1712 2529/2019/1693
f 2529/2019/1693 1672/2038/1712 1956/2488/2141
f 1957/2491/2144 1484/2036/1710 1483/2033/1707
f 1843/2037/1711 1484/2036/1710 1956/2488/2141
f 1484/2036/1710 1957/2491/2144 1956/2488/2141
f 912/2492/2145 1451/1680/1390 2528/2489/2142
f 1956/2488/2141 912/2492/2145 2528/2489/2142
f 1232/2493/2146 1230/2494/2147 2530/2495/2148
f 1172/2241/1915 1548/2496/2149 827/1166/946
f 893/2497/2150 1172/2241/1915 1957/2491/2144
f 1172/2241/1915 1515/1168/948 912/2492/2145
f 1230/2494/2147 2365/1681/1391 1451/1680/1390
f 1751/1685/1393 1959/2498/2151 1233/1175/955
f 1232/2493/2146 1958/2499/2152 1959/2498/2151
f 1233/1175/955 1961/2249/1923 1751/1685/1393
f 2806/1639/1354 2796/2500/2153 2531/1692/1399
f 2796/2500/2153 2795/2501/2154 1549/2502/2155
f 2532/2503/2156 1080/1695/1402 913/2504/1400
f 1964/2505/2157 2489/2335/2005 1962/2332/2002
f 2533/2506/2158 2795/2507/2154 2489/2335/2005
f 864/2508/2159 1964/2505/2157 1007/2509/2160
f 1550/2510/2161 864/2511/2159 1551/2236/1910
f 1963/1696/1403 1964/2512/2157 1550/2510/2161
f 2533/2513/2158 1963/1696/1403 2532/2503/2156
f 2533/2513/2158 1964/2512/2157 1963/1696/1403
f 1550/2510/2161 2534/2514/2162 1963/1696/1403
f 1551/2236/1910 2457/2235/1909 1550/2510/2161
f 1966/2515/2163 2534/2514/2162 894/1157/937
f 2728/2516/2164 894/1157/937 1368/1158/938
f 1234/2517/2165 1235/2518/2166 2728/2516/2164
f 2727/2519/2167 1235/2518/2166 1234/2517/2165
f 894/1157/937 1235/2518/2166 1966/2515/2163
f 2153/2520/2168 2535/2026/1700 2727/2519/2167
f 2534/2514/2162 2536/1694/1401 1963/1696/1403
f 2534/2514/2162 1966/2515/2163 2537/2023/1697
f 2537/2023/1697 1967/1060/840 2275/1057/837
f 1837/2024/1698 1967/1060/840 1965/2028/1702
f 2537/2023/1697 1968/2521/2169 1753/1697/1404
f 1219/1636/1351 2794/2415/2079 2538/2522/2170
f 1969/2523/2171 2538/2522/2170 2794/2415/2079
f 1452/1705/1411 1552/2524/2172 1970/2525/2173
f 895/1257/1036 2541/2526/2174 2540/2527/2175
f 2540/2527/2175 1970/2525/2173 2486/2324/1994
f 895/1257/1036 1003/1255/1034 2541/2526/2174
f 2541/2526/2174 1003/1255/1034 1971/2528/2176
f 1972/2529/2177 1528/2320/1990 1527/2317/1987
f 914/2530/2178 1971/2528/2176 1972/2529/2177
f 1916/2321/1991 1528/2320/1990 1971/2528/2176
f 914/2530/2178 1452/1705/1411 2540/2527/2175
f 2541/2526/2174 914/2530/2178 2540/2527/2175
f 1238/2531/2179 1236/2532/2180 2542/2533/2181
f 1196/2330/2000 1553/2534/2182 828/1260/1039
f 896/2535/2183 1196/2330/2000 1972/2529/2177
f 1196/2330/2000 1529/1262/1041 914/2530/2178
f 1236/2532/2180 2368/1706/1412 1452/1705/1411
f 1755/1710/1414 1974/2536/2184 1239/1270/1049
f 1238/2531/2179 1973/2537/2185 1974/2536/2184
f 1239/1270/1049 1976/2334/2004 1755/1710/1414
f 1085/2538/2186 2544/1633/1348 2543/1716/1419
f 2544/1633/1348 1978/2539/2187 1977/2540/2188
f 1554/2541/2189 2788/2542/2190 1555/2300/1970
f 1977/2540/2188 2788/2543/2190 1554/2544/2189
f 1454/1720/1422 1086/1719/1421 1556/2545/2191
f 1977/2546/2188 1554/2547/2189 1086/1719/1421
f 1979/2548/2192 1555/2300/1970 897/2549/2193
f 1556/2550/2191 1554/2541/2189 1555/2300/1970
f 1557/2551/2194 1908/2299/1968 1523/2298/1969
f 1908/2299/1968 1979/2552/2192 998/2553/1014
f 1557/2551/2194 938/1721/1423 1454/1720/1422
f 858/2554/2195 938/1721/1423 2545/2555/2196
f 1523/2298/1969 2786/2556/2197 1557/2551/2194
f 2484/2314/1984 898/1240/1019 1384/1241/1020
f 1526/2315/1985 1240/2557/2198 2484/2314/1984
f 2483/2312/1982 1240/2557/2198 1526/2315/1985
f 2545/2555/2196 1240/2557/2198 858/2554/2195
f 898/1240/1019 1240/2557/2198 2545/2555/2196
f 1912/2311/1981 2546/2558/2199 2483/2312/1982
f 938/1721/1423 858/2554/2195 2547/2325/1995
f 1981/2559/2200 2215/2560/2201 1001/1254/1033
f 2215/2560/2201 1981/2559/2200 1980/2561/2202
f 2547/2325/1995 1982/1259/1038 1758/1722/1424
f 949/2562/2203 2549/2563/2204 2548/1730/1430
f 2549/2563/2204 1241/2296/1967 2550/1734/1434
f 1241/2296/1967 996/2294/1965 1983/2564/2205
f 1984/2565/2206 1456/1733/1433 1983/2564/2205
f 1456/1733/1433 2550/1734/1434 1983/2564/2205
f 1558/2566/2207 1984/2565/2206 1188/2567/2208
f 1910/2303/1973 1985/2568/2209 1909/2569/2210
f 1242/2570/2211 1559/2571/2212 1910/2303/1973
f 1985/2568/2209 1910/2303/1973 1559/2571/2212
f 1456/1733/1433 2551/2572/2213 1988/2573/2214
f 1559/2571/2212 1242/2570/2211 2551/2572/2213
f 1560/2574/2215 1243/2575/2216 1987/2576/2217
f 2243/1630/1345 1987/2576/2217 1739/2577/2218
f 1988/2573/2214 1989/1731/1431 1456/1733/1433
f 1988/2573/2214 1990/2578/2219 1991/2579/2220
f 1090/1735/1435 1989/1731/1431 1988/2573/2214
f 1560/2574/2215 1216/1629/1344 1990/2580/2219
f 1216/1629/1344 1931/2413/2077 1991/2581/2220
f 2499/2380/2044 2552/2582/2221 1561/2583/2222
f 1561/2583/2222 2372/1743/1441 2499/2380/2044
f 2554/1323/1101 1992/2584/2223 2497/1321/1099
f 2553/2585/2224 1992/2584/2223 2554/1323/1101
f 1206/2355/2023 1993/2352/2020 839/2586/2225
f 1995/2587/2226 839/2586/2225 1993/2352/2020
f 2491/2349/2017 865/2363/2031 1995/2587/2226
f 2557/2588/2227 1995/2587/2226 1994/2365/2033
f 865/2363/2031 1994/2365/2033 1995/2587/2226
f 2558/1746/1443 2555/1747/1444 2557/2588/2227
f 2555/1747/1444 1561/2583/2222 1995/2587/2226
f 1992/2584/2223 1995/2587/2226 1561/2583/2222
f 2557/2588/2227 1996/2589/2228 1997/2590/2229
f 1325/2591/2230 1998/2377/2041 2559/2592/2231
f 1535/2373/1450 1999/2593/2232 2560/2371/2039
f 1997/2590/2229 1999/2593/2232 1458/2594/1448
f 1999/2593/2232 1535/2373/1450 1458/2594/1448
f 2559/2592/2231 1999/2593/2232 1997/2590/2229
f 2000/2595/2233 2563/1761/1457 900/2596/2234
f 2414/1078/858 1134/2597/2235 2000/2595/2233
f 1487/2056/1730 2000/2595/2233 1134/2597/2235
f 1244/2598/2236 2563/1761/1457 2000/2595/2233
f 1204/2599/2237 2566/2600/2238 1922/2348/2016
f 2565/2601/2239 1922/2348/2016 1244/2598/2236
f 1244/2598/2236 1922/2348/2016 2566/2600/2238
f 2563/1761/1457 1244/2598/2236 2566/2600/2238
f 2566/2600/2238 2567/1763/1459 2563/1761/1457
f 2566/2600/2238 1245/2602/2240 2567/1763/1459
f 2002/2603/2241 2568/2604/2242 2001/2605/2243
f 2568/2606/2242 1766/1762/1458 2567/1763/1459
f 1245/2602/2240 2800/2607/2244 2001/2608/2243
f 1246/2609/2245 2001/2605/2243 2800/2610/2244
f 829/1367/1141 1562/2611/2246 1246/2609/2245
f 867/2612/2247 2002/2603/2241 1562/2611/2246
f 840/2091/1765 2003/2087/1761 2376/1769/1465
f 2573/2613/2248 2376/1769/1465 2003/2087/1761
f 2417/2084/1758 868/2083/1757 2573/2613/2248
f 2572/2614/2249 2574/2615/2250 1855/2082/1756
f 868/2083/1757 1855/2082/1756 2573/2613/2248
f 2573/2613/2248 1855/2082/1756 2574/2615/2250
f 1247/2616/2251 2377/1771/1467 2574/2615/2250
f 2376/1769/1465 2573/2613/2248 928/1773/1469
f 2573/2613/2248 2574/2615/2250 928/1773/1469
f 2163/2617/1066 1563/2618/2252 2164/2619/2253
f 2163/2617/1066 2004/2620/2254 1563/2618/2252
f 2004/2620/2254 2575/2342/2012 2005/2621/2255
f 1563/2618/2252 1247/2616/2251 2572/2614/2249
f 915/2622/2256 2576/2623/2257 2006/2624/2258
f 1565/2625/2259 2006/2624/2258 2576/2623/2257
f 1248/2626/2260 1564/1772/1468 2006/2624/2258
f 2577/2627/2013 1249/2628/2261 2007/2629/2262
f 2009/2630/2263 1565/2631/2259 2007/2629/2262
f 830/1406/1163 2008/2632/2264 2009/2630/2263
f 1565/2631/2259 2008/2632/2264 2578/2633/2265
f 2579/2634/2266 1094/1770/1466 1248/2626/2260
f 1564/1772/1468 1248/2626/2260 1094/1770/1466
f 1248/2635/2260 2578/2633/2265 2579/2636/2266
f 2010/2637/2267 2582/1780/1476 903/2638/2268
f 2428/1103/883 1145/2639/2269 2010/2637/2267
f 1495/2113/1787 2010/2637/2267 1145/2639/2269
f 1250/2640/2270 2582/1780/1476 2010/2637/2267
f 1199/2641/2271 2585/2642/2272 1920/2339/2009
f 2584/1282/1061 1920/2339/2009 1250/2640/2270
f 1250/2640/2270 1920/2339/2009 2585/2642/2272
f 2582/1780/1476 1250/2640/2270 2585/2642/2272
f 2585/2642/2272 2586/1782/1478 2582/1780/1476
f 2585/2642/2272 1251/2643/2273 2586/1782/1478
f 1567/2644/2274 2587/2645/2275 2011/2646/2276
f 2587/2645/2275 1769/1781/1477 2586/1782/1478
f 1251/2643/2273 2798/2647/2277 2011/2646/2276
f 1253/2648/2278 2011/2649/2276 2798/2650/2277
f 831/1436/1189 1566/2651/2279 1253/2648/2278
f 869/2652/2280 1252/2653/2281 1566/2651/2279
f 2588/2654/2282 1096/2655/2283 1252/2656/2281
f 916/1783/1479 1252/2656/2281 1096/2655/2283
f 1567/2657/2274 1566/2651/2279 1252/2653/2281
f 841/2149/1823 2012/2145/1819 2381/1790/1486
f 2591/2658/2284 2381/1790/1486 2012/2145/1819
f 2431/2142/1816 870/2141/1815 2591/2658/2284
f 2590/2659/2285 2592/2660/2286 1869/2139/1813
f 870/2141/1815 1869/2139/1813 2591/2658/2284
f 2591/2658/2284 1869/2139/1813 2592/2660/2286
f 1254/2661/2287 2382/1792/1488 2592/2660/2286
f 2381/1790/1486 2591/2658/2284 929/1787/1483
f 2591/2658/2284 2592/2660/2286 929/1787/1483
f 2013/2662/2288 2590/2659/2285 1498/2138/1812
f 2590/2659/2285 2013/2662/2288 1568/2663/2289
f 2176/2401/2065 2014/2402/2066 1568/2664/2289
f 1539/2400/2064 2015/2665/2290 2593/2399/2063
f 1568/2664/2289 2015/2665/2290 2016/2666/2291
f 2014/2402/2066 2593/2399/2063 2015/2665/2290
f 1568/2663/2289 1254/2661/2287 2590/2659/2285
f 1571/2667/2292 1255/2668/2293 2019/2669/2294
f 1255/2670/2293 1570/1793/1489 2017/2671/2295
f 1569/2672/2296 2018/2673/2297 2019/2669/2294
f 1539/2674/2064 1256/2675/2298 2018/2673/2297
f 2020/2676/2299 2019/2669/2294 2018/2673/2297
f 832/1467/1211 1571/2667/2292 2020/2676/2299
f 2595/2677/2300 1099/1791/1487 1255/2670/2293
f 1570/1793/1489 1255/2670/2293 1099/1791/1487
f 1255/2668/2293 2594/2678/2301 2595/2679/2300
f 2021/2680/2302 2596/1797/1493 905/2681/2303
f 2442/1128/908 1156/2682/2304 2021/2680/2302
f 1504/2171/1845 2021/2680/2302 1156/2682/2304
f 1257/2683/2305 2598/1800/1496 2021/2680/2302
f 2596/1797/1493 2021/2680/2302 2598/1800/1496
f 1258/2684/2306 2601/2685/2307 1929/2394/2058
f 2600/1342/1120 1929/2394/2058 1257/2683/2305
f 2598/1800/1496 1257/2683/2305 2601/2685/2307
f 2601/2685/2307 1258/2684/2306 2602/1801/1497
f 2023/2686/2308 2603/2687/2309 2022/2688/2310
f 2603/2689/2309 1772/1799/1495 2602/1801/1497
f 1258/2684/2306 2805/2690/2311 2022/2691/2310
f 1259/2692/2312 2022/2688/2310 2805/2693/2311
f 833/1497/1235 1572/2694/2313 1259/2692/2312
f 872/2695/2314 2023/2686/2308 1572/2694/2313
f 842/2206/1880 2024/2202/1876 2386/2696/2315
f 2608/2697/2316 2386/2696/2315 2024/2202/1876
f 2445/2199/1873 873/2198/1872 2608/2697/2316
f 2607/2698/2317 2609/2699/2318 1883/2195/1869
f 873/2198/1872 1883/2195/1869 2608/2697/2316
f 2608/2697/2316 1883/2195/1869 2609/2699/2318
f 1260/2700/2319 2387/1809/1505 2609/2699/2318
f 2386/2696/2315 2608/2697/2316 930/1807/1503
f 2608/2697/2316 2609/2699/2318 930/1807/1503
f 2187/2701/2320 2607/2698/2317 1507/2196/1870
f 2186/1330/1108 1573/2702/2321 2187/2703/2320
f 2186/1330/1108 2025/2704/2322 1573/2702/2321
f 1537/2390/2054 2026/2705/2323 2610/2389/2053
f 1573/2702/2321 2026/2705/2323 2027/2706/2324
f 2025/2704/2322 2610/2389/2053 2026/2705/2323
f 1573/2707/2321 1260/2700/2319 2607/2698/2317
f 1576/2708/2325 1261/2709/2326 2030/2710/2327
f 1261/2711/2326 1575/1810/1506 2028/2712/2328
f 1574/2713/2329 2029/2714/2330 2030/2710/2327
f 1537/2715/2054 1262/2716/2331 2029/2714/2330
f 2031/2717/2332 2030/2710/2327 2029/2714/2330
f 834/1523/1256 1576/2708/2325 2031/2717/2332
f 2612/2718/2333 1103/1808/1504 1261/2711/2326
f 1575/1810/1506 1261/2711/2326 1103/1808/1504
f 1261/2709/2326 2611/2719/2334 2612/2720/2333
f 2613/1819/1514 2501/1817/1513 2032/2386/2050
f 2500/2385/2049 2615/1327/1105 2614/2721/2335
f 1578/2722/2336 940/2723/2337 1577/2724/2338
f 2615/1327/1105 939/2725/2339 940/2723/2337
f 2617/2726/2340 940/2723/2337 1578/2722/2336
f 1578/2722/2336 1577/2724/2338 908/2727/2341
f 2033/2728/2342 1578/2722/2336 908/2727/2341
f 2456/1153/933 1167/2729/2343 2033/2728/2342
f 1514/2228/1902 2033/2728/2342 1167/2729/2343
f 1263/2730/2344 2617/2726/2340 2033/2728/2342
f 1578/2722/2336 2033/2728/2342 2617/2726/2340
f 1263/2730/2344 917/2731/2345 1264/2383/2047
f 1514/2228/1902 2767/2732/2346 2034/2733/2347
f 2196/2734/2348 2034/2733/2347 2767/2732/2346
f 1264/2383/2047 2034/2733/2347 1400/1325/1103
f 2196/2734/2348 1400/1325/1103 2034/2733/2347
f 2618/1826/1519 1263/2730/2344 1926/2382/2046
f 1263/2730/2344 2618/1826/1519 2389/1821/1516
f 1579/2735/2349 2035/1839/1532 1130/2736/2350
f 2619/2737/2351 2035/1839/1532 1580/2738/2352
f 1579/2735/2349 1266/2739/2353 1580/2738/2352
f 1266/2739/2353 1268/2740/2354 2619/2737/2351
f 1266/2739/2353 1267/2741/2355 1268/2740/2354
f 876/2742/2356 1268/2740/2354 1267/2741/2355
f 843/2126/1800 2036/2743/2357 1269/2744/2358
f 2619/2737/2351 2036/2743/2357 2620/2745/2359
f 876/2742/2356 1269/2744/2358 2036/2743/2357
f 2619/2737/2351 2620/2745/2359 1465/1843/1536
f 843/2126/1800 2621/2746/2360 2036/2743/2357
f 1496/2122/1796 2623/2747/2361 2621/2746/2360
f 2622/2748/2362 2621/2746/2360 2623/2747/2361
f 2622/2748/2362 2036/2743/2357 2621/2746/2360
f 1496/2122/1796 2624/2121/1795 2623/2747/2361
f 2624/2121/1795 2434/2152/1826 2625/2749/2363
f 1500/2151/1825 2625/2749/2363 2434/2152/1826
f 1270/2750/2364 2622/2748/2362 2625/2749/2363
f 2040/2751/2365 2433/2150/1824 1152/2752/2366
f 2038/2753/2367 1270/2750/2364 2037/2754/2368
f 2622/2748/2362 1270/2750/2364 2620/2745/2359
f 2620/2745/2359 1270/2750/2364 2038/2753/2367
f 2038/2753/2367 1583/2755/2369 1273/1844/1537
f 2037/2754/2368 2039/2756/2370 2038/2753/2367
f 2040/2751/2365 2039/2756/2370 2037/2754/2368
f 2039/2756/2370 2040/2751/2365 2627/2757/2371
f 2744/2758/2372 1582/1274/1053 2306/1273/1052
f 2628/2759/2373 2041/2760/2374 2744/2758/2372
f 2039/2756/2370 2628/2759/2373 2038/2753/2367
f 2627/2757/2371 2041/2760/2374 2039/2756/2370
f 1271/2761/2375 2628/2759/2373 1581/2762/2376
f 2425/2110/1784 2042/2763/2377 1271/2761/2375
f 2628/2759/2373 2042/2763/2377 2043/2764/2378
f 2038/2753/2367 2628/2759/2373 2043/2764/2378
f 1272/2765/2379 1583/2755/2369 2629/2766/2380
f 2424/2105/1779 2042/2763/2377 2425/2110/1784
f 2629/2766/2380 2043/2764/2378 2045/2767/2381
f 1143/2103/1777 2630/2768/2382 1350/1099/879
f 2044/2769/2383 2045/2767/2381 2630/2768/2382
f 1493/2100/1774 2044/2769/2383 1143/2103/1777
f 2045/2767/2381 2044/2769/2383 2629/2766/2380
f 2046/2102/1776 2047/2770/2384 1493/2100/1774
f 1272/2765/2379 1274/2771/2385 2048/2772/2386
f 2629/2766/2380 2047/2770/2384 1272/2765/2379
f 2048/2772/2386 941/1842/1535 1273/1844/1537
f 2050/2773/2387 1142/2774/2388 1584/2775/2389
f 2048/2772/2386 1274/2771/2385 2631/2776/2390
f 2631/2776/2390 1274/2771/2385 2050/2773/2387
f 2732/2777/2391 1275/2778/2392 1371/2779/2393
f 2632/2780/2394 2049/2781/2395 2732/2777/2391
f 2631/2776/2390 2052/2782/2396 2048/2772/2386
f 2050/2773/2387 2049/2781/2395 2631/2776/2390
f 2051/1845/1538 2052/2782/2396 2632/2780/2394
f 2730/2783/2397 1781/1846/1539 2051/1845/1538
f 2048/2772/2386 2051/1845/1538 941/1842/1535
f 2458/1855/1547 1169/2237/1911 1586/2784/2398
f 1169/2237/1911 1276/2785/2399 2633/2786/2400
f 1585/2787/2401 2633/2786/2400 1276/2785/2399
f 2633/2786/2400 1586/2784/2398 1169/2237/1911
f 844/2788/2402 1586/2784/2398 2053/2789/2403
f 1586/2784/2398 1277/2119/1793 2458/1855/1547
f 2421/2096/1770 2635/2790/2404 2634/2791/2405
f 2054/2118/1792 2634/2791/2405 2635/2790/2404
f 1858/2792/2406 2636/1092/872 2635/2790/2404
f 2054/2118/1792 2635/2790/2404 2282/1094/874
f 2282/1094/874 2635/2790/2404 2636/1092/872
f 1784/1856/1545 1277/2119/1793 2055/2793/2407
f 844/2788/2402 2634/2791/2405 1586/2784/2398
f 2055/2794/2407 845/2080/1754 1784/1852/1545
f 2637/2795/2408 2750/2796/2409 1009/2797/2410
f 845/2080/1754 2055/2794/2407 2637/2798/2408
f 2747/2117/1791 2750/2796/2409 1277/2119/1793
f 1138/2078/1752 2638/2799/2411 2641/2800/2412
f 2640/2071/1745 2638/2799/2411 2056/2801/2413
f 1489/2072/1746 2638/2799/2411 2640/2071/1745
f 877/2075/1749 2056/2801/2413 1136/1085/865
f 2639/2076/1750 1676/1087/867 2056/2801/2413
f 2640/2071/1745 2056/2801/2413 1135/2073/1747
f 1784/1852/1545 1138/2078/1752 2642/1850/1543
f 2201/1182/962 2643/2802/2414 2057/2803/2415
f 2641/2800/2412 2201/1182/962 2200/1857/1548
f 2461/2253/1927 2058/1872/1561 2463/2255/1929
f 2644/2804/2416 2058/1872/1561 1587/2805/2417
f 2461/2253/1927 1516/2252/1926 1587/2805/2417
f 1516/2252/1926 1281/2806/2418 2644/2804/2416
f 1516/2252/1926 1280/2807/2419 1281/2806/2418
f 879/2808/2420 1281/2806/2418 1280/2807/2419
f 846/2069/1743 2059/2809/2421 1282/2810/2422
f 2644/2804/2416 2059/2809/2421 2645/2811/2423
f 879/2808/2420 1282/2810/2422 2059/2809/2421
f 2644/2804/2416 2645/2811/2423 1469/1876/1565
f 846/2069/1743 2646/2812/2424 2059/2809/2421
f 1488/2065/1739 2648/2813/2425 2646/2812/2424
f 2647/2814/2426 2646/2812/2424 2648/2813/2425
f 2647/2814/2426 2059/2809/2421 2646/2812/2424
f 1488/2065/1739 2649/2064/1738 2648/2813/2425
f 2649/2064/1738 2420/2094/1768 2650/2815/2427
f 1491/2093/1767 2650/2815/2427 2420/2094/1768
f 1283/2816/2428 2647/2814/2426 2650/2815/2427
f 2063/2817/2429 2419/2092/1766 1141/2818/2430
f 2061/2819/2431 1283/2816/2428 2060/2820/2432
f 2647/2814/2426 1283/2816/2428 2645/2811/2423
f 2645/2811/2423 1283/2816/2428 2061/2819/2431
f 2061/2819/2431 1589/2821/2433 1286/1877/1566
f 2060/2820/2432 2062/2822/2434 2061/2819/2431
f 2063/2817/2429 2062/2822/2434 2060/2820/2432
f 2062/2822/2434 2063/2817/2429 2652/2823/2435
f 2733/2824/2436 2651/2825/2437 1393/1296/1075
f 2653/2826/2438 2064/2827/2439 2733/2824/2436
f 2062/2822/2434 2653/2826/2438 2061/2819/2431
f 2652/2823/2435 2064/2827/2439 2062/2822/2434
f 1284/2828/2440 2653/2826/2438 1588/2829/2441
f 2411/2053/1727 2065/2830/2442 1284/2828/2440
f 2653/2826/2438 2065/2830/2442 2066/2831/2443
f 2061/2819/2431 2653/2826/2438 2066/2831/2443
f 1285/2832/2444 1589/2821/2433 2654/2833/2445
f 2410/2048/1722 2065/2830/2442 2411/2053/1727
f 2654/2833/2445 2066/2831/2443 2068/2834/2446
f 1132/2046/1720 2655/2835/2447 1343/1074/854
f 2067/2836/2448 2068/2834/2446 2655/2835/2447
f 1485/2043/1717 2067/2836/2448 1132/2046/1720
f 2068/2834/2446 2067/2836/2448 2654/2833/2445
f 2069/2045/1719 2070/2837/2449 1485/2043/1717
f 1285/2832/2444 1287/2838/2450 2071/2839/2451
f 2654/2833/2445 2070/2837/2449 1285/2832/2444
f 2071/2839/2451 942/1875/1564 1286/1877/1566
f 2656/2840/2452 1131/2841/2453 1590/2842/2454
f 2071/2839/2451 1287/2838/2450 2656/2840/2452
f 2779/2843/2455 1591/2844/2456 1377/1204/984
f 2072/2845/2457 2074/2846/2458 1591/2844/2456
f 2657/2847/2459 2072/2845/2457 2779/2843/2455
f 2657/2847/2459 2073/2848/2460 2072/2845/2457
f 2656/2840/2452 2076/2849/2461 2071/2839/2451
f 1590/2842/2454 2073/2848/2460 2656/2840/2452
f 2075/1878/1567 2076/2849/2461 2657/2847/2459
f 2777/2850/2462 1792/1879/1568 2075/1878/1567
f 2071/2839/2451 2075/1878/1567 942/1875/1564
f 2470/1889/1575 1178/2270/1944 1592/2851/2463
f 1178/2270/1944 990/2852/2464 2658/2853/2465
f 1618/2854/2466 2658/2853/2465 990/2852/2464
f 2658/2853/2465 1592/2851/2463 1178/2270/1944
f 847/2855/2467 1592/2851/2463 2077/2856/2468
f 1592/2851/2463 1288/2062/1736 2470/1889/1575
f 2407/2039/1713 2660/2857/2469 2659/2858/2470
f 2078/2061/1735 2659/2858/2470 2660/2857/2469
f 1844/2859/2471 2661/1067/847 2660/2857/2469
f 2078/2061/1735 2660/2857/2469 2277/1069/849
f 2277/1069/849 2660/2857/2469 2661/1067/847
f 1795/1890/1574 1288/2062/1736 2079/2860/2472
f 847/2855/2467 2659/2858/2470 1592/2851/2463
f 2079/2861/2472 848/2862/2473 1795/1887/1574
f 2662/2863/2474 2740/2864/2475 2080/2865/1089
f 848/2862/2473 2079/2861/2472 2662/2866/2474
f 2736/2060/1734 2740/2864/2475 1288/2062/1736
f 2664/2362/2030 2663/2867/2476 2666/2868/2477
f 2665/2869/2478 2663/2867/2476 2081/2361/2029
f 849/2870/2479 2663/2867/2476 2665/2869/2478
f 1289/2871/2480 2081/2361/2029 1710/1306/1085
f 880/2872/2481 2081/2361/2029 1289/2871/2480
f 2665/2869/2478 2081/2361/2029 1593/2873/2482
f 1795/1887/1574 2664/2362/2030 2667/1885/1572
f 1833/1051/831 2668/2007/1681 2082/2003/1677
f 2666/2868/2477 1833/1051/831 1832/1891/1576
f 1126/1901/1586 2669/2874/2483 1111/1903/1588
f 1594/2875/2484 2671/2876/2485 2669/2874/2483
f 2670/1904/1589 2669/2874/2483 2671/2876/2485
f 2670/1904/1589 1111/1903/1588 2669/2874/2483
f 1594/2875/2484 2672/2877/2486 2671/2876/2485
f 2672/2877/2486 2494/2358/2026 2673/2878/2487
f 1531/2357/2025 2673/2878/2487 2494/2358/2026
f 1290/2879/2488 2670/1904/1589 2673/2878/2487
f 1595/2880/2489 2493/2356/2024 1207/2881/2490
f 1290/2879/2488 1595/2880/2489 2083/2882/2491
f 2084/2883/2492 1290/2879/2488 2083/2882/2491
f 2670/1904/1589 1290/2879/2488 2084/2883/2492
f 1207/2881/2490 2674/2884/2493 1595/2880/2489
f 1596/2885/2494 1291/2886/2495 2674/2884/2493
f 2675/2887/2496 2674/2884/2493 1291/2886/2495
f 2083/2882/2491 1595/2880/2489 2674/2884/2493
f 1597/1316/1094 2766/2888/2497 2085/2889/2498
f 1291/2886/2495 2085/2889/2498 2675/2887/2496
f 1598/2890/2499 2085/2889/2498 2766/2888/2497
f 1599/2891/2500 2675/2887/2496 2085/2889/2498
f 2453/2225/1899 2676/2892/2501 1292/2893/2502
f 2675/2887/2496 2676/2892/2501 2086/2894/2503
f 1599/2891/2500 1598/2890/2499 2676/2892/2501
f 2087/2895/2504 2086/2894/2503 2676/2892/2501
f 1600/2896/2505 2084/2883/2492 2086/2894/2503
f 2083/2882/2491 2086/2894/2503 2084/2883/2492
f 1293/2897/2506 1600/2896/2505 2677/2898/2507
f 2452/2220/1894 2087/2895/2504 2453/2225/1899
f 2677/2898/2507 2087/2895/2504 2089/2899/2508
f 1165/2218/1892 2678/2900/2509 1364/1149/929
f 2088/2901/2510 2089/2899/2508 2678/2900/2509
f 1511/2215/1889 2088/2901/2510 1165/2218/1892
f 2089/2899/2508 2088/2901/2510 2677/2898/2507
f 2090/2217/1891 2091/2902/2511 1511/2215/1889
f 1293/2897/2506 1295/2903/2512 2092/2904/2513
f 2677/2898/2507 2091/2902/2511 1293/2897/2506
f 2092/2904/2513 943/2905/2514 1294/1905/1590
f 2094/2906/2515 1164/2907/2516 1601/2908/2517
f 2092/2904/2513 1295/2903/2512 2679/2909/2518
f 2679/2909/2518 1295/2903/2512 2094/2906/2515
f 2784/2910/2519 1296/2911/2520 1381/2912/2521
f 2680/2913/2522 2093/2914/2523 2784/2910/2519
f 2679/2909/2518 2096/2915/2524 2092/2904/2513
f 2094/2906/2515 2093/2914/2523 2679/2909/2518
f 2095/2916/2525 2096/2915/2524 2680/2913/2522
f 2782/2917/2526 1183/2918/2527 2095/2916/2525
f 2092/2904/2513 2095/2916/2525 943/2905/2514
f 943/2905/2514 2097/1906/1591 1294/1905/1590
f 2095/2916/2525 2098/2919/2528 943/2905/2514
f 1183/2918/2527 2099/2920/2529 2095/2916/2525
f 2099/2920/2529 1183/2918/2527 909/2283/1954
f 1297/2921/2530 2100/2922/2531 992/2923/2532
f 2100/2922/2531 2102/2282/1953 837/1218/997
f 881/2924/2533 2101/2925/2534 1297/2921/2530
f 1297/2921/2530 2101/2925/2534 2100/2922/2531
f 2099/2920/2529 2103/2926/2535 2098/2919/2528
f 909/2283/1954 2101/2925/2534 2099/2920/2529
f 2681/2927/2536 2103/2926/2535 881/2924/2533
f 2098/2919/2528 2103/2926/2535 2097/1906/1591
f 2477/1915/1600 1186/2291/1962 1603/2928/2537
f 1186/2291/1962 1299/2929/2538 2682/2930/2539
f 1602/2931/2540 2682/2930/2539 1299/2929/2538
f 2682/2930/2539 1603/2928/2537 1186/2291/1962
f 850/2932/2541 1603/2928/2537 2104/2933/2542
f 1603/2928/2537 1300/2234/1908 2477/1915/1600
f 2449/2211/1885 2684/2934/2543 2683/2935/2544
f 2105/2232/1906 2683/2935/2544 2684/2934/2543
f 1886/2936/2545 2685/1142/922 2684/2934/2543
f 2105/2232/1906 2684/2934/2543 2292/1144/924
f 2292/1144/924 2684/2934/2543 2685/1142/922
f 1805/1916/1599 1300/2234/1908 2106/2937/2546
f 850/2932/2541 2683/2935/2544 1603/2928/2537
f 2106/2937/2546 851/2938/2547 1805/1916/1599
f 2686/2939/2548 2771/2940/2549 1016/2941/2550
f 851/2938/2547 2106/2937/2546 2686/2939/2548
f 2768/2233/1907 2771/2940/2549 1300/2234/1908
f 1160/2193/1867 2687/2942/2551 2690/2943/2552
f 2689/2186/1860 2687/2942/2551 2107/2944/2553
f 1506/2187/1861 2687/2942/2551 2689/2186/1860
f 882/2190/1864 2107/2944/2553 1158/1135/915
f 2688/2191/1865 1682/1137/917 2107/2944/2553
f 2689/2186/1860 2107/2944/2553 1157/2188/1862
f 1805/1914/1599 1160/2193/1867 2691/1912/1597
f 2214/1243/1022 2692/2945/2554 2108/2946/2555
f 2690/2943/2552 2214/1243/1022 1113/1918/1602
f 2479/2306/1976 2109/1932/1615 2481/2308/1978
f 2693/2947/2556 2109/1932/1615 1604/2948/2557
f 2479/2306/1976 1524/2305/1975 1604/2948/2557
f 1524/2305/1975 1304/2949/2558 2693/2947/2556
f 1524/2305/1975 1303/2950/2559 1304/2949/2558
f 884/2951/2560 1304/2949/2558 1303/2950/2559
f 852/2184/1858 2110/2952/2561 1305/2953/2562
f 2693/2947/2556 2110/2952/2561 2694/2954/2563
f 884/2951/2560 1305/2953/2562 2110/2952/2561
f 2693/2947/2556 2694/2954/2563 1476/1936/1619
f 852/2184/1858 2695/2955/2564 2110/2952/2561
f 1505/2180/1854 2697/2956/2565 2695/2955/2564
f 2696/2957/2566 2695/2955/2564 2697/2956/2565
f 2696/2957/2566 2110/2952/2561 2695/2955/2564
f 1505/2180/1854 2698/2179/1853 2697/2956/2565
f 2698/2179/1853 2448/2209/1883 2699/2958/2567
f 1509/2208/1882 2699/2958/2567 2448/2209/1883
f 1306/2959/2568 2696/2957/2566 2699/2958/2567
f 2114/2960/2569 2447/2207/1881 1163/2961/2570
f 2112/2962/2571 1306/2959/2568 2111/2963/2572
f 2696/2957/2566 1306/2959/2568 2694/2954/2563
f 2694/2954/2563 1306/2959/2568 2112/2962/2571
f 2112/2962/2571 1607/2964/2573 1309/1937/1620
f 2111/2963/2572 2113/2965/2574 2112/2962/2571
f 2114/2960/2569 2113/2965/2574 2111/2963/2572
f 2113/2965/2574 2114/2960/2569 2701/2966/2575
f 2754/2967/2576 1606/1334/1112 2315/1333/1111
f 2702/2968/2577 2115/2969/2578 2754/2967/2576
f 2113/2965/2574 2702/2968/2577 2112/2962/2571
f 2701/2966/2575 2115/2969/2578 2113/2965/2574
f 1307/2970/2579 2702/2968/2577 1605/2971/2580
f 2439/2168/1842 2116/2972/2581 1307/2970/2579
f 2702/2968/2577 2116/2972/2581 2117/2973/2582
f 2112/2962/2571 2702/2968/2577 2117/2973/2582
f 1308/2974/2583 1607/2964/2573 2703/2975/2584
f 2438/2163/1837 2116/2972/2581 2439/2168/1842
f 2703/2975/2584 2117/2973/2582 2119/2976/2585
f 1154/2161/1835 2704/2977/2586 1357/1124/904
f 2118/2978/2587 2119/2976/2585 2704/2977/2586
f 1502/2158/1832 2118/2978/2587 1154/2161/1835
f 2119/2976/2585 2118/2978/2587 2703/2975/2584
f 2120/2160/1834 2121/2979/2588 1502/2158/1832
f 1308/2974/2583 1310/2980/2589 2122/2981/2590
f 2703/2975/2584 2121/2979/2588 1308/2974/2583
f 2122/2981/2590 944/1935/1618 1309/1937/1620
f 2705/2982/2591 1153/2983/2592 1608/2984/2593
f 2122/2981/2590 1310/2980/2589 2705/2982/2591
f 2793/2985/2594 1609/2986/2595 1387/1265/1044
f 2123/2987/2596 2125/2988/2597 1609/2986/2595
f 2706/2989/2598 2123/2987/2596 2793/2985/2594
f 2706/2989/2598 2124/2990/2599 2123/2987/2596
f 2705/2982/2591 2127/2991/2600 2122/2981/2590
f 1608/2984/2593 2124/2990/2599 2705/2982/2591
f 2126/1938/1621 2127/2991/2600 2706/2989/2598
f 2791/2992/2601 1813/1939/1622 2126/1938/1621
f 2122/2981/2590 2126/1938/1621 944/1935/1618
f 2487/1948/1630 1193/2326/1996 1610/2993/2602
f 1193/2326/1996 1006/2994/2603 2707/2995/2604
f 1631/2996/2605 2707/2995/2604 1006/2994/2603
f 2707/2995/2604 1610/2993/2602 1193/2326/1996
f 853/2997/2606 1610/2993/2602 2128/2998/2607
f 1610/2993/2602 1311/2177/1851 2487/1948/1630
f 2435/2154/1828 2709/2999/2608 2708/3000/2609
f 2129/2176/1850 2708/3000/2609 2709/2999/2608
f 1872/3001/2610 2710/1117/897 2709/2999/2608
f 2129/2176/1850 2709/2999/2608 2287/1119/899
f 2287/1119/899 2709/2999/2608 2710/1117/897
f 1816/1949/1628 1311/2177/1851 2130/3002/2611
f 853/2997/2606 2708/3000/2609 1610/2993/2602
f 2130/3002/2611 854/3003/1811 1816/1949/1628
f 2711/3004/2612 2761/3005/2613 2131/1346/1124
f 854/3003/1811 2130/3002/2611 2711/3004/2612
f 2757/2175/1849 2761/3005/2613 1311/2177/1851
f 1498/2138/1812 2711/3006/2612 1629/3007/2614
f 1149/2135/1809 2712/3008/2615 2715/3009/2616
f 2714/2128/1802 2712/3008/2615 2132/3010/2617
f 1497/2129/1803 2712/3008/2615 2714/2128/1802
f 885/2132/1806 2132/3010/2617 1147/1110/890
f 2713/2133/1807 1679/1112/892 2132/3010/2617
f 2714/2128/1802 2132/3010/2617 1146/2130/1804
f 1816/1945/1628 1149/2135/1809 2716/1943/1626
f 1895/1160/940 2717/3011/2618 2133/3012/2619
f 2715/3009/2616 1895/1160/940 1894/1950/1631
f 1738/1626/1341 2134/3013/2620 2853/3014/2621
f 1738/1626/1341 2854/3015/2622 2134/3013/2620
f 2508/2412/2076 2848/1956/1636 2135/3016/2623
f 2718/2410/2074 2136/3017/2624 2855/3018/2625
f 2718/2410/2074 2719/2409/2073 2136/3017/2624
f 2242/2411/2075 2137/3019/2626 2719/2409/2073
f 2506/2406/2070 2138/3020/2627 2856/3021/2628
f 2506/2406/2070 2857/3022/2629 2138/3020/2627
f 2506/2406/2070 2850/1966/1645 2139/3023/2630
f 2140/2405/2069 2845/3024/2631 2837/3025/2632
f 2140/2405/2069 2838/3026/2633 2845/3024/2631
f 2140/2405/2069 1119/1970/1649 2838/3026/2633
f 2807/3027/2634 2141/3028/2635 2858/3029/2636
f 2807/3027/2634 2859/3030/2637 2141/3028/2635
f 2807/3027/2634 2851/1979/1656 2142/3031/2638
f 2720/2417/2081 2846/3032/2639 2839/3033/2640
f 1611/1631/1346 2144/3034/2641 2860/3035/2642
f 1611/1631/1346 2861/3036/2643 2144/3034/2641
f 1217/1988/1664 2852/1989/1665 2145/3037/2644
f 2146/2414/2078 2847/3038/2645 2840/3039/2646
f 2146/2414/2078 2841/3040/2647 2847/3038/2645
f 1932/1994/1670 1123/1993/1669 2146/2414/2078
f 2146/2414/2078 1123/1993/1669 2841/3040/2647
f 1471/1883/1570 1832/1891/1576 1443/2001/1675
f 1471/1883/1570 1443/2001/1675 2148/1644/1359
f 2665/2869/2478 1125/2008/1682 849/2870/2479
f 1593/2873/2482 2149/3041/2648 2665/2869/2478
f 880/2872/2481 2149/3041/2648 1593/2873/2482
f 2149/3041/2648 880/2872/2481 1612/3042/2649
f 2721/3043/2650 1289/2871/2480 1710/1306/1085
f 880/2872/2481 1289/2871/2480 2721/3043/2650
f 1397/2359/2027 2150/3044/2651 1014/1304/1083
f 2672/2877/2486 1594/2875/2484 2150/3044/2651
f 2721/3043/2650 2150/3044/2651 1594/2875/2484
f 2721/3043/2650 1014/1304/1083 2150/3044/2651
f 1125/2008/1682 2151/3045/2652 1126/1901/1586
f 1612/3042/2649 1594/2875/2484 2151/3045/2652
f 2723/3046/2653 2722/3047/2654 1298/2015/1689
f 1297/2921/2530 2723/3046/2653 881/2924/2533
f 992/2923/2532 1613/3048/2655 1297/2921/2530
f 1613/3048/2655 992/2923/2532 2300/1220/999
f 2724/2422/2086 2300/1220/999 991/1221/1000
f 1936/2423/2087 2152/3049/2656 2724/2422/2086
f 1613/3048/2655 2152/3049/2656 1614/3050/2657
f 2300/1220/999 2724/2422/2086 1613/3048/2655
f 1614/3050/2657 2152/3049/2656 1936/2423/2087
f 1955/2486/2140 1081/1698/1405 1129/2020/1694
f 1229/2485/2139 2366/3051/1395 1081/1698/1405
f 2726/2403/2067 2366/1688/1395 2526/2483/2137
f 2153/2520/2168 2727/2519/2167 1313/3052/2658
f 2728/2516/2164 2727/2519/2167 1234/2517/2165
f 2729/3053/2659 2728/2516/2164 1369/1162/942
f 1313/3052/2658 2727/2519/2167 2729/3053/2659
f 835/1164/944 2154/3054/2660 1369/1162/942
f 1266/2739/2353 1579/2735/2349 2154/3054/2660
f 1369/1162/942 2154/3054/2660 2729/3053/2659
f 1130/2736/2350 1615/3055/2661 1579/2735/2349
f 1615/3055/2661 1130/2736/2350 1482/2030/1704
f 2632/2780/2394 2731/3056/2662 2730/2783/2397
f 2730/2783/2397 2731/3056/2662 2155/3057/2663
f 1617/3058/2664 2155/3057/2663 2731/3056/2662
f 2732/2777/2391 2731/3056/2662 2632/2780/2394
f 1371/2779/2393 2156/3059/2665 2732/2777/2391
f 1616/3060/2666 2731/3056/2662 2156/3059/2665
f 827/1166/946 1548/2496/2149 1370/1170/950
f 1548/2496/2149 893/2497/2150 1616/3060/2666
f 1617/3058/2664 1616/3060/2666 893/2497/2150
f 1616/3060/2666 1370/1170/950 1548/2496/2149
f 1483/2033/1707 1617/3058/2664 1231/3061/2667
f 2077/2856/2468 2157/2042/1716 847/2855/2467
f 1620/3062/2668 2157/2042/1716 2077/2856/2468
f 1618/2854/2466 1620/3062/2668 2077/2856/2468
f 990/2852/2464 2158/3063/2669 1618/2854/2466
f 1314/3064/2670 1618/2854/2466 2158/3063/2669
f 1377/1204/984 1314/3064/2670 989/1207/987
f 2074/2846/2458 1619/3065/2671 1314/3064/2670
f 2158/3063/2669 989/1207/987 1314/3064/2670
f 1590/2842/2454 2159/3066/2672 1619/3065/2671
f 2157/2042/1716 2159/3066/2672 1131/2841/2453
f 1620/3062/2668 1619/3065/2671 2159/3066/2672
f 1393/1296/1075 2160/1297/1076 2733/2824/2436
f 2734/3067/2673 1011/1294/1073 2565/2601/2239
f 2160/1297/1076 2161/3068/2674 1621/3069/2675
f 1621/3069/2675 2735/2055/1729 1284/2828/2440
f 866/1758/1454 2737/1313/1091 2739/3070/2676
f 866/1758/1454 2738/1311/1090 2737/1313/1091
f 2080/2865/1089 2737/1313/1091 2310/1312/1087
f 2740/2864/2475 2739/3070/2676 2737/1313/1091
f 2742/3071/2677 2741/3072/2678 1282/2810/2422
f 1280/2807/2419 2742/3071/2677 879/2808/2420
f 836/1186/966 2162/3073/2679 1280/2807/2419
f 2743/3074/2680 2162/3073/2679 983/1183/963
f 1623/3075/2681 2162/3073/2679 2743/3074/2680
f 2743/3074/2680 983/1183/963 2057/2803/2415
f 1623/3075/2681 2743/3074/2680 1278/3076/2682
f 1278/3076/2682 2643/2802/2414 1623/3075/2681
f 1622/2067/1741 1623/3075/2681 2643/2802/2414
f 2164/2619/2253 2571/2081/1755 845/2080/1754
f 2163/2617/1066 2164/2619/2253 2637/2798/2408
f 2167/3077/2683 2165/1766/1462 1708/1291/1070
f 2651/2825/2437 1624/3078/2684 2167/3077/2683
f 2651/2825/2437 2652/2823/2435 1624/3078/2684
f 2166/3079/2685 1315/3080/2686 1624/3078/2684
f 1315/3080/2686 2167/3077/2683 1624/3078/2684
f 2652/2823/2435 1141/2818/2430 1624/3078/2684
f 2166/3079/2685 1624/3078/2684 945/2089/1763
f 2053/2789/2403 2169/2099/1773 844/2788/2402
f 2168/3081/2687 2169/2099/1773 2053/2789/2403
f 1585/2787/2401 2168/3081/2687 2053/2789/2403
f 1625/3082/2688 2169/2099/1773 2168/3081/2687
f 2170/3083/2689 1625/3082/2688 1585/2787/2401
f 1585/2787/2401 1276/2785/2399 2171/3084/2690
f 1371/2779/2393 2171/3084/2690 981/1171/951
f 1275/2778/2392 2170/3083/2689 2171/3084/2690
f 1275/2778/2392 1584/2775/2389 2170/3083/2689
f 2169/2099/1773 2172/3085/2691 1142/2774/2388
f 1625/3082/2688 1584/2775/2389 2172/3085/2691
f 2306/1273/1052 2173/1275/1054 2744/2758/2372
f 2745/3086/2692 2307/1276/1055 2584/1282/1061
f 2173/1275/1054 2174/3087/2693 1626/3088/2694
f 1626/3088/2694 2746/2112/1786 1271/2761/2375
f 1391/1284/1063 2748/1286/1065 2749/3089/2695
f 1009/2797/2410 2748/1286/1065 2309/1288/1067
f 2750/2796/2409 2749/3089/2695 2748/1286/1065
f 2752/3090/2696 2751/3091/2697 1269/2744/2358
f 1267/2741/2355 2752/3090/2696 876/2742/2356
f 835/1164/944 2175/3092/2698 1267/2741/2355
f 2753/3093/2699 2175/3092/2698 978/1161/941
f 1628/3094/2700 2175/3092/2698 2753/3093/2699
f 2753/3093/2699 978/1161/941 2133/3012/2619
f 1628/3094/2700 2753/3093/2699 1312/3095/2701
f 1312/3095/2701 2717/3011/2618 1628/3094/2700
f 1627/2124/1798 1628/3094/2700 2717/3011/2618
f 2131/1346/1124 1629/3096/2614 2711/3004/2612
f 1404/1345/1123 2176/2401/2065 1629/3096/2614
f 1498/2138/1812 1629/3007/2614 2013/2662/2288
f 2179/1272/1051 2177/1788/1484 2308/1281/1060
f 1582/1274/1053 1630/3097/2702 2179/1272/1051
f 2626/3098/2703 2627/2757/2371 1630/3097/2702
f 2178/3099/2704 1316/3100/2705 1630/3097/2702
f 1316/3100/2705 2179/1272/1051 1630/3097/2702
f 2627/2757/2371 1152/2752/2366 1630/3097/2702
f 2178/3099/2704 1630/3097/2702 946/2147/1821
f 2128/2998/2607 2180/2157/1831 853/2997/2606
f 1633/3101/2706 2180/2157/1831 2128/2998/2607
f 1631/2996/2605 1633/3101/2706 2128/2998/2607
f 1006/2994/2603 2181/3102/2707 1631/2996/2605
f 1317/3103/2708 1631/2996/2605 2181/3102/2707
f 1387/1265/1044 1317/3103/2708 1005/1268/1047
f 2125/2988/2597 1632/3104/2709 1317/3103/2708
f 2181/3102/2707 1005/1268/1047 1317/3103/2708
f 1608/2984/2593 2182/3105/2710 1632/3104/2709
f 2180/2157/1831 2182/3105/2710 1153/2983/2592
f 1633/3101/2706 1632/3104/2709 2182/3105/2710
f 2315/1333/1111 2183/1335/1113 2754/2967/2576
f 2755/3106/2711 2316/1336/1114 2600/1342/1120
f 2183/1335/1113 2184/3107/2712 1634/3108/2713
f 1634/3108/2713 2756/2170/1844 1307/2970/2579
f 871/1796/1492 2758/1348/1126 2760/3109/2714
f 871/1796/1492 2759/1347/1125 2758/1348/1126
f 2131/1346/1124 2758/1348/1126 2318/1344/1122
f 2761/3005/2613 2760/3109/2714 2758/1348/1126
f 2763/3110/2715 2762/3111/2716 1305/2953/2562
f 1303/2950/2559 2763/3110/2715 884/2951/2560
f 838/1247/1026 2185/3112/2717 1303/2950/2559
f 2764/3113/2718 2185/3112/2717 999/1244/1023
f 1636/3114/2719 2185/3112/2717 2764/3113/2718
f 2764/3113/2718 999/1244/1023 2108/2946/2555
f 1636/3114/2719 2764/3113/2718 1301/3115/2720
f 1301/3115/2720 2692/2945/2554 1636/3114/2719
f 1635/2182/1856 1636/3114/2719 2692/2945/2554
f 2186/1330/1108 2187/2703/2320 2686/2939/2548
f 2189/1332/1110 2188/1805/1501 2317/1341/1119
f 2189/1332/1110 947/3116/2721 2188/1805/1501
f 1318/3117/2722 2765/3118/2723 947/3116/2721
f 1606/1334/1112 1637/3119/2724 2189/1332/1110
f 2700/3120/2725 2701/2966/2575 1637/3119/2724
f 2765/3118/2723 1318/3117/2722 1637/3119/2724
f 1318/3117/2722 2189/1332/1110 1637/3119/2724
f 2701/2966/2575 1163/2961/2570 1637/3119/2724
f 2765/3118/2723 1637/3119/2724 948/2204/1878
f 2104/2933/2542 2191/2214/1888 850/2932/2541
f 2190/3121/2726 2191/2214/1888 2104/2933/2542
f 1602/2931/2540 2190/3121/2726 2104/2933/2542
f 1638/3122/2727 2191/2214/1888 2190/3121/2726
f 2192/3123/2728 1638/3122/2727 1602/2931/2540
f 1602/2931/2540 1299/2929/2538 2193/3124/2729
f 1381/2912/2521 2193/3124/2729 997/1232/1011
f 1296/2911/2520 2192/3123/2728 2193/3124/2729
f 1296/2911/2520 1601/2908/2517 2192/3123/2728
f 2191/2214/1888 2194/3125/2730 1164/2907/2516
f 1638/3122/2727 1601/2908/2517 2194/3125/2730
f 2311/1315/1093 2195/1317/1095 2766/2888/2497
f 2196/2734/2348 2312/1318/1096 1400/1325/1103
f 2195/1317/1095 2196/2734/2348 1639/3126/2731
f 1639/3126/2731 2767/2732/2346 1292/2893/2502
f 1577/2724/2338 939/2725/2339 2768/2233/1907
f 939/2725/2339 2769/1329/1107 2770/3127/2732
f 1016/2941/2550 2769/1329/1107 2314/1331/1109
f 2771/2940/2549 2770/3127/2732 2769/1329/1107
f 2198/3128/2733 864/2508/2159 1007/2509/2160
f 1116/1941/1624 2198/3128/2733 2197/3129/2734
f 1478/1951/1632 1551/2236/1910 2198/3130/2733
f 1478/1951/1632 1894/1950/1631 1551/2236/1910
f 1783/1853/1546 1170/2240/1914 2458/1855/1547
f 1688/1849/1542 2199/3131/2735 1782/1847/1540
f 1958/2499/2152 2199/3131/2735 1233/1175/955
f 1373/1177/957 2200/1857/1548 2201/1182/962
f 2772/2476/2130 1173/2244/1918 2200/1857/1548
f 2773/3132/2122 2202/3133/2736 1174/2248/1922
f 2774/2464/2121 2202/3134/2736 2773/2465/2122
f 1930/1620/1335 1440/3135/2737 2774/2464/2121
f 2202/3134/2736 1440/3135/2737 2203/1676/1386
f 878/1865/1554 2775/3136/2738 1110/1871/1560
f 1517/2257/1931 2775/3136/2738 2206/3137/2739
f 1109/1861/1550 2776/3138/2740 878/1865/1554
f 986/1863/1552 1640/3139/2741 1109/1861/1550
f 1640/3139/2741 986/1863/1552 2298/1192/972
f 2204/2481/2135 2298/1192/972 985/1193/973
f 2298/1192/972 2204/2481/2135 1640/3139/2741
f 2523/2479/2133 2206/3137/2739 1952/2482/2136
f 2657/2847/2459 2778/3140/2742 2777/2850/2462
f 2777/2850/2462 2778/3140/2742 1519/2264/1938
f 1642/3141/2743 1519/2264/1938 2778/3140/2742
f 2779/2843/2455 2778/3140/2742 2657/2847/2459
f 1377/1204/984 2207/3142/2744 2779/2843/2455
f 887/1203/983 2207/3142/2744 1376/1202/982
f 1641/3143/2745 2778/3140/2742 2207/3142/2744
f 826/1199/979 1544/2459/2116 887/1203/983
f 1544/2459/2116 890/2460/2117 1641/3143/2745
f 1642/3141/2743 1641/3143/2745 890/2460/2117
f 1641/3143/2745 887/1203/983 1544/2459/2116
f 1519/2264/1938 1642/3141/2743 1224/3144/2746
f 1942/3145/2747 2208/1674/1385 2468/2268/1942
f 1942/3145/2747 1941/3146/2104 2208/1674/1385
f 1750/1675/1376 2208/1674/1385 1941/3146/2104
f 2780/2407/2071 1750/1663/1376 1941/2447/2104
f 2208/1674/1385 1450/1673/1384 2468/2268/1942
f 1794/1884/1571 1179/2273/1947 2470/1889/1575
f 932/1209/989 1545/2463/2120 1793/1880/1569
f 1545/2463/2120 932/1209/989 2209/1208/988
f 1545/2463/2120 2209/1208/988 1226/1215/994
f 1743/1649/1364 2781/2440/2101 1182/3147/1950
f 1940/2439/2100 926/1623/1338 1745/1652/1367
f 2781/2441/2101 1745/1652/1367 1075/1659/1372
f 2680/2913/2522 2783/3148/2748 2782/2917/2526
f 2782/2917/2526 2783/3148/2748 2210/3149/2749
f 1643/3150/2750 2210/3149/2749 2783/3148/2748
f 2784/2910/2519 2783/3148/2748 2680/2913/2522
f 1381/2912/2521 2211/3151/2751 2784/2910/2519
f 1379/1228/1007 2211/3151/2751 1380/1231/1010
f 1319/3152/2752 2783/3148/2748 2211/3151/2751
f 1522/1230/1009 1241/2296/1967 2785/3153/2753
f 2549/2563/2204 949/2562/2203 1319/3152/2752
f 1643/3150/2750 1319/3152/2752 949/2562/2203
f 1319/3152/2752 2785/3153/2753 1241/2296/1967
f 1090/1735/1435 1223/2429/2093 1184/2288/1959
f 1090/1735/1435 2513/3154/2095 1223/2429/2093
f 1931/2413/2077 2513/2431/2095 1991/2581/2220
f 1803/1917/1601 1187/2295/1966 2477/1915/1600
f 1699/1236/1015 1644/1911/1596 1112/1910/1595
f 2213/3155/2754 2302/3156/2755 1985/2568/2209
f 1699/1236/1015 2302/3156/2755 1644/1911/1596
f 1188/2567/2208 2212/3157/2756 1558/2566/2207
f 2212/3157/2756 1188/2567/2208 1187/2295/1966
f 1383/1238/1017 1113/1918/1602 2214/1243/1022
f 1383/1238/1017 2786/2556/2197 1113/1918/1602
f 2786/2556/2197 1523/2298/1969 1113/1918/1602
f 898/1240/1019 2786/2556/2197 1383/1238/1017
f 1555/2300/1970 2788/2542/2190 1189/2301/1971
f 2544/1633/1348 2787/3158/2757 1978/2539/2187
f 2787/3158/2757 1739/2577/2218 1987/2576/2217
f 2788/2543/2190 1987/2576/2217 1243/2575/2216
f 883/1925/1608 2789/3159/2758 1115/1931/1614
f 1525/2310/1980 2789/3159/2758 2217/3160/2759
f 1114/1921/1604 2790/3161/2760 883/1925/1608
f 1002/1923/1606 1645/3162/2761 1114/1921/1604
f 1645/3162/2761 1002/1923/1606 2304/1253/1032
f 2215/2560/2201 2304/1253/1032 1001/1254/1033
f 2304/1253/1032 2215/2560/2201 1645/3162/2761
f 2546/2558/2199 2217/3160/2759 1980/2561/2202
f 2706/2989/2598 2792/3163/2762 2791/2992/2601
f 2791/2992/2601 2792/3163/2762 2218/3164/2763
f 1647/3165/2764 2218/3164/2763 2792/3163/2762
f 2793/2985/2594 2792/3163/2762 2706/2989/2598
f 1387/1265/1044 2219/3166/2765 2793/2985/2594
f 888/1264/1043 2219/3166/2765 1386/1263/1042
f 1646/3167/2766 2792/3163/2762 2219/3166/2765
f 828/1260/1039 1553/2534/2182 888/1264/1043
f 1553/2534/2182 896/2535/2183 1646/3167/2766
f 1647/3165/2764 1646/3167/2766 896/2535/2183
f 1646/3167/2766 888/1264/1043 1553/2534/2182
f 1527/2317/1987 1647/3165/2764 1237/3168/2767
f 1970/2525/2173 1087/1723/1425 1191/3169/2768
f 2369/1725/1417 1087/1723/1425 1969/3170/2171
f 2794/2415/2079 2369/1714/1417 1969/2523/2171
f 1815/1946/1629 1194/2329/1999 2487/1948/1630
f 1705/1942/1625 2220/3171/2769 1814/1940/1623
f 1973/2537/2185 2220/3171/2769 1239/1270/1049
f 2796/2500/2153 2221/3172/2770 2795/2501/2154
f 2221/3173/2770 1197/2333/2003 2795/2507/2154
f 1740/1638/1353 927/1702/1408 2796/2500/2153
f 2221/3172/2770 1754/1701/1407 1084/1712/1415
f 1099/1791/1487 2595/2677/2300 1198/2338/2008
f 2797/3174/2771 1198/2338/2008 2595/2677/2300
f 2594/2678/2301 2222/3175/1206 1320/3176/2772
f 1571/2667/2292 1040/3177/1207 2594/2678/2301
f 2222/3175/1206 2594/2678/2301 1040/3177/1207
f 1253/2648/2278 1037/3178/1202 1416/3179/1204
f 904/3180/2773 1037/3178/1202 1253/2648/2278
f 2798/2650/2277 1320/3176/2772 904/3180/2773
f 1199/2641/2271 2797/3174/2771 2798/2647/2277
f 2797/3174/2771 1199/2641/2271 1198/2338/2008
f 1096/2655/2283 2588/2654/2282 1201/2340/2010
f 2588/3181/2282 869/2652/2280 1321/3182/2774
f 1321/3182/2774 869/2652/2280 2223/1432/1183
f 2009/2630/2263 1031/1422/1179 1412/3183/1181
f 2007/2629/2262 2328/3184/1176 2009/2630/2263
f 1249/2628/2261 1321/3182/2774 2007/2629/2262
f 1094/1770/1466 2579/2634/2266 1203/2347/2015
f 2799/3185/2775 1203/2347/2015 2579/2634/2266
f 2578/2633/2265 2225/3186/1160 1322/3187/2776
f 2008/2632/2264 2224/3188/1159 2578/2633/2265
f 2225/3186/1160 2578/2633/2265 2224/3188/1159
f 1246/2609/2245 1025/3189/1155 1408/3190/1157
f 901/3191/2777 1025/3189/1155 1246/2609/2245
f 2800/2610/2244 1322/3187/2776 901/3191/2777
f 1204/2599/2237 2799/3185/2775 2800/2607/2244
f 2799/3185/2775 1204/2599/2237 1203/2347/2015
f 839/2586/2225 2801/3192/2778 1206/2355/2023
f 2227/1314/1092 2226/3193/2779 2313/1322/1100
f 2227/1314/1092 950/3194/2780 2226/3193/2779
f 1323/3195/2781 2801/3192/2778 950/3194/2780
f 1597/1316/1094 1648/3196/2782 2227/1314/1092
f 1291/2886/2495 1596/2885/2494 1648/3196/2782
f 2801/3192/2778 1323/3195/2781 1648/3196/2782
f 1323/3195/2781 2227/1314/1092 1648/3196/2782
f 1596/2885/2494 1207/2881/2490 1648/3196/2782
f 1206/2355/2023 951/3197/2783 1207/2881/2490
f 2801/3192/2778 1648/3196/2782 951/3197/2783
f 1324/3198/2784 2556/3199/2785 848/2862/2473
f 2080/1310/1089 1325/2591/2230 2662/2866/2474
f 1324/3198/2784 1996/2589/2228 2556/3199/2785
f 2569/3200/2036 867/2612/2247 1534/3201/2038
f 1326/3202/2786 1534/3201/2038 867/2612/2247
f 1326/3202/2786 867/2612/2247 2229/1363/1135
f 1761/1738/1437 1017/1352/1130 1405/3203/1134
f 1764/1753/1449 2319/3204/1127 1761/1738/1437
f 1092/1755/1451 1326/3202/2786 1764/1753/1449
f 1326/3202/2786 1092/1755/1451 1534/3201/2038
f 2802/3205/2787 1209/2381/2045 2372/1743/1441
f 2802/3205/2787 2372/1743/1441 2230/1742/1438
f 2371/1741/1440 2231/3206/1299 1327/3207/2788
f 1760/1737/1436 1064/3208/1300 2371/1741/1440
f 2231/3206/1299 2371/1741/1440 1064/3208/1300
f 1774/1812/1508 1061/3209/1295 1431/3210/1297
f 1462/3211/2789 1061/3209/1295 1774/1812/1508
f 2803/3212/1520 1327/3207/2788 1462/3211/2789
f 2618/1826/1519 2802/3205/2787 2803/1827/1520
f 2802/3205/2787 2618/1826/1519 1209/2381/2045
f 2388/3213/1512 874/1814/1510 1536/3214/2052
f 1328/3215/2790 1536/3214/2052 874/1814/1510
f 1328/3215/2790 874/1814/1510 2232/1552/1276
f 2031/2717/2332 1055/1543/1272 1427/1545/1274
f 2029/2714/2330 2345/1540/1269 2031/2717/2332
f 1262/2716/2331 1328/3215/2790 2029/2714/2330
f 1328/3215/2790 1262/2716/2331 1536/3214/2052
f 1103/1808/1504 2612/2718/2333 1211/2393/2057
f 2804/3216/2791 1211/2393/2057 2612/2718/2333
f 2611/2719/2334 2234/3217/1253 1329/3218/2792
f 1576/2708/2325 2233/3219/1252 2611/2719/2334
f 2234/3217/1253 2611/2719/2334 2233/3219/1252
f 1259/2692/2312 1049/3220/1248 1423/3221/1250
f 906/3222/2793 1049/3220/1248 1259/2692/2312
f 2805/2693/2311 1329/3218/2792 906/3222/2793
f 1212/3223/2794 2804/3216/2791 2805/2690/2311
f 2804/3216/2791 1212/3223/2794 1211/2393/2057
f 2604/3224/2060 872/2695/2314 1538/3225/2062
f 1330/3226/2795 1538/3225/2062 872/2695/2314
f 1330/3226/2795 872/2695/2314 2235/3227/1229
f 2020/2676/2299 1043/1483/1225 1420/1487/1228
f 2018/2673/2297 2336/3228/1222 2020/2676/2299
f 1256/2675/2298 1330/3226/2795 2018/2673/2297
f 1330/3226/2795 1256/2675/2298 1538/3225/2062
f 2862/1968/1647 2236/1619/1334 2863/3229/2796
f 1213/1621/1336 2863/3229/2796 2236/1619/1334
f 2856/3021/2628 1213/1621/1336 2506/2406/2070
f 1213/1621/1336 2856/3021/2628 2863/3229/2796
f 2864/1965/1644 1214/1964/1643 2865/3230/2797
f 2718/2410/2074 2865/3230/2797 1214/1964/1643
f 2718/2410/2074 2855/3018/2625 2865/3230/2797
f 2866/1958/1638 2237/1625/1340 2867/3231/2798
f 1738/1626/1341 2867/3231/2798 2237/1625/1340
f 1738/1626/1341 2853/3014/2621 2867/3231/2798
f 2868/1991/1667 2238/1632/1347 2869/3232/2799
f 1611/1631/1346 2869/3232/2799 2238/1632/1347
f 1611/1631/1346 2860/3035/2642 2869/3232/2799
f 2720/2417/2081 954/3233/2800 2239/1637/1352
f 2870/1981/1658 2240/1641/1356 2871/3234/2801
f 2806/1639/1354 2871/3234/2801 2240/1641/1356
f 2858/3029/2636 2806/1639/1354 2807/3027/2634
f 2806/1639/1354 2858/3029/2636 2871/3234/2801
f 1440/3135/2737 1737/1971/1650 1076/1677/1387
f 2851/1979/1656 2807/3027/2634 1649/1977/1654
f 2806/1639/1354 1649/1977/1654 2807/3027/2634
f 1214/1964/1643 2808/1665/1378 1070/1662/1375
f 1214/1964/1643 1213/1621/1336 2808/1665/1378
f 926/1623/1338 2241/1622/1337 1072/1651/1366
f 2507/2436/2098 955/1627/1342 2360/1624/1339
f 1932/1994/1670 2243/1630/1345 2238/1632/1347
f 2244/2418/2082 2361/1640/1355 2240/1641/1356
f 1650/3235/2802 956/3236/1146 2245/3237/1144
f 2321/3238/1145 1650/3235/2802 859/3239/2803
f 1651/3240/2804 1650/3235/2802 856/3241/1143
f 859/3239/2803 2246/3242/2805 2247/3243/2806
f 2830/3244/2807 2809/3245/2808 2247/3243/2806
f 2247/3243/2806 1652/3246/2809 859/3239/2803
f 1652/3246/2809 2247/3243/2806 2809/3245/2808
f 863/3247/2810 1407/3248/1149 2809/3245/2808
f 1331/3249/1148 1652/3246/2809 2248/3250/1147
f 2248/3250/1147 2809/3245/2808 1023/3251/1151
f 1410/3252/1170 1653/3253/2811 2249/3254/1168
f 2249/3254/1168 2810/3255/2812 957/3256/1169
f 1654/3257/1173 2326/3258/1171 2810/3255/2812
f 1653/3253/2811 2250/3259/2813 2810/3255/2812
f 2255/3260/2814 1433/1601/1316 2250/3259/2813
f 2251/1602/1317 2250/3259/2813 1433/1601/1316
f 1655/3261/2815 2810/3255/2812 2250/3259/2813
f 1651/3240/2804 2811/3262/2816 2251/1602/1317
f 1655/3261/2815 2251/1602/1317 2811/3262/2816
f 856/3241/1143 1411/3263/1174 2811/3262/2816
f 1654/3257/1173 1655/3261/2815 2812/3264/1172
f 2812/3264/1172 2811/3262/2816 1030/3265/1175
f 1414/3266/1191 2254/3267/2817 2252/3268/1192
f 1657/3269/2818 2253/3270/1194 2254/3267/2817
f 2816/3271/2819 2813/1605/1320 2254/3267/2817
f 2254/3267/2817 2813/1605/1320 1657/3269/2818
f 1434/1603/1318 1657/3269/2818 2813/1605/1320
f 1433/1601/1316 2255/3260/2814 1434/1603/1318
f 1657/3269/2818 2255/3260/2814 2814/3272/2820
f 1653/3253/2811 1415/3273/1197 2814/3272/2820
f 1658/3274/1196 1657/3269/2818 2815/3275/1195
f 2815/3275/1195 2814/3272/2820 1036/3276/1198
f 1660/3277/2821 2256/3278/1215 1418/3279/1214
f 1660/3277/2821 958/3280/1217 2256/3278/1215
f 1661/3281/1219 1333/3282/2822 2817/3283/2823
f 2261/3284/2824 1333/3282/2822 1660/3277/2821
f 2357/1609/1324 2257/3285/2825 2261/3284/2824
f 2817/3283/2823 2257/3285/2825 1659/1606/1321
f 1656/3286/2826 2817/3283/2823 2816/3271/2819
f 1419/3287/1220 2258/3288/2827 1656/3286/2826
f 2817/3283/2823 2818/3289/1218 1661/3281/1219
f 2817/3283/2823 2258/3288/2827 2818/3289/1218
f 1662/3290/2828 959/3291/1240 2259/3292/1238
f 1663/3293/1242 2260/3294/2829 1665/3295/2830
f 2338/3296/1239 1662/3290/2828 2260/3294/2829
f 1664/3297/2831 1662/3290/2828 855/3298/1237
f 1665/3295/2830 2260/3294/2829 1437/1612/1327
f 1437/1612/1327 2261/3284/2824 1665/3295/2830
f 1418/3279/1214 2819/3299/2832 1660/3277/2821
f 1665/3295/2830 2820/3300/1241 1663/3293/1242
f 1665/3295/2830 2819/3299/2832 2820/3300/1241
f 2823/3301/2833 2262/3302/1262 2821/3303/1261
f 2823/3301/2833 2821/3303/1261 1425/3304/1263
f 2343/3305/1264 2262/3302/1262 2822/3306/2834
f 2822/3306/2834 2823/3301/2833 2825/1614/1329
f 1664/3297/2831 2826/3307/2835 2263/3308/2836
f 2822/3306/2834 2263/3308/2836 1666/3309/2837
f 1666/3309/2837 2263/3308/2836 2826/3307/2835
f 855/3298/1237 1426/3310/1267 2826/3307/2835
f 1334/3311/1266 1666/3309/2837 2264/3312/1265
f 2264/3312/1265 2826/3307/2835 1054/3313/1268
f 1667/3314/2838 2265/3315/1285 1429/3316/1284
f 1667/3314/2838 2266/3317/1287 2265/3315/1285
f 1335/3318/1289 2827/3319/2839 1668/3320/2840
f 2347/3321/1286 2266/3317/1287 2827/3319/2839
f 2827/3319/2839 1667/3314/2838 2267/3322/2841
f 2824/3323/2842 2828/3324/2843 2267/3322/2841
f 1668/3320/2840 2267/3322/2841 2828/3324/2843
f 2823/3301/2833 1430/3325/1290 2828/3324/2843
f 1335/3318/1289 1668/3320/2840 2268/3326/1288
f 2268/3326/1288 2828/3324/2843 1060/3327/1291
f 863/3247/2810 2269/3328/1306 1332/3329/1150
f 1669/3330/2844 960/3331/1308 2269/3328/1306
f 2351/3332/1307 1669/3330/2844 2829/3333/2845
f 2830/3244/2807 1669/3330/2844 863/3247/2810
f 2829/3333/2845 2270/1618/1333 2831/3334/2846
f 1438/1616/1331 2832/3335/2847 2271/3336/2848
f 2831/3334/2846 2271/3336/2848 2832/3335/2847
f 1667/3314/2838 1432/3337/1311 2832/3335/2847
f 2829/3333/2845 2831/3334/2846 2833/3338/1309
f 2833/3338/1309 2832/3335/2847 1066/3339/1312
f 1338/1049/829 961/1999/1673 2272/1046/826
f 2082/2003/1677 962/1052/832 1833/1051/831
f 963/1050/830 1670/1045/825 962/1052/832
f 963/1050/830 2272/1046/826 1670/1045/825
f 1472/1053/833 1339/1056/836 1671/1054/834
f 962/1052/832 2273/1055/835 963/1050/830
f 1672/2038/1712 892/2490/2143 1340/1058/838
f 892/2490/2143 2274/1059/839 1340/1058/838
f 1340/1058/838 860/1065/845 1672/2038/1712
f 964/2022/1696 2275/1057/837 2274/1059/839
f 1464/1064/844 1341/1063/843 1342/1830/1523
f 1841/1062/842 1673/1066/846 1341/1063/843
f 860/1065/845 1340/1058/838 1673/1066/846
f 2275/1057/837 1673/1066/846 1340/1058/838
f 2276/1061/841 1341/1063/843 1673/1066/846
f 2661/1067/847 1845/1070/850 1674/1068/848
f 2278/1072/852 1345/1077/857 2277/1069/849
f 1845/1070/850 2409/1073/853 1675/1071/851
f 1675/1071/851 1343/1074/854 2280/1075/855
f 965/1079/859 1675/1071/851 2280/1075/855
f 965/1079/859 1674/1068/848 1675/1071/851
f 2414/1078/858 2278/1072/852 2279/3340/2849
f 1344/1076/856 2279/3340/2849 2280/1075/855
f 2280/1075/855 2279/3340/2849 2278/1072/852
f 1347/1086/866 966/1084/864 1346/1080/860
f 1346/1080/860 966/1084/864 1349/1081/861
f 967/1083/863 1348/1089/869 1349/1081/861
f 1136/1085/865 1676/1087/867 966/1084/864
f 1676/1087/867 2639/2076/1750 918/1088/868
f 2636/1092/872 1859/1095/875 1677/1093/873
f 2283/1097/877 1352/1102/882 2282/1094/874
f 1859/1095/875 2423/1098/878 1678/1096/876
f 1678/1096/876 1350/1099/879 2285/1100/880
f 969/1104/884 1678/1096/876 2285/1100/880
f 969/1104/884 1677/1093/873 1678/1096/876
f 2428/1103/883 2283/1097/877 2284/3341/2850
f 1351/1101/881 2284/3341/2850 2285/1100/880
f 2285/1100/880 2284/3341/2850 2283/1097/877
f 1354/1111/891 970/1109/889 1353/1105/885
f 1353/1105/885 970/1109/889 1356/1106/886
f 971/1108/888 1355/1114/894 1356/1106/886
f 1147/1110/890 1679/1112/892 970/1109/889
f 1679/1112/892 2713/2133/1807 919/1113/893
f 2710/1117/897 1873/1120/900 1680/1118/898
f 2288/1122/902 1359/1127/907 2287/1119/899
f 1873/1120/900 2437/1123/903 1681/1121/901
f 1681/1121/901 1357/1124/904 2290/1125/905
f 973/1129/909 1681/1121/901 2290/1125/905
f 973/1129/909 1680/1118/898 1681/1121/901
f 2442/1128/908 2288/1122/902 2289/3342/2851
f 1358/1126/906 2289/3342/2851 2290/1125/905
f 2290/1125/905 2289/3342/2851 2288/1122/902
f 1361/1136/916 974/1134/914 1360/1130/910
f 1360/1130/910 974/1134/914 1363/1131/911
f 975/1133/913 1362/1139/919 1363/1131/911
f 1158/1135/915 1682/1137/917 974/1134/914
f 1682/1137/917 2688/2191/1865 920/1138/918
f 2685/1142/922 1887/1145/925 1683/1143/923
f 2293/1147/927 1366/1152/932 2292/1144/924
f 1887/1145/925 2451/1148/928 1684/1146/926
f 1684/1146/926 1364/1149/929 2295/1150/930
f 977/1154/934 1684/1146/926 2295/1150/930
f 977/1154/934 1683/1143/923 1684/1146/926
f 2456/1153/933 2293/1147/927 2294/3343/2852
f 1365/1151/931 2294/3343/2852 2295/1150/930
f 2295/1150/930 2294/3343/2852 2293/1147/927
f 894/1157/937 1685/1156/936 1368/1158/938
f 1369/1162/942 2728/2516/2164 1368/1158/938
f 2133/3012/2619 978/1161/941 1895/1160/940
f 979/1159/939 1685/1156/936 978/1161/941
f 978/1161/941 2296/1163/943 979/1159/939
f 1372/2238/1912 980/1167/947 827/1166/946
f 886/1169/949 921/1172/952 827/1166/946
f 886/1169/949 1371/2779/2393 981/1171/951
f 1276/2785/2399 1687/1173/953 981/1171/951
f 1372/2238/1912 827/1166/946 921/1172/952
f 1687/1173/953 1372/2238/1912 921/1172/952
f 982/1176/956 1688/1849/1542 1896/3344/1917
f 982/1176/956 1896/3344/1917 2459/1174/954
f 891/1179/959 1689/1178/958 1374/1180/960
f 1375/1184/964 2466/2261/1935 1374/1180/960
f 2057/2803/2415 983/1183/963 2201/1182/962
f 984/1181/961 1689/1178/958 983/1183/963
f 983/1183/963 2297/1185/965 984/1181/961
f 1468/1190/970 1691/1189/969 986/1863/1552
f 861/1191/971 1692/1195/975 1691/1189/969
f 985/1193/973 1691/1189/969 1692/1195/975
f 2298/1192/972 986/1863/1552 1691/1189/969
f 987/2450/2107 889/1194/974 861/1191/971
f 2299/1196/976 1692/1195/975 889/1194/974
f 1692/1195/975 2299/1196/976 985/1193/973
f 2299/1196/976 2469/1197/977 1176/1198/978
f 1378/2271/1945 988/1200/980 826/1199/979
f 1376/1202/982 922/1205/985 826/1199/979
f 1377/1204/984 989/1207/987 922/1205/985
f 2158/3063/2669 1693/1206/986 989/1207/987
f 1378/2271/1945 826/1199/979 922/1205/985
f 1693/1206/986 1378/2271/1945 922/1205/985
f 1693/1206/986 2158/3063/2669 990/2852/2464
f 2147/1213/992 1694/1212/990 932/1882/989
f 1741/1211/991 2471/2275/993 1694/1212/990
f 1226/1215/994 2209/1208/988 1694/1210/990
f 837/1218/997 1695/1217/996 992/2923/2532
f 991/1221/1000 1695/1217/996 1697/1219/998
f 2300/1220/999 992/2923/2532 1695/1217/996
f 1521/1223/1002 1697/1219/998 1696/1216/995
f 993/1222/1001 899/1225/1004 1697/1219/998
f 2301/1224/1003 1697/1219/998 899/1225/1004
f 1697/1219/998 2301/1224/1003 991/1221/1000
f 2301/1224/1003 2476/1226/1005 994/1227/1006
f 1522/1230/1009 995/1229/1008 996/2294/1965
f 1382/2292/1963 996/2294/1965 995/1229/1008
f 1380/1231/1010 923/1233/1012 995/1229/1008
f 1380/1231/1010 1381/2912/2521 997/1232/1011
f 1299/2929/2538 1698/1234/1013 997/1232/1011
f 1382/2292/1963 995/1229/1008 923/1233/1012
f 1698/1234/1013 1382/2292/1963 923/1233/1012
f 998/1235/1014 1909/2569/2210 1699/1236/1015
f 1699/1236/1015 1909/2569/2210 2302/3156/2755
f 898/1240/1019 1700/1239/1018 1384/1241/1020
f 1385/1245/1024 2484/2314/1984 1384/1241/1020
f 2108/2946/2555 999/1244/1023 2214/1243/1022
f 1000/1242/1021 1700/1239/1018 999/1244/1023
f 999/1244/1023 2303/1246/1025 1000/1242/1021
f 1475/1251/1030 1702/1250/1029 1002/1923/1606
f 862/1252/1031 1703/1256/1035 1702/1250/1029
f 1001/1254/1033 1702/1250/1029 1703/1256/1035
f 2304/1253/1032 1002/1923/1606 1702/1250/1029
f 895/1257/1036 1917/2323/1993 1703/1256/1035
f 2305/1258/1037 1703/1256/1035 1917/2323/1993
f 1703/1256/1035 2305/1258/1037 1001/1254/1033
f 2305/1258/1037 1917/2323/1993 1982/1259/1038
f 1388/2327/1997 1004/1261/1040 828/1260/1039
f 1386/1263/1042 924/1266/1045 828/1260/1039
f 1387/1265/1044 1005/1268/1047 924/1266/1045
f 2181/3102/2707 1704/1267/1046 1005/1268/1047
f 1388/2327/1997 828/1260/1039 924/1266/1045
f 1704/1267/1046 1388/2327/1997 924/1266/1045
f 1704/1267/1046 2181/3102/2707 1006/2994/2603
f 1008/1271/1050 1705/1942/1625 2197/3129/2734
f 1007/2509/2160 2488/1269/1048 2197/3129/2734
f 1008/1271/1050 2197/3129/2734 2488/1269/1048
f 2179/1272/1051 1706/1277/1056 2306/1273/1052
f 2179/1272/1051 2308/1281/1060 1706/1277/1056
f 1389/1278/1057 1706/1277/1056 2308/1281/1060
f 2307/1276/1055 2306/1273/1052 1706/1277/1056
f 2584/1282/1061 2307/1276/1055 1389/1278/1057
f 2163/1287/1066 1009/2797/2410 2309/1288/1067
f 2309/1288/1067 2748/1286/1065 1530/1285/1064
f 2565/2601/2239 1011/1294/1073 1010/1293/1072
f 1393/1296/1075 1709/1295/1074 2160/1297/1076
f 2167/3077/2683 1708/1291/1070 1393/1296/1075
f 1011/1294/1073 1709/1295/1074 1392/1290/1069
f 1395/1301/1080 1013/2364/2032 1012/1299/1078
f 1396/1303/1082 925/1305/1084 1012/1299/1078
f 1396/1303/1082 1397/2359/2027 1014/1304/1083
f 1710/1306/1085 1015/1302/1081 925/1305/1084
f 1015/1302/1081 1012/1299/1078 925/1305/1084
f 2228/2375/2040 1398/1309/1088 2310/1308/1087
f 2227/1314/1092 1711/1319/1097 2311/1315/1093
f 2227/1314/1092 2313/1322/1100 1711/1319/1097
f 1399/1320/1098 1711/1319/1097 2313/1322/1100
f 2312/1318/1096 2311/1315/1093 1711/1319/1097
f 1400/1325/1103 2312/1318/1096 1399/1320/1098
f 2186/1330/1108 1016/2941/2550 2314/1331/1109
f 2769/1329/1107 1927/1328/1106 2314/1331/1109
f 2189/1332/1110 1713/1337/1115 2315/1333/1111
f 2189/1332/1110 2317/1341/1119 1713/1337/1115
f 1402/1338/1116 1713/1337/1115 2317/1341/1119
f 2316/1336/1114 2315/1333/1111 1713/1337/1115
f 2600/1342/1120 2316/1336/1114 1402/1338/1116
f 2176/2401/2065 1404/1345/1123 2318/1344/1122
f 1405/3203/1134 1017/1352/1130 1019/1354/1131
f 1017/3345/1130 2319/3346/1127 2322/3347/1129
f 2320/3348/1132 1024/3349/1302 1020/3350/1133
f 1019/1354/1131 2320/3351/1132 1405/3203/1134
f 2229/1363/1135 1716/1362/1137 1018/3352/1128
f 1021/1361/1136 1022/1365/1139 1716/1362/1137
f 1406/1373/1140 1717/1370/1142 1715/1369/1138
f 1406/1373/1140 2245/1372/1144 1717/1370/1142
f 2245/1372/1144 956/1377/1146 1022/1368/1139
f 2321/1374/1145 1331/3353/1148 1018/1375/1128
f 956/1377/1146 2321/1374/1145 1716/1376/1137
f 1332/1382/1150 1024/1586/1302 2320/1383/1132
f 1023/1385/1151 1407/1381/1149 2320/1383/1132
f 1019/1386/1131 1023/1385/1151 2320/1383/1132
f 2322/1384/1129 2248/1378/1147 1023/1385/1151
f 1408/1392/1157 1025/1390/1155 1027/1391/1156
f 2323/1387/1152 2225/1395/1160 1026/1388/1153
f 1025/1390/1155 2323/1387/1152 2327/1389/1154
f 1406/1366/1140 829/1367/1141 1408/3190/1157
f 1027/1391/1156 2324/1393/1158 1408/1392/1157
f 2224/1394/1159 1719/1397/1162 1026/1388/1153
f 1028/1396/1161 1029/1407/1165 1719/1397/1162
f 1409/1413/1166 2325/1409/1167 1718/1408/1164
f 2249/1410/1168 2325/1409/1167 1410/1412/1170
f 2325/1409/1167 957/1411/1169 1029/1407/1165
f 2326/1414/1171 1654/1416/1173 1026/1388/1153
f 957/1411/1169 2326/1414/1171 1719/1397/1162
f 856/1371/1143 1406/1373/1140 2324/1393/1158
f 1411/1417/1174 2324/1393/1158 1030/1418/1175
f 1027/1391/1156 1030/1418/1175 2324/1393/1158
f 2327/1389/1154 2812/1415/1172 1030/1418/1175
f 1412/3183/1181 1031/1422/1179 1033/1424/1180
f 1031/3354/1179 2328/3355/1176 2331/3356/1178
f 1409/1404/1166 830/1406/1163 1412/3183/1181
f 1033/1424/1180 2329/3357/1182 1412/3183/1181
f 2223/1432/1183 1721/1431/1185 1032/3358/1177
f 1034/1430/1184 1035/1434/1187 1721/1431/1185
f 1722/1440/1188 1720/1439/1186 831/3359/1189
f 1414/1441/1191 2252/1443/1192 1722/1440/1188
f 2252/1443/1192 2253/1447/1194 1035/1438/1187
f 2330/1444/1193 1658/3360/1196 1032/1445/1177
f 2253/1447/1194 2330/1444/1193 1721/1446/1185
f 1410/1412/1170 1409/1413/1166 2329/1426/1182
f 1415/1451/1197 2329/1426/1182 1036/1453/1198
f 1033/1454/1180 1036/1453/1198 2329/1426/1182
f 2331/1452/1178 2815/1448/1195 1036/1453/1198
f 1416/1460/1204 1037/1458/1202 1039/1459/1203
f 1037/1458/1202 2332/1455/1199 2335/1457/1201
f 1413/1437/1190 831/1436/1189 1416/3179/1204
f 1039/1459/1203 2333/1461/1205 1416/1460/1204
f 2222/1462/1206 1724/1464/1208 1038/1456/1200
f 1417/1472/1209 1725/1468/1212 1723/1469/1210
f 1725/1468/1212 1041/1470/1213 1040/1463/1207
f 1418/1471/1214 2256/1473/1215 1725/1468/1212
f 2256/1473/1215 958/1475/1217 1041/1470/1213
f 2334/1474/1216 1661/1477/1219 1038/1456/1200
f 958/1475/1217 2334/1474/1216 1724/1464/1208
f 1414/1441/1191 1413/1442/1190 2333/1461/1205
f 1419/1478/1220 2333/1461/1205 1042/1479/1221
f 1039/1459/1203 1042/1479/1221 2333/1461/1205
f 2335/1457/1201 2818/1476/1218 1042/1479/1221
f 1420/1487/1228 1043/1483/1225 1045/1485/1226
f 1043/3361/1225 2336/3362/1222 2339/3363/1224
f 2337/1486/1227 1417/1465/1209 832/1467/1211
f 1045/1485/1226 2337/1486/1227 1420/1487/1228
f 2235/1488/1229 1727/1492/1231 1044/1489/1223
f 1046/3364/1230 1047/3365/1233 1727/3366/1231
f 1421/1501/1234 1728/1498/1236 1726/1493/1232
f 1421/1501/1234 2259/1500/1238 1728/1498/1236
f 2259/1500/1238 959/1503/1240 1047/1494/1233
f 2338/1502/1239 1663/1505/1242 1044/1489/1223
f 959/1503/1240 2338/1502/1239 1727/1492/1231
f 1418/1471/1214 1417/1472/1209 2337/1507/1227
f 1048/1510/1244 1422/1506/1243 2337/1507/1227
f 1045/1511/1226 1048/1510/1244 2337/1507/1227
f 2339/1509/1224 2820/3367/1241 1048/1510/1244
f 1423/1517/1250 1049/1515/1248 1051/1516/1249
f 2340/1512/1245 2234/1520/1253 1050/1513/1246
f 1049/1515/1248 2340/1512/1245 2344/1514/1247
f 1421/1495/1234 833/1497/1235 1423/3221/1250
f 1051/1516/1249 2341/1518/1251 1423/1517/1250
f 2233/1519/1252 1730/1522/1255 1050/1513/1246
f 1052/1521/1254 1053/1528/1258 1730/1522/1255
f 1424/1534/1259 2342/1530/1260 1729/1529/1257
f 2821/1531/1261 2342/1530/1260 1425/1533/1263
f 2342/1530/1260 2262/1532/1262 1053/1528/1258
f 2343/1535/1264 1334/1537/1266 1050/1513/1246
f 2262/1532/1262 2343/1535/1264 1730/1522/1255
f 855/1499/1237 1421/1501/1234 2341/1518/1251
f 1426/1538/1267 2341/1518/1251 1054/1539/1268
f 1051/1516/1249 1054/1539/1268 2341/1518/1251
f 2344/1514/1247 2264/1536/1265 1054/1539/1268
f 1427/1545/1274 1055/1543/1272 1057/1544/1273
f 1055/1543/1272 2345/1540/1269 2348/1542/1271
f 1424/1527/1259 834/1523/1256 1427/1545/1274
f 1057/1544/1273 2346/1546/1275 1427/1545/1274
f 2232/1552/1276 1732/1551/1278 1056/1541/1270
f 1058/1550/1277 1059/1554/1280 1732/1551/1278
f 1733/1560/1281 1731/1559/1279 825/3368/1282
f 1429/1561/1284 2265/1563/1285 1733/1560/1281
f 2265/1563/1285 2266/1567/1287 1059/1558/1280
f 2347/1564/1286 1335/1569/1289 1056/1565/1270
f 2266/1567/1287 2347/1564/1286 1732/1566/1278
f 1425/1533/1263 1424/1534/1259 2346/1570/1275
f 1430/1571/1290 2346/1570/1275 1060/1574/1291
f 1057/1575/1273 1060/1574/1291 2346/1570/1275
f 2348/1573/1271 2268/3369/1288 1060/1574/1291
f 1431/1581/1297 1061/1579/1295 1063/1580/1296
f 1061/1579/1295 2349/1576/1292 2352/1578/1294
f 1428/1557/1283 825/1556/1282 1431/3210/1297
f 1063/1580/1296 2350/1582/1298 1431/1581/1297
f 2231/1583/1299 1735/1585/1301 1062/1577/1293
f 1024/1586/1302 1736/1589/1304 1734/1587/1303
f 1736/1589/1304 1065/1590/1305 1064/1584/1300
f 1332/1382/1150 2269/1591/1306 1736/1589/1304
f 2269/1591/1306 960/1593/1308 1065/1590/1305
f 2351/1592/1307 1336/1595/1310 1062/1577/1293
f 960/1593/1308 2351/1592/1307 1735/1585/1301
f 1429/1561/1284 1428/1562/1283 2350/1582/1298
f 1432/1596/1311 2350/1582/1298 1066/1597/1312
f 1063/1580/1296 1066/1597/1312 2350/1582/1298
f 2352/1578/1294 2833/1594/1309 1066/1597/1312
f 2246/3242/2805 2355/1598/1313 2353/1600/1315
f 2354/1608/1323 2353/1600/1315 1435/1599/1314
f 2355/1598/1313 2251/1602/1317 1435/1599/1314
f 1435/1599/1314 1433/1601/1316 2356/1604/1319
f 2356/1604/1319 2354/1608/1323 1435/1599/1314
f 2358/1607/1322 2356/1604/1319 1436/1610/1325
f 2357/1609/1324 1437/1612/1327 1436/1610/1325
f 2358/1607/1322 1068/1611/1326 1069/1615/1330
f 1438/1616/1331 1067/1617/1332 1069/1615/1330
f 2358/1607/1322 1069/1615/1330 2354/1608/1323
f 1438/1616/1331 2270/1618/1333 1067/1617/1332
f 2140/2405/2069 1649/1977/1654 2505/2404/2068
f 1649/1977/1654 1078/1691/1398 2505/2404/2068
f 1439/1689/1396 2505/2404/2068 1078/1691/1398
f 1440/3135/2737 1930/1620/1335 1737/1971/1650
f 2718/2410/2074 1214/1964/1643 1071/2408/2072
f 1070/1662/1375 1071/2408/2072 1214/1964/1643
f 2241/1622/1337 2360/1624/1339 1738/1626/1341
f 2146/2414/2078 1215/1954/1634 1216/1629/1344
f 1215/1954/1634 955/1627/1342 1216/1629/1344
f 2544/1633/1348 2243/1630/1345 1739/2577/2218
f 2720/2417/2081 2239/1637/1352 1219/1636/1351
f 2361/1640/1355 927/1702/1408 1740/1638/1353
f 1741/1211/991 2148/1644/1359 1742/1646/1361
f 2148/1644/1359 1443/2001/1675 1444/1645/1360
f 1744/1643/1358 1741/1211/991 1742/1646/1361
f 1742/1646/1361 1939/1648/1363 1744/1643/1358
f 1742/1646/1361 1444/1645/1360 1445/1647/1362
f 2515/2435/2097 1743/1649/1364 1939/1648/1363
f 2241/1622/1337 1447/1654/1369 1072/1651/1366
f 1073/1653/1368 1072/1651/1366 1447/1654/1369
f 1448/3370/2853 2362/3371/1370 1074/2449/2106
f 2362/3371/1370 1746/1656/1371 1073/1658/1368
f 1448/3370/2853 1746/1656/1371 2362/3371/1370
f 1746/1656/1371 1182/2277/1950 1075/1657/1372
f 1750/1663/1376 2363/1661/1374 1747/1660/1373
f 2808/1665/1378 1213/1621/1336 2519/1666/1379
f 2519/1666/1379 911/1667/1380 1747/1660/1373
f 1449/1672/1377 1748/1670/1383 1749/1669/1382
f 911/1671/1380 2520/2468/2125 1748/1670/1383
f 2524/1668/1381 1450/1673/1384 1749/1669/1382
f 1750/1675/1376 1449/1672/1377 1749/1669/1382
f 2203/1676/1386 1440/3135/2737 1076/1677/1387
f 2365/1681/1391 1751/1685/1393 1077/1683/1388
f 2364/1684/1389 2527/1682/1392 2365/1681/1391
f 1751/1685/1393 1174/2248/1922 2203/1686/1386
f 1078/1691/1398 2806/1639/1354 2531/1692/1399
f 913/1693/1400 1079/1690/1397 1752/1687/1394
f 1080/1695/1402 1753/1697/1404 1079/1699/1397
f 913/2504/1400 1080/1695/1402 1079/1699/1397
f 1753/1697/1404 1129/2020/1694 1081/1698/1405
f 2366/3051/1395 1079/1699/1397 1081/1698/1405
f 2368/1706/1412 1755/1710/1414 1083/1708/1409
f 2367/1709/1410 2539/1707/1413 2368/1706/1412
f 1755/1710/1414 1197/2333/2003 1084/1711/1415
f 1085/2538/2186 2543/1716/1419 1756/1713/1416
f 1453/1715/1418 1756/1713/1416 2543/1716/1419
f 938/1721/1423 1757/1718/1420 1454/1720/1422
f 1757/1718/1420 1758/1722/1424 1453/1724/1418
f 1758/1722/1424 1191/3169/2768 1087/1723/1425
f 1088/1726/1426 1455/1728/1428 993/1222/1001
f 1089/1729/1429 993/1222/1001 1455/1728/1428
f 1456/1733/1433 2370/1732/1432 2550/1734/1434
f 1455/1728/1428 2548/1730/1430 2550/1734/1434
f 1090/1735/1435 1089/1729/1429 2370/1732/1432
f 1405/3203/1134 1020/1736/1133 1761/1738/1437
f 1763/1749/1446 1760/1737/1436 2371/1741/1440
f 1091/1740/1439 1763/1749/1446 2371/1741/1440
f 1762/1748/1445 1458/2594/1448 1765/3372/1447
f 2558/1746/1443 1458/2594/1448 1762/1748/1445
f 1765/3372/1447 1763/1751/1446 1762/1748/1445
f 1458/1752/1448 1535/1754/1450 1764/1753/1449
f 1761/1738/1437 1760/1737/1436 1765/1750/1447
f 2373/1757/1453 2738/1311/1090 866/1758/1454
f 2374/1760/1456 1766/1762/1458 2375/1764/1460
f 1766/1762/1458 2374/1760/1456 2563/1761/1457
f 2570/2367/2035 1093/1765/1461 2375/1764/1460
f 2373/1757/1453 2375/1764/1460 1093/1765/1461
f 2165/1766/1462 1768/1768/1464 1459/1289/1068
f 928/1773/1469 1459/1289/1068 1768/1768/1464
f 1767/1767/1463 840/2091/1765 2376/1769/1465
f 1768/1768/1464 2376/1769/1465 928/1773/1469
f 1094/1770/1466 1095/1774/1470 2377/1771/1467
f 928/1773/1469 2377/1771/1467 1095/1774/1470
f 2378/1776/1472 1391/1284/1063 2379/1777/1473
f 2380/1779/1475 1769/1781/1477 916/1783/1479
f 1769/1781/1477 2380/1779/1475 2582/1780/1476
f 1096/2655/2283 1097/1784/1480 916/1783/1479
f 2378/1776/1472 916/1783/1479 1097/1784/1480
f 2177/1788/1484 1771/1786/1482 1098/1279/1058
f 1100/1785/1481 1098/1279/1058 1771/1786/1482
f 1770/1789/1485 841/2149/1823 2381/1790/1486
f 2381/1790/1486 929/1787/1483 1771/1786/1482
f 1099/1791/1487 1100/1785/1481 2382/1792/1488
f 2383/1795/1491 2759/1347/1125 871/1796/1492
f 2601/2685/2307 2602/1801/1497 2598/1800/1496
f 2384/1798/1494 1772/1799/1495 2385/1802/1498
f 2384/1798/1494 2596/1797/1493 2598/1800/1496
f 1772/1799/1495 2384/1798/1494 2598/1800/1496
f 2605/2395/2059 1101/1803/1499 2385/1802/1498
f 2383/1795/1491 2385/1802/1498 1101/1803/1499
f 930/1807/1503 1102/1339/1117 1773/1804/1500
f 1773/1804/1500 842/2206/1880 2386/2696/2315
f 2386/2696/2315 930/1807/1503 1773/1804/1500
f 1103/1808/1504 1104/1806/1502 2387/1809/1505
f 1431/3210/1297 825/1556/1282 1774/1812/1508
f 1058/1550/1277 874/1814/1510 1460/1811/1507
f 1461/1820/1515 1463/1813/1509 1460/1811/1507
f 1463/1813/1509 1462/3211/2789 1774/1812/1508
f 874/1814/1510 2388/3213/1512 1105/1815/1511
f 2613/1819/1514 931/1822/1517 1105/1818/1511
f 1461/1820/1515 1105/1815/1511 931/1824/1517
f 2389/1821/1516 2618/1826/1519 2390/1823/1518
f 1462/3211/2789 1463/1813/1509 2803/3212/1520
f 1342/1830/1523 1775/1829/1522 1464/1064/844
f 1775/1829/1522 1776/1833/1526 1777/1831/1524
f 875/1832/1525 1778/1835/1528 1776/1833/1526
f 1780/1834/1527 1776/1833/1526 1778/1835/1528
f 1466/1837/1530 1777/1831/1524 1776/1833/1526
f 1107/1838/1531 2391/1840/1533 1778/1835/1528
f 1130/2736/2350 2035/1839/1532 1107/1838/1531
f 941/1842/1535 1779/1836/1529 1465/1843/1536
f 2391/1840/1533 1465/1843/1536 1779/1836/1529
f 1265/1841/1534 1465/1843/1536 2391/1840/1533
f 2051/1845/1538 1780/1834/1527 1779/1836/1529
f 1782/1859/1540 1785/1851/1544 1467/1858/1549
f 986/1863/1552 1786/1862/1551 1468/1190/970
f 1786/1862/1551 1787/1866/1555 1788/1864/1553
f 878/1865/1554 1789/1868/1557 1787/1866/1555
f 1791/1867/1556 1787/1866/1555 1789/1868/1557
f 1470/1870/1559 1788/1864/1553 1787/1866/1555
f 1110/1871/1560 2392/1873/1562 1789/1868/1557
f 2463/2255/1929 2058/1872/1561 1110/1871/1560
f 942/1875/1564 1790/1869/1558 1469/1876/1565
f 2392/1873/1562 1469/1876/1565 1790/1869/1558
f 1279/1874/1563 1469/1876/1565 2392/1873/1562
f 2075/1878/1567 1791/1867/1556 1790/1869/1558
f 2400/1895/1580 1797/1892/1577 1472/1053/833
f 1797/1892/1577 1798/1896/1581 1799/1893/1578
f 2393/1894/1579 1800/1898/1583 1798/1896/1581
f 2394/1897/1582 1798/1896/1581 1800/1898/1583
f 2394/1897/1582 1799/1893/1578 1798/1896/1581
f 1126/1901/1586 1111/1903/1588 1800/1898/1583
f 1801/1902/1587 1800/1898/1583 1111/1903/1588
f 2097/1906/1591 1801/1902/1587 1294/1905/1590
f 2097/1906/1591 1802/1907/1592 1473/1899/1584
f 1802/1907/1592 1298/2015/1689 2401/1908/1593
f 1127/1900/1585 2394/1897/1582 1802/1907/1592
f 1806/3373/1598 1804/1909/1594 1803/1917/1601
f 1803/1917/1601 1805/1916/1599 1806/3373/1598
f 1804/1909/1594 1806/3373/1598 1474/1920/1603
f 1002/1923/1606 1807/1922/1605 1475/1251/1030
f 1807/1922/1605 1808/1926/1609 1809/1924/1607
f 883/1925/1608 1810/1928/1611 1808/1926/1609
f 1812/1927/1610 1808/1926/1609 1810/1928/1611
f 1477/1930/1613 1809/1924/1607 1808/1926/1609
f 1115/1931/1614 2395/1933/1616 1810/1928/1611
f 2481/2308/1978 2109/1932/1615 1115/1931/1614
f 944/1935/1618 1811/1929/1612 1476/1936/1619
f 2395/1933/1616 1476/1936/1619 1811/1929/1612
f 1302/1934/1617 1476/1936/1619 2395/1933/1616
f 2126/1938/1621 1812/1927/1610 1811/1929/1612
f 1814/1940/1623 1817/1947/1627 1478/1952/1632
f 1215/1954/1634 953/3374/2854 2834/1955/1635
f 1215/1954/1634 1117/1953/1633 933/1957/1637
f 1118/3375/2855 2242/2411/2075 1819/3376/1641
f 2237/1625/1340 1818/1959/1639 1820/3377/1640
f 2242/2411/2075 2237/1625/1340 1819/3376/1641
f 2850/1966/1645 2506/2406/2070 1214/1964/1643
f 1214/1964/1643 2849/1963/1642 1821/1967/1646
f 2236/1619/1334 1822/1969/1648 1824/3378/1652
f 1737/1971/1650 2236/1619/1334 1823/1972/1651
f 1649/1977/1654 952/3379/2856 2835/1978/1655
f 1649/1977/1654 1120/1976/1653 934/1980/1657
f 1121/3380/2857 2244/2418/2082 1826/3381/1661
f 2240/1641/1356 1825/1982/1659 1827/3382/1660
f 2244/2418/2082 2240/1641/1356 1826/3381/1661
f 2239/1637/1352 954/3233/2800 2836/1987/1663
f 2852/1989/1665 1217/1988/1664 2239/1637/1352
f 2239/1637/1352 1122/1986/1662 935/1990/1666
f 2238/1632/1347 1828/1992/1668 1830/3383/1672
f 1932/1994/1670 2238/1632/1347 1829/1995/1671
f 1337/1047/827 2396/2000/1674 1832/1891/1576
f 1670/1045/825 1337/1047/827 1833/1051/831
f 1124/2002/1676 1834/2006/1680 2397/2005/1679
f 2668/2007/1681 849/2870/2479 1125/2008/1682
f 2398/2009/1683 1479/2004/1678 1125/2008/1682
f 2393/1894/1579 2399/2010/1684 2398/2009/1683
f 1479/2004/1678 2398/2009/1683 2399/2010/1684
f 1125/2008/1682 1126/1901/1586 2398/2009/1683
f 2400/1895/1580 2397/2005/1679 2399/2010/1684
f 1472/1053/833 2273/1055/835 2400/1895/1580
f 962/1052/832 2397/2005/1679 2273/1055/835
f 1479/2004/1678 2399/2010/1684 2397/2005/1679
f 1472/1053/833 1799/1893/1578 1835/2011/1685
f 1480/2012/1686 1835/2011/1685 1127/1900/1585
f 1339/1056/836 1472/1053/833 1835/2011/1685
f 1128/2013/1687 1127/1900/1585 2401/1908/1593
f 1934/2016/1690 1128/2013/1687 2402/2014/1688
f 1934/2016/1690 1481/2018/1692 1128/2013/1687
f 1339/1056/836 961/1999/1673 1338/1049/829
f 1480/2012/1686 1481/2018/1692 961/1999/1673
f 1836/2021/1695 2274/1059/839 892/2490/2143
f 892/2490/2143 2529/2019/1693 1836/2021/1695
f 2529/2019/1693 1955/2486/2140 1129/2020/1694
f 2537/2023/1697 964/2022/1696 1968/2521/2169
f 1836/2021/1695 1968/2521/2169 964/2022/1696
f 1836/2021/1695 1129/2020/1694 1968/2521/2169
f 2403/2025/1699 1838/3384/2858 1839/2027/1701
f 2276/1061/841 1967/1060/840 1837/2024/1698
f 2403/2025/1699 1837/2024/1698 1838/3384/2858
f 1965/2028/1702 1839/2027/1701 1838/3384/2858
f 2535/2026/1700 1482/2030/1704 1839/2027/1701
f 1107/1838/1531 2404/2029/1703 1130/2736/2350
f 875/1832/1525 2405/2031/1705 2404/2029/1703
f 1839/2027/1701 2404/2029/1703 2405/2031/1705
f 1482/2030/1704 1130/2736/2350 2404/2029/1703
f 1106/1828/1521 2403/2025/1699 2405/2031/1705
f 1342/1830/1523 1341/1063/843 2403/2025/1699
f 1839/2027/1701 2405/2031/1705 2403/2025/1699
f 1464/1064/844 1777/1831/1524 1840/2032/1706
f 1466/1837/1530 1781/1846/1539 2406/2034/1708
f 1842/2035/1709 1840/2032/1706 1466/1837/1530
f 1484/2036/1710 1843/2037/1711 1842/2035/1709
f 1842/2035/1709 2406/2034/1708 1484/2036/1710
f 860/1065/845 1841/1062/842 1843/2037/1711
f 1841/1062/842 1840/2032/1706 1843/2037/1711
f 2661/1067/847 1844/2859/2471 1845/1070/850
f 1847/2041/1715 1845/1070/850 1844/2859/2471
f 1844/2859/2471 2407/2039/1713 1847/2041/1715
f 2407/2039/1713 847/2855/2467 2157/2042/1716
f 2069/2045/1719 1848/2044/1718 1131/2841/2453
f 1485/2043/1717 2408/2047/1721 1848/2044/1718
f 1847/2041/1715 1848/2044/1718 2408/2047/1721
f 2157/2042/1716 1131/2841/2453 1848/2044/1718
f 1132/2046/1720 2409/1073/853 2408/2047/1721
f 1845/1070/850 2408/2047/1721 2409/1073/853
f 1343/1074/854 2655/2835/2447 1849/2050/1724
f 2655/2835/2447 2410/2048/1722 1849/2050/1724
f 1486/2051/1725 1849/2050/1724 1133/2049/1723
f 1344/1076/856 1343/1074/854 1849/2050/1724
f 2410/2048/1722 2412/2054/1728 1133/2049/1723
f 1850/2052/1726 2412/2054/1728 2735/2055/1729
f 1850/2052/1726 1133/2049/1723 2412/2054/1728
f 2562/2058/1732 1850/2052/1726 1487/2056/1730
f 1134/2597/2235 1344/1076/856 2413/2057/1731
f 1134/2597/2235 2279/3340/2849 1344/1076/856
f 1486/2051/1725 2413/2057/1731 1344/1076/856
f 2414/1078/858 900/2596/2234 1851/2059/1733
f 900/2596/2234 2561/1759/1455 1851/2059/1733
f 1345/1077/857 1851/2059/1733 2277/1069/849
f 2281/1082/862 2649/2064/1738 1852/2063/1737
f 2416/2070/1744 2415/2066/1740 1488/2065/1739
f 2415/2066/1740 1347/1086/866 1346/1080/860
f 1622/2067/1741 1854/2074/1748 1853/2068/1742
f 1854/2074/1748 2416/2070/1744 1853/2068/1742
f 2640/2071/1745 1854/2074/1748 1622/2067/1741
f 1347/1086/866 2415/2066/1740 877/2075/1749
f 2415/2066/1740 2416/2070/1744 877/2075/1749
f 1138/2078/1752 2571/2081/1755 1139/2079/1753
f 1139/2079/1753 2571/2081/1755 1855/2082/1756
f 868/2083/1757 968/1091/871 1855/2082/1756
f 1490/1090/870 967/1083/863 968/1091/871
f 1137/2077/1751 1855/2082/1756 968/1091/871
f 2417/2084/1758 2003/2087/1761 1492/2085/1759
f 2003/2087/1761 840/2091/1765 2418/2088/1762
f 1141/2818/2430 2419/2092/1766 1856/2090/1764
f 1856/2090/1764 945/2089/1763 1141/2818/2430
f 2420/2094/1768 1857/2095/1769 1492/2085/1759
f 2281/1082/862 1349/1081/861 1857/2095/1769
f 1348/1089/869 1140/2086/1760 1857/2095/1769
f 2636/1092/872 1858/2792/2406 1859/1095/875
f 1861/2098/1772 1859/1095/875 1858/2792/2406
f 1858/2792/2406 2421/2096/1770 1861/2098/1772
f 2421/2096/1770 844/2788/2402 2169/2099/1773
f 2046/2102/1776 1862/2101/1775 1142/2774/2388
f 1493/2100/1774 2422/2104/1778 1862/2101/1775
f 1861/2098/1772 1862/2101/1775 2422/2104/1778
f 2169/2099/1773 1142/2774/2388 1862/2101/1775
f 1143/2103/1777 2423/1098/878 2422/2104/1778
f 1859/1095/875 2422/2104/1778 2423/1098/878
f 1350/1099/879 2630/2768/2382 1863/2107/1781
f 2630/2768/2382 2424/2105/1779 1863/2107/1781
f 1494/2108/1782 1863/2107/1781 1144/2106/1780
f 1351/1101/881 1350/1099/879 1863/2107/1781
f 2424/2105/1779 2426/2111/1785 1144/2106/1780
f 1864/2109/1783 2426/2111/1785 2746/2112/1786
f 1864/2109/1783 1144/2106/1780 2426/2111/1785
f 2581/2115/1789 1864/2109/1783 1495/2113/1787
f 1145/2639/2269 1351/1101/881 2427/2114/1788
f 1145/2639/2269 2284/3341/2850 1351/1101/881
f 1494/2108/1782 2427/2114/1788 1351/1101/881
f 2428/1103/883 903/2638/2268 1865/2116/1790
f 903/2638/2268 2580/1778/1474 1865/2116/1790
f 1352/1102/882 1865/2116/1790 2282/1094/874
f 2286/1107/887 2624/2121/1795 1866/2120/1794
f 2430/2127/1801 2429/2123/1797 1496/2122/1796
f 2429/2123/1797 1354/1111/891 1353/1105/885
f 1627/2124/1798 1868/2131/1805 1867/2125/1799
f 1868/2131/1805 2430/2127/1801 1867/2125/1799
f 2714/2128/1802 1868/2131/1805 1627/2124/1798
f 1354/1111/891 2429/2123/1797 885/2132/1806
f 2429/2123/1797 2430/2127/1801 885/2132/1806
f 1149/2135/1809 1498/2138/1812 1150/2136/1810
f 1150/2136/1810 2589/2140/1814 1869/2139/1813
f 870/2141/1815 972/1116/896 1869/2139/1813
f 1499/1115/895 971/1108/888 972/1116/896
f 1148/2134/1808 1869/2139/1813 972/1116/896
f 2431/2142/1816 2012/2145/1819 1501/2143/1817
f 2012/2145/1819 841/2149/1823 2432/2146/1820
f 1152/2752/2366 2433/2150/1824 1870/2148/1822
f 1870/2148/1822 946/2147/1821 1152/2752/2366
f 2434/2152/1826 1871/2153/1827 1501/2143/1817
f 2286/1107/887 1356/1106/886 1871/2153/1827
f 1355/1114/894 1151/2144/1818 1871/2153/1827
f 2710/1117/897 1872/3001/2610 1873/1120/900
f 1875/2156/1830 1873/1120/900 1872/3001/2610
f 1872/3001/2610 2435/2154/1828 1875/2156/1830
f 2435/2154/1828 853/2997/2606 2180/2157/1831
f 2120/2160/1834 1876/2159/1833 1153/2983/2592
f 1502/2158/1832 2436/2162/1836 1876/2159/1833
f 1875/2156/1830 1876/2159/1833 2436/2162/1836
f 2180/2157/1831 1153/2983/2592 1876/2159/1833
f 1154/2161/1835 2437/1123/903 2436/2162/1836
f 1873/1120/900 2436/2162/1836 2437/1123/903
f 1357/1124/904 2704/2977/2586 1877/2165/1839
f 2704/2977/2586 2438/2163/1837 1877/2165/1839
f 1503/2166/1840 1877/2165/1839 1155/2164/1838
f 1358/1126/906 1357/1124/904 1877/2165/1839
f 2438/2163/1837 2440/2169/1843 1155/2164/1838
f 1878/2167/1841 2440/2169/1843 2756/2170/1844
f 1878/2167/1841 1155/2164/1838 2440/2169/1843
f 2597/2173/1847 1878/2167/1841 1504/2171/1845
f 1156/2682/2304 1358/1126/906 2441/2172/1846
f 1156/2682/2304 2289/3342/2851 1358/1126/906
f 1503/2166/1840 2441/2172/1846 1358/1126/906
f 2442/1128/908 905/2681/2303 1879/2174/1848
f 905/2681/2303 2596/1797/1493 1879/2174/1848
f 1359/1127/907 1879/2174/1848 2287/1119/899
f 2291/1132/912 2698/2179/1853 1880/2178/1852
f 2444/2185/1859 2443/2181/1855 1505/2180/1854
f 2443/2181/1855 1361/1136/916 1360/1130/910
f 1635/2182/1856 1882/2189/1863 1881/2183/1857
f 1882/2189/1863 2444/2185/1859 1881/2183/1857
f 2689/2186/1860 1882/2189/1863 1635/2182/1856
f 1361/1136/916 2443/2181/1855 882/2190/1864
f 2443/2181/1855 2444/2185/1859 882/2190/1864
f 851/3385/2547 1507/2196/1870 1160/2193/1867
f 1160/2193/1867 1507/2196/1870 1161/2194/1868
f 1161/2194/1868 2606/2197/1871 1883/2195/1869
f 873/2198/1872 976/1141/921 1883/2195/1869
f 1508/1140/920 975/1133/913 976/1141/921
f 1159/2192/1866 1883/2195/1869 976/1141/921
f 2445/2199/1873 2024/2202/1876 1510/2200/1874
f 2024/2202/1876 842/2206/1880 2446/2203/1877
f 1163/2961/2570 2447/2207/1881 1884/2205/1879
f 1884/2205/1879 948/2204/1878 1163/2961/2570
f 2448/2209/1883 1885/2210/1884 1510/2200/1874
f 2291/1132/912 1363/1131/911 1885/2210/1884
f 1362/1139/919 1162/2201/1875 1885/2210/1884
f 2685/1142/922 1886/2936/2545 1887/1145/925
f 1889/2213/1887 1887/1145/925 1886/2936/2545
f 1886/2936/2545 2449/2211/1885 1889/2213/1887
f 2449/2211/1885 850/2932/2541 2191/2214/1888
f 2090/2217/1891 1890/2216/1890 1164/2907/2516
f 1511/2215/1889 2450/2219/1893 1890/2216/1890
f 1889/2213/1887 1890/2216/1890 2450/2219/1893
f 2191/2214/1888 1164/2907/2516 1890/2216/1890
f 1165/2218/1892 2451/1148/928 2450/2219/1893
f 1887/1145/925 2450/2219/1893 2451/1148/928
f 1364/1149/929 2678/2900/2509 1891/2222/1896
f 2678/2900/2509 2452/2220/1894 1891/2222/1896
f 1512/2223/1897 1891/2222/1896 1166/2221/1895
f 1365/1151/931 1364/1149/929 1891/2222/1896
f 2452/2220/1894 2454/2226/1900 1166/2221/1895
f 1892/2224/1898 2454/2226/1900 1513/2227/1901
f 1892/2224/1898 1166/2221/1895 2454/2226/1900
f 2616/2230/1904 1892/2224/1898 1514/2228/1902
f 1167/2729/2343 1365/1151/931 2455/2229/1903
f 1167/2729/2343 2294/3343/2852 1365/1151/931
f 1512/2223/1897 2455/2229/1903 1365/1151/931
f 2456/1153/933 908/2727/2341 1893/2231/1905
f 1893/2231/1905 1577/2724/2338 2768/2233/1907
f 1366/1152/932 1893/2231/1905 2292/1144/924
f 1367/1155/935 2457/2235/1909 1894/1950/1631
f 1685/1156/936 1367/1155/935 1895/1160/940
f 1169/2237/1911 1168/2239/1913 1372/2238/1912
f 1169/2237/1911 1170/2240/1914 1168/2239/1913
f 1170/2240/1914 2530/2495/2148 1515/1168/948
f 1170/2240/1914 1171/3386/2859 2530/2495/2148
f 1168/2239/1913 1515/1168/948 980/1167/947
f 1688/1849/1542 1108/1848/1541 1896/3344/1917
f 1108/1860/1541 1467/1858/1549 1897/2242/1916
f 1897/2242/1916 1173/2244/1918 1898/2245/1919
f 2460/2250/1924 2773/3132/2122 1174/2248/1922
f 2460/2250/1924 1960/2246/1920 1950/2247/1921
f 1960/2246/1920 2460/2250/1924 1961/2249/1923
f 836/1186/966 1516/2252/1926 1899/2251/1925
f 2461/2253/1927 1175/2260/1934 1899/2251/1925
f 2462/2254/1928 1899/2251/1925 1175/2260/1934
f 2461/2253/1927 2464/2256/1930 1175/2260/1934
f 1900/2258/1932 2464/2256/1930 1517/2257/1931
f 2523/2479/2133 1900/2258/1932 1517/2257/1931
f 2464/2256/1930 1900/2258/1932 1175/2260/1934
f 2462/2254/1928 2465/2259/1933 2466/2261/1935
f 1468/1190/970 1788/1864/1553 1901/2263/1937
f 1470/1870/1559 1792/1879/1568 2467/2265/1939
f 1903/2266/1940 1901/2263/1937 1470/1870/1559
f 1944/2454/2111 1542/2453/2110 1903/2266/1940
f 1542/2453/2110 987/2450/2107 1904/2267/1941
f 1542/2453/2110 1904/2267/1941 1903/2266/1940
f 2467/2265/1939 1519/2264/1938 1944/2454/2111
f 1903/2266/1940 2467/2265/1939 1944/2454/2111
f 861/1191/971 1902/1188/968 987/2450/2107
f 1902/1188/968 1904/2267/1941 987/2450/2107
f 1902/1188/968 1901/2263/1937 1904/2267/1941
f 889/1194/974 2517/2451/2108 2468/2268/1942
f 2517/2451/2108 1942/3145/2747 2468/2268/1942
f 2468/2268/1942 1450/1673/1384 1176/1198/978
f 1178/2270/1944 1177/2272/1946 1378/2271/1945
f 1178/2270/1944 1179/2273/1947 1177/2272/1946
f 1179/2273/1947 2518/2458/2115 1520/1201/981
f 1179/2273/1947 1180/3387/2860 2518/2458/2115
f 1177/2272/1946 1520/1201/981 988/1200/980
f 2472/1650/1365 1743/1649/1364 1182/3147/1950
f 2472/1650/1365 1948/2276/1949 1446/1642/1357
f 1948/2280/1949 2472/2279/1365 1949/2278/1951
f 837/1218/997 2102/2282/1953 1905/2281/1952
f 909/2283/1954 1183/2918/2527 2473/2285/1956
f 1906/2284/1955 2474/2286/1957 1905/2281/1952
f 1906/2284/1955 1905/2281/1952 909/2283/1954
f 2548/1730/1430 1759/1727/1427 1906/2284/1955
f 2474/2286/1957 1906/2284/1955 1759/1727/1427
f 1521/1223/1002 1905/2281/1952 2474/2286/1957
f 1521/1223/1002 2474/2286/1957 1088/1726/1426
f 899/1225/1004 1089/1729/1429 2476/1226/1005
f 1089/1729/1429 1090/1735/1435 1184/2288/1959
f 1221/2290/1961 994/1227/1006 2510/2289/1960
f 2476/1226/1005 2510/2289/1960 994/1227/1006
f 1186/2291/1962 1185/2293/1964 1382/2292/1963
f 1186/2291/1962 1187/2295/1966 1185/2293/1964
f 1187/2295/1966 1188/2567/2208 996/2294/1965
f 1699/1236/1015 1112/1910/1595 1907/1237/1016
f 1112/1910/1595 1474/1920/1603 1908/2297/1968
f 897/2549/2193 1555/2300/1970 2478/2302/1972
f 2478/2302/1972 1909/2569/2210 897/2549/2193
f 2478/2302/1972 1910/2303/1973 1909/2569/2210
f 1985/2568/2209 2302/3156/2755 1909/2569/2210
f 838/1247/1026 1524/2305/1975 1911/2304/1974
f 2479/2306/1976 1190/2313/1983 1911/2304/1974
f 2480/2307/1977 1911/2304/1974 1190/2313/1983
f 2479/2306/1976 2482/2309/1979 1190/2313/1983
f 1912/2311/1981 2482/2309/1979 1525/2310/1980
f 2546/2558/2199 1912/2311/1981 1525/2310/1980
f 2482/2309/1979 1912/2311/1981 1190/2313/1983
f 2480/2307/1977 2483/2312/1982 2484/2314/1984
f 1475/1251/1030 1809/1924/1607 1913/2316/1986
f 1477/1930/1613 1813/1939/1622 2485/2318/1988
f 1915/2319/1989 1913/2316/1986 1477/1930/1613
f 1528/2320/1990 1916/2321/1991 1915/2319/1989
f 1915/2319/1989 2485/2318/1988 1528/2320/1990
f 862/1252/1031 1914/1249/1028 1916/2321/1991
f 1914/1249/1028 1913/2316/1986 1916/2321/1991
f 895/1257/1036 2486/2324/1994 1918/2322/1992
f 2486/2324/1994 1970/2525/2173 1191/3169/2768
f 2486/2324/1994 1191/3169/2768 1982/1259/1038
f 1193/2326/1996 1192/2328/1998 1388/2327/1997
f 1193/2326/1996 1194/2329/1999 1192/2328/1998
f 1194/2329/1999 2542/2533/2181 1529/1262/1041
f 1194/2329/1999 1195/3388/2861 2542/2533/2181
f 1192/2328/1998 1529/1262/1041 1004/1261/1040
f 2489/2335/2005 2795/2507/2154 1197/2333/2003
f 2489/2335/2005 1975/2331/2001 1962/2332/2002
f 1975/2331/2001 2489/2335/2005 1976/2334/2004
f 1098/1279/1058 1100/1785/1481 2490/2337/2007
f 2490/2337/2007 1390/1280/1059 1098/1279/1058
f 1100/1785/1481 1099/1791/1487 1198/2338/2008
f 1198/2338/2008 1199/2641/2271 1920/2339/2009
f 2584/1282/1061 1707/1283/1062 1920/2339/2009
f 1919/2336/2006 1920/2339/2009 1707/1283/1062
f 1200/1775/1471 1097/1784/1480 1202/2341/2011
f 1097/1784/1480 1096/2655/2283 1201/2340/2010
f 2004/3389/2254 1202/2341/2011 2575/2345/2012
f 2004/3389/2254 1200/1775/1471 1202/2341/2011
f 2004/3389/2254 1530/1285/1064 1200/1775/1471
f 1459/1289/1068 1095/1774/1470 1921/2346/2014
f 1095/1774/1470 1094/1770/1466 1203/2347/2015
f 1203/2347/2015 1204/2599/2237 1922/2348/2016
f 2565/2601/2239 936/1292/1071 1922/2348/2016
f 2565/2601/2239 1010/1293/1072 936/1292/1071
f 1921/2346/2014 1922/2348/2016 936/1292/1071
f 2491/2349/2017 1993/2352/2020 1532/2350/2018
f 1993/2352/2020 1206/2355/2023 2492/2353/2021
f 1207/2881/2490 2493/2356/2024 1923/2354/2022
f 1923/2354/2022 1206/2355/2023 1207/2881/2490
f 2494/2358/2026 1924/2360/2028 1532/2350/2018
f 1397/2359/2027 1396/1303/1082 1924/2360/2028
f 1394/1298/1077 1205/2351/2019 1924/2360/2028
f 2081/2361/2029 2495/1307/1086 1015/1302/1081
f 2664/2362/2030 1208/2366/2034 2495/1307/1086
f 848/2862/2473 2556/3199/2785 2664/2362/2030
f 2664/2362/2030 2556/3199/2785 1208/2366/2034
f 1994/2365/2033 1013/2364/2032 2556/3199/2785
f 1208/2366/2034 2556/3199/2785 1013/2364/2032
f 1533/1300/1079 1012/1299/1078 1013/2364/2032
f 902/1756/1452 1093/1765/1461 2496/2369/2037
f 1093/1765/1461 2570/2367/2035 2496/2369/2037
f 1998/2377/2041 902/2376/1452 2560/2371/2039
f 2496/2374/2037 2560/2371/2039 902/2376/1452
f 2228/2375/2040 2310/1308/1087 902/2376/1452
f 2497/1321/1099 2552/2582/2221 1925/2378/2042
f 2498/2379/2043 1401/1324/1102 2497/1321/1099
f 2552/2582/2221 2499/2380/2044 1925/2378/2042
f 2499/2380/2044 2372/1743/1441 1209/2381/2045
f 1209/2381/2045 2618/1826/1519 1926/2382/2046
f 1264/2383/2047 1712/1326/1104 1926/2382/2046
f 1925/2378/2042 1926/2382/2046 1712/1326/1104
f 2500/2385/2049 2032/2386/2050 1210/2384/2048
f 2032/2386/2050 2501/1817/1513 2502/2387/2051
f 2025/2704/2322 1210/2384/2048 2610/2389/2053
f 2025/2704/2322 1927/1328/1106 1210/2384/2048
f 1102/1339/1117 1104/1806/1502 2503/2392/2056
f 2503/2392/2056 1403/1340/1118 1102/1339/1117
f 1104/1806/1502 1103/1808/1504 1211/2393/2057
f 1211/2393/2057 1212/3223/2794 1929/2394/2058
f 2600/1342/1120 1714/1343/1121 1929/2394/2058
f 1928/2391/2055 1929/2394/2058 1714/1343/1121
f 907/1794/1490 1101/1803/1499 2504/2397/2061
f 1101/1803/1499 2605/2395/2059 2504/2397/2061
f 2014/2402/2066 907/1794/1490 2593/2399/2063
f 2504/2397/2061 2593/2399/2063 907/1794/1490
f 2176/2401/2065 2318/1344/1122 907/1794/1490
f 1076/1677/1387 1737/1971/1650 2505/2404/2068
f 1752/1687/1394 1439/1689/1396 1078/1691/1398
f 2242/2411/2075 1071/2408/2072 2241/1622/1337
f 2242/2411/2075 2718/2410/2074 1071/2408/2072
f 2508/2412/2076 955/1627/1342 1215/1954/1634
f 1611/1631/1346 2544/1633/1348 1217/1988/1664
f 1082/1700/1406 2361/1640/1355 1219/1636/1351
f 2244/2418/2082 2720/2417/2081 1219/1636/1351
f 2396/2000/1674 1831/1048/828 2509/2419/2083
f 2509/2419/2083 961/1999/1673 1481/2018/1692
f 910/2017/1691 1220/2424/2088 1935/2420/2084
f 1614/3050/2657 1936/2423/2087 2725/3390/2862
f 1221/2290/1961 910/2017/1691 1936/2423/2087
f 910/2017/1691 2725/3390/2862 1936/2423/2087
f 2724/2422/2086 991/1221/1000 1221/2290/1961
f 1184/2288/1959 2511/2428/2092 2510/2289/1960
f 2510/2289/1960 2511/2428/2092 1220/2424/2088
f 2511/2428/2092 2512/2425/2089 1220/2424/2088
f 2512/2425/2089 1445/1647/1362 1935/2420/2084
f 910/2017/1691 1221/2290/1961 1220/2424/2088
f 2512/2425/2089 2511/2428/2092 1222/2427/2091
f 2511/2428/2092 1184/2288/1959 1223/2429/2093
f 2513/3154/2095 1222/2427/2091 1223/2429/2093
f 955/1627/1342 2507/2436/2098 1937/2430/2094
f 1938/2438/2096 1540/2433/2090 2507/2436/2098
f 1540/2433/2090 1937/2430/2094 2507/2436/2098
f 1445/1647/1362 1540/2426/2090 1938/2434/2096
f 2515/2442/2097 1938/2438/2096 2514/2437/2099
f 2507/2436/2098 2360/1624/1339 2514/2437/2099
f 2514/2437/2099 1940/2439/2100 2781/2441/2101
f 1071/2408/2072 2516/2446/2103 1447/1654/1369
f 1941/2447/2104 937/3391/2102 2516/2446/2103
f 1541/2448/2105 937/2443/2102 1942/3145/2747
f 1941/3146/2104 1942/3145/2747 937/2443/2102
f 2362/3371/1370 1447/2444/1369 1074/2449/2106
f 2517/2451/2108 1541/2448/2105 1942/3145/2747
f 1542/2453/2110 1943/2452/2109 987/2450/2107
f 1945/2456/2113 1543/2455/2112 1944/2454/2111
f 1943/2452/2109 1944/2454/2111 1543/2455/2112
f 1943/2452/2109 1074/2449/2106 1541/2448/2105
f 1074/2449/2106 1943/2452/2109 1543/2455/2112
f 1541/2448/2105 2517/2451/2108 1943/2452/2109
f 1225/2457/2114 1448/3370/2853 1074/2449/2106
f 2518/2458/2115 1074/2449/2106 1543/2455/2112
f 1944/2454/2111 1224/3144/2746 1945/2456/2113
f 890/2460/2117 1945/2456/2113 1224/3144/2746
f 890/2460/2117 1544/2459/2116 1181/2274/1948
f 1180/3387/2860 1225/2457/2114 2518/2458/2115
f 1543/2455/2112 1520/1201/981 2518/2458/2115
f 1448/3370/2853 1225/2457/2114 1947/2461/2118
f 1746/1656/1371 1448/3370/2853 1947/2461/2118
f 1225/2457/2114 1180/3387/2860 1946/2462/2119
f 1946/2462/2119 1226/1215/994 1948/2280/1949
f 1182/2277/1950 1746/1656/1371 1949/2278/1951
f 1946/2462/2119 1948/2280/1949 1949/2278/1951
f 1213/1621/1336 1930/1620/1335 2774/2464/2121
f 2774/2464/2121 2520/3392/2125 2519/1666/1379
f 2520/3392/2125 911/1667/1380 2519/1666/1379
f 2521/2469/2126 2520/2468/2125 1546/3393/2123
f 2520/3392/2125 2774/2464/2121 1546/2466/2123
f 1951/2470/2127 2521/2469/2126 2460/2471/1924
f 2521/2469/2126 1546/3393/2123 2773/2473/2122
f 1950/2247/1921 2459/1174/954 1896/3344/1917
f 1896/2243/1917 1951/2470/2127 1950/2472/1921
f 1547/2474/2128 1951/2470/2127 1898/2245/1919
f 1547/2474/2128 2772/2476/2130 2522/2475/2129
f 857/2477/2131 2522/2475/2129 2772/2476/2130
f 2466/2261/1935 1228/2478/2132 891/1179/959
f 2465/2259/1933 2523/2479/2133 1228/2478/2132
f 857/2477/2131 1228/2478/2132 2523/2479/2133
f 2522/2475/2129 1953/2480/2134 2524/1668/1381
f 2525/2269/1943 1953/2480/2134 857/2477/2131
f 857/2477/2131 2523/2479/2133 1952/2482/2136
f 2525/2269/1943 857/2477/2131 1952/2482/2136
f 1176/1198/978 1953/2480/2134 2525/2269/1943
f 1952/2482/2136 2205/3394/2863 2204/2481/2135
f 1953/2480/2134 1176/1198/978 1450/1673/1384
f 2505/2404/2068 1954/2484/2138 1076/1677/1387
f 2364/1679/1389 1076/1677/1387 1954/2484/2138
f 1451/1680/1390 2527/1682/1392 1229/2485/2139
f 2364/1684/1389 1954/3395/2138 2527/1682/1392
f 1954/3395/2138 2526/2487/2137 2527/1682/1392
f 1843/2037/1711 1956/2488/2141 1672/2038/1712
f 1230/2494/2147 1451/1680/1390 912/2492/2145
f 1955/2486/2140 2528/2489/2142 1451/1680/1390
f 1956/2488/2141 1957/2491/2144 912/2492/2145
f 2530/2495/2148 1230/2494/2147 912/2492/2145
f 1483/2033/1707 1231/3061/2667 1957/2491/2144
f 893/2497/2150 1957/2491/2144 1231/3061/2667
f 1172/2241/1915 912/2492/2145 1957/2491/2144
f 893/2497/2150 1548/2496/2149 1172/2241/1915
f 1171/3386/2859 1232/2493/2146 2530/2495/2148
f 912/2492/2145 1515/1168/948 2530/2495/2148
f 1230/2494/2147 1959/2498/2151 2365/1681/1391
f 1230/2494/2147 1232/2493/2146 1959/2498/2151
f 1751/1685/1393 2365/1681/1391 1959/2498/2151
f 1232/2493/2146 1171/3386/2859 1958/2499/2152
f 1233/1175/955 1959/2498/2151 1958/2499/2152
f 1174/2248/1922 1751/1685/1393 1961/2249/1923
f 1233/1175/955 1960/2246/1920 1961/2249/1923
f 2806/1639/1354 1740/1638/1353 2796/2500/2153
f 2796/2500/2153 2532/3396/2156 2531/1692/1399
f 2532/3396/2156 913/1693/1400 2531/1692/1399
f 2533/2513/2158 2532/2503/2156 1549/3397/2155
f 1963/1696/1403 1080/1695/1402 2532/2503/2156
f 2532/3396/2156 2796/2500/2153 1549/2502/2155
f 1964/2505/2157 2533/2506/2158 2489/2335/2005
f 2533/2506/2158 1549/3398/2155 2795/2507/2154
f 1962/2332/2002 2488/1269/1048 1007/2509/2160
f 1007/2509/2160 1964/2505/2157 1962/2332/2002
f 1550/2510/2161 1964/2512/2157 864/2511/2159
f 1550/2510/2161 2457/2235/1909 2534/2514/2162
f 894/1157/937 2534/2514/2162 2457/2235/1909
f 2728/2516/2164 1235/2518/2166 894/1157/937
f 2727/2519/2167 2535/2026/1700 1235/2518/2166
f 1966/2515/2163 1235/2518/2166 2535/2026/1700
f 2534/2514/2162 2537/2023/1697 2536/1694/1401
f 1967/1060/840 2537/2023/1697 1966/2515/2163
f 1753/1697/1404 2536/1694/1401 2537/2023/1697
f 1966/2515/2163 2535/2026/1700 1965/2028/1702
f 1967/1060/840 1966/2515/2163 1965/2028/1702
f 1965/2028/1702 1838/3384/2858 1837/2024/1698
f 1129/2020/1694 1753/1697/1404 1968/2521/2169
f 1219/1636/1351 2538/2522/2170 1082/1700/1406
f 2367/1704/1410 1082/1700/1406 2538/2522/2170
f 1969/2523/2171 1552/3399/2172 2538/2522/2170
f 1970/2525/2173 1552/2524/2172 1969/3170/2171
f 1452/1705/1411 2539/1707/1413 1552/2524/2172
f 2367/1709/1410 2538/3400/2170 2539/1707/1413
f 2538/3400/2170 1552/2524/2172 2539/1707/1413
f 2486/2324/1994 895/1257/1036 2540/2527/2175
f 1916/2321/1991 1971/2528/2176 1003/1255/1034
f 1972/2529/2177 1971/2528/2176 1528/2320/1990
f 1236/2532/2180 1452/1705/1411 914/2530/2178
f 1970/2525/2173 2540/2527/2175 1452/1705/1411
f 2541/2526/2174 1971/2528/2176 914/2530/2178
f 2542/2533/2181 1236/2532/2180 914/2530/2178
f 1527/2317/1987 1237/3168/2767 1972/2529/2177
f 896/2535/2183 1972/2529/2177 1237/3168/2767
f 1196/2330/2000 914/2530/2178 1972/2529/2177
f 896/2535/2183 1553/2534/2182 1196/2330/2000
f 1195/3388/2861 1238/2531/2179 2542/2533/2181
f 914/2530/2178 1529/1262/1041 2542/2533/2181
f 1236/2532/2180 1974/2536/2184 2368/1706/1412
f 1236/2532/2180 1238/2531/2179 1974/2536/2184
f 1755/1710/1414 2368/1706/1412 1974/2536/2184
f 1238/2531/2179 1195/3388/2861 1973/2537/2185
f 1239/1270/1049 1974/2536/2184 1973/2537/2185
f 1197/2333/2003 1755/1710/1414 1976/2334/2004
f 1239/1270/1049 1975/2331/2001 1976/2334/2004
f 2543/1716/1419 2544/1633/1348 1977/2540/2188
f 1977/2540/2188 1757/1717/1420 2543/1716/1419
f 1977/2540/2188 1978/2539/2187 2788/2543/2190
f 1556/2545/2191 1086/1719/1421 1554/2547/2189
f 1757/1718/1420 1977/2546/2188 1086/1719/1421
f 1979/2548/2192 1556/2550/2191 1555/2300/1970
f 897/2549/2193 1909/2569/2210 998/1235/1014
f 998/1235/1014 1979/2548/2192 897/2549/2193
f 1557/2551/2194 1979/2552/2192 1908/2299/1968
f 1557/2551/2194 1556/2545/2191 1979/2552/2192
f 1557/2551/2194 1454/1720/1422 1556/2545/2191
f 1557/2551/2194 2545/2555/2196 938/1721/1423
f 1557/2551/2194 2786/2556/2197 2545/2555/2196
f 898/1240/1019 2545/2555/2196 2786/2556/2197
f 2484/2314/1984 1240/2557/2198 898/1240/1019
f 2483/2312/1982 2546/2558/2199 1240/2557/2198
f 858/2554/2195 1240/2557/2198 2546/2558/2199
f 1981/2559/2200 2547/2325/1995 858/2554/2195
f 1758/1722/1424 938/1721/1423 2547/2325/1995
f 858/2554/2195 2546/2558/2199 1980/2561/2202
f 1981/2559/2200 858/2554/2195 1980/2561/2202
f 2547/2325/1995 1981/2559/2200 1001/1254/1033
f 1980/2561/2202 2216/3401/2864 2215/2560/2201
f 1191/3169/2768 1758/1722/1424 1982/1259/1038
f 2550/1734/1434 2548/1730/1430 2549/2563/2204
f 1188/2567/2208 1984/2565/2206 1983/2564/2205
f 2550/1734/1434 1241/2296/1967 1983/2564/2205
f 1983/2564/2205 996/2294/1965 1188/2567/2208
f 2213/3155/2754 1985/2568/2209 1558/2566/2207
f 1189/2301/1971 1242/2570/2211 1910/2303/1973
f 1558/2566/2207 1986/3402/2865 1984/2565/2206
f 1984/2565/2206 1986/3402/2865 1456/1733/1433
f 1558/2566/2207 1985/2568/2209 1559/2571/2212
f 1558/2566/2207 1559/2571/2212 1986/3402/2865
f 1986/3402/2865 2551/2572/2213 1456/1733/1433
f 1986/3402/2865 1559/2571/2212 2551/2572/2213
f 1560/2574/2215 2551/3403/2213 1242/3404/2211
f 1242/2570/2211 1189/2301/1971 1243/3405/2216
f 1560/2574/2215 1242/3404/2211 1243/2575/2216
f 2243/1630/1345 1560/2574/2215 1987/2576/2217
f 2551/2572/2213 1990/2578/2219 1988/2573/2214
f 1090/1735/1435 1988/2573/2214 1991/2579/2220
f 2551/3403/2213 1560/2574/2215 1990/2580/2219
f 1991/2581/2220 1990/2580/2219 1216/1629/1344
f 2497/1321/1099 1561/2583/2222 2552/2582/2221
f 1561/2583/2222 1457/1745/1442 2372/1743/1441
f 2553/2585/2224 2554/1323/1101 2226/3193/2779
f 839/2586/2225 1992/2584/2223 2553/2585/2224
f 1457/1745/1442 1561/2583/2222 2555/1747/1444
f 2497/1321/1099 1992/2584/2223 1561/2583/2222
f 1993/2352/2020 2491/2349/2017 1995/2587/2226
f 1995/2587/2226 1992/2584/2223 839/2586/2225
f 2491/2349/2017 1533/1300/1079 865/2363/2031
f 2556/3199/2785 2557/2588/2227 1994/2365/2033
f 2557/2588/2227 2555/1747/1444 1995/2587/2226
f 2558/1746/1443 2557/2588/2227 1997/2590/2229
f 1458/2594/1448 2558/1746/1443 1997/2590/2229
f 2557/2588/2227 2556/3199/2785 1996/2589/2228
f 1325/2591/2230 2559/2592/2231 1996/2589/2228
f 2559/2592/2231 1997/2590/2229 1996/2589/2228
f 1325/2591/2230 2228/2375/2040 1998/2377/2041
f 2560/2371/2039 1999/2593/2232 1998/2377/2041
f 2559/2592/2231 1998/2377/2041 1999/2593/2232
f 900/2596/2234 2563/1761/1457 2561/1759/1455
f 900/2596/2234 2414/1078/858 2000/2595/2233
f 2414/1078/858 2279/3340/2849 1134/2597/2235
f 2562/2058/1732 1487/2056/1730 1134/2597/2235
f 1487/2056/1730 2564/3406/2866 2000/2595/2233
f 1134/2597/2235 2413/2057/1731 2562/2058/1732
f 2564/3406/2866 1244/2598/2236 2000/2595/2233
f 2161/3068/2674 2734/3067/2673 1487/2056/1730
f 2564/3406/2866 1487/2056/1730 2734/3067/2673
f 2565/2601/2239 2564/3406/2866 2734/3067/2673
f 1204/2599/2237 1245/2602/2240 2566/2600/2238
f 2564/3406/2866 2565/2601/2239 1244/2598/2236
f 2567/1763/1459 1245/2602/2240 2001/2608/2243
f 2001/2608/2243 2568/2606/2242 2567/1763/1459
f 2568/2606/2242 2375/1764/1460 1766/1762/1458
f 1245/2602/2240 1204/2599/2237 2800/2607/2244
f 901/3191/2777 1246/2609/2245 2800/2610/2244
f 1246/2609/2245 2002/2603/2241 2001/2605/2243
f 1408/3190/1157 829/1367/1141 1246/2609/2245
f 1021/1361/1136 867/2612/2247 1562/2611/2246
f 2002/2603/2241 1246/2609/2245 1562/2611/2246
f 867/2612/2247 2569/3200/2036 2002/2603/2241
f 2002/2603/2241 2569/3200/2036 2570/3407/2035
f 2375/1764/1460 2568/2606/2242 2570/2367/2035
f 2570/2367/2035 2568/2606/2242 2002/3408/2241
f 2003/2087/1761 2417/2084/1758 2573/2613/2248
f 2417/2084/1758 1490/1090/870 868/2083/1757
f 2571/2081/1755 2572/2614/2249 1855/2082/1756
f 2572/2614/2249 1247/2616/2251 2574/2615/2250
f 1247/2616/2251 1564/1772/1468 2377/1771/1467
f 2574/2615/2250 2377/1771/1467 928/1773/1469
f 2164/2619/2253 2572/2614/2249 2571/2081/1755
f 2164/2619/2253 1563/2618/2252 2572/2614/2249
f 2163/1287/1066 1530/1285/1064 2004/3389/2254
f 2575/2342/2012 2577/2344/2013 2005/2621/2255
f 2577/2344/2013 915/2622/2256 2005/2621/2255
f 1563/2618/2252 2004/2620/2254 2005/2621/2255
f 915/2622/2256 1564/1772/1468 1247/2616/2251
f 1563/2618/2252 915/2622/2256 1247/2616/2251
f 1563/2618/2252 2005/2621/2255 915/2622/2256
f 1564/1772/1468 915/2622/2256 2006/2624/2258
f 1565/2625/2259 1248/2626/2260 2006/2624/2258
f 915/2622/2256 2577/2344/2013 2576/2623/2257
f 2576/3409/2257 2577/2627/2013 2007/2629/2262
f 2577/2627/2013 1201/3410/2010 1249/2628/2261
f 2007/2629/2262 1565/2631/2259 2576/3409/2257
f 1412/3183/1181 830/1406/1163 2009/2630/2263
f 1565/2631/2259 2009/2630/2263 2008/2632/2264
f 1248/2635/2260 1565/2631/2259 2578/2633/2265
f 903/2638/2268 2582/1780/1476 2580/1778/1474
f 903/2638/2268 2428/1103/883 2010/2637/2267
f 2428/1103/883 2284/3341/2850 1145/2639/2269
f 2581/2115/1789 1495/2113/1787 1145/2639/2269
f 1495/2113/1787 2583/3411/2867 2010/2637/2267
f 1145/2639/2269 2427/2114/1788 2581/2115/1789
f 2583/3411/2867 1250/2640/2270 2010/2637/2267
f 2174/3087/2693 2745/3086/2692 1495/2113/1787
f 2583/3411/2867 1495/2113/1787 2745/3086/2692
f 2584/1282/1061 2583/3411/2867 2745/3086/2692
f 1199/2641/2271 1251/2643/2273 2585/2642/2272
f 2583/3411/2867 2584/1282/1061 1250/2640/2270
f 2586/1782/1478 1251/2643/2273 2011/2646/2276
f 1567/2657/2274 1252/2653/2281 2587/3412/2275
f 2011/2646/2276 2587/2645/2275 2586/1782/1478
f 2587/2645/2275 916/1783/1479 1769/1781/1477
f 1251/2643/2273 1199/2641/2271 2798/2647/2277
f 904/3180/2773 1253/2648/2278 2798/2650/2277
f 1253/2648/2278 1567/2657/2274 2011/2649/2276
f 1416/3179/1204 831/1436/1189 1253/2648/2278
f 1034/1430/1184 869/2652/2280 1566/2651/2279
f 1567/2657/2274 1253/2648/2278 1566/2651/2279
f 869/2652/2280 2588/3181/2282 1252/2653/2281
f 916/1783/1479 2587/2645/2275 1252/2656/2281
f 2012/2145/1819 2431/2142/1816 2591/2658/2284
f 2431/2142/1816 1499/1115/895 870/2141/1815
f 2589/2140/1814 2590/2659/2285 1869/2139/1813
f 2590/2659/2285 1254/2661/2287 2592/2660/2286
f 1254/2661/2287 1570/1793/1489 2382/1792/1488
f 2592/2660/2286 2382/1792/1488 929/1787/1483
f 1498/2138/1812 2590/2659/2285 2589/2140/1814
f 2176/2401/2065 1568/2664/2289 2013/3413/2288
f 2015/3414/2290 1569/3415/2296 2016/3416/2291
f 1539/2400/2064 1569/3417/2296 2015/2665/2290
f 1568/2664/2289 2014/2402/2066 2015/2665/2290
f 2016/3416/2291 1570/1793/1489 1254/2661/2287
f 1568/2663/2289 2016/3416/2291 1254/2661/2287
f 1570/1793/1489 2016/3416/2291 2017/2671/2295
f 2017/2671/2295 1569/3415/2296 2019/3418/2294
f 2016/3416/2291 1569/3415/2296 2017/2671/2295
f 2019/3418/2294 1255/2670/2293 2017/2671/2295
f 1569/2672/2296 1539/2674/2064 2018/2673/2297
f 2020/2676/2299 1571/2667/2292 2019/2669/2294
f 1420/1487/1228 832/1467/1211 2020/2676/2299
f 1255/2668/2293 1571/2667/2292 2594/2678/2301
f 905/2681/2303 2442/1128/908 2021/2680/2302
f 2442/1128/908 2289/3342/2851 1156/2682/2304
f 2597/2173/1847 1504/2171/1845 1156/2682/2304
f 1504/2171/1845 2599/3419/2868 2021/2680/2302
f 1156/2682/2304 2441/2172/1846 2597/2173/1847
f 2599/3419/2868 1257/2683/2305 2021/2680/2302
f 2184/3107/2712 2755/3106/2711 1504/2171/1845
f 2599/3419/2868 1504/2171/1845 2755/3106/2711
f 2600/1342/1120 2599/3419/2868 2755/3106/2711
f 1212/3223/2794 1258/2684/2306 1929/2394/2058
f 1929/2394/2058 2601/2685/2307 1257/2683/2305
f 2599/3419/2868 2600/1342/1120 1257/2683/2305
f 2602/1801/1497 1258/2684/2306 2022/2691/2310
f 2022/2691/2310 2603/2689/2309 2602/1801/1497
f 2603/2689/2309 2385/1802/1498 1772/1799/1495
f 1258/2684/2306 1212/3223/2794 2805/2690/2311
f 906/3222/2793 1259/2692/2312 2805/2693/2311
f 1259/2692/2312 2023/2686/2308 2022/2688/2310
f 1423/3221/1250 833/1497/1235 1259/2692/2312
f 1046/3420/1230 872/2695/2314 1572/2694/2313
f 2023/2686/2308 1259/2692/2312 1572/2694/2313
f 872/2695/2314 2604/3224/2060 2023/2686/2308
f 2023/2686/2308 2604/3224/2060 2605/3421/2059
f 2385/1802/1498 2603/2689/2309 2605/2395/2059
f 2605/2395/2059 2603/2689/2309 2023/3422/2308
f 2024/2202/1876 2445/2199/1873 2608/2697/2316
f 2445/2199/1873 1508/1140/920 873/2198/1872
f 2606/2197/1871 2607/2698/2317 1883/2195/1869
f 2607/2698/2317 1260/2700/2319 2609/2699/2318
f 1260/2700/2319 1575/1810/1506 2387/1809/1505
f 2609/2699/2318 2387/1809/1505 930/1807/1503
f 1507/2196/1870 2607/2698/2317 2606/2197/1871
f 2187/2701/2320 1573/2707/2321 2607/2698/2317
f 2186/1330/1108 1927/1328/1106 2025/2704/2322
f 2026/3423/2323 1574/3424/2329 2027/3425/2324
f 1537/2390/2054 1574/3426/2329 2026/2705/2323
f 1573/2702/2321 2025/2704/2322 2026/2705/2323
f 2027/3425/2324 1575/1810/1506 1260/2700/2319
f 1573/2707/2321 2027/3425/2324 1260/2700/2319
f 1575/1810/1506 2027/3425/2324 2028/2712/2328
f 2028/2712/2328 1574/3424/2329 2030/3427/2327
f 2027/3425/2324 1574/3424/2329 2028/2712/2328
f 2030/2710/2327 1261/2709/2326 2028/3428/2328
f 1574/2713/2329 1537/2715/2054 2029/2714/2330
f 2031/2717/2332 1576/2708/2325 2030/2710/2327
f 1427/1545/1274 834/1523/1256 2031/2717/2332
f 1261/2709/2326 1576/2708/2325 2611/2719/2334
f 2032/2386/2050 2500/2385/2049 2614/2721/2335
f 2614/2721/2335 2613/1819/1514 2032/2386/2050
f 2500/2385/2049 1927/1328/1106 2615/1327/1105
f 1577/2724/2338 940/2723/2337 939/2725/2339
f 2614/2721/2335 2615/1327/1105 940/2723/2337
f 2617/2726/2340 2389/1821/1516 2613/1819/1514
f 2617/2726/2340 2613/1819/1514 940/2723/2337
f 2613/1819/1514 2614/2721/2335 940/2723/2337
f 1577/2724/2338 1893/2231/1905 908/2727/2341
f 908/2727/2341 2456/1153/933 2033/2728/2342
f 2456/1153/933 2294/3343/2852 1167/2729/2343
f 2616/2230/1904 1514/2228/1902 1167/2729/2343
f 1514/2228/1902 917/2731/2345 2033/2728/2342
f 1167/2729/2343 2455/2229/1903 2616/2230/1904
f 917/2731/2345 1263/2730/2344 2033/2728/2342
f 2389/1821/1516 2617/2726/2340 1263/2730/2344
f 917/2731/2345 1514/2228/1902 2034/2733/2347
f 1264/2383/2047 917/2731/2345 2034/2733/2347
f 1926/2382/2046 1263/2730/2344 1264/2383/2047
f 1579/2735/2349 1580/2738/2352 2035/1839/1532
f 2619/2737/2351 1265/1841/1534 2035/1839/1532
f 1580/2738/2352 1266/2739/2353 2619/2737/2351
f 1266/2739/2353 835/1164/944 1267/2741/2355
f 2619/2737/2351 1268/2740/2354 2036/2743/2357
f 1268/2740/2354 876/2742/2356 2036/2743/2357
f 2620/2745/2359 1273/1844/1537 1465/1843/1536
f 1265/1841/1534 2619/2737/2351 1465/1843/1536
f 843/2126/1800 1867/2125/1799 2621/2746/2360
f 1867/2125/1799 1496/2122/1796 2621/2746/2360
f 2622/2748/2362 2620/2745/2359 2036/2743/2357
f 2623/2747/2361 2624/2121/1795 2625/2749/2363
f 2624/2121/1795 2286/1107/887 2434/2152/1826
f 1500/2151/1825 1270/2750/2364 2625/2749/2363
f 2625/2749/2363 2622/2748/2362 2623/2747/2361
f 2040/2751/2365 2037/2754/2368 2433/2150/1824
f 1500/2151/1825 2433/2150/1824 2037/2754/2368
f 1270/2750/2364 1500/2151/1825 2037/2754/2368
f 2038/2753/2367 1273/1844/1537 2620/2745/2359
f 2043/2764/2378 1583/2755/2369 2038/2753/2367
f 2627/2757/2371 2040/2751/2365 1152/2752/2366
f 2744/2758/2372 2626/3098/2703 1582/1274/1053
f 2744/2758/2372 2041/2760/2374 2626/3098/2703
f 1581/2762/2376 2628/2759/2373 2744/2758/2372
f 2039/2756/2370 2041/2760/2374 2628/2759/2373
f 2627/2757/2371 2626/3098/2703 2041/2760/2374
f 1271/2761/2375 2042/2763/2377 2628/2759/2373
f 1583/2755/2369 1272/2765/2379 1273/1844/1537
f 2048/2772/2386 1273/1844/1537 1272/2765/2379
f 2424/2105/1779 2045/2767/2381 2042/2763/2377
f 2045/2767/2381 2043/2764/2378 2042/2763/2377
f 2629/2766/2380 1583/2755/2369 2043/2764/2378
f 1143/2103/1777 2044/2769/2383 2630/2768/2382
f 2630/2768/2382 2045/2767/2381 2424/2105/1779
f 1493/2100/1774 2047/2770/2384 2044/2769/2383
f 2629/2766/2380 2044/2769/2383 2047/2770/2384
f 1142/2774/2388 1274/2771/2385 2046/2102/1776
f 1272/2765/2379 2047/2770/2384 1274/2771/2385
f 2047/2770/2384 2046/2102/1776 1274/2771/2385
f 2050/2773/2387 1274/2771/2385 1142/2774/2388
f 2732/2777/2391 2049/2781/2395 1275/2778/2392
f 2049/2781/2395 2050/2773/2387 1275/2778/2392
f 2632/2780/2394 2052/2782/2396 2049/2781/2395
f 2631/2776/2390 2049/2781/2395 2052/2782/2396
f 1584/2775/2389 1275/2778/2392 2050/2773/2387
f 2632/2780/2394 2730/2783/2397 2051/1845/1538
f 2048/2772/2386 2052/2782/2396 2051/1845/1538
f 1687/1173/953 1276/2785/2399 1169/2237/1911
f 1586/2784/2398 2633/2786/2400 2053/2789/2403
f 2633/2786/2400 1585/2787/2401 2053/2789/2403
f 2458/1855/1547 1277/2119/1793 1784/1856/1545
f 844/2788/2402 2421/2096/1770 2634/2791/2405
f 2421/2096/1770 1858/2792/2406 2635/2790/2404
f 1277/2119/1793 1586/2784/2398 2054/2118/1792
f 1586/2784/2398 2634/2791/2405 2054/2118/1792
f 1277/2119/1793 2750/2796/2409 2055/2793/2407
f 2637/2795/2408 2055/2793/2407 2750/2796/2409
f 2750/2796/2409 2748/1286/1065 1009/2797/2410
f 2164/2619/2253 845/2080/1754 2637/2798/2408
f 1784/1852/1545 845/2080/1754 1138/2078/1752
f 1489/2072/1746 2641/2800/2412 2638/2799/2411
f 2056/2801/2413 2638/2799/2411 2639/2076/1750
f 2639/2076/1750 2638/2799/2411 1138/2078/1752
f 1136/1085/865 2056/2801/2413 1676/1087/867
f 877/2075/1749 1135/2073/1747 2056/2801/2413
f 1489/2072/1746 2643/2802/2414 2641/2800/2412
f 2201/1182/962 2641/2800/2412 2643/2802/2414
f 2641/2800/2412 2642/1850/1543 1138/2078/1752
f 2057/2803/2415 2643/2802/2414 1278/3076/2682
f 1278/3076/2682 2743/3074/2680 2057/2803/2415
f 2642/1850/1543 2641/2800/2412 2200/1857/1548
f 2461/2253/1927 1587/2805/2417 2058/1872/1561
f 2644/2804/2416 1279/1874/1563 2058/1872/1561
f 1587/2805/2417 1516/2252/1926 2644/2804/2416
f 1516/2252/1926 836/1186/966 1280/2807/2419
f 2644/2804/2416 1281/2806/2418 2059/2809/2421
f 1281/2806/2418 879/2808/2420 2059/2809/2421
f 2645/2811/2423 1286/1877/1566 1469/1876/1565
f 1279/1874/1563 2644/2804/2416 1469/1876/1565
f 846/2069/1743 1853/2068/1742 2646/2812/2424
f 1853/2068/1742 1488/2065/1739 2646/2812/2424
f 2647/2814/2426 2645/2811/2423 2059/2809/2421
f 2648/2813/2425 2649/2064/1738 2650/2815/2427
f 2649/2064/1738 2281/1082/862 2420/2094/1768
f 1491/2093/1767 1283/2816/2428 2650/2815/2427
f 2650/2815/2427 2647/2814/2426 2648/2813/2425
f 2063/2817/2429 2060/2820/2432 2419/2092/1766
f 1491/2093/1767 2419/2092/1766 2060/2820/2432
f 1283/2816/2428 1491/2093/1767 2060/2820/2432
f 2061/2819/2431 1286/1877/1566 2645/2811/2423
f 2066/2831/2443 1589/2821/2433 2061/2819/2431
f 2652/2823/2435 2063/2817/2429 1141/2818/2430
f 2733/2824/2436 2064/2827/2439 2651/2825/2437
f 1588/2829/2441 2653/2826/2438 2733/2824/2436
f 2062/2822/2434 2064/2827/2439 2653/2826/2438
f 2652/2823/2435 2651/2825/2437 2064/2827/2439
f 1284/2828/2440 2065/2830/2442 2653/2826/2438
f 1589/2821/2433 1285/2832/2444 1286/1877/1566
f 2071/2839/2451 1286/1877/1566 1285/2832/2444
f 2410/2048/1722 2068/2834/2446 2065/2830/2442
f 2068/2834/2446 2066/2831/2443 2065/2830/2442
f 2654/2833/2445 1589/2821/2433 2066/2831/2443
f 1132/2046/1720 2067/2836/2448 2655/2835/2447
f 2655/2835/2447 2068/2834/2446 2410/2048/1722
f 1485/2043/1717 2070/2837/2449 2067/2836/2448
f 2654/2833/2445 2067/2836/2448 2070/2837/2449
f 1131/2841/2453 1287/2838/2450 2069/2045/1719
f 1285/2832/2444 2070/2837/2449 1287/2838/2450
f 2070/2837/2449 2069/2045/1719 1287/2838/2450
f 2656/2840/2452 1287/2838/2450 1131/2841/2453
f 2779/2843/2455 2072/2845/2457 1591/2844/2456
f 2072/2845/2457 2073/2848/2460 2074/2846/2458
f 2657/2847/2459 2076/2849/2461 2073/2848/2460
f 2656/2840/2452 2073/2848/2460 2076/2849/2461
f 1590/2842/2454 2074/2846/2458 2073/2848/2460
f 2657/2847/2459 2777/2850/2462 2075/1878/1567
f 2071/2839/2451 2076/2849/2461 2075/1878/1567
f 1693/1206/986 990/2852/2464 1178/2270/1944
f 1592/2851/2463 2658/2853/2465 2077/2856/2468
f 2658/2853/2465 1618/2854/2466 2077/2856/2468
f 2470/1889/1575 1288/2062/1736 1795/1890/1574
f 847/2855/2467 2407/2039/1713 2659/2858/2470
f 2407/2039/1713 1844/2859/2471 2660/2857/2469
f 1288/2062/1736 1592/2851/2463 2078/2061/1735
f 1592/2851/2463 2659/2858/2470 2078/2061/1735
f 1288/2062/1736 2740/2864/2475 2079/2860/2472
f 2662/2863/2474 2079/2860/2472 2740/2864/2475
f 2740/2864/2475 2737/1313/1091 2080/2865/1089
f 1324/3198/2784 848/2862/2473 2662/2866/2474
f 1795/1887/1574 848/2862/2473 2664/2362/2030
f 849/2870/2479 2666/2868/2477 2663/2867/2476
f 2081/3429/2029 2663/3430/2476 2664/3431/2030
f 880/2872/2481 1593/2873/2482 2081/2361/2029
f 849/2870/2479 2668/2007/1681 2666/2868/2477
f 1833/1051/831 2666/2868/2477 2668/2007/1681
f 2666/2868/2477 2667/1885/1572 2664/2362/2030
f 2082/2003/1677 2668/2007/1681 1834/2006/1680
f 1834/2006/1680 1124/2002/1676 2082/2003/1677
f 2667/1885/1572 2666/2868/2477 1832/1891/1576
f 1126/1901/1586 2151/3045/2652 2669/2874/2483
f 2151/3045/2652 1594/2875/2484 2669/2874/2483
f 2671/2876/2485 2672/2877/2486 2673/2878/2487
f 2672/2877/2486 1397/2359/2027 2494/2358/2026
f 1531/2357/2025 1290/2879/2488 2673/2878/2487
f 2673/2878/2487 2670/1904/1589 2671/2876/2485
f 1531/2357/2025 2493/2356/2024 1595/2880/2489
f 1290/2879/2488 1531/2357/2025 1595/2880/2489
f 2084/2883/2492 1294/1905/1590 2670/1904/1589
f 1207/2881/2490 1596/2885/2494 2674/2884/2493
f 2675/2887/2496 2083/2882/2491 2674/2884/2493
f 1597/1316/1094 2311/1315/1093 2766/2888/2497
f 1291/2886/2495 1597/1316/1094 2085/2889/2498
f 1598/2890/2499 1599/2891/2500 2085/2889/2498
f 2453/2225/1899 2087/2895/2504 2676/2892/2501
f 2675/2887/2496 1599/2891/2500 2676/2892/2501
f 2676/2892/2501 1598/2890/2499 1292/2893/2502
f 2087/2895/2504 1600/2896/2505 2086/2894/2503
f 1600/2896/2505 1294/1905/1590 2084/2883/2492
f 2083/2882/2491 2675/2887/2496 2086/2894/2503
f 1600/2896/2505 1293/2897/2506 1294/1905/1590
f 2092/2904/2513 1294/1905/1590 1293/2897/2506
f 2452/2220/1894 2089/2899/2508 2087/2895/2504
f 2677/2898/2507 1600/2896/2505 2087/2895/2504
f 1165/2218/1892 2088/2901/2510 2678/2900/2509
f 2678/2900/2509 2089/2899/2508 2452/2220/1894
f 1511/2215/1889 2091/2902/2511 2088/2901/2510
f 2677/2898/2507 2088/2901/2510 2091/2902/2511
f 1164/2907/2516 1295/2903/2512 2090/2217/1891
f 1293/2897/2506 2091/2902/2511 1295/2903/2512
f 2091/2902/2511 2090/2217/1891 1295/2903/2512
f 2094/2906/2515 1295/2903/2512 1164/2907/2516
f 2784/2910/2519 2093/2914/2523 1296/2911/2520
f 2093/2914/2523 2094/2906/2515 1296/2911/2520
f 2680/2913/2522 2096/2915/2524 2093/2914/2523
f 2679/2909/2518 2093/2914/2523 2096/2915/2524
f 1601/2908/2517 1296/2911/2520 2094/2906/2515
f 2680/2913/2522 2782/2917/2526 2095/2916/2525
f 2092/2904/2513 2096/2915/2524 2095/2916/2525
f 943/2905/2514 2098/2919/2528 2097/1906/1591
f 2095/2916/2525 2099/2920/2529 2098/2919/2528
f 992/2923/2532 2100/2922/2531 837/1218/997
f 2100/2922/2531 2101/2925/2534 2102/2282/1953
f 881/2924/2533 2103/2926/2535 2101/2925/2534
f 2099/2920/2529 2101/2925/2534 2103/2926/2535
f 909/2283/1954 2102/2282/1953 2101/2925/2534
f 1298/2015/1689 2681/2927/2536 881/2924/2533
f 1298/2015/1689 1802/1907/1592 2681/2927/2536
f 2097/1906/1591 2681/2927/2536 1802/1907/1592
f 2097/1906/1591 2103/2926/2535 2681/2927/2536
f 1698/1234/1013 1299/2929/2538 1186/2291/1962
f 1603/2928/2537 2682/2930/2539 2104/2933/2542
f 2682/2930/2539 1602/2931/2540 2104/2933/2542
f 2477/1915/1600 1300/2234/1908 1805/1916/1599
f 850/2932/2541 2449/2211/1885 2683/2935/2544
f 2449/2211/1885 1886/2936/2545 2684/2934/2543
f 1300/2234/1908 1603/2928/2537 2105/2232/1906
f 1603/2928/2537 2683/2935/2544 2105/2232/1906
f 1300/2234/1908 2771/2940/2549 2106/2937/2546
f 2686/2939/2548 2106/2937/2546 2771/2940/2549
f 2771/2940/2549 2769/1329/1107 1016/2941/2550
f 1507/2196/1870 851/3385/2547 2686/3432/2548
f 1805/1914/1599 851/3385/2547 1160/2193/1867
f 1506/2187/1861 2690/2943/2552 2687/2942/2551
f 2107/2944/2553 2687/2942/2551 2688/2191/1865
f 2688/2191/1865 2687/2942/2551 1160/2193/1867
f 1158/1135/915 2107/2944/2553 1682/1137/917
f 882/2190/1864 1157/2188/1862 2107/2944/2553
f 1506/2187/1861 2692/2945/2554 2690/2943/2552
f 2214/1243/1022 2690/2943/2552 2692/2945/2554
f 2690/2943/2552 2691/1912/1597 1160/2193/1867
f 2108/2946/2555 2692/2945/2554 1301/3115/2720
f 1301/3115/2720 2764/3113/2718 2108/2946/2555
f 2691/1912/1597 2690/2943/2552 1113/1918/1602
f 2479/2306/1976 1604/2948/2557 2109/1932/1615
f 2693/2947/2556 1302/1934/1617 2109/1932/1615
f 1604/2948/2557 1524/2305/1975 2693/2947/2556
f 1524/2305/1975 838/1247/1026 1303/2950/2559
f 2693/2947/2556 1304/2949/2558 2110/2952/2561
f 1304/2949/2558 884/2951/2560 2110/2952/2561
f 2694/2954/2563 1309/1937/1620 1476/1936/1619
f 1302/1934/1617 2693/2947/2556 1476/1936/1619
f 852/2184/1858 1881/2183/1857 2695/2955/2564
f 1881/2183/1857 1505/2180/1854 2695/2955/2564
f 2696/2957/2566 2694/2954/2563 2110/2952/2561
f 2697/2956/2565 2698/2179/1853 2699/2958/2567
f 2698/2179/1853 2291/1132/912 2448/2209/1883
f 1509/2208/1882 1306/2959/2568 2699/2958/2567
f 2699/2958/2567 2696/2957/2566 2697/2956/2565
f 2114/2960/2569 2111/2963/2572 2447/2207/1881
f 1509/2208/1882 2447/2207/1881 2111/2963/2572
f 1306/2959/2568 1509/2208/1882 2111/2963/2572
f 2112/2962/2571 1309/1937/1620 2694/2954/2563
f 2117/2973/2582 1607/2964/2573 2112/2962/2571
f 2701/2966/2575 2114/2960/2569 1163/2961/2570
f 2754/2967/2576 2700/3120/2725 1606/1334/1112
f 2754/2967/2576 2115/2969/2578 2700/3120/2725
f 1605/2971/2580 2702/2968/2577 2754/2967/2576
f 2113/2965/2574 2115/2969/2578 2702/2968/2577
f 2701/2966/2575 2700/3120/2725 2115/2969/2578
f 1307/2970/2579 2116/2972/2581 2702/2968/2577
f 1607/2964/2573 1308/2974/2583 1309/1937/1620
f 2122/2981/2590 1309/1937/1620 1308/2974/2583
f 2438/2163/1837 2119/2976/2585 2116/2972/2581
f 2119/2976/2585 2117/2973/2582 2116/2972/2581
f 2703/2975/2584 1607/2964/2573 2117/2973/2582
f 1154/2161/1835 2118/2978/2587 2704/2977/2586
f 2704/2977/2586 2119/2976/2585 2438/2163/1837
f 1502/2158/1832 2121/2979/2588 2118/2978/2587
f 2703/2975/2584 2118/2978/2587 2121/2979/2588
f 1153/2983/2592 1310/2980/2589 2120/2160/1834
f 1308/2974/2583 2121/2979/2588 1310/2980/2589
f 2121/2979/2588 2120/2160/1834 1310/2980/2589
f 2705/2982/2591 1310/2980/2589 1153/2983/2592
f 2793/2985/2594 2123/2987/2596 1609/2986/2595
f 2123/2987/2596 2124/2990/2599 2125/2988/2597
f 2706/2989/2598 2127/2991/2600 2124/2990/2599
f 2705/2982/2591 2124/2990/2599 2127/2991/2600
f 1608/2984/2593 2125/2988/2597 2124/2990/2599
f 2706/2989/2598 2791/2992/2601 2126/1938/1621
f 2122/2981/2590 2127/2991/2600 2126/1938/1621
f 1704/1267/1046 1006/2994/2603 1193/2326/1996
f 1610/2993/2602 2707/2995/2604 2128/2998/2607
f 2707/2995/2604 1631/2996/2605 2128/2998/2607
f 2487/1948/1630 1311/2177/1851 1816/1949/1628
f 853/2997/2606 2435/2154/1828 2708/3000/2609
f 2435/2154/1828 1872/3001/2610 2709/2999/2608
f 1311/2177/1851 1610/2993/2602 2129/2176/1850
f 1610/2993/2602 2708/3000/2609 2129/2176/1850
f 1311/2177/1851 2761/3005/2613 2130/3002/2611
f 2711/3004/2612 2130/3002/2611 2761/3005/2613
f 2761/3005/2613 2758/1348/1126 2131/1346/1124
f 1498/2138/1812 854/2137/1811 2711/3006/2612
f 1816/1945/1628 854/2137/1811 1149/2135/1809
f 1497/2129/1803 2715/3009/2616 2712/3008/2615
f 2132/3010/2617 2712/3008/2615 2713/2133/1807
f 2713/2133/1807 2712/3008/2615 1149/2135/1809
f 1147/1110/890 2132/3010/2617 1679/1112/892
f 885/2132/1806 1146/2130/1804 2132/3010/2617
f 1497/2129/1803 2717/3011/2618 2715/3009/2616
f 1895/1160/940 2715/3009/2616 2717/3011/2618
f 2715/3009/2616 2716/1943/1626 1149/2135/1809
f 2133/3012/2619 2717/3011/2618 1312/3095/2701
f 1312/3095/2701 2753/3093/2699 2133/3012/2619
f 2716/1943/1626 2715/3009/2616 1894/1950/1631
f 1738/1626/1341 2508/2412/2076 2135/3016/2623
f 1738/3433/1341 2135/3434/2623 2854/3435/2622
f 2137/3019/2626 2242/2411/2075 1118/3375/2855
f 2506/2406/2070 2139/3023/2630 2857/3022/2629
f 2807/3027/2634 2142/3031/2638 2859/3030/2637
f 2720/3436/2081 2143/3437/2080 2846/3438/2639
f 2143/2416/2080 2244/2418/2082 1121/3380/2857
f 1611/1631/1346 1217/1988/1664 2145/3037/2644
f 1611/3439/1346 2145/3440/2644 2861/3441/2643
f 2148/1644/1359 1741/1211/991 2147/1213/992
f 2147/1213/992 1471/1883/1570 2148/1644/1359
f 2665/2869/2478 2149/3041/2648 1125/2008/1682
f 2721/3043/2650 1612/3042/2649 880/2872/2481
f 1397/2359/2027 2672/2877/2486 2150/3044/2651
f 1612/3042/2649 2721/3043/2650 1594/2875/2484
f 2721/3043/2650 1710/1306/1085 1014/1304/1083
f 1125/2008/1682 2149/3041/2648 2151/3045/2652
f 2149/3041/2648 1612/3042/2649 2151/3045/2652
f 881/2924/2533 2723/3046/2653 1298/2015/1689
f 1614/3050/2657 2722/3047/2654 2723/3046/2653
f 2402/2014/1688 1298/2015/1689 2722/3047/2654
f 1297/2921/2530 1613/3048/2655 2723/3046/2653
f 1614/3050/2657 2723/3046/2653 1613/3048/2655
f 1613/3048/2655 2724/2422/2086 2152/3049/2656
f 910/2017/1691 2402/2014/1688 2725/3390/2862
f 2722/3047/2654 2725/3390/2862 2402/2014/1688
f 2722/3047/2654 1614/3050/2657 2725/3390/2862
f 1955/2486/2140 1229/2485/2139 1081/1698/1405
f 1229/2485/2139 2526/2487/2137 2366/3051/1395
f 2726/2403/2067 1439/1689/1396 2366/1688/1395
f 2535/2026/1700 2153/2520/2168 1482/2030/1704
f 1615/3055/2661 2153/2520/2168 1313/3052/2658
f 2729/3053/2659 2727/2519/2167 2728/2516/2164
f 835/1164/944 1266/2739/2353 2154/3054/2660
f 1579/2735/2349 1313/3052/2658 2154/3054/2660
f 2729/3053/2659 2154/3054/2660 1313/3052/2658
f 1579/2735/2349 1615/3055/2661 1313/3052/2658
f 2153/2520/2168 1615/3055/2661 1482/2030/1704
f 1781/1846/1539 2730/2783/2397 2155/3057/2663
f 2155/3057/2663 1483/2033/1707 1781/1846/1539
f 1617/3058/2664 1483/2033/1707 2155/3057/2663
f 2731/3056/2662 2732/2777/2391 2156/3059/2665
f 1371/2779/2393 886/1169/949 2156/3059/2665
f 886/1169/949 1616/3060/2666 2156/3059/2665
f 1616/3060/2666 1617/3058/2664 2731/3056/2662
f 1616/3060/2666 886/1169/949 1370/1170/950
f 893/2497/2150 1231/3061/2667 1617/3058/2664
f 1314/3064/2670 1620/3062/2668 1618/2854/2466
f 1591/2844/2456 2074/2846/2458 1314/3064/2670
f 1377/1204/984 1591/2844/2456 1314/3064/2670
f 2074/2846/2458 1590/2842/2454 1619/3065/2671
f 1620/3062/2668 1314/3064/2670 1619/3065/2671
f 1590/2842/2454 1131/2841/2453 2159/3066/2672
f 2157/2042/1716 1620/3062/2668 2159/3066/2672
f 1621/3069/2675 1284/2828/2440 1588/2829/2441
f 2735/2055/1729 2411/2053/1727 1284/2828/2440
f 2733/2824/2436 2160/1297/1076 1588/2829/2441
f 1621/3069/2675 1588/2829/2441 2160/1297/1076
f 2160/1297/1076 1011/1294/1073 2161/3068/2674
f 1011/1294/1073 2734/3067/2673 2161/3068/2674
f 1487/2056/1730 2735/2055/1729 2161/3068/2674
f 1621/3069/2675 2161/3068/2674 2735/2055/1729
f 2561/1759/1455 866/1758/1454 2736/2060/1734
f 2736/2060/1734 866/1758/1454 2739/3070/2676
f 2739/3070/2676 2740/2864/2475 2736/2060/1734
f 879/2808/2420 2742/3071/2677 1282/2810/2422
f 1623/3075/2681 2741/3072/2678 2742/3071/2677
f 1622/2067/1741 846/2069/1743 1282/2810/2422
f 1622/2067/1741 1282/2810/2422 2741/3072/2678
f 1280/2807/2419 2162/3073/2679 2742/3071/2677
f 836/1186/966 2297/1185/965 2162/3073/2679
f 983/1183/963 2162/3073/2679 2297/1185/965
f 1623/3075/2681 2742/3071/2677 2162/3073/2679
f 2643/2802/2414 1489/2072/1746 1622/2067/1741
f 2741/3072/2678 1623/3075/2681 1622/2067/1741
f 1009/3442/2410 2163/2617/1066 2637/2798/2408
f 1767/1767/1463 2165/1766/1462 2166/3079/2685
f 2166/3079/2685 945/2089/1763 1767/1767/1463
f 1767/1767/1463 945/2089/1763 840/2091/1765
f 2165/1766/1462 1459/1289/1068 1708/1291/1070
f 2167/3077/2683 1315/3080/2686 2166/3079/2685
f 2167/3077/2683 2166/3079/2685 2165/1766/1462
f 1393/1296/1075 2651/2825/2437 2167/3077/2683
f 1624/3078/2684 1141/2818/2430 945/2089/1763
f 1625/3082/2688 2168/3081/2687 1585/2787/2401
f 2171/3084/2690 2170/3083/2689 1585/2787/2401
f 1371/2779/2393 1275/2778/2392 2171/3084/2690
f 1625/3082/2688 2170/3083/2689 1584/2775/2389
f 2171/3084/2690 1276/2785/2399 981/1171/951
f 1584/2775/2389 1142/2774/2388 2172/3085/2691
f 2169/2099/1773 1625/3082/2688 2172/3085/2691
f 1626/3088/2694 1271/2761/2375 1581/2762/2376
f 2746/2112/1786 2425/2110/1784 1271/2761/2375
f 2744/2758/2372 2173/1275/1054 1581/2762/2376
f 1626/3088/2694 1581/2762/2376 2173/1275/1054
f 2173/1275/1054 2307/1276/1055 2174/3087/2693
f 2307/1276/1055 2745/3086/2692 2174/3087/2693
f 1495/2113/1787 2746/2112/1786 2174/3087/2693
f 1626/3088/2694 2174/3087/2693 2746/2112/1786
f 2580/1778/1474 2379/1777/1473 2747/2117/1791
f 2747/2117/1791 2379/1777/1473 2749/3089/2695
f 2379/1777/1473 1391/1284/1063 2749/3089/2695
f 2749/3089/2695 2750/2796/2409 2747/2117/1791
f 876/2742/2356 2752/3090/2696 1269/2744/2358
f 1628/3094/2700 2751/3091/2697 2752/3090/2696
f 1627/2124/1798 843/2126/1800 1269/2744/2358
f 1627/2124/1798 1269/2744/2358 2751/3091/2697
f 1267/2741/2355 2175/3092/2698 2752/3090/2696
f 835/1164/944 2296/1163/943 2175/3092/2698
f 978/1161/941 2175/3092/2698 2296/1163/943
f 1628/3094/2700 2752/3090/2696 2175/3092/2698
f 2717/3011/2618 1497/2129/1803 1627/2124/1798
f 2751/3091/2697 1628/3094/2700 1627/2124/1798
f 2131/1346/1124 1404/1345/1123 1629/3096/2614
f 2013/3413/2288 1629/3096/2614 2176/2401/2065
f 1770/1789/1485 2177/1788/1484 2178/3099/2704
f 2178/3099/2704 946/2147/1821 1770/1789/1485
f 1770/1789/1485 946/2147/1821 841/2149/1823
f 2177/1788/1484 1098/1279/1058 2308/1281/1060
f 2179/1272/1051 1316/3100/2705 2178/3099/2704
f 2179/1272/1051 2178/3099/2704 2177/1788/1484
f 1582/1274/1053 2626/3098/2703 1630/3097/2702
f 1630/3097/2702 1152/2752/2366 946/2147/1821
f 1317/3103/2708 1633/3101/2706 1631/2996/2605
f 1609/2986/2595 2125/2988/2597 1317/3103/2708
f 1387/1265/1044 1609/2986/2595 1317/3103/2708
f 2125/2988/2597 1608/2984/2593 1632/3104/2709
f 1633/3101/2706 1317/3103/2708 1632/3104/2709
f 1608/2984/2593 1153/2983/2592 2182/3105/2710
f 2180/2157/1831 1633/3101/2706 2182/3105/2710
f 1634/3108/2713 1307/2970/2579 1605/2971/2580
f 2756/2170/1844 2439/2168/1842 1307/2970/2579
f 2754/2967/2576 2183/1335/1113 1605/2971/2580
f 1634/3108/2713 1605/2971/2580 2183/1335/1113
f 2183/1335/1113 2316/1336/1114 2184/3107/2712
f 2316/1336/1114 2755/3106/2711 2184/3107/2712
f 1504/2171/1845 2756/2170/1844 2184/3107/2712
f 1634/3108/2713 2184/3107/2712 2756/2170/1844
f 2596/1797/1493 871/1796/1492 2757/2175/1849
f 2757/2175/1849 871/1796/1492 2760/3109/2714
f 2760/3109/2714 2761/3005/2613 2757/2175/1849
f 884/2951/2560 2763/3110/2715 1305/2953/2562
f 1636/3114/2719 2762/3111/2716 2763/3110/2715
f 1635/2182/1856 852/2184/1858 1305/2953/2562
f 1635/2182/1856 1305/2953/2562 2762/3111/2716
f 1303/2950/2559 2185/3112/2717 2763/3110/2715
f 838/1247/1026 2303/1246/1025 2185/3112/2717
f 999/1244/1023 2185/3112/2717 2303/1246/1025
f 1636/3114/2719 2763/3110/2715 2185/3112/2717
f 2692/2945/2554 1506/2187/1861 1635/2182/1856
f 2762/3111/2716 1636/3114/2719 1635/2182/1856
f 1016/2941/2550 2186/1330/1108 2686/2939/2548
f 2686/3432/2548 2187/2701/2320 1507/2196/1870
f 842/2206/1880 1773/1804/1500 2765/3118/2723
f 1773/1804/1500 2188/1805/1501 947/3116/2721
f 1773/1804/1500 947/3116/2721 2765/3118/2723
f 2765/3118/2723 948/2204/1878 842/2206/1880
f 2188/1805/1501 1102/1339/1117 2317/1341/1119
f 2189/1332/1110 1318/3117/2722 947/3116/2721
f 1606/1334/1112 2700/3120/2725 1637/3119/2724
f 1637/3119/2724 1163/2961/2570 948/2204/1878
f 1638/3122/2727 2190/3121/2726 1602/2931/2540
f 2193/3124/2729 2192/3123/2728 1602/2931/2540
f 1381/2912/2521 1296/2911/2520 2193/3124/2729
f 1638/3122/2727 2192/3123/2728 1601/2908/2517
f 2193/3124/2729 1299/2929/2538 997/1232/1011
f 1601/2908/2517 1164/2907/2516 2194/3125/2730
f 2191/2214/1888 1638/3122/2727 2194/3125/2730
f 1639/3126/2731 1292/2893/2502 1598/2890/2499
f 1513/2227/1901 2453/2225/1899 1292/2893/2502
f 2766/2888/2497 2195/1317/1095 1598/2890/2499
f 1639/3126/2731 1598/2890/2499 2195/1317/1095
f 2195/1317/1095 2312/1318/1096 2196/2734/2348
f 1514/2228/1902 1513/2227/1901 2767/2732/2346
f 1292/2893/2502 2767/2732/2346 1513/2227/1901
f 1639/3126/2731 2196/2734/2348 2767/2732/2346
f 2768/2233/1907 939/2725/2339 2770/3127/2732
f 939/2725/2339 2615/1327/1105 2769/1329/1107
f 2770/3127/2732 2771/2940/2549 2768/2233/1907
f 2198/3130/2733 1551/2236/1910 864/2511/2159
f 2197/3129/2734 2198/3128/2733 1007/2509/2160
f 1705/1942/1625 1116/1941/1624 2197/3129/2734
f 1116/1941/1624 1478/1952/1632 2198/3128/2733
f 1783/1853/1546 1171/3386/2859 1170/2240/1914
f 1782/1847/1540 2199/3131/2735 1783/1853/1546
f 1171/3386/2859 1783/1853/1546 2199/3131/2735
f 2199/3131/2735 1688/1849/1542 982/1176/956
f 1233/1175/955 2199/3131/2735 982/1176/956
f 2199/3131/2735 1958/2499/2152 1171/3386/2859
f 1373/1177/957 2772/2476/2130 2200/1857/1548
f 1689/1178/958 1373/1177/957 2201/1182/962
f 891/1179/959 2772/2476/2130 1373/1177/957
f 2774/2464/2121 1440/3135/2737 2202/3134/2736
f 2202/3133/2736 2203/1686/1386 1174/2248/1922
f 1110/1871/1560 2775/3136/2738 2463/2255/1929
f 878/1865/1554 2776/3138/2740 2775/3136/2738
f 2206/3137/2739 2775/3136/2738 2776/3138/2740
f 1517/2257/1931 2463/2255/1929 2775/3136/2738
f 1109/1861/1550 1640/3139/2741 2776/3138/2740
f 2206/3137/2739 2776/3138/2740 1640/3139/2741
f 1640/3139/2741 2205/3394/2863 2206/3137/2739
f 1640/3139/2741 2204/2481/2135 2205/3394/2863
f 1952/2482/2136 2206/3137/2739 2205/3394/2863
f 2523/2479/2133 1517/2257/1931 2206/3137/2739
f 1792/1879/1568 2777/2850/2462 1519/2264/1938
f 2778/3140/2742 2779/2843/2455 2207/3142/2744
f 1377/1204/984 1376/1202/982 2207/3142/2744
f 887/1203/983 1641/3143/2745 2207/3142/2744
f 1641/3143/2745 1642/3141/2743 2778/3140/2742
f 890/2460/2117 1224/3144/2746 1642/3141/2743
f 1944/2454/2111 1519/2264/1938 1224/3144/2746
f 2780/2407/2071 2363/1661/1374 1750/1663/1376
f 2780/2407/2071 1070/1662/1375 2363/1661/1374
f 1794/1884/1571 1180/3387/2860 1179/2273/1947
f 1793/1880/1569 1545/2463/2120 1794/1884/1571
f 1180/3387/2860 1794/1884/1571 1545/2463/2120
f 1946/2462/2119 1180/3387/2860 1545/2463/2120
f 2360/1624/1339 926/1623/1338 1940/2439/2100
f 2781/2441/2101 1075/1659/1372 1182/3443/1950
f 2781/2441/2101 1940/2439/2100 1745/1652/1367
f 1183/2918/2527 2782/2917/2526 2210/3149/2749
f 2210/3149/2749 2473/2285/1956 1183/2918/2527
f 2783/3148/2748 2784/2910/2519 2211/3151/2751
f 1381/2912/2521 1380/1231/1010 2211/3151/2751
f 1379/1228/1007 2785/3153/2753 2211/3151/2751
f 2785/3153/2753 1319/3152/2752 2211/3151/2751
f 1319/3152/2752 1643/3150/2750 2783/3148/2748
f 1241/2296/1967 2549/2563/2204 1319/3152/2752
f 2785/3153/2753 1379/1228/1007 1522/1230/1009
f 949/2562/2203 2548/1730/1430 2473/2285/1956
f 2473/2285/1956 2210/3149/2749 949/2562/2203
f 2210/3149/2749 1643/3150/2750 949/2562/2203
f 1090/1735/1435 1991/2579/2220 2513/3154/2095
f 1931/2413/2077 1441/1628/1343 2513/2431/2095
f 1803/1917/1601 2212/3157/2756 1187/2295/1966
f 1804/1909/1594 1644/1911/1596 1803/1917/1601
f 2212/3157/2756 1803/1917/1601 1644/1911/1596
f 1644/1911/1596 2302/3156/2755 2213/3155/2754
f 1558/2566/2207 2212/3157/2756 2213/3155/2754
f 1644/1911/1596 2213/3155/2754 2212/3157/2756
f 1700/1239/1018 1383/1238/1017 2214/1243/1022
f 1978/2539/2187 2787/3158/2757 2788/2543/2190
f 2544/1633/1348 1739/2577/2218 2787/3158/2757
f 2788/2542/2190 1243/3405/2216 1189/2301/1971
f 2788/2543/2190 2787/3158/2757 1987/2576/2217
f 1115/1931/1614 2789/3159/2758 2481/2308/1978
f 883/1925/1608 2790/3161/2760 2789/3159/2758
f 2217/3160/2759 2789/3159/2758 2790/3161/2760
f 1525/2310/1980 2481/2308/1978 2789/3159/2758
f 1114/1921/1604 1645/3162/2761 2790/3161/2760
f 2217/3160/2759 2790/3161/2760 1645/3162/2761
f 1645/3162/2761 2216/3401/2864 2217/3160/2759
f 1645/3162/2761 2215/2560/2201 2216/3401/2864
f 1980/2561/2202 2217/3160/2759 2216/3401/2864
f 2546/2558/2199 1525/2310/1980 2217/3160/2759
f 1813/1939/1622 2791/2992/2601 2218/3164/2763
f 2218/3164/2763 1527/2317/1987 1813/1939/1622
f 1647/3165/2764 1527/2317/1987 2218/3164/2763
f 2792/3163/2762 2793/2985/2594 2219/3166/2765
f 1387/1265/1044 1386/1263/1042 2219/3166/2765
f 888/1264/1043 1646/3167/2766 2219/3166/2765
f 1646/3167/2766 1647/3165/2764 2792/3163/2762
f 896/2535/2183 1237/3168/2767 1647/3165/2764
f 1970/2525/2173 1969/3170/2171 1087/1723/1425
f 2794/2415/2079 1442/1635/1350 2369/1714/1417
f 1815/1946/1629 1195/3388/2861 1194/2329/1999
f 1814/1940/1623 2220/3171/2769 1815/1946/1629
f 1195/3388/2861 1815/1946/1629 2220/3171/2769
f 2220/3171/2769 1705/1942/1625 1008/1271/1050
f 1239/1270/1049 2220/3171/2769 1008/1271/1050
f 2220/3171/2769 1973/2537/2185 1195/3388/2861
f 2796/2500/2153 927/1702/1408 2221/3172/2770
f 2221/3172/2770 927/1702/1408 1754/1701/1407
f 2221/3173/2770 1084/1711/1415 1197/2333/2003
f 2595/2679/2300 2594/2678/2301 1320/3176/2772
f 1320/3444/2772 2797/3174/2771 2595/2677/2300
f 1571/2667/2292 832/1467/1211 1723/1466/1210
f 1571/2667/2292 1723/1466/1210 1040/3177/1207
f 2332/3445/1199 1320/3176/2772 2222/3175/1206
f 904/3180/2773 2332/3445/1199 1037/3178/1202
f 1320/3176/2772 2332/3445/1199 904/3180/2773
f 2798/2647/2277 2797/3174/2771 1320/3444/2772
f 1321/3182/2774 1201/3410/2010 2588/3181/2282
f 869/2652/2280 1034/1430/1184 2223/1432/1183
f 1566/2651/2279 831/1436/1189 1720/1433/1186
f 1566/2651/2279 1720/1433/1186 1034/1430/1184
f 2328/3184/1176 1321/3182/2774 2223/1432/1183
f 2009/2630/2263 2328/3184/1176 1031/1422/1179
f 1321/3182/2774 2328/3184/1176 2007/2629/2262
f 1321/3182/2774 1249/2628/2261 1201/3410/2010
f 2579/2636/2266 2578/2633/2265 1322/3187/2776
f 1322/3446/2776 2799/3185/2775 2579/2634/2266
f 2008/2632/2264 830/1406/1163 1028/3447/1161
f 2008/2632/2264 1028/3447/1161 2224/3188/1159
f 901/3191/2777 2323/3448/1152 1025/3189/1155
f 1322/3187/2776 2323/3448/1152 901/3191/2777
f 2225/3186/1160 2323/3448/1152 1322/3187/2776
f 2800/2607/2244 2799/3185/2775 1322/3446/2776
f 839/2586/2225 2553/2585/2224 2801/3192/2778
f 2553/2585/2224 2226/3193/2779 950/3194/2780
f 2553/2585/2224 950/3194/2780 2801/3192/2778
f 2226/3193/2779 2554/1323/1101 2313/1322/1100
f 2227/1314/1092 1323/3195/2781 950/3194/2780
f 1597/1316/1094 1291/2886/2495 1648/3196/2782
f 1648/3196/2782 1207/2881/2490 951/3197/2783
f 1206/2355/2023 2801/3192/2778 951/3197/2783
f 2662/2866/2474 1325/2591/2230 1324/3198/2784
f 2080/1310/1089 1398/1309/1088 1325/2591/2230
f 1398/1309/1088 2228/2375/2040 1325/2591/2230
f 1996/2589/2228 1324/3198/2784 1325/2591/2230
f 867/2612/2247 1021/1361/1136 2229/1363/1135
f 1562/2611/2246 829/1367/1141 1715/1364/1138
f 1562/2611/2246 1715/1364/1138 1021/1361/1136
f 2319/3204/1127 1326/3202/2786 2229/1363/1135
f 1761/1738/1437 2319/3204/1127 1017/1352/1130
f 1326/3202/2786 2319/3204/1127 1764/1753/1449
f 1535/1754/1450 1534/3201/2038 1092/1755/1451
f 2230/1739/1438 2371/1741/1440 1327/3207/2788
f 1327/3449/2788 2802/3205/2787 2230/1742/1438
f 1760/1737/1436 1020/1736/1133 1734/3450/1303
f 1760/1737/1436 1734/3450/1303 1064/3208/1300
f 2349/3451/1292 1327/3207/2788 2231/3206/1299
f 1462/3211/2789 2349/3451/1292 1061/3209/1295
f 1327/3207/2788 2349/3451/1292 1462/3211/2789
f 2803/1827/1520 2802/3205/2787 1327/3449/2788
f 874/1814/1510 1058/1550/1277 2232/1552/1276
f 1460/1811/1507 825/1556/1282 1731/1553/1279
f 1460/1811/1507 1731/1553/1279 1058/1550/1277
f 2345/1540/1269 1328/3215/2790 2232/1552/1276
f 2031/2717/2332 2345/1540/1269 1055/1543/1272
f 1328/3215/2790 2345/1540/1269 2029/2714/2330
f 1537/2715/2054 1536/3214/2052 1262/2716/2331
f 2612/2720/2333 2611/2719/2334 1329/3218/2792
f 1329/3452/2792 2804/3216/2791 2612/2718/2333
f 1576/2708/2325 834/1523/1256 1052/1525/1254
f 1576/2708/2325 1052/1525/1254 2233/3219/1252
f 906/3222/2793 2340/3453/1245 1049/3220/1248
f 1329/3218/2792 2340/3453/1245 906/3222/2793
f 2234/3217/1253 2340/3453/1245 1329/3218/2792
f 2805/2690/2311 2804/3216/2791 1329/3452/2792
f 872/2695/2314 1046/3420/1230 2235/3227/1229
f 1572/2694/2313 833/1497/1235 1726/1496/1232
f 1572/2694/2313 1726/1496/1232 1046/3420/1230
f 2336/3228/1222 1330/3226/2795 2235/3227/1229
f 2020/2676/2299 2336/3228/1222 1043/1483/1225
f 1330/3226/2795 2336/3228/1222 2018/2673/2297
f 1539/2400/2064 1538/2398/2062 1256/3454/2298
f 1649/1977/1654 2842/3455/2869 952/3379/2856
f 2837/3025/2632 2842/3455/2869 2140/2405/2069
f 1649/1977/1654 2140/2405/2069 2842/3455/2869
f 1215/1954/1634 2843/3456/2870 953/3374/2854
f 2840/3039/2646 2843/3456/2870 2146/2414/2078
f 1215/1954/1634 2146/2414/2078 2843/3456/2870
f 2720/2417/2081 2844/3457/2871 954/3233/2800
f 2839/3033/2640 2844/3457/2871 2720/2417/2081
f 2236/1619/1334 1737/1971/1650 1930/1620/1335
f 1119/1970/1649 2505/2404/2068 1737/1971/1650
f 2806/1639/1354 1078/1691/1398 1649/1977/1654
f 1747/1660/1373 1070/1662/1375 2808/1665/1378
f 2237/1625/1340 2242/2411/2075 2241/1622/1337
f 1937/2430/2094 1441/1628/1343 955/1627/1342
f 1560/2574/2215 2243/1630/1345 1216/1629/1344
f 1932/1994/1670 1216/1629/1344 2243/1630/1345
f 1756/1713/1416 1218/1634/1349 1085/2538/2186
f 1218/1634/1349 2544/1633/1348 1085/2538/2186
f 1756/1713/1416 1442/1635/1350 1218/1634/1349
f 1082/1700/1406 927/1702/1408 2361/1640/1355
f 2361/1640/1355 2244/2418/2082 1219/1636/1351
f 856/3241/1143 1650/3235/2802 2245/3237/1144
f 1331/3249/1148 2321/3238/1145 859/3239/2803
f 2321/3238/1145 956/3236/1146 1650/3235/2802
f 1651/3240/2804 2246/3242/2805 1650/3235/2802
f 1651/3240/2804 2355/1598/1313 2246/3242/2805
f 859/3239/2803 1650/3235/2802 2246/3242/2805
f 2830/3244/2807 2247/3243/2806 2353/1600/1315
f 863/3247/2810 2809/3245/2808 2830/3244/2807
f 2246/3242/2805 2353/1600/1315 2247/3243/2806
f 863/3247/2810 1332/3329/1150 1407/3248/1149
f 2809/3245/2808 1407/3248/1149 1023/3251/1151
f 1331/3249/1148 859/3239/2803 1652/3246/2809
f 2248/3250/1147 1652/3246/2809 2809/3245/2808
f 2249/3254/1168 1653/3253/2811 2810/3255/2812
f 1655/3261/2815 1654/3257/1173 2810/3255/2812
f 2810/3255/2812 2326/3258/1171 957/3256/1169
f 1653/3253/2811 2255/3260/2814 2250/3259/2813
f 2251/1602/1317 1655/3261/2815 2250/3259/2813
f 1651/3240/2804 2251/1602/1317 2355/1598/1313
f 1651/3240/2804 856/3241/1143 2811/3262/2816
f 2811/3262/2816 1411/3263/1174 1030/3265/1175
f 2812/3264/1172 1655/3261/2815 2811/3262/2816
f 1414/3266/1191 1656/3286/2826 2254/3267/2817
f 2252/3268/1192 2254/3267/2817 2253/3270/1194
f 1657/3269/2818 1658/3274/1196 2330/3458/1193
f 1657/3269/2818 2330/3458/1193 2253/3270/1194
f 1656/3286/2826 2816/3271/2819 2254/3267/2817
f 2816/3271/2819 1659/1606/1321 2813/1605/1320
f 2255/3260/2814 1653/3253/2811 2814/3272/2820
f 1657/3269/2818 1434/1603/1318 2255/3260/2814
f 1653/3253/2811 1410/3252/1170 1415/3273/1197
f 2814/3272/2820 1415/3273/1197 1036/3276/1198
f 2815/3275/1195 1657/3269/2818 2814/3272/2820
f 1660/3277/2821 1333/3282/2822 958/3280/1217
f 1661/3281/1219 2334/3459/1216 1333/3282/2822
f 2334/3459/1216 958/3280/1217 1333/3282/2822
f 2261/3284/2824 2257/3285/2825 1333/3282/2822
f 1659/1606/1321 2257/3285/2825 2357/1609/1324
f 2817/3283/2823 1333/3282/2822 2257/3285/2825
f 2816/3271/2819 2817/3283/2823 1659/1606/1321
f 1656/3286/2826 2258/3288/2827 2817/3283/2823
f 1414/3266/1191 1419/3287/1220 1656/3286/2826
f 1419/3287/1220 1042/3460/1221 2258/3288/2827
f 2818/3289/1218 2258/3288/2827 1042/3460/1221
f 855/3298/1237 1662/3290/2828 2259/3292/1238
f 1663/3293/1242 2338/3296/1239 2260/3294/2829
f 2338/3296/1239 959/3291/1240 1662/3290/2828
f 1664/3297/2831 2260/3294/2829 1662/3290/2828
f 1664/3297/2831 1068/1611/1326 1437/1612/1327
f 1664/3297/2831 1437/1612/1327 2260/3294/2829
f 1660/3277/2821 2819/3299/2832 2261/3284/2824
f 1665/3295/2830 2261/3284/2824 2819/3299/2832
f 1437/1612/1327 2357/1609/1324 2261/3284/2824
f 1418/3279/1214 1422/3461/1243 2819/3299/2832
f 1422/3461/1243 1048/3462/1244 2819/3299/2832
f 2820/3300/1241 2819/3299/2832 1048/3462/1244
f 1334/3311/1266 2343/3305/1264 2822/3306/2834
f 2822/3306/2834 2262/3302/1262 2823/3301/2833
f 2824/3323/2842 2359/1613/1328 2825/1614/1329
f 2825/1614/1329 2823/3301/2833 2824/3323/2842
f 1664/3297/2831 2263/3308/2836 1068/1611/1326
f 1664/3297/2831 855/3298/1237 2826/3307/2835
f 2822/3306/2834 2825/1614/1329 2263/3308/2836
f 2825/1614/1329 1068/1611/1326 2263/3308/2836
f 2826/3307/2835 1426/3310/1267 1054/3313/1268
f 1334/3311/1266 2822/3306/2834 1666/3309/2837
f 2264/3312/1265 1666/3309/2837 2826/3307/2835
f 1335/3318/1289 2347/3321/1286 2827/3319/2839
f 2827/3319/2839 2266/3317/1287 1667/3314/2838
f 2359/1613/1328 2267/3322/2841 1438/1616/1331
f 2267/3322/2841 1668/3320/2840 2827/3319/2839
f 2267/3322/2841 1667/3314/2838 1438/1616/1331
f 2824/3323/2842 2823/3301/2833 2828/3324/2843
f 2267/3322/2841 2359/1613/1328 2824/3323/2842
f 2823/3301/2833 1425/3304/1263 1430/3325/1290
f 2828/3324/2843 1430/3325/1290 1060/3327/1291
f 2268/3326/1288 1668/3320/2840 2828/3324/2843
f 863/3247/2810 1669/3330/2844 2269/3328/1306
f 1336/3463/1310 2351/3332/1307 2829/3333/2845
f 2351/3332/1307 960/3331/1308 1669/3330/2844
f 2830/3244/2807 2270/1618/1333 1669/3330/2844
f 2830/3244/2807 2353/1600/1315 2270/1618/1333
f 2829/3333/2845 1669/3330/2844 2270/1618/1333
f 2271/3336/2848 2831/3334/2846 1438/1616/1331
f 1438/1616/1331 1667/3314/2838 2832/3335/2847
f 2270/1618/1333 1438/1616/1331 2831/3334/2846
f 1667/3314/2838 1429/3316/1284 1432/3337/1311
f 2832/3335/2847 1432/3337/1311 1066/3339/1312
f 2833/3338/1309 2831/3334/2846 2832/3335/2847
f 1336/3463/1310 2829/3333/2845 2833/3338/1309
