# Blender 4.0.0
# www.blender.org
o GlassCup011_Clear
v 0.028950 0.000000 -0.048020
v 0.029327 0.007228 -0.046728
v 0.026745 0.014037 -0.046728
v 0.022608 0.020029 -0.046728
v 0.017158 0.024858 -0.046728
v 0.010711 0.028242 -0.046728
v 0.003641 0.029984 -0.046728
v -0.003641 0.029984 -0.046728
v -0.010711 0.028242 -0.046728
v -0.017158 0.024858 -0.046728
v -0.022608 0.020029 -0.046728
v -0.026745 0.014037 -0.046728
v -0.029327 0.007228 -0.046728
v -0.030204 -0.000000 -0.046728
v -0.029327 -0.007228 -0.046728
v -0.026745 -0.014037 -0.046728
v -0.022608 -0.020029 -0.046728
v -0.017158 -0.024858 -0.046728
v -0.010711 -0.028242 -0.046728
v -0.003641 -0.029984 -0.046728
v 0.003641 -0.029984 -0.046728
v 0.010711 -0.028242 -0.046728
v 0.017158 -0.024858 -0.046728
v 0.022608 -0.020029 -0.046728
v 0.026745 -0.014037 -0.046728
v 0.028108 -0.006928 -0.048020
v 0.027782 0.000000 -0.048207
v 0.026975 0.006649 -0.048207
v 0.024600 0.012911 -0.048207
v 0.020795 0.018423 -0.048207
v 0.015782 0.022864 -0.048207
v 0.009852 0.025977 -0.048207
v 0.003349 0.027579 -0.048207
v -0.003349 0.027579 -0.048207
v -0.009852 0.025977 -0.048207
v -0.015782 0.022864 -0.048207
v -0.020795 0.018423 -0.048207
v -0.024600 0.012911 -0.048207
v -0.026975 0.006649 -0.048207
v -0.027782 -0.000000 -0.048207
v -0.026975 -0.006649 -0.048207
v -0.024600 -0.012911 -0.048207
v -0.020795 -0.018423 -0.048207
v -0.015782 -0.022864 -0.048207
v -0.009852 -0.025977 -0.048207
v -0.003349 -0.027579 -0.048207
v 0.003349 -0.027579 -0.048207
v 0.009852 -0.025977 -0.048207
v 0.015782 -0.022864 -0.048207
v 0.020795 -0.018423 -0.048207
v 0.024600 -0.012911 -0.048207
v 0.026975 -0.006649 -0.048207
v 0.000000 0.000000 -0.048207
v 0.030204 0.000000 -0.046728
v 0.028108 0.006928 -0.048020
v 0.025634 0.013454 -0.048020
v 0.021669 0.019197 -0.048020
v 0.016445 0.023825 -0.048020
v 0.010266 0.027068 -0.048020
v 0.003490 0.028739 -0.048020
v -0.003489 0.028739 -0.048020
v -0.010266 0.027068 -0.048020
v -0.016445 0.023825 -0.048020
v -0.021669 0.019197 -0.048020
v -0.025634 0.013454 -0.048020
v -0.028108 0.006928 -0.048020
v -0.028950 -0.000000 -0.048020
v -0.028108 -0.006928 -0.048020
v -0.025634 -0.013454 -0.048020
v -0.021669 -0.019197 -0.048020
v -0.016445 -0.023825 -0.048020
v -0.010266 -0.027068 -0.048020
v -0.003489 -0.028739 -0.048020
v 0.003490 -0.028739 -0.048020
v 0.010266 -0.027068 -0.048020
v 0.016445 -0.023825 -0.048020
v 0.021669 -0.019197 -0.048020
v 0.025634 -0.013454 -0.048020
v 0.029327 -0.007228 -0.046728
v 0.024018 0.000000 -0.048207
v 0.023320 0.005748 -0.048207
v 0.021267 0.011162 -0.048207
v 0.017977 0.015927 -0.048207
v 0.013644 0.019766 -0.048207
v 0.008517 0.022457 -0.048207
v 0.002895 0.023843 -0.048207
v -0.002895 0.023843 -0.048207
v -0.008517 0.022457 -0.048207
v -0.013644 0.019766 -0.048207
v -0.017977 0.015927 -0.048207
v -0.021267 0.011162 -0.048207
v -0.023320 0.005748 -0.048207
v -0.024018 -0.000000 -0.048207
v -0.023320 -0.005748 -0.048207
v -0.021267 -0.011162 -0.048207
v -0.017977 -0.015927 -0.048207
v -0.013644 -0.019766 -0.048207
v -0.008517 -0.022457 -0.048207
v -0.002895 -0.023843 -0.048207
v 0.002895 -0.023843 -0.048207
v 0.008517 -0.022457 -0.048207
v 0.013644 -0.019766 -0.048207
v 0.017977 -0.015927 -0.048207
v 0.021267 -0.011162 -0.048207
v 0.023320 -0.005748 -0.048207
v 0.028137 0.003416 -0.048207
v 0.026502 0.010051 -0.048207
v 0.023326 0.016101 -0.048207
v 0.018795 0.021216 -0.048207
v 0.013172 0.025097 -0.048207
v 0.006783 0.027520 -0.048207
v 0.000000 0.028344 -0.048207
v -0.006783 0.027520 -0.048207
v -0.013172 0.025097 -0.048207
v -0.018795 0.021216 -0.048207
v -0.023326 0.016101 -0.048207
v -0.026502 0.010051 -0.048207
v -0.028137 0.003416 -0.048207
v -0.028137 -0.003416 -0.048207
v -0.026502 -0.010051 -0.048207
v -0.023326 -0.016101 -0.048207
v -0.018795 -0.021216 -0.048207
v -0.013172 -0.025097 -0.048207
v -0.006783 -0.027520 -0.048207
v 0.000000 -0.028344 -0.048207
v 0.006783 -0.027520 -0.048207
v 0.013172 -0.025097 -0.048207
v 0.018795 -0.021216 -0.048207
v 0.023326 -0.016101 -0.048207
v 0.026502 -0.010051 -0.048207
v 0.028137 -0.003416 -0.048207
v 0.017642 0.002142 -0.048207
v 0.016617 0.006302 -0.048207
v 0.014626 0.010095 -0.048207
v 0.011785 0.013302 -0.048207
v 0.008259 0.015736 -0.048207
v 0.004253 0.017255 -0.048207
v 0.000000 0.017772 -0.048207
v -0.004253 0.017255 -0.048207
v -0.008259 0.015736 -0.048207
v -0.011785 0.013302 -0.048207
v -0.014626 0.010095 -0.048207
v -0.016617 0.006302 -0.048207
v -0.017642 0.002142 -0.048207
v -0.017642 -0.002142 -0.048207
v -0.016617 -0.006302 -0.048207
v -0.014626 -0.010095 -0.048207
v -0.011785 -0.013302 -0.048207
v -0.008259 -0.015736 -0.048207
v -0.004253 -0.017255 -0.048207
v 0.000000 -0.017772 -0.048207
v 0.004253 -0.017255 -0.048207
v 0.008259 -0.015736 -0.048207
v 0.011785 -0.013302 -0.048207
v 0.014626 -0.010095 -0.048207
v 0.016617 -0.006302 -0.048207
v 0.017642 -0.002142 -0.048207
v 0.029422 0.003573 -0.047459
v 0.027713 0.010510 -0.047459
v 0.024392 0.016837 -0.047459
v 0.019654 0.022185 -0.047459
v 0.013774 0.026244 -0.047459
v 0.007093 0.028777 -0.047459
v 0.000000 0.029639 -0.047459
v -0.007093 0.028777 -0.047459
v -0.013774 0.026244 -0.047459
v -0.019654 0.022185 -0.047459
v -0.024392 0.016837 -0.047459
v -0.027712 0.010510 -0.047459
v -0.029422 0.003573 -0.047459
v -0.029422 -0.003573 -0.047459
v -0.027712 -0.010510 -0.047459
v -0.024392 -0.016837 -0.047459
v -0.019654 -0.022185 -0.047459
v -0.013774 -0.026244 -0.047459
v -0.007093 -0.028777 -0.047459
v 0.000000 -0.029639 -0.047459
v 0.007093 -0.028777 -0.047459
v 0.013774 -0.026244 -0.047459
v 0.019654 -0.022185 -0.047459
v 0.024392 -0.016837 -0.047459
v 0.027713 -0.010510 -0.047459
v 0.029422 -0.003573 -0.047459
v 0.030213 0.003668 -0.046033
v 0.028457 0.010792 -0.046033
v 0.025047 0.017289 -0.046033
v 0.020182 0.022781 -0.046033
v 0.014144 0.026949 -0.046033
v 0.007284 0.029550 -0.046033
v 0.000000 0.030435 -0.046033
v -0.007283 0.029550 -0.046033
v -0.014144 0.026949 -0.046033
v -0.020182 0.022781 -0.046033
v -0.025047 0.017289 -0.046033
v -0.028457 0.010792 -0.046033
v -0.030213 0.003668 -0.046033
v -0.030213 -0.003669 -0.046033
v -0.028457 -0.010792 -0.046033
v -0.025047 -0.017289 -0.046033
v -0.020182 -0.022781 -0.046033
v -0.014144 -0.026949 -0.046033
v -0.007283 -0.029550 -0.046033
v 0.000000 -0.030435 -0.046033
v 0.007284 -0.029550 -0.046033
v 0.014144 -0.026949 -0.046033
v 0.020182 -0.022781 -0.046033
v 0.025047 -0.017289 -0.046033
v 0.028457 -0.010792 -0.046033
v 0.030213 -0.003668 -0.046033
v 0.027021 0.003281 -0.048207
v 0.025450 0.009652 -0.048207
v 0.022401 0.015462 -0.048207
v 0.018050 0.020374 -0.048207
v 0.012649 0.024101 -0.048207
v 0.006514 0.026428 -0.048207
v 0.000000 0.027219 -0.048207
v -0.006514 0.026428 -0.048207
v -0.012649 0.024101 -0.048207
v -0.018050 0.020374 -0.048207
v -0.022401 0.015462 -0.048207
v -0.025450 0.009652 -0.048207
v -0.027021 0.003281 -0.048207
v -0.027021 -0.003281 -0.048207
v -0.025450 -0.009652 -0.048207
v -0.022401 -0.015462 -0.048207
v -0.018050 -0.020374 -0.048207
v -0.012649 -0.024101 -0.048207
v -0.006514 -0.026428 -0.048207
v 0.000000 -0.027219 -0.048207
v 0.006514 -0.026428 -0.048207
v 0.012649 -0.024101 -0.048207
v 0.018050 -0.020374 -0.048207
v 0.022401 -0.015462 -0.048207
v 0.025450 -0.009652 -0.048207
v 0.027021 -0.003281 -0.048207
v 0.029983 0.003641 -0.046728
v 0.028241 0.010710 -0.046728
v 0.024857 0.017158 -0.046728
v 0.020029 0.022608 -0.046728
v 0.014036 0.026744 -0.046728
v 0.007228 0.029326 -0.046728
v 0.000000 0.030203 -0.046728
v -0.007228 0.029326 -0.046728
v -0.014036 0.026744 -0.046728
v -0.020029 0.022608 -0.046728
v -0.024857 0.017158 -0.046728
v -0.028241 0.010710 -0.046728
v -0.029983 0.003641 -0.046728
v -0.029983 -0.003641 -0.046728
v -0.028241 -0.010710 -0.046728
v -0.024857 -0.017158 -0.046728
v -0.020029 -0.022608 -0.046728
v -0.014036 -0.026744 -0.046728
v -0.007228 -0.029326 -0.046728
v 0.000000 -0.030204 -0.046728
v 0.007228 -0.029326 -0.046728
v 0.014036 -0.026744 -0.046728
v 0.020029 -0.022608 -0.046728
v 0.024857 -0.017158 -0.046728
v 0.028241 -0.010710 -0.046728
v 0.029983 -0.003641 -0.046728
v 0.028345 0.000000 -0.048207
v 0.027521 0.006783 -0.048207
v 0.027579 0.003349 -0.048207
v 0.025098 0.013172 -0.048207
v 0.025976 0.009851 -0.048207
v 0.021216 0.018796 -0.048207
v 0.022863 0.015781 -0.048207
v 0.016102 0.023327 -0.048207
v 0.018422 0.020794 -0.048207
v 0.010051 0.026503 -0.048207
v 0.012911 0.024599 -0.048207
v 0.003417 0.028138 -0.048207
v 0.006648 0.026974 -0.048207
v -0.003417 0.028138 -0.048207
v 0.000000 0.027781 -0.048207
v -0.010051 0.026503 -0.048207
v -0.006648 0.026974 -0.048207
v -0.016101 0.023327 -0.048207
v -0.012911 0.024599 -0.048207
v -0.021216 0.018796 -0.048207
v -0.018422 0.020794 -0.048207
v -0.025098 0.013172 -0.048207
v -0.022863 0.015781 -0.048207
v -0.027521 0.006783 -0.048207
v -0.025976 0.009851 -0.048207
v -0.028344 -0.000000 -0.048207
v -0.027579 0.003349 -0.048207
v -0.027521 -0.006783 -0.048207
v -0.027579 -0.003349 -0.048207
v -0.025098 -0.013172 -0.048207
v -0.025976 -0.009851 -0.048207
v -0.021216 -0.018796 -0.048207
v -0.022863 -0.015782 -0.048207
v -0.016101 -0.023327 -0.048207
v -0.018422 -0.020794 -0.048207
v -0.010051 -0.026503 -0.048207
v -0.012911 -0.024599 -0.048207
v -0.003417 -0.028138 -0.048207
v -0.006648 -0.026974 -0.048207
v 0.003417 -0.028138 -0.048207
v 0.000000 -0.027781 -0.048207
v 0.010051 -0.026503 -0.048207
v 0.006649 -0.026974 -0.048207
v 0.016102 -0.023327 -0.048207
v 0.012911 -0.024599 -0.048207
v 0.021216 -0.018796 -0.048207
v 0.018422 -0.020794 -0.048207
v 0.025098 -0.013172 -0.048207
v 0.022863 -0.015781 -0.048207
v 0.027521 -0.006783 -0.048207
v 0.025976 -0.009851 -0.048207
v 0.027579 -0.003349 -0.048207
v 0.015534 0.000000 -0.048207
v 0.026429 0.006514 -0.048207
v 0.024102 0.012650 -0.048207
v 0.020374 0.018050 -0.048207
v 0.015463 0.022402 -0.048207
v 0.009652 0.025451 -0.048207
v 0.003281 0.027021 -0.048207
v -0.003281 0.027021 -0.048207
v -0.009652 0.025451 -0.048207
v -0.015463 0.022402 -0.048207
v -0.020374 0.018050 -0.048207
v -0.024102 0.012650 -0.048207
v -0.026429 0.006514 -0.048207
v -0.027220 -0.000000 -0.048207
v -0.026429 -0.006514 -0.048207
v -0.024102 -0.012650 -0.048207
v -0.020374 -0.018050 -0.048207
v -0.015463 -0.022402 -0.048207
v -0.009652 -0.025451 -0.048207
v -0.003281 -0.027021 -0.048207
v 0.003281 -0.027021 -0.048207
v 0.009652 -0.025451 -0.048207
v 0.015463 -0.022402 -0.048207
v 0.020374 -0.018050 -0.048207
v 0.024102 -0.012650 -0.048207
v 0.026429 -0.006514 -0.048207
v 0.029639 0.000000 -0.047459
v 0.028778 0.007093 -0.047459
v 0.026244 0.013774 -0.047459
v 0.022185 0.019654 -0.047459
v 0.016837 0.024393 -0.047459
v 0.010510 0.027713 -0.047459
v 0.003573 0.029423 -0.047459
v -0.003573 0.029423 -0.047459
v -0.010510 0.027713 -0.047459
v -0.016837 0.024393 -0.047459
v -0.022185 0.019654 -0.047459
v -0.026244 0.013774 -0.047459
v -0.028778 0.007093 -0.047459
v -0.029639 -0.000000 -0.047459
v -0.028778 -0.007093 -0.047459
v -0.026244 -0.013774 -0.047459
v -0.022185 -0.019655 -0.047459
v -0.016837 -0.024393 -0.047459
v -0.010510 -0.027713 -0.047459
v -0.003573 -0.029423 -0.047459
v 0.003573 -0.029423 -0.047459
v 0.010510 -0.027713 -0.047459
v 0.016837 -0.024393 -0.047459
v 0.022185 -0.019654 -0.047459
v 0.026244 -0.013774 -0.047459
v 0.028778 -0.007093 -0.047459
v 0.028738 0.003489 -0.048020
v 0.027068 0.010265 -0.048020
v 0.023824 0.016445 -0.048020
v 0.019197 0.021669 -0.048020
v 0.013453 0.025633 -0.048020
v 0.006928 0.028108 -0.048020
v 0.000000 0.028949 -0.048020
v -0.006928 0.028108 -0.048020
v -0.013453 0.025633 -0.048020
v -0.019197 0.021669 -0.048020
v -0.023824 0.016445 -0.048020
v -0.027068 0.010265 -0.048020
v -0.028738 0.003489 -0.048020
v -0.028738 -0.003489 -0.048020
v -0.027068 -0.010265 -0.048020
v -0.023824 -0.016445 -0.048020
v -0.019197 -0.021669 -0.048020
v -0.013453 -0.025633 -0.048020
v -0.006928 -0.028108 -0.048020
v 0.000000 -0.028949 -0.048020
v 0.006928 -0.028108 -0.048020
v 0.013453 -0.025633 -0.048020
v 0.019197 -0.021669 -0.048020
v 0.023824 -0.016445 -0.048020
v 0.027068 -0.010265 -0.048020
v 0.028738 -0.003489 -0.048020
v 0.029551 0.007284 -0.046033
v 0.026949 0.014144 -0.046033
v 0.022781 0.020182 -0.046033
v 0.017289 0.025048 -0.046033
v 0.010793 0.028458 -0.046033
v 0.003669 0.030214 -0.046033
v -0.003669 0.030214 -0.046033
v -0.010793 0.028458 -0.046033
v -0.017289 0.025048 -0.046033
v -0.022781 0.020182 -0.046033
v -0.026949 0.014144 -0.046033
v -0.029551 0.007284 -0.046033
v -0.030435 -0.000000 -0.046033
v -0.029551 -0.007284 -0.046033
v -0.026949 -0.014144 -0.046033
v -0.022781 -0.020182 -0.046033
v -0.017289 -0.025048 -0.046033
v -0.010793 -0.028458 -0.046033
v -0.003669 -0.030214 -0.046033
v 0.003669 -0.030214 -0.046033
v 0.010793 -0.028458 -0.046033
v 0.017289 -0.025048 -0.046033
v 0.022781 -0.020182 -0.046033
v 0.026949 -0.014144 -0.046033
v 0.029551 -0.007284 -0.046033
v 0.027220 0.000000 -0.048207
v 0.015083 0.003718 -0.048207
v 0.013755 0.007219 -0.048207
v 0.011628 0.010301 -0.048207
v 0.008825 0.012785 -0.048207
v 0.005509 0.014525 -0.048207
v 0.001872 0.015421 -0.048207
v -0.001872 0.015421 -0.048207
v -0.005509 0.014525 -0.048207
v -0.008824 0.012785 -0.048207
v -0.011628 0.010301 -0.048207
v -0.013755 0.007219 -0.048207
v -0.015083 0.003718 -0.048207
v -0.015534 -0.000000 -0.048207
v -0.015083 -0.003718 -0.048207
v -0.013755 -0.007219 -0.048207
v -0.011628 -0.010301 -0.048207
v -0.008824 -0.012785 -0.048207
v -0.005509 -0.014525 -0.048207
v -0.001872 -0.015421 -0.048207
v 0.001872 -0.015421 -0.048207
v 0.005509 -0.014525 -0.048207
v 0.008825 -0.012785 -0.048207
v 0.011628 -0.010301 -0.048207
v 0.013755 -0.007219 -0.048207
v 0.015083 -0.003718 -0.048207
v 0.024397 0.002962 -0.048207
v 0.022979 0.008715 -0.048207
v 0.020226 0.013961 -0.048207
v 0.016297 0.018396 -0.048207
v 0.011421 0.021761 -0.048207
v 0.005882 0.023862 -0.048207
v 0.000000 0.024576 -0.048207
v -0.005882 0.023862 -0.048207
v -0.011421 0.021761 -0.048207
v -0.016297 0.018396 -0.048207
v -0.020226 0.013961 -0.048207
v -0.022979 0.008715 -0.048207
v -0.024397 0.002962 -0.048207
v -0.024397 -0.002962 -0.048207
v -0.022979 -0.008715 -0.048207
v -0.020226 -0.013961 -0.048207
v -0.016297 -0.018396 -0.048207
v -0.011421 -0.021761 -0.048207
v -0.005881 -0.023862 -0.048207
v 0.000000 -0.024576 -0.048207
v 0.005882 -0.023862 -0.048207
v 0.011421 -0.021761 -0.048207
v 0.016297 -0.018396 -0.048207
v 0.020226 -0.013961 -0.048207
v 0.022979 -0.008715 -0.048207
v 0.024397 -0.002962 -0.048207
v 0.030436 0.000000 -0.046033
v 0.034285 0.000000 -0.058573
v 0.033288 -0.008205 -0.058573
v 0.043097 0.000000 0.058669
v 0.041845 0.010314 0.058669
v 0.038161 0.020028 0.058669
v 0.032259 0.028579 0.058669
v 0.024482 0.035468 0.058669
v 0.015282 0.040296 0.058669
v 0.005195 0.042783 0.058669
v -0.005195 0.042783 0.058669
v -0.015282 0.040296 0.058669
v -0.024482 0.035468 0.058669
v -0.032259 0.028579 0.058669
v -0.038161 0.020028 0.058669
v -0.041845 0.010314 0.058669
v -0.043097 -0.000000 0.058669
v -0.041845 -0.010314 0.058669
v -0.038161 -0.020028 0.058669
v -0.032259 -0.028579 0.058669
v -0.024482 -0.035468 0.058669
v -0.015282 -0.040296 0.058669
v -0.005195 -0.042783 0.058669
v 0.005195 -0.042783 0.058669
v 0.015282 -0.040296 0.058669
v 0.024482 -0.035468 0.058669
v 0.032259 -0.028579 0.058669
v 0.038161 -0.020028 0.058669
v 0.041845 -0.010314 0.058669
v 0.033288 0.008205 -0.058573
v 0.030357 0.015933 -0.058573
v 0.025662 0.022735 -0.058573
v 0.019476 0.028216 -0.058573
v 0.012157 0.032057 -0.058573
v 0.004133 0.034035 -0.058573
v -0.004133 0.034035 -0.058573
v -0.012157 0.032057 -0.058573
v -0.019476 0.028216 -0.058573
v -0.025662 0.022735 -0.058573
v -0.030357 0.015933 -0.058573
v -0.033288 0.008205 -0.058573
v -0.034284 -0.000000 -0.058573
v -0.033288 -0.008205 -0.058573
v -0.030357 -0.015933 -0.058573
v -0.025662 -0.022735 -0.058573
v -0.019476 -0.028216 -0.058573
v -0.012157 -0.032057 -0.058573
v -0.004132 -0.034035 -0.058573
v 0.004133 -0.034035 -0.058573
v 0.012157 -0.032057 -0.058573
v 0.019476 -0.028216 -0.058573
v 0.025662 -0.022735 -0.058573
v 0.030357 -0.015933 -0.058573
v 0.042362 0.000000 0.059698
v 0.041131 0.010138 0.059698
v 0.037510 0.019687 0.059698
v 0.031709 0.028091 0.059698
v 0.024065 0.034863 0.059698
v 0.015022 0.039609 0.059698
v 0.005106 0.042053 0.059698
v -0.005106 0.042053 0.059698
v -0.015022 0.039609 0.059698
v -0.024065 0.034863 0.059698
v -0.031709 0.028091 0.059698
v -0.037510 0.019687 0.059698
v -0.041131 0.010138 0.059698
v -0.042362 -0.000000 0.059698
v -0.041131 -0.010138 0.059698
v -0.037510 -0.019687 0.059698
v -0.031709 -0.028091 0.059698
v -0.024064 -0.034863 0.059698
v -0.015022 -0.039609 0.059698
v -0.005106 -0.042053 0.059698
v 0.005106 -0.042053 0.059698
v 0.015022 -0.039609 0.059698
v 0.024065 -0.034863 0.059698
v 0.031709 -0.028091 0.059698
v 0.037510 -0.019687 0.059698
v 0.041131 -0.010138 0.059698
v 0.041831 0.010310 0.056976
v 0.043083 0.000000 0.056976
v 0.038148 0.020022 0.056976
v 0.032248 0.028569 0.056976
v 0.024474 0.035457 0.056976
v 0.015278 0.040283 0.056976
v 0.005193 0.042769 0.056976
v -0.005193 0.042769 0.056976
v -0.015277 0.040283 0.056976
v -0.024474 0.035457 0.056976
v -0.032248 0.028569 0.056976
v -0.038148 0.020022 0.056976
v -0.041831 0.010310 0.056976
v -0.043083 -0.000000 0.056976
v -0.041831 -0.010311 0.056976
v -0.038148 -0.020022 0.056976
v -0.032248 -0.028569 0.056976
v -0.024474 -0.035457 0.056976
v -0.015277 -0.040283 0.056976
v -0.005193 -0.042769 0.056976
v 0.005193 -0.042769 0.056976
v 0.015278 -0.040283 0.056976
v 0.024474 -0.035457 0.056976
v 0.032248 -0.028569 0.056976
v 0.038148 -0.020022 0.056976
v 0.041831 -0.010310 0.056976
v 0.033557 0.008271 -0.056687
v 0.030602 0.016061 -0.056687
v 0.025869 0.022918 -0.056687
v 0.019633 0.028443 -0.056687
v 0.012256 0.032315 -0.056687
v 0.004166 0.034309 -0.056687
v -0.004166 0.034309 -0.056687
v -0.012256 0.032315 -0.056687
v -0.019633 0.028443 -0.056687
v -0.025869 0.022918 -0.056687
v -0.030602 0.016061 -0.056687
v -0.033557 0.008271 -0.056687
v -0.034561 -0.000000 -0.056687
v -0.033557 -0.008271 -0.056687
v -0.030602 -0.016061 -0.056687
v -0.025869 -0.022918 -0.056687
v -0.019633 -0.028443 -0.056687
v -0.012256 -0.032315 -0.056687
v -0.004166 -0.034309 -0.056687
v 0.004166 -0.034309 -0.056687
v 0.012256 -0.032315 -0.056687
v 0.019633 -0.028443 -0.056687
v 0.025869 -0.022918 -0.056687
v 0.030602 -0.016061 -0.056687
v 0.033557 -0.008271 -0.056687
v 0.034561 0.000000 -0.056687
v 0.035719 0.000000 -0.041239
v 0.034682 0.008548 -0.041239
v 0.031628 0.016600 -0.041239
v 0.026736 0.023686 -0.041239
v 0.020291 0.029397 -0.041239
v 0.012666 0.033398 -0.041239
v 0.004306 0.035459 -0.041239
v -0.004305 0.035459 -0.041239
v -0.012666 0.033398 -0.041239
v -0.020291 0.029397 -0.041239
v -0.026736 0.023686 -0.041239
v -0.031628 0.016600 -0.041239
v -0.034682 0.008548 -0.041239
v -0.035719 -0.000000 -0.041239
v -0.034681 -0.008548 -0.041239
v -0.031628 -0.016600 -0.041239
v -0.026736 -0.023686 -0.041239
v -0.020291 -0.029397 -0.041239
v -0.012666 -0.033398 -0.041239
v -0.004305 -0.035459 -0.041239
v 0.004306 -0.035459 -0.041239
v 0.012666 -0.033398 -0.041239
v 0.020291 -0.029397 -0.041239
v 0.026736 -0.023686 -0.041239
v 0.031628 -0.016600 -0.041239
v 0.034682 -0.008548 -0.041239
v 0.041895 0.000000 0.041122
v 0.040677 0.010026 0.041122
v 0.037096 0.019469 0.041122
v 0.031359 0.027781 0.041122
v 0.023799 0.034479 0.041122
v 0.014856 0.039172 0.041122
v 0.005050 0.041589 0.041122
v -0.005050 0.041589 0.041122
v -0.014856 0.039172 0.041122
v -0.023799 0.034479 0.041122
v -0.031359 0.027781 0.041122
v -0.037096 0.019469 0.041122
v -0.040677 0.010026 0.041122
v -0.041895 -0.000000 0.041122
v -0.040677 -0.010026 0.041122
v -0.037096 -0.019469 0.041122
v -0.031359 -0.027781 0.041122
v -0.023799 -0.034479 0.041122
v -0.014856 -0.039172 0.041122
v -0.005050 -0.041589 0.041122
v 0.005050 -0.041589 0.041122
v 0.014856 -0.039172 0.041122
v 0.023799 -0.034479 0.041122
v 0.031359 -0.027781 0.041122
v 0.037096 -0.019469 0.041122
v 0.040677 -0.010026 0.041122
v 0.034234 0.004157 -0.057686
v 0.032244 0.012229 -0.057686
v 0.028381 0.019590 -0.057686
v 0.022868 0.025813 -0.057686
v 0.016026 0.030535 -0.057686
v 0.008253 0.033483 -0.057686
v 0.000000 0.034485 -0.057686
v -0.008253 0.033483 -0.057686
v -0.016026 0.030535 -0.057686
v -0.022868 0.025813 -0.057686
v -0.028381 0.019590 -0.057686
v -0.032244 0.012229 -0.057686
v -0.034234 0.004157 -0.057686
v -0.034234 -0.004157 -0.057686
v -0.032244 -0.012229 -0.057686
v -0.028381 -0.019590 -0.057686
v -0.022868 -0.025813 -0.057686
v -0.016026 -0.030535 -0.057686
v -0.008253 -0.033483 -0.057686
v 0.000000 -0.034485 -0.057686
v 0.008253 -0.033483 -0.057686
v 0.016026 -0.030535 -0.057686
v 0.022868 -0.025813 -0.057686
v 0.028381 -0.019590 -0.057686
v 0.032244 -0.012229 -0.057686
v 0.034234 -0.004157 -0.057686
v 0.041556 0.005046 0.059870
v 0.039141 0.014844 0.059870
v 0.034451 0.023780 0.059870
v 0.027759 0.031334 0.059870
v 0.019454 0.037067 0.059870
v 0.010018 0.040645 0.059870
v 0.000000 0.041862 0.059870
v -0.010018 0.040645 0.059870
v -0.019454 0.037067 0.059870
v -0.027759 0.031334 0.059870
v -0.034451 0.023780 0.059870
v -0.039141 0.014844 0.059870
v -0.041556 0.005046 0.059870
v -0.041556 -0.005046 0.059870
v -0.039141 -0.014844 0.059870
v -0.034451 -0.023780 0.059870
v -0.027759 -0.031334 0.059870
v -0.019454 -0.037067 0.059870
v -0.010018 -0.040645 0.059870
v 0.000000 -0.041862 0.059870
v 0.010018 -0.040645 0.059870
v 0.019454 -0.037067 0.059870
v 0.027759 -0.031334 0.059870
v 0.034451 -0.023780 0.059870
v 0.039141 -0.014844 0.059870
v 0.041556 -0.005046 0.059870
v 0.042490 0.005159 0.059279
v 0.040021 0.015178 0.059279
v 0.035226 0.024314 0.059279
v 0.028383 0.032038 0.059279
v 0.019891 0.037900 0.059279
v 0.010243 0.041558 0.059279
v 0.000000 0.042802 0.059279
v -0.010243 0.041558 0.059279
v -0.019891 0.037900 0.059279
v -0.028383 0.032038 0.059279
v -0.035226 0.024314 0.059279
v -0.040021 0.015178 0.059279
v -0.042490 0.005159 0.059279
v -0.042490 -0.005159 0.059279
v -0.040021 -0.015178 0.059279
v -0.035226 -0.024314 0.059279
v -0.028383 -0.032038 0.059279
v -0.019891 -0.037900 0.059279
v -0.010243 -0.041558 0.059279
v 0.000000 -0.042802 0.059279
v 0.010243 -0.041558 0.059279
v 0.019891 -0.037899 0.059279
v 0.028383 -0.032038 0.059279
v 0.035226 -0.024314 0.059279
v 0.040021 -0.015178 0.059279
v 0.042490 -0.005159 0.059279
v 0.042838 0.005202 0.057923
v 0.040349 0.015302 0.057923
v 0.035514 0.024514 0.057923
v 0.028616 0.032301 0.057923
v 0.020054 0.038210 0.057923
v 0.010327 0.041899 0.057923
v 0.000000 0.043153 0.057923
v -0.010327 0.041899 0.057923
v -0.020054 0.038210 0.057923
v -0.028616 0.032301 0.057923
v -0.035514 0.024514 0.057923
v -0.040349 0.015302 0.057923
v -0.042838 0.005202 0.057923
v -0.042838 -0.005202 0.057923
v -0.040349 -0.015302 0.057923
v -0.035514 -0.024514 0.057923
v -0.028616 -0.032301 0.057923
v -0.020054 -0.038210 0.057923
v -0.010327 -0.041899 0.057923
v 0.000000 -0.043153 0.057923
v 0.010327 -0.041899 0.057923
v 0.020054 -0.038210 0.057923
v 0.028616 -0.032301 0.057923
v 0.035514 -0.024514 0.057923
v 0.040349 -0.015302 0.057923
v 0.042838 -0.005202 0.057923
v 0.034385 0.004175 -0.055653
v 0.032387 0.012283 -0.055653
v 0.028506 0.019676 -0.055653
v 0.022969 0.025927 -0.055653
v 0.016097 0.030670 -0.055653
v 0.008289 0.033631 -0.055653
v 0.000000 0.034638 -0.055653
v -0.008289 0.033631 -0.055653
v -0.016097 0.030670 -0.055653
v -0.022969 0.025927 -0.055653
v -0.028506 0.019676 -0.055653
v -0.032387 0.012283 -0.055653
v -0.034385 0.004175 -0.055653
v -0.034385 -0.004175 -0.055653
v -0.032387 -0.012283 -0.055653
v -0.028506 -0.019677 -0.055653
v -0.022969 -0.025927 -0.055653
v -0.016097 -0.030670 -0.055653
v -0.008289 -0.033631 -0.055653
v 0.000000 -0.034638 -0.055653
v 0.008289 -0.033631 -0.055653
v 0.016097 -0.030670 -0.055653
v 0.022969 -0.025927 -0.055653
v 0.028506 -0.019676 -0.055653
v 0.032387 -0.012283 -0.055653
v 0.034385 -0.004175 -0.055653
v 0.038520 0.004677 -0.000095
v 0.036282 0.013760 -0.000095
v 0.031934 0.022043 -0.000095
v 0.025731 0.029045 -0.000095
v 0.018033 0.034359 -0.000095
v 0.009286 0.037676 -0.000095
v 0.000000 0.038803 -0.000095
v -0.009286 0.037676 -0.000095
v -0.018033 0.034359 -0.000095
v -0.025731 0.029045 -0.000095
v -0.031934 0.022043 -0.000095
v -0.036282 0.013760 -0.000095
v -0.038520 0.004677 -0.000095
v -0.038520 -0.004677 -0.000095
v -0.036282 -0.013760 -0.000095
v -0.031934 -0.022043 -0.000095
v -0.025731 -0.029045 -0.000095
v -0.018033 -0.034359 -0.000095
v -0.009286 -0.037676 -0.000095
v 0.000000 -0.038803 -0.000095
v 0.009286 -0.037676 -0.000095
v 0.018033 -0.034358 -0.000095
v 0.025731 -0.029045 -0.000095
v 0.031934 -0.022043 -0.000095
v 0.036282 -0.013760 -0.000095
v 0.038520 -0.004677 -0.000095
v 0.042677 0.005182 0.055761
v 0.040197 0.015245 0.055761
v 0.035381 0.024422 0.055761
v 0.028508 0.032179 0.055761
v 0.019979 0.038067 0.055761
v 0.010288 0.041742 0.055761
v 0.000000 0.042991 0.055761
v -0.010288 0.041742 0.055761
v -0.019979 0.038067 0.055761
v -0.028508 0.032179 0.055761
v -0.035381 0.024422 0.055761
v -0.040197 0.015245 0.055761
v -0.042677 0.005182 0.055761
v -0.042677 -0.005182 0.055761
v -0.040197 -0.015245 0.055761
v -0.035381 -0.024422 0.055761
v -0.028508 -0.032179 0.055761
v -0.019979 -0.038067 0.055761
v -0.010288 -0.041742 0.055761
v 0.000000 -0.042991 0.055761
v 0.010288 -0.041742 0.055761
v 0.019979 -0.038067 0.055761
v 0.028508 -0.032179 0.055761
v 0.035381 -0.024422 0.055761
v 0.040197 -0.015245 0.055761
v 0.042677 -0.005182 0.055761
v 0.034034 0.004132 -0.058573
v 0.033484 0.008253 -0.057686
v 0.042782 0.005195 0.058669
v 0.043154 0.000000 0.057923
v 0.032056 0.012157 -0.058573
v 0.030536 0.016027 -0.057686
v 0.040295 0.015282 0.058669
v 0.028215 0.019475 -0.058573
v 0.025813 0.022869 -0.057686
v 0.035467 0.024481 0.058669
v 0.022734 0.025662 -0.058573
v 0.019590 0.028382 -0.057686
v 0.028578 0.032258 0.058669
v 0.015932 0.030357 -0.058573
v 0.012229 0.032245 -0.057686
v 0.020028 0.038160 0.058669
v 0.008205 0.033287 -0.058573
v 0.004157 0.034235 -0.057686
v 0.010314 0.041844 0.058669
v 0.000000 0.034284 -0.058573
v -0.004157 0.034235 -0.057686
v 0.000000 0.043096 0.058669
v -0.008205 0.033287 -0.058573
v -0.012229 0.032245 -0.057686
v -0.010314 0.041844 0.058669
v -0.015932 0.030357 -0.058573
v -0.019590 0.028382 -0.057686
v -0.020028 0.038160 0.058669
v -0.022734 0.025662 -0.058573
v -0.025813 0.022869 -0.057686
v -0.028578 0.032258 0.058669
v -0.028215 0.019475 -0.058573
v -0.030536 0.016027 -0.057686
v -0.035467 0.024481 0.058669
v -0.032056 0.012157 -0.058573
v -0.033484 0.008253 -0.057686
v -0.040295 0.015282 0.058669
v -0.034034 0.004132 -0.058573
v -0.034486 -0.000000 -0.057686
v -0.042782 0.005195 0.058669
v -0.034034 -0.004132 -0.058573
v -0.033484 -0.008253 -0.057686
v -0.042782 -0.005195 0.058669
v -0.032056 -0.012157 -0.058573
v -0.030536 -0.016027 -0.057686
v -0.040295 -0.015282 0.058669
v -0.028215 -0.019475 -0.058573
v -0.025813 -0.022869 -0.057686
v -0.035467 -0.024481 0.058669
v -0.022734 -0.025662 -0.058573
v -0.019590 -0.028382 -0.057686
v -0.028578 -0.032258 0.058669
v -0.015932 -0.030357 -0.058573
v -0.012229 -0.032245 -0.057686
v -0.020028 -0.038160 0.058669
v -0.008205 -0.033287 -0.058573
v -0.004157 -0.034235 -0.057686
v -0.010313 -0.041844 0.058669
v 0.000000 -0.034284 -0.058573
v 0.004157 -0.034235 -0.057686
v 0.000000 -0.043096 0.058669
v 0.008205 -0.033287 -0.058573
v 0.012229 -0.032245 -0.057686
v 0.010314 -0.041844 0.058669
v 0.015932 -0.030357 -0.058573
v 0.019590 -0.028382 -0.057686
v 0.020028 -0.038160 0.058669
v 0.022734 -0.025662 -0.058573
v 0.025813 -0.022869 -0.057686
v 0.028578 -0.032258 0.058669
v 0.028215 -0.019475 -0.058573
v 0.030536 -0.016027 -0.057686
v 0.035467 -0.024481 0.058669
v 0.032056 -0.012157 -0.058573
v 0.033484 -0.008253 -0.057686
v 0.040295 -0.015282 0.058669
v 0.034034 -0.004132 -0.058573
v 0.042782 -0.005195 0.058669
v 0.040646 0.010018 0.059870
v 0.041863 0.000000 0.059870
v 0.037068 0.019455 0.059870
v 0.031335 0.027760 0.059870
v 0.023781 0.034452 0.059870
v 0.014845 0.039142 0.059870
v 0.005046 0.041557 0.059870
v -0.005046 0.041557 0.059870
v -0.014845 0.039142 0.059870
v -0.023781 0.034452 0.059870
v -0.031335 0.027760 0.059870
v -0.037068 0.019455 0.059870
v -0.040646 0.010018 0.059870
v -0.041863 -0.000000 0.059870
v -0.040646 -0.010018 0.059870
v -0.037068 -0.019455 0.059870
v -0.031335 -0.027760 0.059870
v -0.023781 -0.034452 0.059870
v -0.014845 -0.039142 0.059870
v -0.005046 -0.041557 0.059870
v 0.005046 -0.041557 0.059870
v 0.014845 -0.039142 0.059870
v 0.023781 -0.034452 0.059870
v 0.031335 -0.027760 0.059870
v 0.037068 -0.019455 0.059870
v 0.040646 -0.010018 0.059870
v 0.032844 0.008095 -0.059269
v 0.029952 0.015720 -0.059269
v 0.025320 0.022431 -0.059269
v 0.019216 0.027839 -0.059269
v 0.011995 0.031628 -0.059269
v 0.004077 0.033580 -0.059269
v -0.004077 0.033580 -0.059269
v -0.011995 0.031628 -0.059269
v -0.019216 0.027839 -0.059269
v -0.025319 0.022431 -0.059269
v -0.029952 0.015720 -0.059269
v -0.032844 0.008095 -0.059269
v -0.033827 -0.000000 -0.059269
v -0.032844 -0.008095 -0.059269
v -0.029952 -0.015720 -0.059269
v -0.025319 -0.022431 -0.059269
v -0.019216 -0.027839 -0.059269
v -0.011995 -0.031628 -0.059269
v -0.004077 -0.033580 -0.059269
v 0.004077 -0.033580 -0.059269
v 0.011995 -0.031628 -0.059269
v 0.019216 -0.027839 -0.059269
v 0.025320 -0.022431 -0.059269
v 0.029952 -0.015720 -0.059269
v 0.032844 -0.008095 -0.059269
v 0.042803 0.000000 0.059279
v 0.041560 0.010244 0.059279
v 0.037901 0.019892 0.059279
v 0.032039 0.028384 0.059279
v 0.024315 0.035226 0.059279
v 0.015178 0.040022 0.059279
v 0.005159 0.042491 0.059279
v -0.005159 0.042491 0.059279
v -0.015178 0.040022 0.059279
v -0.024315 0.035226 0.059279
v -0.032039 0.028384 0.059279
v -0.037901 0.019892 0.059279
v -0.041560 0.010244 0.059279
v -0.042803 -0.000000 0.059279
v -0.041560 -0.010244 0.059279
v -0.037901 -0.019892 0.059279
v -0.032039 -0.028384 0.059279
v -0.024315 -0.035227 0.059279
v -0.015178 -0.040022 0.059279
v -0.005159 -0.042491 0.059279
v 0.005159 -0.042491 0.059279
v 0.015178 -0.040022 0.059279
v 0.024315 -0.035226 0.059279
v 0.032039 -0.028384 0.059279
v 0.037901 -0.019892 0.059279
v 0.041560 -0.010243 0.059279
v 0.042052 0.005106 0.059698
v 0.039608 0.015021 0.059698
v 0.034863 0.024064 0.059698
v 0.028091 0.031708 0.059698
v 0.019686 0.037509 0.059698
v 0.010138 0.041130 0.059698
v 0.000000 0.042361 0.059698
v -0.010138 0.041130 0.059698
v -0.019686 0.037509 0.059698
v -0.028091 0.031708 0.059698
v -0.034863 0.024064 0.059698
v -0.039608 0.015021 0.059698
v -0.042052 0.005106 0.059698
v -0.042052 -0.005106 0.059698
v -0.039608 -0.015021 0.059698
v -0.034863 -0.024064 0.059698
v -0.028091 -0.031708 0.059698
v -0.019686 -0.037509 0.059698
v -0.010138 -0.041130 0.059698
v 0.000000 -0.042361 0.059698
v 0.010138 -0.041130 0.059698
v 0.019686 -0.037509 0.059698
v 0.028091 -0.031708 0.059698
v 0.034863 -0.024064 0.059698
v 0.039608 -0.015021 0.059698
v 0.042052 -0.005106 0.059698
v 0.041900 0.010327 0.057923
v 0.042992 0.000000 0.055761
v 0.038211 0.020055 0.057923
v 0.032301 0.028617 0.057923
v 0.024514 0.035515 0.057923
v 0.015303 0.040350 0.057923
v 0.005202 0.042840 0.057923
v -0.005202 0.042840 0.057923
v -0.015303 0.040350 0.057923
v -0.024514 0.035515 0.057923
v -0.032301 0.028617 0.057923
v -0.038211 0.020055 0.057923
v -0.041900 0.010327 0.057923
v -0.043154 -0.000000 0.057923
v -0.041900 -0.010328 0.057923
v -0.038211 -0.020055 0.057923
v -0.032301 -0.028617 0.057923
v -0.024514 -0.035515 0.057923
v -0.015303 -0.040350 0.057923
v -0.005202 -0.042840 0.057923
v 0.005202 -0.042840 0.057923
v 0.015303 -0.040350 0.057923
v 0.024514 -0.035515 0.057923
v 0.032301 -0.028617 0.057923
v 0.038211 -0.020055 0.057923
v 0.041900 -0.010327 0.057923
v 0.042768 0.005193 0.056976
v 0.040282 0.015277 0.056976
v 0.035456 0.024473 0.056976
v 0.028569 0.032247 0.056976
v 0.020021 0.038147 0.056976
v 0.010310 0.041830 0.056976
v 0.000000 0.043082 0.056976
v -0.010310 0.041830 0.056976
v -0.020021 0.038147 0.056976
v -0.028569 0.032247 0.056976
v -0.035456 0.024473 0.056976
v -0.040282 0.015277 0.056976
v -0.042768 0.005193 0.056976
v -0.042768 -0.005193 0.056976
v -0.040282 -0.015277 0.056976
v -0.035456 -0.024473 0.056976
v -0.028569 -0.032247 0.056976
v -0.020021 -0.038147 0.056976
v -0.010310 -0.041830 0.056976
v 0.000000 -0.043082 0.056976
v 0.010310 -0.041830 0.056976
v 0.020021 -0.038147 0.056976
v 0.028569 -0.032247 0.056976
v 0.035456 -0.024473 0.056976
v 0.040282 -0.015277 0.056976
v 0.042768 -0.005193 0.056976
v 0.033632 0.008290 -0.055653
v 0.030671 0.016097 -0.055653
v 0.025927 0.022970 -0.055653
v 0.019677 0.028507 -0.055653
v 0.012283 0.032388 -0.055653
v 0.004175 0.034386 -0.055653
v -0.004175 0.034386 -0.055653
v -0.012283 0.032388 -0.055653
v -0.019677 0.028507 -0.055653
v -0.025927 0.022970 -0.055653
v -0.030671 0.016097 -0.055653
v -0.033632 0.008290 -0.055653
v -0.034639 -0.000000 -0.055653
v -0.033632 -0.008290 -0.055653
v -0.030671 -0.016097 -0.055653
v -0.025927 -0.022970 -0.055653
v -0.019677 -0.028507 -0.055653
v -0.012283 -0.032388 -0.055653
v -0.004175 -0.034386 -0.055653
v 0.004175 -0.034386 -0.055653
v 0.012283 -0.032388 -0.055653
v 0.019677 -0.028507 -0.055653
v 0.025927 -0.022970 -0.055653
v 0.030671 -0.016097 -0.055653
v 0.033632 -0.008290 -0.055653
v 0.034486 0.000000 -0.057686
v 0.034308 0.004166 -0.056687
v 0.032314 0.012255 -0.056687
v 0.028443 0.019632 -0.056687
v 0.022918 0.025869 -0.056687
v 0.016061 0.030602 -0.056687
v 0.008271 0.033556 -0.056687
v 0.000000 0.034560 -0.056687
v -0.008271 0.033556 -0.056687
v -0.016061 0.030602 -0.056687
v -0.022918 0.025869 -0.056687
v -0.028443 0.019632 -0.056687
v -0.032314 0.012255 -0.056687
v -0.034308 0.004166 -0.056687
v -0.034308 -0.004166 -0.056687
v -0.032314 -0.012255 -0.056687
v -0.028443 -0.019633 -0.056687
v -0.022918 -0.025869 -0.056687
v -0.016061 -0.030602 -0.056687
v -0.008271 -0.033556 -0.056687
v 0.000000 -0.034560 -0.056687
v 0.008271 -0.033556 -0.056687
v 0.016061 -0.030602 -0.056687
v 0.022918 -0.025869 -0.056687
v 0.028443 -0.019632 -0.056687
v 0.032314 -0.012255 -0.056687
v 0.034308 -0.004166 -0.056687
v 0.034639 0.000000 -0.055653
v 0.037677 0.009286 -0.000095
v 0.034359 0.018033 -0.000095
v 0.029045 0.025732 -0.000095
v 0.022043 0.031935 -0.000095
v 0.013760 0.036283 -0.000095
v 0.004677 0.038521 -0.000095
v -0.004677 0.038521 -0.000095
v -0.013760 0.036283 -0.000095
v -0.022043 0.031935 -0.000095
v -0.029045 0.025732 -0.000095
v -0.034359 0.018033 -0.000095
v -0.037677 0.009286 -0.000095
v -0.038804 -0.000000 -0.000095
v -0.037677 -0.009286 -0.000095
v -0.034359 -0.018033 -0.000095
v -0.029045 -0.025732 -0.000095
v -0.022043 -0.031935 -0.000095
v -0.013760 -0.036283 -0.000095
v -0.004677 -0.038521 -0.000095
v 0.004677 -0.038521 -0.000095
v 0.013760 -0.036283 -0.000095
v 0.022043 -0.031935 -0.000095
v 0.029045 -0.025732 -0.000095
v 0.034359 -0.018033 -0.000095
v 0.037677 -0.009286 -0.000095
v 0.035458 0.004305 -0.041239
v 0.033397 0.012666 -0.041239
v 0.029396 0.020290 -0.041239
v 0.023686 0.026736 -0.041239
v 0.016599 0.031627 -0.041239
v 0.008548 0.034681 -0.041239
v 0.000000 0.035719 -0.041239
v -0.008548 0.034681 -0.041239
v -0.016599 0.031627 -0.041239
v -0.023686 0.026736 -0.041239
v -0.029396 0.020290 -0.041239
v -0.033397 0.012666 -0.041239
v -0.035458 0.004305 -0.041239
v -0.035458 -0.004305 -0.041239
v -0.033397 -0.012666 -0.041239
v -0.029396 -0.020290 -0.041239
v -0.023686 -0.026736 -0.041239
v -0.016599 -0.031627 -0.041239
v -0.008548 -0.034681 -0.041239
v 0.000000 -0.035719 -0.041239
v 0.008548 -0.034681 -0.041239
v 0.016599 -0.031627 -0.041239
v 0.023686 -0.026736 -0.041239
v 0.029396 -0.020290 -0.041239
v 0.033397 -0.012666 -0.041239
v 0.035458 -0.004305 -0.041239
v 0.038804 0.000000 -0.000095
v 0.041743 0.010289 0.055761
v 0.038068 0.019979 0.055761
v 0.032180 0.028509 0.055761
v 0.024422 0.035382 0.055761
v 0.015245 0.040198 0.055761
v 0.005182 0.042679 0.055761
v -0.005182 0.042679 0.055761
v -0.015245 0.040198 0.055761
v -0.024422 0.035382 0.055761
v -0.032180 0.028509 0.055761
v -0.038068 0.019979 0.055761
v -0.041743 0.010289 0.055761
v -0.042992 -0.000000 0.055761
v -0.041743 -0.010289 0.055761
v -0.038068 -0.019979 0.055761
v -0.032180 -0.028509 0.055761
v -0.024422 -0.035382 0.055761
v -0.015245 -0.040198 0.055761
v -0.005182 -0.042679 0.055761
v 0.005182 -0.042679 0.055761
v 0.015245 -0.040198 0.055761
v 0.024422 -0.035382 0.055761
v 0.032180 -0.028509 0.055761
v 0.038068 -0.019979 0.055761
v 0.041743 -0.010289 0.055761
v 0.041588 0.005050 0.041122
v 0.039171 0.014856 0.041122
v 0.034478 0.023798 0.041122
v 0.027781 0.031358 0.041122
v 0.019469 0.037095 0.041122
v 0.010026 0.040676 0.041122
v 0.000000 0.041893 0.041122
v -0.010026 0.040676 0.041122
v -0.019469 0.037095 0.041122
v -0.027780 0.031358 0.041122
v -0.034478 0.023798 0.041122
v -0.039171 0.014856 0.041122
v -0.041588 0.005050 0.041122
v -0.041588 -0.005050 0.041122
v -0.039171 -0.014856 0.041122
v -0.034478 -0.023798 0.041122
v -0.027780 -0.031358 0.041122
v -0.019469 -0.037095 0.041122
v -0.010026 -0.040676 0.041122
v 0.000000 -0.041893 0.041122
v 0.010026 -0.040676 0.041122
v 0.019469 -0.037095 0.041122
v 0.027781 -0.031358 0.041122
v 0.034478 -0.023798 0.041122
v 0.039171 -0.014856 0.041122
v 0.041588 -0.005050 0.041122
v 0.033827 0.000000 -0.059269
v 0.033579 0.004077 -0.059269
v 0.031628 0.011995 -0.059269
v 0.027838 0.019215 -0.059269
v 0.022431 0.025319 -0.059269
v 0.015720 0.029951 -0.059269
v 0.008095 0.032843 -0.059269
v 0.000000 0.033826 -0.059269
v -0.008095 0.032843 -0.059269
v -0.015720 0.029951 -0.059269
v -0.022431 0.025319 -0.059269
v -0.027838 0.019215 -0.059269
v -0.031627 0.011995 -0.059269
v -0.033579 0.004077 -0.059269
v -0.033579 -0.004077 -0.059269
v -0.031627 -0.011995 -0.059269
v -0.027838 -0.019215 -0.059269
v -0.022430 -0.025319 -0.059269
v -0.015720 -0.029951 -0.059269
v -0.008095 -0.032843 -0.059269
v 0.000000 -0.033826 -0.059269
v 0.008095 -0.032843 -0.059269
v 0.015720 -0.029951 -0.059269
v 0.022431 -0.025319 -0.059269
v 0.027838 -0.019215 -0.059269
v 0.031628 -0.011995 -0.059269
v 0.033579 -0.004077 -0.059269
v 0.041344 0.000000 0.059794
v 0.040143 0.009894 0.059794
v 0.036609 0.019214 0.059794
v 0.030947 0.027416 0.059794
v 0.023486 0.034026 0.059794
v 0.014661 0.038658 0.059794
v 0.004984 0.041043 0.059794
v -0.004984 0.041043 0.059794
v -0.014661 0.038658 0.059794
v -0.023486 0.034026 0.059794
v -0.030947 0.027416 0.059794
v -0.036609 0.019214 0.059794
v -0.040143 0.009894 0.059794
v -0.041344 -0.000000 0.059794
v -0.040143 -0.009894 0.059794
v -0.036609 -0.019214 0.059794
v -0.030947 -0.027416 0.059794
v -0.023486 -0.034026 0.059794
v -0.014661 -0.038658 0.059794
v -0.004983 -0.041043 0.059794
v 0.004984 -0.041043 0.059794
v 0.014661 -0.038658 0.059794
v 0.023486 -0.034026 0.059794
v 0.030947 -0.027416 0.059794
v 0.036609 -0.019214 0.059794
v 0.040143 -0.009894 0.059794
v 0.040463 0.000000 0.058873
v 0.039288 0.009684 0.058873
v 0.035829 0.018804 0.058873
v 0.030287 0.026832 0.058873
v 0.022986 0.033301 0.058873
v 0.014349 0.037834 0.058873
v 0.004877 0.040168 0.058873
v -0.004877 0.040168 0.058873
v -0.014349 0.037834 0.058873
v -0.022986 0.033301 0.058873
v -0.030287 0.026832 0.058873
v -0.035829 0.018804 0.058873
v -0.039288 0.009684 0.058873
v -0.040463 -0.000000 0.058873
v -0.039288 -0.009684 0.058873
v -0.035829 -0.018804 0.058873
v -0.030287 -0.026832 0.058873
v -0.022986 -0.033301 0.058873
v -0.014349 -0.037834 0.058873
v -0.004877 -0.040168 0.058873
v 0.004877 -0.040168 0.058873
v 0.014349 -0.037834 0.058873
v 0.022986 -0.033301 0.058873
v 0.030287 -0.026832 0.058873
v 0.035829 -0.018804 0.058873
v 0.039288 -0.009683 0.058873
v 0.037883 0.009337 0.044480
v 0.039017 0.000000 0.044480
v 0.034547 0.018132 0.044480
v 0.029204 0.025873 0.044480
v 0.022164 0.032110 0.044480
v 0.013835 0.036481 0.044480
v 0.004703 0.038732 0.044480
v -0.004703 0.038732 0.044480
v -0.013835 0.036481 0.044480
v -0.022164 0.032110 0.044480
v -0.029204 0.025873 0.044480
v -0.034547 0.018132 0.044480
v -0.037883 0.009337 0.044480
v -0.039017 -0.000000 0.044480
v -0.037883 -0.009337 0.044480
v -0.034547 -0.018132 0.044480
v -0.029204 -0.025873 0.044480
v -0.022164 -0.032110 0.044480
v -0.013835 -0.036481 0.044480
v -0.004703 -0.038732 0.044480
v 0.004703 -0.038732 0.044480
v 0.013836 -0.036481 0.044480
v 0.022164 -0.032110 0.044480
v 0.029204 -0.025873 0.044480
v 0.034547 -0.018132 0.044480
v 0.037883 -0.009337 0.044480
v 0.031698 0.000000 -0.032726
v 0.030777 0.007586 -0.032726
v 0.028067 0.014731 -0.032726
v 0.023726 0.021019 -0.032726
v 0.018006 0.026087 -0.032726
v 0.011240 0.029638 -0.032726
v 0.003821 0.031467 -0.032726
v -0.003821 0.031467 -0.032726
v -0.011240 0.029638 -0.032726
v -0.018006 0.026087 -0.032726
v -0.023726 0.021019 -0.032726
v -0.028067 0.014731 -0.032726
v -0.030777 0.007586 -0.032726
v -0.031698 -0.000000 -0.032726
v -0.030777 -0.007586 -0.032726
v -0.028067 -0.014731 -0.032726
v -0.023726 -0.021019 -0.032726
v -0.018006 -0.026087 -0.032726
v -0.011240 -0.029638 -0.032726
v -0.003821 -0.031467 -0.032726
v 0.003821 -0.031467 -0.032726
v 0.011240 -0.029638 -0.032726
v 0.018006 -0.026087 -0.032726
v 0.023726 -0.021019 -0.032726
v 0.028067 -0.014731 -0.032726
v 0.030777 -0.007586 -0.032726
v 0.039991 0.004856 0.058018
v 0.037667 0.014285 0.058018
v 0.033154 0.022885 0.058018
v 0.026714 0.030154 0.058018
v 0.018721 0.035671 0.058018
v 0.009641 0.039114 0.058018
v 0.000000 0.040285 0.058018
v -0.009641 0.039114 0.058018
v -0.018721 0.035671 0.058018
v -0.026714 0.030154 0.058018
v -0.033154 0.022885 0.058018
v -0.037667 0.014285 0.058018
v -0.039991 0.004856 0.058018
v -0.039991 -0.004856 0.058018
v -0.037667 -0.014285 0.058018
v -0.033154 -0.022885 0.058018
v -0.026714 -0.030154 0.058018
v -0.018721 -0.035671 0.058018
v -0.009641 -0.039115 0.058018
v 0.000000 -0.040285 0.058018
v 0.009641 -0.039114 0.058018
v 0.018721 -0.035671 0.058018
v 0.026714 -0.030154 0.058018
v 0.033154 -0.022885 0.058018
v 0.037667 -0.014285 0.058018
v 0.039991 -0.004856 0.058018
v 0.041556 0.005046 0.059870
v 0.039141 0.014844 0.059870
v 0.034451 0.023780 0.059870
v 0.027759 0.031334 0.059870
v 0.019454 0.037067 0.059870
v 0.010018 0.040645 0.059870
v 0.000000 0.041862 0.059870
v -0.010018 0.040645 0.059870
v -0.019454 0.037067 0.059870
v -0.027759 0.031334 0.059870
v -0.034451 0.023780 0.059870
v -0.039141 0.014844 0.059870
v -0.041556 0.005046 0.059870
v -0.041556 -0.005046 0.059870
v -0.039141 -0.014844 0.059870
v -0.034451 -0.023780 0.059870
v -0.027759 -0.031334 0.059870
v -0.019454 -0.037067 0.059870
v -0.010018 -0.040645 0.059870
v 0.000000 -0.041862 0.059870
v 0.010018 -0.040645 0.059870
v 0.019454 -0.037067 0.059870
v 0.027759 -0.031334 0.059870
v 0.034451 -0.023780 0.059870
v 0.039141 -0.014844 0.059870
v 0.041556 -0.005046 0.059870
v 0.040548 0.004923 0.059463
v 0.038192 0.014484 0.059463
v 0.033616 0.023203 0.059463
v 0.027086 0.030574 0.059463
v 0.018982 0.036167 0.059463
v 0.009775 0.039659 0.059463
v 0.000000 0.040846 0.059463
v -0.009775 0.039659 0.059463
v -0.018982 0.036167 0.059463
v -0.027086 0.030574 0.059463
v -0.033616 0.023203 0.059463
v -0.038192 0.014484 0.059463
v -0.040548 0.004923 0.059463
v -0.040548 -0.004923 0.059463
v -0.038192 -0.014484 0.059463
v -0.033616 -0.023203 0.059463
v -0.027086 -0.030574 0.059463
v -0.018982 -0.036167 0.059463
v -0.009775 -0.039659 0.059463
v 0.000000 -0.040846 0.059463
v 0.009775 -0.039659 0.059463
v 0.018982 -0.036167 0.059463
v 0.027086 -0.030574 0.059463
v 0.033616 -0.023203 0.059463
v 0.038192 -0.014484 0.059463
v 0.040548 -0.004923 0.059463
v 0.035097 0.004262 0.005838
v 0.033057 0.012537 0.005838
v 0.029097 0.020084 0.005838
v 0.023445 0.026464 0.005838
v 0.016430 0.031305 0.005838
v 0.008461 0.034328 0.005838
v 0.000000 0.035355 0.005838
v -0.008461 0.034328 0.005838
v -0.016430 0.031305 0.005838
v -0.023445 0.026464 0.005838
v -0.029097 0.020084 0.005838
v -0.033057 0.012537 0.005838
v -0.035097 0.004262 0.005838
v -0.035097 -0.004262 0.005838
v -0.033057 -0.012537 0.005838
v -0.029097 -0.020084 0.005838
v -0.023445 -0.026464 0.005838
v -0.016430 -0.031305 0.005838
v -0.008461 -0.034328 0.005838
v 0.000000 -0.035355 0.005838
v 0.008461 -0.034328 0.005838
v 0.016430 -0.031305 0.005838
v 0.023445 -0.026464 0.005838
v 0.029097 -0.020084 0.005838
v 0.033057 -0.012537 0.005838
v 0.035097 -0.004262 0.005838
v 0.039116 0.009641 0.058018
v 0.030436 0.000000 -0.046033
v 0.040167 0.004877 0.058873
v 0.035672 0.018722 0.058018
v 0.037833 0.014348 0.058873
v 0.030155 0.026715 0.058018
v 0.033300 0.022985 0.058873
v 0.022885 0.033155 0.058018
v 0.026832 0.030287 0.058873
v 0.014286 0.037668 0.058018
v 0.018804 0.035828 0.058873
v 0.004856 0.039992 0.058018
v 0.009683 0.039287 0.058873
v -0.004856 0.039992 0.058018
v 0.000000 0.040462 0.058873
v -0.014286 0.037668 0.058018
v -0.009683 0.039287 0.058873
v -0.022885 0.033155 0.058018
v -0.018804 0.035828 0.058873
v -0.030155 0.026715 0.058018
v -0.026832 0.030287 0.058873
v -0.035672 0.018722 0.058018
v -0.033300 0.022985 0.058873
v -0.039116 0.009641 0.058018
v -0.037833 0.014348 0.058873
v -0.040286 -0.000000 0.058018
v -0.040167 0.004877 0.058873
v -0.039116 -0.009641 0.058018
v -0.040167 -0.004877 0.058873
v -0.035672 -0.018722 0.058018
v -0.037833 -0.014348 0.058873
v -0.030155 -0.026715 0.058018
v -0.033300 -0.022985 0.058873
v -0.022885 -0.033155 0.058018
v -0.026832 -0.030287 0.058873
v -0.014286 -0.037668 0.058018
v -0.018804 -0.035828 0.058873
v -0.004856 -0.039992 0.058018
v -0.009683 -0.039287 0.058873
v 0.004856 -0.039992 0.058018
v 0.000000 -0.040462 0.058873
v 0.014286 -0.037668 0.058018
v 0.009683 -0.039287 0.058873
v 0.022885 -0.033155 0.058018
v 0.018804 -0.035828 0.058873
v 0.030155 -0.026715 0.058018
v 0.026832 -0.030287 0.058873
v 0.035672 -0.018722 0.058018
v 0.033300 -0.022985 0.058873
v 0.039116 -0.009641 0.058018
v 0.037833 -0.014348 0.058873
v 0.040167 -0.004877 0.058873
v 0.040646 0.010018 0.059870
v 0.041863 0.000000 0.059870
v 0.037068 0.019455 0.059870
v 0.031335 0.027760 0.059870
v 0.023781 0.034452 0.059870
v 0.014845 0.039142 0.059870
v 0.005046 0.041557 0.059870
v -0.005046 0.041557 0.059870
v -0.014845 0.039142 0.059870
v -0.023781 0.034452 0.059870
v -0.031335 0.027760 0.059870
v -0.037068 0.019455 0.059870
v -0.040646 0.010018 0.059870
v -0.041863 -0.000000 0.059870
v -0.040646 -0.010018 0.059870
v -0.037068 -0.019455 0.059870
v -0.031335 -0.027760 0.059870
v -0.023781 -0.034452 0.059870
v -0.014845 -0.039142 0.059870
v -0.005046 -0.041557 0.059870
v 0.005046 -0.041557 0.059870
v 0.014845 -0.039142 0.059870
v 0.023781 -0.034452 0.059870
v 0.031335 -0.027760 0.059870
v 0.037068 -0.019455 0.059870
v 0.040646 -0.010018 0.059870
v 0.040847 0.000000 0.059463
v 0.039660 0.009775 0.059463
v 0.036168 0.018983 0.059463
v 0.030575 0.027087 0.059463
v 0.023204 0.033617 0.059463
v 0.014485 0.038193 0.059463
v 0.004924 0.040549 0.059463
v -0.004924 0.040549 0.059463
v -0.014485 0.038193 0.059463
v -0.023204 0.033617 0.059463
v -0.030575 0.027087 0.059463
v -0.036168 0.018983 0.059463
v -0.039660 0.009775 0.059463
v -0.040847 -0.000000 0.059463
v -0.039660 -0.009775 0.059463
v -0.036168 -0.018983 0.059463
v -0.030574 -0.027087 0.059463
v -0.023204 -0.033617 0.059463
v -0.014485 -0.038193 0.059463
v -0.004924 -0.040549 0.059463
v 0.004924 -0.040549 0.059463
v 0.014485 -0.038193 0.059463
v 0.023204 -0.033616 0.059463
v 0.030575 -0.027087 0.059463
v 0.036168 -0.018983 0.059463
v 0.039660 -0.009775 0.059463
v 0.041042 0.004983 0.059794
v 0.038657 0.014661 0.059794
v 0.034025 0.023486 0.059794
v 0.027416 0.030946 0.059794
v 0.019213 0.036608 0.059794
v 0.009894 0.040142 0.059794
v 0.000000 0.041343 0.059794
v -0.009894 0.040142 0.059794
v -0.019213 0.036608 0.059794
v -0.027416 0.030946 0.059794
v -0.034025 0.023486 0.059794
v -0.038657 0.014661 0.059794
v -0.041042 0.004983 0.059794
v -0.041042 -0.004983 0.059794
v -0.038657 -0.014661 0.059794
v -0.034025 -0.023486 0.059794
v -0.027416 -0.030946 0.059794
v -0.019213 -0.036608 0.059794
v -0.009894 -0.040142 0.059794
v 0.000000 -0.041343 0.059794
v 0.009894 -0.040142 0.059794
v 0.019213 -0.036608 0.059794
v 0.027416 -0.030946 0.059794
v 0.034025 -0.023486 0.059794
v 0.038657 -0.014660 0.059794
v 0.041042 -0.004983 0.059794
v 0.040286 0.000000 0.058018
v 0.038731 0.004703 0.044480
v 0.036480 0.013835 0.044480
v 0.032109 0.022163 0.044480
v 0.025872 0.029204 0.044480
v 0.018131 0.034547 0.044480
v 0.009337 0.037882 0.044480
v 0.000000 0.039015 0.044480
v -0.009337 0.037882 0.044480
v -0.018131 0.034547 0.044480
v -0.025872 0.029204 0.044480
v -0.032109 0.022163 0.044480
v -0.036480 0.013835 0.044480
v -0.038731 0.004703 0.044480
v -0.038731 -0.004703 0.044480
v -0.036480 -0.013835 0.044480
v -0.032109 -0.022163 0.044480
v -0.025872 -0.029204 0.044480
v -0.018131 -0.034547 0.044480
v -0.009337 -0.037882 0.044480
v 0.000000 -0.039016 0.044480
v 0.009337 -0.037882 0.044480
v 0.018131 -0.034546 0.044480
v 0.025872 -0.029203 0.044480
v 0.032109 -0.022163 0.044480
v 0.036480 -0.013835 0.044480
v 0.038731 -0.004703 0.044480
v 0.034329 0.008461 0.005838
v 0.031306 0.016431 0.005838
v 0.026464 0.023445 0.005838
v 0.020084 0.029097 0.005838
v 0.012537 0.033058 0.005838
v 0.004262 0.035098 0.005838
v -0.004262 0.035098 0.005838
v -0.012537 0.033058 0.005838
v -0.020084 0.029097 0.005838
v -0.026464 0.023445 0.005838
v -0.031306 0.016431 0.005838
v -0.034329 0.008461 0.005838
v -0.035356 -0.000000 0.005838
v -0.034329 -0.008461 0.005838
v -0.031306 -0.016431 0.005838
v -0.026464 -0.023445 0.005838
v -0.020084 -0.029097 0.005838
v -0.012537 -0.033058 0.005838
v -0.004262 -0.035098 0.005838
v 0.004262 -0.035098 0.005838
v 0.012537 -0.033058 0.005838
v 0.020084 -0.029097 0.005838
v 0.026464 -0.023445 0.005838
v 0.031306 -0.016431 0.005838
v 0.034329 -0.008461 0.005838
v 0.035356 0.000000 0.005838
v 0.031466 0.003821 -0.032726
v 0.029637 0.011240 -0.032726
v 0.026086 0.018006 -0.032726
v 0.021019 0.023725 -0.032726
v 0.014730 0.028066 -0.032726
v 0.007586 0.030776 -0.032726
v 0.000000 0.031697 -0.032726
v -0.007586 0.030776 -0.032726
v -0.014730 0.028066 -0.032726
v -0.021019 0.023725 -0.032726
v -0.026086 0.018006 -0.032726
v -0.029637 0.011240 -0.032726
v -0.031466 0.003821 -0.032726
v -0.031466 -0.003821 -0.032726
v -0.029637 -0.011240 -0.032726
v -0.026086 -0.018006 -0.032726
v -0.021019 -0.023725 -0.032726
v -0.014730 -0.028066 -0.032726
v -0.007586 -0.030776 -0.032726
v 0.000000 -0.031697 -0.032726
v 0.007586 -0.030776 -0.032726
v 0.014730 -0.028066 -0.032726
v 0.021019 -0.023725 -0.032726
v 0.026086 -0.018006 -0.032726
v 0.029637 -0.011240 -0.032726
v 0.031466 -0.003821 -0.032726
v 0.029551 0.007284 -0.046033
v 0.030213 0.003668 -0.046033
v 0.026949 0.014144 -0.046033
v 0.028457 0.010792 -0.046033
v 0.022781 0.020182 -0.046033
v 0.025047 0.017289 -0.046033
v 0.017289 0.025048 -0.046033
v 0.020182 0.022781 -0.046033
v 0.010793 0.028458 -0.046033
v 0.014144 0.026949 -0.046033
v 0.003669 0.030214 -0.046033
v 0.007284 0.029550 -0.046033
v -0.003669 0.030214 -0.046033
v 0.000000 0.030435 -0.046033
v -0.010793 0.028458 -0.046033
v -0.007283 0.029550 -0.046033
v -0.017289 0.025048 -0.046033
v -0.014144 0.026949 -0.046033
v -0.022781 0.020182 -0.046033
v -0.020182 0.022781 -0.046033
v -0.026949 0.014144 -0.046033
v -0.025047 0.017289 -0.046033
v -0.029551 0.007284 -0.046033
v -0.028457 0.010792 -0.046033
v -0.030435 -0.000000 -0.046033
v -0.030213 0.003668 -0.046033
v -0.029551 -0.007284 -0.046033
v -0.030213 -0.003669 -0.046033
v -0.026949 -0.014144 -0.046033
v -0.028457 -0.010792 -0.046033
v -0.022781 -0.020182 -0.046033
v -0.025047 -0.017289 -0.046033
v -0.017289 -0.025048 -0.046033
v -0.020182 -0.022781 -0.046033
v -0.010793 -0.028458 -0.046033
v -0.014144 -0.026949 -0.046033
v -0.003669 -0.030214 -0.046033
v -0.007283 -0.029550 -0.046033
v 0.003669 -0.030214 -0.046033
v 0.000000 -0.030435 -0.046033
v 0.010793 -0.028458 -0.046033
v 0.007284 -0.029550 -0.046033
v 0.017289 -0.025048 -0.046033
v 0.014144 -0.026949 -0.046033
v 0.022781 -0.020182 -0.046033
v 0.020182 -0.022781 -0.046033
v 0.026949 -0.014144 -0.046033
v 0.025047 -0.017289 -0.046033
v 0.029551 -0.007284 -0.046033
v 0.028457 -0.010792 -0.046033
v 0.030213 -0.003668 -0.046033
v 0.032224 0.007942 -0.059718
v 0.029387 0.015423 -0.059718
v 0.024842 0.022008 -0.059718
v 0.018853 0.027313 -0.059718
v 0.011769 0.031032 -0.059718
v 0.004000 0.032946 -0.059718
v -0.004000 0.032946 -0.059718
v -0.011769 0.031032 -0.059718
v -0.018853 0.027313 -0.059718
v -0.024842 0.022008 -0.059718
v -0.029387 0.015423 -0.059718
v -0.032224 0.007942 -0.059718
v -0.033188 -0.000000 -0.059718
v -0.032224 -0.007943 -0.059718
v -0.029387 -0.015423 -0.059718
v -0.024842 -0.022008 -0.059718
v -0.018853 -0.027314 -0.059718
v -0.011769 -0.031032 -0.059718
v -0.004000 -0.032946 -0.059718
v 0.004000 -0.032946 -0.059718
v 0.011769 -0.031032 -0.059718
v 0.018853 -0.027313 -0.059718
v 0.024842 -0.022008 -0.059718
v 0.029387 -0.015423 -0.059718
v 0.030628 -0.000000 -0.059833
v 0.000000 0.000000 -0.059870
v 0.033188 0.000000 -0.059718
v 0.032224 -0.007942 -0.059718
v 0.029738 0.007330 -0.059833
v 0.027120 0.014233 -0.059833
v 0.022925 0.020310 -0.059833
v 0.017399 0.025206 -0.059833
v 0.010861 0.028638 -0.059833
v 0.003692 0.030405 -0.059833
v -0.003692 0.030405 -0.059833
v -0.010861 0.028638 -0.059833
v -0.017399 0.025206 -0.059833
v -0.022925 0.020310 -0.059833
v -0.027120 0.014233 -0.059833
v -0.029738 0.007330 -0.059833
v -0.030628 -0.000000 -0.059833
v -0.029738 -0.007330 -0.059833
v -0.027120 -0.014233 -0.059833
v -0.022925 -0.020310 -0.059833
v -0.017399 -0.025206 -0.059833
v -0.010861 -0.028638 -0.059833
v -0.003692 -0.030405 -0.059833
v 0.003692 -0.030405 -0.059833
v 0.010861 -0.028638 -0.059833
v 0.017399 -0.025206 -0.059833
v 0.022925 -0.020310 -0.059833
v 0.027120 -0.014233 -0.059833
v 0.029738 -0.007330 -0.059833
v 0.003256 0.000802 -0.059869
v 0.002969 0.001558 -0.059869
v 0.002510 0.002223 -0.059869
v 0.001905 0.002759 -0.059869
v 0.001189 0.003135 -0.059869
v 0.000404 0.003328 -0.059869
v -0.000404 0.003328 -0.059869
v -0.001189 0.003135 -0.059869
v -0.001905 0.002759 -0.059869
v -0.002510 0.002223 -0.059869
v -0.002969 0.001558 -0.059869
v -0.003255 0.000802 -0.059869
v -0.003353 -0.000000 -0.059869
v -0.003255 -0.000802 -0.059869
v -0.002969 -0.001558 -0.059869
v -0.002510 -0.002223 -0.059869
v -0.001905 -0.002759 -0.059869
v -0.001189 -0.003135 -0.059869
v -0.000404 -0.003328 -0.059869
v 0.000404 -0.003328 -0.059869
v 0.001189 -0.003135 -0.059869
v 0.001905 -0.002759 -0.059869
v 0.002510 -0.002223 -0.059869
v 0.002969 -0.001558 -0.059869
v 0.003256 -0.000802 -0.059869
v 0.003353 -0.000000 -0.059869
v 0.026232 -0.001156 -0.059749
v 0.026232 0.001156 -0.059749
v 0.025747 0.005156 -0.059749
v 0.025193 0.007400 -0.059749
v 0.023765 0.011167 -0.059749
v 0.022690 0.013214 -0.059749
v 0.020402 0.016530 -0.059749
v 0.018869 0.018260 -0.059749
v 0.015853 0.020932 -0.059749
v 0.013950 0.022245 -0.059749
v 0.010383 0.024118 -0.059749
v 0.008221 0.024937 -0.059749
v 0.004309 0.025902 -0.059749
v 0.002015 0.026180 -0.059749
v -0.002014 0.026180 -0.059749
v -0.004309 0.025902 -0.059749
v -0.008221 0.024937 -0.059749
v -0.010383 0.024118 -0.059749
v -0.013950 0.022245 -0.059749
v -0.015853 0.020932 -0.059749
v -0.018869 0.018260 -0.059749
v -0.020402 0.016530 -0.059749
v -0.022690 0.013214 -0.059749
v -0.023765 0.011167 -0.059749
v -0.025193 0.007400 -0.059749
v -0.025747 0.005156 -0.059749
v -0.026232 0.001156 -0.059749
v -0.026232 -0.001156 -0.059749
v -0.025747 -0.005156 -0.059749
v -0.025193 -0.007400 -0.059749
v -0.023765 -0.011167 -0.059749
v -0.022690 -0.013214 -0.059749
v -0.020402 -0.016530 -0.059749
v -0.018869 -0.018260 -0.059749
v -0.015853 -0.020932 -0.059749
v -0.013950 -0.022245 -0.059749
v -0.010383 -0.024118 -0.059749
v -0.008221 -0.024937 -0.059749
v -0.004309 -0.025902 -0.059749
v -0.002014 -0.026180 -0.059749
v 0.002015 -0.026180 -0.059749
v 0.004309 -0.025902 -0.059749
v 0.008221 -0.024937 -0.059749
v 0.010383 -0.024118 -0.059749
v 0.013950 -0.022245 -0.059749
v 0.015853 -0.020932 -0.059749
v 0.018869 -0.018260 -0.059749
v 0.020402 -0.016530 -0.059749
v 0.022690 -0.013214 -0.059749
v 0.023765 -0.011167 -0.059749
v 0.025193 -0.007400 -0.059749
v 0.025747 -0.005155 -0.059749
v 0.006400 0.001913 -0.059846
v 0.006556 0.001281 -0.059846
v 0.005756 0.003389 -0.059846
v 0.006059 0.002812 -0.059846
v 0.004778 0.004668 -0.059846
v 0.005210 0.004181 -0.059846
v 0.003522 0.005676 -0.059846
v 0.004058 0.005306 -0.059846
v 0.002062 0.006354 -0.059846
v 0.002670 0.006123 -0.059846
v 0.000481 0.006663 -0.059846
v 0.001127 0.006584 -0.059846
v -0.001127 0.006584 -0.059846
v -0.000481 0.006663 -0.059846
v -0.002670 0.006123 -0.059846
v -0.002062 0.006354 -0.059846
v -0.004058 0.005306 -0.059846
v -0.003522 0.005676 -0.059846
v -0.005210 0.004181 -0.059846
v -0.004778 0.004668 -0.059846
v -0.006059 0.002812 -0.059846
v -0.005756 0.003389 -0.059846
v -0.006556 0.001281 -0.059846
v -0.006400 0.001913 -0.059846
v -0.006672 -0.000325 -0.059846
v -0.006672 0.000325 -0.059846
v -0.006400 -0.001913 -0.059846
v -0.006556 -0.001281 -0.059846
v -0.005756 -0.003389 -0.059846
v -0.006059 -0.002812 -0.059846
v -0.004778 -0.004668 -0.059846
v -0.005210 -0.004181 -0.059846
v -0.003522 -0.005676 -0.059846
v -0.004058 -0.005306 -0.059846
v -0.002062 -0.006354 -0.059846
v -0.002670 -0.006123 -0.059846
v -0.000481 -0.006663 -0.059846
v -0.001127 -0.006584 -0.059846
v 0.001127 -0.006584 -0.059846
v 0.000481 -0.006663 -0.059846
v 0.002670 -0.006123 -0.059846
v 0.002062 -0.006354 -0.059846
v 0.004058 -0.005306 -0.059846
v 0.003522 -0.005676 -0.059846
v 0.005210 -0.004181 -0.059846
v 0.004778 -0.004668 -0.059846
v 0.006059 -0.002812 -0.059846
v 0.005756 -0.003389 -0.059846
v 0.006556 -0.001281 -0.059846
v 0.006400 -0.001913 -0.059846
v 0.006672 0.000325 -0.059846
v 0.006672 -0.000325 -0.059846
v 0.023531 -0.000000 -0.059331
v 0.022847 0.005631 -0.059331
v 0.020836 0.010935 -0.059331
v 0.017613 0.015604 -0.059331
v 0.013367 0.019365 -0.059331
v 0.008344 0.022002 -0.059331
v 0.002836 0.023359 -0.059331
v -0.002836 0.023359 -0.059331
v -0.008344 0.022002 -0.059331
v -0.013367 0.019365 -0.059331
v -0.017613 0.015604 -0.059331
v -0.020835 0.010935 -0.059331
v -0.022847 0.005631 -0.059331
v -0.023531 -0.000000 -0.059331
v -0.022847 -0.005631 -0.059331
v -0.020835 -0.010935 -0.059331
v -0.017613 -0.015604 -0.059331
v -0.013367 -0.019365 -0.059331
v -0.008344 -0.022002 -0.059331
v -0.002836 -0.023359 -0.059331
v 0.002836 -0.023359 -0.059331
v 0.008344 -0.022002 -0.059331
v 0.013367 -0.019365 -0.059331
v 0.017613 -0.015604 -0.059331
v 0.020836 -0.010935 -0.059331
v 0.022847 -0.005631 -0.059331
v 0.008925 0.002200 -0.059637
v 0.008140 0.004272 -0.059637
v 0.006881 0.006096 -0.059637
v 0.005222 0.007565 -0.059637
v 0.003260 0.008595 -0.059637
v 0.001108 0.009126 -0.059637
v -0.001108 0.009126 -0.059637
v -0.003260 0.008595 -0.059637
v -0.005222 0.007565 -0.059637
v -0.006881 0.006096 -0.059637
v -0.008140 0.004272 -0.059637
v -0.008925 0.002200 -0.059637
v -0.009193 -0.000000 -0.059637
v -0.008925 -0.002200 -0.059637
v -0.008140 -0.004272 -0.059637
v -0.006881 -0.006096 -0.059637
v -0.005222 -0.007565 -0.059637
v -0.003260 -0.008595 -0.059637
v -0.001108 -0.009126 -0.059637
v 0.001108 -0.009126 -0.059637
v 0.003260 -0.008595 -0.059637
v 0.005222 -0.007565 -0.059637
v 0.006881 -0.006096 -0.059637
v 0.008140 -0.004272 -0.059637
v 0.008925 -0.002200 -0.059637
v 0.009193 -0.000000 -0.059637
v 0.026270 0.001890 -0.059869
v 0.006555 0.000556 -0.059870
v 0.002918 -0.000000 -0.059870
v 0.006555 -0.000556 -0.059870
v 0.026270 -0.001890 -0.059869
v 0.031567 -0.000000 -0.059869
v 0.006497 0.001029 -0.059870
v 0.025959 0.004452 -0.059869
v 0.030650 0.007554 -0.059869
v 0.025054 0.008122 -0.059869
v 0.006231 0.002108 -0.059870
v 0.002833 0.000698 -0.059870
v 0.006062 0.002554 -0.059870
v 0.024139 0.010535 -0.059869
v 0.027951 0.014670 -0.059869
v 0.022382 0.013882 -0.059869
v 0.005546 0.003538 -0.059870
v 0.002584 0.001356 -0.059870
v 0.005275 0.003931 -0.059870
v 0.020916 0.016005 -0.059869
v 0.023628 0.020933 -0.059869
v 0.018410 0.018835 -0.059869
v 0.004538 0.004762 -0.059870
v 0.002184 0.001935 -0.059870
v 0.004181 0.005079 -0.059870
v 0.016478 0.020546 -0.059869
v 0.017932 0.025979 -0.059869
v 0.013367 0.022693 -0.059869
v 0.003266 0.005710 -0.059870
v 0.001658 0.002401 -0.059870
v 0.002844 0.005932 -0.059870
v 0.011082 0.023892 -0.059869
v 0.011194 0.029516 -0.059869
v 0.007548 0.025233 -0.059869
v 0.001805 0.006326 -0.059870
v 0.001035 0.002728 -0.059870
v 0.001342 0.006440 -0.059870
v 0.005043 0.025850 -0.059869
v 0.003805 0.031337 -0.059869
v 0.001290 0.026306 -0.059869
v 0.000239 0.006574 -0.059870
v 0.000352 0.002897 -0.059870
v -0.000239 0.006574 -0.059870
v -0.001290 0.026306 -0.059869
v -0.003805 0.031337 -0.059869
v -0.005043 0.025850 -0.059869
v -0.001342 0.006440 -0.059870
v -0.000352 0.002897 -0.059870
v -0.001805 0.006326 -0.059870
v -0.007548 0.025233 -0.059869
v -0.011194 0.029516 -0.059869
v -0.011082 0.023892 -0.059869
v -0.002844 0.005932 -0.059870
v -0.001035 0.002728 -0.059870
v -0.003266 0.005710 -0.059870
v -0.013367 0.022693 -0.059869
v -0.017932 0.025979 -0.059869
v -0.016478 0.020546 -0.059869
v -0.004181 0.005079 -0.059870
v -0.001658 0.002401 -0.059870
v -0.004538 0.004762 -0.059870
v -0.018410 0.018835 -0.059869
v -0.023628 0.020933 -0.059869
v -0.020916 0.016005 -0.059869
v -0.005275 0.003931 -0.059870
v -0.002184 0.001935 -0.059870
v -0.005546 0.003538 -0.059870
v -0.022382 0.013882 -0.059869
v -0.027951 0.014670 -0.059869
v -0.024139 0.010535 -0.059869
v -0.006062 0.002554 -0.059870
v -0.002584 0.001356 -0.059870
v -0.006231 0.002108 -0.059870
v -0.025054 0.008122 -0.059869
v -0.030650 0.007554 -0.059869
v -0.025959 0.004452 -0.059869
v -0.006497 0.001029 -0.059870
v -0.002833 0.000698 -0.059870
v -0.006555 0.000556 -0.059870
v -0.026270 0.001890 -0.059869
v -0.031567 -0.000000 -0.059869
v -0.026270 -0.001890 -0.059869
v -0.006555 -0.000556 -0.059870
v -0.002918 -0.000000 -0.059870
v -0.006497 -0.001029 -0.059870
v -0.025959 -0.004452 -0.059869
v -0.030650 -0.007554 -0.059869
v -0.025054 -0.008122 -0.059869
v -0.006231 -0.002108 -0.059870
v -0.002833 -0.000698 -0.059870
v -0.006062 -0.002554 -0.059870
v -0.024139 -0.010535 -0.059869
v -0.027951 -0.014670 -0.059869
v -0.022382 -0.013882 -0.059869
v -0.005546 -0.003538 -0.059870
v -0.002584 -0.001356 -0.059870
v -0.005275 -0.003931 -0.059870
v -0.020916 -0.016005 -0.059869
v -0.023628 -0.020933 -0.059869
v -0.018410 -0.018835 -0.059869
v -0.004538 -0.004762 -0.059870
v -0.002184 -0.001935 -0.059870
v -0.004181 -0.005079 -0.059870
v -0.016478 -0.020546 -0.059869
v -0.017932 -0.025979 -0.059869
v -0.013367 -0.022693 -0.059869
v -0.003266 -0.005710 -0.059870
v -0.001658 -0.002401 -0.059870
v -0.002844 -0.005932 -0.059870
v -0.011082 -0.023892 -0.059869
v -0.011194 -0.029516 -0.059869
v -0.007548 -0.025233 -0.059869
v -0.001805 -0.006326 -0.059870
v -0.001035 -0.002728 -0.059870
v -0.001342 -0.006440 -0.059870
v -0.005042 -0.025850 -0.059869
v -0.003805 -0.031337 -0.059869
v -0.001290 -0.026306 -0.059869
v -0.000238 -0.006574 -0.059870
v -0.000352 -0.002897 -0.059870
v 0.000239 -0.006574 -0.059870
v 0.001290 -0.026306 -0.059869
v 0.003805 -0.031337 -0.059869
v 0.005043 -0.025850 -0.059869
v 0.001342 -0.006440 -0.059870
v 0.000352 -0.002897 -0.059870
v 0.001805 -0.006326 -0.059870
v 0.007548 -0.025233 -0.059869
v 0.011194 -0.029516 -0.059869
v 0.011082 -0.023892 -0.059869
v 0.002844 -0.005932 -0.059870
v 0.001035 -0.002728 -0.059870
v 0.003266 -0.005710 -0.059870
v 0.013368 -0.022693 -0.059869
v 0.017932 -0.025979 -0.059869
v 0.016478 -0.020546 -0.059869
v 0.004181 -0.005079 -0.059870
v 0.001658 -0.002401 -0.059870
v 0.004538 -0.004762 -0.059870
v 0.018410 -0.018835 -0.059869
v 0.023628 -0.020933 -0.059869
v 0.020916 -0.016005 -0.059869
v 0.005275 -0.003931 -0.059870
v 0.002184 -0.001935 -0.059870
v 0.005546 -0.003538 -0.059870
v 0.022382 -0.013882 -0.059869
v 0.027951 -0.014670 -0.059869
v 0.024139 -0.010535 -0.059869
v 0.006062 -0.002554 -0.059870
v 0.002584 -0.001356 -0.059870
v 0.006231 -0.002108 -0.059870
v 0.025054 -0.008122 -0.059869
v 0.030650 -0.007554 -0.059869
v 0.025959 -0.004452 -0.059869
v 0.006497 -0.001029 -0.059870
v 0.002833 -0.000698 -0.059870
v 0.032209 0.003911 -0.059868
v 0.030337 0.011505 -0.059868
v 0.026702 0.018431 -0.059868
v 0.021515 0.024286 -0.059868
v 0.015078 0.028729 -0.059868
v 0.007765 0.031502 -0.059868
v 0.000000 0.032445 -0.059868
v -0.007765 0.031502 -0.059868
v -0.015078 0.028729 -0.059868
v -0.021515 0.024286 -0.059868
v -0.026702 0.018431 -0.059868
v -0.030337 0.011505 -0.059868
v -0.032209 0.003911 -0.059868
v -0.032209 -0.003911 -0.059868
v -0.030337 -0.011505 -0.059868
v -0.026702 -0.018431 -0.059868
v -0.021515 -0.024286 -0.059868
v -0.015078 -0.028729 -0.059868
v -0.007765 -0.031502 -0.059868
v 0.000000 -0.032445 -0.059868
v 0.007765 -0.031502 -0.059868
v 0.015078 -0.028729 -0.059868
v 0.021515 -0.024286 -0.059868
v 0.026702 -0.018431 -0.059868
v 0.030337 -0.011505 -0.059868
v 0.032209 -0.003911 -0.059868
v 0.030225 0.003670 -0.059869
v 0.028469 0.010797 -0.059869
v 0.025057 0.017296 -0.059869
v 0.020190 0.022790 -0.059869
v 0.014149 0.026960 -0.059869
v 0.007286 0.029562 -0.059869
v 0.000000 0.030447 -0.059869
v -0.007286 0.029562 -0.059869
v -0.014149 0.026960 -0.059869
v -0.020190 0.022790 -0.059869
v -0.025057 0.017296 -0.059869
v -0.028468 0.010797 -0.059869
v -0.030225 0.003670 -0.059869
v -0.030225 -0.003670 -0.059869
v -0.028468 -0.010797 -0.059869
v -0.025057 -0.017296 -0.059869
v -0.020190 -0.022790 -0.059869
v -0.014149 -0.026960 -0.059869
v -0.007286 -0.029562 -0.059869
v 0.000000 -0.030447 -0.059869
v 0.007286 -0.029562 -0.059869
v 0.014149 -0.026960 -0.059869
v 0.020190 -0.022790 -0.059869
v 0.025057 -0.017296 -0.059869
v 0.028469 -0.010797 -0.059869
v 0.030225 -0.003670 -0.059869
v 0.033579 0.004077 -0.059269
v 0.031628 0.011995 -0.059269
v 0.027838 0.019215 -0.059269
v 0.022431 0.025319 -0.059269
v 0.015720 0.029951 -0.059269
v 0.008095 0.032843 -0.059269
v 0.000000 0.033826 -0.059269
v -0.008095 0.032843 -0.059269
v -0.015720 0.029951 -0.059269
v -0.022431 0.025319 -0.059269
v -0.027838 0.019215 -0.059269
v -0.031627 0.011995 -0.059269
v -0.033579 0.004077 -0.059269
v -0.033579 -0.004077 -0.059269
v -0.031627 -0.011995 -0.059269
v -0.027838 -0.019215 -0.059269
v -0.022430 -0.025319 -0.059269
v -0.015720 -0.029951 -0.059269
v -0.008095 -0.032843 -0.059269
v 0.000000 -0.033826 -0.059269
v 0.008095 -0.032843 -0.059269
v 0.015720 -0.029951 -0.059269
v 0.022431 -0.025319 -0.059269
v 0.027838 -0.019215 -0.059269
v 0.031628 -0.011995 -0.059269
v 0.033579 -0.004077 -0.059269
v 0.016214 0.001969 -0.059870
v 0.015272 0.005792 -0.059870
v 0.013442 0.009278 -0.059870
v 0.010831 0.012225 -0.059870
v 0.007590 0.014462 -0.059870
v 0.003909 0.015858 -0.059870
v 0.000000 0.016333 -0.059870
v -0.003909 0.015858 -0.059870
v -0.007590 0.014462 -0.059870
v -0.010831 0.012225 -0.059870
v -0.013442 0.009278 -0.059870
v -0.015271 0.005792 -0.059870
v -0.016214 0.001969 -0.059870
v -0.016214 -0.001969 -0.059870
v -0.015271 -0.005792 -0.059870
v -0.013442 -0.009278 -0.059870
v -0.010831 -0.012225 -0.059870
v -0.007590 -0.014462 -0.059870
v -0.003909 -0.015858 -0.059870
v 0.000000 -0.016333 -0.059870
v 0.003909 -0.015858 -0.059870
v 0.007590 -0.014462 -0.059870
v 0.010831 -0.012225 -0.059870
v 0.013442 -0.009278 -0.059870
v 0.015272 -0.005792 -0.059870
v 0.016214 -0.001969 -0.059870
v 0.002578 0.000313 -0.059870
v 0.002428 0.000921 -0.059870
v 0.002137 0.001475 -0.059870
v 0.001722 0.001944 -0.059870
v 0.001207 0.002299 -0.059870
v 0.000621 0.002521 -0.059870
v 0.000000 0.002597 -0.059870
v -0.000621 0.002521 -0.059870
v -0.001207 0.002299 -0.059870
v -0.001722 0.001944 -0.059870
v -0.002137 0.001475 -0.059870
v -0.002428 0.000921 -0.059870
v -0.002578 0.000313 -0.059870
v -0.002578 -0.000313 -0.059870
v -0.002428 -0.000921 -0.059870
v -0.002137 -0.001475 -0.059870
v -0.001722 -0.001944 -0.059870
v -0.001207 -0.002299 -0.059870
v -0.000621 -0.002521 -0.059870
v 0.000000 -0.002597 -0.059870
v 0.000621 -0.002521 -0.059870
v 0.001207 -0.002299 -0.059870
v 0.001722 -0.001944 -0.059870
v 0.002137 -0.001475 -0.059870
v 0.002428 -0.000921 -0.059870
v 0.002578 -0.000313 -0.059870
v 0.029772 -0.000000 -0.059551
v 0.028907 0.007125 -0.059551
v 0.026362 0.013836 -0.059551
v 0.022285 0.019743 -0.059551
v 0.016912 0.024502 -0.059551
v 0.010557 0.027837 -0.059551
v 0.003589 0.029555 -0.059551
v -0.003589 0.029555 -0.059551
v -0.010557 0.027837 -0.059551
v -0.016912 0.024502 -0.059551
v -0.022285 0.019743 -0.059551
v -0.026362 0.013836 -0.059551
v -0.028907 0.007125 -0.059551
v -0.029772 -0.000000 -0.059551
v -0.028907 -0.007125 -0.059551
v -0.026362 -0.013836 -0.059551
v -0.022285 -0.019743 -0.059551
v -0.016912 -0.024502 -0.059551
v -0.010557 -0.027837 -0.059551
v -0.003589 -0.029555 -0.059551
v 0.003589 -0.029555 -0.059551
v 0.010557 -0.027837 -0.059551
v 0.016913 -0.024502 -0.059551
v 0.022285 -0.019742 -0.059551
v 0.026362 -0.013836 -0.059551
v 0.028907 -0.007125 -0.059551
v 0.003350 0.000826 -0.059858
v 0.003055 0.001604 -0.059858
v 0.002583 0.002288 -0.059858
v 0.001960 0.002840 -0.059858
v 0.001224 0.003226 -0.059858
v 0.000416 0.003425 -0.059858
v -0.000416 0.003425 -0.059858
v -0.001224 0.003226 -0.059858
v -0.001960 0.002840 -0.059858
v -0.002583 0.002288 -0.059858
v -0.003055 0.001604 -0.059858
v -0.003350 0.000826 -0.059858
v -0.003451 -0.000000 -0.059858
v -0.003350 -0.000826 -0.059858
v -0.003055 -0.001604 -0.059858
v -0.002583 -0.002288 -0.059858
v -0.001960 -0.002840 -0.059858
v -0.001224 -0.003226 -0.059858
v -0.000416 -0.003425 -0.059858
v 0.000416 -0.003425 -0.059858
v 0.001224 -0.003226 -0.059858
v 0.001960 -0.002840 -0.059858
v 0.002583 -0.002288 -0.059858
v 0.003055 -0.001604 -0.059858
v 0.003350 -0.000826 -0.059858
v 0.003451 -0.000000 -0.059858
v 0.016331 0.000481 -0.059539
v 0.015971 0.003441 -0.059539
v 0.014683 0.007164 -0.059539
v 0.012542 0.010469 -0.059539
v 0.009672 0.013167 -0.059539
v 0.006240 0.015099 -0.059539
v 0.002446 0.016153 -0.059539
v -0.001491 0.016269 -0.059539
v -0.005341 0.015440 -0.059539
v -0.008881 0.013713 -0.059539
v -0.011905 0.011189 -0.059539
v -0.014237 0.008015 -0.059539
v -0.015741 0.004375 -0.059539
v -0.016330 0.000481 -0.059539
v -0.015971 -0.003441 -0.059539
v -0.014683 -0.007164 -0.059539
v -0.012542 -0.010469 -0.059539
v -0.009672 -0.013167 -0.059539
v -0.006240 -0.015099 -0.059539
v -0.002446 -0.016153 -0.059539
v 0.001491 -0.016269 -0.059539
v 0.005341 -0.015440 -0.059539
v 0.008881 -0.013713 -0.059539
v 0.011905 -0.011189 -0.059539
v 0.014237 -0.008015 -0.059539
v 0.015741 -0.004375 -0.059539
v 0.016331 -0.000481 -0.059539
v 0.015741 0.004375 -0.059539
v 0.014237 0.008015 -0.059539
v 0.011905 0.011189 -0.059539
v 0.008881 0.013713 -0.059539
v 0.005341 0.015440 -0.059539
v 0.001491 0.016269 -0.059539
v -0.002446 0.016153 -0.059539
v -0.006240 0.015099 -0.059539
v -0.009672 0.013167 -0.059539
v -0.012542 0.010469 -0.059539
v -0.014683 0.007164 -0.059539
v -0.015971 0.003441 -0.059539
v -0.016330 -0.000481 -0.059539
v -0.015741 -0.004375 -0.059539
v -0.014237 -0.008015 -0.059539
v -0.011905 -0.011189 -0.059539
v -0.008881 -0.013713 -0.059539
v -0.005341 -0.015440 -0.059539
v -0.001491 -0.016269 -0.059539
v 0.002446 -0.016153 -0.059539
v 0.006240 -0.015099 -0.059539
v 0.009672 -0.013167 -0.059539
v 0.012542 -0.010469 -0.059539
v 0.014683 -0.007164 -0.059539
v 0.015971 -0.003441 -0.059539
v 0.016322 0.001051 -0.059870
v 0.003329 0.000134 -0.059870
v 0.003329 -0.000134 -0.059870
v 0.016322 -0.001051 -0.059870
v 0.030464 -0.000917 -0.059869
v 0.030464 0.000917 -0.059869
v 0.016100 0.002886 -0.059870
v 0.029798 0.006400 -0.059869
v 0.029359 0.008181 -0.059869
v 0.015597 0.004927 -0.059870
v 0.003201 0.000927 -0.059870
v 0.003265 0.000667 -0.059870
v 0.014941 0.006655 -0.059870
v 0.027400 0.013345 -0.059869
v 0.026548 0.014969 -0.059869
v 0.013964 0.008516 -0.059870
v 0.002886 0.001666 -0.059870
v 0.003010 0.001429 -0.059870
v 0.012915 0.010037 -0.059870
v 0.023410 0.019515 -0.059869
v 0.022194 0.020888 -0.059869
v 0.011520 0.011611 -0.059870
v 0.002403 0.002308 -0.059870
v 0.002581 0.002107 -0.059870
v 0.010137 0.012836 -0.059870
v 0.018060 0.024550 -0.059869
v 0.016550 0.025592 -0.059869
v 0.008407 0.014030 -0.059870
v 0.001781 0.002816 -0.059870
v 0.002002 0.002664 -0.059870
v 0.006771 0.014889 -0.059870
v 0.011660 0.028159 -0.059869
v 0.009945 0.028809 -0.059869
v 0.004805 0.015634 -0.059870
v 0.001055 0.003161 -0.059870
v 0.001306 0.003066 -0.059870
v 0.003011 0.016077 -0.059870
v 0.004582 0.030131 -0.059869
v 0.002762 0.030352 -0.059869
v 0.000924 0.016330 -0.059870
v 0.000268 0.003321 -0.059870
v 0.000534 0.003289 -0.059870
v -0.000924 0.016330 -0.059870
v -0.002761 0.030352 -0.059869
v -0.004582 0.030131 -0.059869
v -0.003011 0.016077 -0.059870
v -0.000534 0.003289 -0.059870
v -0.000268 0.003321 -0.059870
v -0.004805 0.015634 -0.059870
v -0.009945 0.028809 -0.059869
v -0.011660 0.028159 -0.059869
v -0.006771 0.014889 -0.059870
v -0.001306 0.003066 -0.059870
v -0.001055 0.003161 -0.059870
v -0.008407 0.014030 -0.059870
v -0.016550 0.025592 -0.059869
v -0.018060 0.024550 -0.059869
v -0.010137 0.012836 -0.059870
v -0.002002 0.002664 -0.059870
v -0.001781 0.002816 -0.059870
v -0.011520 0.011611 -0.059870
v -0.022194 0.020888 -0.059869
v -0.023410 0.019515 -0.059869
v -0.012915 0.010037 -0.059870
v -0.002581 0.002107 -0.059870
v -0.002403 0.002308 -0.059870
v -0.013964 0.008516 -0.059870
v -0.026548 0.014969 -0.059869
v -0.027400 0.013345 -0.059869
v -0.014941 0.006655 -0.059870
v -0.003010 0.001429 -0.059870
v -0.002886 0.001666 -0.059870
v -0.015596 0.004927 -0.059870
v -0.029359 0.008181 -0.059869
v -0.029798 0.006400 -0.059869
v -0.016100 0.002886 -0.059870
v -0.003265 0.000667 -0.059870
v -0.003201 0.000927 -0.059870
v -0.016322 0.001051 -0.059870
v -0.030463 0.000917 -0.059869
v -0.030463 -0.000917 -0.059869
v -0.016322 -0.001051 -0.059870
v -0.003329 -0.000134 -0.059870
v -0.003329 0.000134 -0.059870
v -0.016100 -0.002886 -0.059870
v -0.029798 -0.006400 -0.059869
v -0.029359 -0.008181 -0.059869
v -0.015596 -0.004927 -0.059870
v -0.003201 -0.000927 -0.059870
v -0.003265 -0.000667 -0.059870
v -0.014941 -0.006655 -0.059870
v -0.027400 -0.013345 -0.059869
v -0.026548 -0.014969 -0.059869
v -0.013964 -0.008516 -0.059870
v -0.002886 -0.001666 -0.059870
v -0.003010 -0.001429 -0.059870
v -0.012915 -0.010037 -0.059870
v -0.023410 -0.019515 -0.059869
v -0.022194 -0.020888 -0.059869
v -0.011520 -0.011611 -0.059870
v -0.002403 -0.002308 -0.059870
v -0.002581 -0.002107 -0.059870
v -0.010137 -0.012836 -0.059870
v -0.018060 -0.024550 -0.059869
v -0.016550 -0.025592 -0.059869
v -0.008407 -0.014030 -0.059870
v -0.001781 -0.002816 -0.059870
v -0.002002 -0.002664 -0.059870
v -0.006771 -0.014889 -0.059870
v -0.011660 -0.028159 -0.059869
v -0.009945 -0.028809 -0.059869
v -0.004805 -0.015634 -0.059870
v -0.001055 -0.003161 -0.059870
v -0.001306 -0.003066 -0.059870
v -0.003011 -0.016077 -0.059870
v -0.004582 -0.030131 -0.059869
v -0.002761 -0.030352 -0.059869
v -0.000924 -0.016330 -0.059870
v -0.000268 -0.003321 -0.059870
v -0.000534 -0.003289 -0.059870
v 0.000924 -0.016330 -0.059870
v 0.002762 -0.030352 -0.059869
v 0.004582 -0.030131 -0.059869
v 0.003011 -0.016077 -0.059870
v 0.000534 -0.003289 -0.059870
v 0.000268 -0.003321 -0.059870
v 0.004805 -0.015634 -0.059870
v 0.009945 -0.028809 -0.059869
v 0.011660 -0.028159 -0.059869
v 0.006771 -0.014889 -0.059870
v 0.001306 -0.003066 -0.059870
v 0.001055 -0.003161 -0.059870
v 0.008407 -0.014030 -0.059870
v 0.016551 -0.025592 -0.059869
v 0.018060 -0.024550 -0.059869
v 0.010137 -0.012836 -0.059870
v 0.002002 -0.002664 -0.059870
v 0.001781 -0.002816 -0.059870
v 0.011520 -0.011611 -0.059870
v 0.022194 -0.020887 -0.059869
v 0.023410 -0.019515 -0.059869
v 0.012915 -0.010037 -0.059870
v 0.002581 -0.002107 -0.059870
v 0.002403 -0.002308 -0.059870
v 0.013964 -0.008516 -0.059870
v 0.026548 -0.014969 -0.059869
v 0.027400 -0.013345 -0.059869
v 0.014941 -0.006655 -0.059870
v 0.003010 -0.001429 -0.059870
v 0.002886 -0.001666 -0.059870
v 0.015597 -0.004927 -0.059870
v 0.029359 -0.008181 -0.059869
v 0.029798 -0.006400 -0.059869
v 0.016100 -0.002886 -0.059870
v 0.003265 -0.000667 -0.059870
v 0.003201 -0.000927 -0.059870
v 0.032446 0.000000 -0.059868
v 0.031318 0.003803 -0.059869
v 0.031503 0.007765 -0.059868
v 0.029498 0.011187 -0.059869
v 0.028730 0.015078 -0.059868
v 0.025964 0.017922 -0.059869
v 0.024286 0.021516 -0.059868
v 0.020920 0.023614 -0.059869
v 0.018431 0.026703 -0.059868
v 0.014661 0.027935 -0.059869
v 0.011506 0.030338 -0.059868
v 0.007550 0.030632 -0.059869
v 0.003911 0.032209 -0.059868
v 0.000000 0.031548 -0.059869
v -0.003911 0.032209 -0.059868
v -0.007550 0.030632 -0.059869
v -0.011505 0.030338 -0.059868
v -0.014661 0.027935 -0.059869
v -0.018431 0.026703 -0.059868
v -0.020920 0.023614 -0.059869
v -0.024286 0.021516 -0.059868
v -0.025964 0.017922 -0.059869
v -0.028729 0.015078 -0.059868
v -0.029498 0.011187 -0.059869
v -0.031503 0.007765 -0.059868
v -0.031318 0.003803 -0.059869
v -0.032446 -0.000000 -0.059868
v -0.031318 -0.003803 -0.059869
v -0.031503 -0.007765 -0.059868
v -0.029498 -0.011187 -0.059869
v -0.028729 -0.015078 -0.059868
v -0.025964 -0.017922 -0.059869
v -0.024286 -0.021516 -0.059868
v -0.020920 -0.023614 -0.059869
v -0.018431 -0.026703 -0.059868
v -0.014661 -0.027935 -0.059869
v -0.011505 -0.030338 -0.059868
v -0.007550 -0.030632 -0.059869
v -0.003911 -0.032209 -0.059868
v 0.000000 -0.031548 -0.059869
v 0.003911 -0.032209 -0.059868
v 0.007550 -0.030632 -0.059869
v 0.011506 -0.030338 -0.059868
v 0.014661 -0.027935 -0.059869
v 0.018431 -0.026703 -0.059868
v 0.020920 -0.023614 -0.059869
v 0.024286 -0.021516 -0.059868
v 0.025964 -0.017921 -0.059869
v 0.028730 -0.015078 -0.059868
v 0.029498 -0.011187 -0.059869
v 0.031503 -0.007765 -0.059868
v 0.031318 -0.003803 -0.059869
v 0.002002 0.000493 -0.059870
v 0.001826 0.000958 -0.059870
v 0.001543 0.001367 -0.059870
v 0.001171 0.001697 -0.059870
v 0.000731 0.001928 -0.059870
v 0.000249 0.002047 -0.059870
v -0.000248 0.002047 -0.059870
v -0.000731 0.001928 -0.059870
v -0.001171 0.001697 -0.059870
v -0.001543 0.001367 -0.059870
v -0.001826 0.000958 -0.059870
v -0.002002 0.000493 -0.059870
v -0.002062 -0.000000 -0.059870
v -0.002002 -0.000493 -0.059870
v -0.001826 -0.000958 -0.059870
v -0.001543 -0.001367 -0.059870
v -0.001171 -0.001697 -0.059870
v -0.000731 -0.001928 -0.059870
v -0.000248 -0.002047 -0.059870
v 0.000249 -0.002047 -0.059870
v 0.000731 -0.001928 -0.059870
v 0.001171 -0.001697 -0.059870
v 0.001543 -0.001367 -0.059870
v 0.001826 -0.000958 -0.059870
v 0.002002 -0.000493 -0.059870
v 0.033827 0.000000 -0.059269
v 0.032946 0.004000 -0.059718
v 0.031031 0.011768 -0.059718
v 0.027313 0.018853 -0.059718
v 0.022007 0.024841 -0.059718
v 0.015423 0.029386 -0.059718
v 0.007942 0.032223 -0.059718
v 0.000000 0.033187 -0.059718
v -0.007942 0.032223 -0.059718
v -0.015423 0.029386 -0.059718
v -0.022007 0.024841 -0.059718
v -0.027313 0.018853 -0.059718
v -0.031031 0.011768 -0.059718
v -0.032945 0.004000 -0.059718
v -0.032945 -0.004000 -0.059718
v -0.031031 -0.011768 -0.059718
v -0.027313 -0.018853 -0.059718
v -0.022007 -0.024841 -0.059718
v -0.015423 -0.029386 -0.059718
v -0.007942 -0.032223 -0.059718
v 0.000000 -0.033187 -0.059718
v 0.007942 -0.032223 -0.059718
v 0.015423 -0.029386 -0.059718
v 0.022007 -0.024841 -0.059718
v 0.027313 -0.018853 -0.059718
v 0.031031 -0.011768 -0.059718
v 0.032946 -0.004000 -0.059718
v 0.016328 0.000864 -0.059787
v 0.026125 0.003172 -0.059869
v 0.024607 0.009332 -0.059869
v 0.021658 0.014950 -0.059869
v 0.017451 0.019698 -0.059869
v 0.012230 0.023302 -0.059869
v 0.006298 0.025552 -0.059869
v 0.000000 0.026317 -0.059869
v -0.006298 0.025552 -0.059869
v -0.012230 0.023302 -0.059869
v -0.017451 0.019698 -0.059869
v -0.021658 0.014950 -0.059869
v -0.024607 0.009332 -0.059869
v -0.026125 0.003172 -0.059869
v -0.026125 -0.003172 -0.059869
v -0.024607 -0.009332 -0.059869
v -0.021658 -0.014950 -0.059869
v -0.017451 -0.019698 -0.059869
v -0.012230 -0.023302 -0.059869
v -0.006298 -0.025552 -0.059869
v 0.000000 -0.026317 -0.059869
v 0.006298 -0.025552 -0.059869
v 0.012230 -0.023302 -0.059869
v 0.017451 -0.019698 -0.059869
v 0.021658 -0.014950 -0.059869
v 0.024607 -0.009332 -0.059869
v 0.026125 -0.003172 -0.059869
v 0.016061 0.003069 -0.059787
v 0.014859 0.006824 -0.059787
v 0.012795 0.010181 -0.059787
v 0.009986 0.012947 -0.059787
v 0.006598 0.014961 -0.059787
v 0.002826 0.016105 -0.059787
v -0.001111 0.016314 -0.059787
v -0.004983 0.015574 -0.059787
v -0.008565 0.013929 -0.059787
v -0.011649 0.011474 -0.059787
v -0.014057 0.008353 -0.059787
v -0.015647 0.004746 -0.059787
v -0.016328 0.000864 -0.059787
v -0.016061 -0.003069 -0.059787
v -0.014859 -0.006824 -0.059787
v -0.012795 -0.010181 -0.059787
v -0.009986 -0.012947 -0.059787
v -0.006598 -0.014961 -0.059787
v -0.002825 -0.016105 -0.059787
v 0.001111 -0.016314 -0.059787
v 0.004983 -0.015574 -0.059787
v 0.008565 -0.013929 -0.059787
v 0.011649 -0.011474 -0.059787
v 0.014057 -0.008353 -0.059787
v 0.015647 -0.004746 -0.059787
v 0.002062 0.000000 -0.059870
v 0.006397 0.000777 -0.059870
v 0.006025 0.002285 -0.059870
v 0.005303 0.003660 -0.059870
v 0.004273 0.004823 -0.059870
v 0.002994 0.005705 -0.059870
v 0.001542 0.006256 -0.059870
v 0.000000 0.006444 -0.059870
v -0.001542 0.006256 -0.059870
v -0.002994 0.005705 -0.059870
v -0.004273 0.004823 -0.059870
v -0.005303 0.003660 -0.059870
v -0.006025 0.002285 -0.059870
v -0.006397 0.000777 -0.059870
v -0.006396 -0.000777 -0.059870
v -0.006025 -0.002285 -0.059870
v -0.005303 -0.003660 -0.059870
v -0.004273 -0.004823 -0.059870
v -0.002994 -0.005705 -0.059870
v -0.001542 -0.006256 -0.059870
v 0.000000 -0.006444 -0.059870
v 0.001542 -0.006256 -0.059870
v 0.002994 -0.005705 -0.059870
v 0.004273 -0.004823 -0.059870
v 0.005303 -0.003660 -0.059870
v 0.006025 -0.002285 -0.059870
v 0.006397 -0.000777 -0.059870
v 0.030246 -0.000665 -0.059789
v 0.026111 -0.000556 -0.059389
v 0.030246 0.000665 -0.059789
v 0.029526 0.006593 -0.059789
v 0.025485 0.005709 -0.059389
v 0.029208 0.007884 -0.059789
v 0.027090 0.013467 -0.059789
v 0.023378 0.011642 -0.059389
v 0.026472 0.014644 -0.059789
v 0.023080 0.019559 -0.059789
v 0.019913 0.016899 -0.059389
v 0.022198 0.020554 -0.059789
v 0.017729 0.024514 -0.059789
v 0.015290 0.021173 -0.059389
v 0.016634 0.025269 -0.059789
v 0.011347 0.028044 -0.059789
v 0.009779 0.024217 -0.059389
v 0.010104 0.028516 -0.059789
v 0.004306 0.029945 -0.059789
v 0.003699 0.025854 -0.059389
v 0.002986 0.030105 -0.059789
v -0.002986 0.030105 -0.059789
v -0.002596 0.025988 -0.059389
v -0.004306 0.029945 -0.059789
v -0.010104 0.028516 -0.059789
v -0.008739 0.024611 -0.059389
v -0.011347 0.028044 -0.059789
v -0.016634 0.025269 -0.059789
v -0.014375 0.021805 -0.059389
v -0.017729 0.024514 -0.059789
v -0.022198 0.020554 -0.059789
v -0.019176 0.017731 -0.059389
v -0.023080 0.019559 -0.059789
v -0.026472 0.014644 -0.059789
v -0.022862 0.012626 -0.059389
v -0.027090 0.013467 -0.059789
v -0.029208 0.007884 -0.059789
v -0.025219 0.006788 -0.059389
v -0.029526 0.006593 -0.059789
v -0.030245 0.000665 -0.059789
v -0.026111 0.000556 -0.059389
v -0.030245 -0.000665 -0.059789
v -0.029526 -0.006593 -0.059789
v -0.025485 -0.005709 -0.059389
v -0.029207 -0.007884 -0.059789
v -0.027090 -0.013467 -0.059789
v -0.023378 -0.011642 -0.059389
v -0.026472 -0.014644 -0.059789
v -0.023080 -0.019559 -0.059789
v -0.019913 -0.016899 -0.059389
v -0.022198 -0.020554 -0.059789
v -0.017729 -0.024514 -0.059789
v -0.015290 -0.021173 -0.059389
v -0.016634 -0.025269 -0.059789
v -0.011347 -0.028044 -0.059789
v -0.009779 -0.024217 -0.059389
v -0.010104 -0.028516 -0.059789
v -0.004306 -0.029945 -0.059789
v -0.003699 -0.025854 -0.059389
v -0.002986 -0.030105 -0.059789
v 0.002986 -0.030105 -0.059789
v 0.002596 -0.025988 -0.059389
v 0.004306 -0.029945 -0.059789
v 0.010104 -0.028516 -0.059789
v 0.008739 -0.024611 -0.059389
v 0.011347 -0.028044 -0.059789
v 0.016634 -0.025269 -0.059789
v 0.014375 -0.021805 -0.059389
v 0.017729 -0.024514 -0.059789
v 0.022198 -0.020554 -0.059789
v 0.019176 -0.017731 -0.059389
v 0.023080 -0.019559 -0.059789
v 0.026472 -0.014644 -0.059789
v 0.022862 -0.012626 -0.059389
v 0.027090 -0.013467 -0.059789
v 0.029208 -0.007884 -0.059789
v 0.025219 -0.006788 -0.059389
v 0.029526 -0.006593 -0.059789
v 0.003283 0.000890 -0.059867
v 0.006456 0.001762 -0.059772
v 0.003320 0.000737 -0.059867
v 0.002974 0.001650 -0.059867
v 0.005847 0.003255 -0.059772
v 0.003047 0.001511 -0.059867
v 0.002493 0.002314 -0.059867
v 0.004898 0.004560 -0.059772
v 0.002597 0.002196 -0.059867
v 0.001867 0.002843 -0.059867
v 0.003665 0.005600 -0.059772
v 0.001996 0.002754 -0.059867
v 0.001132 0.003207 -0.059867
v 0.002218 0.006314 -0.059772
v 0.001279 0.003152 -0.059867
v 0.000332 0.003385 -0.059867
v 0.000642 0.006661 -0.059772
v 0.000488 0.003366 -0.059867
v -0.000488 0.003366 -0.059867
v -0.000970 0.006622 -0.059772
v -0.000332 0.003385 -0.059867
v -0.001279 0.003152 -0.059867
v -0.002527 0.006197 -0.059772
v -0.001132 0.003207 -0.059867
v -0.001996 0.002754 -0.059867
v -0.003937 0.005412 -0.059772
v -0.001867 0.002843 -0.059867
v -0.002597 0.002196 -0.059867
v -0.005117 0.004313 -0.059772
v -0.002493 0.002314 -0.059867
v -0.003047 0.001511 -0.059867
v -0.006001 0.002963 -0.059772
v -0.002974 0.001650 -0.059867
v -0.003320 0.000737 -0.059867
v -0.006535 0.001441 -0.059772
v -0.003283 0.000890 -0.059867
v -0.003400 -0.000079 -0.059867
v -0.006690 -0.000165 -0.059772
v -0.003400 0.000079 -0.059867
v -0.003283 -0.000890 -0.059867
v -0.006456 -0.001762 -0.059772
v -0.003320 -0.000737 -0.059867
v -0.002974 -0.001650 -0.059867
v -0.005847 -0.003255 -0.059772
v -0.003047 -0.001511 -0.059867
v -0.002493 -0.002314 -0.059867
v -0.004898 -0.004560 -0.059772
v -0.002597 -0.002196 -0.059867
v -0.001867 -0.002843 -0.059867
v -0.003665 -0.005600 -0.059772
v -0.001996 -0.002754 -0.059867
v -0.001132 -0.003207 -0.059867
v -0.002218 -0.006314 -0.059772
v -0.001279 -0.003152 -0.059867
v -0.000332 -0.003385 -0.059867
v -0.000642 -0.006661 -0.059772
v -0.000488 -0.003366 -0.059867
v 0.000488 -0.003366 -0.059867
v 0.000971 -0.006622 -0.059772
v 0.000332 -0.003385 -0.059867
v 0.001279 -0.003152 -0.059867
v 0.002527 -0.006197 -0.059772
v 0.001132 -0.003207 -0.059867
v 0.001996 -0.002754 -0.059867
v 0.003937 -0.005412 -0.059772
v 0.001867 -0.002843 -0.059867
v 0.002597 -0.002196 -0.059867
v 0.005117 -0.004313 -0.059772
v 0.002493 -0.002314 -0.059867
v 0.003047 -0.001511 -0.059867
v 0.006001 -0.002963 -0.059772
v 0.002974 -0.001650 -0.059867
v 0.003320 -0.000737 -0.059867
v 0.006535 -0.001441 -0.059772
v 0.003283 -0.000890 -0.059867
v 0.003400 0.000079 -0.059867
v 0.006690 0.000165 -0.059772
v 0.003400 -0.000079 -0.059867
v 0.016328 -0.000864 -0.059787
v 0.015647 0.004746 -0.059787
v 0.014057 0.008353 -0.059787
v 0.011649 0.011474 -0.059787
v 0.008565 0.013929 -0.059787
v 0.004983 0.015574 -0.059787
v 0.001111 0.016314 -0.059787
v -0.002825 0.016105 -0.059787
v -0.006598 0.014961 -0.059787
v -0.009986 0.012947 -0.059787
v -0.012795 0.010181 -0.059787
v -0.014859 0.006824 -0.059787
v -0.016061 0.003069 -0.059787
v -0.016328 -0.000864 -0.059787
v -0.015647 -0.004746 -0.059787
v -0.014057 -0.008353 -0.059787
v -0.011649 -0.011474 -0.059787
v -0.008565 -0.013929 -0.059787
v -0.004983 -0.015574 -0.059787
v -0.001111 -0.016314 -0.059787
v 0.002826 -0.016105 -0.059787
v 0.006598 -0.014961 -0.059787
v 0.009986 -0.012947 -0.059787
v 0.012795 -0.010181 -0.059787
v 0.014860 -0.006823 -0.059787
v 0.016061 -0.003069 -0.059787
v 0.026111 0.000556 -0.059389
v 0.025219 0.006788 -0.059389
v 0.022862 0.012626 -0.059389
v 0.019176 0.017731 -0.059389
v 0.014375 0.021805 -0.059389
v 0.008740 0.024611 -0.059389
v 0.002596 0.025988 -0.059389
v -0.003699 0.025854 -0.059389
v -0.009779 0.024217 -0.059389
v -0.015290 0.021173 -0.059389
v -0.019913 0.016899 -0.059389
v -0.023378 0.011642 -0.059389
v -0.025485 0.005709 -0.059389
v -0.026111 -0.000556 -0.059389
v -0.025219 -0.006788 -0.059389
v -0.022862 -0.012626 -0.059389
v -0.019176 -0.017731 -0.059389
v -0.014375 -0.021805 -0.059389
v -0.008739 -0.024611 -0.059389
v -0.002596 -0.025988 -0.059389
v 0.003699 -0.025854 -0.059389
v 0.009779 -0.024217 -0.059389
v 0.015290 -0.021173 -0.059389
v 0.019913 -0.016899 -0.059389
v 0.023378 -0.011642 -0.059389
v 0.025485 -0.005709 -0.059389
v 0.006535 0.001441 -0.059772
v 0.006001 0.002963 -0.059772
v 0.005117 0.004313 -0.059772
v 0.003937 0.005412 -0.059772
v 0.002527 0.006197 -0.059772
v 0.000971 0.006622 -0.059772
v -0.000642 0.006661 -0.059772
v -0.002218 0.006314 -0.059772
v -0.003665 0.005600 -0.059772
v -0.004898 0.004560 -0.059772
v -0.005847 0.003255 -0.059772
v -0.006456 0.001762 -0.059772
v -0.006690 0.000165 -0.059772
v -0.006535 -0.001441 -0.059772
v -0.006001 -0.002963 -0.059772
v -0.005117 -0.004313 -0.059772
v -0.003937 -0.005412 -0.059772
v -0.002527 -0.006197 -0.059772
v -0.000970 -0.006622 -0.059772
v 0.000642 -0.006661 -0.059772
v 0.002218 -0.006314 -0.059772
v 0.003665 -0.005600 -0.059772
v 0.004898 -0.004560 -0.059772
v 0.005847 -0.003255 -0.059772
v 0.006456 -0.001762 -0.059772
v 0.006690 -0.000165 -0.059772
v 0.016331 -0.000000 -0.059374
v 0.015856 0.003908 -0.059374
v 0.014460 0.007589 -0.059374
v 0.012224 0.010829 -0.059374
v 0.009277 0.013440 -0.059374
v 0.005791 0.015269 -0.059374
v 0.001968 0.016211 -0.059374
v -0.001968 0.016211 -0.059374
v -0.005791 0.015269 -0.059374
v -0.009277 0.013440 -0.059374
v -0.012224 0.010829 -0.059374
v -0.014460 0.007589 -0.059374
v -0.015856 0.003908 -0.059374
v -0.016330 -0.000000 -0.059374
v -0.015856 -0.003908 -0.059374
v -0.014460 -0.007589 -0.059374
v -0.012224 -0.010829 -0.059374
v -0.009277 -0.013440 -0.059374
v -0.005791 -0.015269 -0.059374
v -0.001968 -0.016211 -0.059374
v 0.001968 -0.016211 -0.059374
v 0.005791 -0.015269 -0.059374
v 0.009277 -0.013440 -0.059374
v 0.012224 -0.010829 -0.059374
v 0.014460 -0.007589 -0.059374
v 0.015856 -0.003908 -0.059374
v 0.016291 0.001325 -0.059870
v 0.003101 0.000201 -0.059870
v 0.003101 -0.000201 -0.059870
v 0.016291 -0.001325 -0.059870
v 0.030449 -0.001628 -0.059869
v 0.030449 0.001628 -0.059869
v 0.016135 0.002612 -0.059870
v 0.029954 0.005706 -0.059869
v 0.029175 0.008868 -0.059869
v 0.015501 0.005186 -0.059870
v 0.002963 0.000937 -0.059870
v 0.003059 0.000547 -0.059870
v 0.015041 0.006397 -0.059870
v 0.027718 0.012709 -0.059869
v 0.026205 0.015592 -0.059869
v 0.013809 0.008745 -0.059870
v 0.002652 0.001619 -0.059870
v 0.002839 0.001263 -0.059870
v 0.013073 0.009811 -0.059870
v 0.023871 0.018973 -0.059869
v 0.021712 0.021410 -0.059869
v 0.011315 0.011795 -0.059870
v 0.002188 0.002206 -0.059870
v 0.002454 0.001906 -0.059870
v 0.010345 0.012654 -0.059870
v 0.018637 0.024134 -0.059869
v 0.015957 0.025984 -0.059869
v 0.008164 0.014160 -0.059870
v 0.001596 0.002666 -0.059870
v 0.001927 0.002438 -0.059870
v 0.007016 0.014762 -0.059870
v 0.012320 0.027893 -0.059869
v 0.009275 0.029048 -0.059869
v 0.004538 0.015703 -0.059870
v 0.000912 0.002970 -0.059870
v 0.001287 0.002828 -0.059870
v 0.003280 0.016013 -0.059870
v 0.005287 0.030031 -0.059869
v 0.002054 0.030423 -0.059869
v 0.000648 0.016332 -0.059870
v 0.000175 0.003102 -0.059870
v 0.000573 0.003054 -0.059870
v -0.000648 0.016332 -0.059870
v -0.002054 0.030423 -0.059869
v -0.005287 0.030031 -0.059869
v -0.003279 0.016013 -0.059870
v -0.000573 0.003054 -0.059870
v -0.000174 0.003102 -0.059870
v -0.004538 0.015703 -0.059870
v -0.009275 0.029048 -0.059869
v -0.012320 0.027893 -0.059869
v -0.007016 0.014762 -0.059870
v -0.001287 0.002828 -0.059870
v -0.000912 0.002970 -0.059870
v -0.008164 0.014160 -0.059870
v -0.015957 0.025984 -0.059869
v -0.018637 0.024134 -0.059869
v -0.010345 0.012654 -0.059870
v -0.001927 0.002438 -0.059870
v -0.001596 0.002666 -0.059870
v -0.011315 0.011795 -0.059870
v -0.021712 0.021410 -0.059869
v -0.023871 0.018973 -0.059869
v -0.013073 0.009811 -0.059870
v -0.002454 0.001906 -0.059870
v -0.002188 0.002206 -0.059870
v -0.013809 0.008745 -0.059870
v -0.026204 0.015592 -0.059869
v -0.027718 0.012709 -0.059869
v -0.015041 0.006397 -0.059870
v -0.002839 0.001263 -0.059870
v -0.002652 0.001619 -0.059870
v -0.015501 0.005186 -0.059870
v -0.029174 0.008868 -0.059869
v -0.029954 0.005706 -0.059869
v -0.016135 0.002612 -0.059870
v -0.003059 0.000547 -0.059870
v -0.002963 0.000937 -0.059870
v -0.016291 0.001325 -0.059870
v -0.030449 0.001628 -0.059869
v -0.030449 -0.001628 -0.059869
v -0.016291 -0.001326 -0.059870
v -0.003101 -0.000201 -0.059870
v -0.003101 0.000201 -0.059870
v -0.016135 -0.002612 -0.059870
v -0.029954 -0.005706 -0.059869
v -0.029174 -0.008868 -0.059869
v -0.015501 -0.005186 -0.059870
v -0.002963 -0.000937 -0.059870
v -0.003059 -0.000547 -0.059870
v -0.015041 -0.006397 -0.059870
v -0.027718 -0.012709 -0.059869
v -0.026205 -0.015592 -0.059869
v -0.013809 -0.008745 -0.059870
v -0.002652 -0.001619 -0.059870
v -0.002839 -0.001263 -0.059870
v -0.013073 -0.009811 -0.059870
v -0.023871 -0.018973 -0.059869
v -0.021712 -0.021410 -0.059869
v -0.011315 -0.011795 -0.059870
v -0.002188 -0.002206 -0.059870
v -0.002454 -0.001906 -0.059870
v -0.010345 -0.012654 -0.059870
v -0.018637 -0.024134 -0.059869
v -0.015957 -0.025984 -0.059869
v -0.008164 -0.014160 -0.059870
v -0.001596 -0.002666 -0.059870
v -0.001927 -0.002438 -0.059870
v -0.007016 -0.014762 -0.059870
v -0.012320 -0.027893 -0.059869
v -0.009275 -0.029048 -0.059869
v -0.004538 -0.015703 -0.059870
v -0.000912 -0.002970 -0.059870
v -0.001287 -0.002828 -0.059870
v -0.003279 -0.016013 -0.059870
v -0.005287 -0.030031 -0.059869
v -0.002054 -0.030423 -0.059869
v -0.000648 -0.016332 -0.059870
v -0.000174 -0.003102 -0.059870
v -0.000573 -0.003054 -0.059870
v 0.000648 -0.016332 -0.059870
v 0.002054 -0.030423 -0.059869
v 0.005287 -0.030031 -0.059869
v 0.003280 -0.016013 -0.059870
v 0.000573 -0.003054 -0.059870
v 0.000175 -0.003102 -0.059870
v 0.004538 -0.015703 -0.059870
v 0.009275 -0.029048 -0.059869
v 0.012320 -0.027893 -0.059869
v 0.007016 -0.014762 -0.059870
v 0.001287 -0.002828 -0.059870
v 0.000912 -0.002970 -0.059870
v 0.008164 -0.014160 -0.059870
v 0.015957 -0.025984 -0.059869
v 0.018637 -0.024134 -0.059869
v 0.010345 -0.012654 -0.059870
v 0.001927 -0.002438 -0.059870
v 0.001596 -0.002666 -0.059870
v 0.011315 -0.011795 -0.059870
v 0.021712 -0.021410 -0.059869
v 0.023871 -0.018973 -0.059869
v 0.013073 -0.009811 -0.059870
v 0.002454 -0.001906 -0.059870
v 0.002188 -0.002206 -0.059870
v 0.013809 -0.008745 -0.059870
v 0.026205 -0.015592 -0.059869
v 0.027718 -0.012709 -0.059869
v 0.015041 -0.006397 -0.059870
v 0.002839 -0.001263 -0.059870
v 0.002652 -0.001619 -0.059870
v 0.015501 -0.005186 -0.059870
v 0.029175 -0.008868 -0.059869
v 0.029954 -0.005706 -0.059869
v 0.016135 -0.002612 -0.059870
v 0.003059 -0.000547 -0.059870
v 0.002963 -0.000937 -0.059870
v 0.026295 0.001409 -0.059869
v 0.006637 0.000430 -0.059870
v 0.003271 -0.000000 -0.059870
v 0.006637 -0.000430 -0.059870
v 0.026295 -0.001409 -0.059869
v 0.031096 -0.000000 -0.059869
v 0.006547 0.001170 -0.059870
v 0.025868 0.004925 -0.059869
v 0.030193 0.007442 -0.059869
v 0.025194 0.007661 -0.059869
v 0.006341 0.002006 -0.059870
v 0.003176 0.000783 -0.059870
v 0.006076 0.002703 -0.059870
v 0.023938 0.010972 -0.059869
v 0.027535 0.014451 -0.059869
v 0.022628 0.013468 -0.059869
v 0.005676 0.003465 -0.059870
v 0.002896 0.001520 -0.059870
v 0.005253 0.004079 -0.059870
v 0.020617 0.016382 -0.059869
v 0.023276 0.020621 -0.059869
v 0.018748 0.018492 -0.059869
v 0.004682 0.004723 -0.059870
v 0.002448 0.002169 -0.059870
v 0.004124 0.005217 -0.059870
v 0.016097 0.020840 -0.059869
v 0.017665 0.025592 -0.059869
v 0.013778 0.022441 -0.059869
v 0.003416 0.005706 -0.059870
v 0.001858 0.002692 -0.059870
v 0.002756 0.006053 -0.059870
v 0.010642 0.024087 -0.059869
v 0.011027 0.029076 -0.059869
v 0.008007 0.025086 -0.059869
v 0.001951 0.006358 -0.059870
v 0.001160 0.003058 -0.059870
v 0.001227 0.006536 -0.059870
v 0.004568 0.025934 -0.059869
v 0.003748 0.030870 -0.059869
v 0.001771 0.026273 -0.059869
v 0.000373 0.006640 -0.059870
v 0.000394 0.003247 -0.059870
v -0.000373 0.006640 -0.059870
v -0.001771 0.026273 -0.059869
v -0.003748 0.030870 -0.059869
v -0.004568 0.025934 -0.059869
v -0.001227 0.006536 -0.059870
v -0.000394 0.003247 -0.059870
v -0.001951 0.006358 -0.059870
v -0.008007 0.025086 -0.059869
v -0.011027 0.029076 -0.059869
v -0.010642 0.024087 -0.059869
v -0.002756 0.006053 -0.059870
v -0.001160 0.003058 -0.059870
v -0.003416 0.005706 -0.059870
v -0.013778 0.022441 -0.059869
v -0.017665 0.025592 -0.059869
v -0.016097 0.020840 -0.059869
v -0.004124 0.005217 -0.059870
v -0.001858 0.002692 -0.059870
v -0.004682 0.004723 -0.059870
v -0.018748 0.018492 -0.059869
v -0.023276 0.020621 -0.059869
v -0.020617 0.016382 -0.059869
v -0.005253 0.004079 -0.059870
v -0.002448 0.002169 -0.059870
v -0.005676 0.003465 -0.059870
v -0.022628 0.013468 -0.059869
v -0.027535 0.014451 -0.059869
v -0.023938 0.010972 -0.059869
v -0.006076 0.002703 -0.059870
v -0.002896 0.001520 -0.059870
v -0.006341 0.002006 -0.059870
v -0.025194 0.007661 -0.059869
v -0.030193 0.007442 -0.059869
v -0.025868 0.004925 -0.059869
v -0.006547 0.001170 -0.059870
v -0.003175 0.000783 -0.059870
v -0.006637 0.000430 -0.059870
v -0.026295 0.001409 -0.059869
v -0.031096 -0.000000 -0.059869
v -0.026295 -0.001409 -0.059869
v -0.006637 -0.000430 -0.059870
v -0.003271 -0.000000 -0.059870
v -0.006547 -0.001170 -0.059870
v -0.025868 -0.004925 -0.059869
v -0.030193 -0.007442 -0.059869
v -0.025194 -0.007661 -0.059869
v -0.006341 -0.002006 -0.059870
v -0.003175 -0.000783 -0.059870
v -0.006076 -0.002703 -0.059870
v -0.023938 -0.010972 -0.059869
v -0.027535 -0.014451 -0.059869
v -0.022628 -0.013468 -0.059869
v -0.005676 -0.003465 -0.059870
v -0.002896 -0.001520 -0.059870
v -0.005253 -0.004079 -0.059870
v -0.020617 -0.016382 -0.059869
v -0.023276 -0.020621 -0.059869
v -0.018748 -0.018492 -0.059869
v -0.004682 -0.004723 -0.059870
v -0.002448 -0.002169 -0.059870
v -0.004124 -0.005217 -0.059870
v -0.016097 -0.020840 -0.059869
v -0.017665 -0.025592 -0.059869
v -0.013778 -0.022441 -0.059869
v -0.003416 -0.005706 -0.059870
v -0.001858 -0.002692 -0.059870
v -0.002756 -0.006053 -0.059870
v -0.010642 -0.024087 -0.059869
v -0.011027 -0.029076 -0.059869
v -0.008007 -0.025086 -0.059869
v -0.001951 -0.006358 -0.059870
v -0.001160 -0.003058 -0.059870
v -0.001227 -0.006536 -0.059870
v -0.004568 -0.025934 -0.059869
v -0.003748 -0.030870 -0.059869
v -0.001771 -0.026273 -0.059869
v -0.000373 -0.006640 -0.059870
v -0.000394 -0.003247 -0.059870
v 0.000373 -0.006640 -0.059870
v 0.001771 -0.026273 -0.059869
v 0.003748 -0.030870 -0.059869
v 0.004569 -0.025934 -0.059869
v 0.001227 -0.006536 -0.059870
v 0.000394 -0.003247 -0.059870
v 0.001951 -0.006358 -0.059870
v 0.008007 -0.025086 -0.059869
v 0.011027 -0.029076 -0.059869
v 0.010642 -0.024087 -0.059869
v 0.002756 -0.006053 -0.059870
v 0.001160 -0.003058 -0.059870
v 0.003416 -0.005706 -0.059870
v 0.013778 -0.022441 -0.059869
v 0.017665 -0.025592 -0.059869
v 0.016097 -0.020840 -0.059869
v 0.004124 -0.005217 -0.059870
v 0.001858 -0.002692 -0.059870
v 0.004682 -0.004723 -0.059870
v 0.018748 -0.018492 -0.059869
v 0.023276 -0.020621 -0.059869
v 0.020617 -0.016382 -0.059869
v 0.005253 -0.004079 -0.059870
v 0.002448 -0.002169 -0.059870
v 0.005676 -0.003465 -0.059870
v 0.022628 -0.013468 -0.059869
v 0.027535 -0.014451 -0.059869
v 0.023938 -0.010972 -0.059869
v 0.006076 -0.002703 -0.059870
v 0.002896 -0.001520 -0.059870
v 0.006341 -0.002006 -0.059870
v 0.025194 -0.007661 -0.059869
v 0.030193 -0.007442 -0.059869
v 0.025868 -0.004925 -0.059869
v 0.006547 -0.001170 -0.059870
v 0.003176 -0.000783 -0.059870
v 0.032844 0.008095 -0.059269
v 0.029952 0.015720 -0.059269
v 0.025320 0.022431 -0.059269
v 0.019216 0.027839 -0.059269
v 0.011995 0.031628 -0.059269
v 0.004077 0.033580 -0.059269
v -0.004077 0.033580 -0.059269
v -0.011995 0.031628 -0.059269
v -0.019216 0.027839 -0.059269
v -0.025319 0.022431 -0.059269
v -0.029952 0.015720 -0.059269
v -0.032844 0.008095 -0.059269
v -0.033827 -0.000000 -0.059269
v -0.032844 -0.008095 -0.059269
v -0.029952 -0.015720 -0.059269
v -0.025319 -0.022431 -0.059269
v -0.019216 -0.027839 -0.059269
v -0.011995 -0.031628 -0.059269
v -0.004077 -0.033580 -0.059269
v 0.004077 -0.033580 -0.059269
v 0.011995 -0.031628 -0.059269
v 0.019216 -0.027839 -0.059269
v 0.025320 -0.022431 -0.059269
v 0.029952 -0.015720 -0.059269
v 0.032844 -0.008095 -0.059269
vn -0.0000 -0.0000 1.0000
vn -0.1074 -0.0130 0.9941
vn -0.2072 -0.0000 0.9783
vn -0.4394 -0.0533 0.8967
vn -0.2012 -0.0496 0.9783
vn -0.5355 -0.1320 0.8342
vn -0.1012 -0.0384 0.9941
vn -0.4138 -0.1570 0.8967
vn -0.1834 -0.0963 0.9783
vn -0.4883 -0.2563 0.8342
vn -0.0891 -0.0615 0.9941
vn -0.3643 -0.2514 0.8967
vn -0.1551 -0.1374 0.9783
vn -0.4128 -0.3657 0.8341
vn -0.0717 -0.0810 0.9941
vn -0.2935 -0.3313 0.8967
vn -0.1177 -0.1705 0.9783
vn -0.3133 -0.4539 0.8341
vn -0.0503 -0.0958 0.9941
vn -0.2057 -0.3919 0.8967
vn -0.0735 -0.1937 0.9783
vn -0.1956 -0.5157 0.8341
vn -0.0259 -0.1050 0.9941
vn -0.1059 -0.4298 0.8967
vn -0.0250 -0.2057 0.9783
vn -0.0665 -0.5475 0.8341
vn -0.0000 -0.1082 0.9941
vn -0.0000 -0.4426 0.8967
vn 0.0250 -0.2057 0.9783
vn 0.0665 -0.5475 0.8341
vn 0.0259 -0.1051 0.9941
vn 0.1059 -0.4298 0.8967
vn 0.0735 -0.1937 0.9783
vn 0.1956 -0.5157 0.8341
vn 0.0503 -0.0958 0.9941
vn 0.2057 -0.3919 0.8967
vn 0.1177 -0.1705 0.9783
vn 0.3133 -0.4539 0.8341
vn 0.0717 -0.0810 0.9941
vn 0.2935 -0.3313 0.8967
vn 0.1551 -0.1374 0.9783
vn 0.4128 -0.3657 0.8341
vn 0.0891 -0.0615 0.9941
vn 0.3643 -0.2514 0.8967
vn 0.1835 -0.0963 0.9783
vn 0.4884 -0.2563 0.8341
vn 0.1012 -0.0383 0.9941
vn 0.4139 -0.1570 0.8967
vn 0.2012 -0.0496 0.9783
vn 0.5355 -0.1320 0.8341
vn 0.1074 -0.0130 0.9941
vn 0.4394 -0.0534 0.8967
vn 0.2072 -0.0000 0.9783
vn 0.5515 -0.0000 0.8341
vn 0.1074 0.0130 0.9941
vn 0.4394 0.0533 0.8967
vn 0.2012 0.0496 0.9783
vn 0.5355 0.1320 0.8341
vn 0.1012 0.0384 0.9941
vn 0.4139 0.1570 0.8967
vn 0.1834 0.0963 0.9783
vn 0.4884 0.2563 0.8341
vn 0.0891 0.0615 0.9941
vn 0.3643 0.2514 0.8967
vn 0.1551 0.1374 0.9783
vn 0.4128 0.3657 0.8341
vn 0.0718 0.0810 0.9941
vn 0.2935 0.3313 0.8967
vn 0.1177 0.1705 0.9783
vn 0.3133 0.4539 0.8341
vn 0.0503 0.0958 0.9941
vn 0.2057 0.3919 0.8967
vn 0.0735 0.1937 0.9783
vn 0.1956 0.5157 0.8341
vn 0.0259 0.1051 0.9941
vn 0.1059 0.4298 0.8967
vn 0.0250 0.2057 0.9783
vn 0.0665 0.5475 0.8341
vn -0.0000 0.1082 0.9941
vn -0.0000 0.4426 0.8967
vn -0.0250 0.2057 0.9783
vn -0.0665 0.5475 0.8341
vn -0.0259 0.1051 0.9941
vn -0.1059 0.4298 0.8967
vn -0.0735 0.1937 0.9783
vn -0.1956 0.5157 0.8341
vn -0.0503 0.0958 0.9941
vn -0.2057 0.3919 0.8967
vn -0.1177 0.1705 0.9783
vn -0.3133 0.4539 0.8341
vn -0.0717 0.0810 0.9941
vn -0.2935 0.3313 0.8967
vn -0.1551 0.1374 0.9783
vn -0.4128 0.3657 0.8341
vn -0.0890 0.0615 0.9941
vn -0.3643 0.2514 0.8967
vn -0.1835 0.0963 0.9783
vn -0.4884 0.2563 0.8341
vn -0.1012 0.0384 0.9941
vn -0.4138 0.1570 0.8967
vn -0.2012 0.0496 0.9783
vn -0.5355 0.1320 0.8342
vn -0.1074 0.0130 0.9941
vn -0.4394 0.0533 0.8967
vn -0.5516 -0.0000 0.8341
vn -0.7221 -0.1780 0.6685
vn -0.8398 -0.1020 0.5332
vn -0.8740 -0.2154 0.4357
vn -0.6854 -0.0832 0.7234
vn -0.7437 -0.0000 0.6685
vn -0.6585 -0.3456 0.6685
vn -0.7910 -0.3000 0.5332
vn -0.7970 -0.4183 0.4357
vn -0.6455 -0.2448 0.7234
vn -0.5567 -0.4932 0.6685
vn -0.6962 -0.4806 0.5332
vn -0.6737 -0.5969 0.4357
vn -0.5682 -0.3922 0.7234
vn -0.4225 -0.6121 0.6685
vn -0.5610 -0.6332 0.5332
vn -0.5113 -0.7408 0.4357
vn -0.4578 -0.5168 0.7234
vn -0.2637 -0.6954 0.6685
vn -0.3931 -0.7491 0.5332
vn -0.3192 -0.8416 0.4357
vn -0.3208 -0.6113 0.7234
vn -0.0896 -0.7383 0.6685
vn -0.2024 -0.8214 0.5332
vn -0.1085 -0.8935 0.4357
vn -0.1652 -0.6703 0.7234
vn 0.0896 -0.7383 0.6685
vn -0.0000 -0.8460 0.5332
vn 0.1085 -0.8935 0.4357
vn -0.0000 -0.6904 0.7234
vn 0.2637 -0.6954 0.6685
vn 0.2025 -0.8214 0.5332
vn 0.3192 -0.8416 0.4357
vn 0.1652 -0.6703 0.7234
vn 0.4225 -0.6121 0.6685
vn 0.3931 -0.7491 0.5332
vn 0.5113 -0.7408 0.4357
vn 0.3208 -0.6113 0.7234
vn 0.5567 -0.4932 0.6685
vn 0.5610 -0.6332 0.5332
vn 0.6737 -0.5969 0.4357
vn 0.4578 -0.5168 0.7234
vn 0.6585 -0.3456 0.6685
vn 0.6962 -0.4806 0.5332
vn 0.7970 -0.4183 0.4357
vn 0.5682 -0.3922 0.7234
vn 0.7221 -0.1780 0.6685
vn 0.7910 -0.3000 0.5332
vn 0.8740 -0.2154 0.4357
vn 0.6455 -0.2448 0.7234
vn 0.7437 -0.0000 0.6685
vn 0.8398 -0.1020 0.5332
vn 0.9001 -0.0000 0.4357
vn 0.6854 -0.0832 0.7234
vn 0.7221 0.1780 0.6685
vn 0.8398 0.1020 0.5332
vn 0.8740 0.2154 0.4357
vn 0.6854 0.0832 0.7234
vn 0.6585 0.3456 0.6685
vn 0.7910 0.3000 0.5332
vn 0.7970 0.4183 0.4357
vn 0.6455 0.2448 0.7234
vn 0.5567 0.4932 0.6685
vn 0.6962 0.4806 0.5332
vn 0.6737 0.5969 0.4357
vn 0.5682 0.3922 0.7234
vn 0.4225 0.6121 0.6685
vn 0.5610 0.6332 0.5332
vn 0.5113 0.7408 0.4357
vn 0.4578 0.5168 0.7234
vn 0.2637 0.6954 0.6685
vn 0.3931 0.7491 0.5332
vn 0.3192 0.8416 0.4357
vn 0.3208 0.6113 0.7234
vn 0.0896 0.7383 0.6685
vn 0.2024 0.8214 0.5332
vn 0.1085 0.8935 0.4357
vn 0.1652 0.6703 0.7234
vn -0.0897 0.7383 0.6685
vn -0.0000 0.8460 0.5332
vn -0.1085 0.8935 0.4357
vn -0.0000 0.6904 0.7234
vn -0.2637 0.6954 0.6685
vn -0.2025 0.8214 0.5332
vn -0.3192 0.8416 0.4357
vn -0.1652 0.6703 0.7234
vn -0.4225 0.6121 0.6685
vn -0.3931 0.7491 0.5332
vn -0.5113 0.7408 0.4357
vn -0.3208 0.6113 0.7234
vn -0.5567 0.4932 0.6685
vn -0.5610 0.6332 0.5332
vn -0.6737 0.5969 0.4357
vn -0.4578 0.5168 0.7234
vn -0.6585 0.3456 0.6685
vn -0.6962 0.4806 0.5332
vn -0.7970 0.4183 0.4357
vn -0.5682 0.3922 0.7234
vn -0.7221 0.1780 0.6685
vn -0.7910 0.3000 0.5332
vn -0.8740 0.2154 0.4357
vn -0.6455 0.2448 0.7234
vn -0.8398 0.1020 0.5332
vn -0.9001 -0.0000 0.4357
vn -0.6854 0.0832 0.7234
vn -0.9420 -0.1144 0.3156
vn -0.9213 -0.2271 0.3156
vn -0.8872 -0.3365 0.3155
vn -0.8402 -0.4410 0.3156
vn -0.7809 -0.5390 0.3156
vn -0.7103 -0.6292 0.3156
vn -0.6292 -0.7103 0.3156
vn -0.5390 -0.7809 0.3156
vn -0.4410 -0.8402 0.3156
vn -0.3365 -0.8872 0.3156
vn -0.2271 -0.9213 0.3155
vn -0.1144 -0.9420 0.3156
vn -0.0000 -0.9489 0.3155
vn 0.1144 -0.9420 0.3156
vn 0.2271 -0.9213 0.3155
vn 0.3365 -0.8872 0.3156
vn 0.4410 -0.8402 0.3155
vn 0.5390 -0.7809 0.3156
vn 0.6292 -0.7103 0.3155
vn 0.7103 -0.6292 0.3156
vn 0.7809 -0.5390 0.3156
vn 0.8402 -0.4410 0.3156
vn 0.8872 -0.3365 0.3156
vn 0.9213 -0.2271 0.3156
vn 0.9420 -0.1144 0.3156
vn 0.9489 -0.0000 0.3156
vn 0.9420 0.1144 0.3156
vn 0.9213 0.2271 0.3156
vn 0.8872 0.3365 0.3156
vn 0.8402 0.4410 0.3156
vn 0.7809 0.5390 0.3155
vn 0.7103 0.6292 0.3156
vn 0.6292 0.7103 0.3155
vn 0.5390 0.7809 0.3156
vn 0.4410 0.8402 0.3156
vn 0.3365 0.8872 0.3156
vn 0.2271 0.9213 0.3156
vn 0.1144 0.9420 0.3156
vn -0.0000 0.9489 0.3156
vn -0.1144 0.9420 0.3156
vn -0.2271 0.9213 0.3155
vn -0.3365 0.8872 0.3156
vn -0.4410 0.8402 0.3155
vn -0.5390 0.7809 0.3156
vn -0.6292 0.7103 0.3156
vn -0.7103 0.6292 0.3156
vn -0.7809 0.5390 0.3155
vn -0.8402 0.4410 0.3156
vn -0.8872 0.3365 0.3155
vn -0.9213 0.2271 0.3156
vn -0.9420 0.1144 0.3155
vn -0.9489 -0.0000 0.3155
vn 0.9442 -0.0000 -0.3292
vn 0.9783 0.1188 -0.1699
vn 0.9927 -0.0000 -0.1209
vn 0.9168 0.2260 -0.3292
vn 0.8914 0.1082 -0.4400
vn 0.9899 0.1202 -0.0748
vn 0.9638 0.2376 -0.1209
vn 0.9682 0.2386 -0.0748
vn 0.9214 0.3495 -0.1699
vn 0.8361 0.4388 -0.3292
vn 0.8396 0.3184 -0.4400
vn 0.9324 0.3536 -0.0748
vn 0.8790 0.4613 -0.1209
vn 0.8830 0.4634 -0.0748
vn 0.8110 0.5598 -0.1699
vn 0.7068 0.6262 -0.3292
vn 0.7390 0.5101 -0.4400
vn 0.8207 0.5665 -0.0748
vn 0.7430 0.6583 -0.1209
vn 0.7464 0.6613 -0.0748
vn 0.6535 0.7376 -0.1699
vn 0.5364 0.7771 -0.3292
vn 0.5955 0.6721 -0.4400
vn 0.6613 0.7464 -0.0748
vn 0.5639 0.8169 -0.1209
vn 0.5665 0.8207 -0.0748
vn 0.4580 0.8726 -0.1699
vn 0.3348 0.8829 -0.3292
vn 0.4173 0.7951 -0.4400
vn 0.4634 0.8830 -0.0748
vn 0.3520 0.9282 -0.1209
vn 0.3536 0.9324 -0.0748
vn 0.2358 0.9568 -0.1699
vn 0.1138 0.9374 -0.3292
vn 0.2149 0.8719 -0.4400
vn 0.2386 0.9682 -0.0748
vn 0.1197 0.9854 -0.1209
vn 0.1202 0.9899 -0.0748
vn -0.0000 0.9855 -0.1699
vn -0.1138 0.9374 -0.3292
vn -0.0000 0.8980 -0.4400
vn -0.0000 0.9972 -0.0748
vn -0.1197 0.9854 -0.1209
vn -0.1202 0.9899 -0.0748
vn -0.2358 0.9568 -0.1699
vn -0.3348 0.8829 -0.3292
vn -0.2149 0.8719 -0.4400
vn -0.2386 0.9682 -0.0748
vn -0.3520 0.9282 -0.1209
vn -0.3536 0.9324 -0.0748
vn -0.4580 0.8726 -0.1699
vn -0.5364 0.7771 -0.3292
vn -0.4173 0.7951 -0.4400
vn -0.4634 0.8830 -0.0748
vn -0.5639 0.8169 -0.1209
vn -0.5665 0.8207 -0.0748
vn -0.6535 0.7376 -0.1699
vn -0.7068 0.6262 -0.3292
vn -0.5955 0.6721 -0.4400
vn -0.6613 0.7464 -0.0748
vn -0.7430 0.6583 -0.1209
vn -0.7464 0.6613 -0.0748
vn -0.8110 0.5598 -0.1699
vn -0.8361 0.4388 -0.3292
vn -0.7390 0.5101 -0.4400
vn -0.8207 0.5665 -0.0748
vn -0.8790 0.4613 -0.1209
vn -0.8830 0.4634 -0.0748
vn -0.9214 0.3495 -0.1699
vn -0.9168 0.2260 -0.3292
vn -0.8396 0.3184 -0.4400
vn -0.9324 0.3536 -0.0748
vn -0.9638 0.2376 -0.1209
vn -0.9682 0.2386 -0.0748
vn -0.9783 0.1188 -0.1699
vn -0.9442 -0.0000 -0.3292
vn -0.8914 0.1082 -0.4400
vn -0.9899 0.1202 -0.0748
vn -0.9927 -0.0000 -0.1209
vn -0.9972 -0.0000 -0.0748
vn -0.9783 -0.1188 -0.1699
vn -0.9168 -0.2260 -0.3292
vn -0.8914 -0.1082 -0.4400
vn -0.9899 -0.1202 -0.0748
vn -0.9638 -0.2376 -0.1209
vn -0.9682 -0.2386 -0.0748
vn -0.9214 -0.3494 -0.1699
vn -0.8361 -0.4388 -0.3292
vn -0.8396 -0.3184 -0.4400
vn -0.9324 -0.3536 -0.0748
vn -0.8790 -0.4613 -0.1209
vn -0.8830 -0.4634 -0.0748
vn -0.8110 -0.5598 -0.1699
vn -0.7068 -0.6262 -0.3292
vn -0.7390 -0.5101 -0.4400
vn -0.8207 -0.5665 -0.0748
vn -0.7430 -0.6583 -0.1209
vn -0.7464 -0.6613 -0.0748
vn -0.6535 -0.7376 -0.1699
vn -0.5364 -0.7771 -0.3292
vn -0.5955 -0.6721 -0.4400
vn -0.6613 -0.7464 -0.0748
vn -0.5639 -0.8169 -0.1209
vn -0.5665 -0.8207 -0.0748
vn -0.4580 -0.8726 -0.1699
vn -0.3348 -0.8829 -0.3292
vn -0.4173 -0.7951 -0.4400
vn -0.4634 -0.8830 -0.0748
vn -0.3520 -0.9282 -0.1209
vn -0.3536 -0.9324 -0.0748
vn -0.2358 -0.9568 -0.1699
vn -0.1138 -0.9374 -0.3292
vn -0.2149 -0.8719 -0.4400
vn -0.2386 -0.9682 -0.0748
vn -0.1197 -0.9854 -0.1209
vn -0.1202 -0.9899 -0.0748
vn -0.0000 -0.9855 -0.1699
vn 0.1138 -0.9374 -0.3292
vn -0.0000 -0.8980 -0.4400
vn -0.0000 -0.9972 -0.0748
vn 0.1197 -0.9854 -0.1209
vn 0.1202 -0.9899 -0.0748
vn 0.2358 -0.9568 -0.1699
vn 0.3348 -0.8829 -0.3292
vn 0.2149 -0.8719 -0.4400
vn 0.2386 -0.9682 -0.0748
vn 0.3520 -0.9282 -0.1209
vn 0.3536 -0.9324 -0.0748
vn 0.4580 -0.8726 -0.1699
vn 0.5364 -0.7771 -0.3292
vn 0.4173 -0.7951 -0.4400
vn 0.4634 -0.8830 -0.0748
vn 0.5639 -0.8169 -0.1209
vn 0.5665 -0.8207 -0.0748
vn 0.6535 -0.7376 -0.1699
vn 0.7068 -0.6261 -0.3292
vn 0.5955 -0.6721 -0.4400
vn 0.6613 -0.7464 -0.0748
vn 0.7430 -0.6583 -0.1209
vn 0.7464 -0.6613 -0.0748
vn 0.8110 -0.5598 -0.1699
vn 0.8361 -0.4388 -0.3292
vn 0.7390 -0.5101 -0.4400
vn 0.8207 -0.5665 -0.0748
vn 0.8790 -0.4613 -0.1209
vn 0.8830 -0.4634 -0.0748
vn 0.9214 -0.3494 -0.1699
vn 0.9168 -0.2260 -0.3292
vn 0.8396 -0.3184 -0.4400
vn 0.9324 -0.3536 -0.0748
vn 0.9638 -0.2376 -0.1209
vn 0.9682 -0.2386 -0.0748
vn 0.9783 -0.1188 -0.1699
vn 0.8914 -0.1082 -0.4400
vn 0.9899 -0.1202 -0.0748
vn 0.9972 -0.0000 -0.0748
vn 0.4658 0.0566 0.8831
vn 0.3268 -0.0000 0.9451
vn 0.5905 -0.0000 0.8070
vn 0.3173 0.0782 0.9451
vn 0.3244 0.0394 0.9451
vn 0.4387 0.1664 0.8831
vn 0.5734 0.1413 0.8070
vn 0.2893 0.1519 0.9451
vn 0.3055 0.1159 0.9451
vn 0.3862 0.2665 0.8831
vn 0.5229 0.2744 0.8070
vn 0.2446 0.2167 0.9451
vn 0.2689 0.1856 0.9451
vn 0.3112 0.3512 0.8831
vn 0.4420 0.3916 0.8070
vn 0.1856 0.2689 0.9451
vn 0.2167 0.2446 0.9451
vn 0.2181 0.4155 0.8831
vn 0.3355 0.4860 0.8070
vn 0.1159 0.3055 0.9451
vn 0.1518 0.2893 0.9451
vn 0.1123 0.4556 0.8831
vn 0.2094 0.5522 0.8070
vn 0.0394 0.3244 0.9451
vn 0.0782 0.3173 0.9451
vn -0.0000 0.4692 0.8831
vn 0.0712 0.5862 0.8070
vn -0.0394 0.3244 0.9451
vn -0.0000 0.3268 0.9451
vn -0.1123 0.4556 0.8831
vn -0.0712 0.5862 0.8070
vn -0.1159 0.3055 0.9451
vn -0.0782 0.3173 0.9451
vn -0.2181 0.4155 0.8831
vn -0.2094 0.5522 0.8070
vn -0.1856 0.2689 0.9451
vn -0.1519 0.2893 0.9451
vn -0.3111 0.3512 0.8831
vn -0.3354 0.4860 0.8070
vn -0.2446 0.2167 0.9451
vn -0.2167 0.2446 0.9451
vn -0.3862 0.2666 0.8831
vn -0.4420 0.3916 0.8070
vn -0.2893 0.1519 0.9451
vn -0.2689 0.1856 0.9451
vn -0.4387 0.1664 0.8831
vn -0.5229 0.2744 0.8070
vn -0.3173 0.0782 0.9451
vn -0.3055 0.1159 0.9451
vn -0.4658 0.0566 0.8831
vn -0.5734 0.1413 0.8070
vn -0.3268 -0.0000 0.9451
vn -0.3244 0.0394 0.9451
vn -0.4658 -0.0566 0.8831
vn -0.5905 -0.0000 0.8070
vn -0.3173 -0.0782 0.9451
vn -0.3244 -0.0394 0.9451
vn -0.4387 -0.1664 0.8831
vn -0.5734 -0.1413 0.8070
vn -0.2893 -0.1519 0.9451
vn -0.3055 -0.1159 0.9451
vn -0.3862 -0.2666 0.8831
vn -0.5229 -0.2744 0.8070
vn -0.2446 -0.2167 0.9451
vn -0.2689 -0.1856 0.9451
vn -0.3111 -0.3512 0.8831
vn -0.4420 -0.3916 0.8070
vn -0.1856 -0.2689 0.9451
vn -0.2167 -0.2446 0.9451
vn -0.2181 -0.4155 0.8831
vn -0.3354 -0.4860 0.8070
vn -0.1159 -0.3055 0.9451
vn -0.1519 -0.2893 0.9451
vn -0.1123 -0.4556 0.8831
vn -0.2094 -0.5522 0.8070
vn -0.0394 -0.3244 0.9451
vn -0.0782 -0.3173 0.9451
vn -0.0000 -0.4692 0.8831
vn -0.0712 -0.5862 0.8070
vn 0.0394 -0.3244 0.9451
vn -0.0000 -0.3268 0.9451
vn 0.1123 -0.4556 0.8831
vn 0.0712 -0.5862 0.8070
vn 0.1159 -0.3055 0.9451
vn 0.0782 -0.3173 0.9451
vn 0.2181 -0.4155 0.8831
vn 0.2094 -0.5522 0.8070
vn 0.1856 -0.2689 0.9451
vn 0.1519 -0.2893 0.9451
vn 0.3111 -0.3512 0.8831
vn 0.3354 -0.4860 0.8070
vn 0.2446 -0.2167 0.9451
vn 0.2167 -0.2446 0.9451
vn 0.3862 -0.2666 0.8831
vn 0.4420 -0.3916 0.8070
vn 0.2893 -0.1519 0.9451
vn 0.2689 -0.1856 0.9451
vn 0.4387 -0.1664 0.8831
vn 0.5229 -0.2744 0.8070
vn 0.3173 -0.0782 0.9451
vn 0.3055 -0.1159 0.9451
vn 0.4658 -0.0566 0.8831
vn 0.5733 -0.1413 0.8070
vn 0.3244 -0.0394 0.9451
vn 0.8351 -0.0000 -0.5501
vn 0.8109 0.1999 -0.5501
vn 0.8290 0.1007 -0.5501
vn 0.7395 0.3881 -0.5501
vn 0.7809 0.2961 -0.5501
vn 0.6251 0.5538 -0.5501
vn 0.6873 0.4744 -0.5501
vn 0.4744 0.6873 -0.5501
vn 0.5538 0.6251 -0.5501
vn 0.2961 0.7808 -0.5501
vn 0.3881 0.7395 -0.5501
vn 0.1007 0.8290 -0.5501
vn 0.1999 0.8109 -0.5501
vn -0.1007 0.8290 -0.5501
vn -0.0000 0.8351 -0.5501
vn -0.2961 0.7808 -0.5501
vn -0.1999 0.8109 -0.5501
vn -0.4744 0.6873 -0.5501
vn -0.3881 0.7395 -0.5501
vn -0.6251 0.5538 -0.5501
vn -0.5538 0.6251 -0.5501
vn -0.7395 0.3881 -0.5501
vn -0.6873 0.4744 -0.5501
vn -0.8109 0.1999 -0.5501
vn -0.7809 0.2961 -0.5501
vn -0.8351 -0.0000 -0.5501
vn -0.8290 0.1007 -0.5501
vn -0.8108 -0.1999 -0.5501
vn -0.8290 -0.1007 -0.5501
vn -0.7395 -0.3881 -0.5501
vn -0.7809 -0.2961 -0.5501
vn -0.6251 -0.5538 -0.5501
vn -0.6873 -0.4744 -0.5501
vn -0.4744 -0.6873 -0.5501
vn -0.5538 -0.6251 -0.5501
vn -0.2961 -0.7808 -0.5501
vn -0.3881 -0.7395 -0.5501
vn -0.1007 -0.8290 -0.5501
vn -0.1999 -0.8109 -0.5501
vn 0.1007 -0.8290 -0.5501
vn -0.0000 -0.8351 -0.5501
vn 0.2961 -0.7808 -0.5501
vn 0.1999 -0.8109 -0.5501
vn 0.4744 -0.6873 -0.5501
vn 0.3881 -0.7395 -0.5501
vn 0.6251 -0.5538 -0.5501
vn 0.5538 -0.6251 -0.5501
vn 0.7395 -0.3881 -0.5501
vn 0.6873 -0.4744 -0.5501
vn 0.8109 -0.1999 -0.5501
vn 0.7808 -0.2961 -0.5501
vn 0.8290 -0.1007 -0.5501
vn 0.8225 0.2027 0.5315
vn 0.9434 0.1145 0.3113
vn 0.9532 0.2349 0.1905
vn 0.7707 0.0936 0.6303
vn 0.8471 -0.0000 0.5314
vn 0.7501 0.3937 0.5315
vn 0.8886 0.3370 0.3113
vn 0.8692 0.4562 0.1905
vn 0.7259 0.2753 0.6303
vn 0.6341 0.5617 0.5315
vn 0.7821 0.5398 0.3113
vn 0.7348 0.6510 0.1905
vn 0.6389 0.4410 0.6303
vn 0.4812 0.6971 0.5315
vn 0.6302 0.7113 0.3113
vn 0.5577 0.8079 0.1905
vn 0.5148 0.5811 0.6303
vn 0.3004 0.7920 0.5314
vn 0.4416 0.8415 0.3113
vn 0.3481 0.9179 0.1905
vn 0.3608 0.6874 0.6303
vn 0.1021 0.8409 0.5315
vn 0.2274 0.9227 0.3113
vn 0.1183 0.9745 0.1905
vn 0.1858 0.7538 0.6303
vn -0.1021 0.8409 0.5315
vn -0.0000 0.9503 0.3113
vn -0.1183 0.9745 0.1905
vn -0.0000 0.7764 0.6303
vn -0.3004 0.7920 0.5314
vn -0.2274 0.9227 0.3113
vn -0.3481 0.9179 0.1905
vn -0.1858 0.7538 0.6303
vn -0.4812 0.6971 0.5315
vn -0.4416 0.8415 0.3113
vn -0.5576 0.8079 0.1905
vn -0.3608 0.6875 0.6302
vn -0.6341 0.5617 0.5315
vn -0.6302 0.7113 0.3113
vn -0.7348 0.6510 0.1905
vn -0.5148 0.5811 0.6303
vn -0.7501 0.3937 0.5314
vn -0.7821 0.5398 0.3113
vn -0.8692 0.4562 0.1905
vn -0.6389 0.4410 0.6303
vn -0.8225 0.2027 0.5315
vn -0.8886 0.3370 0.3113
vn -0.9532 0.2349 0.1905
vn -0.7259 0.2753 0.6303
vn -0.8471 -0.0000 0.5315
vn -0.9434 0.1146 0.3113
vn -0.9817 -0.0000 0.1905
vn -0.7707 0.0936 0.6303
vn -0.8225 -0.2027 0.5314
vn -0.9434 -0.1145 0.3113
vn -0.9532 -0.2350 0.1905
vn -0.7707 -0.0936 0.6303
vn -0.7501 -0.3937 0.5314
vn -0.8886 -0.3370 0.3113
vn -0.8692 -0.4562 0.1905
vn -0.7259 -0.2753 0.6303
vn -0.6341 -0.5617 0.5315
vn -0.7821 -0.5398 0.3113
vn -0.7348 -0.6510 0.1905
vn -0.6390 -0.4410 0.6302
vn -0.4812 -0.6971 0.5315
vn -0.6302 -0.7113 0.3113
vn -0.5577 -0.8079 0.1905
vn -0.5148 -0.5811 0.6302
vn -0.3004 -0.7920 0.5314
vn -0.4416 -0.8415 0.3113
vn -0.3481 -0.9179 0.1905
vn -0.3608 -0.6875 0.6302
vn -0.1021 -0.8409 0.5315
vn -0.2274 -0.9227 0.3113
vn -0.1183 -0.9745 0.1905
vn -0.1858 -0.7538 0.6303
vn 0.1021 -0.8409 0.5315
vn -0.0000 -0.9503 0.3113
vn 0.1183 -0.9745 0.1905
vn -0.0000 -0.7764 0.6303
vn 0.3004 -0.7920 0.5314
vn 0.2274 -0.9227 0.3113
vn 0.3481 -0.9179 0.1905
vn 0.1858 -0.7538 0.6302
vn 0.4812 -0.6971 0.5314
vn 0.4416 -0.8415 0.3113
vn 0.5577 -0.8079 0.1905
vn 0.3608 -0.6875 0.6302
vn 0.6341 -0.5617 0.5315
vn 0.6302 -0.7113 0.3113
vn 0.7348 -0.6510 0.1905
vn 0.5148 -0.5811 0.6303
vn 0.7501 -0.3937 0.5314
vn 0.7821 -0.5398 0.3113
vn 0.8692 -0.4562 0.1905
vn 0.6389 -0.4410 0.6303
vn 0.8225 -0.2027 0.5315
vn 0.8886 -0.3370 0.3113
vn 0.9532 -0.2350 0.1905
vn 0.7259 -0.2753 0.6302
vn 0.9434 -0.1145 0.3113
vn 0.9817 -0.0000 0.1905
vn 0.7707 -0.0936 0.6302
vn 0.9927 0.1205 -0.0082
vn 0.9709 0.2393 -0.0082
vn 1.0000 -0.0000 -0.0082
vn 0.9350 0.3546 -0.0082
vn 0.8854 0.4647 -0.0082
vn 0.8230 0.5680 -0.0082
vn 0.7485 0.6631 -0.0082
vn 0.6631 0.7485 -0.0082
vn 0.5680 0.8230 -0.0082
vn 0.4647 0.8854 -0.0082
vn 0.3546 0.9350 -0.0082
vn 0.2393 0.9709 -0.0082
vn 0.1205 0.9927 -0.0082
vn -0.0000 1.0000 -0.0082
vn -0.1205 0.9927 -0.0082
vn -0.2393 0.9709 -0.0082
vn -0.3546 0.9350 -0.0082
vn -0.4647 0.8854 -0.0082
vn -0.5680 0.8230 -0.0082
vn -0.6631 0.7485 -0.0082
vn -0.7485 0.6631 -0.0082
vn -0.8230 0.5680 -0.0082
vn -0.8854 0.4647 -0.0082
vn -0.9350 0.3546 -0.0082
vn -0.9709 0.2393 -0.0082
vn -0.9927 0.1205 -0.0082
vn -1.0000 -0.0000 -0.0082
vn -0.9927 -0.1205 -0.0082
vn -0.9709 -0.2393 -0.0082
vn -0.9350 -0.3546 -0.0082
vn -0.8854 -0.4647 -0.0082
vn -0.8230 -0.5680 -0.0082
vn -0.7485 -0.6631 -0.0082
vn -0.6631 -0.7485 -0.0082
vn -0.5680 -0.8230 -0.0082
vn -0.4647 -0.8854 -0.0082
vn -0.3546 -0.9350 -0.0082
vn -0.2393 -0.9709 -0.0082
vn -0.1205 -0.9927 -0.0082
vn -0.0000 -1.0000 -0.0082
vn 0.1205 -0.9927 -0.0082
vn 0.2393 -0.9709 -0.0082
vn 0.3546 -0.9350 -0.0082
vn 0.4647 -0.8854 -0.0082
vn 0.5680 -0.8230 -0.0082
vn 0.6631 -0.7485 -0.0082
vn 0.7485 -0.6631 -0.0082
vn 0.8230 -0.5680 -0.0082
vn 0.8854 -0.4647 -0.0082
vn 0.9350 -0.3546 -0.0082
vn 0.9709 -0.2393 -0.0082
vn 0.9927 -0.1205 -0.0082
vn -0.9655 -0.2380 0.1059
vn -0.9452 -0.1148 0.3058
vn -0.8805 -0.2170 0.4215
vn -0.9667 -0.2383 0.0938
vn -0.9880 -0.1200 0.0969
vn -0.9956 -0.0000 0.0938
vn -0.9883 -0.1200 0.0942
vn -0.9944 -0.0000 0.1059
vn -0.8805 -0.4621 0.1059
vn -0.8902 -0.3376 0.3058
vn -0.8029 -0.4214 0.4215
vn -0.8815 -0.4627 0.0938
vn -0.9306 -0.3529 0.0969
vn -0.9309 -0.3530 0.0938
vn -0.7443 -0.6594 0.1059
vn -0.7836 -0.5408 0.3058
vn -0.6788 -0.6013 0.4215
vn -0.7452 -0.6602 0.0938
vn -0.8191 -0.5654 0.0969
vn -0.8194 -0.5656 0.0938
vn -0.5649 -0.8184 0.1059
vn -0.6314 -0.7126 0.3058
vn -0.5151 -0.7463 0.4215
vn -0.5656 -0.8194 0.0938
vn -0.6600 -0.7450 0.0969
vn -0.6602 -0.7452 0.0942
vn -0.3526 -0.9298 0.1059
vn -0.4425 -0.8430 0.3058
vn -0.3216 -0.8479 0.4215
vn -0.3530 -0.9309 0.0938
vn -0.4625 -0.8813 0.0969
vn -0.4627 -0.8815 0.0938
vn -0.1199 -0.9871 0.1059
vn -0.2279 -0.9244 0.3058
vn -0.1093 -0.9002 0.4215
vn -0.1200 -0.9883 0.0938
vn -0.2382 -0.9664 0.0969
vn -0.2383 -0.9667 0.0938
vn 0.1199 -0.9871 0.1059
vn -0.0000 -0.9521 0.3058
vn 0.1093 -0.9002 0.4215
vn 0.1200 -0.9883 0.0938
vn -0.0000 -0.9953 0.0968
vn -0.0000 -0.9956 0.0942
vn 0.3526 -0.9298 0.1059
vn 0.2278 -0.9244 0.3058
vn 0.3216 -0.8479 0.4215
vn 0.3530 -0.9309 0.0938
vn 0.2382 -0.9664 0.0969
vn 0.2383 -0.9666 0.0942
vn 0.5649 -0.8184 0.1059
vn 0.4425 -0.8430 0.3058
vn 0.5151 -0.7463 0.4215
vn 0.5656 -0.8194 0.0938
vn 0.4625 -0.8813 0.0969
vn 0.4627 -0.8815 0.0943
vn 0.7443 -0.6594 0.1059
vn 0.6313 -0.7127 0.3058
vn 0.6788 -0.6013 0.4215
vn 0.7452 -0.6602 0.0938
vn 0.6600 -0.7450 0.0969
vn 0.6602 -0.7452 0.0938
vn 0.8805 -0.4621 0.1059
vn 0.7836 -0.5409 0.3058
vn 0.8029 -0.4214 0.4215
vn 0.8815 -0.4627 0.0938
vn 0.8191 -0.5654 0.0969
vn 0.8193 -0.5655 0.0942
vn 0.9655 -0.2380 0.1059
vn 0.8902 -0.3376 0.3058
vn 0.8805 -0.2170 0.4215
vn 0.9667 -0.2383 0.0938
vn 0.9306 -0.3529 0.0969
vn 0.9309 -0.3530 0.0942
vn 0.9944 -0.0000 0.1059
vn 0.9451 -0.1148 0.3058
vn 0.9068 -0.0000 0.4215
vn 0.9956 -0.0000 0.0938
vn 0.9880 -0.1200 0.0969
vn 0.9883 -0.1200 0.0938
vn 0.9655 0.2380 0.1059
vn 0.9452 0.1148 0.3058
vn 0.8805 0.2170 0.4215
vn 0.9667 0.2383 0.0938
vn 0.9880 0.1200 0.0969
vn 0.9883 0.1200 0.0942
vn 0.8805 0.4621 0.1059
vn 0.8902 0.3376 0.3058
vn 0.8029 0.4214 0.4215
vn 0.8815 0.4627 0.0938
vn 0.9306 0.3529 0.0968
vn 0.9309 0.3530 0.0942
vn 0.7443 0.6594 0.1059
vn 0.7836 0.5408 0.3058
vn 0.6788 0.6013 0.4215
vn 0.7452 0.6602 0.0938
vn 0.8191 0.5654 0.0969
vn 0.8193 0.5655 0.0942
vn 0.5649 0.8184 0.1059
vn 0.6314 0.7126 0.3058
vn 0.5151 0.7463 0.4215
vn 0.5656 0.8194 0.0938
vn 0.6600 0.7450 0.0969
vn 0.6602 0.7452 0.0942
vn 0.3526 0.9298 0.1059
vn 0.4425 0.8430 0.3058
vn 0.3216 0.8479 0.4215
vn 0.3530 0.9309 0.0938
vn 0.4625 0.8813 0.0969
vn 0.4627 0.8815 0.0938
vn 0.1199 0.9871 0.1059
vn 0.2279 0.9244 0.3058
vn 0.1093 0.9002 0.4215
vn 0.1200 0.9883 0.0938
vn 0.2382 0.9664 0.0969
vn 0.2383 0.9666 0.0942
vn -0.1199 0.9871 0.1059
vn -0.0000 0.9521 0.3058
vn -0.1093 0.9002 0.4215
vn -0.1200 0.9883 0.0938
vn -0.0000 0.9953 0.0969
vn -0.0000 0.9956 0.0938
vn -0.3526 0.9298 0.1059
vn -0.2278 0.9244 0.3058
vn -0.3215 0.8479 0.4215
vn -0.3530 0.9309 0.0938
vn -0.2382 0.9664 0.0969
vn -0.2383 0.9666 0.0942
vn -0.5649 0.8184 0.1059
vn -0.4425 0.8430 0.3058
vn -0.5151 0.7463 0.4215
vn -0.5656 0.8194 0.0938
vn -0.4625 0.8813 0.0969
vn -0.4627 0.8815 0.0938
vn -0.7443 0.6594 0.1059
vn -0.6314 0.7127 0.3058
vn -0.6788 0.6013 0.4215
vn -0.7452 0.6602 0.0938
vn -0.6600 0.7450 0.0969
vn -0.6602 0.7452 0.0938
vn -0.8805 0.4621 0.1059
vn -0.7836 0.5409 0.3058
vn -0.8029 0.4214 0.4215
vn -0.8815 0.4627 0.0938
vn -0.8191 0.5654 0.0969
vn -0.8193 0.5655 0.0944
vn -0.9655 0.2380 0.1059
vn -0.8902 0.3376 0.3058
vn -0.8805 0.2170 0.4215
vn -0.9667 0.2383 0.0938
vn -0.9306 0.3529 0.0969
vn -0.9309 0.3530 0.0942
vn -0.9452 0.1148 0.3058
vn -0.9068 -0.0000 0.4215
vn -0.9880 0.1200 0.0969
vn -0.9883 0.1200 0.0938
vn -0.2918 -0.0719 0.9538
vn -0.1458 -0.0177 0.9892
vn -0.1426 -0.0352 0.9892
vn -0.3005 -0.0000 0.9538
vn -0.4346 -0.0528 0.8991
vn -0.2661 -0.1396 0.9538
vn -0.1374 -0.0521 0.9892
vn -0.1301 -0.0683 0.9892
vn -0.4094 -0.1552 0.8991
vn -0.2249 -0.1993 0.9538
vn -0.1209 -0.0835 0.9891
vn -0.1100 -0.0974 0.9891
vn -0.3603 -0.2487 0.8991
vn -0.1707 -0.2473 0.9538
vn -0.0974 -0.1100 0.9891
vn -0.0835 -0.1209 0.9891
vn -0.2903 -0.3277 0.8991
vn -0.1066 -0.2810 0.9538
vn -0.0683 -0.1301 0.9891
vn -0.0521 -0.1374 0.9891
vn -0.2035 -0.3877 0.8991
vn -0.0362 -0.2983 0.9538
vn -0.0352 -0.1426 0.9891
vn -0.0177 -0.1458 0.9891
vn -0.1048 -0.4251 0.8991
vn 0.0362 -0.2983 0.9538
vn -0.0000 -0.1469 0.9891
vn 0.0177 -0.1458 0.9892
vn -0.0000 -0.4378 0.8991
vn 0.1066 -0.2810 0.9538
vn 0.0352 -0.1426 0.9892
vn 0.0521 -0.1373 0.9892
vn 0.1048 -0.4251 0.8990
vn 0.1707 -0.2473 0.9538
vn 0.0683 -0.1301 0.9892
vn 0.0835 -0.1209 0.9891
vn 0.2035 -0.3877 0.8991
vn 0.2249 -0.1993 0.9538
vn 0.0974 -0.1100 0.9891
vn 0.1100 -0.0974 0.9891
vn 0.2903 -0.3277 0.8991
vn 0.2661 -0.1397 0.9538
vn 0.1209 -0.0835 0.9891
vn 0.1301 -0.0683 0.9892
vn 0.3603 -0.2487 0.8991
vn 0.2918 -0.0719 0.9538
vn 0.1374 -0.0521 0.9892
vn 0.1426 -0.0352 0.9892
vn 0.4094 -0.1553 0.8991
vn 0.3005 -0.0000 0.9538
vn 0.1459 -0.0177 0.9891
vn 0.1469 -0.0000 0.9891
vn 0.4346 -0.0528 0.8991
vn 0.2918 0.0719 0.9538
vn 0.1458 0.0177 0.9891
vn 0.1426 0.0352 0.9891
vn 0.4346 0.0528 0.8991
vn 0.2661 0.1397 0.9538
vn 0.1374 0.0521 0.9891
vn 0.1301 0.0683 0.9891
vn 0.4094 0.1553 0.8991
vn 0.2250 0.1993 0.9538
vn 0.1209 0.0835 0.9891
vn 0.1100 0.0974 0.9891
vn 0.3603 0.2487 0.8991
vn 0.1707 0.2473 0.9538
vn 0.0974 0.1100 0.9891
vn 0.0835 0.1209 0.9891
vn 0.2903 0.3277 0.8991
vn 0.1066 0.2810 0.9538
vn 0.0683 0.1301 0.9892
vn 0.0521 0.1374 0.9891
vn 0.2035 0.3877 0.8990
vn 0.0362 0.2983 0.9538
vn 0.0352 0.1426 0.9891
vn 0.0177 0.1458 0.9892
vn 0.1048 0.4251 0.8991
vn -0.0362 0.2983 0.9538
vn -0.0000 0.1469 0.9891
vn -0.0177 0.1458 0.9891
vn -0.0000 0.4378 0.8991
vn -0.1066 0.2810 0.9538
vn -0.0352 0.1426 0.9891
vn -0.0521 0.1374 0.9891
vn -0.1048 0.4251 0.8991
vn -0.1707 0.2473 0.9538
vn -0.0683 0.1301 0.9891
vn -0.0835 0.1209 0.9891
vn -0.2035 0.3877 0.8991
vn -0.2249 0.1993 0.9538
vn -0.0974 0.1100 0.9891
vn -0.1100 0.0974 0.9891
vn -0.2903 0.3277 0.8991
vn -0.2661 0.1397 0.9538
vn -0.1209 0.0834 0.9891
vn -0.1301 0.0683 0.9892
vn -0.3603 0.2487 0.8991
vn -0.2917 0.0719 0.9538
vn -0.1374 0.0521 0.9892
vn -0.1426 0.0352 0.9892
vn -0.4094 0.1552 0.8991
vn -0.1458 0.0177 0.9892
vn -0.1469 -0.0000 0.9892
vn -0.4346 0.0528 0.8991
vn -0.7608 -0.0924 0.6424
vn -0.6716 -0.0000 0.7410
vn -0.6520 -0.1607 0.7410
vn -0.7166 -0.2718 0.6424
vn -0.5946 -0.3121 0.7410
vn -0.6307 -0.4353 0.6424
vn -0.5026 -0.4453 0.7410
vn -0.5082 -0.5736 0.6424
vn -0.3815 -0.5526 0.7410
vn -0.3562 -0.6786 0.6424
vn -0.2381 -0.6279 0.7410
vn -0.1834 -0.7441 0.6424
vn -0.0809 -0.6666 0.7410
vn -0.0000 -0.7664 0.6424
vn 0.0809 -0.6666 0.7410
vn 0.1834 -0.7441 0.6424
vn 0.2381 -0.6279 0.7410
vn 0.3561 -0.6786 0.6424
vn 0.3815 -0.5526 0.7410
vn 0.5082 -0.5736 0.6424
vn 0.5026 -0.4453 0.7410
vn 0.6307 -0.4353 0.6424
vn 0.5946 -0.3121 0.7410
vn 0.7166 -0.2718 0.6424
vn 0.6520 -0.1607 0.7410
vn 0.7608 -0.0924 0.6424
vn 0.6715 -0.0000 0.7410
vn 0.7608 0.0924 0.6424
vn 0.6520 0.1607 0.7410
vn 0.7166 0.2718 0.6424
vn 0.5946 0.3121 0.7410
vn 0.6307 0.4353 0.6424
vn 0.5026 0.4453 0.7410
vn 0.5082 0.5736 0.6424
vn 0.3815 0.5526 0.7410
vn 0.3561 0.6786 0.6424
vn 0.2381 0.6279 0.7410
vn 0.1834 0.7441 0.6424
vn 0.0809 0.6666 0.7410
vn -0.0000 0.7664 0.6424
vn -0.0809 0.6667 0.7410
vn -0.1834 0.7441 0.6424
vn -0.2381 0.6279 0.7410
vn -0.3561 0.6786 0.6424
vn -0.3815 0.5526 0.7410
vn -0.5082 0.5736 0.6424
vn -0.5027 0.4453 0.7410
vn -0.6307 0.4353 0.6424
vn -0.5946 0.3121 0.7410
vn -0.7166 0.2718 0.6424
vn -0.6520 0.1607 0.7410
vn -0.7608 0.0924 0.6424
vn -0.9666 -0.2382 0.0944
vn -0.9883 -0.1200 0.0944
vn -0.9955 -0.0000 0.0944
vn -0.8815 -0.4626 0.0944
vn -0.9308 -0.3530 0.0944
vn -0.7452 -0.6602 0.0944
vn -0.8193 -0.5655 0.0944
vn -0.5655 -0.8193 0.0944
vn -0.6602 -0.7452 0.0944
vn -0.3530 -0.9308 0.0944
vn -0.4626 -0.8815 0.0944
vn -0.1200 -0.9883 0.0944
vn -0.2382 -0.9666 0.0944
vn 0.1200 -0.9883 0.0944
vn -0.0000 -0.9955 0.0944
vn 0.3530 -0.9308 0.0944
vn 0.2382 -0.9666 0.0944
vn 0.5655 -0.8193 0.0944
vn 0.4626 -0.8815 0.0944
vn 0.7452 -0.6602 0.0944
vn 0.6602 -0.7452 0.0944
vn 0.8815 -0.4626 0.0944
vn 0.8193 -0.5655 0.0944
vn 0.9666 -0.2382 0.0944
vn 0.9308 -0.3530 0.0944
vn 0.9955 -0.0000 0.0944
vn 0.9883 -0.1200 0.0944
vn 0.9666 0.2382 0.0944
vn 0.9883 0.1200 0.0944
vn 0.8815 0.4626 0.0944
vn 0.9308 0.3530 0.0944
vn 0.7452 0.6602 0.0944
vn 0.8193 0.5655 0.0944
vn 0.5655 0.8193 0.0944
vn 0.6602 0.7452 0.0944
vn 0.3530 0.9308 0.0944
vn 0.4626 0.8815 0.0944
vn 0.1200 0.9883 0.0944
vn 0.2382 0.9666 0.0944
vn -0.1200 0.9883 0.0944
vn -0.0000 0.9955 0.0944
vn -0.3530 0.9308 0.0944
vn -0.2382 0.9666 0.0944
vn -0.5655 0.8193 0.0944
vn -0.4627 0.8815 0.0944
vn -0.4626 0.8815 0.0944
vn -0.7452 0.6602 0.0944
vn -0.6602 0.7452 0.0944
vn -0.8815 0.4626 0.0944
vn -0.9666 0.2382 0.0944
vn -0.9308 0.3530 0.0944
vn -0.9883 0.1200 0.0944
vn 0.3316 0.0403 -0.9426
vn 0.1229 0.0303 -0.9920
vn 0.4486 0.1106 -0.8869
vn 0.1266 -0.0000 -0.9920
vn 0.0598 0.0073 -0.9982
vn 0.0002 -0.0000 -1.0000
vn 0.3123 0.1185 -0.9426
vn 0.1121 0.0588 -0.9920
vn 0.4091 0.2147 -0.8869
vn 0.0564 0.0214 -0.9982
vn 0.0002 0.0001 -1.0000
vn 0.2749 0.1898 -0.9426
vn 0.0948 0.0840 -0.9920
vn 0.3458 0.3064 -0.8869
vn 0.0496 0.0342 -0.9982
vn 0.2215 0.2500 -0.9426
vn 0.0719 0.1042 -0.9920
vn 0.2624 0.3802 -0.8869
vn 0.0400 0.0451 -0.9982
vn 0.0001 0.0002 -1.0000
vn 0.0001 0.0001 -1.0000
vn 0.1552 0.2958 -0.9426
vn 0.0449 0.1184 -0.9920
vn 0.1638 0.4320 -0.8869
vn 0.0280 0.0534 -0.9982
vn 0.0799 0.3243 -0.9426
vn 0.0153 0.1257 -0.9920
vn 0.0557 0.4586 -0.8869
vn 0.0144 0.0585 -0.9982
vn -0.0000 0.0002 -1.0000
vn -0.0000 0.3340 -0.9426
vn -0.0153 0.1257 -0.9920
vn -0.0557 0.4586 -0.8869
vn -0.0000 0.0603 -0.9982
vn -0.0799 0.3243 -0.9426
vn -0.0449 0.1184 -0.9920
vn -0.1638 0.4320 -0.8869
vn -0.0144 0.0585 -0.9982
vn -0.0001 0.0002 -1.0000
vn -0.1552 0.2958 -0.9426
vn -0.0719 0.1042 -0.9920
vn -0.2624 0.3802 -0.8869
vn -0.0280 0.0534 -0.9982
vn -0.2215 0.2500 -0.9426
vn -0.0948 0.0840 -0.9920
vn -0.3458 0.3064 -0.8869
vn -0.0400 0.0451 -0.9982
vn -0.0002 0.0001 -1.0000
vn -0.0001 0.0001 -1.0000
vn -0.2749 0.1898 -0.9426
vn -0.1121 0.0588 -0.9920
vn -0.4091 0.2147 -0.8869
vn -0.0496 0.0342 -0.9982
vn -0.3123 0.1185 -0.9426
vn -0.1229 0.0303 -0.9920
vn -0.4486 0.1106 -0.8869
vn -0.0563 0.0214 -0.9982
vn -0.0002 -0.0000 -1.0000
vn -0.3316 0.0403 -0.9426
vn -0.1266 -0.0000 -0.9920
vn -0.4620 -0.0000 -0.8869
vn -0.0598 0.0073 -0.9982
vn -0.3316 -0.0403 -0.9426
vn -0.1229 -0.0303 -0.9920
vn -0.4486 -0.1106 -0.8869
vn -0.0598 -0.0073 -0.9982
vn -0.3123 -0.1185 -0.9426
vn -0.1121 -0.0588 -0.9920
vn -0.4091 -0.2147 -0.8869
vn -0.0564 -0.0214 -0.9982
vn -0.0002 -0.0001 -1.0000
vn -0.2749 -0.1898 -0.9426
vn -0.0948 -0.0840 -0.9920
vn -0.3458 -0.3064 -0.8869
vn -0.0496 -0.0342 -0.9982
vn -0.0001 -0.0001 -1.0000
vn -0.2215 -0.2500 -0.9426
vn -0.0719 -0.1042 -0.9920
vn -0.2624 -0.3802 -0.8869
vn -0.0400 -0.0451 -0.9982
vn -0.0001 -0.0002 -1.0000
vn -0.1552 -0.2958 -0.9426
vn -0.0449 -0.1184 -0.9920
vn -0.1638 -0.4320 -0.8869
vn -0.0280 -0.0534 -0.9982
vn -0.0799 -0.3243 -0.9426
vn -0.0153 -0.1257 -0.9920
vn -0.0557 -0.4586 -0.8869
vn -0.0144 -0.0585 -0.9982
vn -0.0000 -0.0002 -1.0000
vn -0.0000 -0.3340 -0.9426
vn 0.0153 -0.1257 -0.9920
vn 0.0557 -0.4586 -0.8869
vn -0.0000 -0.0603 -0.9982
vn 0.0799 -0.3243 -0.9426
vn 0.0449 -0.1184 -0.9920
vn 0.1638 -0.4320 -0.8869
vn 0.0144 -0.0585 -0.9982
vn 0.0001 -0.0002 -1.0000
vn 0.1552 -0.2958 -0.9426
vn 0.0719 -0.1042 -0.9920
vn 0.2624 -0.3802 -0.8869
vn 0.0280 -0.0534 -0.9982
vn 0.2215 -0.2500 -0.9426
vn 0.0948 -0.0840 -0.9920
vn 0.3458 -0.3064 -0.8869
vn 0.0400 -0.0451 -0.9982
vn 0.0002 -0.0001 -1.0000
vn 0.0001 -0.0001 -1.0000
vn 0.2749 -0.1898 -0.9426
vn 0.1121 -0.0588 -0.9920
vn 0.4091 -0.2147 -0.8869
vn 0.0496 -0.0342 -0.9982
vn 0.3123 -0.1185 -0.9426
vn 0.1229 -0.0303 -0.9920
vn 0.4486 -0.1106 -0.8869
vn 0.0564 -0.0214 -0.9982
vn 0.3316 -0.0403 -0.9426
vn 0.4620 -0.0000 -0.8869
vn 0.0598 -0.0073 -0.9982
vn 0.0001 -0.0000 -1.0000
vn -0.0000 -0.0000 -1.0000
vn -0.0000 0.0001 -1.0000
vn -0.0001 -0.0000 -1.0000
vn -0.0000 -0.0001 -1.0000
vn 0.5718 0.0694 -0.8175
vn 0.5760 -0.0000 -0.8175
vn 0.5386 0.2043 -0.8175
vn 0.5593 0.1378 -0.8175
vn 0.4740 0.3272 -0.8175
vn 0.5100 0.2677 -0.8175
vn 0.3820 0.4311 -0.8175
vn 0.4311 0.3819 -0.8175
vn 0.2677 0.5100 -0.8175
vn 0.3272 0.4740 -0.8175
vn 0.1378 0.5593 -0.8175
vn 0.2043 0.5386 -0.8175
vn -0.0000 0.5760 -0.8175
vn 0.0694 0.5718 -0.8175
vn -0.1378 0.5593 -0.8175
vn -0.0694 0.5718 -0.8175
vn -0.2677 0.5100 -0.8175
vn -0.2042 0.5386 -0.8175
vn -0.3820 0.4311 -0.8175
vn -0.3272 0.4740 -0.8175
vn -0.4740 0.3272 -0.8175
vn -0.4311 0.3820 -0.8175
vn -0.5386 0.2043 -0.8175
vn -0.5100 0.2677 -0.8175
vn -0.5718 0.0694 -0.8175
vn -0.5592 0.1378 -0.8175
vn -0.5718 -0.0694 -0.8175
vn -0.5760 -0.0000 -0.8175
vn -0.5386 -0.2043 -0.8175
vn -0.5593 -0.1378 -0.8175
vn -0.4740 -0.3272 -0.8175
vn -0.5100 -0.2677 -0.8175
vn -0.3820 -0.4311 -0.8174
vn -0.4311 -0.3820 -0.8175
vn -0.2677 -0.5100 -0.8175
vn -0.3272 -0.4740 -0.8175
vn -0.1378 -0.5593 -0.8175
vn -0.2042 -0.5386 -0.8175
vn -0.0000 -0.5760 -0.8175
vn -0.0694 -0.5718 -0.8175
vn 0.1378 -0.5593 -0.8174
vn 0.0694 -0.5718 -0.8175
vn 0.2677 -0.5100 -0.8175
vn 0.2042 -0.5386 -0.8175
vn 0.3820 -0.4311 -0.8174
vn 0.3272 -0.4740 -0.8175
vn 0.4740 -0.3272 -0.8175
vn 0.4311 -0.3820 -0.8175
vn 0.5386 -0.2043 -0.8175
vn 0.5100 -0.2677 -0.8175
vn 0.5718 -0.0694 -0.8175
vn 0.5593 -0.1378 -0.8175
vn -0.2234 -0.0000 -0.9747
vn -0.0921 -0.0000 -0.9957
vn -0.0810 -0.2958 -0.9518
vn -0.0167 0.4497 -0.8930
vn -0.0811 0.2958 -0.9518
vn -0.0098 -0.3238 -0.9461
vn -0.0098 0.3238 -0.9461
vn 0.0075 -0.0000 -1.0000
vn -0.0167 -0.4497 -0.8930
vn -0.2169 -0.0535 -0.9747
vn -0.0895 -0.0221 -0.9957
vn -0.0079 -0.3066 -0.9518
vn -0.1238 0.4326 -0.8930
vn -0.1495 0.2678 -0.9518
vn 0.0680 -0.3167 -0.9461
vn -0.0870 0.3120 -0.9461
vn 0.0073 0.0018 -1.0000
vn 0.0914 -0.4406 -0.8930
vn -0.1978 -0.1038 -0.9747
vn -0.0816 -0.0428 -0.9957
vn 0.0657 -0.2996 -0.9518
vn -0.2238 0.3904 -0.8930
vn -0.2093 0.2243 -0.9518
vn 0.1418 -0.2913 -0.9461
vn -0.1592 0.2822 -0.9461
vn 0.0067 0.0035 -1.0000
vn 0.1942 -0.4059 -0.8930
vn -0.1672 -0.1482 -0.9747
vn -0.0690 -0.0611 -0.9957
vn 0.1355 -0.2752 -0.9518
vn -0.3107 0.3255 -0.8930
vn -0.2569 0.1677 -0.9518
vn 0.2074 -0.2489 -0.9461
vn -0.2221 0.2359 -0.9461
vn 0.0056 0.0050 -1.0000
vn 0.2857 -0.3477 -0.8930
vn -0.1269 -0.1839 -0.9747
vn -0.0523 -0.0758 -0.9957
vn 0.1974 -0.2348 -0.9518
vn -0.3796 0.2417 -0.8930
vn -0.2895 0.1014 -0.9518
vn 0.2609 -0.1920 -0.9461
vn -0.2721 0.1759 -0.9461
vn 0.0043 0.0062 -1.0000
vn 0.3606 -0.2692 -0.8930
vn -0.0792 -0.2089 -0.9747
vn -0.0327 -0.0862 -0.9957
vn 0.2479 -0.1807 -0.9518
vn -0.4264 0.1439 -0.8930
vn -0.3054 0.0291 -0.9518
vn 0.2993 -0.1240 -0.9461
vn -0.3062 0.1057 -0.9461
vn 0.0027 0.0070 -1.0000
vn 0.4146 -0.1751 -0.8930
vn -0.0269 -0.2218 -0.9747
vn -0.0111 -0.0915 -0.9957
vn 0.2839 -0.1161 -0.9518
vn -0.4484 0.0376 -0.8930
vn -0.3034 -0.0448 -0.9518
vn 0.3203 -0.0488 -0.9461
vn -0.3226 0.0293 -0.9461
vn 0.0009 0.0075 -1.0000
vn 0.4444 -0.0708 -0.8930
vn 0.0269 -0.2218 -0.9747
vn 0.0111 -0.0915 -0.9957
vn 0.3035 -0.0448 -0.9518
vn -0.4444 -0.0708 -0.8930
vn -0.2839 -0.1161 -0.9518
vn 0.3226 0.0293 -0.9461
vn -0.3203 -0.0488 -0.9461
vn -0.0009 0.0075 -1.0000
vn 0.4484 0.0376 -0.8930
vn 0.0792 -0.2089 -0.9747
vn 0.0327 -0.0862 -0.9957
vn 0.3054 0.0291 -0.9518
vn -0.4146 -0.1751 -0.8930
vn -0.2479 -0.1807 -0.9518
vn 0.3062 0.1057 -0.9461
vn -0.2993 -0.1240 -0.9461
vn -0.0027 0.0070 -1.0000
vn 0.4264 0.1439 -0.8930
vn 0.1269 -0.1839 -0.9747
vn 0.0524 -0.0759 -0.9957
vn 0.2895 0.1014 -0.9518
vn -0.3606 -0.2692 -0.8930
vn -0.1974 -0.2348 -0.9518
vn 0.2721 0.1759 -0.9461
vn -0.2609 -0.1920 -0.9461
vn -0.0043 0.0062 -1.0000
vn 0.3796 0.2417 -0.8930
vn 0.1672 -0.1481 -0.9747
vn 0.0690 -0.0611 -0.9957
vn 0.2568 0.1677 -0.9518
vn -0.2857 -0.3477 -0.8930
vn -0.1355 -0.2752 -0.9518
vn 0.2221 0.2359 -0.9461
vn -0.2074 -0.2489 -0.9461
vn -0.0056 0.0050 -1.0000
vn 0.3107 0.3255 -0.8930
vn 0.1978 -0.1038 -0.9747
vn 0.0816 -0.0428 -0.9957
vn 0.2093 0.2243 -0.9518
vn -0.1942 -0.4060 -0.8930
vn -0.0657 -0.2996 -0.9518
vn 0.1592 0.2822 -0.9461
vn -0.1418 -0.2913 -0.9461
vn -0.0067 0.0035 -1.0000
vn 0.2238 0.3904 -0.8930
vn 0.2169 -0.0535 -0.9747
vn 0.0895 -0.0221 -0.9957
vn 0.1495 0.2678 -0.9518
vn -0.0914 -0.4406 -0.8930
vn 0.0079 -0.3067 -0.9518
vn 0.0870 0.3120 -0.9461
vn -0.0680 -0.3167 -0.9461
vn -0.0073 0.0018 -1.0000
vn 0.1238 0.4326 -0.8930
vn 0.2234 -0.0000 -0.9747
vn 0.0922 -0.0000 -0.9957
vn 0.0811 0.2958 -0.9518
vn 0.0167 -0.4497 -0.8930
vn 0.0810 -0.2958 -0.9518
vn 0.0098 0.3238 -0.9461
vn 0.0098 -0.3238 -0.9461
vn -0.0075 -0.0000 -1.0000
vn 0.0167 0.4497 -0.8930
vn 0.2169 0.0535 -0.9747
vn 0.0895 0.0221 -0.9957
vn 0.0079 0.3066 -0.9518
vn 0.1238 -0.4326 -0.8930
vn 0.1495 -0.2678 -0.9518
vn -0.0680 0.3167 -0.9461
vn 0.0870 -0.3120 -0.9461
vn -0.0073 -0.0018 -1.0000
vn -0.0914 0.4406 -0.8930
vn 0.1978 0.1038 -0.9747
vn 0.0816 0.0428 -0.9957
vn -0.0657 0.2996 -0.9518
vn 0.2238 -0.3904 -0.8930
vn 0.2093 -0.2243 -0.9518
vn -0.1418 0.2913 -0.9461
vn 0.1592 -0.2822 -0.9461
vn -0.0066 -0.0035 -1.0000
vn -0.1942 0.4059 -0.8930
vn 0.1672 0.1481 -0.9747
vn 0.0690 0.0611 -0.9957
vn -0.1355 0.2752 -0.9518
vn 0.3107 -0.3255 -0.8930
vn 0.2569 -0.1677 -0.9518
vn -0.2074 0.2489 -0.9461
vn 0.2221 -0.2359 -0.9461
vn -0.0056 -0.0050 -1.0000
vn -0.2857 0.3477 -0.8930
vn 0.1269 0.1839 -0.9747
vn 0.0523 0.0758 -0.9957
vn -0.1974 0.2348 -0.9518
vn 0.3796 -0.2417 -0.8930
vn 0.2895 -0.1014 -0.9518
vn -0.2609 0.1920 -0.9461
vn 0.2721 -0.1759 -0.9461
vn -0.0043 -0.0062 -1.0000
vn -0.3606 0.2692 -0.8930
vn 0.0792 0.2089 -0.9747
vn 0.0327 0.0861 -0.9957
vn -0.2479 0.1807 -0.9518
vn 0.4264 -0.1439 -0.8930
vn 0.3054 -0.0291 -0.9518
vn -0.2993 0.1240 -0.9461
vn 0.3062 -0.1056 -0.9461
vn -0.0027 -0.0070 -1.0000
vn -0.4146 0.1751 -0.8930
vn 0.0269 0.2218 -0.9747
vn 0.0111 0.0915 -0.9957
vn -0.2839 0.1161 -0.9518
vn 0.4484 -0.0376 -0.8930
vn 0.3034 0.0448 -0.9518
vn -0.3203 0.0488 -0.9461
vn 0.3226 -0.0293 -0.9461
vn -0.0009 -0.0075 -1.0000
vn -0.4444 0.0708 -0.8930
vn -0.0269 0.2218 -0.9747
vn -0.0111 0.0915 -0.9957
vn -0.3034 0.0448 -0.9518
vn 0.4444 0.0708 -0.8930
vn 0.2839 0.1161 -0.9518
vn -0.3226 -0.0293 -0.9461
vn 0.3203 0.0488 -0.9461
vn 0.0009 -0.0075 -1.0000
vn -0.4484 -0.0376 -0.8930
vn -0.0792 0.2089 -0.9747
vn -0.0327 0.0862 -0.9957
vn -0.3054 -0.0291 -0.9518
vn 0.4146 0.1751 -0.8930
vn 0.2479 0.1807 -0.9518
vn -0.3062 -0.1057 -0.9461
vn 0.2993 0.1240 -0.9461
vn 0.0027 -0.0070 -1.0000
vn -0.4264 -0.1439 -0.8930
vn -0.1269 0.1839 -0.9747
vn -0.0523 0.0758 -0.9957
vn -0.2895 -0.1013 -0.9518
vn 0.3606 0.2692 -0.8930
vn 0.1974 0.2348 -0.9518
vn -0.2721 -0.1759 -0.9461
vn 0.2609 0.1920 -0.9461
vn 0.0043 -0.0062 -1.0000
vn -0.3796 -0.2417 -0.8930
vn -0.1672 0.1482 -0.9747
vn -0.0690 0.0611 -0.9957
vn -0.2569 -0.1677 -0.9518
vn 0.2857 0.3477 -0.8930
vn 0.1355 0.2752 -0.9518
vn -0.2221 -0.2359 -0.9461
vn 0.2074 0.2489 -0.9461
vn 0.0056 -0.0050 -1.0000
vn -0.3107 -0.3255 -0.8930
vn -0.1978 0.1038 -0.9747
vn -0.0816 0.0428 -0.9957
vn -0.2093 -0.2243 -0.9518
vn 0.1942 0.4059 -0.8930
vn 0.0657 0.2996 -0.9518
vn -0.1592 -0.2822 -0.9461
vn 0.1418 0.2913 -0.9461
vn 0.0066 -0.0035 -1.0000
vn -0.2238 -0.3904 -0.8930
vn -0.2169 0.0535 -0.9747
vn -0.0895 0.0220 -0.9957
vn -0.1495 -0.2678 -0.9518
vn 0.0914 0.4406 -0.8930
vn -0.0079 0.3066 -0.9518
vn -0.0870 -0.3120 -0.9461
vn 0.0680 0.3167 -0.9461
vn 0.0073 -0.0018 -1.0000
vn -0.1238 -0.4326 -0.8930
vn 0.0523 0.0129 -0.9985
vn 0.0327 0.0081 -0.9994
vn 0.0230 0.0550 -0.9982
vn 0.1101 -0.3356 -0.9355
vn 0.0459 -0.0380 -0.9982
vn -0.0533 0.3716 -0.9269
vn 0.1249 -0.3540 -0.9269
vn 0.0358 0.0088 -0.9993
vn -0.0584 0.3484 -0.9355
vn 0.0477 0.0250 -0.9985
vn 0.0298 0.0157 -0.9994
vn 0.0092 0.0589 -0.9982
vn 0.1873 -0.2995 -0.9355
vn 0.0537 -0.0259 -0.9982
vn -0.1407 0.3481 -0.9268
vn 0.2060 -0.3138 -0.9269
vn 0.0326 0.0171 -0.9993
vn -0.1401 0.3243 -0.9355
vn 0.0403 0.0357 -0.9985
vn 0.0252 0.0223 -0.9994
vn -0.0052 0.0594 -0.9982
vn 0.2535 -0.2460 -0.9355
vn 0.0584 -0.0123 -0.9982
vn -0.2199 0.3043 -0.9269
vn 0.2751 -0.2554 -0.9269
vn 0.0276 0.0245 -0.9993
vn -0.2136 0.2813 -0.9355
vn 0.0306 0.0443 -0.9985
vn 0.0192 0.0278 -0.9994
vn -0.0192 0.0564 -0.9982
vn 0.3050 -0.1782 -0.9355
vn 0.0596 0.0020 -0.9982
vn -0.2863 0.2428 -0.9269
vn 0.3282 -0.1822 -0.9269
vn 0.0209 0.0303 -0.9993
vn -0.2748 0.2220 -0.9355
vn 0.0191 0.0503 -0.9985
vn 0.0120 0.0315 -0.9994
vn -0.0322 0.0502 -0.9982
vn 0.3388 -0.1000 -0.9355
vn 0.0574 0.0162 -0.9982
vn -0.3361 0.1672 -0.9269
vn 0.3623 -0.0983 -0.9269
vn 0.0131 0.0345 -0.9993
vn -0.3199 0.1498 -0.9355
vn 0.0065 0.0534 -0.9986
vn 0.0041 0.0335 -0.9994
vn -0.0432 0.0410 -0.9982
vn 0.3529 -0.0160 -0.9355
vn 0.0518 0.0295 -0.9982
vn -0.3664 0.0819 -0.9268
vn 0.3753 -0.0088 -0.9269
vn 0.0045 0.0366 -0.9993
vn -0.3464 0.0689 -0.9355
vn -0.0064 0.0534 -0.9986
vn -0.0041 0.0335 -0.9994
vn -0.0518 0.0295 -0.9982
vn 0.3465 0.0689 -0.9355
vn 0.0433 0.0410 -0.9982
vn -0.3753 -0.0081 -0.9268
vn 0.3665 0.0813 -0.9269
vn -0.0045 0.0366 -0.9993
vn -0.3529 -0.0160 -0.9355
vn -0.0191 0.0503 -0.9986
vn -0.0120 0.0315 -0.9994
vn -0.0573 0.0162 -0.9982
vn 0.3199 0.1498 -0.9355
vn 0.0322 0.0502 -0.9982
vn -0.3625 -0.0977 -0.9268
vn 0.3363 0.1666 -0.9269
vn -0.0131 0.0344 -0.9993
vn -0.3388 -0.1000 -0.9355
vn -0.0306 0.0443 -0.9985
vn -0.0192 0.0278 -0.9994
vn -0.0595 0.0020 -0.9982
vn 0.2748 0.2220 -0.9355
vn 0.0192 0.0564 -0.9982
vn -0.3286 -0.1816 -0.9269
vn 0.2867 0.2423 -0.9269
vn -0.0209 0.0304 -0.9993
vn -0.3050 -0.1782 -0.9355
vn -0.0403 0.0357 -0.9986
vn -0.0252 0.0224 -0.9994
vn -0.0583 -0.0123 -0.9982
vn 0.2136 0.2813 -0.9355
vn 0.0052 0.0594 -0.9982
vn -0.2756 -0.2550 -0.9269
vn 0.2204 0.3039 -0.9269
vn -0.0276 0.0245 -0.9993
vn -0.2535 -0.2460 -0.9355
vn -0.0477 0.0250 -0.9986
vn -0.0298 0.0157 -0.9994
vn -0.0537 -0.0259 -0.9982
vn 0.1401 0.3243 -0.9355
vn -0.0092 0.0589 -0.9982
vn -0.2065 -0.3135 -0.9269
vn 0.1413 0.3478 -0.9269
vn -0.0327 0.0171 -0.9993
vn -0.1873 -0.2995 -0.9355
vn -0.0522 0.0129 -0.9986
vn -0.0327 0.0081 -0.9994
vn -0.0459 -0.0380 -0.9982
vn 0.0585 0.3484 -0.9355
vn -0.0230 0.0550 -0.9982
vn -0.1255 -0.3538 -0.9268
vn 0.0539 0.3715 -0.9269
vn -0.0358 0.0088 -0.9993
vn -0.1102 -0.3357 -0.9355
vn -0.0538 -0.0000 -0.9986
vn -0.0337 -0.0000 -0.9994
vn -0.0355 -0.0479 -0.9982
vn -0.0266 0.3523 -0.9355
vn -0.0355 0.0479 -0.9982
vn -0.0372 -0.3736 -0.9269
vn -0.0365 0.3736 -0.9269
vn -0.0368 -0.0000 -0.9993
vn -0.0266 -0.3523 -0.9355
vn -0.0523 -0.0129 -0.9986
vn -0.0327 -0.0081 -0.9994
vn -0.0230 -0.0550 -0.9982
vn -0.1101 0.3357 -0.9355
vn -0.0459 0.0380 -0.9982
vn 0.0533 -0.3716 -0.9269
vn -0.1249 0.3540 -0.9269
vn -0.0358 -0.0088 -0.9993
vn 0.0584 -0.3484 -0.9355
vn -0.0477 -0.0250 -0.9986
vn -0.0298 -0.0157 -0.9994
vn -0.0092 -0.0589 -0.9982
vn -0.1873 0.2995 -0.9355
vn -0.0537 0.0259 -0.9982
vn 0.1407 -0.3481 -0.9269
vn -0.2060 0.3138 -0.9269
vn -0.0327 -0.0171 -0.9993
vn 0.1401 -0.3243 -0.9355
vn -0.0403 -0.0357 -0.9986
vn -0.0252 -0.0224 -0.9994
vn 0.0052 -0.0594 -0.9982
vn -0.2535 0.2460 -0.9355
vn -0.0583 0.0123 -0.9982
vn 0.2199 -0.3043 -0.9268
vn -0.2751 0.2554 -0.9269
vn -0.0276 -0.0244 -0.9993
vn 0.2137 -0.2813 -0.9355
vn -0.0306 -0.0443 -0.9986
vn -0.0191 -0.0277 -0.9994
vn 0.0192 -0.0564 -0.9982
vn -0.3050 0.1782 -0.9355
vn -0.0596 -0.0020 -0.9982
vn 0.2863 -0.2428 -0.9269
vn -0.3282 0.1822 -0.9269
vn -0.0209 -0.0304 -0.9993
vn 0.2747 -0.2220 -0.9355
vn -0.0191 -0.0503 -0.9985
vn -0.0120 -0.0315 -0.9994
vn 0.0322 -0.0502 -0.9982
vn -0.3388 0.1000 -0.9355
vn -0.0573 -0.0162 -0.9982
vn 0.3361 -0.1672 -0.9268
vn -0.3623 0.0983 -0.9269
vn -0.0131 -0.0344 -0.9993
vn 0.3199 -0.1498 -0.9355
vn -0.0065 -0.0534 -0.9985
vn -0.0041 -0.0334 -0.9994
vn 0.0432 -0.0410 -0.9982
vn -0.3529 0.0160 -0.9355
vn -0.0518 -0.0295 -0.9982
vn 0.3664 -0.0819 -0.9269
vn -0.3753 0.0088 -0.9269
vn -0.0044 -0.0366 -0.9993
vn 0.3465 -0.0689 -0.9355
vn 0.0065 -0.0534 -0.9986
vn 0.0041 -0.0335 -0.9994
vn 0.0518 -0.0295 -0.9982
vn -0.3465 -0.0689 -0.9355
vn -0.0432 -0.0410 -0.9982
vn 0.3753 0.0081 -0.9269
vn -0.3664 -0.0813 -0.9269
vn 0.0044 -0.0366 -0.9993
vn 0.3529 0.0160 -0.9355
vn 0.0191 -0.0503 -0.9986
vn 0.0119 -0.0315 -0.9994
vn 0.0573 -0.0162 -0.9982
vn -0.3199 -0.1498 -0.9355
vn -0.0322 -0.0502 -0.9982
vn 0.3625 0.0977 -0.9269
vn -0.3363 -0.1666 -0.9269
vn 0.0131 -0.0345 -0.9993
vn 0.3388 0.1000 -0.9355
vn 0.0306 -0.0443 -0.9986
vn 0.0191 -0.0277 -0.9994
vn 0.0595 -0.0020 -0.9982
vn -0.2748 -0.2220 -0.9355
vn -0.0192 -0.0564 -0.9982
vn 0.3286 0.1816 -0.9268
vn -0.2867 -0.2423 -0.9269
vn 0.0209 -0.0303 -0.9993
vn 0.3050 0.1782 -0.9355
vn 0.0403 -0.0357 -0.9985
vn 0.0252 -0.0223 -0.9994
vn 0.0584 0.0123 -0.9982
vn -0.2136 -0.2813 -0.9355
vn -0.0052 -0.0594 -0.9982
vn 0.2756 0.2550 -0.9268
vn -0.2204 -0.3039 -0.9269
vn 0.0276 -0.0245 -0.9993
vn 0.2535 0.2460 -0.9355
vn 0.0477 -0.0250 -0.9985
vn 0.0299 -0.0157 -0.9994
vn 0.0537 0.0259 -0.9982
vn -0.1401 -0.3243 -0.9355
vn 0.0092 -0.0589 -0.9982
vn 0.2065 0.3135 -0.9269
vn -0.1413 -0.3478 -0.9269
vn 0.0326 -0.0171 -0.9993
vn 0.1873 0.2995 -0.9355
vn 0.0523 -0.0129 -0.9986
vn 0.0327 -0.0081 -0.9994
vn 0.0460 0.0380 -0.9982
vn -0.0584 -0.3484 -0.9355
vn 0.0230 -0.0550 -0.9982
vn 0.1255 0.3538 -0.9269
vn -0.0539 -0.3715 -0.9269
vn 0.0358 -0.0088 -0.9993
vn 0.1101 0.3356 -0.9355
vn 0.0538 -0.0000 -0.9986
vn 0.0337 -0.0000 -0.9994
vn 0.0356 0.0479 -0.9982
vn 0.0266 -0.3522 -0.9355
vn 0.0355 -0.0479 -0.9982
vn 0.0372 0.3736 -0.9269
vn 0.0365 -0.3736 -0.9269
vn 0.0369 -0.0000 -0.9993
vn 0.0266 0.3522 -0.9355
vn 0.0237 -0.4992 -0.8662
vn 0.0236 -0.3738 -0.9272
vn 0.0202 -0.3250 -0.9455
vn -0.0965 0.4904 -0.8661
vn -0.0665 0.3686 -0.9272
vn -0.0582 0.3204 -0.9455
vn -0.2111 0.4530 -0.8662
vn -0.1528 0.3420 -0.9272
vn -0.1331 0.2971 -0.9455
vn -0.3133 0.3894 -0.8662
vn -0.2302 0.2955 -0.9272
vn -0.2004 0.2566 -0.9455
vn -0.3974 0.3031 -0.8661
vn -0.2942 0.2318 -0.9272
vn -0.2560 0.2012 -0.9455
vn -0.4584 0.1991 -0.8662
vn -0.3412 0.1547 -0.9272
vn -0.2967 0.1341 -0.9455
vn -0.4927 0.0837 -0.8662
vn -0.3683 0.0685 -0.9272
vn -0.3202 0.0592 -0.9455
vn -0.4985 -0.0367 -0.8661
vn -0.3740 -0.0216 -0.9272
vn -0.3250 -0.0191 -0.9455
vn -0.4752 -0.1549 -0.8662
vn -0.3579 -0.1105 -0.9272
vn -0.3110 -0.0964 -0.9455
vn -0.4243 -0.2641 -0.8661
vn -0.3211 -0.1929 -0.9272
vn -0.2789 -0.1680 -0.9455
vn -0.3487 -0.3580 -0.8662
vn -0.2656 -0.2642 -0.9272
vn -0.2306 -0.2299 -0.9455
vn -0.2529 -0.4310 -0.8662
vn -0.1947 -0.3200 -0.9272
vn -0.1689 -0.2784 -0.9455
vn -0.1424 -0.4791 -0.8661
vn -0.1124 -0.3573 -0.9272
vn -0.0974 -0.3107 -0.9455
vn -0.0237 -0.4992 -0.8661
vn -0.0236 -0.3738 -0.9272
vn -0.0202 -0.3250 -0.9455
vn 0.0965 -0.4904 -0.8661
vn 0.0665 -0.3686 -0.9272
vn 0.0582 -0.3204 -0.9455
vn 0.2111 -0.4530 -0.8662
vn 0.1528 -0.3420 -0.9272
vn 0.1331 -0.2971 -0.9455
vn 0.3133 -0.3894 -0.8662
vn 0.2302 -0.2955 -0.9272
vn 0.2004 -0.2566 -0.9455
vn 0.3974 -0.3031 -0.8662
vn 0.2942 -0.2318 -0.9272
vn 0.2560 -0.2012 -0.9455
vn 0.4584 -0.1991 -0.8662
vn 0.3412 -0.1547 -0.9272
vn 0.2967 -0.1341 -0.9455
vn 0.4927 -0.0837 -0.8661
vn 0.3683 -0.0685 -0.9272
vn 0.3202 -0.0592 -0.9455
vn 0.4985 0.0367 -0.8661
vn 0.3740 0.0216 -0.9272
vn 0.3250 0.0191 -0.9455
vn 0.4752 0.1549 -0.8661
vn 0.3579 0.1105 -0.9272
vn 0.3110 0.0963 -0.9455
vn 0.4243 0.2641 -0.8662
vn 0.3211 0.1929 -0.9272
vn 0.2789 0.1680 -0.9455
vn 0.3488 0.3580 -0.8661
vn 0.2656 0.2642 -0.9272
vn 0.2306 0.2299 -0.9455
vn 0.2529 0.4310 -0.8662
vn 0.1947 0.3200 -0.9272
vn 0.1689 0.2784 -0.9455
vn 0.1424 0.4791 -0.8661
vn 0.1124 0.3573 -0.9272
vn 0.0974 0.3107 -0.9455
vn 0.0236 0.3738 -0.9272
vn 0.0202 0.3250 -0.9455
vn 0.0237 0.4992 -0.8662
vn 0.1124 -0.3573 -0.9272
vn 0.0974 -0.3107 -0.9455
vn 0.1424 -0.4791 -0.8661
vn 0.1947 -0.3200 -0.9272
vn 0.1689 -0.2784 -0.9455
vn 0.2529 -0.4310 -0.8662
vn 0.2656 -0.2641 -0.9272
vn 0.2306 -0.2299 -0.9455
vn 0.3487 -0.3580 -0.8662
vn 0.3211 -0.1929 -0.9272
vn 0.2789 -0.1680 -0.9455
vn 0.4243 -0.2641 -0.8661
vn 0.3579 -0.1105 -0.9272
vn 0.3110 -0.0963 -0.9455
vn 0.4752 -0.1549 -0.8661
vn 0.3740 -0.0216 -0.9272
vn 0.3250 -0.0191 -0.9455
vn 0.4985 -0.0367 -0.8661
vn 0.3683 0.0685 -0.9272
vn 0.3202 0.0592 -0.9455
vn 0.4927 0.0837 -0.8662
vn 0.3412 0.1547 -0.9272
vn 0.2967 0.1341 -0.9455
vn 0.4584 0.1991 -0.8661
vn 0.2942 0.2318 -0.9272
vn 0.2560 0.2012 -0.9455
vn 0.3974 0.3030 -0.8662
vn 0.2302 0.2955 -0.9272
vn 0.2004 0.2566 -0.9455
vn 0.3133 0.3893 -0.8662
vn 0.1528 0.3420 -0.9272
vn 0.1331 0.2971 -0.9455
vn 0.2111 0.4530 -0.8661
vn 0.0665 0.3686 -0.9272
vn 0.0582 0.3204 -0.9455
vn 0.0965 0.4904 -0.8661
vn -0.0236 0.3738 -0.9272
vn -0.0202 0.3250 -0.9455
vn -0.0237 0.4992 -0.8661
vn -0.1124 0.3573 -0.9272
vn -0.0974 0.3107 -0.9455
vn -0.1424 0.4791 -0.8661
vn -0.1947 0.3200 -0.9272
vn -0.1689 0.2784 -0.9455
vn -0.2529 0.4310 -0.8661
vn -0.2656 0.2641 -0.9272
vn -0.2306 0.2299 -0.9455
vn -0.3487 0.3580 -0.8662
vn -0.3211 0.1929 -0.9272
vn -0.2789 0.1680 -0.9455
vn -0.4243 0.2641 -0.8662
vn -0.3579 0.1105 -0.9272
vn -0.3110 0.0964 -0.9455
vn -0.4752 0.1549 -0.8662
vn -0.3740 0.0216 -0.9272
vn -0.3250 0.0191 -0.9455
vn -0.4985 0.0367 -0.8661
vn -0.3683 -0.0685 -0.9272
vn -0.3202 -0.0592 -0.9455
vn -0.4927 -0.0837 -0.8661
vn -0.3412 -0.1547 -0.9272
vn -0.2967 -0.1341 -0.9455
vn -0.4584 -0.1992 -0.8661
vn -0.2942 -0.2318 -0.9272
vn -0.2560 -0.2012 -0.9455
vn -0.3974 -0.3031 -0.8661
vn -0.2302 -0.2955 -0.9272
vn -0.2004 -0.2566 -0.9455
vn -0.3133 -0.3894 -0.8661
vn -0.1528 -0.3420 -0.9272
vn -0.1331 -0.2971 -0.9455
vn -0.2111 -0.4530 -0.8662
vn -0.0665 -0.3686 -0.9272
vn -0.0582 -0.3204 -0.9455
vn -0.0965 -0.4904 -0.8661
vn 0.0082 -0.1721 -0.9850
vn -0.0044 -0.1373 -0.9905
vn 0.0041 -0.0546 -0.9985
vn 0.0070 -0.0070 -1.0000
vn 0.0062 -0.0000 -1.0000
vn 0.0070 0.0070 -1.0000
vn 0.0041 0.0546 -0.9985
vn 0.0082 0.1721 -0.9850
vn -0.0044 0.1373 -0.9905
vn -0.0225 0.0624 -0.9978
vn -0.0231 -0.0000 -0.9997
vn -0.0225 -0.0624 -0.9978
vn -0.0332 0.1691 -0.9850
vn -0.0090 0.0540 -0.9985
vn -0.0371 0.1323 -0.9905
vn -0.0368 0.0552 -0.9978
vn -0.0224 -0.0055 -0.9997
vn -0.0069 -0.0659 -0.9978
vn 0.0286 -0.1344 -0.9905
vn 0.0492 -0.1652 -0.9850
vn 0.0171 -0.0520 -0.9985
vn 0.0085 -0.0052 -1.0000
vn 0.0061 0.0015 -1.0000
vn 0.0051 0.0085 -1.0000
vn -0.0727 0.1563 -0.9850
vn -0.0217 0.0503 -0.9985
vn -0.0677 0.1196 -0.9905
vn -0.0489 0.0448 -0.9978
vn -0.0204 -0.0107 -0.9997
vn 0.0091 -0.0657 -0.9978
vn 0.0599 -0.1237 -0.9905
vn 0.0873 -0.1486 -0.9850
vn 0.0290 -0.0464 -0.9985
vn 0.0095 -0.0030 -1.0000
vn 0.0055 0.0029 -1.0000
vn 0.0029 0.0095 -1.0000
vn -0.1080 0.1343 -0.9850
vn -0.0331 0.0436 -0.9985
vn -0.0944 0.0999 -0.9905
vn -0.0582 0.0318 -0.9978
vn -0.0173 -0.0153 -0.9997
vn 0.0245 -0.0616 -0.9978
vn 0.0878 -0.1057 -0.9905
vn 0.1203 -0.1234 -0.9850
vn 0.0393 -0.0381 -0.9985
vn 0.0099 -0.0006 -1.0000
vn 0.0047 0.0041 -1.0000
vn 0.0005 0.0099 -1.0000
vn -0.1370 0.1046 -0.9850
vn -0.0426 0.0344 -0.9985
vn -0.1155 0.0744 -0.9905
vn -0.0641 0.0169 -0.9978
vn -0.0131 -0.0190 -0.9997
vn 0.0385 -0.0539 -0.9978
vn 0.1106 -0.0817 -0.9905
vn 0.1463 -0.0910 -0.9850
vn 0.0473 -0.0276 -0.9985
vn 0.0098 0.0018 -1.0000
vn 0.0036 0.0051 -1.0000
vn -0.0018 0.0098 -1.0000
vn -0.1581 0.0687 -0.9850
vn -0.0496 0.0232 -0.9985
vn -0.1300 0.0446 -0.9905
vn -0.0663 0.0011 -0.9978
vn -0.0082 -0.0216 -0.9997
vn 0.0503 -0.0431 -0.9978
vn 0.1268 -0.0528 -0.9905
vn 0.1639 -0.0533 -0.9850
vn 0.0525 -0.0155 -0.9985
vn 0.0091 0.0040 -1.0000
vn 0.0022 0.0058 -1.0000
vn -0.0041 0.0090 -1.0000
vn -0.1699 0.0289 -0.9850
vn -0.0537 0.0107 -0.9985
vn -0.1369 0.0122 -0.9905
vn -0.0646 -0.0148 -0.9978
vn -0.0028 -0.0229 -0.9997
vn 0.0592 -0.0298 -0.9978
vn 0.1358 -0.0209 -0.9905
vn 0.1719 -0.0126 -0.9850
vn 0.0547 -0.0025 -0.9985
vn 0.0079 0.0061 -1.0000
vn 0.0008 0.0062 -1.0000
vn -0.0062 0.0078 -1.0000
vn -0.1719 -0.0126 -0.9850
vn -0.0547 -0.0025 -0.9985
vn -0.1358 -0.0209 -0.9905
vn -0.0592 -0.0298 -0.9978
vn 0.0028 -0.0229 -0.9997
vn 0.0646 -0.0148 -0.9978
vn 0.1369 0.0122 -0.9905
vn 0.1699 0.0289 -0.9850
vn 0.0537 0.0107 -0.9985
vn 0.0062 0.0078 -1.0000
vn -0.0007 0.0062 -1.0000
vn -0.0079 0.0061 -1.0000
vn -0.1639 -0.0534 -0.9850
vn -0.0525 -0.0155 -0.9985
vn -0.1269 -0.0528 -0.9905
vn -0.0503 -0.0432 -0.9978
vn 0.0082 -0.0216 -0.9997
vn 0.0663 0.0011 -0.9978
vn 0.1300 0.0446 -0.9905
vn 0.1580 0.0687 -0.9850
vn 0.0496 0.0232 -0.9985
vn 0.0041 0.0090 -1.0000
vn -0.0022 0.0059 -1.0000
vn -0.0091 0.0040 -1.0000
vn -0.1464 -0.0910 -0.9850
vn -0.0472 -0.0276 -0.9985
vn -0.1105 -0.0817 -0.9905
vn -0.0385 -0.0539 -0.9978
vn 0.0131 -0.0190 -0.9997
vn 0.0641 0.0169 -0.9978
vn 0.1155 0.0744 -0.9905
vn 0.1370 0.1046 -0.9850
vn 0.0426 0.0344 -0.9985
vn 0.0018 0.0098 -1.0000
vn -0.0036 0.0052 -1.0000
vn -0.0098 0.0018 -1.0000
vn -0.1203 -0.1234 -0.9850
vn -0.0393 -0.0381 -0.9985
vn -0.0878 -0.1057 -0.9905
vn -0.0245 -0.0616 -0.9978
vn 0.0173 -0.0153 -0.9997
vn 0.0582 0.0318 -0.9978
vn 0.0944 0.0999 -0.9905
vn 0.1080 0.1343 -0.9850
vn 0.0331 0.0436 -0.9985
vn -0.0005 0.0099 -1.0000
vn -0.0047 0.0042 -1.0000
vn -0.0099 -0.0006 -1.0000
vn -0.0873 -0.1486 -0.9850
vn -0.0290 -0.0464 -0.9985
vn -0.0599 -0.1237 -0.9905
vn -0.0091 -0.0657 -0.9978
vn 0.0204 -0.0107 -0.9997
vn 0.0489 0.0448 -0.9978
vn 0.0677 0.1196 -0.9905
vn 0.0727 0.1562 -0.9850
vn 0.0217 0.0502 -0.9985
vn -0.0029 0.0095 -1.0000
vn -0.0055 0.0029 -1.0000
vn -0.0095 -0.0030 -1.0000
vn -0.0492 -0.1652 -0.9850
vn -0.0171 -0.0520 -0.9985
vn -0.0286 -0.1344 -0.9905
vn 0.0069 -0.0659 -0.9978
vn 0.0224 -0.0055 -0.9997
vn 0.0368 0.0552 -0.9978
vn 0.0372 0.1323 -0.9905
vn 0.0332 0.1691 -0.9850
vn 0.0090 0.0540 -0.9985
vn -0.0051 0.0085 -1.0000
vn -0.0060 0.0015 -1.0000
vn -0.0085 -0.0052 -1.0000
vn -0.0082 -0.1721 -0.9850
vn -0.0041 -0.0546 -0.9985
vn 0.0044 -0.1374 -0.9905
vn 0.0225 -0.0624 -0.9978
vn 0.0231 -0.0000 -0.9997
vn 0.0225 0.0624 -0.9978
vn 0.0044 0.1374 -0.9905
vn -0.0082 0.1721 -0.9850
vn -0.0041 0.0546 -0.9985
vn -0.0070 0.0070 -1.0000
vn -0.0062 -0.0000 -1.0000
vn -0.0070 -0.0070 -1.0000
vn 0.0332 -0.1691 -0.9850
vn 0.0090 -0.0540 -0.9985
vn 0.0371 -0.1323 -0.9905
vn 0.0368 -0.0552 -0.9978
vn 0.0224 0.0055 -0.9997
vn 0.0069 0.0659 -0.9978
vn -0.0286 0.1344 -0.9905
vn -0.0492 0.1652 -0.9850
vn -0.0171 0.0520 -0.9985
vn -0.0085 0.0052 -1.0000
vn -0.0061 -0.0015 -1.0000
vn -0.0051 -0.0085 -1.0000
vn 0.0727 -0.1563 -0.9850
vn 0.0217 -0.0502 -0.9985
vn 0.0677 -0.1196 -0.9905
vn 0.0489 -0.0448 -0.9978
vn 0.0204 0.0107 -0.9997
vn -0.0091 0.0657 -0.9978
vn -0.0599 0.1237 -0.9905
vn -0.0873 0.1486 -0.9850
vn -0.0290 0.0464 -0.9985
vn -0.0095 0.0030 -1.0000
vn -0.0055 -0.0029 -1.0000
vn -0.0029 -0.0095 -1.0000
vn 0.1080 -0.1343 -0.9850
vn 0.0331 -0.0436 -0.9985
vn 0.0944 -0.0999 -0.9905
vn 0.0582 -0.0318 -0.9978
vn 0.0173 0.0153 -0.9997
vn -0.0245 0.0616 -0.9978
vn -0.0878 0.1057 -0.9905
vn -0.1203 0.1234 -0.9850
vn -0.0393 0.0381 -0.9985
vn -0.0099 0.0006 -1.0000
vn -0.0047 -0.0041 -1.0000
vn -0.0005 -0.0099 -1.0000
vn 0.1370 -0.1046 -0.9850
vn 0.0426 -0.0344 -0.9985
vn 0.1155 -0.0744 -0.9905
vn 0.0641 -0.0169 -0.9978
vn 0.0131 0.0190 -0.9997
vn -0.0385 0.0539 -0.9978
vn -0.1105 0.0816 -0.9905
vn -0.1464 0.0910 -0.9850
vn -0.0473 0.0276 -0.9985
vn -0.0098 -0.0018 -1.0000
vn -0.0036 -0.0051 -1.0000
vn 0.0018 -0.0098 -1.0000
vn 0.1581 -0.0688 -0.9850
vn 0.0496 -0.0232 -0.9985
vn 0.1300 -0.0446 -0.9905
vn 0.0663 -0.0011 -0.9978
vn 0.0082 0.0216 -0.9997
vn -0.0503 0.0432 -0.9978
vn -0.1269 0.0528 -0.9905
vn -0.1639 0.0534 -0.9850
vn -0.0525 0.0155 -0.9985
vn -0.0091 -0.0040 -1.0000
vn -0.0022 -0.0058 -1.0000
vn 0.0041 -0.0090 -1.0000
vn 0.1699 -0.0289 -0.9850
vn 0.0537 -0.0107 -0.9985
vn 0.1369 -0.0122 -0.9905
vn 0.0646 0.0148 -0.9978
vn 0.0028 0.0229 -0.9997
vn -0.0592 0.0299 -0.9978
vn -0.1359 0.0209 -0.9905
vn -0.1719 0.0126 -0.9850
vn -0.0547 0.0025 -0.9985
vn -0.0079 -0.0061 -1.0000
vn -0.0008 -0.0062 -1.0000
vn 0.0061 -0.0078 -1.0000
vn 0.1719 0.0126 -0.9850
vn 0.0547 0.0025 -0.9985
vn 0.1358 0.0209 -0.9905
vn 0.0592 0.0299 -0.9978
vn -0.0028 0.0229 -0.9997
vn -0.0646 0.0148 -0.9978
vn -0.1369 -0.0122 -0.9905
vn -0.1699 -0.0289 -0.9850
vn -0.0537 -0.0107 -0.9985
vn -0.0061 -0.0078 -1.0000
vn 0.0007 -0.0062 -1.0000
vn 0.0078 -0.0061 -1.0000
vn 0.1639 0.0534 -0.9850
vn 0.0525 0.0155 -0.9985
vn 0.1269 0.0528 -0.9905
vn 0.0503 0.0431 -0.9978
vn -0.0082 0.0216 -0.9997
vn -0.0663 -0.0011 -0.9978
vn -0.1300 -0.0446 -0.9905
vn -0.1581 -0.0687 -0.9850
vn -0.0496 -0.0232 -0.9985
vn -0.0041 -0.0090 -1.0000
vn 0.0022 -0.0059 -1.0000
vn 0.0091 -0.0040 -1.0000
vn 0.1463 0.0910 -0.9850
vn 0.0473 0.0276 -0.9985
vn 0.1106 0.0817 -0.9905
vn 0.0385 0.0539 -0.9978
vn -0.0131 0.0190 -0.9997
vn -0.0641 -0.0169 -0.9978
vn -0.1156 -0.0744 -0.9905
vn -0.1370 -0.1046 -0.9850
vn -0.0426 -0.0344 -0.9985
vn -0.0018 -0.0098 -1.0000
vn 0.0035 -0.0052 -1.0000
vn 0.0098 -0.0018 -1.0000
vn 0.1203 0.1234 -0.9850
vn 0.0393 0.0381 -0.9985
vn 0.0878 0.1057 -0.9905
vn 0.0245 0.0616 -0.9978
vn -0.0173 0.0153 -0.9997
vn -0.0582 -0.0318 -0.9978
vn -0.0944 -0.0999 -0.9905
vn -0.1080 -0.1343 -0.9850
vn -0.0331 -0.0436 -0.9985
vn 0.0005 -0.0099 -1.0000
vn 0.0047 -0.0042 -1.0000
vn 0.0099 0.0006 -1.0000
vn 0.0873 0.1486 -0.9850
vn 0.0290 0.0464 -0.9985
vn 0.0599 0.1237 -0.9905
vn 0.0091 0.0657 -0.9978
vn -0.0204 0.0107 -0.9997
vn -0.0489 -0.0448 -0.9978
vn -0.0677 -0.1196 -0.9905
vn -0.0727 -0.1562 -0.9850
vn -0.0217 -0.0503 -0.9985
vn 0.0029 -0.0095 -1.0000
vn 0.0055 -0.0029 -1.0000
vn 0.0095 0.0030 -1.0000
vn 0.0492 0.1652 -0.9850
vn 0.0171 0.0520 -0.9985
vn 0.0286 0.1344 -0.9905
vn -0.0069 0.0659 -0.9978
vn -0.0224 0.0055 -0.9997
vn -0.0368 -0.0552 -0.9978
vn -0.0372 -0.1323 -0.9905
vn -0.0332 -0.1691 -0.9850
vn -0.0090 -0.0540 -0.9985
vn 0.0051 -0.0085 -1.0000
vn 0.0061 -0.0015 -1.0000
vn 0.0085 0.0052 -1.0000
vt 0.000000 -0.147937
vt 0.019367 -0.147937
vt 0.024386 -0.147937
vt 0.019367 -0.147714
vt 0.038725 -0.147937
vt 0.038725 -0.147714
vt 0.043283 -0.147937
vt 0.058068 -0.147937
vt 0.062020 -0.147937
vt 0.058068 -0.147714
vt 0.077390 -0.147937
vt 0.077390 -0.147714
vt 0.080669 -0.147937
vt 0.096683 -0.147937
vt 0.099296 -0.147937
vt 0.096683 -0.147714
vt 0.115946 -0.147937
vt 0.115946 -0.147714
vt 0.117901 -0.147937
vt 0.135176 -0.147937
vt 0.136482 -0.147937
vt 0.135177 -0.147714
vt 0.154374 -0.147937
vt 0.154374 -0.147714
vt 0.155039 -0.147937
vt 0.173541 -0.147937
vt 0.173572 -0.147937
vt 0.173541 -0.147714
vt 0.192682 -0.147937
vt 0.192682 -0.147714
vt 0.192087 -0.147937
vt 0.211800 -0.147937
vt 0.210585 -0.147937
vt 0.211800 -0.147714
vt 0.230904 -0.147937
vt 0.230904 -0.147714
vt 0.229072 -0.147937
vt 0.250000 -0.147937
vt 0.247554 -0.147937
vt 0.250000 -0.147714
vt 0.269096 -0.147937
vt 0.269096 -0.147714
vt 0.266035 -0.147937
vt 0.288200 -0.147937
vt 0.284523 -0.147937
vt 0.288200 -0.147714
vt 0.307318 -0.147937
vt 0.307318 -0.147714
vt 0.303021 -0.147937
vt 0.326459 -0.147937
vt 0.321536 -0.147937
vt 0.326459 -0.147714
vt 0.345626 -0.147937
vt 0.345626 -0.147714
vt 0.340069 -0.147937
vt 0.364824 -0.147937
vt 0.358626 -0.147937
vt 0.364824 -0.147714
vt 0.384054 -0.147937
vt 0.384054 -0.147714
vt 0.377207 -0.147937
vt 0.403317 -0.147937
vt 0.395812 -0.147937
vt 0.403317 -0.147714
vt 0.422610 -0.147937
vt 0.422611 -0.147714
vt 0.414439 -0.147937
vt 0.441932 -0.147937
vt 0.433087 -0.147937
vt 0.441932 -0.147714
vt 0.461275 -0.147937
vt 0.461275 -0.147714
vt 0.451752 -0.147937
vt 0.480633 -0.147937
vt 0.470428 -0.147937
vt 0.480633 -0.147714
vt 0.500000 -0.147937
vt 0.500000 -0.147714
vt 0.489110 -0.147937
vt 0.519367 -0.147937
vt 0.507792 -0.147937
vt 0.519367 -0.147714
vt 0.538725 -0.147937
vt 0.538725 -0.147714
vt 0.526468 -0.147937
vt 0.558068 -0.147937
vt 0.545133 -0.147937
vt 0.558068 -0.147714
vt 0.577390 -0.147937
vt 0.577390 -0.147714
vt 0.563782 -0.147937
vt 0.596683 -0.147937
vt 0.582410 -0.147937
vt 0.596683 -0.147714
vt 0.615947 -0.147937
vt 0.615947 -0.147714
vt 0.601016 -0.147937
vt 0.635177 -0.147937
vt 0.619596 -0.147937
vt 0.635177 -0.147714
vt 0.654375 -0.147937
vt 0.654375 -0.147714
vt 0.638152 -0.147937
vt 0.673541 -0.147937
vt 0.656686 -0.147937
vt 0.673541 -0.147714
vt 0.692682 -0.147937
vt 0.692682 -0.147714
vt 0.675264 -0.147937
vt 0.711801 -0.147937
vt 0.693956 -0.147937
vt 0.711801 -0.147714
vt 0.730904 -0.147937
vt 0.730904 -0.147714
vt 0.729137 -0.147937
vt 0.750000 -0.147937
vt 0.764443 -0.147937
vt 0.750000 -0.147714
vt 0.769096 -0.147937
vt 0.769096 -0.147714
vt 0.782925 -0.147937
vt 0.788200 -0.147937
vt 0.801415 -0.147937
vt 0.788200 -0.147714
vt 0.807318 -0.147937
vt 0.807318 -0.147714
vt 0.819911 -0.147937
vt 0.826459 -0.147937
vt 0.838430 -0.147937
vt 0.826459 -0.147714
vt 0.845626 -0.147937
vt 0.845626 -0.147714
vt 0.856960 -0.147937
vt 0.864824 -0.147937
vt 0.875521 -0.147937
vt 0.864824 -0.147714
vt 0.884054 -0.147937
vt 0.884054 -0.147714
vt 0.894097 -0.147937
vt 0.903317 -0.147937
vt 0.912706 -0.147937
vt 0.903317 -0.147714
vt 0.922611 -0.147937
vt 0.922611 -0.147714
vt 0.931330 -0.147937
vt 0.941932 -0.147937
vt 0.949981 -0.147937
vt 0.941932 -0.147714
vt 0.961275 -0.147937
vt 0.961275 -0.147714
vt 0.968642 -0.147937
vt 0.980634 -0.147937
vt 1.000000 -0.147937
vt 0.110425 -0.147937
vt 0.117798 -0.147937
vt 0.177575 -0.147937
vt 0.043275 -0.147937
vt 0.098871 -0.147937
vt 0.081280 -0.147937
vt 0.064338 -0.147937
vt 0.134437 -0.147937
vt 0.118982 -0.147937
vt 0.108047 -0.147937
vt 0.093058 -0.147937
vt 0.150749 -0.147937
vt 0.137584 -0.147937
vt 0.134422 -0.147937
vt 0.119974 -0.147937
vt 0.167142 -0.147937
vt 0.156271 -0.147937
vt 0.160887 -0.147937
vt 0.146977 -0.147937
vt 0.183611 -0.147937
vt 0.175051 -0.147937
vt 0.187438 -0.147937
vt 0.174074 -0.147937
vt 0.200135 -0.147937
vt 0.193909 -0.147937
vt 0.214052 -0.147937
vt 0.201250 -0.147937
vt 0.216679 -0.147937
vt 0.212811 -0.147937
vt 0.240689 -0.147937
vt 0.228471 -0.147937
vt 0.233204 -0.147937
vt 0.231715 -0.147937
vt 0.267304 -0.147937
vt 0.255694 -0.147937
vt 0.249675 -0.147937
vt 0.250574 -0.147937
vt 0.293858 -0.147937
vt 0.282872 -0.147937
vt 0.266068 -0.147937
vt 0.269356 -0.147937
vt 0.320323 -0.147937
vt 0.309971 -0.147937
vt 0.282379 -0.147937
vt 0.288043 -0.147937
vt 0.346696 -0.147937
vt 0.336973 -0.147937
vt 0.298624 -0.147937
vt 0.306642 -0.147937
vt 0.372996 -0.147937
vt 0.363887 -0.147937
vt 0.314834 -0.147937
vt 0.325182 -0.147937
vt 0.399256 -0.147937
vt 0.390741 -0.147937
vt 0.331048 -0.147937
vt 0.343704 -0.147937
vt 0.425521 -0.147937
vt 0.417577 -0.147937
vt 0.347299 -0.147937
vt 0.362250 -0.147937
vt 0.451829 -0.147937
vt 0.444439 -0.147937
vt 0.363615 -0.147937
vt 0.380857 -0.147937
vt 0.478209 -0.147937
vt 0.471361 -0.147937
vt 0.380006 -0.147937
vt 0.399546 -0.147937
vt 0.504672 -0.147937
vt 0.498366 -0.147937
vt 0.396815 -0.147937
vt 0.418322 -0.147937
vt 0.531626 -0.147937
vt 0.525458 -0.147937
vt 0.381425 -0.147937
vt 0.438553 -0.147937
vt 0.585274 -0.147937
vt 0.554265 -0.147937
vt 1.012397 -0.147937
vt 1.030717 -0.147937
vt 1.177575 -0.147937
vt 0.847219 -0.147937
vt 0.969551 -0.147937
vt 0.883859 -0.147937
vt 0.877100 -0.147937
vt 1.026581 -0.147937
vt 1.044916 -0.147937
vt 0.875586 -0.147937
vt 0.988472 -0.147937
vt 0.912256 -0.147937
vt 0.904344 -0.147937
vt 1.040711 -0.147937
vt 1.059088 -0.147937
vt 0.903848 -0.147937
vt 1.007342 -0.147937
vt 0.940602 -0.147937
vt 0.931533 -0.147937
vt 1.054770 -0.147937
vt 1.073206 -0.147937
vt 0.931965 -0.147937
vt 1.026126 -0.147937
vt 0.968838 -0.147937
vt 0.958635 -0.147937
vt 1.068752 -0.147937
vt 1.087253 -0.147937
vt 0.959930 -0.147937
vt 1.044812 -0.147937
vt 0.996930 -0.147937
vt 0.985636 -0.147937
vt 1.082671 -0.147937
vt 1.101224 -0.147937
vt 0.987767 -0.147937
vt 1.063405 -0.147937
vt 1.024873 -0.147937
vt 1.012543 -0.147937
vt 1.096550 -0.147937
vt 1.115134 -0.147937
vt 1.015526 -0.147937
vt 1.081931 -0.147937
vt 1.052692 -0.147937
vt 1.039380 -0.147937
vt 0.038725 -0.147045
vt 0.019367 -0.146174
vt 0.038725 -0.146174
vt 0.019367 -0.147045
vt 0.000000 -0.147045
vt 0.077390 -0.147045
vt 0.058068 -0.146174
vt 0.077390 -0.146174
vt 0.058068 -0.147045
vt 0.115946 -0.147045
vt 0.096683 -0.146174
vt 0.115946 -0.146174
vt 0.096683 -0.147045
vt 0.154374 -0.147045
vt 0.135176 -0.146174
vt 0.154374 -0.146174
vt 0.135176 -0.147045
vt 0.192682 -0.147045
vt 0.173541 -0.146174
vt 0.192682 -0.146174
vt 0.173541 -0.147045
vt 0.230904 -0.147045
vt 0.211800 -0.146174
vt 0.230904 -0.146174
vt 0.211800 -0.147045
vt 0.269096 -0.147045
vt 0.250000 -0.146174
vt 0.269096 -0.146174
vt 0.250000 -0.147045
vt 0.307318 -0.147045
vt 0.288200 -0.146174
vt 0.307318 -0.146174
vt 0.288200 -0.147045
vt 0.345626 -0.147045
vt 0.326459 -0.146174
vt 0.345626 -0.146174
vt 0.326459 -0.147045
vt 0.384054 -0.147045
vt 0.364824 -0.146174
vt 0.384054 -0.146174
vt 0.364824 -0.147045
vt 0.422611 -0.147045
vt 0.403317 -0.146174
vt 0.422610 -0.146174
vt 0.403317 -0.147045
vt 0.461275 -0.147045
vt 0.441932 -0.146174
vt 0.461275 -0.146174
vt 0.441932 -0.147045
vt 0.500000 -0.147045
vt 0.480633 -0.146174
vt 0.500000 -0.146174
vt 0.480633 -0.147045
vt 0.538725 -0.147045
vt 0.519367 -0.146174
vt 0.538725 -0.146174
vt 0.519367 -0.147045
vt 0.577390 -0.147045
vt 0.558068 -0.146174
vt 0.577390 -0.146174
vt 0.558068 -0.147045
vt 0.615947 -0.147045
vt 0.596683 -0.146174
vt 0.615947 -0.146174
vt 0.596683 -0.147045
vt 0.654375 -0.147045
vt 0.635177 -0.146174
vt 0.654375 -0.146174
vt 0.635177 -0.147045
vt 0.692682 -0.147045
vt 0.673542 -0.146174
vt 0.692682 -0.146174
vt 0.673541 -0.147045
vt 0.730904 -0.147045
vt 0.711801 -0.146174
vt 0.730904 -0.146174
vt 0.711801 -0.147045
vt 0.769096 -0.147045
vt 0.750000 -0.146174
vt 0.769096 -0.146174
vt 0.750000 -0.147045
vt 0.807318 -0.147045
vt 0.788200 -0.146174
vt 0.807318 -0.146174
vt 0.788200 -0.147045
vt 0.845626 -0.147045
vt 0.826459 -0.146174
vt 0.845626 -0.146174
vt 0.826459 -0.147045
vt 0.884054 -0.147045
vt 0.864824 -0.146174
vt 0.884054 -0.146174
vt 0.864824 -0.147045
vt 0.922611 -0.147045
vt 0.903317 -0.146174
vt 0.922611 -0.146174
vt 0.903317 -0.147045
vt 0.961275 -0.147045
vt 0.941932 -0.146174
vt 0.961275 -0.146174
vt 0.941932 -0.147045
vt 1.000000 -0.147045
vt 0.980634 -0.146153
vt 1.000000 -0.146153
vt 0.980634 -0.147045
vt 0.019367 -0.145346
vt 0.038725 -0.145346
vt 0.000000 -0.146153
vt 0.058068 -0.145346
vt 0.077390 -0.145346
vt 0.096683 -0.145346
vt 0.115946 -0.145346
vt 0.135176 -0.145346
vt 0.154374 -0.145346
vt 0.173541 -0.145346
vt 0.192682 -0.145346
vt 0.211800 -0.145346
vt 0.230904 -0.145346
vt 0.250000 -0.145346
vt 0.269096 -0.145346
vt 0.288200 -0.145346
vt 0.307318 -0.145346
vt 0.326459 -0.145346
vt 0.345626 -0.145346
vt 0.364824 -0.145346
vt 0.384054 -0.145346
vt 0.403317 -0.145346
vt 0.422611 -0.145346
vt 0.441932 -0.145346
vt 0.461275 -0.145346
vt 0.480633 -0.145346
vt 0.500000 -0.145346
vt 0.519367 -0.145346
vt 0.538725 -0.145346
vt 0.558068 -0.145346
vt 0.577390 -0.145346
vt 0.596683 -0.145346
vt 0.615947 -0.145346
vt 0.635177 -0.145346
vt 0.654375 -0.145346
vt 0.673541 -0.145346
vt 0.692682 -0.145346
vt 0.711801 -0.145346
vt 0.730904 -0.145346
vt 0.750000 -0.145346
vt 0.769096 -0.145346
vt 0.788200 -0.145346
vt 0.807318 -0.145346
vt 0.826459 -0.145346
vt 0.845626 -0.145346
vt 0.864824 -0.145346
vt 0.884054 -0.145346
vt 0.903317 -0.145346
vt 0.922611 -0.145346
vt 0.941932 -0.145346
vt 0.961275 -0.145346
vt 0.980634 -0.145346
vt 1.000000 -0.145346
vt 0.021637 -0.147937
vt 0.039443 -0.147937
vt 0.056954 -0.147937
vt 0.073877 -0.147937
vt 0.090506 -0.147937
vt 0.107136 -0.147937
vt 0.123766 -0.147937
vt 0.140398 -0.147937
vt 0.157031 -0.147937
vt 0.173665 -0.147937
vt 0.190301 -0.147937
vt 0.206938 -0.147937
vt 0.223576 -0.147937
vt 0.240215 -0.147937
vt 0.256854 -0.147937
vt 0.273492 -0.147937
vt 0.290130 -0.147937
vt 0.306766 -0.147937
vt 0.323401 -0.147937
vt 0.340035 -0.147937
vt 0.356667 -0.147937
vt 0.373297 -0.147937
vt 0.389926 -0.147937
vt 0.406554 -0.147937
vt 0.423182 -0.147937
vt 0.439810 -0.147937
vt 0.456438 -0.147937
vt 0.473067 -0.147937
vt 0.489697 -0.147937
vt 0.506328 -0.147937
vt 0.522959 -0.147937
vt 0.539591 -0.147937
vt 0.556222 -0.147937
vt 0.572854 -0.147937
vt 0.589486 -0.147937
vt 0.606119 -0.147937
vt 0.623011 -0.147937
vt 0.640421 -0.147937
vt 0.658091 -0.147937
vt 0.789064 -0.147937
vt 0.807770 -0.147937
vt 0.826475 -0.147937
vt 0.822339 -0.147937
vt 0.841061 -0.147937
vt 0.859782 -0.147937
vt 0.855578 -0.147937
vt 0.874342 -0.147937
vt 0.893106 -0.147937
vt 0.888788 -0.147937
vt 0.907613 -0.147937
vt 0.926438 -0.147937
vt 0.921984 -0.147937
vt 0.940874 -0.147937
vt 0.959764 -0.147937
vt 0.955182 -0.147937
vt 0.974126 -0.147937
vt 0.993070 -0.147937
vt 0.988396 -0.147937
vt 1.007371 -0.147937
vt 1.026346 -0.147937
vt 0.000000 -0.145346
vt 0.000000 -0.160409
vt 0.019367 -0.159237
vt 0.000000 -0.159237
vt 0.038725 -0.160295
vt 0.019367 -0.160295
vt 0.019367 -0.158066
vt 0.038725 -0.159237
vt 0.038733 -0.158066
vt 0.058068 -0.159237
vt 0.077390 -0.160295
vt 0.058068 -0.160295
vt 0.058068 -0.158066
vt 0.077390 -0.159237
vt 0.077403 -0.158066
vt 0.096683 -0.159237
vt 0.115946 -0.160295
vt 0.096683 -0.160295
vt 0.096683 -0.158066
vt 0.115946 -0.159237
vt 0.115963 -0.158066
vt 0.135176 -0.159237
vt 0.154374 -0.160295
vt 0.135176 -0.160295
vt 0.135176 -0.158066
vt 0.154374 -0.159237
vt 0.154390 -0.158066
vt 0.173541 -0.159237
vt 0.192682 -0.160295
vt 0.173541 -0.160295
vt 0.173541 -0.158066
vt 0.192682 -0.159237
vt 0.192693 -0.158066
vt 0.211800 -0.159237
vt 0.230904 -0.160295
vt 0.211800 -0.160295
vt 0.211800 -0.158066
vt 0.230904 -0.159237
vt 0.230908 -0.158066
vt 0.250000 -0.159237
vt 0.269096 -0.160295
vt 0.250000 -0.160295
vt 0.250000 -0.158066
vt 0.269096 -0.159237
vt 0.269092 -0.158066
vt 0.288200 -0.159237
vt 0.307318 -0.160295
vt 0.288200 -0.160295
vt 0.288200 -0.158066
vt 0.307318 -0.159237
vt 0.307307 -0.158066
vt 0.326459 -0.159237
vt 0.345626 -0.160295
vt 0.326459 -0.160295
vt 0.326459 -0.158066
vt 0.345626 -0.159237
vt 0.345610 -0.158066
vt 0.364823 -0.159237
vt 0.384054 -0.160295
vt 0.364823 -0.160295
vt 0.364823 -0.158066
vt 0.384054 -0.159237
vt 0.384037 -0.158066
vt 0.403317 -0.159237
vt 0.422610 -0.160295
vt 0.403317 -0.160295
vt 0.403317 -0.158066
vt 0.422610 -0.159237
vt 0.422597 -0.158066
vt 0.441932 -0.159237
vt 0.461275 -0.160295
vt 0.441932 -0.160295
vt 0.441932 -0.158066
vt 0.461275 -0.159237
vt 0.461267 -0.158066
vt 0.480633 -0.159237
vt 0.500000 -0.160295
vt 0.480633 -0.160295
vt 0.480633 -0.158066
vt 0.500000 -0.159237
vt 0.500000 -0.158066
vt 0.519367 -0.159237
vt 0.538725 -0.160295
vt 0.519367 -0.160295
vt 0.519367 -0.158066
vt 0.538725 -0.159237
vt 0.538733 -0.158066
vt 0.558068 -0.159237
vt 0.577390 -0.160295
vt 0.558068 -0.160295
vt 0.558068 -0.158066
vt 0.577390 -0.159237
vt 0.577403 -0.158066
vt 0.596683 -0.159237
vt 0.615947 -0.160295
vt 0.596683 -0.160295
vt 0.596683 -0.158066
vt 0.615947 -0.159237
vt 0.615963 -0.158066
vt 0.635177 -0.159237
vt 0.654375 -0.160295
vt 0.635177 -0.160295
vt 0.635177 -0.158066
vt 0.654374 -0.159237
vt 0.654390 -0.158066
vt 0.673541 -0.159237
vt 0.692682 -0.160295
vt 0.673541 -0.160295
vt 0.673541 -0.158066
vt 0.692682 -0.159237
vt 0.692693 -0.158066
vt 0.711801 -0.159237
vt 0.730904 -0.160295
vt 0.711801 -0.160295
vt 0.711801 -0.158066
vt 0.730904 -0.159237
vt 0.730908 -0.158066
vt 0.750000 -0.159237
vt 0.769096 -0.160295
vt 0.750000 -0.160295
vt 0.750000 -0.158066
vt 0.769096 -0.159237
vt 0.769092 -0.158066
vt 0.788200 -0.159237
vt 0.807318 -0.160295
vt 0.788200 -0.160295
vt 0.788200 -0.158066
vt 0.807318 -0.159237
vt 0.807307 -0.158066
vt 0.826459 -0.159237
vt 0.845626 -0.160295
vt 0.826459 -0.160295
vt 0.826459 -0.158066
vt 0.845626 -0.159237
vt 0.845610 -0.158066
vt 0.864824 -0.159237
vt 0.884054 -0.160295
vt 0.864824 -0.160295
vt 0.864824 -0.158066
vt 0.884054 -0.159237
vt 0.884037 -0.158066
vt 0.903317 -0.159237
vt 0.922611 -0.160295
vt 0.903317 -0.160295
vt 0.903317 -0.158066
vt 0.922611 -0.159237
vt 0.922597 -0.158066
vt 0.941932 -0.159237
vt 0.961275 -0.160295
vt 0.941932 -0.160295
vt 0.941932 -0.158066
vt 0.961275 -0.159237
vt 0.961267 -0.158066
vt 0.980634 -0.159237
vt 1.000000 -0.160409
vt 0.980634 -0.160409
vt 0.980634 -0.158066
vt 1.000000 -0.159237
vt 1.000000 -0.158066
vt 1.019367 -0.019163
vt 1.000000 -0.019104
vt 1.000000 -0.019163
vt 1.038733 -0.019104
vt 1.019367 -0.019104
vt 0.058068 -0.019310
vt 0.038733 -0.019104
vt 0.038733 -0.019163
vt 0.077390 -0.019104
vt 0.058068 -0.019104
vt 0.096683 -0.019310
vt 0.077390 -0.019310
vt 0.115946 -0.019104
vt 0.096683 -0.019104
vt 0.135176 -0.019310
vt 0.115946 -0.019310
vt 0.154374 -0.019104
vt 0.135176 -0.019104
vt 0.173541 -0.019310
vt 0.154374 -0.019310
vt 0.192682 -0.019104
vt 0.173541 -0.019104
vt 0.211800 -0.019310
vt 0.192682 -0.019310
vt 0.230904 -0.019104
vt 0.211800 -0.019104
vt 0.250000 -0.019310
vt 0.230904 -0.019310
vt 0.269096 -0.019104
vt 0.250000 -0.019104
vt 0.288200 -0.019310
vt 0.269096 -0.019310
vt 0.307318 -0.019104
vt 0.288200 -0.019104
vt 0.326459 -0.019310
vt 0.307318 -0.019310
vt 0.345626 -0.019104
vt 0.326459 -0.019104
vt 0.364824 -0.019310
vt 0.345626 -0.019310
vt 0.384054 -0.019104
vt 0.364824 -0.019104
vt 0.403317 -0.019310
vt 0.384054 -0.019310
vt 0.422611 -0.019104
vt 0.403317 -0.019104
vt 0.441932 -0.019310
vt 0.422611 -0.019310
vt 0.461275 -0.019104
vt 0.441932 -0.019104
vt 0.480633 -0.019310
vt 0.461275 -0.019310
vt 0.500000 -0.019104
vt 0.480633 -0.019104
vt 0.519367 -0.019310
vt 0.500000 -0.019310
vt 0.538725 -0.019104
vt 0.519367 -0.019104
vt 0.558068 -0.019310
vt 0.538725 -0.019310
vt 0.577390 -0.019104
vt 0.558068 -0.019104
vt 0.596683 -0.019310
vt 0.577390 -0.019310
vt 0.615947 -0.019104
vt 0.596683 -0.019104
vt 0.635177 -0.019310
vt 0.615947 -0.019310
vt 0.654375 -0.019104
vt 0.635177 -0.019104
vt 0.673542 -0.019310
vt 0.654375 -0.019310
vt 0.692682 -0.019104
vt 0.673542 -0.019104
vt 0.711801 -0.019310
vt 0.692682 -0.019310
vt 0.730904 -0.019104
vt 0.711801 -0.019104
vt 0.750000 -0.019310
vt 0.730904 -0.019310
vt 0.769096 -0.019104
vt 0.750000 -0.019104
vt 0.788200 -0.019310
vt 0.769096 -0.019310
vt 0.807318 -0.019104
vt 0.788200 -0.019104
vt 0.826459 -0.019310
vt 0.807318 -0.019310
vt 0.845626 -0.019104
vt 0.826459 -0.019104
vt 0.864824 -0.019310
vt 0.845626 -0.019310
vt 0.884054 -0.019104
vt 0.864824 -0.019104
vt 0.903317 -0.019310
vt 0.884054 -0.019310
vt 0.922611 -0.019104
vt 0.903317 -0.019104
vt 0.941932 -0.019310
vt 0.922611 -0.019310
vt 0.961275 -0.019104
vt 0.941932 -0.019104
vt 0.980634 -0.019163
vt 0.961275 -0.019310
vt 0.980634 -0.019104
vt 0.000000 -0.161123
vt 0.038725 -0.161123
vt 0.019367 -0.161123
vt 0.077390 -0.161123
vt 0.058068 -0.161123
vt 0.115946 -0.161123
vt 0.096683 -0.161123
vt 0.154374 -0.161123
vt 0.135176 -0.161123
vt 0.192682 -0.161123
vt 0.173541 -0.161123
vt 0.230904 -0.161123
vt 0.211800 -0.161123
vt 0.269096 -0.161123
vt 0.250000 -0.161123
vt 0.307318 -0.161123
vt 0.288200 -0.161123
vt 0.345626 -0.161123
vt 0.326459 -0.161123
vt 0.384054 -0.161123
vt 0.364823 -0.161123
vt 0.422610 -0.161123
vt 0.403317 -0.161123
vt 0.461275 -0.161123
vt 0.441932 -0.161123
vt 0.500000 -0.161123
vt 0.480633 -0.161123
vt 0.538725 -0.161123
vt 0.519367 -0.161123
vt 0.577390 -0.161123
vt 0.558068 -0.161123
vt 0.615947 -0.161123
vt 0.596683 -0.161123
vt 0.654375 -0.161123
vt 0.635177 -0.161123
vt 0.692682 -0.161123
vt 0.673541 -0.161123
vt 0.730904 -0.161123
vt 0.711801 -0.161123
vt 0.769096 -0.161123
vt 0.750000 -0.161123
vt 0.807318 -0.161123
vt 0.788200 -0.161123
vt 0.845626 -0.161123
vt 0.826459 -0.161123
vt 0.884054 -0.161123
vt 0.864824 -0.161123
vt 0.922611 -0.161123
vt 0.903317 -0.161123
vt 0.961275 -0.161123
vt 0.941932 -0.161123
vt 1.000000 -0.161123
vt 0.980634 -0.161123
vt 0.038725 -0.019809
vt 0.019367 -0.020536
vt 0.038725 -0.020536
vt 0.019367 -0.019809
vt 0.000000 -0.019163
vt 0.019367 -0.019163
vt 0.000000 -0.019809
vt 0.077390 -0.019809
vt 0.058068 -0.020536
vt 0.077390 -0.020536
vt 0.058068 -0.019809
vt 0.115946 -0.019809
vt 0.096683 -0.020536
vt 0.115946 -0.020536
vt 0.096683 -0.019809
vt 0.154374 -0.019809
vt 0.135176 -0.020536
vt 0.154374 -0.020536
vt 0.135176 -0.019809
vt 0.192682 -0.019809
vt 0.173541 -0.020536
vt 0.192682 -0.020536
vt 0.173541 -0.019809
vt 0.230904 -0.019809
vt 0.211800 -0.020536
vt 0.230904 -0.020536
vt 0.211800 -0.019809
vt 0.269096 -0.019809
vt 0.250000 -0.020536
vt 0.269096 -0.020536
vt 0.250000 -0.019809
vt 0.307318 -0.019809
vt 0.288200 -0.020536
vt 0.307318 -0.020536
vt 0.288200 -0.019809
vt 0.345626 -0.019809
vt 0.326459 -0.020536
vt 0.345626 -0.020536
vt 0.326459 -0.019809
vt 0.384054 -0.019809
vt 0.364824 -0.020536
vt 0.384054 -0.020536
vt 0.364824 -0.019809
vt 0.422611 -0.019809
vt 0.403317 -0.020536
vt 0.422611 -0.020536
vt 0.403317 -0.019809
vt 0.461275 -0.019809
vt 0.441932 -0.020536
vt 0.461275 -0.020536
vt 0.441932 -0.019809
vt 0.500000 -0.019809
vt 0.480633 -0.020536
vt 0.500000 -0.020536
vt 0.480633 -0.019809
vt 0.538725 -0.019809
vt 0.519367 -0.020536
vt 0.538725 -0.020536
vt 0.519367 -0.019809
vt 0.577390 -0.019809
vt 0.558068 -0.020536
vt 0.577390 -0.020536
vt 0.558068 -0.019809
vt 0.615947 -0.019809
vt 0.596683 -0.020536
vt 0.615947 -0.020536
vt 0.596683 -0.019809
vt 0.654375 -0.019809
vt 0.635177 -0.020536
vt 0.654375 -0.020536
vt 0.635177 -0.019809
vt 0.692682 -0.019809
vt 0.673542 -0.020536
vt 0.692682 -0.020536
vt 0.673542 -0.019809
vt 0.730904 -0.019809
vt 0.711801 -0.020536
vt 0.730904 -0.020536
vt 0.711801 -0.019809
vt 0.769096 -0.019809
vt 0.750000 -0.020536
vt 0.769096 -0.020536
vt 0.750000 -0.019809
vt 0.807318 -0.019809
vt 0.788200 -0.020536
vt 0.807318 -0.020536
vt 0.788200 -0.019809
vt 0.845626 -0.019809
vt 0.826459 -0.020536
vt 0.845626 -0.020536
vt 0.826459 -0.019809
vt 0.884054 -0.019809
vt 0.864824 -0.020536
vt 0.884054 -0.020536
vt 0.864824 -0.019809
vt 0.922611 -0.019809
vt 0.903317 -0.020536
vt 0.922611 -0.020536
vt 0.903317 -0.019809
vt 0.961275 -0.019809
vt 0.941932 -0.020536
vt 0.961275 -0.020536
vt 0.941932 -0.019809
vt 1.000000 -0.019809
vt 0.980634 -0.020455
vt 1.000000 -0.020455
vt 0.980634 -0.019809
vt 0.038733 -0.022396
vt 0.019367 -0.021425
vt 0.019367 -0.022396
vt 0.038725 -0.021425
vt 0.000000 -0.020455
vt 0.000000 -0.022396
vt 0.000000 -0.021425
vt 0.077403 -0.022396
vt 0.058068 -0.021425
vt 0.058068 -0.022396
vt 0.077390 -0.021425
vt 0.115963 -0.022396
vt 0.096683 -0.021425
vt 0.096683 -0.022396
vt 0.115946 -0.021425
vt 0.154390 -0.022396
vt 0.135176 -0.021425
vt 0.135176 -0.022396
vt 0.154374 -0.021425
vt 0.192693 -0.022396
vt 0.173541 -0.021425
vt 0.173541 -0.022396
vt 0.192682 -0.021425
vt 0.230908 -0.022396
vt 0.211800 -0.021425
vt 0.211800 -0.022396
vt 0.230904 -0.021425
vt 0.269092 -0.022396
vt 0.250000 -0.021425
vt 0.250000 -0.022396
vt 0.269096 -0.021425
vt 0.307307 -0.022396
vt 0.288200 -0.021425
vt 0.288200 -0.022396
vt 0.307318 -0.021425
vt 0.345610 -0.022396
vt 0.326459 -0.021425
vt 0.326459 -0.022396
vt 0.345626 -0.021425
vt 0.384037 -0.022396
vt 0.364824 -0.021425
vt 0.364824 -0.022396
vt 0.384054 -0.021425
vt 0.422597 -0.022396
vt 0.403317 -0.021425
vt 0.403317 -0.022396
vt 0.422611 -0.021425
vt 0.461267 -0.022396
vt 0.441932 -0.021425
vt 0.441932 -0.022396
vt 0.461275 -0.021425
vt 0.500000 -0.022396
vt 0.480633 -0.021425
vt 0.480633 -0.022396
vt 0.500000 -0.021425
vt 0.538733 -0.022396
vt 0.519367 -0.021425
vt 0.519367 -0.022396
vt 0.538725 -0.021425
vt 0.577403 -0.022396
vt 0.558068 -0.021425
vt 0.558068 -0.022396
vt 0.577390 -0.021425
vt 0.615963 -0.022396
vt 0.596683 -0.021425
vt 0.596683 -0.022396
vt 0.615947 -0.021425
vt 0.654390 -0.022396
vt 0.635177 -0.021425
vt 0.635177 -0.022396
vt 0.654375 -0.021425
vt 0.692693 -0.022396
vt 0.673542 -0.021425
vt 0.673542 -0.022396
vt 0.692682 -0.021425
vt 0.730908 -0.022396
vt 0.711801 -0.021425
vt 0.711801 -0.022396
vt 0.730904 -0.021425
vt 0.769092 -0.022396
vt 0.750000 -0.021425
vt 0.750000 -0.022396
vt 0.769096 -0.021425
vt 0.807307 -0.022396
vt 0.788200 -0.021425
vt 0.788200 -0.022396
vt 0.807318 -0.021425
vt 0.845610 -0.022396
vt 0.826459 -0.021425
vt 0.826459 -0.022396
vt 0.845626 -0.021425
vt 0.884037 -0.022396
vt 0.864824 -0.021425
vt 0.864824 -0.022396
vt 0.884054 -0.021425
vt 0.922597 -0.022396
vt 0.903317 -0.021425
vt 0.903317 -0.022396
vt 0.922611 -0.021425
vt 0.961267 -0.022396
vt 0.941932 -0.021425
vt 0.941932 -0.022396
vt 0.961275 -0.021425
vt 1.000000 -0.022396
vt 0.980634 -0.021425
vt 0.980634 -0.022396
vt 1.000000 -0.021425
vt 0.768549 0.241426
vt 0.749364 0.247069
vt 0.749364 0.241426
vt 0.768549 0.247069
vt 0.749364 0.324510
vt 0.730178 0.247069
vt 0.730178 0.324510
vt 0.730178 0.241426
vt 0.806920 0.241426
vt 0.787735 0.247069
vt 0.787735 0.241426
vt 0.806920 0.247069
vt 0.787735 0.324510
vt 0.768549 0.324510
vt 0.845291 0.241426
vt 0.826106 0.247069
vt 0.826106 0.241426
vt 0.845291 0.247069
vt 0.826106 0.324510
vt 0.806920 0.324510
vt 0.883662 0.241426
vt 0.864477 0.247069
vt 0.864477 0.241426
vt 0.883662 0.247069
vt 0.864477 0.324510
vt 0.845291 0.324510
vt 0.922033 0.241426
vt 0.902848 0.247069
vt 0.902848 0.241426
vt 0.922034 0.247069
vt 0.902848 0.324510
vt 0.883662 0.324510
vt 0.960411 0.241426
vt 0.941222 0.247069
vt 0.941222 0.241426
vt 0.960278 0.247069
vt 0.941222 0.324510
vt 0.922034 0.324510
vt 0.997996 0.241426
vt 0.979068 0.247069
vt 0.979204 0.241426
vt 0.997725 0.247069
vt 0.979137 0.324510
vt 0.960295 0.324510
vt 0.039493 0.241426
vt 0.020836 0.247069
vt 0.020701 0.241426
vt 0.039626 0.247069
vt 0.020768 0.324510
vt 0.002180 0.247069
vt 0.002451 0.252712
vt 0.001908 0.241426
vt 0.077871 0.241426
vt 0.058682 0.247069
vt 0.058682 0.241426
vt 0.077870 0.247069
vt 0.058683 0.324510
vt 0.039609 0.324510
vt 0.116242 0.241426
vt 0.097057 0.247069
vt 0.097057 0.241426
vt 0.116242 0.247069
vt 0.097057 0.324510
vt 0.077870 0.324510
vt 0.154613 0.241426
vt 0.135428 0.247069
vt 0.135428 0.241426
vt 0.154613 0.247069
vt 0.135428 0.324510
vt 0.116242 0.324510
vt 0.192984 0.241426
vt 0.173799 0.247069
vt 0.173799 0.241426
vt 0.192984 0.247069
vt 0.173799 0.324510
vt 0.154613 0.324510
vt 0.231355 0.241426
vt 0.212170 0.247069
vt 0.212170 0.241426
vt 0.231355 0.247069
vt 0.212170 0.324510
vt 0.192984 0.324510
vt 0.269726 0.241426
vt 0.250541 0.247069
vt 0.250541 0.241426
vt 0.269726 0.247069
vt 0.250541 0.324510
vt 0.231355 0.324510
vt 0.308097 0.241426
vt 0.288912 0.247069
vt 0.288912 0.241426
vt 0.308097 0.247069
vt 0.288912 0.324510
vt 0.269726 0.324510
vt 0.346468 0.241426
vt 0.327283 0.247069
vt 0.327283 0.241426
vt 0.346468 0.247069
vt 0.327283 0.324510
vt 0.308097 0.324510
vt 0.384839 0.241426
vt 0.365654 0.247069
vt 0.365654 0.241426
vt 0.384839 0.247069
vt 0.365654 0.324510
vt 0.346468 0.324510
vt 0.423210 0.241426
vt 0.404025 0.247069
vt 0.404025 0.241426
vt 0.423210 0.247069
vt 0.404025 0.324510
vt 0.384839 0.324510
vt 0.461581 0.241426
vt 0.442396 0.247069
vt 0.442396 0.241426
vt 0.461581 0.247069
vt 0.442396 0.324510
vt 0.423210 0.324510
vt 0.499952 0.241426
vt 0.480767 0.247069
vt 0.480767 0.241426
vt 0.499952 0.247069
vt 0.480767 0.324510
vt 0.461581 0.324510
vt 0.538324 0.241426
vt 0.519138 0.247069
vt 0.519138 0.241426
vt 0.538324 0.247069
vt 0.519138 0.324510
vt 0.499952 0.324510
vt 0.576694 0.241426
vt 0.557509 0.247069
vt 0.557509 0.241426
vt 0.576694 0.247069
vt 0.557509 0.324510
vt 0.538323 0.324510
vt 0.615065 0.241426
vt 0.595880 0.247069
vt 0.595880 0.241426
vt 0.615065 0.247069
vt 0.595880 0.324510
vt 0.576694 0.324510
vt 0.653436 0.241426
vt 0.634251 0.247069
vt 0.634251 0.241426
vt 0.653436 0.247069
vt 0.634251 0.324510
vt 0.615066 0.324510
vt 0.691807 0.241426
vt 0.672622 0.247069
vt 0.672622 0.241426
vt 0.691807 0.247069
vt 0.672622 0.324510
vt 0.653436 0.324510
vt 0.710993 0.247069
vt 0.710993 0.241426
vt 0.710993 0.324510
vt 0.691807 0.324510
vt 0.749364 0.545547
vt 0.768549 0.545547
vt 0.749364 0.766985
vt 0.730178 0.545547
vt 0.730178 0.766985
vt 0.787735 0.545547
vt 0.806920 0.545547
vt 0.787735 0.766985
vt 0.768549 0.766985
vt 0.826106 0.545547
vt 0.845291 0.545547
vt 0.826106 0.766985
vt 0.806920 0.766985
vt 0.864477 0.545547
vt 0.883662 0.545547
vt 0.864477 0.766985
vt 0.845291 0.766985
vt 0.902848 0.545547
vt 0.922034 0.545547
vt 0.902848 0.766985
vt 0.883662 0.766985
vt 0.941221 0.545547
vt 0.960414 0.545547
vt 0.941220 0.766985
vt 0.922034 0.766985
vt 0.997454 0.252712
vt 0.979615 0.545547
vt 0.998821 0.545547
vt 0.980105 0.766985
vt 0.960535 0.766985
vt 0.020289 0.545547
vt 0.039491 0.545547
vt 0.019800 0.766985
vt 0.001084 0.545547
vt -0.000284 0.838382
vt 0.058683 0.545547
vt 0.077871 0.545547
vt 0.058684 0.766985
vt 0.039369 0.766985
vt 0.097057 0.545547
vt 0.116242 0.545547
vt 0.097057 0.766985
vt 0.077871 0.766985
vt 0.135428 0.545547
vt 0.154613 0.545547
vt 0.135428 0.766985
vt 0.116242 0.766985
vt 0.173799 0.545547
vt 0.192984 0.545547
vt 0.173799 0.766985
vt 0.154613 0.766985
vt 0.212170 0.545547
vt 0.231355 0.545547
vt 0.212170 0.766985
vt 0.192984 0.766985
vt 0.250541 0.545547
vt 0.269726 0.545547
vt 0.250541 0.766985
vt 0.231355 0.766985
vt 0.288912 0.545547
vt 0.308097 0.545547
vt 0.288912 0.766985
vt 0.269726 0.766985
vt 0.327283 0.545547
vt 0.346468 0.545547
vt 0.327283 0.766985
vt 0.308097 0.766985
vt 0.365654 0.545547
vt 0.384839 0.545547
vt 0.365654 0.766985
vt 0.346468 0.766985
vt 0.404025 0.545547
vt 0.423210 0.545547
vt 0.404025 0.766985
vt 0.384839 0.766985
vt 0.442396 0.545547
vt 0.461581 0.545547
vt 0.442396 0.766985
vt 0.423210 0.766985
vt 0.480767 0.545547
vt 0.499952 0.545547
vt 0.480767 0.766985
vt 0.461581 0.766985
vt 0.519138 0.545547
vt 0.538323 0.545547
vt 0.519138 0.766985
vt 0.499952 0.766985
vt 0.557509 0.545547
vt 0.576694 0.545547
vt 0.557509 0.766985
vt 0.538323 0.766985
vt 0.595880 0.545547
vt 0.615065 0.545547
vt 0.595880 0.766985
vt 0.576694 0.766985
vt 0.634251 0.545547
vt 0.653436 0.545547
vt 0.634251 0.766985
vt 0.615066 0.766985
vt 0.672622 0.545547
vt 0.691807 0.545547
vt 0.672622 0.766985
vt 0.653436 0.766985
vt 0.710993 0.545547
vt 0.710993 0.766985
vt 0.691808 0.766985
vt 0.749364 0.845627
vt 0.768549 0.845627
vt 0.749364 0.852872
vt 0.730178 0.845627
vt 0.730178 0.852872
vt 0.787735 0.845627
vt 0.806920 0.845627
vt 0.787735 0.852872
vt 0.768549 0.852872
vt 0.826106 0.845627
vt 0.845291 0.845627
vt 0.826106 0.852872
vt 0.806920 0.852872
vt 0.864477 0.845627
vt 0.883662 0.845627
vt 0.864477 0.852872
vt 0.845291 0.852872
vt 0.902848 0.845627
vt 0.922033 0.845627
vt 0.902848 0.852872
vt 0.883662 0.852872
vt 0.941220 0.845627
vt 0.960560 0.845627
vt 0.941219 0.852871
vt 0.922033 0.852872
vt 1.000189 0.838382
vt 0.980208 0.845627
vt 1.000011 0.845627
vt 0.980119 0.852871
vt 0.960404 0.852871
vt 0.019696 0.845627
vt 0.039345 0.845627
vt 0.019786 0.852872
vt -0.000106 0.845627
vt 0.000072 0.852871
vt 0.058685 0.845627
vt 0.077871 0.845627
vt 0.058686 0.852872
vt 0.039500 0.852872
vt 0.097057 0.845627
vt 0.116242 0.845627
vt 0.097057 0.852872
vt 0.077871 0.852872
vt 0.135428 0.845627
vt 0.154613 0.845627
vt 0.135428 0.852872
vt 0.116242 0.852872
vt 0.173799 0.845627
vt 0.192984 0.845627
vt 0.173799 0.852872
vt 0.154613 0.852872
vt 0.212170 0.845627
vt 0.231355 0.845627
vt 0.212170 0.852872
vt 0.192984 0.852872
vt 0.250541 0.845627
vt 0.269726 0.845627
vt 0.250541 0.852872
vt 0.231355 0.852872
vt 0.288912 0.845627
vt 0.308097 0.845627
vt 0.288912 0.852872
vt 0.269726 0.852872
vt 0.327283 0.845627
vt 0.346468 0.845627
vt 0.327283 0.852872
vt 0.308097 0.852872
vt 0.365654 0.845627
vt 0.384839 0.845627
vt 0.365654 0.852872
vt 0.346468 0.852872
vt 0.404025 0.845627
vt 0.423210 0.845627
vt 0.404025 0.852872
vt 0.384839 0.852872
vt 0.442396 0.845627
vt 0.461581 0.845627
vt 0.442396 0.852871
vt 0.423210 0.852872
vt 0.480767 0.845627
vt 0.499952 0.845627
vt 0.480767 0.852871
vt 0.461581 0.852871
vt 0.519138 0.845627
vt 0.538323 0.845627
vt 0.519138 0.852871
vt 0.499952 0.852871
vt 0.557509 0.845627
vt 0.576694 0.845627
vt 0.557509 0.852872
vt 0.538323 0.852872
vt 0.595880 0.845627
vt 0.615065 0.845627
vt 0.595880 0.852872
vt 0.576694 0.852872
vt 0.634251 0.845627
vt 0.653436 0.845627
vt 0.634251 0.852872
vt 0.615065 0.852872
vt 0.672622 0.845627
vt 0.691807 0.845627
vt 0.672622 0.852872
vt 0.653436 0.852872
vt 0.710993 0.845627
vt 0.710993 0.852872
vt 0.691807 0.852872
vt 0.000000 -0.158066
vt 1.038733 -0.019163
vt 0.999833 0.852871
vt 1.038733 -0.021312
vt 1.019367 -0.020135
vt 1.038733 -0.020135
vt 1.038733 -0.022489
vt 1.019367 -0.021312
vt 1.000000 -0.022489
vt 1.019367 -0.022489
vt 1.000000 -0.021312
vt 0.077390 -0.021312
vt 0.058068 -0.020293
vt 0.077390 -0.020293
vt 0.077390 -0.037451
vt 0.058068 -0.021312
vt 0.038733 -0.022489
vt 0.058068 -0.037451
vt 0.038733 -0.021312
vt 0.115946 -0.021312
vt 0.096683 -0.020293
vt 0.115946 -0.020293
vt 0.115946 -0.037451
vt 0.096683 -0.021312
vt 0.096683 -0.037451
vt 0.154374 -0.021312
vt 0.135176 -0.020293
vt 0.154374 -0.020293
vt 0.154374 -0.037451
vt 0.135176 -0.021312
vt 0.135176 -0.037451
vt 0.192682 -0.021312
vt 0.173541 -0.020293
vt 0.192682 -0.020293
vt 0.192682 -0.037451
vt 0.173541 -0.021312
vt 0.173541 -0.037451
vt 0.230904 -0.021312
vt 0.211800 -0.020293
vt 0.230904 -0.020293
vt 0.230904 -0.037451
vt 0.211800 -0.021312
vt 0.211800 -0.037451
vt 0.269096 -0.021312
vt 0.250000 -0.020293
vt 0.269096 -0.020293
vt 0.269096 -0.037451
vt 0.250000 -0.021312
vt 0.250000 -0.037451
vt 0.307318 -0.021312
vt 0.288200 -0.020293
vt 0.307318 -0.020293
vt 0.307318 -0.037451
vt 0.288200 -0.021312
vt 0.288200 -0.037451
vt 0.345626 -0.021312
vt 0.326459 -0.020293
vt 0.345626 -0.020293
vt 0.345626 -0.037451
vt 0.326459 -0.021312
vt 0.326459 -0.037451
vt 0.384054 -0.021312
vt 0.364824 -0.020293
vt 0.384054 -0.020293
vt 0.384054 -0.037451
vt 0.364824 -0.021312
vt 0.364824 -0.037451
vt 0.422611 -0.021312
vt 0.403317 -0.020293
vt 0.422611 -0.020293
vt 0.422611 -0.037451
vt 0.403317 -0.021312
vt 0.403317 -0.037451
vt 0.461275 -0.021312
vt 0.441932 -0.020293
vt 0.461275 -0.020293
vt 0.461275 -0.037451
vt 0.441932 -0.021312
vt 0.441932 -0.037451
vt 0.500000 -0.021312
vt 0.480633 -0.020293
vt 0.500000 -0.020293
vt 0.500000 -0.037451
vt 0.480633 -0.021312
vt 0.480633 -0.037451
vt 0.538725 -0.021312
vt 0.519367 -0.020293
vt 0.538725 -0.020293
vt 0.538725 -0.037451
vt 0.519367 -0.021312
vt 0.519367 -0.037451
vt 0.577390 -0.021312
vt 0.558068 -0.020293
vt 0.577390 -0.020293
vt 0.577390 -0.037451
vt 0.558068 -0.021312
vt 0.558068 -0.037451
vt 0.615947 -0.021312
vt 0.596683 -0.020293
vt 0.615947 -0.020293
vt 0.615947 -0.037451
vt 0.596683 -0.021312
vt 0.596683 -0.037451
vt 0.654375 -0.021312
vt 0.635177 -0.020293
vt 0.654375 -0.020293
vt 0.654375 -0.037451
vt 0.635177 -0.021312
vt 0.635177 -0.037451
vt 0.692682 -0.021312
vt 0.673542 -0.020293
vt 0.692682 -0.020293
vt 0.692682 -0.037451
vt 0.673541 -0.021312
vt 0.673542 -0.037451
vt 0.730904 -0.021312
vt 0.711801 -0.020293
vt 0.730904 -0.020293
vt 0.730904 -0.037451
vt 0.711801 -0.021312
vt 0.711801 -0.037451
vt 0.769096 -0.021312
vt 0.750000 -0.020293
vt 0.769096 -0.020293
vt 0.769096 -0.037451
vt 0.750000 -0.021312
vt 0.750000 -0.037451
vt 0.807318 -0.021312
vt 0.788200 -0.020293
vt 0.807318 -0.020293
vt 0.807318 -0.037451
vt 0.788200 -0.021312
vt 0.788200 -0.037451
vt 0.845626 -0.021312
vt 0.826459 -0.020293
vt 0.845626 -0.020293
vt 0.845626 -0.037451
vt 0.826459 -0.021312
vt 0.826459 -0.037451
vt 0.884054 -0.021312
vt 0.864824 -0.020293
vt 0.884054 -0.020293
vt 0.884054 -0.037451
vt 0.864824 -0.021312
vt 0.864824 -0.037451
vt 0.922611 -0.021312
vt 0.903317 -0.020293
vt 0.922611 -0.020293
vt 0.922611 -0.037451
vt 0.903317 -0.021312
vt 0.903317 -0.037451
vt 0.961275 -0.021312
vt 0.941932 -0.020293
vt 0.961275 -0.020293
vt 0.961275 -0.037451
vt 0.941932 -0.021312
vt 0.941932 -0.037451
vt 0.980634 -0.020293
vt 1.000000 -0.020293
vt 0.980634 -0.021312
vt 0.980634 -0.022489
vt 1.038733 -0.019045
vt 1.000000 -0.019196
vt 1.019367 -0.019045
vt 0.077390 -0.019196
vt 0.038733 -0.019045
vt 0.058068 -0.019196
vt 0.115946 -0.019196
vt 0.096683 -0.019196
vt 0.154374 -0.019196
vt 0.135176 -0.019196
vt 0.192682 -0.019196
vt 0.173541 -0.019196
vt 0.230904 -0.019196
vt 0.211800 -0.019196
vt 0.269096 -0.019196
vt 0.250000 -0.019196
vt 0.307318 -0.019196
vt 0.288200 -0.019196
vt 0.345626 -0.019196
vt 0.326459 -0.019196
vt 0.384054 -0.019196
vt 0.364824 -0.019196
vt 0.422611 -0.019196
vt 0.403317 -0.019196
vt 0.461275 -0.019196
vt 0.441932 -0.019196
vt 0.500000 -0.019196
vt 0.480633 -0.019196
vt 0.538725 -0.019196
vt 0.519367 -0.019196
vt 0.577390 -0.019196
vt 0.558068 -0.019196
vt 0.615947 -0.019196
vt 0.596683 -0.019196
vt 0.654375 -0.019196
vt 0.635177 -0.019196
vt 0.692682 -0.019196
vt 0.673542 -0.019196
vt 0.730904 -0.019196
vt 0.711801 -0.019196
vt 0.769096 -0.019196
vt 0.750000 -0.019196
vt 0.807318 -0.019196
vt 0.788200 -0.019196
vt 0.845626 -0.019196
vt 0.826459 -0.019196
vt 0.884054 -0.019196
vt 0.864824 -0.019196
vt 0.922611 -0.019196
vt 0.903317 -0.019196
vt 0.961275 -0.019196
vt 0.941932 -0.019196
vt 0.980634 -0.019196
vt 1.019367 -0.019590
vt 1.000000 -0.019590
vt 1.038733 -0.019590
vt 0.038733 -0.020135
vt 0.058068 -0.019590
vt 0.038733 -0.019590
vt 0.077390 -0.019590
vt 0.096683 -0.019590
vt 0.115946 -0.019590
vt 0.135176 -0.019590
vt 0.154374 -0.019590
vt 0.173541 -0.019590
vt 0.192682 -0.019590
vt 0.211800 -0.019590
vt 0.230904 -0.019590
vt 0.250000 -0.019590
vt 0.269096 -0.019590
vt 0.288200 -0.019590
vt 0.307318 -0.019590
vt 0.326459 -0.019590
vt 0.345626 -0.019590
vt 0.364824 -0.019590
vt 0.384054 -0.019590
vt 0.403317 -0.019590
vt 0.422611 -0.019590
vt 0.441932 -0.019590
vt 0.461275 -0.019590
vt 0.480633 -0.019590
vt 0.500000 -0.019590
vt 0.519367 -0.019590
vt 0.538725 -0.019590
vt 0.558068 -0.019590
vt 0.577390 -0.019590
vt 0.596683 -0.019590
vt 0.615947 -0.019590
vt 0.635177 -0.019590
vt 0.654375 -0.019590
vt 0.673542 -0.019590
vt 0.692682 -0.019590
vt 0.711801 -0.019590
vt 0.730904 -0.019590
vt 0.750000 -0.019590
vt 0.769096 -0.019590
vt 0.788200 -0.019590
vt 0.807318 -0.019590
vt 0.826459 -0.019590
vt 0.845626 -0.019590
vt 0.864824 -0.019590
vt 0.884054 -0.019590
vt 0.903317 -0.019590
vt 0.922611 -0.019590
vt 0.941932 -0.019590
vt 0.961275 -0.019590
vt 0.980634 -0.019590
vt 0.038725 -0.083514
vt 0.019367 -0.022489
vt 0.038725 -0.129484
vt 0.019367 -0.083514
vt 0.000000 -0.144538
vt 0.019367 -0.129484
vt 0.000000 -0.083514
vt 0.077390 -0.083514
vt 0.077390 -0.129484
vt 0.058068 -0.083514
vt 0.058068 -0.129484
vt 0.115946 -0.083514
vt 0.115946 -0.129484
vt 0.096683 -0.083514
vt 0.096683 -0.129484
vt 0.154374 -0.083514
vt 0.154374 -0.129484
vt 0.135176 -0.083514
vt 0.135176 -0.129484
vt 0.192682 -0.083514
vt 0.192682 -0.129484
vt 0.173541 -0.083514
vt 0.173541 -0.129484
vt 0.230904 -0.083514
vt 0.230904 -0.129484
vt 0.211800 -0.083514
vt 0.211800 -0.129484
vt 0.269096 -0.083514
vt 0.269096 -0.129484
vt 0.250000 -0.083514
vt 0.250000 -0.129484
vt 0.307318 -0.083514
vt 0.307318 -0.129484
vt 0.288200 -0.083514
vt 0.288200 -0.129484
vt 0.345626 -0.083514
vt 0.345626 -0.129484
vt 0.326459 -0.083514
vt 0.326459 -0.129484
vt 0.384054 -0.083514
vt 0.384054 -0.129484
vt 0.364824 -0.083514
vt 0.364824 -0.129484
vt 0.422611 -0.083514
vt 0.422610 -0.129484
vt 0.403317 -0.083514
vt 0.403317 -0.129484
vt 0.461275 -0.083514
vt 0.461275 -0.129484
vt 0.441932 -0.083514
vt 0.441932 -0.129484
vt 0.500000 -0.083514
vt 0.500000 -0.129484
vt 0.480633 -0.083514
vt 0.480633 -0.129484
vt 0.538725 -0.083514
vt 0.538725 -0.129484
vt 0.519367 -0.083514
vt 0.519367 -0.129484
vt 0.577390 -0.083514
vt 0.577390 -0.129484
vt 0.558068 -0.083514
vt 0.558068 -0.129484
vt 0.615947 -0.083514
vt 0.615947 -0.129484
vt 0.596683 -0.083514
vt 0.596683 -0.129484
vt 0.654375 -0.083514
vt 0.654375 -0.129484
vt 0.635177 -0.083514
vt 0.635177 -0.129484
vt 0.692682 -0.083514
vt 0.692682 -0.129484
vt 0.673541 -0.083514
vt 0.673542 -0.129484
vt 0.730904 -0.083514
vt 0.730904 -0.129484
vt 0.711801 -0.083514
vt 0.711801 -0.129484
vt 0.769096 -0.083514
vt 0.769096 -0.129484
vt 0.750000 -0.083514
vt 0.750000 -0.129484
vt 0.807318 -0.083514
vt 0.807318 -0.129484
vt 0.788200 -0.083514
vt 0.788200 -0.129484
vt 0.845626 -0.083514
vt 0.845626 -0.129484
vt 0.826459 -0.083514
vt 0.826459 -0.129484
vt 0.884054 -0.083514
vt 0.884054 -0.129484
vt 0.864824 -0.083514
vt 0.864824 -0.129484
vt 0.922611 -0.083514
vt 0.922611 -0.129484
vt 0.903317 -0.083514
vt 0.903317 -0.129484
vt 0.961275 -0.083514
vt 0.961275 -0.129484
vt 0.941932 -0.083514
vt 0.941932 -0.129484
vt 1.000000 -0.083514
vt 1.000000 -0.144538
vt 0.980634 -0.083514
vt 0.980634 -0.144538
vt 0.000000 -0.022489
vt 0.019367 -0.161659
vt 0.038725 -0.161838
vt 0.038725 -0.161659
vt 0.000000 -0.161838
vt 0.019367 -0.161838
vt 0.000000 -0.161839
vt 0.038730 -0.161839
vt 0.019367 -0.161839
vt 0.058068 -0.161659
vt 0.077390 -0.161838
vt 0.077390 -0.161659
vt 0.058068 -0.161838
vt 0.077397 -0.161839
vt 0.058069 -0.161839
vt 0.096683 -0.161659
vt 0.115946 -0.161838
vt 0.115946 -0.161659
vt 0.096683 -0.161838
vt 0.115956 -0.161839
vt 0.096685 -0.161839
vt 0.135176 -0.161659
vt 0.154374 -0.161838
vt 0.154374 -0.161659
vt 0.135176 -0.161838
vt 0.154383 -0.161839
vt 0.135178 -0.161839
vt 0.173541 -0.161659
vt 0.192682 -0.161838
vt 0.192682 -0.161659
vt 0.173541 -0.161838
vt 0.192688 -0.161839
vt 0.173543 -0.161839
vt 0.211800 -0.161659
vt 0.230904 -0.161838
vt 0.230904 -0.161659
vt 0.211800 -0.161838
vt 0.230906 -0.161839
vt 0.211801 -0.161839
vt 0.250000 -0.161659
vt 0.269096 -0.161838
vt 0.269096 -0.161659
vt 0.250000 -0.161838
vt 0.269094 -0.161839
vt 0.250000 -0.161839
vt 0.288200 -0.161659
vt 0.307318 -0.161838
vt 0.307318 -0.161659
vt 0.288200 -0.161838
vt 0.307312 -0.161839
vt 0.288199 -0.161839
vt 0.326459 -0.161659
vt 0.345626 -0.161838
vt 0.345625 -0.161659
vt 0.326459 -0.161838
vt 0.345617 -0.161839
vt 0.326457 -0.161839
vt 0.364823 -0.161659
vt 0.384054 -0.161838
vt 0.384054 -0.161659
vt 0.364823 -0.161838
vt 0.384044 -0.161839
vt 0.364822 -0.161839
vt 0.403317 -0.161659
vt 0.422610 -0.161838
vt 0.422610 -0.161659
vt 0.403317 -0.161838
vt 0.422603 -0.161839
vt 0.403315 -0.161839
vt 0.441932 -0.161659
vt 0.461275 -0.161838
vt 0.461275 -0.161659
vt 0.441932 -0.161838
vt 0.461270 -0.161839
vt 0.441931 -0.161839
vt 0.480633 -0.161659
vt 0.500000 -0.161838
vt 0.500000 -0.161659
vt 0.480633 -0.161838
vt 0.500000 -0.161839
vt 0.480633 -0.161839
vt 0.519367 -0.161659
vt 0.538725 -0.161838
vt 0.538725 -0.161659
vt 0.519367 -0.161838
vt 0.538729 -0.161839
vt 0.519367 -0.161839
vt 0.558068 -0.161659
vt 0.577390 -0.161838
vt 0.577390 -0.161659
vt 0.558068 -0.161838
vt 0.577397 -0.161839
vt 0.558069 -0.161839
vt 0.596683 -0.161659
vt 0.615947 -0.161838
vt 0.615947 -0.161659
vt 0.596683 -0.161838
vt 0.615956 -0.161839
vt 0.596685 -0.161839
vt 0.635177 -0.161659
vt 0.654374 -0.161838
vt 0.654374 -0.161659
vt 0.635177 -0.161838
vt 0.654383 -0.161839
vt 0.635178 -0.161839
vt 0.673541 -0.161659
vt 0.692682 -0.161838
vt 0.692682 -0.161659
vt 0.673541 -0.161838
vt 0.692688 -0.161839
vt 0.673543 -0.161839
vt 0.711801 -0.161659
vt 0.730904 -0.161838
vt 0.730904 -0.161659
vt 0.711801 -0.161838
vt 0.730906 -0.161839
vt 0.711801 -0.161839
vt 0.750000 -0.161659
vt 0.769096 -0.161838
vt 0.769096 -0.161659
vt 0.750000 -0.161838
vt 0.769094 -0.161839
vt 0.750000 -0.161839
vt 0.788200 -0.161659
vt 0.807318 -0.161838
vt 0.807318 -0.161659
vt 0.788200 -0.161838
vt 0.807312 -0.161839
vt 0.788199 -0.161839
vt 0.826459 -0.161659
vt 0.845626 -0.161838
vt 0.845626 -0.161659
vt 0.826459 -0.161838
vt 0.845617 -0.161839
vt 0.826457 -0.161839
vt 0.864824 -0.161659
vt 0.884054 -0.161838
vt 0.884054 -0.161659
vt 0.864824 -0.161838
vt 0.884045 -0.161839
vt 0.864822 -0.161839
vt 0.903317 -0.161659
vt 0.922611 -0.161838
vt 0.922611 -0.161659
vt 0.903317 -0.161838
vt 0.922603 -0.161839
vt 0.903316 -0.161839
vt 0.941932 -0.161659
vt 0.961275 -0.161838
vt 0.961275 -0.161659
vt 0.941932 -0.161838
vt 0.961271 -0.161839
vt 0.941931 -0.161839
vt 0.980634 -0.161838
vt 1.000000 -0.161838
vt 1.000000 -0.161838
vt 0.980634 -0.161838
vt 1.000000 -0.161839
vt 0.980634 -0.161839
vt 0.008737 -0.161839
vt 0.012119 -0.161839
vt 0.019368 -0.161839
vt 0.026620 -0.161839
vt 0.019370 -0.161839
vt 0.029999 -0.161839
vt 0.047459 -0.161839
vt 0.050838 -0.161839
vt 0.058073 -0.161839
vt 0.065315 -0.161839
vt 0.058076 -0.161839
vt 0.068686 -0.161839
vt 0.086106 -0.161839
vt 0.089477 -0.161839
vt 0.096690 -0.161839
vt 0.103912 -0.161839
vt 0.096695 -0.161839
vt 0.107273 -0.161839
vt 0.124636 -0.161839
vt 0.127996 -0.161839
vt 0.135183 -0.161839
vt 0.142381 -0.161839
vt 0.135189 -0.161839
vt 0.145730 -0.161839
vt 0.163034 -0.161839
vt 0.166382 -0.161839
vt 0.173547 -0.161839
vt 0.180721 -0.161839
vt 0.173551 -0.161839
vt 0.184059 -0.161839
vt 0.201315 -0.161839
vt 0.204653 -0.161839
vt 0.211804 -0.161839
vt 0.218959 -0.161839
vt 0.211806 -0.161839
vt 0.222292 -0.161839
vt 0.239520 -0.161839
vt 0.242853 -0.161839
vt 0.250000 -0.161839
vt 0.257147 -0.161839
vt 0.250000 -0.161839
vt 0.260480 -0.161839
vt 0.277708 -0.161839
vt 0.281041 -0.161839
vt 0.288196 -0.161839
vt 0.295347 -0.161839
vt 0.288194 -0.161839
vt 0.298685 -0.161839
vt 0.315941 -0.161839
vt 0.319279 -0.161839
vt 0.326453 -0.161839
vt 0.333618 -0.161839
vt 0.326449 -0.161839
vt 0.336966 -0.161839
vt 0.354270 -0.161839
vt 0.357619 -0.161839
vt 0.364817 -0.161839
vt 0.372004 -0.161839
vt 0.364811 -0.161839
vt 0.375364 -0.161839
vt 0.392727 -0.161839
vt 0.396088 -0.161839
vt 0.403310 -0.161839
vt 0.410523 -0.161839
vt 0.403305 -0.161839
vt 0.413894 -0.161839
vt 0.431314 -0.161839
vt 0.434685 -0.161839
vt 0.441927 -0.161839
vt 0.449162 -0.161839
vt 0.441923 -0.161839
vt 0.452541 -0.161839
vt 0.470001 -0.161839
vt 0.473380 -0.161839
vt 0.480632 -0.161839
vt 0.487881 -0.161839
vt 0.480630 -0.161839
vt 0.491263 -0.161839
vt 0.508737 -0.161839
vt 0.512119 -0.161839
vt 0.519368 -0.161839
vt 0.526620 -0.161839
vt 0.519369 -0.161839
vt 0.529999 -0.161839
vt 0.547459 -0.161839
vt 0.550838 -0.161839
vt 0.558073 -0.161839
vt 0.565315 -0.161839
vt 0.558076 -0.161839
vt 0.568686 -0.161839
vt 0.586106 -0.161839
vt 0.589477 -0.161839
vt 0.596689 -0.161839
vt 0.603912 -0.161839
vt 0.596694 -0.161839
vt 0.607273 -0.161839
vt 0.624636 -0.161839
vt 0.627996 -0.161839
vt 0.635183 -0.161839
vt 0.642381 -0.161839
vt 0.635189 -0.161839
vt 0.645730 -0.161839
vt 0.663034 -0.161839
vt 0.666382 -0.161839
vt 0.673547 -0.161839
vt 0.680721 -0.161839
vt 0.673551 -0.161839
vt 0.684060 -0.161839
vt 0.701315 -0.161839
vt 0.704653 -0.161839
vt 0.711804 -0.161839
vt 0.718959 -0.161839
vt 0.711806 -0.161839
vt 0.722292 -0.161839
vt 0.739521 -0.161839
vt 0.742853 -0.161839
vt 0.750000 -0.161839
vt 0.757147 -0.161839
vt 0.750000 -0.161839
vt 0.760480 -0.161839
vt 0.777708 -0.161839
vt 0.781041 -0.161839
vt 0.788197 -0.161839
vt 0.795347 -0.161839
vt 0.788194 -0.161839
vt 0.798685 -0.161839
vt 0.815941 -0.161839
vt 0.819279 -0.161839
vt 0.826453 -0.161839
vt 0.833619 -0.161839
vt 0.826449 -0.161839
vt 0.836966 -0.161839
vt 0.854271 -0.161839
vt 0.857619 -0.161839
vt 0.864817 -0.161839
vt 0.872005 -0.161839
vt 0.864812 -0.161839
vt 0.875364 -0.161839
vt 0.892728 -0.161839
vt 0.896088 -0.161839
vt 0.903311 -0.161839
vt 0.910524 -0.161839
vt 0.903306 -0.161839
vt 0.913894 -0.161839
vt 0.931314 -0.161839
vt 0.934685 -0.161839
vt 0.941928 -0.161839
vt 0.949163 -0.161839
vt 0.941924 -0.161839
vt 0.952541 -0.161839
vt 0.994724 -0.161839
vt 0.970001 -0.161839
vt 0.980632 -0.161839
vt 0.973380 -0.161839
vt 0.987881 -0.161839
vt 0.980631 -0.161839
vt 0.000000 -0.161838
vt 0.014473 -0.161840
vt 0.016383 -0.161840
vt 0.019370 -0.161840
vt 0.026284 -0.161840
vt 0.027223 -0.161840
vt 0.024267 -0.161840
vt 0.053189 -0.161840
vt 0.054614 -0.161840
vt 0.058078 -0.161840
vt 0.064499 -0.161840
vt 0.063995 -0.161840
vt 0.062967 -0.161840
vt 0.091822 -0.161840
vt 0.092764 -0.161840
vt 0.096697 -0.161840
vt 0.102621 -0.161840
vt 0.100683 -0.161840
vt 0.101572 -0.161840
vt 0.130333 -0.161840
vt 0.130794 -0.161840
vt 0.135191 -0.161840
vt 0.140617 -0.161840
vt 0.137252 -0.161840
vt 0.140049 -0.161840
vt 0.168711 -0.161840
vt 0.168693 -0.161840
vt 0.173554 -0.161840
vt 0.178484 -0.161840
vt 0.173696 -0.161840
vt 0.178396 -0.161840
vt 0.206976 -0.161840
vt 0.206480 -0.161840
vt 0.211807 -0.161840
vt 0.216248 -0.161840
vt 0.210038 -0.161840
vt 0.216638 -0.161840
vt 0.245173 -0.161840
vt 0.244200 -0.161840
vt 0.250000 -0.161840
vt 0.253960 -0.161840
vt 0.246321 -0.161840
vt 0.254827 -0.161840
vt 0.283361 -0.161840
vt 0.281912 -0.161840
vt 0.288192 -0.161840
vt 0.291680 -0.161840
vt 0.282604 -0.161840
vt 0.293024 -0.161840
vt 0.321604 -0.161840
vt 0.319676 -0.161840
vt 0.326446 -0.161840
vt 0.329467 -0.161840
vt 0.318945 -0.161840
vt 0.331289 -0.161840
vt 0.359951 -0.161840
vt 0.357543 -0.161840
vt 0.364808 -0.161840
vt 0.367366 -0.161840
vt 0.355389 -0.161840
vt 0.369667 -0.161840
vt 0.398428 -0.161840
vt 0.395539 -0.161840
vt 0.403302 -0.161840
vt 0.405396 -0.161840
vt 0.391959 -0.161840
vt 0.408178 -0.161840
vt 0.437033 -0.161840
vt 0.433661 -0.161840
vt 0.441921 -0.161840
vt 0.443546 -0.161840
vt 0.428647 -0.161840
vt 0.446811 -0.161840
vt 0.475733 -0.161840
vt 0.471877 -0.161840
vt 0.480630 -0.161840
vt 0.481778 -0.161840
vt 0.465419 -0.161840
vt 0.485527 -0.161840
vt 0.514473 -0.161840
vt 0.510132 -0.161840
vt 0.519370 -0.161840
vt 0.520033 -0.161840
vt 0.502222 -0.161840
vt 0.524267 -0.161840
vt 0.553189 -0.161840
vt 0.548364 -0.161840
vt 0.558078 -0.161840
vt 0.558249 -0.161840
vt 0.538995 -0.161840
vt 0.562967 -0.161840
vt 0.591822 -0.161840
vt 0.586514 -0.161840
vt 0.596697 -0.161840
vt 0.596371 -0.161840
vt 0.575683 -0.161840
vt 0.601572 -0.161840
vt 0.630333 -0.161840
vt 0.624544 -0.161840
vt 0.635191 -0.161840
vt 0.634367 -0.161840
vt 0.612252 -0.161840
vt 0.640049 -0.161840
vt 0.668711 -0.161840
vt 0.662443 -0.161840
vt 0.673554 -0.161840
vt 0.672234 -0.161840
vt 0.648696 -0.161840
vt 0.678396 -0.161840
vt 0.706976 -0.161840
vt 0.700230 -0.161840
vt 0.711808 -0.161840
vt 0.709999 -0.161840
vt 0.685038 -0.161840
vt 0.716639 -0.161840
vt 0.745173 -0.161840
vt 0.750451 -0.161840
vt 0.750000 -0.161840
vt 0.760211 -0.161840
vt 0.771321 -0.161840
vt 0.754827 -0.161840
vt 0.783362 -0.161840
vt 0.788162 -0.161840
vt 0.788193 -0.161840
vt 0.797931 -0.161840
vt 0.807605 -0.161840
vt 0.793024 -0.161840
vt 0.821605 -0.161840
vt 0.825927 -0.161840
vt 0.826447 -0.161840
vt 0.835718 -0.161840
vt 0.843946 -0.161840
vt 0.831289 -0.161840
vt 0.859952 -0.161840
vt 0.863794 -0.161840
vt 0.864809 -0.161840
vt 0.873617 -0.161840
vt 0.880390 -0.161840
vt 0.869668 -0.161840
vt 0.898429 -0.161840
vt 0.901790 -0.161840
vt 0.903303 -0.161840
vt 0.911647 -0.161840
vt 0.916960 -0.161840
vt 0.908178 -0.161840
vt 0.937033 -0.161840
vt 0.939912 -0.161840
vt 0.941922 -0.161840
vt 0.949797 -0.161840
vt 0.953648 -0.161840
vt 0.946812 -0.161840
vt 0.975733 -0.161840
vt 0.978128 -0.161840
vt 0.980630 -0.161840
vt 0.988028 -0.161840
vt 0.990420 -0.161840
vt 0.985527 -0.161840
vt 0.018430 -0.161841
vt 0.000000 -0.161841
vt 0.050779 -0.161841
vt 0.086918 -0.161841
vt 0.088209 -0.161841
vt 0.176418 -0.161841
vt 0.050779 -0.161841
vt 0.036012 -0.161841
vt 0.055214 -0.161841
vt 0.081743 -0.161841
vt 0.112050 -0.161841
vt 0.086064 -0.161841
vt 0.072768 -0.161841
vt 0.091926 -0.161841
vt 0.112637 -0.161841
vt 0.137112 -0.161841
vt 0.121248 -0.161841
vt 0.109429 -0.161841
vt 0.128525 -0.161841
vt 0.143431 -0.161841
vt 0.162090 -0.161841
vt 0.156313 -0.161841
vt 0.145968 -0.161841
vt 0.164998 -0.161841
vt 0.174122 -0.161841
vt 0.186990 -0.161841
vt 0.191266 -0.161841
vt 0.182385 -0.161841
vt 0.201361 -0.161841
vt 0.204727 -0.161841
vt 0.211834 -0.161841
vt 0.226139 -0.161841
vt 0.218708 -0.161841
vt 0.237655 -0.161841
vt 0.235283 -0.161841
vt 0.236658 -0.161841
vt 0.260984 -0.161841
vt 0.254987 -0.161841
vt 0.273933 -0.161841
vt 0.265840 -0.161841
vt 0.261502 -0.161841
vt 0.295857 -0.161841
vt 0.291280 -0.161841
vt 0.310257 -0.161841
vt 0.296445 -0.161841
vt 0.286402 -0.161841
vt 0.330810 -0.161841
vt 0.327643 -0.161841
vt 0.346674 -0.161841
vt 0.327135 -0.161841
vt 0.311380 -0.161841
vt 0.365874 -0.161841
vt 0.364117 -0.161841
vt 0.383213 -0.161841
vt 0.357930 -0.161841
vt 0.336442 -0.161841
vt 0.401059 -0.161841
vt 0.400716 -0.161841
vt 0.419874 -0.161841
vt 0.388824 -0.161841
vt 0.361574 -0.161841
vt 0.436344 -0.161841
vt 0.437427 -0.161841
vt 0.456629 -0.161841
vt 0.419789 -0.161841
vt 0.386746 -0.161841
vt 0.471686 -0.161841
vt 0.474212 -0.161841
vt 0.493430 -0.161841
vt 0.450778 -0.161841
vt 0.411918 -0.161841
vt 0.507028 -0.161841
vt 0.511012 -0.161841
vt 0.530214 -0.161841
vt 0.481742 -0.161841
vt 0.437050 -0.161841
vt 0.542313 -0.161841
vt 0.547767 -0.161841
vt 0.566925 -0.161841
vt 0.512636 -0.161841
vt 0.462112 -0.161841
vt 0.577498 -0.161841
vt 0.584429 -0.161841
vt 0.603525 -0.161841
vt 0.543431 -0.161841
vt 0.487090 -0.161841
vt 0.612563 -0.161841
vt 0.620968 -0.161841
vt 0.639998 -0.161841
vt 0.574122 -0.161841
vt 0.511990 -0.161841
vt 0.647516 -0.161841
vt 0.657385 -0.161841
vt 0.676362 -0.161841
vt 0.604727 -0.161841
vt 0.453663 -0.161841
vt 0.726139 -0.161841
vt 0.693708 -0.161841
vt 0.762655 -0.161841
vt 0.835284 -0.161841
vt 0.972755 -0.161841
vt 0.953663 -0.161841
vt 1.176418 -0.161841
vt 0.804734 -0.161841
vt 0.779987 -0.161841
vt 0.798934 -0.161841
vt 0.865841 -0.161841
vt 0.991863 -0.161841
vt 0.839608 -0.161841
vt 0.816281 -0.161841
vt 0.835258 -0.161841
vt 0.896446 -0.161841
vt 1.011014 -0.161841
vt 0.874561 -0.161841
vt 0.852644 -0.161841
vt 0.871675 -0.161841
vt 0.927136 -0.161841
vt 1.030228 -0.161841
vt 0.909626 -0.161841
vt 0.889118 -0.161841
vt 0.908214 -0.161841
vt 0.957931 -0.161841
vt 1.049508 -0.161841
vt 0.944811 -0.161841
vt 0.925717 -0.161841
vt 0.944875 -0.161841
vt 0.988825 -0.161841
vt 1.068843 -0.161841
vt 0.980095 -0.161841
vt 0.962429 -0.161841
vt 0.981631 -0.161841
vt 1.019789 -0.161841
vt 1.088209 -0.161841
vt 1.000000 -0.161841
vt 0.991652 -0.161841
vt 1.000000 -0.161839
vt 1.000000 -0.161460
vt 1.004782 -0.161839
vt 0.992743 -0.161696
vt 0.995218 -0.161839
vt 1.004782 -0.161081
vt 0.995218 -0.161081
vt 1.000000 -0.160323
vt 1.009564 -0.161839
vt 0.038732 -0.161797
vt 0.038732 -0.161460
vt 0.042377 -0.161744
vt 0.031481 -0.161696
vt 0.035087 -0.161744
vt 0.042235 -0.161267
vt 0.035229 -0.161267
vt 0.038732 -0.161198
vt 0.045982 -0.161696
vt 0.077402 -0.161797
vt 0.077402 -0.161460
vt 0.081038 -0.161744
vt 0.070167 -0.161696
vt 0.073765 -0.161744
vt 0.080897 -0.161267
vt 0.073907 -0.161267
vt 0.077402 -0.161198
vt 0.084634 -0.161696
vt 0.115961 -0.161797
vt 0.115961 -0.161460
vt 0.119586 -0.161744
vt 0.108750 -0.161696
vt 0.112336 -0.161744
vt 0.119445 -0.161267
vt 0.112478 -0.161267
vt 0.115962 -0.161198
vt 0.123170 -0.161696
vt 0.154388 -0.161797
vt 0.154388 -0.161460
vt 0.158000 -0.161744
vt 0.147202 -0.161696
vt 0.150776 -0.161744
vt 0.157860 -0.161267
vt 0.150917 -0.161267
vt 0.154389 -0.161198
vt 0.161572 -0.161696
vt 0.192692 -0.161797
vt 0.192691 -0.161460
vt 0.196293 -0.161744
vt 0.185526 -0.161696
vt 0.189089 -0.161744
vt 0.196153 -0.161267
vt 0.189230 -0.161267
vt 0.192692 -0.161198
vt 0.199855 -0.161696
vt 0.230908 -0.161797
vt 0.230908 -0.161460
vt 0.234504 -0.161744
vt 0.223755 -0.161696
vt 0.227312 -0.161744
vt 0.234364 -0.161267
vt 0.227452 -0.161267
vt 0.230908 -0.161198
vt 0.238060 -0.161696
vt 0.269092 -0.161797
vt 0.269092 -0.161460
vt 0.272688 -0.161744
vt 0.261940 -0.161696
vt 0.265496 -0.161744
vt 0.272548 -0.161267
vt 0.265636 -0.161267
vt 0.269092 -0.161198
vt 0.276245 -0.161696
vt 0.307308 -0.161797
vt 0.307308 -0.161460
vt 0.310910 -0.161744
vt 0.300145 -0.161696
vt 0.303707 -0.161744
vt 0.310770 -0.161267
vt 0.303847 -0.161267
vt 0.307308 -0.161198
vt 0.314474 -0.161696
vt 0.345611 -0.161797
vt 0.345612 -0.161460
vt 0.349224 -0.161744
vt 0.338428 -0.161696
vt 0.342000 -0.161744
vt 0.349083 -0.161267
vt 0.342140 -0.161267
vt 0.345611 -0.161198
vt 0.352798 -0.161696
vt 0.384039 -0.161797
vt 0.384039 -0.161460
vt 0.387664 -0.161744
vt 0.376830 -0.161696
vt 0.380414 -0.161744
vt 0.387522 -0.161267
vt 0.380555 -0.161267
vt 0.384038 -0.161198
vt 0.391250 -0.161696
vt 0.422598 -0.161797
vt 0.422598 -0.161460
vt 0.426235 -0.161744
vt 0.415366 -0.161696
vt 0.418962 -0.161744
vt 0.426093 -0.161267
vt 0.419103 -0.161267
vt 0.422598 -0.161198
vt 0.429833 -0.161696
vt 0.461268 -0.161797
vt 0.461268 -0.161460
vt 0.464913 -0.161744
vt 0.454018 -0.161696
vt 0.457623 -0.161744
vt 0.464771 -0.161267
vt 0.457765 -0.161267
vt 0.461268 -0.161198
vt 0.468519 -0.161696
vt 0.500000 -0.161797
vt 0.500000 -0.161460
vt 0.503648 -0.161744
vt 0.492743 -0.161696
vt 0.496352 -0.161744
vt 0.503506 -0.161267
vt 0.496494 -0.161267
vt 0.500000 -0.161198
vt 0.507257 -0.161696
vt 0.538732 -0.161797
vt 0.538732 -0.161460
vt 0.542377 -0.161744
vt 0.531481 -0.161696
vt 0.535087 -0.161744
vt 0.542235 -0.161267
vt 0.535229 -0.161267
vt 0.538732 -0.161198
vt 0.545982 -0.161696
vt 0.577402 -0.161797
vt 0.577402 -0.161460
vt 0.581038 -0.161744
vt 0.570167 -0.161696
vt 0.573765 -0.161744
vt 0.580897 -0.161267
vt 0.573906 -0.161267
vt 0.577402 -0.161198
vt 0.584634 -0.161696
vt 0.615961 -0.161797
vt 0.615961 -0.161460
vt 0.619586 -0.161744
vt 0.608750 -0.161696
vt 0.612336 -0.161744
vt 0.619445 -0.161267
vt 0.612477 -0.161267
vt 0.615961 -0.161198
vt 0.623170 -0.161696
vt 0.654389 -0.161797
vt 0.654388 -0.161460
vt 0.658000 -0.161744
vt 0.647202 -0.161696
vt 0.650776 -0.161744
vt 0.657860 -0.161267
vt 0.650917 -0.161267
vt 0.654389 -0.161198
vt 0.661572 -0.161696
vt 0.692692 -0.161797
vt 0.692692 -0.161460
vt 0.696294 -0.161744
vt 0.685526 -0.161696
vt 0.689090 -0.161744
vt 0.696153 -0.161267
vt 0.689230 -0.161267
vt 0.692692 -0.161198
vt 0.699855 -0.161696
vt 0.730908 -0.161797
vt 0.730908 -0.161460
vt 0.734504 -0.161744
vt 0.723755 -0.161696
vt 0.727312 -0.161744
vt 0.734364 -0.161267
vt 0.727452 -0.161267
vt 0.730908 -0.161198
vt 0.738061 -0.161696
vt 0.769093 -0.161797
vt 0.769093 -0.161460
vt 0.772689 -0.161744
vt 0.761940 -0.161696
vt 0.765496 -0.161744
vt 0.772549 -0.161267
vt 0.765637 -0.161267
vt 0.769093 -0.161198
vt 0.776246 -0.161696
vt 0.807308 -0.161797
vt 0.807308 -0.161460
vt 0.810911 -0.161744
vt 0.800145 -0.161696
vt 0.803707 -0.161744
vt 0.810770 -0.161267
vt 0.803847 -0.161267
vt 0.807308 -0.161198
vt 0.814474 -0.161696
vt 0.845612 -0.161797
vt 0.845612 -0.161460
vt 0.849225 -0.161744
vt 0.838429 -0.161696
vt 0.842000 -0.161744
vt 0.849084 -0.161267
vt 0.842141 -0.161267
vt 0.845612 -0.161198
vt 0.852799 -0.161696
vt 0.884039 -0.161797
vt 0.884039 -0.161460
vt 0.887664 -0.161744
vt 0.876831 -0.161696
vt 0.880414 -0.161744
vt 0.887523 -0.161267
vt 0.880556 -0.161267
vt 0.884039 -0.161198
vt 0.891251 -0.161696
vt 0.922598 -0.161797
vt 0.922599 -0.161460
vt 0.926235 -0.161744
vt 0.915366 -0.161696
vt 0.918962 -0.161744
vt 0.926094 -0.161267
vt 0.919104 -0.161267
vt 0.922598 -0.161198
vt 0.929833 -0.161696
vt 0.961268 -0.161797
vt 0.961268 -0.161460
vt 0.964913 -0.161744
vt 0.954018 -0.161696
vt 0.957623 -0.161744
vt 0.964771 -0.161267
vt 0.957765 -0.161267
vt 0.961268 -0.161198
vt 0.968519 -0.161696
vt 0.038733 -0.161839
vt 0.038733 -0.161826
vt 0.035105 -0.161837
vt 0.045880 -0.161811
vt 0.042360 -0.161837
vt 0.035551 -0.161723
vt 0.041915 -0.161723
vt 0.038733 -0.161563
vt 0.031584 -0.161811
vt 0.077402 -0.161839
vt 0.077402 -0.161826
vt 0.073783 -0.161837
vt 0.084532 -0.161811
vt 0.081021 -0.161837
vt 0.074228 -0.161723
vt 0.080577 -0.161723
vt 0.077403 -0.161563
vt 0.070269 -0.161811
vt 0.115961 -0.161839
vt 0.115962 -0.161826
vt 0.112354 -0.161837
vt 0.123068 -0.161811
vt 0.119568 -0.161837
vt 0.112797 -0.161723
vt 0.119126 -0.161723
vt 0.115962 -0.161563
vt 0.108852 -0.161811
vt 0.154388 -0.161839
vt 0.154389 -0.161826
vt 0.150793 -0.161837
vt 0.161470 -0.161811
vt 0.157983 -0.161837
vt 0.151235 -0.161723
vt 0.157542 -0.161723
vt 0.154389 -0.161563
vt 0.147303 -0.161811
vt 0.192692 -0.161839
vt 0.192692 -0.161826
vt 0.189107 -0.161837
vt 0.199754 -0.161811
vt 0.196276 -0.161837
vt 0.189548 -0.161723
vt 0.195836 -0.161723
vt 0.192692 -0.161563
vt 0.185627 -0.161811
vt 0.230908 -0.161839
vt 0.230908 -0.161826
vt 0.227329 -0.161837
vt 0.237959 -0.161811
vt 0.234486 -0.161837
vt 0.227769 -0.161723
vt 0.234047 -0.161723
vt 0.230908 -0.161563
vt 0.223855 -0.161811
vt 0.269092 -0.161839
vt 0.269092 -0.161826
vt 0.265513 -0.161837
vt 0.276144 -0.161811
vt 0.272671 -0.161837
vt 0.265953 -0.161723
vt 0.272231 -0.161723
vt 0.269092 -0.161563
vt 0.262041 -0.161811
vt 0.307308 -0.161839
vt 0.307308 -0.161826
vt 0.303724 -0.161837
vt 0.314372 -0.161811
vt 0.310893 -0.161837
vt 0.304164 -0.161723
vt 0.310452 -0.161723
vt 0.307308 -0.161563
vt 0.300246 -0.161811
vt 0.345611 -0.161839
vt 0.345611 -0.161826
vt 0.342017 -0.161837
vt 0.352696 -0.161811
vt 0.349206 -0.161837
vt 0.342458 -0.161723
vt 0.348764 -0.161723
vt 0.345611 -0.161563
vt 0.338529 -0.161811
vt 0.384038 -0.161839
vt 0.384038 -0.161826
vt 0.380431 -0.161837
vt 0.391148 -0.161811
vt 0.387646 -0.161837
vt 0.380874 -0.161723
vt 0.387202 -0.161723
vt 0.384038 -0.161563
vt 0.376932 -0.161811
vt 0.422598 -0.161839
vt 0.422597 -0.161826
vt 0.418979 -0.161837
vt 0.429730 -0.161811
vt 0.426217 -0.161837
vt 0.419423 -0.161723
vt 0.425772 -0.161723
vt 0.422597 -0.161563
vt 0.415468 -0.161811
vt 0.461267 -0.161839
vt 0.461267 -0.161826
vt 0.457640 -0.161837
vt 0.468416 -0.161811
vt 0.464895 -0.161837
vt 0.458085 -0.161723
vt 0.464449 -0.161723
vt 0.461267 -0.161563
vt 0.454120 -0.161811
vt 0.500000 -0.161839
vt 0.500000 -0.161826
vt 0.496369 -0.161837
vt 0.507154 -0.161811
vt 0.503630 -0.161837
vt 0.496815 -0.161723
vt 0.503184 -0.161723
vt 0.500000 -0.161563
vt 0.492846 -0.161811
vt 0.538732 -0.161839
vt 0.538732 -0.161826
vt 0.535104 -0.161837
vt 0.545879 -0.161811
vt 0.542359 -0.161837
vt 0.535550 -0.161723
vt 0.541914 -0.161723
vt 0.538732 -0.161563
vt 0.531583 -0.161811
vt 0.577402 -0.161839
vt 0.577402 -0.161826
vt 0.573782 -0.161837
vt 0.584532 -0.161811
vt 0.581020 -0.161837
vt 0.574227 -0.161723
vt 0.580576 -0.161723
vt 0.577402 -0.161563
vt 0.570269 -0.161811
vt 0.615961 -0.161839
vt 0.615961 -0.161826
vt 0.612354 -0.161837
vt 0.623067 -0.161811
vt 0.619568 -0.161837
vt 0.612797 -0.161723
vt 0.619125 -0.161723
vt 0.615962 -0.161563
vt 0.608851 -0.161811
vt 0.654388 -0.161839
vt 0.654389 -0.161826
vt 0.650793 -0.161837
vt 0.661470 -0.161811
vt 0.657983 -0.161837
vt 0.651235 -0.161723
vt 0.657542 -0.161723
vt 0.654389 -0.161563
vt 0.647303 -0.161811
vt 0.692692 -0.161839
vt 0.692692 -0.161826
vt 0.689107 -0.161837
vt 0.699754 -0.161811
vt 0.696276 -0.161837
vt 0.689548 -0.161723
vt 0.695836 -0.161723
vt 0.692692 -0.161563
vt 0.685628 -0.161811
vt 0.730908 -0.161839
vt 0.730908 -0.161826
vt 0.727329 -0.161837
vt 0.737959 -0.161811
vt 0.734487 -0.161837
vt 0.727769 -0.161723
vt 0.734047 -0.161723
vt 0.730908 -0.161563
vt 0.723856 -0.161811
vt 0.769093 -0.161839
vt 0.769093 -0.161826
vt 0.765514 -0.161837
vt 0.776145 -0.161811
vt 0.772671 -0.161837
vt 0.765954 -0.161723
vt 0.772232 -0.161723
vt 0.769093 -0.161563
vt 0.762041 -0.161811
vt 0.807309 -0.161839
vt 0.807309 -0.161826
vt 0.803725 -0.161837
vt 0.814373 -0.161811
vt 0.810894 -0.161837
vt 0.804165 -0.161723
vt 0.810453 -0.161723
vt 0.807308 -0.161563
vt 0.800247 -0.161811
vt 0.845612 -0.161839
vt 0.845612 -0.161826
vt 0.842018 -0.161837
vt 0.852697 -0.161811
vt 0.849207 -0.161837
vt 0.842459 -0.161723
vt 0.848765 -0.161723
vt 0.845612 -0.161563
vt 0.838530 -0.161811
vt 0.884039 -0.161839
vt 0.884039 -0.161826
vt 0.880433 -0.161837
vt 0.891149 -0.161811
vt 0.887647 -0.161837
vt 0.880875 -0.161723
vt 0.887203 -0.161723
vt 0.884039 -0.161563
vt 0.876933 -0.161811
vt 0.922599 -0.161839
vt 0.922599 -0.161826
vt 0.918980 -0.161837
vt 0.929731 -0.161811
vt 0.926218 -0.161837
vt 0.919424 -0.161723
vt 0.925773 -0.161723
vt 0.922598 -0.161563
vt 0.915469 -0.161811
vt 0.961269 -0.161839
vt 0.961268 -0.161826
vt 0.957641 -0.161837
vt 0.968417 -0.161811
vt 0.964896 -0.161837
vt 0.958086 -0.161723
vt 0.964450 -0.161723
vt 0.961268 -0.161563
vt 0.954121 -0.161811
vt 1.000000 -0.161841
vt 1.000000 -0.161826
vt 0.995861 -0.161841
vt 1.008278 -0.161841
vt 1.004139 -0.161841
vt 0.995861 -0.161811
vt 1.004139 -0.161811
vt 1.000000 -0.161781
vt 0.992846 -0.161811
vt 0.004782 -0.161081
vt 0.008394 -0.161741
vt 0.009564 -0.161839
vt 0.000000 -0.160323
vt 0.004461 -0.161446
vt 0.000000 -0.161781
vt 0.000000 -0.161052
vt 0.004139 -0.161811
vt 0.030345 -0.161741
vt 0.034276 -0.161446
vt 0.038733 -0.161249
vt 0.069033 -0.161741
vt 0.072956 -0.161446
vt 0.077403 -0.161249
vt 0.107619 -0.161741
vt 0.111529 -0.161446
vt 0.115962 -0.161249
vt 0.146075 -0.161741
vt 0.149972 -0.161446
vt 0.154389 -0.161249
vt 0.184403 -0.161741
vt 0.188288 -0.161446
vt 0.192692 -0.161249
vt 0.222633 -0.161741
vt 0.226511 -0.161446
vt 0.230908 -0.161249
vt 0.260819 -0.161741
vt 0.264695 -0.161446
vt 0.269092 -0.161249
vt 0.299022 -0.161741
vt 0.302904 -0.161446
vt 0.307308 -0.161249
vt 0.337302 -0.161741
vt 0.341195 -0.161446
vt 0.345611 -0.161249
vt 0.375700 -0.161741
vt 0.379607 -0.161446
vt 0.384037 -0.161249
vt 0.414232 -0.161741
vt 0.418151 -0.161446
vt 0.422597 -0.161249
vt 0.452882 -0.161741
vt 0.456811 -0.161446
vt 0.461267 -0.161249
vt 0.491606 -0.161741
vt 0.495539 -0.161446
vt 0.500000 -0.161249
vt 0.530344 -0.161741
vt 0.534275 -0.161446
vt 0.538733 -0.161249
vt 0.569033 -0.161741
vt 0.572955 -0.161446
vt 0.577402 -0.161249
vt 0.607619 -0.161741
vt 0.611529 -0.161446
vt 0.615962 -0.161249
vt 0.646075 -0.161741
vt 0.649972 -0.161446
vt 0.654389 -0.161249
vt 0.684403 -0.161741
vt 0.688288 -0.161446
vt 0.692692 -0.161249
vt 0.722634 -0.161741
vt 0.726511 -0.161446
vt 0.730908 -0.161249
vt 0.760819 -0.161741
vt 0.764696 -0.161446
vt 0.769092 -0.161249
vt 0.799022 -0.161741
vt 0.802905 -0.161446
vt 0.807308 -0.161249
vt 0.837303 -0.161741
vt 0.841196 -0.161446
vt 0.845611 -0.161249
vt 0.875701 -0.161741
vt 0.879607 -0.161446
vt 0.884038 -0.161249
vt 0.914233 -0.161741
vt 0.918152 -0.161446
vt 0.922598 -0.161249
vt 0.952882 -0.161741
vt 0.956812 -0.161446
vt 0.961268 -0.161249
vt 0.995540 -0.161446
vt 1.000000 -0.161052
vt 0.991606 -0.161741
vt 0.043189 -0.161446
vt 0.047118 -0.161741
vt 0.081848 -0.161446
vt 0.085768 -0.161741
vt 0.120393 -0.161446
vt 0.124299 -0.161741
vt 0.158805 -0.161446
vt 0.162698 -0.161741
vt 0.197095 -0.161446
vt 0.200978 -0.161741
vt 0.235304 -0.161446
vt 0.239181 -0.161741
vt 0.273489 -0.161446
vt 0.277367 -0.161741
vt 0.311712 -0.161446
vt 0.315597 -0.161741
vt 0.350028 -0.161446
vt 0.353924 -0.161741
vt 0.388470 -0.161446
vt 0.392380 -0.161741
vt 0.427044 -0.161446
vt 0.430967 -0.161741
vt 0.465724 -0.161446
vt 0.469655 -0.161741
vt 0.504460 -0.161446
vt 0.508394 -0.161741
vt 0.543189 -0.161446
vt 0.547118 -0.161741
vt 0.581848 -0.161446
vt 0.585767 -0.161741
vt 0.620393 -0.161446
vt 0.624299 -0.161741
vt 0.658805 -0.161446
vt 0.662698 -0.161741
vt 0.697096 -0.161446
vt 0.700978 -0.161741
vt 0.735305 -0.161446
vt 0.739182 -0.161741
vt 0.773489 -0.161446
vt 0.777367 -0.161741
vt 0.811712 -0.161446
vt 0.815597 -0.161741
vt 0.850029 -0.161446
vt 0.853925 -0.161741
vt 0.888471 -0.161446
vt 0.892381 -0.161741
vt 0.927045 -0.161446
vt 0.930968 -0.161741
vt 0.965725 -0.161446
vt 0.969656 -0.161741
vt 0.011273 -0.161840
vt 0.009105 -0.161839
vt 0.008278 -0.161841
vt 0.010623 -0.161840
vt 0.004139 -0.161841
vt 0.000000 -0.161841
vt 0.006244 -0.161841
vt 0.000000 -0.161841
vt 0.993756 -0.161841
vt 1.000000 -0.161841
vt 0.989377 -0.161840
vt 0.988727 -0.161840
vt 0.990896 -0.161839
vt 0.994971 -0.161839
vt 0.000000 -0.161839
vt 0.005029 -0.161839
vt 0.004782 -0.161839
vt 0.027467 -0.161840
vt 0.028116 -0.161840
vt 0.029634 -0.161839
vt 0.033707 -0.161839
vt 0.038733 -0.161839
vt 0.043757 -0.161839
vt 0.047828 -0.161839
vt 0.049994 -0.161840
vt 0.049344 -0.161840
vt 0.044970 -0.161841
vt 0.038733 -0.161841
vt 0.032493 -0.161841
vt 0.066161 -0.161840
vt 0.066809 -0.161840
vt 0.068324 -0.161839
vt 0.072388 -0.161839
vt 0.077402 -0.161839
vt 0.082415 -0.161839
vt 0.086475 -0.161839
vt 0.088636 -0.161840
vt 0.087988 -0.161840
vt 0.083624 -0.161841
vt 0.077402 -0.161841
vt 0.071176 -0.161841
vt 0.104756 -0.161840
vt 0.105402 -0.161840
vt 0.106913 -0.161839
vt 0.110964 -0.161839
vt 0.115962 -0.161839
vt 0.120957 -0.161839
vt 0.125005 -0.161839
vt 0.127157 -0.161840
vt 0.126512 -0.161840
vt 0.122163 -0.161841
vt 0.115961 -0.161841
vt 0.109755 -0.161841
vt 0.143222 -0.161840
vt 0.143866 -0.161840
vt 0.145371 -0.161839
vt 0.149409 -0.161839
vt 0.154389 -0.161839
vt 0.159367 -0.161839
vt 0.163401 -0.161839
vt 0.165546 -0.161840
vt 0.164903 -0.161840
vt 0.160569 -0.161841
vt 0.154388 -0.161841
vt 0.148204 -0.161841
vt 0.181559 -0.161840
vt 0.182200 -0.161840
vt 0.183701 -0.161839
vt 0.187726 -0.161839
vt 0.192692 -0.161839
vt 0.197656 -0.161839
vt 0.201679 -0.161839
vt 0.203819 -0.161840
vt 0.203177 -0.161840
vt 0.198855 -0.161841
vt 0.192692 -0.161841
vt 0.186525 -0.161841
vt 0.219795 -0.161840
vt 0.220435 -0.161840
vt 0.221933 -0.161839
vt 0.225951 -0.161839
vt 0.230908 -0.161839
vt 0.235865 -0.161839
vt 0.239882 -0.161839
vt 0.242019 -0.161840
vt 0.241378 -0.161840
vt 0.237062 -0.161841
vt 0.230907 -0.161841
vt 0.224752 -0.161841
vt 0.257981 -0.161840
vt 0.258622 -0.161840
vt 0.260118 -0.161839
vt 0.264135 -0.161839
vt 0.269092 -0.161839
vt 0.274049 -0.161839
vt 0.278067 -0.161839
vt 0.280205 -0.161840
vt 0.279565 -0.161840
vt 0.275247 -0.161841
vt 0.269092 -0.161841
vt 0.262938 -0.161841
vt 0.296181 -0.161840
vt 0.296823 -0.161840
vt 0.298321 -0.161839
vt 0.302343 -0.161839
vt 0.307308 -0.161839
vt 0.312274 -0.161839
vt 0.316299 -0.161839
vt 0.318441 -0.161840
vt 0.317800 -0.161840
vt 0.313474 -0.161841
vt 0.307308 -0.161841
vt 0.301145 -0.161841
vt 0.334454 -0.161840
vt 0.335097 -0.161840
vt 0.336599 -0.161839
vt 0.340633 -0.161839
vt 0.345611 -0.161839
vt 0.350591 -0.161839
vt 0.354629 -0.161839
vt 0.356777 -0.161840
vt 0.356134 -0.161840
vt 0.351796 -0.161841
vt 0.345611 -0.161841
vt 0.339431 -0.161841
vt 0.372842 -0.161840
vt 0.373488 -0.161840
vt 0.374995 -0.161839
vt 0.379043 -0.161839
vt 0.384038 -0.161839
vt 0.389036 -0.161839
vt 0.393087 -0.161839
vt 0.395243 -0.161840
vt 0.394598 -0.161840
vt 0.390244 -0.161841
vt 0.384038 -0.161841
vt 0.377837 -0.161841
vt 0.411364 -0.161840
vt 0.412012 -0.161840
vt 0.413525 -0.161839
vt 0.417585 -0.161839
vt 0.422598 -0.161839
vt 0.427612 -0.161839
vt 0.431676 -0.161839
vt 0.433839 -0.161840
vt 0.433191 -0.161840
vt 0.428824 -0.161841
vt 0.422598 -0.161841
vt 0.416375 -0.161841
vt 0.450006 -0.161840
vt 0.450656 -0.161840
vt 0.452172 -0.161839
vt 0.456243 -0.161839
vt 0.461267 -0.161839
vt 0.466293 -0.161839
vt 0.470366 -0.161839
vt 0.472533 -0.161840
vt 0.471884 -0.161840
vt 0.467507 -0.161841
vt 0.461267 -0.161841
vt 0.455030 -0.161841
vt 0.488727 -0.161840
vt 0.489377 -0.161840
vt 0.490896 -0.161839
vt 0.494971 -0.161839
vt 0.500000 -0.161839
vt 0.505029 -0.161839
vt 0.509104 -0.161839
vt 0.511273 -0.161840
vt 0.510623 -0.161840
vt 0.506244 -0.161841
vt 0.500000 -0.161841
vt 0.493756 -0.161841
vt 0.527467 -0.161840
vt 0.528116 -0.161840
vt 0.529634 -0.161839
vt 0.533707 -0.161839
vt 0.538733 -0.161839
vt 0.543757 -0.161839
vt 0.547828 -0.161839
vt 0.549993 -0.161840
vt 0.549344 -0.161840
vt 0.544969 -0.161841
vt 0.538732 -0.161841
vt 0.532492 -0.161841
vt 0.566161 -0.161840
vt 0.566808 -0.161840
vt 0.568324 -0.161839
vt 0.572388 -0.161839
vt 0.577402 -0.161839
vt 0.582415 -0.161839
vt 0.586475 -0.161839
vt 0.588635 -0.161840
vt 0.587987 -0.161840
vt 0.583624 -0.161841
vt 0.577402 -0.161841
vt 0.571176 -0.161841
vt 0.604756 -0.161840
vt 0.605402 -0.161840
vt 0.606913 -0.161839
vt 0.610964 -0.161839
vt 0.615962 -0.161839
vt 0.620957 -0.161839
vt 0.625005 -0.161839
vt 0.627157 -0.161840
vt 0.626511 -0.161840
vt 0.622163 -0.161841
vt 0.615961 -0.161841
vt 0.609755 -0.161841
vt 0.643222 -0.161840
vt 0.643865 -0.161840
vt 0.645371 -0.161839
vt 0.649409 -0.161839
vt 0.654389 -0.161839
vt 0.659367 -0.161839
vt 0.663401 -0.161839
vt 0.665546 -0.161840
vt 0.664903 -0.161840
vt 0.660569 -0.161841
vt 0.654388 -0.161841
vt 0.648204 -0.161841
vt 0.681559 -0.161840
vt 0.682200 -0.161840
vt 0.683701 -0.161839
vt 0.687726 -0.161839
vt 0.692692 -0.161839
vt 0.697657 -0.161839
vt 0.701679 -0.161839
vt 0.703819 -0.161840
vt 0.703177 -0.161840
vt 0.698855 -0.161841
vt 0.692692 -0.161841
vt 0.686526 -0.161841
vt 0.719795 -0.161840
vt 0.720435 -0.161840
vt 0.721933 -0.161839
vt 0.725951 -0.161839
vt 0.730908 -0.161839
vt 0.735865 -0.161839
vt 0.739882 -0.161839
vt 0.742019 -0.161840
vt 0.741379 -0.161840
vt 0.737062 -0.161841
vt 0.730908 -0.161841
vt 0.724753 -0.161841
vt 0.757982 -0.161840
vt 0.758622 -0.161840
vt 0.760119 -0.161839
vt 0.764136 -0.161839
vt 0.769092 -0.161839
vt 0.774050 -0.161839
vt 0.778068 -0.161839
vt 0.780206 -0.161840
vt 0.779566 -0.161840
vt 0.775248 -0.161841
vt 0.769093 -0.161841
vt 0.762938 -0.161841
vt 0.796181 -0.161840
vt 0.796823 -0.161840
vt 0.798321 -0.161839
vt 0.802344 -0.161839
vt 0.807308 -0.161839
vt 0.812274 -0.161839
vt 0.816299 -0.161839
vt 0.818441 -0.161840
vt 0.817800 -0.161840
vt 0.813475 -0.161841
vt 0.807309 -0.161841
vt 0.801145 -0.161841
vt 0.834455 -0.161840
vt 0.835098 -0.161840
vt 0.836600 -0.161839
vt 0.840633 -0.161839
vt 0.845611 -0.161839
vt 0.850592 -0.161839
vt 0.854629 -0.161839
vt 0.856778 -0.161840
vt 0.856135 -0.161840
vt 0.851797 -0.161841
vt 0.845613 -0.161841
vt 0.839432 -0.161841
vt 0.872843 -0.161840
vt 0.873489 -0.161840
vt 0.874996 -0.161839
vt 0.879043 -0.161839
vt 0.884038 -0.161839
vt 0.889036 -0.161839
vt 0.893088 -0.161839
vt 0.895244 -0.161840
vt 0.894599 -0.161840
vt 0.890245 -0.161841
vt 0.884040 -0.161841
vt 0.877838 -0.161841
vt 0.911365 -0.161840
vt 0.912013 -0.161840
vt 0.913525 -0.161839
vt 0.917586 -0.161839
vt 0.922598 -0.161839
vt 0.927612 -0.161839
vt 0.931676 -0.161839
vt 0.933839 -0.161840
vt 0.933192 -0.161840
vt 0.928825 -0.161841
vt 0.922599 -0.161841
vt 0.916376 -0.161841
vt 0.950007 -0.161840
vt 0.950657 -0.161840
vt 0.952173 -0.161839
vt 0.956244 -0.161839
vt 0.961268 -0.161839
vt 0.966293 -0.161839
vt 0.970366 -0.161839
vt 0.972534 -0.161840
vt 0.971885 -0.161840
vt 0.967508 -0.161841
vt 0.961269 -0.161841
vt 0.955031 -0.161841
s 1
f 27/1/1 106/2/2 264/3/1
f 262/1/3 366/4/4 106/2/2
f 263/5/5 366/4/4 55/6/6
f 28/7/1 106/2/2 263/5/5
f 28/7/1 107/8/7 266/9/1
f 263/5/5 367/10/8 107/8/7
f 265/11/9 367/10/8 56/12/10
f 29/13/1 107/8/7 265/11/9
f 29/13/1 108/14/11 268/15/1
f 265/11/9 368/16/12 108/14/11
f 267/17/13 368/16/12 57/18/14
f 30/19/1 108/14/11 267/17/13
f 30/19/1 109/20/15 270/21/1
f 267/17/13 369/22/16 109/20/15
f 269/23/17 369/22/16 58/24/18
f 31/25/1 109/20/15 269/23/17
f 31/25/1 110/26/19 272/27/1
f 269/23/17 370/28/20 110/26/19
f 271/29/21 370/28/20 59/30/22
f 32/31/1 110/26/19 271/29/21
f 32/31/1 111/32/23 274/33/1
f 271/29/21 371/34/24 111/32/23
f 273/35/25 371/34/24 60/36/26
f 33/37/1 111/32/23 273/35/25
f 33/37/1 112/38/27 276/39/1
f 273/35/25 372/40/28 112/38/27
f 275/41/29 372/40/28 61/42/30
f 34/43/1 112/38/27 275/41/29
f 34/43/1 113/44/31 278/45/1
f 275/41/29 373/46/32 113/44/31
f 277/47/33 373/46/32 62/48/34
f 35/49/1 113/44/31 277/47/33
f 35/49/1 114/50/35 280/51/1
f 277/47/33 374/52/36 114/50/35
f 279/53/37 374/52/36 63/54/38
f 36/55/1 114/50/35 279/53/37
f 36/55/1 115/56/39 282/57/1
f 279/53/37 375/58/40 115/56/39
f 281/59/41 375/58/40 64/60/42
f 37/61/1 115/56/39 281/59/41
f 37/61/1 116/62/43 284/63/1
f 281/59/41 376/64/44 116/62/43
f 283/65/45 376/64/44 65/66/46
f 38/67/1 116/62/43 283/65/45
f 38/67/1 117/68/47 286/69/1
f 283/65/45 377/70/48 117/68/47
f 285/71/49 377/70/48 66/72/50
f 39/73/1 117/68/47 285/71/49
f 39/73/1 118/74/51 288/75/1
f 285/71/49 378/76/52 118/74/51
f 287/77/53 378/76/52 67/78/54
f 40/79/1 118/74/51 287/77/53
f 40/79/1 119/80/55 290/81/1
f 287/77/53 379/82/56 119/80/55
f 289/83/57 379/82/56 68/84/58
f 41/85/1 119/80/55 289/83/57
f 41/85/1 120/86/59 292/87/1
f 289/83/57 380/88/60 120/86/59
f 291/89/61 380/88/60 69/90/62
f 42/91/1 120/86/59 291/89/61
f 42/91/1 121/92/63 294/93/1
f 291/89/61 381/94/64 121/92/63
f 293/95/65 381/94/64 70/96/66
f 43/97/1 121/92/63 293/95/65
f 43/97/1 122/98/67 296/99/1
f 293/95/65 382/100/68 122/98/67
f 295/101/69 382/100/68 71/102/70
f 44/103/1 122/98/67 295/101/69
f 44/103/1 123/104/71 298/105/1
f 295/101/69 383/106/72 123/104/71
f 297/107/73 383/106/72 72/108/74
f 45/109/1 123/104/71 297/107/73
f 45/109/1 124/110/75 300/111/1
f 297/107/73 384/112/76 124/110/75
f 299/113/77 384/112/76 73/114/78
f 46/115/1 124/110/75 299/113/77
f 46/115/1 125/116/79 302/117/1
f 299/113/77 385/118/80 125/116/79
f 301/119/81 385/118/80 74/120/82
f 47/121/1 125/116/79 301/119/81
f 47/121/1 126/122/83 304/123/1
f 301/119/81 386/124/84 126/122/83
f 303/125/85 386/124/84 75/126/86
f 48/127/1 126/122/83 303/125/85
f 48/127/1 127/128/87 306/129/1
f 303/125/85 387/130/88 127/128/87
f 305/131/89 387/130/88 76/132/90
f 49/133/1 127/128/87 305/131/89
f 49/133/1 128/134/91 308/135/1
f 305/131/89 388/136/92 128/134/91
f 307/137/93 388/136/92 77/138/94
f 50/139/1 128/134/91 307/137/93
f 50/139/1 129/140/95 310/141/1
f 307/137/93 389/142/96 129/140/95
f 309/143/97 389/142/96 78/144/98
f 51/145/1 129/140/95 309/143/97
f 51/145/1 130/146/99 312/147/1
f 309/143/97 390/148/100 130/146/99
f 311/149/101 390/148/100 26/150/102
f 52/151/1 130/146/99 311/149/101
f 52/151/1 131/152/103 313/152/1
f 311/149/101 391/152/104 131/152/103
f 262/153/3 391/152/104 1/153/105
f 27/153/1 131/152/103 262/153/3
f 314/154/1 418/155/1 53/156/1
f 80/157/1 132/158/1 314/154/1
f 81/159/1 132/158/1 443/160/1
f 418/155/1 419/161/1 53/156/1
f 81/159/1 133/162/1 418/155/1
f 82/163/1 133/162/1 444/164/1
f 419/161/1 420/165/1 53/156/1
f 82/163/1 134/166/1 419/161/1
f 83/167/1 134/166/1 445/168/1
f 420/165/1 421/169/1 53/156/1
f 83/167/1 135/170/1 420/165/1
f 84/171/1 135/170/1 446/172/1
f 421/169/1 422/173/1 53/156/1
f 84/171/1 136/174/1 421/169/1
f 85/175/1 136/174/1 447/176/1
f 422/173/1 423/177/1 53/156/1
f 85/175/1 137/178/1 422/173/1
f 86/179/1 137/178/1 448/180/1
f 423/177/1 424/181/1 53/156/1
f 86/179/1 138/182/1 423/177/1
f 87/183/1 138/182/1 449/184/1
f 424/181/1 425/185/1 53/156/1
f 87/183/1 139/186/1 424/181/1
f 88/187/1 139/186/1 450/188/1
f 425/185/1 426/189/1 53/156/1
f 88/187/1 140/190/1 425/185/1
f 89/191/1 140/190/1 451/192/1
f 426/189/1 427/193/1 53/156/1
f 89/191/1 141/194/1 426/189/1
f 90/195/1 141/194/1 452/196/1
f 427/193/1 428/197/1 53/156/1
f 90/195/1 142/198/1 427/193/1
f 91/199/1 142/198/1 453/200/1
f 428/197/1 429/201/1 53/156/1
f 91/199/1 143/202/1 428/197/1
f 92/203/1 143/202/1 454/204/1
f 429/201/1 430/205/1 53/156/1
f 92/203/1 144/206/1 429/201/1
f 93/207/1 144/206/1 455/208/1
f 430/205/1 431/209/1 53/156/1
f 93/207/1 145/210/1 430/205/1
f 94/211/1 145/210/1 456/212/1
f 431/209/1 432/213/1 53/156/1
f 94/211/1 146/214/1 431/209/1
f 95/215/1 146/214/1 457/216/1
f 432/213/1 433/217/1 53/156/1
f 95/215/1 147/218/1 432/213/1
f 96/219/1 147/218/1 458/220/1
f 433/217/1 434/221/1 53/156/1
f 96/219/1 148/222/1 433/217/1
f 97/223/1 148/222/1 459/224/1
f 434/221/1 435/225/1 53/156/1
f 97/223/1 149/226/1 434/221/1
f 98/227/1 149/226/1 460/228/1
f 435/225/1 436/229/1 53/156/1
f 98/227/1 150/230/1 435/225/1
f 99/231/1 150/230/1 461/232/1
f 436/233/1 437/234/1 53/235/1
f 99/236/1 151/237/1 436/233/1
f 100/238/1 151/237/1 462/239/1
f 437/240/1 438/241/1 53/235/1
f 100/242/1 152/243/1 437/240/1
f 101/244/1 152/243/1 463/245/1
f 438/246/1 439/247/1 53/235/1
f 101/248/1 153/249/1 438/246/1
f 102/250/1 153/249/1 464/251/1
f 439/252/1 440/253/1 53/235/1
f 102/254/1 154/255/1 439/252/1
f 103/256/1 154/255/1 465/257/1
f 440/258/1 441/259/1 53/235/1
f 103/260/1 155/261/1 440/258/1
f 104/262/1 155/261/1 466/263/1
f 441/264/1 442/265/1 53/235/1
f 104/266/1 156/267/1 441/264/1
f 105/268/1 156/267/1 467/269/1
f 442/270/1 314/271/1 53/235/1
f 105/272/1 157/273/1 442/270/1
f 80/274/1 157/273/1 468/275/1
f 341/276/106 236/277/107 2/278/108
f 55/6/6 158/279/109 341/276/106
f 1/1/105 158/279/109 366/4/4
f 340/280/110 236/277/107 158/279/109
f 342/281/111 237/282/112 3/283/113
f 56/12/10 159/284/114 342/281/111
f 55/6/6 159/284/114 367/10/8
f 341/276/106 237/282/112 159/284/114
f 343/285/115 238/286/116 4/287/117
f 57/18/14 160/288/118 343/285/115
f 56/12/10 160/288/118 368/16/12
f 342/281/111 238/286/116 160/288/118
f 344/289/119 239/290/120 5/291/121
f 58/24/18 161/292/122 344/289/119
f 57/18/14 161/292/122 369/22/16
f 343/285/115 239/290/120 161/292/122
f 345/293/123 240/294/124 6/295/125
f 59/30/22 162/296/126 345/293/123
f 58/24/18 162/296/126 370/28/20
f 344/289/119 240/294/124 162/296/126
f 346/297/127 241/298/128 7/299/129
f 60/36/26 163/300/130 346/297/127
f 59/30/22 163/300/130 371/34/24
f 345/293/123 241/298/128 163/300/130
f 347/301/131 242/302/132 8/303/133
f 61/42/30 164/304/134 347/301/131
f 60/36/26 164/304/134 372/40/28
f 346/297/127 242/302/132 164/304/134
f 348/305/135 243/306/136 9/307/137
f 62/48/34 165/308/138 348/305/135
f 61/42/30 165/308/138 373/46/32
f 347/301/131 243/306/136 165/308/138
f 349/309/139 244/310/140 10/311/141
f 63/54/38 166/312/142 349/309/139
f 62/48/34 166/312/142 374/52/36
f 348/305/135 244/310/140 166/312/142
f 350/313/143 245/314/144 11/315/145
f 64/60/42 167/316/146 350/313/143
f 63/54/38 167/316/146 375/58/40
f 349/309/139 245/314/144 167/316/146
f 351/317/147 246/318/148 12/319/149
f 65/66/46 168/320/150 351/317/147
f 64/60/42 168/320/150 376/64/44
f 350/313/143 246/318/148 168/320/150
f 352/321/151 247/322/152 13/323/153
f 66/72/50 169/324/154 352/321/151
f 65/66/46 169/324/154 377/70/48
f 351/317/147 247/322/152 169/324/154
f 353/325/155 248/326/156 14/327/157
f 67/78/54 170/328/158 353/325/155
f 66/72/50 170/328/158 378/76/52
f 352/321/151 248/326/156 170/328/158
f 354/329/159 249/330/160 15/331/161
f 68/84/58 171/332/162 354/329/159
f 67/78/54 171/332/162 379/82/56
f 353/325/155 249/330/160 171/332/162
f 355/333/163 250/334/164 16/335/165
f 69/90/62 172/336/166 355/333/163
f 68/84/58 172/336/166 380/88/60
f 354/329/159 250/334/164 172/336/166
f 356/337/167 251/338/168 17/339/169
f 70/96/66 173/340/170 356/337/167
f 69/90/62 173/340/170 381/94/64
f 355/333/163 251/338/168 173/340/170
f 357/341/171 252/342/172 18/343/173
f 71/102/70 174/344/174 357/341/171
f 70/96/66 174/344/174 382/100/68
f 356/337/167 252/342/172 174/344/174
f 358/345/175 253/346/176 19/347/177
f 72/108/74 175/348/178 358/345/175
f 71/102/70 175/348/178 383/106/72
f 357/341/171 253/346/176 175/348/178
f 359/349/179 254/350/180 20/351/181
f 73/114/78 176/352/182 359/349/179
f 72/108/74 176/352/182 384/112/76
f 358/345/175 254/350/180 176/352/182
f 360/353/183 255/354/184 21/355/185
f 74/120/82 177/356/186 360/353/183
f 73/114/78 177/356/186 385/118/80
f 359/349/179 255/354/184 177/356/186
f 361/357/187 256/358/188 22/359/189
f 75/126/86 178/360/190 361/357/187
f 74/120/82 178/360/190 386/124/84
f 360/353/183 256/358/188 178/360/190
f 362/361/191 257/362/192 23/363/193
f 76/132/90 179/364/194 362/361/191
f 75/126/86 179/364/194 387/130/88
f 361/357/187 257/362/192 179/364/194
f 363/365/195 258/366/196 24/367/197
f 77/138/94 180/368/198 363/365/195
f 76/132/90 180/368/198 388/136/92
f 362/361/191 258/366/196 180/368/198
f 364/369/199 259/370/200 25/371/201
f 78/144/98 181/372/202 364/369/199
f 77/138/94 181/372/202 389/142/96
f 363/365/195 259/370/200 181/372/202
f 365/373/203 260/374/204 79/375/205
f 26/150/102 182/376/206 365/373/203
f 78/144/98 182/376/206 390/148/100
f 364/369/199 260/374/204 182/376/206
f 340/377/110 261/378/207 54/379/208
f 1/153/105 183/380/209 340/377/110
f 26/150/102 183/380/209 391/152/104
f 365/373/203 261/378/207 183/380/209
f 2/278/108 184/381/210 392/382/211
f 54/383/208 184/381/210 236/277/107
f 3/283/113 185/384/212 393/385/213
f 2/278/108 185/384/212 237/282/112
f 4/287/117 186/386/214 394/387/215
f 3/283/113 186/386/214 238/286/116
f 5/291/121 187/388/216 395/389/217
f 4/287/117 187/388/216 239/290/120
f 6/295/125 188/390/218 396/391/219
f 5/291/121 188/390/218 240/294/124
f 7/299/129 189/392/220 397/393/221
f 6/295/125 189/392/220 241/298/128
f 8/303/133 190/394/222 398/395/223
f 7/299/129 190/394/222 242/302/132
f 9/307/137 191/396/224 399/397/225
f 8/303/133 191/396/224 243/306/136
f 10/311/141 192/398/226 400/399/227
f 9/307/137 192/398/226 244/310/140
f 11/315/145 193/400/228 401/401/229
f 10/311/141 193/400/228 245/314/144
f 12/319/149 194/402/230 402/403/231
f 11/315/145 194/402/230 246/318/148
f 13/323/153 195/404/232 403/405/233
f 12/319/149 195/404/232 247/322/152
f 14/327/157 196/406/234 404/407/235
f 13/323/153 196/406/234 248/326/156
f 15/331/161 197/408/236 405/409/237
f 14/327/157 197/408/236 249/330/160
f 16/335/165 198/410/238 406/411/239
f 15/331/161 198/410/238 250/334/164
f 17/339/169 199/412/240 407/413/241
f 16/335/165 199/412/240 251/338/168
f 18/343/173 200/414/242 408/415/243
f 17/339/169 200/414/242 252/342/172
f 19/347/177 201/416/244 409/417/245
f 18/343/173 201/416/244 253/346/176
f 20/351/181 202/418/246 410/419/247
f 19/347/177 202/418/246 254/350/180
f 21/355/185 203/420/248 411/421/249
f 20/351/181 203/420/248 255/354/184
f 22/359/189 204/422/250 412/423/251
f 21/355/185 204/422/250 256/358/188
f 23/363/193 205/424/252 413/425/253
f 22/359/189 205/424/252 257/362/192
f 24/367/197 206/426/254 414/427/255
f 23/363/193 206/426/254 258/366/196
f 25/371/201 207/428/256 415/429/257
f 24/367/197 207/428/256 259/370/200
f 79/375/205 208/430/258 416/431/259
f 25/371/201 208/430/258 260/374/204
f 54/379/208 209/432/260 469/433/261
f 79/375/205 209/432/260 261/378/207
f 417/434/1 443/160/1 80/157/1
f 417/434/1 264/3/1 210/435/1
f 315/436/1 264/3/1 28/7/1
f 315/436/1 443/160/1 210/435/1
f 315/436/1 444/164/1 81/159/1
f 315/436/1 266/9/1 211/437/1
f 316/438/1 266/9/1 29/13/1
f 316/438/1 444/164/1 211/437/1
f 316/438/1 445/168/1 82/163/1
f 316/438/1 268/15/1 212/439/1
f 317/440/1 268/15/1 30/19/1
f 317/440/1 445/168/1 212/439/1
f 317/440/1 446/172/1 83/167/1
f 317/440/1 270/21/1 213/441/1
f 318/442/1 270/21/1 31/25/1
f 318/442/1 446/172/1 213/441/1
f 318/442/1 447/176/1 84/171/1
f 318/442/1 272/27/1 214/443/1
f 319/444/1 272/27/1 32/31/1
f 319/444/1 447/176/1 214/443/1
f 319/444/1 448/180/1 85/175/1
f 319/444/1 274/33/1 215/445/1
f 320/446/1 274/33/1 33/37/1
f 320/446/1 448/180/1 215/445/1
f 320/446/1 449/184/1 86/179/1
f 320/446/1 276/39/1 216/447/1
f 321/448/1 276/39/1 34/43/1
f 321/448/1 449/184/1 216/447/1
f 321/448/1 450/188/1 87/183/1
f 321/448/1 278/45/1 217/449/1
f 322/450/1 278/45/1 35/49/1
f 322/450/1 450/188/1 217/449/1
f 322/450/1 451/192/1 88/187/1
f 322/450/1 280/51/1 218/451/1
f 323/452/1 280/51/1 36/55/1
f 323/452/1 451/192/1 218/451/1
f 323/452/1 452/196/1 89/191/1
f 323/452/1 282/57/1 219/453/1
f 324/454/1 282/57/1 37/61/1
f 324/454/1 452/196/1 219/453/1
f 324/454/1 453/200/1 90/195/1
f 324/454/1 284/63/1 220/455/1
f 325/456/1 284/63/1 38/67/1
f 325/456/1 453/200/1 220/455/1
f 325/456/1 454/204/1 91/199/1
f 325/456/1 286/69/1 221/457/1
f 326/458/1 286/69/1 39/73/1
f 326/458/1 454/204/1 221/457/1
f 326/458/1 455/208/1 92/203/1
f 326/458/1 288/75/1 222/459/1
f 327/460/1 288/75/1 40/79/1
f 327/460/1 455/208/1 222/459/1
f 327/460/1 456/212/1 93/207/1
f 327/460/1 290/81/1 223/461/1
f 328/462/1 290/81/1 41/85/1
f 328/462/1 456/212/1 223/461/1
f 328/462/1 457/216/1 94/211/1
f 328/462/1 292/87/1 224/463/1
f 329/464/1 292/87/1 42/91/1
f 329/464/1 457/216/1 224/463/1
f 329/464/1 458/220/1 95/215/1
f 329/464/1 294/93/1 225/465/1
f 330/466/1 294/93/1 43/97/1
f 330/466/1 458/220/1 225/465/1
f 330/466/1 459/224/1 96/219/1
f 330/466/1 296/99/1 226/467/1
f 331/468/1 296/99/1 44/103/1
f 331/468/1 459/224/1 226/467/1
f 331/468/1 460/228/1 97/223/1
f 331/468/1 298/105/1 227/469/1
f 332/470/1 298/105/1 45/109/1
f 332/470/1 460/228/1 227/469/1
f 332/470/1 461/232/1 98/227/1
f 332/470/1 300/111/1 228/471/1
f 333/472/1 300/111/1 46/115/1
f 333/472/1 461/232/1 228/471/1
f 333/473/1 462/239/1 99/236/1
f 333/473/1 302/117/1 229/474/1
f 334/475/1 302/117/1 47/121/1
f 334/475/1 462/239/1 229/474/1
f 334/476/1 463/245/1 100/242/1
f 334/476/1 304/123/1 230/477/1
f 335/478/1 304/123/1 48/127/1
f 335/478/1 463/245/1 230/477/1
f 335/479/1 464/251/1 101/248/1
f 335/479/1 306/129/1 231/480/1
f 336/481/1 306/129/1 49/133/1
f 336/481/1 464/251/1 231/480/1
f 336/482/1 465/257/1 102/254/1
f 336/482/1 308/135/1 232/483/1
f 337/484/1 308/135/1 50/139/1
f 337/484/1 465/257/1 232/483/1
f 337/485/1 466/263/1 103/260/1
f 337/485/1 310/141/1 233/486/1
f 338/487/1 310/141/1 51/145/1
f 338/487/1 466/263/1 233/486/1
f 338/488/1 467/269/1 104/266/1
f 338/488/1 312/147/1 234/489/1
f 339/490/1 312/147/1 52/151/1
f 339/490/1 467/269/1 234/489/1
f 339/491/1 468/275/1 105/272/1
f 339/491/1 313/152/1 235/492/1
f 417/493/1 313/152/1 27/153/1
f 417/493/1 468/275/1 235/492/1
f 27/1/1 262/1/3 106/2/2
f 262/1/3 1/1/105 366/4/4
f 263/5/5 106/2/2 366/4/4
f 28/7/1 264/3/1 106/2/2
f 28/7/1 263/5/5 107/8/7
f 263/5/5 55/6/6 367/10/8
f 265/11/9 107/8/7 367/10/8
f 29/13/1 266/9/1 107/8/7
f 29/13/1 265/11/9 108/14/11
f 265/11/9 56/12/10 368/16/12
f 267/17/13 108/14/11 368/16/12
f 30/19/1 268/15/1 108/14/11
f 30/19/1 267/17/13 109/20/15
f 267/17/13 57/18/14 369/22/16
f 269/23/17 109/20/15 369/22/16
f 31/25/1 270/21/1 109/20/15
f 31/25/1 269/23/17 110/26/19
f 269/23/17 58/24/18 370/28/20
f 271/29/21 110/26/19 370/28/20
f 32/31/1 272/27/1 110/26/19
f 32/31/1 271/29/21 111/32/23
f 271/29/21 59/30/22 371/34/24
f 273/35/25 111/32/23 371/34/24
f 33/37/1 274/33/1 111/32/23
f 33/37/1 273/35/25 112/38/27
f 273/35/25 60/36/26 372/40/28
f 275/41/29 112/38/27 372/40/28
f 34/43/1 276/39/1 112/38/27
f 34/43/1 275/41/29 113/44/31
f 275/41/29 61/42/30 373/46/32
f 277/47/33 113/44/31 373/46/32
f 35/49/1 278/45/1 113/44/31
f 35/49/1 277/47/33 114/50/35
f 277/47/33 62/48/34 374/52/36
f 279/53/37 114/50/35 374/52/36
f 36/55/1 280/51/1 114/50/35
f 36/55/1 279/53/37 115/56/39
f 279/53/37 63/54/38 375/58/40
f 281/59/41 115/56/39 375/58/40
f 37/61/1 282/57/1 115/56/39
f 37/61/1 281/59/41 116/62/43
f 281/59/41 64/60/42 376/64/44
f 283/65/45 116/62/43 376/64/44
f 38/67/1 284/63/1 116/62/43
f 38/67/1 283/65/45 117/68/47
f 283/65/45 65/66/46 377/70/48
f 285/71/49 117/68/47 377/70/48
f 39/73/1 286/69/1 117/68/47
f 39/73/1 285/71/49 118/74/51
f 285/71/49 66/72/50 378/76/52
f 287/77/53 118/74/51 378/76/52
f 40/79/1 288/75/1 118/74/51
f 40/79/1 287/77/53 119/80/55
f 287/77/53 67/78/54 379/82/56
f 289/83/57 119/80/55 379/82/56
f 41/85/1 290/81/1 119/80/55
f 41/85/1 289/83/57 120/86/59
f 289/83/57 68/84/58 380/88/60
f 291/89/61 120/86/59 380/88/60
f 42/91/1 292/87/1 120/86/59
f 42/91/1 291/89/61 121/92/63
f 291/89/61 69/90/62 381/94/64
f 293/95/65 121/92/63 381/94/64
f 43/97/1 294/93/1 121/92/63
f 43/97/1 293/95/65 122/98/67
f 293/95/65 70/96/66 382/100/68
f 295/101/69 122/98/67 382/100/68
f 44/103/1 296/99/1 122/98/67
f 44/103/1 295/101/69 123/104/71
f 295/101/69 71/102/70 383/106/72
f 297/107/73 123/104/71 383/106/72
f 45/109/1 298/105/1 123/104/71
f 45/109/1 297/107/73 124/110/75
f 297/107/73 72/108/74 384/112/76
f 299/113/77 124/110/75 384/112/76
f 46/115/1 300/111/1 124/110/75
f 46/115/1 299/113/77 125/116/79
f 299/113/77 73/114/78 385/118/80
f 301/119/81 125/116/79 385/118/80
f 47/121/1 302/117/1 125/116/79
f 47/121/1 301/119/81 126/122/83
f 301/119/81 74/120/82 386/124/84
f 303/125/85 126/122/83 386/124/84
f 48/127/1 304/123/1 126/122/83
f 48/127/1 303/125/85 127/128/87
f 303/125/85 75/126/86 387/130/88
f 305/131/89 127/128/87 387/130/88
f 49/133/1 306/129/1 127/128/87
f 49/133/1 305/131/89 128/134/91
f 305/131/89 76/132/90 388/136/92
f 307/137/93 128/134/91 388/136/92
f 50/139/1 308/135/1 128/134/91
f 50/139/1 307/137/93 129/140/95
f 307/137/93 77/138/94 389/142/96
f 309/143/97 129/140/95 389/142/96
f 51/145/1 310/141/1 129/140/95
f 51/145/1 309/143/97 130/146/99
f 309/143/97 78/144/98 390/148/100
f 311/149/101 130/146/99 390/148/100
f 52/151/1 312/147/1 130/146/99
f 52/151/1 311/149/101 131/152/103
f 311/149/101 26/150/102 391/152/104
f 262/153/3 131/152/103 391/152/104
f 27/153/1 313/152/1 131/152/103
f 314/154/1 132/158/1 418/155/1
f 80/157/1 443/160/1 132/158/1
f 81/159/1 418/155/1 132/158/1
f 418/155/1 133/162/1 419/161/1
f 81/159/1 444/164/1 133/162/1
f 82/163/1 419/161/1 133/162/1
f 419/161/1 134/166/1 420/165/1
f 82/163/1 445/168/1 134/166/1
f 83/167/1 420/165/1 134/166/1
f 420/165/1 135/170/1 421/169/1
f 83/167/1 446/172/1 135/170/1
f 84/171/1 421/169/1 135/170/1
f 421/169/1 136/174/1 422/173/1
f 84/171/1 447/176/1 136/174/1
f 85/175/1 422/173/1 136/174/1
f 422/173/1 137/178/1 423/177/1
f 85/175/1 448/180/1 137/178/1
f 86/179/1 423/177/1 137/178/1
f 423/177/1 138/182/1 424/181/1
f 86/179/1 449/184/1 138/182/1
f 87/183/1 424/181/1 138/182/1
f 424/181/1 139/186/1 425/185/1
f 87/183/1 450/188/1 139/186/1
f 88/187/1 425/185/1 139/186/1
f 425/185/1 140/190/1 426/189/1
f 88/187/1 451/192/1 140/190/1
f 89/191/1 426/189/1 140/190/1
f 426/189/1 141/194/1 427/193/1
f 89/191/1 452/196/1 141/194/1
f 90/195/1 427/193/1 141/194/1
f 427/193/1 142/198/1 428/197/1
f 90/195/1 453/200/1 142/198/1
f 91/199/1 428/197/1 142/198/1
f 428/197/1 143/202/1 429/201/1
f 91/199/1 454/204/1 143/202/1
f 92/203/1 429/201/1 143/202/1
f 429/201/1 144/206/1 430/205/1
f 92/203/1 455/208/1 144/206/1
f 93/207/1 430/205/1 144/206/1
f 430/205/1 145/210/1 431/209/1
f 93/207/1 456/212/1 145/210/1
f 94/211/1 431/209/1 145/210/1
f 431/209/1 146/214/1 432/213/1
f 94/211/1 457/216/1 146/214/1
f 95/215/1 432/213/1 146/214/1
f 432/213/1 147/218/1 433/217/1
f 95/215/1 458/220/1 147/218/1
f 96/219/1 433/217/1 147/218/1
f 433/217/1 148/222/1 434/221/1
f 96/219/1 459/224/1 148/222/1
f 97/223/1 434/221/1 148/222/1
f 434/221/1 149/226/1 435/225/1
f 97/223/1 460/228/1 149/226/1
f 98/227/1 435/225/1 149/226/1
f 435/225/1 150/230/1 436/229/1
f 98/227/1 461/232/1 150/230/1
f 99/231/1 436/229/1 150/230/1
f 436/233/1 151/237/1 437/234/1
f 99/236/1 462/239/1 151/237/1
f 100/238/1 437/234/1 151/237/1
f 437/240/1 152/243/1 438/241/1
f 100/242/1 463/245/1 152/243/1
f 101/244/1 438/241/1 152/243/1
f 438/246/1 153/249/1 439/247/1
f 101/248/1 464/251/1 153/249/1
f 102/250/1 439/247/1 153/249/1
f 439/252/1 154/255/1 440/253/1
f 102/254/1 465/257/1 154/255/1
f 103/256/1 440/253/1 154/255/1
f 440/258/1 155/261/1 441/259/1
f 103/260/1 466/263/1 155/261/1
f 104/262/1 441/259/1 155/261/1
f 441/264/1 156/267/1 442/265/1
f 104/266/1 467/269/1 156/267/1
f 105/268/1 442/265/1 156/267/1
f 442/270/1 157/273/1 314/271/1
f 105/272/1 468/275/1 157/273/1
f 80/274/1 314/271/1 157/273/1
f 341/276/106 158/279/109 236/277/107
f 55/6/6 366/4/4 158/279/109
f 1/1/105 340/280/110 158/279/109
f 340/280/110 54/383/208 236/277/107
f 342/281/111 159/284/114 237/282/112
f 56/12/10 367/10/8 159/284/114
f 55/6/6 341/276/106 159/284/114
f 341/276/106 2/278/108 237/282/112
f 343/285/115 160/288/118 238/286/116
f 57/18/14 368/16/12 160/288/118
f 56/12/10 342/281/111 160/288/118
f 342/281/111 3/283/113 238/286/116
f 344/289/119 161/292/122 239/290/120
f 58/24/18 369/22/16 161/292/122
f 57/18/14 343/285/115 161/292/122
f 343/285/115 4/287/117 239/290/120
f 345/293/123 162/296/126 240/294/124
f 59/30/22 370/28/20 162/296/126
f 58/24/18 344/289/119 162/296/126
f 344/289/119 5/291/121 240/294/124
f 346/297/127 163/300/130 241/298/128
f 60/36/26 371/34/24 163/300/130
f 59/30/22 345/293/123 163/300/130
f 345/293/123 6/295/125 241/298/128
f 347/301/131 164/304/134 242/302/132
f 61/42/30 372/40/28 164/304/134
f 60/36/26 346/297/127 164/304/134
f 346/297/127 7/299/129 242/302/132
f 348/305/135 165/308/138 243/306/136
f 62/48/34 373/46/32 165/308/138
f 61/42/30 347/301/131 165/308/138
f 347/301/131 8/303/133 243/306/136
f 349/309/139 166/312/142 244/310/140
f 63/54/38 374/52/36 166/312/142
f 62/48/34 348/305/135 166/312/142
f 348/305/135 9/307/137 244/310/140
f 350/313/143 167/316/146 245/314/144
f 64/60/42 375/58/40 167/316/146
f 63/54/38 349/309/139 167/316/146
f 349/309/139 10/311/141 245/314/144
f 351/317/147 168/320/150 246/318/148
f 65/66/46 376/64/44 168/320/150
f 64/60/42 350/313/143 168/320/150
f 350/313/143 11/315/145 246/318/148
f 352/321/151 169/324/154 247/322/152
f 66/72/50 377/70/48 169/324/154
f 65/66/46 351/317/147 169/324/154
f 351/317/147 12/319/149 247/322/152
f 353/325/155 170/328/158 248/326/156
f 67/78/54 378/76/52 170/328/158
f 66/72/50 352/321/151 170/328/158
f 352/321/151 13/323/153 248/326/156
f 354/329/159 171/332/162 249/330/160
f 68/84/58 379/82/56 171/332/162
f 67/78/54 353/325/155 171/332/162
f 353/325/155 14/327/157 249/330/160
f 355/333/163 172/336/166 250/334/164
f 69/90/62 380/88/60 172/336/166
f 68/84/58 354/329/159 172/336/166
f 354/329/159 15/331/161 250/334/164
f 356/337/167 173/340/170 251/338/168
f 70/96/66 381/94/64 173/340/170
f 69/90/62 355/333/163 173/340/170
f 355/333/163 16/335/165 251/338/168
f 357/341/171 174/344/174 252/342/172
f 71/102/70 382/100/68 174/344/174
f 70/96/66 356/337/167 174/344/174
f 356/337/167 17/339/169 252/342/172
f 358/345/175 175/348/178 253/346/176
f 72/108/74 383/106/72 175/348/178
f 71/102/70 357/341/171 175/348/178
f 357/341/171 18/343/173 253/346/176
f 359/349/179 176/352/182 254/350/180
f 73/114/78 384/112/76 176/352/182
f 72/108/74 358/345/175 176/352/182
f 358/345/175 19/347/177 254/350/180
f 360/353/183 177/356/186 255/354/184
f 74/120/82 385/118/80 177/356/186
f 73/114/78 359/349/179 177/356/186
f 359/349/179 20/351/181 255/354/184
f 361/357/187 178/360/190 256/358/188
f 75/126/86 386/124/84 178/360/190
f 74/120/82 360/353/183 178/360/190
f 360/353/183 21/355/185 256/358/188
f 362/361/191 179/364/194 257/362/192
f 76/132/90 387/130/88 179/364/194
f 75/126/86 361/357/187 179/364/194
f 361/357/187 22/359/189 257/362/192
f 363/365/195 180/368/198 258/366/196
f 77/138/94 388/136/92 180/368/198
f 76/132/90 362/361/191 180/368/198
f 362/361/191 23/363/193 258/366/196
f 364/369/199 181/372/202 259/370/200
f 78/144/98 389/142/96 181/372/202
f 77/138/94 363/365/195 181/372/202
f 363/365/195 24/367/197 259/370/200
f 365/373/203 182/376/206 260/374/204
f 26/150/102 390/148/100 182/376/206
f 78/144/98 364/369/199 182/376/206
f 364/369/199 25/371/201 260/374/204
f 340/377/110 183/380/209 261/378/207
f 1/153/105 391/152/104 183/380/209
f 26/150/102 365/373/203 183/380/209
f 365/373/203 79/375/205 261/378/207
f 2/278/108 236/277/107 184/381/210
f 54/383/208 469/494/261 184/381/210
f 3/283/113 237/282/112 185/384/212
f 2/278/108 392/382/211 185/384/212
f 4/287/117 238/286/116 186/386/214
f 3/283/113 393/385/213 186/386/214
f 5/291/121 239/290/120 187/388/216
f 4/287/117 394/387/215 187/388/216
f 6/295/125 240/294/124 188/390/218
f 5/291/121 395/389/217 188/390/218
f 7/299/129 241/298/128 189/392/220
f 6/295/125 396/391/219 189/392/220
f 8/303/133 242/302/132 190/394/222
f 7/299/129 397/393/221 190/394/222
f 9/307/137 243/306/136 191/396/224
f 8/303/133 398/395/223 191/396/224
f 10/311/141 244/310/140 192/398/226
f 9/307/137 399/397/225 192/398/226
f 11/315/145 245/314/144 193/400/228
f 10/311/141 400/399/227 193/400/228
f 12/319/149 246/318/148 194/402/230
f 11/315/145 401/401/229 194/402/230
f 13/323/153 247/322/152 195/404/232
f 12/319/149 402/403/231 195/404/232
f 14/327/157 248/326/156 196/406/234
f 13/323/153 403/405/233 196/406/234
f 15/331/161 249/330/160 197/408/236
f 14/327/157 404/407/235 197/408/236
f 16/335/165 250/334/164 198/410/238
f 15/331/161 405/409/237 198/410/238
f 17/339/169 251/338/168 199/412/240
f 16/335/165 406/411/239 199/412/240
f 18/343/173 252/342/172 200/414/242
f 17/339/169 407/413/241 200/414/242
f 19/347/177 253/346/176 201/416/244
f 18/343/173 408/415/243 201/416/244
f 20/351/181 254/350/180 202/418/246
f 19/347/177 409/417/245 202/418/246
f 21/355/185 255/354/184 203/420/248
f 20/351/181 410/419/247 203/420/248
f 22/359/189 256/358/188 204/422/250
f 21/355/185 411/421/249 204/422/250
f 23/363/193 257/362/192 205/424/252
f 22/359/189 412/423/251 205/424/252
f 24/367/197 258/366/196 206/426/254
f 23/363/193 413/425/253 206/426/254
f 25/371/201 259/370/200 207/428/256
f 24/367/197 414/427/255 207/428/256
f 79/375/205 260/374/204 208/430/258
f 25/371/201 415/429/257 208/430/258
f 54/379/208 261/378/207 209/432/260
f 79/375/205 416/431/259 209/432/260
f 417/434/1 210/435/1 443/160/1
f 417/434/1 27/1/1 264/3/1
f 315/436/1 210/435/1 264/3/1
f 315/436/1 81/159/1 443/160/1
f 315/436/1 211/437/1 444/164/1
f 315/436/1 28/7/1 266/9/1
f 316/438/1 211/437/1 266/9/1
f 316/438/1 82/163/1 444/164/1
f 316/438/1 212/439/1 445/168/1
f 316/438/1 29/13/1 268/15/1
f 317/440/1 212/439/1 268/15/1
f 317/440/1 83/167/1 445/168/1
f 317/440/1 213/441/1 446/172/1
f 317/440/1 30/19/1 270/21/1
f 318/442/1 213/441/1 270/21/1
f 318/442/1 84/171/1 446/172/1
f 318/442/1 214/443/1 447/176/1
f 318/442/1 31/25/1 272/27/1
f 319/444/1 214/443/1 272/27/1
f 319/444/1 85/175/1 447/176/1
f 319/444/1 215/445/1 448/180/1
f 319/444/1 32/31/1 274/33/1
f 320/446/1 215/445/1 274/33/1
f 320/446/1 86/179/1 448/180/1
f 320/446/1 216/447/1 449/184/1
f 320/446/1 33/37/1 276/39/1
f 321/448/1 216/447/1 276/39/1
f 321/448/1 87/183/1 449/184/1
f 321/448/1 217/449/1 450/188/1
f 321/448/1 34/43/1 278/45/1
f 322/450/1 217/449/1 278/45/1
f 322/450/1 88/187/1 450/188/1
f 322/450/1 218/451/1 451/192/1
f 322/450/1 35/49/1 280/51/1
f 323/452/1 218/451/1 280/51/1
f 323/452/1 89/191/1 451/192/1
f 323/452/1 219/453/1 452/196/1
f 323/452/1 36/55/1 282/57/1
f 324/454/1 219/453/1 282/57/1
f 324/454/1 90/195/1 452/196/1
f 324/454/1 220/455/1 453/200/1
f 324/454/1 37/61/1 284/63/1
f 325/456/1 220/455/1 284/63/1
f 325/456/1 91/199/1 453/200/1
f 325/456/1 221/457/1 454/204/1
f 325/456/1 38/67/1 286/69/1
f 326/458/1 221/457/1 286/69/1
f 326/458/1 92/203/1 454/204/1
f 326/458/1 222/459/1 455/208/1
f 326/458/1 39/73/1 288/75/1
f 327/460/1 222/459/1 288/75/1
f 327/460/1 93/207/1 455/208/1
f 327/460/1 223/461/1 456/212/1
f 327/460/1 40/79/1 290/81/1
f 328/462/1 223/461/1 290/81/1
f 328/462/1 94/211/1 456/212/1
f 328/462/1 224/463/1 457/216/1
f 328/462/1 41/85/1 292/87/1
f 329/464/1 224/463/1 292/87/1
f 329/464/1 95/215/1 457/216/1
f 329/464/1 225/465/1 458/220/1
f 329/464/1 42/91/1 294/93/1
f 330/466/1 225/465/1 294/93/1
f 330/466/1 96/219/1 458/220/1
f 330/466/1 226/467/1 459/224/1
f 330/466/1 43/97/1 296/99/1
f 331/468/1 226/467/1 296/99/1
f 331/468/1 97/223/1 459/224/1
f 331/468/1 227/469/1 460/228/1
f 331/468/1 44/103/1 298/105/1
f 332/470/1 227/469/1 298/105/1
f 332/470/1 98/227/1 460/228/1
f 332/470/1 228/471/1 461/232/1
f 332/470/1 45/109/1 300/111/1
f 333/472/1 228/471/1 300/111/1
f 333/472/1 99/231/1 461/232/1
f 333/473/1 229/474/1 462/239/1
f 333/473/1 46/115/1 302/117/1
f 334/475/1 229/474/1 302/117/1
f 334/475/1 100/238/1 462/239/1
f 334/476/1 230/477/1 463/245/1
f 334/476/1 47/121/1 304/123/1
f 335/478/1 230/477/1 304/123/1
f 335/478/1 101/244/1 463/245/1
f 335/479/1 231/480/1 464/251/1
f 335/479/1 48/127/1 306/129/1
f 336/481/1 231/480/1 306/129/1
f 336/481/1 102/250/1 464/251/1
f 336/482/1 232/483/1 465/257/1
f 336/482/1 49/133/1 308/135/1
f 337/484/1 232/483/1 308/135/1
f 337/484/1 103/256/1 465/257/1
f 337/485/1 233/486/1 466/263/1
f 337/485/1 50/139/1 310/141/1
f 338/487/1 233/486/1 310/141/1
f 338/487/1 104/262/1 466/263/1
f 338/488/1 234/489/1 467/269/1
f 338/488/1 51/145/1 312/147/1
f 339/490/1 234/489/1 312/147/1
f 339/490/1 105/268/1 467/269/1
f 339/491/1 235/492/1 468/275/1
f 339/491/1 52/151/1 313/152/1
f 417/493/1 235/492/1 313/152/1
f 417/493/1 80/274/1 468/275/1
f 470/495/262 652/496/263 1092/497/264
f 498/498/265 652/496/263 834/499/266
f 1093/500/267 835/501/268 574/502/269
f 1093/500/267 1092/497/264 652/496/263
f 498/498/265 653/503/270 835/501/268
f 499/504/271 653/503/270 838/505/272
f 1094/506/273 839/507/274 575/508/275
f 1094/506/273 835/501/268 653/503/270
f 499/504/271 654/509/276 839/507/274
f 500/510/277 654/509/276 841/511/278
f 1095/512/279 842/513/280 576/514/281
f 1095/512/279 839/507/274 654/509/276
f 500/510/277 655/515/282 842/513/280
f 501/516/283 655/515/282 844/517/284
f 1096/518/285 845/519/286 577/520/287
f 1096/518/285 842/513/280 655/515/282
f 501/516/283 656/521/288 845/519/286
f 502/522/289 656/521/288 847/523/290
f 1097/524/291 848/525/292 578/526/293
f 1097/524/291 845/519/286 656/521/288
f 502/522/289 657/527/294 848/525/292
f 503/528/295 657/527/294 850/529/296
f 1098/530/297 851/531/298 579/532/299
f 1098/530/297 848/525/292 657/527/294
f 503/528/295 658/533/300 851/531/298
f 504/534/301 658/533/300 853/535/302
f 1099/536/303 854/537/304 580/538/305
f 1099/536/303 851/531/298 658/533/300
f 504/534/301 659/539/306 854/537/304
f 505/540/307 659/539/306 856/541/308
f 1100/542/309 857/543/310 581/544/311
f 1100/542/309 854/537/304 659/539/306
f 505/540/307 660/545/312 857/543/310
f 506/546/313 660/545/312 859/547/314
f 1101/548/315 860/549/316 582/550/317
f 1101/548/315 857/543/310 660/545/312
f 506/546/313 661/551/318 860/549/316
f 507/552/319 661/551/318 862/553/320
f 1102/554/321 863/555/322 583/556/323
f 1102/554/321 860/549/316 661/551/318
f 507/552/319 662/557/324 863/555/322
f 508/558/325 662/557/324 865/559/326
f 1103/560/327 866/561/328 584/562/329
f 1103/560/327 863/555/322 662/557/324
f 508/558/325 663/563/330 866/561/328
f 509/564/331 663/563/330 868/565/332
f 1104/566/333 869/567/334 585/568/335
f 1104/566/333 866/561/328 663/563/330
f 509/564/331 664/569/336 869/567/334
f 510/570/337 664/569/336 871/571/338
f 1105/572/339 872/573/340 586/574/341
f 1105/572/339 869/567/334 664/569/336
f 510/570/337 665/575/342 872/573/340
f 511/576/343 665/575/342 874/577/344
f 1106/578/345 875/579/346 587/580/347
f 1106/578/345 872/573/340 665/575/342
f 511/576/343 666/581/348 875/579/346
f 512/582/349 666/581/348 877/583/350
f 1107/584/351 878/585/352 588/586/353
f 1107/584/351 875/579/346 666/581/348
f 512/582/349 667/587/354 878/585/352
f 513/588/355 667/587/354 880/589/356
f 1108/590/357 881/591/358 589/592/359
f 1108/590/357 878/585/352 667/587/354
f 513/588/355 668/593/360 881/591/358
f 514/594/361 668/593/360 883/595/362
f 1109/596/363 884/597/364 590/598/365
f 1109/596/363 881/591/358 668/593/360
f 514/594/361 669/599/366 884/597/364
f 515/600/367 669/599/366 886/601/368
f 1110/602/369 887/603/370 591/604/371
f 1110/602/369 884/597/364 669/599/366
f 515/600/367 670/605/372 887/603/370
f 516/606/373 670/605/372 889/607/374
f 1111/608/375 890/609/376 592/610/377
f 1111/608/375 887/603/370 670/605/372
f 516/606/373 671/611/378 890/609/376
f 517/612/379 671/611/378 892/613/380
f 1112/614/381 893/615/382 593/616/383
f 1112/614/381 890/609/376 671/611/378
f 517/612/379 672/617/384 893/615/382
f 518/618/385 672/617/384 895/619/386
f 1113/620/387 896/621/388 594/622/389
f 1113/620/387 893/615/382 672/617/384
f 518/618/385 673/623/390 896/621/388
f 519/624/391 673/623/390 898/625/392
f 1114/626/393 899/627/394 595/628/395
f 1114/626/393 896/621/388 673/623/390
f 519/624/391 674/629/396 899/627/394
f 520/630/397 674/629/396 901/631/398
f 1115/632/399 902/633/400 596/634/401
f 1115/632/399 899/627/394 674/629/396
f 520/630/397 675/635/402 902/633/400
f 521/636/403 675/635/402 904/637/404
f 1116/638/405 905/639/406 597/640/407
f 1116/638/405 902/633/400 675/635/402
f 521/636/403 676/641/408 905/639/406
f 471/642/409 676/641/408 907/643/410
f 1117/644/411 908/645/412 598/646/413
f 1117/644/411 905/639/406 676/641/408
f 471/642/409 677/647/414 908/645/412
f 470/648/262 677/647/414 910/649/415
f 1118/650/416 1092/651/264 599/652/417
f 1118/650/416 908/645/412 677/647/414
f 989/653/418 913/654/419 522/655/420
f 989/653/418 912/656/421 678/657/422
f 990/658/423 912/659/421 523/660/424
f 990/658/423 914/661/425 679/662/426
f 991/663/427 914/661/425 524/664/428
f 991/663/427 915/665/429 680/666/430
f 992/667/431 915/665/429 525/668/432
f 992/667/431 916/669/433 681/670/434
f 993/671/435 916/669/433 526/672/436
f 993/671/435 917/673/437 682/674/438
f 994/675/439 917/673/437 527/676/440
f 994/675/439 918/677/441 683/678/442
f 995/679/443 918/677/441 528/680/444
f 995/679/443 919/681/445 684/682/446
f 996/683/447 919/681/445 529/684/448
f 996/683/447 920/685/449 685/686/450
f 997/687/451 920/685/449 530/688/452
f 997/687/451 921/689/453 686/690/454
f 998/691/455 921/689/453 531/692/456
f 998/691/455 922/693/457 687/694/458
f 999/695/459 922/693/457 532/696/460
f 999/695/459 923/697/461 688/698/462
f 1000/699/463 923/697/461 533/700/464
f 1000/699/463 924/701/465 689/702/466
f 1001/703/467 924/701/465 534/704/468
f 1001/703/467 925/705/469 690/706/470
f 1002/707/471 925/705/469 535/708/472
f 1002/707/471 926/709/473 691/710/474
f 1003/711/475 926/709/473 536/712/476
f 1003/711/475 927/713/477 692/714/478
f 1004/715/479 927/713/477 537/716/480
f 1004/715/479 928/717/481 693/718/482
f 1005/719/483 928/717/481 538/720/484
f 1005/719/483 929/721/485 694/722/486
f 1006/723/487 929/721/485 539/724/488
f 1006/723/487 930/725/489 695/726/490
f 1007/727/491 930/725/489 540/728/492
f 1007/727/491 931/729/493 696/730/494
f 1008/731/495 931/729/493 541/732/496
f 1008/731/495 932/733/497 697/734/498
f 1009/735/499 932/733/497 542/736/500
f 1009/735/499 933/737/501 698/738/502
f 1010/739/503 933/737/501 543/740/504
f 1010/739/503 934/741/505 699/742/506
f 1011/743/507 934/741/505 544/744/508
f 1011/743/507 935/745/509 700/746/510
f 1012/747/511 935/745/509 545/748/512
f 1012/747/511 936/749/513 701/750/514
f 1013/751/515 936/749/513 546/752/516
f 1013/751/515 937/753/517 702/754/518
f 1014/755/519 937/753/517 547/756/520
f 1014/755/519 913/654/419 703/757/521
f 1223/758/522 834/499/266 470/495/262
f 938/759/523 834/499/266 1224/760/524
f 938/759/523 838/505/272 498/498/265
f 939/761/525 838/505/272 1225/762/526
f 939/761/525 841/511/278 499/504/271
f 940/763/527 841/511/278 1226/764/528
f 940/763/527 844/517/284 500/510/277
f 941/765/529 844/517/284 1227/766/530
f 941/765/529 847/523/290 501/516/283
f 942/767/531 847/523/290 1228/768/532
f 942/767/531 850/529/296 502/522/289
f 943/769/533 850/529/296 1229/770/534
f 943/769/533 853/535/302 503/528/295
f 944/771/535 853/535/302 1230/772/536
f 944/771/535 856/541/308 504/534/301
f 945/773/537 856/541/308 1231/774/538
f 945/773/537 859/547/314 505/540/307
f 946/775/539 859/547/314 1232/776/540
f 946/775/539 862/553/320 506/546/313
f 947/777/541 862/553/320 1233/778/542
f 947/777/541 865/559/326 507/552/319
f 948/779/543 865/559/326 1234/780/544
f 948/779/543 868/565/332 508/558/325
f 949/781/545 868/565/332 1235/782/546
f 949/781/545 871/571/338 509/564/331
f 950/783/547 871/571/338 1236/784/548
f 950/783/547 874/577/344 510/570/337
f 951/785/549 874/577/344 1237/786/550
f 951/785/549 877/583/350 511/576/343
f 952/787/551 877/583/350 1238/788/552
f 952/787/551 880/589/356 512/582/349
f 953/789/553 880/589/356 1239/790/554
f 953/789/553 883/595/362 513/588/355
f 954/791/555 883/595/362 1240/792/556
f 954/791/555 886/601/368 514/594/361
f 955/793/557 886/601/368 1241/794/558
f 955/793/557 889/607/374 515/600/367
f 956/795/559 889/607/374 1242/796/560
f 956/795/559 892/613/380 516/606/373
f 957/797/561 892/613/380 1243/798/562
f 957/797/561 895/619/386 517/612/379
f 958/799/563 895/619/386 1244/800/564
f 958/799/563 898/625/392 518/618/385
f 959/801/565 898/625/392 1245/802/566
f 959/801/565 901/631/398 519/624/391
f 960/803/567 901/631/398 1246/804/568
f 960/803/567 904/637/404 520/630/397
f 961/805/569 904/637/404 1247/806/570
f 961/805/569 907/643/410 521/636/403
f 962/807/571 907/643/410 1248/808/572
f 962/807/571 910/649/415 471/642/409
f 1223/809/522 910/649/415 1249/810/573
f 964/811/574 836/812/575 473/813/576
f 523/660/424 704/814/577 964/811/574
f 522/815/420 704/814/577 989/816/418
f 963/817/578 836/812/575 704/814/577
f 965/818/579 840/819/580 474/820/581
f 524/664/428 705/821/582 965/818/579
f 523/660/424 705/821/582 990/658/423
f 964/811/574 840/819/580 705/821/582
f 966/822/583 843/823/584 475/824/585
f 525/668/432 706/825/586 966/822/583
f 524/664/428 706/825/586 991/663/427
f 965/818/579 843/823/584 706/825/586
f 967/826/587 846/827/588 476/828/589
f 526/672/436 707/829/590 967/826/587
f 525/668/432 707/829/590 992/667/431
f 966/822/583 846/827/588 707/829/590
f 968/830/591 849/831/592 477/832/593
f 527/676/440 708/833/594 968/830/591
f 526/672/436 708/833/594 993/671/435
f 967/826/587 849/831/592 708/833/594
f 969/834/595 852/835/596 478/836/597
f 528/680/444 709/837/598 969/834/595
f 527/676/440 709/837/598 994/675/439
f 968/830/591 852/835/596 709/837/598
f 970/838/599 855/839/600 479/840/601
f 529/684/448 710/841/602 970/838/599
f 528/680/444 710/841/602 995/679/443
f 969/834/595 855/839/600 710/841/602
f 971/842/603 858/843/604 480/844/605
f 530/688/452 711/845/606 971/842/603
f 529/684/448 711/845/606 996/683/447
f 970/838/599 858/843/604 711/845/606
f 972/846/607 861/847/608 481/848/609
f 531/692/456 712/849/610 972/846/607
f 530/688/452 712/849/610 997/687/451
f 971/842/603 861/847/608 712/849/610
f 973/850/611 864/851/612 482/852/613
f 532/696/460 713/853/614 973/850/611
f 531/692/456 713/853/614 998/691/455
f 972/846/607 864/851/612 713/853/614
f 974/854/615 867/855/616 483/856/617
f 533/700/464 714/857/618 974/854/615
f 532/696/460 714/857/618 999/695/459
f 973/850/611 867/855/616 714/857/618
f 975/858/619 870/859/620 484/860/621
f 534/704/468 715/861/622 975/858/619
f 533/700/464 715/861/622 1000/699/463
f 974/854/615 870/859/620 715/861/622
f 976/862/623 873/863/624 485/864/625
f 535/708/472 716/865/626 976/862/623
f 534/704/468 716/865/626 1001/703/467
f 975/858/619 873/863/624 716/865/626
f 977/866/627 876/867/628 486/868/629
f 536/712/476 717/869/630 977/866/627
f 535/708/472 717/869/630 1002/707/471
f 976/862/623 876/867/628 717/869/630
f 978/870/631 879/871/632 487/872/633
f 537/716/480 718/873/634 978/870/631
f 536/712/476 718/873/634 1003/711/475
f 977/866/627 879/871/632 718/873/634
f 979/874/635 882/875/636 488/876/637
f 538/720/484 719/877/638 979/874/635
f 537/716/480 719/877/638 1004/715/479
f 978/870/631 882/875/636 719/877/638
f 980/878/639 885/879/640 489/880/641
f 539/724/488 720/881/642 980/878/639
f 538/720/484 720/881/642 1005/719/483
f 979/874/635 885/879/640 720/881/642
f 981/882/643 888/883/644 490/884/645
f 540/728/492 721/885/646 981/882/643
f 539/724/488 721/885/646 1006/723/487
f 980/878/639 888/883/644 721/885/646
f 982/886/647 891/887/648 491/888/649
f 541/732/496 722/889/650 982/886/647
f 540/728/492 722/889/650 1007/727/491
f 981/882/643 891/887/648 722/889/650
f 983/890/651 894/891/652 492/892/653
f 542/736/500 723/893/654 983/890/651
f 541/732/496 723/893/654 1008/731/495
f 982/886/647 894/891/652 723/893/654
f 984/894/655 897/895/656 493/896/657
f 543/740/504 724/897/658 984/894/655
f 542/736/500 724/897/658 1009/735/499
f 983/890/651 897/895/656 724/897/658
f 985/898/659 900/899/660 494/900/661
f 544/744/508 725/901/662 985/898/659
f 543/740/504 725/901/662 1010/739/503
f 984/894/655 900/899/660 725/901/662
f 986/902/663 903/903/664 495/904/665
f 545/748/512 726/905/666 986/902/663
f 544/744/508 726/905/666 1011/743/507
f 985/898/659 903/903/664 726/905/666
f 987/906/667 906/907/668 496/908/669
f 546/752/516 727/909/670 987/906/667
f 545/748/512 727/909/670 1012/747/511
f 986/902/663 906/907/668 727/909/670
f 988/910/671 909/911/672 497/912/673
f 547/756/520 728/913/674 988/910/671
f 546/752/516 728/913/674 1013/751/515
f 987/906/667 909/911/672 728/913/674
f 963/914/578 911/915/675 472/916/676
f 522/655/420 729/917/677 963/914/578
f 547/756/520 729/917/677 1014/755/519
f 988/910/671 911/915/675 729/917/677
f 548/918/269 730/919/678 1041/920/267
f 473/813/576 730/919/678 1015/921/679
f 472/922/676 730/919/678 836/812/575
f 549/923/417 730/919/678 837/924/680
f 550/925/275 731/926/681 1042/927/273
f 474/820/581 731/926/681 1017/928/682
f 473/813/576 731/926/681 840/819/580
f 548/918/269 731/926/681 1015/921/679
f 551/929/281 732/930/683 1043/931/279
f 475/824/585 732/930/683 1018/932/684
f 474/820/581 732/930/683 843/823/584
f 550/925/275 732/930/683 1017/928/682
f 552/933/287 733/934/685 1044/935/285
f 476/828/589 733/934/685 1019/936/686
f 475/824/585 733/934/685 846/827/588
f 551/929/281 733/934/685 1018/932/684
f 553/937/293 734/938/687 1045/939/291
f 477/832/593 734/938/687 1020/940/688
f 476/828/589 734/938/687 849/831/592
f 552/933/287 734/938/687 1019/936/686
f 554/941/299 735/942/689 1046/943/297
f 478/836/597 735/942/689 1021/944/690
f 477/832/593 735/942/689 852/835/596
f 553/937/293 735/942/689 1020/940/688
f 555/945/305 736/946/691 1047/947/303
f 479/840/601 736/946/691 1022/948/692
f 478/836/597 736/946/691 855/839/600
f 554/941/299 736/946/691 1021/944/690
f 556/949/311 737/950/693 1048/951/309
f 480/844/605 737/950/693 1023/952/694
f 479/840/601 737/950/693 858/843/604
f 555/945/305 737/950/693 1022/948/692
f 557/953/317 738/954/695 1049/955/315
f 481/848/609 738/954/695 1024/956/696
f 480/844/605 738/954/695 861/847/608
f 556/949/311 738/954/695 1023/952/694
f 558/957/323 739/958/697 1050/959/321
f 482/852/613 739/958/697 1025/960/698
f 481/848/609 739/958/697 864/851/612
f 557/953/317 739/958/697 1024/956/696
f 559/961/329 740/962/699 1051/963/327
f 483/856/617 740/962/699 1026/964/700
f 482/852/613 740/962/699 867/855/616
f 558/957/323 740/962/699 1025/960/698
f 560/965/335 741/966/701 1052/967/333
f 484/860/621 741/966/701 1027/968/702
f 483/856/617 741/966/701 870/859/620
f 559/961/329 741/966/701 1026/964/700
f 561/969/341 742/970/703 1053/971/339
f 485/864/625 742/970/703 1028/972/704
f 484/860/621 742/970/703 873/863/624
f 560/965/335 742/970/703 1027/968/702
f 562/973/347 743/974/705 1054/975/345
f 486/868/629 743/974/705 1029/976/706
f 485/864/625 743/974/705 876/867/628
f 561/969/341 743/974/705 1028/972/704
f 563/977/353 744/978/707 1055/979/351
f 487/872/633 744/978/707 1030/980/708
f 486/868/629 744/978/707 879/871/632
f 562/973/347 744/978/707 1029/976/706
f 564/981/359 745/982/709 1056/983/357
f 488/876/637 745/982/709 1031/984/710
f 487/872/633 745/982/709 882/875/636
f 563/977/353 745/982/709 1030/980/708
f 565/985/365 746/986/711 1057/987/363
f 489/880/641 746/986/711 1032/988/712
f 488/876/637 746/986/711 885/879/640
f 564/981/359 746/986/711 1031/984/710
f 566/989/371 747/990/713 1058/991/369
f 490/884/645 747/990/713 1033/992/714
f 489/880/641 747/990/713 888/883/644
f 565/985/365 747/990/713 1032/988/712
f 567/993/377 748/994/715 1059/995/375
f 491/888/649 748/994/715 1034/996/716
f 490/884/645 748/994/715 891/887/648
f 566/989/371 748/994/715 1033/992/714
f 568/997/383 749/998/717 1060/999/381
f 492/892/653 749/998/717 1035/1000/718
f 491/888/649 749/998/717 894/891/652
f 567/993/377 749/998/717 1034/996/716
f 569/1001/389 750/1002/719 1061/1003/387
f 493/896/657 750/1002/719 1036/1004/720
f 492/892/653 750/1002/719 897/895/656
f 568/997/383 750/1002/719 1035/1000/718
f 570/1005/395 751/1006/721 1062/1007/393
f 494/900/661 751/1006/721 1037/1008/722
f 493/896/657 751/1006/721 900/899/660
f 569/1001/389 751/1006/721 1036/1004/720
f 571/1009/401 752/1010/723 1063/1011/399
f 495/904/665 752/1010/723 1038/1012/724
f 494/900/661 752/1010/723 903/903/664
f 570/1005/395 752/1010/723 1037/1008/722
f 572/1013/407 753/1014/725 1064/1015/405
f 496/908/669 753/1014/725 1039/1016/726
f 495/904/665 753/1014/725 906/907/668
f 571/1009/401 753/1014/725 1038/1012/724
f 573/1017/413 754/1018/727 1065/1019/411
f 497/912/673 754/1018/727 1040/1020/728
f 496/908/669 754/1018/727 909/911/672
f 572/1013/407 754/1018/727 1039/1016/726
f 549/1021/417 755/1022/729 1066/1023/416
f 472/916/676 755/1022/729 837/1024/680
f 497/912/673 755/1022/729 911/915/675
f 573/1017/413 755/1022/729 1040/1020/728
f 574/1025/269 756/1026/267 1093/1027/267
f 1067/1028/269 1145/1029/267 756/1026/267
f 1119/1030/417 1145/1029/267 600/1031/417
f 599/1032/417 756/1026/267 1119/1030/417
f 575/1033/275 757/1034/273 1094/1035/273
f 1068/1036/275 1146/1037/273 757/1034/273
f 1067/1028/269 1146/1037/273 601/1038/269
f 574/1025/269 757/1034/273 1067/1028/269
f 576/1039/281 758/1040/279 1095/1041/279
f 1069/1042/281 1147/1043/279 758/1040/279
f 1068/1036/275 1147/1043/279 602/1044/275
f 575/1033/275 758/1040/279 1068/1036/275
f 577/1045/287 759/1046/285 1096/1047/285
f 1070/1048/287 1148/1049/285 759/1046/285
f 1069/1042/281 1148/1049/285 603/1050/281
f 576/1039/281 759/1046/285 1069/1042/281
f 578/1051/293 760/1052/291 1097/1053/291
f 1071/1054/293 1149/1055/291 760/1052/291
f 1070/1048/287 1149/1055/291 604/1056/287
f 577/1045/287 760/1052/291 1070/1048/287
f 579/1057/299 761/1058/297 1098/1059/297
f 1072/1060/299 1150/1061/297 761/1058/297
f 1071/1054/293 1150/1061/297 605/1062/293
f 578/1051/293 761/1058/297 1071/1054/293
f 580/1063/305 762/1064/303 1099/1065/303
f 1073/1066/305 1151/1067/303 762/1064/303
f 1072/1060/299 1151/1067/303 606/1068/299
f 579/1057/299 762/1064/303 1072/1060/299
f 581/1069/311 763/1070/309 1100/1071/309
f 1074/1072/311 1152/1073/309 763/1070/309
f 1073/1074/305 1152/1073/309 607/1075/305
f 580/1076/305 763/1070/309 1073/1074/305
f 582/1077/317 764/1078/315 1101/1079/315
f 1075/1080/317 1153/1081/315 764/1078/315
f 1074/1072/311 1153/1081/315 608/1082/311
f 581/1069/311 764/1078/315 1074/1072/311
f 583/1083/323 765/1084/321 1102/1085/321
f 1076/1086/323 1154/1087/321 765/1084/321
f 1075/1080/317 1154/1087/321 609/1088/317
f 582/1077/317 765/1084/321 1075/1080/317
f 584/1089/329 766/1090/327 1103/1091/327
f 1077/1092/329 1155/1093/327 766/1090/327
f 1076/1086/323 1155/1093/327 610/1094/323
f 583/1083/323 766/1090/327 1076/1086/323
f 585/1095/335 767/1096/333 1104/1097/333
f 1078/1098/335 1156/1099/333 767/1096/333
f 1077/1092/329 1156/1099/333 611/1100/329
f 584/1089/329 767/1096/333 1077/1092/329
f 586/1101/341 768/1102/339 1105/1103/339
f 1079/1104/341 1157/1105/339 768/1102/339
f 1078/1098/335 1157/1105/339 612/1106/335
f 585/1095/335 768/1102/339 1078/1098/335
f 587/1107/347 769/1108/345 1106/1109/345
f 1080/1110/347 1158/1111/345 769/1108/345
f 1079/1104/341 1158/1111/345 613/1112/341
f 586/1101/341 769/1108/345 1079/1104/341
f 588/1113/353 770/1114/351 1107/1115/351
f 1081/1116/353 1159/1117/351 770/1114/351
f 1080/1110/347 1159/1117/351 614/1118/347
f 587/1107/347 770/1114/351 1080/1110/347
f 589/1119/359 771/1120/357 1108/1121/357
f 1082/1122/359 1160/1123/357 771/1120/357
f 1081/1116/353 1160/1123/357 615/1124/353
f 588/1113/353 771/1120/357 1081/1116/353
f 590/1125/365 772/1126/363 1109/1127/363
f 1083/1128/365 1161/1129/363 772/1126/363
f 1082/1122/359 1161/1129/363 616/1130/359
f 589/1119/359 772/1126/363 1082/1122/359
f 591/1131/371 773/1132/369 1110/1133/369
f 1084/1134/371 1162/1135/369 773/1132/369
f 1083/1128/365 1162/1135/369 617/1136/365
f 590/1125/365 773/1132/369 1083/1128/365
f 592/1137/377 774/1138/375 1111/1139/375
f 1085/1140/377 1163/1141/375 774/1138/375
f 1084/1134/371 1163/1141/375 618/1142/371
f 591/1131/371 774/1138/375 1084/1134/371
f 593/1143/383 775/1144/381 1112/1145/381
f 1086/1146/383 1164/1147/381 775/1144/381
f 1085/1140/377 1164/1147/381 619/1148/377
f 592/1137/377 775/1144/381 1085/1140/377
f 594/1149/389 776/1150/387 1113/1151/387
f 1087/1152/389 1165/1153/387 776/1150/387
f 1086/1146/383 1165/1153/387 620/1154/383
f 593/1143/383 776/1150/387 1086/1146/383
f 595/1155/395 777/1156/393 1114/1157/393
f 1088/1158/395 1166/1159/393 777/1156/393
f 1087/1152/389 1166/1159/393 621/1160/389
f 594/1149/389 777/1156/393 1087/1152/389
f 596/1161/401 778/1162/399 1115/1163/399
f 1089/1164/401 1167/1165/399 778/1162/399
f 1088/1158/395 1167/1165/399 622/1166/395
f 595/1155/395 778/1162/399 1088/1158/395
f 597/1167/407 779/1168/405 1116/1169/405
f 1090/1170/407 1168/1171/405 779/1168/405
f 1089/1164/401 1168/1171/405 623/1172/401
f 596/1161/401 779/1168/405 1089/1164/401
f 598/1173/413 780/1174/411 1117/1175/411
f 1091/1176/413 1169/1177/411 780/1174/411
f 1090/1170/407 1169/1177/411 624/1178/407
f 597/1167/407 780/1174/411 1090/1170/407
f 599/1032/417 781/1179/416 1118/1180/416
f 1119/1030/417 1170/1181/416 781/1179/416
f 1091/1176/413 1170/1181/416 625/1182/413
f 598/1173/413 781/1179/416 1091/1176/413
f 601/1038/269 782/1183/267 1145/1029/267
f 1120/1184/269 1197/1185/267 782/1183/267
f 1171/1186/417 1197/1185/267 626/1187/417
f 600/1031/417 782/1183/267 1171/1186/417
f 602/1044/275 783/1188/273 1146/1037/273
f 1121/1189/275 1198/1190/273 783/1188/273
f 1120/1184/269 1198/1190/273 627/1191/269
f 601/1038/269 783/1188/273 1120/1184/269
f 603/1050/281 784/1192/279 1147/1043/279
f 1122/1193/281 1199/1194/279 784/1192/279
f 1121/1189/275 1199/1194/279 628/1195/275
f 602/1044/275 784/1192/279 1121/1189/275
f 604/1056/287 785/1196/285 1148/1049/285
f 1123/1197/287 1200/1198/285 785/1196/285
f 1122/1193/281 1200/1198/285 629/1199/281
f 603/1050/281 785/1196/285 1122/1193/281
f 605/1062/293 786/1200/291 1149/1055/291
f 1124/1201/293 1201/1202/291 786/1200/291
f 1123/1197/287 1201/1202/291 630/1203/287
f 604/1056/287 786/1200/291 1123/1197/287
f 606/1068/299 787/1204/297 1150/1061/297
f 1125/1205/299 1202/1206/297 787/1204/297
f 1124/1201/293 1202/1206/297 631/1207/293
f 605/1062/293 787/1204/297 1124/1201/293
f 607/1208/305 788/1209/303 1151/1067/303
f 1126/1210/305 1203/1211/303 788/1209/303
f 1125/1205/299 1203/1211/303 632/1212/299
f 606/1068/299 788/1209/303 1125/1205/299
f 608/1082/311 789/1213/309 1152/1073/309
f 1127/1214/311 1204/1215/309 789/1213/309
f 1126/1216/305 1204/1215/309 633/1217/305
f 607/1075/305 789/1213/309 1126/1216/305
f 609/1088/317 790/1218/315 1153/1081/315
f 1128/1219/317 1205/1220/315 790/1218/315
f 1127/1214/311 1205/1220/315 634/1221/311
f 608/1082/311 790/1218/315 1127/1214/311
f 610/1094/323 791/1222/321 1154/1087/321
f 1129/1223/323 1206/1224/321 791/1222/321
f 1128/1219/317 1206/1224/321 635/1225/317
f 609/1088/317 791/1222/321 1128/1219/317
f 611/1100/329 792/1226/327 1155/1093/327
f 1130/1227/329 1207/1228/327 792/1226/327
f 1129/1223/323 1207/1228/327 636/1229/323
f 610/1094/323 792/1226/327 1129/1223/323
f 612/1106/335 793/1230/333 1156/1099/333
f 1131/1231/335 1208/1232/333 793/1230/333
f 1130/1227/329 1208/1232/333 637/1233/329
f 611/1100/329 793/1230/333 1130/1227/329
f 613/1112/341 794/1234/339 1157/1105/339
f 1132/1235/341 1209/1236/339 794/1234/339
f 1131/1231/335 1209/1236/339 638/1237/335
f 612/1106/335 794/1234/339 1131/1231/335
f 614/1118/347 795/1238/345 1158/1111/345
f 1133/1239/347 1210/1240/345 795/1238/345
f 1132/1235/341 1210/1240/345 639/1241/341
f 613/1112/341 795/1238/345 1132/1235/341
f 615/1124/353 796/1242/351 1159/1117/351
f 1134/1243/353 1211/1244/351 796/1242/351
f 1133/1239/347 1211/1244/351 640/1245/347
f 614/1118/347 796/1242/351 1133/1239/347
f 616/1130/359 797/1246/357 1160/1123/357
f 1135/1247/359 1212/1248/357 797/1246/357
f 1134/1243/353 1212/1248/357 641/1249/353
f 615/1124/353 797/1246/357 1134/1243/353
f 617/1136/365 798/1250/363 1161/1129/363
f 1136/1251/365 1213/1252/363 798/1250/363
f 1135/1247/359 1213/1252/363 642/1253/359
f 616/1130/359 798/1250/363 1135/1247/359
f 618/1142/371 799/1254/369 1162/1135/369
f 1137/1255/371 1214/1256/369 799/1254/369
f 1136/1251/365 1214/1256/369 643/1257/365
f 617/1136/365 799/1254/369 1136/1251/365
f 619/1148/377 800/1258/375 1163/1141/375
f 1138/1259/377 1215/1260/375 800/1258/375
f 1137/1255/371 1215/1260/375 644/1261/371
f 618/1142/371 800/1258/375 1137/1255/371
f 620/1154/383 801/1262/381 1164/1147/381
f 1139/1263/383 1216/1264/381 801/1262/381
f 1138/1259/377 1216/1264/381 645/1265/377
f 619/1148/377 801/1262/381 1138/1259/377
f 621/1160/389 802/1266/387 1165/1153/387
f 1140/1267/389 1217/1268/387 802/1266/387
f 1139/1263/383 1217/1268/387 646/1269/383
f 620/1154/383 802/1266/387 1139/1263/383
f 622/1166/395 803/1270/393 1166/1159/393
f 1141/1271/395 1218/1272/393 803/1270/393
f 1140/1267/389 1218/1272/393 647/1273/389
f 621/1160/389 803/1270/393 1140/1267/389
f 623/1172/401 804/1274/399 1167/1165/399
f 1142/1275/401 1219/1276/399 804/1274/399
f 1141/1271/395 1219/1276/399 648/1277/395
f 622/1166/395 804/1274/399 1141/1271/395
f 624/1178/407 805/1278/405 1168/1171/405
f 1143/1279/407 1220/1280/405 805/1278/405
f 1142/1275/401 1220/1280/405 649/1281/401
f 623/1172/401 805/1278/405 1142/1275/401
f 625/1182/413 806/1282/411 1169/1177/411
f 1144/1283/413 1221/1284/411 806/1282/411
f 1143/1279/407 1221/1284/411 650/1285/407
f 624/1178/407 806/1282/411 1143/1279/407
f 600/1031/417 807/1286/416 1170/1181/416
f 1171/1186/417 1222/1287/416 807/1286/416
f 1144/1283/413 1222/1287/416 651/1288/413
f 625/1182/413 807/1286/416 1144/1283/413
f 627/1191/269 808/1289/267 1197/1185/267
f 1172/1290/269 1041/1291/267 808/1289/267
f 1016/1292/417 1041/1291/267 549/1293/417
f 626/1187/417 808/1289/267 1016/1292/417
f 628/1195/275 809/1294/273 1198/1190/273
f 1173/1295/275 1042/1296/273 809/1294/273
f 1172/1290/269 1042/1296/273 548/1297/269
f 627/1191/269 809/1294/273 1172/1290/269
f 629/1199/281 810/1298/279 1199/1194/279
f 1174/1299/281 1043/1300/279 810/1298/279
f 1173/1295/275 1043/1300/279 550/1301/275
f 628/1195/275 810/1298/279 1173/1295/275
f 630/1203/287 811/1302/285 1200/1198/285
f 1175/1303/287 1044/1304/285 811/1302/285
f 1174/1299/281 1044/1304/285 551/1305/281
f 629/1199/281 811/1302/285 1174/1299/281
f 631/1207/293 812/1306/291 1201/1202/291
f 1176/1307/293 1045/1308/291 812/1306/291
f 1175/1303/287 1045/1308/291 552/1309/287
f 630/1203/287 812/1306/291 1175/1303/287
f 632/1212/299 813/1310/297 1202/1206/297
f 1177/1311/299 1046/1312/297 813/1310/297
f 1176/1307/293 1046/1312/297 553/1313/293
f 631/1207/293 813/1310/297 1176/1307/293
f 633/1314/305 814/1315/303 1203/1211/303
f 1178/1316/305 1047/1317/303 814/1315/303
f 1177/1311/299 1047/1317/303 554/1318/299
f 632/1212/299 814/1315/303 1177/1311/299
f 634/1221/311 815/1319/309 1204/1215/309
f 1179/1320/311 1048/1321/309 815/1319/309
f 1178/1322/305 1048/1321/309 555/1323/305
f 633/1217/305 815/1319/309 1178/1322/305
f 635/1225/317 816/1324/315 1205/1220/315
f 1180/1325/317 1049/1326/315 816/1324/315
f 1179/1320/311 1049/1326/315 556/1327/311
f 634/1221/311 816/1324/315 1179/1320/311
f 636/1229/323 817/1328/321 1206/1224/321
f 1181/1329/323 1050/1330/321 817/1328/321
f 1180/1325/317 1050/1330/321 557/1331/317
f 635/1225/317 817/1328/321 1180/1325/317
f 637/1233/329 818/1332/327 1207/1228/327
f 1182/1333/329 1051/1334/327 818/1332/327
f 1181/1329/323 1051/1334/327 558/1335/323
f 636/1229/323 818/1332/327 1181/1329/323
f 638/1237/335 819/1336/333 1208/1232/333
f 1183/1337/335 1052/1338/333 819/1336/333
f 1182/1333/329 1052/1338/333 559/1339/329
f 637/1233/329 819/1336/333 1182/1333/329
f 639/1241/341 820/1340/339 1209/1236/339
f 1184/1341/341 1053/1342/339 820/1340/339
f 1183/1337/335 1053/1342/339 560/1343/335
f 638/1237/335 820/1340/339 1183/1337/335
f 640/1245/347 821/1344/345 1210/1240/345
f 1185/1345/347 1054/1346/345 821/1344/345
f 1184/1341/341 1054/1346/345 561/1347/341
f 639/1241/341 821/1344/345 1184/1341/341
f 641/1249/353 822/1348/351 1211/1244/351
f 1186/1349/353 1055/1350/351 822/1348/351
f 1185/1345/347 1055/1350/351 562/1351/347
f 640/1245/347 822/1348/351 1185/1345/347
f 642/1253/359 823/1352/357 1212/1248/357
f 1187/1353/359 1056/1354/357 823/1352/357
f 1186/1349/353 1056/1354/357 563/1355/353
f 641/1249/353 823/1352/357 1186/1349/353
f 643/1257/365 824/1356/363 1213/1252/363
f 1188/1357/365 1057/1358/363 824/1356/363
f 1187/1353/359 1057/1358/363 564/1359/359
f 642/1253/359 824/1356/363 1187/1353/359
f 644/1261/371 825/1360/369 1214/1256/369
f 1189/1361/371 1058/1362/369 825/1360/369
f 1188/1357/365 1058/1362/369 565/1363/365
f 643/1257/365 825/1360/369 1188/1357/365
f 645/1265/377 826/1364/375 1215/1260/375
f 1190/1365/377 1059/1366/375 826/1364/375
f 1189/1361/371 1059/1366/375 566/1367/371
f 644/1261/371 826/1364/375 1189/1361/371
f 646/1269/383 827/1368/381 1216/1264/381
f 1191/1369/383 1060/1370/381 827/1368/381
f 1190/1365/377 1060/1370/381 567/1371/377
f 645/1265/377 827/1368/381 1190/1365/377
f 647/1273/389 828/1372/387 1217/1268/387
f 1192/1373/389 1061/1374/387 828/1372/387
f 1191/1369/383 1061/1374/387 568/1375/383
f 646/1269/383 828/1372/387 1191/1369/383
f 648/1277/395 829/1376/393 1218/1272/393
f 1193/1377/395 1062/1378/393 829/1376/393
f 1192/1373/389 1062/1378/393 569/1379/389
f 647/1273/389 829/1376/393 1192/1373/389
f 649/1281/401 830/1380/399 1219/1276/399
f 1194/1381/401 1063/1382/399 830/1380/399
f 1193/1377/395 1063/1382/399 570/1383/395
f 648/1277/395 830/1380/399 1193/1377/395
f 650/1285/407 831/1384/405 1220/1280/405
f 1195/1385/407 1064/1386/405 831/1384/405
f 1194/1381/401 1064/1386/405 571/1387/401
f 649/1281/401 831/1384/405 1194/1381/401
f 651/1288/413 832/1388/411 1221/1284/411
f 1196/1389/413 1065/1390/411 832/1388/411
f 1195/1385/407 1065/1390/411 572/1391/407
f 650/1285/407 832/1388/411 1195/1385/407
f 626/1187/417 833/1392/416 1222/1287/416
f 1016/1292/417 1066/1393/416 833/1392/416
f 1196/1389/413 1066/1393/416 573/1394/413
f 651/1288/413 833/1392/416 1196/1389/413
f 470/495/262 834/499/266 652/496/263
f 498/498/265 835/501/268 652/496/263
f 1093/500/267 652/496/263 835/501/268
f 1093/500/267 599/1395/417 1092/497/264
f 498/498/265 838/505/272 653/503/270
f 499/504/271 839/507/274 653/503/270
f 1094/506/273 653/503/270 839/507/274
f 1094/506/273 574/502/269 835/501/268
f 499/504/271 841/511/278 654/509/276
f 500/510/277 842/513/280 654/509/276
f 1095/512/279 654/509/276 842/513/280
f 1095/512/279 575/508/275 839/507/274
f 500/510/277 844/517/284 655/515/282
f 501/516/283 845/519/286 655/515/282
f 1096/518/285 655/515/282 845/519/286
f 1096/518/285 576/514/281 842/513/280
f 501/516/283 847/523/290 656/521/288
f 502/522/289 848/525/292 656/521/288
f 1097/524/291 656/521/288 848/525/292
f 1097/524/291 577/520/287 845/519/286
f 502/522/289 850/529/296 657/527/294
f 503/528/295 851/531/298 657/527/294
f 1098/530/297 657/527/294 851/531/298
f 1098/530/297 578/526/293 848/525/292
f 503/528/295 853/535/302 658/533/300
f 504/534/301 854/537/304 658/533/300
f 1099/536/303 658/533/300 854/537/304
f 1099/536/303 579/532/299 851/531/298
f 504/534/301 856/541/308 659/539/306
f 505/540/307 857/543/310 659/539/306
f 1100/542/309 659/539/306 857/543/310
f 1100/542/309 580/538/305 854/537/304
f 505/540/307 859/547/314 660/545/312
f 506/546/313 860/549/316 660/545/312
f 1101/548/315 660/545/312 860/549/316
f 1101/548/315 581/544/311 857/543/310
f 506/546/313 862/553/320 661/551/318
f 507/552/319 863/555/322 661/551/318
f 1102/554/321 661/551/318 863/555/322
f 1102/554/321 582/550/317 860/549/316
f 507/552/319 865/559/326 662/557/324
f 508/558/325 866/561/328 662/557/324
f 1103/560/327 662/557/324 866/561/328
f 1103/560/327 583/556/323 863/555/322
f 508/558/325 868/565/332 663/563/330
f 509/564/331 869/567/334 663/563/330
f 1104/566/333 663/563/330 869/567/334
f 1104/566/333 584/562/329 866/561/328
f 509/564/331 871/571/338 664/569/336
f 510/570/337 872/573/340 664/569/336
f 1105/572/339 664/569/336 872/573/340
f 1105/572/339 585/568/335 869/567/334
f 510/570/337 874/577/344 665/575/342
f 511/576/343 875/579/346 665/575/342
f 1106/578/345 665/575/342 875/579/346
f 1106/578/345 586/574/341 872/573/340
f 511/576/343 877/583/350 666/581/348
f 512/582/349 878/585/352 666/581/348
f 1107/584/351 666/581/348 878/585/352
f 1107/584/351 587/580/347 875/579/346
f 512/582/349 880/589/356 667/587/354
f 513/588/355 881/591/358 667/587/354
f 1108/590/357 667/587/354 881/591/358
f 1108/590/357 588/586/353 878/585/352
f 513/588/355 883/595/362 668/593/360
f 514/594/361 884/597/364 668/593/360
f 1109/596/363 668/593/360 884/597/364
f 1109/596/363 589/592/359 881/591/358
f 514/594/361 886/601/368 669/599/366
f 515/600/367 887/603/370 669/599/366
f 1110/602/369 669/599/366 887/603/370
f 1110/602/369 590/598/365 884/597/364
f 515/600/367 889/607/374 670/605/372
f 516/606/373 890/609/376 670/605/372
f 1111/608/375 670/605/372 890/609/376
f 1111/608/375 591/604/371 887/603/370
f 516/606/373 892/613/380 671/611/378
f 517/612/379 893/615/382 671/611/378
f 1112/614/381 671/611/378 893/615/382
f 1112/614/381 592/610/377 890/609/376
f 517/612/379 895/619/386 672/617/384
f 518/618/385 896/621/388 672/617/384
f 1113/620/387 672/617/384 896/621/388
f 1113/620/387 593/616/383 893/615/382
f 518/618/385 898/625/392 673/623/390
f 519/624/391 899/627/394 673/623/390
f 1114/626/393 673/623/390 899/627/394
f 1114/626/393 594/622/389 896/621/388
f 519/624/391 901/631/398 674/629/396
f 520/630/397 902/633/400 674/629/396
f 1115/632/399 674/629/396 902/633/400
f 1115/632/399 595/628/395 899/627/394
f 520/630/397 904/637/404 675/635/402
f 521/636/403 905/639/406 675/635/402
f 1116/638/405 675/635/402 905/639/406
f 1116/638/405 596/634/401 902/633/400
f 521/636/403 907/643/410 676/641/408
f 471/642/409 908/645/412 676/641/408
f 1117/644/411 676/641/408 908/645/412
f 1117/644/411 597/640/407 905/639/406
f 471/642/409 910/649/415 677/647/414
f 470/648/262 1092/651/264 677/647/414
f 1118/650/416 677/647/414 1092/651/264
f 1118/650/416 598/646/413 908/645/412
f 989/653/418 678/657/422 913/654/419
f 989/653/418 523/1396/424 912/656/421
f 990/658/423 679/662/426 912/659/421
f 990/658/423 524/664/428 914/661/425
f 991/663/427 680/666/430 914/661/425
f 991/663/427 525/668/432 915/665/429
f 992/667/431 681/670/434 915/665/429
f 992/667/431 526/672/436 916/669/433
f 993/671/435 682/674/438 916/669/433
f 993/671/435 527/676/440 917/673/437
f 994/675/439 683/678/442 917/673/437
f 994/675/439 528/680/444 918/677/441
f 995/679/443 684/682/446 918/677/441
f 995/679/443 529/684/448 919/681/445
f 996/683/447 685/686/450 919/681/445
f 996/683/447 530/688/452 920/685/449
f 997/687/451 686/690/454 920/685/449
f 997/687/451 531/692/456 921/689/453
f 998/691/455 687/694/458 921/689/453
f 998/691/455 532/696/460 922/693/457
f 999/695/459 688/698/462 922/693/457
f 999/695/459 533/700/464 923/697/461
f 1000/699/463 689/702/466 923/697/461
f 1000/699/463 534/704/468 924/701/465
f 1001/703/467 690/706/470 924/701/465
f 1001/703/467 535/708/472 925/705/469
f 1002/707/471 691/710/474 925/705/469
f 1002/707/471 536/712/476 926/709/473
f 1003/711/475 692/714/478 926/709/473
f 1003/711/475 537/716/480 927/713/477
f 1004/715/479 693/718/482 927/713/477
f 1004/715/479 538/720/484 928/717/481
f 1005/719/483 694/722/486 928/717/481
f 1005/719/483 539/724/488 929/721/485
f 1006/723/487 695/726/490 929/721/485
f 1006/723/487 540/728/492 930/725/489
f 1007/727/491 696/730/494 930/725/489
f 1007/727/491 541/732/496 931/729/493
f 1008/731/495 697/734/498 931/729/493
f 1008/731/495 542/736/500 932/733/497
f 1009/735/499 698/738/502 932/733/497
f 1009/735/499 543/740/504 933/737/501
f 1010/739/503 699/742/506 933/737/501
f 1010/739/503 544/744/508 934/741/505
f 1011/743/507 700/746/510 934/741/505
f 1011/743/507 545/748/512 935/745/509
f 1012/747/511 701/750/514 935/745/509
f 1012/747/511 546/752/516 936/749/513
f 1013/751/515 702/754/518 936/749/513
f 1013/751/515 547/756/520 937/753/517
f 1014/755/519 703/757/521 937/753/517
f 1014/755/519 522/655/420 913/654/419
f 1223/758/522 1224/760/524 834/499/266
f 938/759/523 498/498/265 834/499/266
f 938/759/523 1225/762/526 838/505/272
f 939/761/525 499/504/271 838/505/272
f 939/761/525 1226/764/528 841/511/278
f 940/763/527 500/510/277 841/511/278
f 940/763/527 1227/766/530 844/517/284
f 941/765/529 501/516/283 844/517/284
f 941/765/529 1228/768/532 847/523/290
f 942/767/531 502/522/289 847/523/290
f 942/767/531 1229/770/534 850/529/296
f 943/769/533 503/528/295 850/529/296
f 943/769/533 1230/772/536 853/535/302
f 944/771/535 504/534/301 853/535/302
f 944/771/535 1231/774/538 856/541/308
f 945/773/537 505/540/307 856/541/308
f 945/773/537 1232/776/540 859/547/314
f 946/775/539 506/546/313 859/547/314
f 946/775/539 1233/778/542 862/553/320
f 947/777/541 507/552/319 862/553/320
f 947/777/541 1234/780/544 865/559/326
f 948/779/543 508/558/325 865/559/326
f 948/779/543 1235/782/546 868/565/332
f 949/781/545 509/564/331 868/565/332
f 949/781/545 1236/784/548 871/571/338
f 950/783/547 510/570/337 871/571/338
f 950/783/547 1237/786/550 874/577/344
f 951/785/549 511/576/343 874/577/344
f 951/785/549 1238/788/552 877/583/350
f 952/787/551 512/582/349 877/583/350
f 952/787/551 1239/790/554 880/589/356
f 953/789/553 513/588/355 880/589/356
f 953/789/553 1240/792/556 883/595/362
f 954/791/555 514/594/361 883/595/362
f 954/791/555 1241/794/558 886/601/368
f 955/793/557 515/600/367 886/601/368
f 955/793/557 1242/796/560 889/607/374
f 956/795/559 516/606/373 889/607/374
f 956/795/559 1243/798/562 892/613/380
f 957/797/561 517/612/379 892/613/380
f 957/797/561 1244/800/564 895/619/386
f 958/799/563 518/618/385 895/619/386
f 958/799/563 1245/802/566 898/625/392
f 959/801/565 519/624/391 898/625/392
f 959/801/565 1246/804/568 901/631/398
f 960/803/567 520/630/397 901/631/398
f 960/803/567 1247/806/570 904/637/404
f 961/805/569 521/636/403 904/637/404
f 961/805/569 1248/808/572 907/643/410
f 962/807/571 471/642/409 907/643/410
f 962/807/571 1249/810/573 910/649/415
f 1223/809/522 470/648/262 910/649/415
f 964/811/574 704/814/577 836/812/575
f 523/660/424 989/816/418 704/814/577
f 522/815/420 963/817/578 704/814/577
f 963/817/578 472/922/676 836/812/575
f 965/818/579 705/821/582 840/819/580
f 524/664/428 990/658/423 705/821/582
f 523/660/424 964/811/574 705/821/582
f 964/811/574 473/813/576 840/819/580
f 966/822/583 706/825/586 843/823/584
f 525/668/432 991/663/427 706/825/586
f 524/664/428 965/818/579 706/825/586
f 965/818/579 474/820/581 843/823/584
f 967/826/587 707/829/590 846/827/588
f 526/672/436 992/667/431 707/829/590
f 525/668/432 966/822/583 707/829/590
f 966/822/583 475/824/585 846/827/588
f 968/830/591 708/833/594 849/831/592
f 527/676/440 993/671/435 708/833/594
f 526/672/436 967/826/587 708/833/594
f 967/826/587 476/828/589 849/831/592
f 969/834/595 709/837/598 852/835/596
f 528/680/444 994/675/439 709/837/598
f 527/676/440 968/830/591 709/837/598
f 968/830/591 477/832/593 852/835/596
f 970/838/599 710/841/602 855/839/600
f 529/684/448 995/679/443 710/841/602
f 528/680/444 969/834/595 710/841/602
f 969/834/595 478/836/597 855/839/600
f 971/842/603 711/845/606 858/843/604
f 530/688/452 996/683/447 711/845/606
f 529/684/448 970/838/599 711/845/606
f 970/838/599 479/840/601 858/843/604
f 972/846/607 712/849/610 861/847/608
f 531/692/456 997/687/451 712/849/610
f 530/688/452 971/842/603 712/849/610
f 971/842/603 480/844/605 861/847/608
f 973/850/611 713/853/614 864/851/612
f 532/696/460 998/691/455 713/853/614
f 531/692/456 972/846/607 713/853/614
f 972/846/607 481/848/609 864/851/612
f 974/854/615 714/857/618 867/855/616
f 533/700/464 999/695/459 714/857/618
f 532/696/460 973/850/611 714/857/618
f 973/850/611 482/852/613 867/855/616
f 975/858/619 715/861/622 870/859/620
f 534/704/468 1000/699/463 715/861/622
f 533/700/464 974/854/615 715/861/622
f 974/854/615 483/856/617 870/859/620
f 976/862/623 716/865/626 873/863/624
f 535/708/472 1001/703/467 716/865/626
f 534/704/468 975/858/619 716/865/626
f 975/858/619 484/860/621 873/863/624
f 977/866/627 717/869/630 876/867/628
f 536/712/476 1002/707/471 717/869/630
f 535/708/472 976/862/623 717/869/630
f 976/862/623 485/864/625 876/867/628
f 978/870/631 718/873/634 879/871/632
f 537/716/480 1003/711/475 718/873/634
f 536/712/476 977/866/627 718/873/634
f 977/866/627 486/868/629 879/871/632
f 979/874/635 719/877/638 882/875/636
f 538/720/484 1004/715/479 719/877/638
f 537/716/480 978/870/631 719/877/638
f 978/870/631 487/872/633 882/875/636
f 980/878/639 720/881/642 885/879/640
f 539/724/488 1005/719/483 720/881/642
f 538/720/484 979/874/635 720/881/642
f 979/874/635 488/876/637 885/879/640
f 981/882/643 721/885/646 888/883/644
f 540/728/492 1006/723/487 721/885/646
f 539/724/488 980/878/639 721/885/646
f 980/878/639 489/880/641 888/883/644
f 982/886/647 722/889/650 891/887/648
f 541/732/496 1007/727/491 722/889/650
f 540/728/492 981/882/643 722/889/650
f 981/882/643 490/884/645 891/887/648
f 983/890/651 723/893/654 894/891/652
f 542/736/500 1008/731/495 723/893/654
f 541/732/496 982/886/647 723/893/654
f 982/886/647 491/888/649 894/891/652
f 984/894/655 724/897/658 897/895/656
f 543/740/504 1009/735/499 724/897/658
f 542/736/500 983/890/651 724/897/658
f 983/890/651 492/892/653 897/895/656
f 985/898/659 725/901/662 900/899/660
f 544/744/508 1010/739/503 725/901/662
f 543/740/504 984/894/655 725/901/662
f 984/894/655 493/896/657 900/899/660
f 986/902/663 726/905/666 903/903/664
f 545/748/512 1011/743/507 726/905/666
f 544/744/508 985/898/659 726/905/666
f 985/898/659 494/900/661 903/903/664
f 987/906/667 727/909/670 906/907/668
f 546/752/516 1012/747/511 727/909/670
f 545/748/512 986/902/663 727/909/670
f 986/902/663 495/904/665 906/907/668
f 988/910/671 728/913/674 909/911/672
f 547/756/520 1013/751/515 728/913/674
f 546/752/516 987/906/667 728/913/674
f 987/906/667 496/908/669 909/911/672
f 963/914/578 729/917/677 911/915/675
f 522/655/420 1014/755/519 729/917/677
f 547/756/520 988/910/671 729/917/677
f 988/910/671 497/912/673 911/915/675
f 548/918/269 1015/921/679 730/919/678
f 473/813/576 836/812/575 730/919/678
f 472/922/676 837/924/680 730/919/678
f 549/923/417 1041/920/267 730/919/678
f 550/925/275 1017/928/682 731/926/681
f 474/820/581 840/819/580 731/926/681
f 473/813/576 1015/921/679 731/926/681
f 548/918/269 1042/927/273 731/926/681
f 551/929/281 1018/932/684 732/930/683
f 475/824/585 843/823/584 732/930/683
f 474/820/581 1017/928/682 732/930/683
f 550/925/275 1043/931/279 732/930/683
f 552/933/287 1019/936/686 733/934/685
f 476/828/589 846/827/588 733/934/685
f 475/824/585 1018/932/684 733/934/685
f 551/929/281 1044/935/285 733/934/685
f 553/937/293 1020/940/688 734/938/687
f 477/832/593 849/831/592 734/938/687
f 476/828/589 1019/936/686 734/938/687
f 552/933/287 1045/939/291 734/938/687
f 554/941/299 1021/944/690 735/942/689
f 478/836/597 852/835/596 735/942/689
f 477/832/593 1020/940/688 735/942/689
f 553/937/293 1046/943/297 735/942/689
f 555/945/305 1022/948/692 736/946/691
f 479/840/601 855/839/600 736/946/691
f 478/836/597 1021/944/690 736/946/691
f 554/941/299 1047/947/303 736/946/691
f 556/949/311 1023/952/694 737/950/693
f 480/844/605 858/843/604 737/950/693
f 479/840/601 1022/948/692 737/950/693
f 555/945/305 1048/951/309 737/950/693
f 557/953/317 1024/956/696 738/954/695
f 481/848/609 861/847/608 738/954/695
f 480/844/605 1023/952/694 738/954/695
f 556/949/311 1049/955/315 738/954/695
f 558/957/323 1025/960/698 739/958/697
f 482/852/613 864/851/612 739/958/697
f 481/848/609 1024/956/696 739/958/697
f 557/953/317 1050/959/321 739/958/697
f 559/961/329 1026/964/700 740/962/699
f 483/856/617 867/855/616 740/962/699
f 482/852/613 1025/960/698 740/962/699
f 558/957/323 1051/963/327 740/962/699
f 560/965/335 1027/968/702 741/966/701
f 484/860/621 870/859/620 741/966/701
f 483/856/617 1026/964/700 741/966/701
f 559/961/329 1052/967/333 741/966/701
f 561/969/341 1028/972/704 742/970/703
f 485/864/625 873/863/624 742/970/703
f 484/860/621 1027/968/702 742/970/703
f 560/965/335 1053/971/339 742/970/703
f 562/973/347 1029/976/706 743/974/705
f 486/868/629 876/867/628 743/974/705
f 485/864/625 1028/972/704 743/974/705
f 561/969/341 1054/975/345 743/974/705
f 563/977/353 1030/980/708 744/978/707
f 487/872/633 879/871/632 744/978/707
f 486/868/629 1029/976/706 744/978/707
f 562/973/347 1055/979/351 744/978/707
f 564/981/359 1031/984/710 745/982/709
f 488/876/637 882/875/636 745/982/709
f 487/872/633 1030/980/708 745/982/709
f 563/977/353 1056/983/357 745/982/709
f 565/985/365 1032/988/712 746/986/711
f 489/880/641 885/879/640 746/986/711
f 488/876/637 1031/984/710 746/986/711
f 564/981/359 1057/987/363 746/986/711
f 566/989/371 1033/992/714 747/990/713
f 490/884/645 888/883/644 747/990/713
f 489/880/641 1032/988/712 747/990/713
f 565/985/365 1058/991/369 747/990/713
f 567/993/377 1034/996/716 748/994/715
f 491/888/649 891/887/648 748/994/715
f 490/884/645 1033/992/714 748/994/715
f 566/989/371 1059/995/375 748/994/715
f 568/997/383 1035/1000/718 749/998/717
f 492/892/653 894/891/652 749/998/717
f 491/888/649 1034/996/716 749/998/717
f 567/993/377 1060/999/381 749/998/717
f 569/1001/389 1036/1004/720 750/1002/719
f 493/896/657 897/895/656 750/1002/719
f 492/892/653 1035/1000/718 750/1002/719
f 568/997/383 1061/1003/387 750/1002/719
f 570/1005/395 1037/1008/722 751/1006/721
f 494/900/661 900/899/660 751/1006/721
f 493/896/657 1036/1004/720 751/1006/721
f 569/1001/389 1062/1007/393 751/1006/721
f 571/1009/401 1038/1012/724 752/1010/723
f 495/904/665 903/903/664 752/1010/723
f 494/900/661 1037/1008/722 752/1010/723
f 570/1005/395 1063/1011/399 752/1010/723
f 572/1013/407 1039/1016/726 753/1014/725
f 496/908/669 906/907/668 753/1014/725
f 495/904/665 1038/1012/724 753/1014/725
f 571/1009/401 1064/1015/405 753/1014/725
f 573/1017/413 1040/1020/728 754/1018/727
f 497/912/673 909/911/672 754/1018/727
f 496/908/669 1039/1016/726 754/1018/727
f 572/1013/407 1065/1019/411 754/1018/727
f 549/1021/417 837/1024/680 755/1022/729
f 472/916/676 911/915/675 755/1022/729
f 497/912/673 1040/1020/728 755/1022/729
f 573/1017/413 1066/1023/416 755/1022/729
f 574/1025/269 1067/1028/269 756/1026/267
f 1067/1028/269 601/1038/269 1145/1029/267
f 1119/1030/417 756/1026/267 1145/1029/267
f 599/1032/417 1093/1027/267 756/1026/267
f 575/1033/275 1068/1036/275 757/1034/273
f 1068/1036/275 602/1044/275 1146/1037/273
f 1067/1028/269 757/1034/273 1146/1037/273
f 574/1025/269 1094/1035/273 757/1034/273
f 576/1039/281 1069/1042/281 758/1040/279
f 1069/1042/281 603/1050/281 1147/1043/279
f 1068/1036/275 758/1040/279 1147/1043/279
f 575/1033/275 1095/1041/279 758/1040/279
f 577/1045/287 1070/1048/287 759/1046/285
f 1070/1048/287 604/1056/287 1148/1049/285
f 1069/1042/281 759/1046/285 1148/1049/285
f 576/1039/281 1096/1047/285 759/1046/285
f 578/1051/293 1071/1054/293 760/1052/291
f 1071/1054/293 605/1062/293 1149/1055/291
f 1070/1048/287 760/1052/291 1149/1055/291
f 577/1045/287 1097/1053/291 760/1052/291
f 579/1057/299 1072/1060/299 761/1058/297
f 1072/1060/299 606/1068/299 1150/1061/297
f 1071/1054/293 761/1058/297 1150/1061/297
f 578/1051/293 1098/1059/297 761/1058/297
f 580/1063/305 1073/1066/305 762/1064/303
f 1073/1066/305 607/1208/305 1151/1067/303
f 1072/1060/299 762/1064/303 1151/1067/303
f 579/1057/299 1099/1065/303 762/1064/303
f 581/1069/311 1074/1072/311 763/1070/309
f 1074/1072/311 608/1082/311 1152/1073/309
f 1073/1074/305 763/1070/309 1152/1073/309
f 580/1076/305 1100/1071/309 763/1070/309
f 582/1077/317 1075/1080/317 764/1078/315
f 1075/1080/317 609/1088/317 1153/1081/315
f 1074/1072/311 764/1078/315 1153/1081/315
f 581/1069/311 1101/1079/315 764/1078/315
f 583/1083/323 1076/1086/323 765/1084/321
f 1076/1086/323 610/1094/323 1154/1087/321
f 1075/1080/317 765/1084/321 1154/1087/321
f 582/1077/317 1102/1085/321 765/1084/321
f 584/1089/329 1077/1092/329 766/1090/327
f 1077/1092/329 611/1100/329 1155/1093/327
f 1076/1086/323 766/1090/327 1155/1093/327
f 583/1083/323 1103/1091/327 766/1090/327
f 585/1095/335 1078/1098/335 767/1096/333
f 1078/1098/335 612/1106/335 1156/1099/333
f 1077/1092/329 767/1096/333 1156/1099/333
f 584/1089/329 1104/1097/333 767/1096/333
f 586/1101/341 1079/1104/341 768/1102/339
f 1079/1104/341 613/1112/341 1157/1105/339
f 1078/1098/335 768/1102/339 1157/1105/339
f 585/1095/335 1105/1103/339 768/1102/339
f 587/1107/347 1080/1110/347 769/1108/345
f 1080/1110/347 614/1118/347 1158/1111/345
f 1079/1104/341 769/1108/345 1158/1111/345
f 586/1101/341 1106/1109/345 769/1108/345
f 588/1113/353 1081/1116/353 770/1114/351
f 1081/1116/353 615/1124/353 1159/1117/351
f 1080/1110/347 770/1114/351 1159/1117/351
f 587/1107/347 1107/1115/351 770/1114/351
f 589/1119/359 1082/1122/359 771/1120/357
f 1082/1122/359 616/1130/359 1160/1123/357
f 1081/1116/353 771/1120/357 1160/1123/357
f 588/1113/353 1108/1121/357 771/1120/357
f 590/1125/365 1083/1128/365 772/1126/363
f 1083/1128/365 617/1136/365 1161/1129/363
f 1082/1122/359 772/1126/363 1161/1129/363
f 589/1119/359 1109/1127/363 772/1126/363
f 591/1131/371 1084/1134/371 773/1132/369
f 1084/1134/371 618/1142/371 1162/1135/369
f 1083/1128/365 773/1132/369 1162/1135/369
f 590/1125/365 1110/1133/369 773/1132/369
f 592/1137/377 1085/1140/377 774/1138/375
f 1085/1140/377 619/1148/377 1163/1141/375
f 1084/1134/371 774/1138/375 1163/1141/375
f 591/1131/371 1111/1139/375 774/1138/375
f 593/1143/383 1086/1146/383 775/1144/381
f 1086/1146/383 620/1154/383 1164/1147/381
f 1085/1140/377 775/1144/381 1164/1147/381
f 592/1137/377 1112/1145/381 775/1144/381
f 594/1149/389 1087/1152/389 776/1150/387
f 1087/1152/389 621/1160/389 1165/1153/387
f 1086/1146/383 776/1150/387 1165/1153/387
f 593/1143/383 1113/1151/387 776/1150/387
f 595/1155/395 1088/1158/395 777/1156/393
f 1088/1158/395 622/1166/395 1166/1159/393
f 1087/1152/389 777/1156/393 1166/1159/393
f 594/1149/389 1114/1157/393 777/1156/393
f 596/1161/401 1089/1164/401 778/1162/399
f 1089/1164/401 623/1172/401 1167/1165/399
f 1088/1158/395 778/1162/399 1167/1165/399
f 595/1155/395 1115/1163/399 778/1162/399
f 597/1167/407 1090/1170/407 779/1168/405
f 1090/1170/407 624/1178/407 1168/1171/405
f 1089/1164/401 779/1168/405 1168/1171/405
f 596/1161/401 1116/1169/405 779/1168/405
f 598/1173/413 1091/1176/413 780/1174/411
f 1091/1176/413 625/1182/413 1169/1177/411
f 1090/1170/407 780/1174/411 1169/1177/411
f 597/1167/407 1117/1175/411 780/1174/411
f 599/1032/417 1119/1030/417 781/1179/416
f 1119/1030/417 600/1031/417 1170/1181/416
f 1091/1176/413 781/1179/416 1170/1181/416
f 598/1173/413 1118/1180/416 781/1179/416
f 601/1038/269 1120/1184/269 782/1183/267
f 1120/1184/269 627/1191/269 1197/1185/267
f 1171/1186/417 782/1183/267 1197/1185/267
f 600/1031/417 1145/1029/267 782/1183/267
f 602/1044/275 1121/1189/275 783/1188/273
f 1121/1189/275 628/1195/275 1198/1190/273
f 1120/1184/269 783/1188/273 1198/1190/273
f 601/1038/269 1146/1037/273 783/1188/273
f 603/1050/281 1122/1193/281 784/1192/279
f 1122/1193/281 629/1199/281 1199/1194/279
f 1121/1189/275 784/1192/279 1199/1194/279
f 602/1044/275 1147/1043/279 784/1192/279
f 604/1056/287 1123/1197/287 785/1196/285
f 1123/1197/287 630/1203/287 1200/1198/285
f 1122/1193/281 785/1196/285 1200/1198/285
f 603/1050/281 1148/1049/285 785/1196/285
f 605/1062/293 1124/1201/293 786/1200/291
f 1124/1201/293 631/1207/293 1201/1202/291
f 1123/1197/287 786/1200/291 1201/1202/291
f 604/1056/287 1149/1055/291 786/1200/291
f 606/1068/299 1125/1205/299 787/1204/297
f 1125/1205/299 632/1212/299 1202/1206/297
f 1124/1201/293 787/1204/297 1202/1206/297
f 605/1062/293 1150/1061/297 787/1204/297
f 607/1208/305 1126/1210/305 788/1209/303
f 1126/1210/305 633/1314/305 1203/1211/303
f 1125/1205/299 788/1209/303 1203/1211/303
f 606/1068/299 1151/1067/303 788/1209/303
f 608/1082/311 1127/1214/311 789/1213/309
f 1127/1214/311 634/1221/311 1204/1215/309
f 1126/1216/305 789/1213/309 1204/1215/309
f 607/1075/305 1152/1073/309 789/1213/309
f 609/1088/317 1128/1219/317 790/1218/315
f 1128/1219/317 635/1225/317 1205/1220/315
f 1127/1214/311 790/1218/315 1205/1220/315
f 608/1082/311 1153/1081/315 790/1218/315
f 610/1094/323 1129/1223/323 791/1222/321
f 1129/1223/323 636/1229/323 1206/1224/321
f 1128/1219/317 791/1222/321 1206/1224/321
f 609/1088/317 1154/1087/321 791/1222/321
f 611/1100/329 1130/1227/329 792/1226/327
f 1130/1227/329 637/1233/329 1207/1228/327
f 1129/1223/323 792/1226/327 1207/1228/327
f 610/1094/323 1155/1093/327 792/1226/327
f 612/1106/335 1131/1231/335 793/1230/333
f 1131/1231/335 638/1237/335 1208/1232/333
f 1130/1227/329 793/1230/333 1208/1232/333
f 611/1100/329 1156/1099/333 793/1230/333
f 613/1112/341 1132/1235/341 794/1234/339
f 1132/1235/341 639/1241/341 1209/1236/339
f 1131/1231/335 794/1234/339 1209/1236/339
f 612/1106/335 1157/1105/339 794/1234/339
f 614/1118/347 1133/1239/347 795/1238/345
f 1133/1239/347 640/1245/347 1210/1240/345
f 1132/1235/341 795/1238/345 1210/1240/345
f 613/1112/341 1158/1111/345 795/1238/345
f 615/1124/353 1134/1243/353 796/1242/351
f 1134/1243/353 641/1249/353 1211/1244/351
f 1133/1239/347 796/1242/351 1211/1244/351
f 614/1118/347 1159/1117/351 796/1242/351
f 616/1130/359 1135/1247/359 797/1246/357
f 1135/1247/359 642/1253/359 1212/1248/357
f 1134/1243/353 797/1246/357 1212/1248/357
f 615/1124/353 1160/1123/357 797/1246/357
f 617/1136/365 1136/1251/365 798/1250/363
f 1136/1251/365 643/1257/365 1213/1252/363
f 1135/1247/359 798/1250/363 1213/1252/363
f 616/1130/359 1161/1129/363 798/1250/363
f 618/1142/371 1137/1255/371 799/1254/369
f 1137/1255/371 644/1261/371 1214/1256/369
f 1136/1251/365 799/1254/369 1214/1256/369
f 617/1136/365 1162/1135/369 799/1254/369
f 619/1148/377 1138/1259/377 800/1258/375
f 1138/1259/377 645/1265/377 1215/1260/375
f 1137/1255/371 800/1258/375 1215/1260/375
f 618/1142/371 1163/1141/375 800/1258/375
f 620/1154/383 1139/1263/383 801/1262/381
f 1139/1263/383 646/1269/383 1216/1264/381
f 1138/1259/377 801/1262/381 1216/1264/381
f 619/1148/377 1164/1147/381 801/1262/381
f 621/1160/389 1140/1267/389 802/1266/387
f 1140/1267/389 647/1273/389 1217/1268/387
f 1139/1263/383 802/1266/387 1217/1268/387
f 620/1154/383 1165/1153/387 802/1266/387
f 622/1166/395 1141/1271/395 803/1270/393
f 1141/1271/395 648/1277/395 1218/1272/393
f 1140/1267/389 803/1270/393 1218/1272/393
f 621/1160/389 1166/1159/393 803/1270/393
f 623/1172/401 1142/1275/401 804/1274/399
f 1142/1275/401 649/1281/401 1219/1276/399
f 1141/1271/395 804/1274/399 1219/1276/399
f 622/1166/395 1167/1165/399 804/1274/399
f 624/1178/407 1143/1279/407 805/1278/405
f 1143/1279/407 650/1285/407 1220/1280/405
f 1142/1275/401 805/1278/405 1220/1280/405
f 623/1172/401 1168/1171/405 805/1278/405
f 625/1182/413 1144/1283/413 806/1282/411
f 1144/1283/413 651/1288/413 1221/1284/411
f 1143/1279/407 806/1282/411 1221/1284/411
f 624/1178/407 1169/1177/411 806/1282/411
f 600/1031/417 1171/1186/417 807/1286/416
f 1171/1186/417 626/1187/417 1222/1287/416
f 1144/1283/413 807/1286/416 1222/1287/416
f 625/1182/413 1170/1181/416 807/1286/416
f 627/1191/269 1172/1290/269 808/1289/267
f 1172/1290/269 548/1297/269 1041/1291/267
f 1016/1292/417 808/1289/267 1041/1291/267
f 626/1187/417 1197/1185/267 808/1289/267
f 628/1195/275 1173/1295/275 809/1294/273
f 1173/1295/275 550/1301/275 1042/1296/273
f 1172/1290/269 809/1294/273 1042/1296/273
f 627/1191/269 1198/1190/273 809/1294/273
f 629/1199/281 1174/1299/281 810/1298/279
f 1174/1299/281 551/1305/281 1043/1300/279
f 1173/1295/275 810/1298/279 1043/1300/279
f 628/1195/275 1199/1194/279 810/1298/279
f 630/1203/287 1175/1303/287 811/1302/285
f 1175/1303/287 552/1309/287 1044/1304/285
f 1174/1299/281 811/1302/285 1044/1304/285
f 629/1199/281 1200/1198/285 811/1302/285
f 631/1207/293 1176/1307/293 812/1306/291
f 1176/1307/293 553/1313/293 1045/1308/291
f 1175/1303/287 812/1306/291 1045/1308/291
f 630/1203/287 1201/1202/291 812/1306/291
f 632/1212/299 1177/1311/299 813/1310/297
f 1177/1311/299 554/1318/299 1046/1312/297
f 1176/1307/293 813/1310/297 1046/1312/297
f 631/1207/293 1202/1206/297 813/1310/297
f 633/1314/305 1178/1316/305 814/1315/303
f 1178/1316/305 555/1397/305 1047/1317/303
f 1177/1311/299 814/1315/303 1047/1317/303
f 632/1212/299 1203/1211/303 814/1315/303
f 634/1221/311 1179/1320/311 815/1319/309
f 1179/1320/311 556/1327/311 1048/1321/309
f 1178/1322/305 815/1319/309 1048/1321/309
f 633/1217/305 1204/1215/309 815/1319/309
f 635/1225/317 1180/1325/317 816/1324/315
f 1180/1325/317 557/1331/317 1049/1326/315
f 1179/1320/311 816/1324/315 1049/1326/315
f 634/1221/311 1205/1220/315 816/1324/315
f 636/1229/323 1181/1329/323 817/1328/321
f 1181/1329/323 558/1335/323 1050/1330/321
f 1180/1325/317 817/1328/321 1050/1330/321
f 635/1225/317 1206/1224/321 817/1328/321
f 637/1233/329 1182/1333/329 818/1332/327
f 1182/1333/329 559/1339/329 1051/1334/327
f 1181/1329/323 818/1332/327 1051/1334/327
f 636/1229/323 1207/1228/327 818/1332/327
f 638/1237/335 1183/1337/335 819/1336/333
f 1183/1337/335 560/1343/335 1052/1338/333
f 1182/1333/329 819/1336/333 1052/1338/333
f 637/1233/329 1208/1232/333 819/1336/333
f 639/1241/341 1184/1341/341 820/1340/339
f 1184/1341/341 561/1347/341 1053/1342/339
f 1183/1337/335 820/1340/339 1053/1342/339
f 638/1237/335 1209/1236/339 820/1340/339
f 640/1245/347 1185/1345/347 821/1344/345
f 1185/1345/347 562/1351/347 1054/1346/345
f 1184/1341/341 821/1344/345 1054/1346/345
f 639/1241/341 1210/1240/345 821/1344/345
f 641/1249/353 1186/1349/353 822/1348/351
f 1186/1349/353 563/1355/353 1055/1350/351
f 1185/1345/347 822/1348/351 1055/1350/351
f 640/1245/347 1211/1244/351 822/1348/351
f 642/1253/359 1187/1353/359 823/1352/357
f 1187/1353/359 564/1359/359 1056/1354/357
f 1186/1349/353 823/1352/357 1056/1354/357
f 641/1249/353 1212/1248/357 823/1352/357
f 643/1257/365 1188/1357/365 824/1356/363
f 1188/1357/365 565/1363/365 1057/1358/363
f 1187/1353/359 824/1356/363 1057/1358/363
f 642/1253/359 1213/1252/363 824/1356/363
f 644/1261/371 1189/1361/371 825/1360/369
f 1189/1361/371 566/1367/371 1058/1362/369
f 1188/1357/365 825/1360/369 1058/1362/369
f 643/1257/365 1214/1256/369 825/1360/369
f 645/1265/377 1190/1365/377 826/1364/375
f 1190/1365/377 567/1371/377 1059/1366/375
f 1189/1361/371 826/1364/375 1059/1366/375
f 644/1261/371 1215/1260/375 826/1364/375
f 646/1269/383 1191/1369/383 827/1368/381
f 1191/1369/383 568/1375/383 1060/1370/381
f 1190/1365/377 827/1368/381 1060/1370/381
f 645/1265/377 1216/1264/381 827/1368/381
f 647/1273/389 1192/1373/389 828/1372/387
f 1192/1373/389 569/1379/389 1061/1374/387
f 1191/1369/383 828/1372/387 1061/1374/387
f 646/1269/383 1217/1268/387 828/1372/387
f 648/1277/395 1193/1377/395 829/1376/393
f 1193/1377/395 570/1383/395 1062/1378/393
f 1192/1373/389 829/1376/393 1062/1378/393
f 647/1273/389 1218/1272/393 829/1376/393
f 649/1281/401 1194/1381/401 830/1380/399
f 1194/1381/401 571/1387/401 1063/1382/399
f 1193/1377/395 830/1380/399 1063/1382/399
f 648/1277/395 1219/1276/399 830/1380/399
f 650/1285/407 1195/1385/407 831/1384/405
f 1195/1385/407 572/1391/407 1064/1386/405
f 1194/1381/401 831/1384/405 1064/1386/405
f 649/1281/401 1220/1280/405 831/1384/405
f 651/1288/413 1196/1389/413 832/1388/411
f 1196/1389/413 573/1394/413 1065/1390/411
f 1195/1385/407 832/1388/411 1065/1390/411
f 650/1285/407 1221/1284/411 832/1388/411
f 626/1187/417 1016/1292/417 833/1392/416
f 1016/1292/417 549/1293/417 1066/1393/416
f 1196/1389/413 833/1392/416 1066/1393/416
f 651/1288/413 1222/1287/416 833/1392/416
f 1458/1398/730 1460/1399/731 1277/1400/732
f 1302/1401/733 1354/1402/734 1458/1398/730
f 1303/1403/735 1354/1402/734 1589/1404/736
f 1588/1405/737 1460/1399/731 1354/1402/734
f 1461/1406/738 1462/1407/739 1278/1408/740
f 1304/1409/741 1355/1410/742 1461/1406/738
f 1302/1411/733 1355/1410/742 1590/1412/743
f 1458/1413/730 1462/1407/739 1355/1410/742
f 1463/1414/744 1464/1415/745 1279/1416/746
f 1305/1417/747 1356/1418/748 1463/1414/744
f 1304/1409/741 1356/1418/748 1591/1419/749
f 1461/1406/738 1464/1415/745 1356/1418/748
f 1465/1420/750 1466/1421/751 1280/1422/752
f 1306/1423/753 1357/1424/754 1465/1420/750
f 1305/1417/747 1357/1424/754 1592/1425/755
f 1463/1414/744 1466/1421/751 1357/1424/754
f 1467/1426/756 1468/1427/757 1281/1428/758
f 1307/1429/759 1358/1430/760 1467/1426/756
f 1306/1423/753 1358/1430/760 1593/1431/761
f 1465/1420/750 1468/1427/757 1358/1430/760
f 1469/1432/762 1470/1433/763 1282/1434/764
f 1308/1435/765 1359/1436/766 1469/1432/762
f 1307/1429/759 1359/1436/766 1594/1437/767
f 1467/1426/756 1470/1433/763 1359/1436/766
f 1471/1438/768 1472/1439/769 1283/1440/770
f 1309/1441/771 1360/1442/772 1471/1438/768
f 1308/1435/765 1360/1442/772 1595/1443/773
f 1469/1432/762 1472/1439/769 1360/1442/772
f 1473/1444/774 1474/1445/775 1284/1446/776
f 1310/1447/777 1361/1448/778 1473/1444/774
f 1309/1441/771 1361/1448/778 1596/1449/779
f 1471/1438/768 1474/1445/775 1361/1448/778
f 1475/1450/780 1476/1451/781 1285/1452/782
f 1311/1453/783 1362/1454/784 1475/1450/780
f 1310/1447/777 1362/1454/784 1597/1455/785
f 1473/1444/774 1476/1451/781 1362/1454/784
f 1477/1456/786 1478/1457/787 1286/1458/788
f 1312/1459/789 1363/1460/790 1477/1456/786
f 1311/1453/783 1363/1460/790 1598/1461/791
f 1475/1450/780 1478/1457/787 1363/1460/790
f 1479/1462/792 1480/1463/793 1287/1464/794
f 1313/1465/795 1364/1466/796 1479/1462/792
f 1312/1459/789 1364/1466/796 1599/1467/797
f 1477/1456/786 1480/1463/793 1364/1466/796
f 1481/1468/798 1482/1469/799 1288/1470/800
f 1314/1471/801 1365/1472/802 1481/1468/798
f 1313/1465/795 1365/1472/802 1600/1473/803
f 1479/1462/792 1482/1469/799 1365/1472/802
f 1483/1474/804 1484/1475/805 1289/1476/806
f 1315/1477/807 1366/1478/808 1483/1474/804
f 1314/1471/801 1366/1478/808 1601/1479/809
f 1481/1468/798 1484/1475/805 1366/1478/808
f 1485/1480/810 1486/1481/811 1290/1482/812
f 1316/1483/813 1367/1484/814 1485/1480/810
f 1315/1477/807 1367/1484/814 1602/1485/815
f 1483/1474/804 1486/1481/811 1367/1484/814
f 1487/1486/816 1488/1487/817 1291/1488/818
f 1317/1489/819 1368/1490/820 1487/1486/816
f 1316/1483/813 1368/1490/820 1603/1491/821
f 1485/1480/810 1488/1487/817 1368/1490/820
f 1489/1492/822 1490/1493/823 1292/1494/824
f 1318/1495/825 1369/1496/826 1489/1492/822
f 1317/1489/819 1369/1496/826 1604/1497/827
f 1487/1486/816 1490/1493/823 1369/1496/826
f 1491/1498/828 1492/1499/829 1293/1500/830
f 1319/1501/831 1370/1502/832 1491/1498/828
f 1318/1495/825 1370/1502/832 1605/1503/833
f 1489/1492/822 1492/1499/829 1370/1502/832
f 1493/1504/834 1494/1505/835 1294/1506/836
f 1320/1507/837 1371/1508/838 1493/1504/834
f 1319/1501/831 1371/1508/838 1606/1509/839
f 1491/1498/828 1494/1505/835 1371/1508/838
f 1495/1510/840 1496/1511/841 1295/1512/842
f 1321/1513/843 1372/1514/844 1495/1510/840
f 1320/1507/837 1372/1514/844 1607/1515/845
f 1493/1504/834 1496/1511/841 1372/1514/844
f 1497/1516/846 1498/1517/847 1296/1518/848
f 1322/1519/849 1373/1520/850 1497/1516/846
f 1321/1513/843 1373/1520/850 1608/1521/851
f 1495/1510/840 1498/1517/847 1373/1520/850
f 1499/1522/852 1500/1523/853 1297/1524/854
f 1323/1525/855 1374/1526/856 1499/1522/852
f 1322/1519/849 1374/1526/856 1609/1527/857
f 1497/1516/846 1500/1523/853 1374/1526/856
f 1501/1528/858 1502/1529/859 1298/1530/860
f 1324/1531/861 1375/1532/862 1501/1528/858
f 1323/1525/855 1375/1532/862 1610/1533/863
f 1499/1522/852 1502/1529/859 1375/1532/862
f 1503/1534/864 1504/1535/865 1299/1536/866
f 1325/1537/867 1376/1538/868 1503/1534/864
f 1324/1531/861 1376/1538/868 1611/1539/869
f 1501/1528/858 1504/1535/865 1376/1538/868
f 1505/1540/870 1506/1541/871 1300/1542/872
f 1326/1543/873 1377/1544/874 1505/1540/870
f 1325/1537/867 1377/1544/874 1612/1545/875
f 1503/1534/864 1506/1541/871 1377/1544/874
f 1507/1546/876 1508/1547/877 1301/1548/878
f 1327/1549/879 1378/1550/880 1507/1546/876
f 1326/1543/873 1378/1550/880 1613/1551/881
f 1505/1540/870 1508/1547/877 1378/1550/880
f 1588/1405/737 1509/1552/882 1276/1553/883
f 1303/1403/735 1379/1554/884 1588/1405/737
f 1327/1549/879 1379/1554/884 1614/1555/885
f 1507/1546/876 1509/1552/882 1379/1554/884
f 1251/1556/886 1380/657/887 1510/656/888
f 1250/1557/889 1380/657/887 1562/1558/890
f 1252/1559/891 1381/662/892 1512/661/893
f 1251/1560/886 1381/662/892 1563/1561/894
f 1253/1562/895 1382/666/896 1513/665/897
f 1252/1559/891 1382/666/896 1564/1563/898
f 1254/1564/899 1383/670/900 1514/669/901
f 1253/1562/895 1383/670/900 1565/1565/902
f 1255/1566/903 1384/674/904 1515/673/905
f 1254/1564/899 1384/674/904 1566/1567/906
f 1256/1568/907 1385/678/908 1516/677/909
f 1255/1566/903 1385/678/908 1567/1569/910
f 1257/1570/911 1386/682/912 1517/681/913
f 1256/1568/907 1386/682/912 1568/1571/914
f 1258/1572/915 1387/686/916 1518/685/917
f 1257/1570/911 1387/686/916 1569/1573/918
f 1259/1574/919 1388/690/920 1519/689/921
f 1258/1572/915 1388/690/920 1570/1575/922
f 1260/1576/923 1389/694/924 1520/693/925
f 1259/1574/919 1389/694/924 1571/1577/926
f 1261/1578/927 1390/698/928 1521/697/929
f 1260/1576/923 1390/698/928 1572/1579/930
f 1262/1580/931 1391/702/932 1522/701/933
f 1261/1578/927 1391/702/932 1573/1581/934
f 1263/1582/935 1392/706/936 1523/705/937
f 1262/1580/931 1392/706/936 1574/1583/938
f 1264/1584/939 1393/710/940 1524/709/941
f 1263/1582/935 1393/710/940 1575/1585/942
f 1265/1586/943 1394/714/944 1525/713/945
f 1264/1584/939 1394/714/944 1576/1587/946
f 1266/1588/947 1395/718/948 1526/717/949
f 1265/1586/943 1395/718/948 1577/1589/950
f 1267/1590/951 1396/722/952 1527/721/953
f 1266/1588/947 1396/722/952 1578/1591/954
f 1268/1592/955 1397/726/956 1528/725/957
f 1267/1590/951 1397/726/956 1579/1593/958
f 1269/1594/959 1398/730/960 1529/729/961
f 1268/1592/955 1398/730/960 1580/1595/962
f 1270/1596/963 1399/734/964 1530/733/965
f 1269/1594/959 1399/734/964 1581/1597/966
f 1271/1598/967 1400/738/968 1531/737/969
f 1270/1596/963 1400/738/968 1582/1599/970
f 1272/1600/971 1401/742/972 1532/741/973
f 1271/1598/967 1401/742/972 1583/1601/974
f 1273/1602/975 1402/746/976 1533/745/977
f 1272/1600/971 1402/746/976 1584/1603/978
f 1274/1604/979 1403/750/980 1534/749/981
f 1273/1602/975 1403/750/980 1585/1605/982
f 1275/1606/983 1404/754/984 1535/753/985
f 1274/1604/979 1404/754/984 1586/1607/986
f 1250/1557/889 1405/757/987 1511/654/988
f 1275/1606/983 1405/757/987 1587/1608/989
f 1276/1553/883 1406/1609/990 1460/1399/731
f 1536/1610/991 1562/1558/890 1406/1609/990
f 1537/1611/992 1562/1558/890 1251/1556/886
f 1277/1400/732 1406/1609/990 1537/1611/992
f 1277/1612/732 1407/1613/993 1462/1407/739
f 1537/1614/992 1563/1561/894 1407/1613/993
f 1538/1615/994 1563/1561/894 1252/1559/891
f 1278/1408/740 1407/1613/993 1538/1615/994
f 1278/1408/740 1408/1616/995 1464/1415/745
f 1538/1615/994 1564/1563/898 1408/1616/995
f 1539/1617/996 1564/1563/898 1253/1562/895
f 1279/1416/746 1408/1616/995 1539/1617/996
f 1279/1416/746 1409/1618/997 1466/1421/751
f 1539/1617/996 1565/1565/902 1409/1618/997
f 1540/1619/998 1565/1565/902 1254/1564/899
f 1280/1422/752 1409/1618/997 1540/1619/998
f 1280/1422/752 1410/1620/999 1468/1427/757
f 1540/1619/998 1566/1567/906 1410/1620/999
f 1541/1621/1000 1566/1567/906 1255/1566/903
f 1281/1428/758 1410/1620/999 1541/1621/1000
f 1281/1428/758 1411/1622/1001 1470/1433/763
f 1541/1621/1000 1567/1569/910 1411/1622/1001
f 1542/1623/1002 1567/1569/910 1256/1568/907
f 1282/1434/764 1411/1622/1001 1542/1623/1002
f 1282/1434/764 1412/1624/1003 1472/1439/769
f 1542/1623/1002 1568/1571/914 1412/1624/1003
f 1543/1625/1004 1568/1571/914 1257/1570/911
f 1283/1440/770 1412/1624/1003 1543/1625/1004
f 1283/1440/770 1413/1626/1005 1474/1445/775
f 1543/1625/1004 1569/1573/918 1413/1626/1005
f 1544/1627/1006 1569/1573/918 1258/1572/915
f 1284/1446/776 1413/1626/1005 1544/1627/1006
f 1284/1446/776 1414/1628/1007 1476/1451/781
f 1544/1627/1006 1570/1575/922 1414/1628/1007
f 1545/1629/1008 1570/1575/922 1259/1574/919
f 1285/1452/782 1414/1628/1007 1545/1629/1008
f 1285/1452/782 1415/1630/1009 1478/1457/787
f 1545/1629/1008 1571/1577/926 1415/1630/1009
f 1546/1631/1010 1571/1577/926 1260/1576/923
f 1286/1458/788 1415/1630/1009 1546/1631/1010
f 1286/1458/788 1416/1632/1011 1480/1463/793
f 1546/1631/1010 1572/1579/930 1416/1632/1011
f 1547/1633/1012 1572/1579/930 1261/1578/927
f 1287/1464/794 1416/1632/1011 1547/1633/1012
f 1287/1464/794 1417/1634/1013 1482/1469/799
f 1547/1633/1012 1573/1581/934 1417/1634/1013
f 1548/1635/1014 1573/1581/934 1262/1580/931
f 1288/1470/800 1417/1634/1013 1548/1635/1014
f 1288/1470/800 1418/1636/1015 1484/1475/805
f 1548/1635/1014 1574/1583/938 1418/1636/1015
f 1549/1637/1016 1574/1583/938 1263/1582/935
f 1289/1476/806 1418/1636/1015 1549/1637/1016
f 1289/1476/806 1419/1638/1017 1486/1481/811
f 1549/1637/1016 1575/1585/942 1419/1638/1017
f 1550/1639/1018 1575/1585/942 1264/1584/939
f 1290/1482/812 1419/1638/1017 1550/1639/1018
f 1290/1482/812 1420/1640/1019 1488/1487/817
f 1550/1639/1018 1576/1587/946 1420/1640/1019
f 1551/1641/1020 1576/1587/946 1265/1586/943
f 1291/1488/818 1420/1640/1019 1551/1641/1020
f 1291/1488/818 1421/1642/1021 1490/1493/823
f 1551/1641/1020 1577/1589/950 1421/1642/1021
f 1552/1643/1022 1577/1589/950 1266/1588/947
f 1292/1494/824 1421/1642/1021 1552/1643/1022
f 1292/1494/824 1422/1644/1023 1492/1499/829
f 1552/1643/1022 1578/1591/954 1422/1644/1023
f 1553/1645/1024 1578/1591/954 1267/1590/951
f 1293/1500/830 1422/1644/1023 1553/1645/1024
f 1293/1500/830 1423/1646/1025 1494/1505/835
f 1553/1645/1024 1579/1593/958 1423/1646/1025
f 1554/1647/1026 1579/1593/958 1268/1592/955
f 1294/1506/836 1423/1646/1025 1554/1647/1026
f 1294/1506/836 1424/1648/1027 1496/1511/841
f 1554/1647/1026 1580/1595/962 1424/1648/1027
f 1555/1649/1028 1580/1595/962 1269/1594/959
f 1295/1512/842 1424/1648/1027 1555/1649/1028
f 1295/1512/842 1425/1650/1029 1498/1517/847
f 1555/1649/1028 1581/1597/966 1425/1650/1029
f 1556/1651/1030 1581/1597/966 1270/1596/963
f 1296/1518/848 1425/1650/1029 1556/1651/1030
f 1296/1518/848 1426/1652/1031 1500/1523/853
f 1556/1651/1030 1582/1599/970 1426/1652/1031
f 1557/1653/1032 1582/1599/970 1271/1598/967
f 1297/1524/854 1426/1652/1031 1557/1653/1032
f 1297/1524/854 1427/1654/1033 1502/1529/859
f 1557/1653/1032 1583/1601/974 1427/1654/1033
f 1558/1655/1034 1583/1601/974 1272/1600/971
f 1298/1530/860 1427/1654/1033 1558/1655/1034
f 1298/1530/860 1428/1656/1035 1504/1535/865
f 1558/1655/1034 1584/1603/978 1428/1656/1035
f 1559/1657/1036 1584/1603/978 1273/1602/975
f 1299/1536/866 1428/1656/1035 1559/1657/1036
f 1299/1536/866 1429/1658/1037 1506/1541/871
f 1559/1657/1036 1585/1605/982 1429/1658/1037
f 1560/1659/1038 1585/1605/982 1274/1604/979
f 1300/1542/872 1429/1658/1037 1560/1659/1038
f 1300/1542/872 1430/1660/1039 1508/1547/877
f 1560/1659/1038 1586/1607/986 1430/1660/1039
f 1561/1661/1040 1586/1607/986 1275/1606/983
f 1301/1548/878 1430/1660/1039 1561/1661/1040
f 1301/1548/878 1431/1662/1041 1509/1552/882
f 1561/1661/1040 1587/1608/989 1431/1662/1041
f 1536/1610/991 1587/1608/989 1250/1557/889
f 1276/1553/883 1431/1662/1041 1536/1610/991
f 1615/1663/1042 1589/1664/736 1302/1411/733
f 1329/1665/1042 1432/1666/1043 1615/1663/1042
f 1328/1667/1044 1432/1666/1043 1641/1668/1043
f 1640/1669/1044 1589/1664/736 1432/1666/1043
f 1616/1670/1045 1590/1412/743 1304/1409/741
f 1330/1671/1045 1433/1672/1046 1616/1670/1045
f 1329/1665/1042 1433/1672/1046 1642/1673/1046
f 1615/1663/1042 1590/1412/743 1433/1672/1046
f 1617/1674/1047 1591/1419/749 1305/1417/747
f 1331/1675/1047 1434/1676/1048 1617/1674/1047
f 1330/1671/1045 1434/1676/1048 1643/1677/1048
f 1616/1670/1045 1591/1419/749 1434/1676/1048
f 1618/1678/1049 1592/1425/755 1306/1423/753
f 1332/1679/1049 1435/1680/1050 1618/1678/1049
f 1331/1675/1047 1435/1680/1050 1644/1681/1050
f 1617/1674/1047 1592/1425/755 1435/1680/1050
f 1619/1682/1051 1593/1431/761 1307/1429/759
f 1333/1683/1051 1436/1684/1052 1619/1682/1051
f 1332/1679/1049 1436/1684/1052 1645/1685/1052
f 1618/1678/1049 1593/1431/761 1436/1684/1052
f 1620/1686/1053 1594/1437/767 1308/1435/765
f 1334/1687/1053 1437/1688/1054 1620/1686/1053
f 1333/1683/1051 1437/1688/1054 1646/1689/1054
f 1619/1682/1051 1594/1437/767 1437/1688/1054
f 1621/1690/1055 1595/1443/773 1309/1441/771
f 1335/1691/1055 1438/1692/1056 1621/1690/1055
f 1334/1687/1053 1438/1692/1056 1647/1693/1056
f 1620/1686/1053 1595/1443/773 1438/1692/1056
f 1622/1694/1057 1596/1449/779 1310/1447/777
f 1336/1695/1057 1439/1696/1058 1622/1694/1057
f 1335/1691/1055 1439/1696/1058 1648/1697/1058
f 1621/1690/1055 1596/1449/779 1439/1696/1058
f 1623/1698/1059 1597/1455/785 1311/1453/783
f 1337/1699/1059 1440/1700/1060 1623/1698/1059
f 1336/1695/1057 1440/1700/1060 1649/1701/1060
f 1622/1694/1057 1597/1455/785 1440/1700/1060
f 1624/1702/1061 1598/1461/791 1312/1459/789
f 1338/1703/1061 1441/1704/1062 1624/1702/1061
f 1337/1699/1059 1441/1704/1062 1650/1705/1062
f 1623/1698/1059 1598/1461/791 1441/1704/1062
f 1625/1706/1063 1599/1467/797 1313/1465/795
f 1339/1707/1063 1442/1708/1064 1625/1706/1063
f 1338/1703/1061 1442/1708/1064 1651/1709/1064
f 1624/1702/1061 1599/1467/797 1442/1708/1064
f 1626/1710/1065 1600/1473/803 1314/1471/801
f 1340/1711/1065 1443/1712/1066 1626/1710/1065
f 1339/1707/1063 1443/1712/1066 1652/1713/1066
f 1625/1706/1063 1600/1473/803 1443/1712/1066
f 1627/1714/1067 1601/1479/809 1315/1477/807
f 1341/1715/1067 1444/1716/1068 1627/1714/1067
f 1340/1711/1065 1444/1716/1068 1653/1717/1068
f 1626/1710/1065 1601/1479/809 1444/1716/1068
f 1628/1718/1069 1602/1485/815 1316/1483/813
f 1342/1719/1069 1445/1720/1070 1628/1718/1069
f 1341/1715/1067 1445/1720/1070 1654/1721/1070
f 1627/1714/1067 1602/1485/815 1445/1720/1070
f 1629/1722/1071 1603/1491/821 1317/1489/819
f 1343/1723/1071 1446/1724/1072 1629/1722/1071
f 1342/1719/1069 1446/1724/1072 1655/1725/1072
f 1628/1718/1069 1603/1491/821 1446/1724/1072
f 1630/1726/1073 1604/1497/827 1318/1495/825
f 1344/1727/1073 1447/1728/1074 1630/1726/1073
f 1343/1723/1071 1447/1728/1074 1656/1729/1074
f 1629/1722/1071 1604/1497/827 1447/1728/1074
f 1631/1730/1075 1605/1503/833 1319/1501/831
f 1345/1731/1075 1448/1732/1076 1631/1730/1075
f 1344/1727/1073 1448/1732/1076 1657/1733/1076
f 1630/1726/1073 1605/1503/833 1448/1732/1076
f 1632/1734/1077 1606/1509/839 1320/1507/837
f 1346/1735/1077 1449/1736/1078 1632/1734/1077
f 1345/1731/1075 1449/1736/1078 1658/1737/1078
f 1631/1730/1075 1606/1509/839 1449/1736/1078
f 1633/1738/1079 1607/1515/845 1321/1513/843
f 1347/1739/1079 1450/1740/1080 1633/1738/1079
f 1346/1735/1077 1450/1740/1080 1659/1741/1080
f 1632/1734/1077 1607/1515/845 1450/1740/1080
f 1634/1742/1081 1608/1521/851 1322/1519/849
f 1348/1743/1081 1451/1744/1082 1634/1742/1081
f 1347/1739/1079 1451/1744/1082 1660/1745/1082
f 1633/1738/1079 1608/1521/851 1451/1744/1082
f 1635/1746/1083 1609/1527/857 1323/1525/855
f 1349/1747/1083 1452/1748/1084 1635/1746/1083
f 1348/1743/1081 1452/1748/1084 1661/1749/1084
f 1634/1742/1081 1609/1527/857 1452/1748/1084
f 1636/1750/1085 1610/1533/863 1324/1531/861
f 1350/1751/1085 1453/1752/1086 1636/1750/1085
f 1349/1747/1083 1453/1752/1086 1662/1753/1087
f 1635/1746/1083 1610/1533/863 1453/1752/1086
f 1637/1754/1088 1611/1539/869 1325/1537/867
f 1351/1755/1088 1454/1756/1089 1637/1754/1088
f 1350/1751/1085 1454/1756/1089 1663/1757/1089
f 1636/1750/1085 1611/1539/869 1454/1756/1089
f 1638/1758/1090 1612/1545/875 1326/1543/873
f 1352/1759/1090 1455/1760/875 1638/1758/1090
f 1351/1755/1088 1455/1760/875 1664/1761/875
f 1637/1754/1088 1612/1545/875 1455/1760/875
f 1639/1762/1091 1613/1551/881 1327/1549/879
f 1353/1763/1091 1456/1764/1092 1639/1762/1091
f 1352/1759/1090 1456/1764/1092 1665/1765/1092
f 1638/1758/1090 1613/1551/881 1456/1764/1092
f 1640/1766/1044 1614/1555/885 1303/1403/735
f 1328/1767/1044 1457/1768/1093 1640/1766/1044
f 1353/1763/1091 1457/1768/1093 1666/1769/1093
f 1639/1762/1091 1614/1555/885 1457/1768/1093
f 1667/382/1042 1641/1668/1043 1329/1665/1042
f 1459/494/1044 1641/1668/1043 1668/381/1043
f 1669/385/1045 1642/1673/1046 1330/1671/1045
f 1667/382/1042 1642/1673/1046 1670/384/1046
f 1671/387/1047 1643/1677/1048 1331/1675/1047
f 1669/385/1045 1643/1677/1048 1672/386/1048
f 1673/389/1049 1644/1681/1050 1332/1679/1049
f 1671/387/1047 1644/1681/1050 1674/388/1050
f 1675/391/1051 1645/1685/1052 1333/1683/1051
f 1673/389/1049 1645/1685/1052 1676/390/1052
f 1677/393/1053 1646/1689/1054 1334/1687/1053
f 1675/391/1051 1646/1689/1054 1678/392/1054
f 1679/395/1055 1647/1693/1056 1335/1691/1055
f 1677/393/1053 1647/1693/1056 1680/394/1056
f 1681/397/1057 1648/1697/1058 1336/1695/1057
f 1679/395/1055 1648/1697/1058 1682/396/1058
f 1683/399/1059 1649/1701/1060 1337/1699/1059
f 1681/397/1057 1649/1701/1060 1684/398/1060
f 1685/401/1061 1650/1705/1062 1338/1703/1061
f 1683/399/1059 1650/1705/1062 1686/400/1062
f 1687/403/1063 1651/1709/1064 1339/1707/1063
f 1685/401/1061 1651/1709/1064 1688/402/1064
f 1689/405/1065 1652/1713/1066 1340/1711/1065
f 1687/403/1063 1652/1713/1066 1690/404/1066
f 1691/407/1067 1653/1717/1068 1341/1715/1067
f 1689/405/1065 1653/1717/1068 1692/406/1068
f 1693/409/1069 1654/1721/1070 1342/1719/1069
f 1691/407/1067 1654/1721/1070 1694/408/1070
f 1695/411/1071 1655/1725/1072 1343/1723/1071
f 1693/409/1069 1655/1725/1072 1696/410/1072
f 1697/413/1073 1656/1729/1074 1344/1727/1073
f 1695/411/1071 1656/1729/1074 1698/412/1074
f 1699/415/1075 1657/1733/1076 1345/1731/1075
f 1697/413/1073 1657/1733/1076 1700/414/1076
f 1701/417/1077 1658/1737/1078 1346/1735/1077
f 1699/415/1075 1658/1737/1078 1702/416/1078
f 1703/419/1079 1659/1741/1080 1347/1739/1079
f 1701/417/1077 1659/1741/1080 1704/418/1080
f 1705/421/1081 1660/1745/1082 1348/1743/1081
f 1703/419/1079 1660/1745/1082 1706/420/1082
f 1707/423/1083 1661/1749/1084 1349/1747/1083
f 1705/421/1081 1661/1749/1084 1708/422/1084
f 1709/425/1085 1662/1753/1087 1350/1751/1085
f 1707/423/1083 1662/1753/1087 1710/424/1087
f 1711/427/1088 1663/1757/1089 1351/1755/1088
f 1709/425/1085 1663/1757/1089 1712/426/1089
f 1713/429/1090 1664/1761/875 1352/1759/1090
f 1711/427/1088 1664/1761/875 1714/428/875
f 1715/431/1091 1665/1765/1092 1353/1763/1091
f 1713/429/1090 1665/1765/1092 1716/430/1092
f 1459/433/1044 1666/1769/1093 1328/1767/1044
f 1715/431/1091 1666/1769/1093 1717/432/1093
f 1458/1398/730 1354/1402/734 1460/1399/731
f 1302/1401/733 1589/1404/736 1354/1402/734
f 1303/1403/735 1588/1405/737 1354/1402/734
f 1588/1405/737 1276/1553/883 1460/1399/731
f 1461/1406/738 1355/1410/742 1462/1407/739
f 1304/1409/741 1590/1412/743 1355/1410/742
f 1302/1411/733 1458/1413/730 1355/1410/742
f 1458/1413/730 1277/1612/732 1462/1407/739
f 1463/1414/744 1356/1418/748 1464/1415/745
f 1305/1417/747 1591/1419/749 1356/1418/748
f 1304/1409/741 1461/1406/738 1356/1418/748
f 1461/1406/738 1278/1408/740 1464/1415/745
f 1465/1420/750 1357/1424/754 1466/1421/751
f 1306/1423/753 1592/1425/755 1357/1424/754
f 1305/1417/747 1463/1414/744 1357/1424/754
f 1463/1414/744 1279/1416/746 1466/1421/751
f 1467/1426/756 1358/1430/760 1468/1427/757
f 1307/1429/759 1593/1431/761 1358/1430/760
f 1306/1423/753 1465/1420/750 1358/1430/760
f 1465/1420/750 1280/1422/752 1468/1427/757
f 1469/1432/762 1359/1436/766 1470/1433/763
f 1308/1435/765 1594/1437/767 1359/1436/766
f 1307/1429/759 1467/1426/756 1359/1436/766
f 1467/1426/756 1281/1428/758 1470/1433/763
f 1471/1438/768 1360/1442/772 1472/1439/769
f 1309/1441/771 1595/1443/773 1360/1442/772
f 1308/1435/765 1469/1432/762 1360/1442/772
f 1469/1432/762 1282/1434/764 1472/1439/769
f 1473/1444/774 1361/1448/778 1474/1445/775
f 1310/1447/777 1596/1449/779 1361/1448/778
f 1309/1441/771 1471/1438/768 1361/1448/778
f 1471/1438/768 1283/1440/770 1474/1445/775
f 1475/1450/780 1362/1454/784 1476/1451/781
f 1311/1453/783 1597/1455/785 1362/1454/784
f 1310/1447/777 1473/1444/774 1362/1454/784
f 1473/1444/774 1284/1446/776 1476/1451/781
f 1477/1456/786 1363/1460/790 1478/1457/787
f 1312/1459/789 1598/1461/791 1363/1460/790
f 1311/1453/783 1475/1450/780 1363/1460/790
f 1475/1450/780 1285/1452/782 1478/1457/787
f 1479/1462/792 1364/1466/796 1480/1463/793
f 1313/1465/795 1599/1467/797 1364/1466/796
f 1312/1459/789 1477/1456/786 1364/1466/796
f 1477/1456/786 1286/1458/788 1480/1463/793
f 1481/1468/798 1365/1472/802 1482/1469/799
f 1314/1471/801 1600/1473/803 1365/1472/802
f 1313/1465/795 1479/1462/792 1365/1472/802
f 1479/1462/792 1287/1464/794 1482/1469/799
f 1483/1474/804 1366/1478/808 1484/1475/805
f 1315/1477/807 1601/1479/809 1366/1478/808
f 1314/1471/801 1481/1468/798 1366/1478/808
f 1481/1468/798 1288/1470/800 1484/1475/805
f 1485/1480/810 1367/1484/814 1486/1481/811
f 1316/1483/813 1602/1485/815 1367/1484/814
f 1315/1477/807 1483/1474/804 1367/1484/814
f 1483/1474/804 1289/1476/806 1486/1481/811
f 1487/1486/816 1368/1490/820 1488/1487/817
f 1317/1489/819 1603/1491/821 1368/1490/820
f 1316/1483/813 1485/1480/810 1368/1490/820
f 1485/1480/810 1290/1482/812 1488/1487/817
f 1489/1492/822 1369/1496/826 1490/1493/823
f 1318/1495/825 1604/1497/827 1369/1496/826
f 1317/1489/819 1487/1486/816 1369/1496/826
f 1487/1486/816 1291/1488/818 1490/1493/823
f 1491/1498/828 1370/1502/832 1492/1499/829
f 1319/1501/831 1605/1503/833 1370/1502/832
f 1318/1495/825 1489/1492/822 1370/1502/832
f 1489/1492/822 1292/1494/824 1492/1499/829
f 1493/1504/834 1371/1508/838 1494/1505/835
f 1320/1507/837 1606/1509/839 1371/1508/838
f 1319/1501/831 1491/1498/828 1371/1508/838
f 1491/1498/828 1293/1500/830 1494/1505/835
f 1495/1510/840 1372/1514/844 1496/1511/841
f 1321/1513/843 1607/1515/845 1372/1514/844
f 1320/1507/837 1493/1504/834 1372/1514/844
f 1493/1504/834 1294/1506/836 1496/1511/841
f 1497/1516/846 1373/1520/850 1498/1517/847
f 1322/1519/849 1608/1521/851 1373/1520/850
f 1321/1513/843 1495/1510/840 1373/1520/850
f 1495/1510/840 1295/1512/842 1498/1517/847
f 1499/1522/852 1374/1526/856 1500/1523/853
f 1323/1525/855 1609/1527/857 1374/1526/856
f 1322/1519/849 1497/1516/846 1374/1526/856
f 1497/1516/846 1296/1518/848 1500/1523/853
f 1501/1528/858 1375/1532/862 1502/1529/859
f 1324/1531/861 1610/1533/863 1375/1532/862
f 1323/1525/855 1499/1522/852 1375/1532/862
f 1499/1522/852 1297/1524/854 1502/1529/859
f 1503/1534/864 1376/1538/868 1504/1535/865
f 1325/1537/867 1611/1539/869 1376/1538/868
f 1324/1531/861 1501/1528/858 1376/1538/868
f 1501/1528/858 1298/1530/860 1504/1535/865
f 1505/1540/870 1377/1544/874 1506/1541/871
f 1326/1543/873 1612/1545/875 1377/1544/874
f 1325/1537/867 1503/1534/864 1377/1544/874
f 1503/1534/864 1299/1536/866 1506/1541/871
f 1507/1546/876 1378/1550/880 1508/1547/877
f 1327/1549/879 1613/1551/881 1378/1550/880
f 1326/1543/873 1505/1540/870 1378/1550/880
f 1505/1540/870 1300/1542/872 1508/1547/877
f 1588/1405/737 1379/1554/884 1509/1552/882
f 1303/1403/735 1614/1555/885 1379/1554/884
f 1327/1549/879 1507/1546/876 1379/1554/884
f 1507/1546/876 1301/1548/878 1509/1552/882
f 1251/1556/886 1562/1558/890 1380/657/887
f 1250/1557/889 1511/654/988 1380/657/887
f 1252/1559/891 1563/1561/894 1381/662/892
f 1251/1560/886 1510/659/888 1381/662/892
f 1253/1562/895 1564/1563/898 1382/666/896
f 1252/1559/891 1512/661/893 1382/666/896
f 1254/1564/899 1565/1565/902 1383/670/900
f 1253/1562/895 1513/665/897 1383/670/900
f 1255/1566/903 1566/1567/906 1384/674/904
f 1254/1564/899 1514/669/901 1384/674/904
f 1256/1568/907 1567/1569/910 1385/678/908
f 1255/1566/903 1515/673/905 1385/678/908
f 1257/1570/911 1568/1571/914 1386/682/912
f 1256/1568/907 1516/677/909 1386/682/912
f 1258/1572/915 1569/1573/918 1387/686/916
f 1257/1570/911 1517/681/913 1387/686/916
f 1259/1574/919 1570/1575/922 1388/690/920
f 1258/1572/915 1518/685/917 1388/690/920
f 1260/1576/923 1571/1577/926 1389/694/924
f 1259/1574/919 1519/689/921 1389/694/924
f 1261/1578/927 1572/1579/930 1390/698/928
f 1260/1576/923 1520/693/925 1390/698/928
f 1262/1580/931 1573/1581/934 1391/702/932
f 1261/1578/927 1521/697/929 1391/702/932
f 1263/1582/935 1574/1583/938 1392/706/936
f 1262/1580/931 1522/701/933 1392/706/936
f 1264/1584/939 1575/1585/942 1393/710/940
f 1263/1582/935 1523/705/937 1393/710/940
f 1265/1586/943 1576/1587/946 1394/714/944
f 1264/1584/939 1524/709/941 1394/714/944
f 1266/1588/947 1577/1589/950 1395/718/948
f 1265/1586/943 1525/713/945 1395/718/948
f 1267/1590/951 1578/1591/954 1396/722/952
f 1266/1588/947 1526/717/949 1396/722/952
f 1268/1592/955 1579/1593/958 1397/726/956
f 1267/1590/951 1527/721/953 1397/726/956
f 1269/1594/959 1580/1595/962 1398/730/960
f 1268/1592/955 1528/725/957 1398/730/960
f 1270/1596/963 1581/1597/966 1399/734/964
f 1269/1594/959 1529/729/961 1399/734/964
f 1271/1598/967 1582/1599/970 1400/738/968
f 1270/1596/963 1530/733/965 1400/738/968
f 1272/1600/971 1583/1601/974 1401/742/972
f 1271/1598/967 1531/737/969 1401/742/972
f 1273/1602/975 1584/1603/978 1402/746/976
f 1272/1600/971 1532/741/973 1402/746/976
f 1274/1604/979 1585/1605/982 1403/750/980
f 1273/1602/975 1533/745/977 1403/750/980
f 1275/1606/983 1586/1607/986 1404/754/984
f 1274/1604/979 1534/749/981 1404/754/984
f 1250/1557/889 1587/1608/989 1405/757/987
f 1275/1606/983 1535/753/985 1405/757/987
f 1276/1553/883 1536/1610/991 1406/1609/990
f 1536/1610/991 1250/1557/889 1562/1558/890
f 1537/1611/992 1406/1609/990 1562/1558/890
f 1277/1400/732 1460/1399/731 1406/1609/990
f 1277/1612/732 1537/1614/992 1407/1613/993
f 1537/1614/992 1251/1560/886 1563/1561/894
f 1538/1615/994 1407/1613/993 1563/1561/894
f 1278/1408/740 1462/1407/739 1407/1613/993
f 1278/1408/740 1538/1615/994 1408/1616/995
f 1538/1615/994 1252/1559/891 1564/1563/898
f 1539/1617/996 1408/1616/995 1564/1563/898
f 1279/1416/746 1464/1415/745 1408/1616/995
f 1279/1416/746 1539/1617/996 1409/1618/997
f 1539/1617/996 1253/1562/895 1565/1565/902
f 1540/1619/998 1409/1618/997 1565/1565/902
f 1280/1422/752 1466/1421/751 1409/1618/997
f 1280/1422/752 1540/1619/998 1410/1620/999
f 1540/1619/998 1254/1564/899 1566/1567/906
f 1541/1621/1000 1410/1620/999 1566/1567/906
f 1281/1428/758 1468/1427/757 1410/1620/999
f 1281/1428/758 1541/1621/1000 1411/1622/1001
f 1541/1621/1000 1255/1566/903 1567/1569/910
f 1542/1623/1002 1411/1622/1001 1567/1569/910
f 1282/1434/764 1470/1433/763 1411/1622/1001
f 1282/1434/764 1542/1623/1002 1412/1624/1003
f 1542/1623/1002 1256/1568/907 1568/1571/914
f 1543/1625/1004 1412/1624/1003 1568/1571/914
f 1283/1440/770 1472/1439/769 1412/1624/1003
f 1283/1440/770 1543/1625/1004 1413/1626/1005
f 1543/1625/1004 1257/1570/911 1569/1573/918
f 1544/1627/1006 1413/1626/1005 1569/1573/918
f 1284/1446/776 1474/1445/775 1413/1626/1005
f 1284/1446/776 1544/1627/1006 1414/1628/1007
f 1544/1627/1006 1258/1572/915 1570/1575/922
f 1545/1629/1008 1414/1628/1007 1570/1575/922
f 1285/1452/782 1476/1451/781 1414/1628/1007
f 1285/1452/782 1545/1629/1008 1415/1630/1009
f 1545/1629/1008 1259/1574/919 1571/1577/926
f 1546/1631/1010 1415/1630/1009 1571/1577/926
f 1286/1458/788 1478/1457/787 1415/1630/1009
f 1286/1458/788 1546/1631/1010 1416/1632/1011
f 1546/1631/1010 1260/1576/923 1572/1579/930
f 1547/1633/1012 1416/1632/1011 1572/1579/930
f 1287/1464/794 1480/1463/793 1416/1632/1011
f 1287/1464/794 1547/1633/1012 1417/1634/1013
f 1547/1633/1012 1261/1578/927 1573/1581/934
f 1548/1635/1014 1417/1634/1013 1573/1581/934
f 1288/1470/800 1482/1469/799 1417/1634/1013
f 1288/1470/800 1548/1635/1014 1418/1636/1015
f 1548/1635/1014 1262/1580/931 1574/1583/938
f 1549/1637/1016 1418/1636/1015 1574/1583/938
f 1289/1476/806 1484/1475/805 1418/1636/1015
f 1289/1476/806 1549/1637/1016 1419/1638/1017
f 1549/1637/1016 1263/1582/935 1575/1585/942
f 1550/1639/1018 1419/1638/1017 1575/1585/942
f 1290/1482/812 1486/1481/811 1419/1638/1017
f 1290/1482/812 1550/1639/1018 1420/1640/1019
f 1550/1639/1018 1264/1584/939 1576/1587/946
f 1551/1641/1020 1420/1640/1019 1576/1587/946
f 1291/1488/818 1488/1487/817 1420/1640/1019
f 1291/1488/818 1551/1641/1020 1421/1642/1021
f 1551/1641/1020 1265/1586/943 1577/1589/950
f 1552/1643/1022 1421/1642/1021 1577/1589/950
f 1292/1494/824 1490/1493/823 1421/1642/1021
f 1292/1494/824 1552/1643/1022 1422/1644/1023
f 1552/1643/1022 1266/1588/947 1578/1591/954
f 1553/1645/1024 1422/1644/1023 1578/1591/954
f 1293/1500/830 1492/1499/829 1422/1644/1023
f 1293/1500/830 1553/1645/1024 1423/1646/1025
f 1553/1645/1024 1267/1590/951 1579/1593/958
f 1554/1647/1026 1423/1646/1025 1579/1593/958
f 1294/1506/836 1494/1505/835 1423/1646/1025
f 1294/1506/836 1554/1647/1026 1424/1648/1027
f 1554/1647/1026 1268/1592/955 1580/1595/962
f 1555/1649/1028 1424/1648/1027 1580/1595/962
f 1295/1512/842 1496/1511/841 1424/1648/1027
f 1295/1512/842 1555/1649/1028 1425/1650/1029
f 1555/1649/1028 1269/1594/959 1581/1597/966
f 1556/1651/1030 1425/1650/1029 1581/1597/966
f 1296/1518/848 1498/1517/847 1425/1650/1029
f 1296/1518/848 1556/1651/1030 1426/1652/1031
f 1556/1651/1030 1270/1596/963 1582/1599/970
f 1557/1653/1032 1426/1652/1031 1582/1599/970
f 1297/1524/854 1500/1523/853 1426/1652/1031
f 1297/1524/854 1557/1653/1032 1427/1654/1033
f 1557/1653/1032 1271/1598/967 1583/1601/974
f 1558/1655/1034 1427/1654/1033 1583/1601/974
f 1298/1530/860 1502/1529/859 1427/1654/1033
f 1298/1530/860 1558/1655/1034 1428/1656/1035
f 1558/1655/1034 1272/1600/971 1584/1603/978
f 1559/1657/1036 1428/1656/1035 1584/1603/978
f 1299/1536/866 1504/1535/865 1428/1656/1035
f 1299/1536/866 1559/1657/1036 1429/1658/1037
f 1559/1657/1036 1273/1602/975 1585/1605/982
f 1560/1659/1038 1429/1658/1037 1585/1605/982
f 1300/1542/872 1506/1541/871 1429/1658/1037
f 1300/1542/872 1560/1659/1038 1430/1660/1039
f 1560/1659/1038 1274/1604/979 1586/1607/986
f 1561/1661/1040 1430/1660/1039 1586/1607/986
f 1301/1548/878 1508/1547/877 1430/1660/1039
f 1301/1548/878 1561/1661/1040 1431/1662/1041
f 1561/1661/1040 1275/1606/983 1587/1608/989
f 1536/1610/991 1431/1662/1041 1587/1608/989
f 1276/1553/883 1509/1552/882 1431/1662/1041
f 1615/1663/1042 1432/1666/1043 1589/1664/736
f 1329/1665/1042 1641/1668/1043 1432/1666/1043
f 1328/1667/1044 1640/1669/1044 1432/1666/1043
f 1640/1669/1044 1303/1770/735 1589/1664/736
f 1616/1670/1045 1433/1672/1046 1590/1412/743
f 1330/1671/1045 1642/1673/1046 1433/1672/1046
f 1329/1665/1042 1615/1663/1042 1433/1672/1046
f 1615/1663/1042 1302/1411/733 1590/1412/743
f 1617/1674/1047 1434/1676/1048 1591/1419/749
f 1331/1675/1047 1643/1677/1048 1434/1676/1048
f 1330/1671/1045 1616/1670/1045 1434/1676/1048
f 1616/1670/1045 1304/1409/741 1591/1419/749
f 1618/1678/1049 1435/1680/1050 1592/1425/755
f 1332/1679/1049 1644/1681/1050 1435/1680/1050
f 1331/1675/1047 1617/1674/1047 1435/1680/1050
f 1617/1674/1047 1305/1417/747 1592/1425/755
f 1619/1682/1051 1436/1684/1052 1593/1431/761
f 1333/1683/1051 1645/1685/1052 1436/1684/1052
f 1332/1679/1049 1618/1678/1049 1436/1684/1052
f 1618/1678/1049 1306/1423/753 1593/1431/761
f 1620/1686/1053 1437/1688/1054 1594/1437/767
f 1334/1687/1053 1646/1689/1054 1437/1688/1054
f 1333/1683/1051 1619/1682/1051 1437/1688/1054
f 1619/1682/1051 1307/1429/759 1594/1437/767
f 1621/1690/1055 1438/1692/1056 1595/1443/773
f 1335/1691/1055 1647/1693/1056 1438/1692/1056
f 1334/1687/1053 1620/1686/1053 1438/1692/1056
f 1620/1686/1053 1308/1435/765 1595/1443/773
f 1622/1694/1057 1439/1696/1058 1596/1449/779
f 1336/1695/1057 1648/1697/1058 1439/1696/1058
f 1335/1691/1055 1621/1690/1055 1439/1696/1058
f 1621/1690/1055 1309/1441/771 1596/1449/779
f 1623/1698/1059 1440/1700/1060 1597/1455/785
f 1337/1699/1059 1649/1701/1060 1440/1700/1060
f 1336/1695/1057 1622/1694/1057 1440/1700/1060
f 1622/1694/1057 1310/1447/777 1597/1455/785
f 1624/1702/1061 1441/1704/1062 1598/1461/791
f 1338/1703/1061 1650/1705/1062 1441/1704/1062
f 1337/1699/1059 1623/1698/1059 1441/1704/1062
f 1623/1698/1059 1311/1453/783 1598/1461/791
f 1625/1706/1063 1442/1708/1064 1599/1467/797
f 1339/1707/1063 1651/1709/1064 1442/1708/1064
f 1338/1703/1061 1624/1702/1061 1442/1708/1064
f 1624/1702/1061 1312/1459/789 1599/1467/797
f 1626/1710/1065 1443/1712/1066 1600/1473/803
f 1340/1711/1065 1652/1713/1066 1443/1712/1066
f 1339/1707/1063 1625/1706/1063 1443/1712/1066
f 1625/1706/1063 1313/1465/795 1600/1473/803
f 1627/1714/1067 1444/1716/1068 1601/1479/809
f 1341/1715/1067 1653/1717/1068 1444/1716/1068
f 1340/1711/1065 1626/1710/1065 1444/1716/1068
f 1626/1710/1065 1314/1471/801 1601/1479/809
f 1628/1718/1069 1445/1720/1070 1602/1485/815
f 1342/1719/1069 1654/1721/1070 1445/1720/1070
f 1341/1715/1067 1627/1714/1067 1445/1720/1070
f 1627/1714/1067 1315/1477/807 1602/1485/815
f 1629/1722/1071 1446/1724/1072 1603/1491/821
f 1343/1723/1071 1655/1725/1072 1446/1724/1072
f 1342/1719/1069 1628/1718/1069 1446/1724/1072
f 1628/1718/1069 1316/1483/813 1603/1491/821
f 1630/1726/1073 1447/1728/1074 1604/1497/827
f 1344/1727/1073 1656/1729/1074 1447/1728/1074
f 1343/1723/1071 1629/1722/1071 1447/1728/1074
f 1629/1722/1071 1317/1489/819 1604/1497/827
f 1631/1730/1075 1448/1732/1076 1605/1503/833
f 1345/1731/1075 1657/1733/1076 1448/1732/1076
f 1344/1727/1073 1630/1726/1073 1448/1732/1076
f 1630/1726/1073 1318/1495/825 1605/1503/833
f 1632/1734/1077 1449/1736/1078 1606/1509/839
f 1346/1735/1077 1658/1737/1078 1449/1736/1078
f 1345/1731/1075 1631/1730/1075 1449/1736/1078
f 1631/1730/1075 1319/1501/831 1606/1509/839
f 1633/1738/1079 1450/1740/1080 1607/1515/845
f 1347/1739/1079 1659/1741/1080 1450/1740/1080
f 1346/1735/1077 1632/1734/1077 1450/1740/1080
f 1632/1734/1077 1320/1507/837 1607/1515/845
f 1634/1742/1081 1451/1744/1082 1608/1521/851
f 1348/1743/1081 1660/1745/1082 1451/1744/1082
f 1347/1739/1079 1633/1738/1079 1451/1744/1082
f 1633/1738/1079 1321/1513/843 1608/1521/851
f 1635/1746/1083 1452/1748/1084 1609/1527/857
f 1349/1747/1083 1661/1749/1084 1452/1748/1084
f 1348/1743/1081 1634/1742/1081 1452/1748/1084
f 1634/1742/1081 1322/1519/849 1609/1527/857
f 1636/1750/1085 1453/1752/1086 1610/1533/863
f 1350/1751/1085 1662/1753/1087 1453/1752/1086
f 1349/1747/1083 1635/1746/1083 1453/1752/1086
f 1635/1746/1083 1323/1525/855 1610/1533/863
f 1637/1754/1088 1454/1756/1089 1611/1539/869
f 1351/1755/1088 1663/1757/1089 1454/1756/1089
f 1350/1751/1085 1636/1750/1085 1454/1756/1089
f 1636/1750/1085 1324/1531/861 1611/1539/869
f 1638/1758/1090 1455/1760/875 1612/1545/875
f 1352/1759/1090 1664/1761/875 1455/1760/875
f 1351/1755/1088 1637/1754/1088 1455/1760/875
f 1637/1754/1088 1325/1537/867 1612/1545/875
f 1639/1762/1091 1456/1764/1092 1613/1551/881
f 1353/1763/1091 1665/1765/1092 1456/1764/1092
f 1352/1759/1090 1638/1758/1090 1456/1764/1092
f 1638/1758/1090 1326/1543/873 1613/1551/881
f 1640/1766/1044 1457/1768/1093 1614/1555/885
f 1328/1767/1044 1666/1769/1093 1457/1768/1093
f 1353/1763/1091 1639/1762/1091 1457/1768/1093
f 1639/1762/1091 1327/1549/879 1614/1555/885
f 1667/382/1042 1668/381/1043 1641/1668/1043
f 1459/494/1044 1328/1667/1044 1641/1668/1043
f 1669/385/1045 1670/384/1046 1642/1673/1046
f 1667/382/1042 1329/1665/1042 1642/1673/1046
f 1671/387/1047 1672/386/1048 1643/1677/1048
f 1669/385/1045 1330/1671/1045 1643/1677/1048
f 1673/389/1049 1674/388/1050 1644/1681/1050
f 1671/387/1047 1331/1675/1047 1644/1681/1050
f 1675/391/1051 1676/390/1052 1645/1685/1052
f 1673/389/1049 1332/1679/1049 1645/1685/1052
f 1677/393/1053 1678/392/1054 1646/1689/1054
f 1675/391/1051 1333/1683/1051 1646/1689/1054
f 1679/395/1055 1680/394/1056 1647/1693/1056
f 1677/393/1053 1334/1687/1053 1647/1693/1056
f 1681/397/1057 1682/396/1058 1648/1697/1058
f 1679/395/1055 1335/1691/1055 1648/1697/1058
f 1683/399/1059 1684/398/1060 1649/1701/1060
f 1681/397/1057 1336/1695/1057 1649/1701/1060
f 1685/401/1061 1686/400/1062 1650/1705/1062
f 1683/399/1059 1337/1699/1059 1650/1705/1062
f 1687/403/1063 1688/402/1064 1651/1709/1064
f 1685/401/1061 1338/1703/1061 1651/1709/1064
f 1689/405/1065 1690/404/1066 1652/1713/1066
f 1687/403/1063 1339/1707/1063 1652/1713/1066
f 1691/407/1067 1692/406/1068 1653/1717/1068
f 1689/405/1065 1340/1711/1065 1653/1717/1068
f 1693/409/1069 1694/408/1070 1654/1721/1070
f 1691/407/1067 1341/1715/1067 1654/1721/1070
f 1695/411/1071 1696/410/1072 1655/1725/1072
f 1693/409/1069 1342/1719/1069 1655/1725/1072
f 1697/413/1073 1698/412/1074 1656/1729/1074
f 1695/411/1071 1343/1723/1071 1656/1729/1074
f 1699/415/1075 1700/414/1076 1657/1733/1076
f 1697/413/1073 1344/1727/1073 1657/1733/1076
f 1701/417/1077 1702/416/1078 1658/1737/1078
f 1699/415/1075 1345/1731/1075 1658/1737/1078
f 1703/419/1079 1704/418/1080 1659/1741/1080
f 1701/417/1077 1346/1735/1077 1659/1741/1080
f 1705/421/1081 1706/420/1082 1660/1745/1082
f 1703/419/1079 1347/1739/1079 1660/1745/1082
f 1707/423/1083 1708/422/1084 1661/1749/1084
f 1705/421/1081 1348/1743/1081 1661/1749/1084
f 1709/425/1085 1710/424/1087 1662/1753/1087
f 1707/423/1083 1349/1747/1083 1662/1753/1087
f 1711/427/1088 1712/426/1089 1663/1757/1089
f 1709/425/1085 1350/1751/1085 1663/1757/1089
f 1713/429/1090 1714/428/875 1664/1761/875
f 1711/427/1088 1351/1755/1088 1664/1761/875
f 1715/431/1091 1716/430/1092 1665/1765/1092
f 1713/429/1090 1352/1759/1090 1665/1765/1092
f 1459/433/1044 1717/432/1093 1666/1769/1093
f 1715/431/1091 1353/1763/1091 1666/1769/1093
f 2577/1771/1094 2501/1772/1095 1718/1773/1096
f 2577/1771/1094 2499/1774/1097 2109/1775/1098
f 1958/1776/1099 2109/1775/1098 2499/1774/1097
f 1961/1777/1099 2109/1775/1098 2500/1778/1099
f 2578/1779/1100 2503/1780/1101 1719/1781/1102
f 2578/1779/1100 2501/1772/1095 2110/1782/1103
f 1961/1777/1099 2110/1782/1103 2501/1772/1095
f 1967/1783/1104 2110/1782/1103 2502/1784/1104
f 2579/1785/1105 2505/1786/1106 1720/1787/1107
f 2579/1785/1105 2503/1780/1101 2111/1788/1108
f 1967/1783/1104 2111/1788/1108 2503/1780/1101
f 1973/1789/1104 2111/1788/1108 2504/1790/1104
f 2580/1791/1109 2507/1792/1110 1721/1793/1111
f 2580/1791/1109 2505/1786/1106 2112/1794/1112
f 1973/1789/1104 2112/1794/1112 2505/1786/1106
f 1979/1795/1113 2112/1794/1112 2506/1796/1114
f 2581/1797/1115 2509/1798/1116 1722/1799/1117
f 2581/1797/1115 2507/1792/1110 2113/1800/1118
f 1979/1795/1113 2113/1800/1118 2507/1792/1110
f 1985/1801/1113 2113/1800/1118 2508/1802/1113
f 2582/1803/1119 2511/1804/1120 1723/1805/1121
f 2582/1803/1119 2509/1798/1116 2114/1806/1122
f 1985/1801/1113 2114/1806/1122 2509/1798/1116
f 1991/1807/1123 2114/1806/1122 2510/1808/1123
f 2583/1809/1124 2513/1810/1125 1724/1811/1126
f 2583/1809/1124 2511/1804/1120 2115/1812/1127
f 1991/1807/1123 2115/1812/1127 2511/1804/1120
f 1997/1813/1123 2115/1812/1127 2512/1814/1123
f 2584/1815/1128 2515/1816/1129 1725/1817/1130
f 2584/1815/1128 2513/1810/1125 2116/1818/1131
f 1997/1813/1123 2116/1818/1131 2513/1810/1125
f 2003/1819/1132 2116/1818/1131 2514/1820/1123
f 2585/1821/1133 2517/1822/1134 1726/1823/1135
f 2585/1821/1133 2515/1816/1129 2117/1824/1136
f 2003/1819/1132 2117/1824/1136 2515/1816/1129
f 2009/1825/1132 2117/1824/1136 2516/1826/1132
f 2586/1827/1137 2519/1828/1138 1727/1829/1139
f 2586/1827/1137 2517/1822/1134 2118/1830/1140
f 2009/1825/1132 2118/1830/1140 2517/1822/1134
f 2015/1831/1141 2118/1830/1140 2518/1832/1142
f 2587/1833/1143 2521/1834/1144 1728/1835/1145
f 2587/1833/1143 2519/1828/1138 2119/1836/1146
f 2015/1831/1141 2119/1836/1146 2519/1828/1138
f 2021/1837/1141 2119/1836/1146 2520/1838/1142
f 2588/1839/1147 2523/1840/1148 1729/1841/1149
f 2588/1839/1147 2521/1834/1144 2120/1842/1150
f 2021/1837/1141 2120/1842/1150 2521/1834/1144
f 2027/1843/1151 2120/1842/1150 2522/1844/1141
f 2589/1845/1152 2525/1846/1153 1730/1847/1154
f 2589/1845/1152 2523/1840/1148 2121/1848/1155
f 2027/1843/1151 2121/1848/1155 2523/1840/1148
f 2033/1849/1151 2121/1848/1155 2524/1850/1151
f 2590/1851/1156 2527/1852/1157 1731/1853/1158
f 2590/1851/1156 2525/1846/1153 2122/1854/1159
f 2033/1849/1151 2122/1854/1159 2525/1846/1153
f 2039/1855/1151 2122/1854/1159 2526/1856/1151
f 2591/1857/1160 2529/1858/1161 1732/1859/1162
f 2591/1857/1160 2527/1852/1157 2123/1860/1163
f 2039/1855/1151 2123/1860/1163 2527/1852/1157
f 2045/1861/1164 2123/1860/1163 2528/1862/1164
f 2592/1863/1165 2531/1864/1166 1733/1865/1167
f 2592/1863/1165 2529/1858/1161 2124/1866/1168
f 2045/1861/1164 2124/1866/1168 2529/1858/1161
f 2051/1867/1164 2124/1866/1168 2530/1868/1169
f 2593/1869/1170 2533/1870/1171 1734/1871/1172
f 2593/1869/1170 2531/1864/1166 2125/1872/1173
f 2051/1867/1164 2125/1872/1173 2531/1864/1166
f 2057/1873/1174 2125/1872/1173 2532/1874/1169
f 2594/1875/1175 2535/1876/1176 1735/1877/1177
f 2594/1875/1175 2533/1870/1171 2126/1878/1178
f 2057/1873/1174 2126/1878/1178 2533/1870/1171
f 2063/1879/1174 2126/1878/1178 2534/1880/1174
f 2595/1881/1179 2537/1882/1180 1736/1883/1181
f 2595/1881/1179 2535/1876/1176 2127/1884/1182
f 2063/1879/1174 2127/1884/1182 2535/1876/1176
f 2069/1885/1183 2127/1884/1182 2536/1886/1183
f 2596/1887/1184 2539/1888/1185 1737/1889/1186
f 2596/1887/1184 2537/1882/1180 2128/1890/1187
f 2069/1885/1183 2128/1890/1187 2537/1882/1180
f 2075/1891/1183 2128/1890/1187 2538/1892/1183
f 2597/1893/1188 2541/1894/1189 1738/1895/1190
f 2597/1893/1188 2539/1888/1185 2129/1896/1191
f 2075/1891/1183 2129/1896/1191 2539/1888/1185
f 2081/1897/1192 2129/1896/1191 2540/1898/1183
f 2598/1899/1193 2543/1900/1194 1739/1901/1195
f 2598/1899/1193 2541/1894/1189 2130/1902/1196
f 2081/1897/1192 2130/1902/1196 2541/1894/1189
f 2087/1903/1192 2130/1902/1196 2542/1904/1192
f 2599/1905/1197 2545/1906/1198 1740/1907/1199
f 2599/1905/1197 2543/1900/1194 2131/1908/1200
f 2087/1903/1192 2131/1908/1200 2543/1900/1194
f 2093/1909/1201 2131/1908/1200 2544/1910/1202
f 2600/1911/1203 2547/1912/1204 1741/1913/1205
f 2600/1911/1203 2545/1906/1198 2132/1914/1206
f 2093/1909/1201 2132/1914/1206 2545/1906/1198
f 2099/1915/1201 2132/1914/1206 2546/1916/1201
f 2601/1917/1207 2549/1918/1208 1745/1919/1209
f 2601/1917/1207 2547/1912/1204 2133/1920/1210
f 2099/1915/1201 2133/1920/1210 2547/1912/1204
f 2105/1921/1099 2133/1920/1210 2548/1922/1201
f 2602/1923/1211 2499/1924/1097 1744/1925/1212
f 2602/1923/1211 2549/1918/1208 2134/1926/1213
f 2105/1921/1099 2134/1926/1213 2549/1918/1208
f 1958/1927/1099 2134/1926/1213 2550/1928/1099
f 2947/1929/1214 2500/1778/1099 1958/1776/1099
f 1953/1930/1214 2135/1931/1214 2947/1929/1214
f 1960/1932/1214 2135/1931/1214 2604/1933/1214
f 2949/1934/1214 2500/1778/1099 2135/1931/1214
f 2950/1935/1214 2502/1784/1104 1961/1777/1099
f 1962/1936/1214 2136/1937/1214 2950/1935/1214
f 1966/1938/1214 2136/1937/1214 2605/1939/1214
f 2955/1940/1214 2502/1784/1104 2136/1937/1214
f 2956/1941/1214 2504/1790/1104 1967/1783/1104
f 1968/1942/1214 2137/1943/1214 2956/1941/1214
f 1972/1944/1214 2137/1943/1214 2606/1945/1214
f 2961/1946/1214 2504/1790/1104 2137/1943/1214
f 2962/1947/1114 2506/1796/1114 1973/1789/1104
f 1974/1948/1215 2138/1949/1114 2962/1947/1114
f 1978/1950/1215 2138/1949/1114 2607/1951/1215
f 2967/1952/1114 2506/1796/1114 2138/1949/1114
f 2968/1953/1216 2508/1802/1113 1979/1795/1113
f 1980/1954/1216 2139/1955/1216 2968/1953/1216
f 1984/1956/1216 2139/1955/1216 2608/1957/1216
f 2973/1958/1216 2508/1802/1113 2139/1955/1216
f 2974/1959/1216 2510/1808/1123 1985/1801/1113
f 1986/1960/1216 2140/1961/1216 2974/1959/1216
f 1990/1962/1216 2140/1961/1216 2609/1963/1216
f 2979/1964/1216 2510/1808/1123 2140/1961/1216
f 2980/1965/1216 2512/1814/1123 1991/1807/1123
f 1992/1966/1216 2141/1967/1216 2980/1965/1216
f 1996/1968/1216 2141/1967/1216 2610/1969/1216
f 2985/1970/1216 2512/1814/1123 2141/1967/1216
f 2986/1971/1216 2514/1820/1123 1997/1813/1123
f 1998/1972/1216 2142/1973/1216 2986/1971/1216
f 2002/1974/1216 2142/1973/1216 2611/1975/1216
f 2991/1976/1216 2514/1820/1123 2142/1973/1216
f 2992/1977/1216 2516/1826/1132 2003/1819/1132
f 2004/1978/1216 2143/1979/1216 2992/1977/1216
f 2008/1980/1216 2143/1979/1216 2612/1981/1216
f 2997/1982/1216 2516/1826/1132 2143/1979/1216
f 2998/1983/1142 2518/1832/1142 2009/1825/1132
f 2010/1984/1215 2144/1985/1142 2998/1983/1142
f 2014/1986/1215 2144/1985/1142 2613/1987/1215
f 3003/1988/1142 2518/1832/1142 2144/1985/1142
f 3004/1989/1217 2520/1838/1142 2015/1831/1141
f 2016/1990/1217 2145/1991/1217 3004/1989/1217
f 2020/1992/1217 2145/1991/1217 2614/1993/1217
f 3009/1994/1217 2520/1838/1142 2145/1991/1217
f 3010/1995/1217 2522/1844/1141 2021/1837/1141
f 2022/1996/1217 2146/1997/1217 3010/1995/1217
f 2026/1998/1217 2146/1997/1217 2615/1999/1217
f 3015/2000/1217 2522/1844/1141 2146/1997/1217
f 3016/2001/1217 2524/1850/1151 2027/1843/1151
f 2028/2002/1217 2147/2003/1217 3016/2001/1217
f 2032/2004/1217 2147/2003/1217 2616/2005/1217
f 3021/2006/1217 2524/1850/1151 2147/2003/1217
f 3022/2007/1217 2526/1856/1151 2033/1849/1151
f 2034/2008/1217 2148/2009/1217 3022/2007/1217
f 2038/2010/1217 2148/2009/1217 2617/2011/1217
f 3027/2012/1217 2526/1856/1151 2148/2009/1217
f 3028/2013/1217 2528/1862/1164 2039/1855/1151
f 2040/2014/1217 2149/2015/1217 3028/2013/1217
f 2044/2016/1217 2149/2015/1217 2618/2017/1217
f 3033/2018/1217 2528/1862/1164 2149/2015/1217
f 3034/2019/1217 2530/1868/1169 2045/1861/1164
f 2046/2020/1217 2150/2021/1217 3034/2019/1217
f 2050/2022/1215 2150/2021/1217 2619/2023/1217
f 3039/2024/1217 2530/1868/1169 2150/2021/1217
f 3040/2025/1169 2532/1874/1169 2051/1867/1164
f 2052/2026/1215 2151/2027/1169 3040/2025/1169
f 2056/2028/1215 2151/2027/1169 2620/2029/1215
f 3045/2030/1169 2532/1874/1169 2151/2027/1169
f 3046/2031/1218 2534/1880/1174 2057/1873/1174
f 2058/2032/1218 2152/2033/1218 3046/2031/1218
f 2062/2034/1218 2152/2033/1218 2621/2035/1218
f 3051/2036/1218 2534/1880/1174 2152/2033/1218
f 3052/2037/1218 2536/1886/1183 2063/1879/1174
f 2064/2038/1218 2153/2039/1218 3052/2037/1218
f 2068/2040/1218 2153/2039/1218 2622/2041/1218
f 3057/2042/1218 2536/1886/1183 2153/2039/1218
f 3058/2043/1218 2538/1892/1183 2069/1885/1183
f 2070/2044/1218 2154/2045/1218 3058/2043/1218
f 2074/2046/1218 2154/2045/1218 2623/2047/1218
f 3063/2048/1218 2538/1892/1183 2154/2045/1218
f 3064/2049/1218 2540/1898/1183 2075/1891/1183
f 2076/2050/1218 2155/2051/1218 3064/2049/1218
f 2080/2052/1218 2155/2051/1218 2624/2053/1218
f 3069/2054/1218 2540/1898/1183 2155/2051/1218
f 3070/2055/1218 2542/1904/1192 2081/1897/1192
f 2082/2056/1218 2156/2057/1218 3070/2055/1218
f 2086/2058/1218 2156/2057/1218 2625/2059/1218
f 3075/2060/1218 2542/1904/1192 2156/2057/1218
f 3076/2061/1202 2544/1910/1202 2087/1903/1192
f 2088/2062/1215 2157/2063/1202 3076/2061/1202
f 2092/2064/1218 2157/2063/1202 2626/2065/1215
f 3081/2066/1202 2544/1910/1202 2157/2063/1202
f 3082/2067/1214 2546/1916/1201 2093/1909/1201
f 2094/2068/1215 2158/2069/1214 3082/2067/1214
f 2098/2070/1214 2158/2069/1214 2627/2071/1214
f 3087/2072/1214 2546/1916/1201 2158/2069/1214
f 3088/2073/1214 2548/1922/1201 2099/1915/1201
f 2100/2074/1214 2159/2075/1214 3088/2073/1214
f 2104/2076/1214 2159/2075/1214 2628/2077/1214
f 3093/2078/1214 2548/1922/1201 2159/2075/1214
f 2550/1928/1099 2946/2079/1214 1958/1927/1099
f 2550/1928/1099 3094/2080/1214 2160/2081/1214
f 2106/2082/1214 2160/2081/1214 3094/2080/1214
f 1957/2083/1214 2160/2081/1214 2629/2084/1214
f 1744/2085/1212 2161/760/1219 2576/758/1220
f 1718/1773/1096 2161/760/1219 2577/1771/1094
f 1718/1773/1096 2162/762/1221 3254/759/1222
f 1719/1781/1102 2162/762/1221 2578/1779/1100
f 1719/1781/1102 2163/764/1223 3255/761/1224
f 1720/1787/1107 2163/764/1223 2579/1785/1105
f 1720/1787/1107 2164/766/1225 3256/763/1226
f 1721/1793/1111 2164/766/1225 2580/1791/1109
f 1721/1793/1111 2165/768/1227 3257/765/1228
f 1722/1799/1117 2165/768/1227 2581/1797/1115
f 1722/1799/1117 2166/770/1229 3258/767/1230
f 1723/1805/1121 2166/770/1229 2582/1803/1119
f 1723/1805/1121 2167/772/1231 3259/769/1232
f 1724/1811/1126 2167/772/1231 2583/1809/1124
f 1724/1811/1126 2168/774/1233 3260/771/1234
f 1725/1817/1130 2168/774/1233 2584/1815/1128
f 1725/1817/1130 2169/776/1235 3261/773/1236
f 1726/1823/1135 2169/776/1235 2585/1821/1133
f 1726/1823/1135 2170/778/1237 3262/775/1238
f 1727/1829/1139 2170/778/1237 2586/1827/1137
f 1727/1829/1139 2171/780/1239 3263/777/1240
f 1728/1835/1145 2171/780/1239 2587/1833/1143
f 1728/1835/1145 2172/782/1241 3264/779/1242
f 1729/1841/1149 2172/782/1241 2588/1839/1147
f 1729/1841/1149 2173/784/1243 3265/781/1244
f 1730/1847/1154 2173/784/1243 2589/1845/1152
f 1730/1847/1154 2174/786/1245 3266/783/1246
f 1731/1853/1158 2174/786/1245 2590/1851/1156
f 1731/1853/1158 2175/788/1247 3267/785/1248
f 1732/1859/1162 2175/788/1247 2591/1857/1160
f 1732/1859/1162 2176/790/1249 3268/787/1250
f 1733/1865/1167 2176/790/1249 2592/1863/1165
f 1733/1865/1167 2177/792/1251 3269/789/1252
f 1734/1871/1172 2177/792/1251 2593/1869/1170
f 1734/1871/1172 2178/794/1253 3270/791/1254
f 1735/1877/1177 2178/794/1253 2594/1875/1175
f 1735/1877/1177 2179/796/1255 3271/793/1256
f 1736/1883/1181 2179/796/1255 2595/1881/1179
f 1736/1883/1181 2180/798/1257 3272/795/1258
f 1737/1889/1186 2180/798/1257 2596/1887/1184
f 1737/1889/1186 2181/800/1259 3273/797/1260
f 1738/1895/1190 2181/800/1259 2597/1893/1188
f 1738/1895/1190 2182/802/1261 3274/799/1262
f 1739/1901/1195 2182/802/1261 2598/1899/1193
f 1739/1901/1195 2183/804/1263 3275/801/1264
f 1740/1907/1199 2183/804/1263 2599/1905/1197
f 1740/1907/1199 2184/806/1265 3276/803/1266
f 1741/1913/1205 2184/806/1265 2600/1911/1203
f 1741/1913/1205 2185/808/1267 3277/805/1268
f 1745/1919/1209 2185/808/1267 2601/1917/1207
f 1745/1919/1209 2186/810/1269 3278/807/1270
f 1744/1925/1212 2186/810/1269 2602/1923/1211
f 2942/2086/1214 2604/1933/1214 1953/1930/1214
f 1954/2087/1214 2187/2088/1214 2942/2086/1214
f 1959/2089/1214 2187/2088/1214 2656/2090/1214
f 2948/2091/1214 2604/1933/1214 2187/2088/1214
f 2951/2092/1214 2605/1939/1214 1962/1936/1214
f 1963/2093/1214 2188/2094/1214 2951/2092/1214
f 1965/2095/1214 2188/2094/1214 2657/2096/1214
f 2954/2097/1214 2605/1939/1214 2188/2094/1214
f 2957/2098/1215 2606/1945/1214 1968/1942/1214
f 1969/2099/1215 2189/2100/1214 2957/2098/1215
f 1971/2101/1214 2189/2100/1214 2658/2102/1214
f 2960/2103/1215 2606/1945/1214 2189/2100/1214
f 2963/2104/1215 2607/1951/1215 1974/1948/1215
f 1975/2105/1216 2190/2106/1215 2963/2104/1215
f 1977/2107/1214 2190/2106/1215 2659/2108/1215
f 2966/2109/1215 2607/1951/1215 2190/2106/1215
f 2969/2110/1216 2608/1957/1216 1980/1954/1216
f 1981/2111/1216 2191/2112/1216 2969/2110/1216
f 1983/2113/1214 2191/2112/1216 2660/2114/1216
f 2972/2115/1216 2608/1957/1216 2191/2112/1216
f 2975/2116/1216 2609/1963/1216 1986/1960/1216
f 1987/2117/1216 2192/2118/1216 2975/2116/1216
f 1989/2119/1216 2192/2118/1216 2661/2120/1216
f 2978/2121/1216 2609/1963/1216 2192/2118/1216
f 2981/2122/1216 2610/1969/1216 1992/1966/1216
f 1993/2123/1216 2193/2124/1216 2981/2122/1216
f 1995/2125/1216 2193/2124/1216 2662/2126/1216
f 2984/2127/1216 2610/1969/1216 2193/2124/1216
f 2987/2128/1216 2611/1975/1216 1998/1972/1216
f 1999/2129/1216 2194/2130/1216 2987/2128/1216
f 2001/2131/1216 2194/2130/1216 2663/2132/1216
f 2990/2133/1216 2611/1975/1216 2194/2130/1216
f 2993/2134/1216 2612/1981/1216 2004/1978/1216
f 2005/2135/1215 2195/2136/1216 2993/2134/1216
f 2007/2137/1216 2195/2136/1216 2664/2138/1216
f 2996/2139/1216 2612/1981/1216 2195/2136/1216
f 2999/2140/1215 2613/1987/1215 2010/1984/1215
f 2011/2141/1217 2196/2142/1215 2999/2140/1215
f 2013/2143/1216 2196/2142/1215 2665/2144/1215
f 3002/2145/1215 2613/1987/1215 2196/2142/1215
f 3005/2146/1215 2614/1993/1217 2016/1990/1217
f 2017/2147/1217 2197/2148/1217 3005/2146/1215
f 2019/2149/1216 2197/2148/1217 2666/2150/1215
f 3008/2151/1217 2614/1993/1217 2197/2148/1217
f 3011/2152/1217 2615/1999/1217 2022/1996/1217
f 2023/2153/1217 2198/2154/1217 3011/2152/1217
f 2025/2155/1215 2198/2154/1217 2667/2156/1217
f 3014/2157/1217 2615/1999/1217 2198/2154/1217
f 3017/2158/1217 2616/2005/1217 2028/2002/1217
f 2029/2159/1217 2199/2160/1217 3017/2158/1217
f 2031/2161/1217 2199/2160/1217 2668/2162/1217
f 3020/2163/1217 2616/2005/1217 2199/2160/1217
f 3023/2164/1217 2617/2011/1217 2034/2008/1217
f 2035/2165/1217 2200/2166/1217 3023/2164/1217
f 2037/2167/1217 2200/2166/1217 2669/2168/1217
f 3026/2169/1217 2617/2011/1217 2200/2166/1217
f 3029/2170/1217 2618/2017/1217 2040/2014/1217
f 2041/2171/1217 2201/2172/1217 3029/2170/1217
f 2043/2173/1217 2201/2172/1217 2670/2174/1217
f 3032/2175/1217 2618/2017/1217 2201/2172/1217
f 3035/2176/1217 2619/2023/1217 2046/2020/1217
f 2047/2177/1218 2202/2178/1217 3035/2176/1217
f 2049/2179/1217 2202/2178/1217 2671/2180/1215
f 3038/2181/1215 2619/2023/1217 2202/2178/1217
f 3041/2182/1217 2620/2029/1215 2052/2026/1215
f 2053/2183/1218 2203/2184/1215 3041/2182/1217
f 2055/2185/1215 2203/2184/1215 2672/2186/1215
f 3044/2187/1215 2620/2029/1215 2203/2184/1215
f 3047/2188/1218 2621/2035/1218 2058/2032/1218
f 2059/2189/1218 2204/2190/1218 3047/2188/1218
f 2061/2191/1215 2204/2190/1218 2673/2192/1218
f 3050/2193/1218 2621/2035/1218 2204/2190/1218
f 3053/2194/1218 2622/2041/1218 2064/2038/1218
f 2065/2195/1218 2205/2196/1218 3053/2194/1218
f 2067/2197/1169 2205/2196/1218 2674/2198/1218
f 3056/2199/1218 2622/2041/1218 2205/2196/1218
f 3059/2200/1218 2623/2047/1218 2070/2044/1218
f 2071/2201/1218 2206/2202/1218 3059/2200/1218
f 2073/2203/1218 2206/2202/1218 2675/2204/1218
f 3062/2205/1218 2623/2047/1218 2206/2202/1218
f 3065/2206/1218 2624/2053/1218 2076/2050/1218
f 2077/2207/1218 2207/2208/1218 3065/2206/1218
f 2079/2209/1218 2207/2208/1218 2676/2210/1218
f 3068/2211/1218 2624/2053/1218 2207/2208/1218
f 3071/2212/1218 2625/2059/1218 2082/2056/1218
f 2083/2213/1214 2208/2214/1218 3071/2212/1218
f 2085/2215/1218 2208/2214/1218 2677/2216/1218
f 3074/2217/1218 2625/2059/1218 2208/2214/1218
f 3077/2218/1215 2626/2065/1215 2088/2062/1215
f 2089/2219/1214 2209/2220/1215 3077/2218/1215
f 2091/2221/1218 2209/2220/1215 2678/2222/1215
f 3080/2223/1215 2626/2065/1215 2209/2220/1215
f 3083/2224/1214 2627/2071/1214 2094/2068/1215
f 2095/2225/1214 2210/2226/1215 3083/2224/1214
f 2097/2227/1214 2210/2226/1215 2679/2228/1214
f 3086/2229/1215 2627/2071/1214 2210/2226/1215
f 3089/2230/1214 2628/2077/1214 2100/2074/1214
f 2101/2231/1214 2211/2232/1214 3089/2230/1214
f 2103/2233/1215 2211/2232/1214 2680/2234/1214
f 3092/2235/1214 2628/2077/1214 2211/2232/1214
f 3095/2236/1214 2629/2084/1214 2106/2082/1214
f 2107/2237/1214 2212/2238/1214 3095/2236/1214
f 1956/2239/1214 2212/2238/1214 2681/2240/1214
f 2945/2241/1214 2629/2084/1214 2212/2238/1214
f 2943/2242/1214 2656/2090/1214 1954/2087/1214
f 1955/2243/1214 2213/2244/1214 2943/2242/1214
f 2551/2245/1215 2655/2246/1215 1743/2247/1215
f 1964/2248/1214 2213/2244/1214 2551/2245/1215
f 2656/2090/1214 2953/2249/1214 1959/2089/1214
f 2952/2250/1214 2657/2096/1214 1963/2093/1214
f 1964/2248/1214 2214/2251/1214 2952/2250/1214
f 2552/2252/1215 2551/2245/1215 1743/2247/1215
f 1970/2253/1214 2214/2251/1214 2552/2252/1215
f 2657/2096/1214 2959/2254/1214 1965/2095/1214
f 2958/2255/1214 2658/2102/1214 1969/2099/1215
f 1970/2253/1214 2215/2256/1214 2958/2255/1214
f 2553/2257/1215 2552/2252/1215 1743/2247/1215
f 1976/2258/1214 2215/2256/1214 2553/2257/1215
f 2658/2102/1214 2965/2259/1215 1971/2101/1214
f 2964/2260/1215 2659/2108/1215 1975/2105/1216
f 1976/2258/1214 2216/2261/1215 2964/2260/1215
f 2554/2262/1215 2553/2257/1215 1743/2247/1215
f 1982/2263/1216 2216/2261/1215 2554/2262/1215
f 2659/2108/1215 2971/2264/1215 1977/2107/1214
f 2970/2265/1216 2660/2114/1216 1981/2111/1216
f 1982/2263/1216 2217/2266/1216 2970/2265/1216
f 2555/2267/1215 2554/2262/1215 1743/2247/1215
f 1988/2268/1216 2217/2266/1216 2555/2267/1215
f 2660/2114/1216 2977/2269/1114 1983/2113/1214
f 2976/2270/1216 2661/2120/1216 1987/2117/1216
f 1988/2268/1216 2218/2271/1216 2976/2270/1216
f 2556/2272/1215 2555/2267/1215 1743/2247/1215
f 1994/2273/1216 2218/2271/1216 2556/2272/1215
f 2661/2120/1216 2983/2274/1216 1989/2119/1216
f 2982/2275/1216 2662/2126/1216 1993/2123/1216
f 1994/2273/1216 2219/2276/1216 2982/2275/1216
f 2557/2277/1215 2556/2272/1215 1743/2247/1215
f 2000/2278/1216 2219/2276/1216 2557/2277/1215
f 2662/2126/1216 2989/2279/1216 1995/2125/1216
f 2988/2280/1216 2663/2132/1216 1999/2129/1216
f 2000/2278/1216 2220/2281/1216 2988/2280/1216
f 2558/2282/1215 2557/2277/1215 1743/2247/1215
f 2006/2283/1216 2220/2281/1216 2558/2282/1215
f 2663/2132/1216 2995/2284/1216 2001/2131/1216
f 2994/2285/1215 2664/2138/1216 2005/2135/1215
f 2006/2283/1216 2221/2286/1216 2994/2285/1215
f 2559/2287/1215 2558/2282/1215 1743/2247/1215
f 2012/2288/1216 2221/2286/1216 2559/2287/1215
f 2664/2138/1216 3001/2289/1216 2007/2137/1216
f 3000/2290/1215 2665/2144/1215 2011/2141/1217
f 2012/2288/1216 2222/2291/1215 3000/2290/1215
f 2560/2292/1215 2559/2287/1215 1743/2247/1215
f 2018/2293/1217 2222/2291/1215 2560/2292/1215
f 2665/2144/1215 3007/2294/1215 2013/2143/1216
f 3006/2295/1215 2666/2150/1215 2017/2147/1217
f 2018/2293/1217 2223/2296/1215 3006/2295/1215
f 2561/2297/1215 2560/2292/1215 1743/2247/1215
f 2024/2298/1217 2223/2296/1215 2561/2297/1215
f 2666/2150/1215 3013/2299/1217 2019/2149/1216
f 3012/2300/1217 2667/2156/1217 2023/2153/1217
f 2024/2298/1217 2224/2301/1217 3012/2300/1217
f 2562/2302/1215 2561/2297/1215 1743/2247/1215
f 2030/2303/1217 2224/2301/1217 2562/2302/1215
f 2667/2156/1217 3019/2304/1217 2025/2155/1215
f 3018/2305/1217 2668/2162/1217 2029/2159/1217
f 2030/2303/1217 2225/2306/1217 3018/2305/1217
f 2563/2307/1215 2562/2302/1215 1743/2247/1215
f 2036/2308/1217 2225/2306/1217 2563/2307/1215
f 2668/2162/1217 3025/2309/1217 2031/2161/1217
f 3024/2310/1217 2669/2168/1217 2035/2165/1217
f 2036/2308/1217 2226/2311/1217 3024/2310/1217
f 2564/2312/1215 2563/2307/1215 1743/2247/1215
f 2042/2313/1217 2226/2311/1217 2564/2312/1215
f 2669/2168/1217 3031/2314/1217 2037/2167/1217
f 3030/2315/1215 2670/2174/1217 2041/2171/1217
f 2042/2313/1217 2227/2316/1217 3030/2315/1215
f 2565/2317/1215 2564/2312/1215 1743/2247/1215
f 2048/2318/1217 2227/2316/1217 2565/2317/1215
f 2670/2174/1217 3037/2319/1217 2043/2173/1217
f 3036/2320/1215 2671/2180/1215 2047/2177/1218
f 2048/2318/1217 2228/2321/1217 3036/2320/1215
f 2566/2322/1215 2565/2317/1215 1743/2247/1215
f 2054/2323/1215 2228/2321/1217 2566/2322/1215
f 2671/2180/1215 3043/2324/1217 2049/2179/1217
f 3042/2325/1215 2672/2186/1215 2053/2183/1218
f 2054/2323/1215 2229/2326/1215 3042/2325/1215
f 2567/2327/1215 2566/2322/1215 1743/2247/1215
f 2060/2328/1218 2229/2326/1215 2567/2327/1215
f 2672/2186/1215 3049/2329/1217 2055/2185/1215
f 3048/2330/1218 2673/2192/1218 2059/2189/1218
f 2060/2328/1218 2230/2331/1218 3048/2330/1218
f 2568/2332/1215 2567/2327/1215 1743/2247/1215
f 2066/2333/1218 2230/2331/1218 2568/2332/1215
f 2673/2192/1218 3055/2334/1218 2061/2191/1215
f 3054/2335/1218 2674/2198/1218 2065/2195/1218
f 2066/2333/1218 2231/2336/1218 3054/2335/1218
f 2569/2337/1215 2568/2332/1215 1743/2247/1215
f 2072/2338/1218 2231/2336/1218 2569/2337/1215
f 2674/2198/1218 3061/2339/1218 2067/2197/1169
f 3060/2340/1218 2675/2204/1218 2071/2201/1218
f 2072/2338/1218 2232/2341/1218 3060/2340/1218
f 2570/2342/1215 2569/2343/1215 1743/2344/1215
f 2078/2345/1218 2232/2341/1218 2570/2342/1215
f 2675/2204/1218 3067/2346/1218 2073/2203/1218
f 3066/2347/1218 2676/2210/1218 2077/2207/1218
f 2078/2345/1218 2233/2348/1218 3066/2347/1218
f 2571/2349/1215 2570/2342/1215 1743/2344/1215
f 2084/2350/1218 2233/2348/1218 2571/2349/1215
f 2676/2210/1218 3073/2351/1218 2079/2209/1218
f 3072/2352/1215 2677/2216/1218 2083/2213/1214
f 2084/2350/1218 2234/2353/1218 3072/2352/1215
f 2572/2354/1215 2571/2349/1215 1743/2344/1215
f 2090/2355/1218 2234/2353/1218 2572/2354/1215
f 2677/2216/1218 3079/2356/1218 2085/2215/1218
f 3078/2357/1214 2678/2222/1215 2089/2219/1214
f 2090/2355/1218 2235/2358/1215 3078/2357/1214
f 2573/2359/1215 2572/2354/1215 1743/2344/1215
f 2096/2360/1214 2235/2358/1215 2573/2359/1215
f 2678/2222/1215 3085/2361/1215 2091/2221/1218
f 3084/2362/1215 2679/2228/1214 2095/2225/1214
f 2096/2360/1214 2236/2363/1214 3084/2362/1215
f 2574/2364/1215 2573/2359/1215 1743/2344/1215
f 2102/2365/1214 2236/2363/1214 2574/2364/1215
f 2679/2228/1214 3091/2366/1215 2097/2227/1214
f 3090/2367/1215 2680/2234/1214 2101/2231/1214
f 2102/2365/1214 2237/2368/1214 3090/2367/1215
f 2575/2369/1215 2574/2364/1215 1743/2344/1215
f 2108/2370/1214 2237/2368/1214 2575/2369/1215
f 2680/2234/1214 3097/2371/1214 2103/2233/1215
f 3096/2372/1214 2681/2240/1214 2107/2237/1214
f 2108/2370/1214 2238/2373/1214 3096/2372/1214
f 2655/2374/1215 2575/2369/1215 1743/2344/1215
f 1955/2375/1214 2238/2373/1214 2655/2374/1215
f 2681/2240/1214 2944/2376/1214 1956/2239/1214
f 1742/2377/1271 2239/2378/1272 2684/2379/1273
f 1797/2380/1274 2239/2378/1272 2682/2381/1275
f 2864/2382/1276 2683/2383/1277 1901/2384/1278
f 1798/2385/1279 2239/2378/1272 2864/2382/1276
f 1746/2386/1280 2240/2387/1281 2687/2388/1282
f 1799/2389/1283 2240/2387/1281 2685/2390/1284
f 2865/2391/1285 2686/2392/1286 1902/2393/1287
f 1800/2394/1288 2240/2387/1281 2865/2391/1285
f 1747/2395/1289 2241/2396/1290 2690/2397/1291
f 1801/2398/1292 2241/2396/1290 2688/2399/1293
f 2866/2400/1294 2689/2401/1295 1903/2402/1296
f 1802/2403/1297 2241/2396/1290 2866/2400/1294
f 1748/2404/1298 2242/2405/1299 2693/2406/1300
f 1803/2407/1301 2242/2405/1299 2691/2408/1302
f 2867/2409/1303 2692/2410/1304 1904/2411/1305
f 1804/2412/1306 2242/2405/1299 2867/2409/1303
f 1749/2413/1307 2243/2414/1308 2696/2415/1309
f 1805/2416/1310 2243/2414/1308 2694/2417/1311
f 2868/2418/1312 2695/2419/1313 1905/2420/1314
f 1806/2421/1315 2243/2414/1308 2868/2418/1312
f 1750/2422/1316 2244/2423/1317 2699/2424/1318
f 1807/2425/1319 2244/2423/1317 2697/2426/1320
f 2869/2427/1321 2698/2428/1322 1906/2429/1323
f 1808/2430/1324 2244/2423/1317 2869/2427/1321
f 1751/2431/1325 2245/2432/1326 2702/2433/1327
f 1809/2434/1328 2245/2432/1326 2700/2435/1329
f 2870/2436/1330 2701/2437/1331 1907/2438/1332
f 1810/2439/1333 2245/2432/1326 2870/2436/1330
f 1752/2440/1334 2246/2441/1335 2705/2442/1336
f 1811/2443/1337 2246/2441/1335 2703/2444/1338
f 2871/2445/1339 2704/2446/1340 1908/2447/1341
f 1812/2448/1342 2246/2441/1335 2871/2445/1339
f 1753/2449/1343 2247/2450/1344 2708/2451/1345
f 1813/2452/1346 2247/2450/1344 2706/2453/1347
f 2872/2454/1348 2707/2455/1349 1909/2456/1350
f 1814/2457/1351 2247/2450/1344 2872/2454/1348
f 1754/2458/1352 2248/2459/1353 2711/2460/1354
f 1815/2461/1355 2248/2459/1353 2709/2462/1356
f 2873/2463/1357 2710/2464/1358 1910/2465/1359
f 1816/2466/1360 2248/2459/1353 2873/2463/1357
f 1755/2467/1361 2249/2468/1362 2714/2469/1363
f 1817/2470/1364 2249/2468/1362 2712/2471/1365
f 2874/2472/1366 2713/2473/1367 1911/2474/1368
f 1818/2475/1369 2249/2468/1362 2874/2472/1366
f 1756/2476/1370 2250/2477/1371 2717/2478/1372
f 1819/2479/1373 2250/2477/1371 2715/2480/1374
f 2875/2481/1375 2716/2482/1376 1912/2483/1377
f 1820/2484/1378 2250/2477/1371 2875/2481/1375
f 1757/2485/1379 2251/2486/1380 2720/2487/1381
f 1821/2488/1382 2251/2486/1380 2718/2489/1383
f 2876/2490/1384 2719/2491/1385 1913/2492/1386
f 1822/2493/1387 2251/2486/1380 2876/2490/1384
f 1758/2494/1388 2252/2495/1389 2723/2496/1390
f 1823/2497/1391 2252/2495/1389 2721/2498/1392
f 2877/2499/1393 2722/2500/1394 1914/2501/1395
f 1824/2502/1396 2252/2495/1389 2877/2499/1393
f 1759/2503/1397 2253/2504/1398 2726/2505/1399
f 1825/2506/1400 2253/2504/1398 2724/2507/1401
f 2878/2508/1402 2725/2509/1403 1915/2510/1404
f 1826/2511/1405 2253/2504/1398 2878/2508/1402
f 1760/2512/1406 2254/2513/1407 2729/2514/1408
f 1827/2515/1409 2254/2513/1407 2727/2516/1410
f 2879/2517/1411 2728/2518/1412 1916/2519/1413
f 1828/2520/1414 2254/2513/1407 2879/2517/1411
f 1761/2521/1415 2255/2522/1416 2732/2523/1417
f 1829/2524/1418 2255/2522/1416 2730/2525/1419
f 2880/2526/1420 2731/2527/1421 1917/2528/1422
f 1830/2529/1423 2255/2522/1416 2880/2526/1420
f 1762/2530/1424 2256/2531/1425 2735/2532/1426
f 1831/2533/1427 2256/2531/1425 2733/2534/1428
f 2881/2535/1429 2734/2536/1430 1918/2537/1431
f 1832/2538/1432 2256/2531/1425 2881/2535/1429
f 1763/2539/1433 2257/2540/1434 2738/2541/1435
f 1833/2542/1436 2257/2540/1434 2736/2543/1437
f 2882/2544/1438 2737/2545/1439 1919/2546/1440
f 1834/2547/1441 2257/2540/1434 2882/2544/1438
f 1764/2548/1442 2258/2549/1443 2741/2550/1444
f 1835/2551/1445 2258/2549/1443 2739/2552/1446
f 2883/2553/1447 2740/2554/1448 1920/2555/1449
f 1836/2556/1450 2258/2549/1443 2883/2553/1447
f 1765/2557/1451 2259/2558/1452 2744/2559/1453
f 1837/2560/1454 2259/2558/1452 2742/2561/1455
f 2884/2562/1456 2743/2563/1457 1921/2564/1458
f 1838/2565/1459 2259/2558/1452 2884/2562/1456
f 1766/2566/1460 2260/2567/1461 2747/2568/1462
f 1839/2569/1463 2260/2567/1461 2745/2570/1464
f 2885/2571/1465 2746/2572/1466 1922/2573/1467
f 1840/2574/1468 2260/2567/1461 2885/2571/1465
f 1767/2575/1469 2261/2576/1470 2750/2577/1471
f 1841/2578/1472 2261/2576/1470 2748/2579/1473
f 2886/2580/1474 2749/2581/1475 1923/2582/1476
f 1842/2583/1477 2261/2576/1470 2886/2580/1474
f 1768/2584/1478 2262/2585/1479 2753/2586/1480
f 1843/2587/1481 2262/2585/1479 2751/2588/1482
f 2887/2589/1483 2752/2590/1484 1924/2591/1485
f 1844/2592/1486 2262/2585/1479 2887/2589/1483
f 1769/2593/1487 2263/2594/1488 2756/2595/1489
f 1845/2596/1490 2263/2594/1488 2754/2597/1491
f 2888/2598/1492 2755/2599/1493 1925/2600/1494
f 1846/2601/1495 2263/2594/1488 2888/2598/1492
f 1770/2602/1496 2264/2603/1497 2759/2604/1498
f 1847/2605/1499 2264/2603/1497 2757/2606/1500
f 2889/2607/1501 2758/2608/1502 1926/2609/1503
f 1848/2610/1504 2264/2603/1497 2889/2607/1501
f 1771/2611/1505 2265/2612/1506 2762/2613/1507
f 1849/2614/1508 2265/2612/1506 2760/2615/1509
f 2890/2616/1510 2761/2617/1511 1927/2618/1512
f 1850/2619/1513 2265/2612/1506 2890/2616/1510
f 1772/2620/1514 2266/2621/1515 2765/2622/1516
f 1851/2623/1517 2266/2621/1515 2763/2624/1518
f 2891/2625/1519 2764/2626/1520 1928/2627/1521
f 1852/2628/1522 2266/2621/1515 2891/2625/1519
f 1773/2629/1523 2267/2630/1524 2768/2631/1525
f 1853/2632/1526 2267/2630/1524 2766/2633/1527
f 2892/2634/1528 2767/2635/1529 1929/2636/1530
f 1854/2637/1531 2267/2630/1524 2892/2634/1528
f 1774/2638/1532 2268/2639/1533 2771/2640/1534
f 1855/2641/1535 2268/2639/1533 2769/2642/1536
f 2893/2643/1537 2770/2644/1538 1930/2645/1539
f 1856/2646/1540 2268/2639/1533 2893/2643/1537
f 1775/2647/1541 2269/2648/1542 2774/2649/1543
f 1857/2650/1544 2269/2648/1542 2772/2651/1545
f 2894/2652/1546 2773/2653/1547 1931/2654/1548
f 1858/2655/1549 2269/2648/1542 2894/2652/1546
f 1776/2656/1550 2270/2657/1551 2777/2658/1552
f 1859/2659/1553 2270/2657/1551 2775/2660/1554
f 2895/2661/1555 2776/2662/1556 1932/2663/1557
f 1860/2664/1558 2270/2657/1551 2895/2661/1555
f 1777/2665/1559 2271/2666/1560 2780/2667/1561
f 1861/2668/1562 2271/2666/1560 2778/2669/1563
f 2896/2670/1564 2779/2671/1565 1933/2672/1566
f 1862/2673/1567 2271/2666/1560 2896/2670/1564
f 1778/2674/1568 2272/2675/1569 2783/2676/1570
f 1863/2677/1571 2272/2675/1569 2781/2678/1572
f 2897/2679/1573 2782/2680/1574 1934/2681/1575
f 1864/2682/1576 2272/2675/1569 2897/2679/1573
f 1779/2683/1577 2273/2684/1578 2786/2685/1579
f 1865/2686/1580 2273/2684/1578 2784/2687/1581
f 2898/2688/1582 2785/2689/1583 1935/2690/1584
f 1866/2691/1585 2273/2684/1578 2898/2688/1582
f 1780/2692/1586 2274/2693/1587 2789/2694/1588
f 1867/2695/1589 2274/2693/1587 2787/2696/1590
f 2899/2697/1591 2788/2698/1592 1936/2699/1593
f 1868/2700/1594 2274/2693/1587 2899/2697/1591
f 1781/2701/1595 2275/2702/1596 2792/2703/1597
f 1869/2704/1598 2275/2702/1596 2790/2705/1599
f 2900/2706/1600 2791/2707/1601 1937/2708/1602
f 1870/2709/1603 2275/2702/1596 2900/2706/1600
f 1782/2710/1604 2276/2711/1605 2795/2712/1606
f 1871/2713/1607 2276/2711/1605 2793/2714/1608
f 2901/2715/1609 2794/2716/1610 1938/2717/1611
f 1872/2718/1612 2276/2711/1605 2901/2715/1609
f 1783/2719/1613 2277/2720/1614 2798/2721/1615
f 1873/2722/1616 2277/2720/1614 2796/2723/1617
f 2902/2724/1618 2797/2725/1619 1939/2726/1620
f 1874/2727/1621 2277/2720/1614 2902/2724/1618
f 1784/2728/1622 2278/2729/1623 2801/2730/1624
f 1875/2731/1625 2278/2729/1623 2799/2732/1626
f 2903/2733/1627 2800/2734/1628 1940/2735/1629
f 1876/2736/1630 2278/2729/1623 2903/2733/1627
f 1785/2737/1631 2279/2738/1632 2804/2739/1633
f 1877/2740/1634 2279/2738/1632 2802/2741/1635
f 2904/2742/1636 2803/2743/1637 1941/2744/1638
f 1878/2745/1639 2279/2738/1632 2904/2742/1636
f 1786/2746/1640 2280/2747/1641 2807/2748/1642
f 1879/2749/1643 2280/2747/1641 2805/2750/1644
f 2905/2751/1645 2806/2752/1646 1942/2753/1647
f 1880/2754/1648 2280/2747/1641 2905/2751/1645
f 1787/2755/1649 2281/2756/1650 2810/2757/1651
f 1881/2758/1652 2281/2756/1650 2808/2759/1653
f 2906/2760/1654 2809/2761/1655 1943/2762/1656
f 1882/2763/1657 2281/2756/1650 2906/2760/1654
f 1788/2764/1658 2282/2765/1659 2813/2766/1660
f 1883/2767/1661 2282/2765/1659 2811/2768/1662
f 2907/2769/1663 2812/2770/1664 1944/2771/1665
f 1884/2772/1666 2282/2765/1659 2907/2769/1663
f 1789/2773/1667 2283/2774/1668 2816/2775/1669
f 1885/2776/1670 2283/2774/1668 2814/2777/1671
f 2908/2778/1672 2815/2779/1673 1945/2780/1674
f 1886/2781/1675 2283/2774/1668 2908/2778/1672
f 1790/2782/1676 2284/2783/1677 2819/2784/1678
f 1887/2785/1679 2284/2783/1677 2817/2786/1680
f 2909/2787/1681 2818/2788/1682 1946/2789/1683
f 1888/2790/1684 2284/2783/1677 2909/2787/1681
f 1791/2791/1685 2285/2792/1686 2822/2793/1687
f 1889/2794/1688 2285/2792/1686 2820/2795/1689
f 2910/2796/1690 2821/2797/1691 1947/2798/1692
f 1890/2799/1693 2285/2792/1686 2910/2796/1690
f 1792/2800/1694 2286/2801/1695 2825/2802/1696
f 1891/2803/1697 2286/2801/1695 2823/2804/1698
f 2911/2805/1699 2824/2806/1700 1948/2807/1701
f 1892/2808/1702 2286/2801/1695 2911/2805/1699
f 1793/2809/1703 2287/2810/1704 2828/2811/1705
f 1893/2812/1706 2287/2810/1704 2826/2813/1707
f 2912/2814/1708 2827/2815/1709 1949/2816/1710
f 1894/2817/1711 2287/2810/1704 2912/2814/1708
f 1794/2818/1712 2288/2819/1713 2831/2820/1714
f 1895/2821/1715 2288/2819/1713 2829/2822/1716
f 2913/2823/1717 2830/2824/1718 1950/2825/1719
f 1896/2826/1720 2288/2819/1713 2913/2823/1717
f 1795/2827/1721 2289/2828/1722 2834/2829/1723
f 1897/2830/1724 2289/2828/1722 2832/2831/1725
f 2914/2832/1726 2833/2833/1727 1951/2834/1728
f 1898/2835/1729 2289/2828/1722 2914/2832/1726
f 1796/2836/1730 2290/2837/1731 2837/2838/1732
f 1899/2839/1733 2290/2837/1731 2835/2840/1734
f 2915/2841/1735 2836/2842/1736 1952/2843/1737
f 1900/2844/1738 2290/2837/1731 2915/2841/1735
f 2864/2845/1276 2603/2846/1739 1798/2847/1279
f 1901/2848/1278 2291/2849/1740 2864/2845/1276
f 1952/2850/1737 2291/2849/1740 2916/2851/1741
f 2836/2852/1736 2603/2846/1739 2291/2849/1740
f 2890/2616/1510 2630/2853/1742 1850/2619/1513
f 1927/2618/1512 2292/2854/1743 2890/2616/1510
f 1902/2393/1287 2292/2854/1743 2917/2855/1744
f 2686/2392/1286 2630/2853/1742 2292/2854/1743
f 2891/2625/1519 2631/2856/1745 1852/2628/1522
f 1928/2627/1521 2293/2857/1746 2891/2625/1519
f 1903/2402/1296 2293/2857/1746 2918/2858/1747
f 2689/2401/1295 2631/2856/1745 2293/2857/1746
f 2892/2634/1528 2632/2859/1748 1854/2637/1531
f 1929/2636/1530 2294/2860/1749 2892/2634/1528
f 1904/2411/1305 2294/2860/1749 2919/2861/1750
f 2692/2410/1304 2632/2859/1748 2294/2860/1749
f 2893/2643/1537 2633/2862/1751 1856/2646/1540
f 1930/2645/1539 2295/2863/1752 2893/2643/1537
f 1905/2420/1314 2295/2863/1752 2920/2864/1753
f 2695/2419/1313 2633/2862/1751 2295/2863/1752
f 2894/2652/1546 2634/2865/1754 1858/2655/1549
f 1931/2654/1548 2296/2866/1755 2894/2652/1546
f 1906/2429/1323 2296/2866/1755 2921/2867/1756
f 2698/2428/1322 2634/2865/1754 2296/2866/1755
f 2895/2661/1555 2635/2868/1757 1860/2664/1558
f 1932/2663/1557 2297/2869/1758 2895/2661/1555
f 1907/2438/1332 2297/2869/1758 2922/2870/1759
f 2701/2437/1331 2635/2868/1757 2297/2869/1758
f 2896/2670/1564 2636/2871/1760 1862/2673/1567
f 1933/2672/1566 2298/2872/1761 2896/2670/1564
f 1908/2447/1341 2298/2872/1761 2923/2873/1762
f 2704/2446/1340 2636/2871/1760 2298/2872/1761
f 2897/2679/1573 2637/2874/1763 1864/2682/1576
f 1934/2681/1575 2299/2875/1764 2897/2679/1573
f 1909/2456/1350 2299/2875/1764 2924/2876/1765
f 2707/2455/1349 2637/2874/1763 2299/2875/1764
f 2898/2688/1582 2638/2877/1766 1866/2691/1585
f 1935/2690/1584 2300/2878/1767 2898/2688/1582
f 1910/2465/1359 2300/2878/1767 2925/2879/1768
f 2710/2464/1358 2638/2877/1766 2300/2878/1767
f 2899/2697/1591 2639/2880/1769 1868/2700/1594
f 1936/2699/1593 2301/2881/1770 2899/2697/1591
f 1911/2474/1368 2301/2881/1770 2926/2882/1771
f 2713/2473/1367 2639/2880/1769 2301/2881/1770
f 2900/2706/1600 2640/2883/1772 1870/2709/1603
f 1937/2708/1602 2302/2884/1773 2900/2706/1600
f 1912/2483/1377 2302/2884/1773 2927/2885/1774
f 2716/2482/1376 2640/2883/1772 2302/2884/1773
f 2901/2715/1609 2641/2886/1775 1872/2718/1612
f 1938/2717/1611 2303/2887/1776 2901/2715/1609
f 1913/2492/1386 2303/2887/1776 2928/2888/1777
f 2719/2491/1385 2641/2886/1775 2303/2887/1776
f 2902/2724/1618 2642/2889/1778 1874/2727/1621
f 1939/2726/1620 2304/2890/1779 2902/2724/1618
f 1914/2501/1395 2304/2890/1779 2929/2891/1780
f 2722/2500/1394 2642/2889/1778 2304/2890/1779
f 2903/2733/1627 2643/2892/1781 1876/2736/1630
f 1940/2735/1629 2305/2893/1782 2903/2733/1627
f 1915/2510/1404 2305/2893/1782 2930/2894/1783
f 2725/2509/1403 2643/2892/1781 2305/2893/1782
f 2904/2742/1636 2644/2895/1784 1878/2745/1639
f 1941/2744/1638 2306/2896/1785 2904/2742/1636
f 1916/2519/1413 2306/2896/1785 2931/2897/1786
f 2728/2518/1412 2644/2895/1784 2306/2896/1785
f 2905/2751/1645 2645/2898/1787 1880/2754/1648
f 1942/2753/1647 2307/2899/1788 2905/2751/1645
f 1917/2528/1422 2307/2899/1788 2932/2900/1789
f 2731/2527/1421 2645/2898/1787 2307/2899/1788
f 2906/2760/1654 2646/2901/1790 1882/2763/1657
f 1943/2762/1656 2308/2902/1791 2906/2760/1654
f 1918/2537/1431 2308/2902/1791 2933/2903/1792
f 2734/2536/1430 2646/2901/1790 2308/2902/1791
f 2907/2769/1663 2647/2904/1793 1884/2772/1666
f 1944/2771/1665 2309/2905/1794 2907/2769/1663
f 1919/2546/1440 2309/2905/1794 2934/2906/1795
f 2737/2545/1439 2647/2904/1793 2309/2905/1794
f 2908/2778/1672 2648/2907/1796 1886/2781/1675
f 1945/2780/1674 2310/2908/1797 2908/2778/1672
f 1920/2555/1449 2310/2908/1797 2935/2909/1798
f 2740/2554/1448 2648/2907/1796 2310/2908/1797
f 2909/2787/1681 2649/2910/1799 1888/2790/1684
f 1946/2789/1683 2311/2911/1800 2909/2787/1681
f 1921/2564/1458 2311/2911/1800 2936/2912/1801
f 2743/2563/1457 2649/2910/1799 2311/2911/1800
f 2910/2796/1690 2650/2913/1802 1890/2799/1693
f 1947/2798/1692 2312/2914/1803 2910/2796/1690
f 1922/2573/1467 2312/2914/1803 2937/2915/1804
f 2746/2572/1466 2650/2913/1802 2312/2914/1803
f 2911/2805/1699 2651/2916/1805 1892/2808/1702
f 1948/2807/1701 2313/2917/1806 2911/2805/1699
f 1923/2582/1476 2313/2917/1806 2938/2918/1807
f 2749/2581/1475 2651/2916/1805 2313/2917/1806
f 2912/2814/1708 2652/2919/1808 1894/2817/1711
f 1949/2816/1710 2314/2920/1809 2912/2814/1708
f 1924/2591/1485 2314/2920/1809 2939/2921/1810
f 2752/2590/1484 2652/2919/1808 2314/2920/1809
f 2913/2823/1717 2653/2922/1811 1896/2826/1720
f 1950/2825/1719 2315/2923/1812 2913/2823/1717
f 1925/2600/1494 2315/2923/1812 2940/2924/1813
f 2755/2599/1493 2653/2922/1811 2315/2923/1812
f 2914/2832/1726 2654/2925/1814 1898/2835/1729
f 1951/2834/1728 2316/2926/1815 2914/2832/1726
f 1926/2609/1503 2316/2926/1815 2941/2927/1816
f 2758/2608/1502 2654/2925/1814 2316/2926/1815
f 1901/2384/1278 2317/2928/1817 2916/2929/1818
f 2683/2383/1277 2838/2930/1819 2317/2928/1817
f 2915/2841/1735 2838/2930/1819 1900/2844/1738
f 1952/2843/1737 2317/2928/1817 2915/2841/1735
f 1927/2618/1512 2318/2931/1820 2917/2855/1821
f 2761/2617/1511 2839/2932/1822 2318/2931/1820
f 2865/2391/1285 2839/2932/1822 1800/2394/1288
f 1902/2393/1287 2318/2931/1820 2865/2391/1285
f 1928/2627/1521 2319/2933/1823 2918/2858/1824
f 2764/2626/1520 2840/2934/1825 2319/2933/1823
f 2866/2400/1294 2840/2934/1825 1802/2403/1297
f 1903/2402/1296 2319/2933/1823 2866/2400/1294
f 1929/2636/1530 2320/2935/1826 2919/2861/1827
f 2767/2635/1529 2841/2936/1828 2320/2935/1826
f 2867/2409/1303 2841/2936/1828 1804/2412/1306
f 1904/2411/1305 2320/2935/1826 2867/2409/1303
f 1930/2645/1539 2321/2937/1829 2920/2864/1830
f 2770/2644/1538 2842/2938/1831 2321/2937/1829
f 2868/2418/1312 2842/2938/1831 1806/2421/1315
f 1905/2420/1314 2321/2937/1829 2868/2418/1312
f 1931/2654/1548 2322/2939/1832 2921/2867/1833
f 2773/2653/1547 2843/2940/1834 2322/2939/1832
f 2869/2427/1321 2843/2940/1834 1808/2430/1324
f 1906/2429/1323 2322/2939/1832 2869/2427/1321
f 1932/2663/1557 2323/2941/1835 2922/2870/1836
f 2776/2662/1556 2844/2942/1837 2323/2941/1835
f 2870/2436/1330 2844/2942/1837 1810/2439/1333
f 1907/2438/1332 2323/2941/1835 2870/2436/1330
f 1933/2672/1566 2324/2943/1838 2923/2873/1839
f 2779/2671/1565 2845/2944/1840 2324/2943/1838
f 2871/2445/1339 2845/2944/1840 1812/2448/1342
f 1908/2447/1341 2324/2943/1838 2871/2445/1339
f 1934/2681/1575 2325/2945/1841 2924/2876/1842
f 2782/2680/1574 2846/2946/1843 2325/2945/1841
f 2872/2454/1348 2846/2946/1843 1814/2457/1351
f 1909/2456/1350 2325/2945/1841 2872/2454/1348
f 1935/2690/1584 2326/2947/1844 2925/2879/1845
f 2785/2689/1583 2847/2948/1846 2326/2947/1844
f 2873/2463/1357 2847/2948/1846 1816/2466/1360
f 1910/2465/1359 2326/2947/1844 2873/2463/1357
f 1936/2699/1593 2327/2949/1847 2926/2882/1848
f 2788/2698/1592 2848/2950/1849 2327/2949/1847
f 2874/2472/1366 2848/2950/1849 1818/2475/1369
f 1911/2474/1368 2327/2949/1847 2874/2472/1366
f 1937/2708/1602 2328/2951/1850 2927/2885/1851
f 2791/2707/1601 2849/2952/1852 2328/2951/1850
f 2875/2481/1375 2849/2952/1852 1820/2484/1378
f 1912/2483/1377 2328/2951/1850 2875/2481/1375
f 1938/2717/1611 2329/2953/1853 2928/2888/1854
f 2794/2716/1610 2850/2954/1855 2329/2953/1853
f 2876/2490/1384 2850/2954/1855 1822/2493/1387
f 1913/2492/1386 2329/2953/1853 2876/2490/1384
f 1939/2726/1620 2330/2955/1856 2929/2891/1857
f 2797/2725/1619 2851/2956/1858 2330/2955/1856
f 2877/2499/1393 2851/2956/1858 1824/2502/1396
f 1914/2501/1395 2330/2955/1856 2877/2499/1393
f 1940/2735/1629 2331/2957/1859 2930/2894/1860
f 2800/2734/1628 2852/2958/1861 2331/2957/1859
f 2878/2508/1402 2852/2958/1861 1826/2511/1405
f 1915/2510/1404 2331/2957/1859 2878/2508/1402
f 1941/2744/1638 2332/2959/1862 2931/2897/1863
f 2803/2743/1637 2853/2960/1864 2332/2959/1862
f 2879/2517/1411 2853/2960/1864 1828/2520/1414
f 1916/2519/1413 2332/2959/1862 2879/2517/1411
f 1942/2753/1647 2333/2961/1865 2932/2900/1866
f 2806/2752/1646 2854/2962/1867 2333/2961/1865
f 2880/2526/1420 2854/2962/1867 1830/2529/1423
f 1917/2528/1422 2333/2961/1865 2880/2526/1420
f 1943/2762/1656 2334/2963/1868 2933/2903/1869
f 2809/2761/1655 2855/2964/1870 2334/2963/1868
f 2881/2535/1429 2855/2964/1870 1832/2538/1432
f 1918/2537/1431 2334/2963/1868 2881/2535/1429
f 1944/2771/1665 2335/2965/1871 2934/2906/1872
f 2812/2770/1664 2856/2966/1873 2335/2965/1871
f 2882/2544/1438 2856/2966/1873 1834/2547/1441
f 1919/2546/1440 2335/2965/1871 2882/2544/1438
f 1945/2780/1674 2336/2967/1874 2935/2909/1875
f 2815/2779/1673 2857/2968/1876 2336/2967/1874
f 2883/2553/1447 2857/2968/1876 1836/2556/1450
f 1920/2555/1449 2336/2967/1874 2883/2553/1447
f 1946/2789/1683 2337/2969/1877 2936/2912/1878
f 2818/2788/1682 2858/2970/1879 2337/2969/1877
f 2884/2562/1456 2858/2970/1879 1838/2565/1459
f 1921/2564/1458 2337/2969/1877 2884/2562/1456
f 1947/2798/1692 2338/2971/1880 2937/2915/1881
f 2821/2797/1691 2859/2972/1882 2338/2971/1880
f 2885/2571/1465 2859/2972/1882 1840/2574/1468
f 1922/2573/1467 2338/2971/1880 2885/2571/1465
f 1948/2807/1701 2339/2973/1883 2938/2918/1884
f 2824/2806/1700 2860/2974/1885 2339/2973/1883
f 2886/2580/1474 2860/2974/1885 1842/2583/1477
f 1923/2582/1476 2339/2973/1883 2886/2580/1474
f 1949/2816/1710 2340/2975/1886 2939/2921/1887
f 2827/2815/1709 2861/2976/1888 2340/2975/1886
f 2887/2589/1483 2861/2976/1888 1844/2592/1486
f 1924/2591/1485 2340/2975/1886 2887/2589/1483
f 1950/2825/1719 2341/2977/1889 2940/2924/1890
f 2830/2824/1718 2862/2978/1891 2341/2977/1889
f 2888/2598/1492 2862/2978/1891 1846/2601/1495
f 1925/2600/1494 2341/2977/1889 2888/2598/1492
f 1951/2834/1728 2342/2979/1892 2941/2927/1893
f 2833/2833/1727 2863/2980/1894 2342/2979/1892
f 2889/2607/1501 2863/2980/1894 1848/2610/1504
f 1926/2609/1503 2342/2979/1892 2889/2607/1501
f 1798/2847/1279 2343/2981/1895 3098/2982/1896
f 1899/2983/1733 2343/2981/1895 2603/2846/1739
f 2942/2086/1214 3099/2984/1897 1954/2087/1214
f 1953/1930/1214 2343/2981/1895 2942/2086/1214
f 2835/2985/1734 3099/2984/1897 1899/2983/1733
f 1796/2986/1730 2344/2987/1898 2835/2985/1734
f 2943/2242/1214 3100/2988/1899 1955/2243/1214
f 1954/2087/1214 2344/2987/1898 2943/2242/1214
f 1796/2836/1730 2345/2989/1900 3100/2990/1899
f 2837/2838/1732 3101/2991/1901 2345/2989/1900
f 1956/2239/1214 2345/2989/1900 3101/2991/1901
f 2944/2376/1214 3100/2990/1899 2345/2989/1900
f 1900/2844/1738 2346/2992/1902 3101/2991/1901
f 1797/2380/1274 2346/2992/1902 2838/2930/1819
f 1957/2083/1214 2346/2992/1902 3102/2993/1903
f 2945/2241/1214 3101/2991/1901 2346/2992/1902
f 2682/2381/1275 3102/2993/1903 1797/2380/1274
f 1742/2377/1271 2347/2994/1904 2682/2381/1275
f 1958/1927/1099 2347/2994/1904 3103/1927/1905
f 2946/2079/1214 3102/2993/1903 2347/2994/1904
f 1742/2995/1271 2348/2996/1906 3103/1776/1905
f 2684/2997/1273 3098/2982/1896 2348/2996/1906
f 2947/1929/1214 3098/2982/1896 1953/1930/1214
f 1958/1776/1099 2348/2996/1906 2947/1929/1214
f 1850/2619/1513 2349/2998/1907 3104/2999/1908
f 1799/2389/1283 2349/2998/1907 2630/2853/1742
f 1960/1932/1214 2349/2998/1907 3105/3000/1909
f 2948/2091/1214 3104/2999/1908 2349/2998/1907
f 2685/2390/1284 3105/3000/1909 1799/2389/1283
f 1746/2386/1280 2350/3001/1910 2685/2390/1284
f 1961/1777/1099 2350/3001/1910 3106/3002/1911
f 2949/1934/1214 3105/3000/1909 2350/3001/1910
f 1746/2386/1280 2351/3003/1912 3106/3002/1911
f 2687/2388/1282 3107/3004/1913 2351/3003/1912
f 2950/1935/1214 3107/3004/1913 1962/1936/1214
f 1961/1777/1099 2351/3003/1912 2950/1935/1214
f 1800/2394/1288 2352/3005/1914 3107/3004/1913
f 1849/2614/1508 2352/3005/1914 2839/2932/1822
f 2951/2092/1214 3108/3006/1915 1963/2093/1214
f 1962/1936/1214 2352/3005/1914 2951/2092/1214
f 2760/2615/1509 3108/3006/1915 1849/2614/1508
f 1771/2611/1505 2353/3007/1916 2760/2615/1509
f 2952/2250/1214 3109/3008/1917 1964/2248/1214
f 1963/2093/1214 2353/3007/1916 2952/2250/1214
f 1771/2611/1505 2354/3009/1918 3109/3008/1917
f 2762/2613/1507 3104/2999/1908 2354/3009/1918
f 1959/2089/1214 2354/3009/1918 3104/2999/1908
f 2953/2249/1214 3109/3008/1917 2354/3009/1918
f 1852/2628/1522 2355/3010/1919 3110/3011/1920
f 1801/2398/1292 2355/3010/1919 2631/2856/1745
f 1966/1938/1214 2355/3010/1919 3111/3012/1921
f 2954/2097/1214 3110/3011/1920 2355/3010/1919
f 2688/2399/1293 3111/3012/1921 1801/2398/1292
f 1747/2395/1289 2356/3013/1922 2688/2399/1293
f 1967/1783/1104 2356/3013/1922 3112/3014/1923
f 2955/1940/1214 3111/3012/1921 2356/3013/1922
f 1747/2395/1289 2357/3015/1924 3112/3014/1923
f 2690/2397/1291 3113/3016/1925 2357/3015/1924
f 2956/1941/1214 3113/3016/1925 1968/1942/1214
f 1967/1783/1104 2357/3015/1924 2956/1941/1214
f 1802/2403/1297 2358/3017/1926 3113/3016/1925
f 1851/2623/1517 2358/3017/1926 2840/2934/1825
f 2957/2098/1215 3114/3018/1927 1969/2099/1215
f 1968/1942/1214 2358/3017/1926 2957/2098/1215
f 2763/2624/1518 3114/3018/1927 1851/2623/1517
f 1772/2620/1514 2359/3019/1928 2763/2624/1518
f 2958/2255/1214 3115/3020/1929 1970/2253/1214
f 1969/2099/1215 2359/3019/1928 2958/2255/1214
f 1772/2620/1514 2360/3021/1930 3115/3020/1929
f 2765/2622/1516 3110/3011/1920 2360/3021/1930
f 1965/2095/1214 2360/3021/1930 3110/3011/1920
f 2959/2254/1214 3115/3020/1929 2360/3021/1930
f 1854/2637/1531 2361/3022/1931 3116/3023/1932
f 1803/2407/1301 2361/3022/1931 2632/2859/1748
f 1972/1944/1214 2361/3022/1931 3117/3024/1933
f 2960/2103/1215 3116/3023/1932 2361/3022/1931
f 2691/2408/1302 3117/3024/1933 1803/2407/1301
f 1748/2404/1298 2362/3025/1934 2691/2408/1302
f 1973/1789/1104 2362/3025/1934 3118/3026/1935
f 2961/1946/1214 3117/3024/1933 2362/3025/1934
f 1748/2404/1298 2363/3027/1936 3118/3026/1935
f 2693/2406/1300 3119/3028/1937 2363/3027/1936
f 2962/1947/1114 3119/3028/1937 1974/1948/1215
f 1973/1789/1104 2363/3027/1936 2962/1947/1114
f 1804/2412/1306 2364/3029/1938 3119/3028/1937
f 1853/2632/1526 2364/3029/1938 2841/2936/1828
f 2963/2104/1215 3120/3030/1939 1975/2105/1216
f 1974/1948/1215 2364/3029/1938 2963/2104/1215
f 2766/2633/1527 3120/3030/1939 1853/2632/1526
f 1773/2629/1523 2365/3031/1940 2766/2633/1527
f 2964/2260/1215 3121/3032/1941 1976/2258/1214
f 1975/2105/1216 2365/3031/1940 2964/2260/1215
f 1773/2629/1523 2366/3033/1942 3121/3032/1941
f 2768/2631/1525 3116/3023/1932 2366/3033/1942
f 1971/2101/1214 2366/3033/1942 3116/3023/1932
f 2965/2259/1215 3121/3032/1941 2366/3033/1942
f 1856/2646/1540 2367/3034/1943 3122/3035/1944
f 1805/2416/1310 2367/3034/1943 2633/2862/1751
f 1978/1950/1215 2367/3034/1943 3123/3036/1945
f 2966/2109/1215 3122/3035/1944 2367/3034/1943
f 2694/2417/1311 3123/3036/1945 1805/2416/1310
f 1749/2413/1307 2368/3037/1946 2694/2417/1311
f 1979/1795/1113 2368/3037/1946 3124/3038/1947
f 2967/1952/1114 3123/3036/1945 2368/3037/1946
f 1749/2413/1307 2369/3039/1948 3124/3038/1947
f 2696/2415/1309 3125/3040/1949 2369/3039/1948
f 2968/1953/1216 3125/3040/1949 1980/1954/1216
f 1979/1795/1113 2369/3039/1948 2968/1953/1216
f 1806/2421/1315 2370/3041/1950 3125/3040/1949
f 1855/2641/1535 2370/3041/1950 2842/2938/1831
f 2969/2110/1216 3126/3042/1951 1981/2111/1216
f 1980/1954/1216 2370/3041/1950 2969/2110/1216
f 2769/2642/1536 3126/3042/1951 1855/2641/1535
f 1774/2638/1532 2371/3043/1952 2769/2642/1536
f 2970/2265/1216 3127/3044/1953 1982/2263/1216
f 1981/2111/1216 2371/3043/1952 2970/2265/1216
f 1774/2638/1532 2372/3045/1954 3127/3044/1953
f 2771/2640/1534 3122/3035/1944 2372/3045/1954
f 1977/2107/1214 2372/3045/1954 3122/3035/1944
f 2971/2264/1215 3127/3044/1953 2372/3045/1954
f 1858/2655/1549 2373/3046/1955 3128/3047/1956
f 1807/2425/1319 2373/3046/1955 2634/2865/1754
f 1984/1956/1216 2373/3046/1955 3129/3048/1957
f 2972/2115/1216 3128/3047/1956 2373/3046/1955
f 2697/2426/1320 3129/3048/1957 1807/2425/1319
f 1750/2422/1316 2374/3049/1958 2697/2426/1320
f 1985/1801/1113 2374/3049/1958 3130/3050/1959
f 2973/1958/1216 3129/3048/1957 2374/3049/1958
f 1750/2422/1316 2375/3051/1960 3130/3050/1959
f 2699/2424/1318 3131/3052/1961 2375/3051/1960
f 2974/1959/1216 3131/3052/1961 1986/1960/1216
f 1985/1801/1113 2375/3051/1960 2974/1959/1216
f 1808/2430/1324 2376/3053/1962 3131/3052/1961
f 1857/2650/1544 2376/3053/1962 2843/2940/1834
f 2975/2116/1216 3132/3054/1963 1987/2117/1216
f 1986/1960/1216 2376/3053/1962 2975/2116/1216
f 2772/2651/1545 3132/3054/1963 1857/2650/1544
f 1775/2647/1541 2377/3055/1964 2772/2651/1545
f 2976/2270/1216 3133/3056/1965 1988/2268/1216
f 1987/2117/1216 2377/3055/1964 2976/2270/1216
f 1775/2647/1541 2378/3057/1966 3133/3056/1965
f 2774/2649/1543 3128/3047/1956 2378/3057/1966
f 1983/2113/1214 2378/3057/1966 3128/3047/1956
f 2977/2269/1114 3133/3056/1965 2378/3057/1966
f 1860/2664/1558 2379/3058/1967 3134/3059/1968
f 1809/2434/1328 2379/3058/1967 2635/2868/1757
f 1990/1962/1216 2379/3058/1967 3135/3060/1969
f 2978/2121/1216 3134/3059/1968 2379/3058/1967
f 2700/2435/1329 3135/3060/1969 1809/2434/1328
f 1751/2431/1325 2380/3061/1970 2700/2435/1329
f 1991/1807/1123 2380/3061/1970 3136/3062/1971
f 2979/1964/1216 3135/3060/1969 2380/3061/1970
f 1751/2431/1325 2381/3063/1972 3136/3062/1971
f 2702/2433/1327 3137/3064/1973 2381/3063/1972
f 2980/1965/1216 3137/3064/1973 1992/1966/1216
f 1991/1807/1123 2381/3063/1972 2980/1965/1216
f 1810/2439/1333 2382/3065/1974 3137/3064/1973
f 1859/2659/1553 2382/3065/1974 2844/2942/1837
f 2981/2122/1216 3138/3066/1975 1993/2123/1216
f 1992/1966/1216 2382/3065/1974 2981/2122/1216
f 2775/2660/1554 3138/3066/1975 1859/2659/1553
f 1776/2656/1550 2383/3067/1976 2775/2660/1554
f 2982/2275/1216 3139/3068/1977 1994/2273/1216
f 1993/2123/1216 2383/3067/1976 2982/2275/1216
f 1776/2656/1550 2384/3069/1978 3139/3068/1977
f 2777/2658/1552 3134/3059/1968 2384/3069/1978
f 1989/2119/1216 2384/3069/1978 3134/3059/1968
f 2983/2274/1216 3139/3068/1977 2384/3069/1978
f 1862/2673/1567 2385/3070/1979 3140/3071/1980
f 1811/2443/1337 2385/3070/1979 2636/2871/1760
f 1996/1968/1216 2385/3070/1979 3141/3072/1981
f 2984/2127/1216 3140/3071/1980 2385/3070/1979
f 2703/2444/1338 3141/3072/1981 1811/2443/1337
f 1752/2440/1334 2386/3073/1982 2703/2444/1338
f 1997/1813/1123 2386/3073/1982 3142/3074/1983
f 2985/1970/1216 3141/3072/1981 2386/3073/1982
f 1752/2440/1334 2387/3075/1984 3142/3074/1983
f 2705/2442/1336 3143/3076/1985 2387/3075/1984
f 2986/1971/1216 3143/3076/1985 1998/1972/1216
f 1997/1813/1123 2387/3075/1984 2986/1971/1216
f 1812/2448/1342 2388/3077/1986 3143/3076/1985
f 1861/2668/1562 2388/3077/1986 2845/2944/1840
f 2987/2128/1216 3144/3078/1987 1999/2129/1216
f 1998/1972/1216 2388/3077/1986 2987/2128/1216
f 2778/2669/1563 3144/3078/1987 1861/2668/1562
f 1777/2665/1559 2389/3079/1988 2778/2669/1563
f 2988/2280/1216 3145/3080/1989 2000/2278/1216
f 1999/2129/1216 2389/3079/1988 2988/2280/1216
f 1777/2665/1559 2390/3081/1990 3145/3080/1989
f 2780/2667/1561 3140/3071/1980 2390/3081/1990
f 1995/2125/1216 2390/3081/1990 3140/3071/1980
f 2989/2279/1216 3145/3080/1989 2390/3081/1990
f 1864/2682/1576 2391/3082/1991 3146/3083/1992
f 1813/2452/1346 2391/3082/1991 2637/2874/1763
f 2002/1974/1216 2391/3082/1991 3147/3084/1993
f 2990/2133/1216 3146/3083/1992 2391/3082/1991
f 2706/2453/1347 3147/3084/1993 1813/2452/1346
f 1753/2449/1343 2392/3085/1994 2706/2453/1347
f 2003/1819/1132 2392/3085/1994 3148/3086/1995
f 2991/1976/1216 3147/3084/1993 2392/3085/1994
f 1753/2449/1343 2393/3087/1996 3148/3086/1995
f 2708/2451/1345 3149/3088/1997 2393/3087/1996
f 2992/1977/1216 3149/3088/1997 2004/1978/1216
f 2003/1819/1132 2393/3087/1996 2992/1977/1216
f 1814/2457/1351 2394/3089/1998 3149/3088/1997
f 1863/2677/1571 2394/3089/1998 2846/2946/1843
f 2993/2134/1216 3150/3090/1999 2005/2135/1215
f 2004/1978/1216 2394/3089/1998 2993/2134/1216
f 2781/2678/1572 3150/3090/1999 1863/2677/1571
f 1778/2674/1568 2395/3091/2000 2781/2678/1572
f 2994/2285/1215 3151/3092/2001 2006/2283/1216
f 2005/2135/1215 2395/3091/2000 2994/2285/1215
f 1778/2674/1568 2396/3093/2002 3151/3092/2001
f 2783/2676/1570 3146/3083/1992 2396/3093/2002
f 2001/2131/1216 2396/3093/2002 3146/3083/1992
f 2995/2284/1216 3151/3092/2001 2396/3093/2002
f 1866/2691/1585 2397/3094/2003 3152/3095/2004
f 1815/2461/1355 2397/3094/2003 2638/2877/1766
f 2008/1980/1216 2397/3094/2003 3153/3096/2005
f 2996/2139/1216 3152/3095/2004 2397/3094/2003
f 2709/2462/1356 3153/3096/2005 1815/2461/1355
f 1754/2458/1352 2398/3097/2006 2709/2462/1356
f 2009/1825/1132 2398/3097/2006 3154/3098/2007
f 2997/1982/1216 3153/3096/2005 2398/3097/2006
f 1754/2458/1352 2399/3099/2008 3154/3098/2007
f 2711/2460/1354 3155/3100/2009 2399/3099/2008
f 2998/1983/1142 3155/3100/2009 2010/1984/1215
f 2009/1825/1132 2399/3099/2008 2998/1983/1142
f 1816/2466/1360 2400/3101/2010 3155/3100/2009
f 1865/2686/1580 2400/3101/2010 2847/2948/1846
f 2999/2140/1215 3156/3102/2011 2011/2141/1217
f 2010/1984/1215 2400/3101/2010 2999/2140/1215
f 2784/2687/1581 3156/3102/2011 1865/2686/1580
f 1779/2683/1577 2401/3103/2012 2784/2687/1581
f 3000/2290/1215 3157/3104/2013 2012/2288/1216
f 2011/2141/1217 2401/3103/2012 3000/2290/1215
f 1779/2683/1577 2402/3105/2014 3157/3104/2013
f 2786/2685/1579 3152/3095/2004 2402/3105/2014
f 2007/2137/1216 2402/3105/2014 3152/3095/2004
f 3001/2289/1216 3157/3104/2013 2402/3105/2014
f 1868/2700/1594 2403/3106/2015 3158/3107/2016
f 1817/2470/1364 2403/3106/2015 2639/2880/1769
f 2014/1986/1215 2403/3106/2015 3159/3108/2017
f 3002/2145/1215 3158/3107/2016 2403/3106/2015
f 2712/2471/1365 3159/3108/2017 1817/2470/1364
f 1755/2467/1361 2404/3109/2018 2712/2471/1365
f 2015/1831/1141 2404/3109/2018 3160/3110/2019
f 3003/1988/1142 3159/3108/2017 2404/3109/2018
f 1755/2467/1361 2405/3111/2020 3160/3110/2019
f 2714/2469/1363 3161/3112/2021 2405/3111/2020
f 3004/1989/1217 3161/3112/2021 2016/1990/1217
f 2015/1831/1141 2405/3111/2020 3004/1989/1217
f 1818/2475/1369 2406/3113/2022 3161/3112/2021
f 1867/2695/1589 2406/3113/2022 2848/2950/1849
f 3005/2146/1215 3162/3114/2023 2017/2147/1217
f 2016/1990/1217 2406/3113/2022 3005/2146/1215
f 2787/2696/1590 3162/3114/2023 1867/2695/1589
f 1780/2692/1586 2407/3115/2024 2787/2696/1590
f 3006/2295/1215 3163/3116/2025 2018/2293/1217
f 2017/2147/1217 2407/3115/2024 3006/2295/1215
f 1780/2692/1586 2408/3117/2026 3163/3116/2025
f 2789/2694/1588 3158/3107/2016 2408/3117/2026
f 2013/2143/1216 2408/3117/2026 3158/3107/2016
f 3007/2294/1215 3163/3116/2025 2408/3117/2026
f 1870/2709/1603 2409/3118/2027 3164/3119/2028
f 1819/2479/1373 2409/3118/2027 2640/2883/1772
f 2020/1992/1217 2409/3118/2027 3165/3120/2029
f 3008/2151/1217 3164/3119/2028 2409/3118/2027
f 2715/2480/1374 3165/3120/2029 1819/2479/1373
f 1756/2476/1370 2410/3121/2030 2715/2480/1374
f 2021/1837/1141 2410/3121/2030 3166/3122/2031
f 3009/1994/1217 3165/3120/2029 2410/3121/2030
f 1756/2476/1370 2411/3123/2032 3166/3122/2031
f 2717/2478/1372 3167/3124/2033 2411/3123/2032
f 3010/1995/1217 3167/3124/2033 2022/1996/1217
f 2021/1837/1141 2411/3123/2032 3010/1995/1217
f 1820/2484/1378 2412/3125/2034 3167/3124/2033
f 1869/2704/1598 2412/3125/2034 2849/2952/1852
f 3011/2152/1217 3168/3126/2035 2023/2153/1217
f 2022/1996/1217 2412/3125/2034 3011/2152/1217
f 2790/2705/1599 3168/3126/2035 1869/2704/1598
f 1781/2701/1595 2413/3127/2036 2790/2705/1599
f 3012/2300/1217 3169/3128/2037 2024/2298/1217
f 2023/2153/1217 2413/3127/2036 3012/2300/1217
f 1781/2701/1595 2414/3129/2038 3169/3128/2037
f 2792/2703/1597 3164/3119/2028 2414/3129/2038
f 2019/2149/1216 2414/3129/2038 3164/3119/2028
f 3013/2299/1217 3169/3128/2037 2414/3129/2038
f 1872/2718/1612 2415/3130/2039 3170/3131/2040
f 1821/2488/1382 2415/3130/2039 2641/2886/1775
f 2026/1998/1217 2415/3130/2039 3171/3132/2041
f 3014/2157/1217 3170/3131/2040 2415/3130/2039
f 2718/2489/1383 3171/3132/2041 1821/2488/1382
f 1757/2485/1379 2416/3133/2042 2718/2489/1383
f 2027/1843/1151 2416/3133/2042 3172/3134/2043
f 3015/2000/1217 3171/3132/2041 2416/3133/2042
f 1757/2485/1379 2417/3135/2044 3172/3134/2043
f 2720/2487/1381 3173/3136/2045 2417/3135/2044
f 3016/2001/1217 3173/3136/2045 2028/2002/1217
f 2027/1843/1151 2417/3135/2044 3016/2001/1217
f 1822/2493/1387 2418/3137/2046 3173/3136/2045
f 1871/2713/1607 2418/3137/2046 2850/2954/1855
f 3017/2158/1217 3174/3138/2047 2029/2159/1217
f 2028/2002/1217 2418/3137/2046 3017/2158/1217
f 2793/2714/1608 3174/3138/2047 1871/2713/1607
f 1782/2710/1604 2419/3139/2048 2793/2714/1608
f 3018/2305/1217 3175/3140/2049 2030/2303/1217
f 2029/2159/1217 2419/3139/2048 3018/2305/1217
f 1782/2710/1604 2420/3141/2050 3175/3140/2049
f 2795/2712/1606 3170/3131/2040 2420/3141/2050
f 2025/2155/1215 2420/3141/2050 3170/3131/2040
f 3019/2304/1217 3175/3140/2049 2420/3141/2050
f 1874/2727/1621 2421/3142/2051 3176/3143/2052
f 1823/2497/1391 2421/3142/2051 2642/2889/1778
f 2032/2004/1217 2421/3142/2051 3177/3144/2053
f 3020/2163/1217 3176/3143/2052 2421/3142/2051
f 2721/2498/1392 3177/3144/2053 1823/2497/1391
f 1758/2494/1388 2422/3145/2054 2721/2498/1392
f 2033/1849/1151 2422/3145/2054 3178/3146/2055
f 3021/2006/1217 3177/3144/2053 2422/3145/2054
f 1758/2494/1388 2423/3147/2056 3178/3146/2055
f 2723/2496/1390 3179/3148/2057 2423/3147/2056
f 3022/2007/1217 3179/3148/2057 2034/2008/1217
f 2033/1849/1151 2423/3147/2056 3022/2007/1217
f 1824/2502/1396 2424/3149/2058 3179/3148/2057
f 1873/2722/1616 2424/3149/2058 2851/2956/1858
f 3023/2164/1217 3180/3150/2059 2035/2165/1217
f 2034/2008/1217 2424/3149/2058 3023/2164/1217
f 2796/2723/1617 3180/3150/2059 1873/2722/1616
f 1783/2719/1613 2425/3151/2060 2796/2723/1617
f 3024/2310/1217 3181/3152/2061 2036/2308/1217
f 2035/2165/1217 2425/3151/2060 3024/2310/1217
f 1783/2719/1613 2426/3153/2062 3181/3152/2061
f 2798/2721/1615 3176/3143/2052 2426/3153/2062
f 2031/2161/1217 2426/3153/2062 3176/3143/2052
f 3025/2309/1217 3181/3152/2061 2426/3153/2062
f 1876/2736/1630 2427/3154/2063 3182/3155/2064
f 1825/2506/1400 2427/3154/2063 2643/2892/1781
f 2038/2010/1217 2427/3154/2063 3183/3156/2065
f 3026/2169/1217 3182/3155/2064 2427/3154/2063
f 2724/2507/1401 3183/3156/2065 1825/2506/1400
f 1759/2503/1397 2428/3157/2066 2724/2507/1401
f 2039/1855/1151 2428/3157/2066 3184/3158/2067
f 3027/2012/1217 3183/3156/2065 2428/3157/2066
f 1759/2503/1397 2429/3159/2068 3184/3158/2067
f 2726/2505/1399 3185/3160/2069 2429/3159/2068
f 3028/2013/1217 3185/3160/2069 2040/2014/1217
f 2039/1855/1151 2429/3159/2068 3028/2013/1217
f 1826/2511/1405 2430/3161/2070 3185/3160/2069
f 1875/2731/1625 2430/3161/2070 2852/2958/1861
f 3029/2170/1217 3186/3162/2071 2041/2171/1217
f 2040/2014/1217 2430/3161/2070 3029/2170/1217
f 2799/2732/1626 3186/3162/2071 1875/2731/1625
f 1784/2728/1622 2431/3163/2072 2799/2732/1626
f 3030/2315/1215 3187/3164/2073 2042/2313/1217
f 2041/2171/1217 2431/3163/2072 3030/2315/1215
f 1784/2728/1622 2432/3165/2074 3187/3164/2073
f 2801/2730/1624 3182/3155/2064 2432/3165/2074
f 2037/2167/1217 2432/3165/2074 3182/3155/2064
f 3031/2314/1217 3187/3164/2073 2432/3165/2074
f 1878/2745/1639 2433/3166/2075 3188/3167/2076
f 1827/2515/1409 2433/3166/2075 2644/2895/1784
f 2044/2016/1217 2433/3166/2075 3189/3168/2077
f 3032/2175/1217 3188/3167/2076 2433/3166/2075
f 2727/2516/1410 3189/3168/2077 1827/2515/1409
f 1760/2512/1406 2434/3169/2078 2727/2516/1410
f 2045/1861/1164 2434/3169/2078 3190/3170/2079
f 3033/2018/1217 3189/3168/2077 2434/3169/2078
f 1760/2512/1406 2435/3171/2080 3190/3170/2079
f 2729/2514/1408 3191/3172/2081 2435/3171/2080
f 3034/2019/1217 3191/3172/2081 2046/2020/1217
f 2045/1861/1164 2435/3171/2080 3034/2019/1217
f 1828/2520/1414 2436/3173/2082 3191/3172/2081
f 1877/2740/1634 2436/3173/2082 2853/2960/1864
f 3035/2176/1217 3192/3174/2083 2047/2177/1218
f 2046/2020/1217 2436/3173/2082 3035/2176/1217
f 2802/2741/1635 3192/3174/2083 1877/2740/1634
f 1785/2737/1631 2437/3175/2084 2802/2741/1635
f 3036/2320/1215 3193/3176/2085 2048/2318/1217
f 2047/2177/1218 2437/3175/2084 3036/2320/1215
f 1785/2737/1631 2438/3177/2086 3193/3176/2085
f 2804/2739/1633 3188/3167/2076 2438/3177/2086
f 2043/2173/1217 2438/3177/2086 3188/3167/2076
f 3037/2319/1217 3193/3176/2085 2438/3177/2086
f 1880/2754/1648 2439/3178/2087 3194/3179/2088
f 1829/2524/1418 2439/3178/2087 2645/2898/1787
f 2050/2022/1215 2439/3178/2087 3195/3180/2089
f 3038/2181/1215 3194/3179/2088 2439/3178/2087
f 2730/2525/1419 3195/3180/2089 1829/2524/1418
f 1761/2521/1415 2440/3181/2090 2730/2525/1419
f 2051/1867/1164 2440/3181/2090 3196/3182/2091
f 3039/2024/1217 3195/3180/2089 2440/3181/2090
f 1761/2521/1415 2441/3183/2092 3196/3182/2091
f 2732/2523/1417 3197/3184/2093 2441/3183/2092
f 3040/2025/1169 3197/3184/2093 2052/2026/1215
f 2051/1867/1164 2441/3183/2092 3040/2025/1169
f 1830/2529/1423 2442/3185/2094 3197/3184/2093
f 1879/2749/1643 2442/3185/2094 2854/2962/1867
f 3041/2182/1217 3198/3186/2095 2053/2183/1218
f 2052/2026/1215 2442/3185/2094 3041/2182/1217
f 2805/2750/1644 3198/3186/2095 1879/2749/1643
f 1786/2746/1640 2443/3187/2096 2805/2750/1644
f 3042/2325/1215 3199/3188/2097 2054/2323/1215
f 2053/2183/1218 2443/3187/2096 3042/2325/1215
f 1786/2746/1640 2444/3189/2098 3199/3188/2097
f 2807/2748/1642 3194/3179/2088 2444/3189/2098
f 2049/2179/1217 2444/3189/2098 3194/3179/2088
f 3043/2324/1217 3199/3188/2097 2444/3189/2098
f 1882/2763/1657 2445/3190/2099 3200/3191/2100
f 1831/2533/1427 2445/3190/2099 2646/2901/1790
f 2056/2028/1215 2445/3190/2099 3201/3192/2101
f 3044/2187/1215 3200/3191/2100 2445/3190/2099
f 2733/2534/1428 3201/3192/2101 1831/2533/1427
f 1762/2530/1424 2446/3193/2102 2733/2534/1428
f 2057/1873/1174 2446/3193/2102 3202/3194/2103
f 3045/2030/1169 3201/3192/2101 2446/3193/2102
f 1762/2530/1424 2447/3195/2104 3202/3194/2103
f 2735/2532/1426 3203/3196/2105 2447/3195/2104
f 3046/2031/1218 3203/3196/2105 2058/2032/1218
f 2057/1873/1174 2447/3195/2104 3046/2031/1218
f 1832/2538/1432 2448/3197/2106 3203/3196/2105
f 1881/2758/1652 2448/3197/2106 2855/2964/1870
f 3047/2188/1218 3204/3198/2107 2059/2189/1218
f 2058/2032/1218 2448/3197/2106 3047/2188/1218
f 2808/2759/1653 3204/3198/2107 1881/2758/1652
f 1787/2755/1649 2449/3199/2108 2808/2759/1653
f 3048/2330/1218 3205/3200/2109 2060/2328/1218
f 2059/2189/1218 2449/3199/2108 3048/2330/1218
f 1787/2755/1649 2450/3201/2110 3205/3200/2109
f 2810/2757/1651 3200/3191/2100 2450/3201/2110
f 2055/2185/1215 2450/3201/2110 3200/3191/2100
f 3049/2329/1217 3205/3200/2109 2450/3201/2110
f 1884/2772/1666 2451/3202/2111 3206/3203/2112
f 1833/2542/1436 2451/3202/2111 2647/2904/1793
f 2062/2034/1218 2451/3202/2111 3207/3204/2113
f 3050/2193/1218 3206/3203/2112 2451/3202/2111
f 2736/2543/1437 3207/3204/2113 1833/2542/1436
f 1763/2539/1433 2452/3205/2114 2736/2543/1437
f 2063/1879/1174 2452/3205/2114 3208/3206/2115
f 3051/2036/1218 3207/3204/2113 2452/3205/2114
f 1763/2539/1433 2453/3207/2116 3208/3206/2115
f 2738/2541/1435 3209/3208/2117 2453/3207/2116
f 3052/2037/1218 3209/3208/2117 2064/2038/1218
f 2063/1879/1174 2453/3207/2116 3052/2037/1218
f 1834/2547/1441 2454/3209/2118 3209/3208/2117
f 1883/2767/1661 2454/3209/2118 2856/2966/1873
f 3053/2194/1218 3210/3210/2119 2065/2195/1218
f 2064/2038/1218 2454/3209/2118 3053/2194/1218
f 2811/2768/1662 3210/3210/2119 1883/2767/1661
f 1788/2764/1658 2455/3211/2120 2811/2768/1662
f 3054/2335/1218 3211/3212/2121 2066/2333/1218
f 2065/2195/1218 2455/3211/2120 3054/2335/1218
f 1788/2764/1658 2456/3213/2122 3211/3212/2121
f 2813/2766/1660 3206/3203/2112 2456/3213/2122
f 2061/2191/1215 2456/3213/2122 3206/3203/2112
f 3055/2334/1218 3211/3212/2121 2456/3213/2122
f 1886/2781/1675 2457/3214/2123 3212/3215/2124
f 1835/2551/1445 2457/3214/2123 2648/2907/1796
f 2068/2040/1218 2457/3214/2123 3213/3216/2125
f 3056/2199/1218 3212/3215/2124 2457/3214/2123
f 2739/2552/1446 3213/3216/2125 1835/2551/1445
f 1764/2548/1442 2458/3217/2126 2739/2552/1446
f 2069/1885/1183 2458/3217/2126 3214/3218/2127
f 3057/2042/1218 3213/3216/2125 2458/3217/2126
f 1764/2548/1442 2459/3219/2128 3214/3218/2127
f 2741/2550/1444 3215/3220/2129 2459/3219/2128
f 3058/2043/1218 3215/3220/2129 2070/2044/1218
f 2069/1885/1183 2459/3219/2128 3058/2043/1218
f 1836/2556/1450 2460/3221/2130 3215/3220/2129
f 1885/2776/1670 2460/3221/2130 2857/2968/1876
f 3059/2200/1218 3216/3222/2131 2071/2201/1218
f 2070/2044/1218 2460/3221/2130 3059/2200/1218
f 2814/2777/1671 3216/3222/2131 1885/2776/1670
f 1789/2773/1667 2461/3223/2132 2814/2777/1671
f 3060/2340/1218 3217/3224/2133 2072/2338/1218
f 2071/2201/1218 2461/3223/2132 3060/2340/1218
f 1789/2773/1667 2462/3225/2134 3217/3224/2133
f 2816/2775/1669 3212/3215/2124 2462/3225/2134
f 2067/2197/1169 2462/3225/2134 3212/3215/2124
f 3061/2339/1218 3217/3224/2133 2462/3225/2134
f 1888/2790/1684 2463/3226/2135 3218/3227/2136
f 1837/2560/1454 2463/3226/2135 2649/2910/1799
f 2074/2046/1218 2463/3226/2135 3219/3228/2137
f 3062/2205/1218 3218/3227/2136 2463/3226/2135
f 2742/2561/1455 3219/3228/2137 1837/2560/1454
f 1765/2557/1451 2464/3229/2138 2742/2561/1455
f 2075/1891/1183 2464/3229/2138 3220/3230/2139
f 3063/2048/1218 3219/3228/2137 2464/3229/2138
f 1765/2557/1451 2465/3231/2140 3220/3230/2139
f 2744/2559/1453 3221/3232/2141 2465/3231/2140
f 3064/2049/1218 3221/3232/2141 2076/2050/1218
f 2075/1891/1183 2465/3231/2140 3064/2049/1218
f 1838/2565/1459 2466/3233/2142 3221/3232/2141
f 1887/2785/1679 2466/3233/2142 2858/2970/1879
f 3065/2206/1218 3222/3234/2143 2077/2207/1218
f 2076/2050/1218 2466/3233/2142 3065/2206/1218
f 2817/2786/1680 3222/3234/2143 1887/2785/1679
f 1790/2782/1676 2467/3235/2144 2817/2786/1680
f 3066/2347/1218 3223/3236/2145 2078/2345/1218
f 2077/2207/1218 2467/3235/2144 3066/2347/1218
f 1790/2782/1676 2468/3237/2146 3223/3236/2145
f 2819/2784/1678 3218/3227/2136 2468/3237/2146
f 2073/2203/1218 2468/3237/2146 3218/3227/2136
f 3067/2346/1218 3223/3236/2145 2468/3237/2146
f 1890/2799/1693 2469/3238/2147 3224/3239/2148
f 1839/2569/1463 2469/3238/2147 2650/2913/1802
f 2080/2052/1218 2469/3238/2147 3225/3240/2149
f 3068/2211/1218 3224/3239/2148 2469/3238/2147
f 2745/2570/1464 3225/3240/2149 1839/2569/1463
f 1766/2566/1460 2470/3241/2150 2745/2570/1464
f 2081/1897/1192 2470/3241/2150 3226/3242/2151
f 3069/2054/1218 3225/3240/2149 2470/3241/2150
f 1766/2566/1460 2471/3243/2152 3226/3242/2151
f 2747/2568/1462 3227/3244/2153 2471/3243/2152
f 3070/2055/1218 3227/3244/2153 2082/2056/1218
f 2081/1897/1192 2471/3243/2152 3070/2055/1218
f 1840/2574/1468 2472/3245/2154 3227/3244/2153
f 1889/2794/1688 2472/3245/2154 2859/2972/1882
f 3071/2212/1218 3228/3246/2155 2083/2213/1214
f 2082/2056/1218 2472/3245/2154 3071/2212/1218
f 2820/2795/1689 3228/3246/2155 1889/2794/1688
f 1791/2791/1685 2473/3247/2156 2820/2795/1689
f 3072/2352/1215 3229/3248/2157 2084/2350/1218
f 2083/2213/1214 2473/3247/2156 3072/2352/1215
f 1791/2791/1685 2474/3249/2158 3229/3248/2157
f 2822/2793/1687 3224/3239/2148 2474/3249/2158
f 2079/2209/1218 2474/3249/2158 3224/3239/2148
f 3073/2351/1218 3229/3248/2157 2474/3249/2158
f 1892/2808/1702 2475/3250/2159 3230/3251/2160
f 1841/2578/1472 2475/3250/2159 2651/2916/1805
f 2086/2058/1218 2475/3250/2159 3231/3252/2161
f 3074/2217/1218 3230/3251/2160 2475/3250/2159
f 2748/2579/1473 3231/3252/2161 1841/2578/1472
f 1767/2575/1469 2476/3253/2162 2748/2579/1473
f 2087/1903/1192 2476/3253/2162 3232/3254/2163
f 3075/2060/1218 3231/3252/2161 2476/3253/2162
f 1767/2575/1469 2477/3255/2164 3232/3254/2163
f 2750/2577/1471 3233/3256/2165 2477/3255/2164
f 3076/2061/1202 3233/3256/2165 2088/2062/1215
f 2087/1903/1192 2477/3255/2164 3076/2061/1202
f 1842/2583/1477 2478/3257/2166 3233/3256/2165
f 1891/2803/1697 2478/3257/2166 2860/2974/1885
f 3077/2218/1215 3234/3258/2167 2089/2219/1214
f 2088/2062/1215 2478/3257/2166 3077/2218/1215
f 2823/2804/1698 3234/3258/2167 1891/2803/1697
f 1792/2800/1694 2479/3259/2168 2823/2804/1698
f 3078/2357/1214 3235/3260/2169 2090/2355/1218
f 2089/2219/1214 2479/3259/2168 3078/2357/1214
f 1792/2800/1694 2480/3261/2170 3235/3260/2169
f 2825/2802/1696 3230/3251/2160 2480/3261/2170
f 2085/2215/1218 2480/3261/2170 3230/3251/2160
f 3079/2356/1218 3235/3260/2169 2480/3261/2170
f 1894/2817/1711 2481/3262/2171 3236/3263/2172
f 1843/2587/1481 2481/3262/2171 2652/2919/1808
f 2092/2064/1218 2481/3262/2171 3237/3264/2173
f 3080/2223/1215 3236/3263/2172 2481/3262/2171
f 2751/2588/1482 3237/3264/2173 1843/2587/1481
f 1768/2584/1478 2482/3265/2174 2751/2588/1482
f 2093/1909/1201 2482/3265/2174 3238/3266/2175
f 3081/2066/1202 3237/3264/2173 2482/3265/2174
f 1768/2584/1478 2483/3267/2176 3238/3266/2175
f 2753/2586/1480 3239/3268/2177 2483/3267/2176
f 3082/2067/1214 3239/3268/2177 2094/2068/1215
f 2093/1909/1201 2483/3267/2176 3082/2067/1214
f 1844/2592/1486 2484/3269/2178 3239/3268/2177
f 1893/2812/1706 2484/3269/2178 2861/2976/1888
f 3083/2224/1214 3240/3270/2179 2095/2225/1214
f 2094/2068/1215 2484/3269/2178 3083/2224/1214
f 2826/2813/1707 3240/3270/2179 1893/2812/1706
f 1793/2809/1703 2485/3271/2180 2826/2813/1707
f 3084/2362/1215 3241/3272/2181 2096/2360/1214
f 2095/2225/1214 2485/3271/2180 3084/2362/1215
f 1793/2809/1703 2486/3273/2182 3241/3272/2181
f 2828/2811/1705 3236/3263/2172 2486/3273/2182
f 2091/2221/1218 2486/3273/2182 3236/3263/2172
f 3085/2361/1215 3241/3272/2181 2486/3273/2182
f 1896/2826/1720 2487/3274/2183 3242/3275/2184
f 1845/2596/1490 2487/3274/2183 2653/2922/1811
f 2098/2070/1214 2487/3274/2183 3243/3276/2185
f 3086/2229/1215 3242/3275/2184 2487/3274/2183
f 2754/2597/1491 3243/3276/2185 1845/2596/1490
f 1769/2593/1487 2488/3277/2186 2754/2597/1491
f 2099/1915/1201 2488/3277/2186 3244/3278/2187
f 3087/2072/1214 3243/3276/2185 2488/3277/2186
f 1769/2593/1487 2489/3279/2188 3244/3278/2187
f 2756/2595/1489 3245/3280/2189 2489/3279/2188
f 3088/2073/1214 3245/3280/2189 2100/2074/1214
f 2099/1915/1201 2489/3279/2188 3088/2073/1214
f 1846/2601/1495 2490/3281/2190 3245/3280/2189
f 1895/2821/1715 2490/3281/2190 2862/2978/1891
f 3089/2230/1214 3246/3282/2191 2101/2231/1214
f 2100/2074/1214 2490/3281/2190 3089/2230/1214
f 2829/2822/1716 3246/3282/2191 1895/2821/1715
f 1794/2818/1712 2491/3283/2192 2829/2822/1716
f 3090/2367/1215 3247/3284/2193 2102/2365/1214
f 2101/2231/1214 2491/3283/2192 3090/2367/1215
f 1794/2818/1712 2492/3285/2194 3247/3284/2193
f 2831/2820/1714 3242/3275/2184 2492/3285/2194
f 2097/2227/1214 2492/3285/2194 3242/3275/2184
f 3091/2366/1215 3247/3284/2193 2492/3285/2194
f 1898/2835/1729 2493/3286/2195 3248/3287/2196
f 1847/2605/1499 2493/3286/2195 2654/2925/1814
f 2104/2076/1214 2493/3286/2195 3249/3288/2197
f 3092/2235/1214 3248/3287/2196 2493/3286/2195
f 2757/2606/1500 3249/3288/2197 1847/2605/1499
f 1770/2602/1496 2494/3289/2198 2757/2606/1500
f 2105/1921/1099 2494/3289/2198 3250/3290/2199
f 3093/2078/1214 3249/3288/2197 2494/3289/2198
f 1770/2602/1496 2495/3291/2200 3250/3290/2199
f 2759/2604/1498 3251/3292/2201 2495/3291/2200
f 3094/2080/1214 3251/3292/2201 2106/2082/1214
f 2105/1921/1099 2495/3291/2200 3094/2080/1214
f 1848/2610/1504 2496/3293/2202 3251/3292/2201
f 1897/2830/1724 2496/3293/2202 2863/2980/1894
f 3095/2236/1214 3252/3294/2203 2107/2237/1214
f 2106/2082/1214 2496/3293/2202 3095/2236/1214
f 2832/2831/1725 3252/3294/2203 1897/2830/1724
f 1795/2827/1721 2497/3295/2204 2832/2831/1725
f 3096/2372/1214 3253/3296/2205 2108/2370/1214
f 2107/2237/1214 2497/3295/2204 3096/2372/1214
f 1795/2827/1721 2498/3297/2206 3253/3296/2205
f 2834/2829/1723 3248/3287/2196 2498/3297/2206
f 2103/2233/1215 2498/3297/2206 3248/3287/2196
f 3097/2371/1214 3253/3296/2205 2498/3297/2206
f 2577/1771/1094 2109/1775/1098 2501/1772/1095
f 2577/1771/1094 1744/2085/1212 2499/1774/1097
f 1958/1776/1099 2500/1778/1099 2109/1775/1098
f 1961/1777/1099 2501/1772/1095 2109/1775/1098
f 2578/1779/1100 2110/1782/1103 2503/1780/1101
f 2578/1779/1100 1718/1773/1096 2501/1772/1095
f 1961/1777/1099 2502/1784/1104 2110/1782/1103
f 1967/1783/1104 2503/1780/1101 2110/1782/1103
f 2579/1785/1105 2111/1788/1108 2505/1786/1106
f 2579/1785/1105 1719/1781/1102 2503/1780/1101
f 1967/1783/1104 2504/1790/1104 2111/1788/1108
f 1973/1789/1104 2505/1786/1106 2111/1788/1108
f 2580/1791/1109 2112/1794/1112 2507/1792/1110
f 2580/1791/1109 1720/1787/1107 2505/1786/1106
f 1973/1789/1104 2506/1796/1114 2112/1794/1112
f 1979/1795/1113 2507/1792/1110 2112/1794/1112
f 2581/1797/1115 2113/1800/1118 2509/1798/1116
f 2581/1797/1115 1721/1793/1111 2507/1792/1110
f 1979/1795/1113 2508/1802/1113 2113/1800/1118
f 1985/1801/1113 2509/1798/1116 2113/1800/1118
f 2582/1803/1119 2114/1806/1122 2511/1804/1120
f 2582/1803/1119 1722/1799/1117 2509/1798/1116
f 1985/1801/1113 2510/1808/1123 2114/1806/1122
f 1991/1807/1123 2511/1804/1120 2114/1806/1122
f 2583/1809/1124 2115/1812/1127 2513/1810/1125
f 2583/1809/1124 1723/1805/1121 2511/1804/1120
f 1991/1807/1123 2512/1814/1123 2115/1812/1127
f 1997/1813/1123 2513/1810/1125 2115/1812/1127
f 2584/1815/1128 2116/1818/1131 2515/1816/1129
f 2584/1815/1128 1724/1811/1126 2513/1810/1125
f 1997/1813/1123 2514/1820/1123 2116/1818/1131
f 2003/1819/1132 2515/1816/1129 2116/1818/1131
f 2585/1821/1133 2117/1824/1136 2517/1822/1134
f 2585/1821/1133 1725/1817/1130 2515/1816/1129
f 2003/1819/1132 2516/1826/1132 2117/1824/1136
f 2009/1825/1132 2517/1822/1134 2117/1824/1136
f 2586/1827/1137 2118/1830/1140 2519/1828/1138
f 2586/1827/1137 1726/1823/1135 2517/1822/1134
f 2009/1825/1132 2518/1832/1142 2118/1830/1140
f 2015/1831/1141 2519/1828/1138 2118/1830/1140
f 2587/1833/1143 2119/1836/1146 2521/1834/1144
f 2587/1833/1143 1727/1829/1139 2519/1828/1138
f 2015/1831/1141 2520/1838/1142 2119/1836/1146
f 2021/1837/1141 2521/1834/1144 2119/1836/1146
f 2588/1839/1147 2120/1842/1150 2523/1840/1148
f 2588/1839/1147 1728/1835/1145 2521/1834/1144
f 2021/1837/1141 2522/1844/1141 2120/1842/1150
f 2027/1843/1151 2523/1840/1148 2120/1842/1150
f 2589/1845/1152 2121/1848/1155 2525/1846/1153
f 2589/1845/1152 1729/1841/1149 2523/1840/1148
f 2027/1843/1151 2524/1850/1151 2121/1848/1155
f 2033/1849/1151 2525/1846/1153 2121/1848/1155
f 2590/1851/1156 2122/1854/1159 2527/1852/1157
f 2590/1851/1156 1730/1847/1154 2525/1846/1153
f 2033/1849/1151 2526/1856/1151 2122/1854/1159
f 2039/1855/1151 2527/1852/1157 2122/1854/1159
f 2591/1857/1160 2123/1860/1163 2529/1858/1161
f 2591/1857/1160 1731/1853/1158 2527/1852/1157
f 2039/1855/1151 2528/1862/1164 2123/1860/1163
f 2045/1861/1164 2529/1858/1161 2123/1860/1163
f 2592/1863/1165 2124/1866/1168 2531/1864/1166
f 2592/1863/1165 1732/1859/1162 2529/1858/1161
f 2045/1861/1164 2530/1868/1169 2124/1866/1168
f 2051/1867/1164 2531/1864/1166 2124/1866/1168
f 2593/1869/1170 2125/1872/1173 2533/1870/1171
f 2593/1869/1170 1733/1865/1167 2531/1864/1166
f 2051/1867/1164 2532/1874/1169 2125/1872/1173
f 2057/1873/1174 2533/1870/1171 2125/1872/1173
f 2594/1875/1175 2126/1878/1178 2535/1876/1176
f 2594/1875/1175 1734/1871/1172 2533/1870/1171
f 2057/1873/1174 2534/1880/1174 2126/1878/1178
f 2063/1879/1174 2535/1876/1176 2126/1878/1178
f 2595/1881/1179 2127/1884/1182 2537/1882/1180
f 2595/1881/1179 1735/1877/1177 2535/1876/1176
f 2063/1879/1174 2536/1886/1183 2127/1884/1182
f 2069/1885/1183 2537/1882/1180 2127/1884/1182
f 2596/1887/1184 2128/1890/1187 2539/1888/1185
f 2596/1887/1184 1736/1883/1181 2537/1882/1180
f 2069/1885/1183 2538/1892/1183 2128/1890/1187
f 2075/1891/1183 2539/1888/1185 2128/1890/1187
f 2597/1893/1188 2129/1896/1191 2541/1894/1189
f 2597/1893/1188 1737/1889/1186 2539/1888/1185
f 2075/1891/1183 2540/1898/1183 2129/1896/1191
f 2081/1897/1192 2541/1894/1189 2129/1896/1191
f 2598/1899/1193 2130/1902/1196 2543/1900/1194
f 2598/1899/1193 1738/1895/1190 2541/1894/1189
f 2081/1897/1192 2542/1904/1192 2130/1902/1196
f 2087/1903/1192 2543/1900/1194 2130/1902/1196
f 2599/1905/1197 2131/1908/1200 2545/1906/1198
f 2599/1905/1197 1739/1901/1195 2543/1900/1194
f 2087/1903/1192 2544/1910/1202 2131/1908/1200
f 2093/1909/1201 2545/1906/1198 2131/1908/1200
f 2600/1911/1203 2132/1914/1206 2547/1912/1204
f 2600/1911/1203 1740/1907/1199 2545/1906/1198
f 2093/1909/1201 2546/1916/1201 2132/1914/1206
f 2099/1915/1201 2547/1912/1204 2132/1914/1206
f 2601/1917/1207 2133/1920/1210 2549/1918/1208
f 2601/1917/1207 1741/1913/1205 2547/1912/1204
f 2099/1915/1201 2548/1922/1201 2133/1920/1210
f 2105/1921/1099 2549/1918/1208 2133/1920/1210
f 2602/1923/1211 2134/1926/1213 2499/1924/1097
f 2602/1923/1211 1745/1919/1209 2549/1918/1208
f 2105/1921/1099 2550/1928/1099 2134/1926/1213
f 1958/1927/1099 2499/1924/1097 2134/1926/1213
f 2947/1929/1214 2135/1931/1214 2500/1778/1099
f 1953/1930/1214 2604/1933/1214 2135/1931/1214
f 1960/1932/1214 2949/1934/1214 2135/1931/1214
f 2949/1934/1214 1961/1777/1099 2500/1778/1099
f 2950/1935/1214 2136/1937/1214 2502/1784/1104
f 1962/1936/1214 2605/1939/1214 2136/1937/1214
f 1966/1938/1214 2955/1940/1214 2136/1937/1214
f 2955/1940/1214 1967/1783/1104 2502/1784/1104
f 2956/1941/1214 2137/1943/1214 2504/1790/1104
f 1968/1942/1214 2606/1945/1214 2137/1943/1214
f 1972/1944/1214 2961/1946/1214 2137/1943/1214
f 2961/1946/1214 1973/1789/1104 2504/1790/1104
f 2962/1947/1114 2138/1949/1114 2506/1796/1114
f 1974/1948/1215 2607/1951/1215 2138/1949/1114
f 1978/1950/1215 2967/1952/1114 2138/1949/1114
f 2967/1952/1114 1979/1795/1113 2506/1796/1114
f 2968/1953/1216 2139/1955/1216 2508/1802/1113
f 1980/1954/1216 2608/1957/1216 2139/1955/1216
f 1984/1956/1216 2973/1958/1216 2139/1955/1216
f 2973/1958/1216 1985/1801/1113 2508/1802/1113
f 2974/1959/1216 2140/1961/1216 2510/1808/1123
f 1986/1960/1216 2609/1963/1216 2140/1961/1216
f 1990/1962/1216 2979/1964/1216 2140/1961/1216
f 2979/1964/1216 1991/1807/1123 2510/1808/1123
f 2980/1965/1216 2141/1967/1216 2512/1814/1123
f 1992/1966/1216 2610/1969/1216 2141/1967/1216
f 1996/1968/1216 2985/1970/1216 2141/1967/1216
f 2985/1970/1216 1997/1813/1123 2512/1814/1123
f 2986/1971/1216 2142/1973/1216 2514/1820/1123
f 1998/1972/1216 2611/1975/1216 2142/1973/1216
f 2002/1974/1216 2991/1976/1216 2142/1973/1216
f 2991/1976/1216 2003/1819/1132 2514/1820/1123
f 2992/1977/1216 2143/1979/1216 2516/1826/1132
f 2004/1978/1216 2612/1981/1216 2143/1979/1216
f 2008/1980/1216 2997/1982/1216 2143/1979/1216
f 2997/1982/1216 2009/1825/1132 2516/1826/1132
f 2998/1983/1142 2144/1985/1142 2518/1832/1142
f 2010/1984/1215 2613/1987/1215 2144/1985/1142
f 2014/1986/1215 3003/1988/1142 2144/1985/1142
f 3003/1988/1142 2015/1831/1141 2518/1832/1142
f 3004/1989/1217 2145/1991/1217 2520/1838/1142
f 2016/1990/1217 2614/1993/1217 2145/1991/1217
f 2020/1992/1217 3009/1994/1217 2145/1991/1217
f 3009/1994/1217 2021/1837/1141 2520/1838/1142
f 3010/1995/1217 2146/1997/1217 2522/1844/1141
f 2022/1996/1217 2615/1999/1217 2146/1997/1217
f 2026/1998/1217 3015/2000/1217 2146/1997/1217
f 3015/2000/1217 2027/1843/1151 2522/1844/1141
f 3016/2001/1217 2147/2003/1217 2524/1850/1151
f 2028/2002/1217 2616/2005/1217 2147/2003/1217
f 2032/2004/1217 3021/2006/1217 2147/2003/1217
f 3021/2006/1217 2033/1849/1151 2524/1850/1151
f 3022/2007/1217 2148/2009/1217 2526/1856/1151
f 2034/2008/1217 2617/2011/1217 2148/2009/1217
f 2038/2010/1217 3027/2012/1217 2148/2009/1217
f 3027/2012/1217 2039/1855/1151 2526/1856/1151
f 3028/2013/1217 2149/2015/1217 2528/1862/1164
f 2040/2014/1217 2618/2017/1217 2149/2015/1217
f 2044/2016/1217 3033/2018/1217 2149/2015/1217
f 3033/2018/1217 2045/1861/1164 2528/1862/1164
f 3034/2019/1217 2150/2021/1217 2530/1868/1169
f 2046/2020/1217 2619/2023/1217 2150/2021/1217
f 2050/2022/1215 3039/2024/1217 2150/2021/1217
f 3039/2024/1217 2051/1867/1164 2530/1868/1169
f 3040/2025/1169 2151/2027/1169 2532/1874/1169
f 2052/2026/1215 2620/2029/1215 2151/2027/1169
f 2056/2028/1215 3045/2030/1169 2151/2027/1169
f 3045/2030/1169 2057/1873/1174 2532/1874/1169
f 3046/2031/1218 2152/2033/1218 2534/1880/1174
f 2058/2032/1218 2621/2035/1218 2152/2033/1218
f 2062/2034/1218 3051/2036/1218 2152/2033/1218
f 3051/2036/1218 2063/1879/1174 2534/1880/1174
f 3052/2037/1218 2153/2039/1218 2536/1886/1183
f 2064/2038/1218 2622/2041/1218 2153/2039/1218
f 2068/2040/1218 3057/2042/1218 2153/2039/1218
f 3057/2042/1218 2069/1885/1183 2536/1886/1183
f 3058/2043/1218 2154/2045/1218 2538/1892/1183
f 2070/2044/1218 2623/2047/1218 2154/2045/1218
f 2074/2046/1218 3063/2048/1218 2154/2045/1218
f 3063/2048/1218 2075/1891/1183 2538/1892/1183
f 3064/2049/1218 2155/2051/1218 2540/1898/1183
f 2076/2050/1218 2624/2053/1218 2155/2051/1218
f 2080/2052/1218 3069/2054/1218 2155/2051/1218
f 3069/2054/1218 2081/1897/1192 2540/1898/1183
f 3070/2055/1218 2156/2057/1218 2542/1904/1192
f 2082/2056/1218 2625/2059/1218 2156/2057/1218
f 2086/2058/1218 3075/2060/1218 2156/2057/1218
f 3075/2060/1218 2087/1903/1192 2542/1904/1192
f 3076/2061/1202 2157/2063/1202 2544/1910/1202
f 2088/2062/1215 2626/2065/1215 2157/2063/1202
f 2092/2064/1218 3081/2066/1202 2157/2063/1202
f 3081/2066/1202 2093/1909/1201 2544/1910/1202
f 3082/2067/1214 2158/2069/1214 2546/1916/1201
f 2094/2068/1215 2627/2071/1214 2158/2069/1214
f 2098/2070/1214 3087/2072/1214 2158/2069/1214
f 3087/2072/1214 2099/1915/1201 2546/1916/1201
f 3088/2073/1214 2159/2075/1214 2548/1922/1201
f 2100/2074/1214 2628/2077/1214 2159/2075/1214
f 2104/2076/1214 3093/2078/1214 2159/2075/1214
f 3093/2078/1214 2105/1921/1099 2548/1922/1201
f 2550/1928/1099 2160/2081/1214 2946/2079/1214
f 2550/1928/1099 2105/1921/1099 3094/2080/1214
f 2106/2082/1214 2629/2084/1214 2160/2081/1214
f 1957/2083/1214 2946/2079/1214 2160/2081/1214
f 1744/2085/1212 2577/1771/1094 2161/760/1219
f 1718/1773/1096 3254/759/1222 2161/760/1219
f 1718/1773/1096 2578/1779/1100 2162/762/1221
f 1719/1781/1102 3255/761/1224 2162/762/1221
f 1719/1781/1102 2579/1785/1105 2163/764/1223
f 1720/1787/1107 3256/763/1226 2163/764/1223
f 1720/1787/1107 2580/1791/1109 2164/766/1225
f 1721/1793/1111 3257/765/1228 2164/766/1225
f 1721/1793/1111 2581/1797/1115 2165/768/1227
f 1722/1799/1117 3258/767/1230 2165/768/1227
f 1722/1799/1117 2582/1803/1119 2166/770/1229
f 1723/1805/1121 3259/769/1232 2166/770/1229
f 1723/1805/1121 2583/1809/1124 2167/772/1231
f 1724/1811/1126 3260/771/1234 2167/772/1231
f 1724/1811/1126 2584/1815/1128 2168/774/1233
f 1725/1817/1130 3261/773/1236 2168/774/1233
f 1725/1817/1130 2585/1821/1133 2169/776/1235
f 1726/1823/1135 3262/775/1238 2169/776/1235
f 1726/1823/1135 2586/1827/1137 2170/778/1237
f 1727/1829/1139 3263/777/1240 2170/778/1237
f 1727/1829/1139 2587/1833/1143 2171/780/1239
f 1728/1835/1145 3264/779/1242 2171/780/1239
f 1728/1835/1145 2588/1839/1147 2172/782/1241
f 1729/1841/1149 3265/781/1244 2172/782/1241
f 1729/1841/1149 2589/1845/1152 2173/784/1243
f 1730/1847/1154 3266/783/1246 2173/784/1243
f 1730/1847/1154 2590/1851/1156 2174/786/1245
f 1731/1853/1158 3267/785/1248 2174/786/1245
f 1731/1853/1158 2591/1857/1160 2175/788/1247
f 1732/1859/1162 3268/787/1250 2175/788/1247
f 1732/1859/1162 2592/1863/1165 2176/790/1249
f 1733/1865/1167 3269/789/1252 2176/790/1249
f 1733/1865/1167 2593/1869/1170 2177/792/1251
f 1734/1871/1172 3270/791/1254 2177/792/1251
f 1734/1871/1172 2594/1875/1175 2178/794/1253
f 1735/1877/1177 3271/793/1256 2178/794/1253
f 1735/1877/1177 2595/1881/1179 2179/796/1255
f 1736/1883/1181 3272/795/1258 2179/796/1255
f 1736/1883/1181 2596/1887/1184 2180/798/1257
f 1737/1889/1186 3273/797/1260 2180/798/1257
f 1737/1889/1186 2597/1893/1188 2181/800/1259
f 1738/1895/1190 3274/799/1262 2181/800/1259
f 1738/1895/1190 2598/1899/1193 2182/802/1261
f 1739/1901/1195 3275/801/1264 2182/802/1261
f 1739/1901/1195 2599/1905/1197 2183/804/1263
f 1740/1907/1199 3276/803/1266 2183/804/1263
f 1740/1907/1199 2600/1911/1203 2184/806/1265
f 1741/1913/1205 3277/805/1268 2184/806/1265
f 1741/1913/1205 2601/1917/1207 2185/808/1267
f 1745/1919/1209 3278/807/1270 2185/808/1267
f 1745/1919/1209 2602/1923/1211 2186/810/1269
f 1744/1925/1212 2576/809/1220 2186/810/1269
f 2942/2086/1214 2187/2088/1214 2604/1933/1214
f 1954/2087/1214 2656/2090/1214 2187/2088/1214
f 1959/2089/1214 2948/2091/1214 2187/2088/1214
f 2948/2091/1214 1960/1932/1214 2604/1933/1214
f 2951/2092/1214 2188/2094/1214 2605/1939/1214
f 1963/2093/1214 2657/2096/1214 2188/2094/1214
f 1965/2095/1214 2954/2097/1214 2188/2094/1214
f 2954/2097/1214 1966/1938/1214 2605/1939/1214
f 2957/2098/1215 2189/2100/1214 2606/1945/1214
f 1969/2099/1215 2658/2102/1214 2189/2100/1214
f 1971/2101/1214 2960/2103/1215 2189/2100/1214
f 2960/2103/1215 1972/1944/1214 2606/1945/1214
f 2963/2104/1215 2190/2106/1215 2607/1951/1215
f 1975/2105/1216 2659/2108/1215 2190/2106/1215
f 1977/2107/1214 2966/2109/1215 2190/2106/1215
f 2966/2109/1215 1978/1950/1215 2607/1951/1215
f 2969/2110/1216 2191/2112/1216 2608/1957/1216
f 1981/2111/1216 2660/2114/1216 2191/2112/1216
f 1983/2113/1214 2972/2115/1216 2191/2112/1216
f 2972/2115/1216 1984/1956/1216 2608/1957/1216
f 2975/2116/1216 2192/2118/1216 2609/1963/1216
f 1987/2117/1216 2661/2120/1216 2192/2118/1216
f 1989/2119/1216 2978/2121/1216 2192/2118/1216
f 2978/2121/1216 1990/1962/1216 2609/1963/1216
f 2981/2122/1216 2193/2124/1216 2610/1969/1216
f 1993/2123/1216 2662/2126/1216 2193/2124/1216
f 1995/2125/1216 2984/2127/1216 2193/2124/1216
f 2984/2127/1216 1996/1968/1216 2610/1969/1216
f 2987/2128/1216 2194/2130/1216 2611/1975/1216
f 1999/2129/1216 2663/2132/1216 2194/2130/1216
f 2001/2131/1216 2990/2133/1216 2194/2130/1216
f 2990/2133/1216 2002/1974/1216 2611/1975/1216
f 2993/2134/1216 2195/2136/1216 2612/1981/1216
f 2005/2135/1215 2664/2138/1216 2195/2136/1216
f 2007/2137/1216 2996/2139/1216 2195/2136/1216
f 2996/2139/1216 2008/1980/1216 2612/1981/1216
f 2999/2140/1215 2196/2142/1215 2613/1987/1215
f 2011/2141/1217 2665/2144/1215 2196/2142/1215
f 2013/2143/1216 3002/2145/1215 2196/2142/1215
f 3002/2145/1215 2014/1986/1215 2613/1987/1215
f 3005/2146/1215 2197/2148/1217 2614/1993/1217
f 2017/2147/1217 2666/2150/1215 2197/2148/1217
f 2019/2149/1216 3008/2151/1217 2197/2148/1217
f 3008/2151/1217 2020/1992/1217 2614/1993/1217
f 3011/2152/1217 2198/2154/1217 2615/1999/1217
f 2023/2153/1217 2667/2156/1217 2198/2154/1217
f 2025/2155/1215 3014/2157/1217 2198/2154/1217
f 3014/2157/1217 2026/1998/1217 2615/1999/1217
f 3017/2158/1217 2199/2160/1217 2616/2005/1217
f 2029/2159/1217 2668/2162/1217 2199/2160/1217
f 2031/2161/1217 3020/2163/1217 2199/2160/1217
f 3020/2163/1217 2032/2004/1217 2616/2005/1217
f 3023/2164/1217 2200/2166/1217 2617/2011/1217
f 2035/2165/1217 2669/2168/1217 2200/2166/1217
f 2037/2167/1217 3026/2169/1217 2200/2166/1217
f 3026/2169/1217 2038/2010/1217 2617/2011/1217
f 3029/2170/1217 2201/2172/1217 2618/2017/1217
f 2041/2171/1217 2670/2174/1217 2201/2172/1217
f 2043/2173/1217 3032/2175/1217 2201/2172/1217
f 3032/2175/1217 2044/2016/1217 2618/2017/1217
f 3035/2176/1217 2202/2178/1217 2619/2023/1217
f 2047/2177/1218 2671/2180/1215 2202/2178/1217
f 2049/2179/1217 3038/2181/1215 2202/2178/1217
f 3038/2181/1215 2050/2022/1215 2619/2023/1217
f 3041/2182/1217 2203/2184/1215 2620/2029/1215
f 2053/2183/1218 2672/2186/1215 2203/2184/1215
f 2055/2185/1215 3044/2187/1215 2203/2184/1215
f 3044/2187/1215 2056/2028/1215 2620/2029/1215
f 3047/2188/1218 2204/2190/1218 2621/2035/1218
f 2059/2189/1218 2673/2192/1218 2204/2190/1218
f 2061/2191/1215 3050/2193/1218 2204/2190/1218
f 3050/2193/1218 2062/2034/1218 2621/2035/1218
f 3053/2194/1218 2205/2196/1218 2622/2041/1218
f 2065/2195/1218 2674/2198/1218 2205/2196/1218
f 2067/2197/1169 3056/2199/1218 2205/2196/1218
f 3056/2199/1218 2068/2040/1218 2622/2041/1218
f 3059/2200/1218 2206/2202/1218 2623/2047/1218
f 2071/2201/1218 2675/2204/1218 2206/2202/1218
f 2073/2203/1218 3062/2205/1218 2206/2202/1218
f 3062/2205/1218 2074/2046/1218 2623/2047/1218
f 3065/2206/1218 2207/2208/1218 2624/2053/1218
f 2077/2207/1218 2676/2210/1218 2207/2208/1218
f 2079/2209/1218 3068/2211/1218 2207/2208/1218
f 3068/2211/1218 2080/2052/1218 2624/2053/1218
f 3071/2212/1218 2208/2214/1218 2625/2059/1218
f 2083/2213/1214 2677/2216/1218 2208/2214/1218
f 2085/2215/1218 3074/2217/1218 2208/2214/1218
f 3074/2217/1218 2086/2058/1218 2625/2059/1218
f 3077/2218/1215 2209/2220/1215 2626/2065/1215
f 2089/2219/1214 2678/2222/1215 2209/2220/1215
f 2091/2221/1218 3080/2223/1215 2209/2220/1215
f 3080/2223/1215 2092/2064/1218 2626/2065/1215
f 3083/2224/1214 2210/2226/1215 2627/2071/1214
f 2095/2225/1214 2679/2228/1214 2210/2226/1215
f 2097/2227/1214 3086/2229/1215 2210/2226/1215
f 3086/2229/1215 2098/2070/1214 2627/2071/1214
f 3089/2230/1214 2211/2232/1214 2628/2077/1214
f 2101/2231/1214 2680/2234/1214 2211/2232/1214
f 2103/2233/1215 3092/2235/1214 2211/2232/1214
f 3092/2235/1214 2104/2076/1214 2628/2077/1214
f 3095/2236/1214 2212/2238/1214 2629/2084/1214
f 2107/2237/1214 2681/2240/1214 2212/2238/1214
f 1956/2239/1214 2945/2241/1214 2212/2238/1214
f 2945/2241/1214 1957/2083/1214 2629/2084/1214
f 2943/2242/1214 2213/2244/1214 2656/2090/1214
f 1955/2243/1214 2655/2246/1215 2213/2244/1214
f 2551/2245/1215 2213/2244/1214 2655/2246/1215
f 1964/2248/1214 2953/2249/1214 2213/2244/1214
f 2656/2090/1214 2213/2244/1214 2953/2249/1214
f 2952/2250/1214 2214/2251/1214 2657/2096/1214
f 1964/2248/1214 2551/2245/1215 2214/2251/1214
f 2552/2252/1215 2214/2251/1214 2551/2245/1215
f 1970/2253/1214 2959/2254/1214 2214/2251/1214
f 2657/2096/1214 2214/2251/1214 2959/2254/1214
f 2958/2255/1214 2215/2256/1214 2658/2102/1214
f 1970/2253/1214 2552/2252/1215 2215/2256/1214
f 2553/2257/1215 2215/2256/1214 2552/2252/1215
f 1976/2258/1214 2965/2259/1215 2215/2256/1214
f 2658/2102/1214 2215/2256/1214 2965/2259/1215
f 2964/2260/1215 2216/2261/1215 2659/2108/1215
f 1976/2258/1214 2553/2257/1215 2216/2261/1215
f 2554/2262/1215 2216/2261/1215 2553/2257/1215
f 1982/2263/1216 2971/2264/1215 2216/2261/1215
f 2659/2108/1215 2216/2261/1215 2971/2264/1215
f 2970/2265/1216 2217/2266/1216 2660/2114/1216
f 1982/2263/1216 2554/2262/1215 2217/2266/1216
f 2555/2267/1215 2217/2266/1216 2554/2262/1215
f 1988/2268/1216 2977/2269/1114 2217/2266/1216
f 2660/2114/1216 2217/2266/1216 2977/2269/1114
f 2976/2270/1216 2218/2271/1216 2661/2120/1216
f 1988/2268/1216 2555/2267/1215 2218/2271/1216
f 2556/2272/1215 2218/2271/1216 2555/2267/1215
f 1994/2273/1216 2983/2274/1216 2218/2271/1216
f 2661/2120/1216 2218/2271/1216 2983/2274/1216
f 2982/2275/1216 2219/2276/1216 2662/2126/1216
f 1994/2273/1216 2556/2272/1215 2219/2276/1216
f 2557/2277/1215 2219/2276/1216 2556/2272/1215
f 2000/2278/1216 2989/2279/1216 2219/2276/1216
f 2662/2126/1216 2219/2276/1216 2989/2279/1216
f 2988/2280/1216 2220/2281/1216 2663/2132/1216
f 2000/2278/1216 2557/2277/1215 2220/2281/1216
f 2558/2282/1215 2220/2281/1216 2557/2277/1215
f 2006/2283/1216 2995/2284/1216 2220/2281/1216
f 2663/2132/1216 2220/2281/1216 2995/2284/1216
f 2994/2285/1215 2221/2286/1216 2664/2138/1216
f 2006/2283/1216 2558/2282/1215 2221/2286/1216
f 2559/2287/1215 2221/2286/1216 2558/2282/1215
f 2012/2288/1216 3001/2289/1216 2221/2286/1216
f 2664/2138/1216 2221/2286/1216 3001/2289/1216
f 3000/2290/1215 2222/2291/1215 2665/2144/1215
f 2012/2288/1216 2559/2287/1215 2222/2291/1215
f 2560/2292/1215 2222/2291/1215 2559/2287/1215
f 2018/2293/1217 3007/2294/1215 2222/2291/1215
f 2665/2144/1215 2222/2291/1215 3007/2294/1215
f 3006/2295/1215 2223/2296/1215 2666/2150/1215
f 2018/2293/1217 2560/2292/1215 2223/2296/1215
f 2561/2297/1215 2223/2296/1215 2560/2292/1215
f 2024/2298/1217 3013/2299/1217 2223/2296/1215
f 2666/2150/1215 2223/2296/1215 3013/2299/1217
f 3012/2300/1217 2224/2301/1217 2667/2156/1217
f 2024/2298/1217 2561/2297/1215 2224/2301/1217
f 2562/2302/1215 2224/2301/1217 2561/2297/1215
f 2030/2303/1217 3019/2304/1217 2224/2301/1217
f 2667/2156/1217 2224/2301/1217 3019/2304/1217
f 3018/2305/1217 2225/2306/1217 2668/2162/1217
f 2030/2303/1217 2562/2302/1215 2225/2306/1217
f 2563/2307/1215 2225/2306/1217 2562/2302/1215
f 2036/2308/1217 3025/2309/1217 2225/2306/1217
f 2668/2162/1217 2225/2306/1217 3025/2309/1217
f 3024/2310/1217 2226/2311/1217 2669/2168/1217
f 2036/2308/1217 2563/2307/1215 2226/2311/1217
f 2564/2312/1215 2226/2311/1217 2563/2307/1215
f 2042/2313/1217 3031/2314/1217 2226/2311/1217
f 2669/2168/1217 2226/2311/1217 3031/2314/1217
f 3030/2315/1215 2227/2316/1217 2670/2174/1217
f 2042/2313/1217 2564/2312/1215 2227/2316/1217
f 2565/2317/1215 2227/2316/1217 2564/2312/1215
f 2048/2318/1217 3037/2319/1217 2227/2316/1217
f 2670/2174/1217 2227/2316/1217 3037/2319/1217
f 3036/2320/1215 2228/2321/1217 2671/2180/1215
f 2048/2318/1217 2565/2317/1215 2228/2321/1217
f 2566/2322/1215 2228/2321/1217 2565/2317/1215
f 2054/2323/1215 3043/2324/1217 2228/2321/1217
f 2671/2180/1215 2228/2321/1217 3043/2324/1217
f 3042/2325/1215 2229/2326/1215 2672/2186/1215
f 2054/2323/1215 2566/2322/1215 2229/2326/1215
f 2567/2327/1215 2229/2326/1215 2566/2322/1215
f 2060/2328/1218 3049/2329/1217 2229/2326/1215
f 2672/2186/1215 2229/2326/1215 3049/2329/1217
f 3048/2330/1218 2230/2331/1218 2673/2192/1218
f 2060/2328/1218 2567/2327/1215 2230/2331/1218
f 2568/2332/1215 2230/2331/1218 2567/2327/1215
f 2066/2333/1218 3055/2334/1218 2230/2331/1218
f 2673/2192/1218 2230/2331/1218 3055/2334/1218
f 3054/2335/1218 2231/2336/1218 2674/2198/1218
f 2066/2333/1218 2568/2332/1215 2231/2336/1218
f 2569/2337/1215 2231/2336/1218 2568/2332/1215
f 2072/2338/1218 3061/2339/1218 2231/2336/1218
f 2674/2198/1218 2231/2336/1218 3061/2339/1218
f 3060/2340/1218 2232/2341/1218 2675/2204/1218
f 2072/2338/1218 2569/2343/1215 2232/2341/1218
f 2570/2342/1215 2232/2341/1218 2569/2343/1215
f 2078/2345/1218 3067/2346/1218 2232/2341/1218
f 2675/2204/1218 2232/2341/1218 3067/2346/1218
f 3066/2347/1218 2233/2348/1218 2676/2210/1218
f 2078/2345/1218 2570/2342/1215 2233/2348/1218
f 2571/2349/1215 2233/2348/1218 2570/2342/1215
f 2084/2350/1218 3073/2351/1218 2233/2348/1218
f 2676/2210/1218 2233/2348/1218 3073/2351/1218
f 3072/2352/1215 2234/2353/1218 2677/2216/1218
f 2084/2350/1218 2571/2349/1215 2234/2353/1218
f 2572/2354/1215 2234/2353/1218 2571/2349/1215
f 2090/2355/1218 3079/2356/1218 2234/2353/1218
f 2677/2216/1218 2234/2353/1218 3079/2356/1218
f 3078/2357/1214 2235/2358/1215 2678/2222/1215
f 2090/2355/1218 2572/2354/1215 2235/2358/1215
f 2573/2359/1215 2235/2358/1215 2572/2354/1215
f 2096/2360/1214 3085/2361/1215 2235/2358/1215
f 2678/2222/1215 2235/2358/1215 3085/2361/1215
f 3084/2362/1215 2236/2363/1214 2679/2228/1214
f 2096/2360/1214 2573/2359/1215 2236/2363/1214
f 2574/2364/1215 2236/2363/1214 2573/2359/1215
f 2102/2365/1214 3091/2366/1215 2236/2363/1214
f 2679/2228/1214 2236/2363/1214 3091/2366/1215
f 3090/2367/1215 2237/2368/1214 2680/2234/1214
f 2102/2365/1214 2574/2364/1215 2237/2368/1214
f 2575/2369/1215 2237/2368/1214 2574/2364/1215
f 2108/2370/1214 3097/2371/1214 2237/2368/1214
f 2680/2234/1214 2237/2368/1214 3097/2371/1214
f 3096/2372/1214 2238/2373/1214 2681/2240/1214
f 2108/2370/1214 2575/2369/1215 2238/2373/1214
f 2655/2374/1215 2238/2373/1214 2575/2369/1215
f 1955/2375/1214 2944/2376/1214 2238/2373/1214
f 2681/2240/1214 2238/2373/1214 2944/2376/1214
f 1742/2377/1271 2682/2381/1275 2239/2378/1272
f 1797/2380/1274 2683/2383/1277 2239/2378/1272
f 2864/2382/1276 2239/2378/1272 2683/2383/1277
f 1798/2385/1279 2684/2379/1273 2239/2378/1272
f 1746/2386/1280 2685/2390/1284 2240/2387/1281
f 1799/2389/1283 2686/2392/1286 2240/2387/1281
f 2865/2391/1285 2240/2387/1281 2686/2392/1286
f 1800/2394/1288 2687/2388/1282 2240/2387/1281
f 1747/2395/1289 2688/2399/1293 2241/2396/1290
f 1801/2398/1292 2689/2401/1295 2241/2396/1290
f 2866/2400/1294 2241/2396/1290 2689/2401/1295
f 1802/2403/1297 2690/2397/1291 2241/2396/1290
f 1748/2404/1298 2691/2408/1302 2242/2405/1299
f 1803/2407/1301 2692/2410/1304 2242/2405/1299
f 2867/2409/1303 2242/2405/1299 2692/2410/1304
f 1804/2412/1306 2693/2406/1300 2242/2405/1299
f 1749/2413/1307 2694/2417/1311 2243/2414/1308
f 1805/2416/1310 2695/2419/1313 2243/2414/1308
f 2868/2418/1312 2243/2414/1308 2695/2419/1313
f 1806/2421/1315 2696/2415/1309 2243/2414/1308
f 1750/2422/1316 2697/2426/1320 2244/2423/1317
f 1807/2425/1319 2698/2428/1322 2244/2423/1317
f 2869/2427/1321 2244/2423/1317 2698/2428/1322
f 1808/2430/1324 2699/2424/1318 2244/2423/1317
f 1751/2431/1325 2700/2435/1329 2245/2432/1326
f 1809/2434/1328 2701/2437/1331 2245/2432/1326
f 2870/2436/1330 2245/2432/1326 2701/2437/1331
f 1810/2439/1333 2702/2433/1327 2245/2432/1326
f 1752/2440/1334 2703/2444/1338 2246/2441/1335
f 1811/2443/1337 2704/2446/1340 2246/2441/1335
f 2871/2445/1339 2246/2441/1335 2704/2446/1340
f 1812/2448/1342 2705/2442/1336 2246/2441/1335
f 1753/2449/1343 2706/2453/1347 2247/2450/1344
f 1813/2452/1346 2707/2455/1349 2247/2450/1344
f 2872/2454/1348 2247/2450/1344 2707/2455/1349
f 1814/2457/1351 2708/2451/1345 2247/2450/1344
f 1754/2458/1352 2709/2462/1356 2248/2459/1353
f 1815/2461/1355 2710/2464/1358 2248/2459/1353
f 2873/2463/1357 2248/2459/1353 2710/2464/1358
f 1816/2466/1360 2711/2460/1354 2248/2459/1353
f 1755/2467/1361 2712/2471/1365 2249/2468/1362
f 1817/2470/1364 2713/2473/1367 2249/2468/1362
f 2874/2472/1366 2249/2468/1362 2713/2473/1367
f 1818/2475/1369 2714/2469/1363 2249/2468/1362
f 1756/2476/1370 2715/2480/1374 2250/2477/1371
f 1819/2479/1373 2716/2482/1376 2250/2477/1371
f 2875/2481/1375 2250/2477/1371 2716/2482/1376
f 1820/2484/1378 2717/2478/1372 2250/2477/1371
f 1757/2485/1379 2718/2489/1383 2251/2486/1380
f 1821/2488/1382 2719/2491/1385 2251/2486/1380
f 2876/2490/1384 2251/2486/1380 2719/2491/1385
f 1822/2493/1387 2720/2487/1381 2251/2486/1380
f 1758/2494/1388 2721/2498/1392 2252/2495/1389
f 1823/2497/1391 2722/2500/1394 2252/2495/1389
f 2877/2499/1393 2252/2495/1389 2722/2500/1394
f 1824/2502/1396 2723/2496/1390 2252/2495/1389
f 1759/2503/1397 2724/2507/1401 2253/2504/1398
f 1825/2506/1400 2725/2509/1403 2253/2504/1398
f 2878/2508/1402 2253/2504/1398 2725/2509/1403
f 1826/2511/1405 2726/2505/1399 2253/2504/1398
f 1760/2512/1406 2727/2516/1410 2254/2513/1407
f 1827/2515/1409 2728/2518/1412 2254/2513/1407
f 2879/2517/1411 2254/2513/1407 2728/2518/1412
f 1828/2520/1414 2729/2514/1408 2254/2513/1407
f 1761/2521/1415 2730/2525/1419 2255/2522/1416
f 1829/2524/1418 2731/2527/1421 2255/2522/1416
f 2880/2526/1420 2255/2522/1416 2731/2527/1421
f 1830/2529/1423 2732/2523/1417 2255/2522/1416
f 1762/2530/1424 2733/2534/1428 2256/2531/1425
f 1831/2533/1427 2734/2536/1430 2256/2531/1425
f 2881/2535/1429 2256/2531/1425 2734/2536/1430
f 1832/2538/1432 2735/2532/1426 2256/2531/1425
f 1763/2539/1433 2736/2543/1437 2257/2540/1434
f 1833/2542/1436 2737/2545/1439 2257/2540/1434
f 2882/2544/1438 2257/2540/1434 2737/2545/1439
f 1834/2547/1441 2738/2541/1435 2257/2540/1434
f 1764/2548/1442 2739/2552/1446 2258/2549/1443
f 1835/2551/1445 2740/2554/1448 2258/2549/1443
f 2883/2553/1447 2258/2549/1443 2740/2554/1448
f 1836/2556/1450 2741/2550/1444 2258/2549/1443
f 1765/2557/1451 2742/2561/1455 2259/2558/1452
f 1837/2560/1454 2743/2563/1457 2259/2558/1452
f 2884/2562/1456 2259/2558/1452 2743/2563/1457
f 1838/2565/1459 2744/2559/1453 2259/2558/1452
f 1766/2566/1460 2745/2570/1464 2260/2567/1461
f 1839/2569/1463 2746/2572/1466 2260/2567/1461
f 2885/2571/1465 2260/2567/1461 2746/2572/1466
f 1840/2574/1468 2747/2568/1462 2260/2567/1461
f 1767/2575/1469 2748/2579/1473 2261/2576/1470
f 1841/2578/1472 2749/2581/1475 2261/2576/1470
f 2886/2580/1474 2261/2576/1470 2749/2581/1475
f 1842/2583/1477 2750/2577/1471 2261/2576/1470
f 1768/2584/1478 2751/2588/1482 2262/2585/1479
f 1843/2587/1481 2752/2590/1484 2262/2585/1479
f 2887/2589/1483 2262/2585/1479 2752/2590/1484
f 1844/2592/1486 2753/2586/1480 2262/2585/1479
f 1769/2593/1487 2754/2597/1491 2263/2594/1488
f 1845/2596/1490 2755/2599/1493 2263/2594/1488
f 2888/2598/1492 2263/2594/1488 2755/2599/1493
f 1846/2601/1495 2756/2595/1489 2263/2594/1488
f 1770/2602/1496 2757/2606/1500 2264/2603/1497
f 1847/2605/1499 2758/2608/1502 2264/2603/1497
f 2889/2607/1501 2264/2603/1497 2758/2608/1502
f 1848/2610/1504 2759/2604/1498 2264/2603/1497
f 1771/2611/1505 2760/2615/1509 2265/2612/1506
f 1849/2614/1508 2761/2617/1511 2265/2612/1506
f 2890/2616/1510 2265/2612/1506 2761/2617/1511
f 1850/2619/1513 2762/2613/1507 2265/2612/1506
f 1772/2620/1514 2763/2624/1518 2266/2621/1515
f 1851/2623/1517 2764/2626/1520 2266/2621/1515
f 2891/2625/1519 2266/2621/1515 2764/2626/1520
f 1852/2628/1522 2765/2622/1516 2266/2621/1515
f 1773/2629/1523 2766/2633/1527 2267/2630/1524
f 1853/2632/1526 2767/2635/1529 2267/2630/1524
f 2892/2634/1528 2267/2630/1524 2767/2635/1529
f 1854/2637/1531 2768/2631/1525 2267/2630/1524
f 1774/2638/1532 2769/2642/1536 2268/2639/1533
f 1855/2641/1535 2770/2644/1538 2268/2639/1533
f 2893/2643/1537 2268/2639/1533 2770/2644/1538
f 1856/2646/1540 2771/2640/1534 2268/2639/1533
f 1775/2647/1541 2772/2651/1545 2269/2648/1542
f 1857/2650/1544 2773/2653/1547 2269/2648/1542
f 2894/2652/1546 2269/2648/1542 2773/2653/1547
f 1858/2655/1549 2774/2649/1543 2269/2648/1542
f 1776/2656/1550 2775/2660/1554 2270/2657/1551
f 1859/2659/1553 2776/2662/1556 2270/2657/1551
f 2895/2661/1555 2270/2657/1551 2776/2662/1556
f 1860/2664/1558 2777/2658/1552 2270/2657/1551
f 1777/2665/1559 2778/2669/1563 2271/2666/1560
f 1861/2668/1562 2779/2671/1565 2271/2666/1560
f 2896/2670/1564 2271/2666/1560 2779/2671/1565
f 1862/2673/1567 2780/2667/1561 2271/2666/1560
f 1778/2674/1568 2781/2678/1572 2272/2675/1569
f 1863/2677/1571 2782/2680/1574 2272/2675/1569
f 2897/2679/1573 2272/2675/1569 2782/2680/1574
f 1864/2682/1576 2783/2676/1570 2272/2675/1569
f 1779/2683/1577 2784/2687/1581 2273/2684/1578
f 1865/2686/1580 2785/2689/1583 2273/2684/1578
f 2898/2688/1582 2273/2684/1578 2785/2689/1583
f 1866/2691/1585 2786/2685/1579 2273/2684/1578
f 1780/2692/1586 2787/2696/1590 2274/2693/1587
f 1867/2695/1589 2788/2698/1592 2274/2693/1587
f 2899/2697/1591 2274/2693/1587 2788/2698/1592
f 1868/2700/1594 2789/2694/1588 2274/2693/1587
f 1781/2701/1595 2790/2705/1599 2275/2702/1596
f 1869/2704/1598 2791/2707/1601 2275/2702/1596
f 2900/2706/1600 2275/2702/1596 2791/2707/1601
f 1870/2709/1603 2792/2703/1597 2275/2702/1596
f 1782/2710/1604 2793/2714/1608 2276/2711/1605
f 1871/2713/1607 2794/2716/1610 2276/2711/1605
f 2901/2715/1609 2276/2711/1605 2794/2716/1610
f 1872/2718/1612 2795/2712/1606 2276/2711/1605
f 1783/2719/1613 2796/2723/1617 2277/2720/1614
f 1873/2722/1616 2797/2725/1619 2277/2720/1614
f 2902/2724/1618 2277/2720/1614 2797/2725/1619
f 1874/2727/1621 2798/2721/1615 2277/2720/1614
f 1784/2728/1622 2799/2732/1626 2278/2729/1623
f 1875/2731/1625 2800/2734/1628 2278/2729/1623
f 2903/2733/1627 2278/2729/1623 2800/2734/1628
f 1876/2736/1630 2801/2730/1624 2278/2729/1623
f 1785/2737/1631 2802/2741/1635 2279/2738/1632
f 1877/2740/1634 2803/2743/1637 2279/2738/1632
f 2904/2742/1636 2279/2738/1632 2803/2743/1637
f 1878/2745/1639 2804/2739/1633 2279/2738/1632
f 1786/2746/1640 2805/2750/1644 2280/2747/1641
f 1879/2749/1643 2806/2752/1646 2280/2747/1641
f 2905/2751/1645 2280/2747/1641 2806/2752/1646
f 1880/2754/1648 2807/2748/1642 2280/2747/1641
f 1787/2755/1649 2808/2759/1653 2281/2756/1650
f 1881/2758/1652 2809/2761/1655 2281/2756/1650
f 2906/2760/1654 2281/2756/1650 2809/2761/1655
f 1882/2763/1657 2810/2757/1651 2281/2756/1650
f 1788/2764/1658 2811/2768/1662 2282/2765/1659
f 1883/2767/1661 2812/2770/1664 2282/2765/1659
f 2907/2769/1663 2282/2765/1659 2812/2770/1664
f 1884/2772/1666 2813/2766/1660 2282/2765/1659
f 1789/2773/1667 2814/2777/1671 2283/2774/1668
f 1885/2776/1670 2815/2779/1673 2283/2774/1668
f 2908/2778/1672 2283/2774/1668 2815/2779/1673
f 1886/2781/1675 2816/2775/1669 2283/2774/1668
f 1790/2782/1676 2817/2786/1680 2284/2783/1677
f 1887/2785/1679 2818/2788/1682 2284/2783/1677
f 2909/2787/1681 2284/2783/1677 2818/2788/1682
f 1888/2790/1684 2819/2784/1678 2284/2783/1677
f 1791/2791/1685 2820/2795/1689 2285/2792/1686
f 1889/2794/1688 2821/2797/1691 2285/2792/1686
f 2910/2796/1690 2285/2792/1686 2821/2797/1691
f 1890/2799/1693 2822/2793/1687 2285/2792/1686
f 1792/2800/1694 2823/2804/1698 2286/2801/1695
f 1891/2803/1697 2824/2806/1700 2286/2801/1695
f 2911/2805/1699 2286/2801/1695 2824/2806/1700
f 1892/2808/1702 2825/2802/1696 2286/2801/1695
f 1793/2809/1703 2826/2813/1707 2287/2810/1704
f 1893/2812/1706 2827/2815/1709 2287/2810/1704
f 2912/2814/1708 2287/2810/1704 2827/2815/1709
f 1894/2817/1711 2828/2811/1705 2287/2810/1704
f 1794/2818/1712 2829/2822/1716 2288/2819/1713
f 1895/2821/1715 2830/2824/1718 2288/2819/1713
f 2913/2823/1717 2288/2819/1713 2830/2824/1718
f 1896/2826/1720 2831/2820/1714 2288/2819/1713
f 1795/2827/1721 2832/2831/1725 2289/2828/1722
f 1897/2830/1724 2833/2833/1727 2289/2828/1722
f 2914/2832/1726 2289/2828/1722 2833/2833/1727
f 1898/2835/1729 2834/2829/1723 2289/2828/1722
f 1796/2836/1730 2835/2840/1734 2290/2837/1731
f 1899/2839/1733 2836/2842/1736 2290/2837/1731
f 2915/2841/1735 2290/2837/1731 2836/2842/1736
f 1900/2844/1738 2837/2838/1732 2290/2837/1731
f 2864/2845/1276 2291/2849/1740 2603/2846/1739
f 1901/2848/1278 2916/2851/1741 2291/2849/1740
f 1952/2850/1737 2836/2852/1736 2291/2849/1740
f 2836/2852/1736 1899/2983/1733 2603/2846/1739
f 2890/2616/1510 2292/2854/1743 2630/2853/1742
f 1927/2618/1512 2917/2855/1744 2292/2854/1743
f 1902/2393/1287 2686/2392/1286 2292/2854/1743
f 2686/2392/1286 1799/2389/1283 2630/2853/1742
f 2891/2625/1519 2293/2857/1746 2631/2856/1745
f 1928/2627/1521 2918/2858/1747 2293/2857/1746
f 1903/2402/1296 2689/2401/1295 2293/2857/1746
f 2689/2401/1295 1801/2398/1292 2631/2856/1745
f 2892/2634/1528 2294/2860/1749 2632/2859/1748
f 1929/2636/1530 2919/2861/1750 2294/2860/1749
f 1904/2411/1305 2692/2410/1304 2294/2860/1749
f 2692/2410/1304 1803/2407/1301 2632/2859/1748
f 2893/2643/1537 2295/2863/1752 2633/2862/1751
f 1930/2645/1539 2920/2864/1753 2295/2863/1752
f 1905/2420/1314 2695/2419/1313 2295/2863/1752
f 2695/2419/1313 1805/2416/1310 2633/2862/1751
f 2894/2652/1546 2296/2866/1755 2634/2865/1754
f 1931/2654/1548 2921/2867/1756 2296/2866/1755
f 1906/2429/1323 2698/2428/1322 2296/2866/1755
f 2698/2428/1322 1807/2425/1319 2634/2865/1754
f 2895/2661/1555 2297/2869/1758 2635/2868/1757
f 1932/2663/1557 2922/2870/1759 2297/2869/1758
f 1907/2438/1332 2701/2437/1331 2297/2869/1758
f 2701/2437/1331 1809/2434/1328 2635/2868/1757
f 2896/2670/1564 2298/2872/1761 2636/2871/1760
f 1933/2672/1566 2923/2873/1762 2298/2872/1761
f 1908/2447/1341 2704/2446/1340 2298/2872/1761
f 2704/2446/1340 1811/2443/1337 2636/2871/1760
f 2897/2679/1573 2299/2875/1764 2637/2874/1763
f 1934/2681/1575 2924/2876/1765 2299/2875/1764
f 1909/2456/1350 2707/2455/1349 2299/2875/1764
f 2707/2455/1349 1813/2452/1346 2637/2874/1763
f 2898/2688/1582 2300/2878/1767 2638/2877/1766
f 1935/2690/1584 2925/2879/1768 2300/2878/1767
f 1910/2465/1359 2710/2464/1358 2300/2878/1767
f 2710/2464/1358 1815/2461/1355 2638/2877/1766
f 2899/2697/1591 2301/2881/1770 2639/2880/1769
f 1936/2699/1593 2926/2882/1771 2301/2881/1770
f 1911/2474/1368 2713/2473/1367 2301/2881/1770
f 2713/2473/1367 1817/2470/1364 2639/2880/1769
f 2900/2706/1600 2302/2884/1773 2640/2883/1772
f 1937/2708/1602 2927/2885/1774 2302/2884/1773
f 1912/2483/1377 2716/2482/1376 2302/2884/1773
f 2716/2482/1376 1819/2479/1373 2640/2883/1772
f 2901/2715/1609 2303/2887/1776 2641/2886/1775
f 1938/2717/1611 2928/2888/1777 2303/2887/1776
f 1913/2492/1386 2719/2491/1385 2303/2887/1776
f 2719/2491/1385 1821/2488/1382 2641/2886/1775
f 2902/2724/1618 2304/2890/1779 2642/2889/1778
f 1939/2726/1620 2929/2891/1780 2304/2890/1779
f 1914/2501/1395 2722/2500/1394 2304/2890/1779
f 2722/2500/1394 1823/2497/1391 2642/2889/1778
f 2903/2733/1627 2305/2893/1782 2643/2892/1781
f 1940/2735/1629 2930/2894/1783 2305/2893/1782
f 1915/2510/1404 2725/2509/1403 2305/2893/1782
f 2725/2509/1403 1825/2506/1400 2643/2892/1781
f 2904/2742/1636 2306/2896/1785 2644/2895/1784
f 1941/2744/1638 2931/2897/1786 2306/2896/1785
f 1916/2519/1413 2728/2518/1412 2306/2896/1785
f 2728/2518/1412 1827/2515/1409 2644/2895/1784
f 2905/2751/1645 2307/2899/1788 2645/2898/1787
f 1942/2753/1647 2932/2900/1789 2307/2899/1788
f 1917/2528/1422 2731/2527/1421 2307/2899/1788
f 2731/2527/1421 1829/2524/1418 2645/2898/1787
f 2906/2760/1654 2308/2902/1791 2646/2901/1790
f 1943/2762/1656 2933/2903/1792 2308/2902/1791
f 1918/2537/1431 2734/2536/1430 2308/2902/1791
f 2734/2536/1430 1831/2533/1427 2646/2901/1790
f 2907/2769/1663 2309/2905/1794 2647/2904/1793
f 1944/2771/1665 2934/2906/1795 2309/2905/1794
f 1919/2546/1440 2737/2545/1439 2309/2905/1794
f 2737/2545/1439 1833/2542/1436 2647/2904/1793
f 2908/2778/1672 2310/2908/1797 2648/2907/1796
f 1945/2780/1674 2935/2909/1798 2310/2908/1797
f 1920/2555/1449 2740/2554/1448 2310/2908/1797
f 2740/2554/1448 1835/2551/1445 2648/2907/1796
f 2909/2787/1681 2311/2911/1800 2649/2910/1799
f 1946/2789/1683 2936/2912/1801 2311/2911/1800
f 1921/2564/1458 2743/2563/1457 2311/2911/1800
f 2743/2563/1457 1837/2560/1454 2649/2910/1799
f 2910/2796/1690 2312/2914/1803 2650/2913/1802
f 1947/2798/1692 2937/2915/1804 2312/2914/1803
f 1922/2573/1467 2746/2572/1466 2312/2914/1803
f 2746/2572/1466 1839/2569/1463 2650/2913/1802
f 2911/2805/1699 2313/2917/1806 2651/2916/1805
f 1948/2807/1701 2938/2918/1807 2313/2917/1806
f 1923/2582/1476 2749/2581/1475 2313/2917/1806
f 2749/2581/1475 1841/2578/1472 2651/2916/1805
f 2912/2814/1708 2314/2920/1809 2652/2919/1808
f 1949/2816/1710 2939/2921/1810 2314/2920/1809
f 1924/2591/1485 2752/2590/1484 2314/2920/1809
f 2752/2590/1484 1843/2587/1481 2652/2919/1808
f 2913/2823/1717 2315/2923/1812 2653/2922/1811
f 1950/2825/1719 2940/2924/1813 2315/2923/1812
f 1925/2600/1494 2755/2599/1493 2315/2923/1812
f 2755/2599/1493 1845/2596/1490 2653/2922/1811
f 2914/2832/1726 2316/2926/1815 2654/2925/1814
f 1951/2834/1728 2941/2927/1816 2316/2926/1815
f 1926/2609/1503 2758/2608/1502 2316/2926/1815
f 2758/2608/1502 1847/2605/1499 2654/2925/1814
f 1901/2384/1278 2683/2383/1277 2317/2928/1817
f 2683/2383/1277 1797/2380/1274 2838/2930/1819
f 2915/2841/1735 2317/2928/1817 2838/2930/1819
f 1952/2843/1737 2916/2929/1818 2317/2928/1817
f 1927/2618/1512 2761/2617/1511 2318/2931/1820
f 2761/2617/1511 1849/2614/1508 2839/2932/1822
f 2865/2391/1285 2318/2931/1820 2839/2932/1822
f 1902/2393/1287 2917/2855/1821 2318/2931/1820
f 1928/2627/1521 2764/2626/1520 2319/2933/1823
f 2764/2626/1520 1851/2623/1517 2840/2934/1825
f 2866/2400/1294 2319/2933/1823 2840/2934/1825
f 1903/2402/1296 2918/2858/1824 2319/2933/1823
f 1929/2636/1530 2767/2635/1529 2320/2935/1826
f 2767/2635/1529 1853/2632/1526 2841/2936/1828
f 2867/2409/1303 2320/2935/1826 2841/2936/1828
f 1904/2411/1305 2919/2861/1827 2320/2935/1826
f 1930/2645/1539 2770/2644/1538 2321/2937/1829
f 2770/2644/1538 1855/2641/1535 2842/2938/1831
f 2868/2418/1312 2321/2937/1829 2842/2938/1831
f 1905/2420/1314 2920/2864/1830 2321/2937/1829
f 1931/2654/1548 2773/2653/1547 2322/2939/1832
f 2773/2653/1547 1857/2650/1544 2843/2940/1834
f 2869/2427/1321 2322/2939/1832 2843/2940/1834
f 1906/2429/1323 2921/2867/1833 2322/2939/1832
f 1932/2663/1557 2776/2662/1556 2323/2941/1835
f 2776/2662/1556 1859/2659/1553 2844/2942/1837
f 2870/2436/1330 2323/2941/1835 2844/2942/1837
f 1907/2438/1332 2922/2870/1836 2323/2941/1835
f 1933/2672/1566 2779/2671/1565 2324/2943/1838
f 2779/2671/1565 1861/2668/1562 2845/2944/1840
f 2871/2445/1339 2324/2943/1838 2845/2944/1840
f 1908/2447/1341 2923/2873/1839 2324/2943/1838
f 1934/2681/1575 2782/2680/1574 2325/2945/1841
f 2782/2680/1574 1863/2677/1571 2846/2946/1843
f 2872/2454/1348 2325/2945/1841 2846/2946/1843
f 1909/2456/1350 2924/2876/1842 2325/2945/1841
f 1935/2690/1584 2785/2689/1583 2326/2947/1844
f 2785/2689/1583 1865/2686/1580 2847/2948/1846
f 2873/2463/1357 2326/2947/1844 2847/2948/1846
f 1910/2465/1359 2925/2879/1845 2326/2947/1844
f 1936/2699/1593 2788/2698/1592 2327/2949/1847
f 2788/2698/1592 1867/2695/1589 2848/2950/1849
f 2874/2472/1366 2327/2949/1847 2848/2950/1849
f 1911/2474/1368 2926/2882/1848 2327/2949/1847
f 1937/2708/1602 2791/2707/1601 2328/2951/1850
f 2791/2707/1601 1869/2704/1598 2849/2952/1852
f 2875/2481/1375 2328/2951/1850 2849/2952/1852
f 1912/2483/1377 2927/2885/1851 2328/2951/1850
f 1938/2717/1611 2794/2716/1610 2329/2953/1853
f 2794/2716/1610 1871/2713/1607 2850/2954/1855
f 2876/2490/1384 2329/2953/1853 2850/2954/1855
f 1913/2492/1386 2928/2888/1854 2329/2953/1853
f 1939/2726/1620 2797/2725/1619 2330/2955/1856
f 2797/2725/1619 1873/2722/1616 2851/2956/1858
f 2877/2499/1393 2330/2955/1856 2851/2956/1858
f 1914/2501/1395 2929/2891/1857 2330/2955/1856
f 1940/2735/1629 2800/2734/1628 2331/2957/1859
f 2800/2734/1628 1875/2731/1625 2852/2958/1861
f 2878/2508/1402 2331/2957/1859 2852/2958/1861
f 1915/2510/1404 2930/2894/1860 2331/2957/1859
f 1941/2744/1638 2803/2743/1637 2332/2959/1862
f 2803/2743/1637 1877/2740/1634 2853/2960/1864
f 2879/2517/1411 2332/2959/1862 2853/2960/1864
f 1916/2519/1413 2931/2897/1863 2332/2959/1862
f 1942/2753/1647 2806/2752/1646 2333/2961/1865
f 2806/2752/1646 1879/2749/1643 2854/2962/1867
f 2880/2526/1420 2333/2961/1865 2854/2962/1867
f 1917/2528/1422 2932/2900/1866 2333/2961/1865
f 1943/2762/1656 2809/2761/1655 2334/2963/1868
f 2809/2761/1655 1881/2758/1652 2855/2964/1870
f 2881/2535/1429 2334/2963/1868 2855/2964/1870
f 1918/2537/1431 2933/2903/1869 2334/2963/1868
f 1944/2771/1665 2812/2770/1664 2335/2965/1871
f 2812/2770/1664 1883/2767/1661 2856/2966/1873
f 2882/2544/1438 2335/2965/1871 2856/2966/1873
f 1919/2546/1440 2934/2906/1872 2335/2965/1871
f 1945/2780/1674 2815/2779/1673 2336/2967/1874
f 2815/2779/1673 1885/2776/1670 2857/2968/1876
f 2883/2553/1447 2336/2967/1874 2857/2968/1876
f 1920/2555/1449 2935/2909/1875 2336/2967/1874
f 1946/2789/1683 2818/2788/1682 2337/2969/1877
f 2818/2788/1682 1887/2785/1679 2858/2970/1879
f 2884/2562/1456 2337/2969/1877 2858/2970/1879
f 1921/2564/1458 2936/2912/1878 2337/2969/1877
f 1947/2798/1692 2821/2797/1691 2338/2971/1880
f 2821/2797/1691 1889/2794/1688 2859/2972/1882
f 2885/2571/1465 2338/2971/1880 2859/2972/1882
f 1922/2573/1467 2937/2915/1881 2338/2971/1880
f 1948/2807/1701 2824/2806/1700 2339/2973/1883
f 2824/2806/1700 1891/2803/1697 2860/2974/1885
f 2886/2580/1474 2339/2973/1883 2860/2974/1885
f 1923/2582/1476 2938/2918/1884 2339/2973/1883
f 1949/2816/1710 2827/2815/1709 2340/2975/1886
f 2827/2815/1709 1893/2812/1706 2861/2976/1888
f 2887/2589/1483 2340/2975/1886 2861/2976/1888
f 1924/2591/1485 2939/2921/1887 2340/2975/1886
f 1950/2825/1719 2830/2824/1718 2341/2977/1889
f 2830/2824/1718 1895/2821/1715 2862/2978/1891
f 2888/2598/1492 2341/2977/1889 2862/2978/1891
f 1925/2600/1494 2940/2924/1890 2341/2977/1889
f 1951/2834/1728 2833/2833/1727 2342/2979/1892
f 2833/2833/1727 1897/2830/1724 2863/2980/1894
f 2889/2607/1501 2342/2979/1892 2863/2980/1894
f 1926/2609/1503 2941/2927/1893 2342/2979/1892
f 1798/2847/1279 2603/2846/1739 2343/2981/1895
f 1899/2983/1733 3099/2984/1897 2343/2981/1895
f 2942/2086/1214 2343/2981/1895 3099/2984/1897
f 1953/1930/1214 3098/2982/1896 2343/2981/1895
f 2835/2985/1734 2344/2987/1898 3099/2984/1897
f 1796/2986/1730 3100/2988/1899 2344/2987/1898
f 2943/2242/1214 2344/2987/1898 3100/2988/1899
f 1954/2087/1214 3099/2984/1897 2344/2987/1898
f 1796/2836/1730 2837/2838/1732 2345/2989/1900
f 2837/2838/1732 1900/2844/1738 3101/2991/1901
f 1956/2239/1214 2944/2376/1214 2345/2989/1900
f 2944/2376/1214 1955/2375/1214 3100/2990/1899
f 1900/2844/1738 2838/2930/1819 2346/2992/1902
f 1797/2380/1274 3102/2993/1903 2346/2992/1902
f 1957/2083/1214 2945/2241/1214 2346/2992/1902
f 2945/2241/1214 1956/2239/1214 3101/2991/1901
f 2682/2381/1275 2347/2994/1904 3102/2993/1903
f 1742/2377/1271 3103/1927/1905 2347/2994/1904
f 1958/1927/1099 2946/2079/1214 2347/2994/1904
f 2946/2079/1214 1957/2083/1214 3102/2993/1903
f 1742/2995/1271 2684/2997/1273 2348/2996/1906
f 2684/2997/1273 1798/2847/1279 3098/2982/1896
f 2947/1929/1214 2348/2996/1906 3098/2982/1896
f 1958/1776/1099 3103/1776/1905 2348/2996/1906
f 1850/2619/1513 2630/2853/1742 2349/2998/1907
f 1799/2389/1283 3105/3000/1909 2349/2998/1907
f 1960/1932/1214 2948/2091/1214 2349/2998/1907
f 2948/2091/1214 1959/2089/1214 3104/2999/1908
f 2685/2390/1284 2350/3001/1910 3105/3000/1909
f 1746/2386/1280 3106/3002/1911 2350/3001/1910
f 1961/1777/1099 2949/1934/1214 2350/3001/1910
f 2949/1934/1214 1960/1932/1214 3105/3000/1909
f 1746/2386/1280 2687/2388/1282 2351/3003/1912
f 2687/2388/1282 1800/2394/1288 3107/3004/1913
f 2950/1935/1214 2351/3003/1912 3107/3004/1913
f 1961/1777/1099 3106/3002/1911 2351/3003/1912
f 1800/2394/1288 2839/2932/1822 2352/3005/1914
f 1849/2614/1508 3108/3006/1915 2352/3005/1914
f 2951/2092/1214 2352/3005/1914 3108/3006/1915
f 1962/1936/1214 3107/3004/1913 2352/3005/1914
f 2760/2615/1509 2353/3007/1916 3108/3006/1915
f 1771/2611/1505 3109/3008/1917 2353/3007/1916
f 2952/2250/1214 2353/3007/1916 3109/3008/1917
f 1963/2093/1214 3108/3006/1915 2353/3007/1916
f 1771/2611/1505 2762/2613/1507 2354/3009/1918
f 2762/2613/1507 1850/2619/1513 3104/2999/1908
f 1959/2089/1214 2953/2249/1214 2354/3009/1918
f 2953/2249/1214 1964/2248/1214 3109/3008/1917
f 1852/2628/1522 2631/2856/1745 2355/3010/1919
f 1801/2398/1292 3111/3012/1921 2355/3010/1919
f 1966/1938/1214 2954/2097/1214 2355/3010/1919
f 2954/2097/1214 1965/2095/1214 3110/3011/1920
f 2688/2399/1293 2356/3013/1922 3111/3012/1921
f 1747/2395/1289 3112/3014/1923 2356/3013/1922
f 1967/1783/1104 2955/1940/1214 2356/3013/1922
f 2955/1940/1214 1966/1938/1214 3111/3012/1921
f 1747/2395/1289 2690/2397/1291 2357/3015/1924
f 2690/2397/1291 1802/2403/1297 3113/3016/1925
f 2956/1941/1214 2357/3015/1924 3113/3016/1925
f 1967/1783/1104 3112/3014/1923 2357/3015/1924
f 1802/2403/1297 2840/2934/1825 2358/3017/1926
f 1851/2623/1517 3114/3018/1927 2358/3017/1926
f 2957/2098/1215 2358/3017/1926 3114/3018/1927
f 1968/1942/1214 3113/3016/1925 2358/3017/1926
f 2763/2624/1518 2359/3019/1928 3114/3018/1927
f 1772/2620/1514 3115/3020/1929 2359/3019/1928
f 2958/2255/1214 2359/3019/1928 3115/3020/1929
f 1969/2099/1215 3114/3018/1927 2359/3019/1928
f 1772/2620/1514 2765/2622/1516 2360/3021/1930
f 2765/2622/1516 1852/2628/1522 3110/3011/1920
f 1965/2095/1214 2959/2254/1214 2360/3021/1930
f 2959/2254/1214 1970/2253/1214 3115/3020/1929
f 1854/2637/1531 2632/2859/1748 2361/3022/1931
f 1803/2407/1301 3117/3024/1933 2361/3022/1931
f 1972/1944/1214 2960/2103/1215 2361/3022/1931
f 2960/2103/1215 1971/2101/1214 3116/3023/1932
f 2691/2408/1302 2362/3025/1934 3117/3024/1933
f 1748/2404/1298 3118/3026/1935 2362/3025/1934
f 1973/1789/1104 2961/1946/1214 2362/3025/1934
f 2961/1946/1214 1972/1944/1214 3117/3024/1933
f 1748/2404/1298 2693/2406/1300 2363/3027/1936
f 2693/2406/1300 1804/2412/1306 3119/3028/1937
f 2962/1947/1114 2363/3027/1936 3119/3028/1937
f 1973/1789/1104 3118/3026/1935 2363/3027/1936
f 1804/2412/1306 2841/2936/1828 2364/3029/1938
f 1853/2632/1526 3120/3030/1939 2364/3029/1938
f 2963/2104/1215 2364/3029/1938 3120/3030/1939
f 1974/1948/1215 3119/3028/1937 2364/3029/1938
f 2766/2633/1527 2365/3031/1940 3120/3030/1939
f 1773/2629/1523 3121/3032/1941 2365/3031/1940
f 2964/2260/1215 2365/3031/1940 3121/3032/1941
f 1975/2105/1216 3120/3030/1939 2365/3031/1940
f 1773/2629/1523 2768/2631/1525 2366/3033/1942
f 2768/2631/1525 1854/2637/1531 3116/3023/1932
f 1971/2101/1214 2965/2259/1215 2366/3033/1942
f 2965/2259/1215 1976/2258/1214 3121/3032/1941
f 1856/2646/1540 2633/2862/1751 2367/3034/1943
f 1805/2416/1310 3123/3036/1945 2367/3034/1943
f 1978/1950/1215 2966/2109/1215 2367/3034/1943
f 2966/2109/1215 1977/2107/1214 3122/3035/1944
f 2694/2417/1311 2368/3037/1946 3123/3036/1945
f 1749/2413/1307 3124/3038/1947 2368/3037/1946
f 1979/1795/1113 2967/1952/1114 2368/3037/1946
f 2967/1952/1114 1978/1950/1215 3123/3036/1945
f 1749/2413/1307 2696/2415/1309 2369/3039/1948
f 2696/2415/1309 1806/2421/1315 3125/3040/1949
f 2968/1953/1216 2369/3039/1948 3125/3040/1949
f 1979/1795/1113 3124/3038/1947 2369/3039/1948
f 1806/2421/1315 2842/2938/1831 2370/3041/1950
f 1855/2641/1535 3126/3042/1951 2370/3041/1950
f 2969/2110/1216 2370/3041/1950 3126/3042/1951
f 1980/1954/1216 3125/3040/1949 2370/3041/1950
f 2769/2642/1536 2371/3043/1952 3126/3042/1951
f 1774/2638/1532 3127/3044/1953 2371/3043/1952
f 2970/2265/1216 2371/3043/1952 3127/3044/1953
f 1981/2111/1216 3126/3042/1951 2371/3043/1952
f 1774/2638/1532 2771/2640/1534 2372/3045/1954
f 2771/2640/1534 1856/2646/1540 3122/3035/1944
f 1977/2107/1214 2971/2264/1215 2372/3045/1954
f 2971/2264/1215 1982/2263/1216 3127/3044/1953
f 1858/2655/1549 2634/2865/1754 2373/3046/1955
f 1807/2425/1319 3129/3048/1957 2373/3046/1955
f 1984/1956/1216 2972/2115/1216 2373/3046/1955
f 2972/2115/1216 1983/2113/1214 3128/3047/1956
f 2697/2426/1320 2374/3049/1958 3129/3048/1957
f 1750/2422/1316 3130/3050/1959 2374/3049/1958
f 1985/1801/1113 2973/1958/1216 2374/3049/1958
f 2973/1958/1216 1984/1956/1216 3129/3048/1957
f 1750/2422/1316 2699/2424/1318 2375/3051/1960
f 2699/2424/1318 1808/2430/1324 3131/3052/1961
f 2974/1959/1216 2375/3051/1960 3131/3052/1961
f 1985/1801/1113 3130/3050/1959 2375/3051/1960
f 1808/2430/1324 2843/2940/1834 2376/3053/1962
f 1857/2650/1544 3132/3054/1963 2376/3053/1962
f 2975/2116/1216 2376/3053/1962 3132/3054/1963
f 1986/1960/1216 3131/3052/1961 2376/3053/1962
f 2772/2651/1545 2377/3055/1964 3132/3054/1963
f 1775/2647/1541 3133/3056/1965 2377/3055/1964
f 2976/2270/1216 2377/3055/1964 3133/3056/1965
f 1987/2117/1216 3132/3054/1963 2377/3055/1964
f 1775/2647/1541 2774/2649/1543 2378/3057/1966
f 2774/2649/1543 1858/2655/1549 3128/3047/1956
f 1983/2113/1214 2977/2269/1114 2378/3057/1966
f 2977/2269/1114 1988/2268/1216 3133/3056/1965
f 1860/2664/1558 2635/2868/1757 2379/3058/1967
f 1809/2434/1328 3135/3060/1969 2379/3058/1967
f 1990/1962/1216 2978/2121/1216 2379/3058/1967
f 2978/2121/1216 1989/2119/1216 3134/3059/1968
f 2700/2435/1329 2380/3061/1970 3135/3060/1969
f 1751/2431/1325 3136/3062/1971 2380/3061/1970
f 1991/1807/1123 2979/1964/1216 2380/3061/1970
f 2979/1964/1216 1990/1962/1216 3135/3060/1969
f 1751/2431/1325 2702/2433/1327 2381/3063/1972
f 2702/2433/1327 1810/2439/1333 3137/3064/1973
f 2980/1965/1216 2381/3063/1972 3137/3064/1973
f 1991/1807/1123 3136/3062/1971 2381/3063/1972
f 1810/2439/1333 2844/2942/1837 2382/3065/1974
f 1859/2659/1553 3138/3066/1975 2382/3065/1974
f 2981/2122/1216 2382/3065/1974 3138/3066/1975
f 1992/1966/1216 3137/3064/1973 2382/3065/1974
f 2775/2660/1554 2383/3067/1976 3138/3066/1975
f 1776/2656/1550 3139/3068/1977 2383/3067/1976
f 2982/2275/1216 2383/3067/1976 3139/3068/1977
f 1993/2123/1216 3138/3066/1975 2383/3067/1976
f 1776/2656/1550 2777/2658/1552 2384/3069/1978
f 2777/2658/1552 1860/2664/1558 3134/3059/1968
f 1989/2119/1216 2983/2274/1216 2384/3069/1978
f 2983/2274/1216 1994/2273/1216 3139/3068/1977
f 1862/2673/1567 2636/2871/1760 2385/3070/1979
f 1811/2443/1337 3141/3072/1981 2385/3070/1979
f 1996/1968/1216 2984/2127/1216 2385/3070/1979
f 2984/2127/1216 1995/2125/1216 3140/3071/1980
f 2703/2444/1338 2386/3073/1982 3141/3072/1981
f 1752/2440/1334 3142/3074/1983 2386/3073/1982
f 1997/1813/1123 2985/1970/1216 2386/3073/1982
f 2985/1970/1216 1996/1968/1216 3141/3072/1981
f 1752/2440/1334 2705/2442/1336 2387/3075/1984
f 2705/2442/1336 1812/2448/1342 3143/3076/1985
f 2986/1971/1216 2387/3075/1984 3143/3076/1985
f 1997/1813/1123 3142/3074/1983 2387/3075/1984
f 1812/2448/1342 2845/2944/1840 2388/3077/1986
f 1861/2668/1562 3144/3078/1987 2388/3077/1986
f 2987/2128/1216 2388/3077/1986 3144/3078/1987
f 1998/1972/1216 3143/3076/1985 2388/3077/1986
f 2778/2669/1563 2389/3079/1988 3144/3078/1987
f 1777/2665/1559 3145/3080/1989 2389/3079/1988
f 2988/2280/1216 2389/3079/1988 3145/3080/1989
f 1999/2129/1216 3144/3078/1987 2389/3079/1988
f 1777/2665/1559 2780/2667/1561 2390/3081/1990
f 2780/2667/1561 1862/2673/1567 3140/3071/1980
f 1995/2125/1216 2989/2279/1216 2390/3081/1990
f 2989/2279/1216 2000/2278/1216 3145/3080/1989
f 1864/2682/1576 2637/2874/1763 2391/3082/1991
f 1813/2452/1346 3147/3084/1993 2391/3082/1991
f 2002/1974/1216 2990/2133/1216 2391/3082/1991
f 2990/2133/1216 2001/2131/1216 3146/3083/1992
f 2706/2453/1347 2392/3085/1994 3147/3084/1993
f 1753/2449/1343 3148/3086/1995 2392/3085/1994
f 2003/1819/1132 2991/1976/1216 2392/3085/1994
f 2991/1976/1216 2002/1974/1216 3147/3084/1993
f 1753/2449/1343 2708/2451/1345 2393/3087/1996
f 2708/2451/1345 1814/2457/1351 3149/3088/1997
f 2992/1977/1216 2393/3087/1996 3149/3088/1997
f 2003/1819/1132 3148/3086/1995 2393/3087/1996
f 1814/2457/1351 2846/2946/1843 2394/3089/1998
f 1863/2677/1571 3150/3090/1999 2394/3089/1998
f 2993/2134/1216 2394/3089/1998 3150/3090/1999
f 2004/1978/1216 3149/3088/1997 2394/3089/1998
f 2781/2678/1572 2395/3091/2000 3150/3090/1999
f 1778/2674/1568 3151/3092/2001 2395/3091/2000
f 2994/2285/1215 2395/3091/2000 3151/3092/2001
f 2005/2135/1215 3150/3090/1999 2395/3091/2000
f 1778/2674/1568 2783/2676/1570 2396/3093/2002
f 2783/2676/1570 1864/2682/1576 3146/3083/1992
f 2001/2131/1216 2995/2284/1216 2396/3093/2002
f 2995/2284/1216 2006/2283/1216 3151/3092/2001
f 1866/2691/1585 2638/2877/1766 2397/3094/2003
f 1815/2461/1355 3153/3096/2005 2397/3094/2003
f 2008/1980/1216 2996/2139/1216 2397/3094/2003
f 2996/2139/1216 2007/2137/1216 3152/3095/2004
f 2709/2462/1356 2398/3097/2006 3153/3096/2005
f 1754/2458/1352 3154/3098/2007 2398/3097/2006
f 2009/1825/1132 2997/1982/1216 2398/3097/2006
f 2997/1982/1216 2008/1980/1216 3153/3096/2005
f 1754/2458/1352 2711/2460/1354 2399/3099/2008
f 2711/2460/1354 1816/2466/1360 3155/3100/2009
f 2998/1983/1142 2399/3099/2008 3155/3100/2009
f 2009/1825/1132 3154/3098/2007 2399/3099/2008
f 1816/2466/1360 2847/2948/1846 2400/3101/2010
f 1865/2686/1580 3156/3102/2011 2400/3101/2010
f 2999/2140/1215 2400/3101/2010 3156/3102/2011
f 2010/1984/1215 3155/3100/2009 2400/3101/2010
f 2784/2687/1581 2401/3103/2012 3156/3102/2011
f 1779/2683/1577 3157/3104/2013 2401/3103/2012
f 3000/2290/1215 2401/3103/2012 3157/3104/2013
f 2011/2141/1217 3156/3102/2011 2401/3103/2012
f 1779/2683/1577 2786/2685/1579 2402/3105/2014
f 2786/2685/1579 1866/2691/1585 3152/3095/2004
f 2007/2137/1216 3001/2289/1216 2402/3105/2014
f 3001/2289/1216 2012/2288/1216 3157/3104/2013
f 1868/2700/1594 2639/2880/1769 2403/3106/2015
f 1817/2470/1364 3159/3108/2017 2403/3106/2015
f 2014/1986/1215 3002/2145/1215 2403/3106/2015
f 3002/2145/1215 2013/2143/1216 3158/3107/2016
f 2712/2471/1365 2404/3109/2018 3159/3108/2017
f 1755/2467/1361 3160/3110/2019 2404/3109/2018
f 2015/1831/1141 3003/1988/1142 2404/3109/2018
f 3003/1988/1142 2014/1986/1215 3159/3108/2017
f 1755/2467/1361 2714/2469/1363 2405/3111/2020
f 2714/2469/1363 1818/2475/1369 3161/3112/2021
f 3004/1989/1217 2405/3111/2020 3161/3112/2021
f 2015/1831/1141 3160/3110/2019 2405/3111/2020
f 1818/2475/1369 2848/2950/1849 2406/3113/2022
f 1867/2695/1589 3162/3114/2023 2406/3113/2022
f 3005/2146/1215 2406/3113/2022 3162/3114/2023
f 2016/1990/1217 3161/3112/2021 2406/3113/2022
f 2787/2696/1590 2407/3115/2024 3162/3114/2023
f 1780/2692/1586 3163/3116/2025 2407/3115/2024
f 3006/2295/1215 2407/3115/2024 3163/3116/2025
f 2017/2147/1217 3162/3114/2023 2407/3115/2024
f 1780/2692/1586 2789/2694/1588 2408/3117/2026
f 2789/2694/1588 1868/2700/1594 3158/3107/2016
f 2013/2143/1216 3007/2294/1215 2408/3117/2026
f 3007/2294/1215 2018/2293/1217 3163/3116/2025
f 1870/2709/1603 2640/2883/1772 2409/3118/2027
f 1819/2479/1373 3165/3120/2029 2409/3118/2027
f 2020/1992/1217 3008/2151/1217 2409/3118/2027
f 3008/2151/1217 2019/2149/1216 3164/3119/2028
f 2715/2480/1374 2410/3121/2030 3165/3120/2029
f 1756/2476/1370 3166/3122/2031 2410/3121/2030
f 2021/1837/1141 3009/1994/1217 2410/3121/2030
f 3009/1994/1217 2020/1992/1217 3165/3120/2029
f 1756/2476/1370 2717/2478/1372 2411/3123/2032
f 2717/2478/1372 1820/2484/1378 3167/3124/2033
f 3010/1995/1217 2411/3123/2032 3167/3124/2033
f 2021/1837/1141 3166/3122/2031 2411/3123/2032
f 1820/2484/1378 2849/2952/1852 2412/3125/2034
f 1869/2704/1598 3168/3126/2035 2412/3125/2034
f 3011/2152/1217 2412/3125/2034 3168/3126/2035
f 2022/1996/1217 3167/3124/2033 2412/3125/2034
f 2790/2705/1599 2413/3127/2036 3168/3126/2035
f 1781/2701/1595 3169/3128/2037 2413/3127/2036
f 3012/2300/1217 2413/3127/2036 3169/3128/2037
f 2023/2153/1217 3168/3126/2035 2413/3127/2036
f 1781/2701/1595 2792/2703/1597 2414/3129/2038
f 2792/2703/1597 1870/2709/1603 3164/3119/2028
f 2019/2149/1216 3013/2299/1217 2414/3129/2038
f 3013/2299/1217 2024/2298/1217 3169/3128/2037
f 1872/2718/1612 2641/2886/1775 2415/3130/2039
f 1821/2488/1382 3171/3132/2041 2415/3130/2039
f 2026/1998/1217 3014/2157/1217 2415/3130/2039
f 3014/2157/1217 2025/2155/1215 3170/3131/2040
f 2718/2489/1383 2416/3133/2042 3171/3132/2041
f 1757/2485/1379 3172/3134/2043 2416/3133/2042
f 2027/1843/1151 3015/2000/1217 2416/3133/2042
f 3015/2000/1217 2026/1998/1217 3171/3132/2041
f 1757/2485/1379 2720/2487/1381 2417/3135/2044
f 2720/2487/1381 1822/2493/1387 3173/3136/2045
f 3016/2001/1217 2417/3135/2044 3173/3136/2045
f 2027/1843/1151 3172/3134/2043 2417/3135/2044
f 1822/2493/1387 2850/2954/1855 2418/3137/2046
f 1871/2713/1607 3174/3138/2047 2418/3137/2046
f 3017/2158/1217 2418/3137/2046 3174/3138/2047
f 2028/2002/1217 3173/3136/2045 2418/3137/2046
f 2793/2714/1608 2419/3139/2048 3174/3138/2047
f 1782/2710/1604 3175/3140/2049 2419/3139/2048
f 3018/2305/1217 2419/3139/2048 3175/3140/2049
f 2029/2159/1217 3174/3138/2047 2419/3139/2048
f 1782/2710/1604 2795/2712/1606 2420/3141/2050
f 2795/2712/1606 1872/2718/1612 3170/3131/2040
f 2025/2155/1215 3019/2304/1217 2420/3141/2050
f 3019/2304/1217 2030/2303/1217 3175/3140/2049
f 1874/2727/1621 2642/2889/1778 2421/3142/2051
f 1823/2497/1391 3177/3144/2053 2421/3142/2051
f 2032/2004/1217 3020/2163/1217 2421/3142/2051
f 3020/2163/1217 2031/2161/1217 3176/3143/2052
f 2721/2498/1392 2422/3145/2054 3177/3144/2053
f 1758/2494/1388 3178/3146/2055 2422/3145/2054
f 2033/1849/1151 3021/2006/1217 2422/3145/2054
f 3021/2006/1217 2032/2004/1217 3177/3144/2053
f 1758/2494/1388 2723/2496/1390 2423/3147/2056
f 2723/2496/1390 1824/2502/1396 3179/3148/2057
f 3022/2007/1217 2423/3147/2056 3179/3148/2057
f 2033/1849/1151 3178/3146/2055 2423/3147/2056
f 1824/2502/1396 2851/2956/1858 2424/3149/2058
f 1873/2722/1616 3180/3150/2059 2424/3149/2058
f 3023/2164/1217 2424/3149/2058 3180/3150/2059
f 2034/2008/1217 3179/3148/2057 2424/3149/2058
f 2796/2723/1617 2425/3151/2060 3180/3150/2059
f 1783/2719/1613 3181/3152/2061 2425/3151/2060
f 3024/2310/1217 2425/3151/2060 3181/3152/2061
f 2035/2165/1217 3180/3150/2059 2425/3151/2060
f 1783/2719/1613 2798/2721/1615 2426/3153/2062
f 2798/2721/1615 1874/2727/1621 3176/3143/2052
f 2031/2161/1217 3025/2309/1217 2426/3153/2062
f 3025/2309/1217 2036/2308/1217 3181/3152/2061
f 1876/2736/1630 2643/2892/1781 2427/3154/2063
f 1825/2506/1400 3183/3156/2065 2427/3154/2063
f 2038/2010/1217 3026/2169/1217 2427/3154/2063
f 3026/2169/1217 2037/2167/1217 3182/3155/2064
f 2724/2507/1401 2428/3157/2066 3183/3156/2065
f 1759/2503/1397 3184/3158/2067 2428/3157/2066
f 2039/1855/1151 3027/2012/1217 2428/3157/2066
f 3027/2012/1217 2038/2010/1217 3183/3156/2065
f 1759/2503/1397 2726/2505/1399 2429/3159/2068
f 2726/2505/1399 1826/2511/1405 3185/3160/2069
f 3028/2013/1217 2429/3159/2068 3185/3160/2069
f 2039/1855/1151 3184/3158/2067 2429/3159/2068
f 1826/2511/1405 2852/2958/1861 2430/3161/2070
f 1875/2731/1625 3186/3162/2071 2430/3161/2070
f 3029/2170/1217 2430/3161/2070 3186/3162/2071
f 2040/2014/1217 3185/3160/2069 2430/3161/2070
f 2799/2732/1626 2431/3163/2072 3186/3162/2071
f 1784/2728/1622 3187/3164/2073 2431/3163/2072
f 3030/2315/1215 2431/3163/2072 3187/3164/2073
f 2041/2171/1217 3186/3162/2071 2431/3163/2072
f 1784/2728/1622 2801/2730/1624 2432/3165/2074
f 2801/2730/1624 1876/2736/1630 3182/3155/2064
f 2037/2167/1217 3031/2314/1217 2432/3165/2074
f 3031/2314/1217 2042/2313/1217 3187/3164/2073
f 1878/2745/1639 2644/2895/1784 2433/3166/2075
f 1827/2515/1409 3189/3168/2077 2433/3166/2075
f 2044/2016/1217 3032/2175/1217 2433/3166/2075
f 3032/2175/1217 2043/2173/1217 3188/3167/2076
f 2727/2516/1410 2434/3169/2078 3189/3168/2077
f 1760/2512/1406 3190/3170/2079 2434/3169/2078
f 2045/1861/1164 3033/2018/1217 2434/3169/2078
f 3033/2018/1217 2044/2016/1217 3189/3168/2077
f 1760/2512/1406 2729/2514/1408 2435/3171/2080
f 2729/2514/1408 1828/2520/1414 3191/3172/2081
f 3034/2019/1217 2435/3171/2080 3191/3172/2081
f 2045/1861/1164 3190/3170/2079 2435/3171/2080
f 1828/2520/1414 2853/2960/1864 2436/3173/2082
f 1877/2740/1634 3192/3174/2083 2436/3173/2082
f 3035/2176/1217 2436/3173/2082 3192/3174/2083
f 2046/2020/1217 3191/3172/2081 2436/3173/2082
f 2802/2741/1635 2437/3175/2084 3192/3174/2083
f 1785/2737/1631 3193/3176/2085 2437/3175/2084
f 3036/2320/1215 2437/3175/2084 3193/3176/2085
f 2047/2177/1218 3192/3174/2083 2437/3175/2084
f 1785/2737/1631 2804/2739/1633 2438/3177/2086
f 2804/2739/1633 1878/2745/1639 3188/3167/2076
f 2043/2173/1217 3037/2319/1217 2438/3177/2086
f 3037/2319/1217 2048/2318/1217 3193/3176/2085
f 1880/2754/1648 2645/2898/1787 2439/3178/2087
f 1829/2524/1418 3195/3180/2089 2439/3178/2087
f 2050/2022/1215 3038/2181/1215 2439/3178/2087
f 3038/2181/1215 2049/2179/1217 3194/3179/2088
f 2730/2525/1419 2440/3181/2090 3195/3180/2089
f 1761/2521/1415 3196/3182/2091 2440/3181/2090
f 2051/1867/1164 3039/2024/1217 2440/3181/2090
f 3039/2024/1217 2050/2022/1215 3195/3180/2089
f 1761/2521/1415 2732/2523/1417 2441/3183/2092
f 2732/2523/1417 1830/2529/1423 3197/3184/2093
f 3040/2025/1169 2441/3183/2092 3197/3184/2093
f 2051/1867/1164 3196/3182/2091 2441/3183/2092
f 1830/2529/1423 2854/2962/1867 2442/3185/2094
f 1879/2749/1643 3198/3186/2095 2442/3185/2094
f 3041/2182/1217 2442/3185/2094 3198/3186/2095
f 2052/2026/1215 3197/3184/2093 2442/3185/2094
f 2805/2750/1644 2443/3187/2096 3198/3186/2095
f 1786/2746/1640 3199/3188/2097 2443/3187/2096
f 3042/2325/1215 2443/3187/2096 3199/3188/2097
f 2053/2183/1218 3198/3186/2095 2443/3187/2096
f 1786/2746/1640 2807/2748/1642 2444/3189/2098
f 2807/2748/1642 1880/2754/1648 3194/3179/2088
f 2049/2179/1217 3043/2324/1217 2444/3189/2098
f 3043/2324/1217 2054/2323/1215 3199/3188/2097
f 1882/2763/1657 2646/2901/1790 2445/3190/2099
f 1831/2533/1427 3201/3192/2101 2445/3190/2099
f 2056/2028/1215 3044/2187/1215 2445/3190/2099
f 3044/2187/1215 2055/2185/1215 3200/3191/2100
f 2733/2534/1428 2446/3193/2102 3201/3192/2101
f 1762/2530/1424 3202/3194/2103 2446/3193/2102
f 2057/1873/1174 3045/2030/1169 2446/3193/2102
f 3045/2030/1169 2056/2028/1215 3201/3192/2101
f 1762/2530/1424 2735/2532/1426 2447/3195/2104
f 2735/2532/1426 1832/2538/1432 3203/3196/2105
f 3046/2031/1218 2447/3195/2104 3203/3196/2105
f 2057/1873/1174 3202/3194/2103 2447/3195/2104
f 1832/2538/1432 2855/2964/1870 2448/3197/2106
f 1881/2758/1652 3204/3198/2107 2448/3197/2106
f 3047/2188/1218 2448/3197/2106 3204/3198/2107
f 2058/2032/1218 3203/3196/2105 2448/3197/2106
f 2808/2759/1653 2449/3199/2108 3204/3198/2107
f 1787/2755/1649 3205/3200/2109 2449/3199/2108
f 3048/2330/1218 2449/3199/2108 3205/3200/2109
f 2059/2189/1218 3204/3198/2107 2449/3199/2108
f 1787/2755/1649 2810/2757/1651 2450/3201/2110
f 2810/2757/1651 1882/2763/1657 3200/3191/2100
f 2055/2185/1215 3049/2329/1217 2450/3201/2110
f 3049/2329/1217 2060/2328/1218 3205/3200/2109
f 1884/2772/1666 2647/2904/1793 2451/3202/2111
f 1833/2542/1436 3207/3204/2113 2451/3202/2111
f 2062/2034/1218 3050/2193/1218 2451/3202/2111
f 3050/2193/1218 2061/2191/1215 3206/3203/2112
f 2736/2543/1437 2452/3205/2114 3207/3204/2113
f 1763/2539/1433 3208/3206/2115 2452/3205/2114
f 2063/1879/1174 3051/2036/1218 2452/3205/2114
f 3051/2036/1218 2062/2034/1218 3207/3204/2113
f 1763/2539/1433 2738/2541/1435 2453/3207/2116
f 2738/2541/1435 1834/2547/1441 3209/3208/2117
f 3052/2037/1218 2453/3207/2116 3209/3208/2117
f 2063/1879/1174 3208/3206/2115 2453/3207/2116
f 1834/2547/1441 2856/2966/1873 2454/3209/2118
f 1883/2767/1661 3210/3210/2119 2454/3209/2118
f 3053/2194/1218 2454/3209/2118 3210/3210/2119
f 2064/2038/1218 3209/3208/2117 2454/3209/2118
f 2811/2768/1662 2455/3211/2120 3210/3210/2119
f 1788/2764/1658 3211/3212/2121 2455/3211/2120
f 3054/2335/1218 2455/3211/2120 3211/3212/2121
f 2065/2195/1218 3210/3210/2119 2455/3211/2120
f 1788/2764/1658 2813/2766/1660 2456/3213/2122
f 2813/2766/1660 1884/2772/1666 3206/3203/2112
f 2061/2191/1215 3055/2334/1218 2456/3213/2122
f 3055/2334/1218 2066/2333/1218 3211/3212/2121
f 1886/2781/1675 2648/2907/1796 2457/3214/2123
f 1835/2551/1445 3213/3216/2125 2457/3214/2123
f 2068/2040/1218 3056/2199/1218 2457/3214/2123
f 3056/2199/1218 2067/2197/1169 3212/3215/2124
f 2739/2552/1446 2458/3217/2126 3213/3216/2125
f 1764/2548/1442 3214/3218/2127 2458/3217/2126
f 2069/1885/1183 3057/2042/1218 2458/3217/2126
f 3057/2042/1218 2068/2040/1218 3213/3216/2125
f 1764/2548/1442 2741/2550/1444 2459/3219/2128
f 2741/2550/1444 1836/2556/1450 3215/3220/2129
f 3058/2043/1218 2459/3219/2128 3215/3220/2129
f 2069/1885/1183 3214/3218/2127 2459/3219/2128
f 1836/2556/1450 2857/2968/1876 2460/3221/2130
f 1885/2776/1670 3216/3222/2131 2460/3221/2130
f 3059/2200/1218 2460/3221/2130 3216/3222/2131
f 2070/2044/1218 3215/3220/2129 2460/3221/2130
f 2814/2777/1671 2461/3223/2132 3216/3222/2131
f 1789/2773/1667 3217/3224/2133 2461/3223/2132
f 3060/2340/1218 2461/3223/2132 3217/3224/2133
f 2071/2201/1218 3216/3222/2131 2461/3223/2132
f 1789/2773/1667 2816/2775/1669 2462/3225/2134
f 2816/2775/1669 1886/2781/1675 3212/3215/2124
f 2067/2197/1169 3061/2339/1218 2462/3225/2134
f 3061/2339/1218 2072/2338/1218 3217/3224/2133
f 1888/2790/1684 2649/2910/1799 2463/3226/2135
f 1837/2560/1454 3219/3228/2137 2463/3226/2135
f 2074/2046/1218 3062/2205/1218 2463/3226/2135
f 3062/2205/1218 2073/2203/1218 3218/3227/2136
f 2742/2561/1455 2464/3229/2138 3219/3228/2137
f 1765/2557/1451 3220/3230/2139 2464/3229/2138
f 2075/1891/1183 3063/2048/1218 2464/3229/2138
f 3063/2048/1218 2074/2046/1218 3219/3228/2137
f 1765/2557/1451 2744/2559/1453 2465/3231/2140
f 2744/2559/1453 1838/2565/1459 3221/3232/2141
f 3064/2049/1218 2465/3231/2140 3221/3232/2141
f 2075/1891/1183 3220/3230/2139 2465/3231/2140
f 1838/2565/1459 2858/2970/1879 2466/3233/2142
f 1887/2785/1679 3222/3234/2143 2466/3233/2142
f 3065/2206/1218 2466/3233/2142 3222/3234/2143
f 2076/2050/1218 3221/3232/2141 2466/3233/2142
f 2817/2786/1680 2467/3235/2144 3222/3234/2143
f 1790/2782/1676 3223/3236/2145 2467/3235/2144
f 3066/2347/1218 2467/3235/2144 3223/3236/2145
f 2077/2207/1218 3222/3234/2143 2467/3235/2144
f 1790/2782/1676 2819/2784/1678 2468/3237/2146
f 2819/2784/1678 1888/2790/1684 3218/3227/2136
f 2073/2203/1218 3067/2346/1218 2468/3237/2146
f 3067/2346/1218 2078/2345/1218 3223/3236/2145
f 1890/2799/1693 2650/2913/1802 2469/3238/2147
f 1839/2569/1463 3225/3240/2149 2469/3238/2147
f 2080/2052/1218 3068/2211/1218 2469/3238/2147
f 3068/2211/1218 2079/2209/1218 3224/3239/2148
f 2745/2570/1464 2470/3241/2150 3225/3240/2149
f 1766/2566/1460 3226/3242/2151 2470/3241/2150
f 2081/1897/1192 3069/2054/1218 2470/3241/2150
f 3069/2054/1218 2080/2052/1218 3225/3240/2149
f 1766/2566/1460 2747/2568/1462 2471/3243/2152
f 2747/2568/1462 1840/2574/1468 3227/3244/2153
f 3070/2055/1218 2471/3243/2152 3227/3244/2153
f 2081/1897/1192 3226/3242/2151 2471/3243/2152
f 1840/2574/1468 2859/2972/1882 2472/3245/2154
f 1889/2794/1688 3228/3246/2155 2472/3245/2154
f 3071/2212/1218 2472/3245/2154 3228/3246/2155
f 2082/2056/1218 3227/3244/2153 2472/3245/2154
f 2820/2795/1689 2473/3247/2156 3228/3246/2155
f 1791/2791/1685 3229/3248/2157 2473/3247/2156
f 3072/2352/1215 2473/3247/2156 3229/3248/2157
f 2083/2213/1214 3228/3246/2155 2473/3247/2156
f 1791/2791/1685 2822/2793/1687 2474/3249/2158
f 2822/2793/1687 1890/2799/1693 3224/3239/2148
f 2079/2209/1218 3073/2351/1218 2474/3249/2158
f 3073/2351/1218 2084/2350/1218 3229/3248/2157
f 1892/2808/1702 2651/2916/1805 2475/3250/2159
f 1841/2578/1472 3231/3252/2161 2475/3250/2159
f 2086/2058/1218 3074/2217/1218 2475/3250/2159
f 3074/2217/1218 2085/2215/1218 3230/3251/2160
f 2748/2579/1473 2476/3253/2162 3231/3252/2161
f 1767/2575/1469 3232/3254/2163 2476/3253/2162
f 2087/1903/1192 3075/2060/1218 2476/3253/2162
f 3075/2060/1218 2086/2058/1218 3231/3252/2161
f 1767/2575/1469 2750/2577/1471 2477/3255/2164
f 2750/2577/1471 1842/2583/1477 3233/3256/2165
f 3076/2061/1202 2477/3255/2164 3233/3256/2165
f 2087/1903/1192 3232/3254/2163 2477/3255/2164
f 1842/2583/1477 2860/2974/1885 2478/3257/2166
f 1891/2803/1697 3234/3258/2167 2478/3257/2166
f 3077/2218/1215 2478/3257/2166 3234/3258/2167
f 2088/2062/1215 3233/3256/2165 2478/3257/2166
f 2823/2804/1698 2479/3259/2168 3234/3258/2167
f 1792/2800/1694 3235/3260/2169 2479/3259/2168
f 3078/2357/1214 2479/3259/2168 3235/3260/2169
f 2089/2219/1214 3234/3258/2167 2479/3259/2168
f 1792/2800/1694 2825/2802/1696 2480/3261/2170
f 2825/2802/1696 1892/2808/1702 3230/3251/2160
f 2085/2215/1218 3079/2356/1218 2480/3261/2170
f 3079/2356/1218 2090/2355/1218 3235/3260/2169
f 1894/2817/1711 2652/2919/1808 2481/3262/2171
f 1843/2587/1481 3237/3264/2173 2481/3262/2171
f 2092/2064/1218 3080/2223/1215 2481/3262/2171
f 3080/2223/1215 2091/2221/1218 3236/3263/2172
f 2751/2588/1482 2482/3265/2174 3237/3264/2173
f 1768/2584/1478 3238/3266/2175 2482/3265/2174
f 2093/1909/1201 3081/2066/1202 2482/3265/2174
f 3081/2066/1202 2092/2064/1218 3237/3264/2173
f 1768/2584/1478 2753/2586/1480 2483/3267/2176
f 2753/2586/1480 1844/2592/1486 3239/3268/2177
f 3082/2067/1214 2483/3267/2176 3239/3268/2177
f 2093/1909/1201 3238/3266/2175 2483/3267/2176
f 1844/2592/1486 2861/2976/1888 2484/3269/2178
f 1893/2812/1706 3240/3270/2179 2484/3269/2178
f 3083/2224/1214 2484/3269/2178 3240/3270/2179
f 2094/2068/1215 3239/3268/2177 2484/3269/2178
f 2826/2813/1707 2485/3271/2180 3240/3270/2179
f 1793/2809/1703 3241/3272/2181 2485/3271/2180
f 3084/2362/1215 2485/3271/2180 3241/3272/2181
f 2095/2225/1214 3240/3270/2179 2485/3271/2180
f 1793/2809/1703 2828/2811/1705 2486/3273/2182
f 2828/2811/1705 1894/2817/1711 3236/3263/2172
f 2091/2221/1218 3085/2361/1215 2486/3273/2182
f 3085/2361/1215 2096/2360/1214 3241/3272/2181
f 1896/2826/1720 2653/2922/1811 2487/3274/2183
f 1845/2596/1490 3243/3276/2185 2487/3274/2183
f 2098/2070/1214 3086/2229/1215 2487/3274/2183
f 3086/2229/1215 2097/2227/1214 3242/3275/2184
f 2754/2597/1491 2488/3277/2186 3243/3276/2185
f 1769/2593/1487 3244/3278/2187 2488/3277/2186
f 2099/1915/1201 3087/2072/1214 2488/3277/2186
f 3087/2072/1214 2098/2070/1214 3243/3276/2185
f 1769/2593/1487 2756/2595/1489 2489/3279/2188
f 2756/2595/1489 1846/2601/1495 3245/3280/2189
f 3088/2073/1214 2489/3279/2188 3245/3280/2189
f 2099/1915/1201 3244/3278/2187 2489/3279/2188
f 1846/2601/1495 2862/2978/1891 2490/3281/2190
f 1895/2821/1715 3246/3282/2191 2490/3281/2190
f 3089/2230/1214 2490/3281/2190 3246/3282/2191
f 2100/2074/1214 3245/3280/2189 2490/3281/2190
f 2829/2822/1716 2491/3283/2192 3246/3282/2191
f 1794/2818/1712 3247/3284/2193 2491/3283/2192
f 3090/2367/1215 2491/3283/2192 3247/3284/2193
f 2101/2231/1214 3246/3282/2191 2491/3283/2192
f 1794/2818/1712 2831/2820/1714 2492/3285/2194
f 2831/2820/1714 1896/2826/1720 3242/3275/2184
f 2097/2227/1214 3091/2366/1215 2492/3285/2194
f 3091/2366/1215 2102/2365/1214 3247/3284/2193
f 1898/2835/1729 2654/2925/1814 2493/3286/2195
f 1847/2605/1499 3249/3288/2197 2493/3286/2195
f 2104/2076/1214 3092/2235/1214 2493/3286/2195
f 3092/2235/1214 2103/2233/1215 3248/3287/2196
f 2757/2606/1500 2494/3289/2198 3249/3288/2197
f 1770/2602/1496 3250/3290/2199 2494/3289/2198
f 2105/1921/1099 3093/2078/1214 2494/3289/2198
f 3093/2078/1214 2104/2076/1214 3249/3288/2197
f 1770/2602/1496 2759/2604/1498 2495/3291/2200
f 2759/2604/1498 1848/2610/1504 3251/3292/2201
f 3094/2080/1214 2495/3291/2200 3251/3292/2201
f 2105/1921/1099 3250/3290/2199 2495/3291/2200
f 1848/2610/1504 2863/2980/1894 2496/3293/2202
f 1897/2830/1724 3252/3294/2203 2496/3293/2202
f 3095/2236/1214 2496/3293/2202 3252/3294/2203
f 2106/2082/1214 3251/3292/2201 2496/3293/2202
f 2832/2831/1725 2497/3295/2204 3252/3294/2203
f 1795/2827/1721 3253/3296/2205 2497/3295/2204
f 3096/2372/1214 2497/3295/2204 3253/3296/2205
f 2107/2237/1214 3252/3294/2203 2497/3295/2204
f 1795/2827/1721 2834/2829/1723 2498/3297/2206
f 2834/2829/1723 1898/2835/1729 3248/3287/2196
f 2103/2233/1215 3097/2371/1214 2498/3297/2206
f 3097/2371/1214 2108/2370/1214 3253/3296/2205
