# https://github.com/mikedh/trimesh
v 0.04481339 -0.00000958 -0.02705706
v 0.04481339 -0.00054046 -0.02705706
v 0.04481339 -0.00000958 -0.02851680
v 0.04245718 -0.00000958 -0.02705706
v 0.04481339 -0.00054046 -0.02959424
v 0.04480461 -0.00092217 -0.02705706
v 0.04480461 -0.00000958 -0.03442531
v -0.00000278 -0.00000958 -0.03215014
v -0.00000278 -0.04246266 -0.02705706
v 0.04480022 -0.00054046 -0.03820301
v 0.04477829 -0.00161539 -0.02705706
v 0.04477829 -0.00161539 -0.02851680
v 0.04476512 -0.00161539 -0.03712558
v 0.04480022 -0.00000958 -0.03712558
v -0.00000278 -0.00000958 -0.05436451
v -0.00000278 -0.04482750 -0.02705706
v 0.04475635 -0.00161539 -0.04250473
v 0.04479584 -0.00054046 -0.04035521
v 0.04479145 -0.00000958 -0.04250473
v 0.04473441 -0.00269032 -0.02705706
v 0.04473441 -0.00269032 -0.02744205
v 0.04471247 -0.00269032 -0.04142729
v -0.00000278 -0.00107134 -0.05436719
v 0.00108976 -0.00000958 -0.05436719
v 0.00161629 -0.00054046 -0.05436986
v -0.00000278 -0.04482750 -0.02798745
v 0.00054130 -0.04483189 -0.02705706
v 0.04470808 -0.00269032 -0.04250473
v 0.04468615 -0.00269032 -0.04357949
v 0.04473002 -0.00161539 -0.04357949
v 0.04479145 -0.00054046 -0.04250473
v 0.04476512 -0.00000958 -0.04357949
v 0.04470808 -0.00307641 -0.02705706
v 0.04463349 -0.00376963 -0.04250473
v -0.00000278 -0.00161539 -0.05436719
v 0.00161629 -0.00000958 -0.05436719
v 0.00161629 -0.00161539 -0.05435917
v 0.00054130 -0.00161539 -0.05436719
v 0.00216476 -0.00000958 -0.05435917
v 0.00323975 -0.00000958 -0.05434313
v 0.00377066 -0.00054046 -0.05433511
v 0.00699564 -0.00376963 -0.05426292
v 0.00699564 -0.00484456 -0.05425490
v 0.00592064 -0.00484456 -0.05427094
v -0.00000278 -0.04482311 -0.03121440
v 0.00054130 -0.04480995 -0.04035521
v 0.00161629 -0.04478801 -0.03927777
v 0.00161629 -0.04479679 -0.03389863
v 0.00161629 -0.04480556 -0.02851680
v 0.00092303 -0.04482311 -0.02705706
v -0.00000278 -0.04481434 -0.03659622
v -0.00000278 -0.04480556 -0.04197269
v 0.04460717 -0.00376963 -0.04357949
v 0.04455013 -0.00269032 -0.04465692
v 0.04476512 -0.00054046 -0.04357949
v 0.04458962 -0.00161539 -0.04465692
v 0.04469492 -0.00000958 -0.04410885
v 0.04465543 -0.00376963 -0.02705706
v 0.04465543 -0.00376963 -0.02851680
v 0.04454135 -0.00484456 -0.02851680
v 0.04453258 -0.00484456 -0.03389863
v 0.04452380 -0.00484456 -0.03927777
v 0.04451941 -0.00484456 -0.04142729
v 0.04439656 -0.00591949 -0.04250473
v 0.04449309 -0.00484456 -0.04357949
v -0.00000278 -0.00269032 -0.05435115
v 0.00161629 -0.00269032 -0.05434580
v 0.00377066 -0.00376963 -0.05430837
v 0.00054130 -0.00269032 -0.05435115
v 0.00161629 -0.00376963 -0.05432976
v 0.00539412 -0.00000958 -0.05430837
v 0.00699564 -0.00054046 -0.05428163
v 0.00807063 -0.00161539 -0.05425757
v 0.00915001 -0.00054046 -0.05424421
v 0.00915001 -0.00376963 -0.05422015
v 0.00699564 -0.00591949 -0.05424153
v 0.00807063 -0.00484456 -0.05423352
v 0.00915001 -0.00591949 -0.05420143
v 0.00807063 -0.00591949 -0.05422282
v 0.00592064 -0.00699880 -0.05423886
v 0.00484565 -0.00699880 -0.05425223
v 0.00484565 -0.00591949 -0.05426827
v 0.00054130 -0.04480556 -0.04250473
v 0.00161629 -0.04478363 -0.04142729
v 0.00269128 -0.04472659 -0.04035521
v 0.00269128 -0.04474853 -0.02705706
v 0.00161629 -0.04480556 -0.02705706
v -0.00000278 -0.04480117 -0.04250473
v 0.04436145 -0.00484456 -0.04465692
v 0.04447114 -0.00376963 -0.04465692
v 0.04423860 -0.00376963 -0.04550176
v 0.04427809 -0.00269032 -0.04558998
v 0.04462033 -0.00054046 -0.04465692
v 0.04429564 -0.00161539 -0.04563811
v 0.04462033 -0.00000958 -0.04465692
v 0.04461594 -0.00415134 -0.02705706
v 0.04454135 -0.00484456 -0.02705706
v 0.04442288 -0.00591949 -0.02744205
v 0.04441849 -0.00591949 -0.03066900
v 0.04440972 -0.00591949 -0.03605082
v 0.04440094 -0.00591949 -0.04142729
v 0.04424299 -0.00699880 -0.04250473
v 0.04437462 -0.00591949 -0.04357949
v -0.00000278 -0.00322120 -0.05434313
v 0.00377066 -0.00591949 -0.05427896
v 0.00269128 -0.00591949 -0.05428966
v 0.00161629 -0.00591949 -0.05429501
v 0.00269128 -0.00807373 -0.05425490
v 0.00699564 -0.00000958 -0.05428163
v 0.00915001 -0.00000958 -0.05424421
v 0.01022500 -0.00054046 -0.05422015
v 0.01345436 -0.00269032 -0.05413192
v 0.01345436 -0.00376963 -0.05412390
v 0.01560434 -0.00484456 -0.05406775
v 0.02590232 -0.00876695 -0.05380574
v 0.01452935 -0.00699880 -0.05407310
v 0.00915001 -0.00699880 -0.05418807
v 0.00915001 -0.00807373 -0.05417202
v 0.00807063 -0.00699880 -0.05420678
v 0.01022500 -0.00699880 -0.05416668
v 0.00699564 -0.00807373 -0.05420410
v 0.00484565 -0.00807373 -0.05423352
v 0.00377066 -0.00807373 -0.05424688
v 0.00377066 -0.00699880 -0.05426292
v -0.00000278 -0.04479240 -0.04305013
v 0.00054130 -0.04478801 -0.04357949
v 0.00161629 -0.04476608 -0.04357949
v 0.00161629 -0.04477924 -0.04250473
v 0.00269128 -0.04472220 -0.04250473
v 0.00377066 -0.04466078 -0.03927777
v 0.00377066 -0.04466955 -0.03389863
v 0.00377066 -0.04467833 -0.02851680
v 0.00377066 -0.04467833 -0.02705706
v 0.04417717 -0.00678820 -0.04438689
v 0.04422543 -0.00592387 -0.04471039
v 0.04409819 -0.00628803 -0.04510607
v 0.04413768 -0.00556849 -0.04525044
v 0.04418156 -0.00484456 -0.04535738
v 0.04401921 -0.00376963 -0.04603914
v 0.04405870 -0.00269032 -0.04613004
v 0.04431319 -0.00054046 -0.04567821
v 0.04407625 -0.00161539 -0.04617816
v 0.04430880 -0.00000958 -0.04567553
v 0.04442288 -0.00591949 -0.02705706
v 0.04426492 -0.00699880 -0.02851680
v 0.04426054 -0.00699880 -0.03174643
v 0.04420350 -0.00708655 -0.04360622
v 0.04413768 -0.00763937 -0.03712558
v 0.04413329 -0.00761305 -0.04250473
v 0.04412452 -0.00758672 -0.04326668
v 0.04411136 -0.00750336 -0.04398319
v -0.00000278 -0.00430051 -0.05432441
v 0.00161629 -0.00699880 -0.05427629
v 0.00269128 -0.00914866 -0.05423352
v 0.00161629 -0.00807373 -0.05425757
v 0.01022500 -0.00000958 -0.05422015
v 0.01345436 -0.00054046 -0.05414261
v 0.01452935 -0.00161539 -0.05411320
v 0.01452935 -0.00269032 -0.05410785
v 0.01560434 -0.00376963 -0.05407577
v 0.01667933 -0.00484456 -0.05404369
v 0.02420866 -0.00699880 -0.05385654
v 0.02654731 -0.00807373 -0.05379505
v 0.02743802 -0.00807373 -0.05377367
v 0.02630160 -0.00913550 -0.05379238
v 0.02636303 -0.01022359 -0.05377901
v 0.02313367 -0.00914866 -0.05386189
v 0.01452935 -0.01130290 -0.05401963
v 0.01022500 -0.01130290 -0.05409449
v 0.00915001 -0.01130290 -0.05411053
v 0.01560434 -0.01345276 -0.05396616
v 0.01775871 -0.01560700 -0.05389130
v 0.01345436 -0.01345276 -0.05400359
v 0.01237498 -0.01237783 -0.05404102
v 0.01775871 -0.02206096 -0.05377634
v 0.01452935 -0.01775686 -0.05390734
v 0.02206306 -0.01022359 -0.05387258
v 0.01560434 -0.00914866 -0.05402498
v 0.01883370 -0.01130290 -0.05392873
v 0.00592064 -0.01022359 -0.05417737
v 0.00592064 -0.01130290 -0.05415598
v 0.00377066 -0.01022359 -0.05420410
v 0.00484565 -0.01130290 -0.05416935
v -0.00000278 -0.04478363 -0.04357949
v 0.00054130 -0.04465200 -0.04465692
v 0.00161629 -0.04463006 -0.04465692
v 0.00269128 -0.04470465 -0.04357949
v 0.00377066 -0.04465200 -0.04250473
v 0.00377066 -0.04465639 -0.04142729
v 0.00484565 -0.04455548 -0.04142729
v 0.00484565 -0.04456425 -0.03605082
v 0.00484565 -0.04457303 -0.03066900
v 0.00484565 -0.04457741 -0.02744205
v 0.00415239 -0.04464322 -0.02705706
v 0.04368136 -0.00914866 -0.04465692
v 0.04388319 -0.00807373 -0.04465692
v 0.04404993 -0.00708655 -0.04471039
v 0.04328647 -0.00922325 -0.04582526
v 0.04354095 -0.00807373 -0.04573168
v 0.04373840 -0.00699880 -0.04573168
v 0.04393146 -0.00592387 -0.04565949
v 0.04396217 -0.00484456 -0.04589477
v 0.04330840 -0.00589755 -0.04689199
v 0.04347952 -0.00484456 -0.04680911
v 0.04359360 -0.00376963 -0.04680911
v 0.04367258 -0.00269032 -0.04680911
v 0.04409380 -0.00054046 -0.04621559
v 0.04409380 -0.00000958 -0.04621559
v 0.04420350 -0.00000958 -0.04594022
v 0.04371207 -0.00161539 -0.04680911
v 0.04426492 -0.00699880 -0.02705706
v 0.04414207 -0.00766131 -0.03174643
v 0.04408064 -0.00802986 -0.02705706
v 0.04404554 -0.00820536 -0.03066900
v 0.04382615 -0.00914866 -0.04357949
v 0.04403676 -0.00815709 -0.04142729
v 0.04384809 -0.00914866 -0.04250473
v -0.00000278 -0.00752969 -0.05426827
v 0.00269128 -0.01022359 -0.05420945
v 0.00161629 -0.00914866 -0.05423618
v -0.00000278 -0.00807373 -0.05425757
v 0.01452935 -0.00000958 -0.05411588
v 0.01507781 -0.00000958 -0.05410251
v 0.02636303 -0.00161539 -0.05382446
v 0.01883370 -0.00161539 -0.05400894
v 0.02313367 -0.00376963 -0.05389665
v 0.01667933 -0.00269032 -0.05405706
v 0.02611732 -0.00699880 -0.05381109
v 0.02743802 -0.00914866 -0.05376297
v 0.02743802 -0.00699880 -0.05377901
v 0.02851301 -0.00376963 -0.05376564
v 0.02851301 -0.00591949 -0.05374960
v 0.02851301 -0.00807373 -0.05373089
v 0.02636303 -0.01130290 -0.05376564
v 0.02528365 -0.01237783 -0.05377634
v 0.02461672 -0.01159686 -0.05380040
v 0.01775871 -0.01345276 -0.05392338
v 0.02137858 -0.01698467 -0.05380040
v 0.01345436 -0.01775686 -0.05392338
v 0.02100562 -0.01779635 -0.05379505
v 0.02098368 -0.01883179 -0.05377901
v 0.01775871 -0.01668193 -0.05387258
v 0.01452935 -0.01452769 -0.05396616
v 0.01778065 -0.02100358 -0.05379505
v 0.01703474 -0.02137652 -0.05380040
v 0.02098368 -0.01991110 -0.05375762
v 0.01883370 -0.02206096 -0.05375495
v 0.01775871 -0.02313150 -0.05374960
v 0.01560434 -0.02421082 -0.05376030
v 0.01560434 -0.02313150 -0.05378436
v 0.01631954 -0.02164415 -0.05380574
v 0.02411213 -0.01336062 -0.05378971
v 0.02098368 -0.01560700 -0.05382714
v 0.02312050 -0.01457595 -0.05379505
v 0.00915001 -0.01560700 -0.05402498
v 0.01237498 -0.02447406 -0.05379773
v 0.01345436 -0.01883179 -0.05390199
v 0.00377066 -0.01237783 -0.05415331
v 0.01100601 -0.02488210 -0.05380574
v 0.00592064 -0.01560700 -0.05406240
v 0.00915001 -0.01991110 -0.05393407
v -0.00000278 -0.04464761 -0.04465692
v -0.00000278 -0.04448528 -0.04518895
v 0.00054130 -0.04432733 -0.04571564
v 0.00161629 -0.04431417 -0.04568356
v 0.00269128 -0.04428345 -0.04560870
v 0.00377066 -0.04424835 -0.04552047
v 0.00269128 -0.04456864 -0.04465692
v 0.00377066 -0.04463445 -0.04357949
v 0.00484565 -0.04455109 -0.04250473
v 0.00592064 -0.04441508 -0.04142729
v 0.00522738 -0.04452915 -0.02705706
v 0.00484565 -0.04457741 -0.02705706
v 0.04344003 -0.01022359 -0.04465692
v 0.04308902 -0.01094752 -0.04531194
v 0.04318116 -0.01022359 -0.04553116
v 0.04302759 -0.00963128 -0.04624500
v 0.04310218 -0.00891174 -0.04637600
v 0.04318116 -0.00807373 -0.04651235
v 0.04327769 -0.00699880 -0.04667009
v 0.04301442 -0.00624416 -0.04730639
v 0.04305830 -0.00552462 -0.04736788
v 0.04309779 -0.00484456 -0.04741868
v 0.04315483 -0.00376963 -0.04749621
v 0.04319432 -0.00269032 -0.04754701
v 0.04374717 -0.00054046 -0.04680911
v 0.04392268 -0.00000958 -0.04650701
v 0.04321626 -0.00161539 -0.04757375
v 0.04387442 -0.00914866 -0.02705706
v 0.04387442 -0.00914866 -0.02744205
v 0.04387003 -0.00914866 -0.03066900
v 0.04386126 -0.00914866 -0.03605082
v 0.04385248 -0.00914866 -0.04142729
v 0.04361115 -0.01022359 -0.04250473
v 0.04358483 -0.01022359 -0.04357949
v 0.00269128 -0.01991110 -0.05397418
v 0.00161629 -0.02421082 -0.05387258
v 0.00161629 -0.01991110 -0.05397686
v 0.00161629 -0.01560700 -0.05408112
v 0.00054130 -0.01022359 -0.05421213
v -0.00000278 -0.00967954 -0.05422549
v -0.00000278 -0.00914866 -0.05423618
v 0.02731078 -0.00000958 -0.05380040
v 0.02851301 -0.00161539 -0.05377099
v 0.02701680 -0.00269032 -0.05380574
v 0.02528365 -0.00269032 -0.05384853
v 0.02206306 -0.00484456 -0.05391803
v 0.02743802 -0.01022359 -0.05374693
v 0.02636303 -0.01237783 -0.05375228
v 0.02958800 -0.00054046 -0.05372554
v 0.02958800 -0.00161539 -0.05372287
v 0.02958800 -0.00376963 -0.05370683
v 0.02755210 -0.00269032 -0.05379238
v 0.02958800 -0.00484456 -0.05369346
v 0.02958800 -0.00591949 -0.05367742
v 0.02958800 -0.00699880 -0.05365603
v 0.02851301 -0.00914866 -0.05370683
v 0.02528365 -0.01345276 -0.05376297
v 0.02206306 -0.01775686 -0.05377367
v 0.02206306 -0.01883179 -0.05375762
v 0.02420866 -0.01560700 -0.05375762
v 0.01883370 -0.01775686 -0.05383516
v 0.02098368 -0.02098603 -0.05372287
v 0.01990869 -0.02206096 -0.05372020
v 0.01667933 -0.02421082 -0.05373891
v 0.01452935 -0.02528574 -0.05374693
v 0.01237498 -0.02636067 -0.05375495
v 0.01345436 -0.02528574 -0.05376564
v 0.01560434 -0.02186791 -0.05381109
v 0.01373956 -0.02351760 -0.05380040
v 0.01129999 -0.01991110 -0.05390734
v 0.01237498 -0.02206096 -0.05384853
v 0.01022500 -0.02206096 -0.05387526
v 0.00267373 -0.02734785 -0.05379238
v 0.00915001 -0.02313150 -0.05386189
v 0.00807063 -0.02206096 -0.05389397
v 0.00699564 -0.02098603 -0.05392606
v 0.00484565 -0.01991110 -0.05396349
v 0.01129999 -0.02636067 -0.05376832
v -0.00000278 -0.04432294 -0.04571297
v -0.00000278 -0.04410796 -0.04625035
v 0.00054130 -0.04410796 -0.04625302
v 0.00161629 -0.04409479 -0.04622361
v 0.00269128 -0.04406408 -0.04614608
v 0.00377066 -0.04449405 -0.04465692
v 0.00377066 -0.04402898 -0.04605785
v 0.00484565 -0.04419570 -0.04538947
v 0.00484565 -0.04452915 -0.04357949
v 0.00592064 -0.04441069 -0.04250473
v 0.00592064 -0.04442386 -0.03605082
v 0.00699564 -0.04426591 -0.04250473
v 0.00699564 -0.04427029 -0.04035521
v 0.00699564 -0.04427468 -0.03820301
v 0.00592064 -0.04443263 -0.03066900
v 0.00592064 -0.04443702 -0.02744205
v 0.00592064 -0.04443702 -0.02705706
v 0.04307585 -0.01196980 -0.04428263
v 0.04316799 -0.01130290 -0.04464623
v 0.04299687 -0.01166268 -0.04499913
v 0.04252739 -0.01237783 -0.04573168
v 0.04283453 -0.01130290 -0.04569425
v 0.04295739 -0.01022359 -0.04606855
v 0.04213249 -0.01237783 -0.04655245
v 0.04223780 -0.01127658 -0.04686526
v 0.04254055 -0.01022359 -0.04680911
v 0.04279943 -0.00922325 -0.04676366
v 0.04285208 -0.00807373 -0.04704973
v 0.04295300 -0.00699880 -0.04720747
v 0.04231678 -0.00807373 -0.04777693
v 0.04234310 -0.00699003 -0.04796943
v 0.04199209 -0.00663026 -0.04845066
v 0.04265463 -0.00589755 -0.04779030
v 0.04264147 -0.00484456 -0.04795606
v 0.04269851 -0.00376963 -0.04803359
v 0.04274238 -0.00269032 -0.04808439
v 0.04322942 -0.00054046 -0.04759246
v 0.04322942 -0.00000958 -0.04759246
v 0.04349269 -0.00000958 -0.04719143
v 0.04374278 -0.00000958 -0.04680911
v 0.04276433 -0.00161539 -0.04811112
v 0.04379105 -0.00953037 -0.02705706
v 0.04362871 -0.01022359 -0.03174643
v 0.04336105 -0.01130290 -0.02705706
v 0.04333912 -0.01130290 -0.04035521
v 0.04333473 -0.01130290 -0.04250473
v 0.04330840 -0.01130290 -0.04357949
v 0.00161629 -0.02750580 -0.05379238
v 0.00054130 -0.02206096 -0.05392606
v 0.00054130 -0.01775686 -0.05403032
v -0.00000278 -0.01290871 -0.05414796
v 0.02804791 -0.00000958 -0.05378169
v 0.02851301 -0.00000958 -0.05376832
v 0.02906148 -0.00000958 -0.05374693
v 0.02958800 -0.00000958 -0.05372554
v 0.02743802 -0.01130290 -0.05372020
v 0.02636303 -0.01345276 -0.05372554
v 0.02420866 -0.01668193 -0.05373624
v 0.03013647 -0.00000958 -0.05367475
v 0.03066738 -0.00054046 -0.05362395
v 0.03066738 -0.00161539 -0.05361860
v 0.03066738 -0.00269032 -0.05360256
v 0.03066738 -0.00376963 -0.05358384
v 0.03066738 -0.00484456 -0.05356246
v 0.02958800 -0.00807373 -0.05362662
v 0.02851301 -0.01022359 -0.05366940
v 0.02743802 -0.01237783 -0.05368811
v 0.02206306 -0.01991110 -0.05372020
v 0.02313367 -0.01883179 -0.05371217
v 0.02098368 -0.02206096 -0.05365336
v 0.01883370 -0.02313150 -0.05370950
v 0.01775871 -0.02421082 -0.05369613
v 0.01560434 -0.02528574 -0.05371752
v 0.01345436 -0.02636067 -0.05372554
v 0.01129999 -0.02743999 -0.05372554
v 0.01022500 -0.02743999 -0.05374426
v 0.00377066 -0.02851492 -0.05375762
v 0.00269128 -0.02851492 -0.05376297
v 0.00592064 -0.02743999 -0.05377367
v 0.01022500 -0.02636067 -0.05377634
v 0.00799604 -0.02535594 -0.05381377
v 0.00915001 -0.02743999 -0.05375495
v -0.00000278 -0.04394123 -0.04653374
v -0.00000278 -0.04377890 -0.04680911
v 0.00054130 -0.04377890 -0.04680911
v 0.00161629 -0.04375257 -0.04680911
v 0.00269128 -0.04369115 -0.04680911
v 0.00377066 -0.04361656 -0.04680911
v 0.00484565 -0.04438875 -0.04465692
v 0.00484565 -0.04351126 -0.04680911
v 0.00484565 -0.04397633 -0.04592685
v 0.00559157 -0.04414744 -0.04526649
v 0.00592064 -0.04438875 -0.04357949
v 0.00758359 -0.04412550 -0.04416499
v 0.00699564 -0.04429223 -0.02744205
v 0.00699564 -0.04424397 -0.04357949
v 0.00766257 -0.04414306 -0.04357949
v 0.00771961 -0.04415622 -0.04250473
v 0.00773716 -0.04416060 -0.03820301
v 0.00699564 -0.04429223 -0.02705706
v 0.04310657 -0.01207948 -0.04357949
v 0.04295739 -0.01261475 -0.04357949
v 0.04269412 -0.01345276 -0.04357949
v 0.04202280 -0.01522529 -0.04437085
v 0.04254932 -0.01345276 -0.04465692
v 0.04288718 -0.01234712 -0.04464623
v 0.04193943 -0.01499276 -0.04509003
v 0.04205790 -0.01427760 -0.04541888
v 0.04218515 -0.01345276 -0.04576109
v 0.04202280 -0.01309737 -0.04637065
v 0.04179903 -0.01237783 -0.04708983
v 0.04190872 -0.01161880 -0.04726094
v 0.04200086 -0.01089926 -0.04739194
v 0.04208423 -0.01022359 -0.04749889
v 0.04221147 -0.00914866 -0.04765128
v 0.04186045 -0.00807373 -0.04831431
v 0.04193066 -0.00734541 -0.04838650
v 0.04132515 -0.00807373 -0.04880892
v 0.04151383 -0.00699003 -0.04881159
v 0.04132954 -0.00589316 -0.04911637
v 0.04204035 -0.00591949 -0.04849879
v 0.04210617 -0.00484456 -0.04856028
v 0.04216321 -0.00376963 -0.04861375
v 0.04220270 -0.00269032 -0.04865118
v 0.04277749 -0.00054046 -0.04812984
v 0.04301004 -0.00000958 -0.04785446
v 0.04222463 -0.00161539 -0.04866989
v 0.04363309 -0.01022359 -0.02705706
v 0.04363309 -0.01022359 -0.02851680
v 0.04353656 -0.01060968 -0.02705706
v 0.04313289 -0.01216723 -0.02705706
v 0.04313289 -0.01216723 -0.02744205
v 0.04312850 -0.01214968 -0.03282119
v 0.04311973 -0.01211897 -0.04250473
v 0.00161629 -0.02851492 -0.05376564
v -0.00000278 -0.02851492 -0.05376564
v -0.00000278 -0.02797965 -0.05377901
v -0.00000278 -0.02421082 -0.05387258
v -0.00000278 -0.02258746 -0.05391269
v -0.00000278 -0.01721281 -0.05404369
v 0.02636303 -0.01452769 -0.05368276
v 0.02528365 -0.01560700 -0.05371485
v 0.02420866 -0.01775686 -0.05369613
v 0.03066738 -0.00000958 -0.05362127
v 0.03121585 -0.00000958 -0.05352770
v 0.03174237 -0.00054046 -0.05343947
v 0.03174237 -0.00161539 -0.05343413
v 0.03066738 -0.00591949 -0.05353305
v 0.03174237 -0.00269032 -0.05341274
v 0.03174237 -0.00376963 -0.05338600
v 0.03174237 -0.00484456 -0.05335927
v 0.03066738 -0.00699880 -0.05349294
v 0.02958800 -0.00914866 -0.05358384
v 0.02851301 -0.01130290 -0.05361860
v 0.02743802 -0.01345276 -0.05363999
v 0.02206306 -0.02098603 -0.05365068
v 0.02313367 -0.01991110 -0.05364266
v 0.02206306 -0.02206096 -0.05354374
v 0.02098368 -0.02313150 -0.05353839
v 0.01990869 -0.02313150 -0.05363999
v 0.01667933 -0.02528574 -0.05367475
v 0.01883370 -0.02421082 -0.05361860
v 0.01237498 -0.02743999 -0.05369079
v 0.01022500 -0.02851492 -0.05367207
v 0.00915001 -0.02851492 -0.05370148
v 0.00807063 -0.02851492 -0.05372020
v 0.00699564 -0.02851492 -0.05373356
v 0.00161629 -0.02958984 -0.05372287
v 0.00592064 -0.02851492 -0.05374426
v -0.00000278 -0.04351126 -0.04721282
v 0.00054130 -0.04324801 -0.04761117
v 0.00161629 -0.04323924 -0.04759780
v 0.00269128 -0.04320414 -0.04755770
v 0.00377066 -0.04316904 -0.04751225
v 0.00484565 -0.04311200 -0.04744007
v 0.00630676 -0.04409479 -0.04510340
v 0.00593820 -0.04423519 -0.04471039
v 0.00699564 -0.04416938 -0.04435481
v 0.00556524 -0.04306374 -0.04737858
v 0.00628044 -0.04301548 -0.04730906
v 0.00699564 -0.04329189 -0.04669148
v 0.00699564 -0.04376135 -0.04573168
v 0.00799604 -0.04395001 -0.04457672
v 0.00915001 -0.04369553 -0.04465692
v 0.01022500 -0.04346300 -0.04465692
v 0.01022500 -0.04360778 -0.04357949
v 0.00915001 -0.04383593 -0.04357949
v 0.00820226 -0.04403337 -0.04357949
v 0.00699564 -0.04405092 -0.04489219
v 0.00778104 -0.04416938 -0.02705706
v 0.00727645 -0.04424835 -0.02705706
v 0.00915001 -0.04385787 -0.04250473
v 0.00915001 -0.04386226 -0.04142729
v 0.00826369 -0.04404653 -0.04142729
v 0.04297055 -0.01265863 -0.04250473
v 0.04272045 -0.01345276 -0.04250473
v 0.04233872 -0.01452769 -0.04357949
v 0.04206229 -0.01533498 -0.04357949
v 0.04186045 -0.01587464 -0.04357949
v 0.04154015 -0.01668193 -0.04357949
v 0.04087761 -0.01826580 -0.04384417
v 0.04138658 -0.01668193 -0.04465692
v 0.04180780 -0.01559384 -0.04469970
v 0.04216321 -0.01459350 -0.04469970
v 0.04093903 -0.01734444 -0.04531461
v 0.04145240 -0.01560700 -0.04573168
v 0.04180780 -0.01459350 -0.04576109
v 0.04190433 -0.01381253 -0.04613806
v 0.04105750 -0.01560700 -0.04654176
v 0.04122424 -0.01455840 -0.04687595
v 0.04165862 -0.01345276 -0.04676099
v 0.04084251 -0.01493572 -0.04728233
v 0.04096536 -0.01421618 -0.04744007
v 0.04108822 -0.01345276 -0.04758979
v 0.04125934 -0.01237783 -0.04778762
v 0.04088638 -0.01182501 -0.04841858
v 0.04161913 -0.01022359 -0.04803626
v 0.04175076 -0.00914866 -0.04819133
v 0.04121107 -0.00914866 -0.04871802
v 0.04069332 -0.00807373 -0.04934629
v 0.04078985 -0.00699880 -0.04942383
v 0.04085567 -0.00623100 -0.04947462
v 0.04090832 -0.00551584 -0.04951206
v 0.04148311 -0.00484456 -0.04909766
v 0.04154454 -0.00376963 -0.04915380
v 0.04158841 -0.00269032 -0.04918856
v 0.04277749 -0.00000958 -0.04812984
v 0.04224219 -0.00054046 -0.04868326
v 0.04251422 -0.00000958 -0.04840254
v 0.04161036 -0.00161539 -0.04920727
v 0.04162790 -0.00054046 -0.04922331
v 0.04303636 -0.01251384 -0.02705706
v 0.04298371 -0.01270250 -0.02744205
v 0.04297493 -0.01267618 -0.03712558
v -0.00000278 -0.02958984 -0.05372287
v 0.02636303 -0.01560700 -0.05362127
v 0.02528365 -0.01668193 -0.05366405
v 0.02420866 -0.01883179 -0.05362662
v 0.03174237 -0.00000958 -0.05343680
v 0.03281737 -0.00054046 -0.05318281
v 0.03281737 -0.00161539 -0.05317747
v 0.03281737 -0.00269032 -0.05315073
v 0.03281737 -0.00376963 -0.05311865
v 0.03281737 -0.00484456 -0.05308657
v 0.03174237 -0.00591949 -0.05331649
v 0.03066738 -0.00807373 -0.05344215
v 0.03066738 -0.00914866 -0.05338600
v 0.02958800 -0.01022359 -0.05352235
v 0.02851301 -0.01237783 -0.05355443
v 0.02743802 -0.01452769 -0.05356246
v 0.02851301 -0.01345276 -0.05348225
v 0.02313367 -0.02098603 -0.05353038
v 0.02206306 -0.02313150 -0.05339402
v 0.02420866 -0.02098603 -0.05336996
v 0.02313367 -0.02206096 -0.05338333
v 0.02098368 -0.02421082 -0.05337798
v 0.01990869 -0.02421082 -0.05351166
v 0.01775871 -0.02528574 -0.05359454
v 0.01667933 -0.02636067 -0.05354642
v 0.01560434 -0.02636067 -0.05362395
v 0.01345436 -0.02743999 -0.05363464
v 0.01129999 -0.02851492 -0.05362929
v 0.00807063 -0.02958984 -0.05362127
v 0.00699564 -0.02958984 -0.05365603
v 0.00592064 -0.02958984 -0.05367742
v 0.00377066 -0.02958984 -0.05370415
v 0.00161629 -0.03066477 -0.05362127
v 0.00054130 -0.03066477 -0.05362395
v -0.00000278 -0.03012073 -0.05367475
v 0.00269128 -0.02958984 -0.05371485
v -0.00000278 -0.04324801 -0.04760850
v 0.00054130 -0.04279172 -0.04815123
v 0.00161629 -0.04277856 -0.04813519
v 0.00269128 -0.04274784 -0.04809508
v 0.00377066 -0.04271275 -0.04804963
v 0.00484565 -0.04265571 -0.04798012
v 0.00592064 -0.04266448 -0.04779565
v 0.00702196 -0.04235297 -0.04797745
v 0.00699564 -0.04296283 -0.04722886
v 0.00807063 -0.04319536 -0.04653641
v 0.00807063 -0.04357269 -0.04573168
v 0.01022500 -0.04319097 -0.04556325
v 0.01097968 -0.04310323 -0.04534402
v 0.01132193 -0.04318659 -0.04465959
v 0.01198447 -0.04308129 -0.04430134
v 0.01129999 -0.04334015 -0.04357949
v 0.01022500 -0.04362972 -0.04250473
v 0.00915001 -0.04387981 -0.03066900
v 0.00915001 -0.04388419 -0.02744205
v 0.00915001 -0.04388419 -0.02705706
v 0.01022500 -0.04363411 -0.04035521
v 0.01022500 -0.04363850 -0.03820301
v 0.00915001 -0.04387103 -0.03605082
v 0.04272484 -0.01345276 -0.04035521
v 0.04236504 -0.01452769 -0.04250473
v 0.04207545 -0.01537008 -0.04250473
v 0.04187362 -0.01590535 -0.04250473
v 0.04156648 -0.01668193 -0.04250473
v 0.04089077 -0.01830529 -0.04312766
v 0.04046077 -0.01883179 -0.04465692
v 0.04080740 -0.01809469 -0.04465692
v 0.04067138 -0.01873088 -0.04352334
v 0.03980700 -0.02044199 -0.04403399
v 0.04007904 -0.01884934 -0.04574237
v 0.04060996 -0.01772176 -0.04569693
v 0.04078108 -0.01695834 -0.04603112
v 0.04106189 -0.01663367 -0.04569693
v 0.03989914 -0.01954694 -0.04538947
v 0.04093026 -0.01624319 -0.04633857
v 0.04071087 -0.01560700 -0.04707914
v 0.04017557 -0.01560700 -0.04776089
v 0.03980700 -0.01505418 -0.04841858
v 0.04038618 -0.01463737 -0.04792932
v 0.03983333 -0.01726985 -0.04737323
v 0.03995618 -0.01668193 -0.04751493
v 0.04061434 -0.01345276 -0.04812717
v 0.04079424 -0.01237783 -0.04832501
v 0.03992986 -0.01433464 -0.04853087
v 0.04007465 -0.01345276 -0.04865920
v 0.04025455 -0.01237783 -0.04880357
v 0.03960517 -0.01237783 -0.04934095
v 0.03973241 -0.01154860 -0.04943987
v 0.04035986 -0.01132923 -0.04897200
v 0.04097414 -0.01110985 -0.04850413
v 0.04107944 -0.01022359 -0.04860573
v 0.04057924 -0.00914866 -0.04925540
v 0.04003955 -0.00914866 -0.04965910
v 0.04015363 -0.00807373 -0.04973396
v 0.04025016 -0.00699880 -0.04979545
v 0.04043883 -0.00589316 -0.04978743
v 0.04035108 -0.00484456 -0.04993180
v 0.04094781 -0.00484456 -0.04954146
v 0.04100485 -0.00376963 -0.04958424
v 0.04104873 -0.00269032 -0.04961632
v 0.04224219 -0.00000958 -0.04868326
v 0.04107066 -0.00161539 -0.04963236
v 0.04162790 -0.00000958 -0.04922331
v 0.04108822 -0.00054046 -0.04964306
v 0.04136464 -0.00000958 -0.04942918
v 0.04298371 -0.01270250 -0.02705706
v 0.04274677 -0.01345276 -0.02744205
v 0.02636303 -0.01668193 -0.05353305
v 0.02528365 -0.01775686 -0.05359187
v 0.02528365 -0.01883179 -0.05348760
v 0.02420866 -0.01991110 -0.05351166
v 0.03281737 -0.00000958 -0.05318014
v 0.03384848 -0.00000958 -0.05288338
v 0.03384848 -0.00054046 -0.05288338
v 0.03383531 -0.00161539 -0.05288070
v 0.03379144 -0.00269032 -0.05286734
v 0.03281737 -0.00591949 -0.05304112
v 0.03373440 -0.00376963 -0.05284862
v 0.03367297 -0.00484456 -0.05282991
v 0.03174237 -0.00699880 -0.05325767
v 0.03066738 -0.01022359 -0.05331114
v 0.02958800 -0.01130290 -0.05344749
v 0.03174237 -0.00807373 -0.05319351
v 0.03174237 -0.00914866 -0.05312400
v 0.02743802 -0.01560700 -0.05346354
v 0.02851301 -0.01452769 -0.05338600
v 0.02958800 -0.01237783 -0.05336194
v 0.02206306 -0.02421082 -0.05320420
v 0.02313367 -0.02313150 -0.05321222
v 0.02528365 -0.01991110 -0.05334590
v 0.02528365 -0.02098603 -0.05317479
v 0.02420866 -0.02206096 -0.05319618
v 0.02098368 -0.02528574 -0.05317479
v 0.01990869 -0.02528574 -0.05334323
v 0.01883370 -0.02528574 -0.05347958
v 0.01775871 -0.02636067 -0.05343413
v 0.01667933 -0.02743999 -0.05336194
v 0.01560434 -0.02743999 -0.05346354
v 0.01345436 -0.02851492 -0.05347690
v 0.01452935 -0.02743999 -0.05355711
v 0.01237498 -0.02851492 -0.05356513
v 0.01022500 -0.02958984 -0.05352235
v 0.00915001 -0.02958984 -0.05357582
v 0.00699564 -0.03066477 -0.05349562
v 0.00592064 -0.03066477 -0.05353572
v 0.00484565 -0.03066477 -0.05356246
v 0.00377066 -0.03066477 -0.05358652
v 0.00269128 -0.03066477 -0.05361058
v 0.00161629 -0.03174409 -0.05343413
v 0.00054130 -0.03174409 -0.05343947
v -0.00000278 -0.03066477 -0.05362395
v -0.00000278 -0.04279172 -0.04814855
v -0.00000278 -0.04251970 -0.04842660
v 0.00054130 -0.04225644 -0.04869663
v 0.00161629 -0.04224328 -0.04868594
v 0.00269128 -0.04220819 -0.04865920
v 0.00377066 -0.04217308 -0.04862444
v 0.00484565 -0.04212044 -0.04857365
v 0.00592064 -0.04205024 -0.04850681
v 0.00668411 -0.04199758 -0.04845601
v 0.00739930 -0.04194494 -0.04839987
v 0.00807063 -0.04233103 -0.04779030
v 0.00915001 -0.04221696 -0.04766197
v 0.00807063 -0.04286630 -0.04707379
v 0.00893062 -0.04310761 -0.04638670
v 0.00965021 -0.04303303 -0.04625302
v 0.00923337 -0.04329189 -0.04582793
v 0.01022500 -0.04296722 -0.04610063
v 0.01132193 -0.04284875 -0.04571564
v 0.01237498 -0.04254163 -0.04573168
v 0.01347191 -0.04219941 -0.04577446
v 0.01169488 -0.04300232 -0.04502052
v 0.01235743 -0.04289702 -0.04465959
v 0.01345436 -0.04257234 -0.04465692
v 0.01345436 -0.04271713 -0.04357949
v 0.01263824 -0.04296283 -0.04357949
v 0.01268212 -0.04297599 -0.04250473
v 0.01129999 -0.04336209 -0.04250473
v 0.01022500 -0.04365605 -0.02744205
v 0.01022500 -0.04365605 -0.02705706
v 0.01129999 -0.04336647 -0.04035521
v 0.01129999 -0.04337964 -0.03282119
v 0.01129999 -0.04338841 -0.02744205
v 0.04237382 -0.01452769 -0.03820301
v 0.04236943 -0.01452769 -0.04035521
v 0.04207984 -0.01537447 -0.04035521
v 0.04187800 -0.01590974 -0.04142729
v 0.04159280 -0.01668193 -0.02744205
v 0.04112771 -0.01775686 -0.04035521
v 0.04112332 -0.01775686 -0.04250473
v 0.04188678 -0.01593167 -0.03174643
v 0.04089516 -0.01830968 -0.04250473
v 0.04063628 -0.01884495 -0.04250473
v 0.04011853 -0.01991110 -0.04250473
v 0.03982455 -0.02047270 -0.04331748
v 0.04000883 -0.01976632 -0.04465692
v 0.04003955 -0.02001201 -0.04363830
v 0.03959200 -0.02089390 -0.04363830
v 0.03900405 -0.02198198 -0.04357949
v 0.03892068 -0.02184159 -0.04465692
v 0.03939017 -0.02098603 -0.04465692
v 0.03974119 -0.02030159 -0.04465692
v 0.03973680 -0.01921788 -0.04610865
v 0.03991230 -0.01850273 -0.04642947
v 0.03881538 -0.02165731 -0.04536808
v 0.03900844 -0.02099481 -0.04572901
v 0.03956129 -0.01990672 -0.04574237
v 0.04003516 -0.01767789 -0.04679574
v 0.04050904 -0.01663367 -0.04674228
v 0.03969292 -0.01560700 -0.04829827
v 0.03879344 -0.01734444 -0.04847472
v 0.03892946 -0.01668193 -0.04859503
v 0.03915323 -0.01560700 -0.04877149
v 0.03929364 -0.01458034 -0.04898002
v 0.03967537 -0.01798501 -0.04714865
v 0.03878028 -0.01945919 -0.04739996
v 0.03893385 -0.01883179 -0.04757375
v 0.03923221 -0.01766472 -0.04784377
v 0.03946915 -0.01668193 -0.04805231
v 0.03942527 -0.01345276 -0.04919925
v 0.03878028 -0.01410210 -0.04952810
v 0.03888997 -0.01345276 -0.04960295
v 0.03906548 -0.01237783 -0.04971792
v 0.03933313 -0.01123270 -0.04976069
v 0.03982894 -0.01082906 -0.04951206
v 0.04044761 -0.01022359 -0.04914311
v 0.03990792 -0.01022359 -0.04956553
v 0.03927609 -0.01022359 -0.04996923
v 0.03927609 -0.00914866 -0.05014301
v 0.03918833 -0.00810444 -0.05032748
v 0.03937700 -0.00699880 -0.05033283
v 0.03946476 -0.00591949 -0.05038630
v 0.04035108 -0.00376963 -0.05000933
v 0.03953496 -0.00484456 -0.05042640
v 0.04035108 -0.00269032 -0.05006815
v 0.04035108 -0.00161539 -0.05010023
v 0.04108822 -0.00000958 -0.04964306
v 0.04035108 -0.00054046 -0.05012162
v 0.04072842 -0.00000958 -0.04987833
v 0.04274677 -0.01345276 -0.02705706
v 0.04239137 -0.01452769 -0.02744205
v 0.02636303 -0.01775686 -0.05342878
v 0.02636303 -0.01883179 -0.05329510
v 0.03438378 -0.00000958 -0.05271227
v 0.03438817 -0.00054046 -0.05271227
v 0.03437062 -0.00161539 -0.05270693
v 0.03433113 -0.00269032 -0.05269356
v 0.03281737 -0.00699880 -0.05297161
v 0.03359838 -0.00591949 -0.05280585
v 0.03348869 -0.00699880 -0.05277109
v 0.03426970 -0.00376963 -0.05267484
v 0.03421266 -0.00484456 -0.05265346
v 0.03066738 -0.01130290 -0.05321757
v 0.03174237 -0.01022359 -0.05304112
v 0.03290073 -0.00807812 -0.05286734
v 0.03268134 -0.00914866 -0.05285130
v 0.02743802 -0.01668193 -0.05335125
v 0.02958800 -0.01345276 -0.05326302
v 0.02958800 -0.01452769 -0.05315073
v 0.02851301 -0.01560700 -0.05326035
v 0.02206306 -0.02528574 -0.05297428
v 0.02313367 -0.02421082 -0.05299834
v 0.02420866 -0.02313150 -0.05299299
v 0.02636303 -0.01991110 -0.05313202
v 0.02643762 -0.02105623 -0.05289942
v 0.02528365 -0.02206096 -0.05297161
v 0.01990869 -0.02636067 -0.05312934
v 0.02105828 -0.02643965 -0.05289942
v 0.01883370 -0.02636067 -0.05329243
v 0.01775871 -0.02743999 -0.05322559
v 0.01667933 -0.02851492 -0.05312934
v 0.01560434 -0.02851492 -0.05326035
v 0.01452935 -0.02851492 -0.05337531
v 0.01237498 -0.02958984 -0.05337531
v 0.01129999 -0.02958984 -0.05345819
v 0.00915001 -0.03066477 -0.05338333
v 0.00807063 -0.03066477 -0.05344749
v 0.00484565 -0.03174409 -0.05336461
v 0.00377066 -0.03174409 -0.05339670
v 0.00269128 -0.03174409 -0.05342076
v 0.00054130 -0.03281902 -0.05318816
v -0.00000278 -0.03227497 -0.05331649
v -0.00000278 -0.03174409 -0.05343947
v -0.00000278 -0.04225206 -0.04869663
v -0.00000278 -0.04194055 -0.04896933
v -0.00000278 -0.04163781 -0.04923401
v 0.00054130 -0.04163781 -0.04923401
v 0.00161629 -0.04162465 -0.04922331
v 0.00269128 -0.04159394 -0.04919658
v 0.00377066 -0.04155445 -0.04916449
v 0.00484565 -0.04149742 -0.04911370
v 0.00591626 -0.04133508 -0.04912439
v 0.00702196 -0.04151936 -0.04882228
v 0.00807063 -0.04133508 -0.04881694
v 0.00915001 -0.04122100 -0.04872604
v 0.00807063 -0.04187474 -0.04832768
v 0.00915001 -0.04175628 -0.04819935
v 0.01022500 -0.04209850 -0.04751493
v 0.01022500 -0.04256357 -0.04680911
v 0.00923337 -0.04280927 -0.04676901
v 0.01129121 -0.04225644 -0.04686526
v 0.01237498 -0.04214237 -0.04656315
v 0.01312528 -0.04203269 -0.04638402
v 0.01384048 -0.04191422 -0.04616212
v 0.01428364 -0.04207217 -0.04544294
v 0.01500322 -0.04194055 -0.04509538
v 0.01459955 -0.04217747 -0.04470504
v 0.01523577 -0.04202391 -0.04437887
v 0.01452935 -0.04236175 -0.04357949
v 0.01345436 -0.04274345 -0.04250473
v 0.01345436 -0.04274784 -0.04035521
v 0.01345436 -0.04275223 -0.03820301
v 0.01269528 -0.04298038 -0.03820301
v 0.01129999 -0.04338841 -0.02705706
v 0.01218192 -0.04313833 -0.02959424
v 0.01161590 -0.04330066 -0.02705706
v 0.04208423 -0.01538763 -0.03497339
v 0.04159280 -0.01668193 -0.02705706
v 0.04114964 -0.01775686 -0.02744205
v 0.04114087 -0.01775686 -0.03282119
v 0.04188678 -0.01593606 -0.03066900
v 0.04188678 -0.01594045 -0.02851680
v 0.04089954 -0.01831407 -0.03927777
v 0.04196137 -0.01575179 -0.02705706
v 0.04064067 -0.01884934 -0.04035521
v 0.04012292 -0.01991110 -0.04035521
v 0.03983333 -0.02048586 -0.04250473
v 0.03955690 -0.02102552 -0.04250473
v 0.03860915 -0.02238124 -0.04465692
v 0.03901721 -0.02200392 -0.04250473
v 0.03835467 -0.02313150 -0.04250473
v 0.03832834 -0.02313150 -0.04357949
v 0.03767896 -0.02370187 -0.04523440
v 0.03864864 -0.02136335 -0.04608459
v 0.03884170 -0.02064381 -0.04643749
v 0.03899527 -0.01985407 -0.04680109
v 0.03860038 -0.02017874 -0.04715400
v 0.03949547 -0.01884934 -0.04679574
v 0.03784569 -0.02308763 -0.04564880
v 0.03842487 -0.02203464 -0.04572901
v 0.03862232 -0.01806398 -0.04831431
v 0.03772722 -0.01951184 -0.04848542
v 0.03789834 -0.01883179 -0.04862177
v 0.03823620 -0.01772615 -0.04877683
v 0.03816161 -0.01673897 -0.04919123
v 0.03848191 -0.01560700 -0.04931154
v 0.03863987 -0.01482165 -0.04942918
v 0.03784130 -0.02098603 -0.04754968
v 0.03816600 -0.01984529 -0.04785714
v 0.03843365 -0.01883179 -0.04811112
v 0.03794661 -0.01560700 -0.04968584
v 0.03824936 -0.01448820 -0.04976871
v 0.03819671 -0.01345276 -0.05003072
v 0.03811334 -0.01234273 -0.05029540
v 0.03832834 -0.01130290 -0.05035689
v 0.03847752 -0.01022359 -0.05043977
v 0.03862232 -0.00914866 -0.05051730
v 0.03871446 -0.00848615 -0.05056275
v 0.03877589 -0.00776661 -0.05059483
v 0.03883732 -0.00699880 -0.05062692
v 0.03892507 -0.00591949 -0.05066970
v 0.03959639 -0.00376963 -0.05046383
v 0.03899527 -0.00484456 -0.05070445
v 0.03964466 -0.00269032 -0.05048789
v 0.03967537 -0.00161539 -0.05050393
v 0.04035108 -0.00000958 -0.05012162
v 0.03969292 -0.00054046 -0.05051463
v 0.04239137 -0.01452769 -0.02705706
v 0.04208862 -0.01540518 -0.02744205
v 0.02743802 -0.01775686 -0.05322025
v 0.02743802 -0.01883179 -0.05306250
v 0.03497173 -0.00000958 -0.05250374
v 0.03497173 -0.00054046 -0.05250374
v 0.03497173 -0.00161539 -0.05249304
v 0.03497173 -0.00269032 -0.05246631
v 0.03497173 -0.00376963 -0.05242620
v 0.03413807 -0.00591949 -0.05262672
v 0.03340532 -0.00771835 -0.05274168
v 0.03402837 -0.00699880 -0.05259196
v 0.03497173 -0.00484456 -0.05238075
v 0.03066738 -0.01237783 -0.05310796
v 0.03253655 -0.01022359 -0.05280852
v 0.03240053 -0.01108792 -0.05276574
v 0.03184329 -0.01139065 -0.05289407
v 0.03331318 -0.00843789 -0.05271227
v 0.03066738 -0.01345276 -0.05299032
v 0.03071126 -0.01449259 -0.05285397
v 0.02958800 -0.01560700 -0.05300903
v 0.02851301 -0.01668193 -0.05311865
v 0.02206306 -0.02606233 -0.05278446
v 0.02146633 -0.02685207 -0.05271495
v 0.02302836 -0.02520677 -0.05278981
v 0.02260275 -0.02582979 -0.05272831
v 0.02413407 -0.02412745 -0.05279783
v 0.02372162 -0.02479435 -0.05273901
v 0.02478784 -0.02371503 -0.05273634
v 0.02746874 -0.01991110 -0.05286199
v 0.02712649 -0.02074033 -0.05278713
v 0.02685007 -0.02145988 -0.05271227
v 0.02605589 -0.02206096 -0.05278713
v 0.02582773 -0.02260062 -0.05272831
v 0.02074675 -0.02714164 -0.05278981
v 0.01992186 -0.02747509 -0.05286199
v 0.01883370 -0.02743999 -0.05305983
v 0.01775871 -0.02851492 -0.05296893
v 0.01663546 -0.02961617 -0.05284595
v 0.01560434 -0.02958984 -0.05300369
v 0.01452935 -0.02958984 -0.05314538
v 0.01345436 -0.02958984 -0.05326837
v 0.01237498 -0.03066477 -0.05312132
v 0.01129999 -0.03066477 -0.05321757
v 0.01022500 -0.03066477 -0.05330580
v 0.00915001 -0.03174409 -0.05313469
v 0.00807063 -0.03174409 -0.05320688
v 0.00699564 -0.03174409 -0.05326302
v 0.00592064 -0.03174409 -0.05331649
v 0.00484565 -0.03281902 -0.05309726
v 0.00377066 -0.03281902 -0.05313469
v 0.00161629 -0.03281902 -0.05317212
v 0.00054130 -0.03385884 -0.05288605
v -0.00000278 -0.03386323 -0.05288605
v -0.00000278 -0.03281902 -0.05318816
v -0.00000278 -0.04136579 -0.04944522
v 0.00054130 -0.04110255 -0.04965375
v 0.00161629 -0.04108938 -0.04964306
v 0.00269128 -0.04105428 -0.04962167
v 0.00377066 -0.04101918 -0.04959226
v 0.00484565 -0.04095776 -0.04954949
v 0.00555208 -0.04091388 -0.04951473
v 0.00627166 -0.04086123 -0.04947997
v 0.00699564 -0.04080419 -0.04943452
v 0.00807063 -0.04069890 -0.04935432
v 0.00915001 -0.04058921 -0.04926342
v 0.01022500 -0.04109377 -0.04861642
v 0.01111132 -0.04097970 -0.04851215
v 0.01022500 -0.04163343 -0.04805231
v 0.01092703 -0.04201075 -0.04740531
v 0.01164662 -0.04190984 -0.04726361
v 0.01237498 -0.04180454 -0.04710053
v 0.01347191 -0.04167730 -0.04676901
v 0.01456006 -0.04123417 -0.04687595
v 0.01560434 -0.04106305 -0.04655513
v 0.01627128 -0.04094021 -0.04635996
v 0.01560434 -0.04147109 -0.04573168
v 0.01459955 -0.04181331 -0.04577446
v 0.01664862 -0.04108061 -0.04570762
v 0.01735065 -0.04094898 -0.04533065
v 0.01667933 -0.04141405 -0.04465692
v 0.01559995 -0.04181770 -0.04470504
v 0.01667933 -0.04156323 -0.04357949
v 0.01588954 -0.04187474 -0.04357949
v 0.01592464 -0.04188790 -0.04250473
v 0.01538496 -0.04208095 -0.04250473
v 0.01452935 -0.04238368 -0.04250473
v 0.01452935 -0.04238807 -0.04142729
v 0.01452935 -0.04239246 -0.03927777
v 0.01452935 -0.04240562 -0.03174643
v 0.01345436 -0.04276539 -0.03066900
v 0.01272600 -0.04298915 -0.02744205
v 0.01272600 -0.04298915 -0.02705706
v 0.04188678 -0.01594045 -0.02705706
v 0.04114964 -0.01775686 -0.02705706
v 0.04090832 -0.01833600 -0.02851680
v 0.04089954 -0.01831845 -0.03820301
v 0.04064506 -0.01886250 -0.03497339
v 0.04208862 -0.01540518 -0.02705706
v 0.04012731 -0.01991110 -0.03820301
v 0.03983772 -0.02049464 -0.03820301
v 0.03983333 -0.02049025 -0.04142729
v 0.03956129 -0.02103429 -0.03820301
v 0.03816600 -0.02313150 -0.04465692
v 0.03902599 -0.02201708 -0.03497339
v 0.03835905 -0.02313150 -0.04035521
v 0.03785447 -0.02397389 -0.03820301
v 0.03785008 -0.02396951 -0.04142729
v 0.03785008 -0.02396512 -0.04250473
v 0.03783692 -0.02394318 -0.04357949
v 0.03775355 -0.02382033 -0.04465692
v 0.03750345 -0.02341669 -0.04595358
v 0.03739814 -0.02435560 -0.04465692
v 0.03685845 -0.02515412 -0.04465692
v 0.03649427 -0.02568939 -0.04465692
v 0.03549387 -0.02688278 -0.04514885
v 0.03672244 -0.02494791 -0.04547769
v 0.03654693 -0.02468905 -0.04619420
v 0.03771845 -0.02269714 -0.04636263
v 0.03839855 -0.02099481 -0.04680109
v 0.03767896 -0.02155640 -0.04736788
v 0.03754294 -0.02022700 -0.04831431
v 0.03678825 -0.02098603 -0.04858969
v 0.03716121 -0.01988478 -0.04877951
v 0.03709978 -0.01890199 -0.04921529
v 0.03747274 -0.01775686 -0.04936501
v 0.03762192 -0.01713384 -0.04947195
v 0.03777549 -0.01641868 -0.04957622
v 0.03732794 -0.02098603 -0.04808973
v 0.03720947 -0.01673897 -0.04983555
v 0.03702080 -0.01551048 -0.05024995
v 0.03723580 -0.01452769 -0.05035154
v 0.03743763 -0.01345276 -0.05046383
v 0.03757804 -0.01267618 -0.05053602
v 0.03769651 -0.01195664 -0.05059216
v 0.03779304 -0.01130290 -0.05064029
v 0.03793783 -0.01022359 -0.05070712
v 0.03808701 -0.00914866 -0.05076861
v 0.03829324 -0.00810444 -0.05078733
v 0.03819671 -0.00699880 -0.05092101
v 0.03819671 -0.00591949 -0.05100389
v 0.03906109 -0.00376963 -0.05073119
v 0.03819671 -0.00484456 -0.05106805
v 0.03910935 -0.00269032 -0.05075257
v 0.03913568 -0.00161539 -0.05076594
v 0.03969292 -0.00000958 -0.05051463
v 0.03915323 -0.00054046 -0.05077396
v 0.02851301 -0.01775686 -0.05296359
v 0.02848230 -0.01872649 -0.05281119
v 0.02810495 -0.01955572 -0.05276307
v 0.03604673 -0.00000958 -0.05209201
v 0.03604673 -0.00054046 -0.05209201
v 0.03604673 -0.00161539 -0.05207864
v 0.03604673 -0.00269032 -0.05205191
v 0.03604673 -0.00376963 -0.05201181
v 0.03497173 -0.00591949 -0.05232194
v 0.03381338 -0.00807812 -0.05257592
v 0.03497173 -0.00699880 -0.05224708
v 0.03497173 -0.00807373 -0.05215885
v 0.03604673 -0.00484456 -0.05196368
v 0.03322104 -0.00914866 -0.05268286
v 0.03307624 -0.01022359 -0.05263474
v 0.03278226 -0.01139065 -0.05260533
v 0.03226890 -0.01180746 -0.05272297
v 0.03161074 -0.01237783 -0.05284862
v 0.03139135 -0.01345276 -0.05278446
v 0.03125534 -0.01411088 -0.05274168
v 0.03110177 -0.01482604 -0.05269356
v 0.03036463 -0.01560700 -0.05279783
v 0.02960994 -0.01663806 -0.05284328
v 0.02105828 -0.02747509 -0.05263741
v 0.02206306 -0.02659759 -0.05265078
v 0.02206306 -0.02743999 -0.05242353
v 0.02331795 -0.02551389 -0.05265078
v 0.02444121 -0.02443019 -0.05265346
v 0.02413407 -0.02520677 -0.05253582
v 0.02520028 -0.02412745 -0.05253582
v 0.02550304 -0.02331577 -0.05264811
v 0.02784608 -0.02027526 -0.05269356
v 0.02746874 -0.02105623 -0.05263474
v 0.02659558 -0.02206096 -0.05265078
v 0.02625772 -0.02302620 -0.05251978
v 0.02028604 -0.02785680 -0.05269623
v 0.01957084 -0.02811566 -0.05276574
v 0.01872840 -0.02848859 -0.05281119
v 0.01829840 -0.02905457 -0.05272831
v 0.01775871 -0.02922130 -0.05277376
v 0.01560434 -0.03089292 -0.05263741
v 0.01560434 -0.03035326 -0.05279248
v 0.01696453 -0.02998910 -0.05268821
v 0.01450741 -0.03070426 -0.05285397
v 0.01345436 -0.03066477 -0.05300636
v 0.01237498 -0.03162124 -0.05285397
v 0.01022500 -0.03174409 -0.05303845
v 0.00915001 -0.03270494 -0.05285932
v 0.00811012 -0.03291115 -0.05287268
v 0.00699564 -0.03281902 -0.05297161
v 0.00592064 -0.03281902 -0.05303845
v 0.00484565 -0.03369212 -0.05283793
v 0.00377066 -0.03375793 -0.05285664
v 0.00269128 -0.03379742 -0.05286734
v 0.00054130 -0.03439850 -0.05271495
v -0.00000278 -0.03412648 -0.05280317
v 0.00161629 -0.03436779 -0.05270693
v -0.00000278 -0.04109816 -0.04965108
v -0.00000278 -0.04035229 -0.05013766
v 0.00054130 -0.04035229 -0.05014033
v 0.00161629 -0.04035229 -0.05012162
v 0.00269128 -0.04035229 -0.05007884
v 0.00377066 -0.04035229 -0.05002537
v 0.00484565 -0.04035229 -0.04994784
v 0.00591626 -0.04044442 -0.04979278
v 0.00699564 -0.04026454 -0.04980347
v 0.00807063 -0.04016363 -0.04973931
v 0.00915001 -0.04005394 -0.04966712
v 0.01022500 -0.03992232 -0.04957622
v 0.01022500 -0.04046197 -0.04915380
v 0.01133948 -0.04036106 -0.04897735
v 0.01237498 -0.04026454 -0.04881159
v 0.01182651 -0.04088317 -0.04841858
v 0.01237498 -0.04080419 -0.04833570
v 0.01237498 -0.04126927 -0.04779832
v 0.01345436 -0.04110255 -0.04760583
v 0.01422221 -0.04097092 -0.04744809
v 0.01493741 -0.04084369 -0.04727965
v 0.01560434 -0.04072083 -0.04709251
v 0.01664862 -0.04052340 -0.04675297
v 0.01768412 -0.04004517 -0.04679842
v 0.01851779 -0.03991354 -0.04643215
v 0.01923737 -0.03975121 -0.04613538
v 0.01698647 -0.04078665 -0.04604716
v 0.01772800 -0.04061554 -0.04570762
v 0.01886003 -0.04008904 -0.04575842
v 0.01956206 -0.03990916 -0.04541888
v 0.01883370 -0.04047952 -0.04465692
v 0.01810095 -0.04080419 -0.04465692
v 0.01756565 -0.04104112 -0.04465692
v 0.01826330 -0.04087440 -0.04381476
v 0.01784647 -0.04107183 -0.04350463
v 0.01830279 -0.04089194 -0.04309825
v 0.01667933 -0.04158955 -0.04250473
v 0.01667933 -0.04159394 -0.04035521
v 0.01667933 -0.04159833 -0.03820301
v 0.01593342 -0.04189229 -0.03820301
v 0.01542444 -0.04209411 -0.02705706
v 0.01452935 -0.04241001 -0.02851680
v 0.01345436 -0.04276978 -0.02744205
v 0.01345436 -0.04276978 -0.02705706
v 0.04090832 -0.01833600 -0.02705706
v 0.04064945 -0.01887566 -0.02744205
v 0.04064945 -0.01887128 -0.02959424
v 0.04014485 -0.01991110 -0.02851680
v 0.03984649 -0.02051219 -0.02851680
v 0.03957006 -0.02105184 -0.02851680
v 0.03903038 -0.02202586 -0.02851680
v 0.03838099 -0.02313150 -0.02851680
v 0.03786324 -0.02398706 -0.02851680
v 0.03751222 -0.02452671 -0.02744205
v 0.03750345 -0.02451355 -0.03712558
v 0.03749906 -0.02450478 -0.04250473
v 0.03748151 -0.02448284 -0.04357949
v 0.03657325 -0.02580346 -0.04384684
v 0.03678825 -0.02397389 -0.04655780
v 0.03559479 -0.02701002 -0.04443234
v 0.03591948 -0.02646158 -0.04473712
v 0.03460317 -0.02819025 -0.04465692
v 0.03449347 -0.02805423 -0.04531996
v 0.03477429 -0.02745315 -0.04569960
v 0.03534908 -0.02669412 -0.04573168
v 0.03575275 -0.02615885 -0.04573168
v 0.03632754 -0.02529891 -0.04579317
v 0.03558163 -0.02592631 -0.04638135
v 0.03713049 -0.02314028 -0.04681714
v 0.03746834 -0.02227156 -0.04707914
v 0.03786763 -0.02197321 -0.04675564
v 0.03652938 -0.02358341 -0.04727431
v 0.03675315 -0.02286387 -0.04753097
v 0.03704274 -0.02192495 -0.04780902
v 0.03661713 -0.02157834 -0.04845066
v 0.03604234 -0.02198637 -0.04870732
v 0.03601162 -0.02100358 -0.04916717
v 0.03638458 -0.01991110 -0.04935966
v 0.03655131 -0.01930563 -0.04947730
v 0.03673121 -0.01859048 -0.04959226
v 0.03693304 -0.01775686 -0.04971792
v 0.03640213 -0.02229350 -0.04825015
v 0.03596336 -0.01770421 -0.05027936
v 0.03623540 -0.01668193 -0.05039967
v 0.03643723 -0.01580444 -0.05050393
v 0.03659519 -0.01508928 -0.05057879
v 0.03670049 -0.01452769 -0.05062959
v 0.03689794 -0.01345276 -0.05072049
v 0.03717876 -0.01234273 -0.05076594
v 0.03712172 -0.01130290 -0.05093972
v 0.03712172 -0.01022359 -0.05107072
v 0.03712172 -0.00914866 -0.05118836
v 0.03712172 -0.00807373 -0.05129263
v 0.03712172 -0.00699880 -0.05138085
v 0.03704713 -0.00599846 -0.05148512
v 0.03723580 -0.00484456 -0.05147710
v 0.03819671 -0.00376963 -0.05112152
v 0.03819671 -0.00269032 -0.05116162
v 0.03819671 -0.00161539 -0.05118569
v 0.03819671 -0.00054046 -0.05120173
v 0.03915323 -0.00000958 -0.05077396
v 0.03868375 -0.00000958 -0.05098517
v 0.02905270 -0.01830090 -0.05272831
v 0.02882454 -0.01901606 -0.05266148
v 0.02848230 -0.01991110 -0.05258394
v 0.03645917 -0.00000958 -0.05192358
v 0.03739376 -0.00054046 -0.05154127
v 0.03683651 -0.00161539 -0.05175515
v 0.03680580 -0.00269032 -0.05174178
v 0.03729723 -0.00376963 -0.05150116
v 0.03614764 -0.00599846 -0.05184872
v 0.03389236 -0.00914866 -0.05245294
v 0.03598530 -0.00699880 -0.05184338
v 0.03587560 -0.00807373 -0.05179793
v 0.03628367 -0.00914866 -0.05153057
v 0.03497173 -0.00914866 -0.05205191
v 0.03670049 -0.00484456 -0.05169633
v 0.03663907 -0.00569134 -0.05167227
v 0.03389236 -0.01022359 -0.05234600
v 0.03389236 -0.01130290 -0.05222034
v 0.03281737 -0.01237783 -0.05246898
v 0.03215043 -0.01237783 -0.05268821
v 0.03193105 -0.01345276 -0.05261870
v 0.03090432 -0.01560700 -0.05263741
v 0.03166778 -0.01449259 -0.05255988
v 0.03018912 -0.01625196 -0.05274435
v 0.02998290 -0.01697150 -0.05268554
v 0.02098368 -0.02851492 -0.05235402
v 0.02302836 -0.02625976 -0.05251978
v 0.02206306 -0.02851492 -0.05209736
v 0.02313367 -0.02743999 -0.05215885
v 0.02528365 -0.02528574 -0.05221232
v 0.02420866 -0.02636067 -0.05219895
v 0.02636303 -0.02421082 -0.05219628
v 0.02851301 -0.02098603 -0.05234867
v 0.02743802 -0.02206096 -0.05242086
v 0.02743802 -0.02313150 -0.05216153
v 0.01992186 -0.02848859 -0.05258929
v 0.01901799 -0.02883081 -0.05266415
v 0.01775871 -0.02975657 -0.05262137
v 0.01663546 -0.03059019 -0.05255988
v 0.01560434 -0.03174409 -0.05236471
v 0.01450741 -0.03167389 -0.05256256
v 0.01485404 -0.03109036 -0.05269356
v 0.01413445 -0.03127024 -0.05274703
v 0.01345436 -0.03141503 -0.05279248
v 0.01179580 -0.03226620 -0.05272297
v 0.01108060 -0.03239343 -0.05276307
v 0.01022500 -0.03254261 -0.05280852
v 0.00915001 -0.03324460 -0.05269088
v 0.00849185 -0.03333235 -0.05271762
v 0.00592064 -0.03359560 -0.05280585
v 0.00592064 -0.03413525 -0.05262939
v 0.00484565 -0.03423178 -0.05265880
v 0.00377066 -0.03429320 -0.05268019
v 0.00269128 -0.03433269 -0.05269356
v 0.00054130 -0.03496887 -0.05251443
v -0.00000278 -0.03468369 -0.05261603
v -0.00000278 -0.03439850 -0.05271495
v 0.00161629 -0.03496887 -0.05249839
v -0.00000278 -0.03970733 -0.05052265
v 0.00054130 -0.03971172 -0.05052265
v 0.00161629 -0.03969417 -0.05051463
v 0.00269128 -0.03965468 -0.05049324
v 0.00377066 -0.03961080 -0.05046918
v 0.00484565 -0.03954499 -0.05043442
v 0.00592064 -0.03947041 -0.05039165
v 0.00699564 -0.03938705 -0.05034085
v 0.00811450 -0.03919400 -0.05033015
v 0.00915001 -0.03927297 -0.05015370
v 0.01022500 -0.03927297 -0.04998795
v 0.01124295 -0.03933440 -0.04976871
v 0.01237498 -0.03907554 -0.04972594
v 0.01084805 -0.03983457 -0.04951473
v 0.01156325 -0.03973366 -0.04943987
v 0.01237498 -0.03961520 -0.04934897
v 0.01345436 -0.04008904 -0.04866989
v 0.01434506 -0.03993548 -0.04853354
v 0.01506026 -0.03981263 -0.04842125
v 0.01345436 -0.04062870 -0.04814588
v 0.01560434 -0.04018118 -0.04777158
v 0.01667933 -0.03996619 -0.04752829
v 0.01727606 -0.03983896 -0.04737590
v 0.01799126 -0.03968101 -0.04715133
v 0.01886003 -0.03950989 -0.04679842
v 0.01986482 -0.03900972 -0.04680109
v 0.02065022 -0.03884300 -0.04643482
v 0.02136980 -0.03865434 -0.04609528
v 0.01991747 -0.03957132 -0.04575842
v 0.02100124 -0.03901411 -0.04573435
v 0.02167256 -0.03881668 -0.04537877
v 0.02028165 -0.03972488 -0.04483605
v 0.01991747 -0.03998374 -0.04454998
v 0.02044838 -0.03981263 -0.04411954
v 0.01872840 -0.04068135 -0.04350463
v 0.01830718 -0.04089194 -0.04250473
v 0.01775871 -0.04113326 -0.04250473
v 0.01884248 -0.04065502 -0.04250473
v 0.01775871 -0.04113764 -0.04035521
v 0.01775871 -0.04114642 -0.03605082
v 0.01667933 -0.04161149 -0.03066900
v 0.01621862 -0.04180015 -0.02705706
v 0.01595975 -0.04190106 -0.02744205
v 0.01595975 -0.04190106 -0.02705706
v 0.01452935 -0.04241001 -0.02705706
v 0.01383609 -0.04264254 -0.02705706
v 0.04064945 -0.01887566 -0.02705706
v 0.04014485 -0.01991110 -0.02705706
v 0.04003955 -0.02012609 -0.02705706
v 0.03984649 -0.02051219 -0.02705706
v 0.03957006 -0.02105184 -0.02705706
v 0.03903038 -0.02202586 -0.02705706
v 0.03882854 -0.02237247 -0.02705706
v 0.03838099 -0.02313150 -0.02705706
v 0.03819671 -0.02343862 -0.02705706
v 0.03786324 -0.02398706 -0.02705706
v 0.03751222 -0.02452671 -0.02705706
v 0.03660835 -0.02585611 -0.02705706
v 0.03699447 -0.02528574 -0.02851680
v 0.03659519 -0.02583856 -0.04035521
v 0.03659080 -0.02583418 -0.04250473
v 0.03659080 -0.02582979 -0.04313033
v 0.03687600 -0.02538227 -0.04352602
v 0.03626172 -0.02625976 -0.04352602
v 0.03565183 -0.02708460 -0.04357949
v 0.03577907 -0.02522871 -0.04676634
v 0.03523061 -0.02761987 -0.04357949
v 0.03469092 -0.02830432 -0.04357949
v 0.03425654 -0.02883959 -0.04357949
v 0.03416439 -0.02872990 -0.04465692
v 0.03430919 -0.02782170 -0.04603914
v 0.03348430 -0.02919497 -0.04543492
v 0.03389674 -0.02851492 -0.04573703
v 0.03459439 -0.02710215 -0.04648829
v 0.03495418 -0.02633873 -0.04679307
v 0.03531398 -0.02554899 -0.04709785
v 0.03556408 -0.02482945 -0.04741066
v 0.03577907 -0.02421082 -0.04762187
v 0.03610377 -0.02322364 -0.04794804
v 0.03568254 -0.02285948 -0.04856562
v 0.03520867 -0.02206096 -0.04929550
v 0.03542367 -0.02137652 -0.04943987
v 0.03563428 -0.02066136 -0.04957622
v 0.03584489 -0.01991110 -0.04970455
v 0.03613448 -0.01890199 -0.04984892
v 0.03544561 -0.02357902 -0.04836778
v 0.03516041 -0.01883179 -0.05040501
v 0.03537102 -0.01802888 -0.05050928
v 0.03555091 -0.01730934 -0.05059483
v 0.03569571 -0.01668193 -0.05066167
v 0.03606428 -0.01551048 -0.05072851
v 0.03604673 -0.01452769 -0.05091031
v 0.03604673 -0.01345276 -0.05108409
v 0.03604673 -0.01237783 -0.05124183
v 0.03594581 -0.01121515 -0.05143433
v 0.03613887 -0.01022359 -0.05147443
v 0.03641090 -0.00807373 -0.05158137
v 0.03657764 -0.00641088 -0.05164821
v 0.03734549 -0.00269032 -0.05151988
v 0.03737621 -0.00161539 -0.05153325
v 0.03819671 -0.00000958 -0.05120173
v 0.02948270 -0.01872649 -0.05251978
v 0.02975035 -0.01775686 -0.05261870
v 0.02958800 -0.01991110 -0.05224708
v 0.03739376 -0.00000958 -0.05154127
v 0.03559918 -0.01022359 -0.05168831
v 0.03497173 -0.01022359 -0.05193695
v 0.03389236 -0.01237783 -0.05208132
v 0.03552020 -0.01079834 -0.05165623
v 0.03501561 -0.01121515 -0.05179793
v 0.03471725 -0.01237783 -0.05176317
v 0.03281737 -0.01345276 -0.05231926
v 0.03059718 -0.01663806 -0.05255721
v 0.03174237 -0.01560700 -0.05235937
v 0.03174237 -0.01668193 -0.05217222
v 0.03281737 -0.01452769 -0.05215885
v 0.02098368 -0.02958984 -0.05200379
v 0.01990869 -0.02958984 -0.05225242
v 0.02313367 -0.02853247 -0.05181664
v 0.02277826 -0.02919497 -0.05169900
v 0.02230439 -0.02991452 -0.05157869
v 0.02199286 -0.02956791 -0.05176851
v 0.02158919 -0.03017338 -0.05166692
v 0.02425692 -0.02749264 -0.05184605
v 0.02464304 -0.02788312 -0.05162415
v 0.02392784 -0.02818586 -0.05171772
v 0.02642884 -0.02535156 -0.05186209
v 0.02611293 -0.02611059 -0.05173644
v 0.02534947 -0.02642648 -0.05186209
v 0.02502916 -0.02716797 -0.05173109
v 0.02748628 -0.02425469 -0.05184605
v 0.02716159 -0.02503566 -0.05173109
v 0.02851301 -0.02206096 -0.05209469
v 0.02958800 -0.02098603 -0.05200379
v 0.02853495 -0.02313150 -0.05181397
v 0.02818832 -0.02392124 -0.05172039
v 0.01872840 -0.02948455 -0.05252245
v 0.01775871 -0.03066477 -0.05233798
v 0.01560434 -0.03281902 -0.05198240
v 0.01452935 -0.03281902 -0.05216153
v 0.01667933 -0.03174409 -0.05217489
v 0.01345436 -0.03281902 -0.05232728
v 0.01345436 -0.03195469 -0.05262405
v 0.01237498 -0.03216090 -0.05268821
v 0.01138335 -0.03277953 -0.05260533
v 0.01022500 -0.03307788 -0.05264009
v 0.00915001 -0.03389394 -0.05246363
v 0.00811012 -0.03381497 -0.05258394
v 0.00699564 -0.03402557 -0.05259464
v 0.00592064 -0.03496887 -0.05232728
v 0.00484565 -0.03496887 -0.05239145
v 0.00377066 -0.03496887 -0.05243957
v 0.00269128 -0.03496887 -0.05247166
v 0.00054130 -0.03604819 -0.05210538
v -0.00000278 -0.03496887 -0.05251443
v 0.00161629 -0.03604819 -0.05209201
v -0.00000278 -0.03943531 -0.05065365
v -0.00000278 -0.03917206 -0.05077931
v 0.00054130 -0.03917206 -0.05077931
v 0.00161629 -0.03915451 -0.05077396
v 0.00269128 -0.03911941 -0.05075792
v 0.00377066 -0.03907115 -0.05073653
v 0.00484565 -0.03900972 -0.05070980
v 0.00592064 -0.03893514 -0.05067504
v 0.00699564 -0.03885178 -0.05063494
v 0.00778104 -0.03878158 -0.05059751
v 0.00850062 -0.03871138 -0.05056275
v 0.00915001 -0.03863240 -0.05052532
v 0.01022500 -0.03848762 -0.05044779
v 0.01129999 -0.03833844 -0.05035957
v 0.01235743 -0.03811907 -0.05030610
v 0.01345436 -0.03819805 -0.05003874
v 0.01345436 -0.03890004 -0.04960830
v 0.01345436 -0.03943531 -0.04920727
v 0.01458639 -0.03929491 -0.04898537
v 0.01482771 -0.03864995 -0.04943720
v 0.01560434 -0.03916329 -0.04878218
v 0.01667933 -0.03893953 -0.04859771
v 0.01735065 -0.03879474 -0.04847472
v 0.01560434 -0.03970294 -0.04831164
v 0.01667933 -0.03947480 -0.04806568
v 0.01806585 -0.03863240 -0.04832233
v 0.01767096 -0.03923787 -0.04784912
v 0.01883370 -0.03894391 -0.04758711
v 0.01947431 -0.03879035 -0.04740798
v 0.02018951 -0.03860169 -0.04715400
v 0.02100124 -0.03840864 -0.04680109
v 0.02198409 -0.03788215 -0.04675832
v 0.02269928 -0.03772420 -0.04636798
v 0.02204113 -0.03843936 -0.04573435
v 0.02369530 -0.03767594 -0.04522638
v 0.02240092 -0.03861924 -0.04465692
v 0.02186123 -0.03892636 -0.04465692
v 0.02087838 -0.03947918 -0.04454998
v 0.02253694 -0.03870260 -0.04357949
v 0.02200164 -0.03900534 -0.04357949
v 0.02101001 -0.03954061 -0.04357949
v 0.02047032 -0.03982579 -0.04357949
v 0.01990869 -0.04011536 -0.04357949
v 0.01831156 -0.04089633 -0.04035521
v 0.01885125 -0.04065941 -0.03820301
v 0.01990869 -0.04014169 -0.04250473
v 0.01990869 -0.04014608 -0.04035521
v 0.01990869 -0.04015047 -0.03820301
v 0.01775871 -0.04115958 -0.02851680
v 0.01667933 -0.04161588 -0.02744205
v 0.01667933 -0.04161588 -0.02705706
v 0.03622223 -0.02639577 -0.02705706
v 0.03621346 -0.02638261 -0.03605082
v 0.03620468 -0.02637383 -0.04250473
v 0.03566938 -0.02710215 -0.04250473
v 0.03470409 -0.02832187 -0.04250473
v 0.03427409 -0.02886152 -0.04250473
v 0.03372123 -0.02945383 -0.04357949
v 0.03362470 -0.02935292 -0.04465692
v 0.03329124 -0.02897560 -0.04615142
v 0.03359399 -0.02826044 -0.04658186
v 0.03260237 -0.03048050 -0.04465692
v 0.03244002 -0.03030500 -0.04549373
v 0.03224696 -0.03009002 -0.04621024
v 0.03395378 -0.02751458 -0.04689467
v 0.03431796 -0.02675554 -0.04720480
v 0.03459878 -0.02603600 -0.04751493
v 0.03489715 -0.02518483 -0.04782238
v 0.03523061 -0.02421082 -0.04815925
v 0.03448470 -0.02482067 -0.04846403
v 0.03469092 -0.02421082 -0.04862444
v 0.03496296 -0.02312273 -0.04896665
v 0.03423460 -0.02338159 -0.04936769
v 0.03448031 -0.02266204 -0.04952810
v 0.03467337 -0.02206096 -0.04964306
v 0.03502439 -0.02100358 -0.04980882
v 0.03487959 -0.01983652 -0.05025797
v 0.03446276 -0.01942848 -0.05058949
v 0.03462072 -0.01883179 -0.05065900
v 0.03499367 -0.01770421 -0.05074723
v 0.03497173 -0.01668193 -0.05096646
v 0.03497173 -0.01560700 -0.05116430
v 0.03497173 -0.01452769 -0.05134342
v 0.03494102 -0.01354051 -0.05150918
v 0.03456368 -0.01323777 -0.05170168
v 0.03525693 -0.01237783 -0.05155196
v 0.03066738 -0.01775686 -0.05233263
v 0.03066738 -0.01883179 -0.05211875
v 0.03073320 -0.01995498 -0.05185407
v 0.03399327 -0.01354051 -0.05187278
v 0.03281737 -0.01560700 -0.05197705
v 0.03283492 -0.01660734 -0.05178723
v 0.03320787 -0.01691447 -0.05159474
v 0.03298410 -0.01775686 -0.05151720
v 0.03174237 -0.01775686 -0.05196368
v 0.03376072 -0.01452769 -0.05180595
v 0.03352379 -0.01560700 -0.05171504
v 0.02098368 -0.03038398 -0.05173911
v 0.02034747 -0.03114300 -0.05162949
v 0.01995696 -0.03073497 -0.05185407
v 0.01883370 -0.03066477 -0.05212142
v 0.02425692 -0.02853247 -0.05152255
v 0.02313367 -0.02956791 -0.05148512
v 0.02199286 -0.03058580 -0.05142898
v 0.02313367 -0.03066477 -0.05111618
v 0.02098368 -0.03092363 -0.05155731
v 0.02534947 -0.02749264 -0.05154394
v 0.02528365 -0.02851492 -0.05124718
v 0.02683251 -0.02575082 -0.05162949
v 0.02574875 -0.02682574 -0.05162949
v 0.02642884 -0.02642648 -0.05155196
v 0.02787679 -0.02464079 -0.05162147
v 0.02748628 -0.02535156 -0.05154394
v 0.02956606 -0.02199076 -0.05176851
v 0.02990831 -0.02230666 -0.05157869
v 0.02918872 -0.02277173 -0.05169633
v 0.03037779 -0.02098603 -0.05173644
v 0.03017157 -0.02158711 -0.05166692
v 0.02890791 -0.02348689 -0.05160276
v 0.02853495 -0.02425469 -0.05152255
v 0.01775871 -0.03174409 -0.05196903
v 0.01621862 -0.03339377 -0.05166425
v 0.01560434 -0.03353417 -0.05171772
v 0.01452935 -0.03377110 -0.05180595
v 0.01398088 -0.03442922 -0.05164821
v 0.01355528 -0.03399925 -0.05187546
v 0.01661790 -0.03283657 -0.05179258
v 0.01237498 -0.03389394 -0.05208667
v 0.01237498 -0.03281902 -0.05247433
v 0.01022500 -0.03389394 -0.05235402
v 0.01129999 -0.03389394 -0.05222837
v 0.00915001 -0.03496887 -0.05206260
v 0.00807063 -0.03496887 -0.05216687
v 0.00699564 -0.03496887 -0.05225242
v 0.00592064 -0.03604819 -0.05190487
v 0.00484565 -0.03604819 -0.05196903
v 0.00377066 -0.03604819 -0.05202250
v 0.00269128 -0.03604819 -0.05206260
v 0.00054130 -0.03686864 -0.05176584
v -0.00000278 -0.03740391 -0.05154394
v -0.00000278 -0.03645184 -0.05193695
v -0.00000278 -0.03604819 -0.05210271
v 0.00161629 -0.03739075 -0.05153859
v 0.00269128 -0.03681600 -0.05174713
v 0.00269128 -0.03735565 -0.05152522
v -0.00000278 -0.03868067 -0.05099854
v 0.00054130 -0.03819805 -0.05121242
v 0.00161629 -0.03819805 -0.05119905
v 0.00269128 -0.03819805 -0.05116965
v 0.00377066 -0.03819805 -0.05113222
v 0.00484565 -0.03819805 -0.05107607
v 0.00592064 -0.03819805 -0.05101190
v 0.00699564 -0.03819805 -0.05093437
v 0.00811450 -0.03829018 -0.05079000
v 0.00915001 -0.03809714 -0.05077396
v 0.01022500 -0.03794796 -0.05071247
v 0.01198886 -0.03770665 -0.05059751
v 0.01270406 -0.03758380 -0.05053869
v 0.01345436 -0.03744340 -0.05046650
v 0.01452935 -0.03724597 -0.05035689
v 0.01449425 -0.03825508 -0.04977406
v 0.01411252 -0.03878158 -0.04952810
v 0.01560434 -0.03795673 -0.04969385
v 0.01642046 -0.03778124 -0.04957889
v 0.01560434 -0.03849200 -0.04931956
v 0.01674076 -0.03816295 -0.04919391
v 0.01772800 -0.03824631 -0.04878218
v 0.01883370 -0.03790409 -0.04862712
v 0.01950064 -0.03772858 -0.04848274
v 0.02022022 -0.03753992 -0.04830897
v 0.01883370 -0.03843936 -0.04812449
v 0.02098368 -0.03785144 -0.04755770
v 0.02157603 -0.03768910 -0.04738392
v 0.02229122 -0.03746972 -0.04708449
v 0.02358999 -0.03653520 -0.04727965
v 0.02398489 -0.03678528 -0.04656048
v 0.02470447 -0.03655714 -0.04621559
v 0.02341887 -0.03750483 -0.04594289
v 0.02308979 -0.03785144 -0.04564345
v 0.02381815 -0.03775052 -0.04465692
v 0.02313367 -0.03817172 -0.04465692
v 0.02419988 -0.03711873 -0.04572099
v 0.02495457 -0.03673263 -0.04549641
v 0.02516079 -0.03687303 -0.04465692
v 0.02435345 -0.03741269 -0.04465692
v 0.02313367 -0.03833844 -0.04357949
v 0.02202796 -0.03901850 -0.04250473
v 0.02255888 -0.03871577 -0.04250473
v 0.02103634 -0.03955377 -0.04250473
v 0.02049665 -0.03983896 -0.04250473
v 0.01885564 -0.04065941 -0.03712558
v 0.01887319 -0.04066819 -0.02744205
v 0.01832911 -0.04090511 -0.03066900
v 0.02050542 -0.03984334 -0.03820301
v 0.01990869 -0.04016802 -0.02851680
v 0.01775871 -0.04115958 -0.02705706
v 0.01706545 -0.04145354 -0.02705706
v 0.03568254 -0.02711970 -0.02705706
v 0.03568254 -0.02711970 -0.02959424
v 0.03470847 -0.02832626 -0.04035521
v 0.03427848 -0.02886591 -0.03927777
v 0.03373879 -0.02947577 -0.04035521
v 0.03373440 -0.02947138 -0.04250473
v 0.03325175 -0.03001104 -0.04250473
v 0.03323420 -0.02999349 -0.04357949
v 0.03257165 -0.02937486 -0.04662731
v 0.03294461 -0.02865531 -0.04696418
v 0.03331318 -0.02792700 -0.04729837
v 0.03220308 -0.03112546 -0.04357949
v 0.03210217 -0.03102016 -0.04465692
v 0.03139135 -0.03138432 -0.04552047
v 0.03181696 -0.03074375 -0.04586536
v 0.03118513 -0.03118249 -0.04623698
v 0.03147033 -0.03040591 -0.04680911
v 0.03359838 -0.02720745 -0.04758444
v 0.03390991 -0.02637822 -0.04791061
v 0.03421705 -0.02553583 -0.04823411
v 0.03349746 -0.02600529 -0.04853087
v 0.03387042 -0.02521993 -0.04869395
v 0.03326491 -0.02461885 -0.04944254
v 0.03388358 -0.02424153 -0.04919658
v 0.03351940 -0.02390369 -0.04959493
v 0.03388358 -0.02306569 -0.04970989
v 0.03389236 -0.02206096 -0.05007082
v 0.03389236 -0.02106062 -0.05039967
v 0.03424776 -0.02014364 -0.05049057
v 0.03332195 -0.02146865 -0.05056008
v 0.03389236 -0.01983652 -0.05072316
v 0.03389236 -0.01883179 -0.05095309
v 0.03389236 -0.01775686 -0.05117767
v 0.03380460 -0.01660734 -0.05142898
v 0.03406348 -0.01560700 -0.05151186
v 0.03430041 -0.01452769 -0.05160008
v 0.03441888 -0.01395732 -0.05164553
v 0.03172921 -0.01873526 -0.05176584
v 0.03136503 -0.01962592 -0.05170702
v 0.03113687 -0.02034546 -0.05162682
v 0.03338338 -0.01619931 -0.05166158
v 0.03271645 -0.01873526 -0.05141294
v 0.03229084 -0.01831407 -0.05165355
v 0.02098368 -0.03174409 -0.05127391
v 0.01995696 -0.03173092 -0.05150918
v 0.01963227 -0.03136677 -0.05170702
v 0.01832911 -0.03230130 -0.05165890
v 0.02420866 -0.02958984 -0.05119371
v 0.02206306 -0.03174409 -0.05100923
v 0.02424376 -0.03071303 -0.05079268
v 0.02390591 -0.03137554 -0.05064563
v 0.02308979 -0.03173970 -0.05073386
v 0.02636303 -0.02743999 -0.05126856
v 0.02636303 -0.02851492 -0.05092903
v 0.02537140 -0.02967759 -0.05083278
v 0.02743802 -0.02636067 -0.05127124
v 0.02851301 -0.02528574 -0.05124450
v 0.03058402 -0.02199076 -0.05142898
v 0.03066738 -0.02313150 -0.05111350
v 0.02956606 -0.02313150 -0.05148245
v 0.03091748 -0.02098603 -0.05155196
v 0.03174237 -0.02098603 -0.05126856
v 0.02958800 -0.02421082 -0.05119103
v 0.01775871 -0.03299013 -0.05151720
v 0.01661790 -0.03381058 -0.05143433
v 0.01560434 -0.03406944 -0.05151453
v 0.01355528 -0.03494255 -0.05151453
v 0.01452935 -0.03496887 -0.05135145
v 0.01326130 -0.03456523 -0.05170168
v 0.01237498 -0.03472756 -0.05176317
v 0.01153254 -0.03540762 -0.05161345
v 0.01022500 -0.03496887 -0.05194230
v 0.01122540 -0.03501713 -0.05180327
v 0.01081295 -0.03552608 -0.05165623
v 0.00915001 -0.03629389 -0.05153592
v 0.01022500 -0.03560944 -0.05169098
v 0.00807063 -0.03642112 -0.05158404
v 0.00689911 -0.03610961 -0.05180862
v 0.00647350 -0.03658785 -0.05165088
v 0.00592064 -0.03716699 -0.05145037
v 0.00484565 -0.03724158 -0.05147978
v 0.00377066 -0.03730739 -0.05150651
v 0.00054130 -0.03740391 -0.05154394
v -0.00000278 -0.03779440 -0.05138085
v -0.00000278 -0.03819805 -0.05120975
v 0.00689911 -0.03701782 -0.05144234
v 0.00807063 -0.03712311 -0.05130065
v 0.00915001 -0.03712311 -0.05119638
v 0.01022500 -0.03712311 -0.05107607
v 0.01129999 -0.03712311 -0.05094774
v 0.01235743 -0.03718454 -0.05077396
v 0.01345436 -0.03690813 -0.05072316
v 0.01510853 -0.03660101 -0.05058414
v 0.01552097 -0.03702659 -0.05025797
v 0.01674076 -0.03720648 -0.04984090
v 0.01775871 -0.03694323 -0.04972326
v 0.01714004 -0.03762329 -0.04947195
v 0.01775871 -0.03747850 -0.04937036
v 0.01890391 -0.03710557 -0.04921796
v 0.01988237 -0.03715822 -0.04877951
v 0.02098368 -0.03678967 -0.04859503
v 0.02158480 -0.03662295 -0.04845334
v 0.02098368 -0.03732933 -0.04809508
v 0.02194021 -0.03704853 -0.04781704
v 0.02287040 -0.03675457 -0.04753364
v 0.02360754 -0.03546466 -0.04838650
v 0.02420866 -0.03578933 -0.04764058
v 0.02484049 -0.03557434 -0.04741600
v 0.02429202 -0.03635970 -0.04687595
v 0.02523100 -0.03578933 -0.04676366
v 0.02592426 -0.03557873 -0.04637333
v 0.02669650 -0.03535936 -0.04573168
v 0.02616119 -0.03574984 -0.04573168
v 0.02394978 -0.03783388 -0.04357949
v 0.02448947 -0.03749605 -0.04357949
v 0.02688956 -0.03549975 -0.04516756
v 0.02570048 -0.03649571 -0.04465692
v 0.02580579 -0.03657468 -0.04388694
v 0.02451141 -0.03751360 -0.04250473
v 0.02397172 -0.03784705 -0.04250473
v 0.02313367 -0.03836477 -0.04250473
v 0.02204113 -0.03902727 -0.03389863
v 0.02106266 -0.03957132 -0.02705706
v 0.02103634 -0.03955816 -0.04142729
v 0.02256326 -0.03871577 -0.04142729
v 0.02258082 -0.03872893 -0.03066900
v 0.01887319 -0.04066819 -0.02705706
v 0.02051859 -0.03985212 -0.02959424
v 0.01990869 -0.04016802 -0.02705706
v 0.02052297 -0.03985212 -0.02744205
v 0.03541051 -0.02746631 -0.02705706
v 0.03506826 -0.02790067 -0.02705706
v 0.03472163 -0.02833942 -0.02744205
v 0.03429164 -0.02887908 -0.02705706
v 0.03375195 -0.02949332 -0.02744205
v 0.03325614 -0.03001981 -0.03712558
v 0.03271645 -0.03060774 -0.04035521
v 0.03222064 -0.03114300 -0.04250473
v 0.03206268 -0.02967321 -0.04691338
v 0.03227767 -0.02905019 -0.04734382
v 0.03259798 -0.02833064 -0.04764058
v 0.03290512 -0.02754529 -0.04797210
v 0.03166339 -0.03165634 -0.04357949
v 0.03156686 -0.03155543 -0.04465692
v 0.03100962 -0.03209509 -0.04465692
v 0.03030320 -0.03244608 -0.04549373
v 0.03009259 -0.03224426 -0.04621024
v 0.02983810 -0.03200295 -0.04680911
v 0.03093942 -0.03094557 -0.04680911
v 0.03123340 -0.03016022 -0.04737590
v 0.03321665 -0.02672044 -0.04830362
v 0.03249706 -0.02716358 -0.04858701
v 0.03283930 -0.02636067 -0.04879555
v 0.03287002 -0.02537788 -0.04930887
v 0.03226013 -0.02579908 -0.04948799
v 0.03254532 -0.02508392 -0.04964573
v 0.03287002 -0.02424153 -0.04981417
v 0.03275155 -0.02308763 -0.05029005
v 0.03311134 -0.02206096 -0.05046383
v 0.03209339 -0.02341669 -0.05049592
v 0.03234788 -0.02270153 -0.05060553
v 0.03257604 -0.02206096 -0.05069108
v 0.03290512 -0.02106062 -0.05082208
v 0.03281737 -0.01991110 -0.05112419
v 0.03208023 -0.01903361 -0.05157869
v 0.03172921 -0.01995498 -0.05150651
v 0.01990869 -0.03281902 -0.05112954
v 0.02106266 -0.03290677 -0.05082476
v 0.01874595 -0.03272249 -0.05141828
v 0.01904870 -0.03208192 -0.05158137
v 0.02206306 -0.03258209 -0.05069643
v 0.02506865 -0.03038836 -0.05066970
v 0.02462549 -0.03110352 -0.05053602
v 0.02341887 -0.03209509 -0.05049324
v 0.02269928 -0.03235395 -0.05060553
v 0.02743802 -0.02743999 -0.05094239
v 0.02733272 -0.02841839 -0.05065365
v 0.02690272 -0.02905457 -0.05057612
v 0.02636303 -0.02930027 -0.05066435
v 0.02578385 -0.03009440 -0.05056275
v 0.02851301 -0.02636067 -0.05092636
v 0.02968015 -0.02537349 -0.05083278
v 0.03174237 -0.02206096 -0.05100656
v 0.03071126 -0.02423714 -0.05079000
v 0.03173799 -0.02308763 -0.05073386
v 0.03137819 -0.02389931 -0.05064296
v 0.01775871 -0.03389394 -0.05118034
v 0.01667933 -0.03496887 -0.05097180
v 0.01560434 -0.03496887 -0.05116697
v 0.01345436 -0.03604819 -0.05109211
v 0.01237498 -0.03604819 -0.05124718
v 0.01237498 -0.03526283 -0.05155463
v 0.01452935 -0.03604819 -0.05091833
v 0.01122540 -0.03594728 -0.05143967
v 0.01022500 -0.03614471 -0.05147710
v 0.00718870 -0.03651326 -0.05162147
v 0.01552097 -0.03606574 -0.05073119
v 0.01667933 -0.03570597 -0.05066435
v 0.01732872 -0.03556118 -0.05060018
v 0.01582373 -0.03643428 -0.05050393
v 0.01667933 -0.03624124 -0.05040234
v 0.01771483 -0.03596922 -0.05028738
v 0.01890391 -0.03613155 -0.04985427
v 0.01858799 -0.03673702 -0.04959761
v 0.01930758 -0.03654836 -0.04947462
v 0.01990869 -0.03639041 -0.04936234
v 0.02101001 -0.03601747 -0.04917252
v 0.02199286 -0.03604380 -0.04870999
v 0.02288795 -0.03568842 -0.04856830
v 0.02230439 -0.03640357 -0.04825015
v 0.02314244 -0.03497765 -0.04896933
v 0.02420866 -0.03471440 -0.04863246
v 0.02482733 -0.03449064 -0.04846938
v 0.02554253 -0.03422739 -0.04823678
v 0.02420866 -0.03524967 -0.04818064
v 0.02605150 -0.03460033 -0.04752027
v 0.02676670 -0.03432830 -0.04722084
v 0.02555569 -0.03531548 -0.04709251
v 0.02634548 -0.03496010 -0.04679842
v 0.02710894 -0.03460033 -0.04650433
v 0.02782853 -0.03431075 -0.04604181
v 0.02745557 -0.03478460 -0.04570227
v 0.02538457 -0.03688619 -0.04355008
v 0.02805669 -0.03449941 -0.04532263
v 0.02818832 -0.03460910 -0.04465692
v 0.02740292 -0.03521457 -0.04474782
v 0.02701680 -0.03559628 -0.04445106
v 0.02646395 -0.03592095 -0.04474782
v 0.02583212 -0.03659223 -0.04317044
v 0.02709578 -0.03565332 -0.04357949
v 0.02528365 -0.03698272 -0.04250473
v 0.02528365 -0.03698711 -0.04142729
v 0.02528365 -0.03699149 -0.03927777
v 0.02528365 -0.03700466 -0.03282119
v 0.02453335 -0.03752676 -0.02851680
v 0.02398050 -0.03785144 -0.03927777
v 0.02204990 -0.03903166 -0.02851680
v 0.02204990 -0.03903166 -0.02705706
v 0.02086960 -0.03967223 -0.02705706
v 0.02399366 -0.03786021 -0.02959424
v 0.02399805 -0.03786021 -0.02744205
v 0.02313367 -0.03839109 -0.02851680
v 0.02258520 -0.03872893 -0.02744205
v 0.02239653 -0.03883861 -0.02705706
v 0.02052297 -0.03985212 -0.02705706
v 0.03472163 -0.02833942 -0.02705706
v 0.03375195 -0.02949332 -0.02705706
v 0.03344042 -0.02983993 -0.02705706
v 0.03326491 -0.03002859 -0.02959424
v 0.03223818 -0.03116056 -0.02744205
v 0.03168533 -0.03167389 -0.04142729
v 0.03112809 -0.03220916 -0.04250473
v 0.03149666 -0.02958984 -0.04760850
v 0.03187839 -0.02866409 -0.04801220
v 0.03219870 -0.02787873 -0.04835709
v 0.03111054 -0.03219161 -0.04357949
v 0.03047432 -0.03260842 -0.04465692
v 0.02989953 -0.03314808 -0.04465692
v 0.02919750 -0.03348152 -0.04544027
v 0.02964504 -0.03286728 -0.04582526
v 0.02897811 -0.03329286 -0.04615677
v 0.02929841 -0.03250750 -0.04680911
v 0.03015402 -0.03122637 -0.04737056
v 0.02906148 -0.03228814 -0.04735451
v 0.03057524 -0.03057702 -0.04757909
v 0.03009259 -0.03009002 -0.04839452
v 0.03074197 -0.02967759 -0.04818598
v 0.03115442 -0.02899754 -0.04838383
v 0.03147911 -0.02827799 -0.04861642
v 0.03172482 -0.02741805 -0.04895863
v 0.03203635 -0.02636067 -0.04934362
v 0.03125534 -0.02695737 -0.04952542
v 0.03149666 -0.02636067 -0.04965910
v 0.03183890 -0.02537788 -0.04988902
v 0.03173799 -0.02423714 -0.05037561
v 0.03110177 -0.02461885 -0.05053334
v 0.01984288 -0.03389394 -0.05072851
v 0.01883370 -0.03389394 -0.05095843
v 0.02147072 -0.03332358 -0.05056008
v 0.02075552 -0.03353417 -0.05065098
v 0.02424376 -0.03173970 -0.05037828
v 0.02537140 -0.03071303 -0.05043977
v 0.02308979 -0.03275320 -0.05029273
v 0.02206306 -0.03311736 -0.05046650
v 0.02841648 -0.02733030 -0.05065365
v 0.02799526 -0.02799281 -0.05058147
v 0.02762230 -0.02871235 -0.05043175
v 0.02733272 -0.02948455 -0.05021252
v 0.02636303 -0.02983993 -0.05045314
v 0.02930280 -0.02636067 -0.05066167
v 0.02905270 -0.02690472 -0.05057612
v 0.03038218 -0.02507076 -0.05066970
v 0.03009698 -0.02579030 -0.05056275
v 0.01771483 -0.03499520 -0.05074990
v 0.01883370 -0.03462665 -0.05066167
v 0.01943921 -0.03446870 -0.05059216
v 0.01804391 -0.03537252 -0.05051196
v 0.01883370 -0.03516631 -0.05040501
v 0.01984288 -0.03488551 -0.05026332
v 0.01990869 -0.03585075 -0.04970989
v 0.02066777 -0.03564015 -0.04958424
v 0.02138736 -0.03542517 -0.04944254
v 0.02206306 -0.03521457 -0.04929550
v 0.02339254 -0.03423617 -0.04937303
v 0.02267296 -0.03448625 -0.04953077
v 0.02423937 -0.03388517 -0.04919925
v 0.02522661 -0.03388078 -0.04870198
v 0.02602079 -0.03350785 -0.04854424
v 0.02674037 -0.03321827 -0.04831164
v 0.02639374 -0.03392027 -0.04791595
v 0.02720547 -0.03361315 -0.04759513
v 0.02792506 -0.03331041 -0.04729570
v 0.02751700 -0.03395975 -0.04690001
v 0.02825853 -0.03359121 -0.04657652
v 0.02935984 -0.03362192 -0.04465692
v 0.02872362 -0.03416158 -0.04465692
v 0.02829363 -0.03469685 -0.04357949
v 0.02763108 -0.03523651 -0.04357949
v 0.02883332 -0.03424933 -0.04357949
v 0.02637619 -0.03620614 -0.04250473
v 0.02583650 -0.03659662 -0.04250473
v 0.02711333 -0.03567086 -0.04250473
v 0.02584089 -0.03659662 -0.04142729
v 0.02584528 -0.03660101 -0.03820301
v 0.02585844 -0.03660978 -0.02851680
v 0.02528365 -0.03701343 -0.02744205
v 0.02453335 -0.03752676 -0.02705706
v 0.02434468 -0.03764522 -0.02705706
v 0.02399805 -0.03786021 -0.02705706
v 0.02277826 -0.03861047 -0.02705706
v 0.02258520 -0.03872893 -0.02705706
v 0.03272961 -0.03062090 -0.02705706
v 0.03272961 -0.03062090 -0.02744205
v 0.03223818 -0.03116056 -0.02705706
v 0.03204512 -0.03134922 -0.02705706
v 0.03169850 -0.03168705 -0.02959424
v 0.03113248 -0.03221355 -0.04035521
v 0.03059279 -0.03272249 -0.04250473
v 0.03057524 -0.03270494 -0.04357949
v 0.03000484 -0.03324460 -0.04357949
v 0.02857883 -0.03308226 -0.04688397
v 0.02948709 -0.03164756 -0.04755770
v 0.02967576 -0.03074375 -0.04818064
v 0.02900005 -0.03115178 -0.04838383
v 0.02851301 -0.03252067 -0.04757107
v 0.02788118 -0.03220038 -0.04835709
v 0.02858760 -0.03180113 -0.04814855
v 0.03043483 -0.02937486 -0.04863514
v 0.02937300 -0.03043662 -0.04863246
v 0.03068055 -0.02853247 -0.04898537
v 0.03093064 -0.02767252 -0.04933293
v 0.03021106 -0.02806740 -0.04954414
v 0.03061034 -0.02736540 -0.04966712
v 0.03066738 -0.02636067 -0.05007350
v 0.03071126 -0.02537349 -0.05043977
v 0.02106266 -0.03389394 -0.05039967
v 0.02015879 -0.03424933 -0.05049324
v 0.02206306 -0.03389394 -0.05007617
v 0.02538457 -0.03184061 -0.04989170
v 0.02509059 -0.03254700 -0.04965108
v 0.02423937 -0.03287167 -0.04981417
v 0.02636303 -0.03066477 -0.05007350
v 0.02307224 -0.03388517 -0.04971524
v 0.02871046 -0.02761987 -0.05043710
v 0.02841648 -0.02841839 -0.05022321
v 0.02736343 -0.03061212 -0.04966979
v 0.02846036 -0.02954597 -0.04968851
v 0.02983810 -0.02636067 -0.05045046
v 0.02101001 -0.03502591 -0.04981417
v 0.02206306 -0.03467491 -0.04964573
v 0.02390152 -0.03352101 -0.04959493
v 0.02461672 -0.03326215 -0.04943987
v 0.02538457 -0.03287167 -0.04931689
v 0.02637180 -0.03284534 -0.04880090
v 0.02716159 -0.03250312 -0.04858434
v 0.02946953 -0.03371406 -0.04357949
v 0.02831118 -0.03471001 -0.04250473
v 0.02765302 -0.03524967 -0.04250473
v 0.02885087 -0.03426688 -0.04250473
v 0.02637619 -0.03621052 -0.04142729
v 0.02638058 -0.03621052 -0.04035521
v 0.02766618 -0.03526283 -0.03174643
v 0.02713088 -0.03568403 -0.02959424
v 0.02639813 -0.03622369 -0.02744205
v 0.02585844 -0.03660978 -0.02705706
v 0.02548987 -0.03686864 -0.02705706
v 0.02528365 -0.03701343 -0.02705706
v 0.03114564 -0.03222671 -0.02705706
v 0.03114564 -0.03222671 -0.02744205
v 0.03060595 -0.03273565 -0.03174643
v 0.03059718 -0.03272688 -0.03927777
v 0.03002239 -0.03326215 -0.04250473
v 0.02828046 -0.03148084 -0.04862177
v 0.02962311 -0.02962494 -0.04899339
v 0.02987320 -0.02878694 -0.04935432
v 0.02853495 -0.03068232 -0.04898537
v 0.02878505 -0.02987064 -0.04934897
v 0.02915801 -0.02915549 -0.04955216
v 0.02954412 -0.02846227 -0.04969118
v 0.02948270 -0.02733030 -0.05021252
v 0.02636303 -0.03149839 -0.04965642
v 0.02580579 -0.03226620 -0.04949067
v 0.02695537 -0.03125269 -0.04952542
v 0.02806546 -0.03021725 -0.04954414
v 0.02636303 -0.03203805 -0.04934362
v 0.02741608 -0.03172654 -0.04896131
v 0.02948709 -0.03372722 -0.04250473
v 0.02831556 -0.03471440 -0.04142729
v 0.02885526 -0.03427127 -0.03927777
v 0.02832873 -0.03472317 -0.03174643
v 0.02767057 -0.03526722 -0.02744205
v 0.02747751 -0.03541639 -0.02705706
v 0.02713088 -0.03568403 -0.02705706
v 0.02639813 -0.03622369 -0.02705706
v 0.03061034 -0.03274004 -0.02705706
v 0.03061034 -0.03274004 -0.02744205
v 0.03003555 -0.03327092 -0.03389863
v 0.02767496 -0.03093241 -0.04933827
v 0.02950463 -0.03374477 -0.02744205
v 0.02886403 -0.03427565 -0.03389863
v 0.02867974 -0.03444238 -0.02705706
v 0.02833312 -0.03472756 -0.02744205
v 0.02767057 -0.03526722 -0.02705706
v 0.03024177 -0.03308665 -0.02705706
v 0.03003994 -0.03327531 -0.02959424
v 0.02950463 -0.03374477 -0.02705706
v 0.02909658 -0.03409138 -0.02705706
v 0.02886842 -0.03428004 -0.02959424
v 0.02985127 -0.03344203 -0.02705706
v 0.02887280 -0.03428004 -0.02705706
v 0.02833312 -0.03472756 -0.02705706
v 0.03003994 -0.03327531 -0.02705706
f 1 2 5
f 1 5 3
f 1 3 7
f 1 7 14
f 1 14 19
f 1 19 32
f 1 32 57
f 1 57 95
f 1 95 143
f 1 143 209
f 1 209 208
f 1 208 287
f 1 287 379
f 1 379 378
f 1 378 377
f 1 377 465
f 1 465 566
f 1 566 568
f 1 568 674
f 1 674 676
f 1 676 678
f 1 678 810
f 1 810 812
f 1 812 939
f 1 939 1086
f 1 1086 1245
f 1 1245 1246
f 1 1246 1405
f 1 1405 1409
f 1 1409 1250
f 1 1250 1091
f 1 1091 945
f 1 945 817
f 1 817 686
f 1 686 685
f 1 685 578
f 1 578 484
f 1 484 483
f 1 483 398
f 1 398 394
f 1 394 393
f 1 393 392
f 1 392 391
f 1 391 303
f 1 303 223
f 1 223 222
f 1 222 156
f 1 156 110
f 1 110 109
f 1 109 71
f 1 71 40
f 1 40 39
f 1 39 36
f 1 36 24
f 1 24 15
f 1 15 8
f 1 8 4
f 1 4 9
f 1 9 16
f 1 16 27
f 1 27 50
f 1 50 87
f 1 87 86
f 1 86 133
f 1 133 194
f 1 194 273
f 1 273 272
f 1 272 356
f 1 356 439
f 1 439 530
f 1 530 529
f 1 529 629
f 1 629 753
f 1 753 887
f 1 887 889
f 1 889 1033
f 1 1033 1188
f 1 1188 1350
f 1 1350 1349
f 1 1349 1185
f 1 1185 1348
f 1 1348 1346
f 1 1346 1511
f 1 1511 1657
f 1 1657 1656
f 1 1656 1784
f 1 1784 1786
f 1 1786 1902
f 1 1902 1896
f 1 1896 1780
f 1 1780 1895
f 1 1895 1901
f 1 1901 1988
f 1 1988 1987
f 1 1987 1986
f 1 1986 1985
f 1 1985 1984
f 1 1984 2044
f 1 2044 2043
f 1 2043 2042
f 1 2042 2071
f 1 2071 2070
f 1 2070 2069
f 1 2069 2080
f 1 2080 2088
f 1 2088 2078
f 1 2078 2087
f 1 2087 2084
f 1 2084 2083
f 1 2083 2086
f 1 2086 2089
f 1 2089 2081
f 1 2081 2072
f 1 2072 2045
f 1 2045 1992
f 1 1992 1991
f 1 1991 1989
f 1 1989 1905
f 1 1905 1904
f 1 1904 1791
f 1 1791 1903
f 1 1903 1789
f 1 1789 1788
f 1 1788 1658
f 1 1658 1512
f 1 1512 1362
f 1 1362 1361
f 1 1361 1360
f 1 1360 1359
f 1 1359 1358
f 1 1358 1357
f 1 1357 1356
f 1 1356 1355
f 1 1355 1354
f 1 1354 1353
f 1 1353 1352
f 1 1352 1351
f 1 1351 1189
f 1 1189 1035
f 1 1035 891
f 1 891 1034
f 1 1034 897
f 1 897 1039
f 1 1039 941
f 1 941 813
f 1 813 679
f 1 679 571
f 1 571 470
f 1 470 383
f 1 383 469
f 1 469 467
f 1 467 381
f 1 381 289
f 1 289 213
f 1 213 211
f 1 211 144
f 1 144 97
f 1 97 96
f 1 96 58
f 1 58 33
f 1 33 20
f 1 20 11
f 1 11 6
f 1 6 2
f 2 6 5
f 3 5 7
f 4 8 9
f 5 6 10
f 5 10 7
f 6 11 12
f 6 12 13
f 6 13 10
f 7 10 14
f 8 15 23
f 8 23 35
f 8 35 66
f 8 66 104
f 8 104 152
f 8 152 218
f 8 218 221
f 8 221 302
f 8 302 301
f 8 301 390
f 8 390 479
f 8 479 478
f 8 478 477
f 8 477 476
f 8 476 475
f 8 475 574
f 8 574 608
f 8 608 724
f 8 724 856
f 8 856 855
f 8 855 995
f 8 995 994
f 8 994 1143
f 8 1143 1303
f 8 1303 1302
f 8 1302 1459
f 8 1459 1602
f 8 1602 1601
f 8 1601 1600
f 8 1600 1741
f 8 1741 1742
f 8 1742 1606
f 8 1606 1462
f 8 1462 1461
f 8 1461 1305
f 8 1305 1146
f 8 1146 1145
f 8 1145 996
f 8 996 859
f 8 859 858
f 8 858 857
f 8 857 726
f 8 726 725
f 8 725 610
f 8 610 509
f 8 509 423
f 8 423 422
f 8 422 341
f 8 341 340
f 8 340 263
f 8 263 262
f 8 262 184
f 8 184 125
f 8 125 88
f 8 88 52
f 8 52 51
f 8 51 45
f 8 45 26
f 8 26 16
f 8 16 9
f 10 13 17
f 10 17 18
f 10 18 19
f 10 19 14
f 11 20 21
f 11 21 12
f 12 21 13
f 13 21 22
f 13 22 17
f 15 24 25
f 15 25 23
f 16 26 27
f 17 22 28
f 17 28 29
f 17 29 30
f 17 30 55
f 17 55 31
f 17 31 18
f 18 31 19
f 19 31 55
f 19 55 32
f 20 33 21
f 21 33 22
f 22 33 34
f 22 34 28
f 23 25 35
f 24 36 25
f 25 37 38
f 25 38 35
f 25 36 39
f 25 39 40
f 25 40 71
f 25 71 41
f 25 41 42
f 25 42 43
f 25 43 44
f 25 44 37
f 26 45 27
f 27 46 47
f 27 47 48
f 27 48 49
f 27 49 50
f 27 45 51
f 27 51 52
f 27 52 46
f 28 34 29
f 29 34 53
f 29 53 90
f 29 90 54
f 29 54 30
f 30 54 56
f 30 56 55
f 32 55 57
f 33 58 59
f 33 59 34
f 34 59 60
f 34 60 61
f 34 61 62
f 34 62 63
f 34 63 101
f 34 101 64
f 34 64 103
f 34 103 65
f 34 65 53
f 35 38 69
f 35 69 66
f 37 67 38
f 37 44 68
f 37 68 67
f 38 67 70
f 38 70 69
f 41 71 72
f 41 72 42
f 42 72 73
f 42 73 74
f 42 74 75
f 42 75 43
f 43 76 44
f 43 75 77
f 43 77 78
f 43 78 79
f 43 79 76
f 44 76 80
f 44 80 81
f 44 81 82
f 44 82 68
f 46 52 83
f 46 83 84
f 46 84 47
f 47 84 129
f 47 129 85
f 47 85 86
f 47 86 48
f 48 86 49
f 49 86 87
f 49 87 50
f 52 88 83
f 53 65 89
f 53 89 90
f 54 90 91
f 54 91 92
f 54 92 56
f 55 56 93
f 55 93 57
f 56 92 94
f 56 94 93
f 57 93 95
f 58 96 59
f 59 96 60
f 60 97 144
f 60 144 98
f 60 98 99
f 60 99 100
f 60 100 61
f 60 96 97
f 61 100 62
f 62 100 101
f 62 101 63
f 64 101 102
f 64 102 103
f 65 103 89
f 66 69 104
f 67 68 82
f 67 82 105
f 67 105 106
f 67 106 70
f 69 70 107
f 69 107 104
f 70 106 108
f 70 108 107
f 71 109 72
f 72 109 110
f 72 110 74
f 72 74 73
f 74 110 156
f 74 156 111
f 74 111 159
f 74 159 112
f 74 112 113
f 74 113 75
f 75 78 77
f 75 113 114
f 75 114 115
f 75 115 116
f 75 116 78
f 76 79 117
f 76 117 118
f 76 118 119
f 76 119 80
f 78 117 79
f 78 116 120
f 78 120 117
f 80 121 122
f 80 122 123
f 80 123 81
f 80 119 118
f 80 118 121
f 81 123 124
f 81 124 105
f 81 105 82
f 83 88 125
f 83 125 126
f 83 126 127
f 83 127 128
f 83 128 84
f 84 128 129
f 85 129 189
f 85 189 130
f 85 130 86
f 86 130 131
f 86 131 132
f 86 132 133
f 89 103 134
f 89 134 135
f 89 135 136
f 89 136 137
f 89 137 90
f 90 137 138
f 90 138 91
f 91 138 202
f 91 202 139
f 91 139 140
f 91 140 92
f 92 140 142
f 92 142 94
f 93 94 141
f 93 141 95
f 94 142 141
f 95 141 143
f 98 144 211
f 98 211 145
f 98 145 146
f 98 146 99
f 99 146 100
f 100 146 102
f 100 102 101
f 102 147 103
f 102 146 148
f 102 148 149
f 102 149 150
f 102 150 147
f 103 147 151
f 103 151 134
f 104 107 153
f 104 153 152
f 105 124 106
f 106 124 123
f 106 123 108
f 107 108 153
f 108 154 220
f 108 220 155
f 108 155 153
f 108 123 182
f 108 182 154
f 111 156 157
f 111 157 158
f 111 158 159
f 112 159 160
f 112 160 113
f 113 160 161
f 113 161 114
f 114 161 115
f 115 162 163
f 115 163 164
f 115 164 165
f 115 165 166
f 115 166 167
f 115 167 116
f 115 161 160
f 115 160 159
f 115 159 162
f 116 167 120
f 117 120 168
f 117 168 118
f 118 169 170
f 118 170 121
f 118 168 171
f 118 171 172
f 118 172 242
f 118 242 173
f 118 173 174
f 118 174 175
f 118 175 176
f 118 176 169
f 120 177 178
f 120 178 179
f 120 179 168
f 120 167 177
f 121 180 122
f 121 170 180
f 122 180 181
f 122 181 183
f 122 183 123
f 123 183 182
f 125 184 126
f 126 184 262
f 126 262 185
f 126 185 186
f 126 186 127
f 127 186 268
f 127 268 187
f 127 187 129
f 127 129 128
f 129 187 269
f 129 269 188
f 129 188 189
f 130 189 190
f 130 190 191
f 130 191 131
f 131 191 192
f 131 192 132
f 132 192 193
f 132 193 194
f 132 194 133
f 134 151 195
f 134 195 196
f 134 196 197
f 134 197 136
f 134 136 135
f 136 197 196
f 136 196 195
f 136 195 198
f 136 198 199
f 136 199 200
f 136 200 201
f 136 201 137
f 137 201 138
f 138 201 202
f 139 202 203
f 139 203 204
f 139 204 205
f 139 205 140
f 140 205 206
f 140 206 142
f 141 142 207
f 141 207 208
f 141 208 209
f 141 209 143
f 142 206 210
f 142 210 207
f 145 212 146
f 145 211 213
f 145 213 214
f 145 214 212
f 146 212 148
f 147 150 215
f 147 215 151
f 148 214 216
f 148 216 149
f 148 212 214
f 149 216 217
f 149 217 150
f 150 217 215
f 151 215 195
f 152 153 218
f 153 155 218
f 154 219 220
f 154 182 219
f 155 220 302
f 155 302 221
f 155 221 218
f 156 222 157
f 157 222 223
f 157 223 224
f 157 224 225
f 157 225 158
f 158 225 226
f 158 226 227
f 158 227 159
f 159 227 162
f 162 228 163
f 162 227 228
f 163 228 164
f 164 229 165
f 164 228 230
f 164 230 231
f 164 231 232
f 164 232 233
f 164 233 229
f 165 229 166
f 166 229 234
f 166 234 235
f 166 235 236
f 166 236 177
f 166 177 167
f 168 179 237
f 168 237 238
f 168 238 171
f 169 176 239
f 169 239 170
f 170 239 180
f 171 238 240
f 171 240 172
f 172 240 241
f 172 241 322
f 172 322 242
f 173 242 322
f 173 322 243
f 173 243 244
f 173 244 175
f 173 175 174
f 175 245 176
f 175 244 241
f 175 241 246
f 175 246 247
f 175 247 248
f 175 248 249
f 175 249 250
f 175 250 251
f 175 251 245
f 176 245 239
f 177 236 252
f 177 252 178
f 178 252 179
f 179 253 237
f 179 252 254
f 179 254 253
f 180 239 181
f 181 255 256
f 181 256 183
f 181 239 257
f 181 257 255
f 182 258 219
f 182 183 259
f 182 259 260
f 182 260 258
f 183 256 261
f 183 261 259
f 185 262 263
f 185 263 264
f 185 264 186
f 186 264 265
f 186 265 266
f 186 266 267
f 186 267 268
f 187 268 269
f 188 269 270
f 188 270 190
f 188 190 189
f 190 270 349
f 190 349 271
f 190 271 272
f 190 272 191
f 191 272 192
f 192 272 193
f 193 272 273
f 193 273 194
f 195 215 295
f 195 295 274
f 195 274 275
f 195 275 276
f 195 276 198
f 198 276 277
f 198 277 199
f 199 277 278
f 199 278 200
f 200 278 279
f 200 279 280
f 200 280 201
f 201 280 202
f 202 280 203
f 203 280 281
f 203 281 204
f 204 281 282
f 204 282 205
f 205 282 283
f 205 283 284
f 205 284 206
f 206 284 285
f 206 285 210
f 207 210 286
f 207 286 208
f 208 286 287
f 210 285 288
f 210 288 286
f 213 289 290
f 213 290 214
f 214 290 291
f 214 291 292
f 214 292 293
f 214 293 216
f 215 217 294
f 215 294 295
f 216 293 217
f 217 293 294
f 219 296 297
f 219 297 298
f 219 298 299
f 219 299 300
f 219 300 220
f 219 258 296
f 220 300 301
f 220 301 302
f 223 303 224
f 224 303 304
f 224 304 305
f 224 305 306
f 224 306 225
f 225 306 226
f 226 306 231
f 226 231 230
f 226 230 228
f 226 228 307
f 226 307 227
f 227 307 228
f 229 308 309
f 229 309 234
f 229 233 308
f 231 304 310
f 231 310 311
f 231 311 312
f 231 312 232
f 231 306 305
f 231 305 313
f 231 313 304
f 232 312 233
f 233 312 314
f 233 314 315
f 233 315 316
f 233 316 317
f 233 317 308
f 234 309 318
f 234 318 235
f 235 318 252
f 235 252 236
f 237 253 238
f 238 319 320
f 238 320 240
f 238 253 254
f 238 254 321
f 238 321 319
f 239 245 251
f 239 251 257
f 240 320 241
f 241 320 246
f 241 244 322
f 243 322 244
f 246 320 323
f 246 323 247
f 247 323 324
f 247 324 248
f 248 324 325
f 248 325 249
f 249 326 327
f 249 327 328
f 249 328 250
f 249 325 326
f 250 329 251
f 250 328 256
f 250 256 330
f 250 330 329
f 251 329 257
f 252 318 321
f 252 321 254
f 255 257 329
f 255 329 331
f 255 331 256
f 256 331 332
f 256 332 330
f 256 328 327
f 256 327 259
f 256 259 333
f 256 333 261
f 258 334 296
f 258 260 335
f 258 335 336
f 258 336 337
f 258 337 338
f 258 338 334
f 259 327 339
f 259 339 335
f 259 335 260
f 259 261 333
f 263 340 264
f 264 340 341
f 264 341 342
f 264 342 343
f 264 343 265
f 265 343 266
f 266 343 344
f 266 344 346
f 266 346 267
f 267 345 268
f 267 346 430
f 267 430 347
f 267 347 345
f 268 345 269
f 269 345 428
f 269 428 348
f 269 348 270
f 270 348 432
f 270 432 349
f 271 350 272
f 271 349 351
f 271 351 352
f 271 352 353
f 271 353 350
f 272 350 354
f 272 354 355
f 272 355 356
f 274 295 357
f 274 357 358
f 274 358 359
f 274 359 275
f 275 359 360
f 275 360 361
f 275 361 362
f 275 362 276
f 276 362 277
f 277 362 363
f 277 363 364
f 277 364 365
f 277 365 366
f 277 366 278
f 278 366 367
f 278 367 279
f 279 367 368
f 279 368 280
f 280 368 281
f 281 368 369
f 281 369 370
f 281 370 371
f 281 371 372
f 281 372 282
f 282 372 283
f 283 372 373
f 283 373 374
f 283 374 284
f 284 374 375
f 284 375 285
f 285 375 380
f 285 380 288
f 286 288 376
f 286 376 377
f 286 377 378
f 286 378 379
f 286 379 287
f 288 380 464
f 288 464 376
f 289 381 290
f 290 381 291
f 291 381 292
f 292 381 293
f 293 381 294
f 294 381 382
f 294 382 383
f 294 383 384
f 294 384 385
f 294 385 386
f 294 386 295
f 295 386 357
f 296 334 387
f 296 387 297
f 297 387 388
f 297 388 298
f 298 388 389
f 298 389 299
f 299 389 390
f 299 390 300
f 300 390 301
f 303 391 304
f 304 392 393
f 304 393 394
f 304 394 310
f 304 313 305
f 304 391 392
f 308 395 309
f 308 317 395
f 309 395 396
f 309 396 397
f 309 397 321
f 309 321 318
f 310 394 398
f 310 398 399
f 310 399 311
f 311 399 400
f 311 400 312
f 312 400 314
f 314 400 401
f 314 401 315
f 315 401 402
f 315 402 316
f 316 402 403
f 316 403 487
f 316 487 404
f 316 404 317
f 317 404 405
f 317 405 406
f 317 406 395
f 319 321 320
f 320 407 323
f 320 321 397
f 320 397 408
f 320 408 407
f 323 407 495
f 323 495 409
f 323 409 324
f 324 409 410
f 324 410 325
f 325 410 411
f 325 411 412
f 325 412 413
f 325 413 326
f 326 413 327
f 327 413 414
f 327 414 415
f 327 415 339
f 329 330 332
f 329 332 331
f 334 416 417
f 334 417 387
f 334 338 418
f 334 418 416
f 335 419 420
f 335 420 336
f 335 339 419
f 336 420 337
f 337 420 418
f 337 418 338
f 339 415 421
f 339 421 419
f 341 422 342
f 342 422 423
f 342 423 424
f 342 424 425
f 342 425 343
f 343 425 426
f 343 426 427
f 343 427 344
f 344 427 346
f 345 347 428
f 346 427 429
f 346 429 430
f 347 430 431
f 347 431 428
f 348 428 433
f 348 433 432
f 349 432 435
f 349 435 351
f 350 353 434
f 350 434 354
f 351 435 436
f 351 436 437
f 351 437 352
f 352 437 353
f 353 437 438
f 353 438 434
f 354 434 355
f 355 434 439
f 355 439 356
f 357 440 441
f 357 441 442
f 357 442 443
f 357 443 444
f 357 444 445
f 357 445 359
f 357 359 358
f 357 386 440
f 359 445 444
f 359 444 446
f 359 446 447
f 359 447 360
f 360 447 448
f 360 448 449
f 360 449 362
f 360 362 361
f 362 449 363
f 363 449 450
f 363 450 451
f 363 451 364
f 364 451 365
f 365 451 452
f 365 452 366
f 366 452 453
f 366 453 367
f 367 453 454
f 367 454 368
f 368 454 369
f 369 454 455
f 369 455 456
f 369 456 370
f 370 456 371
f 371 456 457
f 371 457 458
f 371 458 459
f 371 459 460
f 371 460 372
f 372 460 373
f 373 460 374
f 374 460 461
f 374 461 462
f 374 462 375
f 375 462 463
f 375 463 380
f 376 464 465
f 376 465 377
f 380 463 466
f 380 466 464
f 381 467 468
f 381 468 382
f 382 468 383
f 383 468 469
f 383 470 471
f 383 471 384
f 384 471 472
f 384 472 473
f 384 473 385
f 385 473 440
f 385 440 386
f 387 474 475
f 387 475 476
f 387 476 477
f 387 477 478
f 387 478 388
f 387 417 474
f 388 478 479
f 388 479 390
f 388 390 389
f 395 406 396
f 396 406 480
f 396 480 481
f 396 481 397
f 397 481 482
f 397 482 408
f 398 483 399
f 399 483 484
f 399 484 485
f 399 485 486
f 399 486 400
f 400 486 401
f 401 486 402
f 402 486 488
f 402 488 403
f 403 488 489
f 403 489 490
f 403 490 487
f 404 487 491
f 404 491 492
f 404 492 405
f 405 492 493
f 405 493 494
f 405 494 406
f 406 494 480
f 407 408 496
f 407 496 495
f 408 482 496
f 409 495 497
f 409 497 498
f 409 498 499
f 409 499 411
f 409 411 410
f 411 500 412
f 411 499 501
f 411 501 500
f 412 502 413
f 412 500 502
f 413 502 414
f 414 502 503
f 414 503 504
f 414 504 415
f 415 504 505
f 415 505 506
f 415 506 508
f 415 508 421
f 416 507 417
f 416 418 421
f 416 421 508
f 416 508 507
f 417 507 474
f 418 420 419
f 418 419 421
f 423 509 510
f 423 510 424
f 424 510 511
f 424 511 425
f 425 511 512
f 425 512 426
f 426 512 513
f 426 513 427
f 427 513 514
f 427 514 429
f 428 431 515
f 428 515 516
f 428 516 517
f 428 517 433
f 429 514 518
f 429 518 519
f 429 519 520
f 429 520 430
f 430 520 521
f 430 521 431
f 431 521 515
f 432 433 435
f 433 522 523
f 433 523 524
f 433 524 525
f 433 525 526
f 433 526 527
f 433 527 436
f 433 436 435
f 433 517 528
f 433 528 522
f 434 438 529
f 434 529 530
f 434 530 439
f 436 527 437
f 437 527 526
f 437 526 531
f 437 531 532
f 437 532 533
f 437 533 438
f 438 533 529
f 440 473 534
f 440 534 441
f 441 534 442
f 442 535 634
f 442 634 536
f 442 536 443
f 442 534 535
f 443 537 538
f 443 538 539
f 443 539 540
f 443 540 541
f 443 541 542
f 443 542 446
f 443 446 543
f 443 543 444
f 443 536 537
f 444 543 446
f 446 542 541
f 446 541 544
f 446 544 545
f 446 545 546
f 446 546 447
f 447 546 448
f 448 546 547
f 448 547 449
f 449 547 548
f 449 548 549
f 449 549 550
f 449 550 450
f 450 550 551
f 450 551 552
f 450 552 451
f 451 552 553
f 451 553 554
f 451 554 452
f 452 554 555
f 452 555 453
f 453 555 556
f 453 556 557
f 453 557 454
f 454 557 455
f 455 557 558
f 455 558 456
f 456 558 457
f 457 558 665
f 457 665 559
f 457 559 458
f 458 559 560
f 458 560 561
f 458 561 459
f 459 561 562
f 459 562 563
f 459 563 461
f 459 461 460
f 461 563 564
f 461 564 462
f 462 564 565
f 462 565 463
f 463 565 569
f 463 569 466
f 464 566 465
f 464 466 567
f 464 567 568
f 464 568 566
f 466 569 570
f 466 570 567
f 467 469 468
f 470 571 471
f 471 571 572
f 471 572 573
f 471 573 534
f 471 534 472
f 472 534 473
f 474 507 574
f 474 574 475
f 480 494 575
f 480 575 576
f 480 576 482
f 480 482 481
f 482 576 577
f 482 577 496
f 484 578 485
f 485 578 685
f 485 685 579
f 485 579 580
f 485 580 486
f 486 580 488
f 487 490 491
f 488 580 489
f 489 580 581
f 489 581 490
f 490 581 582
f 490 582 583
f 490 583 584
f 490 584 491
f 491 585 492
f 491 584 585
f 492 585 586
f 492 586 587
f 492 587 493
f 493 587 588
f 493 588 494
f 494 589 575
f 494 588 590
f 494 590 589
f 495 496 497
f 496 577 591
f 496 591 497
f 497 592 498
f 497 591 593
f 497 593 594
f 497 594 592
f 498 592 595
f 498 595 596
f 498 596 597
f 498 597 501
f 498 501 499
f 500 501 597
f 500 597 598
f 500 598 599
f 500 599 600
f 500 600 502
f 502 600 601
f 502 601 503
f 503 602 603
f 503 603 504
f 503 601 602
f 504 603 604
f 504 604 505
f 505 604 605
f 505 605 506
f 506 605 508
f 507 606 607
f 507 607 608
f 507 608 574
f 507 508 609
f 507 609 606
f 508 605 609
f 509 610 510
f 510 610 725
f 510 725 611
f 510 611 511
f 511 611 612
f 511 612 613
f 511 613 512
f 512 613 614
f 512 614 513
f 513 614 615
f 513 615 514
f 514 615 616
f 514 616 518
f 515 521 528
f 515 528 516
f 516 528 517
f 518 616 617
f 518 617 519
f 519 617 618
f 519 618 520
f 520 618 737
f 520 737 619
f 520 619 521
f 521 619 620
f 521 620 528
f 522 528 523
f 523 528 620
f 523 620 621
f 523 621 622
f 523 622 524
f 524 622 623
f 524 623 624
f 524 624 525
f 525 624 625
f 525 625 751
f 525 751 626
f 525 626 531
f 525 531 526
f 529 533 627
f 529 627 628
f 529 628 629
f 531 626 532
f 532 626 630
f 532 630 631
f 532 631 632
f 532 632 533
f 533 632 627
f 534 573 633
f 534 633 535
f 535 633 758
f 535 758 634
f 536 634 537
f 537 635 538
f 537 634 635
f 538 636 637
f 538 637 539
f 538 635 636
f 539 637 638
f 539 638 540
f 540 639 640
f 540 640 541
f 540 638 641
f 540 641 642
f 540 642 639
f 541 640 544
f 544 643 644
f 544 644 645
f 544 645 646
f 544 646 545
f 544 640 647
f 544 647 643
f 545 646 648
f 545 648 546
f 546 648 547
f 547 648 548
f 548 648 649
f 548 649 551
f 548 551 549
f 549 551 550
f 551 650 651
f 551 651 652
f 551 652 552
f 551 649 653
f 551 653 654
f 551 654 650
f 552 652 655
f 552 655 553
f 553 655 656
f 553 656 554
f 554 656 555
f 555 656 651
f 555 651 657
f 555 657 658
f 555 658 659
f 555 659 660
f 555 660 661
f 555 661 662
f 555 662 663
f 555 663 557
f 555 557 556
f 557 663 664
f 557 664 558
f 558 664 799
f 558 799 665
f 559 665 666
f 559 666 667
f 559 667 560
f 560 667 561
f 561 667 668
f 561 668 669
f 561 669 562
f 562 669 670
f 562 670 671
f 562 671 564
f 562 564 563
f 564 671 672
f 564 672 565
f 565 672 673
f 565 673 569
f 567 570 676
f 567 676 674
f 567 674 568
f 569 673 675
f 569 675 570
f 570 675 677
f 570 677 678
f 570 678 676
f 571 679 572
f 572 679 813
f 572 813 680
f 572 680 633
f 572 633 573
f 575 589 681
f 575 681 682
f 575 682 576
f 576 682 577
f 577 682 683
f 577 683 684
f 577 684 591
f 579 685 686
f 579 686 687
f 579 687 580
f 580 687 688
f 580 688 689
f 580 689 581
f 581 689 582
f 582 689 583
f 583 690 584
f 583 689 691
f 583 691 692
f 583 692 690
f 584 690 693
f 584 693 586
f 584 586 585
f 586 694 695
f 586 695 587
f 586 693 696
f 586 696 697
f 586 697 694
f 587 695 590
f 587 590 588
f 589 698 681
f 589 590 699
f 589 699 698
f 590 695 700
f 590 700 699
f 591 684 593
f 592 701 595
f 592 594 702
f 592 702 701
f 593 684 703
f 593 703 704
f 593 704 705
f 593 705 702
f 593 702 594
f 595 701 706
f 595 706 707
f 595 707 708
f 595 708 596
f 596 708 597
f 597 709 598
f 597 708 709
f 598 710 711
f 598 711 712
f 598 712 713
f 598 713 600
f 598 600 599
f 598 709 710
f 600 713 714
f 600 714 601
f 601 714 848
f 601 848 715
f 601 715 716
f 601 716 602
f 602 716 717
f 602 717 718
f 602 718 603
f 603 718 719
f 603 719 720
f 603 720 721
f 603 721 604
f 604 721 605
f 605 721 606
f 605 606 609
f 606 721 722
f 606 722 723
f 606 723 607
f 607 723 856
f 607 856 724
f 607 724 608
f 611 725 726
f 611 726 727
f 611 727 728
f 611 728 612
f 612 728 729
f 612 729 730
f 612 730 613
f 613 730 614
f 614 730 731
f 614 731 615
f 615 731 732
f 615 732 733
f 615 733 616
f 616 733 734
f 616 734 617
f 617 734 735
f 617 735 618
f 618 735 736
f 618 736 737
f 619 737 738
f 619 738 620
f 620 738 739
f 620 739 740
f 620 740 621
f 621 740 739
f 621 739 741
f 621 741 622
f 622 742 743
f 622 743 744
f 622 744 745
f 622 745 623
f 622 741 742
f 623 745 624
f 624 745 746
f 624 746 747
f 624 747 748
f 624 748 749
f 624 749 625
f 625 749 750
f 625 750 751
f 626 751 754
f 626 754 630
f 627 632 752
f 627 752 628
f 628 752 753
f 628 753 629
f 630 754 631
f 631 754 755
f 631 755 756
f 631 756 752
f 631 752 632
f 633 680 757
f 633 757 758
f 634 758 759
f 634 759 635
f 635 759 760
f 635 760 636
f 636 760 637
f 637 761 762
f 637 762 763
f 637 763 638
f 637 760 764
f 637 764 761
f 638 763 765
f 638 765 766
f 638 766 767
f 638 767 768
f 638 768 641
f 639 642 769
f 639 769 647
f 639 647 640
f 641 770 642
f 641 768 770
f 642 768 771
f 642 771 772
f 642 772 773
f 642 773 774
f 642 774 775
f 642 775 769
f 642 770 768
f 643 647 776
f 643 776 777
f 643 777 644
f 644 777 645
f 645 648 646
f 645 777 648
f 647 775 774
f 647 774 778
f 647 778 779
f 647 779 780
f 647 780 776
f 647 769 775
f 648 777 781
f 648 781 782
f 648 782 649
f 649 782 653
f 650 654 783
f 650 783 651
f 651 783 784
f 651 784 785
f 651 785 786
f 651 786 787
f 651 787 657
f 651 656 655
f 651 655 652
f 653 788 789
f 653 789 790
f 653 790 791
f 653 791 792
f 653 792 654
f 653 782 781
f 653 781 788
f 654 792 783
f 657 787 793
f 657 793 658
f 658 793 659
f 659 793 660
f 660 793 794
f 660 794 795
f 660 795 661
f 661 795 796
f 661 796 797
f 661 797 798
f 661 798 799
f 661 799 662
f 662 799 663
f 663 799 664
f 665 799 798
f 665 798 800
f 665 800 666
f 666 800 801
f 666 801 802
f 666 802 667
f 667 802 803
f 667 803 668
f 668 803 804
f 668 804 805
f 668 805 669
f 669 805 670
f 670 806 672
f 670 672 671
f 670 805 807
f 670 807 806
f 672 806 673
f 673 806 808
f 673 808 809
f 673 809 675
f 675 809 677
f 677 810 678
f 677 809 811
f 677 811 812
f 677 812 810
f 680 813 941
f 680 941 814
f 680 814 757
f 681 698 815
f 681 815 683
f 681 683 682
f 683 815 816
f 683 816 703
f 683 703 684
f 686 817 818
f 686 818 687
f 687 818 688
f 688 818 819
f 688 819 820
f 688 820 689
f 689 820 691
f 690 821 696
f 690 696 693
f 690 692 822
f 690 822 823
f 690 823 821
f 691 820 824
f 691 824 692
f 692 824 825
f 692 825 822
f 694 826 700
f 694 700 695
f 694 697 827
f 694 827 826
f 696 821 697
f 697 821 828
f 697 828 829
f 697 829 827
f 698 830 815
f 698 699 830
f 699 700 831
f 699 831 832
f 699 832 833
f 699 833 830
f 700 826 831
f 701 834 706
f 701 702 835
f 701 835 834
f 702 705 836
f 702 836 835
f 703 816 837
f 703 837 704
f 704 837 838
f 704 838 839
f 704 839 705
f 705 839 836
f 706 840 707
f 706 834 841
f 706 841 840
f 707 840 842
f 707 842 709
f 707 709 708
f 709 842 843
f 709 843 710
f 710 844 845
f 710 845 846
f 710 846 712
f 710 712 711
f 710 843 844
f 712 847 714
f 712 714 713
f 712 846 847
f 714 847 848
f 715 849 850
f 715 850 716
f 715 848 849
f 716 850 717
f 717 851 718
f 717 850 989
f 717 989 851
f 718 851 852
f 718 852 719
f 719 852 720
f 720 852 853
f 720 853 721
f 721 853 722
f 722 853 854
f 722 854 723
f 723 854 855
f 723 855 856
f 726 857 727
f 727 857 858
f 727 858 859
f 727 859 860
f 727 860 861
f 727 861 728
f 728 861 862
f 728 862 729
f 729 862 730
f 730 862 863
f 730 863 731
f 731 863 864
f 731 864 732
f 732 864 865
f 732 865 733
f 733 865 866
f 733 866 734
f 734 867 868
f 734 868 869
f 734 869 735
f 734 866 867
f 735 869 736
f 736 869 870
f 736 870 871
f 736 871 737
f 737 871 872
f 737 872 873
f 737 873 738
f 738 873 739
f 739 873 872
f 739 872 874
f 739 874 875
f 739 875 741
f 741 875 876
f 741 876 742
f 742 876 743
f 743 876 744
f 744 877 878
f 744 878 745
f 744 876 877
f 745 747 746
f 745 878 747
f 747 878 879
f 747 879 880
f 747 880 881
f 747 881 748
f 748 881 882
f 748 882 883
f 748 883 750
f 748 750 749
f 750 883 884
f 750 884 885
f 750 885 886
f 750 886 754
f 750 754 751
f 752 756 887
f 752 887 753
f 754 886 755
f 755 886 888
f 755 888 756
f 756 888 889
f 756 889 887
f 757 814 890
f 757 890 759
f 757 759 758
f 759 890 764
f 759 764 760
f 761 891 1035
f 761 1035 892
f 761 892 893
f 761 893 762
f 761 764 894
f 761 894 895
f 761 895 1034
f 761 1034 891
f 762 893 896
f 762 896 765
f 762 765 763
f 764 890 897
f 764 897 894
f 765 896 898
f 765 898 766
f 766 898 767
f 767 898 899
f 767 899 900
f 767 900 768
f 768 900 901
f 768 901 771
f 771 901 772
f 772 902 773
f 772 901 903
f 772 903 904
f 772 904 905
f 772 905 902
f 773 902 906
f 773 906 778
f 773 778 774
f 776 780 907
f 776 907 908
f 776 908 777
f 777 908 909
f 777 909 910
f 777 910 911
f 777 911 788
f 777 788 781
f 778 907 779
f 778 906 912
f 778 912 913
f 778 913 907
f 779 907 780
f 783 792 784
f 784 792 791
f 784 791 914
f 784 914 915
f 784 915 916
f 784 916 917
f 784 917 918
f 784 918 785
f 785 918 919
f 785 919 786
f 786 919 787
f 787 919 920
f 787 920 794
f 787 794 793
f 788 911 910
f 788 910 789
f 789 910 921
f 789 921 922
f 789 922 790
f 790 922 923
f 790 923 914
f 790 914 791
f 794 920 924
f 794 924 925
f 794 925 926
f 794 926 795
f 795 926 796
f 796 926 927
f 796 927 928
f 796 928 797
f 797 800 798
f 797 928 801
f 797 801 800
f 801 928 802
f 802 928 929
f 802 929 930
f 802 930 931
f 802 931 803
f 803 931 804
f 804 931 805
f 805 931 932
f 805 932 933
f 805 933 934
f 805 934 807
f 806 807 935
f 806 935 808
f 807 934 936
f 807 936 935
f 808 935 937
f 808 937 938
f 808 938 809
f 809 938 811
f 811 939 812
f 811 938 940
f 811 940 1086
f 811 1086 939
f 814 941 1039
f 814 1039 942
f 814 942 890
f 815 830 943
f 815 943 816
f 816 943 944
f 816 944 837
f 817 945 818
f 818 945 946
f 818 946 947
f 818 947 819
f 819 947 948
f 819 948 820
f 820 948 949
f 820 949 824
f 821 823 828
f 822 825 950
f 822 950 952
f 822 952 823
f 823 951 828
f 823 952 951
f 824 949 825
f 825 949 953
f 825 953 950
f 826 954 831
f 826 827 954
f 827 829 955
f 827 955 956
f 827 956 957
f 827 957 954
f 828 951 829
f 829 951 958
f 829 958 955
f 830 833 943
f 831 954 832
f 832 954 959
f 832 959 960
f 832 960 961
f 832 961 833
f 833 961 962
f 833 962 943
f 834 963 964
f 834 964 841
f 834 835 965
f 834 965 966
f 834 966 963
f 835 836 967
f 835 967 968
f 835 968 965
f 836 839 969
f 836 969 967
f 837 944 970
f 837 970 838
f 838 970 971
f 838 971 972
f 838 972 973
f 838 973 839
f 839 973 974
f 839 974 969
f 840 841 975
f 840 975 976
f 840 976 977
f 840 977 843
f 840 843 842
f 841 964 975
f 843 977 978
f 843 978 844
f 844 978 979
f 844 979 980
f 844 980 981
f 844 981 845
f 845 981 982
f 845 982 846
f 846 982 847
f 847 982 983
f 847 983 984
f 847 984 985
f 847 985 848
f 848 985 849
f 849 985 986
f 849 986 987
f 849 987 850
f 850 987 988
f 850 988 989
f 851 989 990
f 851 990 991
f 851 991 852
f 852 991 853
f 853 992 854
f 853 991 992
f 854 993 994
f 854 994 995
f 854 995 855
f 854 992 993
f 859 996 997
f 859 997 860
f 860 997 998
f 860 998 861
f 861 998 999
f 861 999 862
f 862 999 1000
f 862 1000 863
f 863 1000 1001
f 863 1001 864
f 864 1001 1002
f 864 1002 1003
f 864 1003 865
f 865 1003 1004
f 865 1004 866
f 866 1004 867
f 867 1004 1005
f 867 1005 1006
f 867 1006 868
f 868 1006 1157
f 868 1157 1007
f 868 1007 869
f 869 1007 870
f 870 1007 1008
f 870 1008 1009
f 870 1009 871
f 871 1009 1010
f 871 1010 872
f 872 1010 874
f 874 1010 1011
f 874 1011 875
f 875 1011 1012
f 875 1012 876
f 876 1012 1013
f 876 1013 1014
f 876 1014 1015
f 876 1015 877
f 877 1015 1016
f 877 1016 1017
f 877 1017 1018
f 877 1018 878
f 878 1018 1017
f 878 1017 879
f 879 1017 1019
f 879 1019 1020
f 879 1020 1021
f 879 1021 1022
f 879 1022 880
f 880 1022 881
f 881 1022 1021
f 881 1021 1023
f 881 1023 1024
f 881 1024 882
f 882 1024 1025
f 882 1025 1026
f 882 1026 1027
f 882 1027 883
f 883 1027 1028
f 883 1028 1029
f 883 1029 884
f 884 1029 885
f 885 1029 1030
f 885 1030 1031
f 885 1031 886
f 886 1031 1032
f 886 1032 888
f 888 1032 889
f 889 1032 1033
f 890 942 897
f 892 1035 1189
f 892 1189 1036
f 892 1036 893
f 893 1036 1037
f 893 1037 896
f 894 897 895
f 895 897 1034
f 896 1037 1038
f 896 1038 898
f 897 942 1039
f 898 1038 1040
f 898 1040 899
f 899 1040 900
f 900 1041 1042
f 900 1042 901
f 900 1040 1041
f 901 1042 1043
f 901 1043 903
f 902 905 1044
f 902 1044 906
f 903 1043 1045
f 903 1045 904
f 904 1046 1047
f 904 1047 1048
f 904 1048 1049
f 904 1049 905
f 904 1045 1046
f 905 1049 1050
f 905 1050 1051
f 905 1051 1044
f 906 1052 912
f 906 1044 1051
f 906 1051 1053
f 906 1053 1054
f 906 1054 1055
f 906 1055 1056
f 906 1056 1057
f 906 1057 1058
f 906 1058 1052
f 907 913 912
f 907 912 1052
f 907 1052 1059
f 907 1059 908
f 908 1059 1060
f 908 1060 910
f 908 910 909
f 910 1060 1061
f 910 1061 921
f 914 923 1062
f 914 1062 915
f 915 1062 1063
f 915 1063 1064
f 915 1064 916
f 916 1064 1065
f 916 1065 1066
f 916 1066 917
f 917 1066 918
f 918 1066 1067
f 918 1067 919
f 919 1067 1068
f 919 1068 920
f 920 1068 924
f 921 1061 1069
f 921 1069 1062
f 921 1062 922
f 922 1062 923
f 924 1068 1070
f 924 1070 1071
f 924 1071 925
f 925 1071 1072
f 925 1072 926
f 926 1072 1073
f 926 1073 1074
f 926 1074 927
f 927 1074 928
f 928 1074 1075
f 928 1075 1076
f 928 1076 929
f 929 1076 930
f 930 1076 931
f 931 1076 1077
f 931 1077 1078
f 931 1078 1079
f 931 1079 932
f 932 1079 1080
f 932 1080 933
f 933 1080 934
f 934 1080 1081
f 934 1081 936
f 935 936 1082
f 935 1082 937
f 936 1081 1083
f 936 1083 1082
f 937 1082 1084
f 937 1084 938
f 938 1084 1085
f 938 1085 940
f 940 1085 1087
f 940 1087 1245
f 940 1245 1086
f 943 962 1088
f 943 1088 944
f 944 1088 1089
f 944 1089 1090
f 944 1090 970
f 945 1091 1092
f 945 1092 946
f 946 1092 947
f 947 1092 1093
f 947 1093 1094
f 947 1094 948
f 948 1094 1095
f 948 1095 949
f 949 1095 953
f 950 953 1096
f 950 1096 1098
f 950 1098 952
f 951 952 1097
f 951 1097 958
f 952 1098 1099
f 952 1099 1097
f 953 1095 1100
f 953 1100 1096
f 954 957 959
f 955 958 1101
f 955 1101 1102
f 955 1102 956
f 956 1102 1103
f 956 1103 1104
f 956 1104 957
f 957 1104 1105
f 957 1105 959
f 958 1097 1101
f 959 1105 1106
f 959 1106 960
f 960 1106 1107
f 960 1107 1108
f 960 1108 1109
f 960 1109 961
f 961 1088 962
f 961 1109 1110
f 961 1110 1088
f 963 966 964
f 964 1111 975
f 964 966 1112
f 964 1112 1113
f 964 1113 1111
f 965 968 1114
f 965 1114 966
f 966 1114 1112
f 967 969 1115
f 967 1115 968
f 968 1115 1116
f 968 1116 1114
f 969 1117 1115
f 969 974 1118
f 969 1118 1117
f 970 1090 1119
f 970 1119 971
f 971 1119 1120
f 971 1120 972
f 972 1121 973
f 972 1120 1121
f 973 1121 974
f 974 1121 1122
f 974 1122 1118
f 975 1123 976
f 975 1111 1123
f 976 1123 1124
f 976 1124 977
f 977 1124 978
f 978 1124 1125
f 978 1125 1126
f 978 1126 1127
f 978 1127 979
f 979 1128 1129
f 979 1129 980
f 979 1127 1130
f 979 1130 1128
f 980 1129 1131
f 980 1131 1132
f 980 1132 981
f 981 1132 982
f 982 1132 983
f 983 1132 1133
f 983 1133 1134
f 983 1134 986
f 983 986 984
f 984 986 985
f 986 1135 1136
f 986 1136 987
f 986 1134 1135
f 987 1136 1137
f 987 1137 1138
f 987 1138 990
f 987 990 988
f 988 990 989
f 990 1139 1140
f 990 1140 991
f 990 1138 1139
f 991 1140 1141
f 991 1141 992
f 992 1141 993
f 993 1142 1143
f 993 1143 994
f 993 1141 1144
f 993 1144 1142
f 996 1145 997
f 997 1145 1146
f 997 1146 1147
f 997 1147 1148
f 997 1148 998
f 998 1148 1149
f 998 1149 999
f 999 1149 1000
f 1000 1149 1150
f 1000 1150 1151
f 1000 1151 1001
f 1001 1151 1152
f 1001 1152 1002
f 1002 1152 1003
f 1003 1153 1004
f 1003 1152 1153
f 1004 1153 1154
f 1004 1154 1155
f 1004 1155 1005
f 1005 1155 1006
f 1006 1155 1156
f 1006 1156 1157
f 1007 1157 1008
f 1008 1158 1159
f 1008 1159 1160
f 1008 1160 1009
f 1008 1157 1158
f 1009 1160 1010
f 1010 1160 1161
f 1010 1161 1162
f 1010 1162 1163
f 1010 1163 1011
f 1011 1163 1012
f 1012 1163 1164
f 1012 1164 1013
f 1013 1164 1165
f 1013 1165 1014
f 1014 1165 1015
f 1015 1166 1016
f 1015 1165 1166
f 1016 1167 1168
f 1016 1168 1169
f 1016 1169 1170
f 1016 1170 1171
f 1016 1171 1019
f 1016 1019 1017
f 1016 1166 1167
f 1019 1171 1020
f 1020 1171 1172
f 1020 1172 1173
f 1020 1173 1174
f 1020 1174 1175
f 1020 1175 1176
f 1020 1176 1177
f 1020 1177 1021
f 1021 1177 1178
f 1021 1178 1023
f 1023 1178 1179
f 1023 1179 1180
f 1023 1180 1181
f 1023 1181 1025
f 1023 1025 1024
f 1025 1181 1182
f 1025 1182 1183
f 1025 1183 1184
f 1025 1184 1185
f 1025 1185 1026
f 1026 1185 1029
f 1026 1029 1028
f 1026 1028 1027
f 1029 1185 1030
f 1030 1185 1186
f 1030 1186 1187
f 1030 1187 1031
f 1031 1187 1032
f 1032 1187 1188
f 1032 1188 1033
f 1036 1189 1351
f 1036 1351 1190
f 1036 1190 1191
f 1036 1191 1038
f 1036 1038 1037
f 1038 1191 1192
f 1038 1192 1040
f 1040 1192 1041
f 1041 1193 1194
f 1041 1194 1043
f 1041 1043 1042
f 1041 1192 1193
f 1043 1194 1045
f 1045 1194 1195
f 1045 1195 1196
f 1045 1196 1046
f 1046 1196 1047
f 1047 1196 1197
f 1047 1197 1198
f 1047 1198 1199
f 1047 1199 1200
f 1047 1200 1048
f 1048 1200 1049
f 1049 1200 1050
f 1050 1200 1201
f 1050 1201 1202
f 1050 1202 1051
f 1051 1202 1053
f 1052 1058 1203
f 1052 1203 1059
f 1053 1202 1054
f 1054 1202 1055
f 1055 1202 1204
f 1055 1204 1205
f 1055 1205 1056
f 1056 1204 1206
f 1056 1206 1207
f 1056 1207 1208
f 1056 1208 1209
f 1056 1209 1210
f 1056 1210 1057
f 1056 1205 1204
f 1057 1210 1211
f 1057 1211 1058
f 1058 1211 1212
f 1058 1212 1203
f 1059 1203 1213
f 1059 1213 1214
f 1059 1214 1215
f 1059 1215 1060
f 1060 1215 1061
f 1061 1215 1214
f 1061 1214 1216
f 1061 1216 1217
f 1061 1217 1218
f 1061 1218 1069
f 1062 1069 1219
f 1062 1219 1063
f 1063 1219 1220
f 1063 1220 1221
f 1063 1221 1222
f 1063 1222 1064
f 1064 1222 1223
f 1064 1223 1065
f 1065 1223 1066
f 1066 1223 1067
f 1067 1223 1224
f 1067 1224 1225
f 1067 1225 1070
f 1067 1070 1068
f 1069 1218 1226
f 1069 1226 1219
f 1070 1225 1227
f 1070 1227 1228
f 1070 1228 1071
f 1071 1228 1229
f 1071 1229 1230
f 1071 1230 1072
f 1072 1230 1073
f 1073 1230 1231
f 1073 1231 1074
f 1074 1231 1232
f 1074 1232 1233
f 1074 1233 1075
f 1075 1233 1234
f 1075 1234 1076
f 1076 1234 1077
f 1077 1234 1235
f 1077 1235 1078
f 1078 1235 1236
f 1078 1236 1079
f 1079 1236 1237
f 1079 1237 1080
f 1080 1237 1238
f 1080 1238 1081
f 1081 1238 1239
f 1081 1239 1240
f 1081 1240 1083
f 1082 1083 1241
f 1082 1241 1084
f 1083 1240 1241
f 1084 1241 1242
f 1084 1242 1085
f 1085 1242 1243
f 1085 1243 1244
f 1085 1244 1087
f 1087 1244 1246
f 1087 1246 1245
f 1088 1247 1089
f 1088 1110 1247
f 1089 1247 1248
f 1089 1248 1090
f 1090 1248 1249
f 1090 1249 1119
f 1091 1250 1092
f 1092 1250 1251
f 1092 1251 1093
f 1093 1251 1252
f 1093 1252 1253
f 1093 1253 1094
f 1094 1253 1254
f 1094 1254 1095
f 1095 1254 1100
f 1096 1100 1255
f 1096 1255 1098
f 1097 1099 1256
f 1097 1256 1101
f 1098 1255 1257
f 1098 1257 1099
f 1099 1257 1258
f 1099 1258 1259
f 1099 1259 1260
f 1099 1260 1263
f 1099 1263 1256
f 1100 1254 1261
f 1100 1261 1262
f 1100 1262 1255
f 1101 1256 1102
f 1102 1256 1263
f 1102 1263 1103
f 1103 1263 1264
f 1103 1264 1265
f 1103 1265 1104
f 1104 1266 1106
f 1104 1106 1105
f 1104 1265 1266
f 1106 1266 1267
f 1106 1267 1107
f 1107 1267 1108
f 1108 1268 1109
f 1108 1267 1269
f 1108 1269 1268
f 1109 1268 1270
f 1109 1270 1110
f 1110 1270 1271
f 1110 1271 1247
f 1111 1113 1272
f 1111 1272 1123
f 1112 1114 1273
f 1112 1273 1113
f 1113 1274 1272
f 1113 1273 1275
f 1113 1275 1274
f 1114 1116 1273
f 1115 1117 1116
f 1116 1117 1276
f 1116 1276 1277
f 1116 1277 1273
f 1117 1118 1122
f 1117 1122 1278
f 1117 1278 1276
f 1119 1249 1279
f 1119 1279 1120
f 1120 1279 1280
f 1120 1280 1121
f 1121 1280 1122
f 1122 1280 1281
f 1122 1281 1278
f 1123 1272 1282
f 1123 1282 1124
f 1124 1283 1125
f 1124 1282 1283
f 1125 1283 1126
f 1126 1283 1284
f 1126 1284 1127
f 1127 1284 1130
f 1128 1130 1285
f 1128 1285 1286
f 1128 1286 1287
f 1128 1287 1288
f 1128 1288 1129
f 1129 1288 1131
f 1130 1284 1285
f 1131 1288 1289
f 1131 1289 1132
f 1132 1289 1290
f 1132 1290 1133
f 1133 1290 1291
f 1133 1291 1292
f 1133 1292 1293
f 1133 1293 1134
f 1134 1293 1135
f 1135 1294 1295
f 1135 1295 1136
f 1135 1293 1294
f 1136 1295 1296
f 1136 1296 1137
f 1137 1296 1138
f 1138 1296 1139
f 1139 1296 1297
f 1139 1297 1298
f 1139 1298 1299
f 1139 1299 1140
f 1140 1299 1300
f 1140 1300 1144
f 1140 1144 1141
f 1142 1301 1302
f 1142 1302 1303
f 1142 1303 1143
f 1142 1144 1304
f 1142 1304 1301
f 1144 1300 1304
f 1146 1305 1147
f 1147 1305 1306
f 1147 1306 1307
f 1147 1307 1148
f 1148 1307 1149
f 1149 1308 1309
f 1149 1309 1150
f 1149 1307 1308
f 1150 1309 1310
f 1150 1310 1151
f 1151 1310 1311
f 1151 1311 1152
f 1152 1311 1153
f 1153 1311 1312
f 1153 1312 1313
f 1153 1313 1154
f 1154 1313 1314
f 1154 1314 1155
f 1155 1314 1315
f 1155 1315 1156
f 1156 1315 1316
f 1156 1316 1317
f 1156 1317 1318
f 1156 1318 1157
f 1157 1318 1319
f 1157 1319 1320
f 1157 1320 1158
f 1158 1320 1159
f 1159 1320 1321
f 1159 1321 1160
f 1160 1321 1161
f 1161 1321 1322
f 1161 1322 1323
f 1161 1323 1324
f 1161 1324 1163
f 1161 1163 1162
f 1163 1324 1164
f 1164 1323 1325
f 1164 1325 1165
f 1164 1324 1323
f 1165 1325 1326
f 1165 1326 1166
f 1166 1326 1327
f 1166 1327 1167
f 1167 1327 1328
f 1167 1328 1168
f 1168 1328 1169
f 1169 1328 1329
f 1169 1329 1170
f 1170 1329 1330
f 1170 1330 1331
f 1170 1331 1332
f 1170 1332 1333
f 1170 1333 1174
f 1170 1174 1173
f 1170 1173 1172
f 1170 1172 1171
f 1174 1333 1334
f 1174 1334 1335
f 1174 1335 1336
f 1174 1336 1337
f 1174 1337 1175
f 1175 1178 1176
f 1175 1337 1338
f 1175 1338 1178
f 1176 1178 1177
f 1178 1180 1179
f 1178 1338 1339
f 1178 1339 1180
f 1180 1340 1341
f 1180 1341 1181
f 1180 1339 1342
f 1180 1342 1340
f 1181 1341 1343
f 1181 1343 1182
f 1182 1343 1344
f 1182 1344 1183
f 1183 1344 1509
f 1183 1509 1345
f 1183 1345 1346
f 1183 1346 1184
f 1184 1346 1347
f 1184 1347 1185
f 1185 1347 1348
f 1185 1349 1186
f 1186 1349 1350
f 1186 1350 1187
f 1187 1350 1188
f 1190 1351 1352
f 1190 1352 1192
f 1190 1192 1191
f 1192 1352 1353
f 1192 1353 1193
f 1193 1354 1355
f 1193 1355 1194
f 1193 1353 1354
f 1194 1355 1356
f 1194 1356 1195
f 1195 1356 1357
f 1195 1357 1196
f 1196 1358 1359
f 1196 1359 1197
f 1196 1357 1358
f 1197 1359 1360
f 1197 1360 1361
f 1197 1361 1198
f 1198 1361 1362
f 1198 1362 1363
f 1198 1363 1199
f 1199 1363 1200
f 1200 1363 1364
f 1200 1364 1365
f 1200 1365 1366
f 1200 1366 1201
f 1201 1366 1367
f 1201 1367 1202
f 1202 1367 1366
f 1202 1366 1368
f 1202 1368 1369
f 1202 1369 1204
f 1203 1212 1370
f 1203 1370 1216
f 1203 1216 1213
f 1204 1369 1371
f 1204 1371 1372
f 1204 1372 1206
f 1206 1372 1373
f 1206 1373 1374
f 1206 1374 1207
f 1207 1375 1208
f 1207 1374 1376
f 1207 1376 1377
f 1207 1377 1375
f 1208 1375 1209
f 1209 1212 1210
f 1209 1375 1212
f 1210 1212 1211
f 1212 1375 1378
f 1212 1378 1379
f 1212 1379 1380
f 1212 1380 1370
f 1213 1216 1214
f 1216 1370 1380
f 1216 1380 1381
f 1216 1381 1382
f 1216 1382 1217
f 1217 1382 1383
f 1217 1383 1226
f 1217 1226 1218
f 1219 1226 1384
f 1219 1384 1220
f 1220 1384 1385
f 1220 1385 1386
f 1220 1386 1221
f 1221 1386 1222
f 1222 1386 1387
f 1222 1387 1223
f 1223 1387 1388
f 1223 1388 1389
f 1223 1389 1224
f 1224 1389 1225
f 1225 1389 1227
f 1226 1383 1390
f 1226 1390 1384
f 1227 1389 1391
f 1227 1391 1392
f 1227 1392 1228
f 1228 1392 1393
f 1228 1393 1229
f 1229 1393 1394
f 1229 1394 1230
f 1230 1394 1395
f 1230 1395 1396
f 1230 1396 1231
f 1231 1396 1232
f 1232 1396 1397
f 1232 1397 1233
f 1233 1397 1398
f 1233 1398 1234
f 1234 1398 1399
f 1234 1399 1235
f 1235 1399 1400
f 1235 1400 1236
f 1236 1400 1259
f 1236 1259 1237
f 1237 1259 1401
f 1237 1401 1257
f 1237 1257 1238
f 1238 1257 1402
f 1238 1402 1239
f 1239 1402 1262
f 1239 1262 1240
f 1240 1262 1261
f 1240 1261 1254
f 1240 1254 1241
f 1241 1254 1242
f 1242 1254 1403
f 1242 1403 1404
f 1242 1404 1243
f 1243 1404 1244
f 1244 1404 1251
f 1244 1251 1409
f 1244 1409 1405
f 1244 1405 1246
f 1247 1406 1248
f 1247 1271 1407
f 1247 1407 1406
f 1248 1406 1408
f 1248 1408 1249
f 1249 1408 1279
f 1250 1409 1251
f 1251 1404 1252
f 1252 1404 1403
f 1252 1403 1253
f 1253 1403 1254
f 1255 1262 1402
f 1255 1402 1257
f 1257 1401 1258
f 1258 1401 1259
f 1259 1400 1260
f 1260 1400 1410
f 1260 1410 1411
f 1260 1411 1263
f 1263 1411 1264
f 1264 1412 1265
f 1264 1411 1413
f 1264 1413 1414
f 1264 1414 1415
f 1264 1415 1412
f 1265 1412 1416
f 1265 1416 1267
f 1265 1267 1266
f 1267 1416 1269
f 1268 1417 1270
f 1268 1269 1418
f 1268 1418 1419
f 1268 1419 1417
f 1269 1416 1420
f 1269 1420 1418
f 1270 1417 1271
f 1271 1417 1407
f 1272 1421 1422
f 1272 1422 1282
f 1272 1274 1421
f 1273 1277 1275
f 1274 1275 1423
f 1274 1423 1424
f 1274 1424 1425
f 1274 1425 1426
f 1274 1426 1427
f 1274 1427 1421
f 1275 1277 1428
f 1275 1428 1429
f 1275 1429 1430
f 1275 1430 1423
f 1276 1278 1431
f 1276 1431 1432
f 1276 1432 1433
f 1276 1433 1277
f 1277 1433 1434
f 1277 1434 1429
f 1277 1429 1428
f 1278 1281 1435
f 1278 1435 1436
f 1278 1436 1431
f 1279 1437 1280
f 1279 1408 1438
f 1279 1438 1437
f 1280 1437 1281
f 1281 1437 1439
f 1281 1439 1440
f 1281 1440 1435
f 1282 1422 1441
f 1282 1441 1283
f 1283 1441 1284
f 1284 1441 1442
f 1284 1442 1285
f 1285 1442 1286
f 1286 1443 1444
f 1286 1444 1287
f 1286 1442 1445
f 1286 1445 1443
f 1287 1289 1288
f 1287 1444 1446
f 1287 1446 1447
f 1287 1447 1289
f 1289 1447 1290
f 1290 1447 1448
f 1290 1448 1291
f 1291 1449 1292
f 1291 1448 1449
f 1292 1449 1450
f 1292 1450 1293
f 1293 1450 1294
f 1294 1451 1452
f 1294 1452 1295
f 1294 1450 1451
f 1295 1452 1453
f 1295 1453 1296
f 1296 1453 1297
f 1297 1453 1454
f 1297 1454 1298
f 1298 1455 1456
f 1298 1456 1299
f 1298 1454 1455
f 1299 1456 1457
f 1299 1457 1300
f 1300 1457 1304
f 1301 1458 1459
f 1301 1459 1302
f 1301 1304 1460
f 1301 1460 1458
f 1304 1457 1460
f 1305 1461 1306
f 1306 1461 1462
f 1306 1462 1463
f 1306 1463 1464
f 1306 1464 1307
f 1307 1464 1465
f 1307 1465 1308
f 1308 1465 1466
f 1308 1466 1309
f 1309 1466 1467
f 1309 1467 1310
f 1310 1467 1468
f 1310 1468 1311
f 1311 1468 1469
f 1311 1469 1312
f 1312 1469 1470
f 1312 1470 1471
f 1312 1471 1313
f 1313 1471 1314
f 1314 1472 1473
f 1314 1473 1315
f 1314 1471 1472
f 1315 1473 1474
f 1315 1474 1475
f 1315 1475 1317
f 1315 1317 1316
f 1317 1476 1477
f 1317 1477 1320
f 1317 1320 1319
f 1317 1319 1318
f 1317 1475 1476
f 1320 1477 1478
f 1320 1478 1321
f 1321 1478 1322
f 1322 1479 1323
f 1322 1478 1479
f 1323 1479 1480
f 1323 1480 1481
f 1323 1481 1482
f 1323 1482 1483
f 1323 1483 1484
f 1323 1484 1325
f 1325 1484 1326
f 1326 1484 1485
f 1326 1485 1486
f 1326 1486 1487
f 1326 1487 1327
f 1327 1487 1488
f 1327 1488 1489
f 1327 1489 1328
f 1328 1489 1329
f 1329 1489 1330
f 1330 1489 1490
f 1330 1490 1331
f 1331 1490 1491
f 1331 1491 1492
f 1331 1492 1332
f 1332 1492 1493
f 1332 1493 1494
f 1332 1494 1335
f 1332 1335 1334
f 1332 1334 1333
f 1335 1494 1495
f 1335 1495 1496
f 1335 1496 1497
f 1335 1497 1336
f 1336 1497 1498
f 1336 1498 1338
f 1336 1338 1337
f 1338 1498 1497
f 1338 1497 1496
f 1338 1496 1499
f 1338 1499 1500
f 1338 1500 1501
f 1338 1501 1502
f 1338 1502 1503
f 1338 1503 1339
f 1339 1503 1342
f 1340 1342 1504
f 1340 1504 1341
f 1341 1504 1343
f 1342 1505 1504
f 1342 1503 1506
f 1342 1506 1507
f 1342 1507 1508
f 1342 1508 1505
f 1343 1504 1344
f 1344 1504 1509
f 1345 1510 1346
f 1345 1509 1510
f 1346 1510 1511
f 1346 1348 1347
f 1362 1512 1364
f 1362 1364 1363
f 1364 1512 1513
f 1364 1513 1514
f 1364 1514 1365
f 1365 1514 1366
f 1366 1514 1515
f 1366 1515 1369
f 1366 1369 1368
f 1369 1515 1371
f 1371 1515 1372
f 1372 1516 1517
f 1372 1517 1373
f 1372 1515 1516
f 1373 1517 1518
f 1373 1518 1519
f 1373 1519 1374
f 1374 1519 1376
f 1375 1377 1520
f 1375 1520 1521
f 1375 1521 1378
f 1376 1520 1377
f 1376 1519 1522
f 1376 1522 1523
f 1376 1523 1524
f 1376 1524 1520
f 1378 1521 1525
f 1378 1525 1526
f 1378 1526 1379
f 1379 1526 1380
f 1380 1526 1527
f 1380 1527 1381
f 1381 1527 1528
f 1381 1528 1382
f 1382 1528 1529
f 1382 1529 1390
f 1382 1390 1383
f 1384 1390 1530
f 1384 1530 1531
f 1384 1531 1532
f 1384 1532 1385
f 1385 1532 1533
f 1385 1533 1534
f 1385 1534 1386
f 1386 1534 1535
f 1386 1535 1387
f 1387 1535 1536
f 1387 1536 1388
f 1388 1536 1537
f 1388 1537 1389
f 1389 1537 1391
f 1390 1529 1530
f 1391 1537 1538
f 1391 1538 1392
f 1392 1538 1539
f 1392 1539 1393
f 1393 1539 1540
f 1393 1540 1541
f 1393 1541 1394
f 1394 1541 1395
f 1395 1541 1542
f 1395 1542 1396
f 1396 1542 1543
f 1396 1543 1397
f 1397 1543 1544
f 1397 1544 1398
f 1398 1544 1545
f 1398 1545 1546
f 1398 1546 1399
f 1399 1546 1413
f 1399 1413 1400
f 1400 1413 1410
f 1406 1407 1547
f 1406 1547 1548
f 1406 1548 1408
f 1407 1417 1547
f 1408 1548 1549
f 1408 1549 1438
f 1410 1413 1411
f 1412 1415 1545
f 1412 1545 1550
f 1412 1550 1416
f 1413 1546 1415
f 1413 1415 1414
f 1415 1546 1545
f 1416 1550 1420
f 1417 1419 1547
f 1418 1420 1551
f 1418 1551 1419
f 1419 1551 1552
f 1419 1552 1553
f 1419 1553 1554
f 1419 1554 1555
f 1419 1555 1547
f 1420 1550 1556
f 1420 1556 1557
f 1420 1557 1551
f 1421 1427 1558
f 1421 1558 1422
f 1422 1558 1559
f 1422 1559 1560
f 1422 1560 1561
f 1422 1561 1442
f 1422 1442 1441
f 1423 1430 1562
f 1423 1562 1424
f 1424 1562 1563
f 1424 1563 1425
f 1425 1564 1427
f 1425 1427 1426
f 1425 1563 1565
f 1425 1565 1564
f 1427 1564 1566
f 1427 1566 1558
f 1429 1434 1567
f 1429 1567 1568
f 1429 1568 1562
f 1429 1562 1430
f 1431 1436 1569
f 1431 1569 1432
f 1432 1570 1433
f 1432 1569 1571
f 1432 1571 1570
f 1433 1570 1567
f 1433 1567 1434
f 1435 1440 1572
f 1435 1572 1436
f 1436 1572 1573
f 1436 1573 1569
f 1437 1438 1574
f 1437 1574 1575
f 1437 1575 1576
f 1437 1576 1439
f 1438 1549 1577
f 1438 1577 1578
f 1438 1578 1574
f 1439 1576 1579
f 1439 1579 1440
f 1440 1579 1580
f 1440 1580 1572
f 1442 1561 1581
f 1442 1581 1445
f 1443 1582 1583
f 1443 1583 1444
f 1443 1445 1582
f 1444 1584 1585
f 1444 1585 1586
f 1444 1586 1446
f 1444 1583 1584
f 1445 1581 1587
f 1445 1587 1582
f 1446 1588 1589
f 1446 1589 1447
f 1446 1586 1588
f 1447 1589 1448
f 1448 1589 1449
f 1449 1589 1450
f 1450 1590 1451
f 1450 1589 1591
f 1450 1591 1590
f 1451 1592 1593
f 1451 1593 1452
f 1451 1590 1592
f 1452 1593 1594
f 1452 1594 1453
f 1453 1594 1454
f 1454 1594 1595
f 1454 1595 1596
f 1454 1596 1455
f 1455 1596 1597
f 1455 1597 1456
f 1456 1597 1598
f 1456 1598 1457
f 1457 1598 1460
f 1458 1599 1600
f 1458 1600 1601
f 1458 1601 1602
f 1458 1602 1459
f 1458 1460 1603
f 1458 1603 1599
f 1460 1598 1604
f 1460 1604 1605
f 1460 1605 1603
f 1462 1606 1463
f 1463 1606 1607
f 1463 1607 1464
f 1464 1607 1608
f 1464 1608 1609
f 1464 1609 1465
f 1465 1609 1610
f 1465 1610 1466
f 1466 1610 1467
f 1467 1610 1611
f 1467 1611 1612
f 1467 1612 1468
f 1468 1612 1613
f 1468 1613 1469
f 1469 1613 1470
f 1470 1614 1471
f 1470 1613 1614
f 1471 1615 1472
f 1471 1614 1615
f 1472 1615 1616
f 1472 1616 1617
f 1472 1617 1473
f 1473 1617 1474
f 1474 1617 1475
f 1475 1617 1618
f 1475 1618 1619
f 1475 1619 1476
f 1476 1619 1620
f 1476 1620 1621
f 1476 1621 1477
f 1477 1621 1622
f 1477 1622 1478
f 1478 1622 1480
f 1478 1480 1479
f 1480 1622 1623
f 1480 1623 1624
f 1480 1624 1625
f 1480 1625 1481
f 1481 1625 1482
f 1482 1625 1626
f 1482 1626 1627
f 1482 1627 1483
f 1483 1627 1628
f 1483 1628 1486
f 1483 1486 1484
f 1484 1486 1485
f 1486 1628 1629
f 1486 1629 1630
f 1486 1630 1631
f 1486 1631 1488
f 1486 1488 1487
f 1488 1631 1489
f 1489 1631 1630
f 1489 1630 1632
f 1489 1632 1633
f 1489 1633 1490
f 1490 1633 1491
f 1491 1633 1492
f 1492 1633 1634
f 1492 1634 1493
f 1493 1635 1636
f 1493 1636 1637
f 1493 1637 1638
f 1493 1638 1494
f 1493 1634 1635
f 1494 1638 1639
f 1494 1639 1495
f 1495 1640 1641
f 1495 1641 1496
f 1495 1639 1638
f 1495 1638 1642
f 1495 1642 1643
f 1495 1643 1644
f 1495 1644 1645
f 1495 1645 1640
f 1496 1641 1646
f 1496 1646 1499
f 1499 1647 1500
f 1499 1646 1648
f 1499 1648 1647
f 1500 1647 1649
f 1500 1649 1501
f 1501 1649 1650
f 1501 1650 1502
f 1502 1650 1503
f 1503 1650 1506
f 1504 1505 1651
f 1504 1651 1652
f 1504 1652 1653
f 1504 1653 1509
f 1505 1508 1651
f 1506 1650 1654
f 1506 1654 1507
f 1507 1654 1508
f 1508 1655 1651
f 1508 1654 1655
f 1509 1653 1652
f 1509 1652 1784
f 1509 1784 1656
f 1509 1656 1657
f 1509 1657 1510
f 1510 1657 1511
f 1512 1658 1659
f 1512 1659 1515
f 1512 1515 1513
f 1513 1515 1514
f 1515 1660 1516
f 1515 1659 1660
f 1516 1660 1517
f 1517 1660 1661
f 1517 1661 1662
f 1517 1662 1663
f 1517 1663 1518
f 1518 1663 1664
f 1518 1664 1665
f 1518 1665 1519
f 1519 1665 1522
f 1520 1524 1666
f 1520 1666 1521
f 1521 1666 1667
f 1521 1667 1668
f 1521 1668 1525
f 1522 1669 1670
f 1522 1670 1523
f 1522 1665 1669
f 1523 1670 1671
f 1523 1671 1672
f 1523 1672 1524
f 1524 1672 1673
f 1524 1673 1674
f 1524 1674 1666
f 1525 1668 1526
f 1526 1668 1527
f 1527 1668 1675
f 1527 1675 1676
f 1527 1676 1677
f 1527 1677 1528
f 1528 1677 1530
f 1528 1530 1529
f 1530 1677 1678
f 1530 1678 1679
f 1530 1679 1680
f 1530 1680 1681
f 1530 1681 1531
f 1531 1681 1532
f 1532 1681 1533
f 1533 1681 1680
f 1533 1680 1534
f 1534 1680 1682
f 1534 1682 1683
f 1534 1683 1535
f 1535 1683 1684
f 1535 1684 1536
f 1536 1684 1685
f 1536 1685 1537
f 1537 1685 1686
f 1537 1686 1538
f 1538 1686 1687
f 1538 1687 1688
f 1538 1688 1689
f 1538 1689 1539
f 1539 1689 1540
f 1540 1689 1690
f 1540 1690 1541
f 1541 1690 1691
f 1541 1691 1542
f 1542 1691 1692
f 1542 1692 1543
f 1543 1692 1693
f 1543 1693 1694
f 1543 1694 1544
f 1544 1694 1545
f 1545 1694 1550
f 1547 1555 1548
f 1548 1555 1695
f 1548 1695 1696
f 1548 1696 1549
f 1549 1696 1697
f 1549 1697 1577
f 1550 1694 1556
f 1551 1557 1698
f 1551 1698 1553
f 1551 1553 1552
f 1553 1698 1691
f 1553 1691 1690
f 1553 1690 1554
f 1554 1690 1699
f 1554 1699 1700
f 1554 1700 1555
f 1555 1700 1695
f 1556 1694 1693
f 1556 1693 1692
f 1556 1692 1557
f 1557 1692 1698
f 1558 1566 1559
f 1559 1566 1701
f 1559 1701 1702
f 1559 1702 1703
f 1559 1703 1561
f 1559 1561 1560
f 1561 1703 1704
f 1561 1704 1581
f 1562 1568 1705
f 1562 1705 1563
f 1563 1705 1565
f 1564 1565 1706
f 1564 1706 1701
f 1564 1701 1566
f 1565 1705 1707
f 1565 1707 1708
f 1565 1708 1709
f 1565 1709 1706
f 1567 1570 1710
f 1567 1710 1568
f 1568 1710 1711
f 1568 1711 1712
f 1568 1712 1705
f 1569 1573 1713
f 1569 1713 1571
f 1570 1571 1710
f 1571 1713 1710
f 1572 1580 1714
f 1572 1714 1573
f 1573 1714 1713
f 1574 1578 1575
f 1575 1578 1715
f 1575 1715 1716
f 1575 1716 1717
f 1575 1717 1576
f 1576 1717 1579
f 1577 1697 1578
f 1578 1697 1718
f 1578 1718 1719
f 1578 1719 1715
f 1579 1717 1580
f 1580 1717 1720
f 1580 1720 1714
f 1581 1704 1587
f 1582 1587 1721
f 1582 1721 1722
f 1582 1722 1723
f 1582 1723 1583
f 1583 1723 1585
f 1583 1585 1584
f 1585 1724 1586
f 1585 1723 1725
f 1585 1725 1724
f 1586 1724 1726
f 1586 1726 1588
f 1587 1704 1721
f 1588 1727 1728
f 1588 1728 1591
f 1588 1591 1589
f 1588 1726 1724
f 1588 1724 1727
f 1590 1729 1592
f 1590 1591 1729
f 1591 1728 1730
f 1591 1730 1731
f 1591 1731 1729
f 1592 1732 1593
f 1592 1729 1733
f 1592 1733 1732
f 1593 1732 1734
f 1593 1734 1735
f 1593 1735 1594
f 1594 1735 1595
f 1595 1735 1736
f 1595 1736 1737
f 1595 1737 1596
f 1596 1737 1738
f 1596 1738 1739
f 1596 1739 1597
f 1597 1739 1598
f 1598 1739 1604
f 1599 1740 1600
f 1599 1603 1740
f 1600 1740 1607
f 1600 1607 1741
f 1603 1608 1607
f 1603 1607 1740
f 1603 1605 1608
f 1604 1739 1605
f 1605 1739 1610
f 1605 1610 1609
f 1605 1609 1608
f 1606 1742 1607
f 1607 1742 1741
f 1610 1739 1738
f 1610 1738 1611
f 1611 1738 1737
f 1611 1737 1612
f 1612 1737 1613
f 1613 1737 1743
f 1613 1743 1744
f 1613 1744 1614
f 1614 1744 1615
f 1615 1744 1745
f 1615 1745 1746
f 1615 1746 1616
f 1616 1746 1747
f 1616 1747 1617
f 1617 1747 1748
f 1617 1748 1618
f 1618 1749 1750
f 1618 1750 1619
f 1618 1748 1749
f 1619 1750 1620
f 1620 1750 1751
f 1620 1751 1621
f 1621 1751 1623
f 1621 1623 1622
f 1623 1751 1752
f 1623 1752 1624
f 1624 1752 1753
f 1624 1753 1754
f 1624 1754 1625
f 1625 1754 1626
f 1626 1754 1755
f 1626 1755 1627
f 1627 1755 1628
f 1628 1755 1756
f 1628 1756 1757
f 1628 1757 1629
f 1629 1757 1758
f 1629 1758 1630
f 1630 1758 1759
f 1630 1759 1760
f 1630 1760 1632
f 1632 1760 1633
f 1633 1761 1762
f 1633 1762 1635
f 1633 1635 1634
f 1633 1760 1761
f 1635 1763 1764
f 1635 1764 1765
f 1635 1765 1766
f 1635 1766 1637
f 1635 1637 1636
f 1635 1762 1763
f 1637 1767 1768
f 1637 1768 1769
f 1637 1769 1770
f 1637 1770 1643
f 1637 1643 1642
f 1637 1642 1638
f 1637 1766 1767
f 1640 1771 1646
f 1640 1646 1641
f 1640 1645 1772
f 1640 1772 1771
f 1643 1770 1773
f 1643 1773 1644
f 1644 1773 1774
f 1644 1774 1775
f 1644 1775 1645
f 1645 1775 1772
f 1646 1771 1776
f 1646 1776 1777
f 1646 1777 1778
f 1646 1778 1648
f 1647 1779 1780
f 1647 1780 1781
f 1647 1781 1649
f 1647 1648 1782
f 1647 1782 1783
f 1647 1783 1779
f 1648 1778 1782
f 1649 1781 1650
f 1650 1781 1654
f 1651 1655 1652
f 1652 1655 1786
f 1652 1786 1784
f 1654 1785 1655
f 1654 1781 1780
f 1654 1780 1785
f 1655 1785 1787
f 1655 1787 1902
f 1655 1902 1786
f 1658 1788 1659
f 1659 1788 1789
f 1659 1789 1790
f 1659 1790 1660
f 1660 1790 1791
f 1660 1791 1661
f 1661 1791 1792
f 1661 1792 1662
f 1662 1792 1793
f 1662 1793 1664
f 1662 1664 1663
f 1664 1793 1794
f 1664 1794 1795
f 1664 1795 1669
f 1664 1669 1665
f 1666 1674 1796
f 1666 1796 1797
f 1666 1797 1667
f 1667 1797 1668
f 1668 1797 1798
f 1668 1798 1799
f 1668 1799 1675
f 1669 1795 1800
f 1669 1800 1801
f 1669 1801 1670
f 1670 1801 1671
f 1671 1673 1672
f 1671 1801 1802
f 1671 1802 1803
f 1671 1803 1673
f 1673 1803 1804
f 1673 1804 1805
f 1673 1805 1806
f 1673 1806 1674
f 1674 1806 1807
f 1674 1807 1796
f 1675 1799 1808
f 1675 1808 1676
f 1676 1808 1677
f 1677 1808 1678
f 1678 1808 1809
f 1678 1809 1810
f 1678 1810 1811
f 1678 1811 1680
f 1678 1680 1679
f 1680 1811 1812
f 1680 1812 1813
f 1680 1813 1814
f 1680 1814 1682
f 1682 1814 1683
f 1683 1814 1684
f 1684 1814 1815
f 1684 1815 1816
f 1684 1816 1687
f 1684 1687 1685
f 1685 1687 1686
f 1687 1816 1817
f 1687 1817 1818
f 1687 1818 1819
f 1687 1819 1820
f 1687 1820 1688
f 1688 1820 1821
f 1688 1821 1689
f 1689 1821 1699
f 1689 1699 1690
f 1691 1698 1692
f 1695 1700 1822
f 1695 1822 1696
f 1696 1822 1823
f 1696 1823 1697
f 1697 1823 1719
f 1697 1719 1718
f 1699 1822 1700
f 1699 1821 1822
f 1701 1824 1702
f 1701 1706 1825
f 1701 1825 1824
f 1702 1824 1826
f 1702 1826 1827
f 1702 1827 1703
f 1703 1827 1704
f 1704 1827 1826
f 1704 1826 1721
f 1705 1712 1707
f 1706 1828 1825
f 1706 1709 1828
f 1707 1712 1829
f 1707 1829 1830
f 1707 1830 1708
f 1708 1831 1832
f 1708 1832 1828
f 1708 1828 1709
f 1708 1830 1831
f 1710 1713 1833
f 1710 1833 1711
f 1711 1833 1834
f 1711 1834 1835
f 1711 1835 1836
f 1711 1836 1712
f 1712 1836 1837
f 1712 1837 1829
f 1713 1714 1838
f 1713 1838 1833
f 1714 1720 1839
f 1714 1839 1838
f 1715 1719 1840
f 1715 1840 1716
f 1716 1841 1720
f 1716 1720 1717
f 1716 1840 1842
f 1716 1842 1843
f 1716 1843 1841
f 1719 1823 1821
f 1719 1821 1820
f 1719 1820 1840
f 1720 1841 1839
f 1721 1826 1844
f 1721 1844 1722
f 1722 1845 1846
f 1722 1846 1723
f 1722 1844 1845
f 1723 1846 1725
f 1724 1725 1847
f 1724 1847 1848
f 1724 1848 1849
f 1724 1849 1727
f 1725 1850 1847
f 1725 1846 1850
f 1727 1849 1728
f 1728 1851 1731
f 1728 1731 1730
f 1728 1849 1848
f 1728 1848 1851
f 1729 1731 1733
f 1731 1851 1852
f 1731 1852 1733
f 1732 1745 1744
f 1732 1744 1734
f 1732 1733 1852
f 1732 1852 1745
f 1734 1744 1743
f 1734 1743 1853
f 1734 1853 1735
f 1735 1743 1736
f 1735 1853 1743
f 1736 1743 1737
f 1745 1852 1746
f 1746 1852 1851
f 1746 1851 1747
f 1747 1851 1848
f 1747 1848 1748
f 1748 1848 1847
f 1748 1847 1749
f 1749 1847 1850
f 1749 1850 1750
f 1750 1850 1854
f 1750 1854 1855
f 1750 1855 1856
f 1750 1856 1857
f 1750 1857 1751
f 1751 1857 1858
f 1751 1858 1752
f 1752 1859 1753
f 1752 1858 1859
f 1753 1859 1860
f 1753 1860 1861
f 1753 1861 1754
f 1754 1861 1755
f 1755 1861 1862
f 1755 1862 1756
f 1756 1862 1863
f 1756 1863 1757
f 1757 1863 1758
f 1758 1863 1864
f 1758 1864 1759
f 1759 1864 1865
f 1759 1865 1866
f 1759 1866 1763
f 1759 1763 1867
f 1759 1867 1761
f 1759 1761 1760
f 1761 1867 1762
f 1762 1867 1763
f 1763 1866 1868
f 1763 1868 1869
f 1763 1869 1870
f 1763 1870 1871
f 1763 1871 1872
f 1763 1872 1765
f 1763 1765 1764
f 1765 1767 1766
f 1765 1872 1873
f 1765 1873 1874
f 1765 1874 1875
f 1765 1875 1767
f 1767 1875 1768
f 1768 1875 1876
f 1768 1876 1877
f 1768 1877 1769
f 1769 1773 1770
f 1769 1877 1878
f 1769 1878 1879
f 1769 1879 1773
f 1771 1772 1776
f 1772 1775 1880
f 1772 1880 1776
f 1773 1879 1881
f 1773 1881 1882
f 1773 1882 1883
f 1773 1883 1884
f 1773 1884 1885
f 1773 1885 1774
f 1774 1885 1884
f 1774 1884 1775
f 1775 1886 1880
f 1775 1884 1887
f 1775 1887 1886
f 1776 1880 1886
f 1776 1886 1888
f 1776 1888 1889
f 1776 1889 1890
f 1776 1890 1891
f 1776 1891 1892
f 1776 1892 1893
f 1776 1893 1777
f 1777 1893 1778
f 1778 1783 1782
f 1778 1893 1783
f 1779 1894 1780
f 1779 1783 1894
f 1780 1894 1895
f 1780 1896 1785
f 1783 1893 1897
f 1783 1897 1898
f 1783 1898 1899
f 1783 1899 1900
f 1783 1900 1901
f 1783 1901 1894
f 1785 1896 1787
f 1787 1896 1902
f 1789 1903 1790
f 1790 1903 1791
f 1791 1904 1792
f 1792 1904 1905
f 1792 1905 1906
f 1792 1906 1793
f 1793 1906 1794
f 1794 1907 1795
f 1794 1906 1907
f 1795 1907 1908
f 1795 1908 1909
f 1795 1909 1800
f 1796 1807 1797
f 1797 1807 1910
f 1797 1910 1798
f 1798 1910 1911
f 1798 1911 1912
f 1798 1912 1799
f 1799 1912 1808
f 1800 1909 1913
f 1800 1913 1802
f 1800 1802 1801
f 1802 1913 1996
f 1802 1996 1914
f 1802 1914 1803
f 1803 1914 1915
f 1803 1915 1916
f 1803 1916 1917
f 1803 1917 1804
f 1804 1917 1918
f 1804 1918 1919
f 1804 1919 1805
f 1805 1920 1806
f 1805 1919 1921
f 1805 1921 1920
f 1806 1920 1807
f 1807 1920 1922
f 1807 1922 1923
f 1807 1923 1924
f 1807 1924 1925
f 1807 1925 1910
f 1808 1912 1809
f 1809 1912 1926
f 1809 1926 1927
f 1809 1927 1928
f 1809 1928 1810
f 1810 1928 1811
f 1811 1928 1812
f 1812 1928 1929
f 1812 1929 1930
f 1812 1930 1813
f 1813 1930 1931
f 1813 1931 1814
f 1814 1931 1932
f 1814 1932 1815
f 1815 1932 1817
f 1815 1817 1816
f 1817 1932 1933
f 1817 1933 1843
f 1817 1843 1818
f 1818 1843 1842
f 1818 1842 1819
f 1819 1842 1840
f 1819 1840 1820
f 1821 1823 1822
f 1824 1825 1934
f 1824 1934 1935
f 1824 1935 1826
f 1825 1828 1936
f 1825 1936 1937
f 1825 1937 1934
f 1826 1935 1844
f 1828 1832 1936
f 1829 1837 1830
f 1830 1938 1831
f 1830 1837 1939
f 1830 1939 1938
f 1831 1940 1941
f 1831 1941 1832
f 1831 1938 1940
f 1832 1941 1936
f 1833 1838 1942
f 1833 1942 1943
f 1833 1943 1834
f 1834 1943 1835
f 1835 1943 1944
f 1835 1944 1945
f 1835 1945 1946
f 1835 1946 1837
f 1835 1837 1836
f 1837 1946 1939
f 1838 1839 1947
f 1838 1947 1948
f 1838 1948 1942
f 1839 1841 1949
f 1839 1949 1950
f 1839 1950 1947
f 1841 1843 1949
f 1843 1933 1949
f 1844 1935 1951
f 1844 1951 1845
f 1845 1855 1854
f 1845 1854 1846
f 1845 1951 1856
f 1845 1856 1855
f 1846 1854 1850
f 1856 1951 1952
f 1856 1952 1953
f 1856 1953 1954
f 1856 1954 1859
f 1856 1859 1858
f 1856 1858 1857
f 1859 1954 1955
f 1859 1955 1860
f 1860 1955 1956
f 1860 1956 1957
f 1860 1957 1861
f 1861 1957 1862
f 1862 1957 1958
f 1862 1958 1863
f 1863 1958 1959
f 1863 1959 1864
f 1864 1959 1960
f 1864 1960 1865
f 1865 1960 1866
f 1866 1960 1868
f 1868 1961 1869
f 1868 1960 1962
f 1868 1962 1961
f 1869 1963 1964
f 1869 1964 1870
f 1869 1961 1963
f 1870 1964 1965
f 1870 1965 1871
f 1871 1965 1966
f 1871 1966 1967
f 1871 1967 1873
f 1871 1873 1872
f 1873 1967 1968
f 1873 1968 1874
f 1874 1876 1875
f 1874 1968 1969
f 1874 1969 1970
f 1874 1970 1877
f 1874 1877 1876
f 1877 1970 1971
f 1877 1971 1918
f 1877 1918 1878
f 1878 1881 1879
f 1878 1918 1881
f 1881 1918 1916
f 1881 1916 1972
f 1881 1972 1973
f 1881 1973 1882
f 1882 1974 1975
f 1882 1975 1884
f 1882 1884 1883
f 1882 1973 1976
f 1882 1976 1974
f 1884 1975 1887
f 1886 1977 1978
f 1886 1978 1888
f 1886 1887 1979
f 1886 1979 1977
f 1887 1975 1979
f 1888 1978 1889
f 1889 1978 1980
f 1889 1980 1981
f 1889 1981 1890
f 1890 1981 1891
f 1891 1981 1982
f 1891 1982 1983
f 1891 1983 1892
f 1892 1984 1985
f 1892 1985 1898
f 1892 1898 1897
f 1892 1897 1893
f 1892 1983 2044
f 1892 2044 1984
f 1894 1901 1895
f 1898 1986 1987
f 1898 1987 1899
f 1898 1985 1986
f 1899 1987 1900
f 1900 1988 1901
f 1900 1987 1988
f 1905 1989 1990
f 1905 1990 1906
f 1906 1990 1907
f 1907 1991 1992
f 1907 1992 1993
f 1907 1993 1908
f 1907 1990 1989
f 1907 1989 1991
f 1908 1993 1994
f 1908 1994 1909
f 1909 1994 1995
f 1909 1995 1996
f 1909 1996 1913
f 1910 1925 1911
f 1911 1925 1912
f 1912 1925 1926
f 1914 1996 1997
f 1914 1997 1915
f 1915 1997 1972
f 1915 1972 1916
f 1916 1918 1917
f 1918 1998 1919
f 1918 1971 1998
f 1919 1998 1921
f 1920 1921 1999
f 1920 1999 2000
f 1920 2000 1922
f 1921 2001 1999
f 1921 1998 1969
f 1921 1969 1968
f 1921 1968 2002
f 1921 2002 2003
f 1921 2003 2004
f 1921 2004 2001
f 1922 2000 1923
f 1923 2005 1925
f 1923 1925 1924
f 1923 2000 2001
f 1923 2001 2006
f 1923 2006 2005
f 1925 2005 1926
f 1926 2005 2007
f 1926 2007 2008
f 1926 2008 1927
f 1927 2008 1929
f 1927 1929 1928
f 1929 2008 2009
f 1929 2009 2010
f 1929 2010 2011
f 1929 2011 1930
f 1930 2011 1931
f 1931 2011 2012
f 1931 2012 1932
f 1932 2012 1933
f 1933 2012 1950
f 1933 1950 1949
f 1934 1953 1935
f 1934 1937 1953
f 1935 1953 1952
f 1935 1952 1951
f 1936 2013 2014
f 1936 2014 1953
f 1936 1953 1937
f 1936 1941 2015
f 1936 2015 2013
f 1938 1939 2016
f 1938 2016 2017
f 1938 2017 2018
f 1938 2018 1940
f 1939 1946 2019
f 1939 2019 2016
f 1940 2018 2020
f 1940 2020 2015
f 1940 2015 1941
f 1942 1948 1943
f 1943 1948 2021
f 1943 2021 2022
f 1943 2022 1944
f 1944 2022 1945
f 1945 2023 2019
f 1945 2019 1946
f 1945 2022 2024
f 1945 2024 2023
f 1947 1950 1948
f 1948 1950 2025
f 1948 2025 2021
f 1950 2012 2011
f 1950 2011 2025
f 1953 2014 1956
f 1953 1956 1955
f 1953 1955 1954
f 1956 2014 2013
f 1956 2013 2026
f 1956 2026 1957
f 1957 2026 1958
f 1958 2026 2027
f 1958 2027 1962
f 1958 1962 1959
f 1959 1962 1960
f 1961 1962 2028
f 1961 2028 2029
f 1961 2029 1963
f 1962 2020 2028
f 1962 2027 2015
f 1962 2015 2020
f 1963 2029 1964
f 1964 2029 2030
f 1964 2030 1965
f 1965 2030 2031
f 1965 2031 2032
f 1965 2032 1966
f 1966 2032 2003
f 1966 2003 1968
f 1966 1968 1967
f 1968 2003 2002
f 1969 1971 1970
f 1969 1998 1971
f 1972 2033 1973
f 1972 1997 2033
f 1973 2033 1976
f 1974 2034 2035
f 1974 2035 1975
f 1974 1976 2036
f 1974 2036 2034
f 1975 2035 1979
f 1976 2033 2036
f 1977 2037 1978
f 1977 1979 2037
f 1978 2037 2038
f 1978 2038 1980
f 1979 2035 2039
f 1979 2039 2040
f 1979 2040 2038
f 1979 2038 2037
f 1980 2038 1981
f 1981 2038 2041
f 1981 2041 1982
f 1982 2042 2043
f 1982 2043 1983
f 1982 2041 2071
f 1982 2071 2042
f 1983 2043 2044
f 1992 2045 2046
f 1992 2046 1993
f 1993 2046 1994
f 1994 2046 2073
f 1994 2073 2047
f 1994 2047 2048
f 1994 2048 1995
f 1995 2048 2049
f 1995 2049 1997
f 1995 1997 1996
f 1997 2049 2033
f 1999 2001 2000
f 2001 2004 2003
f 2001 2003 2050
f 2001 2050 2006
f 2003 2032 2050
f 2005 2006 2051
f 2005 2051 2052
f 2005 2052 2007
f 2006 2050 2053
f 2006 2053 2054
f 2006 2054 2051
f 2007 2052 2008
f 2008 2052 2009
f 2009 2052 2055
f 2009 2055 2056
f 2009 2056 2010
f 2010 2056 2057
f 2010 2057 2011
f 2011 2057 2025
f 2013 2015 2026
f 2015 2027 2026
f 2016 2019 2058
f 2016 2058 2017
f 2017 2029 2028
f 2017 2028 2018
f 2017 2058 2059
f 2017 2059 2029
f 2018 2028 2020
f 2019 2023 2060
f 2019 2060 2058
f 2021 2025 2057
f 2021 2057 2022
f 2022 2057 2056
f 2022 2056 2055
f 2022 2055 2024
f 2023 2024 2061
f 2023 2061 2060
f 2024 2055 2061
f 2029 2059 2030
f 2030 2059 2062
f 2030 2062 2031
f 2031 2062 2063
f 2031 2063 2032
f 2032 2063 2050
f 2033 2064 2036
f 2033 2049 2064
f 2034 2065 2035
f 2034 2036 2065
f 2035 2065 2039
f 2036 2064 2066
f 2036 2066 2065
f 2038 2040 2041
f 2039 2065 2067
f 2039 2067 2079
f 2039 2079 2068
f 2039 2068 2040
f 2040 2068 2069
f 2040 2069 2070
f 2040 2070 2071
f 2040 2071 2041
f 2045 2072 2073
f 2045 2073 2046
f 2047 2074 2048
f 2047 2073 2082
f 2047 2082 2074
f 2048 2074 2049
f 2049 2074 2064
f 2050 2063 2075
f 2050 2075 2053
f 2051 2054 2052
f 2052 2054 2055
f 2053 2075 2054
f 2054 2075 2061
f 2054 2061 2055
f 2058 2060 2059
f 2059 2060 2062
f 2060 2061 2075
f 2060 2075 2062
f 2062 2075 2063
f 2064 2076 2077
f 2064 2077 2066
f 2064 2074 2076
f 2065 2066 2077
f 2065 2077 2078
f 2065 2078 2067
f 2067 2078 2079
f 2068 2080 2069
f 2068 2079 2088
f 2068 2088 2080
f 2072 2081 2073
f 2073 2081 2082
f 2074 2082 2076
f 2076 2083 2084
f 2076 2084 2085
f 2076 2085 2077
f 2076 2082 2086
f 2076 2086 2083
f 2077 2085 2078
f 2078 2085 2087
f 2078 2088 2079
f 2081 2089 2082
f 2082 2089 2086
f 2084 2087 2085

